Name,Org,MLBAMId,MinorMasterId,Age,AgeDays,PA,AB,BA,OBP,SLG,ISO,HR,BB,K,BB%,K%,wRC+,BABIP,wOBA,xwOBA,Chase%,ZContact%,SwStr%,Zone%,ZSwing%,Whiff%,MaxEV,EV90,AvgEV,HardHit%,Barrel%BBE,Barrel%PA,xBA,xSLG,PullAir%,GB%,FB%,LD%,LA,Spd,wBsR,wBsR/PA,PSScore,Season,Level
Connor Norby,MIA,681393.0,sa3017019,25,9263,632,565,0.29,0.358,0.483,0.0,21,56.0,137,8.9,21.7,112.0,0.34700000000000003,0.361,0.319,32.7688,84.6764,12.2236,43.3458,72.8585,24.375999999999998,109.9,101.3,86.5,35.3,6.0,4.1,0.259,0.397,21.2,38.8,33.6,27.5,13.0,5.11333,-0.881611,-0.0013949541139240001,26.626019116293826,2023,AAA
Zach DeLoach,CHW,676113.0,sa3014547,27,9923,621,527,0.287,0.386,0.48200000000000004,0.0,23,82.0,172,13.2,27.7,115.0,0.38,0.376,0.34600000000000003,25.8493,77.9683,15.1577,44.5309,69.7332,33.3935,111.9,103.8,89.3,39.6,10.9,6.3,0.247,0.435,17.8,34.5,36.7,28.9,16.0,4.28709,-0.753246,-0.0012129565217391,26.247965414168128,2023,AAA
Ryan Ward,LAD,669899.0,sa1169792,27,10098,613,538,0.23399999999999999,0.322,0.424,0.0,21,66.0,157,10.8,25.6,83.0,0.289,0.324,0.32799999999999996,34.3109,80.0802,15.4906,43.048,72.5509,30.5099,109.2,105.1,90.7,46.8,12.5,7.8,0.23199999999999998,0.43,18.0,43.9,33.9,22.1,11.0,6.12181,-0.8674639999999999,-0.0014151125611745,23.589039797045878,2023,AAA
Justyn-Henry Malloy,DET,669234.0,sa3017073,25,9372,610,487,0.27699999999999997,0.41600000000000004,0.474,0.0,23,109.0,152,17.9,24.9,135.0,0.354,0.39,0.341,19.6306,80.5398,10.5878,44.9133,59.0604,28.3552,109.9,102.4,88.5,38.9,8.3,4.6,0.223,0.38299999999999995,18.6,37.8,38.1,24.0,18.0,3.4257699999999995,-0.626853,-0.0010276278688524,31.99212239971117,2023,AAA
Andrés Chaparro,WSN,665953.0,sa916976,26,9662,599,523,0.247,0.32899999999999996,0.444,0.0,25,63.0,131,10.5,21.9,91.0,0.27699999999999997,0.33299999999999996,0.29600000000000004,33.6164,85.0539,13.585999999999999,39.8211,69.4118,28.3808,114.2,105.7,89.1,39.8,7.5,5.0,0.222,0.359,23.8,34.4,43.6,21.9,19.0,4.011019999999999,-0.00450929,-7.5280300500834735e-06,26.29304539360043,2023,AAA
Jhonkensy Noel,CLE,678877.0,sa3005579,24,8861,584,518,0.22,0.303,0.42100000000000004,0.0,27,49.0,144,8.4,24.7,79.0,0.249,0.314,0.305,42.3765,79.8669,15.6989,39.914,64.7629,30.5951,116.5,105.7,86.9,37.9,8.5,5.5,0.222,0.384,19.9,43.5,35.4,21.1,12.0,2.5285599999999997,-1.9915200000000002,-0.0034101369863013,26.49406733612999,2023,AAA
Blaine Crim,COL,688760.0,sa3010170,28,10349,580,494,0.289,0.38299999999999995,0.506,0.0,22,69.0,107,11.9,18.4,118.0,0.325,0.381,0.354,27.9938,85.9621,9.8673,43.0973,65.0924,22.4346,113.3,105.9,91.0,43.3,8.7,5.9,0.27,0.439,20.6,39.6,33.7,26.7,13.0,4.10156,-0.45328500000000005,-0.0007815258620689,23.70223144986501,2023,AAA
Rafael Lantigua,PHI,672463.0,sa3003219,27,10033,574,462,0.305,0.425,0.47,0.0,12,98.0,105,17.1,18.3,135.0,0.364,0.391,0.344,22.9647,81.5476,11.0915,42.6937,69.2784,25.9526,103.9,100.3,87.1,33.1,3.6,2.3,0.257,0.36,16.3,43.2,29.0,27.9,9.0,4.92991,0.0613982,0.0001069655052264,21.111789475219688,2023,AAA
Tyler Gentry,KCR,694355.0,sa3014485,26,9755,569,473,0.254,0.371,0.423,0.0,16,81.0,125,14.2,22.0,99.0,0.309,0.35,0.324,22.3208,81.388,10.0613,44.6626,58.0586,26.2821,106.7,103.0,89.0,39.1,7.1,4.4,0.225,0.366,17.2,44.8,35.6,19.5,12.0,4.90928,0.399092,0.0007013919156414,25.805767708949986,2023,AAA
Jacob Amaya,0,676070.0,sa3005081,27,9908,566,484,0.252,0.345,0.40700000000000003,0.0,15,70.0,106,12.4,18.7,95.0,0.28800000000000003,0.32899999999999996,0.306,22.2973,86.0577,7.5249,46.3282,61.0568,18.6937,107.4,101.6,87.7,36.0,4.1,2.8,0.233,0.34600000000000003,12.1,47.6,30.6,21.7,9.0,4.44758,-0.632039,-0.0011166766784452,22.442361201435848,2023,AAA
Moisés Gómez,SDP,664332.0,sa875163,27,9914,564,514,0.23199999999999998,0.289,0.457,0.0,30,36.0,180,6.4,31.9,79.0,0.287,0.317,0.294,39.3989,74.3262,19.9351,42.93,76.1339,36.1345,112.6,104.9,90.2,42.6,11.8,7.1,0.212,0.40700000000000003,25.9,27.6,47.8,24.6,22.0,4.87909,-0.11439200000000001,-0.0002028226950354,21.577100318604888,2023,AAA
Justin Foscue,TEX,679822.0,sa3014527,26,9724,563,462,0.266,0.39399999999999996,0.46799999999999997,0.0,18,85.0,70,15.1,12.4,117.0,0.27899999999999997,0.377,0.33299999999999996,25.4112,91.8773,7.1831,42.9108,60.6127,17.7289,109.9,103.1,87.4,34.5,4.3,3.0,0.24100000000000002,0.353,23.9,39.3,39.5,21.2,13.0,5.739269999999999,-1.6445900000000002,-0.0029211190053285,29.88881041610699,2023,AAA
Pedro León,HOU,694175.0,sa3014838,27,10003,555,478,0.247,0.34600000000000003,0.439,0.0,21,63.0,158,11.4,28.5,98.0,0.321,0.342,0.302,31.9549,83.1361,15.808,41.4355,71.8385,32.6067,113.7,106.1,85.8,37.8,8.7,5.0,0.201,0.37200000000000005,21.8,47.2,34.3,18.6,12.0,5.77206,-0.14898699999999998,-0.000268445045045,20.251386678887343,2023,AAA
Diego Castillo,KCR,660636.0,sa872839,27,10213,553,453,0.313,0.43,0.41100000000000003,0.0,3,96.0,78,17.4,14.1,109.0,0.37,0.376,0.337,23.6722,87.5,6.336,45.0604,48.8437,18.0952,106.4,100.2,86.0,30.1,1.8,1.3,0.263,0.34700000000000003,10.3,48.1,27.3,24.6,8.0,4.1658599999999995,-3.58837,-0.0064889150090415,19.018526127181822,2023,AAA
Ruben Cardenas,0,665180.0,sa3007505,28,10237,549,476,0.26899999999999996,0.35700000000000004,0.475,0.0,22,61.0,145,11.1,26.4,106.0,0.33799999999999997,0.358,0.32,32.7141,79.4992,15.0023,41.9597,71.3966,30.6513,110.1,103.0,87.6,32.7,9.8,6.0,0.226,0.40399999999999997,28.3,33.1,42.2,24.7,20.0,4.24656,-5.17132,-0.0094195264116575,17.689386056507693,2023,AAA
Devin Mann,SFG,669471.0,sa3006869,28,10475,549,460,0.276,0.386,0.502,0.0,20,78.0,149,14.2,27.1,120.0,0.363,0.382,0.322,24.4444,84.5455,11.6689,46.4993,62.5,27.6907,108.1,102.2,87.2,35.2,7.6,4.4,0.222,0.373,29.2,31.2,41.4,27.4,19.0,3.3072699999999995,0.163055,0.0002970036429872,14.865319838716148,2023,AAA
Davis Wendzel,CIN,673995.0,sa3011890,28,10373,544,453,0.23600000000000002,0.358,0.47700000000000004,0.0,30,75.0,129,13.8,23.7,106.0,0.259,0.361,0.32,25.7962,82.3232,11.5176,43.2701,62.0042,27.7778,108.7,103.6,86.8,36.0,8.3,5.0,0.213,0.374,28.0,31.3,46.4,22.3,23.0,2.63541,-1.60586,-0.0029519485294117,16.134402096155224,2023,AAA
Yonathan Perlaza,SDP,666632.0,sa917302,26,9836,540,458,0.28600000000000003,0.391,0.537,0.0,23,76.0,117,14.1,21.7,124.0,0.33799999999999997,0.396,0.33399999999999996,29.17,79.2835,15.4286,40.9048,74.7381,32.2709,110.1,104.7,89.5,38.9,7.9,5.0,0.242,0.396,19.5,41.2,31.2,27.6,13.0,5.745430000000001,-0.6851689999999999,-0.0012688314814814,27.605236255073546,2023,AAA
Brayan Rocchio,CLE,677587.0,sa3005898,24,9043,534,466,0.27699999999999997,0.363,0.418,0.0,7,59.0,66,11.0,12.4,103.0,0.308,0.34299999999999997,0.31,29.8822,87.6667,10.0,42.0488,69.6056,21.465999999999998,107.4,101.7,86.7,31.8,3.2,2.4,0.247,0.353,14.1,44.0,31.5,24.5,12.0,6.933889999999999,0.687301,0.0012870805243445,28.11527698933567,2023,AAA
Jordan Groshans,KCR,677954.0,sa3006893,25,9471,526,460,0.243,0.337,0.33,0.0,6,64.0,92,12.2,17.5,79.0,0.292,0.302,0.294,25.0217,87.37700000000001,9.0511,43.9903,67.4779,20.7127,109.4,101.0,87.0,32.6,2.7,1.9,0.23199999999999998,0.319,11.1,48.1,28.1,23.8,8.0,1.98007,-0.832061,-0.0015818650190114,24.092627596945967,2023,AAA
Braden Shewmake,NYY,669699.0,sa3010332,27,10192,526,474,0.23399999999999999,0.298,0.40700000000000003,0.0,16,39.0,104,7.4,19.8,75.0,0.264,0.305,0.285,40.6067,79.5107,16.4523,45.2304,77.4882,28.7184,108.6,101.8,87.6,34.8,6.6,4.8,0.22399999999999998,0.35100000000000003,20.5,42.3,36.2,21.5,13.0,7.765439999999999,4.29663,0.0081684980988593,16.972525949706377,2023,AAA
Ronny Mauricio,NYM,677595.0,sa3006887,24,8962,526,488,0.29100000000000004,0.34,0.5,0.0,22,31.0,96,5.9,18.3,106.0,0.32299999999999995,0.359,0.325,38.3936,86.4916,11.8503,41.1123,67.3831,23.5537,116.0,109.1,91.0,43.2,7.9,5.9,0.272,0.425,16.0,49.1,27.4,23.5,6.0,6.14508,0.6305689999999999,0.0011988003802281,37.019033026235974,2023,AAA
Parker Meadows,DET,678009.0,sa3007943,25,9479,515,448,0.257,0.33799999999999997,0.475,0.0,19,57.0,123,11.1,23.9,104.0,0.306,0.34700000000000003,0.324,30.9661,85.8824,11.2429,42.5522,66.3322,24.433000000000003,110.8,105.1,87.5,39.0,9.0,5.8,0.24100000000000002,0.409,21.5,33.0,40.9,26.1,16.0,7.77797,2.13878,0.0041529708737864,30.56449956178151,2023,AAA
Símon Muzziotti,0,665922.0,sa917376,26,9790,513,465,0.292,0.353,0.402,0.0,7,43.0,80,8.4,15.6,94.0,0.33899999999999997,0.331,0.308,39.0877,87.7034,9.1936,42.5783,66.7069,18.0808,110.2,102.8,86.5,28.9,1.8,1.4,0.273,0.355,12.4,47.9,25.3,26.8,7.0,5.761369999999999,-1.60438,-0.0031274463937621,21.94995769763289,2023,AAA
Jerar Encarnacion,SFG,666464.0,sa943817,28,10224,512,434,0.228,0.342,0.452,0.0,26,74.0,200,14.5,39.1,104.0,0.348,0.344,0.33799999999999997,30.7568,67.2326,18.5236,43.0536,62.7263,41.6066,113.9,107.8,92.8,53.8,16.9,7.8,0.213,0.43799999999999994,9.3,42.9,30.9,26.2,10.0,3.59228,-0.532853,-0.001040728515625,23.47923598035128,2023,AAA
Jonathan Ornelas,ATL,680716.0,sa3006909,25,9275,507,425,0.252,0.369,0.36,0.0,8,74.0,121,14.6,23.9,90.0,0.332,0.33,0.29600000000000004,25.816999999999997,83.9662,9.691,42.6966,51.9737,26.2025,114.4,104.6,86.9,33.8,3.9,2.4,0.212,0.302,9.8,56.7,25.3,17.9,5.0,5.99541,1.81591,0.0035816765285996,28.88635098322614,2023,AAA
Ryan Vilade,CIN,668723.0,sa3004256,26,9738,506,435,0.267,0.368,0.379,0.0,6,64.0,127,12.6,25.1,98.0,0.363,0.33399999999999996,0.311,27.0985,82.2866,11.7735,45.0902,69.0,25.5991,111.9,104.8,88.8,39.2,3.6,2.2,0.24,0.33799999999999997,12.2,46.3,27.5,26.2,10.0,4.95682,-1.44855,-0.0028627470355731,25.96878225099648,2023,AAA
Aaron Schunk,COL,668845.0,sa3009957,28,10312,505,458,0.29,0.34700000000000003,0.461,0.0,14,41.0,122,8.1,24.2,85.0,0.364,0.34700000000000003,0.29600000000000004,44.3831,83.2432,15.8858,41.5186,71.9844,28.4474,109.5,101.8,85.9,31.7,4.1,2.8,0.251,0.358,17.9,37.8,31.0,31.2,15.0,5.82701,-1.8972,-0.0037568316831683,13.445515037397485,2023,AAA
Kameron Misner,TBR,670224.0,sa3011656,27,10143,504,410,0.22399999999999998,0.361,0.46299999999999997,0.0,21,88.0,182,17.5,36.1,104.0,0.336,0.35700000000000004,0.325,26.0939,70.5193,16.1463,43.934,60.6091,39.1351,109.5,104.6,90.6,47.4,13.8,6.3,0.195,0.392,24.2,30.6,45.1,24.3,20.0,7.465489999999999,0.461679,0.0009160297619047,24.171590799964505,2023,AAA
Masyn Winn,STL,691026.0,sa3014506,23,8610,496,443,0.287,0.359,0.474,0.0,18,44.0,83,8.9,16.7,108.0,0.317,0.359,0.31,31.8756,88.3534,8.3199,44.7665,59.7122,18.7651,110.1,101.9,87.9,31.8,3.6,2.6,0.252,0.369,15.4,39.8,36.2,24.0,13.0,8.03283,1.63959,0.003305625,32.24089982483416,2023,AAA
Jorge Barrosa,ARI,678489.0,sa3005524,24,9009,493,408,0.275,0.39399999999999996,0.45799999999999996,0.0,13,79.0,82,16.0,16.6,102.0,0.313,0.37200000000000005,0.331,28.357,86.1217,9.4377,41.3692,62.1749,22.2864,109.1,101.2,88.0,35.6,3.3,2.2,0.24600000000000002,0.358,18.4,43.5,34.0,22.5,13.0,7.08493,-1.3888200000000002,-0.002817079107505,34.75457455123631,2023,AAA
Peyton Burdick,0,680814.0,sa3009876,28,10461,491,419,0.22,0.32799999999999996,0.449,0.0,24,57.0,179,11.6,36.5,97.0,0.311,0.336,0.318,29.6364,70.3647,18.7123,44.668,74.0991,37.8049,116.2,107.0,91.4,47.7,13.6,6.7,0.20800000000000002,0.39899999999999997,21.0,31.8,45.5,22.7,19.0,5.55432,0.7718430000000001,0.001571981670061,19.14902345957997,2023,AAA
Sandro Fabian,0,660758.0,sa872803,27,10085,482,443,0.289,0.332,0.524,0.0,23,23.0,72,4.8,14.9,102.0,0.297,0.361,0.29600000000000004,43.2049,88.4483,12.3436,43.9135,75.1295,21.5706,113.5,104.1,86.8,36.4,6.1,4.8,0.247,0.381,21.0,42.5,34.4,23.0,14.0,4.89023,-0.29181799999999997,-0.0006054315352697,20.461107957342684,2023,AAA
Lewin Díaz,0,650331.0,sa828420,28,10558,482,414,0.268,0.361,0.442,0.0,17,59.0,95,12.2,19.7,106.0,0.306,0.35,0.32799999999999996,29.322,85.0615,10.2169,43.1325,63.5754,23.1694,111.5,104.2,89.7,38.9,8.3,5.6,0.239,0.4,29.0,31.3,43.9,24.8,19.0,2.61171,-0.349406,-0.0007249087136929,17.90601580990191,2023,AAA
Daniel Schneemann,CLE,682177.0,sa3006936,28,10493,480,416,0.267,0.36,0.43799999999999994,0.0,13,59.0,100,12.3,20.8,103.0,0.321,0.349,0.304,28.4024,80.7356,12.8671,45.8623,66.4726,28.0559,109.8,101.7,87.3,32.7,4.7,3.1,0.23199999999999998,0.342,9.9,48.9,25.9,25.2,8.0,5.21442,1.19195,0.0024832291666666,14.917437449021394,2023,AAA
Estevan Florial,0,664314.0,sa874464,27,10187,479,409,0.284,0.376,0.565,0.0,28,63.0,144,13.2,30.1,131.0,0.36200000000000004,0.395,0.361,26.5448,76.3072,16.3409,42.406000000000006,72.3404,35.5507,111.4,106.1,90.6,44.6,15.5,8.8,0.249,0.494,18.8,37.6,39.5,22.9,15.0,6.8557,-0.666643,-0.0013917390396659,25.022292618115387,2023,AAA
Spencer Horwitz,PIT,687462.0,sa1115496,27,10197,478,391,0.33799999999999997,0.446,0.496,0.0,10,73.0,71,15.3,14.9,148.0,0.386,0.41,0.36200000000000004,27.3369,87.8453,8.4369,41.3043,68.0451,19.109,111.3,102.8,88.2,40.2,7.1,4.8,0.265,0.428,11.7,41.3,33.5,25.2,13.0,3.8100300000000002,-0.15326700000000001,-0.0003206422594142,25.864693204513717,2023,AAA
Jordyn Adams,0,677941.0,sa3008032,26,9498,475,412,0.267,0.35200000000000004,0.466,0.0,15,53.0,132,11.2,27.8,94.0,0.35100000000000003,0.35100000000000003,0.285,29.0581,76.9369,15.3677,45.225,67.3544,33.1361,106.3,101.0,86.2,31.0,5.3,3.2,0.212,0.325,10.3,41.5,33.3,25.2,12.0,8.90035,5.62017,0.0118319368421052,18.929530091205358,2023,AAA
Niko Hulsizer,0,680881.0,sa3007053,28,10485,472,392,0.212,0.337,0.40299999999999997,0.0,17,69.0,156,14.6,33.1,85.0,0.29600000000000004,0.326,0.309,25.5732,71.7996,17.1501,42.2901,64.8616,40.6514,114.8,106.5,87.8,36.3,11.7,5.9,0.193,0.369,25.4,33.6,45.3,21.1,19.0,4.43847,-2.23913,-0.0047439194915254,16.369855795120394,2023,AAA
Michael Siani,STL,672279.0,sa3008182,26,9590,471,391,0.228,0.35,0.355,0.0,9,75.0,115,15.9,24.4,82.0,0.295,0.318,0.294,25.5793,83.0798,11.2975,44.6473,58.1215,28.1673,107.9,99.7,85.8,32.6,2.5,1.5,0.21,0.298,16.8,44.8,32.8,22.4,13.0,5.19108,0.128366,0.0002725392781316,20.966657711855238,2023,AAA
Michael Busch,CHC,683737.0,sa3011540,27,10202,467,390,0.32299999999999995,0.428,0.618,0.0,27,63.0,88,13.5,18.8,155.0,0.35600000000000004,0.44,0.402,22.6794,87.6106,8.8077,43.8776,69.1554,20.4489,111.5,104.8,91.5,43.8,12.5,8.1,0.28300000000000003,0.544,19.0,37.6,37.3,25.1,15.0,5.301880000000001,0.226384,0.0004847623126338,28.70188622365067,2023,AAA
Vaughn Grissom,BOS,687093.0,sa3010711,24,9051,466,396,0.331,0.419,0.503,0.0,8,55.0,65,11.8,13.9,138.0,0.376,0.39799999999999996,0.353,28.6598,87.6611,10.3093,44.4444,69.9742,21.9245,109.8,102.3,88.3,37.4,5.0,3.6,0.282,0.42,13.7,41.5,30.3,28.2,11.0,6.10147,0.8010229999999999,0.0017189334763948,36.07171345251742,2023,AAA
Trey Cabbage,0,663550.0,sa875022,28,10393,466,413,0.303,0.376,0.596,0.0,30,44.0,142,9.4,30.5,127.0,0.389,0.408,0.371,37.9079,80.4309,18.7675,41.6246,74.9664,35.1891,116.5,109.5,92.2,51.1,16.8,9.9,0.266,0.523,14.9,39.5,33.3,27.2,13.0,7.4017800000000005,4.305680000000001,0.0092396566523605,21.889730006357514,2023,AAA
Micah Pries,0,687588.0,sa3014830,27,10094,464,401,0.23199999999999998,0.32799999999999996,0.424,0.0,14,47.0,101,10.1,21.8,89.0,0.272,0.327,0.311,31.109,87.1134,12.9102,42.7649,73.2075,26.287,110.1,102.8,87.8,34.7,5.6,3.7,0.23199999999999998,0.366,17.8,41.3,34.3,24.3,12.0,4.71747,-1.9785400000000002,-0.0042640948275862,19.783389392073648,2023,AAA
David Hamilton,BOS,666152.0,sa3014434,28,10247,462,387,0.243,0.361,0.43700000000000006,0.0,17,71.0,109,15.4,23.6,102.0,0.293,0.349,0.327,25.8478,86.9919,9.2357,42.0913,62.0429,22.4806,110.9,101.8,87.3,32.5,7.1,4.3,0.23399999999999999,0.368,17.8,33.9,42.8,23.3,19.0,7.86447,3.70585,0.0080213203463203,21.967019956263247,2023,AAA
Buddy Kennedy,TOR,671083.0,sa3004617,27,9876,460,374,0.307,0.428,0.455,0.0,5,73.0,81,15.9,17.6,116.0,0.377,0.38799999999999996,0.359,23.7859,87.6744,6.5811,43.7256,54.8469,17.6119,110.8,103.2,88.6,37.0,3.0,2.0,0.27699999999999997,0.382,14.1,37.0,30.5,32.5,11.0,2.19643,-0.05975169999999999,-0.000129895,28.41213810507276,2023,AAA
Richie Palacios,TBR,680700.0,sa3006908,28,10380,458,370,0.243,0.373,0.37,0.0,8,73.0,61,15.9,13.3,99.0,0.266,0.335,0.35,26.6098,86.8794,8.6281,43.4084,69.6296,19.0533,108.7,101.0,86.2,32.2,2.5,1.7,0.27,0.368,10.9,47.8,26.3,25.9,7.0,3.55453,-0.75815,-0.0016553493449781,18.356375562360128,2023,AAA
Cam Eden,0,686490.0,sa3009883,27,10061,455,389,0.257,0.355,0.33399999999999996,0.0,3,45.0,113,9.9,24.8,85.0,0.35,0.313,0.287,27.7108,82.8371,13.0579,45.123999999999995,69.7192,27.9811,109.2,100.3,86.9,31.8,1.8,1.1,0.222,0.28600000000000003,13.4,53.8,21.7,24.5,7.0,7.84284,7.84513,0.0172420439560439,17.070765296013242,2023,AAA
Tyler Fitzgerald,SFG,666149.0,sa3011257,28,10261,454,406,0.278,0.35,0.495,0.0,20,44.0,111,9.7,24.4,113.0,0.336,0.36200000000000004,0.295,33.9339,79.5455,15.3716,43.75,73.6165,29.9671,109.4,103.3,88.7,38.4,6.4,4.2,0.22699999999999998,0.363,19.5,40.4,37.4,22.2,17.0,7.41062,3.70169,0.0081535022026431,17.7997134865538,2023,AAA
Nick Sogard,BOS,686765.0,sa1169919,28,10267,453,386,0.262,0.366,0.389,0.0,7,62.0,79,13.7,17.4,96.0,0.311,0.336,0.313,23.5632,90.39299999999999,6.8404,43.3225,57.3935,17.8977,109.8,99.0,84.4,23.9,2.3,1.5,0.247,0.331,18.1,41.4,32.4,26.2,14.0,6.52853,-0.841065,-0.001856655629139,18.39571190143062,2023,AAA
Daz Cameron,MIL,663662.0,sa874736,28,10501,444,384,0.268,0.34700000000000003,0.45299999999999996,0.0,16,43.0,94,9.7,21.2,101.0,0.307,0.344,0.336,30.3125,82.1577,11.1111,44.4444,62.7604,24.8383,111.3,105.4,89.7,42.1,7.7,5.2,0.258,0.41100000000000003,14.3,36.1,36.7,27.2,16.0,5.1340699999999995,0.982907,0.0022137545045045,18.833697603716768,2023,AAA
Jahmai Jones,DET,663330.0,sa874807,28,10302,443,354,0.268,0.413,0.466,0.0,12,83.0,97,18.7,21.9,126.0,0.337,0.386,0.358,18.1998,79.1908,11.5092,45.114,62.4549,30.1565,109.8,103.4,89.4,40.9,7.8,4.5,0.242,0.405,16.5,44.1,31.5,24.4,11.0,5.68576,1.17215,0.0026459367945823,23.44430613785467,2023,AAA
Yolbert Sanchez,0,691503.0,sa3011471,28,10454,442,405,0.272,0.321,0.33299999999999996,0.0,3,28.0,74,6.3,16.7,58.0,0.321,0.29100000000000004,0.285,37.7854,87.7593,10.0,45.9259,64.7849,19.9262,107.6,100.1,84.8,24.4,0.6,0.5,0.259,0.326,5.9,45.2,27.0,27.9,7.0,3.4335699999999996,-2.4666900000000003,-0.0055807466063348,10.538711528245946,2023,AAA
Matt Mervis,ARI,670223.0,sa3015051,27,10045,439,362,0.282,0.396,0.5329999999999999,0.0,22,65.0,100,14.8,22.8,126.0,0.327,0.396,0.342,29.7067,80.4143,14.9804,40.9167,72.541,31.715999999999998,114.5,105.6,88.7,36.3,9.0,5.5,0.23,0.41700000000000004,28.5,34.3,43.0,22.6,19.0,3.6025400000000003,-0.802557,-0.0018281480637813,24.679463537912284,2023,AAA
Canaan Smith-Njigba,0,675986.0,sa3004279,26,9667,437,384,0.27899999999999997,0.36200000000000004,0.474,0.0,15,50.0,117,11.4,26.8,112.0,0.36200000000000004,0.361,0.317,27.9253,78.7938,13.4377,45.11600000000001,61.4833,31.203000000000003,111.8,103.0,88.0,36.4,9.7,5.9,0.226,0.40399999999999997,11.7,51.5,27.2,21.3,7.0,5.3101,1.06912,0.0024464988558352,26.124366224234148,2023,AAA
Nick Gonzales,PIT,693304.0,sa3014510,26,9639,436,373,0.282,0.376,0.509,0.0,14,51.0,117,11.7,26.8,123.0,0.37,0.37799999999999995,0.32,30.0313,77.3038,15.8232,44.2118,77.1053,31.1213,108.8,102.5,87.4,34.2,10.0,6.0,0.225,0.391,18.5,39.0,37.1,23.9,13.0,5.95901,-1.34192,-0.0030777981651376,24.037680104151345,2023,AAA
Darren Baker,0,671117.0,sa3017554,26,9745,435,394,0.26899999999999996,0.336,0.33799999999999997,0.0,3,39.0,75,9.0,17.2,75.0,0.325,0.301,0.263,30.0211,89.9103,7.5802,44.8397,57.9974,17.8082,107.9,100.1,85.8,27.3,0.6,0.5,0.226,0.278,8.2,58.0,16.7,25.3,0.0,6.00071,0.580955,0.0013355287356321,18.4133573370903,2023,AAA
Jonathan Aranda,TBR,666018.0,sa919293,27,10008,431,357,0.33899999999999997,0.445,0.613,0.0,25,61.0,87,14.2,20.2,163.0,0.387,0.447,0.384,24.9518,82.3171,8.5744,45.3972,57.0104,21.7044,113.0,105.0,92.3,49.8,11.0,7.0,0.276,0.494,20.5,39.0,34.6,26.4,14.0,2.5123,-1.39347,-0.0032331090487238,31.04552488363809,2023,AAA
Osleivis Basabe,SFG,678545.0,sa3006594,25,9168,422,382,0.298,0.353,0.429,0.0,4,31.0,65,7.3,15.4,93.0,0.34600000000000003,0.33899999999999997,0.303,38.7543,83.6493,11.5232,42.5828,65.6299,22.9551,109.5,102.7,89.0,40.2,2.2,1.7,0.267,0.35700000000000004,9.8,53.1,23.6,23.3,5.0,6.40071,-0.411583,-0.0009753151658767,29.445290458020374,2023,AAA
Matt Koperniak,STL,689288.0,sa3014834,27,10113,419,371,0.275,0.348,0.431,0.0,14,41.0,61,9.8,14.6,97.0,0.293,0.33899999999999997,0.314,30.9051,86.4198,9.426,45.2568,64.8865,20.3655,108.2,101.3,86.5,32.5,4.1,3.1,0.25,0.371,12.4,50.3,25.8,23.9,5.0,5.12568,0.636015,0.0015179355608591,19.03942234172776,2023,AAA
Max Schuemann,ATH,680474.0,sa3007511,28,10355,418,339,0.265,0.395,0.42200000000000004,0.0,9,61.0,85,14.6,20.3,100.0,0.325,0.36200000000000004,0.332,21.0863,82.9615,9.6055,46.3122,60.8642,24.3126,107.8,102.6,88.6,36.8,5.8,3.6,0.233,0.355,10.0,43.8,31.5,24.6,10.0,7.204560000000001,-1.41059,-0.0033746172248803,20.1499649303652,2023,AAA
Andre Lipcius,CHW,686531.0,sa3010401,27,10009,418,359,0.273,0.364,0.42100000000000004,0.0,11,52.0,73,12.4,17.5,105.0,0.311,0.344,0.32,30.5501,82.0416,10.7598,43.5385,67.3885,23.0952,106.5,100.2,87.0,30.3,5.5,3.8,0.244,0.382,17.2,39.4,37.4,23.2,15.0,2.9692,-0.9750059999999999,-0.0023325502392344,19.052380784514423,2023,AAA
Abraham Toro,0,647351.0,sa918020,28,10526,413,356,0.292,0.375,0.47200000000000003,0.0,8,49.0,72,11.9,17.4,115.0,0.34,0.365,0.318,24.4963,85.9244,9.0058,44.8538,62.06,21.7822,109.1,102.3,87.1,33.4,5.9,4.1,0.24600000000000002,0.377,17.2,38.0,35.6,26.4,13.0,4.80162,0.00490507,1.1876682808716707e-05,16.38309412641357,2023,AAA
Jonathan Araúz,0,660620.0,sa877498,27,9938,411,348,0.239,0.341,0.41700000000000004,0.0,14,55.0,90,13.4,21.9,86.0,0.276,0.33,0.314,32.3957,84.6154,10.1558,40.5078,55.5556,24.3094,111.1,104.0,89.5,42.8,3.8,2.4,0.24,0.34600000000000003,25.6,39.0,37.8,23.2,14.0,4.589090000000001,-0.206137,-0.0005015498783454,25.454588773583875,2023,AAA
Tanner Morris,0,671088.0,sa3009873,28,10264,409,344,0.282,0.39,0.395,0.0,6,60.0,81,14.7,19.8,109.0,0.35100000000000003,0.35100000000000003,0.317,22.8031,87.7996,7.7063,45.449,61.2817,19.1265,104.2,99.3,86.3,27.1,3.4,2.2,0.242,0.33899999999999997,11.3,46.9,24.4,28.6,10.0,1.7912400000000002,-1.0246,-0.0025051344743276,15.290029526566006,2023,AAA
Xavier Edwards,MIA,669364.0,sa3007018,26,9567,407,349,0.33,0.413,0.441,0.0,7,51.0,29,12.5,7.1,135.0,0.34,0.375,0.33899999999999997,27.4847,91.7031,5.4445,43.8318,72.0126,11.5836,102.3,97.9,85.7,23.1,1.2,1.0,0.295,0.371,9.7,44.4,28.4,27.2,12.0,6.84276,3.52941,0.008671769041769,24.24416549463988,2023,AAA
Samad Taylor,SEA,669392.0,sa918192,27,9960,406,327,0.297,0.41600000000000004,0.465,0.0,8,66.0,85,16.3,20.9,124.0,0.369,0.384,0.33299999999999996,26.798000000000002,83.0882,10.1852,41.2616,57.223,25.8824,106.5,100.9,86.3,28.1,6.0,3.7,0.233,0.36200000000000004,13.2,41.8,35.2,23.0,13.0,7.77538,2.8672299999999997,0.0070621428571428,22.073837079969707,2023,AAA
Kyle Manzardo,CLE,700932.0,sa3017342,25,9223,403,342,0.243,0.342,0.47700000000000004,0.0,17,53.0,78,13.2,19.4,100.0,0.261,0.35,0.348,24.7503,88.1818,8.3128,44.5197,60.8575,20.362000000000002,111.9,104.2,90.2,44.8,9.6,6.5,0.247,0.455,26.7,26.9,45.5,27.6,20.0,2.44415,-0.71602,-0.0017767245657568,38.05386379853376,2023,AAA
Yonny Hernández,NYM,660634.0,sa872473,27,10027,398,316,0.244,0.389,0.335,0.0,4,74.0,81,18.6,20.4,97.0,0.311,0.33399999999999996,0.313,22.3815,85.7143,8.4158,43.8738,63.1876,20.8909,109.1,98.2,84.1,18.5,0.8,0.5,0.221,0.287,11.7,47.1,25.2,27.7,10.0,5.88436,-3.6229199999999997,-0.0091028140703517,19.848224455387413,2023,AAA
Addison Barger,TOR,680718.0,sa3006910,25,9469,395,339,0.251,0.35200000000000004,0.40399999999999997,0.0,9,51.0,85,12.9,21.5,96.0,0.308,0.33399999999999996,0.313,29.3375,86.9863,11.0562,41.26,65.5689,24.9651,113.7,106.3,88.9,37.9,5.9,3.8,0.24,0.35100000000000003,22.7,42.5,29.1,28.3,10.0,3.28365,-1.07029,-0.0027095949367088,30.2240165611336,2023,AAA
Joe Perez,CHW,669309.0,sa3006868,26,9564,395,353,0.255,0.327,0.41100000000000003,0.0,13,37.0,109,9.4,27.6,87.0,0.32899999999999996,0.321,0.325,32.2989,80.3279,13.2173,43.9072,62.7019,28.9548,113.2,106.8,90.1,44.5,9.3,5.8,0.251,0.41100000000000003,13.8,41.1,30.3,28.6,12.0,4.80396,-0.30923,-0.0007828607594936,29.39033050547682,2023,AAA
Colton Cowser,BAL,681297.0,sa3017018,25,9341,393,321,0.29600000000000004,0.41,0.517,0.0,17,61.0,107,15.5,27.2,139.0,0.384,0.397,0.379,23.6425,81.3679,12.081,44.086000000000006,60.8321,30.1738,110.3,105.0,91.3,48.2,9.5,5.3,0.276,0.474,17.5,44.6,25.2,30.2,9.0,4.91953,-0.397025,-0.0010102417302798,36.43071832579873,2023,AAA
Ronaldo Hernández,BOS,660613.0,sa881850,27,10200,392,335,0.242,0.33399999999999996,0.445,0.0,17,40.0,69,10.2,17.6,92.0,0.25,0.336,0.33399999999999996,32.1113,85.5835,12.975999999999999,44.2172,69.697,26.6281,113.5,105.1,87.4,37.5,8.5,5.9,0.242,0.41700000000000004,21.2,44.4,38.8,16.8,11.0,2.82881,-0.13450299999999998,-0.0003431198979591,21.488967955956923,2023,AAA
Cam Devanney,PIT,687478.0,sa1170010,28,10413,390,336,0.271,0.36200000000000004,0.461,0.0,11,46.0,71,11.8,18.2,110.0,0.311,0.35700000000000004,0.316,34.4363,86.8922,13.1433,43.2545,76.045,25.0663,108.0,103.0,88.1,38.1,4.1,2.8,0.242,0.368,14.9,35.1,41.7,23.2,17.0,4.4157,-1.8427099999999998,-0.0047248974358974,16.461018004033313,2023,AAA
Davis Schneider,TOR,676914.0,sa3004518,26,9760,390,308,0.276,0.415,0.555,0.0,21,71.0,86,18.2,22.1,146.0,0.311,0.41200000000000003,0.38799999999999996,20.9852,82.9569,10.3741,42.4603,65.02,26.1429,109.7,104.4,89.8,42.7,12.3,7.2,0.254,0.494,25.4,28.8,48.7,22.6,21.0,4.42848,-0.352943,-0.0009049820512819998,32.711702074639355,2023,AAA
Yohel Pozo,STL,650968.0,sa828445,28,10352,389,369,0.306,0.33399999999999996,0.523,0.0,18,16.0,40,4.1,10.3,91.0,0.303,0.363,0.287,50.9309,89.6985,10.9237,39.5984,80.7302,17.4136,109.5,102.2,86.4,32.6,3.3,2.8,0.253,0.379,17.2,40.9,35.1,24.1,16.0,2.5895099999999998,0.057423699999999994,0.0001476187660668,13.852128915248187,2023,AAA
TJ Hopkins,0,686759.0,sa1053018,28,10501,389,329,0.31,0.41100000000000003,0.517,0.0,16,54.0,94,13.9,24.2,135.0,0.389,0.4,0.35700000000000004,29.8226,78.2258,15.5836,43.0915,72.6208,32.2876,111.8,104.0,90.8,47.0,8.1,4.9,0.263,0.43700000000000006,15.1,46.8,27.8,25.3,8.0,2.99968,-1.7804900000000001,-0.0045770951156812,19.364086323571772,2023,AAA
Joey Ortiz,MIL,687401.0,sa3009889,27,9957,389,349,0.321,0.37799999999999995,0.507,0.0,9,32.0,69,8.2,17.7,124.0,0.373,0.37799999999999995,0.341,35.6802,89.7375,9.0175,43.607,64.6605,18.663,114.9,105.3,90.1,45.6,2.8,2.1,0.301,0.413,14.0,44.5,24.6,31.0,9.0,6.45295,-0.362011,-0.000930619537275,28.390329289891557,2023,AAA
Shay Whitcomb,HOU,694376.0,sa3014948,27,9883,389,361,0.22399999999999998,0.278,0.435,0.0,23,22.0,121,5.7,31.1,72.0,0.266,0.305,0.304,38.7356,81.7204,17.0395,42.7632,71.5385,32.2943,111.4,105.3,88.0,41.9,11.6,7.2,0.23199999999999998,0.42200000000000004,20.7,39.2,40.9,19.8,16.0,3.91143,-0.604557,-0.0015541311053984,20.471899923296572,2023,AAA
Taylor Trammell,HOU,666211.0,sa917943,28,10263,387,316,0.26899999999999996,0.38799999999999996,0.532,0.0,21,61.0,103,15.8,26.6,122.0,0.32299999999999995,0.391,0.358,26.1117,79.4239,14.7583,44.2112,69.9281,32.4476,112.0,105.9,89.6,45.4,12.4,7.0,0.23800000000000002,0.436,22.3,35.6,36.6,27.8,16.0,4.5349699999999995,0.8107260000000001,0.0020948992248062,23.904495112739447,2023,AAA
Kyle McCann,0,668832.0,sa1159677,27,10180,387,343,0.271,0.35100000000000003,0.475,0.0,17,38.0,125,9.8,32.3,88.0,0.376,0.35700000000000004,0.305,27.6546,78.7575,15.3846,45.9647,68.4499,33.1522,113.3,106.1,91.5,49.3,9.1,5.2,0.22699999999999998,0.379,15.5,42.9,26.7,30.4,11.0,4.285819999999999,0.19767200000000001,0.0005107803617571,21.19054298978057,2023,AAA
Conner Capel,ATL,668843.0,sa918012,28,10377,387,338,0.251,0.34600000000000003,0.402,0.0,9,46.0,84,11.9,21.7,75.0,0.31,0.33,0.28800000000000003,23.5294,85.13799999999999,10.1057,48.3487,64.3443,23.3588,107.2,101.5,86.6,32.3,2.8,1.8,0.221,0.311,14.3,42.5,33.5,24.0,12.0,7.27495,0.818693,0.0021154857881136,14.616153426309399,2023,AAA
Tyler Nevin,0,663527.0,sa874752,28,10368,384,337,0.326,0.39799999999999996,0.5429999999999999,0.0,15,37.0,65,9.6,16.9,141.0,0.364,0.401,0.373,28.6064,85.2814,9.6267,46.4309,65.1622,21.1207,109.4,104.5,89.9,44.2,9.8,7.0,0.285,0.505,11.2,42.5,33.3,24.2,11.0,5.30668,0.171822,0.000447453125,22.515338254832862,2023,AAA
Juan Yepez,WSN,660766.0,sa877505,27,10102,384,341,0.255,0.32299999999999995,0.413,0.0,9,33.0,73,8.6,19.0,82.0,0.294,0.319,0.295,33.1347,84.7418,11.0811,43.3108,66.4587,23.2955,111.9,102.1,84.8,33.2,4.4,3.1,0.237,0.349,16.8,46.3,31.0,22.8,10.0,3.9228400000000003,-1.09591,-0.0028539322916666,17.639944253259895,2023,AAA
Raynel Delgado,MIL,669384.0,sa3007288,25,9327,384,336,0.25,0.341,0.369,0.0,7,46.0,88,12.0,22.9,85.0,0.318,0.316,0.29100000000000004,32.2953,83.4711,14.0604,43.0355,73.8931,28.0105,109.6,100.9,84.5,31.0,3.2,2.1,0.223,0.322,12.5,48.8,30.1,21.1,9.0,5.716880000000001,-1.29229,-0.0033653385416666,21.999487023019533,2023,AAA
Jesús Bastidas,ATL,665846.0,sa916969,27,9897,383,340,0.253,0.32899999999999996,0.409,0.0,12,28.0,96,7.3,25.1,85.0,0.315,0.32299999999999995,0.29600000000000004,37.1158,86.3741,14.5658,40.7563,74.3986,27.8447,107.0,101.3,86.5,27.1,4.5,2.9,0.233,0.34700000000000003,19.4,40.4,35.1,24.5,15.0,5.66087,-0.33446,-0.0008732637075718,14.999173402022006,2023,AAA
Hunter Feduccia,TBR,676439.0,sa3007872,28,10361,379,319,0.27899999999999997,0.385,0.451,0.0,11,57.0,79,15.0,20.8,111.0,0.336,0.365,0.325,20.4598,83.4802,8.8384,45.0758,63.5854,22.1519,110.1,102.1,88.3,37.4,6.6,4.2,0.23,0.382,14.8,42.1,35.7,22.1,12.0,3.06565,-0.458096,-0.0012086965699208,20.087499346622923,2023,AAA
Luken Baker,LAD,663609.0,sa3008267,28,10446,378,314,0.33399999999999996,0.43700000000000006,0.72,0.0,33,57.0,76,15.1,20.1,180.0,0.344,0.475,0.428,27.48,80.6604,11.4883,42.7546,64.7328,26.4662,113.5,106.7,92.1,50.8,16.9,10.8,0.298,0.604,24.8,32.0,41.1,27.0,16.0,1.33083,-0.611647,-0.0016181137566137,23.64803518876215,2023,AAA
Cade Marlowe,SEA,687799.0,sa1170288,28,10342,377,332,0.259,0.34,0.446,0.0,11,39.0,99,10.3,26.3,90.0,0.33299999999999996,0.33899999999999997,0.33299999999999996,27.8497,81.8367,14.3057,46.126999999999995,74.1301,29.078000000000003,108.6,103.7,87.8,36.0,10.2,6.4,0.251,0.433,19.3,35.6,39.0,25.4,16.0,8.78523,3.27048,0.0086750132625994,18.29039025149244,2023,AAA
Chris Williams,0,675910.0,sa3007028,28,10553,376,309,0.23600000000000002,0.35200000000000004,0.495,0.0,21,51.0,122,13.6,32.4,105.0,0.301,0.361,0.309,27.4468,75.8782,15.1324,40.7314,66.0991,35.0365,110.0,104.8,87.9,34.9,9.7,5.1,0.19899999999999998,0.36200000000000004,26.3,35.6,41.8,22.7,16.0,5.08281,0.0710076,0.00018885,14.378658455793419,2023,AAA
Iván Herrera,STL,671056.0,sa3003191,25,9270,375,290,0.297,0.451,0.5,0.0,10,75.0,77,20.0,20.5,146.0,0.371,0.415,0.38299999999999995,20.9412,80.7882,9.8116,44.7693,58.926,25.8562,113.3,106.6,88.6,43.3,8.8,5.1,0.262,0.425,13.5,46.2,24.5,29.2,8.0,5.3089900000000005,0.483678,0.001289808,40.1067922042086,2023,AAA
Tristin English,ARI,663536.0,sa876328,28,10382,370,321,0.293,0.37799999999999995,0.514,0.0,17,39.0,82,10.5,22.2,106.0,0.342,0.382,0.331,35.1001,80.6604,13.1883,42.2842,68.1672,26.8698,110.8,104.4,90.0,43.6,7.1,4.6,0.251,0.405,12.8,45.6,28.3,26.2,9.0,2.3972599999999997,-1.8266,-0.0049367567567567,18.640920976017718,2023,AAA
Jair Camargo,ATL,665856.0,sa917333,26,9605,367,331,0.26,0.324,0.505,0.0,21,29.0,119,7.9,32.4,97.0,0.335,0.35200000000000004,0.348,38.0407,76.611,19.5494,42.8779,71.0169,37.4652,114.1,108.8,92.5,50.7,17.2,10.1,0.251,0.496,11.1,43.2,32.4,24.4,10.0,3.7896199999999998,-0.543571,-0.0014811198910081,29.87655731666848,2023,AAA
Michael Toglia,COL,669911.0,sa3010393,27,9925,364,308,0.256,0.363,0.474,0.0,16,50.0,82,13.7,22.5,94.0,0.29600000000000004,0.361,0.34299999999999997,25.0554,82.2072,12.6923,42.1795,67.4772,29.5522,113.1,105.2,89.4,41.9,9.6,6.0,0.249,0.419,19.7,36.3,39.8,23.9,18.0,4.471030000000001,-0.33711399999999997,-0.0009261373626373,28.48604143443924,2023,AAA
Wilyer Abreu,BOS,677800.0,sa3005082,26,9612,362,299,0.27399999999999997,0.39,0.5379999999999999,0.0,22,58.0,74,16.0,20.4,129.0,0.29,0.39399999999999996,0.366,25.976999999999997,84.009,11.5085,43.433,66.4671,26.4179,112.7,103.8,89.8,38.9,12.2,7.7,0.24600000000000002,0.47100000000000003,16.6,36.0,43.4,20.6,19.0,5.23221,0.5131600000000001,0.0014175690607734,35.521926726951605,2023,AAA
Darius Hill,0,675628.0,sa3010395,28,10289,362,327,0.26899999999999996,0.34,0.376,0.0,2,32.0,56,8.8,15.5,78.0,0.32,0.317,0.281,34.4241,85.4881,10.2374,43.3234,64.8973,21.4953,105.5,99.7,83.9,23.2,1.1,0.8,0.239,0.304,11.8,44.9,27.0,28.1,10.0,5.12047,-0.44826800000000006,-0.0012383093922651,11.830456853408927,2023,AAA
Nate Eaton,BOS,681987.0,sa3007074,28,10524,361,330,0.252,0.31,0.442,0.0,15,28.0,85,7.8,23.5,81.0,0.293,0.32299999999999995,0.301,37.8449,79.3981,14.6715,44.4526,70.936,27.9167,109.1,103.3,85.6,32.0,8.5,5.8,0.239,0.39299999999999996,20.4,39.5,38.7,21.8,16.0,6.5387699999999995,2.45645,0.0068045706371191,12.701143501055734,2023,AAA
Oscar Gonzalez,0,660757.0,sa872782,27,10141,361,334,0.287,0.324,0.49700000000000005,0.0,13,19.0,82,5.3,22.7,99.0,0.33899999999999997,0.34600000000000003,0.321,45.0882,80.9639,16.3994,42.1283,71.7993,29.1074,112.9,106.5,89.3,41.6,8.9,6.4,0.267,0.429,15.9,44.9,31.6,23.4,8.0,5.22515,-0.024296,-6.730193905817174e-05,21.38530406041945,2023,AAA
Connor Kaiser,ARI,663731.0,sa3007823,28,10556,360,305,0.239,0.353,0.40700000000000003,0.0,9,51.0,94,14.2,26.1,78.0,0.315,0.335,0.28,27.4324,77.1242,16.6307,46.7243,70.7242,34.8943,109.2,100.9,86.1,32.1,4.7,2.8,0.193,0.29,16.0,44.5,34.4,21.1,12.0,8.25266,1.18535,0.0032926388888888,12.6670852331918,2023,AAA
Nick Loftin,KCR,679845.0,sa3014511,27,9886,357,314,0.268,0.342,0.44299999999999995,0.0,14,34.0,47,9.5,13.2,93.0,0.271,0.33899999999999997,0.337,30.7902,89.3333,8.8598,43.4515,66.4894,19.1348,109.9,103.0,88.1,36.9,7.0,5.3,0.27,0.42200000000000004,18.3,45.2,29.0,25.7,9.0,2.90708,-1.3179299999999998,-0.0036916806722689,25.904638551800343,2023,AAA
Justin Dirden,0,688869.0,sa3014986,28,10321,357,314,0.23199999999999998,0.314,0.39799999999999996,0.0,10,36.0,108,10.1,30.3,79.0,0.315,0.31,0.282,33.2016,74.4541,19.1822,43.5688,78.157,36.338,108.0,103.2,87.1,33.3,9.5,5.6,0.201,0.34600000000000003,13.9,35.8,42.5,21.7,17.0,5.31211,-1.1549,-0.0032350140056022,13.125335349584086,2023,AAA
Korey Lee,CHW,686676.0,sa3010034,27,9946,357,334,0.278,0.325,0.386,0.0,5,20.0,97,5.6,27.2,80.0,0.379,0.312,0.27699999999999997,36.3504,76.3761,18.2753,45.806999999999995,75.3022,33.7226,111.0,104.9,90.3,42.4,5.9,3.9,0.228,0.355,18.6,41.5,32.1,26.4,11.0,2.96164,0.11183499999999999,0.0003132633053221,18.843476379354986,2023,AAA
Carlos Narváez,BOS,665966.0,sa916966,26,9820,357,292,0.24,0.37,0.387,0.0,10,55.0,91,15.4,25.5,98.0,0.309,0.33899999999999997,0.319,30.8943,81.6229,13.5819,42.6764,65.3666,29.781,108.0,102.3,88.0,37.7,6.4,3.6,0.215,0.342,14.2,31.7,45.0,23.3,19.0,3.2235099999999997,-0.09786089999999999,-0.0002741201680672,22.15251340486647,2023,AAA
Nelson Velázquez,PIT,676369.0,sa3005129,26,9790,350,313,0.24,0.314,0.441,0.0,16,31.0,102,8.9,29.1,79.0,0.299,0.326,0.306,31.9797,78.5235,16.4612,42.8571,75.6345,32.475,111.2,105.8,90.1,44.1,11.7,7.1,0.218,0.397,22.1,40.1,37.3,22.6,15.0,7.5,0.388979,0.0011113685714285,25.731966184849192,2023,AAA
Otto Lopez,MIA,672640.0,sa3004268,27,9880,342,315,0.26,0.316,0.34600000000000003,0.0,2,23.0,55,6.7,16.1,69.0,0.309,0.293,0.29600000000000004,34.5679,89.7436,9.3411,45.955,63.7024,19.4783,110.7,102.4,86.8,33.0,1.9,1.5,0.263,0.34299999999999997,7.9,54.8,19.3,25.9,4.0,7.737019999999999,0.109623,0.0003205350877192,22.01885251182461,2023,AAA
Livan Soto,BAL,670869.0,sa3004264,25,9249,342,291,0.237,0.33899999999999997,0.381,0.0,8,44.0,83,12.9,24.3,80.0,0.299,0.319,0.271,22.6601,82.5688,10.673,44.7995,66.1608,25.3226,102.9,98.0,86.7,21.8,2.8,1.8,0.198,0.278,16.8,47.9,27.6,24.4,12.0,3.04058,-0.386394,-0.0011298070175438,17.84353351186229,2023,AAA
Heston Kjerstad,BAL,677008.0,sa3014439,26,9744,336,295,0.298,0.369,0.498,0.0,10,26.0,69,7.7,20.5,119.0,0.35600000000000004,0.37200000000000005,0.375,36.8116,86.059,13.7223,43.3032,70.778,26.6348,113.5,105.2,89.6,42.9,10.0,6.8,0.3,0.5,18.3,37.8,27.6,34.7,12.0,6.01803,-0.587654,-0.0017489702380952,30.866244291307716,2023,AAA
David Villar,0,681584.0,sa3007063,28,10489,334,287,0.272,0.371,0.498,0.0,17,44.0,89,13.2,26.6,119.0,0.335,0.374,0.34,26.8097,79.1563,13.5581,44.1199,68.4211,30.0166,108.1,103.0,87.0,36.2,12.1,7.2,0.23800000000000002,0.43700000000000006,23.6,36.1,34.5,29.4,16.0,4.163130000000001,0.62954,0.0018848502994011,15.561630780563764,2023,AAA
José Barrero,BAL,676480.0,sa3005385,27,10056,334,291,0.258,0.33299999999999996,0.54,0.0,19,22.0,105,6.6,31.4,111.0,0.324,0.366,0.308,36.2892,83.3333,16.7692,43.6154,69.8413,32.9305,107.8,103.7,87.6,35.2,12.4,7.2,0.21100000000000002,0.41700000000000004,30.1,31.6,45.8,22.6,20.0,8.637319999999999,3.11153,0.0093159580838323,17.43337437959567,2023,AAA
Will Wilson,CLE,669717.0,sa3009871,27,9950,333,297,0.23600000000000002,0.306,0.41100000000000003,0.0,13,31.0,85,9.3,25.5,77.0,0.281,0.31,0.3,31.9885,80.402,15.4091,44.8769,70.4425,31.2903,108.3,102.4,88.8,41.2,6.9,4.5,0.221,0.379,17.5,42.5,34.4,23.1,11.0,3.15956,-0.441511,-0.0013258588588588,18.956884406350703,2023,AAA
Tyler Soderstrom,ATH,691016.0,sa3014489,23,8727,333,306,0.252,0.303,0.526,0.0,21,23.0,88,6.9,26.4,79.0,0.28,0.348,0.324,36.4431,83.844,13.0616,42.9285,69.5736,25.78,113.5,107.6,91.6,47.1,12.7,8.4,0.239,0.473,12.7,43.2,33.6,23.2,11.0,4.53696,0.153026,0.0004595375375375,35.6784363683661,2023,AAA
Dominic Fletcher,0,666150.0,sa1115778,28,10274,332,277,0.289,0.39799999999999996,0.498,0.0,10,42.0,62,12.7,18.7,112.0,0.337,0.386,0.36700000000000005,29.2553,86.1809,10.061,42.6829,71.0714,21.3592,109.2,102.6,89.6,39.9,10.1,6.6,0.27,0.455,11.8,41.0,29.5,29.5,10.0,7.056589999999999,-0.47588400000000003,-0.0014333855421686,24.433653052516927,2023,AAA
Jo Adell,LAA,666176.0,sa3004837,26,9688,325,276,0.275,0.37200000000000005,0.591,0.0,24,37.0,85,11.4,26.2,121.0,0.306,0.40299999999999997,0.355,28.8714,81.4136,14.2525,40.976000000000006,72.2117,30.5648,118.4,110.2,89.9,41.8,15.3,9.2,0.24600000000000002,0.467,21.1,35.2,44.0,20.7,18.0,5.0883400000000005,0.9385709999999999,0.0028879107692307,31.359911699886574,2023,AAA
Trevor Larnach,MIN,663616.0,sa3008376,28,10460,322,262,0.271,0.382,0.504,0.0,15,49.0,90,15.2,28.0,116.0,0.33899999999999997,0.377,0.348,23.1884,79.8956,12.8892,45.0398,61.5756,31.8426,110.9,106.1,89.8,40.6,13.9,7.8,0.222,0.424,18.9,37.2,42.2,20.6,14.0,3.86798,-1.10693,-0.0034376708074534,19.802756704256613,2023,AAA
Jake Alu,0,666906.0,sa3010009,28,10421,321,285,0.29100000000000004,0.355,0.425,0.0,5,29.0,46,9.0,14.3,99.0,0.326,0.33899999999999997,0.325,33.0882,90.5844,7.686,43.8017,58.1132,17.4484,109.1,101.3,87.9,35.2,4.1,3.1,0.273,0.402,14.3,42.3,29.7,28.0,11.0,5.94585,1.20686,0.0037596884735202,17.76753512129718,2023,AAA
Daniel Montano,0,665914.0,sa917068,26,9697,319,269,0.23800000000000002,0.35100000000000003,0.428,0.0,8,46.0,91,14.4,28.5,81.0,0.326,0.34,0.32,22.8412,78.866,13.17,45.023,65.9864,31.1594,108.1,104.1,88.6,36.7,8.9,5.0,0.221,0.382,17.1,37.1,31.5,31.5,14.0,5.47181,0.0653905,0.0002049858934169,25.21138663026393,2023,AAA
Sam Huff,SFG,669087.0,sa918046,27,10137,319,272,0.298,0.395,0.5479999999999999,0.0,17,42.0,78,13.2,24.5,130.0,0.358,0.402,0.376,31.1209,81.6754,14.73,44.5172,70.2206,30.3541,112.9,108.5,91.1,47.4,13.4,8.2,0.26899999999999996,0.498,11.7,46.2,27.2,26.7,9.0,1.31184,-0.366477,-0.0011488307210031,25.345536188581036,2023,AAA
Christian Encarnacion-Strand,CIN,687952.0,sa3017756,25,9450,315,278,0.331,0.40299999999999997,0.637,0.0,20,32.0,69,10.2,21.9,156.0,0.377,0.435,0.381,40.4167,82.0513,14.3786,41.511,68.6888,27.5701,114.0,106.8,90.9,48.6,12.4,8.3,0.285,0.53,24.6,35.9,40.2,23.9,18.0,5.25905,-0.06286839999999999,-0.0001995822222222,36.2482364896815,2023,AAA
Cal Mitchell,0,668751.0,sa3004258,26,9718,312,277,0.264,0.337,0.419,0.0,9,29.0,92,9.3,29.5,89.0,0.358,0.32899999999999996,0.312,30.5832,81.3218,13.2271,43.9841,63.0435,29.4849,107.7,104.2,91.2,45.2,8.0,4.8,0.245,0.382,19.5,43.9,30.7,25.4,11.0,4.25575,-0.23529499999999998,-0.0007541506410256,23.587986492416572,2023,AAA
Carlos Pérez,0,650905.0,sa828189,28,10366,311,287,0.24,0.293,0.408,0.0,12,18.0,41,5.8,13.2,63.0,0.242,0.303,0.276,33.9315,93.0435,7.2464,44.4746,70.2648,14.4665,108.4,100.6,86.3,29.8,2.4,1.9,0.235,0.335,24.2,34.6,43.1,22.4,18.0,0.0,0.0,0.0,11.881659431908385,2023,AAA
George Valera,CLE,671655.0,sa3006872,24,9103,311,256,0.21100000000000002,0.341,0.375,0.0,10,49.0,85,15.8,27.3,85.0,0.268,0.32,0.331,21.5827,75.5495,13.0268,46.7433,59.6721,33.0739,109.1,105.1,90.6,49.4,11.5,6.4,0.222,0.39299999999999996,14.4,43.5,30.0,26.5,9.0,3.04867,-1.26285,-0.0040606109324758,33.96404541912773,2023,AAA
Luke Berryhill,0,666124.0,sa3011587,27,10004,307,250,0.228,0.371,0.384,0.0,8,55.0,104,17.9,33.9,101.0,0.355,0.34,0.331,20.2532,72.2222,15.7154,44.4097,66.5493,38.5057,108.8,105.7,88.8,41.8,12.3,5.9,0.21100000000000002,0.373,11.0,45.1,29.2,25.7,10.0,6.711639999999999,0.0867865,0.0002826921824104,24.48181909903252,2023,AAA
Endy Rodríguez,PIT,682848.0,sa3008272,25,9275,307,266,0.263,0.35200000000000004,0.402,0.0,5,36.0,47,11.7,15.3,97.0,0.3,0.331,0.33,30.0836,85.3731,9.9835,40.7591,67.8138,21.9601,108.9,104.8,87.3,32.0,6.3,4.6,0.247,0.395,16.4,36.6,40.6,22.8,17.0,6.4488900000000005,0.320601,0.0010443029315960002,30.729255429715465,2023,AAA
Lenyn Sosa,CHW,672820.0,sa3004051,25,9396,306,287,0.268,0.31,0.505,0.0,17,18.0,75,5.9,24.5,89.0,0.306,0.345,0.28,38.2812,79.0323,13.933,43.5626,62.753,28.4685,108.6,103.1,89.3,43.7,7.0,4.9,0.223,0.381,20.0,40.2,38.3,21.5,15.0,1.72731,-0.838875,-0.0027414215686274,21.994704910599786,2023,AAA
Zack Gelof,ATH,680869.0,sa3017286,26,9497,306,263,0.304,0.39899999999999997,0.529,0.0,12,40.0,86,13.1,28.1,116.0,0.41,0.397,0.359,23.6967,72.9947,15.6277,45.9436,69.5167,34.9237,108.2,104.0,89.5,42.7,12.4,7.2,0.253,0.474,17.9,40.7,34.5,24.9,12.0,6.808389999999999,0.955609,0.0031229052287581,31.037638166459818,2023,AAA
Matt Wallner,MIN,670242.0,sa918808,27,10169,304,254,0.29100000000000004,0.401,0.524,0.0,11,38.0,87,12.5,28.6,129.0,0.39899999999999997,0.397,0.359,29.6245,74.8677,17.7328,41.7814,73.2558,37.0558,115.6,108.5,90.7,50.9,12.4,6.9,0.245,0.456,25.4,42.5,37.1,20.4,16.0,4.15756,-0.48491000000000006,-0.0015950986842105,24.76211361102973,2023,AAA
Elijah Dunham,0,685313.0,sa3014827,27,10003,303,259,0.21600000000000003,0.33,0.34,0.0,6,39.0,87,12.9,28.7,74.0,0.301,0.303,0.285,26.8722,77.9264,12.9461,43.4855,57.0611,32.3651,110.8,103.5,87.1,33.1,5.8,3.3,0.195,0.308,18.6,45.6,36.3,18.1,14.0,5.649830000000001,-0.0352736,-0.0001164145214521,18.816740189315244,2023,AAA
Dominic Canzone,SEA,686527.0,sa1115890,28,10290,302,256,0.35200000000000004,0.42700000000000005,0.633,0.0,16,38.0,40,12.6,13.2,143.0,0.35700000000000004,0.441,0.382,35.2113,85.6164,9.415,41.5905,64.1758,19.9226,113.0,105.1,90.3,44.4,9.9,7.3,0.287,0.502,16.1,44.3,33.8,21.9,9.0,4.47949,-1.58677,-0.0052542052980132,25.96983160497369,2023,AAA
Blaze Alexander,ARI,677942.0,sa3007742,26,9625,300,244,0.287,0.40299999999999997,0.455,0.0,8,41.0,83,13.7,27.7,107.0,0.392,0.375,0.34,27.9895,75.1351,16.0618,41.2355,69.2884,35.6775,110.7,104.8,88.9,41.8,9.7,5.3,0.23399999999999999,0.39,12.9,43.6,30.1,26.4,11.0,4.13724,-1.07987,-0.0035995666666666,28.5210332717842,2023,AAA
Oswald Peraza,LAA,672724.0,sa3003305,25,9256,300,261,0.268,0.35700000000000004,0.479,0.0,14,29.0,55,9.7,18.3,109.0,0.289,0.36,0.312,32.6121,84.8238,14.9293,42.8445,76.0825,29.1379,112.1,103.8,85.2,36.1,6.3,4.3,0.23800000000000002,0.36700000000000005,22.1,44.4,35.6,20.0,11.0,6.7051,0.759216,0.00253072,28.32604306332348,2023,AAA
Jordan Westburg,BAL,676059.0,sa3014499,26,9738,300,268,0.295,0.37,0.5670000000000001,0.0,18,28.0,64,9.3,21.3,134.0,0.32799999999999996,0.397,0.365,27.8232,79.9458,14.5018,45.6406,71.9298,30.2412,110.2,106.0,91.5,51.2,10.8,7.3,0.272,0.502,13.2,39.9,36.4,23.7,14.0,6.55239,0.775704,0.00258568,32.20399982252456,2023,AAA
Colt Keith,DET,690993.0,sa3014474,24,8832,300,261,0.287,0.36700000000000005,0.521,0.0,13,34.0,58,11.3,19.3,124.0,0.32,0.377,0.33899999999999997,28.6408,82.2289,11.9048,43.4066,70.0422,25.5403,110.1,104.4,88.7,40.1,8.2,5.7,0.248,0.446,23.7,33.7,42.9,23.4,17.0,3.03867,-0.71602,-0.0023867333333333,34.339125191910526,2023,AAA
Anthony Prato,PIT,668791.0,sa1052903,27,10020,299,232,0.302,0.452,0.539,0.0,10,59.0,69,19.7,23.1,150.0,0.387,0.426,0.366,19.4524,82.1114,8.7691,44.1673,62.1129,22.8992,106.1,101.8,88.8,37.0,10.9,6.0,0.24100000000000002,0.409,12.1,35.8,34.0,30.2,14.0,5.2909,-0.54548,-0.0018243478260869,25.89138988803245,2023,AAA
John Rave,KCR,670231.0,sa918890,27,10151,293,257,0.23,0.317,0.374,0.0,7,34.0,84,11.6,28.7,72.0,0.31,0.305,0.271,24.4573,81.76100000000001,11.1287,45.4617,55.2083,28.9528,108.2,101.7,88.7,36.6,2.3,1.4,0.205,0.29600000000000004,17.8,41.3,34.6,24.0,14.0,3.77892,-1.5967,-0.0054494880546075,15.323813679953412,2023,AAA
Bubba Thompson,0,669352.0,sa3004140,27,9993,293,260,0.265,0.345,0.40399999999999997,0.0,6,27.0,69,9.2,23.5,83.0,0.33899999999999997,0.32899999999999996,0.26899999999999996,31.6993,79.726,15.6561,44.6154,74.0365,30.9481,106.1,100.6,84.8,25.7,2.6,1.7,0.21,0.293,12.4,51.3,26.7,22.0,7.0,7.62017,0.515436,0.0017591672354948,13.188979139341324,2023,AAA
Ricardo Genovés,0,665648.0,sa916844,26,9652,287,248,0.218,0.317,0.34299999999999997,0.0,6,31.0,79,10.8,27.5,72.0,0.29100000000000004,0.29600000000000004,0.276,28.0992,82.0122,13.5548,45.6912,64.4401,30.3213,107.3,102.0,86.2,33.9,4.7,2.8,0.19899999999999998,0.301,21.6,39.6,39.1,21.3,16.0,1.95069,-0.825578,-0.0028765783972125,15.783438623276755,2023,AAA
Dustin Harris,TEX,687957.0,sa3010279,26,9598,287,242,0.273,0.38,0.455,0.0,9,39.0,63,13.6,22.0,109.0,0.331,0.364,0.3,28.3742,87.9056,10.9745,42.7568,69.6099,23.855,106.2,99.2,84.0,22.1,3.3,2.1,0.221,0.315,23.2,35.2,41.5,23.3,19.0,7.5235199999999995,1.4411100000000001,0.0050212891986062,19.901078102568658,2023,AAA
Ryan Bliss,SEA,669208.0,sa3016951,25,9438,286,246,0.24,0.33899999999999997,0.44299999999999995,0.0,11,34.0,64,11.9,22.4,88.0,0.27699999999999997,0.33899999999999997,0.29100000000000004,31.4554,82.71600000000001,12.3878,42.6391,68.2105,26.2857,108.1,102.0,86.4,29.1,4.9,3.1,0.21,0.33,10.8,50.0,33.7,16.3,10.0,7.5018899999999995,-0.6641100000000001,-0.0023220629370629,22.79782203588651,2023,AAA
Miguel Vargas,CHW,678246.0,sa3006896,25,9464,285,236,0.28800000000000003,0.40700000000000003,0.479,0.0,10,46.0,57,16.1,20.0,124.0,0.341,0.386,0.34,18.1818,82.6816,8.3904,45.3767,67.5472,20.6751,109.4,102.6,87.7,34.1,6.7,4.2,0.23800000000000002,0.39,21.7,35.0,41.8,23.2,17.0,4.7102699999999995,1.23751,0.0043421403508771,32.00349602321282,2023,AAA
Kyle Stowers,MIA,669065.0,sa1115829,27,10149,281,231,0.247,0.36700000000000005,0.515,0.0,17,40.0,76,14.2,27.0,119.0,0.282,0.375,0.364,31.1811,77.5623,17.8539,42.7412,76.1603,35.4204,111.6,106.4,94.3,57.2,17.0,9.6,0.24100000000000002,0.483,15.5,34.4,43.1,22.5,16.0,3.94173,-0.813254,-0.0028941423487544,26.138473395093175,2023,AAA
César Prieto,STL,693409.0,sa3018100,26,9656,281,258,0.271,0.32,0.40700000000000003,0.0,6,15.0,35,5.3,12.5,89.0,0.29100000000000004,0.315,0.29100000000000004,43.8849,88.3495,10.998,43.3809,72.5352,19.5298,105.0,100.9,87.8,36.7,1.8,1.4,0.258,0.34,17.4,50.6,24.9,24.5,7.0,5.376,0.152035,0.000541049822064,20.504598559045228,2023,AAA
Curtis Mead,CHW,678554.0,sa3008392,25,9125,277,235,0.294,0.38299999999999995,0.515,0.0,9,34.0,48,12.3,17.3,121.0,0.32799999999999996,0.382,0.342,28.4946,88.0,8.6614,45.0787,65.5022,19.1721,109.5,104.6,88.5,40.6,6.8,4.7,0.262,0.418,15.6,40.1,38.5,21.4,13.0,4.92686,-0.602233,-0.0021741263537906,35.40390129933908,2023,AAA
Ford Proctor,0,665154.0,sa876187,28,10542,277,225,0.222,0.354,0.32899999999999996,0.0,6,46.0,60,16.6,21.7,87.0,0.27,0.312,0.314,23.4646,80.0,11.9194,44.3471,67.1937,27.8119,107.3,102.4,87.9,37.3,5.9,3.6,0.21100000000000002,0.326,11.9,47.4,32.2,20.5,10.0,3.68926,0.245473,0.0008861841155234,15.215351869387796,2023,AAA
Vidal Bruján,ATL,660644.0,sa872786,27,10112,276,239,0.272,0.36200000000000004,0.47700000000000004,0.0,10,31.0,49,11.2,17.8,107.0,0.302,0.36200000000000004,0.287,30.339000000000002,88.4244,9.6117,42.7184,70.6818,20.2041,106.6,100.9,86.7,31.3,3.1,2.2,0.217,0.322,19.3,41.8,35.4,22.8,14.0,7.126110000000001,-3.57455,-0.012951268115942,17.386041920673335,2023,AAA
Austin Shenton,SEA,668853.0,sa3009869,27,10129,271,219,0.301,0.43200000000000005,0.603,0.0,14,48.0,75,17.7,27.7,156.0,0.397,0.436,0.336,25.1445,76.161,13.2045,44.2834,58.7273,32.998000000000005,109.1,103.0,87.3,35.9,9.0,4.8,0.213,0.38799999999999996,15.2,42.1,32.4,25.5,12.0,2.2053599999999998,-0.435317,-0.0016063357933579,19.696693243412444,2023,AAA
Malcom Nuñez,PIT,682650.0,sa3008113,24,8987,269,240,0.237,0.312,0.358,0.0,7,18.0,64,6.7,23.8,71.0,0.292,0.298,0.313,34.66,82.7586,14.1651,43.4334,62.635,30.2605,110.9,104.4,88.9,37.3,7.3,4.8,0.245,0.386,9.4,46.9,31.3,21.8,11.0,2.10502,-1.38019,-0.0051308178438661,26.78671310607561,2023,AAA
Brett Wisely,ATL,689172.0,sa1170003,26,9658,268,213,0.258,0.39899999999999997,0.446,0.0,6,47.0,64,17.5,23.9,131.0,0.336,0.371,0.34,25.4932,83.3887,10.727,41.578,64.1791,25.7996,109.7,101.3,87.5,32.2,7.2,4.1,0.222,0.37200000000000005,18.9,37.5,33.8,28.7,17.0,4.82376,-0.566852,-0.002115119402985,27.583146639696878,2023,AAA
Luis Vázquez,BAL,676679.0,sa3005131,26,9506,268,220,0.255,0.381,0.42700000000000005,0.0,9,38.0,55,14.2,20.5,103.0,0.297,0.35700000000000004,0.315,34.88,80.3738,14.2725,42.076,70.7048,28.5714,109.8,103.5,87.4,35.9,5.4,3.4,0.21600000000000003,0.335,15.5,52.1,26.7,21.2,9.0,3.45373,-0.7490600000000001,-0.0027949999999999,25.996842517282587,2023,AAA
Chase Strumpf,CHC,668664.0,sa3010845,27,10083,267,217,0.212,0.35600000000000004,0.442,0.0,14,44.0,90,16.5,33.7,96.0,0.281,0.35,0.308,23.8095,73.0769,15.8918,41.4201,68.9796,37.3757,107.8,103.7,86.3,29.7,8.6,4.1,0.187,0.336,23.4,26.8,52.8,20.5,22.0,4.23475,-0.504999,-0.0018913820224719,16.39230340035665,2023,AAA
Mark Vientos,NYM,668901.0,sa3004720,25,9440,267,230,0.304,0.386,0.609,0.0,16,29.0,58,10.9,21.7,140.0,0.33799999999999997,0.415,0.405,30.3333,76.5677,14.6222,41.1187,72.315,30.7216,112.8,108.4,94.4,57.4,15.9,10.5,0.289,0.594,17.6,41.7,37.7,20.6,11.0,2.15476,-0.363682,-0.0013621048689138,36.43036094373178,2023,AAA
Coby Mayo,BAL,691723.0,sa3014479,23,8711,267,217,0.267,0.39299999999999996,0.512,0.0,12,42.0,62,15.7,23.2,130.0,0.315,0.38799999999999996,0.348,25.3226,82.3529,10.8401,43.9928,59.3429,26.9058,112.0,106.1,91.7,52.5,10.8,6.4,0.237,0.418,33.5,35.5,40.6,23.9,17.0,3.33762,-0.224296,-0.0008400599250936,41.574430285577456,2023,AAA
Ali Sánchez,0,645305.0,sa828198,28,10496,267,238,0.311,0.375,0.49200000000000005,0.0,11,26.0,42,9.7,15.7,100.0,0.335,0.37200000000000005,0.33899999999999997,30.038,88.4328,7.6768,46.8687,57.7586,17.8404,110.5,104.3,90.2,44.2,8.0,6.0,0.276,0.439,13.1,41.8,27.0,31.1,10.0,1.8968099999999999,-1.931,-0.0072322097378277,19.498203972775762,2023,AAA
Bo Naylor,CLE,666310.0,sa3008247,25,9370,264,217,0.253,0.379,0.498,0.0,13,43.0,52,16.3,19.7,124.0,0.273,0.377,0.371,24.4898,82.8383,9.2496,44.4154,59.5285,23.0937,111.1,105.5,90.8,44.9,10.2,6.4,0.259,0.465,16.2,37.1,35.9,26.9,15.0,3.7242300000000004,-1.02427,-0.0038798106060606,39.178201152617945,2023,AAA
Heliot Ramos,SFG,671218.0,sa3004693,26,9539,262,227,0.3,0.382,0.546,0.0,12,27.0,66,10.3,25.2,130.0,0.368,0.39299999999999996,0.345,33.677,81.25,15.8934,42.5469,70.5336,32.2,112.3,107.8,91.3,43.3,11.6,7.3,0.254,0.45399999999999996,14.5,44.4,28.4,27.2,8.0,6.82941,-0.637903,-0.0024347442748091,32.754651740900435,2023,AAA
Maverick Handley,BAL,668974.0,sa3010848,27,10081,261,214,0.22899999999999998,0.368,0.322,0.0,4,38.0,65,14.6,24.9,92.0,0.31,0.32,0.301,26.3591,81.2903,11.7864,44.1068,64.7182,27.234,107.9,102.0,86.8,34.2,2.0,1.1,0.212,0.285,20.4,40.7,34.5,24.8,15.0,4.61324,-0.0683572,-0.0002619049808429,17.306938925349694,2023,AAA
Luke Ritter,NYM,682239.0,sa3009878,28,10472,260,221,0.249,0.358,0.452,0.0,13,35.0,76,13.5,29.2,99.0,0.316,0.353,0.361,26.7504,75.265,16.349,44.1324,64.3182,37.7315,112.0,105.7,91.6,50.7,15.1,8.5,0.252,0.47200000000000003,18.5,37.1,35.7,27.3,16.0,2.13931,-0.207765,-0.0007990961538461,19.929281504019333,2023,AAA
Nick Meyer,0,680722.0,sa3007826,28,10469,260,228,0.21100000000000002,0.304,0.303,0.0,6,28.0,55,10.8,21.2,56.0,0.25,0.276,0.28,27.0633,84.3537,11.7342,45.8982,66.5158,25.976999999999997,107.2,101.7,85.6,25.3,2.9,1.9,0.214,0.305,14.6,41.5,37.5,21.0,13.0,4.74766,0.30602199999999996,0.0011770076923076,11.231499704004989,2023,AAA
Brennen Davis,NYY,680695.0,sa3007876,25,9479,257,219,0.187,0.29600000000000004,0.27899999999999997,0.0,4,22.0,58,8.6,22.6,43.0,0.231,0.266,0.27,33.0275,77.2727,15.8436,43.93,77.2834,30.1961,109.6,104.2,87.0,35.4,2.4,1.6,0.196,0.272,18.3,40.6,38.1,21.3,16.0,4.97255,-0.0443638,-0.0001726217898832,20.435055837909,2023,AAA
Payton Henry,PHI,668721.0,sa918019,28,10342,255,238,0.294,0.341,0.45399999999999996,0.0,9,12.0,59,4.7,23.1,101.0,0.359,0.344,0.308,40.8,87.5399,15.7663,44.8732,76.9042,27.6596,109.7,105.2,88.8,38.8,8.4,5.9,0.249,0.408,12.3,51.1,27.3,21.6,6.0,1.79775,-0.8664270000000001,-0.0033977529411764,15.34258991380285,2023,AAA
Luis De Los Santos,NYM,665782.0,sa917822,27,9992,255,214,0.22,0.337,0.38299999999999995,0.0,7,32.0,54,12.5,21.2,88.0,0.258,0.32,0.315,35.6364,85.1724,14.1237,43.299,69.0476,28.1893,111.8,105.4,88.2,38.9,7.4,4.7,0.222,0.358,9.3,51.3,27.8,20.9,4.0,3.95854,-0.163682,-0.0006418901960784,23.458656121869712,2023,AAA
Stephen Scott,0,679663.0,sa3011469,28,10373,254,215,0.228,0.33899999999999997,0.47,0.0,13,35.0,51,13.8,20.1,99.0,0.235,0.348,0.332,25.1418,86.1486,12.5918,44.4911,69.8113,27.971999999999998,109.0,105.3,90.4,45.2,8.4,5.5,0.23199999999999998,0.40700000000000003,13.3,50.0,30.5,19.5,7.0,3.94674,-0.43336499999999994,-0.0017061614173228,20.68091828957429,2023,AAA
Austin Martin,MIN,668885.0,sa3014454,26,9703,250,204,0.265,0.38799999999999996,0.40700000000000003,0.0,6,36.0,43,14.4,17.2,103.0,0.304,0.354,0.33299999999999996,17.2862,90.8127,6.5856,45.4914,63.028999999999996,17.2872,106.9,101.1,86.1,31.7,4.3,2.8,0.248,0.355,9.8,41.4,30.2,28.4,11.0,5.01529,0.770237,0.0030809479999999,25.45368680931965,2023,AAA
Darell Hernaiz,ATH,687231.0,sa3011309,24,8843,245,215,0.298,0.376,0.419,0.0,4,24.0,27,9.8,11.0,88.0,0.32299999999999995,0.349,0.304,30.2789,87.5458,9.212,44.2841,68.4211,19.5294,112.0,105.0,89.0,40.0,2.1,1.6,0.24600000000000002,0.34700000000000003,10.6,51.6,23.7,24.7,3.0,5.53112,-0.184265,-0.0007521020408163,34.375155746861665,2023,AAA
Joey Bart,PIT,663698.0,sa3007786,28,10531,244,206,0.248,0.35700000000000004,0.39299999999999996,0.0,6,30.0,69,12.3,28.3,96.0,0.33799999999999997,0.33299999999999996,0.32799999999999996,25.9813,82.8125,10.7106,44.9022,58.7156,26.3291,112.8,104.5,87.7,40.9,7.3,4.1,0.235,0.379,19.4,39.9,35.5,24.6,17.0,2.96057,-0.0748578,-0.000306794262295,16.57225165289206,2023,AAA
Orelvis Martinez,WSN,682619.0,sa3010692,23,8732,244,208,0.264,0.33899999999999997,0.51,0.0,11,25.0,65,10.2,26.6,108.0,0.317,0.35600000000000004,0.28600000000000003,32.2742,83.8816,17.6587,40.6746,74.1463,35.8149,109.6,103.5,88.0,34.9,9.9,6.1,0.2,0.355,31.3,30.6,44.2,25.2,19.0,4.70643,0.0969314,0.0003972598360655,25.6409422487598,2023,AAA
Rodolfo Durán,SDP,660710.0,sa877500,27,10102,240,214,0.252,0.32899999999999996,0.444,0.0,8,22.0,53,9.2,22.1,92.0,0.299,0.33399999999999996,0.321,32.2523,83.6237,12.5251,44.3888,64.7856,26.824,112.1,105.4,89.2,39.5,7.4,5.0,0.248,0.40399999999999997,22.8,41.2,33.1,25.6,13.0,3.05177,-0.10306900000000001,-0.0004294541666666,21.77447641703813,2023,AAA
Tirso Ornelas,SDP,672359.0,sa3004048,25,9350,239,213,0.282,0.35600000000000004,0.423,0.0,4,23.0,47,9.6,19.7,85.0,0.344,0.34,0.32299999999999995,31.8182,84.7273,10.4701,43.5897,67.402,22.1219,114.0,104.0,89.7,41.9,3.6,2.5,0.272,0.38,16.7,49.7,22.8,27.5,7.0,5.26682,-0.540447,-0.0022612845188284,32.83475090834609,2023,AAA
Tucker Bradley,0,674646.0,sa3014937,27,10026,238,202,0.257,0.361,0.431,0.0,4,33.0,52,13.9,21.8,99.0,0.324,0.34600000000000003,0.303,28.3302,80.7273,11.4108,44.7095,63.8051,25.8216,107.4,101.1,87.5,34.9,4.6,2.9,0.22,0.336,11.0,48.1,29.2,22.7,8.0,7.03408,-0.352619,-0.0014815924369747,20.2451580200061,2023,AAA
Oscar Colás,LAA,693049.0,sa3018099,27,9894,234,210,0.267,0.33799999999999997,0.462,0.0,9,21.0,53,9.0,22.6,92.0,0.315,0.345,0.314,38.9397,84.1699,14.0505,39.9561,71.1538,27.1186,114.0,107.9,88.4,38.6,10.8,7.3,0.233,0.41,16.1,44.4,35.6,20.0,9.0,3.7599,0.0804004,0.0003435914529914,24.19125258767713,2023,AAA
Gilberto Celestino,NYM,665482.0,sa914313,26,9743,232,185,0.243,0.392,0.389,0.0,4,42.0,37,18.1,15.9,103.0,0.28300000000000003,0.35200000000000004,0.32899999999999996,22.0114,73.9583,13.0389,44.5846,67.9245,30.6931,109.7,103.6,90.5,45.6,2.7,1.7,0.22699999999999998,0.322,4.5,58.5,19.0,22.4,1.0,5.16589,-0.602233,-0.0025958318965517,30.733836666670708,2023,AAA
Logan Davidson,LAA,669722.0,sa918676,27,10155,230,207,0.266,0.335,0.377,0.0,3,21.0,50,9.1,21.7,64.0,0.335,0.314,0.289,30.1969,86.4111,13.5876,45.5304,75.1309,26.8235,110.6,105.5,89.9,42.0,5.1,3.5,0.235,0.341,9.4,43.6,30.1,26.3,10.0,4.55168,0.0182402,7.930521739130434e-05,20.13285921456174,2023,AAA
Grae Kessinger,0,666197.0,sa3010327,28,10281,229,184,0.28300000000000003,0.397,0.435,0.0,6,35.0,45,15.3,19.7,117.0,0.331,0.365,0.344,26.6798,86.0294,9.3148,45.8244,63.5514,21.3759,108.9,102.9,88.5,35.2,5.5,3.5,0.25,0.385,24.7,34.0,41.7,24.3,20.0,3.27237,-0.437528,-0.0019106026200873,20.795597514857487,2023,AAA
Enmanuel Valdez,PIT,665839.0,sa917288,26,9788,229,187,0.257,0.389,0.48100000000000004,0.0,10,40.0,46,17.5,20.1,117.0,0.28800000000000003,0.377,0.34600000000000003,21.3781,86.6935,9.3458,41.2253,62.4685,24.3902,108.5,103.0,87.6,35.2,10.6,6.6,0.228,0.409,26.1,35.5,42.6,22.0,17.0,5.1357,-1.07192,-0.0046808733624454,28.689352627913,2023,AAA
Drew Millas,WSN,686452.0,sa3014475,27,10136,227,194,0.273,0.366,0.40700000000000003,0.0,3,26.0,33,11.5,14.5,96.0,0.311,0.34,0.316,28.0808,92.7039,8.5308,41.3507,66.7622,19.3548,106.5,101.0,86.3,27.4,2.4,1.8,0.252,0.342,13.4,46.3,26.2,27.4,7.0,5.63391,-0.0609163,-0.0002683537444933,18.095313432581822,2023,AAA
Lorenzo Cedrola,0,661411.0,sa872850,27,10140,225,188,0.25,0.373,0.41,0.0,6,25.0,27,11.1,12.0,100.0,0.265,0.349,0.322,33.195,85.7708,10.4887,42.5507,70.8683,21.3075,108.1,100.3,86.1,28.6,4.3,3.1,0.235,0.33899999999999997,13.9,44.9,38.6,16.5,14.0,7.8052,0.636361,0.0028282711111111,19.82665997284382,2023,AAA
Jared Triolo,PIT,669707.0,sa3010272,27,10113,225,185,0.28600000000000003,0.409,0.43200000000000005,0.0,2,38.0,60,16.9,26.7,122.0,0.41100000000000003,0.37200000000000005,0.32899999999999996,25.1473,80.1688,12.2137,44.4929,58.0882,30.6849,106.8,100.2,87.7,38.9,3.2,1.8,0.24100000000000002,0.344,15.1,28.8,34.4,36.8,17.0,7.52095,0.10604300000000001,0.0004713022222222,20.07289925594026,2023,AAA
Nick Dunn,PHI,680709.0,sa915613,28,10487,225,192,0.302,0.40399999999999997,0.385,0.0,2,32.0,26,14.2,11.6,109.0,0.341,0.35600000000000004,0.324,26.0331,90.7317,5.0171,44.8119,52.1628,13.2931,109.0,101.8,87.5,36.1,1.8,1.3,0.261,0.33899999999999997,9.6,47.0,30.7,22.3,11.0,1.36445,-0.435317,-0.0019347422222222,16.757383768776233,2023,AAA
Troy Johnston,MIA,687859.0,sa3010899,28,10344,224,196,0.316,0.397,0.515,0.0,8,20.0,44,8.9,19.6,138.0,0.37200000000000005,0.39299999999999996,0.353,39.5248,83.5938,14.3571,42.1973,75.7396,26.1959,108.3,100.3,88.5,35.9,3.9,2.7,0.295,0.41,20.0,32.2,27.6,40.1,14.0,5.55011,0.722553,0.0032256830357142,17.75377104937829,2023,AAA
Shayne Fontana,0,687833.0,sa3010897,28,10346,222,187,0.278,0.38299999999999995,0.41700000000000004,0.0,4,26.0,43,11.7,19.4,109.0,0.33799999999999997,0.354,0.332,30.4688,86.1345,9.5398,42.5365,62.7968,21.5736,108.4,104.4,90.1,43.2,5.5,3.6,0.257,0.366,17.2,46.3,25.2,28.6,8.0,6.94428,1.51704,0.0068335135135135,21.08379971287876,2023,AAA
Jake McCarthy,ARI,664983.0,sa3007015,28,10306,221,197,0.36,0.41600000000000004,0.594,0.0,9,17.0,29,7.7,13.1,134.0,0.38299999999999995,0.426,0.36200000000000004,25.8312,88.6926,8.9333,47.8667,78.8301,17.4479,108.6,102.1,86.0,31.0,8.2,6.3,0.303,0.469,11.7,44.7,29.4,25.9,10.0,7.6788300000000005,0.5780310000000001,0.0026155248868778,20.235970626597734,2023,AAA
Zach Humphreys,LAA,668876.0,sa3016853,28,10237,220,188,0.261,0.35,0.38299999999999995,0.0,2,26.0,51,11.8,23.2,80.0,0.33799999999999997,0.32299999999999995,0.256,24.4306,85.4167,9.9886,45.1759,60.3015,24.581,107.5,100.6,86.8,30.9,2.9,1.8,0.188,0.258,11.1,54.6,24.8,20.6,3.0,4.85527,-0.994085,-0.0045185681818181,14.210458834812904,2023,AAA
LJ Talley,0,663544.0,sa1169773,28,10390,220,187,0.21899999999999997,0.332,0.332,0.0,4,32.0,43,14.5,19.5,76.0,0.262,0.301,0.29,24.7582,83.9662,9.9562,43.4354,59.6977,24.9315,107.3,100.3,83.4,24.8,2.1,1.4,0.215,0.297,13.8,45.8,35.2,19.0,11.0,4.95757,0.16663499999999998,0.0007574318181818,13.096885792117904,2023,AAA
Ceddanne Rafaela,BOS,678882.0,sa3005581,25,9163,219,199,0.312,0.37,0.618,0.0,14,12.0,48,5.5,21.9,139.0,0.348,0.414,0.35,43.2323,84.5494,17.5092,38.9642,73.7342,31.7673,106.4,103.9,89.0,45.7,12.6,8.7,0.273,0.473,19.7,39.5,35.5,25.0,12.0,6.736160000000001,-1.5672,-0.0071561643835616,29.987187731341066,2023,AAA
Casey Schmitt,SFG,669477.0,sa3014484,26,9725,216,199,0.302,0.34700000000000003,0.43700000000000006,0.0,4,14.0,43,6.5,19.9,98.0,0.364,0.33899999999999997,0.315,43.2432,83.0645,14.1772,43.7975,71.6763,25.4545,110.1,103.6,87.2,36.7,5.1,3.7,0.27,0.4,15.2,47.4,29.2,23.4,11.0,4.59943,-0.165826,-0.0007677129629629,22.642406725103907,2023,AAA
Bryan Lavastida,ATH,681526.0,sa3006917,26,9819,214,188,0.22899999999999998,0.304,0.40399999999999997,0.0,8,21.0,47,9.8,22.0,76.0,0.255,0.306,0.28300000000000003,28.1319,75.8755,13.7809,46.4075,65.2284,30.3896,105.2,102.4,86.2,29.7,5.5,3.7,0.21100000000000002,0.342,16.9,48.6,30.8,20.5,9.0,5.24083,0.632759,0.0029568177570093,16.138554839305705,2023,AAA
Sebastián Rivero,LAA,665861.0,sa917021,26,9830,213,194,0.23199999999999998,0.27699999999999997,0.361,0.0,4,9.0,42,4.2,19.7,46.0,0.268,0.276,0.254,41.1085,86.8,13.6774,44.129,73.0994,24.7664,107.1,100.6,84.8,25.5,3.2,2.3,0.218,0.307,25.5,34.6,44.2,21.2,17.0,2.57936,-0.734179,-0.0034468497652582,12.631399296662366,2023,AAA
Ryan Kreidler,MIN,668952.0,sa3010587,27,10199,209,176,0.239,0.349,0.46,0.0,11,28.0,53,13.4,25.4,108.0,0.272,0.35,0.322,25.6696,81.0078,14.4068,45.7627,68.25399999999999,31.9035,109.4,101.0,86.7,32.0,10.4,6.2,0.21899999999999997,0.389,18.5,35.0,44.7,20.3,19.0,4.847230000000001,-0.0975152,-0.0004665799043062,18.52703096946572,2023,AAA
Grant Koch,0,667428.0,sa3008180,28,10481,209,190,0.258,0.321,0.395,0.0,5,17.0,56,8.1,26.8,79.0,0.33799999999999997,0.313,0.273,32.8502,80.5195,13.0102,47.1939,62.4324,27.7929,107.1,101.3,86.3,33.3,5.2,3.3,0.21600000000000003,0.322,19.3,48.5,33.8,17.6,11.0,2.8744099999999997,-0.286538,-0.001370995215311,9.684565349255882,2023,AAA
Brandon Lockridge,MIL,663604.0,sa3006856,28,10442,208,184,0.28800000000000003,0.37,0.364,0.0,1,22.0,52,10.6,25.0,93.0,0.397,0.33,0.29,33.7182,85.7741,15.1282,44.4872,68.8761,30.6494,109.5,101.9,89.5,43.5,1.5,1.0,0.24,0.307,8.1,54.2,22.9,22.9,4.0,7.157610000000001,2.7446200000000003,0.0131952884615384,15.666698677078559,2023,AAA
Rafael Marchán,PHI,665561.0,sa917160,26,9731,206,174,0.299,0.39299999999999996,0.44299999999999995,0.0,2,24.0,19,11.7,9.2,114.0,0.321,0.365,0.34,30.0752,93.0108,6.0345,42.6724,62.6263,13.7255,108.4,98.6,85.0,21.5,1.9,1.5,0.282,0.376,22.7,34.6,37.8,27.6,17.0,4.54873,-1.14162,-0.0055418446601941,23.192892716091556,2023,AAA
Corey Joyce,CHC,687144.0,sa3010596,27,9923,206,168,0.268,0.39299999999999996,0.446,0.0,4,30.0,56,14.6,27.2,122.0,0.373,0.368,0.29600000000000004,17.5055,81.32300000000001,11.4086,46.7986,63.9303,29.0801,109.1,102.3,88.4,28.1,4.4,2.4,0.19699999999999998,0.295,21.9,39.6,38.7,21.6,15.0,6.87295,0.263891,0.0012810242718446,21.02905522282285,2023,AAA
Johnathan Rodríguez,CLE,671286.0,sa3004147,25,9477,202,175,0.28,0.376,0.56,0.0,11,25.0,66,12.4,32.7,132.0,0.38799999999999996,0.397,0.326,34.6154,74.7788,17.619,41.1905,65.3179,37.2796,113.3,107.8,91.5,49.5,13.8,7.4,0.226,0.41,17.4,48.1,24.1,27.8,4.0,3.8511900000000003,-0.28102699999999997,-0.0013912227722772,31.16481695109335,2023,AAA
Justin Dean,LAD,681909.0,sa3007070,28,10540,199,159,0.16399999999999998,0.307,0.27,0.0,4,32.0,67,16.1,33.7,55.0,0.237,0.27,0.28800000000000003,20.0873,72.2656,14.2857,45.4762,67.0157,34.4828,103.9,100.7,86.9,32.0,9.3,4.5,0.16899999999999998,0.282,4.1,49.0,32.3,18.8,6.0,7.145110000000001,0.81625,0.0041017587939698,12.218502058593645,2023,AAA
Willie MacIver,ATH,680862.0,sa3007828,28,10578,199,161,0.255,0.387,0.39799999999999996,0.0,3,32.0,54,16.1,27.1,88.0,0.358,0.35,0.315,25.8352,77.0992,15.9756,45.2439,70.6199,34.6561,109.4,104.0,89.2,36.1,0.9,0.5,0.228,0.307,13.8,44.3,24.5,31.1,7.0,7.33541,-0.402052,-0.0020203618090452,14.93684973785904,2023,AAA
Dérmis Garcia,0,660650.0,sa881025,27,10145,198,171,0.263,0.359,0.532,0.0,12,22.0,63,11.1,31.8,101.0,0.34,0.379,0.32299999999999995,28.3293,72.1519,20.4027,44.5638,71.3855,42.9379,113.0,107.3,89.4,42.6,10.2,5.6,0.228,0.405,21.1,43.1,35.8,21.1,16.0,5.2259400000000005,0.400828,0.0020243838383838,21.729383977856887,2023,AAA
Wyatt Young,NYM,696281.0,sa3017081,25,9446,192,171,0.24,0.302,0.33899999999999997,0.0,3,16.0,34,8.3,17.7,57.0,0.275,0.28300000000000003,0.294,28.9326,88.4793,8.7083,48.3309,65.1652,18.75,102.2,97.3,84.2,19.1,2.8,2.1,0.254,0.33299999999999996,17.0,40.0,33.6,26.4,14.0,2.54664,-0.0589859,-0.0003072182291666,16.35325637057846,2023,AAA
Joe Rizzo,0,666143.0,sa917934,27,10062,191,173,0.26,0.325,0.439,0.0,6,15.0,40,7.9,20.9,94.0,0.305,0.33,0.312,31.8735,82.0833,12.2783,43.9291,74.5342,24.2588,109.6,101.8,87.9,35.1,6.0,4.2,0.249,0.395,17.2,34.6,39.1,26.3,17.0,1.8276400000000002,-0.198372,-0.0010385968586387,18.743598120218948,2023,AAA
Jeter Downs,0,669023.0,sa3004615,27,9944,191,159,0.239,0.361,0.384,0.0,3,27.0,47,14.1,24.6,91.0,0.318,0.33299999999999996,0.312,30.303,82.9493,11.0285,42.7509,62.8986,24.93,107.6,101.7,86.2,34.8,6.3,3.7,0.217,0.34299999999999997,25.7,36.3,40.7,23.0,19.0,6.836139999999999,0.41625,0.0021793193717277,20.898437547483802,2023,AAA
Brandon McIlwain,0,666140.0,sa3015076,27,10002,189,149,0.215,0.381,0.389,0.0,5,34.0,46,18.0,24.3,101.0,0.276,0.348,0.319,31.8584,83.3333,14.2672,41.3748,69.5925,30.0546,109.5,104.5,87.9,37.9,4.9,2.6,0.201,0.303,10.5,48.5,35.0,16.5,9.0,5.42546,1.38868,0.0073475132275132,22.721163582524266,2023,AAA
Greg Jones,HOU,675659.0,sa3010151,27,10084,188,168,0.27399999999999997,0.34,0.46399999999999997,0.0,7,15.0,73,8.0,38.8,99.0,0.433,0.34600000000000003,0.271,36.4486,71.1712,23.1903,42.6273,69.8113,45.7672,110.6,106.3,91.8,47.4,11.3,5.9,0.196,0.332,10.2,60.8,22.7,16.5,4.0,7.40084,0.146568,0.0007796170212765,20.268778057227323,2023,AAA
Niko Kavadas,LAA,694359.0,sa3017337,26,9849,187,148,0.209,0.364,0.426,0.0,8,35.0,62,18.7,33.2,101.0,0.287,0.348,0.34700000000000003,22.0907,74.7368,13.0184,41.5899,52.6316,37.4172,113.2,104.7,91.2,51.1,13.6,6.4,0.20600000000000002,0.424,22.7,34.1,45.9,20.0,20.0,1.5652700000000002,-0.286538,-0.0015322887700534,29.348054881243407,2023,AAA
Nolan Jones,CLE,666134.0,sa917941,27,10024,187,149,0.35600000000000004,0.48100000000000004,0.711,0.0,12,33.0,43,17.6,23.0,175.0,0.43200000000000005,0.493,0.401,22.6216,88.3041,8.2927,42.3171,49.2795,24.4604,114.4,108.2,91.2,43.9,15.9,9.1,0.27,0.516,16.8,39.6,30.2,30.2,11.0,6.99268,0.749043,0.0040055775401069,32.67802428496236,2023,AAA
Elly De La Cruz,CIN,682829.0,sa3009289,23,8681,186,158,0.297,0.39799999999999996,0.633,0.0,12,26.0,50,14.0,26.9,152.0,0.361,0.429,0.389,30.0429,78.3626,13.940999999999999,37.5335,61.0714,33.4405,118.8,110.2,93.4,55.0,15.6,9.1,0.26899999999999996,0.541,15.6,43.0,29.9,27.1,8.0,7.7984800000000005,-1.0479,-0.0056338709677419,43.977664836400464,2023,AAA
Eguy Rosario,SDP,666703.0,sa917140,26,9551,184,165,0.267,0.342,0.424,0.0,5,18.0,39,9.8,21.2,78.0,0.322,0.335,0.304,38.3249,79.3427,14.3687,42.8157,72.2034,27.1978,111.3,102.9,87.7,36.5,4.8,3.3,0.245,0.36,15.0,44.1,33.9,22.0,11.0,4.5042599999999995,-1.5462799999999999,-0.0084036956521739,24.610916685001744,2023,AAA
Sal Frelick,MIL,686217.0,sa3017047,25,9312,182,157,0.242,0.33,0.33799999999999997,0.0,2,19.0,18,10.4,9.9,77.0,0.261,0.3,0.312,22.0812,93.40100000000001,4.721,43.6338,64.5902,11.6197,106.5,100.1,85.2,28.0,2.1,1.6,0.255,0.34299999999999997,13.5,45.3,30.7,24.1,8.0,5.8812,-0.664453,-0.0036508406593406,25.193714451728507,2023,AAA
Jonny DeLuca,TBR,676356.0,sa3011644,27,9961,181,155,0.303,0.392,0.5479999999999999,0.0,7,20.0,29,11.0,16.0,130.0,0.331,0.39899999999999997,0.321,29.8701,92.1739,9.2086,44.6043,74.1935,18.5507,110.2,102.1,86.6,30.7,7.1,5.0,0.242,0.38299999999999995,24.6,44.1,33.1,22.8,12.0,6.101719999999999,0.400828,0.0022145193370165,24.30761114399944,2023,AAA
Jose Miranda,MIN,669304.0,sa917952,27,9972,180,161,0.255,0.322,0.36,0.0,3,14.0,29,7.8,16.1,70.0,0.29,0.302,0.308,32.1519,91.133,10.4258,41.9971,70.979,21.5152,109.3,103.3,89.3,38.1,6.0,4.4,0.248,0.37,9.0,52.7,26.0,21.4,7.0,5.1287400000000005,0.129993,0.0007221833333333,23.402006809708638,2023,AAA
Josh Bissonette,0,673983.0,sa1170619,28,10576,180,158,0.222,0.311,0.285,0.0,1,21.0,34,11.7,18.9,59.0,0.27399999999999997,0.273,0.265,24.2925,79.1878,9.3112,45.9184,54.7222,24.3333,103.0,97.2,84.2,24.8,0.0,0.0,0.21600000000000003,0.262,7.9,50.8,25.8,23.4,6.0,3.08663,-1.2755,-0.0070861111111111,8.922759889089997,2023,AAA
Andruw Monasterio,MIL,655316.0,sa830359,28,10366,178,140,0.271,0.41,0.4,0.0,4,32.0,29,18.0,16.3,117.0,0.309,0.363,0.36,20.7161,88.8298,7.0225,45.0843,58.567,18.5874,106.2,102.2,89.4,45.1,6.2,3.9,0.25,0.4,18.4,40.2,33.0,26.8,12.0,5.0639199999999995,0.858381,0.0048223651685393,22.50582356509277,2023,AAA
Yorman Rodriguez,0,660857.0,sa872817,28,10314,177,163,0.276,0.322,0.41100000000000003,0.0,3,11.0,23,6.2,13.0,67.0,0.302,0.317,0.27899999999999997,39.255,86.8132,10.1142,43.0669,68.9394,19.4357,111.4,102.2,84.1,28.2,2.8,2.3,0.247,0.325,11.2,48.9,27.3,23.7,9.0,6.0334,0.428712,0.0024221016949152,15.132297614170806,2023,AAA
Trevor Boone,COL,685392.0,sa3010336,28,10267,175,151,0.23800000000000002,0.326,0.444,0.0,4,18.0,71,10.3,40.6,73.0,0.405,0.32899999999999996,0.281,34.4388,66.9565,21.3592,45.6311,69.9088,42.1918,115.3,106.5,92.2,51.8,12.0,5.7,0.191,0.348,22.9,34.9,42.2,22.9,18.0,5.52493,-0.49810699999999997,-0.0028463257142857,19.90171051080108,2023,AAA
Nick Maton,0,665155.0,sa876186,28,10468,174,140,0.293,0.414,0.457,0.0,3,27.0,37,15.5,21.3,131.0,0.369,0.381,0.348,28.8783,79.2035,12.3796,42.3659,73.3766,25.9366,107.4,101.5,88.7,35.8,9.4,5.7,0.231,0.40299999999999997,29.0,29.5,43.8,26.7,22.0,5.61089,-0.20581300000000002,-0.0011828333333333,18.588955921662823,2023,AAA
Tyler Black,MIL,672012.0,sa3017623,25,9215,173,142,0.31,0.428,0.514,0.0,4,27.0,23,15.6,13.3,143.0,0.345,0.406,0.33399999999999996,20.4188,86.036,8.547,45.583999999999996,69.375,20.0,109.6,101.6,86.3,32.5,2.5,1.7,0.248,0.354,15.0,50.8,29.7,19.5,9.0,7.783519999999999,-0.20579099999999997,-0.0011895433526011,33.61432397049045,2023,AAA
Matt McLain,CIN,680574.0,sa3017154,26,9570,172,139,0.33799999999999997,0.45899999999999996,0.6759999999999999,0.0,11,27.0,34,15.7,19.8,185.0,0.379,0.47200000000000003,0.41200000000000003,23.7624,80.1205,10.6881,40.8492,59.4982,27.8626,108.9,104.2,90.6,44.3,14.2,8.7,0.28300000000000003,0.537,19.6,34.6,48.6,16.8,19.0,5.62355,-0.80577,-0.0046847093023255,35.995024609523625,2023,AAA
Blake Rutherford,0,666164.0,sa917932,28,10395,170,149,0.32899999999999996,0.39399999999999996,0.537,0.0,5,15.0,30,8.8,17.6,132.0,0.376,0.395,0.34299999999999997,45.5307,81.1881,20.3947,41.1184,80.8,33.9726,108.8,103.4,89.0,41.0,4.1,2.9,0.284,0.426,12.3,44.7,27.6,27.6,11.0,5.47013,0.23275900000000002,0.0013691705882352,17.269212021165767,2023,AAA
Eddys Leonard,ATL,678760.0,sa3005554,24,9106,170,148,0.304,0.376,0.534,0.0,8,17.0,36,10.0,21.2,129.0,0.34600000000000003,0.386,0.359,35.7143,85.0746,15.1899,42.4051,75.0,29.003,111.6,105.8,90.4,39.1,5.2,3.5,0.284,0.455,20.9,43.9,28.9,27.2,10.0,3.71171,-0.35070999999999997,-0.0020629999999999997,32.894890773586305,2023,AAA
Colton Welker,0,666213.0,sa917962,28,10238,170,135,0.237,0.38799999999999996,0.27399999999999997,0.0,0,30.0,36,17.6,21.2,91.0,0.32,0.317,0.344,25.641,82.6816,8.9096,42.9521,55.418,23.1834,107.6,102.1,87.0,30.3,5.1,2.9,0.233,0.366,9.0,43.4,32.3,24.2,11.0,3.03269,0.15700999999999998,0.0009235882352941,18.9763665913409,2023,AAA
Edouard Julien,MIN,666397.0,sa3014445,26,9666,169,133,0.293,0.43200000000000005,0.496,0.0,5,31.0,42,18.3,24.9,135.0,0.386,0.40299999999999997,0.391,18.2844,87.9397,8.1046,42.0915,61.8012,22.1429,112.7,105.1,90.9,41.9,14.0,7.7,0.256,0.496,8.6,47.8,28.3,23.9,8.0,4.3524,0.291421,0.0017243846153846,36.16514698249193,2023,AAA
Brooks Lee,MIN,686797.0,sa3019973,24,9012,168,152,0.237,0.304,0.428,0.0,5,15.0,28,8.9,16.7,75.0,0.258,0.314,0.361,38.6667,86.7021,11.9155,43.4389,65.2778,23.7237,109.2,102.8,90.6,48.0,6.4,4.8,0.297,0.47700000000000004,15.2,48.0,24.8,27.2,9.0,5.62483,0.00713819,4.248922619047619e-05,36.64683783727933,2023,AAA
Jordan Diaz,ATH,672478.0,sa3003221,25,9198,167,155,0.31,0.349,0.51,0.0,6,9.0,29,5.4,17.4,93.0,0.34700000000000003,0.366,0.316,35.3982,88.7255,13.1448,43.593999999999994,77.8626,24.3827,113.4,105.4,90.5,44.9,4.7,3.6,0.284,0.39899999999999997,13.4,47.6,21.4,31.0,6.0,1.38919,-0.694124,-0.0041564311377245,30.899694158748144,2023,AAA
Daniel Cope,COL,684543.0,sa3010157,28,10351,167,141,0.319,0.401,0.475,0.0,4,20.0,46,12.0,27.5,107.0,0.43200000000000005,0.37799999999999995,0.332,30.2452,68.2292,18.49,43.4515,68.0851,39.604,108.0,101.9,87.7,40.4,10.1,6.0,0.25,0.376,11.1,41.4,33.3,25.3,12.0,1.36212,-0.211123,-0.0012642095808383,15.342441916297233,2023,AAA
Noelvi Marte,CIN,682622.0,sa3008745,24,8770,167,143,0.28,0.365,0.455,0.0,3,20.0,31,12.0,18.6,106.0,0.33,0.353,0.34,32.5581,87.0968,12.2483,42.2819,61.5079,27.3408,113.8,105.6,88.4,41.2,4.4,3.0,0.27899999999999997,0.397,17.4,41.6,28.3,30.1,9.0,8.34496,0.357567,0.002141119760479,37.540291789086226,2023,AAA
Elehuris Montero,0,660707.0,sa872477,27,9924,163,142,0.359,0.41100000000000003,0.718,0.0,15,14.0,28,8.6,17.2,151.0,0.34600000000000003,0.461,0.36200000000000004,35.989000000000004,91.0828,11.875,43.125,56.8841,26.3889,114.4,107.1,90.1,41.2,10.1,7.4,0.28,0.495,32.8,31.9,42.2,25.9,20.0,2.03841,-0.722008,-0.0044294969325153,27.76540845488173,2023,AAA
Alexander Canario,PIT,672744.0,sa3003316,25,9294,161,145,0.276,0.342,0.524,0.0,8,15.0,45,9.3,28.0,105.0,0.344,0.36700000000000005,0.306,27.3239,77.8325,15.4459,43.4713,74.359,32.3333,112.0,107.2,87.4,39.6,11.9,7.5,0.21600000000000003,0.42100000000000004,15.8,39.4,39.4,21.2,14.0,3.83966,0.20713800000000002,0.0012865714285714,26.567175064942642,2023,AAA
René Pinto,TOR,650907.0,sa826668,28,10574,160,146,0.253,0.306,0.521,0.0,9,10.0,46,6.3,28.7,95.0,0.301,0.34700000000000003,0.311,37.3913,72.5806,17.6174,42.1141,74.1036,33.3333,110.1,107.5,92.5,48.0,13.7,8.8,0.228,0.447,19.6,32.4,47.1,20.6,20.0,3.8465300000000004,0.0457105,0.000285690625,15.30013407905437,2023,AAA
Wenceel Pérez,DET,672761.0,sa3003326,25,9481,160,129,0.264,0.39399999999999996,0.496,0.0,3,27.0,29,16.9,18.1,130.0,0.313,0.382,0.315,27.7487,85.4545,9.9844,40.4056,63.7066,23.6162,104.8,100.4,87.7,37.3,3.9,2.5,0.213,0.326,16.9,42.6,34.7,22.8,14.0,7.1691,-1.52311,-0.0095194375,27.856264336308683,2023,AAA
Carter Kieboom,0,666198.0,sa917937,28,10273,160,139,0.266,0.36200000000000004,0.43200000000000005,0.0,5,19.0,33,11.9,20.6,101.0,0.317,0.349,0.33299999999999996,22.1918,88.6228,8.4592,44.864,56.229,22.5806,110.4,103.9,88.2,39.6,8.5,5.6,0.245,0.409,17.9,36.3,34.3,29.4,13.0,4.04189,-0.55071,-0.0034419375,21.843228399961585,2023,AAA
Adrian Del Castillo,ARI,680728.0,sa3016957,26,9519,159,137,0.248,0.34,0.35,0.0,2,20.0,46,12.6,28.9,63.0,0.35200000000000004,0.308,0.27399999999999997,26.6839,80.2083,12.6285,43.3186,65.0847,29.1525,108.3,103.4,88.0,37.6,3.2,1.9,0.201,0.3,17.2,35.2,37.4,27.5,15.0,2.94093,-0.179255,-0.0011273899371069,20.519477930441774,2023,AAA
Orlando Martinez,HOU,678636.0,sa3006664,27,10105,159,144,0.23600000000000002,0.29600000000000004,0.368,0.0,3,13.0,30,8.2,18.9,61.0,0.27399999999999997,0.289,0.285,32.1229,84.8315,12.5628,40.0335,74.477,25.5973,106.8,102.5,86.0,33.6,3.4,2.5,0.239,0.344,17.5,42.2,36.2,21.6,13.0,3.5223400000000002,-0.286157,-0.0017997295597484,14.274965386209669,2023,AAA
Everson Pereira,TBR,677592.0,sa3007034,24,8956,158,138,0.312,0.386,0.551,0.0,8,13.0,44,8.2,27.8,133.0,0.39799999999999996,0.39799999999999996,0.327,28.4182,75.6881,18.2099,42.4383,79.2727,36.4198,114.5,107.1,92.8,45.8,11.5,7.0,0.23,0.44,14.6,47.9,29.2,22.9,11.0,6.83745,0.552035,0.0034938924050632,35.73545339506886,2023,AAA
Nick Allen,ATL,669397.0,sa3004723,27,9873,157,135,0.33299999999999996,0.42,0.519,0.0,3,20.0,16,12.7,10.2,122.0,0.359,0.40399999999999997,0.342,23.4375,91.8478,4.8173,46.8439,65.2482,11.1969,105.8,101.3,87.3,30.8,0.0,0.0,0.292,0.369,13.6,42.6,28.7,28.7,12.0,7.9439,1.8700299999999999,0.0119110191082802,24.663463396904394,2023,AAA
Brendon Davis,0,663478.0,sa875089,28,10309,156,135,0.17800000000000002,0.28800000000000003,0.363,0.0,5,18.0,47,11.5,30.1,68.0,0.22899999999999998,0.289,0.267,28.496,80.5714,14.9533,40.9657,66.5399,33.9223,106.7,102.3,87.0,31.8,5.7,3.2,0.17800000000000002,0.29100000000000004,25.0,31.8,44.3,23.9,20.0,2.90754,0.0346899,0.0002223711538461,11.163653028205225,2023,AAA
Pete Crow-Armstrong,CHC,691718.0,sa3014458,23,8606,154,137,0.263,0.344,0.474,0.0,6,15.0,47,9.7,30.5,100.0,0.35700000000000004,0.353,0.31,38.9646,72.8261,17.9739,40.0327,75.102,33.6391,107.3,103.2,88.9,42.2,10.0,5.8,0.225,0.392,11.7,43.0,36.6,20.4,18.0,8.90415,0.785118,0.0050981688311688,28.475818362387844,2023,AAA
Yunior Severino,0,670870.0,sa3003185,26,9513,152,132,0.235,0.322,0.515,0.0,11,15.0,55,9.9,36.2,96.0,0.294,0.353,0.31,29.8551,66.8421,19.1693,44.8882,67.6157,40.9556,113.1,104.1,89.4,36.7,15.2,7.9,0.19899999999999998,0.42200000000000004,24.1,39.7,38.5,21.8,11.0,3.58929,-0.19286199999999998,-0.0012688289473684,25.699165743834854,2023,AAA
Luis Matos,SFG,682641.0,sa3008756,23,8663,151,139,0.353,0.40399999999999997,0.626,0.0,9,11.0,11,7.3,7.3,154.0,0.336,0.435,0.34600000000000003,36.194,95.3642,6.7073,45.5285,67.4107,13.3065,107.5,104.2,89.2,39.1,6.3,5.3,0.29100000000000004,0.452,17.1,37.8,32.3,29.9,14.0,6.4013,0.489942,0.0032446490066225,35.52422235971842,2023,AAA
Angel Martínez,CLE,682657.0,sa3008762,23,8664,150,140,0.264,0.313,0.4,0.0,3,9.0,35,6.0,23.3,79.0,0.33299999999999996,0.311,0.265,38.2716,82.2086,12.2625,44.0415,63.9216,24.7387,107.1,102.0,85.5,32.7,3.8,2.7,0.22899999999999998,0.314,24.3,41.5,32.1,26.4,17.0,4.32916,0.00162785,1.0852333333333333e-05,18.618798539838984,2023,AAA
DaShawn Keirsey Jr.,MIN,680577.0,sa3007301,28,10383,150,128,0.258,0.36700000000000005,0.359,0.0,2,18.0,31,12.0,20.7,90.0,0.326,0.32799999999999996,0.306,29.8246,80.2083,14.3098,42.4242,76.1905,28.9116,108.3,102.0,87.0,33.0,4.1,2.7,0.23399999999999999,0.319,7.1,50.0,20.4,29.6,6.0,8.035919999999999,1.3244799999999999,0.0088298666666666,15.476919074842368,2023,AAA
Joe Suozzi,0,679545.0,sa3015106,27,10094,146,126,0.27,0.37,0.397,0.0,4,15.0,33,10.3,22.6,96.0,0.337,0.342,0.315,26.1981,80.402,13.3333,47.8333,69.33800000000001,28.4698,105.5,100.5,85.0,35.5,3.2,2.1,0.245,0.344,3.2,58.9,16.7,24.4,4.0,6.29478,0.341014,0.0023357123287671,16.155301349664313,2023,AAA
Austin Wells,NYY,669224.0,sa3014440,26,9594,146,126,0.254,0.349,0.452,0.0,5,16.0,34,11.0,23.3,101.0,0.307,0.348,0.311,31.5789,81.9209,12.4561,43.3333,71.6599,25.448,108.7,101.1,88.1,33.3,8.6,5.5,0.22,0.36700000000000005,8.4,32.3,44.1,23.7,21.0,2.95286,-0.295606,-0.0020246986301369,23.59716294555758,2023,AAA
Alika Williams,PIT,675961.0,sa3014427,26,9714,144,126,0.294,0.375,0.516,0.0,7,15.0,22,10.4,15.3,130.0,0.306,0.381,0.34299999999999997,26.9231,87.5817,8.3333,45.8333,63.2231,19.1304,105.9,103.1,86.7,37.5,5.8,4.2,0.27399999999999997,0.402,15.0,44.3,38.7,17.0,11.0,4.17781,-0.12315799999999999,-0.0008552638888888,24.99105511585136,2023,AAA
Brett Harris,ATH,695391.0,sa3017293,27,9977,142,127,0.268,0.345,0.41700000000000004,0.0,4,10.0,27,7.0,19.0,78.0,0.313,0.335,0.315,27.4576,92.3977,9.1727,46.9424,65.5172,20.2381,109.7,103.2,87.2,40.0,4.0,2.8,0.259,0.368,13.3,58.0,19.0,23.0,1.0,5.02918,0.644646,0.0045397605633802,22.293012572798357,2023,AAA
Mickey Moniak,COL,666160.0,sa917920,27,10018,140,129,0.302,0.35,0.581,0.0,8,7.0,35,5.0,25.0,116.0,0.35600000000000004,0.39,0.35,41.6382,84.6154,16.9922,42.7734,83.105,28.6184,111.1,106.8,89.9,44.2,9.5,6.4,0.27,0.498,29.2,23.2,44.2,32.6,23.0,6.92513,-0.27819,-0.0019870714285714,24.645973556158207,2023,AAA
Luis Urías,MIL,649966.0,sa828496,28,10363,139,116,0.233,0.345,0.379,0.0,4,19.0,34,13.7,24.5,89.0,0.287,0.322,0.32299999999999995,28.8344,81.0056,12.0954,44.4634,68.5824,26.0073,108.3,102.1,88.0,28.6,9.5,5.8,0.214,0.395,26.2,34.5,41.7,23.8,18.0,2.92638,-0.512137,-0.0036844388489208,16.391430610138713,2023,AAA
Chavez Young,0,669945.0,sa918963,28,10329,138,110,0.191,0.341,0.364,0.0,3,23.0,29,16.7,21.0,80.0,0.225,0.316,0.309,23.0986,84.0659,8.7097,42.7419,68.6792,20.4545,107.9,102.5,88.1,34.1,4.9,2.9,0.20800000000000002,0.301,17.2,50.6,32.6,16.9,8.0,8.79256,1.39614,0.0101169565217391,19.74723180846266,2023,AAA
Joey Loperfido,TOR,694388.0,sa3017050,26,9655,137,118,0.22899999999999998,0.32799999999999996,0.39799999999999996,0.0,5,16.0,45,11.7,32.8,89.0,0.319,0.32,0.308,33.4448,80.3797,15.625,45.0368,64.4898,32.9457,107.6,102.3,87.5,41.9,6.8,3.6,0.215,0.376,12.0,52.0,26.7,21.3,6.0,3.8948,0.117826,0.0008600437956204,20.4261136888272,2023,AAA
Jordan Walker,STL,691023.0,sa3014464,23,8549,135,113,0.239,0.348,0.39799999999999996,0.0,4,16.0,32,11.9,23.7,90.0,0.29100000000000004,0.33,0.34600000000000003,31.6294,82.4818,11.6105,41.3858,61.99100000000001,26.2712,114.7,108.5,92.4,49.4,9.6,5.9,0.244,0.40299999999999997,9.6,44.6,30.1,25.3,11.0,4.4138,0.596117,0.0044156814814814,40.58645971732781,2023,AAA
Christopher Morel,TBR,666624.0,sa3003171,26,9612,134,115,0.33,0.425,0.73,0.0,11,17.0,41,12.7,30.6,174.0,0.429,0.47600000000000003,0.386,33.7662,72.1854,17.8503,40.8829,70.892,36.4706,114.2,109.3,92.5,54.1,20.3,11.2,0.243,0.563,25.7,40.5,43.2,16.2,15.0,7.66373,0.109904,0.0008201791044776,35.05877597857652,2023,AAA
JJ Bleday,ATH,668709.0,sa3011642,27,10201,133,108,0.33299999999999996,0.444,0.667,0.0,8,23.0,18,17.3,13.5,152.0,0.33299999999999996,0.45899999999999996,0.41600000000000004,20.5575,80.4348,9.9206,43.0556,63.5945,25.3807,109.2,105.1,90.7,50.5,13.2,9.0,0.29,0.536,17.4,41.4,40.2,18.4,14.0,5.82639,-0.502091,-0.0037751203007518,29.21946054757253,2023,AAA
Jacob Hurtubise,0,674441.0,sa3014820,27,10170,133,97,0.371,0.526,0.44299999999999995,0.0,1,29.0,14,21.8,10.5,173.0,0.41700000000000004,0.43700000000000006,0.415,21.4521,90.1408,6.1338,43.6803,60.4255,15.942,102.0,95.6,82.0,12.9,1.2,0.8,0.332,0.40299999999999997,12.4,41.9,24.4,33.7,10.0,5.4575,0.5335949999999999,0.004011992481203,19.485998888955077,2023,AAA
Will Benson,CIN,666181.0,sa917927,27,9985,133,97,0.20600000000000002,0.406,0.402,0.0,3,32.0,35,24.1,26.3,115.0,0.27899999999999997,0.363,0.342,17.8771,80.3681,11.6969,41.0214,65.4618,31.2775,113.8,106.7,92.6,40.6,10.9,5.3,0.20199999999999999,0.325,28.1,37.5,39.1,23.4,15.0,8.91717,1.4658200000000001,0.0110212030075187,30.986400032091456,2023,AAA
Quincy Hamilton,0,680810.0,sa3017215,27,9989,132,112,0.223,0.33299999999999996,0.43799999999999994,0.0,7,16.0,21,12.1,15.9,95.0,0.212,0.336,0.306,27.1478,89.0909,7.7358,45.0943,69.0377,16.8033,109.6,104.0,88.7,37.4,3.3,2.3,0.218,0.33799999999999997,23.9,47.8,35.9,16.3,11.0,3.43759,-0.27420700000000003,-0.0020773257575757,23.457129954573574,2023,AAA
Ronny Simon,PIT,682927.0,sa3008365,25,9314,131,111,0.27,0.374,0.423,0.0,3,18.0,26,13.7,19.8,105.0,0.325,0.35100000000000003,0.309,28.5714,86.0294,9.3633,38.3895,66.3415,21.7391,107.9,104.5,87.2,31.4,5.8,3.8,0.222,0.33299999999999996,13.3,43.3,37.8,18.9,13.0,4.25824,-0.220392,-0.0016823816793893,26.338307710822,2023,AAA
Luke Waddell,ATL,680672.0,sa3017075,27,9958,130,103,0.214,0.341,0.272,0.0,0,20.0,15,15.4,11.5,70.0,0.239,0.28600000000000003,0.342,22.3776,87.8378,6.3953,44.5736,64.3478,15.565999999999999,101.9,98.0,86.4,22.6,0.0,0.0,0.27899999999999997,0.34,7.5,42.4,28.3,29.3,10.0,6.65005,-0.12315799999999999,-0.0009473692307692,21.615202838634698,2023,AAA
Nick Pratto,KCR,668472.0,sa3004138,27,9875,128,111,0.18,0.273,0.342,0.0,4,13.0,37,10.2,28.9,50.0,0.222,0.272,0.284,28.6145,88.4354,10.6383,41.1348,63.3621,24.7934,106.1,101.2,86.8,27.6,5.3,3.1,0.207,0.34299999999999997,23.7,24.0,46.7,29.3,20.0,3.22098,-0.148779,-0.0011623359375,14.741548339571311,2023,AAA
Alek Thomas,ARI,677950.0,sa3006892,25,9303,125,111,0.342,0.4,0.514,0.0,3,11.0,20,8.8,16.0,116.0,0.389,0.391,0.363,26.1044,91.2162,8.0745,48.4472,63.2479,18.3099,109.2,105.5,92.7,49.5,7.5,5.6,0.311,0.45899999999999996,4.2,54.3,23.9,21.7,6.0,7.1866,0.240662,0.001925296,38.636856058902396,2023,AAA
Adam Hackenberg,CHW,680753.0,sa3017041,26,9538,125,112,0.259,0.32799999999999996,0.39299999999999996,0.0,3,11.0,30,8.8,24.0,73.0,0.325,0.316,0.302,32.5758,82.2368,14.135,44.3038,72.381,28.1513,105.7,100.1,86.0,30.1,4.8,3.2,0.253,0.354,13.3,41.5,28.0,30.5,12.0,2.8418,0.0236692,0.0001893536,16.34083369699593,2023,AAA
Blake Hunt,SEA,675448.0,sa3004153,26,9836,125,113,0.265,0.32,0.522,0.0,6,8.0,22,6.4,17.6,98.0,0.276,0.354,0.332,39.3443,87.6712,12.3894,46.0177,70.1923,23.1405,112.3,105.3,87.6,34.4,9.7,7.2,0.261,0.434,19.4,30.1,44.1,25.8,20.0,2.4981,-0.623972,-0.004991776,24.333164569579488,2023,AAA
Jhailyn Ortiz,0,665560.0,sa920180,26,9829,125,104,0.26899999999999996,0.376,0.48100000000000004,0.0,5,18.0,29,14.4,23.2,117.0,0.319,0.369,0.342,28.7719,75.7764,15.1456,44.6602,70.0,32.0988,117.0,107.5,91.2,51.9,11.7,7.2,0.233,0.43200000000000005,23.4,48.0,34.7,17.3,12.0,4.10121,-0.501117,-0.004008935999999999,31.547971856770026,2023,AAA
Ben Rortvedt,LAD,666163.0,sa917942,28,10251,124,105,0.28600000000000003,0.395,0.505,0.0,6,16.0,31,12.9,25.0,129.0,0.353,0.39,0.311,28.4672,83.8462,12.2661,43.0353,62.8019,28.3654,108.6,104.6,88.6,39.2,6.8,4.0,0.21899999999999997,0.349,13.4,52.7,24.3,23.0,7.0,4.06076,0.190607,0.0015371532258064,18.236635551735922,2023,AAA
Christian Koss,SFG,683766.0,sa3011227,27,10124,123,114,0.237,0.285,0.35100000000000003,0.0,1,5.0,26,4.1,21.1,55.0,0.295,0.278,0.251,40.553000000000004,79.5775,15.3465,46.2871,75.9358,26.9565,109.8,102.5,86.1,30.3,2.2,1.6,0.218,0.29600000000000004,12.2,48.2,28.2,23.5,5.0,5.55922,-0.23499299999999998,-0.0019105121951219,13.898017866672175,2023,AAA
Jorbit Vivas,NYY,678391.0,sa3005511,24,8987,121,102,0.225,0.33899999999999997,0.294,0.0,1,15.0,19,12.4,15.7,68.0,0.265,0.293,0.301,27.8008,93.0769,9.2417,42.891000000000005,71.8232,19.797,107.3,100.5,84.4,26.5,2.4,1.7,0.22899999999999998,0.312,14.3,51.2,29.8,19.0,12.0,6.36947,0.113843,0.0009408512396694,25.48422686953974,2023,AAA
Joseph Rosa,0,660563.0,sa872490,28,10451,121,105,0.276,0.364,0.36200000000000004,0.0,0,13.0,28,10.7,23.1,92.0,0.37200000000000005,0.325,0.301,26.1324,83.8983,9.6078,43.7255,52.9148,25.3886,107.2,102.6,86.0,35.9,2.6,1.7,0.242,0.319,20.5,44.2,28.6,27.3,11.0,4.62775,-0.09009589999999999,-0.000744594214876,12.99347960065593,2023,AAA
Brett Baty,NYM,683146.0,sa3010869,25,9468,120,104,0.298,0.38299999999999995,0.625,0.0,10,15.0,29,12.5,24.2,143.0,0.318,0.42,0.40700000000000003,27.3333,78.1457,14.5068,41.9729,69.5853,32.1888,112.9,107.4,96.1,57.9,14.5,9.2,0.3,0.579,17.1,43.4,31.6,25.0,14.0,2.71444,-0.776309,-0.0064692416666666,36.760757017877616,2023,AAA
Jose Herrera,0,645444.0,sa830295,28,10462,118,101,0.257,0.364,0.376,0.0,2,15.0,20,12.7,16.9,79.0,0.304,0.332,0.284,27.6,91.12899999999999,9.628,45.2954,59.9034,22.7979,109.2,97.6,84.3,27.2,2.5,1.7,0.218,0.27899999999999997,11.0,58.8,17.5,23.8,1.0,3.7422199999999997,-0.143404,-0.0012152881355932,13.141295984070974,2023,AAA
Paul McIntosh,PHI,682192.0,sa3017372,27,10191,117,100,0.23,0.33299999999999996,0.38,0.0,5,13.0,32,11.1,27.4,87.0,0.281,0.317,0.32,29.7794,77.3438,14.5228,43.5685,60.9524,33.4928,110.7,104.7,90.5,44.9,8.7,5.1,0.23,0.382,10.5,52.9,30.9,16.2,4.0,1.9372099999999999,-0.187351,-0.0016012905982905,20.420050957334173,2023,AAA
Tyler Freeman,COL,671289.0,sa3004755,26,9645,115,90,0.322,0.461,0.467,0.0,2,15.0,16,13.0,13.9,145.0,0.37,0.41100000000000003,0.389,26.3566,87.3874,6.4073,40.9611,62.0112,15.6425,109.5,106.1,85.6,38.7,1.3,0.9,0.306,0.40399999999999997,19.7,40.8,26.3,32.9,10.0,8.63231,1.75203,0.0152350434782608,30.77671704457187,2023,AAA
Owen Miller,COL,680911.0,sa3006673,28,10561,115,105,0.28600000000000003,0.33899999999999997,0.47600000000000003,0.0,4,6.0,17,5.2,14.8,102.0,0.306,0.35,0.3,33.3333,85.2713,8.8435,44.2177,66.1538,18.4834,109.2,99.6,84.7,22.5,5.6,4.3,0.24100000000000002,0.389,12.4,48.9,29.5,21.6,10.0,3.02346,0.05122090000000001,0.0004453991304347,11.775203640920974,2023,AAA
Maikel Garcia,KCR,672580.0,sa3003246,25,9358,112,95,0.242,0.348,0.34700000000000003,0.0,1,16.0,22,14.3,19.6,78.0,0.301,0.313,0.309,20.0,81.5385,7.5203,47.1545,56.0345,20.3297,106.7,102.2,90.3,45.8,1.4,0.9,0.247,0.317,6.8,56.2,17.8,26.0,2.0,3.4616300000000004,-0.8625229999999999,-0.0077010982142857,29.821370353577286,2023,AAA
Dillon Dingler,DET,693307.0,sa3014528,27,9894,109,99,0.20199999999999999,0.266,0.384,0.0,3,8.0,34,7.3,31.2,61.0,0.27,0.28,0.302,31.1111,84.507,15.7277,47.1831,70.6468,31.6038,108.5,104.4,89.7,47.0,12.1,7.3,0.21100000000000002,0.426,6.9,46.9,39.1,14.1,10.0,4.26786,-0.09918610000000001,-0.0009099642201834,20.952311070699658,2023,AAA
Alex McKenna,0,665173.0,sa3008003,28,10271,108,95,0.221,0.315,0.337,0.0,3,12.0,36,11.1,33.3,71.0,0.321,0.293,0.275,24.6964,79.2308,13.6069,46.6523,60.1852,32.9843,106.3,104.0,87.8,36.2,6.9,3.7,0.195,0.316,6.8,59.6,24.6,15.8,5.0,3.4965300000000004,-0.658273,-0.0060951203703703,13.034258839432125,2023,AAA
Luis García Jr.,WSN,671277.0,sa962605,25,9285,108,97,0.268,0.315,0.381,0.0,1,8.0,13,7.4,12.0,72.0,0.29100000000000004,0.301,0.255,40.6699,92.9204,9.6685,42.2652,73.8562,17.6768,109.6,103.7,86.8,27.6,0.0,0.0,0.223,0.292,14.9,46.5,27.9,25.6,10.0,4.93237,0.26224200000000003,0.0024281666666666,22.171994374271414,2023,AAA
Nick Raposo,SEA,695596.0,sa3015018,27,9999,108,95,0.23199999999999998,0.324,0.368,0.0,3,12.0,16,11.1,14.8,75.0,0.25,0.308,0.309,26.2673,85.0,7.7114,46.0199,54.0541,19.7452,105.3,102.4,88.5,32.9,2.5,1.9,0.25,0.34,20.3,41.0,32.1,26.9,11.0,1.7356,-0.154289,-0.0014286018518518,18.95505616611702,2023,AAA
Wade Meckler,SFG,685133.0,sa3020119,25,9310,101,82,0.354,0.465,0.5,0.0,2,18.0,20,17.8,19.8,154.0,0.44299999999999995,0.42100000000000004,0.36,20.7627,85.8491,9.0465,42.2983,61.2717,23.871,102.5,99.9,84.7,20.6,4.8,3.0,0.28,0.395,28.1,32.3,24.2,43.5,11.0,6.7579199999999995,1.24066,0.0122837623762376,26.88312147708196,2023,AAA
Mason Martin,0,676733.0,sa3004885,26,9634,100,91,0.22,0.29,0.35200000000000004,0.0,2,9.0,31,9.0,31.0,61.0,0.31,0.28300000000000003,0.293,27.7533,66.087,18.5644,43.8119,64.9718,42.1348,112.8,103.1,87.7,35.0,10.0,6.0,0.22,0.377,21.7,31.7,43.3,25.0,17.0,4.35184,-0.6184609999999999,-0.00618461,21.900844102405767,2023,AAA
Diego Infante,0,672653.0,sa3003280,26,9495,96,91,0.187,0.21899999999999997,0.253,0.0,1,3.0,35,3.1,36.5,9.0,0.28600000000000003,0.209,0.214,41.3978,72.8,21.5297,47.3088,74.8503,37.6238,109.2,101.7,83.8,35.1,5.3,3.1,0.19,0.262,1.8,55.4,21.4,23.2,3.0,4.914680000000001,0.306324,0.0031908749999999,13.748798090072436,2023,AAA
Damiano Palmegiani,TOR,671913.0,sa3017326,25,9397,96,74,0.284,0.42700000000000005,0.5539999999999999,0.0,4,15.0,28,15.6,29.2,150.0,0.386,0.41600000000000004,0.353,24.2009,83.5165,12.9477,39.6694,63.1944,32.6389,109.4,107.6,94.2,56.3,10.4,5.2,0.22699999999999998,0.39899999999999997,27.1,29.2,37.5,33.3,19.0,3.35239,0.0402002,0.0004187520833333,33.953814445772146,2023,AAA
Lawrence Butler,ATH,671732.0,sa3006873,25,9231,94,82,0.28,0.34,0.512,0.0,5,8.0,18,8.5,19.1,88.0,0.29,0.358,0.292,27.8351,79.1667,12.0643,47.9893,67.0391,25.8621,109.6,105.5,90.0,41.8,6.0,4.3,0.214,0.381,17.9,35.9,46.9,17.2,17.0,8.14478,1.5044,0.0160042553191489,31.308380609470127,2023,AAA
Hudson Haskin,BAL,681370.0,sa3014449,26,9786,93,80,0.263,0.366,0.46299999999999997,0.0,3,6.0,33,6.5,35.5,114.0,0.409,0.36200000000000004,0.289,36.2319,80.9524,16.4835,43.1319,66.87899999999999,33.3333,108.7,101.2,88.1,36.2,8.5,4.3,0.193,0.324,25.0,29.2,43.8,27.1,19.0,8.233080000000001,0.35949699999999996,0.0038655591397849,18.996503368994556,2023,AAA
Griffin Conine,MIA,665052.0,sa876060,28,10326,91,80,0.225,0.297,0.35,0.0,2,9.0,35,9.9,38.5,65.0,0.35600000000000004,0.284,0.35,29.2308,71.5385,18.75,47.0109,75.1445,36.8984,112.3,106.7,91.0,46.8,17.0,8.8,0.257,0.43200000000000005,17.0,42.6,29.8,27.7,11.0,5.66513,0.07877260000000001,0.0008656329670329,21.34958165633217,2023,AAA
Jackson Holliday,BAL,702616.0,sa3020241,21,7987,90,75,0.267,0.389,0.4,0.0,2,15.0,17,16.7,18.9,112.0,0.321,0.353,0.385,22.7027,84.46600000000001,10.5105,44.4444,69.5946,24.1379,104.9,102.5,90.6,43.1,5.2,3.3,0.305,0.446,13.8,50.0,20.7,29.3,4.0,3.61447,-0.46254399999999996,-0.0051393777777777,37.53574732358515,2023,AAA
Noah Campbell,0,668929.0,sa3014878,26,9631,90,83,0.217,0.278,0.301,0.0,2,6.0,22,6.7,24.4,48.0,0.271,0.26,0.22699999999999998,21.7949,80.6723,13.0303,52.7273,68.3908,28.1046,108.6,101.7,85.8,19.7,3.3,2.2,0.18100000000000002,0.255,18.0,47.5,32.8,19.7,10.0,1.5748,-0.6184609999999999,-0.0068717888888888,13.583403128187113,2023,AAA
José Rodríguez,LAD,692064.0,sa3015437,24,8858,88,86,0.244,0.261,0.37200000000000005,0.0,3,2.0,13,2.3,14.8,47.0,0.257,0.273,0.26,49.0566,77.0833,15.2027,46.2838,70.07300000000001,25.8621,107.6,102.1,86.8,30.1,2.7,2.3,0.25,0.33,23.0,41.4,37.1,21.4,12.0,0.0,0.0,0.0,17.561296494616784,2023,AAA
Brady Lindsly,WSN,686251.0,sa3014942,27,10088,81,70,0.243,0.309,0.429,0.0,4,7.0,28,8.6,34.6,78.0,0.317,0.314,0.23399999999999999,33.4975,86.3158,12.1469,42.6554,62.9139,26.3804,103.8,97.4,85.8,22.2,4.4,2.5,0.175,0.265,26.1,40.9,38.6,20.5,15.0,3.6724099999999997,0.0897932,0.0011085580246913,9.214150263356547,2023,AAA
Frankie Tostado,0,676762.0,sa3007030,27,10061,80,71,0.254,0.325,0.408,0.0,2,8.0,11,10.0,13.8,82.0,0.271,0.318,0.298,29.9465,79.0909,11.5727,44.5104,73.3333,23.494,105.7,102.6,90.4,44.3,4.9,3.8,0.23600000000000002,0.369,11.5,43.3,35.0,21.7,8.0,5.36257,-0.407441,-0.0050930125,21.893989721011025,2023,AAA
José Fermín,STL,665877.0,sa917339,26,9697,80,65,0.231,0.36200000000000004,0.49200000000000005,0.0,4,12.0,5,15.0,6.3,108.0,0.193,0.366,0.337,24.5509,92.8571,4.0,44.3333,63.1579,9.6,109.0,99.8,87.6,36.7,1.7,1.3,0.261,0.345,19.4,54.2,25.4,20.3,3.0,6.93117,0.0842829,0.00105353625,30.537941151086308,2023,AAA
Jaylen Palmer,CHC,681941.0,sa3008297,25,9211,79,64,0.25,0.38,0.594,0.0,6,13.0,29,16.5,36.7,133.0,0.33299999999999996,0.406,0.371,23.0366,78.6667,15.4321,41.0494,56.391000000000005,42.0168,107.8,105.4,93.1,61.1,19.4,8.9,0.21600000000000003,0.47,40.5,31.4,37.1,31.4,16.0,5.44876,-0.00744082,-9.418759493670886e-05,35.76567770701721,2023,AAA
Jordan Lawlar,ARI,691783.0,sa3017662,23,8494,79,66,0.348,0.43,0.606,0.0,5,9.0,12,11.4,15.2,142.0,0.353,0.434,0.386,21.9355,82.1782,10.8844,47.2789,72.6619,23.7037,108.6,102.0,87.2,33.9,8.9,6.3,0.309,0.498,12.3,47.4,31.6,21.1,13.0,7.34738,-0.0542895,-0.0006872088607594,37.33694443195094,2023,AAA
Marco Luciano,SFG,682617.0,sa3010022,24,8806,77,66,0.212,0.325,0.424,0.0,4,10.0,27,13.0,35.1,87.0,0.28600000000000003,0.32799999999999996,0.348,22.7778,65.625,17.0886,43.038000000000004,70.5882,39.4161,111.8,109.4,92.9,50.0,15.8,7.8,0.24600000000000002,0.435,20.5,54.1,16.2,29.7,4.0,1.39286,-0.0756855,-0.0009829285714285,35.92156557657033,2023,AAA
Leo Jiménez,TOR,677870.0,sa3006891,24,8919,77,63,0.19,0.33799999999999997,0.23800000000000002,0.0,0,9.0,15,11.7,19.5,65.0,0.25,0.28,0.27899999999999997,26.5896,88.8889,8.3851,46.2733,60.4027,19.8529,109.9,101.4,87.3,34.0,0.0,0.0,0.187,0.231,8.3,52.2,30.4,17.4,7.0,1.8988099999999999,-0.12673800000000002,-0.0016459480519479999,25.24595483614518,2023,AAA
Khalil Lee,0,666137.0,sa917996,27,9976,76,64,0.172,0.289,0.313,0.0,1,10.0,17,13.2,22.4,55.0,0.213,0.272,0.26899999999999996,30.1136,78.3505,15.2866,43.949,70.2899,32.0,111.2,108.2,91.7,45.8,6.3,3.9,0.17600000000000002,0.295,14.3,59.2,32.7,8.2,2.0,4.876869999999999,0.311835,0.0041030921052631,24.024090468717517,2023,AAA
Logan Driscoll,TBR,686482.0,sa3009882,27,10208,76,68,0.265,0.342,0.41200000000000003,0.0,2,7.0,20,9.2,26.3,89.0,0.348,0.331,0.278,30.303,80.7229,16.4286,41.0714,72.1739,34.5865,103.5,99.6,82.9,22.9,6.3,3.9,0.212,0.324,27.1,33.3,37.5,29.2,19.0,3.1834700000000002,-0.607441,-0.0079926447368421,9.063469353272172,2023,AAA
Matt Kroon,0,663714.0,sa3007502,28,10541,75,63,0.381,0.467,0.698,0.0,3,11.0,15,14.7,20.0,188.0,0.457,0.48100000000000004,0.358,28.3951,83.0986,11.4187,43.9446,55.9055,28.2051,111.7,107.1,88.3,36.7,12.2,8.0,0.254,0.466,18.0,46.9,28.6,24.5,7.0,6.636989999999999,-0.321206,-0.0042827466666666,19.899305779257013,2023,AAA
Alex Kirilloff,0,666135.0,sa917929,27,10203,73,65,0.369,0.43799999999999994,0.662,0.0,5,6.0,13,8.2,17.8,170.0,0.40399999999999997,0.46399999999999997,0.442,29.7753,82.3529,10.4027,40.2685,70.8333,22.4638,105.5,103.7,91.6,48.1,17.3,12.3,0.33299999999999996,0.644,24.6,38.5,34.6,26.9,15.0,4.044969999999999,-0.22397199999999998,-0.003068109589041,23.8720092044116,2023,AAA
Ross Adolph,0,680244.0,sa3006666,28,10529,72,61,0.23,0.34700000000000003,0.426,0.0,3,6.0,30,8.3,41.7,100.0,0.39299999999999996,0.342,0.342,29.4118,66.6667,19.9288,45.5516,60.9375,45.5285,108.9,107.5,97.8,71.0,16.1,6.9,0.225,0.43200000000000005,12.5,51.6,19.4,29.0,0.0,0.620798,-0.0756855,-0.0010511875,15.87194538618536,2023,AAA
Nick Madrigal,NYM,663611.0,sa3008139,28,10452,70,59,0.424,0.514,0.6779999999999999,0.0,1,8.0,7,11.4,10.0,197.0,0.47100000000000003,0.502,0.35100000000000003,29.5181,100.0,3.5336,41.3428,47.8632,9.5238,103.0,100.4,85.3,26.9,0.0,0.0,0.3,0.353,11.5,46.2,23.1,30.8,7.0,5.14286,-0.143269,-0.0020467,14.625890872048707,2023,AAA
Jameson Hannah,0,680683.0,sa3007046,28,10297,69,60,0.267,0.348,0.28300000000000003,0.0,0,8.0,11,11.6,15.9,55.0,0.32,0.29100000000000004,0.33899999999999997,26.1905,93.9759,7.6923,48.9879,68.595,16.3793,106.3,102.9,87.1,34.0,2.0,1.4,0.285,0.365,3.9,53.1,20.4,26.5,3.0,4.86278,0.16961099999999998,0.0024581304347826,18.07203072027073,2023,AAA
Terrin Vavra,0,679631.0,sa3007643,28,10384,68,63,0.33299999999999996,0.382,0.524,0.0,2,3.0,13,4.4,19.1,130.0,0.396,0.389,0.368,30.9524,75.2475,16.0,49.6,81.4516,28.5714,106.9,101.4,86.9,32.0,8.0,5.9,0.322,0.475,12.0,50.0,16.0,34.0,4.0,7.05057,-0.20193,-0.0029695588235294,16.060367179684167,2023,AAA
Travis Swaggerty,0,680552.0,sa3007512,28,10287,67,61,0.18,0.254,0.32799999999999996,0.0,1,5.0,19,7.5,28.4,60.0,0.244,0.256,0.252,32.1678,75.9494,17.5781,44.1406,69.9115,36.0,108.3,105.1,83.4,27.5,2.5,1.5,0.19899999999999998,0.278,17.0,50.0,26.1,23.9,4.0,8.62473,0.0311315,0.0004646492537313,10.053285179949164,2023,AAA
Hunter Goodman,COL,696100.0,sa3017173,26,9508,67,62,0.371,0.418,0.903,0.0,9,4.0,17,6.0,25.4,192.0,0.389,0.5379999999999999,0.391,37.9562,84.8485,16.5975,43.1535,63.4615,33.8983,111.5,107.0,91.7,42.2,20.0,13.4,0.294,0.578,22.2,40.5,33.3,26.2,9.0,2.48932,-0.590554,-0.0088142388059701,29.88113764193477,2023,AAA
José Tena,WSN,677588.0,sa3005482,24,8976,66,60,0.35,0.39399999999999996,0.667,0.0,4,4.0,17,6.1,25.8,159.0,0.425,0.44,0.385,28.8732,78.3133,14.5522,47.0149,65.873,31.4516,107.3,104.7,91.6,43.2,15.9,10.6,0.29100000000000004,0.503,22.7,33.3,38.1,28.6,13.0,4.28523,-0.5854,-0.0088696969696969,32.51899473530023,2023,AAA
Cobie Fletcher-Vance,0,664697.0,sa3006860,28,10283,66,56,0.214,0.33299999999999996,0.321,0.0,1,9.0,14,13.6,21.2,77.0,0.268,0.3,0.315,29.7101,81.7073,16.25,42.5,80.3922,31.7073,104.2,103.0,86.2,31.0,2.4,1.5,0.243,0.326,7.1,53.7,17.1,29.3,3.0,1.08036,-0.09918610000000001,-0.0015028196969696,12.395483371401408,2023,AAA
Roberto Alvarez,0,666712.0,sa917107,26,9579,65,63,0.254,0.27699999999999997,0.302,0.0,1,1.0,18,1.5,27.7,41.0,0.341,0.256,0.193,39.8438,72.6027,18.9655,44.8276,70.1923,35.4839,105.8,98.1,81.9,28.9,0.0,0.0,0.182,0.222,13.3,63.6,25.0,11.4,3.0,1.47098,-0.0936757,-0.0014411646153846,7.2141739672691525,2023,AAA
Matt Gorski,LAD,685301.0,sa3010399,27,10159,65,58,0.19,0.262,0.414,0.0,3,6.0,15,9.2,23.1,61.0,0.195,0.28800000000000003,0.26899999999999996,35.4167,77.7778,16.1943,41.7004,69.9029,32.5203,110.1,106.6,85.7,27.3,11.4,7.7,0.191,0.35100000000000003,15.9,44.2,34.9,20.9,14.0,6.81234,0.744897,0.0114599538461538,15.814739943767028,2023,AAA
Eric Yang,CIN,687066.0,sa1169769,27,10065,65,61,0.27899999999999997,0.32299999999999995,0.344,0.0,0,4.0,17,6.2,26.2,70.0,0.386,0.29600000000000004,0.309,35.8974,87.6543,14.0426,50.2128,68.6441,26.8293,103.7,100.3,86.9,38.6,4.5,3.1,0.27,0.391,25.0,34.1,31.8,34.1,16.0,0.708333,-0.0936757,-0.0014411646153846,12.887985033714257,2023,AAA
Brice Turang,MIL,668930.0,sa3008294,25,9460,63,57,0.298,0.365,0.561,0.0,3,6.0,10,9.5,15.9,130.0,0.318,0.392,0.381,28.5714,89.5522,8.5366,45.935,59.292,20.0,107.2,102.0,87.8,42.6,19.1,14.3,0.281,0.5489999999999999,21.3,32.6,37.0,30.4,16.0,5.14455,0.322855,0.0051246825396825,33.12993026187353,2023,AAA
Yorvis Torrealba,0,688327.0,sa3010343,28,10323,63,57,0.24600000000000002,0.317,0.33299999999999996,0.0,1,4.0,13,6.3,20.6,59.0,0.302,0.293,0.289,32.1678,80.7692,15.0183,47.619,80.0,27.3333,107.0,102.3,89.3,45.5,2.3,1.6,0.247,0.32,13.3,60.5,27.9,11.6,8.0,5.21352,0.189528,0.0030083809523809,15.513916020076607,2023,AAA
Thomas Saggese,STL,695336.0,sa3014503,23,8591,63,58,0.207,0.27,0.345,0.0,1,3.0,14,4.8,22.2,50.0,0.256,0.271,0.28,37.8788,90.1235,10.0806,46.7742,69.8276,19.084,106.4,103.1,87.4,34.1,2.3,1.6,0.24,0.325,15.9,54.5,25.0,20.5,12.0,5.4801,0.13938599999999998,0.0022124761904761,22.22761469350841,2023,AAA
Julio Carreras,COL,679734.0,sa3005598,25,9410,62,51,0.255,0.371,0.373,0.0,1,10.0,14,16.1,22.6,80.0,0.324,0.33299999999999996,0.321,28.1879,79.7101,10.5263,39.6761,70.4082,23.4234,106.9,102.7,85.3,31.6,5.3,3.2,0.23399999999999999,0.34600000000000003,10.5,57.9,23.7,18.4,1.0,2.78278,-0.953225,-0.0153745967741935,23.51451165685487,2023,AAA
Onix Vega,NYM,681974.0,sa3008007,27,9904,62,54,0.204,0.29,0.222,0.0,0,6.0,11,9.7,17.7,35.0,0.25,0.24100000000000002,0.28,33.6,86.8852,9.5238,45.8874,57.5472,21.3592,101.1,97.3,82.8,23.3,2.3,1.6,0.222,0.27699999999999997,11.4,37.2,48.8,14.0,22.0,2.4737400000000003,-0.59091,-0.0095308064516129,12.640168528740695,2023,AAA
Henry Davis,PIT,680779.0,sa3017042,26,9525,61,48,0.375,0.508,0.604,0.0,2,12.0,13,19.7,21.3,188.0,0.485,0.475,0.40299999999999997,24.4898,84.6154,11.2,41.2,63.1068,27.7228,109.2,106.0,88.3,42.9,14.3,8.2,0.28300000000000003,0.48200000000000004,19.4,48.6,28.6,22.9,11.0,5.88169,-0.0349925,-0.0005736475409836,35.52745703209996,2023,AAA
Ryan McKenna,0,663630.0,sa875055,28,10472,61,55,0.182,0.262,0.418,0.0,3,6.0,21,9.8,34.4,65.0,0.226,0.29100000000000004,0.266,25.2033,76.8116,15.0442,45.5752,66.9903,34.0,106.5,103.7,83.0,41.2,5.9,3.3,0.187,0.33,5.9,55.9,26.5,17.6,2.0,8.84735,0.34489699999999995,0.0056540491803278,11.060626707137553,2023,AAA
Cristian Pache,ARI,665506.0,sa916722,26,9827,60,51,0.235,0.35,0.33299999999999996,0.0,1,8.0,13,13.3,21.7,81.0,0.297,0.312,0.32,22.8346,79.3651,12.7854,42.0091,68.4783,30.4348,108.9,100.9,92.2,39.5,0.0,0.0,0.259,0.33,8.9,54.1,16.2,29.7,6.0,5.5785599999999995,0.00357985,5.9664166666666664e-05,25.5555710880339,2023,AAA
Miguel Amaya,CHC,665804.0,sa917354,26,9717,59,48,0.313,0.441,0.479,0.0,1,10.0,14,16.9,23.7,134.0,0.424,0.40399999999999997,0.379,29.1667,83.9286,11.9342,40.7407,56.5657,29.5918,110.5,104.2,86.6,35.3,8.8,5.1,0.271,0.451,32.4,44.1,26.5,29.4,13.0,0.517857,-0.110207,-0.0018679152542372,26.226891420277664,2023,AAA
Patrick Bailey,SFG,672275.0,sa3014442,26,9637,59,50,0.2,0.305,0.34,0.0,2,7.0,15,11.9,25.4,73.0,0.235,0.289,0.265,33.0769,78.8732,14.0271,41.1765,78.02199999999999,27.193,108.8,100.9,85.9,33.3,5.6,3.4,0.157,0.322,16.2,38.2,41.2,20.6,13.0,3.2925400000000002,0.136265,0.0023095762711864,18.473181150162464,2023,AAA
Ryan Mountcastle,BAL,663624.0,sa874734,28,10468,58,54,0.222,0.276,0.29600000000000004,0.0,1,4.0,17,6.9,29.3,46.0,0.306,0.256,0.307,41.2281,73.75,18.5714,45.7143,83.3333,30.7087,112.4,104.9,91.1,55.6,8.3,5.2,0.24,0.413,18.9,33.3,36.1,30.6,17.0,1.60119,-0.0771447,-0.0013300810344827,15.940023934873805,2023,AAA
Drew Waters,KCR,671221.0,sa3004378,26,9786,58,52,0.327,0.397,0.635,0.0,2,6.0,13,10.3,22.4,149.0,0.405,0.43,0.37200000000000005,30.7087,87.1429,10.0457,42.0091,76.087,20.1835,111.8,104.3,87.0,33.3,10.3,6.9,0.301,0.48700000000000004,20.5,44.7,26.3,28.9,8.0,8.52973,0.328366,0.0056614827586206,29.19172210748448,2023,AAA
Justice Bigbie,DET,694425.0,sa3016971,26,9762,58,51,0.275,0.345,0.392,0.0,1,5.0,15,8.6,25.9,92.0,0.361,0.324,0.299,41.129,82.5397,16.0976,39.5122,77.7778,28.9474,109.4,106.0,91.0,48.6,10.8,6.9,0.231,0.35700000000000004,2.7,40.5,29.7,29.7,8.0,0.9067459999999999,-0.0881654,-0.0015200931034482,22.581623511363908,2023,AAA
Rodolfo Castro,PHI,666801.0,sa917362,26,9645,57,52,0.192,0.24600000000000002,0.34600000000000003,0.0,2,3.0,21,5.3,36.8,42.0,0.267,0.256,0.245,37.7483,72.7273,18.3673,38.3673,70.2128,36.5854,105.9,102.3,85.1,40.6,6.3,3.5,0.204,0.294,25.0,40.0,46.7,13.3,19.0,2.3587700000000003,-0.0551034,-0.0009667263157894,11.873758431603274,2023,AAA
Jordy Barley,0,672357.0,sa3004148,25,9449,57,51,0.294,0.368,0.41200000000000003,0.0,2,6.0,23,10.5,40.4,93.0,0.5,0.345,0.251,36.0294,71.831,20.332,43.5685,67.619,40.8333,105.9,102.3,85.1,46.4,3.6,1.8,0.18,0.285,13.3,50.0,25.0,25.0,4.0,6.974360000000001,0.700835,0.0122953508771929,16.813343236301268,2023,AAA
Marcos Gonzalez,0,672733.0,sa3003311,26,9505,56,49,0.14300000000000002,0.23199999999999998,0.184,0.0,0,2.0,15,3.6,26.8,18.0,0.2,0.2,0.21600000000000003,39.2857,76.4706,16.0173,39.3939,56.044,34.9057,105.5,101.2,86.8,40.0,0.0,0.0,0.156,0.203,16.7,58.3,25.0,16.7,6.0,2.6428599999999998,-0.07163439999999999,-0.0012791857142857,12.128818001359026,2023,AAA
Anthony Mulrine,0,688226.0,sa1170373,27,10062,56,47,0.149,0.28600000000000003,0.191,0.0,0,7.0,13,12.5,23.2,26.0,0.20600000000000002,0.23600000000000002,0.267,29.0,75.7576,13.369000000000002,46.5241,75.8621,26.3158,107.4,99.3,82.0,17.6,0.0,0.0,0.191,0.23,20.6,44.1,29.4,26.5,12.0,2.19643,-0.055768200000000004,-0.0009958607142857,11.345643463980384,2023,AAA
Brenton Doyle,COL,686668.0,sa3009965,27,10017,56,48,0.313,0.41100000000000003,0.6459999999999999,0.0,5,8.0,19,14.3,33.9,135.0,0.41700000000000004,0.442,0.434,32.3529,67.1642,19.3833,40.0881,73.6264,39.6396,112.8,109.1,89.2,57.1,25.0,12.5,0.284,0.649,13.3,34.6,38.5,26.9,8.0,4.53061,0.13228099999999998,0.0023621607142857,27.12735808345965,2023,AAA
Trevor Schwecke,0,673893.0,sa3009874,27,10164,55,49,0.265,0.33299999999999996,0.36700000000000005,0.0,1,4.0,20,7.3,36.4,83.0,0.429,0.312,0.235,44.2478,78.2609,18.5366,44.878,75.0,31.9328,105.8,96.8,77.1,20.0,6.7,3.6,0.17600000000000002,0.26,13.8,60.7,17.9,21.4,1.0,1.08036,-0.08265510000000001,-0.00150282,6.459125337780756,2023,AAA
Miguel Hernandez,0,665912.0,sa917055,26,9684,55,53,0.28300000000000003,0.309,0.358,0.0,1,1.0,17,1.8,30.9,68.0,0.4,0.294,0.258,42.4528,76.3889,18.5366,48.2927,72.7273,32.4786,105.5,101.6,88.1,40.0,2.9,1.8,0.24600000000000002,0.303,5.6,65.7,11.4,22.9,3.0,2.43452,-0.08265510000000001,-0.00150282,13.137844937512838,2023,AAA
Steward Berroa,MIL,672642.0,sa3003276,26,9631,51,43,0.14,0.275,0.209,0.0,0,7.0,13,13.7,25.5,39.0,0.2,0.235,0.239,22.5,85.4545,9.0909,42.5837,61.7978,23.1707,103.9,94.5,85.2,10.0,0.0,0.0,0.163,0.192,15.2,46.9,34.4,18.8,15.0,7.15365,0.733876,0.014389725490196001,16.06599047710506,2023,AAA
Royce Lewis,MIN,668904.0,sa3004259,26,9631,51,45,0.35600000000000004,0.41200000000000003,0.778,0.0,6,5.0,13,9.8,25.5,179.0,0.37,0.484,0.379,29.1667,82.6923,14.6465,39.3939,66.6667,33.3333,111.2,106.9,93.2,48.5,15.2,9.8,0.28,0.562,30.3,40.6,37.5,21.9,14.0,4.9092400000000005,0.0256212,0.0005023764705882,32.492019682756556,2023,AAA
Alex McGarry,0,685127.0,sa3015015,27,10020,50,47,0.17,0.22,0.36200000000000004,0.0,2,3.0,19,6.0,38.0,38.0,0.231,0.249,0.27899999999999997,38.7097,70.0,22.7723,38.6139,76.9231,42.5926,114.0,106.6,91.3,42.9,14.3,8.0,0.18600000000000003,0.418,17.9,44.4,44.4,11.1,16.0,0.767857,-0.0385724,-0.000771448,18.487875752599226,2023,AAA
Akil Baddoo,0,668731.0,sa917953,27,9925,49,40,0.275,0.38799999999999996,0.475,0.0,1,8.0,10,16.3,20.4,123.0,0.33299999999999996,0.371,0.308,19.8113,91.8033,7.3892,47.7833,62.8866,18.2927,110.2,105.1,89.5,22.6,6.5,4.1,0.192,0.27699999999999997,12.9,51.6,29.0,19.4,6.0,6.40715,-0.174379,-0.0035587551020408,26.446170541749886,2023,AAA
Josh Breaux,PHI,677007.0,sa3008051,28,10239,49,42,0.214,0.327,0.524,0.0,4,5.0,8,10.2,16.3,107.0,0.16699999999999998,0.36200000000000004,0.331,36.7816,83.3333,16.9811,45.283,75.0,31.3953,113.1,104.6,91.3,50.0,11.8,8.2,0.233,0.40299999999999997,14.7,44.1,38.2,17.6,13.0,4.4012400000000005,0.13938599999999998,0.0028446122448979,24.252875466936693,2023,AAA
Vito Friscia,0,687347.0,sa3010712,28,10528,47,38,0.263,0.38299999999999995,0.5,0.0,3,7.0,12,14.9,25.5,121.0,0.292,0.37799999999999995,0.289,21.875,73.3333,12.8205,50.7692,60.6061,30.8642,103.1,101.0,88.7,37.0,7.4,4.3,0.17,0.293,14.8,38.5,46.2,15.4,21.0,0.857143,-0.08265510000000001,-0.0017586191489361,12.138418085963757,2023,AAA
Ramón Rodríguez,MIL,670232.0,sa918698,26,9847,47,39,0.282,0.38299999999999995,0.33299999999999996,0.0,0,7.0,3,14.9,6.4,94.0,0.297,0.326,0.39899999999999997,33.945,91.6667,5.5556,39.4444,67.6056,11.7647,107.2,103.0,89.0,43.2,5.4,4.3,0.33399999999999996,0.49200000000000005,18.4,48.6,24.3,27.0,7.0,3.6311,0.11183499999999999,0.0023794680851063,29.68114894687772,2023,AAA
Nelson Medina,0,678729.0,sa3005549,25,9168,47,45,0.156,0.191,0.2,0.0,0,2.0,15,4.3,31.9,-9.0,0.233,0.17600000000000002,0.212,38.3838,75.8621,21.4286,45.6044,69.8795,40.625,109.3,103.6,83.4,20.0,3.3,2.1,0.18,0.261,2.2,56.7,33.3,10.0,6.0,8.33641,-0.141317,-0.003006744680851,14.173455203859728,2023,AAA
Oswaldo Cabrera,NYY,665828.0,sa916954,26,9725,46,40,0.225,0.326,0.4,0.0,2,5.0,9,10.9,19.6,84.0,0.24100000000000002,0.321,0.302,24.7525,82.1429,10.8108,45.4054,66.6667,24.6914,104.9,98.3,87.5,25.8,6.5,4.3,0.21600000000000003,0.35600000000000004,12.9,45.2,38.7,16.1,14.0,4.99697,-0.163358,-0.0035512608695652,20.587301206225263,2023,AAA
Aaron Antonini,0,689577.0,sa3010906,27,9944,46,34,0.20600000000000002,0.391,0.382,0.0,1,6.0,13,13.0,28.3,105.0,0.28600000000000003,0.35100000000000003,0.336,23.4568,75.3623,13.8554,51.2048,81.1765,26.1364,108.8,97.2,82.8,22.7,4.5,2.2,0.17800000000000002,0.287,40.9,22.7,45.5,31.8,23.0,8.13155,0.117345,0.0025509782608695,19.681566500415126,2023,AAA
Yoelqui Céspedes,CHW,673461.0,sa3015137,28,10253,46,46,0.348,0.348,0.5429999999999999,0.0,1,0.0,7,0.0,15.2,118.0,0.395,0.37799999999999995,0.307,56.044,94.5455,15.894,39.7351,91.6667,22.6415,108.6,104.0,85.1,30.8,5.1,4.3,0.28600000000000003,0.43200000000000005,20.0,32.5,32.5,35.0,16.0,4.45615,-0.8495719999999999,-0.0184689565217391,14.618106264032411,2023,AAA
Michael Sandle,0,688403.0,sa3017048,27,9891,45,36,0.19399999999999998,0.311,0.5,0.0,3,4.0,11,8.9,24.4,94.0,0.174,0.33799999999999997,0.349,27.6596,86.0465,9.1463,42.6829,61.4286,21.7391,110.3,104.6,89.3,53.8,11.5,6.7,0.23,0.45299999999999996,25.9,44.0,44.0,12.0,11.0,5.9602,0.164149,0.0036477555555555,29.159551035739426,2023,AAA
Jax Biggers,TEX,680890.0,sa3008251,28,10419,45,39,0.308,0.4,0.359,0.0,0,6.0,11,13.3,24.4,101.0,0.429,0.344,0.263,26.087,78.4314,12.9213,48.3146,59.3023,30.6667,99.3,94.9,84.5,10.7,0.0,0.0,0.198,0.253,24.1,42.9,28.6,28.6,13.0,2.3511900000000003,-0.6025050000000001,-0.013388999999999998,7.573432897870172,2023,AAA
Tucupita Marcano,SDP,672779.0,sa3002857,26,9531,44,41,0.415,0.455,0.659,0.0,1,3.0,8,6.8,18.2,190.0,0.5,0.47100000000000003,0.335,30.0,90.2439,10.559000000000001,44.0994,57.7465,25.0,102.7,99.0,89.2,31.3,0.0,0.0,0.298,0.419,8.8,37.8,29.7,32.4,18.0,8.17399,0.528366,0.0120083181818181,23.426349512367967,2023,AAA
Corey Rosier,BOS,681468.0,sa3016961,26,9539,44,39,0.282,0.364,0.359,0.0,0,4.0,10,9.1,22.7,88.0,0.379,0.325,0.312,34.9398,87.8049,10.6667,44.6667,61.193999999999996,22.8571,106.5,99.1,82.8,24.1,0.0,0.0,0.273,0.327,13.8,34.5,34.5,31.0,13.0,2.90598,-0.568868,-0.0129288181818181,15.493379618768149,2023,AAA
Hendrik Clementina,0,649955.0,sa828422,28,10350,43,41,0.317,0.326,0.46299999999999997,0.0,1,1.0,12,2.3,27.9,94.0,0.414,0.33399999999999996,0.245,27.3973,77.6119,16.0256,53.2051,80.7229,28.7356,112.6,107.2,89.1,40.0,6.7,4.7,0.21600000000000003,0.33399999999999996,13.3,53.3,23.3,23.3,11.0,0.14285699999999998,-0.0551034,-0.0012814744186046,13.778240780697482,2023,AAA
Jarred Kelenic,0,672284.0,sa3007741,26,9590,43,36,0.306,0.395,0.47200000000000003,0.0,1,6.0,11,14.0,25.6,116.0,0.4,0.374,0.42200000000000004,28.5714,80.8511,14.3678,39.6552,68.1159,32.4675,106.8,104.0,93.6,57.7,15.4,9.3,0.308,0.5329999999999999,15.4,53.8,19.2,26.9,8.0,5.14542,0.148215,0.0034468604651162,32.59809499555704,2023,AAA
Evan Edwards,0,657212.0,sa3009866,28,10346,42,33,0.273,0.405,0.424,0.0,1,8.0,12,19.0,28.6,112.0,0.381,0.365,0.366,29.0598,75.6757,14.8571,33.1429,63.7931,36.6197,107.0,103.3,87.5,31.8,4.5,2.4,0.278,0.39799999999999996,18.2,40.9,27.3,31.8,12.0,6.42004,0.117345,0.0027939285714285,16.955411420909773,2023,AAA
Meibrys Viloria,0,650619.0,sa830182,28,10472,42,38,0.21100000000000002,0.28600000000000003,0.342,0.0,1,4.0,13,9.5,31.0,50.0,0.292,0.278,0.187,25.641,86.0465,10.1351,47.2973,61.4286,23.8095,103.6,101.7,84.0,28.0,0.0,0.0,0.13699999999999998,0.171,8.0,56.0,16.0,28.0,4.0,0.14285699999999998,-0.016531,-0.0003935952380952,6.164545267787354,2023,AAA
Kerry Carpenter,DET,681481.0,sa3010689,28,10274,40,35,0.171,0.275,0.28600000000000003,0.0,1,5.0,12,12.5,30.0,48.0,0.22699999999999998,0.256,0.32,31.8681,90.6977,10.9756,44.5122,58.9041,25.0,108.2,103.5,90.3,34.8,4.3,2.5,0.22699999999999998,0.406,0.0,40.9,27.3,31.8,5.0,1.39286,-0.049593,-0.001239825,16.16385663873657,2023,AAA
Aaron Palensky,0,695312.0,sa3015077,27,9890,39,30,0.16699999999999998,0.359,0.4,0.0,2,7.0,13,17.9,33.3,98.0,0.2,0.342,0.29100000000000004,31.9149,83.3333,14.5455,43.0303,67.6056,30.7692,102.4,97.8,80.3,23.5,5.9,2.6,0.155,0.235,29.4,31.2,31.2,37.5,15.0,4.36918,-0.6550819999999999,-0.0167969743589743,13.183018517010293,2023,AAA
Ji Hwan Bae,PIT,678225.0,sa3006895,26,9580,39,32,0.344,0.462,0.531,0.0,1,7.0,10,17.9,25.6,159.0,0.47600000000000003,0.43,0.33399999999999996,25.0,87.7551,10.0,49.3333,66.2162,22.0588,105.1,104.0,89.9,40.9,4.5,2.6,0.242,0.359,0.0,54.5,18.2,27.3,1.0,6.13652,0.322855,0.0082783333333333,29.13095256907868,2023,AAA
Evan Carter,TEX,694497.0,sa3014490,23,8452,39,34,0.353,0.436,0.382,0.0,0,4.0,6,10.3,15.4,119.0,0.429,0.371,0.355,23.6111,91.1765,7.7519,44.18600000000001,59.6491,19.6078,106.4,102.7,87.5,39.3,0.0,0.0,0.31,0.39299999999999996,3.6,46.4,25.0,28.6,10.0,5.93014,-0.00250473,-6.422384615384615e-05,32.47927609466491,2023,AAA
Fernando Tatis Jr.,SDP,665487.0,sa919910,26,9784,39,33,0.515,0.59,0.212,0.0,7,6.0,3,15.4,7.7,301.0,0.435,0.7120000000000001,0.522,29.2683,89.3617,8.6331,41.0072,82.4561,16.9014,115.4,111.5,94.0,60.0,20.0,15.4,0.365,0.812,23.3,33.3,43.3,23.3,19.0,4.75784,0.34423200000000004,0.0088264615384615,39.40600061508614,2023,AAA
Jose Peroza,0,672692.0,sa3003288,25,9257,38,30,0.33299999999999996,0.474,0.633,0.0,2,6.0,8,15.8,21.1,176.0,0.4,0.467,0.37799999999999995,32.2581,85.0,12.5828,38.4106,68.9655,27.1429,104.9,100.1,82.5,22.7,9.1,5.3,0.24600000000000002,0.435,10.3,45.5,45.5,9.1,10.0,5.14286,-0.0771447,-0.0020301236842105,25.60873227828637,2023,AAA
Johan Lopez,0,672517.0,sa3003228,25,9214,38,27,0.222,0.42100000000000004,0.222,0.0,0,10.0,10,26.3,26.3,93.0,0.33299999999999996,0.322,0.313,24.2718,75.5556,15.6069,40.4624,64.2857,38.5714,103.7,97.4,81.5,27.8,0.0,0.0,0.179,0.242,21.1,38.9,44.4,16.7,17.0,2.13536,-0.39091,-0.0102871052631578,17.13733256832501,2023,AAA
Francisco Urbaez,CIN,688005.0,sa3014944,28,10233,38,34,0.265,0.342,0.353,0.0,0,4.0,7,10.5,18.4,80.0,0.33299999999999996,0.31,0.29,32.1839,80.0,9.6774,43.871,58.8235,22.0588,105.8,100.7,89.7,37.0,0.0,0.0,0.228,0.332,18.5,37.0,40.7,22.2,14.0,2.9794,-0.06061369999999999,-0.001595097368421,16.085751638912832,2023,AAA
Ernie Yake,0,687044.0,sa3017902,27,10192,38,34,0.265,0.342,0.5589999999999999,0.0,2,4.0,7,10.5,18.4,124.0,0.28,0.379,0.245,28.0488,88.8889,10.0,41.4286,62.068999999999996,23.7288,100.0,95.9,84.5,18.5,0.0,0.0,0.192,0.252,28.6,25.9,48.1,25.9,24.0,5.869219999999999,0.155917,0.0041030789473684,11.636117894752195,2023,AAA
Cole Roederer,0,680711.0,sa3008184,26,9523,37,31,0.29,0.37799999999999995,0.387,0.0,0,5.0,10,13.5,27.0,91.0,0.409,0.337,0.327,25.7732,72.7273,15.6977,43.6047,73.3333,33.75,102.7,100.0,86.6,36.4,4.5,2.7,0.248,0.313,22.7,40.9,18.2,40.9,1.0,7.61155,0.333876,0.0090236756756756,21.975866985798312,2023,AAA
Kyle Isbel,KCR,664728.0,sa3006861,28,10453,37,31,0.29,0.405,0.5479999999999999,0.0,2,6.0,6,16.2,16.2,136.0,0.304,0.408,0.38799999999999996,30.303,94.4444,8.125,38.125,59.0164,19.697,107.2,104.3,90.4,40.0,12.0,8.1,0.282,0.494,20.0,44.0,36.0,20.0,11.0,1.9217,-0.06061369999999999,-0.0016382081081081,20.9554257040366,2023,AAA
Jasson Domínguez,NYY,691176.0,sa3014696,22,8289,36,31,0.419,0.5,0.581,0.0,0,5.0,3,13.9,8.3,181.0,0.46399999999999997,0.465,0.345,24.7059,95.7447,5.5172,41.3793,78.3333,11.7647,109.9,106.3,91.3,39.3,3.6,2.8,0.297,0.368,14.3,46.4,25.0,28.6,12.0,7.28642,0.0256212,0.0007117000000000001,43.08579236101911,2023,AAA
Garrett Mitchell,MIL,669003.0,sa3014438,27,9907,35,32,0.188,0.257,0.25,0.0,0,2.0,6,5.7,17.1,30.0,0.231,0.231,0.295,23.0769,91.1111,11.4754,46.7213,78.9474,23.3333,108.4,106.4,93.4,46.2,7.7,5.7,0.25,0.34299999999999997,11.5,62.5,20.8,16.7,1.0,9.0568,0.555917,0.0158833428571428,26.75705799192608,2023,AAA
Greg Cullen,0,681888.0,sa3007069,28,10564,34,29,0.207,0.324,0.31,0.0,1,4.0,6,11.8,17.6,69.0,0.22699999999999998,0.292,0.365,28.0,81.5789,9.9291,46.8085,57.5758,23.7288,102.2,100.9,88.2,43.5,8.7,5.9,0.287,0.431,17.4,52.2,21.7,26.1,12.0,6.68359,0.34489699999999995,0.0101440294117647,17.52772962709491,2023,AAA
Nick Podkul,0,674951.0,sa3006720,28,10416,34,25,0.28,0.47100000000000003,0.56,0.0,2,5.0,5,14.7,14.7,166.0,0.278,0.446,0.435,21.4286,82.9268,11.6438,42.4658,66.12899999999999,28.8136,107.1,100.6,88.4,55.0,10.0,5.9,0.28800000000000003,0.511,30.0,45.0,40.0,15.0,17.0,2.6428599999999998,-0.07163439999999999,-0.002106894117647,21.01980674625509,2023,AAA
Morgan McCullough,0,668833.0,sa3009868,27,10163,31,27,0.29600000000000004,0.387,0.519,0.0,1,3.0,10,9.7,32.3,116.0,0.43799999999999994,0.38799999999999996,0.3,23.3766,84.375,11.194,42.5373,56.1404,30.0,101.9,100.2,87.6,23.5,11.8,6.5,0.21,0.35100000000000003,11.1,44.4,33.3,22.2,12.0,7.860989999999999,0.15040699999999999,0.0048518387096774,14.663461573526499,2023,AAA
Jose Sanabria,0,692027.0,sa3015595,22,8387,29,23,0.217,0.379,0.217,0.0,0,6.0,8,20.7,27.6,62.0,0.33299999999999996,0.29600000000000004,0.267,29.6703,84.8485,8.7248,38.9262,56.8966,21.6667,98.1,95.2,82.6,20.0,0.0,0.0,0.168,0.187,0.0,80.0,0.0,20.0,5.0,6.58103,0.556182,0.0191786896551724,19.10336060701465,2023,AAA
Lucius Fox,0,665650.0,sa914200,28,10335,28,25,0.2,0.28600000000000003,0.2,0.0,0,3.0,10,10.7,35.7,29.0,0.33299999999999996,0.23199999999999998,0.233,34.7826,75.8621,13.6752,41.0256,60.4167,30.1887,106.1,97.2,84.4,33.3,0.0,0.0,0.188,0.21899999999999997,0.0,50.0,21.4,28.6,3.0,1.08036,-0.0440827,-0.0015743821428571,7.239174909347731,2023,AAA
Liover Peguero,PIT,678894.0,sa3005582,24,9056,28,25,0.24,0.321,0.44,0.0,1,3.0,3,10.7,10.7,116.0,0.23800000000000002,0.32799999999999996,0.35700000000000004,27.6923,88.0,8.4112,39.2523,59.5238,20.9302,108.7,103.0,88.2,36.4,9.1,7.1,0.28800000000000003,0.452,4.5,40.9,31.8,27.3,3.0,7.84651,0.361428,0.0129081428571428,36.810698122771676,2023,AAA
Branden Fryman,0,670210.0,sa3010853,27,10076,28,27,0.222,0.25,0.37,0.0,1,1.0,9,3.6,32.1,44.0,0.294,0.267,0.28300000000000003,44.1176,87.8788,20.5607,36.4486,84.6154,34.9206,103.1,100.2,84.0,33.3,0.0,0.0,0.268,0.34600000000000003,25.0,35.3,41.2,23.5,17.0,1.60119,-0.0275517,-0.0009839892857142,6.657440779725009,2023,AAA
Will Wagner,SDP,695238.0,sa3017079,27,9942,28,26,0.5770000000000001,0.607,0.6920000000000001,0.0,0,2.0,2,7.1,7.1,245.0,0.625,0.561,0.47,10.6383,96.5517,1.0526,50.5263,60.4167,2.9412,103.8,101.6,91.8,50.0,4.2,3.6,0.451,0.595,0.0,50.0,4.2,45.8,4.0,4.3278099999999995,0.34423200000000004,0.012294,27.933215745719018,2023,AAA
Wyatt Langford,TEX,694671.0,sa3022654,23,8736,26,19,0.368,0.5379999999999999,0.526,0.0,0,6.0,6,23.1,23.1,182.0,0.5379999999999999,0.46799999999999997,0.375,20.7547,92.3077,5.0,47.0,55.3191,13.5135,111.5,106.4,88.9,46.2,7.7,3.8,0.244,0.35700000000000004,38.5,33.3,25.0,41.7,15.0,5.754230000000001,0.556182,0.0213916153846153,43.39680714375146,2023,AAA
Tanner Murphy,0,669282.0,sa1170052,27,10031,25,24,0.292,0.32,0.41700000000000004,0.0,0,1.0,10,4.0,40.0,79.0,0.5,0.318,0.24600000000000002,24.5283,77.4194,15.3846,49.0385,60.7843,36.3636,113.2,103.1,89.0,28.6,0.0,0.0,0.225,0.297,14.3,50.0,28.6,21.4,8.0,2.6428599999999998,-0.0275517,-0.0011020679999999,13.242610153297456,2023,AAA
Mike Salvatore,0,663682.0,sa3011254,28,10520,25,22,0.136,0.24,0.182,0.0,0,3.0,4,12.0,16.0,4.0,0.16699999999999998,0.204,0.251,26.7857,90.0,5.3191,40.4255,52.6316,14.2857,102.6,97.5,82.9,16.7,5.6,4.0,0.18,0.263,26.3,38.9,50.0,11.1,17.0,0.14285699999999998,-0.0199172,-0.0007966879999999,9.616051924940043,2023,AAA
Carlos Luis,0,672861.0,sa3002860,26,9543,24,23,0.304,0.33299999999999996,0.391,0.0,0,1.0,5,4.2,20.8,69.0,0.389,0.317,0.20800000000000002,38.0,88.4615,8.5106,46.8085,59.0909,17.7778,110.5,106.6,87.4,27.8,0.0,0.0,0.196,0.231,0.0,77.8,16.7,5.6,14.0,1.08036,-0.0239007,-0.0009958625,17.211277227590383,2023,AAA
Jackson Chourio,MIL,694192.0,sa3015704,21,7890,24,21,0.33299999999999996,0.375,0.47600000000000003,0.0,0,2.0,1,8.3,4.2,114.0,0.33299999999999996,0.361,0.441,27.7778,84.0,8.7912,40.6593,67.5676,20.0,107.2,104.4,90.8,57.1,4.8,4.2,0.34600000000000003,0.486,9.5,52.4,9.5,38.1,0.0,5.98581,0.166938,0.00695575,40.46141124586549,2023,AAA
Brian Rey,0,681023.0,sa3007307,27,10100,24,23,0.217,0.25,0.304,0.0,0,1.0,5,4.2,20.8,12.0,0.278,0.243,0.27699999999999997,41.6667,78.5714,16.092,44.8276,71.7949,29.1667,106.7,105.1,91.0,50.0,0.0,0.0,0.262,0.33399999999999996,0.0,47.4,26.3,26.3,1.0,2.6428599999999998,-0.022041400000000003,-0.0009183916666666,15.6527303868357,2023,AAA
Paul Witt,0,700685.0,sa3014949,27,10212,23,18,0.222,0.304,0.33299999999999996,0.0,0,2.0,7,8.7,30.4,57.0,0.308,0.27699999999999997,0.242,35.7143,84.6154,10.989,38.4615,74.2857,21.7391,102.7,100.1,87.1,15.4,0.0,0.0,0.16899999999999998,0.223,30.8,38.5,46.2,15.4,15.0,0.559524,-0.0275517,-0.0011979,7.6214193416633345,2023,AAA
Matt O'Neill,NYM,690841.0,sa1170279,28,10286,22,19,0.105,0.22699999999999998,0.263,0.0,1,3.0,9,13.6,40.9,18.0,0.111,0.226,0.177,18.6441,80.0,13.4021,39.1753,65.7895,36.1111,101.9,97.0,86.4,30.0,0.0,0.0,0.092,0.128,0.0,55.6,33.3,11.1,5.0,2.6428599999999998,-0.022041400000000003,-0.0010018818181818,8.233930874528506,2023,AAA
Eric Rodriguez,0,681995.0,sa185525,27,9943,22,19,0.263,0.318,0.316,0.0,0,2.0,4,9.1,18.2,61.0,0.313,0.28,0.307,16.2162,86.3636,7.5,53.75,51.1628,21.4286,97.9,92.1,83.7,12.5,0.0,0.0,0.294,0.349,12.5,43.8,31.2,25.0,14.0,0.14285699999999998,-0.033062,-0.0015028181818181,12.430244247546645,2023,AAA
Gilbert Lara,0,658677.0,sa877337,27,10212,21,20,0.15,0.19,0.15,0.0,0,1.0,5,4.8,23.8,-17.0,0.2,0.159,0.18600000000000003,47.9167,82.6087,15.7895,36.8421,82.1429,26.087,101.9,94.3,83.3,13.3,0.0,0.0,0.168,0.19899999999999998,6.7,53.3,40.0,6.7,10.0,2.6428599999999998,-0.022041400000000003,-0.0010495904761904,6.158591938967897,2023,AAA
Joey Wiemer,MIA,686894.0,sa3014531,26,9745,21,19,0.105,0.14300000000000002,0.263,0.0,1,1.0,3,4.8,14.3,-14.0,0.063,0.171,0.307,24.3243,84.0,11.4286,47.1429,75.7576,23.5294,110.8,103.4,92.1,47.1,5.9,4.8,0.28,0.423,17.6,52.9,17.6,29.4,1.0,2.6428599999999998,-0.011020700000000001,-0.0005247952380952,27.68462916748212,2023,AAA
Juan Brito,CLE,682877.0,sa3009808,24,8792,20,14,0.214,0.45,0.28600000000000003,0.0,0,6.0,4,30.0,20.0,116.0,0.3,0.359,0.336,21.3115,85.0,10.7527,34.4086,62.5,30.303,101.5,99.2,87.0,30.0,0.0,0.0,0.182,0.24,10.0,50.0,30.0,20.0,5.0,3.7915900000000002,0.155917,0.00779585,25.76581749932232,2023,AAA
Lucas Dunn,0,690903.0,sa3016820,26,9667,20,19,0.053,0.1,0.21100000000000002,0.0,1,1.0,5,5.0,25.0,-54.0,0.0,0.135,0.21899999999999997,38.2979,86.3636,19.7368,38.1579,75.8621,37.5,99.4,98.5,76.6,28.6,0.0,0.0,0.192,0.256,7.1,50.0,21.4,28.6,2.0,2.6428599999999998,-0.00398345,-0.0001991725,7.0035686544322076,2023,AAA
Tanner Murray,TBR,695020.0,sa3016805,26,9543,20,20,0.2,0.2,0.4,0.0,0,0.0,6,0.0,30.0,31.0,0.28600000000000003,0.249,0.24100000000000002,46.1538,80.7692,13.3333,48.0,72.2222,22.7273,107.2,106.0,90.2,50.0,0.0,0.0,0.24600000000000002,0.316,0.0,42.9,21.4,35.7,9.0,0.14285699999999998,0.0,0.0,16.775584119107904,2023,AAA
Francisco Alvarez,NYM,682626.0,sa3010862,23,8732,19,16,0.25,0.368,0.688,0.0,2,3.0,8,15.8,42.1,147.0,0.33299999999999996,0.433,0.266,38.2979,70.5882,18.6667,37.3333,60.7143,40.0,106.2,102.1,93.6,62.5,37.5,15.8,0.10400000000000001,0.355,0.0,25.0,75.0,0.0,30.0,6.1423,0.17795899999999998,0.0093662631578947,30.134915377031998,2023,AAA
Esteury Ruiz,LAD,665923.0,sa917030,26,9741,19,18,0.389,0.42100000000000004,0.722,0.0,1,1.0,5,5.3,26.3,159.0,0.5,0.47600000000000003,0.305,30.2326,84.0,12.5,46.25,67.5676,26.3158,110.2,99.4,88.5,46.2,15.4,10.5,0.231,0.446,13.3,53.3,33.3,13.3,18.0,9.21875,0.576099,0.030320999999999997,26.35091272219379,2023,AAA
Nicholas Northcut,0,678021.0,sa3007640,26,9624,19,18,0.111,0.158,0.111,0.0,0,1.0,6,5.3,31.6,-38.0,0.16699999999999998,0.13,0.171,34.375,65.0,20.8955,52.2388,57.1429,45.1613,98.7,97.8,89.1,41.7,0.0,0.0,0.11599999999999999,0.22399999999999998,8.3,25.0,41.7,33.3,19.0,1.60119,-0.016531,-0.0008700526315789,11.481354745462525,2023,AAA
Luis Campusano,SDP,669134.0,sa3004041,27,9882,18,15,0.33299999999999996,0.444,0.6,0.0,1,3.0,3,16.7,16.7,146.0,0.364,0.444,0.358,22.9167,82.6087,7.5949,39.2405,74.1935,17.6471,101.6,98.6,87.0,25.0,0.0,0.0,0.29100000000000004,0.381,41.7,50.0,33.3,16.7,17.0,2.19643,-0.0239007,-0.0013278166666666,20.644965835976212,2023,AAA
Drew Romo,COL,691011.0,sa3014522,24,8817,18,17,0.353,0.389,0.529,0.0,0,0.0,4,0.0,22.2,115.0,0.462,0.39299999999999996,0.221,42.8571,83.3333,16.129,43.5484,88.8889,25.641,109.4,102.8,82.9,15.4,0.0,0.0,0.205,0.22899999999999998,30.8,53.8,30.8,15.4,9.0,4.10119,-0.0199172,-0.0011065111111111,14.798958000313618,2023,AAA
Jacob Young,WSN,696285.0,sa3017563,26,9579,17,17,0.294,0.294,0.47100000000000003,0.0,1,0.0,2,0.0,11.8,83.0,0.28600000000000003,0.326,0.29600000000000004,37.8378,88.8889,14.7541,39.3443,75.0,28.125,101.6,97.5,84.5,20.0,13.3,11.8,0.255,0.439,6.7,53.3,33.3,13.3,1.0,1.08036,-0.022041400000000003,-0.0012965529411764,15.187710372224364,2023,AAA
Jackson Loftin,0,699816.0,sa3019931,25,9288,17,13,0.385,0.529,0.615,0.0,0,4.0,1,23.5,5.9,197.0,0.41700000000000004,0.48700000000000004,0.40399999999999997,16.129,100.0,6.7797,47.4576,75.0,15.3846,99.4,94.8,86.1,8.3,0.0,0.0,0.32299999999999995,0.402,33.3,33.3,33.3,33.3,16.0,2.6428599999999998,-0.0239007,-0.0014059235294117,26.98280433088717,2023,AAA
Jazz Chisholm Jr.,NYY,665862.0,sa919327,27,10120,16,12,0.25,0.43799999999999994,0.33299999999999996,0.0,0,4.0,1,25.0,6.3,121.0,0.273,0.36200000000000004,0.39399999999999996,25.0,87.5,6.3492,42.8571,59.2593,16.0,99.4,96.3,88.6,36.4,0.0,0.0,0.3,0.385,18.2,27.3,36.4,36.4,20.0,5.11874,0.166938,0.010433625,23.63361287742403,2023,AAA
Lars Nootbaar,STL,663457.0,sa3006649,28,10268,16,15,0.467,0.5,0.9329999999999999,0.0,2,1.0,2,6.3,12.5,252.0,0.455,0.5920000000000001,0.5720000000000001,16.2162,75.0,7.6923,43.0769,57.1429,22.7273,110.0,107.0,94.7,53.8,23.1,18.8,0.42200000000000004,0.934,30.8,38.5,30.8,30.8,18.0,1.60119,-0.0275517,-0.00172198125,25.787609296309853,2023,AAA
Jason Matthews,CHW,667240.0,sa3018152,28,10417,16,14,0.14300000000000002,0.25,0.35700000000000004,0.0,1,2.0,5,12.5,31.3,38.0,0.125,0.267,0.18600000000000003,27.906999999999996,77.7778,18.1818,34.8485,78.2609,40.0,101.1,97.2,78.7,22.2,11.1,6.3,0.091,0.184,11.1,55.6,44.4,0.0,1.0,1.60119,-0.016531,-0.0010331875,7.203038598478817,2023,AAA
Chase Estep,0,686634.0,sa3020120,25,9320,15,14,0.35700000000000004,0.4,0.5,0.0,0,1.0,3,6.7,20.0,126.0,0.455,0.389,0.312,28.5714,88.8889,7.5472,47.1698,72.0,15.3846,109.8,105.5,95.5,63.6,0.0,0.0,0.266,0.40299999999999997,9.1,45.5,27.3,27.3,8.0,1.60119,-0.022041400000000003,-0.0014694266666666,30.04689180926494,2023,AAA
Zach Neto,LAA,687263.0,sa3019855,24,9026,15,12,0.33299999999999996,0.467,0.917,0.0,2,1.0,4,6.7,26.7,189.0,0.33299999999999996,0.552,0.314,31.4286,82.3529,12.2807,38.5965,77.2727,25.0,104.6,95.4,80.5,25.0,12.5,6.7,0.13699999999999998,0.384,22.2,44.4,44.4,11.1,10.0,2.6428599999999998,-0.015933799999999998,-0.0010622533333333,17.512073800612413,2023,AAA
Carson Williams,TBR,700246.0,sa3017795,22,8151,15,13,0.077,0.2,0.154,0.0,0,2.0,6,13.3,40.0,-12.0,0.14300000000000002,0.17600000000000002,0.21,25.8065,60.0,22.2222,42.5926,65.2174,52.1739,104.4,95.3,83.3,28.6,0.0,0.0,0.13,0.185,14.3,57.1,28.6,14.3,7.0,2.6428599999999998,-0.011020700000000001,-0.0007347133333333,11.661109416044994,2023,AAA
Tyler McDonough,BOS,694812.0,sa3016869,26,9694,14,12,0.25,0.308,0.5,0.0,0,1.0,3,7.1,21.4,92.0,0.33299999999999996,0.33799999999999997,0.24600000000000002,18.75,93.3333,10.3448,44.8276,57.6923,28.5714,102.6,100.2,89.5,30.0,0.0,0.0,0.212,0.268,11.1,66.7,11.1,22.2,4.0,3.5803599999999998,-0.011020700000000001,-0.0007871928571428,15.589209978982533,2023,AAA
Greyson Jenista,0,680571.0,sa3007044,28,10539,14,13,0.154,0.214,0.231,0.0,0,1.0,6,7.1,42.9,3.0,0.28600000000000003,0.20199999999999999,0.155,42.3077,65.0,23.0769,50.0,76.9231,38.7097,104.4,99.2,90.8,28.6,0.0,0.0,0.11900000000000001,0.145,14.3,28.6,28.6,42.9,19.0,1.60119,-0.011020700000000001,-0.0007871928571428,6.15553565372352,2023,AAA
Victor Robles,SEA,645302.0,sa828409,28,10377,14,11,0.364,0.5,0.0,0.0,2,3.0,3,21.4,21.4,249.0,0.33299999999999996,0.5870000000000001,0.43200000000000005,18.1818,69.2308,11.3208,37.7358,65.0,31.5789,102.7,101.9,82.7,37.5,25.0,14.3,0.252,0.615,12.5,0.0,62.5,37.5,30.0,2.6428599999999998,-0.022041400000000003,-0.0015743857142857,17.250121254629864,2023,AAA
Mateo Gil,0,680771.0,sa3007050,25,9218,14,13,0.0,0.071,0.0,0.0,0,1.0,5,7.1,35.7,-95.0,0.0,0.05,0.14400000000000002,40.625,94.4444,15.0,46.6667,64.2857,29.0323,103.2,101.1,80.2,25.0,0.0,0.0,0.094,0.145,25.0,37.5,50.0,12.5,16.0,0.14285699999999998,-0.00551034,-0.0003935957142857,6.291562379581085,2023,AAA
Willi Castro,CHC,650489.0,sa830274,28,10402,13,11,0.182,0.308,0.182,0.0,0,2.0,5,15.4,38.5,34.0,0.33299999999999996,0.243,0.344,17.1429,72.7273,14.8148,35.1852,57.8947,47.0588,103.8,102.5,98.0,83.3,16.7,7.7,0.221,0.45299999999999996,0.0,16.7,50.0,33.3,28.0,2.6428599999999998,-0.022041400000000003,-0.0016954923076923,18.31411634852774,2023,AAA
Jarryd Dale,0,673062.0,sa3007022,25,9171,13,10,0.3,0.462,0.3,0.0,0,3.0,4,23.1,30.8,107.0,0.5,0.364,0.344,24.2424,75.0,13.3333,45.0,74.0741,28.5714,93.4,88.6,81.5,0.0,0.0,0.0,0.252,0.289,16.7,50.0,16.7,33.3,3.0,2.91636,-0.56267,-0.0432823076923076,18.050367167528307,2023,AAA
Andy Yerzy,STL,647378.0,sa917939,27,9966,13,12,0.25,0.308,0.833,0.0,2,1.0,4,7.7,30.8,160.0,0.16699999999999998,0.45799999999999996,0.498,11.5385,82.3529,9.2593,51.8519,60.7143,25.0,113.1,111.8,92.0,50.0,50.0,30.8,0.33399999999999996,0.8320000000000001,25.0,25.0,62.5,12.5,2.0,2.6428599999999998,-0.00551034,-0.0004238723076923,28.74969701537351,2023,AAA
David Martin,ARI,688808.0,sa3019824,24,9119,13,12,0.25,0.231,0.25,0.0,0,0.0,2,0.0,15.4,-3.0,0.273,0.204,0.233,20.0,90.9091,4.0,60.0,73.3333,7.6923,97.6,94.7,87.1,9.1,0.0,0.0,0.203,0.248,27.3,45.5,18.2,36.4,8.0,0.14285699999999998,-0.011950299999999999,-0.0009192538461538,15.276563880828883,2023,AAA
Ke'Bryan Hayes,CIN,663647.0,sa874730,28,10488,12,9,0.111,0.33299999999999996,0.111,0.0,0,3.0,2,25.0,16.7,44.0,0.14300000000000002,0.248,0.397,36.3636,93.3333,11.5385,36.5385,78.9474,22.2222,107.7,100.5,98.6,71.4,0.0,0.0,0.285,0.413,14.3,42.9,14.3,42.9,6.0,1.08036,-0.022041400000000003,-0.0018367833333333,20.042815951882265,2023,AAA
Dylan Carlson,BAL,666185.0,sa917940,27,9858,12,9,0.33299999999999996,0.5,0.444,0.0,0,3.0,0,25.0,0.0,156.0,0.33299999999999996,0.425,0.414,18.1818,100.0,2.8571,37.1429,76.9231,7.1429,103.2,92.5,81.3,11.1,11.1,8.3,0.28600000000000003,0.47200000000000003,11.1,33.3,44.4,22.2,12.0,1.60119,-0.0275517,-0.002295975,24.278846749950468,2023,AAA
J.D. McLaughlin,0,687548.0,sa3016965,24,9059,12,11,0.091,0.16699999999999998,0.091,0.0,0,1.0,6,8.3,50.0,-32.0,0.2,0.132,0.19699999999999998,44.0,57.8947,28.0,50.0,76.0,46.6667,106.1,100.0,81.0,40.0,0.0,0.0,0.139,0.21100000000000002,0.0,40.0,60.0,0.0,16.0,2.6428599999999998,-0.011020700000000001,-0.0009183916666666,10.389616349135537,2023,AAA
