Name,Org,MLBAMId,MinorMasterId,Age,AgeDays,PA,AB,BA,OBP,SLG,ISO,HR,BB,K,BB%,K%,wRC+,BABIP,wOBA,xwOBA,Chase%,ZContact%,SwStr%,Zone%,ZSwing%,Whiff%,MaxEV,EV90,AvgEV,HardHit%,Barrel%BBE,Barrel%PA,xBA,xSLG,PullAir%,GB%,FB%,LD%,LA,Spd,wBsR,wBsR/PA,PSScore,Season,Level
Cal Conley,ATL,695462.0,sa3017080,23,8395,599,535,0.0,0.0,0.0,0.06728972,3,0.0,133,8.848080099999999,22.2036727,70.05914440414581,0.285,0.2774097713101812,0.0,29.12912912912913,83.96111786148238,12.031732,44.104070499370536,78.30637488106565,26.501766784452297,0.0,0.0,0.0,0.0,0.0,0.0,0.0,0.0,9.501187648456057,52.030456799999996,30.7106598,17.2588832,0.0,6.139326370552339,-0.8445827383548021,-0.001409987877053092,16.25351623695567,2023,AA
Nasim Nuñez,MIA,683083.0,sa3010695,22,8030,585,490,0.0,0.0,0.0,0.06122449,5,0.0,107,14.871794799999998,18.2905982,78.20965152008405,0.274869109,0.30621060253620963,0.0,18.883792048929664,83.76470588235293,9.133589,47.023086269744844,73.2127476313523,23.258096172718354,0.0,0.0,0.0,0.0,0.0,0.0,0.0,0.0,11.650485436893206,49.4680851,31.648936100000004,18.8829787,0.0,6.919075204294372,5.700757263228298,0.009744884210646662,28.150536420721515,2023,AA
Carlos De La Cruz,PHI,678926.0,sa3006903,23,8395,582,509,0.0,0.0,0.0,0.194499018,24,0.0,160,9.2783505,27.4914089,112.94001002653587,0.327272727,0.3577781665345683,0.0,34.6352247605011,66.13603473227207,16.963064000000003,41.28083080917352,72.43186582809223,35.53943789664552,0.0,0.0,0.0,0.0,0.0,0.0,0.0,0.0,15.32258064516129,46.264367799999995,31.321839,22.4137931,0.0,3.5843161106460184,-0.6893476406112313,-0.0011844461178887136,17.363239069685743,2023,AA
Tyler Tolbert,KCR,686475.0,sa3010337,25,9125,574,518,0.0,0.0,0.0,0.142857142,10,0.0,127,6.968641099999999,22.1254355,97.43183766874034,0.346354166,0.34130921944164017,0.0,26.70920692798541,79.2866941015089,14.145864000000001,46.22549019607843,77.30646871686108,31.04508196721312,0.0,0.0,0.0,0.0,0.0,0.0,0.0,0.0,11.138613861386142,48.9528795,32.4607329,18.5863874,0.0,9.33880543574784,5.114502948243171,0.008910283881956743,13.875626648479876,2023,AA
Thomas Saggese,STL,695336.0,sa3014503,21,7665,567,497,0.0,0.0,0.0,0.233400403,25,0.0,130,8.6419753,22.9276895,139.93105791708797,0.37891737799999997,0.4096797510585954,0.0,26.740237691001703,82.73657289002556,11.558902,48.355984217448494,70.89755213055305,25.624421831637374,0.0,0.0,0.0,0.0,0.0,0.0,0.0,0.0,17.098445595854926,34.4086021,40.3225806,25.2688172,0.0,6.264536440836176,0.07691840408369899,0.00013565856099417812,32.19927136119984,2023,AA
Peyton Wilson,KCR,686523.0,sa3017110,23,8395,562,489,0.0,0.0,0.0,0.12474437599999999,6,0.0,101,9.7864768,17.9715302,106.97191658505196,0.345360824,0.3565420421106475,0.0,28.11693895098882,84.16779431664412,10.592627,46.380820654679574,73.4592445328032,24.23076923076923,0.0,0.0,0.0,0.0,0.0,0.0,0.0,0.0,12.967581047381547,51.9280205,27.7634961,20.3084832,0.0,6.072919077403978,-0.7175773517228663,-0.0012768280279766304,24.914585348970213,2023,AA
Jackson Chourio,MIL,694192.0,sa3015704,19,6935,559,510,0.0,0.0,0.0,0.18627451,22,0.0,103,7.334525899999999,18.4257602,109.0978681370713,0.311053984,0.3577817114393272,0.0,22.53937007874016,85.96491228070175,10.854617,51.36428913355673,74.37092264678472,23.389494549058472,0.0,0.0,0.0,0.0,0.0,0.0,0.0,0.0,11.455847255369928,49.6296296,35.0617283,15.3086419,0.0,6.888010676228745,3.2926172241568565,0.00589019181423409,33.08301631658048,2023,AA
Chandler Redmond,STL,687470.0,sa1170749,26,9490,550,453,0.0,0.0,0.0,0.247240618,31,0.0,167,14.7272727,30.363636300000003,126.61743352994722,0.32692307600000003,0.3892427794430234,0.0,27.204220045214768,70.18284106891703,18.697756,43.435635123614674,69.77428851815506,42.00385356454721,0.0,0.0,0.0,0.0,0.0,0.0,0.0,0.0,26.15894039735099,43.98625420000001,27.4914089,28.522336699999997,0.0,2.698003139414672,-1.493087197188288,-0.0027147039948877964,10.098398868728752,2023,AA
Spencer Packard,SEA,689070.0,sa3016803,25,9125,550,466,0.0,0.0,0.0,0.156652361,14,0.0,86,12.363636300000001,15.6363636,136.4426714325698,0.32884097,0.3819637186553356,0.0,17.046413502109704,89.37062937062937,6.994585000000002,47.728275253639175,66.08133086876155,18.191964285714285,0.0,0.0,0.0,0.0,0.0,0.0,0.0,0.0,15.267175572519085,39.84168860000001,37.9947229,22.1635883,0.0,2.4613049469689754,-1.5476632276549935,-0.002813933141190897,20.60955796906877,2023,AA
Arquímedes Gamboa,STL,660614.0,sa877497,25,9125,545,448,0.0,0.0,0.0,0.122767857,9,0.0,136,16.3302752,24.9541284,101.02183605564699,0.326797385,0.3483738096102196,0.0,20.479134466769704,82.04022988505747,11.239449,44.320137693631665,67.57281553398057,29.59401709401709,0.0,0.0,0.0,0.0,0.0,0.0,0.0,0.0,23.456790123456788,43.8709677,30.9677419,25.1612903,0.0,7.334620820790937,1.8336360296234488,0.003364469779125594,17.340788539104214,2023,AA
Mike Antico,STL,690443.0,sa3016922,25,9125,545,476,0.0,0.0,0.0,0.182773109,18,0.0,126,9.908256800000002,23.119266,108.0351458439432,0.322388059,0.3595720926920573,0.0,30.190239867659226,87.83216783216784,11.996115,43.39887640449438,77.13052858683926,26.036644165863066,0.0,0.0,0.0,0.0,0.0,0.0,0.0,0.0,25.683060109289613,35.05747120000001,41.9540229,22.9885057,0.0,8.261722743230045,5.536998771131039,0.010159630772717502,17.222620194130958,2023,AA
BJ Murray,CHC,681230.0,sa3017287,23,8395,542,452,0.0,0.0,0.0,0.199115044,16,0.0,129,15.1291512,23.800738,126.93979317379778,0.333333333,0.3833741766720241,0.0,18.6046511627907,83.1151832460733,9.917355,46.7020805666224,72.41706161137441,26.137566137566136,0.0,0.0,0.0,0.0,0.0,0.0,0.0,0.0,21.282798833819246,34.890965699999995,46.7289719,18.380062300000002,0.0,5.779886283575845,0.18847881816327566,0.0003477468969802135,30.693613344332213,2023,AA
Trei Cruz,DET,669360.0,sa3014420,24,8760,538,453,0.0,0.0,0.0,0.15673289199999998,14,0.0,127,15.055762,23.6059479,100.78642745160707,0.265175718,0.3279257089288097,0.0,14.324324324324325,78.29360100376411,11.977972,49.705482555505206,72.65268915223336,29.411764705882355,0.0,0.0,0.0,0.0,0.0,0.0,0.0,0.0,22.590361445783127,37.071651,43.9252336,19.0031152,0.0,5.043838448568723,-2.01352144125849,-0.0037426049094023976,20.346424166704434,2023,AA
David Calabrese,LAA,683341.0,sa3014507,20,7300,535,458,0.0,0.0,0.0,0.150655021,15,0.0,164,13.0841121,30.654205600000004,81.85480097504167,0.265232974,0.3064240626851271,0.0,22.19570405727924,79.5774647887324,14.009217000000001,44.916739702015775,69.26829268292683,35.23706896551725,0.0,0.0,0.0,0.0,0.0,0.0,0.0,0.0,34.627831715210355,33.448275800000005,42.068965500000004,24.4827586,0.0,5.353950017545005,-2.420238697901368,-0.004523810650282931,20.45791225697279,2023,AA
Grant Lavigne,COL,680693.0,sa3007743,23,8395,534,445,0.0,0.0,0.0,0.17078651600000003,17,0.0,142,14.4194756,26.5917602,107.37730330862871,0.29065743899999996,0.3427212218106803,0.0,12.782694198623402,69.81339187705817,14.681051,53.89845874886673,76.61900756938604,33.79860418743769,0.0,0.0,0.0,0.0,0.0,0.0,0.0,0.0,14.968152866242036,42.61744960000001,39.9328859,17.449664399999996,0.0,3.491427326577975,-1.3192011239007115,-0.002470414089701707,21.66512758175049,2023,AA
Victor Mesa Jr.,MIA,683748.0,sa3010700,21,7665,533,483,0.0,0.0,0.0,0.16977225699999998,18,0.0,122,7.6923076,22.8893058,89.90054306803252,0.286956521,0.3248212708342344,0.0,26.04166666666667,80.02244668911334,14.501826,52.4987629886195,83.97737983034872,29.9618320610687,0.0,0.0,0.0,0.0,0.0,0.0,0.0,0.0,14.805194805194805,43.1754874,36.7688022,20.0557103,0.0,5.989067465224768,0.8499113172292709,0.0015945803325127035,22.222604549753818,2023,AA
Ripken Reyes,SDP,685341.0,sa3010159,26,9490,528,409,0.0,0.0,0.0,0.102689486,6,0.0,78,10.6060606,14.7727272,126.57482810650421,0.303680981,0.3717237932010762,0.0,19.485657764589515,88.9055472263868,6.591722,49.29789368104313,67.85350966429297,16.324062877871825,0.0,0.0,0.0,0.0,0.0,0.0,0.0,0.0,25.0,34.4512195,40.8536585,24.695121899999997,0.0,7.590512386652324,1.3099547512829304,0.002480974907732823,15.50999855249048,2023,AA
Owen Caissie,CHC,683357.0,sa3014465,20,7300,528,439,0.0,0.0,0.0,0.23006833699999998,22,0.0,164,14.393939300000001,31.060606,143.10891649131224,0.406976744,0.4091137183911434,0.0,25.896700143472025,74.10852713178294,13.291139000000001,39.93968117190865,69.57928802588997,34.31578947368421,0.0,0.0,0.0,0.0,0.0,0.0,0.0,0.0,19.17808219178082,41.1552346,32.129963800000006,26.714801399999995,0.0,3.623540001622994,-4.026215834543109,-0.007625408777543766,27.94072965257065,2023,AA
Yoyner Fajardo,MIN,679938.0,sa3005938,24,8760,527,469,0.0,0.0,0.0,0.140724946,9,0.0,84,9.487666,15.9392789,114.18918644975544,0.353562005,0.3721988768858601,0.0,26.47657841140529,82.26299694189603,10.864865,47.06199460916442,74.91408934707904,24.259055982436887,0.0,0.0,0.0,0.0,0.0,0.0,0.0,0.0,16.11253196930946,46.09375,28.125,25.78125,0.0,7.964542629850999,2.6750155347399414,0.005075930805958143,23.628584561479386,2023,AA
Imanol Vargas,LAD,677673.0,sa3004972,25,9125,526,447,0.0,0.0,0.0,0.21252796399999999,22,0.0,174,14.448669199999998,33.0798479,116.92201221433193,0.354330708,0.3658464152465835,0.0,23.45058626465661,74.23638778220452,15.229111,47.168141592920364,70.6378986866792,34.80825958702065,0.0,0.0,0.0,0.0,0.0,0.0,0.0,0.0,24.911032028469748,37.9182156,34.5724907,27.5092936,0.0,1.2874354525,-0.997314550448209,-0.0018960352670118047,13.554408471299038,2023,AA
Tucker Flint,LAA,687272.0,sa3019856,22,8030,519,433,0.0,0.0,0.0,0.161662817,13,0.0,151,12.9094412,29.094412300000002,109.25389027009042,0.325925925,0.3500405277294542,0.0,26.755070202808124,82.89855072463767,12.595592,44.717550668391546,66.5380906460945,30.501535312180142,0.0,0.0,0.0,0.0,0.0,0.0,0.0,0.0,21.01694915254237,53.3807829,25.978647600000002,20.6405693,0.0,4.420448918999975,-2.2146186772733927,-0.004267088010160679,23.216993798132325,2023,AA
Kellen Strahm,TEX,687005.0,sa3010278,26,9490,517,438,0.0,0.0,0.0,0.089041096,5,0.0,115,14.313346199999998,22.243713699999997,90.53510017620924,0.322884012,0.3305814037045229,0.0,22.58064516129032,80.87520259319287,10.215827,45.562411010916,64.27083333333333,25.730994152046787,0.0,0.0,0.0,0.0,0.0,0.0,0.0,0.0,8.484848484848486,49.3670886,30.6962025,19.9367088,0.0,5.229070100412798,-0.8034804789349437,-0.0015541208490037596,11.308840105773097,2023,AA
Kyren Paris,LAA,677347.0,sa3011768,21,7665,514,415,0.0,0.0,0.0,0.161445783,14,0.0,151,17.1206225,29.377431899999998,125.92547681082242,0.365079365,0.3765799379907549,0.0,23.322422258592468,75.90187590187591,15.708072,43.63468634686347,73.25581395348838,37.15203426124197,0.0,0.0,0.0,0.0,0.0,0.0,0.0,0.0,14.492753623188404,40.926640899999995,35.5212355,23.552123499999997,0.0,6.617439329374122,5.176306860521437,0.010070635915411354,28.957870305823107,2023,AA
Mason Auer,TBR,687020.0,sa3017791,22,8030,511,454,0.0,0.0,0.0,0.14317180699999998,11,0.0,184,9.589041,36.0078277,71.68160009213568,0.315384615,0.2944939065213297,0.0,26.44098810612992,74.41558441558442,18.244918,48.757618377871545,74.03846153846155,40.7035175879397,0.0,0.0,0.0,0.0,0.0,0.0,0.0,0.0,22.857142857142854,35.4477611,47.761194,16.791044699999997,0.0,8.538880953936678,3.3814886659383774,0.0066173946495858655,14.895239996994535,2023,AA
Petey Halpin,CLE,690984.0,sa3014461,21,7665,510,452,0.0,0.0,0.0,0.128318584,9,0.0,126,9.215686199999999,24.705882300000006,91.6710415025426,0.31076923,0.3111119118092805,0.0,17.995689655172416,82.19653179190752,11.544228,54.79785679493425,76.8888888888889,26.226226226226224,0.0,0.0,0.0,0.0,0.0,0.0,0.0,0.0,13.467048710601722,40.909090899999995,38.7878787,20.303030300000003,0.0,5.679007928949192,0.471172378398478,0.0009238674086244668,24.5557168581897,2023,AA
Rowdey Jordan,NYM,679821.0,sa3017214,24,8760,509,427,0.0,0.0,0.0,0.159250586,13,0.0,116,12.7701375,22.789783800000002,109.13740489495882,0.28052805199999997,0.3376392727984895,0.0,16.267942583732058,77.7490297542044,10.597958,51.57553290083411,69.45193171608265,25.646794150731157,0.0,0.0,0.0,0.0,0.0,0.0,0.0,0.0,21.084337349397604,39.6825396,43.1746031,17.142857100000004,0.0,6.747308231570827,2.661978743970394,0.005229820715069536,23.24244804444704,2023,AA
Robert Perez Jr.,SEA,672596.0,sa3002851,23,8395,508,450,0.0,0.0,0.0,0.173333333,16,0.0,155,7.480314900000001,30.511810999999998,105.1809642456041,0.328621908,0.3320475653313556,0.0,29.358717434869746,73.006993006993,18.853776,48.66255144032922,75.5813953488372,38.198757763975145,0.0,0.0,0.0,0.0,0.0,0.0,0.0,0.0,16.666666666666664,45.54794520000001,33.904109500000004,20.547945199999997,0.0,4.017238067680252,-1.4456332139670849,-0.002845734673163553,14.019124809438546,2023,AA
Jasson Domínguez,NYY,691176.0,sa3014696,20,7300,507,425,0.0,0.0,0.0,0.16,15,0.0,130,15.1873767,25.641025600000003,121.58700619702701,0.327464788,0.3565828075503359,0.0,14.111675126903553,79.16152897657214,12.080200999999999,51.5970515970516,77.23809523809524,27.944325481798714,0.0,0.0,0.0,0.0,0.0,0.0,0.0,0.0,16.118421052631582,44.5993031,37.630662,17.7700348,0.0,6.776007319856428,3.093671839684248,0.006101916843558674,33.96013434657484,2023,AA
A.J. Vukovich,ARI,691021.0,sa3014525,21,7665,507,456,0.0,0.0,0.0,0.221491228,24,0.0,144,9.0729783,28.4023668,94.55246942032724,0.331034482,0.3608639431093992,0.0,27.69089236430543,75.32846715328468,15.08016,46.715686274509814,71.87827911857293,32.50259605399792,0.0,0.0,0.0,0.0,0.0,0.0,0.0,0.0,15.887850467289717,48.8599348,30.293159600000006,20.8469055,0.0,7.0134845196134625,-1.1559350602328775,-0.002279950809137826,22.85231272255306,2023,AA
Nick Yorke,BOS,694377.0,sa3014546,21,7665,506,444,0.0,0.0,0.0,0.166666666,13,0.0,122,10.079051300000001,24.1106719,113.55766564697832,0.338658146,0.35373212913475416,0.0,21.562809099901084,78.5070785070785,12.0,52.44590780809032,69.68609865470852,28.939237899073124,0.0,0.0,0.0,0.0,0.0,0.0,0.0,0.0,13.905325443786984,43.6137071,36.760124600000005,19.6261682,0.0,6.874698969987074,0.2879387279972434,0.0005690488695597696,28.82148189973295,2023,AA
Oliver Dunn,PHI,686554.0,sa3010595,25,9125,505,417,0.0,0.0,0.0,0.23501199,21,0.0,139,16.2376237,27.524752399999997,142.7035448913084,0.35658914700000005,0.40346731505696737,0.0,18.27956989247312,76.45161290322581,11.078717,43.74127501163332,65.95744680851064,30.59701492537313,0.0,0.0,0.0,0.0,0.0,0.0,0.0,0.0,19.24398625429553,44.604316499999996,31.6546762,23.7410071,0.0,5.518457599663752,-0.23320803698152304,-0.00046179809303271887,19.44951097686648,2023,AA
Wes Clarke,MIL,682265.0,sa3017045,23,8395,503,398,0.0,0.0,0.0,0.256281407,26,0.0,147,17.693836899999997,29.224652000000006,135.19324459688923,0.305676855,0.3993228029304186,0.0,17.752007136485286,74.20689655172413,13.883588,47.73892773892774,70.80078125,34.330011074197124,0.0,0.0,0.0,0.0,0.0,0.0,0.0,0.0,25.287356321839084,25.7028112,50.2008032,24.0963855,0.0,3.147702708530026,-0.4310379456728697,-0.0008569342856319477,26.023062701528872,2023,AA
Billy Cook,BAL,695257.0,sa3017021,24,8760,501,447,0.0,0.0,0.0,0.20581655399999998,24,0.0,125,8.383233500000001,24.950099800000004,103.18629863615412,0.29042904199999997,0.3456608424186707,0.0,22.895622895622893,78.70619946091644,12.835350000000002,53.49686847599165,72.39024390243901,28.90792291220557,0.0,0.0,0.0,0.0,0.0,0.0,0.0,0.0,21.084337349397604,31.9875776,47.5155279,20.4968944,0.0,6.4206207474488535,3.6822057086974382,0.007349711993408061,19.69508399786416,2023,AA
Tim Tawa,ARI,694374.0,sa3016970,24,8760,497,434,0.0,0.0,0.0,0.205069125,22,0.0,121,11.066398300000001,24.3460764,91.3416451022134,0.299663299,0.35573715978944803,0.0,23.58490566037736,77.51724137931033,14.755784,47.31610337972167,76.15546218487394,31.289640591966172,0.0,0.0,0.0,0.0,0.0,0.0,0.0,0.0,21.25748502994012,38.782051200000005,36.5384615,24.679487100000003,0.0,4.423755306164381,-2.0401289667934184,-0.004104887257129613,17.503441019323414,2023,AA
Pedro Pagés,STL,686780.0,sa3010339,24,8760,497,424,0.0,0.0,0.0,0.17688679300000001,16,0.0,96,11.8712273,19.3158953,110.25146590301227,0.30503144600000004,0.3631109324368564,0.0,22.696817420435508,86.5040650406504,8.182683,44.20560747663552,65.01057082452432,20.251716247139584,0.0,0.0,0.0,0.0,0.0,0.0,0.0,0.0,20.0,38.532109999999996,33.639143700000005,27.8287461,0.0,3.915544661546255,-0.4273089640773833,-0.0008597765876808517,24.118680910020434,2023,AA
Chad Stevens,HOU,677060.0,sa3017040,24,8760,495,418,0.0,0.0,0.0,0.17703349300000001,15,0.0,176,12.3232323,35.55555550000001,97.8056062694485,0.333333333,0.3351344492700365,0.0,24.23945044160942,69.33514246947081,17.87169,48.74245472837022,76.0577915376677,38.04123711340206,0.0,0.0,0.0,0.0,0.0,0.0,0.0,0.0,17.599999999999994,36.0655737,38.114754,25.8196721,0.0,6.738565924779638,0.34487385768443346,0.0006967148640089566,15.66823174881254,2023,AA
Will Banfield,MIA,677943.0,sa3007973,23,8395,495,458,0.0,0.0,0.0,0.213973799,23,0.0,122,5.050505,24.6464646,99.07198698635105,0.298742138,0.3394212438027386,0.0,27.58620689655172,75.71801566579634,15.139879,53.47593582887701,76.6,30.050761421319798,0.0,0.0,0.0,0.0,0.0,0.0,0.0,0.0,23.579545454545453,33.030303,47.5757575,19.3939393,0.0,4.584022284265021,-0.1842974703758955,-0.0003723181219715061,18.089354009620237,2023,AA
Jorbit Vivas,LAD,678391.0,sa3005511,22,8030,491,404,0.0,0.0,0.0,0.15594059400000002,12,0.0,52,10.9979633,10.5906313,125.9840169255781,0.291907514,0.3803158878791528,0.0,21.377183967112025,87.1559633027523,9.01312,45.152198421646005,81.64794007490637,19.366197183098592,0.0,0.0,0.0,0.0,0.0,0.0,0.0,0.0,17.534246575342465,41.8803418,36.1823361,21.937321899999997,0.0,6.580265955345817,1.1536137079820037,0.0023495187535275018,35.187484930762565,2023,AA
Kenedy Corona,HOU,685744.0,sa3009845,23,8395,491,434,0.0,0.0,0.0,0.205069124,20,0.0,127,9.7759674,25.8655804,103.62611753101936,0.29655172399999996,0.3444281686059293,0.0,19.158878504672888,77.18631178707224,15.274082,54.89989462592202,75.71976967370442,32.48407643312102,0.0,0.0,0.0,0.0,0.0,0.0,0.0,0.0,21.794871794871803,40.0,40.6557377,19.3442622,0.0,6.952122605155807,1.0965552120469508,0.002233310004168943,22.58802838876844,2023,AA
Jonatan Clase,SEA,682729.0,sa3008787,21,7665,489,414,0.0,0.0,0.0,0.17391304300000002,13,0.0,137,13.0879345,28.0163599,105.5926192387692,0.293680297,0.3327048625682761,0.0,22.412155745489077,82.53521126760563,12.555390999999998,48.609077598828705,71.285140562249,29.58515283842795,0.0,0.0,0.0,0.0,0.0,0.0,0.0,0.0,24.561403508771928,35.1449275,42.0289855,22.826086899999996,0.0,9.353700890429847,6.275768705178052,0.012833882832674951,28.873715757384485,2023,AA
James Free,CIN,686989.0,sa3011156,25,9125,489,421,0.0,0.0,0.0,0.18764845600000002,17,0.0,98,12.474437599999998,20.0408997,111.66029742251827,0.310679611,0.369206030755562,0.0,37.199124726477024,81.56862745098039,11.865285,32.92563600782779,75.78008915304606,25.564681724845997,0.0,0.0,0.0,0.0,0.0,0.0,0.0,0.0,25.364431486880463,38.4375,40.0,21.5625,0.0,2.6442051910524373,-1.3201272059231997,-0.0026996466378797533,16.087538345232886,2023,AA
Matt Fraizer,PIT,670208.0,sa918983,25,9125,486,437,0.0,0.0,0.0,0.10526315800000001,8,0.0,104,8.847736600000003,21.399176899999997,88.61845893564207,0.313846153,0.3151442721362941,0.0,16.666666666666664,83.08457711442786,9.521359,56.72930421533774,71.97851387645478,22.162162162162165,0.0,0.0,0.0,0.0,0.0,0.0,0.0,0.0,17.59530791788857,40.4907975,40.184049,19.3251533,0.0,6.675235418137004,1.7783656027168036,0.003659188482956386,15.886152855912252,2023,AA
Jose Ramos,LAD,682947.0,sa3008845,22,8030,485,416,0.0,0.0,0.0,0.16826923100000002,19,0.0,140,11.1340206,28.8659793,99.18525269926316,0.30798479,0.3375257991609119,0.0,23.047251687560266,78.1466113416321,14.641585999999998,48.48484848484848,74.077868852459,32.51599147121535,0.0,0.0,0.0,0.0,0.0,0.0,0.0,0.0,17.301038062283734,41.428571399999996,32.8571428,25.714285699999998,0.0,3.2265873344509783,-0.5131206498481333,-0.0010579807213363574,20.491067524172546,2023,AA
Luis Mieses,CHW,672635.0,sa3003274,23,8395,485,458,0.0,0.0,0.0,0.120087336,9,0.0,113,2.8865979,23.298969,58.447986697162655,0.287790697,0.2721778533562801,0.0,44.19642857142857,80.40345821325649,16.167665,47.937245787332934,84.12121212121212,27.762039660056658,0.0,0.0,0.0,0.0,0.0,0.0,0.0,0.0,20.32520325203252,41.833810799999995,36.1031518,22.0630372,0.0,2.7126129560758407,-0.4892311152070761,-0.0010087239488805694,10.638891624220332,2023,AA
Deyvison De Los Santos,ARI,691277.0,sa3015168,20,7300,481,452,0.0,0.0,0.0,0.176991151,20,0.0,125,5.1975051,25.987525899999998,71.34668422682363,0.308441558,0.3238108313009298,0.0,30.373831775700932,77.29032258064517,17.994429,52.91529152915292,80.56133056133056,32.974559686888455,0.0,0.0,0.0,0.0,0.0,0.0,0.0,0.0,8.656716417910449,52.79503100000001,29.5031055,17.7018633,0.0,4.944049054196727,-0.4602538519538939,-0.0009568687150808603,16.769514937649966,2023,AA
Heriberto Hernández,TBR,681715.0,sa3005630,23,8395,478,389,0.0,0.0,0.0,0.161953727,13,0.0,134,15.899581500000002,28.033472800000002,115.34306328255421,0.34146341399999997,0.3639983583854723,0.0,16.94290976058932,77.82945736434108,13.156553,46.47609659931,68.39872746553553,33.709273182957396,0.0,0.0,0.0,0.0,0.0,0.0,0.0,0.0,14.760147601476016,47.7911646,38.55421679999999,13.6546184,0.0,4.996862333800593,-0.6737463921308517,-0.0014095112806084766,24.67047123537302,2023,AA
Phillip Sikes,BOS,689651.0,sa3017113,24,8760,476,414,0.0,0.0,0.0,0.123188406,9,0.0,146,9.2436974,30.672268900000002,72.73170689822696,0.29213483100000004,0.2910613710639857,0.0,26.14942528735632,78.4090909090909,13.410931,50.82430522845031,73.40129749768303,28.484848484848484,0.0,0.0,0.0,0.0,0.0,0.0,0.0,0.0,29.629629629629626,28.089887599999997,52.05992499999999,19.8501872,0.0,8.372329514855004,3.8138454230502252,0.008012280300525683,14.029273180639533,2023,AA
Robert Hassell III,WSN,690987.0,sa3014701,21,7665,476,414,0.0,0.0,0.0,0.099033816,8,0.0,152,10.924369699999998,31.932773100000002,84.42399709371584,0.330739299,0.3003979991759932,0.0,21.142857142857142,80.53375196232338,12.061856,46.564885496183216,69.61748633879782,29.761904761904763,0.0,0.0,0.0,0.0,0.0,0.0,0.0,0.0,5.86080586080586,53.076923,20.7692307,26.153846100000003,0.0,4.865951537589188,-0.6514879073947668,-0.0013686720743587538,19.477425142066807,2023,AA
Jake Rucker,MIN,696160.0,sa3017757,23,8395,476,420,0.0,0.0,0.0,0.133333333,9,0.0,123,8.823529400000002,25.840336100000002,82.77191176969707,0.324232081,0.3220343260322442,0.0,23.809523809523807,75.0,13.725489999999999,46.18320610687022,67.53246753246754,32.01483312731768,0.0,0.0,0.0,0.0,0.0,0.0,0.0,0.0,17.105263157894736,36.1204013,35.7859531,28.093645399999996,0.0,4.918689748126782,-4.094237027224153,-0.008601338292487716,15.741623886504419,2023,AA
Trey Sweeney,NYY,700242.0,sa3016973,23,8395,472,397,0.0,0.0,0.0,0.158690177,13,0.0,90,13.7711864,19.0677966,121.81666751333248,0.29391891800000003,0.3569353540485325,0.0,10.599078341013826,82.33576642335765,8.57295,54.025423728813564,67.15686274509804,22.897800776196643,0.0,0.0,0.0,0.0,0.0,0.0,0.0,0.0,25.31645569620253,33.114754000000005,45.9016393,20.9836065,0.0,5.662306072370865,-0.21114147175103426,-0.0004473336265911743,30.945200338957896,2023,AA
Trevor Hauver,TEX,669386.0,sa3014448,24,8760,471,392,0.0,0.0,0.0,0.168367347,12,0.0,135,15.074309900000001,28.662420299999997,113.81666904353548,0.36144578299999996,0.3677555207242357,0.0,19.505962521294716,78.19548872180451,9.754902000000001,42.619745845552295,61.009174311926614,28.042328042328037,0.0,0.0,0.0,0.0,0.0,0.0,0.0,0.0,20.07575757575757,32.945736399999994,43.023255799999994,24.0310077,0.0,3.1950942743642785,-1.7731095128692689,-0.003764563721590804,20.97654804340008,2023,AA
John Rhodes,BAL,687981.0,sa3017162,22,8030,468,408,0.0,0.0,0.0,0.193627451,17,0.0,123,11.324786300000001,26.282051199999998,96.69961710534857,0.28148148100000003,0.33570332368895633,0.0,19.153674832962142,78.4570596797671,12.771738999999998,51.927194860813714,70.82474226804123,29.028436018957354,0.0,0.0,0.0,0.0,0.0,0.0,0.0,0.0,19.112627986348127,39.92932860000001,42.04946990000001,18.0212014,0.0,5.584335840120108,0.2332058884203434,0.0004983031803853491,25.262809693880822,2023,AA
Cade Bunnell,ATL,685298.0,sa3010702,26,9490,467,399,0.0,0.0,0.0,0.16791979899999998,16,0.0,179,13.2762312,38.329764399999995,93.80181665119612,0.310679611,0.31520560543338033,0.0,24.425531914893607,67.04545454545455,18.045113,43.48244348244349,68.14159292035397,44.16184971098266,0.0,0.0,0.0,0.0,0.0,0.0,0.0,0.0,20.51282051282051,34.86238529999999,41.28440360000001,23.853211,0.0,3.874554269363837,-0.42023609578609467,-0.0008998631601415302,7.311455536662967,2023,AA
Alex Isola,MIN,684576.0,sa1170516,24,8760,465,408,0.0,0.0,0.0,0.20098039199999998,20,0.0,100,10.752688099999999,21.5053763,117.818744250405,0.325259515,0.3779942597992734,0.0,24.42211055276382,83.51648351648352,8.422175,46.73447537473234,62.54295532646048,22.250316055625788,0.0,0.0,0.0,0.0,0.0,0.0,0.0,0.0,29.220779220779217,34.8534201,39.4136807,25.732899,0.0,3.1746962788923154,-0.8906248388811946,-0.0019153222341531067,23.191528943299915,2023,AA
Jake Holton,DET,687724.0,sa3010599,25,9125,463,379,0.0,0.0,0.0,0.15567282300000002,14,0.0,68,14.686825,14.686825,123.07781039844551,0.26421404600000004,0.36214457140113054,0.0,11.157894736842106,85.71428571428571,6.911683999999999,48.95217624932832,65.31284302963776,20.55800293685756,0.0,0.0,0.0,0.0,0.0,0.0,0.0,0.0,13.664596273291925,44.8387096,32.2580645,22.9032258,0.0,2.6416352577513336,-1.6956210527569056,-0.00366224849407539,20.45227756625225,2023,AA
Ethan Wilson,PHI,681159.0,sa3017329,23,8395,463,420,0.0,0.0,0.0,0.19285714199999998,17,0.0,110,6.6954642999999985,23.7580993,96.62773682793737,0.294314381,0.332737663909632,0.0,27.150837988826808,77.46478873239437,13.406592999999999,53.190376569037646,76.7944936086529,26.982492276004123,0.0,0.0,0.0,0.0,0.0,0.0,0.0,0.0,26.807228915662645,41.6666666,41.6666666,16.6666666,0.0,5.019460254501028,-1.4736612383276224,-0.003182853646495945,19.020973177838087,2023,AA
Evan Carter,TEX,694497.0,sa3014490,20,7300,462,377,0.0,0.0,0.0,0.167108753,12,0.0,103,16.017316,22.294372199999998,130.85756381215592,0.35984848399999997,0.3949650365373363,0.0,19.81132075471698,80.76225045372051,10.042508,44.063324538258584,65.98802395209583,26.79045092838196,0.0,0.0,0.0,0.0,0.0,0.0,0.0,0.0,22.69503546099291,39.7810218,35.76642329999999,24.4525547,0.0,6.8575556815208065,-1.4912865231744945,-0.003227892907304101,36.483774617690464,2023,AA
Damiano Palmegiani,TOR,671913.0,sa3017326,23,8395,461,393,0.0,0.0,0.0,0.213740458,19,0.0,125,12.581344900000001,27.1149674,123.534973557606,0.31225296399999997,0.3654588044594788,0.0,14.181438998957242,77.32962447844228,11.182109,52.66535044422508,67.38519212746017,29.367088607594933,0.0,0.0,0.0,0.0,0.0,0.0,0.0,0.0,29.431438127090306,35.2059925,42.3220973,22.471910100000002,0.0,4.3383969199944445,0.18755924608558416,0.0004068530283852151,26.558619175236984,2023,AA
Rece Hinds,CIN,677956.0,sa1169587,22,8030,461,412,0.0,0.0,0.0,0.266990291,23,0.0,151,7.3752711,32.75488060000001,114.1793345371578,0.357723577,0.3732160725884448,0.0,45.247766043866775,68.76355748373102,18.151071,33.27913279132792,75.08143322475571,35.173824130879346,0.0,0.0,0.0,0.0,0.0,0.0,0.0,0.0,22.5,36.2595419,39.312977000000004,24.427480900000006,0.0,7.430785368510983,0.4723077192902565,0.0010245286752500141,20.825637952163586,2023,AA
J.T. Arruda,WSN,686793.0,sa3010036,25,9125,458,376,0.0,0.0,0.0,0.10106383,6,0.0,118,16.1572052,25.7641921,101.00726052922005,0.311023622,0.32585449113950626,0.0,16.747337850919653,78.23240589198036,11.046816999999999,46.69762641898865,67.51381215469613,29.053177691309987,0.0,0.0,0.0,0.0,0.0,0.0,0.0,0.0,11.98501872659176,43.75,30.859375,25.390625,0.0,6.2977153866547155,1.5393184581771493,0.003360957332264518,16.214028404640874,2023,AA
Bladimir Restituyo,COL,678837.0,sa3006621,21,7665,456,430,0.0,0.0,0.0,0.155813954,15,0.0,86,1.7543859,18.8596491,83.64917404054441,0.288288288,0.3062968512776181,0.0,31.237322515212984,78.81355932203391,16.392269000000002,66.18655692729767,85.59585492227978,27.863436123348016,0.0,0.0,0.0,0.0,0.0,0.0,0.0,0.0,16.8,48.0825958,41.297935100000004,10.619469,0.0,5.923416796879828,0.045105598866939545,9.891578698890251e-05,19.42954410588622,2023,AA
Yoelqui Céspedes,CHW,673461.0,sa3015137,25,9125,456,393,0.0,0.0,0.0,0.11195928699999999,9,0.0,135,9.868421000000001,29.6052631,77.39050293395317,0.29880478,0.3023323445656968,0.0,29.56326987681971,76.2962962962963,17.434988,47.89964994165693,82.21680876979293,34.77789815817985,0.0,0.0,0.0,0.0,0.0,0.0,0.0,0.0,18.421052631578945,43.968871500000006,38.910505799999996,17.1206225,0.0,5.3430806393554136,-0.2592721749097109,-0.0005685793309423483,8.828506843812105,2023,AA
Edgar Quero,CHW,700337.0,sa3015239,20,7300,455,368,0.0,0.0,0.0,0.09510869599999999,6,0.0,76,15.8241758,16.7032967,107.40059068585221,0.299319727,0.3479781964323023,0.0,16.432865731462925,91.53439153439152,6.0381360000000015,46.914893617021285,64.28571428571429,19.26229508196721,0.0,0.0,0.0,0.0,0.0,0.0,0.0,0.0,13.666666666666664,49.6621621,28.378378299999998,21.959459399999997,0.0,1.689165576771244,-1.9212795905768871,-0.00422259250676239,33.410607944343745,2023,AA
Andy Thomas,SFG,673990.0,sa3016953,25,9125,448,381,0.0,0.0,0.0,0.133858268,11,0.0,107,12.5,23.8839285,92.2603709195748,0.278810408,0.3156215989187862,0.0,22.67932489451477,78.38283828382838,11.412104,46.771476698484,72.74909963985594,26.72521957340025,0.0,0.0,0.0,0.0,0.0,0.0,0.0,0.0,15.972222222222221,41.39194129999999,39.926739899999994,18.6813186,0.0,3.7317845517008745,-0.436020839959383,-0.0009732608034807656,13.777430418149985,2023,AA
Jacob Buchberger,STL,689750.0,sa3014987,25,9125,447,397,0.0,0.0,0.0,0.176322418,18,0.0,101,9.8434004,22.5950782,90.9323707907293,0.275985663,0.3322637714696734,0.0,21.87147688838782,81.04906937394247,12.087912,48.31002331002331,71.29071170084437,27.75564409030544,0.0,0.0,0.0,0.0,0.0,0.0,0.0,0.0,11.03896103896104,43.686006799999994,36.8600682,19.453924899999997,0.0,5.6521023702572775,-0.5893479390069842,-0.0013184517651162956,14.934148724578376,2023,AA
Alsander Womack,CHW,703920.0,sa3018214,24,8760,447,380,0.0,0.0,0.0,0.086842106,7,0.0,69,12.5279642,15.436241599999999,98.62130979911436,0.296416938,0.3361295534993711,0.0,18.53813559322034,91.47005444646099,6.06576,47.75871610403984,63.8470451911935,18.271954674220964,0.0,0.0,0.0,0.0,0.0,0.0,0.0,0.0,6.481481481481482,53.7704918,25.2459016,20.9836065,0.0,2.7727470525330995,-1.5987742748111486,-0.0035766762300025686,22.185876695644247,2023,AA
Luke Waddell,ATL,680672.0,sa3017075,24,8760,446,372,0.0,0.0,0.0,0.112903226,8,0.0,57,14.573991,12.780269,128.92750645117854,0.319488817,0.3711220048735495,0.0,25.7761053621825,89.45518453427064,6.239365,42.13391399020141,73.51421188630492,16.165413533834585,0.0,0.0,0.0,0.0,0.0,0.0,0.0,0.0,11.209439528023598,41.2698412,39.6825396,19.047619,0.0,4.978744803426721,-0.19452699087560174,-0.0004361591723668201,26.418526978498807,2023,AA
Haydn McGeary,CHC,702333.0,sa3020133,23,8395,442,361,0.0,0.0,0.0,0.180055402,16,0.0,105,15.158370999999999,23.755656100000003,121.39556535616434,0.311475409,0.3745483497913733,0.0,28.98062342038753,82.10290827740492,10.499432,36.62573411639082,65.1603498542274,28.15013404825737,0.0,0.0,0.0,0.0,0.0,0.0,0.0,0.0,15.52346570397112,41.5686274,36.862745,21.568627399999997,0.0,3.265878930002747,-1.6768438667058945,-0.0037937644043119774,25.253355955594877,2023,AA
Angel Martínez,CLE,682657.0,sa3008762,21,7665,437,383,0.0,0.0,0.0,0.14621409900000001,11,0.0,83,8.4668192,18.993135000000002,100.03720133936343,0.282312925,0.32395456376857623,0.0,18.20480404551201,86.16010854816824,9.540847,55.411499436302144,74.97456765005086,21.489621489621488,0.0,0.0,0.0,0.0,0.0,0.0,0.0,0.0,21.341463414634145,36.9127516,46.30872479999999,16.7785234,0.0,6.064305025396602,-0.2399142915382981,-0.0005490029554652131,29.494718287241806,2023,AA
Freddy Zamora,MIL,668965.0,sa3014500,24,8760,437,377,0.0,0.0,0.0,0.106100796,7,0.0,89,12.1281464,20.366132699999998,94.70724282554824,0.314487632,0.3348733512706015,0.0,18.74322860238353,84.57350272232304,8.545034999999999,47.941342357586024,64.82352941176471,24.0,0.0,0.0,0.0,0.0,0.0,0.0,0.0,0.0,16.610169491525422,45.6445993,35.888501700000006,18.466898899999997,0.0,5.640089970332397,0.9786115493625402,0.002239385696481785,22.26649860579385,2023,AA
Leo Rivas,SEA,660844.0,sa872542,25,9125,436,329,0.0,0.0,0.0,0.091185411,5,0.0,89,19.7247706,20.412844,126.31498324063936,0.323770491,0.3657926492514024,0.0,15.089285714285715,86.41114982578398,7.061267,44.195316392625806,64.71251409244645,21.78932178932179,0.0,0.0,0.0,0.0,0.0,0.0,0.0,0.0,19.029850746268657,43.4426229,29.098360600000003,27.459016300000002,0.0,7.377361708025031,4.078719137702136,0.009354860407573707,21.902752392226844,2023,AA
Carlos Rodríguez,MIL,677578.0,sa3005478,22,8030,436,392,0.0,0.0,0.0,0.076530612,1,0.0,50,9.174311900000001,11.467889900000001,96.54030883403743,0.330409356,0.33779139933498226,0.0,29.28118393234672,91.09848484848484,6.852792000000001,42.034313725490186,76.96793002915452,14.987080103359174,0.0,0.0,0.0,0.0,0.0,0.0,0.0,0.0,8.683473389355742,49.5522388,30.149253700000003,20.2985074,0.0,5.129078984050487,-1.9616858549416063,-0.004499279483811024,26.46945713909441,2023,AA
Cody Morissette,MIA,681357.0,sa3017158,23,8395,434,391,0.0,0.0,0.0,0.17647058899999998,16,0.0,108,7.1428571,24.8847926,76.93678636997689,0.26007326,0.3041843352494417,0.0,24.59396751740139,82.32695139911634,11.455289,52.66337177375069,70.80291970802921,26.35933806146572,0.0,0.0,0.0,0.0,0.0,0.0,0.0,0.0,25.0,34.0425531,45.0354609,20.9219858,0.0,4.393833435402401,-1.0221811886876822,-0.0023552561951329077,17.588670980711722,2023,AA
Caleb Roberts,ARI,681134.0,sa3016959,23,8395,434,367,0.0,0.0,0.0,0.245231607,17,0.0,114,13.3640552,26.267281099999998,118.4423699586882,0.355648535,0.3990093947008804,0.0,17.647058823529417,79.24217462932455,11.89251,48.74371859296482,69.5303550973654,28.8948069241012,0.0,0.0,0.0,0.0,0.0,0.0,0.0,0.0,20.833333333333336,42.4603174,34.1269841,23.4126984,0.0,6.995812053791852,-0.08853903599083424,-0.00020400699537058583,29.096907764579193,2023,AA
Andy Weber,CHC,681581.0,sa3008282,25,9125,433,372,0.0,0.0,0.0,0.09677419400000001,5,0.0,90,11.547344099999998,20.7852193,84.57248838907168,0.295373665,0.3159298887153696,0.0,20.501138952164013,81.11658456486045,11.286408,47.51942618051405,76.60377358490567,25.74385510996119,0.0,0.0,0.0,0.0,0.0,0.0,0.0,0.0,18.088737201365188,38.434163700000006,39.85765120000001,21.708185,0.0,4.37148267918395,-0.6171386390924454,-0.0014252624459409823,14.103641623991662,2023,AA
Madison Stokes,PHI,657010.0,sa3008076,27,9855,431,358,0.0,0.0,0.0,0.12849162,7,0.0,119,14.8491879,27.6102088,89.60199449598915,0.30042918399999996,0.321952648408519,0.0,19.62719298245614,78.69127516778524,10.912343,48.063781321184514,70.61611374407583,27.725437415881558,0.0,0.0,0.0,0.0,0.0,0.0,0.0,0.0,16.99604743083004,40.5063291,42.19409279999999,17.299578,0.0,4.905675822133891,-0.6596009200438857,-0.001530396566227113,7.49278256650933,2023,AA
Zavier Warren,MIL,680518.0,sa3014549,24,8760,429,377,0.0,0.0,0.0,0.16976127300000002,15,0.0,86,10.4895104,20.04662,90.88680604610649,0.264285714,0.3287916182082294,0.0,22.97142857142857,84.11552346570396,10.526316,47.51049790041992,69.94949494949495,24.65940054495913,0.0,0.0,0.0,0.0,0.0,0.0,0.0,0.0,24.01315789473684,37.800687200000006,43.6426116,18.556701,0.0,4.549644756039449,-1.0312557611614466,-0.0024038595831269148,19.78843568330055,2023,AA
Jeisson Rosario,NYY,671271.0,sa3004146,23,8395,429,344,0.0,0.0,0.0,0.136627907,10,0.0,127,18.1818181,29.603729600000005,108.53010953472088,0.306603773,0.3365395400568704,0.0,10.948081264108353,72.32796486090777,14.080618,51.92620727075421,71.36886102403344,36.103896103896105,0.0,0.0,0.0,0.0,0.0,0.0,0.0,0.0,19.11111111111111,40.3669724,40.3669724,19.266054999999998,0.0,3.524941220091668,-1.06014125328511,-0.002471191732599324,20.922821399587605,2023,AA
Logan Warmoth,SEA,657089.0,sa3004813,27,9855,429,360,0.0,0.0,0.0,0.119444445,8,0.0,115,12.820512800000001,26.806526800000004,104.91843779688112,0.322314049,0.3316283844341741,0.0,21.73913043478261,76.73267326732673,13.655337,47.21744119334479,73.63304981773997,31.94263363754889,0.0,0.0,0.0,0.0,0.0,0.0,0.0,0.0,17.870722433460074,32.3886639,47.77327929999999,19.8380566,0.0,5.844459756045742,-0.05133112473413348,-0.00011965297140823655,7.270524357876726,2023,AA
Aaron Zavala,TEX,701648.0,sa3017665,23,8395,426,341,0.0,0.0,0.0,0.090909091,5,0.0,159,16.901408399999998,37.3239436,77.2442663693806,0.335164835,0.3093596804589733,0.0,19.047619047619047,79.23076923076924,10.471747,43.65325077399382,61.465721040189116,30.416666666666664,0.0,0.0,0.0,0.0,0.0,0.0,0.0,0.0,23.24324324324325,38.3783783,37.837837799999996,23.7837837,0.0,3.4422330907586947,-0.9560264986939728,-0.0022441936589060393,17.59988030225445,2023,AA
Moisés Castillo,CHW,665940.0,sa917135,23,8395,424,373,0.0,0.0,0.0,0.083109919,5,0.0,76,10.1415094,17.924528300000006,73.23632041781215,0.268707482,0.2957193234337951,0.0,21.052631578947366,88.50771869639793,7.594937,47.549295774647895,69.07582938388626,19.65699208443272,0.0,0.0,0.0,0.0,0.0,0.0,0.0,0.0,16.286644951140065,46.7353951,33.3333333,19.931271399999996,0.0,2.7735715833396166,-1.2202361077070236,-0.002877915348365622,20.77211829884649,2023,AA
Aaron Bracho,CLE,677570.0,sa3010018,22,8030,424,367,0.0,0.0,0.0,0.19618528600000001,18,0.0,97,11.5566037,22.8773584,118.39291012393429,0.282352941,0.3521318857399923,0.0,17.986425339366516,81.9364161849711,10.414334,53.40010542962573,68.31194471865747,24.133663366336638,0.0,0.0,0.0,0.0,0.0,0.0,0.0,0.0,31.27147766323024,29.3680297,51.30111520000001,19.330855,0.0,3.380968700927025,-1.2163342293351889,-0.002868712805035823,28.63868015992156,2023,AA
Agustin Ruiz,NYM,672361.0,sa3004149,23,8395,423,364,0.0,0.0,0.0,0.197802198,18,0.0,134,9.6926713,31.678486900000006,93.81746926022923,0.256880733,0.3141220790999276,0.0,23.815165876777247,70.68493150684931,16.238806,52.316384180790955,78.83369330453563,33.33333333333333,0.0,0.0,0.0,0.0,0.0,0.0,0.0,0.0,31.872509960159363,31.1965811,53.8461538,14.9572649,0.0,3.054752557803964,-1.6432674396783111,-0.003884793001603573,14.582081846917776,2023,AA
Isiah Gilliam,SEA,656462.0,sa829343,26,9490,422,352,0.0,0.0,0.0,0.241477272,22,0.0,136,14.691943099999998,32.2274881,151.68140868296115,0.390862944,0.4062956958088909,0.0,23.116089613034625,70.86614173228347,16.504298000000002,45.83563154991727,76.41395908543923,37.13942307692308,0.0,0.0,0.0,0.0,0.0,0.0,0.0,0.0,24.669603524229075,40.2777777,36.574073999999996,23.148148100000004,0.0,5.746570582032057,1.09817300317809,0.00260230569473481,12.20568920781703,2023,AA
José Devers,MIA,672701.0,sa3003295,23,8395,420,373,0.0,0.0,0.0,0.144772118,7,0.0,62,8.5714285,14.761904699999999,107.343181794497,0.314754098,0.3525881149837275,0.0,22.76315789473684,84.65991316931981,9.974587,53.74315276932441,78.2559456398641,21.72330097087379,0.0,0.0,0.0,0.0,0.0,0.0,0.0,0.0,19.393939393939394,41.1003236,38.834951399999994,20.064724899999998,0.0,6.0871503459043765,-0.8281582985073328,-0.001971805472636507,26.375533590039105,2023,AA
Bryce Teodosio,LAA,669326.0,sa3016916,24,8760,419,368,0.0,0.0,0.0,0.10326087,7,0.0,141,8.5918854,33.651551299999994,71.19938990278759,0.31838565,0.2894617702687186,0.0,36.4124597207304,75.13227513227513,19.910371,43.57575757575757,78.85952712100139,38.86255924170617,0.0,0.0,0.0,0.0,0.0,0.0,0.0,0.0,10.655737704918034,42.15246629999999,39.0134529,18.8340807,0.0,5.777919433171098,-1.3398643396794796,-0.003197766920476085,8.019758430671821,2023,AA
Frankie Tostado,WSN,676762.0,sa3007030,25,9125,419,383,0.0,0.0,0.0,0.140992167,12,0.0,70,7.637231499999999,16.7064439,88.90855805811078,0.260726072,0.3072821200605224,0.0,28.904428904428908,80.17366136034731,15.202492,49.170616113744074,83.25301204819277,29.65440356744705,0.0,0.0,0.0,0.0,0.0,0.0,0.0,0.0,14.9390243902439,45.8064516,36.45161289999999,17.7419354,0.0,2.910433547758603,-0.8629540503025055,-0.0020595562059725673,10.809907050722897,2023,AA
Ronny Simon,TBR,682927.0,sa3008365,23,8395,416,363,0.0,0.0,0.0,0.151515152,10,0.0,90,10.3365384,21.634615300000004,91.2407689612524,0.287313432,0.3256300437881286,0.0,27.622714148219444,87.59124087591242,10.361741,40.424311926605505,77.7304964539007,23.907455012853468,0.0,0.0,0.0,0.0,0.0,0.0,0.0,0.0,16.94915254237288,49.0774907,37.6383763,13.2841328,0.0,7.475753195066241,-0.2807365860790014,-0.0006748475626899073,23.773725511954776,2023,AA
Alex McGarry,CIN,685127.0,sa3015015,25,9125,416,371,0.0,0.0,0.0,0.150943396,9,0.0,107,9.1346153,25.721153800000003,99.52108802746088,0.365384615,0.34988168765263383,0.0,37.20472440944882,76.15062761506276,16.273132999999998,37.20642768850433,79.40199335548172,33.41375150784077,0.0,0.0,0.0,0.0,0.0,0.0,0.0,0.0,23.655913978494624,41.79104470000001,34.7014925,23.5074626,0.0,6.316502181078661,-0.8702918402850628,-0.00209204769299294,11.89838729878645,2023,AA
Tristan Peters,TBR,671976.0,sa3017851,23,8395,415,363,0.0,0.0,0.0,0.14600551,7,0.0,66,10.1204819,15.9036144,111.80955547124873,0.31849315,0.358373386026865,0.0,17.13641488162345,86.27450980392156,8.956109,50.529838259899606,73.17880794701986,22.639068564036226,0.0,0.0,0.0,0.0,0.0,0.0,0.0,0.0,24.444444444444446,41.2162162,41.2162162,17.5675675,0.0,6.929367081929512,-0.4513499811291695,-0.0010875903159739022,29.49047949874608,2023,AA
Ethan Murray,MIL,696140.0,sa3017051,23,8395,413,351,0.0,0.0,0.0,0.113960114,6,0.0,93,12.8329297,22.5181598,98.743721609561,0.330708661,0.341299000455112,0.0,21.301775147929,81.3913043478261,12.0,49.157641395908534,70.37943696450428,27.87550744248985,0.0,0.0,0.0,0.0,0.0,0.0,0.0,0.0,12.781954887218044,44.8818897,38.1889763,16.929133800000002,0.0,5.290785377632809,-1.2988831736147404,-0.003144995577759662,22.93178091607877,2023,AA
Jax Biggers,TEX,680890.0,sa3008251,26,9490,413,348,0.0,0.0,0.0,0.149425287,12,0.0,95,13.559321999999998,23.0024213,90.40118225964069,0.274590163,0.33036757445916903,0.0,23.72372372372373,82.15767634854771,9.172125999999999,40.852575488454704,69.85507246376812,23.925501432664763,0.0,0.0,0.0,0.0,0.0,0.0,0.0,0.0,21.83908045977012,33.3333333,47.6190476,19.047619,0.0,5.815038065487527,-0.4118437529541552,-0.000997200370349044,12.049503241746795,2023,AA
Daniel Johnson,SDP,669288.0,sa918018,27,9855,412,361,0.0,0.0,0.0,0.171745153,13,0.0,77,9.708737800000002,18.6893203,110.079190141119,0.294964028,0.3453848991370839,0.0,21.715076071922546,80.7017543859649,12.275064,53.71318822023048,74.73182359952324,26.34961439588689,0.0,0.0,0.0,0.0,0.0,0.0,0.0,0.0,21.575342465753426,37.979094,44.250871,17.7700348,0.0,6.6428389085131485,0.5752448416315019,0.0013962253437657813,9.008808402046133,2023,AA
Juan Fernandez,SDP,667749.0,sa917824,24,8760,412,364,0.0,0.0,0.0,0.10989011,7,0.0,56,8.737864,13.592232999999998,100.7983378263036,0.29042904199999997,0.3305659884373927,0.0,31.631382316313818,82.45614035087719,11.613774,46.715328467153284,72.86931818181817,24.30647291941876,0.0,0.0,0.0,0.0,0.0,0.0,0.0,0.0,15.360501567398119,43.77104370000001,34.6801346,21.548821500000006,0.0,3.886238080324776,-1.2193423705175521,-0.002959568860479495,17.615887367689982,2023,AA
Will Robertson,TOR,683770.0,sa3009879,25,9125,412,363,0.0,0.0,0.0,0.24242424199999998,19,0.0,109,9.708737800000002,26.456310600000002,117.98651388782251,0.291666666,0.3569415231931557,0.0,20.82324455205812,76.19047619047619,14.709596,52.14368482039397,79.33333333333333,31.2039312039312,0.0,0.0,0.0,0.0,0.0,0.0,0.0,0.0,29.347826086956523,33.3333333,48.6274509,18.039215600000002,0.0,5.861142229960168,-0.24088747613132,-0.0005846783401245631,15.38601781838458,2023,AA
Jordan Lawlar,ARI,691783.0,sa3017662,20,7300,410,350,0.0,0.0,0.0,0.21142857199999998,15,0.0,89,11.4634146,21.707317,104.99192420999935,0.31048387,0.3775328160786047,0.0,21.194379391100703,82.49097472924187,11.359285,47.12074303405573,72.79894875164258,27.31152204836416,0.0,0.0,0.0,0.0,0.0,0.0,0.0,0.0,22.794117647058826,36.2934362,38.6100386,25.096525,0.0,8.388726813284473,3.891050997655839,0.009490368286965459,34.58432466215254,2023,AA
Carter Aldrete,SFG,666177.0,sa3010008,25,9125,409,372,0.0,0.0,0.0,0.161290323,13,0.0,108,7.5794621000000015,26.4058679,81.8150816887733,0.274509803,0.2995873350723117,0.0,29.357798165137616,78.08219178082193,14.145141,48.43287995269072,71.30647130647131,30.28430160692213,0.0,0.0,0.0,0.0,0.0,0.0,0.0,0.0,22.5,42.5855513,38.78326989999999,18.6311787,0.0,2.7729664501886373,-0.7331539513543248,-0.0017925524482990827,9.188837078836203,2023,AA
Luis Aviles Jr.,HOU,641323.0,sa738445,28,10220,408,366,0.0,0.0,0.0,0.18032786899999997,15,0.0,107,7.352941100000002,26.225490100000002,94.9154808068585,0.300813008,0.3285197032855289,0.0,27.93914246196404,76.77224736048268,15.394402,54.55688246385922,76.38248847926269,29.894490035169987,0.0,0.0,0.0,0.0,0.0,0.0,0.0,0.0,18.726591760299627,35.546875,40.625,23.828125,0.0,7.147362992550403,1.207325064111501,0.0029591300590968163,4.663222122230724,2023,AA
Donta' Williams,BAL,676024.0,sa3017152,24,8760,408,335,0.0,0.0,0.0,0.128358209,8,0.0,115,13.970588199999998,28.186274500000003,78.8622477311098,0.265116279,0.3083216896763554,0.0,15.519253208868143,76.0233918128655,13.333332999999998,50.491045638359324,78.26086956521739,31.50684931506849,0.0,0.0,0.0,0.0,0.0,0.0,0.0,0.0,19.823788546255507,46.1187214,36.0730593,17.808219100000002,0.0,5.783190859468843,-1.071821616962552,-0.0026270137670650786,16.317450288438348,2023,AA
Yusniel Díaz,LAD,666783.0,sa912848,26,9490,406,345,0.0,0.0,0.0,0.20579710199999998,16,0.0,78,13.7931034,19.2118226,127.97271856790242,0.3125,0.3834912850351757,0.0,21.28966223132037,81.90298507462687,10.028986,43.85057471264368,70.24901703800786,24.79674796747968,0.0,0.0,0.0,0.0,0.0,0.0,0.0,0.0,16.363636363636363,39.4736842,37.21804510000001,23.3082706,0.0,3.849813241486648,-1.3464421080425382,-0.0033163598720259567,14.39656344281008,2023,AA
Lazaro Armenteros,ATH,670860.0,sa969091,24,8760,405,330,0.0,0.0,0.0,0.215151515,14,0.0,133,15.3086419,32.8395061,123.42823441847904,0.36559139700000004,0.3821286619445424,0.0,14.966740576496672,68.16546762589928,15.718475000000002,48.16091954022989,66.34844868735084,40.795287187039754,0.0,0.0,0.0,0.0,0.0,0.0,0.0,0.0,16.176470588235293,39.28571420000001,39.28571420000001,21.4285714,0.0,6.428573202162013,-2.1801401246339083,-0.005383062036133107,20.45674888585653,2023,AA
José Rodríguez,CHW,679563.0,sa3005788,22,8030,404,382,0.0,0.0,0.0,0.185863875,18,0.0,95,4.455445500000001,23.5148514,94.64764187288368,0.305147058,0.3298038925864909,0.0,32.0,83.92857142857143,14.691615,51.30960376091336,80.62827225130891,28.624078624078628,0.0,0.0,0.0,0.0,0.0,0.0,0.0,0.0,21.85430463576159,41.2587412,36.363636299999996,22.3776223,0.0,6.309045648895006,2.12776312045753,0.005266740397172104,21.28087312467598,2023,AA
Jose Peroza,NYM,672692.0,sa3003288,23,8395,404,349,0.0,0.0,0.0,0.163323782,10,0.0,124,10.3960396,30.6930693,109.48181241211306,0.345454545,0.33816796289780005,0.0,22.819593787335723,71.91011235955057,15.773259,51.64644714038128,79.64205816554811,32.81807372175981,0.0,0.0,0.0,0.0,0.0,0.0,0.0,0.0,23.694779116465863,35.5263157,44.2982456,20.1754385,0.0,3.7513420472925976,-0.4889140641316772,-0.0012101833270586069,18.119245533734183,2023,AA
Landon Stephens,ATL,686677.0,sa3014884,25,9125,404,341,0.0,0.0,0.0,0.23167155399999997,21,0.0,151,13.118811800000001,37.376237599999996,108.6667133574654,0.274853801,0.3388689557219496,0.0,28.52882703777336,67.9144385026738,19.772999,42.415569547796224,75.70850202429149,44.168734491315135,0.0,0.0,0.0,0.0,0.0,0.0,0.0,0.0,27.58620689655172,26.7379679,51.87165769999999,21.3903743,0.0,1.8781598686151129,-1.7282672151923182,-0.004277889146515638,10.295625098656176,2023,AA
Diego Cartaya,LAD,682616.0,sa3008742,21,7665,403,354,0.0,0.0,0.0,0.18926553699999998,19,0.0,117,9.1811414,29.032258000000002,73.58908958496234,0.21621621600000002,0.2966559261601261,0.0,26.441102756892228,75.50200803212851,14.903526000000001,47.25710508922671,69.65034965034964,34.23295454545455,0.0,0.0,0.0,0.0,0.0,0.0,0.0,0.0,26.033057851239672,31.6239316,47.008547,21.367521300000003,0.0,1.870798315,-0.6223842683248222,-0.0015443778370342982,15.249384553271911,2023,AA
Luisangel Acuña,TEX,682668.0,sa3008765,21,7665,402,362,0.0,0.0,0.0,0.13812154699999998,7,0.0,76,9.20398,18.905472600000003,118.88230607151868,0.38078291799999997,0.3758439182343328,0.0,25.935828877005342,82.52933507170795,12.369701,47.150259067357524,76.62337662337663,25.172074729596854,0.0,0.0,0.0,0.0,0.0,0.0,0.0,0.0,10.53864168618267,49.1166077,27.2084805,23.6749116,0.0,7.543270177061883,5.1581619079224765,0.01283124852717034,31.328707067007336,2023,AA
Noah Mendlinger,STL,702331.0,sa3017001,22,8030,401,321,0.0,0.0,0.0,0.093457944,4,0.0,43,13.715710699999999,10.723192,124.36414664458351,0.33093525100000004,0.3856449140743776,0.0,22.324159021406732,93.40425531914892,4.136253,42.39577216676453,65.09695290858726,11.71993911719939,0.0,0.0,0.0,0.0,0.0,0.0,0.0,0.0,15.333333333333332,51.272727200000006,23.636363600000003,25.090909,0.0,3.6751755382556657,-2.4592977659776807,-0.006132912134607682,33.20748616838936,2023,AA
Hunter Goodman,COL,696100.0,sa3017173,23,8395,400,348,0.0,0.0,0.0,0.284482758,25,0.0,98,10.25,24.5,124.8921309189218,0.252173913,0.3696077312144421,0.0,15.70680628272251,75.74750830564784,12.288401,53.499695678636634,68.48691695108077,29.302987197724036,0.0,0.0,0.0,0.0,0.0,0.0,0.0,0.0,26.538461538461537,31.5789473,47.368421000000005,21.0526315,0.0,1.2855339025,-0.6922671943902969,-0.0017306679859757426,24.583287623374023,2023,AA
Corey Rosier,BOS,681468.0,sa3016961,23,8395,400,358,0.0,0.0,0.0,0.153631285,7,0.0,86,8.25,21.5,114.08953958702095,0.354477611,0.3545485935618529,0.0,26.19974059662776,84.19182948490231,10.121457000000001,50.513478818998706,71.53748411689962,23.34739803094233,0.0,0.0,0.0,0.0,0.0,0.0,0.0,0.0,23.28767123287671,45.9259259,34.444444399999995,19.6296296,0.0,9.361499828455198,5.874418832361697,0.014686047080904248,26.558619175236988,2023,AA
Brooks Lee,MIN,686797.0,sa3019973,22,8030,399,349,0.0,0.0,0.0,0.183381089,11,0.0,63,10.275689199999999,15.7894736,115.83594559274236,0.325,0.3748282880494089,0.0,23.72034956304619,86.65377176015474,9.223623,47.57853403141361,71.11416781292984,21.982758620689655,0.0,0.0,0.0,0.0,0.0,0.0,0.0,0.0,17.687074829931973,43.6619718,29.929577400000003,26.408450700000003,0.0,3.688639130318224,-1.4564588433131576,-0.0036502727902585404,30.809274371027364,2023,AA
J.C. Correa,HOU,682182.0,sa3014823,24,8760,398,357,0.0,0.0,0.0,0.092436975,6,0.0,48,8.2914572,12.0603015,74.31103610242718,0.264516129,0.29762022908608515,0.0,22.503725782414307,90.03436426116838,7.301808,53.72413793103449,74.71116816431322,15.130674002751034,0.0,0.0,0.0,0.0,0.0,0.0,0.0,0.0,15.360501567398119,47.6038338,31.309904100000004,21.086261899999997,0.0,4.627065015258469,-0.3106582975015044,-0.0007805484861846845,18.984338211018905,2023,AA
DaShawn Keirsey Jr.,MIN,680577.0,sa3007301,26,9490,397,361,0.0,0.0,0.0,0.182825485,13,0.0,93,7.808564199999998,23.4256926,118.45936266500708,0.37743190600000004,0.37901714721915103,0.0,32.29813664596273,78.43478260869566,16.189207,46.54714475431607,82.02567760342369,32.00962695547533,0.0,0.0,0.0,0.0,0.0,0.0,0.0,0.0,11.678832116788321,45.864661600000005,26.691729300000002,27.443609,0.0,8.011446807650815,3.018150720279664,0.0076023947614097314,11.162415762582247,2023,AA
Shane McGuire,ATH,676063.0,sa3017284,24,8760,396,330,0.0,0.0,0.0,0.081818182,4,0.0,87,13.888888799999998,21.9696969,81.98455723894799,0.293388429,0.3159547664489843,0.0,17.165898617511527,84.80769230769229,8.786611,48.39476813317479,63.88206388206388,24.386503067484664,0.0,0.0,0.0,0.0,0.0,0.0,0.0,0.0,20.8,43.2653061,33.0612244,23.6734693,0.0,3.4520865815506863,-1.2306359997019172,-0.0031076666659139323,19.1413387728892,2023,AA
Matt Gorski,PIT,685301.0,sa3010399,25,9125,396,357,0.0,0.0,0.0,0.19887955100000002,17,0.0,101,6.8181818000000005,25.5050505,94.99545039589935,0.27755102,0.32493340878546995,0.0,18.284789644012946,71.17117117117117,16.939891000000006,58.467741935483865,76.55172413793103,35.03267973856209,0.0,0.0,0.0,0.0,0.0,0.0,0.0,0.0,23.220973782771534,38.910505799999996,43.1906614,17.8988326,0.0,6.940675253737585,1.3614924903959036,0.003438112349484605,12.797132457738009,2023,AA
Steward Berroa,TOR,672642.0,sa3003276,24,8760,396,324,0.0,0.0,0.0,0.141975308,7,0.0,106,14.393939300000001,26.7676767,122.72252290111237,0.37674418600000004,0.3642116347640676,0.0,13.487241798298907,79.3103448275862,10.633067,53.07867730900798,71.64339419978519,27.900146842878122,0.0,0.0,0.0,0.0,0.0,0.0,0.0,0.0,18.8,46.81818180000001,33.6363636,19.5454545,0.0,7.534229461073988,3.2652251264080405,0.0082455179959799,24.39024944947176,2023,AA
Chase Meidroth,BOS,805367.0,sa3020011,21,7665,396,325,0.0,0.0,0.0,0.12,7,0.0,78,14.8989898,19.696969600000003,116.79721916133705,0.315352697,0.35870507479918123,0.0,17.11229946524064,89.91769547325104,5.746445,47.99777530589543,56.315179606025495,16.938110749185668,0.0,0.0,0.0,0.0,0.0,0.0,0.0,0.0,9.923664122137405,50.6172839,32.510288,16.872427899999998,0.0,5.327220413950056,0.2514857528731227,0.0006350650325078857,36.08779187525965,2023,AA
Austin Gauthier,LAD,702789.0,sa3017121,24,8760,392,321,0.0,0.0,0.0,0.140186916,6,0.0,54,16.326530599999998,13.775510199999998,131.80302843032712,0.332075471,0.3896072125252412,0.0,15.023474178403756,86.70634920634922,7.256525,46.482412060301506,68.10810810810811,19.391025641025642,0.0,0.0,0.0,0.0,0.0,0.0,0.0,0.0,8.02919708029197,46.9924812,31.9548872,21.0526315,0.0,6.595745947756568,-0.8272175285965204,-0.002110248797440103,29.36546995738854,2023,AA
Neyfy Castillo,ARI,678689.0,sa3005544,22,8030,391,348,0.0,0.0,0.0,0.209770115,17,0.0,128,8.951406599999999,32.736572800000005,82.1237859711588,0.321951219,0.34101883148598244,0.0,24.39024390243902,69.28838951310861,18.193548,47.96954314720812,70.63492063492063,40.756302521008394,0.0,0.0,0.0,0.0,0.0,0.0,0.0,0.0,19.823788546255507,44.2396313,35.944700399999995,19.8156682,0.0,7.364049765659287,0.30272113159298897,0.0007742228429488209,18.524780664585858,2023,AA
Connor Kokx,CLE,701634.0,sa3017735,23,8395,390,325,0.0,0.0,0.0,0.083076923,3,0.0,88,12.051282,22.5641025,94.61833675427391,0.299578059,0.31563622019897697,0.0,17.582417582417587,80.87986463620979,9.993382,54.52841973766397,67.6975945017182,24.13793103448276,0.0,0.0,0.0,0.0,0.0,0.0,0.0,0.0,19.767441860465123,42.3728813,36.4406779,21.1864406,0.0,6.067088986311019,2.6523522194474936,0.006800903126788446,24.15484244440753,2023,AA
Ben Malgeri,DET,701162.0,sa3016975,23,8395,389,344,0.0,0.0,0.0,0.18023255800000001,13,0.0,118,10.2827763,30.334190200000002,103.10384375776584,0.31308411199999997,0.33148310821896043,0.0,16.94915254237288,73.35423197492163,15.738964000000001,52.59579728059333,74.97062279670975,34.75935828877005,0.0,0.0,0.0,0.0,0.0,0.0,0.0,0.0,14.893617021276595,38.6666666,44.0,17.3333333,0.0,6.6279505971645305,-0.3722010869532824,-0.0009568151335559957,20.201688380338773,2023,AA
Eddys Leonard,LAD,678760.0,sa3005554,22,8030,388,350,0.0,0.0,0.0,0.157142857,11,0.0,85,7.474226799999999,21.907216400000006,98.29672853163721,0.307086614,0.3361070759824871,0.0,23.21167883211679,83.87096774193549,12.171508,53.40136054421769,78.98089171974523,24.967320261437912,0.0,0.0,0.0,0.0,0.0,0.0,0.0,0.0,16.84981684981685,41.9230769,37.6923076,20.384615300000004,0.0,2.9334536244909017,-1.5310683413408697,-0.003946052426136262,22.235221558617635,2023,AA
Jesse Franklin V,ATL,675966.0,sa3014532,24,8760,387,341,0.0,0.0,0.0,0.18768328399999998,15,0.0,115,8.2687338,29.715762199999997,104.16269463807001,0.29906542,0.33169903219208235,0.0,28.29763246899662,78.33333333333333,16.25,43.753963221306286,78.26086956521739,34.73132372214941,0.0,0.0,0.0,0.0,0.0,0.0,0.0,0.0,20.416666666666668,39.9103139,41.2556053,18.8340807,0.0,6.6364024890798525,1.6290243919938805,0.004209365353989355,15.568515175732756,2023,AA
Ivan Johnson,CIN,671155.0,sa1169627,24,8760,386,334,0.0,0.0,0.0,0.18862275399999998,14,0.0,103,9.0673575,26.6839378,86.16161994823813,0.274774774,0.3286148212172768,0.0,37.06896551724138,73.77777777777777,17.409184,38.62433862433862,77.05479452054793,36.2565445026178,0.0,0.0,0.0,0.0,0.0,0.0,0.0,0.0,17.21311475409836,41.5584415,37.22943720000001,21.2121212,0.0,6.983221702464187,2.3778188619762664,0.006160152492166492,14.465267984211767,2023,AA
Robbie Tenerowicz,SEA,642134.0,sa738999,28,10220,385,316,0.0,0.0,0.0,0.215189873,16,0.0,65,11.428571400000001,16.8831168,154.14927830530848,0.317991631,0.4102361894523104,0.0,20.3680981595092,84.61538461538461,8.695651999999999,50.06127450980392,66.82986536107711,22.59475218658892,0.0,0.0,0.0,0.0,0.0,0.0,0.0,0.0,17.358490566037734,43.2,36.0,20.8,0.0,2.3894229053817417,-1.6456332169473171,-0.004274371992070954,7.529906446974204,2023,AA
Tyler Black,MIL,672012.0,sa3017623,22,8030,385,308,0.0,0.0,0.0,0.24025974,14,0.0,77,15.8441558,20.0,143.92553795177898,0.319634703,0.4132236944443268,0.0,15.101070154577885,85.22727272727273,8.400247,50.0,73.24613555291319,23.226703755215574,0.0,0.0,0.0,0.0,0.0,0.0,0.0,0.0,18.220338983050848,37.0044052,43.1718061,19.823788500000003,0.0,9.090701172177932,4.266905564814806,0.011082871596921574,40.084005415828145,2023,AA
Quincy McAfee,CIN,687331.0,sa1159899,25,9125,385,317,0.0,0.0,0.0,0.214511041,14,0.0,76,11.9480519,19.740259700000006,111.80352933530605,0.26956521699999997,0.3694340408784557,0.0,34.01506996770721,86.53421633554083,10.10101,39.1218872870249,75.87939698492463,22.611036339165544,0.0,0.0,0.0,0.0,0.0,0.0,0.0,0.0,28.90625,37.0833333,38.3333333,24.5833333,0.0,6.876049602153097,-0.6739641986787319,-0.0017505563602044985,18.945215082121447,2023,AA
Kody Hoese,LAD,682210.0,sa3010021,25,9125,383,344,0.0,0.0,0.0,0.14534883699999998,11,0.0,71,6.788511699999999,18.537859,81.7679937303357,0.27037037,0.3097153355807611,0.0,26.721763085399452,86.27450980392156,8.639308999999999,48.51063829787234,67.10526315789474,20.560747663551396,0.0,0.0,0.0,0.0,0.0,0.0,0.0,0.0,22.456140350877188,36.4620938,40.433212899999994,23.1046931,0.0,3.379741934348228,-0.4748745048418641,-0.0012398812136863292,13.567723214394624,2023,AA
Jeferson Quero,MIL,691620.0,sa3015407,20,7300,381,336,0.0,0.0,0.0,0.17857142899999998,16,0.0,68,9.973753199999999,17.847769,104.60796331458843,0.28125,0.35063425574715684,0.0,30.115273775216142,86.93284936479128,12.26138,48.895434462444776,82.98192771084337,24.901703800786372,0.0,0.0,0.0,0.0,0.0,0.0,0.0,0.0,20.66420664206642,37.1747211,44.9814126,17.843866100000003,0.0,3.5984403280364976,0.1998581420630217,0.0005245620526588495,28.793391542989006,2023,AA
Andrés Alvarez,PIT,687019.0,sa3010710,26,9490,380,339,0.0,0.0,0.0,0.12979351,8,0.0,98,7.8947368,25.7894736,70.99565857386976,0.273109243,0.2880920168592307,0.0,19.003115264797508,76.11940298507463,14.597544,56.62162162162162,71.95704057279238,30.758426966292127,0.0,0.0,0.0,0.0,0.0,0.0,0.0,0.0,15.93625498007968,44.1666666,44.1666666,11.6666666,0.0,4.091693963179054,-1.1976207913830876,-0.003151633661534441,6.914279505757794,2023,AA
Kyle Datres,COL,663979.0,sa3008029,27,9855,380,315,0.0,0.0,0.0,0.16825396899999998,13,0.0,90,13.947368399999998,23.684210500000002,120.55140298201094,0.308411214,0.36294440428415936,0.0,12.75252525252525,75.0865051903114,11.9795,51.529987760097924,68.64608076009499,31.114551083591326,0.0,0.0,0.0,0.0,0.0,0.0,0.0,0.0,10.084033613445378,45.495495399999996,33.78378370000001,20.7207207,0.0,6.639709997177671,2.5081657106056814,0.006600436080541266,9.72617487699067,2023,AA
Luca Tresh,KCR,681123.0,sa3017394,23,8395,380,334,0.0,0.0,0.0,0.134730539,10,0.0,72,11.3157894,18.9473684,78.54961680403778,0.258823529,0.31115962376720024,0.0,21.188630490956076,82.69662921348312,9.608785,47.058823529411754,64.68023255813954,24.87644151565074,0.0,0.0,0.0,0.0,0.0,0.0,0.0,0.0,23.595505617977533,32.6923076,44.6153846,22.6923076,0.0,3.0939185993054847,-0.992766410112381,-0.002612543184506266,21.272801327755,2023,AA
Jose Gomez,LAA,650506.0,sa828331,26,9490,378,335,0.0,0.0,0.0,0.09253731400000001,5,0.0,86,7.9365079,22.751322700000006,81.60311221783488,0.318548387,0.3060234006863817,0.0,30.69306930693069,83.92156862745098,13.840829999999999,47.189542483660134,70.6371191135734,31.693198263386396,0.0,0.0,0.0,0.0,0.0,0.0,0.0,0.0,11.636363636363635,48.780487799999996,31.707317000000003,19.5121951,0.0,6.06200552469629,0.6827524770051241,0.0018062234841405398,8.00331055823972,2023,AA
Wyatt Young,NYM,696281.0,sa3017081,23,8395,377,321,0.0,0.0,0.0,0.049844237,2,0.0,81,13.7931034,21.4854111,72.02925674696604,0.270833333,0.2806756191253662,0.0,16.125,88.53974121996303,6.797386,50.70856438693777,65.73511543134872,18.53035143769968,0.0,0.0,0.0,0.0,0.0,0.0,0.0,0.0,15.0,41.6666666,38.75,19.5833333,0.0,5.702710620760076,0.7687390632927418,0.002039095658601437,23.84471788172539,2023,AA
Isaac Collins,MIL,686555.0,sa3009884,25,9125,376,290,0.0,0.0,0.0,0.162068965,10,0.0,55,19.9468085,14.6276595,134.35338282056486,0.29694323100000003,0.3979858314196269,0.0,20.892494929006084,86.08923884514435,6.17284,37.71320277953254,63.81909547738693,18.884892086330932,0.0,0.0,0.0,0.0,0.0,0.0,0.0,0.0,15.163934426229508,44.9152542,41.52542370000001,13.559321999999998,0.0,6.704850688963235,0.5401503629982471,0.0014365701143570402,23.575416993608908,2023,AA
Yunior Severino,MIN,670870.0,sa3003185,23,8395,375,334,0.0,0.0,0.0,0.27245509,24,0.0,117,9.6,31.2,134.60954097750755,0.373056994,0.404804439385732,0.0,27.797833935018055,71.02803738317756,17.915308999999993,46.248382923674,74.82517482517483,37.79527559055118,0.0,0.0,0.0,0.0,0.0,0.0,0.0,0.0,19.17808219178082,45.0704225,27.2300469,27.699530499999998,0.0,3.610245051601836,-2.0114672183990483,-0.005363912582397461,19.524147167089428,2023,AA
Pablo Aliendo,CHC,680846.0,sa3006220,22,8030,375,321,0.0,0.0,0.0,0.22741433,16,0.0,114,10.9333333,30.4,108.58499720521635,0.300518134,0.3541552742428818,0.0,27.14097496706193,73.046875,16.468946000000006,47.2550382209868,75.29411764705883,36.13445378151261,0.0,0.0,0.0,0.0,0.0,0.0,0.0,0.0,21.80094786729858,37.68115940000001,40.5797101,21.739130399999997,0.0,4.79713888526012,0.33453548699617386,0.0008920946319897968,21.32475121359284,2023,AA
Troy Johnston,MIA,687859.0,sa3010899,26,9490,374,314,0.0,0.0,0.0,0.27070063699999997,18,0.0,64,11.2299465,17.112299399999998,150.5314970777259,0.319148936,0.4213393652019139,0.0,17.257318952234208,85.42372881355931,10.461538000000001,53.54330708661418,78.87700534759358,23.765432098765434,0.0,0.0,0.0,0.0,0.0,0.0,0.0,0.0,24.074074074074076,36.7588932,43.478260799999994,19.7628458,0.0,7.940787370779389,1.9413053318858149,0.00519065596760913,16.799752975429858,2023,AA
Juan Brito,CLE,682877.0,sa3009808,21,7665,374,315,0.0,0.0,0.0,0.168253968,10,0.0,63,12.8342245,16.8449197,128.97399358252778,0.31048387,0.36837460340992095,0.0,16.82758620689655,85.35353535353535,8.87372,52.145214521452154,75.18987341772151,19.942196531791907,0.0,0.0,0.0,0.0,0.0,0.0,0.0,0.0,26.21722846441948,35.15625,44.53125,20.3125,0.0,3.0378159835594136,-3.3428879845887423,-0.008938203167349577,34.75873038612578,2023,AA
C.J. Stubbs,HOU,667690.0,sa3010328,26,9490,370,316,0.0,0.0,0.0,0.183544304,14,0.0,132,11.351351300000001,35.6756756,88.50710477473362,0.282352941,0.3202873577942719,0.0,20.12121212121212,76.171875,14.012739000000002,48.08055380742604,67.01570680628272,35.14328808446455,0.0,0.0,0.0,0.0,0.0,0.0,0.0,0.0,20.0,34.444444399999995,48.3333333,17.222222199999997,0.0,5.821399153158049,-0.009381397627294064,-2.535512872241639e-05,8.896499051703888,2023,AA
Brandon Lewis,LAD,686781.0,sa3010035,24,8760,369,337,0.0,0.0,0.0,0.10089020800000001,7,0.0,100,7.5880758,27.100271000000003,54.14400550663171,0.260869565,0.2656075962513766,0.0,25.788751714677637,75.22123893805309,17.896936,49.75878704341834,78.25484764542936,35.83892617449664,0.0,0.0,0.0,0.0,0.0,0.0,0.0,0.0,19.327731092436977,34.4680851,38.723404200000004,26.8085106,0.0,2.315416561260829,-0.392389842774719,-0.0010633871077905665,7.682419385572133,2023,AA
Drew Romo,COL,691011.0,sa3014522,21,7665,368,327,0.0,0.0,0.0,0.186544343,13,0.0,67,7.880434699999999,18.2065217,101.45913834136957,0.27667984100000004,0.33363641654821136,0.0,18.253968253968253,79.47882736156352,13.663034,59.12408759124088,84.2249657064472,25.25849335302807,0.0,0.0,0.0,0.0,0.0,0.0,0.0,0.0,27.46478873239437,39.6226415,41.8867924,18.490566,0.0,4.360743671012976,-2.5179011374711995,-0.006842122656171737,26.06469496812337,2023,AA
James Wood,WSN,695578.0,sa3016870,20,7300,368,323,0.0,0.0,0.0,0.244582043,18,0.0,124,10.597826,33.695652100000004,127.15379510741889,0.338797814,0.3659912862855455,0.0,26.61782661782662,74.01247401247402,14.652262,45.29058116232465,70.94395280235987,34.49781659388647,0.0,0.0,0.0,0.0,0.0,0.0,0.0,0.0,19.02439024390244,39.898989799999995,37.373737299999995,22.727272699999997,0.0,6.256758816597738,0.417305969633162,0.0011339836131335926,26.239885706534746,2023,AA
Joey Loperfido,HOU,694388.0,sa3017050,24,8760,365,314,0.0,0.0,0.0,0.251592357,19,0.0,81,12.8767123,22.191780800000004,145.9988635599911,0.344186046,0.4120855257326727,0.0,19.484240687679087,81.73076923076924,10.719424,50.601556970983715,72.72727272727273,24.922600619195045,0.0,0.0,0.0,0.0,0.0,0.0,0.0,0.0,18.565400843881854,45.0643776,31.759656600000003,23.1759656,0.0,5.95892845248854,1.83143868111074,0.0050176402222212035,27.201408158635825,2023,AA
Tyler McDonough,BOS,694812.0,sa3016869,24,8760,365,316,0.0,0.0,0.0,0.12025316400000001,5,0.0,97,9.589041,26.5753424,89.90402001175897,0.33789954299999997,0.31742209628973594,0.0,22.81616688396349,81.83486238532109,11.324639999999999,50.259403372243845,70.3225806451613,27.42175856929955,0.0,0.0,0.0,0.0,0.0,0.0,0.0,0.0,17.22689075630252,43.1818181,35.909090899999995,20.9090909,0.0,7.713579636238816,0.9782588370144368,0.0026801611972998266,17.72090801380592,2023,AA
Johnathan Rodríguez,CLE,671286.0,sa3004147,23,8395,363,322,0.0,0.0,0.0,0.223602485,18,0.0,97,9.3663911,26.721763,141.14075118870338,0.358851674,0.3870514439743972,0.0,27.60487144790257,77.4526678141136,15.007013,51.41354372123603,74.29667519181584,31.56462585034013,0.0,0.0,0.0,0.0,0.0,0.0,0.0,0.0,22.633744855967077,45.495495399999996,33.78378370000001,20.7207207,0.0,3.4361821088868285,-1.0951874703168871,-0.003017045372773793,21.576698489580075,2023,AA
Jordan Nwogu,CHC,685087.0,sa3014530,24,8760,363,324,0.0,0.0,0.0,0.175925926,16,0.0,137,7.438016499999999,37.7410468,69.73415804123066,0.2716763,0.29230882927199103,0.0,33.5195530726257,67.42424242424242,19.933110000000006,42.84802043422733,78.68852459016394,40.83438685208597,0.0,0.0,0.0,0.0,0.0,0.0,0.0,0.0,22.051282051282055,35.828877,51.336898299999994,12.8342245,0.0,6.006518501942463,-0.8594899903982878,-0.0023677410203809587,8.448327531993439,2023,AA
José Tena,CLE,677588.0,sa3005482,22,8030,362,308,0.0,0.0,0.0,0.110389611,4,0.0,104,11.3259668,28.7292817,107.03487847286057,0.370731707,0.3346964971886741,0.0,18.998527245949926,75.33333333333333,14.559659,53.934871099050206,75.47169811320755,31.90546528803545,0.0,0.0,0.0,0.0,0.0,0.0,0.0,0.0,12.162162162162163,44.444444399999995,35.74879220000001,19.8067632,0.0,5.2809591959601585,-0.7082745861262083,-0.001956559630182896,21.25070693854564,2023,AA
Brandon McIlwain,NYM,666140.0,sa3015076,25,9125,360,315,0.0,0.0,0.0,0.133333333,7,0.0,73,7.5,20.2777777,108.69013892194289,0.31380753100000003,0.3369526876343621,0.0,22.172619047619047,77.46967071057192,13.632959,52.54237288135593,77.55376344086021,28.592162554426704,0.0,0.0,0.0,0.0,0.0,0.0,0.0,0.0,13.688212927756656,47.4789915,36.5546218,15.9663865,0.0,4.487056894001801,-1.6241211444139483,-0.004511447623372078,13.361344696413152,2023,AA
Seth Beer,ARI,666179.0,sa3006658,26,9490,359,307,0.0,0.0,0.0,0.19218241,13,0.0,81,9.470752,22.562674,112.6736465201722,0.35348837200000005,0.3897983659519239,0.0,22.649572649572647,83.77425044091711,12.061404,51.01186322400557,77.56497948016415,25.216138328530253,0.0,0.0,0.0,0.0,0.0,0.0,0.0,0.0,24.369747899159666,29.7777777,40.8888888,29.3333333,0.0,2.07467532125,-0.7723563811741769,-0.0021514105325185985,12.014117358809006,2023,AA
Chris Seise,TEX,669451.0,sa3004142,24,8760,358,322,0.0,0.0,0.0,0.09937888199999999,4,0.0,122,8.100558600000001,34.0782122,55.72743075560742,0.32160804,0.27500334607452903,0.0,27.67203513909224,67.79661016949152,19.253294,50.32727272727273,76.73410404624278,39.215686274509814,0.0,0.0,0.0,0.0,0.0,0.0,0.0,0.0,4.854368932038835,51.7948717,25.641025600000003,22.5641025,0.0,5.24489835379065,1.2843054700642824,0.0035874454471069342,7.807595509225474,2023,AA
Dillan Shrum,KCR,686770.0,sa3017111,25,9125,358,277,0.0,0.0,0.0,0.198555957,13,0.0,115,15.083798800000002,32.122904999999996,125.66824564320044,0.34437086,0.3863948208562444,0.0,23.42233009708738,75.0,13.822751,46.00262123197903,66.66666666666666,33.94777265745007,0.0,0.0,0.0,0.0,0.0,0.0,0.0,0.0,23.66863905325444,30.864197500000003,46.29629620000001,22.8395061,0.0,4.191981625625521,-1.4081401857547462,-0.003933352474175269,15.385185646941107,2023,AA
Blake Dunn,CIN,694362.0,sa3016823,24,8760,357,295,0.0,0.0,0.0,0.223728814,15,0.0,84,11.4845938,23.5294117,155.54935911151742,0.41293532299999997,0.43907279546341205,0.0,32.40938166311301,81.1046511627907,10.042735,34.906315058986806,68.389662027833,26.42740619902121,0.0,0.0,0.0,0.0,0.0,0.0,0.0,0.0,13.004484304932735,47.8468899,30.1435406,22.009569300000006,0.0,9.06633581259508,4.167591940611601,0.011673927004514287,25.819166725412888,2023,AA
Hayden Cantrelle,SFG,676463.0,sa3014426,24,8760,357,275,0.0,0.0,0.0,0.090909091,4,0.0,75,18.487394899999998,21.0084033,109.9812173917688,0.279187817,0.3428243619672368,0.0,15.214723926380367,83.41121495327103,7.755662000000001,45.19166106254203,63.69047619047619,23.191094619666053,0.0,0.0,0.0,0.0,0.0,0.0,0.0,0.0,27.05314009661836,31.6582914,48.241206,20.1005025,0.0,6.1507021146092224,1.3034058073535562,0.0036509966592536587,25.221928101541433,2023,AA
Evan Edwards,TBR,657212.0,sa3009866,26,9490,357,305,0.0,0.0,0.0,0.22295082,15,0.0,116,12.0448179,32.492997100000004,117.50206082878752,0.344632768,0.3674352551374783,0.0,23.444976076555022,77.51605995717344,16.240498000000002,44.89123269611074,68.57562408223201,38.557993730407524,0.0,0.0,0.0,0.0,0.0,0.0,0.0,0.0,22.058823529411764,45.2631578,42.1052631,12.6315789,0.0,7.046601728791322,2.0046829059720044,0.005615358280033625,11.224646108438355,2023,AA
Julio Carreras,COL,679734.0,sa3005598,23,8395,356,311,0.0,0.0,0.0,0.099678456,5,0.0,81,9.2696629,22.7528089,81.62425982891469,0.299559471,0.3031884635615553,0.0,13.978494623655912,77.75735294117648,11.787365,57.88679245283019,70.92568448500653,26.73267326732673,0.0,0.0,0.0,0.0,0.0,0.0,0.0,0.0,6.639004149377594,54.185022,27.7533039,18.061674,0.0,6.2977448374333695,1.3803126821294427,0.0038772828149703452,20.831901347074364,2023,AA
Patrick Winkel,MIN,680868.0,sa3017556,23,8395,356,304,0.0,0.0,0.0,0.15789473699999998,10,0.0,86,12.6404494,24.1573033,105.86395843677697,0.33490566,0.35890582940551674,0.0,26.71660424469413,82.55813953488372,11.079545,42.989323843416365,71.19205298013243,25.696594427244587,0.0,0.0,0.0,0.0,0.0,0.0,0.0,0.0,20.720720720720717,38.9140271,35.29411760000001,25.7918552,0.0,3.5522178228887133,-0.6377580380067229,-0.0017914551629402329,23.478546711329606,2023,AA
Johan Rojas,PHI,679032.0,sa3005784,22,8030,354,320,0.0,0.0,0.0,0.178125,9,0.0,59,6.779660999999999,16.6666666,125.11045934076307,0.349019607,0.3764606741341678,0.0,25.90448625180897,83.63636363636363,9.962547,50.108303249097474,71.3256484149856,22.748815165876774,0.0,0.0,0.0,0.0,0.0,0.0,0.0,0.0,13.718411552346574,50.1960784,28.2352941,21.568627399999997,0.0,8.341918223568088,1.7373720919713378,0.0049078307682806155,31.58811044930157,2023,AA
Miguel Hiraldo,TOR,677599.0,sa3005486,22,8030,354,320,0.0,0.0,0.0,0.178125,12,0.0,111,7.344632700000001,31.3559322,114.87268532571696,0.38,0.35216157429616785,0.0,24.26367461430575,72.3404255319149,17.733628000000003,51.29781420765027,81.35818908122505,34.78260869565217,0.0,0.0,0.0,0.0,0.0,0.0,0.0,0.0,16.017316017316016,48.55769229999999,30.288461500000004,21.153846100000006,0.0,4.506058001998301,0.3032990386709571,0.0008567769453981837,19.29538960118817,2023,AA
Logan Driscoll,TBR,686482.0,sa3009882,25,9125,353,316,0.0,0.0,0.0,0.151898735,10,0.0,90,6.2322946,25.4957507,98.16603284872824,0.331818181,0.3366543346694104,0.0,28.412256267409468,84.72998137802608,15.714285999999998,48.567335243552996,79.20353982300884,31.62393162393162,0.0,0.0,0.0,0.0,0.0,0.0,0.0,0.0,20.74688796680498,41.6666666,42.543859600000005,15.7894736,0.0,5.447861931225921,-0.3794727362692356,-0.0010749935871649733,11.836806611969404,2023,AA
Griffin Conine,MIA,665052.0,sa876060,25,9125,353,292,0.0,0.0,0.0,0.23972602699999998,18,0.0,120,13.314447500000002,33.9943342,127.70183216919443,0.35668789799999995,0.38499694262232104,0.0,20.52980132450331,69.59706959706959,18.015482000000002,48.70923913043478,76.15062761506276,40.2962962962963,0.0,0.0,0.0,0.0,0.0,0.0,0.0,0.0,19.12568306010929,42.8571428,36.5714285,20.5714285,0.0,3.236122188702197,-1.0270059257745745,-0.002909365228823157,14.063697394704928,2023,AA
Junior Caminero,TBR,691406.0,sa3015532,19,6935,351,314,0.0,0.0,0.0,0.238853503,20,0.0,60,9.1168091,17.094017,140.2610815096077,0.32489451399999997,0.4036652195453644,0.0,24.786324786324787,86.0125260960334,12.154696000000001,47.21804511278195,76.27388535031847,26.198083067092647,0.0,0.0,0.0,0.0,0.0,0.0,0.0,0.0,10.294117647058822,51.3833992,33.9920948,14.6245059,0.0,3.9841498166585185,-2.0422754324972634,-0.005818448525633227,33.08905171132948,2023,AA
TJ Rumfield,NYY,681198.0,sa3017330,23,8395,350,297,0.0,0.0,0.0,0.218855219,17,0.0,75,11.1428571,21.4285714,110.4141338014787,0.22748815100000003,0.33943165166037426,0.0,18.00302571860817,81.06712564543889,10.832138,53.25318246110326,77.15803452855246,23.14410480349345,0.0,0.0,0.0,0.0,0.0,0.0,0.0,0.0,20.085470085470085,38.495575200000005,43.8053097,17.699115000000006,0.0,3.861223035240204,-0.3976207794621587,-0.0011360593698918821,26.30827766078273,2023,AA
Jeremiah Jackson,LAA,669236.0,sa3007740,23,8395,349,311,0.0,0.0,0.0,0.199356913,15,0.0,94,9.455587300000001,26.9340974,104.6507590928809,0.302439024,0.34271282760324995,0.0,23.654822335025376,74.84433374844333,15.081724,51.261751608114785,77.50965250965253,34.747474747474755,0.0,0.0,0.0,0.0,0.0,0.0,0.0,0.0,15.141955835962145,41.395348799999994,36.2790697,22.3255813,0.0,5.836654723435418,0.2929768469184637,0.0008394752060700964,20.13194149073957,2023,AA
Coby Mayo,BAL,691723.0,sa3014479,21,7665,347,287,0.0,0.0,0.0,0.29616724699999997,17,0.0,86,14.6974063,24.7838616,170.35770637630924,0.383783783,0.44877374344478455,0.0,22.448979591836732,75.72815533980581,10.226493,43.867924528301884,63.28725038402458,27.2108843537415,0.0,0.0,0.0,0.0,0.0,0.0,0.0,0.0,23.18840579710145,35.0,40.5,24.5,0.0,4.474000446978792,-0.4716073842719197,-0.0013590990901208061,34.712300290435515,2023,AA
Max Burt,NYY,661733.0,sa3007631,26,9490,347,307,0.0,0.0,0.0,0.166123778,12,0.0,95,8.6455331,27.3775216,103.91512570344447,0.305418719,0.3294552107709285,0.0,16.074450084602372,74.44852941176471,14.775324,56.286982248520715,71.48488830486203,33.387358184764985,0.0,0.0,0.0,0.0,0.0,0.0,0.0,0.0,20.361990950226247,33.9712918,44.4976076,21.5311004,0.0,7.378140639660963,1.2946457136422396,0.0037309674744733135,10.1984555032425,2023,AA
Zach Daniels,HOU,671113.0,sa3014935,24,8760,345,309,0.0,0.0,0.0,0.190938511,13,0.0,108,8.6956521,31.3043478,116.60658313191004,0.384210526,0.3651543211245882,0.0,24.73282442748092,64.7887323943662,20.887529,50.640542577241895,73.95833333333334,42.92307692307693,0.0,0.0,0.0,0.0,0.0,0.0,0.0,0.0,14.07766990291262,51.0,30.0,19.0,0.0,5.1165681707068815,1.383120017591864,0.004009043529251779,15.620495091487115,2023,AA
Matt Kroon,PHI,663714.0,sa3007502,26,9490,344,298,0.0,0.0,0.0,0.17449664399999998,8,0.0,66,9.5930232,19.1860465,134.58252507132414,0.375,0.3910009705050047,0.0,25.106990014265328,80.66528066528069,11.043873,48.53157121879589,72.76853252647504,25.117739403453694,0.0,0.0,0.0,0.0,0.0,0.0,0.0,0.0,12.145748987854251,40.6926406,37.6623376,21.6450216,0.0,6.622659310030032,0.9499188745394348,0.00276139207714952,14.04575512058201,2023,AA
Jose Torres,CIN,686958.0,sa3017396,23,8395,344,294,0.0,0.0,0.0,0.105442177,6,0.0,107,9.8837209,31.104651099999998,51.872565894637326,0.266304347,0.27403025778793016,0.0,35.794743429286605,77.94117647058823,14.901664000000002,41.72137126185265,71.32867132867133,32.831325301204814,0.0,0.0,0.0,0.0,0.0,0.0,0.0,0.0,21.5,36.1702127,47.3404255,16.4893617,0.0,6.366621683716332,0.1826435662806034,0.0005309405996529169,12.155886473002862,2023,AA
Wenceel Pérez,DET,672761.0,sa3003326,23,8395,343,299,0.0,0.0,0.0,0.103678929,6,0.0,52,10.204081599999999,15.160349800000002,105.97356300042986,0.306122448,0.335888331902618,0.0,15.114503816793892,87.54940711462451,7.978723,50.78888054094666,74.85207100591717,18.36393989983305,0.0,0.0,0.0,0.0,0.0,0.0,0.0,0.0,22.568093385214013,34.136546100000004,42.1686746,23.6947791,0.0,7.253512143214847,2.0355858579277992,0.005934652647019823,29.341021878176374,2023,AA
Joe Naranjo,CLE,683172.0,sa3010025,22,8030,343,288,0.0,0.0,0.0,0.076388889,3,0.0,84,13.1195335,24.489795899999997,77.94470902285565,0.269607843,0.29004101259715354,0.0,12.669683257918553,78.90772128060263,10.997067,53.30985915492958,70.14531043593131,27.89115646258503,0.0,0.0,0.0,0.0,0.0,0.0,0.0,0.0,13.36405529953917,50.73891619999999,33.4975369,15.7635467,0.0,1.14285714,-0.8134139534085989,-0.002371469251920113,20.09205115308487,2023,AA
Lamar Sparks,MIL,676473.0,sa3004932,24,8760,343,292,0.0,0.0,0.0,0.16780821899999998,9,0.0,120,13.994169,34.9854227,111.27664604097627,0.39877300600000004,0.3612500964378824,0.0,18.894601542416453,68.79432624113475,14.039917,47.4679270762998,60.17069701280228,39.464285714285715,0.0,0.0,0.0,0.0,0.0,0.0,0.0,0.0,10.285714285714283,49.404761900000004,30.357142800000002,20.2380952,0.0,7.360474409744422,-0.2337783072143793,-0.0006815694087882778,19.060716862739586,2023,AA
Pete Crow-Armstrong,CHC,691718.0,sa3014458,21,7665,342,298,0.0,0.0,0.0,0.238255033,14,0.0,82,9.0643274,23.9766081,135.34719161369622,0.351219512,0.39675786969257376,0.0,25.035765379113016,80.69216757741347,14.731098999999999,48.71606749816582,82.68072289156626,31.054977711738488,0.0,0.0,0.0,0.0,0.0,0.0,0.0,0.0,30.73593073593073,26.728110500000003,55.7603686,17.5115207,0.0,9.058895324004393,0.9631242509931326,0.0028161527806816744,30.639510334104944,2023,AA
Bryan Ramos,CHW,682868.0,sa3010024,21,7665,342,291,0.0,0.0,0.0,0.18556701,14,0.0,75,11.111111099999999,21.9298245,122.62866754868877,0.31862745,0.3743467390713087,0.0,27.90404040404041,77.27272727272727,13.027387,42.52539912917271,71.33105802047781,31.570512820512814,0.0,0.0,0.0,0.0,0.0,0.0,0.0,0.0,15.765765765765765,38.8888888,42.5925925,18.5185185,0.0,3.6497017697135705,-1.3916447833180428,-0.00406913679332761,26.394058459426198,2023,AA
Will Holland,MIN,683735.0,sa3011204,25,9125,341,294,0.0,0.0,0.0,0.10884353699999999,5,0.0,95,12.316715499999999,27.8592375,61.060193716077784,0.27040816300000003,0.2873668192064061,0.0,23.066666666666666,76.40449438202246,12.412342,48.060941828254855,64.12103746397696,30.313014827018122,0.0,0.0,0.0,0.0,0.0,0.0,0.0,0.0,20.7920792079208,41.1167512,40.609137,18.2741116,0.0,8.367828714268516,2.067313921172172,0.006062504167660328,11.898387298786455,2023,AA
Jacob Gonzalez,PIT,669363.0,sa3004691,25,9125,338,308,0.0,0.0,0.0,0.113636363,8,0.0,60,4.7337278000000005,17.751479200000006,75.01114593032331,0.266393442,0.2942560763048702,0.0,20.912547528517123,80.9090909090909,10.997643,59.03426791277258,72.5593667546174,22.324159021406732,0.0,0.0,0.0,0.0,0.0,0.0,0.0,0.0,20.866141732283467,34.538152600000004,46.5863453,18.875501999999997,0.0,2.2463814540763147,-1.1331539573147893,-0.0033525265009313287,11.484798091380046,2023,AA
Ismael Munguia,SFG,665998.0,sa917132,24,8760,335,294,0.0,0.0,0.0,0.10884353699999999,6,0.0,45,7.164179099999999,13.4328358,111.1175164494212,0.314285714,0.3445686620527884,0.0,22.162162162162165,92.26069246435844,6.808134000000001,52.237521514629954,80.88962108731467,15.33219761499148,0.0,0.0,0.0,0.0,0.0,0.0,0.0,0.0,14.559386973180075,45.0413223,35.53719,19.421487600000006,0.0,5.568432293692297,0.6230390425771475,0.0018598180375437238,23.08120422414781,2023,AA
Trey Lipscomb,WSN,702358.0,sa3020215,23,8395,335,320,0.0,0.0,0.0,0.153125,10,0.0,61,3.5820894999999995,18.2089552,105.59292597540347,0.322709163,0.33289381461357004,0.0,34.12844036697248,80.46421663442939,16.579860999999998,53.01724137931034,84.0650406504065,29.74137931034483,0.0,0.0,0.0,0.0,0.0,0.0,0.0,0.0,17.870722433460074,42.8571428,32.4324324,24.7104247,0.0,4.3262387994288085,-1.1630074316635728,-0.0034716639751151425,17.404339915342412,2023,AA
Cole Cummings,SDP,702113.0,sa3016830,25,9125,335,294,0.0,0.0,0.0,0.173469387,12,0.0,81,8.9552238,24.1791044,106.85124748593634,0.297029702,0.3402307826477486,0.0,28.823529411764703,78.36134453781513,13.521544999999998,49.704142011834314,70.83333333333334,28.763040238450078,0.0,0.0,0.0,0.0,0.0,0.0,0.0,0.0,24.88479262672811,32.8638497,42.7230046,24.4131455,0.0,2.6651283747212364,-0.42238426534459,-0.001260848553267433,12.742209142468749,2023,AA
Nathan Hickey,BOS,687208.0,sa3017398,23,8395,335,291,0.0,0.0,0.0,0.21649484600000002,15,0.0,91,11.9402985,27.1641791,124.47245551379518,0.322580645,0.3704871099386641,0.0,20.263157894736842,78.60262008733623,11.102941,48.75252865812542,63.347164591977865,28.970331588132638,0.0,0.0,0.0,0.0,0.0,0.0,0.0,0.0,26.511627906976738,28.0612244,52.040816299999996,19.8979591,0.0,3.5667125917034173,-0.13553388509899378,-0.0004045787614895337,25.304420642622862,2023,AA
Cole Roederer,CHC,680711.0,sa3008184,23,8395,335,286,0.0,0.0,0.0,0.174825175,13,0.0,94,11.9402985,28.0597014,102.7442745163578,0.309782608,0.3448574587480346,0.0,23.772609819121445,80.0,13.86212,45.41607898448519,72.98136645962731,31.50242326332795,0.0,0.0,0.0,0.0,0.0,0.0,0.0,0.0,25.71428571428571,34.35897429999999,43.076923,22.5641025,0.0,4.489216029772535,-0.053869960829615586,-0.0001608058532227331,21.02370529347216,2023,AA
Leo Jiménez,TOR,677870.0,sa3006891,22,8030,333,289,0.0,0.0,0.0,0.14878892800000001,8,0.0,53,9.609609599999999,15.915915900000002,124.97507238864232,0.324675324,0.3676694588618236,0.0,14.992025518341306,85.41666666666666,7.847896,53.382899628252794,66.85236768802228,20.18867924528302,0.0,0.0,0.0,0.0,0.0,0.0,0.0,0.0,20.0,42.3728813,36.4406779,21.1864406,0.0,5.982766582242314,-0.12114747520536184,-0.0003638062318479335,33.860172741027625,2023,AA
Seth Gray,MIN,680799.0,sa1115752,25,9125,333,285,0.0,0.0,0.0,0.140350878,9,0.0,108,12.3123123,32.4324324,103.2863192136332,0.38690476100000004,0.35479006458477796,0.0,24.518613607188698,71.63461538461539,16.397059,43.13868613138686,70.38917089678513,39.83333333333333,0.0,0.0,0.0,0.0,0.0,0.0,0.0,0.0,20.111731843575424,41.4772727,28.9772727,29.545454499999998,0.0,6.092466872691804,-0.7947607566602528,-0.0023866689389196783,12.114751874089606,2023,AA
Lolo Sanchez,PIT,665975.0,sa917767,24,8760,332,278,0.0,0.0,0.0,0.093525179,5,0.0,48,12.3493975,14.457831300000002,84.68496935048852,0.255506607,0.3091060851170466,0.0,9.47176684881603,82.27091633466136,8.618012,57.995409334353475,66.2269129287599,21.869158878504678,0.0,0.0,0.0,0.0,0.0,0.0,0.0,0.0,20.16460905349794,41.1504424,43.362831799999995,15.486725600000002,0.0,3.4860849413221446,-1.3250409476459026,-0.0039910871917045255,20.435532593711894,2023,AA
Tyler Hardman,NYY,676205.0,sa3016955,24,8760,331,283,0.0,0.0,0.0,0.32155477,26,0.0,110,12.0845921,33.2326283,140.2110042837613,0.269736842,0.3851719727328897,0.0,15.165876777251187,64.81481481481481,17.223837,54.32900432900433,71.71314741035856,39.810426540284354,0.0,0.0,0.0,0.0,0.0,0.0,0.0,0.0,22.90502793296089,27.16763,53.1791907,19.653179100000006,0.0,6.277253213325754,-0.12839405704289675,-0.0003878974533018029,20.762263492739276,2023,AA
Sonny DiChiara,LAA,800685.0,sa3019866,23,8395,330,282,0.0,0.0,0.0,0.131205674,8,0.0,114,11.5151515,34.5454545,89.61796843404034,0.33742331200000003,0.31878220782135475,0.0,26.34146341463415,76.5625,14.88178,44.027303754266214,69.45736434108527,34.46676970633694,0.0,0.0,0.0,0.0,0.0,0.0,0.0,0.0,20.224719101123604,38.461538399999995,33.727810600000005,27.8106508,0.0,1.265168965,-0.6892311181873083,-0.0020885791460221463,13.489795736587501,2023,AA
Alex Binelas,BOS,681323.0,sa3017044,23,8395,328,296,0.0,0.0,0.0,0.236486487,16,0.0,115,9.1463414,35.0609756,100.12104663300586,0.301204819,0.3331059607526213,0.0,27.108433734939762,66.53061224489795,19.44664,50.07518796992482,73.57357357357355,41.368584758942454,0.0,0.0,0.0,0.0,0.0,0.0,0.0,0.0,22.99465240641712,38.418079,42.3728813,19.2090395,0.0,6.970691269149723,1.216332796961069,0.00370833169805204,17.023222982889664,2023,AA
Rainer Nunez,TOR,678742.0,sa3005551,22,8030,326,304,0.0,0.0,0.0,0.12828947400000001,10,0.0,88,6.441717700000001,26.993865000000003,70.35084655307773,0.280193236,0.2838173768271698,0.0,20.033112582781452,74.21487603305785,16.852145999999998,55.45722713864308,80.45212765957447,33.382570162481535,0.0,0.0,0.0,0.0,0.0,0.0,0.0,0.0,13.304721030042918,49.76744179999999,32.093023200000005,18.1395348,0.0,0.7836799212500001,-0.6057337950915098,-0.0018580791260475761,11.899189238140345,2023,AA
Korey Holland,CLE,680690.0,sa3008249,23,8395,326,283,0.0,0.0,0.0,0.16254417,7,0.0,105,11.3496932,32.208588899999995,104.37603337564556,0.346820809,0.3306149803561929,0.0,20.0,71.18644067796609,15.853659,50.68890500362582,67.52503576537912,37.719298245614034,0.0,0.0,0.0,0.0,0.0,0.0,0.0,0.0,10.362694300518132,41.4772727,39.20454539999999,19.3181818,0.0,6.8901298693767945,0.4283392522484064,0.0013139240866515535,19.451909317147404,2023,AA
Orlando Martinez,LAA,678636.0,sa3006664,25,9125,325,292,0.0,0.0,0.0,0.178082192,9,0.0,64,7.384615299999999,19.6923076,104.23342114612274,0.30941704,0.3420484695375336,0.0,27.089337175792505,90.66937119675457,10.217216,47.14394516374714,79.64458804523423,22.53968253968254,0.0,0.0,0.0,0.0,0.0,0.0,0.0,0.0,19.354838709677423,36.9565217,40.8695652,22.173913,0.0,5.231049932054469,-0.7856676615774632,-0.0024174389586998865,15.904460627668668,2023,AA
Shane Matheny,SFG,676847.0,sa3004780,27,9855,324,267,0.0,0.0,0.0,0.198501872,11,0.0,84,15.7407407,25.925925900000006,120.6474023678224,0.297142857,0.35919771653524835,0.0,20.54263565891473,74.55919395465996,11.269722,43.213499633162144,67.40237691001697,30.223880597014922,0.0,0.0,0.0,0.0,0.0,0.0,0.0,0.0,27.04081632653061,34.4086021,41.9354838,23.655913899999998,0.0,5.592983108573447,-0.008654056116938591,-2.6710049743637625e-05,9.19604148441562,2023,AA
Ryan Bliss,ARI,669208.0,sa3016951,23,8395,324,293,0.0,0.0,0.0,0.23549488100000002,12,0.0,55,7.407407400000001,16.975308599999998,145.4961317946225,0.40789473600000004,0.4422066428779084,0.0,27.69461077844312,82.81938325991189,12.219451,46.68794892258579,77.60683760683763,25.48701298701298,0.0,0.0,0.0,0.0,0.0,0.0,0.0,0.0,21.138211382113823,37.8723404,36.595744599999996,25.531914800000003,0.0,8.44402977316116,1.5194275933317842,0.0046895913374437785,29.62623683743023,2023,AA
Josh Morgan,SEA,656766.0,sa828797,27,9855,323,288,0.0,0.0,0.0,0.145833333,9,0.0,80,8.359133100000001,24.7678018,90.6751039618505,0.278606965,0.30888578655549986,0.0,21.26099706744868,82.06896551724137,10.963194999999999,48.99027673896785,66.41221374045801,26.992753623188406,0.0,0.0,0.0,0.0,0.0,0.0,0.0,0.0,12.32876712328767,48.076923,30.769230699999998,21.153846100000006,0.0,3.4980501550074363,-0.6352956886403263,-0.0019668597171527127,6.451541775872529,2023,AA
Warming Bernabel,COL,682653.0,sa3008761,21,7665,322,302,0.0,0.0,0.0,0.11258278199999999,6,0.0,68,4.658385,21.118012399999998,64.50694402835914,0.270742358,0.2769121631332066,0.0,23.713646532438478,75.57251908396947,14.675447,59.874326750448844,78.56071964017991,27.018121911037888,0.0,0.0,0.0,0.0,0.0,0.0,0.0,0.0,23.966942148760328,39.914163,41.630901200000004,18.454935600000002,0.0,3.849994524831825,-0.1711204294115305,-0.0005314299050047531,15.963247274509767,2023,AA
Matthew Lugo,BOS,683090.0,sa1169598,22,8030,322,289,0.0,0.0,0.0,0.138408305,5,0.0,89,5.9006210999999995,27.639751500000003,82.17903606616754,0.326633165,0.30556369504718,0.0,26.0032102728732,78.65384615384616,15.236568,52.80303030303031,74.60545193687231,31.211180124223603,0.0,0.0,0.0,0.0,0.0,0.0,0.0,0.0,24.8868778280543,36.0,44.5,19.5,0.0,5.152646643702369,-0.6914007635787129,-0.002147207340306562,15.11874401241478,2023,AA
Colin Barber,HOU,683145.0,sa3010696,22,8030,321,270,0.0,0.0,0.0,0.18888888899999998,11,0.0,73,14.018691500000001,22.741432999999997,113.69910503366535,0.292553191,0.3605118963948663,0.0,21.07765451664025,83.84458077709611,11.479386,49.76114649681529,78.24,25.691056910569106,0.0,0.0,0.0,0.0,0.0,0.0,0.0,0.0,25.5,35.0253807,41.624365399999995,23.3502538,0.0,4.173197333248084,-0.5981792188249528,-0.0018634866630060835,29.524469079930626,2023,AA
Josh Stowers,LAD,663618.0,sa3007010,26,9490,320,287,0.0,0.0,0.0,0.146341464,9,0.0,90,8.125,28.125,53.491618657886384,0.216931216,0.2645659179523073,0.0,23.734729493891802,77.63713080168776,14.634146,51.767676767676754,77.07317073170732,30.64250411861614,0.0,0.0,0.0,0.0,0.0,0.0,0.0,0.0,23.737373737373733,31.25,52.0833333,16.6666666,0.0,6.118707643732202,0.746380097232759,0.002332437803852372,6.895976462858938,2023,AA
Cooper Bowman,ATH,688682.0,sa3016966,23,8395,319,271,0.0,0.0,0.0,0.173431735,8,0.0,68,11.2852664,21.3166144,109.45787292423151,0.318181818,0.3598219241145291,0.0,17.619783616692427,83.33333333333334,8.834446999999997,52.56598240469208,58.577405857740594,23.66412213740458,0.0,0.0,0.0,0.0,0.0,0.0,0.0,0.0,15.165876777251187,38.9162561,40.394088599999996,20.6896551,0.0,8.575961834595429,4.9439178104512385,0.0154981749543926,30.05343653622531,2023,AA
Aaron Sabato,MIN,693306.0,sa3014494,24,8760,319,272,0.0,0.0,0.0,0.209558823,12,0.0,103,13.166144199999998,32.288401199999996,95.67047670497018,0.301886792,0.342629706224304,0.0,25.644504748982357,73.33333333333333,15.265998000000002,43.08880308880309,67.20430107526882,37.102473498233216,0.0,0.0,0.0,0.0,0.0,0.0,0.0,0.0,16.95906432748538,44.910179600000006,32.934131699999995,22.1556886,0.0,3.362155584049152,-1.0931987487711012,-0.003426955325301258,14.97233736646853,2023,AA
Liover Peguero,PIT,678894.0,sa3005582,22,8030,318,285,0.0,0.0,0.0,0.19298245600000002,11,0.0,58,10.062892999999999,18.2389937,112.70096422062684,0.29032258,0.3521126351266537,0.0,14.450867052023122,83.33333333333334,8.959043999999997,56.49622799664711,66.76557863501483,21.553398058252426,0.0,0.0,0.0,0.0,0.0,0.0,0.0,0.0,16.883116883116884,44.8430493,39.0134529,16.143497699999998,0.0,6.642388518658322,1.862952632829547,0.005858341612671531,33.616100871427605,2023,AA
Jacob Hurtubise,CIN,674441.0,sa3014820,25,9125,318,242,0.0,0.0,0.0,0.18595041399999998,6,0.0,49,15.0943396,15.408805,151.4376682556807,0.359788359,0.4325274165803597,0.0,24.16555407209613,92.12328767123287,6.411398,38.2013201320132,63.06695464362851,17.647058823529417,0.0,0.0,0.0,0.0,0.0,0.0,0.0,0.0,16.822429906542055,44.845360799999995,34.0206185,21.1340206,0.0,9.290995499101992,2.8663306422531605,0.009013618371865284,24.25530106292689,2023,AA
Lawrence Butler,ATH,671732.0,sa3006873,22,8030,318,284,0.0,0.0,0.0,0.179577465,10,0.0,60,9.433962199999998,18.8679245,111.2773330368011,0.32718894,0.3627270901504952,0.0,19.12751677852349,83.54430379746836,11.093376,52.051488334674175,73.2612055641422,25.17006802721089,0.0,0.0,0.0,0.0,0.0,0.0,0.0,0.0,17.180616740088105,45.374449299999995,34.361233399999996,20.2643171,0.0,6.712373663019037,1.0468124388717115,0.0032918630153198477,31.00809696143188,2023,AA
Liam Hicks,TEX,689414.0,sa3017400,24,8760,316,253,0.0,0.0,0.0,0.098814229,3,0.0,52,15.5063291,16.4556962,116.3068058145183,0.325,0.3717315687408929,0.0,24.801061007957557,87.6543209876543,7.373964999999999,43.815201192250385,68.87755102040815,17.747440273037547,0.0,0.0,0.0,0.0,0.0,0.0,0.0,0.0,20.0,34.1584158,40.0990099,25.7425742,0.0,3.952809059271247,-0.032345214392989874,-0.00010235827339553756,25.1073601239604,2023,AA
Pedro Castellanos,SDP,665776.0,sa917074,25,9125,315,295,0.0,0.0,0.0,0.105084745,6,0.0,64,3.8095238,20.3174603,71.16131640231917,0.27876106100000003,0.2832440012977237,0.0,27.755102040816325,80.94339622641509,12.290009,57.72217428817947,79.22272047832584,23.61111111111111,0.0,0.0,0.0,0.0,0.0,0.0,0.0,0.0,14.937759336099587,40.6926406,37.6623376,21.6450216,0.0,1.999249236202128,-0.31740378635004163,-0.00100763106777791,9.55832119973851,2023,AA
Brett Harris,ATH,695391.0,sa3017293,25,9125,314,258,0.0,0.0,0.0,0.143410853,5,0.0,42,12.738853500000001,13.3757961,123.41745208640756,0.317757009,0.382111445592996,0.0,12.457912457912457,86.0,7.704655000000002,52.969121140142526,67.2645739910314,19.64980544747082,0.0,0.0,0.0,0.0,0.0,0.0,0.0,0.0,15.695067264573991,51.61290320000001,27.6497695,20.7373271,0.0,5.933095025176728,-0.030259423423558474,-9.636759052088686e-05,22.11994913897347,2023,AA
Tirso Ornelas,SDP,672359.0,sa3004048,23,8395,312,264,0.0,0.0,0.0,0.18939393899999998,11,0.0,59,14.1025641,18.910256399999998,134.459048615313,0.323232323,0.3843126757404743,0.0,17.030567685589517,83.70044052863436,7.743857000000001,50.75268817204303,64.12429378531074,20.582877959927142,0.0,0.0,0.0,0.0,0.0,0.0,0.0,0.0,20.093457943925237,47.368421000000005,30.622009500000004,22.009569300000006,0.0,2.3847437409397068,-1.773974187206477,-0.005685814702584862,30.728486789131818,2023,AA
Nick Dunn,STL,680709.0,sa915613,26,9490,312,265,0.0,0.0,0.0,0.150943396,7,0.0,31,13.141025599999999,9.9358974,139.01218230519922,0.35064935,0.4090337069370808,0.0,20.57142857142857,93.67816091954023,4.483926,43.9102564102564,63.503649635036496,12.84796573875803,0.0,0.0,0.0,0.0,0.0,0.0,0.0,0.0,17.460317460317462,42.553191399999996,32.7659574,24.680851,0.0,3.9673653156853885,-3.239752426277846,-0.010383821879095659,15.869958396167982,2023,AA
Jackson Cluff,WSN,687714.0,sa3010342,26,9490,311,247,0.0,0.0,0.0,0.16194332,7,0.0,85,17.363344,27.331189700000003,110.39677220266891,0.280254777,0.3402680611455595,0.0,19.047619047619047,80.47058823529412,11.413043,45.86808188021228,70.24793388429752,30.434782608695656,0.0,0.0,0.0,0.0,0.0,0.0,0.0,0.0,24.852071005917157,34.375,45.625,20.0,0.0,7.570583699920594,0.08599235583096743,0.0002765027518680625,12.79260678344034,2023,AA
Victor Scott II,STL,687363.0,sa3019838,22,8030,310,282,0.0,0.0,0.0,0.127659574,7,0.0,45,5.8064516,14.516129000000001,116.64395682621773,0.362068965,0.3733179424103205,0.0,24.793388429752067,88.8888888888889,10.212766,48.998946259220226,83.2258064516129,20.283975659229213,0.0,0.0,0.0,0.0,0.0,0.0,0.0,0.0,22.314049586776857,40.0,36.595744599999996,23.404255300000003,0.0,7.991050967279171,4.777330695185809,0.015410744178018744,30.953249350285805,2023,AA
Nelson Maldonado,CHC,663891.0,sa3010389,26,9490,310,267,0.0,0.0,0.0,0.146067416,7,0.0,60,11.6129032,19.3548387,79.8273821263245,0.24137931,0.3083761792029104,0.0,17.573872472783826,82.24719101123596,10.232944999999999,48.47756410256411,73.55371900826447,26.159554730983306,0.0,0.0,0.0,0.0,0.0,0.0,0.0,0.0,16.589861751152075,45.8937198,40.5797101,13.526570000000001,0.0,2.698701082033759,-0.8368732035160065,-0.002699590979083892,10.519978956832404,2023,AA
Hayden Senger,NYM,663584.0,sa3007009,26,9490,309,261,0.0,0.0,0.0,0.10727969400000001,5,0.0,95,11.6504854,30.744336500000006,77.29648406927461,0.26993865,0.2887611886830006,0.0,21.546052631578945,71.50837988826815,15.878107,53.86949924127465,75.63380281690141,33.22784810126582,0.0,0.0,0.0,0.0,0.0,0.0,0.0,0.0,15.340909090909092,38.55421679999999,39.1566265,22.2891566,0.0,3.7549525984179417,-1.3716607745736835,-0.004439031632924543,6.4017943045898305,2023,AA
José Alvarez,STL,672905.0,sa3003377,23,8395,309,281,0.0,0.0,0.0,0.02846975,0,0.0,54,7.766990199999999,17.475728099999998,63.54511946712971,0.315789473,0.2885340343822133,0.0,33.63802559414991,86.57718120805369,10.694184,50.40797824116046,80.39568345323741,22.58064516129032,0.0,0.0,0.0,0.0,0.0,0.0,0.0,0.0,3.319502074688797,58.9285714,21.875,19.1964285,0.0,4.244381669439257,-0.8935753041878343,-0.002891829463391049,16.24230691541294,2023,AA
Morgan McCullough,KCR,668833.0,sa3009868,25,9125,309,258,0.0,0.0,0.0,0.151162791,6,0.0,84,11.6504854,27.184465999999997,95.42216288193214,0.32183908,0.338100334073042,0.0,23.731343283582092,81.37755102040815,12.767710000000001,44.71947194719472,72.32472324723247,29.67032967032967,0.0,0.0,0.0,0.0,0.0,0.0,0.0,0.0,24.30939226519337,37.7777777,41.6666666,20.5555555,0.0,6.168280349901862,-0.026087841484695676,-8.442667147150703e-05,14.558007232128285,2023,AA
Cody Milligan,ATL,687862.0,sa1169818,24,8760,308,261,0.0,0.0,0.0,0.134099617,3,0.0,67,12.3376623,21.7532467,122.60124572938938,0.358974358,0.3610512639572418,0.0,26.685796269727398,86.19047619047619,9.507923,44.813935075217735,74.20494699646643,22.91296625222025,0.0,0.0,0.0,0.0,0.0,0.0,0.0,0.0,11.737089201877936,46.6666666,32.3076923,21.025641,0.0,8.5373076461148,2.021102201193571,0.00656202013374536,24.445411809047805,2023,AA
Darell Hernaiz,ATH,687231.0,sa3011309,21,7665,308,278,0.0,0.0,0.0,0.147482014,5,0.0,48,8.4415584,15.5844155,132.13323248780998,0.393805309,0.39602809538606737,0.0,19.428571428571427,83.52941176470588,11.451049,55.242966751918146,78.7037037037037,23.509369676320272,0.0,0.0,0.0,0.0,0.0,0.0,0.0,0.0,12.033195020746886,45.374449299999995,32.5991189,22.0264317,0.0,5.508928226474035,-0.7085725124925375,-0.0023005601054952515,32.866703986747424,2023,AA
Austin Shenton,TBR,668853.0,sa3009869,25,9125,306,254,0.0,0.0,0.0,0.259842519,15,0.0,79,15.0326797,25.8169934,157.21220381822042,0.38650306700000003,0.430649621314124,0.0,18.424753867791843,83.83838383838383,12.384615,48.8120950323974,73.00884955752213,30.517241379310345,0.0,0.0,0.0,0.0,0.0,0.0,0.0,0.0,17.1875,38.983050799999994,40.6779661,20.338983,0.0,1.23804062125,-0.7050755117088556,-0.002304168338917829,18.48585644532398,2023,AA
Niko Decolati,COL,680719.0,sa3006670,25,9125,304,240,0.0,0.0,0.0,0.0875,3,0.0,78,16.118420999999998,25.6578947,102.75891152036594,0.316770186,0.3356316610677353,0.0,11.734693877551019,73.93162393162393,14.067797,52.19512195121951,72.89719626168224,34.56310679611651,0.0,0.0,0.0,0.0,0.0,0.0,0.0,0.0,4.0462427745664735,60.0,19.375,20.625,0.0,6.285172859605083,-0.1942676492035389,-0.0006390383197484832,15.108904727707849,2023,AA
Gabriel Rodriguez,CLE,682621.0,sa3008744,21,7665,300,250,0.0,0.0,0.0,0.096,4,0.0,88,12.6666666,29.3333333,75.88711713966077,0.273291925,0.28688246232491954,0.0,21.96969696969697,75.82205029013541,15.589017000000002,56.50741350906095,75.36443148688045,31.560891938250432,0.0,0.0,0.0,0.0,0.0,0.0,0.0,0.0,14.754098360655734,40.7407407,38.2716049,20.9876543,0.0,4.73534687837533,-0.7071939315646887,-0.002357313105215629,17.06306016617295,2023,AA
Drew Campbell,ATL,686601.0,sa3011264,25,9125,300,272,0.0,0.0,0.0,0.150735294,9,0.0,77,4.6666666,25.666666600000003,96.03481814927359,0.319148936,0.31876030868413496,0.0,36.39455782312925,72.03579418344519,18.981481,47.918511957484505,82.62476894639556,34.85342019543974,0.0,0.0,0.0,0.0,0.0,0.0,0.0,0.0,12.91866028708134,45.6852791,32.994923799999995,21.3197969,0.0,3.7984187806583734,-2.7211403138935566,-0.009070467712978522,8.052090887051174,2023,AA
Javier Valdes,ATL,688002.0,sa3010902,24,8760,298,239,0.0,0.0,0.0,0.167364017,8,0.0,63,15.436241599999999,21.140939499999998,124.27282765747708,0.282352941,0.3637122463698339,0.0,20.136054421768705,80.16528925619834,10.915197,41.62033359809372,69.27480916030535,27.74327122153209,0.0,0.0,0.0,0.0,0.0,0.0,0.0,0.0,24.73684210526316,42.1965317,42.1965317,15.6069364,0.0,2.7332016780068367,-1.438025588169694,-0.004825589222045953,22.455323605881095,2023,AA
Julio E. Rodriguez,DET,667372.0,sa917669,26,9490,296,260,0.0,0.0,0.0,0.203846153,16,0.0,85,10.1351351,28.7162162,103.53363718503813,0.260869565,0.3321428717793645,0.0,16.923076923076927,75.0,15.938303,55.59350982066611,78.64823348694317,33.11036789297659,0.0,0.0,0.0,0.0,0.0,0.0,0.0,0.0,21.910112359550567,41.4772727,40.909090899999995,17.6136363,0.0,1.25396824625,-0.6143871350213885,-0.0020756322129100962,8.93066473178175,2023,AA
Trevor Schwecke,TOR,673893.0,sa3009874,25,9125,294,246,0.0,0.0,0.0,0.162601626,7,0.0,54,11.5646258,18.367346899999998,127.31623627614478,0.329787234,0.3712633123828305,0.0,14.427860696517413,79.91886409736308,11.206159,51.055194805194795,78.37837837837837,24.908424908424912,0.0,0.0,0.0,0.0,0.0,0.0,0.0,0.0,11.961722488038278,48.1865284,32.1243523,19.689119100000003,0.0,5.960589710380707,1.0173059785738587,0.003460224416917887,20.16351407536689,2023,AA
Francisco Urbaez,CIN,688005.0,sa3014944,25,9125,293,250,0.0,0.0,0.0,0.11599999999999999,6,0.0,55,11.9453924,18.771331,95.31370250265057,0.31088082899999997,0.3431839729331866,0.0,28.55313700384123,84.93150684931506,8.161512,37.56994404476419,62.127659574468076,23.430962343096233,0.0,0.0,0.0,0.0,0.0,0.0,0.0,0.0,16.355140186915882,45.2631578,34.736842100000004,20.0,0.0,3.1340261329916004,-1.2965784221887589,-0.004425182328289279,15.431787247775633,2023,AA
Niko Kavadas,BOS,694359.0,sa3017337,24,8760,293,221,0.0,0.0,0.0,0.226244344,14,0.0,110,21.5017064,37.5426621,126.6686660978992,0.30693069300000003,0.3738584498020068,0.0,13.593539703903096,69.66292134831461,11.184695,47.079772079772084,53.85779122541605,36.734693877551024,0.0,0.0,0.0,0.0,0.0,0.0,0.0,0.0,31.666666666666664,30.7017543,54.3859649,14.9122807,0.0,2.5133920333964443,-0.3788005877286196,-0.0012928347704048448,20.96593989732776,2023,AA
Connor Hoover,SEA,676803.0,sa3004061,26,9490,292,244,0.0,0.0,0.0,0.14754098400000001,9,0.0,83,13.6986301,28.424657500000002,92.62754634138935,0.253246753,0.3120032878675821,0.0,24.191279887482423,77.67441860465118,12.731668,45.725190839694655,71.78631051752922,30.19538188277087,0.0,0.0,0.0,0.0,0.0,0.0,0.0,0.0,36.62790697674419,31.6770186,43.478260799999994,24.8447204,0.0,6.307119453762381,0.5572057235985994,0.0019082387794472585,10.008713958524359,2023,AA
Drew Swift,ATH,669439.0,sa3017281,24,8760,292,261,0.0,0.0,0.0,0.068965517,0,0.0,73,8.9041095,25.0,74.22128198658307,0.351063829,0.3035589994655715,0.0,20.304568527918786,88.13131313131314,9.090909,50.25252525252525,66.33165829145729,22.817460317460323,0.0,0.0,0.0,0.0,0.0,0.0,0.0,0.0,4.123711340206185,53.8461538,28.571428499999996,17.5824175,0.0,6.312267811969048,-0.5381903736852109,-0.0018431177181000376,17.0748719180018,2023,AA
Orelvis Martinez,TOR,682619.0,sa3010692,21,7665,292,239,0.0,0.0,0.0,0.259414226,17,0.0,60,14.0410958,20.547945199999997,121.74133941594243,0.222891566,0.3627054481439188,0.0,19.407894736842106,77.04590818363273,15.506607999999998,50.68937550689376,80.16,31.7157712305026,0.0,0.0,0.0,0.0,0.0,0.0,0.0,0.0,26.26262626262627,33.898305,47.4576271,18.6440677,0.0,1.79990842125,-0.5884271152317524,-0.0020151613535333984,28.71701418442985,2023,AA
Camden Duzenack,ARI,670427.0,sa873988,28,10220,291,253,0.0,0.0,0.0,0.181818182,10,0.0,54,7.90378,18.556701,119.47064569818016,0.369791666,0.4006512618313233,0.0,26.62116040955632,84.63541666666666,10.578662,48.686514886164616,69.06474820143886,24.038461538461537,0.0,0.0,0.0,0.0,0.0,0.0,0.0,0.0,25.58139534883721,39.5,36.5,24.0,0.0,2.9827869605387085,-2.2168800360523164,-0.00761814445378803,6.2326469312345285,2023,AA
Felix Valerio,MIL,680589.0,sa3005613,22,8030,290,264,0.0,0.0,0.0,0.12121212099999999,6,0.0,54,6.5517240999999995,18.6206896,66.30201929508736,0.257281553,0.2896552264690399,0.0,43.10747663551402,80.95238095238095,10.410959,24.44836716681377,75.81227436823104,22.939068100358423,0.0,0.0,0.0,0.0,0.0,0.0,0.0,0.0,18.13953488372093,36.2745098,47.5490196,16.176470499999997,0.0,6.006864729580842,-1.4473179671913383,-0.004990751611004616,18.693437068860028,2023,AA
Parker Bates,KCR,687614.0,sa3017112,25,9125,290,257,0.0,0.0,0.0,0.054474708,1,0.0,62,8.275862,21.3793103,53.4777946447035,0.284263959,0.2711269757888874,0.0,30.517241379310345,87.1859296482412,10.691244000000001,47.224749772520475,76.6859344894027,23.978685612788638,0.0,0.0,0.0,0.0,0.0,0.0,0.0,0.0,27.450980392156865,32.4873096,43.6548223,23.857868,0.0,5.272774502306366,-1.7922984221950171,-0.0061803393868793705,10.242366126273863,2023,AA
William Simoneit,ATH,686766.0,sa3014885,26,9490,289,253,0.0,0.0,0.0,0.150197628,7,0.0,79,8.304498200000001,27.335640100000006,89.7624625208462,0.31547619,0.3283738934745391,0.0,20.2846975088968,76.99316628701595,12.824811,53.858784893267654,66.92073170731706,28.88888888888889,0.0,0.0,0.0,0.0,0.0,0.0,0.0,0.0,16.11111111111111,37.5722543,40.4624277,21.9653179,0.0,5.333692561377054,0.06759900832548738,0.00023390660320237846,9.322349849817265,2023,AA
Jimmy Glowenke,SFG,694368.0,sa3014548,24,8760,289,247,0.0,0.0,0.0,0.13765182199999998,7,0.0,61,11.072664300000001,21.1072664,111.55977405501137,0.307262569,0.3452475590157592,0.0,28.64,81.02981029810297,13.666352000000002,42.71310724106325,79.18454935622317,29.111531190926275,0.0,0.0,0.0,0.0,0.0,0.0,0.0,0.0,19.07216494845361,41.6666666,41.1111111,17.222222199999997,0.0,4.23185004476,0.4904261436313391,0.0016969762755409655,18.72974270528329,2023,AA
Connor Scott,PIT,669002.0,sa3008080,23,8395,289,260,0.0,0.0,0.0,0.119230769,3,0.0,65,8.650519000000001,22.491349399999997,55.66940981734825,0.244897959,0.26456513206851523,0.0,17.269076305220885,75.62642369020502,12.878788,53.32708528584818,77.15289982425307,28.79377431906614,0.0,0.0,0.0,0.0,0.0,0.0,0.0,0.0,28.71287128712871,30.769230699999998,51.7948717,17.435897399999998,0.0,6.8614430324711275,-0.20486735831946132,-0.0007088835928009043,17.117879475917142,2023,AA
Jud Fabian,BAL,682983.0,sa3019942,22,8030,288,238,0.0,0.0,0.0,0.222689075,15,0.0,108,15.2777777,37.5,90.719000712311,0.23275862,0.3265226510343651,0.0,23.255813953488367,70.81339712918661,16.666667,46.707978311386526,69.32006633499171,38.194444444444436,0.0,0.0,0.0,0.0,0.0,0.0,0.0,0.0,38.805970149253724,31.5384615,54.61538460000001,13.8461538,0.0,6.0149420476381374,0.9471060745418072,0.0032885627588257194,20.999779117552364,2023,AA
Tyler Dearden,BOS,676280.0,sa3005103,24,8760,286,248,0.0,0.0,0.0,0.141129032,7,0.0,70,11.5384615,24.475524399999998,113.87975897405668,0.348837209,0.3542265653610229,0.0,26.64359861591696,83.36980306345733,11.852502000000001,51.223628691983116,75.28830313014826,25.996533795493942,0.0,0.0,0.0,0.0,0.0,0.0,0.0,0.0,11.917098445595856,46.02272720000001,30.681818100000005,23.2954545,0.0,2.5888139781249624,-1.1504606371745467,-0.004022589640470443,18.543039334410512,2023,AA
Denzel Clarke,ATH,672016.0,sa3017426,23,8395,286,234,0.0,0.0,0.0,0.235042735,12,0.0,85,12.9370629,29.720279700000006,129.0924971430058,0.34751773,0.39117289631516783,0.0,17.628705148205928,75.3315649867374,11.346939,48.924302788844614,61.40065146579804,31.12033195020747,0.0,0.0,0.0,0.0,0.0,0.0,0.0,0.0,22.151898734177212,39.1891891,34.4594594,26.3513513,0.0,8.447967018096898,1.1122140986844895,0.003888860484910803,28.47416767887207,2023,AA
Mason Martin,PIT,676733.0,sa3004885,24,8760,286,226,0.0,0.0,0.0,0.24778761100000002,16,0.0,102,18.1818181,35.6643356,130.41542582770884,0.293577981,0.3793055969518381,0.0,15.448504983388705,63.279445727482674,17.04918,51.0569105691057,68.94904458598727,43.29501915708812,0.0,0.0,0.0,0.0,0.0,0.0,0.0,0.0,43.650793650793645,29.8387096,50.8064516,19.3548387,0.0,3.0130245022464592,-1.0471608852967622,-0.003661401696841825,19.136034699853038,2023,AA
Diego Infante,TBR,672653.0,sa3003280,23,8395,284,259,0.0,0.0,0.0,0.181467182,11,0.0,73,7.7464788,25.7042253,111.07961982040428,0.346590909,0.3572114053326593,0.0,21.881390593047037,80.13698630136986,13.385063,55.219780219780226,72.63681592039799,30.33268101761252,0.0,0.0,0.0,0.0,0.0,0.0,0.0,0.0,10.1010101010101,46.2365591,38.7096774,15.0537634,0.0,4.916317410712984,-0.29485112987458706,-0.0010382082037837573,21.531861203409168,2023,AA
Jordan Brewer,HOU,685084.0,sa3011737,25,9125,283,247,0.0,0.0,0.0,0.149797571,8,0.0,73,10.6007067,25.795053000000006,95.06837232560804,0.309523809,0.330763856569926,0.0,20.70240295748614,76.35933806146572,13.972603,51.17328519855596,74.60317460317461,31.63841807909605,0.0,0.0,0.0,0.0,0.0,0.0,0.0,0.0,20.111731843575424,34.8837209,40.697674400000004,24.418604600000002,0.0,5.84414330963143,-0.03899926180019975,-0.0001378065787992924,13.591024014811886,2023,AA
Chris Meyers,DET,680273.0,sa3016956,24,8760,282,258,0.0,0.0,0.0,0.143410853,9,0.0,67,5.3191489,23.7588652,91.84812832138832,0.298913043,0.31420478235360144,0.0,20.085470085470085,76.89161554192229,14.174757000000001,56.13870665417057,81.63606010016694,28.368794326241137,0.0,0.0,0.0,0.0,0.0,0.0,0.0,0.0,21.21212121212121,40.625,38.0208333,21.354166600000003,0.0,2.937818959548812,-0.6033538524061441,-0.0021395526681068943,13.68663006250368,2023,AA
Tsung-Che Cheng,PIT,691907.0,sa3015376,21,7665,281,247,0.0,0.0,0.0,0.101214575,4,0.0,53,6.049822,18.8612099,78.24752456538019,0.297435897,0.2992241483031612,0.0,14.849187935034802,84.23326133909285,9.555985,58.63723608445297,75.77741407528643,21.471172962226643,0.0,0.0,0.0,0.0,0.0,0.0,0.0,0.0,16.74641148325359,40.201005,46.2311557,13.5678391,0.0,6.244223631419271,0.7235259944573045,0.002574825603050905,25.942815966936422,2023,AA
Carson Taylor,LAD,694930.0,sa3014468,24,8760,281,249,0.0,0.0,0.0,0.148594377,10,0.0,64,11.0320284,22.775800699999998,82.65207336567089,0.257142857,0.3111269620912416,0.0,24.29284525790349,84.05405405405405,9.764919,47.41907261592301,68.26568265682657,23.04609218436874,0.0,0.0,0.0,0.0,0.0,0.0,0.0,0.0,21.243523316062177,32.9670329,42.30769229999999,24.7252747,0.0,3.418462345021664,-0.32490239199250937,-0.0011562362704359765,17.855631468924347,2023,AA
Daniel Vellojin,CIN,678962.0,sa3005587,23,8395,280,237,0.0,0.0,0.0,0.10970464099999999,4,0.0,63,13.5714285,22.5,65.51290421416701,0.25,0.2957442400703293,0.0,31.066460587326127,79.01234567901234,13.205742,39.86988847583642,75.52447552447552,30.136986301369863,0.0,0.0,0.0,0.0,0.0,0.0,0.0,0.0,21.311475409836067,43.1818181,38.6363636,18.1818181,0.0,4.410479699655807,0.045446235686540604,0.00016230798459478788,17.050623546660773,2023,AA
L.J. Jones,STL,695292.0,sa3014840,24,8760,279,256,0.0,0.0,0.0,0.13671875,8,0.0,49,6.4516129000000015,17.562724,63.375928202916896,0.24378109399999998,0.2882638835220886,0.0,35.10054844606947,82.48730964467005,15.191147,47.50479846449136,79.5959595959596,28.24156305506217,0.0,0.0,0.0,0.0,0.0,0.0,0.0,0.0,16.744186046511633,52.7363184,29.353233799999998,17.910447700000006,0.0,1.7179238437467044,-0.9078193986788392,-0.0032538329701750513,11.241452392834564,2023,AA
Bennett Hostetler,MIA,702315.0,sa3017120,25,9125,279,233,0.0,0.0,0.0,0.23175965699999998,14,0.0,69,13.261648699999999,24.731182699999998,127.09369130994855,0.29333333300000003,0.3840288464113963,0.0,18.048780487804876,79.2929292929293,11.652174,48.05743243243244,69.59578207381371,29.614604462474645,0.0,0.0,0.0,0.0,0.0,0.0,0.0,0.0,19.883040935672515,37.735849,40.8805031,21.383647699999997,0.0,3.7348979242564853,-0.07648417539894581,-0.00027413682938690255,18.35270901436819,2023,AA
Dustin Harris,TEX,687957.0,sa3010279,23,8395,278,229,0.0,0.0,0.0,0.16157205300000002,5,0.0,65,15.8273381,23.3812949,108.44304411318116,0.31875,0.3591753531625305,0.0,25.164473684210524,78.2278481012658,12.212389,47.267996530789254,72.4770642201835,26.30597014925373,0.0,0.0,0.0,0.0,0.0,0.0,0.0,0.0,31.92771084337349,32.3170731,44.5121951,23.170731699999997,0.0,8.725682341388032,3.2618096829392016,0.011733128355896408,27.358217445284918,2023,AA
Zach Dezenzo,HOU,701305.0,sa3020209,23,8395,277,245,0.0,0.0,0.0,0.22857142800000002,14,0.0,79,9.3862815,28.5198555,117.16397359243437,0.320261437,0.3660443169115252,0.0,28.472222222222218,75.2659574468085,15.199259,46.51810584958218,75.0499001996008,31.918819188191886,0.0,0.0,0.0,0.0,0.0,0.0,0.0,0.0,15.568862275449105,33.9393939,44.8484848,21.2121212,0.0,7.022620859370577,2.697593469638377,0.009738604583532049,22.319004671742956,2023,AA
JT Schwartz,NYM,681286.0,sa3017371,23,8395,277,245,0.0,0.0,0.0,0.134693877,4,0.0,46,9.7472924,16.6064981,132.1409053486174,0.358974358,0.3729512864264889,0.0,15.913555992141454,84.56913827655309,7.759372000000001,57.86423841059603,71.38769670958513,18.1981981981982,0.0,0.0,0.0,0.0,0.0,0.0,0.0,0.0,17.75700934579439,38.8888888,37.87878780000001,23.2323232,0.0,4.832235152617294,0.0904261376708746,0.00032644815043637035,30.38722522216432,2023,AA
Irving Lopez,STL,676761.0,sa3002878,28,10220,277,234,0.0,0.0,0.0,0.145299146,7,0.0,54,10.469314,19.4945848,95.50569251003435,0.289772727,0.3395660799064916,0.0,25.310559006211186,85.63535911602209,10.239852,43.35971855760775,73.42799188640973,23.0,0.0,0.0,0.0,0.0,0.0,0.0,0.0,0.0,21.64948453608248,44.8087431,36.0655737,19.125683,0.0,1.98660714,-0.5623954231850803,-0.0020303083869497485,5.600063199724934,2023,AA
Terrell Tatum,CHW,695299.0,sa3017338,23,8395,276,222,0.0,0.0,0.0,0.08558558599999999,2,0.0,80,15.2173913,28.985507199999997,92.14931819662371,0.340277777,0.3258268243663914,0.0,17.077175697865353,83.18042813455658,8.400357000000001,47.18126626192542,60.110294117647065,24.87922705314009,0.0,0.0,0.0,0.0,0.0,0.0,0.0,0.0,8.552631578947368,61.3793103,24.8275862,13.7931034,0.0,7.4330178210456,2.3266133200377226,0.008429758405933777,25.21350059010961,2023,AA
Colt Keith,DET,690993.0,sa3014474,21,7665,276,246,0.0,0.0,0.0,0.260162601,14,0.0,63,9.057971,22.826086899999996,165.1770565010269,0.38596491200000005,0.4267699163610285,0.0,16.424116424116427,82.97297297297297,9.693373,52.329038652130826,70.07575757575758,24.444444444444446,0.0,0.0,0.0,0.0,0.0,0.0,0.0,0.0,22.162162162162165,34.2541436,38.6740331,27.0718232,0.0,4.317930797571388,-0.6639272319152951,-0.002405533448968461,34.41485748991974,2023,AA
Anthony Servideo,BAL,676545.0,sa3014472,24,8760,274,244,0.0,0.0,0.0,0.077868852,2,0.0,109,9.1240875,39.7810218,48.094949289410906,0.348148148,0.2610916924827239,0.0,18.312387791741468,70.7070707070707,15.784909,52.18884120171674,65.13157894736842,39.717741935483865,0.0,0.0,0.0,0.0,0.0,0.0,0.0,0.0,18.84057971014493,39.416058299999996,39.416058299999996,21.1678832,0.0,5.174423861264168,-0.4245539838448167,-0.0015494670943241484,8.465300565709144,2023,AA
Connor Hollis,SDP,667442.0,sa3007870,28,10220,274,233,0.0,0.0,0.0,0.09442060099999999,3,0.0,60,11.6788321,21.8978102,92.82200713666302,0.306358381,0.31783003184725256,0.0,19.423076923076927,84.375,8.765315999999999,51.89639222941721,68.44919786096256,21.822033898305087,0.0,0.0,0.0,0.0,0.0,0.0,0.0,0.0,10.989010989010987,48.8235294,30.588235200000003,20.5882352,0.0,5.952848208008253,-1.7680933726951482,-0.006452895520785212,5.813290203858171,2023,AA
Taylor Snyder,CHW,643549.0,sa738930,28,10220,274,236,0.0,0.0,0.0,0.122881356,7,0.0,81,12.7737226,29.562043699999997,67.72435744223534,0.248322147,0.2869448587842231,0.0,28.716216216216218,68.75,18.685446,45.235892691951896,75.25562372188139,41.36622390891841,0.0,0.0,0.0,0.0,0.0,0.0,0.0,0.0,25.31645569620253,40.540540500000006,37.1621621,22.2972972,0.0,6.102725997636802,0.20331269688904285,0.0007420171419308133,3.2770923066497035,2023,AA
Drew Lugbauer,ATL,656666.0,sa829268,26,9490,273,233,0.0,0.0,0.0,0.35622317600000003,22,0.0,94,13.5531135,34.4322344,171.46000830225537,0.36752136700000004,0.4388292691646478,0.0,27.40524781341108,68.33773087071239,21.409214000000002,40.96385542168674,79.62184873949579,46.38218923933209,0.0,0.0,0.0,0.0,0.0,0.0,0.0,0.0,26.845637583892607,37.68115940000001,37.68115940000001,24.6376811,0.0,4.652657325149831,-0.13870937377214432,-0.0005080929442203087,10.990367159333001,2023,AA
Scott Kapers,TEX,663727.0,sa3007013,26,9490,273,233,0.0,0.0,0.0,0.13304721,5,0.0,56,7.6923076,20.5128205,71.17760709583357,0.24858757,0.2996729319825823,0.0,36.31284916201117,78.55072463768116,14.485513999999998,45.97585513078471,75.49234135667396,30.811808118081178,0.0,0.0,0.0,0.0,0.0,0.0,0.0,0.0,26.08695652173913,31.0734463,52.5423728,16.3841807,0.0,3.3063186775,-0.4649135498329997,-0.001702980036018314,6.829475406993095,2023,AA
Nicholas Northcut,CIN,678021.0,sa3007640,24,8760,272,250,0.0,0.0,0.0,0.17600000000000002,10,0.0,102,5.1470588,37.5,62.91293261026488,0.30985915399999997,0.2916053590529105,0.0,42.39130434782609,66.77524429967427,23.246493,37.29308666017528,80.15665796344648,44.40497335701599,0.0,0.0,0.0,0.0,0.0,0.0,0.0,0.0,26.451612903225808,23.3333333,51.33333329999999,25.3333333,0.0,1.34975369,-0.3802654445171356,-0.0013980347224894693,5.750675985803168,2023,AA
Bradlee Beesley,CHC,686977.0,sa3015097,25,9125,272,224,0.0,0.0,0.0,0.183035714,7,0.0,79,13.6029411,29.044117600000003,111.77257584724659,0.318840579,0.35922956379020915,0.0,21.5929203539823,75.61643835616438,13.157895000000002,47.92626728110599,70.19230769230771,32.06751054852321,0.0,0.0,0.0,0.0,0.0,0.0,0.0,0.0,18.54304635761589,36.8055555,43.0555555,20.1388888,0.0,9.198425752607656,2.8649630323052406,0.01053295232465162,16.793219729298553,2023,AA
Justice Bigbie,DET,694425.0,sa3016971,24,8760,272,243,0.0,0.0,0.0,0.20164609100000003,12,0.0,34,8.0882352,12.5,171.8468965218491,0.381909547,0.4370085964343645,0.0,17.225950782997767,81.30841121495327,11.795962,54.75708502024291,79.11275415896488,24.11642411642412,0.0,0.0,0.0,0.0,0.0,0.0,0.0,0.0,5.405405405405406,50.2392344,31.1004784,18.660287,0.0,4.277687751201843,-0.2023806618526578,-0.0007440465509288888,25.735362371441585,2023,AA
Hudson Potts,ATL,668888.0,sa917936,24,8760,271,238,0.0,0.0,0.0,0.151260504,8,0.0,116,11.070110699999999,42.804428,62.513468054388895,0.260869565,0.2653978491181377,0.0,31.029411764705888,63.73626373626372,20.773381,42.712721145745576,71.7948717948718,44.485981308411205,0.0,0.0,0.0,0.0,0.0,0.0,0.0,0.0,29.629629629629626,31.4049586,50.4132231,18.1818181,0.0,0.8720238025,-0.3961098380386829,-0.0014616599189619295,6.630091295198264,2023,AA
Alerick Soularie,MIN,669442.0,sa3014436,23,8395,270,225,0.0,0.0,0.0,0.177777777,11,0.0,75,14.444444400000002,27.7777777,101.87187438521852,0.292857142,0.35253159403800965,0.0,18.548387096774192,73.03030303030303,11.478261,45.661700262927255,63.33973128598849,30.87248322147651,0.0,0.0,0.0,0.0,0.0,0.0,0.0,0.0,13.90728476821192,48.6666666,36.0,15.333333300000001,0.0,6.7483424587358645,1.4431088627316058,0.005344847639746689,25.146244660853263,2023,AA
Riley Tirotta,TOR,694661.0,sa3017078,24,8760,269,225,0.0,0.0,0.0,0.16,8,0.0,77,13.7546468,28.6245353,95.62192438035106,0.277777777,0.32261028342973785,0.0,15.203761755485893,76.47058823529412,11.052166,49.04153354632589,66.44951140065146,28.7280701754386,0.0,0.0,0.0,0.0,0.0,0.0,0.0,0.0,9.036144578313252,43.624161,40.2684563,16.1073825,0.0,5.2278498436114385,-0.9346674662083388,-0.003474600246127653,18.888864896368045,2023,AA
Diego Hernandez,KCR,678746.0,sa3005759,22,8030,269,241,0.0,0.0,0.0,0.045643153,0,0.0,69,5.9479552999999985,25.650557600000006,59.18987749143072,0.34104046200000004,0.2802475654441892,0.0,36.24288425047438,86.93181818181819,13.786008,46.44308943089431,77.02407002188184,28.433268858800773,0.0,0.0,0.0,0.0,0.0,0.0,0.0,0.0,11.956521739130435,54.11764700000001,27.647058800000003,18.2352941,0.0,7.305207544673464,1.4563968414440749,0.005414114652208458,15.261347801394566,2023,AA
Adam Hackenberg,CHW,680753.0,sa3017041,23,8395,268,228,0.0,0.0,0.0,0.109649123,5,0.0,59,11.5671641,22.0149253,115.35270763076504,0.353658536,0.3627641770377088,0.0,29.91735537190083,82.43243243243244,11.630219,40.56974459724951,71.67070217917677,26.439232409381667,0.0,0.0,0.0,0.0,0.0,0.0,0.0,0.0,15.789473684210524,45.7317073,37.1951219,17.073170700000002,0.0,3.5181481643567163,-0.2971533089876175,-0.00110878100368514,22.727522167966825,2023,AA
Jake Anchia,SEA,680971.0,sa3006674,26,9490,267,237,0.0,0.0,0.0,0.126582279,4,0.0,71,8.988764,26.5917602,72.45682859328545,0.253086419,0.27979632508888674,0.0,22.323049001814883,79.00552486187846,13.170272999999998,49.216589861751146,67.79026217228464,31.236897274633122,0.0,0.0,0.0,0.0,0.0,0.0,0.0,0.0,16.86046511627907,42.138364700000004,39.6226415,18.2389937,0.0,4.914692810773799,-0.2124233073554933,-0.0007955929114437951,7.410902069746751,2023,AA
Jake Means,KCR,689374.0,sa1170316,27,9855,266,231,0.0,0.0,0.0,0.11255411300000001,7,0.0,70,10.5263157,26.315789399999996,45.157227679328955,0.198717948,0.2578413706905437,0.0,23.77358490566038,75.22935779816514,14.676113,46.73366834170854,70.3225806451613,34.52914798206278,0.0,0.0,0.0,0.0,0.0,0.0,0.0,0.0,22.15568862275449,42.7672955,38.364779799999994,18.8679245,0.0,3.488405992005978,-0.3807196551933885,-0.0014312768992232648,4.1818271122294375,2023,AA
Matt Rudick,NYM,689822.0,sa3017334,24,8760,266,214,0.0,0.0,0.0,0.177570093,9,0.0,42,17.293232999999997,15.7894736,147.02826917175238,0.30061349600000004,0.3958044515465791,0.0,16.433566433566433,89.43661971830986,6.142728,51.4018691588785,70.41322314049587,16.016427104722787,0.0,0.0,0.0,0.0,0.0,0.0,0.0,0.0,27.322404371584703,30.769230699999998,50.2958579,18.9349112,0.0,5.287308172174496,1.197619359008968,0.004502328417326947,30.618292008529195,2023,AA
Ceddanne Rafaela,BOS,678882.0,sa3005581,22,8030,266,245,0.0,0.0,0.0,0.146938775,6,0.0,55,5.2631578,20.6766917,106.82472323219305,0.351063829,0.34339658238671045,0.0,29.64601769911505,77.58241758241759,16.998951,54.845154845154845,82.87795992714024,31.016042780748663,0.0,0.0,0.0,0.0,0.0,0.0,0.0,0.0,19.02439024390244,46.842105200000006,32.105263099999995,21.0526315,0.0,6.342376429419169,1.9969722898676991,0.00750741462356278,21.37000049278835,2023,AA
Adrian Del Castillo,ARI,680728.0,sa3016957,23,8395,265,220,0.0,0.0,0.0,0.23181818199999998,12,0.0,67,15.0943396,25.2830188,117.44173779444547,0.335664335,0.39741166658473737,0.0,25.64102564102564,83.46883468834689,11.924119000000001,42.54766031195841,75.15274949083502,27.680311890838205,0.0,0.0,0.0,0.0,0.0,0.0,0.0,0.0,26.380368098159515,37.3333333,40.0,22.666666600000003,0.0,3.254186549020648,-1.1156945656985044,-0.004210168172447187,26.094055071299486,2023,AA
Beau Philip,ATL,685121.0,sa1169595,24,8760,264,226,0.0,0.0,0.0,0.10176991099999999,4,0.0,91,11.7424242,34.469696899999995,78.33386388572156,0.308270676,0.2905822534001235,0.0,24.382207578253702,71.26760563380282,16.542751000000003,46.472663139329796,67.36242884250474,39.24050632911392,0.0,0.0,0.0,0.0,0.0,0.0,0.0,0.0,10.48951048951049,45.112781899999995,38.3458646,16.5413533,0.0,3.5364987511718717,-1.0637372564524412,-0.004029307789592582,9.581277532516914,2023,AA
Drew Gilbert,HOU,687551.0,sa3019980,22,8030,264,224,0.0,0.0,0.0,0.12946428599999998,6,0.0,46,12.5,17.4242424,93.95934060456013,0.277456647,0.3289930448513623,0.0,16.955445544554458,81.88405797101449,10.981535,53.509781357882616,74.19354838709677,23.04785894206549,0.0,0.0,0.0,0.0,0.0,0.0,0.0,0.0,26.46048109965636,39.10614520000001,37.9888268,22.905027899999997,0.0,4.000218215587236,-0.7436031913384795,-0.0028166787550699983,27.064553720029288,2023,AA
Anthony Seigler,NYY,678011.0,sa3006894,24,8760,264,205,0.0,0.0,0.0,0.097560976,5,0.0,48,20.0757575,18.1818181,78.63646694727503,0.184713375,0.2906506669018917,0.0,7.633587786259542,85.71428571428571,6.069364,50.890346766635425,65.74585635359118,19.060052219321147,0.0,0.0,0.0,0.0,0.0,0.0,0.0,0.0,23.214285714285715,37.820512799999996,46.7948717,15.384615300000002,0.0,3.6776635125362067,-1.410167588852346,-0.005341543897167978,21.352076414360106,2023,AA
Austin Wells,NYY,669224.0,sa3014440,23,8395,263,228,0.0,0.0,0.0,0.20614035100000003,11,0.0,60,11.0266159,22.813688199999998,112.20461295083031,0.26875,0.3421801648377459,0.0,16.630196936542667,78.01418439716312,12.903226,55.41463414634147,74.47183098591547,28.973843058350106,0.0,0.0,0.0,0.0,0.0,0.0,0.0,0.0,26.436781609195403,26.035502899999997,52.0710059,21.8934911,0.0,3.8127496105403904,0.4894529590383172,0.001861037867065845,24.45375768554695,2023,AA
Trey Harris,WSN,674677.0,sa3006876,27,9855,260,233,0.0,0.0,0.0,0.09442060099999999,2,0.0,58,7.6923076,22.3076923,90.48268491959192,0.32183908,0.30969851704744195,0.0,26.579925650557623,80.09478672985783,13.245033,50.822669104204756,75.89928057553958,27.706422018348626,0.0,0.0,0.0,0.0,0.0,0.0,0.0,0.0,11.29032258064516,46.8571428,30.857142800000002,22.2857142,0.0,3.3826804846337946,-1.508707455359399,-0.005802720982151536,5.380897175533361,2023,AA
Matt Scheffler,SEA,688032.0,sa3014832,25,9125,259,216,0.0,0.0,0.0,0.050925925999999996,1,0.0,61,12.741312699999998,23.552123499999997,81.5451421993703,0.282051282,0.29430780562654885,0.0,19.03052064631957,83.76811594202898,9.211775999999999,47.79756326148078,67.64705882352942,22.767857142857146,0.0,0.0,0.0,0.0,0.0,0.0,0.0,0.0,12.422360248447205,39.1025641,39.1025641,21.7948717,0.0,5.4043143013004284,0.06930824089795351,0.0002675993857063842,14.645385233693016,2023,AA
Phil Clarke,TOR,671287.0,sa3011379,25,9125,259,215,0.0,0.0,0.0,0.130232558,6,0.0,37,12.741312699999998,14.2857142,120.66483378051758,0.29069767399999996,0.3610529352254905,0.0,13.877551020408163,85.90425531914894,8.342246000000001,49.58847736625515,78.00829875518674,18.969555035128806,0.0,0.0,0.0,0.0,0.0,0.0,0.0,0.0,27.27272727272727,37.5,36.9318181,25.5681818,0.0,4.851579816668316,0.4904261436313391,0.0018935372340978345,20.915797060267074,2023,AA
Luis Vázquez,CHC,676679.0,sa3005131,23,8395,258,232,0.0,0.0,0.0,0.198275862,11,0.0,65,6.2015503,25.1937984,114.38348333325688,0.345911949,0.3633858535804,0.0,29.2,81.03896103896105,14.357937000000002,51.87680461982676,71.42857142857143,32.015810276679844,0.0,0.0,0.0,0.0,0.0,0.0,0.0,0.0,21.73913043478261,39.520958,40.718562799999994,19.760479,0.0,3.3070968835021715,-2.9565014652907853,-0.011459308005003045,18.462998061044512,2023,AA
Donovan Casey,WSN,661541.0,sa915654,27,9855,258,231,0.0,0.0,0.0,0.056277056,2,0.0,83,8.9147286,32.170542600000005,53.709468591147406,0.297297297,0.25324900760207064,0.0,24.248120300751875,69.65517241379311,18.406072,51.371115173674596,77.40213523131672,38.929889298892995,0.0,0.0,0.0,0.0,0.0,0.0,0.0,0.0,8.917197452229301,43.0555555,34.722222200000004,22.222222199999997,0.0,4.496099435481563,0.4312595222145319,0.00167154853571524,3.11420937465375,2023,AA
Jhailyn Ortiz,PHI,665560.0,sa920180,24,8760,257,229,0.0,0.0,0.0,0.135371179,8,0.0,92,9.338521400000001,35.7976653,72.151775042672,0.31007751899999997,0.29516531713306904,0.0,28.59618717504333,71.31367292225201,17.404130000000002,46.474953617810755,74.45109780439122,36.95652173913043,0.0,0.0,0.0,0.0,0.0,0.0,0.0,0.0,16.10738255033557,48.8888888,29.629629600000005,21.4814814,0.0,0.59207589,-0.5192003957927227,-0.002020235003084524,7.8457848350858175,2023,AA
Xavier Fernández,CHW,641569.0,sa737922,27,9855,255,222,0.0,0.0,0.0,0.216216217,10,0.0,39,10.1960784,15.294117600000002,128.8083306638855,0.301136363,0.384184112034592,0.0,23.26086956521739,88.34688346883469,9.957173,51.47679324894515,75.61475409836065,22.222222222222218,0.0,0.0,0.0,0.0,0.0,0.0,0.0,0.0,18.421052631578945,34.2391304,42.391304299999994,23.3695652,0.0,1.335439118750697,-0.9814178291708232,-0.003848697369297345,9.828655801982745,2023,AA
Andrew Navigato,DET,685382.0,sa3010703,25,9125,254,233,0.0,0.0,0.0,0.244635193,11,0.0,50,6.2992124999999985,19.6850393,142.02796809945102,0.339080459,0.3912344148507703,0.0,18.5589519650655,84.71177944862156,10.644831,53.92354124748489,74.44029850746269,23.89937106918239,0.0,0.0,0.0,0.0,0.0,0.0,0.0,0.0,29.31937172774869,32.7868852,40.9836065,26.2295081,0.0,5.123420916893621,-1.892914293333888,-0.007452418477692474,18.79209553652229,2023,AA
JJ Schwarz,ATH,656943.0,sa3008391,27,9855,254,222,0.0,0.0,0.0,0.148648649,8,0.0,67,12.2047244,26.3779527,83.6024761798143,0.278911564,0.3185381279216977,0.0,17.4484052532833,79.7814207650273,11.152416,51.54545454545455,64.55026455026454,29.8876404494382,0.0,0.0,0.0,0.0,0.0,0.0,0.0,0.0,13.291139240506327,42.4836601,36.6013071,20.9150326,0.0,1.2138465810895287,-0.9528110325336456,-0.0037512245375340373,6.522456846331181,2023,AA
Jeison Guzmán,KCR,665834.0,sa914314,24,8760,252,213,0.0,0.0,0.0,0.17840375600000002,8,0.0,89,11.9047619,35.31746029999999,103.4562847578961,0.372881355,0.3509285669326782,0.0,27.75862068965517,69.27536231884058,18.408437,44.86692015209125,73.09322033898306,40.123456790123456,0.0,0.0,0.0,0.0,0.0,0.0,0.0,0.0,20.155038759689926,45.2380952,32.5396825,22.222222199999997,0.0,5.247940674066501,-1.1211073803715408,-0.0044488388109981776,14.191577815545982,2023,AA
Baron Radcliff,PHI,676288.0,sa3014424,24,8760,251,223,0.0,0.0,0.0,0.183856503,11,0.0,97,11.1553784,38.645418299999996,85.16971722352821,0.313043478,0.31514878671957675,0.0,24.95726495726496,64.8936170212766,17.073171000000002,48.23008849557522,68.9908256880734,38.821138211382106,0.0,0.0,0.0,0.0,0.0,0.0,0.0,0.0,25.563909774436087,40.3225806,40.3225806,19.3548387,0.0,2.0211348104522657,-0.516820453107357,-0.002059045629909789,10.976248741026632,2023,AA
Elijah Dunham,NYY,685313.0,sa3014827,25,9125,251,217,0.0,0.0,0.0,0.207373272,10,0.0,64,11.1553784,25.4980079,115.10322385654463,0.287671232,0.3466297392845154,0.0,11.521739130434785,79.02813299232737,11.301715,54.13758723828514,72.00736648250461,28.082191780821923,0.0,0.0,0.0,0.0,0.0,0.0,0.0,0.0,23.125,38.461538399999995,44.230769200000005,17.3076923,0.0,7.1436322342709335,2.8014060836285357,0.011160980412862693,18.519975474506396,2023,AA
Bret Boswell,COL,641385.0,sa918769,28,10220,251,215,0.0,0.0,0.0,0.15348837199999998,6,0.0,78,13.1474103,31.0756972,75.75655237087697,0.255639097,0.29418111417398035,0.0,9.853249475890985,70.58823529411767,14.354067,55.792400370713615,70.59800664451828,34.13043478260869,0.0,0.0,0.0,0.0,0.0,0.0,0.0,0.0,22.69503546099291,40.1459854,41.605839399999994,18.2481751,0.0,5.073610414050761,-0.07593369018286468,-0.00030252466208312615,4.421914571967065,2023,AA
César Prieto,BAL,693409.0,sa3018100,24,8760,249,231,0.0,0.0,0.0,0.11255411300000001,4,0.0,17,6.024096299999999,6.827309199999998,136.92490289766695,0.37914691899999997,0.3974520059362535,0.0,19.718309859154925,91.98966408268734,6.119951,57.07376058041113,81.9915254237288,12.240184757505775,0.0,0.0,0.0,0.0,0.0,0.0,0.0,0.0,15.315315315315313,50.2347417,25.3521126,24.4131455,0.0,3.5865610422941514,-2.3116277372464538,-0.009283645531110257,24.022146780762352,2023,AA
Brandon Martorano,SFG,668785.0,sa918686,25,9125,248,205,0.0,0.0,0.0,0.11707317099999999,6,0.0,82,14.9193548,33.0645161,83.06958015169148,0.27731092399999996,0.3015130796740132,0.0,25.30120481927711,73.48242811501598,14.227642000000001,43.7015503875969,69.40133037694012,34.246575342465746,0.0,0.0,0.0,0.0,0.0,0.0,0.0,0.0,16.666666666666664,34.4262295,50.81967210000001,14.7540983,0.0,3.406506460245465,-1.9260141411796208,-0.007766186053143634,9.448474569199984,2023,AA
Bryan Lavastida,CLE,681526.0,sa3006917,24,8760,247,203,0.0,0.0,0.0,0.10344827599999999,4,0.0,38,13.765182099999999,15.384615300000002,109.86130777894674,0.282208588,0.3390352677325813,0.0,16.470588235294116,80.10471204188481,10.070493,51.14942528735632,71.53558052434455,23.963133640552996,0.0,0.0,0.0,0.0,0.0,0.0,0.0,0.0,15.909090909090908,46.625766799999994,34.3558282,19.0184049,0.0,4.2348589048507295,-0.5952408397570252,-0.0024098819423361345,22.7194664430818,2023,AA
Korry Howell,SDP,676759.0,sa3008238,24,8760,245,211,0.0,0.0,0.0,0.113744076,4,0.0,81,9.3877551,33.0612244,60.05787195158823,0.248062015,0.2655149236017344,0.0,19.327731092436977,68.84816753926701,15.959596,52.16080402010051,73.60308285163777,37.33624454148472,0.0,0.0,0.0,0.0,0.0,0.0,0.0,0.0,17.910447761194032,38.1679389,41.221374,20.610687,0.0,8.807258238796738,1.3109728689305484,0.005350909669104279,11.486500567105091,2023,AA
Sebastian Espino,TOR,672823.0,sa3003347,23,8395,244,221,0.0,0.0,0.0,0.09954751099999999,4,0.0,97,6.557377000000002,39.754098299999995,49.9036208233931,0.322580645,0.25242942719420125,0.0,25.7985257985258,59.649122807017534,27.566321000000002,56.563500533617926,86.03773584905659,49.224806201550386,0.0,0.0,0.0,0.0,0.0,0.0,0.0,0.0,14.685314685314687,41.2698412,43.6507936,15.079365,0.0,3.999254029392008,-0.038940387777984135,-0.0001595917531884596,6.294656786327506,2023,AA
Marco Luciano,SFG,682617.0,sa3010022,21,7665,242,202,0.0,0.0,0.0,0.222772277,11,0.0,72,14.876032999999998,29.752066100000004,116.75210284241969,0.284552845,0.3532181539811379,0.0,19.64636542239685,76.26582278481013,12.943632999999998,47.14434060228453,69.60352422907489,33.171912832929785,0.0,0.0,0.0,0.0,0.0,0.0,0.0,0.0,13.86861313868613,39.849624,44.36090220000001,15.7894736,0.0,4.448264725801503,0.6894529620185494,0.0028489791818948323,28.184519024482103,2023,AA
Simon Whiteman,SFG,687626.0,sa1169809,26,9490,242,207,0.0,0.0,0.0,0.077294686,2,0.0,52,11.5702479,21.4876033,67.45911182069318,0.264516129,0.2775498975681353,0.0,21.767241379310345,85.25179856115108,8.00451,48.89867841409692,62.61261261261262,22.408963585434176,0.0,0.0,0.0,0.0,0.0,0.0,0.0,0.0,23.214285714285715,45.0980392,33.9869281,20.9150326,0.0,6.174031602617166,1.2485662139952185,0.005159364520641398,10.632847721375347,2023,AA
Jimmy Govern,KCR,687349.0,sa3010166,26,9490,241,217,0.0,0.0,0.0,0.105990784,4,0.0,44,6.2240663000000005,18.257261399999997,66.38591175323478,0.264705882,0.2917376081148783,0.0,29.32692307692308,80.85106382978722,12.942613,49.57575757575757,68.94865525672371,27.02020202020202,0.0,0.0,0.0,0.0,0.0,0.0,0.0,0.0,19.88636363636364,45.4022988,34.482758600000004,20.1149425,0.0,5.9826494882446015,-0.3078193897381425,-0.0012772588785815039,7.981346906761093,2023,AA
Jackson Glenn,PIT,690107.0,sa3017478,25,9125,239,219,0.0,0.0,0.0,0.168949772,6,0.0,46,5.8577405,19.2468619,109.0977402442306,0.323353293,0.346581429368836,0.0,8.333333333333332,79.04761904761905,11.512415,63.758389261744966,73.68421052631578,24.434389140271488,0.0,0.0,0.0,0.0,0.0,0.0,0.0,0.0,16.75977653631285,35.6725146,46.1988304,18.1286549,0.0,6.115363726809074,-0.11682044714689255,-0.0004887884817861613,17.049528533888434,2023,AA
Cody Roberts,PHI,663944.0,sa3007869,27,9855,239,215,0.0,0.0,0.0,0.13488372099999998,6,0.0,52,6.694560600000001,21.757322100000003,65.63438506022497,0.25,0.2851606587401959,0.0,23.578947368421048,83.62989323843415,9.529148,47.280799112097675,65.96244131455397,24.675324675324674,0.0,0.0,0.0,0.0,0.0,0.0,0.0,0.0,10.650887573964498,39.506172799999995,44.444444399999995,16.0493827,0.0,3.8064893602236505,-0.8884804965928197,-0.0037174916175431783,5.856547038365786,2023,AA
Daniel Cabrera,DET,668667.0,sa3014452,24,8760,237,199,0.0,0.0,0.0,0.075376884,1,0.0,36,13.502109699999998,15.189873400000002,88.70461065324066,0.278787878,0.3093792585616416,0.0,13.655462184873947,83.5734870317003,9.331919000000001,50.826446280991725,70.52845528455285,23.573200992555837,0.0,0.0,0.0,0.0,0.0,0.0,0.0,0.0,10.526315789473683,51.2195121,28.6585365,20.1219512,0.0,4.263842188891761,-0.4206605292856693,-0.001774938942133626,21.055048324335228,2023,AA
Yanquiel Fernández,COL,692585.0,sa3015648,20,7300,237,218,0.0,0.0,0.0,0.155963303,8,0.0,78,6.3291138999999985,32.9113924,67.29104551117484,0.276119402,0.2811859574499009,0.0,22.327790973871732,72.0164609053498,19.164882000000002,57.21544715447154,86.32326820603906,35.51912568306011,0.0,0.0,0.0,0.0,0.0,0.0,0.0,0.0,26.490066225165567,41.7266187,36.6906474,21.582733800000003,0.0,0.9601648275,-0.3807469569146633,-0.001606527244365668,10.939756583546181,2023,AA
Logan Wyatt,SFG,668824.0,sa3011259,25,9125,236,206,0.0,0.0,0.0,0.18446601899999998,9,0.0,51,10.5932203,21.6101694,114.0678010459166,0.29530201300000003,0.3490975592998748,0.0,27.35674676524954,74.08637873754151,11.858974,43.41004184100418,72.5301204819277,27.231121281464528,0.0,0.0,0.0,0.0,0.0,0.0,0.0,0.0,32.29813664596273,30.573248400000004,45.2229299,24.2038216,0.0,2.8313701309790944,-0.3105470528826117,-0.0013158773427229312,14.90918358127417,2023,AA
Justin Dean,ATL,681909.0,sa3007070,26,9490,236,193,0.0,0.0,0.0,0.10362694300000001,5,0.0,72,16.5254237,30.5084745,107.25665344031036,0.33620689600000003,0.3366242888125968,0.0,22.258064516129032,77.08333333333334,12.5,41.56456173421301,65.3061224489796,34.229828850855746,0.0,0.0,0.0,0.0,0.0,0.0,0.0,0.0,15.2,49.15254229999999,33.0508474,17.796610100000002,0.0,7.482136357128337,1.4576157163828611,0.00617633778128331,11.077611663817546,2023,AA
Luis Santana,DET,670919.0,sa921577,23,8395,236,221,0.0,0.0,0.0,0.21719457,11,0.0,50,5.0847457,21.1864406,102.04089863979765,0.2625,0.3298514116618593,0.0,24.376199616122843,82.76762402088774,11.771562,48.87144259077528,76.90763052208834,26.97768762677485,0.0,0.0,0.0,0.0,0.0,0.0,0.0,0.0,26.5,44.7058823,41.1764705,14.117647,0.0,3.6657974048072095,-0.604327036999166,-0.0025607077838947713,20.45576633530728,2023,AA
Colin Simpson,COL,685388.0,sa1159681,26,9490,236,208,0.0,0.0,0.0,0.16346153800000002,6,0.0,72,11.4406779,30.5084745,90.27314046705514,0.305343511,0.31646511211233624,0.0,12.702078521939955,70.96774193548387,15.256007999999998,57.128712871287114,75.21663778162912,33.18872017353579,0.0,0.0,0.0,0.0,0.0,0.0,0.0,0.0,29.86111111111111,32.8467153,44.5255474,22.6277372,0.0,1.29024519625,-0.4413203364238143,-0.0018700014255246366,8.223557174455951,2023,AA
Casey Martin,PHI,676045.0,sa3014524,24,8760,236,217,0.0,0.0,0.0,0.110599078,5,0.0,87,6.779660999999999,36.8644067,37.86804287225844,0.267716535,0.24253734340101984,0.0,32.142857142857146,71.31782945736434,18.380744,52.016129032258064,75.0,37.21881390593047,0.0,0.0,0.0,0.0,0.0,0.0,0.0,0.0,21.83098591549296,34.351145,50.381679299999995,15.2671755,0.0,5.272198904301037,-0.03656044509261847,-0.0001549171402229596,6.2280425590574415,2023,AA
John Rave,KCR,670231.0,sa918890,25,9125,236,200,0.0,0.0,0.0,0.155,5,0.0,58,14.4067796,24.5762711,115.75920626698151,0.36231884,0.3705728721111379,0.0,19.896193771626297,80.4964539007092,9.082308,46.03174603174603,57.20081135902638,26.165803108808287,0.0,0.0,0.0,0.0,0.0,0.0,0.0,0.0,21.232876712328764,38.1294964,38.8489208,23.0215827,0.0,5.863616928144347,-1.2240020683966577,-0.005186449442358718,18.276149241568614,2023,AA
Will Wagner,HOU,695238.0,sa3017079,24,8760,234,207,0.0,0.0,0.0,0.19806763300000002,7,0.0,47,11.111111099999999,20.08547,136.99242798170442,0.37012987,0.3977047813753796,0.0,18.16239316239316,85.88235294117645,9.061834,50.840336134453786,70.24793388429752,21.342925659472424,0.0,0.0,0.0,0.0,0.0,0.0,0.0,0.0,12.12121212121212,46.5408805,28.9308176,24.5283018,0.0,4.996554308017008,-0.8332099006511271,-0.0035607260711586633,26.238188495269412,2023,AA
Max Muncy,ATH,691777.0,sa3017290,20,7300,233,202,0.0,0.0,0.0,0.143564356,4,0.0,54,9.0128755,23.1759656,123.12852994931052,0.39583333299999995,0.3816501182058583,0.0,23.058252427184467,84.32601880877742,12.354312,51.69988276670574,72.33560090702947,26.96078431372549,0.0,0.0,0.0,0.0,0.0,0.0,0.0,0.0,19.867549668874172,42.068965500000004,34.482758600000004,23.4482758,0.0,5.0181238360954525,0.2900948282331228,0.0012450421812580381,29.880498121315746,2023,AA
Noah Campbell,MIL,668929.0,sa3014878,24,8760,232,188,0.0,0.0,0.0,0.175531915,6,0.0,55,17.241379300000002,23.7068965,124.05914033869136,0.330708661,0.3815984813681929,0.0,15.94488188976378,78.83435582822086,11.052632000000001,48.32146490335707,68.63157894736842,29.639175257731964,0.0,0.0,0.0,0.0,0.0,0.0,0.0,0.0,19.014084507042252,42.30769229999999,41.5384615,16.153846100000003,0.0,6.65271302681323,-0.7777454648166895,-0.0033523511414512482,24.89731883172853,2023,AA
Jacob Young,WSN,696285.0,sa3017563,23,8395,231,204,0.0,0.0,0.0,0.127450981,3,0.0,37,7.359307299999998,16.017316,127.28155081239376,0.355421686,0.3661874004032301,0.0,25.225225225225223,88.69257950530034,8.498254,49.257142857142846,65.66125290023201,20.526315789473685,0.0,0.0,0.0,0.0,0.0,0.0,0.0,0.0,11.627906976744184,49.6932515,30.674846600000002,19.6319018,0.0,7.623609540209597,1.5062193265184758,0.006520429984928467,28.837847888925022,2023,AA
Ismael Alcantara,LAD,672882.0,sa3002862,24,8760,230,207,0.0,0.0,0.0,0.077294686,3,0.0,61,7.391304300000001,26.5217391,89.3362612089222,0.375,0.321799729999743,0.0,29.14691943127962,85.25641025641025,12.124711,51.157407407407405,70.58823529411767,27.634660421545664,0.0,0.0,0.0,0.0,0.0,0.0,0.0,0.0,7.38255033557047,60.4166666,23.6111111,15.972222199999997,0.0,5.596683116109276,-2.4931073281914,-0.010839597079093042,13.741792422079733,2023,AA
Marcos Castañon,SDP,676203.0,sa3016818,24,8760,230,211,0.0,0.0,0.0,0.156398104,4,0.0,49,7.826086900000001,21.3043478,109.63105948189184,0.345911949,0.34466936052105834,0.0,28.301886792452827,83.95061728395059,12.942613,48.16625916870416,82.23350253807106,25.617977528089884,0.0,0.0,0.0,0.0,0.0,0.0,0.0,0.0,22.699386503067483,45.625,35.625,18.75,0.0,2.2301859025,-0.3899274934083223,-0.0016953369278622712,17.48646798560771,2023,AA
Aaron Palensky,NYY,695312.0,sa3015077,24,8760,226,180,0.0,0.0,0.0,0.2,8,0.0,53,13.7168141,23.451327399999997,102.57512194645024,0.201612903,0.32739820944524445,0.0,11.538461538461537,81.14754098360656,10.691145,53.07855626326965,73.2,25.245098039215684,0.0,0.0,0.0,0.0,0.0,0.0,0.0,0.0,25.925925925925927,26.5625,60.15625,13.28125,0.0,7.73798081116368,1.2918329136446118,0.00571607483913545,24.20778933702791,2023,AA
Matt O'Neill,NYM,690841.0,sa1170279,25,9125,226,198,0.0,0.0,0.0,0.131313132,6,0.0,80,12.3893805,35.39823000000001,67.55189121719054,0.258928571,0.2738025437461005,0.0,18.09145129224652,61.6519174041298,17.363344,49.5991983967936,68.48484848484848,41.54228855721393,0.0,0.0,0.0,0.0,0.0,0.0,0.0,0.0,9.677419354838712,52.9914529,39.3162393,7.6923076,0.0,1.2722431025,-0.41536031663417816,-0.0018378775072308766,7.447102247645823,2023,AA
Leonel Valera,WSN,665987.0,sa917320,23,8395,225,200,0.0,0.0,0.0,0.07,2,0.0,69,6.6666666,30.666666600000003,58.08130280459122,0.303030303,0.2599600848850903,0.0,24.585218702865763,77.55555555555556,13.657407000000001,48.40466926070039,72.34726688102894,31.2280701754386,0.0,0.0,0.0,0.0,0.0,0.0,0.0,0.0,11.059907834101384,44.7761194,38.059701399999994,17.164179100000002,0.0,5.478769658324789,-0.14667392149567604,-0.000651884095536338,11.149538494500167,2023,AA
Greg Deichmann,ATH,656364.0,sa3004977,28,10220,225,195,0.0,0.0,0.0,0.22051282100000003,10,0.0,66,12.4444444,29.3333333,102.30120957718442,0.291666666,0.3483947457207574,0.0,16.666666666666664,78.24858757062147,14.381271000000002,54.5054945054945,71.37096774193549,33.894230769230774,0.0,0.0,0.0,0.0,0.0,0.0,0.0,0.0,20.30075187969925,47.2868217,37.9844961,14.7286821,0.0,7.454125284147921,0.5146764391101897,0.002287450840489732,5.956470131380341,2023,AA
Jordan Beck,COL,687597.0,sa3019981,22,8030,223,192,0.0,0.0,0.0,0.166666667,5,0.0,71,13.4529147,31.838565000000006,107.26702025361068,0.353448275,0.3425519294566936,0.0,18.629550321199144,63.7883008356546,16.118420999999998,51.855670103092784,71.37176938369781,37.59036144578313,0.0,0.0,0.0,0.0,0.0,0.0,0.0,0.0,18.6046511627907,40.495867700000005,41.322314,18.1818181,0.0,5.436964608466027,0.4595994846895337,0.002060984236275936,22.567049606051373,2023,AA
Ben Rice,NYY,700250.0,sa3016974,24,8760,222,196,0.0,0.0,0.0,0.321428571,16,0.0,42,9.4594594,18.918918899999998,185.62220304871707,0.345323741,0.4548814012123658,0.0,13.802083333333336,81.02409638554218,10.357142999999999,54.340071343638535,72.64770240700219,24.15584415584416,0.0,0.0,0.0,0.0,0.0,0.0,0.0,0.0,27.741935483870968,33.1168831,40.909090899999995,25.9740259,0.0,5.2925854605555385,-0.4072473039850593,-0.0018344473152480149,27.153671501310395,2023,AA
Noelvi Marte,CIN,682622.0,sa3008745,21,7665,222,196,0.0,0.0,0.0,0.18367347,8,0.0,38,9.9099099,17.1171171,109.85422303420256,0.30921052600000004,0.3663309505082903,0.0,30.94777562862669,80.40816326530611,10.859189,40.16203703703704,70.60518731988472,26.530612244897963,0.0,0.0,0.0,0.0,0.0,0.0,0.0,0.0,16.867469879518072,45.751633899999995,32.6797385,21.568627399999997,0.0,6.433709728939473,0.599640341475606,0.0027010826192594858,30.893424919911087,2023,AA
Dillon Dingler,DET,693307.0,sa3014528,24,8760,219,182,0.0,0.0,0.0,0.20879120899999998,9,0.0,63,12.3287671,28.7671232,133.17673099194522,0.333333333,0.3776471346890161,0.0,12.601626016260164,75.88235294117645,12.215321000000001,50.70140280561122,67.19367588932806,32.90155440414508,0.0,0.0,0.0,0.0,0.0,0.0,0.0,0.0,30.081300813008127,32.7731092,46.2184873,21.0084033,0.0,4.018779178662262,-0.36008714977651834,-0.0016442335606233714,21.716996639247817,2023,AA
Gionti Turner,TBR,682090.0,sa3007326,22,8030,219,191,0.0,0.0,0.0,0.057591623,2,0.0,61,8.219178000000001,27.853881200000004,66.17986535412079,0.317829457,0.2857357241489269,0.0,25.15463917525773,82.69896193771626,12.817552000000001,47.11014176663031,66.89814814814815,30.89005235602094,0.0,0.0,0.0,0.0,0.0,0.0,0.0,0.0,17.36111111111111,55.0387596,34.1085271,10.8527131,0.0,5.553880360648261,0.12524310499429706,0.0005718863241748722,15.296998748639515,2023,AA
Chavez Young,PIT,669945.0,sa918963,25,9125,218,184,0.0,0.0,0.0,0.070652174,2,0.0,46,11.467889900000001,21.1009174,71.72871655135766,0.262773722,0.2892173131306966,0.0,7.756232686980609,84.15584415584415,8.87372,59.2090395480226,73.4732824427481,21.518987341772156,0.0,0.0,0.0,0.0,0.0,0.0,0.0,0.0,18.181818181818183,44.604316499999996,42.4460431,12.9496402,0.0,4.704351577309444,0.2551656998693943,0.0011704848617862126,15.057310098212481,2023,AA
Tyler Tolve,ATL,681172.0,sa3016960,22,8030,217,193,0.0,0.0,0.0,0.155440415,7,0.0,59,9.2165898,27.188940000000002,93.2848867532559,0.297709923,0.3143827074683757,0.0,29.58333333333333,74.66666666666667,16.144019,45.578231292517,74.6268656716418,34.74178403755869,0.0,0.0,0.0,0.0,0.0,0.0,0.0,0.0,12.676056338028168,43.0656934,32.1167883,24.8175182,0.0,3.717686919972349,0.00389016792178154,1.7927041114200643e-05,16.191014810320485,2023,AA
Dane Myers,MIA,667472.0,sa915708,27,9855,215,182,0.0,0.0,0.0,0.17032967,7,0.0,37,12.5581395,17.2093023,131.3480344797784,0.33093525100000004,0.3908013127570928,0.0,17.14922048997773,86.55737704918033,7.251461999999999,50.65934065934066,66.16052060737528,20.170454545454547,0.0,0.0,0.0,0.0,0.0,0.0,0.0,0.0,7.6923076923076925,54.545454500000005,27.972027899999997,17.4825174,0.0,7.457395432393737,1.77897122874856,0.008274284784877024,11.957837551607168,2023,AA
Gage Workman,DET,669398.0,sa3014441,23,8395,214,178,0.0,0.0,0.0,0.19101123600000003,7,0.0,83,14.485981299999999,38.7850467,96.59435450218595,0.3,0.32149057800524705,0.0,20.681818181818183,67.85714285714286,15.614237,49.65675057208239,70.96774193548387,38.07106598984771,0.0,0.0,0.0,0.0,0.0,0.0,0.0,0.0,19.387755102040817,38.2978723,39.3617021,22.340425500000002,0.0,8.967637239754712,1.3350996132940054,0.006238783239691614,20.14688725279655,2023,AA
Jackson Merrill,SDP,701538.0,sa3016829,20,7300,211,187,0.0,0.0,0.0,0.171122995,5,0.0,25,8.530805599999999,11.8483412,112.75535378747536,0.2875,0.3496579797494979,0.0,24.69733656174334,86.3481228668942,9.355247,48.11557788944724,76.50130548302873,21.079691516709516,0.0,0.0,0.0,0.0,0.0,0.0,0.0,0.0,18.93491124260355,33.5365853,41.4634146,25.0,0.0,5.753421247299937,0.14467085571959615,0.00068564386596965,33.14181785629593,2023,AA
Levi Jordan,CHC,682119.0,sa3007976,27,9855,210,170,0.0,0.0,0.0,0.052941177,0,0.0,39,14.761904699999999,18.5714285,91.31446361337672,0.300751879,0.32666240334510804,0.0,17.416829745596868,89.05109489051095,7.71028,44.21397379912664,67.65432098765433,22.222222222222218,0.0,0.0,0.0,0.0,0.0,0.0,0.0,0.0,12.142857142857142,56.92307690000001,25.384615300000004,17.6923076,0.0,6.05057905391724,1.3868934195488691,0.0066042543788041395,9.538941794621175,2023,AA
Garrett Wolforth,HOU,663446.0,sa876111,25,9125,210,193,0.0,0.0,0.0,0.11917098400000001,4,0.0,68,6.1904761000000015,32.3809523,58.9003065885882,0.300813008,0.2730136286644709,0.0,24.860335195530723,66.15853658536585,18.63354,56.500607533414346,70.53763440860214,39.25925925925926,0.0,0.0,0.0,0.0,0.0,0.0,0.0,0.0,16.793893129770993,41.6,38.4,20.0,0.0,4.331132389019922,0.2925571775995195,0.001393129417140569,5.868473019376283,2023,AA
Jace Jung,DET,690291.0,sa3019992,22,8030,209,183,0.0,0.0,0.0,0.278688525,14,0.0,56,11.004784599999999,26.794258300000006,155.71923665819816,0.336283185,0.4122514884437671,0.0,16.584158415841586,76.83615819209041,13.701923,53.07781649245064,77.46170678336979,30.049261083743843,0.0,0.0,0.0,0.0,0.0,0.0,0.0,0.0,27.27272727272727,34.6456692,45.6692913,19.6850393,0.0,0.952283365,-0.4759336961433291,-0.0022771947183891353,27.65965030096417,2023,AA
Alan Roden,TOR,702176.0,sa3020212,23,8395,209,174,0.0,0.0,0.0,0.149425287,6,0.0,32,12.4401913,15.3110047,147.32608812869756,0.350364963,0.4019798619242815,0.0,14.698795180722893,88.19444444444444,5.867665000000001,50.94562647754138,66.8213457076566,16.307692307692307,0.0,0.0,0.0,0.0,0.0,0.0,0.0,0.0,16.556291390728482,45.3900709,34.0425531,20.5673758,0.0,6.008874841052684,0.2951860260218382,0.0014123733302480294,34.631821646344015,2023,AA
Zach Watson,BAL,668789.0,sa3011258,26,9490,208,187,0.0,0.0,0.0,0.187165776,8,0.0,56,5.7692307000000005,26.9230769,69.76444500345256,0.248,0.2943559137045169,0.0,24.47761194029851,83.43558282208589,15.65097,54.54545454545454,81.09452736318406,30.653266331658287,0.0,0.0,0.0,0.0,0.0,0.0,0.0,0.0,25.71428571428571,35.9375,44.53125,19.53125,0.0,7.641510175258553,1.888479795306921,0.009079229785129428,8.196712711537629,2023,AA
Dalvy Rosario,MIA,672537.0,sa3005712,22,8030,208,184,0.0,0.0,0.0,0.114130435,5,0.0,50,7.6923076,24.0384615,70.23389365498339,0.27480916,0.29351403585915425,0.0,23.939393939393934,75.66765578635015,16.164384000000002,55.34506089309878,82.39608801955991,32.00992555831266,0.0,0.0,0.0,0.0,0.0,0.0,0.0,0.0,15.972222222222221,41.4814814,34.074074,24.4444444,0.0,5.873713016368481,-0.062009964138269424,-0.00029812482758783375,15.971624365736199,2023,AA
Vaun Brown,SFG,673901.0,sa3017282,25,9125,208,190,0.0,0.0,0.0,0.2,8,0.0,78,6.25,37.5,91.37176426435072,0.323809523,0.3142575243344673,0.0,32.83208020050125,66.46341463414635,23.00123,50.862068965517246,79.4188861985472,43.137254901960794,0.0,0.0,0.0,0.0,0.0,0.0,0.0,0.0,28.31858407079646,29.729729700000004,45.9459459,24.3243243,0.0,8.989644566148364,2.662519787438214,0.012800575901145259,9.183011878731882,2023,AA
Tanner Schobel,MIN,802355.0,sa3020009,22,8030,207,177,0.0,0.0,0.0,0.079096045,2,0.0,40,12.0772946,19.3236714,71.27030889865253,0.277372262,0.3036695013299656,0.0,23.82978723404256,86.95652173913044,8.894231,43.373493975903614,63.88888888888889,23.615160349854232,0.0,0.0,0.0,0.0,0.0,0.0,0.0,0.0,20.863309352517987,32.3741007,43.884892,23.7410071,0.0,4.160985083975064,-0.3153179953806102,-0.001523275340002948,23.33491616209638,2023,AA
Logan Davidson,ATH,669722.0,sa918676,25,9125,206,182,0.0,0.0,0.0,0.186813187,7,0.0,56,10.6796116,27.184465999999997,127.12713071107572,0.39495798299999996,0.3880347589265953,0.0,24.181360201511325,78.64406779661017,13.80597,50.56039850560399,72.66009852216749,29.82005141388175,0.0,0.0,0.0,0.0,0.0,0.0,0.0,0.0,24.6031746031746,36.5079365,38.095238,25.3968253,0.0,3.6580642559713215,-0.9882182697765528,-0.004797176066876471,15.171317585968373,2023,AA
Riley Unroe,SEA,624523.0,sa737614,27,9855,206,176,0.0,0.0,0.0,0.113636364,5,0.0,52,12.621359199999999,25.242718399999998,104.32097751468581,0.31666666600000004,0.3306744084125612,0.0,21.29817444219067,78.85196374622356,12.632822,46.17903930131004,78.25059101654847,29.26208651399491,0.0,0.0,0.0,0.0,0.0,0.0,0.0,0.0,24.81203007518797,36.58536580000001,44.7154471,18.699186899999997,0.0,4.975768309291646,-0.14901599707081914,-0.0007233786265573744,7.500565927901134,2023,AA
Diego Rincones,DET,665651.0,sa916849,24,8760,206,182,0.0,0.0,0.0,0.15934066,7,0.0,30,7.766990199999999,14.563106699999999,93.68951634046059,0.246666666,0.3170314442764208,0.0,19.484240687679087,80.76923076923076,11.282051,55.198973042362006,78.6046511627907,23.64532019704433,0.0,0.0,0.0,0.0,0.0,0.0,0.0,0.0,24.203821656050955,37.9084967,44.444444399999995,17.647058800000003,0.0,2.11219675875,-0.41536031663417816,-0.002016312216670768,18.25980183427964,2023,AA
Heston Kjerstad,BAL,677008.0,sa3014439,24,8760,206,184,0.0,0.0,0.0,0.266304348,11,0.0,31,7.2815533000000014,15.048543599999999,153.18676050734624,0.323943661,0.42241511703694906,0.0,29.347826086956523,80.20833333333334,14.016173000000002,51.12881806108897,74.8051948051948,28.02056555269923,0.0,0.0,0.0,0.0,0.0,0.0,0.0,0.0,14.935064935064936,41.3333333,32.0,26.666666600000003,0.0,5.232269979871044,-1.1726339561864734,-0.005692397845565405,22.12541026303203,2023,AA
Victor Bericoto,SFG,682674.0,sa3008767,21,7665,204,186,0.0,0.0,0.0,0.24193548399999998,11,0.0,54,6.862744999999999,26.470588199999998,107.24603375785557,0.27049180300000003,0.3386256600370501,0.0,27.532467532467532,77.45098039215686,12.982005000000001,51.38888888888889,75.1842751842752,28.140703517587944,0.0,0.0,0.0,0.0,0.0,0.0,0.0,0.0,14.492753623188404,39.3939393,40.909090899999995,19.696969600000003,0.0,3.613855105654762,-0.752407000400126,-0.003688269609804539,21.68865844931575,2023,AA
Blaze Jordan,BOS,691458.0,sa3014537,20,7300,203,189,0.0,0.0,0.0,0.148148149,6,0.0,28,5.91133,13.7931034,86.58943848845858,0.267515923,0.3123339772811664,0.0,30.532212885154067,83.46153846153847,10.365854,49.07275320970042,75.5813953488372,21.098265895953762,0.0,0.0,0.0,0.0,0.0,0.0,0.0,0.0,18.539325842696627,41.1392405,35.44303789999999,23.4177215,0.0,1.022486765,-0.3807469569146633,-0.001875600772978637,22.71873555310833,2023,AA
Alberto Rodriguez,SEA,679754.0,sa3005603,22,8030,202,179,0.0,0.0,0.0,0.094972067,3,0.0,51,9.90099,25.2475247,113.67871680731487,0.385826771,0.3456160859896405,0.0,17.829457364341085,86.59793814432992,10.421836,52.33990147783253,68.47058823529412,26.33053221288516,0.0,0.0,0.0,0.0,0.0,0.0,0.0,0.0,18.939393939393934,44.1860465,30.2325581,25.5813953,0.0,3.0645645549578364,-0.4107140777632594,-0.0020332380087290072,24.79797618941786,2023,AA
Zac Veen,COL,691728.0,sa3014516,21,7665,201,172,0.0,0.0,0.0,0.09883720900000001,2,0.0,43,11.442786,21.3930348,70.71379744032579,0.259541984,0.2864401257453273,0.0,17.897727272727273,76.92307692307693,12.796834,54.639175257731964,79.71698113207547,27.989821882951656,0.0,0.0,0.0,0.0,0.0,0.0,0.0,0.0,16.176470588235293,47.6923076,35.3846153,16.923076899999998,0.0,7.416542218726276,3.1028662230819464,0.015437145388467396,23.95357655470657,2023,AA
Ben Norman,CHW,680421.0,sa3018376,25,9125,201,170,0.0,0.0,0.0,0.15294117699999998,7,0.0,68,12.9353233,33.830845700000005,80.66939553995634,0.282828282,0.3075519963283444,0.0,24.093816631130068,66.41509433962264,16.423358,44.69339622641509,69.92084432717678,39.34426229508197,0.0,0.0,0.0,0.0,0.0,0.0,0.0,0.0,19.266055045871557,34.313725399999996,47.058823499999995,18.6274509,0.0,6.114140663862483,1.5374151580035686,0.007648831631858552,10.84652259423574,2023,AA
Tanner Murray,TBR,695020.0,sa3016805,23,8395,200,176,0.0,0.0,0.0,0.181818182,5,0.0,40,10.0,20.0,108.3787549856205,0.305343511,0.3529119129156947,0.0,24.813895781637722,86.16600790513834,11.479945,47.11286089238845,70.47353760445682,25.882352941176478,0.0,0.0,0.0,0.0,0.0,0.0,0.0,0.0,7.913669064748201,51.5384615,35.3846153,13.076923,0.0,4.261563797337963,-0.8467404842376709,-0.004233702421188355,24.156087924578944,2023,AA
Kevin Maitan,LAA,670867.0,sa969045,23,8395,200,172,0.0,0.0,0.0,0.063953488,1,0.0,67,11.5,33.5,60.8987360507921,0.304761904,0.27306421399116515,0.0,30.58350100603622,77.27272727272727,17.537312999999994,42.00700116686114,73.33333333333333,37.21518987341772,0.0,0.0,0.0,0.0,0.0,0.0,0.0,0.0,16.51376146788991,37.5,31.7307692,30.769230699999998,0.0,1.44967532125,-0.4040320347994566,-0.0020201601739972827,8.49043832853079,2023,AA
Josh Hatcher,TEX,677049.0,sa3020115,24,8760,200,180,0.0,0.0,0.0,0.155555555,7,0.0,51,6.0,25.5,83.26880241299456,0.314960629,0.3189791699852606,0.0,37.134502923976605,72.28070175438597,19.738751999999998,50.14577259475219,82.84883720930233,35.835351089588386,0.0,0.0,0.0,0.0,0.0,0.0,0.0,0.0,9.629629629629632,51.93798440000001,24.8062015,23.2558139,0.0,5.570714410995072,0.2475655437447131,0.0012378277187235654,11.59788610086442,2023,AA
Jack Winkler,ATH,676466.0,sa3017393,24,8760,200,172,0.0,0.0,0.0,0.13372093,4,0.0,39,10.5,19.5,86.4991780536985,0.27480916,0.3231633460521698,0.0,17.694369973190348,82.01438848920863,11.342894,51.305483028720616,70.73791348600508,27.058823529411764,0.0,0.0,0.0,0.0,0.0,0.0,0.0,0.0,17.037037037037038,49.2424242,32.5757575,18.1818181,0.0,4.898723226272118,-0.7357280272990465,-0.0036786401364952326,18.75944551428578,2023,AA
Gabe Matthews,LAA,687346.0,sa3016920,25,9125,199,158,0.0,0.0,0.0,0.12658227800000002,5,0.0,62,15.5778894,31.1557788,118.79955960952968,0.362637362,0.3652362281625921,0.0,21.375464684014872,80.25210084033614,11.604096,43.30874604847208,57.90754257907543,34.355828220858896,0.0,0.0,0.0,0.0,0.0,0.0,0.0,0.0,19.626168224299064,44.7916666,33.3333333,21.875,0.0,2.21015842700824,-0.33870937675237656,-0.0017020571696099325,14.601280147188914,2023,AA
Sahid Valenzuela,ATH,684541.0,sa3014882,25,9125,199,178,0.0,0.0,0.0,0.073033708,1,0.0,29,7.0351758,14.5728643,79.38506593040235,0.31788079399999997,0.311804109994246,0.0,25.344352617079892,92.33716475095785,7.898449,49.08835904628331,74.57142857142857,17.002881844380404,0.0,0.0,0.0,0.0,0.0,0.0,0.0,0.0,10.759493670886075,54.6666666,22.666666600000003,22.666666600000003,0.0,4.229624554035159,-0.27782496716827154,-0.0013961053626546306,14.085333852235241,2023,AA
Nick Podkul,PHI,674951.0,sa3006720,26,9490,197,165,0.0,0.0,0.0,0.303030303,12,0.0,41,13.705583700000002,20.812182699999997,159.88393645684056,0.309734513,0.42984044128263055,0.0,19.17211328976035,84.64285714285714,8.15822,45.29201430274136,73.68421052631578,20.84507042253521,0.0,0.0,0.0,0.0,0.0,0.0,0.0,0.0,24.615384615384613,27.642276399999997,57.7235772,14.6341463,0.0,3.933179715,-0.4759336961433291,-0.0024159070870219753,15.924867524864547,2023,AA
Shay Whitcomb,HOU,694376.0,sa3014948,24,8760,197,176,0.0,0.0,0.0,0.272727273,12,0.0,56,9.1370558,28.426395900000006,127.30857572969508,0.327272727,0.3822423931287259,0.0,24.576271186440678,78.343949044586,14.733970000000001,53.966189856957094,75.66265060240964,30.20833333333333,0.0,0.0,0.0,0.0,0.0,0.0,0.0,0.0,21.875,29.4117647,42.8571428,27.7310924,0.0,5.432649734779052,0.33925804402679205,0.0017221220508974215,20.151234278973803,2023,AA
Caleb Durbin,NYY,702332.0,sa3017183,23,8395,194,175,0.0,0.0,0.0,0.148571429,4,0.0,9,6.185567,4.6391752,126.3819599688875,0.290123456,0.3639434035291377,0.0,19.0625,94.140625,4.718417,50.995405819295556,76.87687687687688,9.717868338557992,0.0,0.0,0.0,0.0,0.0,0.0,0.0,0.0,21.084337349397604,43.292682899999996,41.4634146,15.2439024,0.0,6.835313513473082,0.7157390853390098,0.003689376728551597,30.775815035645564,2023,AA
Nick Dalesandro,ARI,663807.0,sa3007503,26,9490,194,172,0.0,0.0,0.0,0.063953488,1,0.0,48,9.2783505,24.742268,42.65051934038646,0.29600000000000004,0.2779911274148017,0.0,27.97783933518005,74.07407407407408,16.834532,50.34387895460797,81.14754098360656,33.241758241758234,0.0,0.0,0.0,0.0,0.0,0.0,0.0,0.0,7.299270072992701,45.45454539999999,29.752066100000004,24.7933884,0.0,8.643531824352955,1.1259700772352517,0.005803969470284802,6.531745909171707,2023,AA
Allan Cerda,CIN,678323.0,sa3005504,23,8395,193,155,0.0,0.0,0.0,0.16129032199999999,6,0.0,71,16.0621761,36.787564700000004,85.73965615198975,0.282051282,0.3279430992862721,0.0,32.27953410981697,62.1301775147929,15.826495000000001,31.314285714285717,61.67883211678832,42.16524216524217,0.0,0.0,0.0,0.0,0.0,0.0,0.0,0.0,29.06976744186047,27.500000000000004,56.25,16.25,0.0,3.376840291203525,-2.2187266517430544,-0.011495993014212716,14.014142888752888,2023,AA
Quincy Hamilton,HOU,680810.0,sa3017215,25,9125,191,164,0.0,0.0,0.0,0.17682926899999998,6,0.0,47,12.565445,24.607329800000002,116.2921767489061,0.336283185,0.3646523025647508,0.0,20.04889975550123,84.01486988847584,9.370988,49.129353233830855,68.10126582278481,23.30383480825959,0.0,0.0,0.0,0.0,0.0,0.0,0.0,0.0,30.57851239669421,34.7457627,34.7457627,30.5084745,0.0,2.8245929686212863,-1.4815285671502352,-0.007756694068849398,17.349110253538953,2023,AA
Ray-Patrick Didder,SDP,642720.0,sa736824,28,10220,190,157,0.0,0.0,0.0,0.15286624199999999,6,0.0,52,15.263157799999998,27.368421,97.72426301614037,0.252525252,0.3256575556177842,0.0,18.06930693069307,72.41379310344827,12.515187999999998,51.67464114832536,67.12962962962963,30.346820809248552,0.0,0.0,0.0,0.0,0.0,0.0,0.0,0.0,20.560747663551396,34.313725399999996,46.0784313,19.6078431,0.0,5.558464367597273,-0.15442881174385548,-0.0008127832197045025,5.503169886703468,2023,AA
Marcelo Mayer,BOS,691785.0,sa3017114,20,7300,190,169,0.0,0.0,0.0,0.165680473,6,0.0,49,7.8947368,25.7894736,61.01411351632481,0.22033898300000002,0.2730740296146857,0.0,27.24719101123595,76.38036809815951,14.931507,53.76623376623376,78.74396135265701,28.894472361809047,0.0,0.0,0.0,0.0,0.0,0.0,0.0,0.0,26.119402985074625,41.129032200000005,43.548387,15.322580599999998,0.0,5.114881721788817,-0.7822604747489095,-0.004117160393415313,15.904906821096148,2023,AA
Greg Cullen,BAL,681888.0,sa3007069,26,9490,189,147,0.0,0.0,0.0,0.115646259,3,0.0,46,18.5185185,24.338624300000003,124.81289213420254,0.37,0.37885920567946,0.0,14.319809069212413,81.00775193798451,9.580838,49.69987995198079,62.31884057971014,28.11501597444089,0.0,0.0,0.0,0.0,0.0,0.0,0.0,0.0,14.423076923076923,40.5940594,28.7128712,30.6930693,0.0,2.4629900375582707,-0.1797737693414092,-0.0009511839647693607,13.503985050775876,2023,AA
Michael Berglund,CLE,668842.0,sa3007016,25,9125,188,155,0.0,0.0,0.0,0.122580645,5,0.0,65,13.829787199999998,34.574467999999996,77.3407587346251,0.235294117,0.2891139058356589,0.0,15.676959619952493,73.11827956989248,13.689699999999998,48.845686512758206,69.40298507462687,35.16819571865443,0.0,0.0,0.0,0.0,0.0,0.0,0.0,0.0,27.08333333333333,31.4606741,53.93258420000001,14.6067415,0.0,2.322357322107311,-0.22401365358382466,-0.0011915619871480036,10.038484122622814,2023,AA
Mickey Gasper,NYY,681508.0,sa3007747,27,9855,188,156,0.0,0.0,0.0,0.153846154,6,0.0,27,13.829787199999998,14.3617021,133.0415855304785,0.29032258,0.3741664036791376,0.0,8.96358543417367,90.41095890410958,4.615385000000002,49.92987377279103,61.516853932584276,13.944223107569721,0.0,0.0,0.0,0.0,0.0,0.0,0.0,0.0,21.96969696969697,36.4341085,44.1860465,19.3798449,0.0,5.219559969045193,0.6399128651246428,0.003403791835769377,12.012753490316,2023,AA
Henry Davis,PIT,680779.0,sa3017042,23,8395,187,148,0.0,0.0,0.0,0.263513514,10,0.0,35,17.112299399999998,18.7165775,167.60205446499225,0.310679611,0.4363897237726437,0.0,13.661202185792352,82.42677824267783,7.442489999999999,50.06821282401091,65.12261580381471,21.03448275862069,0.0,0.0,0.0,0.0,0.0,0.0,0.0,0.0,22.12389380530973,39.090909,42.7272727,18.1818181,0.0,4.85599126863506,-0.4332073237746954,-0.002316616704677516,35.0777035477103,2023,AA
Chandler Seagle,SDP,676882.0,sa3003969,27,9855,187,170,0.0,0.0,0.0,0.070588235,1,0.0,55,5.3475934999999994,29.4117647,49.38992791410733,0.284482758,0.2484812175714841,0.0,25.078369905956112,78.67132867132867,13.807530999999999,56.06060606060606,70.27027027027027,28.450704225352112,0.0,0.0,0.0,0.0,0.0,0.0,0.0,0.0,11.864406779661017,48.275862,33.6206896,18.1034482,0.0,4.749371592783311,-0.6382461539469659,-0.0034130810371495505,3.508566351838452,2023,AA
Tristen Lutz,MIL,669157.0,sa3004968,24,8760,187,154,0.0,0.0,0.0,0.15584415599999998,6,0.0,65,14.438502599999998,34.75935820000001,96.7040187240254,0.329411764,0.33805200824125564,0.0,18.28978622327791,72.42524916943522,14.409938,49.70131421744325,72.35576923076924,35.359116022099435,0.0,0.0,0.0,0.0,0.0,0.0,0.0,0.0,3.2258064516129035,49.4505494,36.2637362,14.2857142,0.0,1.476113165816327,-0.8863514680415392,-0.004739847422682028,14.936269669822652,2023,AA
Luke Ritter,NYM,682239.0,sa3009878,26,9490,186,146,0.0,0.0,0.0,0.328767123,14,0.0,59,16.129032199999997,31.720430100000005,162.09549077213944,0.28,0.4189337111808159,0.0,17.808219178082194,66.80851063829788,14.361702,45.18147684605757,65.09695290858726,37.583892617449656,0.0,0.0,0.0,0.0,0.0,0.0,0.0,0.0,27.956989247311824,31.8181818,48.863636299999996,19.3181818,0.0,6.436479405165517,-0.0908604273572564,-0.0004884969212755722,13.363661721884652,2023,AA
Caeden Trenkle,ATH,689959.0,sa3019991,22,8030,186,166,0.0,0.0,0.0,0.08433735,2,0.0,53,6.9892473,28.494623600000004,71.88937740262654,0.348214285,0.29983560374525725,0.0,25.97765363128491,81.32295719844358,12.711864,49.363507779349355,73.63896848137536,28.939828080229226,0.0,0.0,0.0,0.0,0.0,0.0,0.0,0.0,18.421052631578945,41.964285700000005,32.1428571,25.892857100000004,0.0,6.0161126970976735,0.040066935122013085,0.00021541362968824243,16.387095020167695,2023,AA
Danny Serretti,DET,681400.0,sa3019967,23,8395,186,156,0.0,0.0,0.0,0.064102564,1,0.0,36,13.440860199999998,19.3548387,70.37336607768239,0.25409836,0.2812394908956579,0.0,12.087912087912088,82.73809523809524,9.056122,56.30252100840336,71.6417910447761,22.379603399433428,0.0,0.0,0.0,0.0,0.0,0.0,0.0,0.0,14.615384615384615,40.495867700000005,38.0165289,21.4876033,0.0,1.9731862081881693,-0.664900416508317,-0.003574733422087726,20.731017453189825,2023,AA
TT Bowens,BAL,688449.0,sa3015107,25,9125,186,164,0.0,0.0,0.0,0.176829268,7,0.0,57,11.8279569,30.6451612,91.53237887017862,0.3,0.3277712445105276,0.0,30.70866141732284,74.50980392156862,17.397454,47.375690607734796,74.34402332361516,36.164383561643845,0.0,0.0,0.0,0.0,0.0,0.0,0.0,0.0,15.59633027522936,48.5436893,33.980582500000004,17.475728099999998,0.0,1.561126365,-0.3807469569146633,-0.0020470266500788353,9.698126002242084,2023,AA
Carter Williams,SFG,688832.0,sa3015126,25,9125,186,172,0.0,0.0,0.0,0.110465116,5,0.0,42,5.9139784,22.5806451,70.67215450429082,0.269841269,0.2824821472167969,0.0,28.34224598930481,76.34408602150538,13.552067999999998,49.59568733153639,75.81521739130434,27.900552486187845,0.0,0.0,0.0,0.0,0.0,0.0,0.0,0.0,27.20588235294117,34.6153846,43.076923,22.3076923,0.0,4.69902168540586,-0.004327028058469296,-2.326359171220051e-05,9.282040280505251,2023,AA
Everson Pereira,NYY,677592.0,sa3007034,22,8030,185,165,0.0,0.0,0.0,0.254545455,10,0.0,54,10.270270199999999,29.1891891,149.14559276075198,0.372549019,0.39888720319077775,0.0,19.327731092436977,75.73529411764707,15.39548,50.06993006993007,75.97765363128491,36.30952380952381,0.0,0.0,0.0,0.0,0.0,0.0,0.0,0.0,21.238938053097343,31.8181818,43.6363636,24.5454545,0.0,5.290980540158992,0.13747953809797764,0.0007431326383674468,26.987767064424784,2023,AA
Joseph Rosa,BAL,660563.0,sa872490,26,9490,185,149,0.0,0.0,0.0,0.134228188,4,0.0,55,15.1351351,29.729729700000004,102.44563522695273,0.333333333,0.34452387126716405,0.0,15.862068965517242,81.32295719844358,8.904933999999999,49.00351699882767,61.48325358851675,26.114649681528658,0.0,0.0,0.0,0.0,0.0,0.0,0.0,0.0,20.38834951456311,34.375,50.0,15.625,0.0,7.108685361649827,0.6658728849142789,0.003599312891428535,13.123891859909635,2023,AA
Roby Enriquez,ARI,690702.0,sa3018209,26,9490,184,155,0.0,0.0,0.0,0.07741935400000001,0,0.0,32,13.0434782,17.391304299999998,76.23877180750378,0.32,0.33162211915834355,0.0,25.30120481927711,92.24806201550388,6.284153000000001,46.589446589446595,71.27071823204419,14.836795252225516,0.0,0.0,0.0,0.0,0.0,0.0,0.0,0.0,17.557251908396946,50.0,25.806451600000006,24.1935483,0.0,4.0770106026938615,0.12217503879219295,0.0006639947760445267,12.131256833361686,2023,AA
Pedro Martinez,PHI,680932.0,sa3005795,22,8030,181,163,0.0,0.0,0.0,0.098159509,4,0.0,57,8.2872928,31.491712699999997,48.260259471789986,0.25490196,0.2584901369737657,0.0,27.49326145552561,74.80916030534351,14.842579,47.96633941093968,76.60818713450294,33.035714285714285,0.0,0.0,0.0,0.0,0.0,0.0,0.0,0.0,7.9646017699115035,57.69230760000001,27.8846153,14.423076900000002,0.0,4.621360977991887,0.6216330006718636,0.0034344364678003518,11.342485985007714,2023,AA
Tanner Kirwer,SEA,647255.0,sa3002831,27,9855,180,155,0.0,0.0,0.0,0.09677419400000001,3,0.0,45,10.5555555,25.0,92.69341635268398,0.305555555,0.3121084637482073,0.0,22.615803814713892,78.29181494661924,12.35119,50.472334682861,75.1336898395722,26.23456790123457,0.0,0.0,0.0,0.0,0.0,0.0,0.0,0.0,26.01626016260163,36.448598100000005,46.7289719,16.8224299,0.0,7.098502399678023,2.0063689602538943,0.011146494223632746,7.3007929855115155,2023,AA
David Bañuelos,MIN,675915.0,sa3004056,26,9490,178,152,0.0,0.0,0.0,0.256578947,10,0.0,68,11.797752800000001,38.2022471,129.18067970345228,0.418918918,0.39613607491959213,0.0,22.96983758700696,71.71717171717171,15.416098000000002,41.59891598915989,64.49511400651464,40.13605442176871,0.0,0.0,0.0,0.0,0.0,0.0,0.0,0.0,34.09090909090909,34.5238095,34.5238095,30.9523809,0.0,4.417611373191296,-0.1524344622157514,-0.0008563733832345585,10.662132590013519,2023,AA
Riley Mahan,SFG,657669.0,sa829844,27,9855,177,166,0.0,0.0,0.0,0.204819277,8,0.0,56,4.519774,31.638417999999998,63.60255268296028,0.22857142800000002,0.27162980427176264,0.0,35.17441860465117,71.14093959731544,19.911504,50.50359712230216,84.90028490028492,36.72456575682382,0.0,0.0,0.0,0.0,0.0,0.0,0.0,0.0,26.89075630252101,36.363636299999996,40.0,23.636363600000003,0.0,5.7658048110567774,0.2009731875732541,0.0011354417377020009,3.5189441670275228,2023,AA
Keyber Rodriguez,TEX,677601.0,sa3005488,22,8030,176,153,0.0,0.0,0.0,0.13725490199999998,3,0.0,30,10.2272727,17.0454545,85.906556524921,0.278688524,0.3231909213747297,0.0,25.79710144927536,87.73584905660377,7.418856,46.67697063369397,70.19867549668875,17.391304347826086,0.0,0.0,0.0,0.0,0.0,0.0,0.0,0.0,17.460317460317462,44.7154471,37.3983739,17.8861788,0.0,8.410724605150559,0.6513605732470751,0.003700912347994745,28.826533228096853,2023,AA
Jack Dunn,WSN,686639.0,sa3010029,26,9490,176,129,0.0,0.0,0.0,0.11627907,3,0.0,30,21.0227272,17.0454545,140.33266511913806,0.31632653,0.38622179156855535,0.0,14.093959731543624,89.87341772151899,5.992011,45.085995085995094,64.57765667574932,20.44609665427509,0.0,0.0,0.0,0.0,0.0,0.0,0.0,0.0,10.833333333333336,47.4747474,32.3232323,20.2020202,0.0,6.12268524501086,1.5408326862379909,0.008754731171806767,17.218282556383702,2023,AA
Brett Auerbach,SFG,682266.0,sa3014941,24,8760,175,163,0.0,0.0,0.0,0.036809816,1,0.0,52,6.2857142,29.7142857,13.054348303961492,0.218181818,0.19403470584324428,0.0,27.823691460055088,78.31325301204821,13.352685,49.513212795549364,69.9438202247191,29.819277108433727,0.0,0.0,0.0,0.0,0.0,0.0,0.0,0.0,12.280701754385964,47.6635514,34.5794392,17.7570093,0.0,4.726160546177487,-0.8144938917830586,-0.004654250810188907,7.1902014078166125,2023,AA
Alika Williams,TBR,675961.0,sa3014427,24,8760,175,156,0.0,0.0,0.0,0.179487179,5,0.0,34,8.5714285,19.4285714,93.89211942942616,0.27118644,0.32985071454729353,0.0,21.902017291066283,85.99221789883268,10.879285000000001,51.40056022408963,70.02724795640327,24.679487179487186,0.0,0.0,0.0,0.0,0.0,0.0,0.0,0.0,17.29323308270677,37.288135499999996,50.0,12.7118644,0.0,5.166919340827551,-0.1675185076892376,-0.000957248615367072,20.241403520588495,2023,AA
Wade Meckler,SFG,685133.0,sa3020119,23,8395,174,149,0.0,0.0,0.0,0.11409396,2,0.0,29,14.367816,16.6666666,150.09016761550234,0.406779661,0.4043944608206037,0.0,14.130434782608695,90.9090909090909,6.008584,47.27793696275072,63.33333333333333,16.923076923076927,0.0,0.0,0.0,0.0,0.0,0.0,0.0,0.0,19.166666666666668,47.058823499999995,26.890756300000003,26.0504201,0.0,6.163664877046415,-1.0505140125751495,-0.00603743685388017,33.65785615229809,2023,AA
Bryce Ball,CLE,668787.0,sa1170451,24,8760,174,156,0.0,0.0,0.0,0.211538461,8,0.0,46,10.3448275,26.4367816,103.73438804190808,0.264705882,0.3296300090117262,0.0,18.902439024390247,73.89033942558747,13.119534,51.574803149606296,73.09160305343512,30.967741935483872,0.0,0.0,0.0,0.0,0.0,0.0,0.0,0.0,23.07692307692308,45.45454539999999,36.363636299999996,18.1818181,0.0,1.46230158375,-0.3028668975457549,-0.0017406143537112351,16.711012507721318,2023,AA
Chase Calabuig,ATH,682079.0,sa3006927,27,9855,173,155,0.0,0.0,0.0,0.193548387,4,0.0,17,9.8265895,9.8265895,138.92811405443535,0.348148148,0.4068776100357144,0.0,14.855072463768115,93.22033898305084,5.942275,52.981260647359456,75.88424437299034,13.718411552346574,0.0,0.0,0.0,0.0,0.0,0.0,0.0,0.0,16.546762589928058,52.20588229999999,21.3235294,26.470588199999998,0.0,6.013719919743845,-0.16743167350068688,-0.0009678131416224675,11.975133910255618,2023,AA
J.D. Orr,MIA,680785.0,sa3009875,26,9490,171,137,0.0,0.0,0.0,0.029197081,0,0.0,41,16.374268999999998,23.9766081,71.37045472209927,0.278350515,0.2953233213985668,0.0,13.559322033898303,81.46853146853147,10.267857000000001,53.785900783289826,69.41747572815535,27.46478873239437,0.0,0.0,0.0,0.0,0.0,0.0,0.0,0.0,9.734513274336283,47.8723404,37.2340425,14.893617,0.0,7.1549638666398225,0.2904568612575531,0.0016985781360090823,11.187429921210684,2023,AA
Ivan Melendez,ARI,699471.0,sa3019859,23,8395,170,153,0.0,0.0,0.0,0.281045752,12,0.0,60,5.8823529,35.29411760000001,109.66227322212936,0.36144578299999996,0.3849900498109705,0.0,32.7536231884058,77.7777777777778,19.253731,48.353293413173645,86.37770897832817,33.756345177664976,0.0,0.0,0.0,0.0,0.0,0.0,0.0,0.0,26.315789473684212,30.4347826,42.391304299999994,27.173913,0.0,4.397448657812351,-1.2382461628876626,-0.00728380095816272,16.56986820049488,2023,AA
Cam Cannon,PHI,669069.0,sa3011467,25,9125,169,155,0.0,0.0,0.0,0.187096775,6,0.0,28,7.1005917,16.5680473,70.21465415996624,0.213114754,0.2921916984376453,0.0,29.508196721311478,86.25,10.183639,51.89274447949528,72.94832826747721,22.18649517684888,0.0,0.0,0.0,0.0,0.0,0.0,0.0,0.0,28.776978417266182,30.4,55.2,14.4,0.0,3.1403245206690853,-0.033640175126492984,-0.00019905429068930758,13.016825718815054,2023,AA
Tyler Cropley,KCR,680418.0,sa3007510,27,9855,168,145,0.0,0.0,0.0,0.12413793099999999,4,0.0,39,11.3095238,23.214285699999998,84.46070508698106,0.291262135,0.3205979691294139,0.0,28.02850356294537,79.18552036199095,11.416781,42.72108843537415,70.38216560509555,26.646706586826355,0.0,0.0,0.0,0.0,0.0,0.0,0.0,0.0,21.100917431192666,37.735849,34.905660299999994,27.358490500000002,0.0,1.5778010025227998,-0.8103375253267586,-0.004823437650754515,6.0485366193636025,2023,AA
Justin Toerner,STL,682109.0,sa3006735,26,9490,167,131,0.0,0.0,0.0,0.114503817,3,0.0,43,18.562874200000003,25.7485029,68.89610640076947,0.206896551,0.2970780554306076,0.0,22.444444444444446,82.96703296703299,10.138889,37.5,67.4074074074074,25.886524822695037,0.0,0.0,0.0,0.0,0.0,0.0,0.0,0.0,23.07692307692308,37.7777777,41.1111111,21.1111111,0.0,5.978519334982369,0.2550641493871808,0.001527330235851382,10.786593281725741,2023,AA
Chase Strumpf,CHC,668664.0,sa3010845,25,9125,167,132,0.0,0.0,0.0,0.242424243,7,0.0,50,16.766467000000002,29.940119699999997,140.4130534000563,0.35064935,0.4048221882231935,0.0,16.103896103896105,70.98214285714286,14.574315,45.07845934379458,70.88607594936707,38.16254416961131,0.0,0.0,0.0,0.0,0.0,0.0,0.0,0.0,28.73563218390805,31.707317000000003,42.6829268,25.609756,0.0,4.516327355763637,-0.25466267205774784,-0.001524926179986514,17.438984769434114,2023,AA
Mateo Gil,NYM,680771.0,sa3007050,22,8030,167,149,0.0,0.0,0.0,0.10067114099999999,2,0.0,44,8.9820359,26.3473053,85.57466707889971,0.333333333,0.3014687899387244,0.0,13.058419243986256,72.72727272727273,12.36476,58.129496402877706,68.06930693069307,30.555555555555557,0.0,0.0,0.0,0.0,0.0,0.0,0.0,0.0,14.782608695652176,42.45283010000001,41.5094339,16.0377358,0.0,4.069105308594062,-0.3870203541591764,-0.002317487150653751,18.158672860185828,2023,AA
Colson Montgomery,CHW,695657.0,sa3017170,21,7665,167,131,0.0,0.0,0.0,0.18320610699999998,4,0.0,36,14.9700598,21.5568862,129.76362245765546,0.307692307,0.3857048359784213,0.0,21.784776902887145,80.57142857142857,8.527132,43.219076005961256,60.3448275862069,24.696356275303646,0.0,0.0,0.0,0.0,0.0,0.0,0.0,0.0,23.711340206185564,45.16129030000001,37.6344086,17.204301,0.0,4.8819018900228,-0.8784292712807655,-0.005260055516651291,34.573010003364715,2023,AA
Paul McIntosh,MIA,682192.0,sa3017372,25,9125,166,137,0.0,0.0,0.0,0.189781022,8,0.0,34,13.8554216,20.4819277,120.16797077621449,0.278350515,0.373003828597356,0.0,16.260162601626014,86.99551569506725,8.172363,47.73371104815864,66.17210682492582,23.04832713754647,0.0,0.0,0.0,0.0,0.0,0.0,0.0,0.0,15.454545454545453,42.156862700000005,42.156862700000005,15.6862745,0.0,3.2883655866817922,-0.7449043020606041,-0.004487375313618097,19.909701785107416,2023,AA
Michael Trautwein,CIN,681114.0,sa3017043,23,8395,166,136,0.0,0.0,0.0,0.117647059,2,0.0,41,13.8554216,24.6987951,95.41529967037737,0.319148936,0.34334570492606564,0.0,32.638888888888886,79.50310559006209,13.268607999999999,34.44613050075873,70.92511013215858,32.982456140350884,0.0,0.0,0.0,0.0,0.0,0.0,0.0,0.0,23.529411764705877,37.5,42.7083333,19.791666600000003,0.0,5.6698089728838825,-0.7290599085390568,-0.004391927159873836,19.74459715742975,2023,AA
Cameron Masterman,ATH,690904.0,sa3019994,24,8760,165,150,0.0,0.0,0.0,0.14,5,0.0,53,7.2727271999999985,32.1212121,85.7006324179908,0.354838709,0.32188829328074603,0.0,23.9344262295082,76.85950413223141,16.380654999999997,52.26917057902972,72.45508982035929,35.35031847133757,0.0,0.0,0.0,0.0,0.0,0.0,0.0,0.0,16.3265306122449,37.8947368,38.9473684,23.1578947,0.0,5.30434033970916,0.2925571775995195,0.0017730738036334515,12.306510258495207,2023,AA
Grant Witherspoon,DET,680710.0,sa3007047,26,9490,165,144,0.0,0.0,0.0,0.20833333399999998,7,0.0,42,12.1212121,25.4545454,129.92159767622618,0.32631578899999997,0.37265027291847,0.0,16.480446927374302,77.04280155642023,12.32493,49.78962131837307,72.39436619718309,29.874213836477985,0.0,0.0,0.0,0.0,0.0,0.0,0.0,0.0,22.549019607843142,42.4242424,35.3535353,22.222222199999997,0.0,6.0117307065315,-1.3505673939362168,-0.008185256932946769,13.01529380537642,2023,AA
Jackson Holliday,BAL,702616.0,sa3020241,19,6935,164,142,0.0,0.0,0.0,0.16901408399999998,3,0.0,34,12.804878,20.7317073,146.54956805960825,0.424528301,0.4122265533164696,0.0,23.07692307692308,84.23645320197043,10.051107,46.84838160136286,73.81818181818181,24.0,0.0,0.0,0.0,0.0,0.0,0.0,0.0,0.0,14.678899082568808,42.5925925,32.4074074,25.0,0.0,6.444432702685474,-0.28220709040760994,-0.0017207749415098167,37.561279220329965,2023,AA
PK Morris,TOR,676678.0,sa3005037,24,8760,164,134,0.0,0.0,0.0,0.119402985,2,0.0,51,17.073170700000002,31.0975609,74.97352759335095,0.25609756,0.2909135218778271,0.0,7.940446650124071,70.9090909090909,11.007958,52.25118483412322,62.358276643990926,32.234432234432234,0.0,0.0,0.0,0.0,0.0,0.0,0.0,0.0,12.5,42.1686746,40.9638554,16.867469800000002,0.0,3.058673465,-0.3461335971951485,-0.002110570714604564,15.154797478912384,2023,AA
Wilfred Veras,CHW,691442.0,sa3015178,20,7300,162,152,0.0,0.0,0.0,0.22368421,6,0.0,44,4.938271599999999,27.1604938,129.50902586472807,0.39805825200000006,0.3852995450114026,0.0,39.696969696969695,77.37556561085974,19.757366,44.25675675675675,84.35114503816793,37.058823529411775,0.0,0.0,0.0,0.0,0.0,0.0,0.0,0.0,11.50442477876106,55.66037729999999,24.5283018,19.811320700000003,0.0,6.609256786391978,0.9227231312543154,0.005695821797866144,24.373287872869334,2023,AA
Branden Fryman,NYM,670210.0,sa3010853,25,9125,161,151,0.0,0.0,0.0,0.125827815,2,0.0,40,3.7267080000000004,24.8447204,66.8272208028755,0.29090909,0.27269012298224105,0.0,25.892857142857146,75.09727626459144,16.266174,59.85663082437276,76.94610778443112,30.132450331125828,0.0,0.0,0.0,0.0,0.0,0.0,0.0,0.0,17.5,44.5454545,36.363636299999996,19.090909,0.0,7.044858295765621,-0.31541369203478103,-0.001959091254874416,8.499799123640006,2023,AA
Tanner Murphy,NYM,669282.0,sa1170052,25,9125,160,139,0.0,0.0,0.0,0.086330935,2,0.0,66,11.25,41.25,63.394492651734716,0.338028169,0.2674206404746333,0.0,19.87381703470032,64.0,18.63354,53.38235294117647,68.87052341597797,42.03389830508474,0.0,0.0,0.0,0.0,0.0,0.0,0.0,0.0,16.666666666666664,47.9452054,34.2465753,17.808219100000002,0.0,6.041666660714285,1.4798264494165778,0.009248915308853613,7.905628712999812,2023,AA
Kaden Polcovich,SEA,687659.0,sa3014496,24,8760,159,131,0.0,0.0,0.0,0.13740458,3,0.0,42,16.3522012,26.415094300000003,85.13332684335748,0.229885057,0.30003712724589704,0.0,20.32520325203252,82.70042194092827,12.427746,46.444121915820034,74.0625,29.841269841269842,0.0,0.0,0.0,0.0,0.0,0.0,0.0,0.0,22.222222222222218,40.909090899999995,38.6363636,20.4545454,0.0,7.657418504175969,-0.04574475064873696,-0.00028770283426878587,18.82945927836307,2023,AA
McCarthy Tatum,PHI,657029.0,sa3010582,27,9855,157,138,0.0,0.0,0.0,0.115942029,2,0.0,34,5.0955414,21.6560509,89.86798847452646,0.310679611,0.32236096813420584,0.0,30.28169014084507,75.45454545454545,12.293578,50.949913644214156,74.57627118644069,25.087108013937282,0.0,0.0,0.0,0.0,0.0,0.0,0.0,0.0,16.964285714285715,47.058823499999995,33.3333333,19.6078431,0.0,3.0094674570072684,-0.6106004342436789,-0.0038891747404055993,5.389545354857588,2023,AA
Dylan Beavers,BAL,687637.0,sa3019983,21,7665,157,134,0.0,0.0,0.0,0.156716418,2,0.0,32,12.738853500000001,20.3821656,142.25121785908246,0.41,0.4056282792335901,0.0,31.60919540229885,82.84023668639054,9.698997,41.80602006688964,67.60000000000001,22.463768115942024,0.0,0.0,0.0,0.0,0.0,0.0,0.0,0.0,19.607843137254907,32.0,44.0,24.0,0.0,6.842416513445362,-1.1702540135011077,-0.007453847219752278,33.99843756919768,2023,AA
Brady Lindsly,WSN,686251.0,sa3014942,25,9125,157,131,0.0,0.0,0.0,0.08396946599999999,2,0.0,42,14.6496815,26.751592300000002,92.11400451005308,0.318181818,0.31220270895188856,0.0,22.5130890052356,78.24074074074075,13.559321999999998,44.4767441860465,70.58823529411767,32.986111111111114,0.0,0.0,0.0,0.0,0.0,0.0,0.0,0.0,20.0,29.545454499999998,44.3181818,26.136363600000006,0.0,4.042163747483127,0.201946372166276,0.0012862826252629045,12.262878391027918,2023,AA
Cobie Fletcher-Vance,MIA,664697.0,sa3006860,25,9125,156,144,0.0,0.0,0.0,0.125,2,0.0,36,5.7692307000000005,23.076923,85.98248619103266,0.330188679,0.3185841368559079,0.0,24.363636363636363,78.47533632286995,14.035088000000002,51.66959578207382,75.85034013605441,29.411764705882355,0.0,0.0,0.0,0.0,0.0,0.0,0.0,0.0,15.315315315315313,45.7943925,34.5794392,19.6261682,0.0,1.932629865,-0.2772768866270781,-0.0017774159399171672,9.972742578588393,2023,AA
Will Wilson,SFG,669717.0,sa3009871,24,8760,156,144,0.0,0.0,0.0,0.13888888900000002,5,0.0,29,6.410256400000001,18.5897435,73.7636778676387,0.23636363600000002,0.2872278560430576,0.0,26.380368098159515,76.26262626262627,12.71777,44.65195246179966,75.2851711026616,28.26086956521739,0.0,0.0,0.0,0.0,0.0,0.0,0.0,0.0,13.559322033898303,39.28571420000001,43.75,16.964285699999998,0.0,4.859284077735525,-0.32644697465002537,-0.002092608811859137,13.597521635496216,2023,AA
Anthony Prato,MIN,668791.0,sa1052903,25,9125,156,129,0.0,0.0,0.0,0.07751938,2,0.0,35,12.820512800000001,22.4358974,54.36683394276843,0.21739130399999998,0.2766794063054122,0.0,26.11275964391692,84.06593406593407,9.076175,45.99358974358975,63.414634146341456,21.88679245283019,0.0,0.0,0.0,0.0,0.0,0.0,0.0,0.0,15.306122448979592,34.4086021,48.3870967,17.204301,0.0,6.789491295553591,0.33925804402679205,0.0021747310514537953,13.77576607526304,2023,AA
Brady Whalen,SFG,669714.0,sa918278,25,9125,156,143,0.0,0.0,0.0,0.174825175,5,0.0,24,5.1282051000000015,15.384615300000002,99.85559919543293,0.275862068,0.3272808159551313,0.0,29.818181818181817,80.51948051948051,11.252269,51.327433628318595,79.65517241379311,22.112211221122113,0.0,0.0,0.0,0.0,0.0,0.0,0.0,0.0,26.4,35.29411760000001,48.739495700000006,15.9663865,0.0,5.844681495503707,0.31443979125469923,0.002015639687530123,15.0914291273949,2023,AA
Blake Hunt,TBR,675448.0,sa3004153,24,8760,155,132,0.0,0.0,0.0,0.204545454,6,0.0,38,9.032258,24.516129,110.72472255632674,0.296703296,0.35664644625879105,0.0,21.323529411764707,81.48148148148148,14.695946,55.115511551155116,80.83832335329342,28.75,0.0,0.0,0.0,0.0,0.0,0.0,0.0,0.0,23.469387755102037,48.4210526,36.842105200000006,14.7368421,0.0,3.7931618457598972,-0.3675185106694697,-0.0023710871656094827,18.592897620950392,2023,AA
Mario Feliciano,DET,666128.0,sa917954,24,8760,154,140,0.0,0.0,0.0,0.05,0,0.0,21,5.8441557999999985,13.6363636,55.80238999815733,0.256198347,0.2588720035243344,0.0,21.33891213389121,87.76371308016878,9.40499,56.066176470588246,77.70491803278688,19.354838709677423,0.0,0.0,0.0,0.0,0.0,0.0,0.0,0.0,11.811023622047243,44.9152542,38.983050799999994,16.1016949,0.0,1.39285714,-0.3115202374756336,-0.0020228586849067123,14.306145793127007,2023,AA
Eddy Diaz,COL,677647.0,sa3004979,23,8395,152,132,0.0,0.0,0.0,0.03030303,0,0.0,36,9.868421000000001,23.684210500000002,26.493739277015873,0.206185567,0.2185591830323074,0.0,12.996389891696749,80.53435114503816,10.847458,55.250403877221316,76.60818713450294,23.04964539007092,0.0,0.0,0.0,0.0,0.0,0.0,0.0,0.0,13.725490196078432,51.0416666,30.2083333,18.75,0.0,3.9343202276012574,-1.8231472466140983,-0.011994389780355913,15.638249032277043,2023,AA
Erik Ostberg,TBR,675964.0,sa3004505,27,9855,151,136,0.0,0.0,0.0,0.19117647,5,0.0,38,7.9470198,25.1655629,77.53445982285979,0.252631578,0.3038110429088011,0.0,28.238341968911918,87.38738738738738,13.526570000000001,43.731778425655975,74.0,29.31596091205212,0.0,0.0,0.0,0.0,0.0,0.0,0.0,0.0,26.168224299065407,24.2424242,55.555555500000004,20.2020202,0.0,4.109240456230793,-0.27245214954018593,-0.0018043188711270594,5.859141492163055,2023,AA
Eduardo Torrealba,NYY,665908.0,sa917095,24,8760,151,132,0.0,0.0,0.0,0.060606060999999996,1,0.0,29,8.6092715,19.205298000000006,56.506055165352564,0.25,0.2566789066469347,0.0,13.452914798206278,84.57711442786069,8.669355,55.84158415841585,71.27659574468085,22.07207207207207,0.0,0.0,0.0,0.0,0.0,0.0,0.0,0.0,18.421052631578945,42.7184466,41.74757279999999,15.533980499999998,0.0,5.305597064140796,0.0648996913805604,0.0004297992806659629,17.14064242365017,2023,AA
Shayne Fontana,BAL,687833.0,sa3010897,26,9490,151,129,0.0,0.0,0.0,0.12403100800000001,3,0.0,20,9.9337748,13.2450331,93.46507698553795,0.261682242,0.3307380739426771,0.0,14.840989399293287,84.81012658227847,6.418918999999999,54.354838709677416,70.32640949554896,15.32567049808429,0.0,0.0,0.0,0.0,0.0,0.0,0.0,0.0,19.469026548672566,45.7943925,35.5140186,18.6915887,0.0,5.379530539136816,-0.4923739451915026,-0.0032607546039172355,13.24652224733197,2023,AA
Mac McCroskey,LAA,815151.0,sa3022444,23,8395,150,129,0.0,0.0,0.0,0.031007752000000003,0,0.0,52,12.6666666,34.6666666,68.95212033922066,0.376623376,0.2858843537601265,0.0,28.11671087533157,75.89285714285714,14.463453,44.72140762463343,73.44262295081967,34.98349834983499,0.0,0.0,0.0,0.0,0.0,0.0,0.0,0.0,1.1764705882352942,57.3333333,20.0,22.666666600000003,0.0,4.151715316656147,-0.1564988512545824,-0.0010433256750305494,11.6689037259799,2023,AA
Jeremy Eierman,ATH,663369.0,sa3007005,26,9490,150,128,0.0,0.0,0.0,0.1171875,3,0.0,45,10.0,30.0,62.98856958555175,0.25925925899999996,0.2856235172124517,0.0,24.57912457912457,74.17840375586854,16.198347000000002,50.82781456953642,69.38110749185668,35.08771929824561,0.0,0.0,0.0,0.0,0.0,0.0,0.0,0.0,28.23529411764705,34.5679012,43.2098765,22.222222199999997,0.0,5.2400916583718224,0.5375488144345582,0.0035836587628970545,6.395693290290211,2023,AA
David García,TEX,671272.0,sa3003197,23,8395,150,122,0.0,0.0,0.0,0.07377049200000001,2,0.0,49,15.333333300000001,32.6666666,73.87992305205582,0.305555555,0.3039877704779307,0.0,25.587467362924286,73.79679144385027,14.375987000000002,41.347626339969366,69.25925925925925,35.507246376811594,0.0,0.0,0.0,0.0,0.0,0.0,0.0,0.0,17.105263157894736,44.444444399999995,40.2777777,15.2777777,0.0,3.8856793401715213,-0.14493585657328367,-0.0009662390438218912,14.193492033436534,2023,AA
Stephen Scott,BOS,679663.0,sa3011469,26,9490,149,125,0.0,0.0,0.0,0.2,6,0.0,34,16.1073825,22.8187919,125.10457077487015,0.294117647,0.37145745194198293,0.0,16.7741935483871,82.96943231441048,11.409396000000001,48.675496688741724,77.89115646258503,27.797833935018055,0.0,0.0,0.0,0.0,0.0,0.0,0.0,0.0,25.806451612903228,40.4494382,40.4494382,19.1011235,0.0,5.782114696520401,-0.004327028058469296,-2.9040456768250305e-05,14.72540811355953,2023,AA
Onix Vega,WSN,681974.0,sa3008007,24,8760,149,122,0.0,0.0,0.0,0.040983607000000005,0,0.0,29,14.7651006,19.4630872,101.00352876871813,0.32631578899999997,0.32584876262101553,0.0,19.20731707317073,90.0,7.432432,44.594594594594604,68.18181818181817,19.753086419753085,0.0,0.0,0.0,0.0,0.0,0.0,0.0,0.0,15.789473684210524,33.6842105,37.8947368,28.421052600000003,0.0,3.5531510766677328,-0.2413203334435821,-0.0016195995533126312,21.71593582464059,2023,AA
Brady House,WSN,691781.0,sa3017694,20,7300,148,139,0.0,0.0,0.0,0.151079136,3,0.0,42,4.7297297,28.378378299999998,130.80814203405538,0.44210526299999997,0.3716009694176751,0.0,30.081300813008127,76.61691542288555,16.959063999999998,52.046783625731,75.28089887640449,33.45454545454545,0.0,0.0,0.0,0.0,0.0,0.0,0.0,0.0,20.40816326530612,37.755102,31.632653,30.612244800000003,0.0,4.809111572296285,-0.5783670172095299,-0.003907885251415742,20.82824526717201,2023,AA
Andres Sosa,TOR,703245.0,sa3017605,25,9125,148,127,0.0,0.0,0.0,0.110236221,1,0.0,37,8.7837837,25.0,86.6351615483953,0.311111111,0.3088149616163071,0.0,15.333333333333332,80.73770491803278,11.82266,53.34370139968896,71.13702623906705,29.197080291970803,0.0,0.0,0.0,0.0,0.0,0.0,0.0,0.0,22.448979591836732,43.820224700000004,35.9550561,20.2247191,0.0,3.5369797359184663,-0.3351003145799041,-0.0022641913147290822,11.944988899620974,2023,AA
Corey Joyce,DET,687144.0,sa3010596,24,8760,147,116,0.0,0.0,0.0,0.051724137999999996,1,0.0,38,15.646258499999998,25.850340100000004,57.08285700834406,0.2,0.260837611697969,0.0,15.286624203821654,79.46428571428571,11.237785,50.78369905956113,69.1358024691358,29.50191570881226,0.0,0.0,0.0,0.0,0.0,0.0,0.0,0.0,14.457831325301207,34.6153846,44.8717948,20.5128205,0.0,3.3896340863570567,-0.3870203541591764,-0.002632791524892356,14.369794669560912,2023,AA
Claudio Finol,PIT,672600.0,sa3003256,23,8395,147,123,0.0,0.0,0.0,0.113821138,3,0.0,37,10.8843537,25.170068,88.5898919469148,0.30588235199999997,0.3151004197714212,0.0,13.025210084033615,79.54545454545455,10.834813,58.536585365853654,65.47619047619048,28.270042194092827,0.0,0.0,0.0,0.0,0.0,0.0,0.0,0.0,20.43010752688172,36.363636299999996,48.863636299999996,14.7727272,0.0,4.174766922373161,-0.8341805143281817,-0.005674697376382189,19.983729350341285,2023,AA
Christian Koss,BOS,683766.0,sa3011227,25,9125,147,134,0.0,0.0,0.0,0.11194029800000001,2,0.0,33,6.802721000000001,22.4489795,68.09105161640463,0.282828282,0.2839376342707667,0.0,34.901960784313715,74.67811158798283,19.2607,53.2967032967033,80.06872852233677,34.42622950819672,0.0,0.0,0.0,0.0,0.0,0.0,0.0,0.0,21.818181818181817,33.0,50.0,17.0,0.0,7.793511296711268,1.499513071961701,0.010200769197018374,8.964982960541787,2023,AA
José Sánchez,WSN,672566.0,sa3004382,22,8030,147,129,0.0,0.0,0.0,0.07751938,2,0.0,33,9.5238095,22.4489795,47.838621287578135,0.210526315,0.24423683832769524,0.0,20.062695924764892,81.42857142857143,10.472973,49.122807017543856,68.18181818181817,27.23735408560311,0.0,0.0,0.0,0.0,0.0,0.0,0.0,0.0,19.230769230769237,37.6344086,46.2365591,16.129032199999997,0.0,4.184044117558797,0.1230931282043457,0.0008373682190771816,18.083257394859977,2023,AA
Jaylen Palmer,NYM,681941.0,sa3008297,22,8030,146,126,0.0,0.0,0.0,0.07936508,3,0.0,62,11.6438356,42.4657534,45.1394287955827,0.24590163899999998,0.2393978156455576,0.0,16.01123595505618,64.3979057591623,14.701131,45.73170731707317,63.66666666666667,40.0,0.0,0.0,0.0,0.0,0.0,0.0,0.0,0.0,12.307692307692307,46.6666666,43.3333333,10.0,0.0,6.3071988147671725,0.8735530432313681,0.005983240022132658,13.90112704497198,2023,AA
J.J. D'Orazio,ARI,683490.0,sa3008876,21,7665,145,138,0.0,0.0,0.0,0.079710145,1,0.0,33,2.7586206,22.7586206,19.085923192996393,0.273584905,0.24036509543657306,0.0,30.76923076923077,82.74111675126903,13.627639000000002,52.40847784200386,72.42647058823529,26.642335766423358,0.0,0.0,0.0,0.0,0.0,0.0,0.0,0.0,8.333333333333332,46.6666666,35.23809520000001,18.095238000000002,0.0,2.85119047125,-0.1949637467041612,-0.0013445775634769734,12.231428333404589,2023,AA
Matt Koperniak,STL,689288.0,sa3014834,25,9125,145,128,0.0,0.0,0.0,0.1328125,4,0.0,27,10.3448275,18.6206896,120.89210175137244,0.373737373,0.3801010349701191,0.0,20.543806646525677,88.23529411764706,8.717948999999999,46.44012944983819,71.08013937282229,21.73913043478261,0.0,0.0,0.0,0.0,0.0,0.0,0.0,0.0,16.822429906542055,47.058823499999995,30.392156800000002,22.5490196,0.0,3.791746424916253,-2.324434421956539,-0.016030582220389927,18.280310098785986,2023,AA
Sterlin Thompson,COL,694514.0,sa3019999,22,8030,144,126,0.0,0.0,0.0,0.19047619,7,0.0,32,10.4166666,22.222222199999997,109.70783234449408,0.26436781600000003,0.34629875007602906,0.0,19.29824561403509,82.5910931174089,9.243697000000001,55.32915360501567,69.97167138810198,24.100719424460436,0.0,0.0,0.0,0.0,0.0,0.0,0.0,0.0,11.650485436893206,46.1538461,29.6703296,24.1758241,0.0,3.008326894355477,-0.16106033138930798,-0.001118474523536861,28.14916523044286,2023,AA
Errol Robinson,STL,642021.0,sa857819,28,10220,143,129,0.0,0.0,0.0,0.062015504000000006,2,0.0,40,6.9930069,27.972027899999997,59.6383369012257,0.318181818,0.28229600149434764,0.0,20.817843866171003,85.36585365853658,10.211946000000001,49.43609022556391,62.3574144486692,26.046511627906977,0.0,0.0,0.0,0.0,0.0,0.0,0.0,0.0,8.695652173913043,45.5555555,28.888888800000004,25.5555555,0.0,5.520599683472232,0.5075543918646872,0.003549331411641169,4.028786926141104,2023,AA
Joe Rizzo,MIA,666143.0,sa917934,25,9125,142,127,0.0,0.0,0.0,0.133858268,3,0.0,31,9.1549295,21.8309859,75.63262949927764,0.276595744,0.3021082548384971,0.0,31.578947368421048,86.63967611336031,11.708253,53.16901408450703,81.78807947019867,20.666666666666668,0.0,0.0,0.0,0.0,0.0,0.0,0.0,0.0,25.47169811320755,33.3333333,46.875,19.791666600000003,0.0,3.9591251678526937,-0.04558809660375118,-0.0003210429338292337,12.444291765705175,2023,AA
Andy Pages,LAD,681624.0,sa3005625,22,8030,142,109,0.0,0.0,0.0,0.211009175,3,0.0,32,17.605633800000003,22.5352112,146.26949586423197,0.36363636299999996,0.4127060920000076,0.0,15.100671140939598,83.12236286919831,9.531773,51.8578352180937,73.83177570093456,24.264705882352942,0.0,0.0,0.0,0.0,0.0,0.0,0.0,0.0,37.647058823529406,23.75,47.5,28.75,0.0,6.5763252375851655,-0.3411408360116184,-0.002402400253602946,36.879533734618896,2023,AA
Jonny DeLuca,LAD,676356.0,sa3011644,24,8760,142,122,0.0,0.0,0.0,0.31147541,10,0.0,26,9.8591549,18.3098591,152.58904148599882,0.27906976699999997,0.4227966288445701,0.0,18.28793774319066,86.02620087336244,11.005693,53.44202898550725,77.62711864406779,22.393822393822393,0.0,0.0,0.0,0.0,0.0,0.0,0.0,0.0,27.72277227722773,40.425531899999996,40.425531899999996,19.1489361,0.0,6.726963817087404,1.0571499522775412,0.007444717973785502,28.36193933894733,2023,AA
Jacob Teter,BAL,679628.0,sa3017016,24,8760,141,126,0.0,0.0,0.0,0.047619048,1,0.0,33,9.929078,23.404255300000003,37.2096630360809,0.24731182699999998,0.2443820018294855,0.0,31.25,82.5,10.977702,44.73229706390328,61.77606177606177,26.923076923076927,0.0,0.0,0.0,0.0,0.0,0.0,0.0,0.0,13.829787234042554,45.7446808,36.1702127,18.0851063,0.0,3.0686654276901435,-0.09421355463564396,-0.0006681812385506664,11.533176409823284,2023,AA
Yasel Antuna,WSN,671276.0,sa962601,23,8395,141,112,0.0,0.0,0.0,0.08035714299999999,2,0.0,37,17.730496399999996,26.241134700000003,59.682781989279746,0.184210526,0.2624184696386892,0.0,19.491525423728813,80.76923076923076,12.820513,46.036585365853654,68.87417218543047,31.451612903225808,0.0,0.0,0.0,0.0,0.0,0.0,0.0,0.0,20.6896551724138,43.4210526,42.1052631,14.4736842,0.0,2.7758545044878757,-0.5846404144540429,-0.004146385918113779,15.588429825420473,2023,AA
Blake Rutherford,WSN,666164.0,sa917932,26,9490,141,129,0.0,0.0,0.0,0.271317829,7,0.0,25,6.382978700000001,17.730496399999996,173.67069715717238,0.37755102,0.4373980481573876,0.0,22.433460076045627,85.84905660377359,11.6,48.43137254901961,85.82995951417004,24.719101123595504,0.0,0.0,0.0,0.0,0.0,0.0,0.0,0.0,22.222222222222218,45.1923076,26.9230769,27.8846153,0.0,4.787472309037068,-0.3351003145799041,-0.002376597975744001,14.053686439171512,2023,AA
Cayden Wallace,KCR,691024.0,sa3019996,21,7665,140,127,0.0,0.0,0.0,0.125984252,3,0.0,23,8.5714285,16.4285714,73.08318333530283,0.264705882,0.3024312670741762,0.0,27.58620689655172,85.53459119496857,10.085837,44.349680170575695,76.44230769230771,21.39737991266375,0.0,0.0,0.0,0.0,0.0,0.0,0.0,0.0,17.75700934579439,36.0824742,43.298969,20.6185567,0.0,6.258734544078051,0.3525460227392614,0.00251818587670901,25.30875497266622,2023,AA
Zac Cook,TOR,674330.0,sa3015090,25,9125,140,118,0.0,0.0,0.0,0.152542373,5,0.0,53,5.7142857000000005,37.8571428,77.74617070360084,0.278688524,0.29516972677551045,0.0,17.928286852589647,64.73029045643153,18.621974,56.94682675814752,72.59036144578313,40.384615384615394,0.0,0.0,0.0,0.0,0.0,0.0,0.0,0.0,29.48717948717949,33.3333333,43.9393939,22.727272699999997,0.0,7.076911091876867,1.0908597260713575,0.0077918551862239845,8.875940616090102,2023,AA
Agustín Ramírez,NYY,682663.0,sa3009276,21,7665,139,128,0.0,0.0,0.0,0.1015625,2,0.0,27,7.194244599999998,19.4244604,66.02127700046199,0.252525252,0.27128545071581284,0.0,16.666666666666664,77.39130434782608,14.174757000000001,57.97665369649806,77.18120805369128,28.947368421052637,0.0,0.0,0.0,0.0,0.0,0.0,0.0,0.0,16.831683168316832,45.3608247,40.2061855,14.4329896,0.0,5.220071496203844,0.3490531509742141,0.0025111737480159285,19.41068187951205,2023,AA
Andrew Moritz,ATL,680938.0,sa3007054,26,9490,139,122,0.0,0.0,0.0,0.081967213,1,0.0,31,10.0719424,22.3021582,78.48310512955288,0.285714285,0.2908198297452584,0.0,24.26229508196721,89.87341772151899,5.576208,45.632798573975045,61.71875,16.363636363636363,0.0,0.0,0.0,0.0,0.0,0.0,0.0,0.0,11.0,49.4505494,25.2747252,25.2747252,0.0,5.796206174956065,-0.6260713506489992,-0.004504110436323735,10.253974733369029,2023,AA
Michael Guldberg,ATH,680671.0,sa3014822,24,8760,138,127,0.0,0.0,0.0,0.102362205,2,0.0,31,5.7971014,22.463768100000003,55.50751556000213,0.276595744,0.27367837814723744,0.0,26.548672566371685,75.7847533632287,17.004049,55.68627450980392,78.52112676056338,33.45724907063197,0.0,0.0,0.0,0.0,0.0,0.0,0.0,0.0,10.891089108910892,43.6170212,42.553191399999996,13.829787199999998,0.0,6.987370077346144,0.3825404453091323,0.0027720322123850174,10.981552814062786,2023,AA
Ramón Rodríguez,BAL,670232.0,sa918698,24,8760,137,114,0.0,0.0,0.0,0.122807018,3,0.0,14,13.8686131,10.218978100000001,79.43147602708946,0.22,0.30919549570364113,0.0,22.40663900414938,88.18181818181819,10.119048,52.465483234714014,82.70676691729321,20.740740740740737,0.0,0.0,0.0,0.0,0.0,0.0,0.0,0.0,3.7735849056603774,42.57425739999999,32.6732673,24.7524752,0.0,2.0825457683436057,-0.543753657490015,-0.00396900479919719,19.744942284404047,2023,AA
Nick Quintana,CIN,666161.0,sa3010390,25,9125,137,111,0.0,0.0,0.0,0.10810810800000001,2,0.0,36,13.8686131,26.277372200000002,48.924864045978964,0.175675675,0.26933782683671825,0.0,25.88555858310627,78.8732394366197,8.641975,38.73121869782972,61.206896551724135,24.663677130044842,0.0,0.0,0.0,0.0,0.0,0.0,0.0,0.0,25.609756097560968,36.1111111,48.6111111,15.2777777,0.0,2.44754464,-0.2535102963447571,-0.0018504401193047961,11.073705398304053,2023,AA
Tim Elko,CHW,671284.0,sa3020188,24,8760,137,130,0.0,0.0,0.0,0.161538461,6,0.0,49,2.189781,35.76642329999999,88.09656325555534,0.376623376,0.3193752652537213,0.0,40.26845637583892,74.23312883435584,17.382813,44.09005628517824,69.36170212765957,34.55882352941176,0.0,0.0,0.0,0.0,0.0,0.0,0.0,0.0,6.896551724137932,50.632911299999996,29.113924,20.2531645,0.0,1.66629464,-0.24558809958398345,-0.001792613865576521,8.384678655559535,2023,AA
Eric Wagaman,NYY,676572.0,sa3002875,25,9125,136,122,0.0,0.0,0.0,0.18032786899999997,5,0.0,27,8.823529400000002,19.852941100000002,146.17673973352342,0.37362637299999996,0.3943298020783593,0.0,17.28395061728395,79.20792079207921,10.978044,53.17919075144509,73.18840579710145,26.29310344827586,0.0,0.0,0.0,0.0,0.0,0.0,0.0,0.0,16.49484536082474,33.3333333,45.8333333,20.8333333,0.0,5.589898612503468,0.9571661725640296,0.007037986562970807,19.556861093074588,2023,AA
Abrahan Gutierrez,PIT,670868.0,sa3004263,23,8395,135,115,0.0,0.0,0.0,0.12173913,3,0.0,16,11.8518518,11.8518518,91.1147509200169,0.237113402,0.3189762583485356,0.0,10.869565217391305,89.47368421052632,6.6413660000000005,56.84803001876173,75.24752475247523,16.867469879518072,0.0,0.0,0.0,0.0,0.0,0.0,0.0,0.0,16.666666666666664,38.3838383,44.444444399999995,17.1717171,0.0,1.8659072817196936,-0.5524069974198937,-0.004091903684591804,25.787666949131584,2023,AA
Julian Escobedo,CLE,686659.0,sa3010030,25,9125,135,118,0.0,0.0,0.0,0.161016949,3,0.0,36,8.8888888,26.666666600000003,96.97625121552431,0.29113924,0.31925578704520835,0.0,16.80672268907563,78.42323651452283,13.248639,58.39160839160839,72.15568862275448,28.676470588235286,0.0,0.0,0.0,0.0,0.0,0.0,0.0,0.0,34.09090909090909,32.5,56.25,11.25,0.0,6.014093501179517,0.5168197369202971,0.003828294347557757,14.091991223783033,2023,AA
Milan Tolentino,CLE,675455.0,sa3014544,21,7665,134,116,0.0,0.0,0.0,0.034482759,0,0.0,36,11.194029800000001,26.8656716,63.615690153944165,0.296296296,0.2680449467986377,0.0,21.238938053097343,82.98969072164951,10.436433,56.78776290630974,65.31986531986533,24.793388429752067,0.0,0.0,0.0,0.0,0.0,0.0,0.0,0.0,12.345679012345679,48.1481481,33.3333333,18.5185185,0.0,4.3790729195796505,0.07982642855495213,0.0005957196160817324,19.738594430324554,2023,AA
Dylan Rock,TOR,676423.0,sa3020085,24,8760,134,117,0.0,0.0,0.0,0.16239316199999998,5,0.0,44,9.7014925,32.8358208,84.67856191947388,0.275362318,0.3058114416563689,0.0,12.676056338028168,73.79032258064517,12.653779000000002,56.838905775075986,66.31016042780749,31.72690763052209,0.0,0.0,0.0,0.0,0.0,0.0,0.0,0.0,13.580246913580249,34.722222200000004,50.0,15.2777777,0.0,6.028491920458274,0.699513060040772,0.005220246716722179,16.024665456842403,2023,AA
Luis Matos,SFG,682641.0,sa3008756,21,7665,133,115,0.0,0.0,0.0,0.139130434,3,0.0,12,12.7819548,9.022556300000002,137.8326569839393,0.32,0.38557830789035424,0.0,21.15384615384616,89.20454545454545,5.991736,49.11937377690803,70.11952191235059,15.52511415525114,0.0,0.0,0.0,0.0,0.0,0.0,0.0,0.0,16.037735849056602,39.2156862,35.29411760000001,25.490196,0.0,4.5961501663056294,-0.30102728214114904,-0.002263363023617662,37.292072482225954,2023,AA
Micael Ramirez,CLE,676017.0,sa3004883,24,8760,132,114,0.0,0.0,0.0,0.035087718999999996,0,0.0,20,11.363636300000001,15.151515099999997,52.6697306320382,0.22105263100000003,0.2512421183513873,0.0,18.51851851851852,91.30434782608695,7.535641999999998,51.49700598802395,71.31782945736434,17.777777777777782,0.0,0.0,0.0,0.0,0.0,0.0,0.0,0.0,14.285714285714285,42.553191399999996,39.3617021,18.0851063,0.0,2.1220238025,-0.2942135576158762,-0.002228890587999062,16.909384839273656,2023,AA
Elih Marrero,BOS,663503.0,sa3007822,26,9490,131,108,0.0,0.0,0.0,0.10185185199999999,1,0.0,33,16.793893100000002,25.1908396,119.19069837444334,0.37837837799999996,0.3623792360757143,0.0,17.793594306049823,82.29166666666666,10.836502,48.1549815498155,73.5632183908046,27.426160337552737,0.0,0.0,0.0,0.0,0.0,0.0,0.0,0.0,12.987012987012985,43.0555555,33.3333333,23.6111111,0.0,4.252568121978721,-1.7977275541052222,-0.013723111100039865,12.425325722603304,2023,AA
Javier Vaz,KCR,805834.0,sa3019906,22,8030,130,112,0.0,0.0,0.0,0.125,2,0.0,18,11.5384615,13.8461538,119.97335116999331,0.34782608600000003,0.37730167619884014,0.0,23.157894736842106,92.80575539568345,4.713114999999998,41.358024691358025,69.15422885572139,14.285714285714285,0.0,0.0,0.0,0.0,0.0,0.0,0.0,0.0,20.833333333333336,41.9354838,44.0860215,13.9784946,0.0,6.434652741194059,0.012158303521573544,9.352541170441188e-05,34.563593353976,2023,AA
Dru Baker,TBR,681333.0,sa3017331,23,8395,127,115,0.0,0.0,0.0,0.130434783,1,0.0,28,5.511811,22.047244,104.77819577007021,0.367816091,0.3471802017820163,0.0,24.63054187192118,85.34031413612566,13.574661,55.6768558951965,74.90196078431373,27.038626609442066,0.0,0.0,0.0,0.0,0.0,0.0,0.0,0.0,9.89010989010989,44.8275862,36.7816091,18.3908045,0.0,9.368150220168772,0.9976952634751796,0.007855868216339998,22.620410873225197,2023,AA
Livan Soto,LAA,670869.0,sa3004264,23,8395,127,107,0.0,0.0,0.0,0.065420561,1,0.0,34,14.9606299,26.771653499999996,75.95893833669606,0.291666666,0.29703847019691165,0.0,23.052959501557627,91.55844155844156,9.652510000000001,42.26618705035971,65.53191489361701,27.66990291262136,0.0,0.0,0.0,0.0,0.0,0.0,0.0,0.0,23.17073170731708,43.8356164,32.8767123,23.2876712,0.0,3.22105718673522,-0.5595963168889284,-0.004406270211723845,18.512817267901077,2023,AA
Braxton Fulford,COL,690924.0,sa3017164,24,8760,125,105,0.0,0.0,0.0,0.161904761,3,0.0,36,12.0,28.8,97.93726681485641,0.298507462,0.3282300926023914,0.0,14.009661835748794,74.07407407407408,15.447154000000001,58.35010060362173,74.48275862068967,32.510288065843625,0.0,0.0,0.0,0.0,0.0,0.0,0.0,0.0,35.61643835616439,26.8656716,47.761194,25.3731343,0.0,3.2951157051950624,-0.2918336149305105,-0.002334668919444084,16.103165737777545,2023,AA
Ernesto Martinez Jr.,MIL,667803.0,sa3003173,24,8760,125,106,0.0,0.0,0.0,0.103773585,2,0.0,22,13.6,17.599999999999994,94.0297341903975,0.292682926,0.3337948288648359,0.0,32.12996389891697,81.98757763975155,11.155378,44.265593561368206,73.18181818181819,23.90438247011952,0.0,0.0,0.0,0.0,0.0,0.0,0.0,0.0,21.428571428571427,45.6790123,32.0987654,22.222222199999997,0.0,3.7990298151336734,-0.6260713506489992,-0.005008570805191993,18.77217528957256,2023,AA
Alexander Ovalles,TBR,678900.0,sa3005781,22,8030,124,105,0.0,0.0,0.0,0.066666666,1,0.0,39,14.516129000000001,31.4516129,66.72173606400361,0.307692307,0.2865983252602864,0.0,22.0447284345048,87.13450292397661,11.111111,47.746243739565934,59.790209790209786,29.54545454545455,0.0,0.0,0.0,0.0,0.0,0.0,0.0,0.0,20.54794520547945,48.4848484,39.3939393,12.1212121,0.0,7.2050682360707485,0.5227231252938509,0.0042155090749504106,20.899682227210782,2023,AA
Jacob Berry,MIA,694351.0,sa3019825,22,8030,123,113,0.0,0.0,0.0,0.19469026600000003,5,0.0,26,7.3170731,21.1382113,92.63484332819874,0.277108433,0.32917398892767064,0.0,25.384615384615387,77.00534759358288,11.434511,47.47474747474747,79.57446808510639,24.39024390243902,0.0,0.0,0.0,0.0,0.0,0.0,0.0,0.0,23.07692307692308,42.3529411,40.0,17.647058800000003,0.0,7.929034396083259,0.7940228991210461,0.00645547072456135,25.42598133704039,2023,AA
Jorge Ona,SDP,671250.0,sa974072,26,9490,123,110,0.0,0.0,0.0,0.172727272,3,0.0,41,7.3170731,33.3333333,91.042317103092,0.318181818,0.3149883674412239,0.0,19.11111111111111,66.82464454976304,19.381443,55.53359683794466,75.08896797153025,39.50617283950617,0.0,0.0,0.0,0.0,0.0,0.0,0.0,0.0,21.621621621621625,40.909090899999995,42.4242424,16.6666666,0.0,4.394122867814605,0.2200334705412388,0.0017888900044003156,6.949665388695585,2023,AA
Michael Turconi,TOR,681580.0,sa3020195,24,8760,121,102,0.0,0.0,0.0,0.147058823,3,0.0,27,14.876032999999998,22.3140495,79.2290523470062,0.208333333,0.2974460558457808,0.0,16.34980988593156,75.63451776649747,11.787072,51.2962962962963,71.11913357400722,29.56521739130435,0.0,0.0,0.0,0.0,0.0,0.0,0.0,0.0,12.658227848101266,47.9452054,32.8767123,19.1780821,0.0,5.9806198862549245,0.14905314799398184,0.0012318441982973707,19.155129362783207,2023,AA
Luis Yanel Diaz,LAD,672504.0,sa3002846,23,8395,120,107,0.0,0.0,0.0,0.093457944,3,0.0,37,9.1666666,30.8333333,48.9078090737533,0.23880597,0.2572468633453051,0.0,26.23574144486692,72.09302325581395,16.63286,46.544715447154466,75.10917030567686,36.25,0.0,0.0,0.0,0.0,0.0,0.0,0.0,0.0,10.0,60.0,24.2857142,15.7142857,0.0,5.181525237519454,0.044238517060875886,0.00036865430884063243,10.075934586741102,2023,AA
Scott McKeon,CHC,685096.0,sa3014826,25,9125,119,105,0.0,0.0,0.0,0.16190476199999998,2,0.0,53,9.2436974,44.5378151,51.75402564399321,0.31372549,0.2636863517965007,0.0,32.0,69.35483870967742,21.428571,47.01348747591522,76.22950819672131,44.93927125506073,0.0,0.0,0.0,0.0,0.0,0.0,0.0,0.0,23.33333333333333,43.3962264,32.0754716,24.5283018,0.0,8.947429207488408,0.6574004702270031,0.005524373699386582,7.079282469630464,2023,AA
Scott Schreiber,HOU,676073.0,sa3007637,27,9855,119,106,0.0,0.0,0.0,0.14150943400000002,3,0.0,33,8.403361299999998,27.7310924,109.38292007040056,0.38028169,0.3536201630319868,0.0,31.967213114754106,76.5432098765432,18.161435,46.95652173913044,75.0,36.75213675213676,0.0,0.0,0.0,0.0,0.0,0.0,0.0,0.0,14.285714285714285,40.2777777,33.3333333,26.388888800000004,0.0,3.764540214485418,0.3525460227392614,0.002962571619657659,5.678394544286733,2023,AA
Joe Suozzi,NYM,679545.0,sa3015106,25,9125,119,101,0.0,0.0,0.0,0.138613861,3,0.0,39,11.7647058,32.7731092,111.74617925450329,0.36666666600000003,0.3416439274779889,0.0,30.76923076923077,74.44444444444444,14.367816,39.69072164948454,77.92207792207795,32.432432432432435,0.0,0.0,0.0,0.0,0.0,0.0,0.0,0.0,4.3478260869565215,55.555555500000004,25.3968253,19.047619,0.0,4.0104105656720135,-0.5351003175601363,-0.004496641324034759,11.265937001746465,2023,AA
Max Wagner,BAL,694484.0,sa3020415,21,7665,119,111,0.0,0.0,0.0,0.162162162,3,0.0,34,5.8823529,28.571428499999996,87.72693127563457,0.33783783700000003,0.3219296110778296,0.0,24.68619246861925,73.64864864864866,13.215859,47.3568281938326,68.83720930232559,30.434782608695656,0.0,0.0,0.0,0.0,0.0,0.0,0.0,0.0,15.584415584415586,43.4210526,38.15789470000001,18.421052600000003,0.0,5.0487096568058085,-0.4485669182613492,-0.003769469901355876,17.76676630397855,2023,AA
Frainyer Chavez,TEX,669413.0,sa3007019,24,8760,118,105,0.0,0.0,0.0,0.123809524,3,0.0,24,8.4745762,20.338983,71.08984407887705,0.265822784,0.2995327991298121,0.0,30.59701492537313,81.20805369127517,10.0,41.48471615720524,78.42105263157895,22.46696035242291,0.0,0.0,0.0,0.0,0.0,0.0,0.0,0.0,19.27710843373494,37.5,41.25,21.25,0.0,1.876837873691608,-0.6828612294048071,-0.005786959571227179,14.07913146717942,2023,AA
Aaron Whitefield,LAA,664334.0,sa886360,26,9490,118,105,0.0,0.0,0.0,0.133333333,3,0.0,47,10.1694915,39.8305084,66.21803414755738,0.30909090899999997,0.28153197644120553,0.0,35.504885993485345,70.28985507246377,19.153226,40.3883495145631,66.34615384615384,43.829787234042556,0.0,0.0,0.0,0.0,0.0,0.0,0.0,0.0,11.864406779661017,46.29629620000001,31.4814814,22.222222199999997,0.0,6.555072058010008,1.2689950373023748,0.010754195231376058,5.374383496534051,2023,AA
Aaron Antonini,STL,689577.0,sa3010906,24,8760,117,102,0.0,0.0,0.0,0.196078432,5,0.0,33,6.8376068,28.2051282,104.16211116347971,0.323076923,0.3533879456848934,0.0,30.165289256198346,86.33540372670807,13.073394,44.74885844748857,82.14285714285714,26.29310344827586,0.0,0.0,0.0,0.0,0.0,0.0,0.0,0.0,20.54794520547945,41.428571399999996,35.714285700000005,22.857142800000002,0.0,2.8918479617827604,-0.29035982908681035,-0.002481707940912909,16.08088863102568,2023,AA
Silas Ardoin,BAL,686976.0,sa3019976,22,8030,117,105,0.0,0.0,0.0,0.123809524,3,0.0,35,9.4017094,29.9145299,107.52162612473984,0.402985074,0.35231587927565616,0.0,22.040816326530614,78.29457364341084,11.013216,45.91611479028698,62.019230769230774,28.961748633879782,0.0,0.0,0.0,0.0,0.0,0.0,0.0,0.0,14.285714285714285,32.8571428,40.0,27.1428571,0.0,4.220366952751059,0.09713310841470957,0.0008301975078180304,22.635609119983965,2023,AA
Willie Joe Garry Jr.,MIN,681831.0,sa3007065,23,8395,116,106,0.0,0.0,0.0,0.235849057,4,0.0,37,6.034482700000001,31.8965517,100.62072363439793,0.36363636299999996,0.3505338582030514,0.0,31.439393939393934,78.28947368421053,12.681913,44.42105263157895,72.03791469194312,28.01724137931034,0.0,0.0,0.0,0.0,0.0,0.0,0.0,0.0,21.12676056338028,44.117647,29.4117647,26.470588199999998,0.0,8.610154281236294,1.177127642557025,0.010147652091008836,20.57284147142021,2023,AA
Kevin Vicuña,ARI,660631.0,sa872466,25,9125,115,98,0.0,0.0,0.0,0.163265306,4,0.0,19,9.5652173,16.521739099999998,88.4648857700691,0.28,0.3511437842888491,0.0,24.2152466367713,80.4878048780488,13.065326999999998,47.529411764705884,81.1881188118812,26.0,0.0,0.0,0.0,0.0,0.0,0.0,0.0,0.0,11.904761904761903,42.1052631,36.842105200000006,21.0526315,0.0,4.34261337847068,-0.032456771936267614,-0.00028223279944580534,15.337751874663107,2023,AA
Domingo Leyba,PIT,642736.0,sa736654,27,9855,114,102,0.0,0.0,0.0,0.147058824,3,0.0,12,10.5263157,10.5263157,149.18507593492728,0.367816091,0.40811834837260996,0.0,15.23809523809524,85.02415458937196,9.725159,56.70103092783504,75.27272727272727,20.689655172413797,0.0,0.0,0.0,0.0,0.0,0.0,0.0,0.0,23.91304347826087,36.6666666,44.444444399999995,18.8888888,0.0,2.6018700130562444,-0.1288269143551588,-0.0011300606522382352,10.713364546851057,2023,AA
Brandon Lockridge,NYY,663604.0,sa3006856,26,9490,114,96,0.0,0.0,0.0,0.19791666600000002,2,0.0,22,12.2807017,19.2982456,149.236975661026,0.373333333,0.3990274824594197,0.0,14.356435643564355,77.29468599033817,14.617169,56.08695652173913,80.23255813953489,31.36363636363637,0.0,0.0,0.0,0.0,0.0,0.0,0.0,0.0,8.433734939759036,38.9610389,28.571428499999996,32.4675324,0.0,8.481914478003565,2.2499729869887237,0.019736605149023888,15.053032581449044,2023,AA
Patrick Frick,SEA,687518.0,sa3009891,26,9490,114,102,0.0,0.0,0.0,0.05882353,0,0.0,22,4.3859649,19.2982456,88.69243366314957,0.33734939700000005,0.30572001975879337,0.0,27.23404255319149,85.62091503267973,8.0,50.526315789473685,63.74999999999999,18.536585365853654,0.0,0.0,0.0,0.0,0.0,0.0,0.0,0.0,11.764705882352938,46.9879518,37.3493975,15.6626506,0.0,4.37405271387056,-0.3053570403717458,-0.002678570529576718,9.139929522258669,2023,AA
Austin Callahan,CIN,702472.0,sa3017407,22,8030,114,112,0.0,0.0,0.0,0.053571428,1,0.0,38,1.7543859,33.3333333,6.920298631402968,0.273972602,0.2024709817610289,0.0,43.18181818181818,75.40983606557377,19.138756,37.882352941176464,75.77639751552796,35.77586206896552,0.0,0.0,0.0,0.0,0.0,0.0,0.0,0.0,22.07792207792208,47.9452054,34.2465753,17.808219100000002,0.0,4.1202587930028525,0.049478264525532716,0.00043401986425905897,5.450481357640919,2023,AA
Tim Susnara,BAL,657023.0,sa829699,27,9855,113,96,0.0,0.0,0.0,0.1875,4,0.0,33,9.7345132,29.203539799999998,91.10056469560577,0.266666666,0.3271083789589131,0.0,18.77729257641921,76.25,13.815789,49.55947136563877,71.1111111111111,33.99014778325123,0.0,0.0,0.0,0.0,0.0,0.0,0.0,0.0,29.6875,40.625,43.75,15.625,0.0,1.60119047125,-0.2249868381768465,-0.0019910339661667834,5.910165750175986,2023,AA
Dylan Shockley,PIT,686758.0,sa1170874,26,9490,113,96,0.0,0.0,0.0,0.0,0,0.0,37,12.3893805,32.7433628,39.631847012472974,0.27118644,0.2399463294881635,0.0,11.111111111111109,73.4375,14.87965,59.1792656587473,70.07299270072993,35.23809523809524,0.0,0.0,0.0,0.0,0.0,0.0,0.0,0.0,5.084745762711865,45.45454539999999,38.1818181,16.3636363,0.0,2.01785714,-0.2855602176859975,-0.0025270815724424554,5.3048319335184,2023,AA
Mariano Ricciardi,LAA,688495.0,sa3017399,25,9125,110,95,0.0,0.0,0.0,0.021052631000000002,0,0.0,21,11.818181800000001,19.090909,25.949276986603433,0.175675675,0.21742835532535207,0.0,24.88262910798122,87.11656441717791,11.576355,48.674698795180724,80.69306930693071,24.880382775119614,0.0,0.0,0.0,0.0,0.0,0.0,0.0,0.0,5.194805194805196,48.5294117,26.470588199999998,25.0,0.0,2.64285714,-0.20597711578011516,-0.0018725192343646828,10.395485671873015,2023,AA
Casey Opitz,CHC,676053.0,sa3017509,24,8760,110,91,0.0,0.0,0.0,0.14285714300000002,4,0.0,41,15.4545454,37.272727200000006,89.6990269831558,0.319148936,0.3240907983346419,0.0,21.639344262295083,77.05882352941177,12.770563000000001,43.726937269372705,71.72995780590719,31.0,0.0,0.0,0.0,0.0,0.0,0.0,0.0,0.0,19.354838709677423,41.1764705,35.29411760000001,23.5294117,0.0,4.118517496261583,0.1464897096157074,0.0013317246328700672,16.171057872640375,2023,AA
Robbie Glendinning,KCR,674671.0,sa3004978,27,9855,110,91,0.0,0.0,0.0,0.12087912099999999,2,0.0,28,16.3636363,25.4545454,102.23052365071486,0.327868852,0.34897137121720745,0.0,17.562724014336915,73.0392156862745,14.285714,51.05263157894736,70.10309278350515,30.0,0.0,0.0,0.0,0.0,0.0,0.0,0.0,0.0,12.0,54.09836059999999,21.3114754,24.5901639,0.0,2.645389670837592,-0.7353514689020813,-0.006685013353655284,7.309441164835738,2023,AA
Gilbert Lara,BAL,658677.0,sa877337,25,9125,110,104,0.0,0.0,0.0,0.086538461,2,0.0,25,5.454545400000001,22.727272699999997,32.775677608882944,0.23376623300000002,0.2375755180012096,0.0,37.68844221105528,77.03703703703705,18.085106,46.791443850267385,77.14285714285717,34.44976076555024,0.0,0.0,0.0,0.0,0.0,0.0,0.0,0.0,16.455696202531644,38.9610389,36.363636299999996,24.6753246,0.0,2.6604895380909666,-0.4139535585418344,-0.0037632141685621295,4.943098374233565,2023,AA
Brandon Valenzuela,SDP,678218.0,sa3005729,22,8030,108,94,0.0,0.0,0.0,0.074468085,1,0.0,29,12.037037,26.8518518,59.93956790149081,0.25,0.2653260253093861,0.0,22.110552763819094,75.0,16.07565,52.843601895734594,77.13004484304932,33.33333333333333,0.0,0.0,0.0,0.0,0.0,0.0,0.0,0.0,30.76923076923077,29.032258000000002,48.3870967,22.5806451,0.0,4.220513234774603,0.2050362592563033,0.0018984838820028085,14.825309292783293,2023,AA
Brantley Bell,SDP,664009.0,sa875352,28,10220,108,99,0.0,0.0,0.0,0.12121212099999999,1,0.0,36,6.481481400000001,33.3333333,76.56600932118793,0.34920634899999997,0.2918737756985205,0.0,12.258064516129034,73.0,14.553991,65.55555555555556,67.79661016949152,32.84313725490196,0.0,0.0,0.0,0.0,0.0,0.0,0.0,0.0,20.28985507246377,33.8709677,35.4838709,30.6451612,0.0,5.544128515423751,-0.3761715148575604,-0.003483069582014448,3.3567052835909106,2023,AA
Israel Pineda,WSN,672832.0,sa3004385,23,8395,107,98,0.0,0.0,0.0,0.06122449,1,0.0,34,6.5420560000000005,31.7757009,21.90769472981481,0.21875,0.20443101686852,0.0,21.468926553672315,75.5813953488372,17.766497,54.8469387755102,80.0,35.714285714285715,0.0,0.0,0.0,0.0,0.0,0.0,0.0,0.0,21.538461538461537,43.75,39.0625,17.1875,0.0,1.0059523775,-0.16441345866769552,-0.0015365743800719207,6.456569208611356,2023,AA
Joe Perez,PIT,669309.0,sa3006868,23,8395,107,85,0.0,0.0,0.0,0.282352941,7,0.0,24,18.6915887,22.4299065,198.80995801111118,0.40740740700000005,0.4842960812221064,0.0,13.942307692307693,79.33333333333333,10.454545,52.61958997722096,64.93506493506493,28.33333333333333,0.0,0.0,0.0,0.0,0.0,0.0,0.0,0.0,31.147540983606557,24.5901639,54.09836059999999,21.3114754,0.0,2.985963765632956,-0.3870203541591764,-0.003617012655693237,31.387345799809946,2023,AA
Tucker Bradley,KCR,674646.0,sa3014937,25,9125,107,93,0.0,0.0,0.0,0.17204301100000002,3,0.0,24,9.345794300000001,22.4299065,111.96329412593442,0.35714285700000004,0.3645118681069847,0.0,33.203125,84.25196850393702,9.839817,42.081447963800905,68.27956989247312,23.414634146341466,0.0,0.0,0.0,0.0,0.0,0.0,0.0,0.0,20.27027027027027,39.7260273,43.8356164,16.4383561,0.0,4.808980221082317,-0.01745956065133214,-0.0001631734640311415,16.511113609960976,2023,AA
Jacob Pearson,ATL,669245.0,sa3004722,25,9125,102,92,0.0,0.0,0.0,0.130434782,2,0.0,37,9.8039215,36.2745098,47.395742178322976,0.22641509399999998,0.2413320214140649,0.0,29.343629343629345,66.16541353383458,18.013857,42.3162583518931,70.0,41.5,0.0,0.0,0.0,0.0,0.0,0.0,0.0,0.0,20.6896551724138,52.72727270000001,29.090909,18.1818181,0.0,7.226119208628081,0.4574004672467709,0.00448431830634089,6.933652467022573,2023,AA
Arden Pabst,ATL,641938.0,sa858812,28,10220,101,85,0.0,0.0,0.0,0.117647059,3,0.0,35,12.8712871,34.6534653,51.07895782500425,0.166666666,0.24719531288241395,0.0,23.722627737226283,82.78688524590164,12.585812,42.19409282700422,61.0,34.85714285714286,0.0,0.0,0.0,0.0,0.0,0.0,0.0,0.0,24.13793103448276,25.0,43.75,31.25,0.0,1.0664528437499248,-0.6407633684575558,-0.006344191766906493,2.8561926921233187,2023,AA
Dariel Gomez,NYM,649810.0,sa872729,26,9490,101,85,0.0,0.0,0.0,0.10588235300000001,1,0.0,38,15.841584099999999,37.623762299999996,92.479211327311,0.36956521700000006,0.3120677577386988,0.0,16.097560975609756,60.55555555555554,20.75,54.54545454545454,73.17073170731706,45.0261780104712,0.0,0.0,0.0,0.0,0.0,0.0,0.0,0.0,24.0,41.304347799999995,39.1304347,19.5652173,0.0,0.6542207712499999,-0.2336401781067252,-0.002313269090165596,6.807511755514468,2023,AA
Dalton Shuffield,MIN,684922.0,sa3020270,24,8760,101,87,0.0,0.0,0.0,0.16091954,4,0.0,28,12.8712871,27.7227722,92.44439821831487,0.30357142800000003,0.3374785662877678,0.0,17.46724890829694,69.17808219178083,14.128035,49.111111111111114,66.0633484162896,35.29411764705883,0.0,0.0,0.0,0.0,0.0,0.0,0.0,0.0,8.333333333333332,44.0677966,32.2033898,23.7288135,0.0,4.596019290607604,0.5171387884765863,0.005120186024520657,17.545873603612687,2023,AA
Carter Bins,PIT,670190.0,sa1115884,24,8760,101,90,0.0,0.0,0.0,0.144444444,3,0.0,31,7.920792,30.6930693,80.82294108453523,0.298245614,0.3031775963188398,0.0,12.865497076023393,74.15730337078651,15.441176,59.47867298578199,70.91633466135458,33.846153846153854,0.0,0.0,0.0,0.0,0.0,0.0,0.0,0.0,22.222222222222218,36.2068965,43.1034482,20.6896551,0.0,3.0947598623639863,-0.4312602384015918,-0.00426990335051081,11.754886662734716,2023,AA
Tyler Callihan,CIN,682997.0,sa1169610,23,8395,101,87,0.0,0.0,0.0,0.149425287,1,0.0,20,12.8712871,19.8019801,124.10035294991144,0.38805970100000003,0.3890092892221885,0.0,25.96899224806201,89.7196261682243,6.9135800000000005,36.13861386138614,73.28767123287672,18.6046511627907,0.0,0.0,0.0,0.0,0.0,0.0,0.0,0.0,22.058823529411764,42.4242424,30.303030300000003,27.2727272,0.0,4.106324330853262,0.10378126613795756,0.0010275372884946297,29.859141629484693,2023,AA
Armani Smith,MIN,669702.0,sa918911,24,8760,101,89,0.0,0.0,0.0,0.08988764,2,0.0,31,9.90099,30.6930693,52.93235955801093,0.28070175399999997,0.2743889541909246,0.0,23.529411764705877,79.83870967741935,14.180929,47.63033175355449,61.691542288557216,32.75862068965517,0.0,0.0,0.0,0.0,0.0,0.0,0.0,0.0,11.666666666666664,50.8771929,33.3333333,15.7894736,0.0,3.5583743011541245,-0.2603654065169394,-0.0025778753120489052,9.80510941464281,2023,AA
Mike Jarvis,PIT,690448.0,sa3017401,25,9125,100,94,0.0,0.0,0.0,0.031914893,1,0.0,16,5.0,16.0,47.659466675906636,0.27272727199999997,0.25226929813924465,0.0,23.40425531914893,79.59183673469387,12.711864,60.169491525423716,69.01408450704226,24.581005586592173,0.0,0.0,0.0,0.0,0.0,0.0,0.0,0.0,20.51282051282051,28.571428499999996,49.35064929999999,22.077922,0.0,6.361474521531641,1.975013194605708,0.01975013194605708,11.016285568704367,2023,AA
Nathan Martorella,SDP,687210.0,sa3019978,22,8030,99,89,0.0,0.0,0.0,0.146067415,3,0.0,14,9.090909,14.1414141,93.19950054101231,0.25,0.3184327826355443,0.0,16.842105263157894,82.70676691729321,8.222812,49.602122015915114,71.12299465240642,20.0,0.0,0.0,0.0,0.0,0.0,0.0,0.0,0.0,18.666666666666668,50.0,25.6756756,24.3243243,0.0,1.60119047125,-0.1799665354192257,-0.001817843792113391,26.121174808316844,2023,AA
Marcus Lee Sang,PHI,686984.0,sa3011445,22,8030,99,87,0.0,0.0,0.0,0.172413793,3,0.0,33,11.111111099999999,33.3333333,77.48701859413079,0.274509803,0.3033552964528401,0.0,27.19665271966527,80.50314465408806,15.594059,47.12389380530973,74.64788732394365,33.5,0.0,0.0,0.0,0.0,0.0,0.0,0.0,0.0,22.41379310344828,38.8888888,29.629629600000005,31.4814814,0.0,3.2965485462255733,-0.2053002156317234,-0.00207373955183559,15.387497307030534,2023,AA
Drew Millas,WSN,686452.0,sa3014475,25,9125,99,82,0.0,0.0,0.0,0.19512195100000002,4,0.0,16,16.1616161,16.1616161,179.33427528376203,0.387096774,0.4460920444642655,0.0,16.822429906542055,88.0503144654088,10.594315,48.433734939759034,79.1044776119403,24.30939226519337,0.0,0.0,0.0,0.0,0.0,0.0,0.0,0.0,15.492957746478872,41.5384615,35.3846153,23.076923,0.0,2.97088936035977,-0.3524069944396615,-0.0035596666105016314,21.867801191600947,2023,AA
Cristopher Navarro,COL,665888.0,sa917065,24,8760,98,87,0.0,0.0,0.0,0.068965517,0,0.0,24,8.163265299999999,24.489795899999997,25.633970180789927,0.21875,0.2172393761575222,0.0,15.436241610738255,83.33333333333334,9.714286,61.09660574412533,79.48717948717949,20.855614973262032,0.0,0.0,0.0,0.0,0.0,0.0,0.0,0.0,10.0,51.61290320000001,32.2580645,16.129032199999997,0.0,4.07467532125,-0.1471067788079381,-0.0015010895796728374,13.90621868620065,2023,AA
Maxwell Costes,BAL,696272.0,sa3020001,23,8395,97,81,0.0,0.0,0.0,0.04938271599999999,0,0.0,16,8.2474226,16.494845299999998,47.05015020348608,0.242857142,0.25948785137884395,0.0,23.26732673267327,80.0,13.00578,41.61849710982659,79.8611111111111,28.395061728395056,0.0,0.0,0.0,0.0,0.0,0.0,0.0,0.0,14.285714285714285,50.7246376,33.3333333,15.9420289,0.0,3.637539598035577,-0.007680155336856842,-7.917685914285404e-05,14.839896242400524,2023,AA
Josh Breaux,NYY,677007.0,sa3008051,25,9125,97,93,0.0,0.0,0.0,0.268817204,7,0.0,24,4.1237113,24.742268,133.2044431284654,0.306451612,0.3744164017057911,0.0,16.071428571428573,70.64676616915423,18.434343,59.02439024390244,83.05785123966942,35.45454545454545,0.0,0.0,0.0,0.0,0.0,0.0,0.0,0.0,24.65753424657534,33.3333333,46.969696899999995,19.696969600000003,0.0,1.14829192125,-0.16441345866769552,-0.0016949841099762426,13.402121097143366,2023,AA
Will Matthiessen,PIT,686843.0,sa1116023,25,9125,95,82,0.0,0.0,0.0,0.024390244,0,0.0,42,10.5263157,44.21052630000001,24.094754069821725,0.292682926,0.2160957838359632,0.0,28.143712574850287,62.17948717948718,21.6,56.51041666666666,71.88940092165899,42.13197969543147,0.0,0.0,0.0,0.0,0.0,0.0,0.0,0.0,13.953488372093025,27.500000000000004,42.5,30.0,0.0,1.22240259,-0.19037347845733169,-0.0020039313521824386,3.1822235998432924,2023,AA
Sean Roby,SFG,681852.0,sa3007788,24,8760,95,88,0.0,0.0,0.0,0.10227272800000001,2,0.0,35,5.2631578,36.842105200000006,40.88770443640485,0.269230769,0.2367608923661081,0.0,39.898989898989896,65.83333333333333,21.022727,45.303867403314925,73.17073170731706,41.53846153846154,0.0,0.0,0.0,0.0,0.0,0.0,0.0,0.0,14.035087719298243,44.444444399999995,44.444444399999995,11.111111099999999,0.0,2.4783834525,-0.1471067788079381,-0.0015484924085046115,3.544181602761183,2023,AA
Kenny Piper,TBR,700652.0,sa3017664,24,8760,95,82,0.0,0.0,0.0,0.31707317100000004,7,0.0,28,8.4210526,29.4736842,160.3667643932934,0.36170212700000004,0.4356713495756451,0.0,24.193548387096772,82.2695035460993,13.279133000000002,51.181102362204726,72.30769230769229,30.219780219780223,0.0,0.0,0.0,0.0,0.0,0.0,0.0,0.0,19.642857142857142,29.629629600000005,50.0,20.3703703,0.0,2.64285714,-0.19805491901934147,-0.0020847886212562263,19.88390899795141,2023,AA
Justin Farmer,SDP,668993.0,sa3017622,24,8760,94,89,0.0,0.0,0.0,0.044943820999999995,0,0.0,37,4.2553191,39.3617021,14.509612090451267,0.269230769,0.1927871640692366,0.0,22.988505747126432,70.73170731707317,18.274112,56.390977443609025,72.8888888888889,37.0,0.0,0.0,0.0,0.0,0.0,0.0,0.0,0.0,16.9811320754717,28.000000000000004,54.0,18.0,0.0,6.006595823088762,-0.5311798839829862,-0.0056508498296062365,5.010227389955425,2023,AA
Tyler Locklear,SEA,682988.0,sa3019970,22,8030,94,77,0.0,0.0,0.0,0.14285714300000002,1,0.0,14,11.7021276,14.893617,126.53235940847996,0.30158730100000003,0.3661397378495399,0.0,28.2051282051282,80.83333333333333,13.731343,42.477876106194685,83.33333333333334,29.47976878612717,0.0,0.0,0.0,0.0,0.0,0.0,0.0,0.0,13.846153846153848,35.4838709,35.4838709,29.032258000000002,0.0,6.499649470319975,0.19003904797136786,0.0020216919996954024,29.10762723522047,2023,AA
Jonny Butler,ATH,695358.0,sa3017292,24,8760,92,80,0.0,0.0,0.0,0.1875,2,0.0,21,11.9565217,22.826086899999996,125.47881689282421,0.368421052,0.385402865383936,0.0,28.813559322033896,82.8125,11.275964,48.84393063583815,75.7396449704142,24.705882352941174,0.0,0.0,0.0,0.0,0.0,0.0,0.0,0.0,26.229508196721312,43.859649100000006,28.070175400000004,28.070175400000004,0.0,8.434408787909359,0.9975376655347644,0.010842800712334398,24.713797904677442,2023,AA
Greg Jones,TBR,675659.0,sa3010151,25,9125,92,81,0.0,0.0,0.0,0.185185185,3,0.0,36,9.7826086,39.1304347,64.31778016674225,0.26190476100000004,0.28277148060746243,0.0,17.1875,69.23076923076923,18.684210999999998,52.941176470588246,72.2222222222222,43.6046511627907,0.0,0.0,0.0,0.0,0.0,0.0,0.0,0.0,15.384615384615385,53.488372,27.906976699999998,18.6046511,0.0,9.375,2.2653226908296347,0.024623072726409068,9.994379036118707,2023,AA
Greyson Jenista,KCR,680571.0,sa3007044,26,9490,92,82,0.0,0.0,0.0,0.19512195100000002,3,0.0,33,9.7826086,35.8695652,67.4508247301614,0.260869565,0.2934379746084628,0.0,37.280701754385966,71.42857142857143,17.307692000000003,37.362637362637365,66.91176470588235,36.36363636363637,0.0,0.0,0.0,0.0,0.0,0.0,0.0,0.0,22.448979591836732,32.6530612,48.979591799999994,18.367346899999998,0.0,5.853753491687713,0.08002231270074844,0.0008698077467472657,6.184598195523405,2023,AA
Jose Mena,NYM,670548.0,sa919893,26,9490,92,89,0.0,0.0,0.0,0.04494382,0,0.0,29,2.173913,31.5217391,32.38072113106226,0.3,0.2198122895282248,0.0,38.509316770186345,71.52317880794702,23.27044,52.92397660818714,83.4254143646409,39.69849246231156,0.0,0.0,0.0,0.0,0.0,0.0,0.0,0.0,21.21212121212121,46.5517241,39.6551724,13.7931034,0.0,0.14285714,-0.1471067788079381,-0.0015989867261732402,1.5453869220933991,2023,AA
Nick Ward,PHI,682187.0,sa3007089,27,9855,92,80,0.0,0.0,0.0,0.125,2,0.0,20,10.869565199999998,21.739130399999997,67.45719591054481,0.237288135,0.2879588033842004,0.0,17.647058823529417,85.71428571428571,7.909605,51.17493472584857,75.0,20.496894409937887,0.0,0.0,0.0,0.0,0.0,0.0,0.0,0.0,12.307692307692307,40.0,45.0,15.0,0.0,5.914485322339878,1.0182798793539405,0.011068259558195005,8.088642121948492,2023,AA
Wade Stauss,STL,702328.0,sa3017000,24,8760,91,76,0.0,0.0,0.0,0.078947368,1,0.0,36,8.7912087,39.5604395,59.51624399094846,0.325,0.2821010534579937,0.0,26.69902912621359,71.81818181818181,17.47851,44.02173913043478,67.90123456790124,42.2077922077922,0.0,0.0,0.0,0.0,0.0,0.0,0.0,0.0,27.27272727272727,36.58536580000001,36.58536580000001,26.829268199999998,0.0,2.196428565,-0.1799665354192257,-0.0019776542353761068,5.995724160073695,2023,AA
Bryson Horne,ATL,695587.0,sa3014891,24,8760,91,87,0.0,0.0,0.0,0.14942528800000002,1,0.0,21,4.3956043000000005,23.076923,114.37735708745426,0.384615384,0.3479596992115398,0.0,31.952662721893486,83.7037037037037,13.392857000000001,49.249249249249246,82.3170731707317,26.842105263157894,0.0,0.0,0.0,0.0,0.0,0.0,0.0,0.0,19.69696969696969,31.8181818,42.4242424,25.757575699999997,0.0,2.1299261025000003,-0.15844393521547318,-0.00174114214522498,15.726576552210279,2023,AA
Graham Pauley,SDP,688363.0,sa3019858,22,8030,88,81,0.0,0.0,0.0,0.23456790100000002,3,0.0,12,7.9545454,13.6363636,150.11611734358343,0.34848484799999996,0.4093126105991277,0.0,22.43589743589744,85.27131782945736,8.605341000000001,53.70919881305638,71.27071823204419,17.682926829268293,0.0,0.0,0.0,0.0,0.0,0.0,0.0,0.0,28.98550724637681,44.927536200000006,39.1304347,15.9420289,0.0,5.0352218859478315,0.2500278931111097,0.0028412260580807924,35.195712072434475,2023,AA
Wendell Rijo,PHI,620442.0,sa739597,27,9855,86,75,0.0,0.0,0.0,0.04,0,0.0,27,10.465116199999999,31.3953488,46.611212180521285,0.291666666,0.255958731784377,0.0,22.222222222222218,78.21782178217822,13.592232999999998,48.64864864864865,62.34567901234568,32.57575757575758,0.0,0.0,0.0,0.0,0.0,0.0,0.0,0.0,28.57142857142857,43.75,35.4166666,20.8333333,0.0,2.1348196598815643,-1.0548403244465592,-0.012265585167983244,3.4657578641835336,2023,AA
Bryan Arias,HOU,687035.0,sa3011265,26,9490,86,70,0.0,0.0,0.0,0.171428572,3,0.0,18,16.279069699999997,20.9302325,120.62268675836228,0.285714285,0.37156690899715866,0.0,11.702127659574465,80.9090909090909,8.791209,48.35164835164835,62.5,25.75757575757576,0.0,0.0,0.0,0.0,0.0,0.0,0.0,0.0,13.461538461538463,46.1538461,34.6153846,19.230769199999997,0.0,6.5264212430594135,0.9975376655347644,0.011599275180636795,15.921206916284778,2023,AA
D'Shawn Knowles,LAA,677610.0,sa3006889,22,8030,86,75,0.0,0.0,0.0,0.093333333,0,0.0,21,10.465116199999999,24.418604600000002,79.76738796495357,0.327272727,0.3031011209768407,0.0,32.460732984293195,90.0,9.821429,42.814371257485035,69.93006993006993,22.5,0.0,0.0,0.0,0.0,0.0,0.0,0.0,0.0,12.5,60.0,23.636363600000003,16.3636363,0.0,8.804862217769681,0.8262865878641605,0.00960798357981582,23.469292809404262,2023,AA
Will Frizzell,WSN,676155.0,sa3017555,24,8760,86,71,0.0,0.0,0.0,0.070422535,1,0.0,31,16.279069699999997,36.0465116,62.25332096170065,0.256410256,0.26636443027230194,0.0,16.49484536082474,71.55172413793103,15.072464000000002,45.96100278551532,70.3030303030303,37.93103448275862,0.0,0.0,0.0,0.0,0.0,0.0,0.0,0.0,14.634146341463413,47.368421000000005,26.315789399999996,26.315789399999996,0.0,3.5283993708942702,0.0009731845930218696,1.131609991885895e-05,11.383601550203615,2023,AA
Luis De Los Santos,TOR,665782.0,sa917822,25,9125,85,78,0.0,0.0,0.0,0.128205128,1,0.0,26,8.235294099999999,30.588235200000003,93.9115852249864,0.372549019,0.31998479085810044,0.0,23.529411764705877,75.15527950310559,17.701863,60.23391812865496,78.15533980582524,35.39325842696629,0.0,0.0,0.0,0.0,0.0,0.0,0.0,0.0,9.433962264150944,53.8461538,30.769230699999998,15.384615300000002,0.0,3.988317417311464,-0.4288802957162261,-0.0050456505378379535,8.910891816715996,2023,AA
Dylan Crews,WSN,686611.0,sa3022882,21,7665,85,72,0.0,0.0,0.0,0.06944444400000001,0,0.0,19,9.4117647,22.3529411,76.22121942279124,0.277777777,0.28780615049249986,0.0,16.89189189189189,78.3582089552239,13.109755999999999,54.878048780487816,74.44444444444444,30.0,0.0,0.0,0.0,0.0,0.0,0.0,0.0,0.0,11.111111111111109,47.16981129999999,37.735849,15.0943396,0.0,3.7884836164671154,-0.8870737385004759,-0.010436161629417365,18.334084035693994,2023,AA
Michael Amditis,CLE,666178.0,sa3010148,25,9125,85,74,0.0,0.0,0.0,0.081081081,2,0.0,34,12.941176400000002,40.0,31.12207518237525,0.184210526,0.2181649306241204,0.0,19.1358024691358,75.63025210084034,16.129032000000002,53.714285714285715,63.29787234042554,37.671232876712324,0.0,0.0,0.0,0.0,0.0,0.0,0.0,0.0,16.27906976744186,52.5,35.0,12.5,0.0,0.9067460275,-0.1557601187378168,-0.0018324719851507858,6.238789311722061,2023,AA
Johan Lopez,TBR,672517.0,sa3003228,22,8030,84,75,0.0,0.0,0.0,0.133333333,1,0.0,26,9.5238095,30.9523809,53.35945868169207,0.25,0.2653269867102305,0.0,34.0,72.0,19.444444,41.52046783625732,70.4225352112676,40.85365853658536,0.0,0.0,0.0,0.0,0.0,0.0,0.0,0.0,12.0,50.0,35.4166666,14.5833333,0.0,7.847775798404236,0.2811670545488596,0.003347226839867376,12.289978467556109,2023,AA
Brayan Buelvas,ATH,683454.0,sa3008868,21,7665,83,75,0.0,0.0,0.0,0.10666666699999999,1,0.0,21,6.024096299999999,25.3012048,36.92474494325944,0.23636363600000002,0.2440069202917168,0.0,30.666666666666664,80.67226890756302,14.953270999999999,52.531645569620245,71.68674698795179,30.357142857142854,0.0,0.0,0.0,0.0,0.0,0.0,0.0,0.0,14.285714285714285,57.407407400000004,27.7777777,14.814814800000002,0.0,4.64285714,-0.11247908463701606,-0.0013551696944218805,12.362012977533462,2023,AA
Robert Emery,SFG,681487.0,sa3014940,26,9490,83,70,0.0,0.0,0.0,0.028571429,0,0.0,26,10.843373399999999,31.3253012,41.13747042311593,0.282608695,0.23714430096708694,0.0,27.95031055900621,77.68595041322314,12.893082000000001,52.08333333333334,69.14285714285714,28.025477707006374,0.0,0.0,0.0,0.0,0.0,0.0,0.0,0.0,18.51851851851852,44.444444399999995,33.3333333,22.222222199999997,0.0,0.6542207712499999,-0.17306679859757426,-0.0020851421517780033,4.773433588021616,2023,AA
Randy Florentino,BAL,678594.0,sa3005529,22,8030,82,72,0.0,0.0,0.0,0.013888889,0,0.0,12,9.756097500000001,14.6341463,-8.568970792669191,0.13114754,0.1741085343244599,0.0,19.402985074626862,83.46456692913384,9.71223,55.62913907284768,75.59523809523809,20.863309352517987,0.0,0.0,0.0,0.0,0.0,0.0,0.0,0.0,20.0,49.1803278,45.9016393,4.9180327,0.0,0.68973214,-0.1384534388780594,-0.001688456571683651,18.166900001857734,2023,AA
Ryan Aguilar,LAA,666922.0,sa918712,28,10220,80,65,0.0,0.0,0.0,0.061538460999999996,1,0.0,31,13.750000000000002,38.75,62.76815748750103,0.294117647,0.27604013606905936,0.0,25.233644859813083,75.67567567567569,18.313953,41.36986301369864,73.50993377483444,40.625,0.0,0.0,0.0,0.0,0.0,0.0,0.0,0.0,8.333333333333332,66.6666666,24.2424242,9.090909,0.0,3.8923891273469775,-0.2486855592578649,-0.003108569490723312,2.4821968469576468,2023,AA
Bob Seymour,TBR,676044.0,sa3017852,24,8760,79,67,0.0,0.0,0.0,0.19402985,4,0.0,17,12.6582278,21.518987300000003,164.5154967665406,0.41304347799999996,0.4422756946539577,0.0,19.354838709677423,85.34482758620689,12.052117,49.180327868852466,77.33333333333333,28.082191780821923,0.0,0.0,0.0,0.0,0.0,0.0,0.0,0.0,20.0,48.979591799999994,34.6938775,16.326530599999998,0.0,1.241995065,-0.23766590282320976,-0.0030084291496608826,23.93197753914766,2023,AA
Spencer Jones,NYY,682987.0,sa3019969,22,8030,78,69,0.0,0.0,0.0,0.144927536,3,0.0,22,8.9743589,28.2051282,107.98424865778084,0.333333333,0.3357016046841939,0.0,24.83221476510068,75.47169811320755,13.20132,50.82508250825083,68.83116883116884,29.370629370629374,0.0,0.0,0.0,0.0,0.0,0.0,0.0,0.0,6.25,52.17391300000001,32.6086956,15.2173913,0.0,5.1017956599076415,0.11292627640068532,0.0014477727743677606,21.141011716253495,2023,AA
Tyler Osik,CHW,677068.0,sa3010017,26,9490,78,66,0.0,0.0,0.0,0.106060606,0,0.0,20,12.820512800000001,25.641025600000003,84.08970017900114,0.304347826,0.3129967611569625,0.0,18.644067796610173,80.20833333333334,12.225705,44.5141065830721,67.6056338028169,31.00775193798449,0.0,0.0,0.0,0.0,0.0,0.0,0.0,0.0,10.869565217391305,44.444444399999995,33.3333333,22.222222199999997,0.0,3.9632754445597325,0.049478264525532716,0.0006343367246863169,9.513311597395331,2023,AA
Anthony Mulrine,LAA,688226.0,sa1170373,25,9125,78,61,0.0,0.0,0.0,0.09836065599999999,1,0.0,17,11.5384615,21.7948717,76.88180203402085,0.232558139,0.2985075720258661,0.0,31.72043010752688,81.0344827586207,12.621358999999998,44.64285714285715,77.33333333333333,25.64102564102564,0.0,0.0,0.0,0.0,0.0,0.0,0.0,0.0,24.074074074074076,30.9523809,42.8571428,26.1904761,0.0,0.8336466087500001,-0.15844393521547318,-0.0020313325027624765,10.743333335245003,2023,AA
Tyler Fitzgerald,SFG,666149.0,sa3011257,25,9125,78,68,0.0,0.0,0.0,0.26470588300000003,2,0.0,22,11.5384615,28.2051282,171.82365435547692,0.45454545399999996,0.4377569128305484,0.0,24.731182795698924,63.47826086956522,18.181818,44.80712166172107,76.15894039735099,42.06896551724138,0.0,0.0,0.0,0.0,0.0,0.0,0.0,0.0,32.0,31.111111100000002,40.0,28.888888800000004,0.0,8.394970838602575,0.41827987041324377,0.005362562441195433,16.778240643316018,2023,AA
Herbert Iser,PHI,666133.0,sa3010679,25,9125,78,70,0.0,0.0,0.0,0.14285714300000002,3,0.0,20,8.9743589,25.641025600000003,83.22441075039514,0.276595744,0.3121626025591141,0.0,25.16556291390729,75.75757575757575,14.43299,53.10559006211179,77.19298245614034,33.33333333333333,0.0,0.0,0.0,0.0,0.0,0.0,0.0,0.0,18.96551724137931,40.0,42.0,18.0,0.0,1.70535714,-0.17306679859757426,-0.0022188051102253106,9.399376454035037,2023,AA
Tristin English,ARI,663536.0,sa876328,26,9490,78,66,0.0,0.0,0.0,0.378787879,6,0.0,21,15.384615300000002,26.9230769,175.07641196801518,0.41025641,0.4894380302001268,0.0,22.033898305084747,80.58252427184465,11.607142999999999,47.00598802395209,65.60509554140127,27.97202797202797,0.0,0.0,0.0,0.0,0.0,0.0,0.0,0.0,13.333333333333336,35.55555550000001,37.7777777,26.666666600000003,0.0,3.5788073396672964,0.042529284488409765,0.0005452472370308944,14.358737154152449,2023,AA
Jack Blomgren,COL,685076.0,sa3014825,24,8760,78,65,0.0,0.0,0.0,0.16923076899999998,3,0.0,31,7.6923076,39.74358970000001,123.60484464869349,0.45161290299999995,0.3676316549903468,0.0,6.153846153846153,64.17910447761193,17.405063000000002,58.33333333333334,73.62637362637362,38.02816901408449,0.0,0.0,0.0,0.0,0.0,0.0,0.0,0.0,11.111111111111109,41.1764705,35.29411760000001,23.5294117,0.0,5.471352121649186,0.16873977053910494,0.0021633303915269864,16.943330906705068,2023,AA
Cesar Idrogo,CLE,677581.0,sa3005479,22,8030,77,70,0.0,0.0,0.0,0.071428572,0,0.0,16,9.090909,20.7792207,79.76347153417434,0.314814814,0.29283294275209504,0.0,12.592592592592592,84.35374149659864,9.509202,58.46153846153847,77.36842105263158,21.47239263803681,0.0,0.0,0.0,0.0,0.0,0.0,0.0,0.0,11.111111111111109,55.555555500000004,25.925925900000006,18.5185185,0.0,3.6760580428719596,-0.1966468757018447,-0.0025538555285953856,22.46832390598844,2023,AA
Juan Zabala,SDP,668558.0,sa913717,23,8395,77,68,0.0,0.0,0.0,0.088235294,0,0.0,20,5.1948051,25.9740259,40.74637355643536,0.265306122,0.23467989245506185,0.0,26.315789473684212,78.89908256880734,12.99639,53.49650349650349,71.2418300653595,27.73722627737226,0.0,0.0,0.0,0.0,0.0,0.0,0.0,0.0,16.666666666666664,36.1702127,40.425531899999996,23.404255300000003,0.0,3.471391662506492,-1.0282852048985658,-0.013354353310370987,9.914022164457252,2023,AA
Warren Saunders,NYM,683469.0,sa3011405,24,8760,76,69,0.0,0.0,0.0,0.072463768,1,0.0,20,6.578947299999999,26.315789399999996,23.09078027699169,0.2,0.2055515678305375,0.0,22.560975609756103,71.66666666666667,14.440432999999999,49.84709480122324,73.61963190184049,29.629629629629626,0.0,0.0,0.0,0.0,0.0,0.0,0.0,0.0,14.035087719298243,47.058823499999995,41.1764705,11.7647058,0.0,0.76785714,-0.11249341908842324,-0.0014801765669529374,7.530722896737997,2023,AA
Nolan Schanuel,LAA,694384.0,sa3022430,21,7665,76,60,0.0,0.0,0.0,0.133333333,1,0.0,9,21.0526315,11.842105199999999,163.8099246310275,0.38,0.4368879897029777,0.0,19.88636363636364,96.7032967032967,3.908795000000001,47.92899408284024,56.17283950617285,13.513513513513516,0.0,0.0,0.0,0.0,0.0,0.0,0.0,0.0,10.16949152542373,56.00000000000001,18.0,26.0,0.0,6.423691322107151,-0.04558809660375118,-0.0005998433763651471,42.06711763587178,2023,AA
Zach Britton,TOR,676309.0,sa3014821,24,8760,75,55,0.0,0.0,0.0,0.090909091,1,0.0,16,26.666666600000003,21.3333333,120.47227861227556,0.289473684,0.3607573493106945,0.0,6.185567010309278,76.72413793103449,9.393939,46.7032967032967,68.23529411764707,29.56521739130435,0.0,0.0,0.0,0.0,0.0,0.0,0.0,0.0,17.777777777777782,44.7368421,42.1052631,13.157894699999998,0.0,4.693046831503126,0.3577064909040928,0.004769419878721237,24.241735404459323,2023,AA
Devonte Brown,TOR,675994.0,sa3020189,23,8395,74,63,0.0,0.0,0.0,0.26984127,4,0.0,24,14.864864800000001,32.4324324,125.78799880865364,0.285714285,0.3689173588881621,0.0,24.581005586592173,68.96551724137932,14.860681,44.58204334365325,60.41666666666666,39.230769230769226,0.0,0.0,0.0,0.0,0.0,0.0,0.0,0.0,25.64102564102564,20.5128205,56.4102564,23.076923,0.0,4.771087724643904,0.4615465700626373,0.006237115811657261,22.955445039335622,2023,AA
Nick Kahle,MIL,685277.0,sa1115979,25,9125,74,59,0.0,0.0,0.0,0.186440678,3,0.0,15,17.5675675,20.2702702,87.68062108341057,0.17073170699999998,0.3236877093576405,0.0,21.182266009852214,80.4878048780488,11.221122,43.92265193370166,77.35849056603773,25.174825174825177,0.0,0.0,0.0,0.0,0.0,0.0,0.0,0.0,14.583333333333336,41.4634146,46.341463399999995,12.1951219,0.0,0.76785714,-0.15052173845469952,-0.002034077546685129,15.640662280087525,2023,AA
Jancarlos Cintron,ARI,676857.0,sa3004065,28,10220,74,71,0.0,0.0,0.0,0.042253520999999995,0,0.0,14,4.054054,18.918918899999998,21.77114196450434,0.28070175399999997,0.2446526345368978,0.0,33.07086614173229,88.8888888888889,11.026616,51.71102661596958,72.79411764705883,23.40425531914893,0.0,0.0,0.0,0.0,0.0,0.0,0.0,0.0,10.526315789473683,43.6363636,38.1818181,18.1818181,0.0,3.9624575381687497,-0.19287795573472974,-0.002606458861280132,3.262589167439484,2023,AA
Noelberth Romero,BAL,682801.0,sa3008808,21,7665,74,69,0.0,0.0,0.0,0.057971014,1,0.0,24,6.7567567,32.4324324,4.170302296721219,0.204545454,0.19366422698304456,0.0,24.05063291139241,77.35849056603773,14.736842000000001,46.801346801346796,76.25899280575541,35.33834586466165,0.0,0.0,0.0,0.0,0.0,0.0,0.0,0.0,18.75,42.2222222,48.8888888,8.8888888,0.0,1.74999999625,-0.11249341908842324,-0.0015201813390327465,7.896018148325951,2023,AA
Ernie Yake,MIN,687044.0,sa3017902,25,9125,73,62,0.0,0.0,0.0,0.09677419400000001,1,0.0,13,13.6986301,17.808219100000002,57.10962004089174,0.208333333,0.28105886423424503,0.0,16.374269005847953,87.75510204081633,7.467532,44.299674267100976,72.05882352941177,20.0,0.0,0.0,0.0,0.0,0.0,0.0,0.0,0.0,30.612244897959183,32.6530612,46.9387755,20.408163199999997,0.0,4.04470408702314,-0.6807754384353757,-0.0093256909374709,14.858421123222275,2023,AA
Connor Pavolony,BAL,680935.0,sa3017156,23,8395,73,67,0.0,0.0,0.0,0.074626866,1,0.0,26,5.479451999999999,35.6164383,24.445035809584702,0.25,0.2247873887623826,0.0,18.3206106870229,73.33333333333333,15.862069000000002,54.82758620689654,75.47169811320755,34.48275862068966,0.0,0.0,0.0,0.0,0.0,0.0,0.0,0.0,19.51219512195122,35.1351351,40.540540500000006,24.3243243,0.0,4.3239940684884015,0.07885324396193027,0.0010801814241360314,8.591322222415341,2023,AA
Brainer Bonaci,BOS,682900.0,sa3008836,20,7300,72,61,0.0,0.0,0.0,0.14754098400000001,2,0.0,17,12.5,23.6111111,114.34335435791277,0.34090909,0.35493821733527714,0.0,23.39181286549708,82.92682926829268,11.96319,50.14577259475219,71.51162790697677,26.797385620915037,0.0,0.0,0.0,0.0,0.0,0.0,0.0,0.0,16.3265306122449,36.9565217,47.8260869,15.2173913,0.0,2.954866312498904,-0.4139535585418344,-0.0057493549797477,27.60772859904475,2023,AA
Eric Yang,CIN,687066.0,sa1169769,25,9125,72,58,0.0,0.0,0.0,0.08620689699999999,1,0.0,19,16.6666666,26.388888800000004,59.11673712601222,0.210526315,0.2855622155798806,0.0,21.578947368421048,81.05263157894737,8.904110000000001,40.438871473354226,73.64341085271317,25.0,0.0,0.0,0.0,0.0,0.0,0.0,0.0,0.0,23.809523809523807,24.3243243,45.9459459,29.729729700000004,0.0,2.01785714,-0.15844393521547318,-0.002200610211326016,12.116416216976551,2023,AA
Ashton Creal,CIN,689328.0,sa3010048,24,8760,71,59,0.0,0.0,0.0,0.118644068,2,0.0,27,14.084507,38.028169,75.49322459974906,0.333333333,0.31163185920034137,0.0,40.42553191489361,53.16455696202531,22.419929,37.123745819397996,71.17117117117117,52.17391304347826,0.0,0.0,0.0,0.0,0.0,0.0,0.0,0.0,22.857142857142854,43.75,40.625,15.625,0.0,4.712402521173214,0.04155606776475906,0.0005852967290811134,10.322786942971891,2023,AA
Lucius Fox,WSN,665650.0,sa914200,25,9125,71,61,0.0,0.0,0.0,0.06557377,1,0.0,21,9.8591549,29.5774647,37.73365615995509,0.225,0.22872499624888099,0.0,19.008264462809922,77.22772277227723,11.721612,55.514705882352935,66.88741721854305,30.327868852459016,0.0,0.0,0.0,0.0,0.0,0.0,0.0,0.0,9.30232558139535,45.0,32.5,22.5,0.0,1.47098214,-0.12980009894818068,-0.0018281704077208547,7.769984767713604,2023,AA
Jesús Bastidas,NYY,665846.0,sa916969,24,8760,71,57,0.0,0.0,0.0,0.21052631600000002,3,0.0,12,16.901408399999998,16.901408399999998,134.49101675016323,0.23809523800000001,0.37639138396357147,0.0,12.096774193548386,82.4074074074074,9.774436,53.20754716981133,76.59574468085106,23.387096774193548,0.0,0.0,0.0,0.0,0.0,0.0,0.0,0.0,26.66666666666667,28.888888800000004,46.6666666,24.4444444,0.0,4.05412808543826,-0.4139535585418344,-0.005830331810448371,27.382807456472452,2023,AA
Omar Meregildo,WSN,660530.0,sa872765,25,9125,71,63,0.0,0.0,0.0,0.19047619,3,0.0,24,9.8591549,33.8028169,93.70789262548168,0.277777777,0.31464944087283714,0.0,20.76502732240437,69.18238993710692,19.753086,51.06951871657755,83.24607329842931,38.46153846153847,0.0,0.0,0.0,0.0,0.0,0.0,0.0,0.0,29.268292682926827,37.837837799999996,35.1351351,27.027027,0.0,0.14285714,-0.12980009894818068,-0.0018281704077208547,9.063179190871676,2023,AA
Delvin Pérez,NYY,666206.0,sa917935,24,8760,71,59,0.0,0.0,0.0,0.13559322,2,0.0,27,12.6760563,38.028169,75.27338640461862,0.258064516,0.28548809844003603,0.0,17.931034482758623,75.51020408163265,13.758389000000001,51.50501672240803,63.63636363636363,35.772357723577244,0.0,0.0,0.0,0.0,0.0,0.0,0.0,0.0,14.285714285714285,38.7096774,48.3870967,12.9032258,0.0,7.13586247814627,1.2206598250195384,0.017192391901683642,14.602113068544655,2023,AA
Tyler Esplin,BOS,676613.0,sa3004727,23,8395,71,68,0.0,0.0,0.0,0.176470588,1,0.0,22,2.8169014,30.985915400000003,95.98925851654606,0.37777777700000004,0.32676337134670197,0.0,45.925925925925924,78.65168539325843,21.370967999999998,47.265625,73.55371900826447,38.888888888888886,0.0,0.0,0.0,0.0,0.0,0.0,0.0,0.0,26.530612244897963,36.9565217,34.7826086,28.2608695,0.0,4.39943608375,-0.10384007915854454,-0.0014625363261766835,12.574367810598044,2023,AA
Matt Shaw,CHC,807713.0,sa3022615,21,7665,70,65,0.0,0.0,0.0,0.23076923100000002,3,0.0,12,4.2857142,17.142857100000004,119.01968458538349,0.31372549,0.3707661977836064,0.0,27.82608695652174,93.54838709677419,6.7460320000000005,54.36507936507935,67.88321167883211,15.2,0.0,0.0,0.0,0.0,0.0,0.0,0.0,0.0,16.666666666666664,48.1481481,31.4814814,20.3703703,0.0,8.489465264845018,0.6146920267492533,0.008781314667846476,34.535285550616365,2023,AA
Jakob Marsee,SDP,805300.0,sa3019868,22,8030,69,56,0.0,0.0,0.0,0.16071428599999998,3,0.0,15,15.9420289,21.739130399999997,142.12552593860383,0.342105263,0.3965538836577359,0.0,12.5,84.5360824742268,8.171206,52.941176470588246,71.85185185185186,20.35398230088496,0.0,0.0,0.0,0.0,0.0,0.0,0.0,0.0,21.428571428571427,31.707317000000003,41.4634146,26.829268199999998,0.0,5.848876657937463,0.8125348738394678,0.011775867736803879,37.698134330974014,2023,AA
Alex McKenna,HOU,665173.0,sa3008003,25,9125,68,56,0.0,0.0,0.0,0.14285714300000002,1,0.0,22,16.176470499999997,32.352941099999995,89.91863341797661,0.303030303,0.32254117201356325,0.0,12.025316455696206,79.3103448275862,10.273973,49.35897435897437,56.4935064935065,32.35294117647059,0.0,0.0,0.0,0.0,0.0,0.0,0.0,0.0,8.823529411764708,36.363636299999996,45.45454539999999,18.1818181,0.0,5.879510283894278,-0.4078751699998975,-0.005998164264704375,14.532209917380602,2023,AA
Bryson Brigman,LAD,624417.0,sa829857,28,10220,65,59,0.0,0.0,0.0,0.0,0,0.0,9,7.6923076,13.8461538,29.16052836905976,0.22,0.22571601042380696,0.0,19.101123595505616,85.21739130434783,9.361702000000001,62.288135593220346,78.23129251700679,18.181818181818183,0.0,0.0,0.0,0.0,0.0,0.0,0.0,0.0,9.803921568627453,46.0,34.0,20.0,0.0,1.47098214,-0.12747629592195153,-0.0019611737834146392,4.1358632943527285,2023,AA
Max Schuemann,ATH,680474.0,sa3007511,26,9490,65,52,0.0,0.0,0.0,0.173076923,1,0.0,19,16.923076899999998,29.230769199999997,125.26413473632023,0.39393939299999997,0.3850600783641522,0.0,21.232876712328764,74.02597402597402,12.075472,44.905660377358494,64.70588235294117,30.188679245283016,0.0,0.0,0.0,0.0,0.0,0.0,0.0,0.0,5.882352941176469,42.4242424,36.363636299999996,21.2121212,0.0,7.765044996539492,0.44252929044887424,0.006808142929982682,13.591229555260425,2023,AA
Jalen Battles,TBR,689216.0,sa3020205,23,8395,65,63,0.0,0.0,0.0,0.015873016,0,0.0,19,3.0769230000000003,29.230769199999997,20.759094295908326,0.295454545,0.2134306394136869,0.0,28.467153284671532,80.41237113402062,16.34981,52.75862068965517,63.398692810457504,35.772357723577244,0.0,0.0,0.0,0.0,0.0,0.0,0.0,0.0,12.76595744680851,33.3333333,45.2380952,21.4285714,0.0,5.313123580531801,-0.44386082515120506,-0.006828628079249307,6.686983040322986,2023,AA
Eli Wilson,PIT,670250.0,sa918961,24,8760,65,61,0.0,0.0,0.0,0.18032786899999997,3,0.0,12,4.6153846,18.4615384,97.71771934150196,0.282608695,0.3291122857481241,0.0,7.142857142857142,80.67226890756302,10.572687,69.02654867256636,76.28205128205127,19.354838709677423,0.0,0.0,0.0,0.0,0.0,0.0,0.0,0.0,24.0,40.8163265,46.9387755,12.2448979,0.0,3.079810802881286,-0.3533801790326834,-0.00543661813896436,19.558238913531266,2023,AA
Luis Verdugo,CHC,677605.0,sa3006888,22,8030,64,57,0.0,0.0,0.0,0.03508772,0,0.0,28,6.25,43.75,-14.147115148761726,0.2,0.15877867501879495,0.0,26.923076923076927,73.03370786516854,16.785714000000002,45.45454545454545,68.46153846153847,37.79527559055118,0.0,0.0,0.0,0.0,0.0,0.0,0.0,0.0,9.375,37.9310344,51.724137899999995,10.3448275,0.0,1.39285714,-0.07129977084696293,-0.0011140589194837958,4.489276972306002,2023,AA
Tanner Allen,MIA,669327.0,sa3016854,25,9125,64,62,0.0,0.0,0.0,0.048387097000000004,1,0.0,10,3.125,15.625,65.51020080194128,0.31372549,0.28599441424012184,0.0,18.811881188118807,86.20689655172413,8.675799000000001,53.88127853881278,73.72881355932203,20.19230769230769,0.0,0.0,0.0,0.0,0.0,0.0,0.0,0.0,9.615384615384617,60.0,22.0,18.0,0.0,0.5595238025,-0.14259954169392586,-0.0022281178389675915,11.535560549431935,2023,AA
Kekai Rios,TOR,663519.0,sa3007282,26,9490,64,57,0.0,0.0,0.0,0.017543859,0,0.0,19,7.8125,29.6875,64.69563572846528,0.358974358,0.27513622492551804,0.0,24.81203007518797,78.64077669902912,14.403292,50.92250922509225,74.63768115942028,33.064516129032256,0.0,0.0,0.0,0.0,0.0,0.0,0.0,0.0,15.909090909090908,51.282051200000005,33.3333333,15.384615300000002,0.0,1.820488715,-0.16441345866769552,-0.0025689602916827425,4.5281728131769485,2023,AA
Duke Ellis,CHW,668752.0,sa3014816,25,9125,63,51,0.0,0.0,0.0,0.058823529000000006,0,0.0,21,19.047619,33.3333333,60.27381047415509,0.266666666,0.27508437255072216,0.0,27.007299270072988,77.33333333333333,16.064257,44.97991967871486,66.96428571428571,39.44954128440367,0.0,0.0,0.0,0.0,0.0,0.0,0.0,0.0,10.0,66.6666666,20.0,13.333333300000001,0.0,6.621615556516431,-0.00907457247376442,-0.00014404083291689554,9.242096051218516,2023,AA
Garrett Whitley,PHI,663605.0,sa874244,26,9490,62,56,0.0,0.0,0.0,0.071428572,1,0.0,23,6.4516129000000015,37.09677410000001,21.129076371930953,0.24242424199999998,0.21684183612946545,0.0,16.50485436893204,75.26881720430106,13.191489,56.17021276595745,70.45454545454545,30.90909090909091,0.0,0.0,0.0,0.0,0.0,0.0,0.0,0.0,20.588235294117645,26.470588199999998,55.8823529,17.647058800000003,0.0,4.856766584386216,0.0961599238216877,0.0015509665132530273,5.205995501864577,2023,AA
Grant Richardson,NYY,685300.0,sa3016964,23,8395,61,53,0.0,0.0,0.0,0.301886792,5,0.0,19,9.8360655,31.1475409,193.8458342462244,0.448275862,0.4675052615462757,0.0,13.392857142857142,72.72727272727273,16.465863,54.838709677419345,72.79411764705883,38.26086956521739,0.0,0.0,0.0,0.0,0.0,0.0,0.0,0.0,23.529411764705877,50.0,35.29411760000001,14.7058823,0.0,5.033775588681801,0.3946997933089733,0.006470488414901203,25.385376853764786,2023,AA
Hendrik Clementina,ATL,649955.0,sa828422,26,9490,61,52,0.0,0.0,0.0,0.076923077,0,0.0,15,9.8360655,24.5901639,84.96942436293931,0.297297297,0.30114536695793026,0.0,32.432432432432435,75.29411764705883,15.725806,42.63565891472868,77.27272727272727,32.55813953488372,0.0,0.0,0.0,0.0,0.0,0.0,0.0,0.0,5.128205128205128,41.6666666,33.3333333,25.0,0.0,1.72373949,-0.12675514817237854,-0.0020779532487275173,6.038173852332559,2023,AA
Caleb Knight,CHC,676332.0,sa3008279,27,9855,61,47,0.0,0.0,0.0,0.08510638300000001,1,0.0,11,18.0327868,18.0327868,132.59046247381957,0.342857142,0.3923694471843907,0.0,12.949640287769785,82.53968253968253,10.40724,41.35021097046413,64.28571428571429,29.48717948717949,0.0,0.0,0.0,0.0,0.0,0.0,0.0,0.0,21.621621621621625,33.3333333,47.2222222,19.4444444,0.0,1.96350930875,-0.19805491901934147,-0.003246801951136745,9.845087342698774,2023,AA
Kevin Parada,NYM,691006.0,sa3020575,21,7665,60,54,0.0,0.0,0.0,0.203703703,3,0.0,23,6.6666666,38.3333333,74.16223814992841,0.24137931,0.2839498976866404,0.0,11.428571428571427,62.31884057971014,20.816326999999998,62.63345195729537,78.4090909090909,40.45801526717558,0.0,0.0,0.0,0.0,0.0,0.0,0.0,0.0,12.82051282051282,41.9354838,48.3870967,9.6774193,0.0,0.14285714,-0.08653339929878713,-0.001442223321646452,12.483891978720413,2023,AA
Patrick Bailey,SFG,672275.0,sa3014442,24,8760,60,54,0.0,0.0,0.0,0.148148148,2,0.0,13,10.0,21.666666600000003,146.40794877602653,0.41025641,0.39874199231465657,0.0,24.52830188679245,81.1111111111111,12.719298000000002,53.50877192982456,73.77049180327869,28.947368421052637,0.0,0.0,0.0,0.0,0.0,0.0,0.0,0.0,19.51219512195122,36.58536580000001,34.146341400000004,29.2682926,0.0,4.752280500390824,0.22693320736289024,0.0037822201227148368,22.33439074065668,2023,AA
Carlos Narváez,NYY,665966.0,sa916966,24,8760,60,51,0.0,0.0,0.0,0.215686275,2,0.0,17,11.6666666,28.333333300000003,125.69205527002958,0.3125,0.36288435061772667,0.0,12.844036697247708,75.0,13.765182,55.870445344129564,72.46376811594203,34.21052631578947,0.0,0.0,0.0,0.0,0.0,0.0,0.0,0.0,17.647058823529417,44.117647,35.29411760000001,20.5882352,0.0,2.998949579464285,-0.785613602027297,-0.013093560033788284,19.171041581891686,2023,AA
Arol Vera,LAA,691186.0,sa3014687,20,7300,60,56,0.0,0.0,0.0,0.125,2,0.0,10,1.6666666,16.6666666,86.74772105752182,0.304347826,0.31421307623386385,0.0,44.230769230769226,87.83783783783785,12.5,45.83333333333333,84.0909090909091,24.369747899159666,0.0,0.0,0.0,0.0,0.0,0.0,0.0,0.0,12.5,62.5,27.0833333,10.4166666,0.0,5.484132373099738,0.2811670545488596,0.004686117575814328,22.891955832072483,2023,AA
Adrian Placencia,LAA,691269.0,sa3014688,20,7300,60,53,0.0,0.0,0.0,0.056603774,1,0.0,24,6.6666666,40.0,29.3702681781211,0.275862068,0.22287421307321326,0.0,29.00763358778626,74.15730337078651,15.983607000000001,46.31147540983606,78.76106194690266,36.22047244094488,0.0,0.0,0.0,0.0,0.0,0.0,0.0,0.0,9.677419354838712,37.9310344,37.9310344,24.137931,0.0,1.60119047125,-0.10298855789005756,-0.0017164759648342928,5.799892788765134,2023,AA
Rhylan Thomas,NYM,689041.0,sa3020124,23,8395,59,51,0.0,0.0,0.0,0.039215686,0,0.0,5,11.8644067,8.4745762,140.1911573852741,0.39130434700000005,0.3853089973844331,0.0,7.368421052631577,85.18518518518519,6.511628,61.0655737704918,72.48322147651007,17.0,0.0,0.0,0.0,0.0,0.0,0.0,0.0,0.0,3.6363636363636362,51.1111111,35.55555550000001,13.333333300000001,0.0,3.3119535472951256,-0.6634936584159732,-0.011245655227389377,30.202894156795026,2023,AA
Drake Baldwin,ATL,686948.0,sa3019920,22,8030,59,53,0.0,0.0,0.0,0.075471699,1,0.0,11,10.1694915,18.6440677,126.0286160708562,0.39024390200000003,0.36650727664009997,0.0,24.793388429752067,82.5,10.572687,46.696035242290755,75.47169811320755,22.72727272727273,0.0,0.0,0.0,0.0,0.0,0.0,0.0,0.0,9.523809523809524,52.3809523,30.9523809,16.6666666,0.0,0.370129865,-0.16636613197624686,-0.0028197649487499464,25.853792703979753,2023,AA
Jake Thompson,MIA,700081.0,sa3019945,25,9125,58,48,0.0,0.0,0.0,0.145833333,2,0.0,11,15.5172413,18.9655172,115.780315955076,0.305555555,0.3660191441404408,0.0,19.82758620689655,88.63636363636364,6.17284,52.26337448559671,69.29133858267717,13.513513513513516,0.0,0.0,0.0,0.0,0.0,0.0,0.0,0.0,39.473684210526315,29.729729700000004,40.540540500000006,29.729729700000004,0.0,0.76785714,-0.15052173845469952,-0.002595202387149992,19.362965146745225,2023,AA
Josh Crouch,DET,676509.0,sa3017370,24,8760,58,52,0.0,0.0,0.0,0.115384615,1,0.0,20,8.620689599999999,34.482758600000004,54.68533708429785,0.258064516,0.2571572476419909,0.0,28.33333333333333,70.12987012987013,18.303571,46.18834080717489,74.75728155339806,40.17857142857143,0.0,0.0,0.0,0.0,0.0,0.0,0.0,0.0,18.75,32.2580645,54.8387096,12.9032258,0.0,0.47939559625,-0.09518673922866584,-0.0016411506763563074,5.660506744188472,2023,AA
Daniel Susac,ATH,691740.0,sa3019997,22,8030,56,50,0.0,0.0,0.0,0.08,1,0.0,14,3.5714285,25.0,70.23888037372559,0.342105263,0.2972002242292677,0.0,30.612244897959183,84.70588235294117,12.745098,51.9607843137255,80.18867924528303,23.47826086956522,0.0,0.0,0.0,0.0,0.0,0.0,0.0,0.0,2.564102564102564,56.4102564,25.641025600000003,17.9487179,0.0,2.825472176912352,0.08752091834321618,0.001562873541843146,15.199644238855234,2023,AA
Miguel Amaya,CHC,665804.0,sa917354,24,8760,56,44,0.0,0.0,0.0,0.38636363700000004,4,0.0,17,14.2857142,30.357142800000002,171.94252508702644,0.333333333,0.4550137871078082,0.0,12.149532710280376,84.7222222222222,8.771930000000001,52.65486725663718,60.504201680672274,25.882352941176478,0.0,0.0,0.0,0.0,0.0,0.0,0.0,0.0,28.57142857142857,32.1428571,50.0,17.857142800000005,0.0,4.2759189696250886,0.08908924832940103,0.0015908794344535895,27.171705349633328,2023,AA
Jacob Melton,HOU,689200.0,sa3019988,22,8030,56,52,0.0,0.0,0.0,0.307692307,5,0.0,16,7.1428571,28.571428499999996,119.4962361789478,0.258064516,0.36976828426122665,0.0,34.51327433628318,83.13253012048195,15.909091,48.63636363636364,77.57009345794394,30.327868852459016,0.0,0.0,0.0,0.0,0.0,0.0,0.0,0.0,19.44444444444445,42.8571428,48.571428499999996,8.5714285,0.0,6.887023312709721,0.917515352834016,0.01638420272917886,24.54430598786728,2023,AA
Rixon Wingrove,PHI,678534.0,sa3007298,23,8395,55,47,0.0,0.0,0.0,0.063829787,1,0.0,19,12.7272727,34.5454545,18.889253239199927,0.178571428,0.21340354789387092,0.0,33.108108108108105,60.273972602739725,18.981481,39.591836734693885,75.25773195876289,41.346153846153854,0.0,0.0,0.0,0.0,0.0,0.0,0.0,0.0,18.75,57.1428571,25.0,17.857142800000005,0.0,0.14285714,-0.10384007915854454,-0.0018880014392462644,6.02438758913062,2023,AA
Fabricio Macias,PIT,671246.0,sa927338,25,9125,55,49,0.0,0.0,0.0,0.10204081599999999,1,0.0,14,7.2727271999999985,25.4545454,70.63373684508865,0.305555555,0.28753644119609484,0.0,17.708333333333336,82.55813953488372,10.952381,56.75675675675675,68.25396825396825,26.04166666666667,0.0,0.0,0.0,0.0,0.0,0.0,0.0,0.0,15.0,41.6666666,33.3333333,25.0,0.0,4.628679977351045,0.2552731698378921,0.0046413303606889465,11.806848440004348,2023,AA
Nick Raposo,STL,695596.0,sa3015018,25,9125,54,50,0.0,0.0,0.0,0.16,1,0.0,9,7.407407400000001,16.6666666,89.41386139098873,0.3,0.3298391390729833,0.0,20.175438596491226,85.9375,8.121827,44.11764705882353,71.1111111111111,21.686746987951807,0.0,0.0,0.0,0.0,0.0,0.0,0.0,0.0,16.27906976744186,42.5,30.0,27.500000000000004,0.0,4.75223214,-0.08998326770961285,-0.001666356809437275,16.220685776188663,2023,AA
Wyatt Langford,TEX,694671.0,sa3022654,21,7665,54,42,0.0,0.0,0.0,0.35714285700000004,4,0.0,7,20.3703703,12.9629629,222.73461265425686,0.40625,0.5416668410654422,0.0,22.97297297297297,86.53846153846155,6.639003999999999,38.58921161825727,55.91397849462365,18.6046511627907,0.0,0.0,0.0,0.0,0.0,0.0,0.0,0.0,25.0,36.1111111,41.6666666,22.222222199999997,0.0,1.5061231138404776,-0.9032712583430113,-0.016727245524870576,39.49169826555232,2023,AA
Sebastián Rivero,CHW,665861.0,sa917021,24,8760,54,48,0.0,0.0,0.0,0.020833334,0,0.0,9,9.259259199999999,16.6666666,29.816449104646864,0.205128205,0.2265994603987093,0.0,32.72727272727273,87.14285714285714,9.74359,48.83720930232558,66.66666666666666,20.212765957446805,0.0,0.0,0.0,0.0,0.0,0.0,0.0,0.0,32.55813953488372,28.2051282,53.8461538,17.9487179,0.0,2.64285714,-0.10298855789005756,-0.0019071955164825477,13.033168264448939,2023,AA
Kervin Pichardo,SDP,682775.0,sa3011260,21,7665,51,44,0.0,0.0,0.0,0.159090909,2,0.0,14,5.8823529,27.4509803,76.62573422813986,0.24137931,0.2919691395759583,0.0,20.51282051282051,78.94736842105263,14.754098,56.906077348066304,73.7864077669903,30.76923076923077,0.0,0.0,0.0,0.0,0.0,0.0,0.0,0.0,12.5,45.16129030000001,38.7096774,16.129032199999997,0.0,5.278481600386843,0.31751534389331937,0.0062257910567317535,18.249929487255386,2023,AA
Andy Atwood,CHW,664762.0,sa3019577,26,9490,50,44,0.0,0.0,0.0,0.0,0,0.0,19,6.0,38.0,-2.9734414872085453,0.23076923,0.174401407339135,0.0,34.736842105263165,68.96551724137932,17.582418,47.8021978021978,66.66666666666666,39.080459770114935,0.0,0.0,0.0,0.0,0.0,0.0,0.0,0.0,18.51851851851852,37.5,41.6666666,20.8333333,0.0,6.538426285087229,0.3207780383527279,0.006415560767054558,3.024882889750917,2023,AA
Diosbel Arias,TEX,677690.0,sa3005308,26,9490,50,43,0.0,0.0,0.0,0.325581395,4,0.0,10,8.0,20.0,139.74299652112614,0.24137931,0.4091525733470917,0.0,25.0,76.31578947368422,12.834225,48.07692307692307,76.0,24.210526315789476,0.0,0.0,0.0,0.0,0.0,0.0,0.0,0.0,34.285714285714285,42.4242424,36.363636299999996,21.2121212,0.0,2.64285714,-0.08998326770961285,-0.0017996653541922571,12.53819448714625,2023,AA
Jason Matthews,CHW,667240.0,sa3018152,26,9490,50,43,0.0,0.0,0.0,0.162790698,2,0.0,18,8.0,36.0,90.18718580562836,0.304347826,0.32270331621170045,0.0,21.00840336134453,80.64516129032258,13.402061999999999,43.867924528301884,66.66666666666666,38.46153846153847,0.0,0.0,0.0,0.0,0.0,0.0,0.0,0.0,17.24137931034483,56.00000000000001,36.0,8.0,0.0,5.292662389843475,0.09701144509017467,0.0019402289018034934,8.14729449571072,2023,AA
Sheng-Ping Chen,ARI,691283.0,sa3014837,22,8030,50,43,0.0,0.0,0.0,0.209302326,2,0.0,12,14.000000000000002,24.0,89.29883496881838,0.275862068,0.35247536659240725,0.0,23.85321100917432,76.66666666666667,13.197970000000002,44.670050761421315,68.18181818181817,30.952380952380953,0.0,0.0,0.0,0.0,0.0,0.0,0.0,0.0,12.903225806451614,56.666666600000006,33.3333333,10.0,0.0,4.10119047125,-0.09748187335208057,-0.0019496374670416121,24.42089886278861,2023,AA
Mat Nelson,CIN,680756.0,sa3017328,24,8760,49,37,0.0,0.0,0.0,0.27027027,3,0.0,8,20.408163199999997,16.326530599999998,171.32819699188101,0.307692307,0.4641910438634912,0.0,24.6031746031746,84.44444444444444,10.0,33.68421052631579,70.3125,27.631578947368425,0.0,0.0,0.0,0.0,0.0,0.0,0.0,0.0,24.13793103448276,48.275862,31.0344827,20.6896551,0.0,1.60119047125,-0.15052173845469952,-0.0030718722133612148,26.663575152769337,2023,AA
Andy Yerzy,CIN,647378.0,sa917939,24,8760,49,39,0.0,0.0,0.0,0.205128205,2,0.0,8,18.367346899999998,16.326530599999998,118.8928238662385,0.24137931,0.38071945127175777,0.0,29.8780487804878,72.5,10.309278,28.070175438596486,62.5,27.02702702702703,0.0,0.0,0.0,0.0,0.0,0.0,0.0,0.0,16.666666666666664,54.8387096,29.032258000000002,16.129032199999997,0.0,4.6340179586145,0.08116705156862736,0.0016564704401760685,24.70531138781959,2023,AA
Wladimir Chalo,LAD,672896.0,sa3002863,23,8395,48,42,0.0,0.0,0.0,0.023809524,0,0.0,15,10.4166666,31.25,49.60606187507826,0.321428571,0.2583617766698201,0.0,30.52631578947368,81.81818181818183,13.372093,44.76744186046512,71.42857142857143,28.57142857142857,0.0,0.0,0.0,0.0,0.0,0.0,0.0,0.0,10.714285714285714,48.1481481,25.925925900000006,25.925925900000006,0.0,1.30357142125,-0.09748187335208057,-0.002030872361501679,10.100844190169383,2023,AA
Edwin Díaz,BOS,641521.0,sa738152,27,9855,48,44,0.0,0.0,0.0,0.204545455,2,0.0,19,8.3333333,39.5833333,18.25374674827632,0.086956521,0.20743381728728613,0.0,24.705882352941174,65.06024096385542,20.833333,57.92079207920793,70.94017094017093,45.0,0.0,0.0,0.0,0.0,0.0,0.0,0.0,0.0,22.222222222222218,20.0,76.0,4.0,0.0,3.0595238025,-0.03461335971951485,-0.000721111660823226,2.6999615850233294,2023,AA
Joe Donovan,CLE,676973.0,sa3015088,24,8760,46,45,0.0,0.0,0.0,0.111111112,0,0.0,13,2.173913,28.2608695,94.149527180042,0.40625,0.3149165640706601,0.0,15.873015873015873,71.05263157894737,16.86747,62.048192771084345,73.7864077669903,32.55813953488372,0.0,0.0,0.0,0.0,0.0,0.0,0.0,0.0,6.25,43.3333333,33.3333333,23.3333333,0.0,4.696428565,-0.08653339929878713,-0.001881160854321459,12.225888348345599,2023,AA
Hector Nieves,HOU,695758.0,sa3017375,19,6935,46,40,0.0,0.0,0.0,0.025,0,0.0,18,8.6956521,39.1304347,-16.38236974040224,0.166666666,0.1528083695017773,0.0,22.891566265060238,76.47058823529412,16.111110999999998,53.88888888888889,70.10309278350515,34.48275862068966,0.0,0.0,0.0,0.0,0.0,0.0,0.0,0.0,33.33333333333333,33.3333333,45.8333333,20.8333333,0.0,1.5061231138404776,-0.5253905109129846,-0.011421532845934449,6.922597777089815,2023,AA
Roman Anthony,BOS,701350.0,sa3020211,19,6935,44,35,0.0,0.0,0.0,0.2,1,0.0,6,18.1818181,13.6363636,182.4621210489368,0.39285714200000005,0.4595053819092838,0.0,17.037037037037038,80.64516129032258,7.216495,41.30434782608695,65.26315789473685,21.428571428571427,0.0,0.0,0.0,0.0,0.0,0.0,0.0,0.0,13.513513513513516,58.620689600000006,20.6896551,20.6896551,0.0,6.43271772499985,0.4615465700626373,0.010489694774150848,45.048186406450185,2023,AA
Drew Ellis,PHI,656403.0,sa3004687,27,9855,44,35,0.0,0.0,0.0,0.342857143,3,0.0,9,18.1818181,20.4545454,166.99764988973064,0.260869565,0.4407604986971075,0.0,15.957446808510639,75.0,9.580838,43.712574850299404,60.273972602739725,30.50847457627119,0.0,0.0,0.0,0.0,0.0,0.0,0.0,0.0,42.307692307692314,19.230769199999997,53.8461538,26.9230769,0.0,0.8571428525,-0.10384007915854454,-0.0023600017990578303,10.558994545913627,2023,AA
Evan Mendoza,SDP,656734.0,sa3002836,27,9855,43,41,0.0,0.0,0.0,0.097560975,1,0.0,12,4.6511627,27.906976699999998,44.0155090039271,0.25,0.2398997822473216,0.0,16.666666666666664,82.5,10.059172,64.49704142011834,73.39449541284405,20.0,0.0,0.0,0.0,0.0,0.0,0.0,0.0,0.0,6.896551724137932,48.275862,27.586206800000006,24.137931,0.0,4.7564888569492645,0.5400111638009548,0.01255839915816174,5.59407479587553,2023,AA
Ivan Gonzalez,CHW,675625.0,sa3010014,26,9490,43,40,0.0,0.0,0.0,0.025,0,0.0,6,6.9767440999999994,13.9534883,-20.749218000332547,0.11764705800000001,0.14610424291255866,0.0,20.0,90.32258064516128,4.605263,49.404761904761905,74.69879518072288,12.676056338028168,0.0,0.0,0.0,0.0,0.0,0.0,0.0,0.0,12.82051282051282,48.4848484,42.4242424,9.090909,0.0,2.64285714,-0.04753318056464195,-0.0011054228038288826,8.501763426518561,2023,AA
Josh Zamora,MIA,695031.0,sa3020092,24,8760,43,40,0.0,0.0,0.0,0.15,1,0.0,6,4.6511627,13.9534883,112.59896414238892,0.333333333,0.36095476704974505,0.0,35.61643835616439,88.23529411764706,9.937888,54.6583850931677,77.27272727272727,18.085106382978726,0.0,0.0,0.0,0.0,0.0,0.0,0.0,0.0,14.705882352941178,60.606060600000006,21.2121212,18.1818181,0.0,4.472966797744954,0.112855838611722,0.0026245543863191163,21.23856925138632,2023,AA
Yorman Rodriguez,SDP,660857.0,sa872817,25,9125,41,39,0.0,0.0,0.0,0.153846154,2,0.0,5,2.4390243,12.1951219,36.7761834667729,0.151515151,0.2283406155865367,0.0,29.72972972972973,89.74358974358975,8.148147999999999,45.185185185185176,63.93442622950821,19.672131147540984,0.0,0.0,0.0,0.0,0.0,0.0,0.0,0.0,20.0,42.8571428,51.428571399999996,5.7142857000000005,0.0,0.5595238025,-0.044991633854806416,-0.0010973569232879618,10.863166023105213,2023,AA
Abiezel Ramirez,TOR,672656.0,sa3003282,23,8395,41,37,0.0,0.0,0.0,0.027027027000000002,0,0.0,20,9.756097500000001,48.780487799999996,-4.166053126525752,0.235294117,0.16942862185036264,0.0,25.373134328358212,60.65573770491803,22.222222,56.20915032679738,70.93023255813954,48.0,0.0,0.0,0.0,0.0,0.0,0.0,0.0,0.0,5.882352941176469,76.4705882,17.647058800000003,5.8823529,0.0,6.5567988223983615,0.5394266294315457,0.013156747059305994,7.83656123853832,2023,AA
Matthew Dyer,TBR,686546.0,sa3014883,24,8760,41,36,0.0,0.0,0.0,0.13888888900000002,1,0.0,20,9.756097500000001,48.780487799999996,73.15661482996515,0.4375,0.29684197466547896,0.0,25.555555555555557,69.56521739130434,21.604938,44.444444444444436,63.88888888888889,51.42857142857142,0.0,0.0,0.0,0.0,0.0,0.0,0.0,0.0,29.411764705882355,35.29411760000001,52.941176399999996,11.7647058,0.0,1.22240259,-0.07129977084696293,-0.0017390188011454373,7.663324722641962,2023,AA
Adael Amador,COL,691182.0,sa3014682,20,7300,41,35,0.0,0.0,0.0,0.085714286,1,0.0,8,9.756097500000001,19.5121951,33.45993234793322,0.148148148,0.2292527861711456,0.0,13.414634146341465,88.8888888888889,4.733728,54.94505494505495,63.0,13.043478260869565,0.0,0.0,0.0,0.0,0.0,0.0,0.0,0.0,22.58064516129032,59.25925920000001,37.037037,3.7037037000000006,0.0,5.015840157056076,0.08988652657717466,0.0021923543067603572,25.60822899962236,2023,AA
Brandon Parker,ATL,688556.0,sa1169878,24,8760,40,31,0.0,0.0,0.0,0.032258065,0,0.0,11,22.5,27.500000000000004,78.76708835112329,0.25,0.29127190113067625,0.0,27.08333333333333,77.7777777777778,13.793103,44.82758620689656,69.23076923076923,31.325301204819283,0.0,0.0,0.0,0.0,0.0,0.0,0.0,0.0,15.0,30.0,60.0,10.0,0.0,2.5475476783293107,-0.3694635946303606,-0.009236589865759016,12.312875146138596,2023,AA
Joe Gray Jr.,MIL,669336.0,sa3008005,23,8395,39,37,0.0,0.0,0.0,0.027027027000000002,0,0.0,17,2.5641025,43.5897435,-55.726084079154994,0.1,0.09539933540882208,0.0,27.142857142857146,74.19354838709677,21.167883,54.838709677419345,72.94117647058823,43.835616438356155,0.0,0.0,0.0,0.0,0.0,0.0,0.0,0.0,23.809523809523807,36.842105200000006,52.6315789,10.5263157,0.0,7.106529209621992,0.17623341269791126,0.004518805453792596,5.867457087532427,2023,AA
Ronaiker Palma,COL,681623.0,sa3005624,23,8395,39,38,0.0,0.0,0.0,0.078947369,0,0.0,7,2.5641025,17.9487179,67.6310582304442,0.322580645,0.2817079012210553,0.0,19.718309859154925,85.71428571428571,7.432432,53.896103896103895,67.46987951807229,16.923076923076927,0.0,0.0,0.0,0.0,0.0,0.0,0.0,0.0,5.882352941176469,54.8387096,29.032258000000002,16.129032199999997,0.0,4.29058440875,-0.0778800593689084,-0.00199692459920278,18.791804826297867,2023,AA
Kyle Teel,BOS,691019.0,sa3022886,21,7665,39,31,0.0,0.0,0.0,0.16129032199999999,1,0.0,11,20.5128205,28.2051282,165.08208983513282,0.47368421,0.4328257945867685,0.0,18.571428571428573,85.9375,8.648649,41.66666666666667,64.0,26.38888888888889,0.0,0.0,0.0,0.0,0.0,0.0,0.0,0.0,26.923076923076927,42.1052631,21.0526315,36.842105200000006,0.0,3.88486387003502,0.2701999070122838,0.0069282027439047135,36.00944108878233,2023,AA
Collin Burns,BAL,700936.0,sa3017176,23,8395,38,34,0.0,0.0,0.0,0.029411765,0,0.0,8,7.8947368,21.0526315,36.031210954094064,0.269230769,0.24257299384555303,0.0,32.35294117647059,93.18181818181816,6.569342999999999,50.36496350364965,63.76811594202898,13.636363636363635,0.0,0.0,0.0,0.0,0.0,0.0,0.0,0.0,22.222222222222218,50.0,42.30769229999999,7.6923076,0.0,5.811965246074824,0.5221199495717883,0.0137399986729418,17.837767014994565,2023,AA
Joshua Palacios,PIT,641943.0,sa829562,27,9855,37,34,0.0,0.0,0.0,0.058823529000000006,0,0.0,2,5.4054053999999985,5.4054053999999985,80.77856029402228,0.28125,0.30310946864050786,0.0,17.1875,89.47368421052632,5.072464,52.941176470588246,79.16666666666666,13.235294117647062,0.0,0.0,0.0,0.0,0.0,0.0,0.0,0.0,15.625,45.16129030000001,41.9354838,12.9032258,0.0,5.829009374500152,0.11346660368144512,0.003066664964363382,8.216202766980826,2023,AA
Ben Ross,MIN,805346.0,sa3020353,22,8030,36,31,0.0,0.0,0.0,0.0,0,0.0,7,11.111111099999999,19.4444444,45.5342892576185,0.28,0.26257631679375965,0.0,25.352112676056336,80.43478260869566,13.636364000000002,46.21212121212121,75.40983606557377,29.6875,0.0,0.0,0.0,0.0,0.0,0.0,0.0,0.0,24.0,28.000000000000004,40.0,32.0,0.0,6.2387713437564924,0.31751534389331937,0.008819870663703315,18.12713548377684,2023,AA
Karl Ellison,TOR,641552.0,sa3018120,28,10220,35,30,0.0,0.0,0.0,0.033333333,0,0.0,10,11.428571400000001,28.571428499999996,-2.3317847222429093,0.142857142,0.17224435465676444,0.0,21.59090909090909,86.27450980392156,11.627907,46.34146341463415,67.10526315789474,30.90909090909091,0.0,0.0,0.0,0.0,0.0,0.0,0.0,0.0,12.5,47.6190476,33.3333333,19.047619,0.0,2.196428565,-0.05192003957927227,-0.001483429702264922,3.0289960529259408,2023,AA
Brady Allen,DET,680918.0,sa3018098,23,8395,35,31,0.0,0.0,0.0,0.16129032199999999,1,0.0,12,11.428571400000001,34.28571420000001,44.81761376049796,0.166666666,0.2420095886502947,0.0,19.718309859154925,79.54545454545455,13.953488,44.96124031007752,75.86206896551724,36.206896551724135,0.0,0.0,0.0,0.0,0.0,0.0,0.0,0.0,26.315789473684212,21.0526315,47.368421000000005,31.5789473,0.0,1.30357142125,-0.043266699649393565,-0.0012361914185541015,12.099839865289226,2023,AA
Casey Yamauchi,ATH,671748.0,sa3022528,22,8030,35,31,0.0,0.0,0.0,0.032258063999999996,0,0.0,5,5.7142857000000005,14.2857142,44.0755895243299,0.23076923,0.2554248077528817,0.0,28.26086956521739,88.13559322033899,9.401709,60.68376068376068,83.09859154929578,15.492957746478872,0.0,0.0,0.0,0.0,0.0,0.0,0.0,0.0,11.538461538461537,60.0,20.0,20.0,0.0,4.8484552354861306,-0.34038771921768785,-0.009725363406219652,17.824102432194785,2023,AA
Matt Pita,NYY,681862.0,sa3008146,26,9490,35,29,0.0,0.0,0.0,0.10344827599999999,1,0.0,7,8.5714285,20.0,81.90619127465148,0.22727272699999998,0.29566992691585,0.0,12.307692307692307,80.0,9.489051,56.375838926174495,77.38095238095238,19.402985074626862,0.0,0.0,0.0,0.0,0.0,0.0,0.0,0.0,16.0,30.4347826,52.17391300000001,17.391304299999998,0.0,3.762690680690264,-0.5187668222934008,-0.014821909208382882,9.990410915625509,2023,AA
Bryce Arnold,TOR,683301.0,sa3022557,21,7665,35,33,0.0,0.0,0.0,0.03030303,0,0.0,11,5.7142857000000005,31.4285714,4.837174386454555,0.22727272699999998,0.18324921812329967,0.0,10.9375,80.7017543859649,10.738255,57.04697986577181,67.05882352941175,26.5625,0.0,0.0,0.0,0.0,0.0,0.0,0.0,0.0,22.72727272727273,36.363636299999996,45.45454539999999,18.1818181,0.0,4.790341523630773,0.14807996340095994,0.0042308560971702856,15.398831423774958,2023,AA
Drew Mount,CIN,681898.0,sa3006728,27,9855,34,32,0.0,0.0,0.0,0.09375,0,0.0,7,2.9411764,20.5882352,80.77393944565908,0.36,0.32003820117782145,0.0,40.69767441860465,81.81818181818183,11.940299000000001,35.820895522388064,68.75,26.470588235294123,0.0,0.0,0.0,0.0,0.0,0.0,0.0,0.0,12.0,64.0,8.0,28.000000000000004,0.0,6.2626906806902625,-0.5377748105674982,-0.01581690619316171,5.642504600091194,2023,AA
Zach Neto,LAA,687263.0,sa3019855,22,8030,34,27,0.0,0.0,0.0,0.37037037,3,0.0,8,17.647058800000003,23.5294117,254.82243721331798,0.5625,0.5817703261519923,0.0,25.53191489361702,84.44444444444444,14.093960000000001,40.88050314465409,69.23076923076923,32.8125,0.0,0.0,0.0,0.0,0.0,0.0,0.0,0.0,20.0,42.1052631,26.315789399999996,31.5789473,0.0,6.444916839563104,0.4890892542898655,0.014384978067348984,34.021973193908536,2023,AA
Matt Donlan,BOS,804596.0,sa3020107,23,8395,34,27,0.0,0.0,0.0,0.074074074,0,0.0,7,17.647058800000003,20.5882352,100.83242025863927,0.3,0.3341979699976304,0.0,9.89010989010989,69.6969696969697,9.701493,38.926174496644286,56.896551724137936,34.21052631578947,0.0,0.0,0.0,0.0,0.0,0.0,0.0,0.0,9.090909090909092,35.0,60.0,5.0,0.0,1.08035714,-0.09518673922866584,-0.002799609977313701,22.311531790714472,2023,AA
Davis Bradshaw,MIA,676991.0,sa3007031,25,9125,34,31,0.0,0.0,0.0,0.064516129,0,0.0,5,5.8823529,14.7058823,93.95351167373428,0.346153846,0.331273170078502,0.0,43.03797468354431,81.48148148148148,7.272727000000001,35.772357723577244,61.36363636363637,18.181818181818183,0.0,0.0,0.0,0.0,0.0,0.0,0.0,0.0,14.285714285714285,64.0,24.0,12.0,0.0,3.15422077125,-0.08714416436851025,-0.0025630636578973607,13.233190294118211,2023,AA
Alex Erro,BOS,690622.0,sa3010177,25,9125,34,28,0.0,0.0,0.0,0.14285714300000002,1,0.0,7,14.7058823,20.5882352,122.5286656310639,0.333333333,0.36750325385261984,0.0,19.047619047619047,91.48936170212765,6.578947,44.73684210526316,69.11764705882352,20.634920634920636,0.0,0.0,0.0,0.0,0.0,0.0,0.0,0.0,18.181818181818183,45.0,40.0,15.0,0.0,2.64285714,-0.09518673922866584,-0.002799609977313701,19.330510460449744,2023,AA
Ethan Salas,SDP,806956.0,sa3020881,17,6205,33,28,0.0,0.0,0.0,0.035714286,0,0.0,8,12.1212121,24.2424242,59.40300193835035,0.25,0.264469280387416,0.0,19.540229885057467,94.5945945945946,5.442177,40.81632653061224,61.66666666666667,20.37037037037037,0.0,0.0,0.0,0.0,0.0,0.0,0.0,0.0,25.0,25.0,50.0,25.0,0.0,2.026579568190263,-0.5403877221979201,-0.016375385521149092,21.848714069591527,2023,AA
Miguel Hernandez,CIN,665912.0,sa917055,24,8760,33,29,0.0,0.0,0.0,0.310344828,2,0.0,4,9.090909,12.1212121,149.94450308849355,0.304347826,0.4301504548639059,0.0,32.22222222222222,87.1794871794872,10.483871,34.78260869565217,81.25,22.222222222222218,0.0,0.0,0.0,0.0,0.0,0.0,0.0,0.0,7.142857142857142,54.1666666,33.3333333,12.5,0.0,8.468466853975462,0.13662242889404294,0.004140073602849787,27.277786810356503,2023,AA
Jase Bowen,PIT,687749.0,sa3011267,22,8030,33,32,0.0,0.0,0.0,0.21875,0,0.0,7,3.030303,21.2121212,74.53344633941367,0.28,0.2935227733669859,0.0,18.421052631578945,79.66101694915254,13.888889,64.81481481481481,84.28571428571429,22.72727272727273,0.0,0.0,0.0,0.0,0.0,0.0,0.0,0.0,12.0,47.8260869,21.739130399999997,30.4347826,0.0,8.697932053175776,-0.0581934368237853,-0.0017634374795086453,22.383310108712035,2023,AA
Jonathan Guzmán,ARI,666695.0,sa917127,23,8395,32,29,0.0,0.0,0.0,0.10344827599999999,1,0.0,9,9.375,28.125,96.17451107910541,0.421052631,0.3634538874030113,0.0,20.0,80.0,11.428571,53.57142857142857,73.33333333333333,25.0,0.0,0.0,0.0,0.0,0.0,0.0,0.0,0.0,15.0,55.00000000000001,25.0,20.0,0.0,4.9478544684092585,0.11751534091308713,0.003672354403533973,22.064926716774455,2023,AA
Brent Diaz,MIL,676919.0,sa3004297,27,9855,32,26,0.0,0.0,0.0,0.115384616,0,0.0,2,15.625,6.25,138.62809772497604,0.333333333,0.40479072742164135,0.0,3.5087719298245608,82.75862068965517,8.461538000000001,56.153846153846146,79.45205479452055,18.33333333333333,0.0,0.0,0.0,0.0,0.0,0.0,0.0,0.0,12.5,37.5,41.6666666,20.8333333,0.0,2.40247252125,-0.08714416436851025,-0.0027232551365159448,11.199392224872556,2023,AA
Nate Soria,TBR,682424.0,sa3007333,27,9855,32,30,0.0,0.0,0.0,0.0,0,0.0,12,6.25,37.5,-66.07154419147092,0.055555555,0.07520540617406367,0.0,25.75757575757576,82.0,13.274335999999998,53.846153846153854,64.93506493506493,27.450980392156865,0.0,0.0,0.0,0.0,0.0,0.0,0.0,0.0,24.0,33.3333333,61.1111111,5.5555555,0.0,2.64285714,-0.023766590282320976,-0.0007427059463225305,2.710771809178611,2023,AA
Jake Perez,SDP,696065.0,sa3016546,22,8030,30,24,0.0,0.0,0.0,0.25,2,0.0,14,13.333333300000001,46.6666666,93.8839320822112,0.222222222,0.3195256272951762,0.0,13.725490196078432,62.74509803921568,19.53125,60.15625,66.23376623376622,44.82758620689656,0.0,0.0,0.0,0.0,0.0,0.0,0.0,0.0,36.36363636363637,27.2727272,54.545454500000005,18.1818181,0.0,2.64285714,-0.05249023949727416,-0.0017496746499091388,18.22860356439707,2023,AA
Omar Hernandez,KCR,683427.0,sa3010155,21,7665,30,23,0.0,0.0,0.0,0.043478261,0,0.0,9,20.0,30.0,58.23563430063333,0.214285714,0.27872390747070314,0.0,27.160493827160487,82.14285714285714,11.290323,34.14634146341464,66.66666666666666,30.0,0.0,0.0,0.0,0.0,0.0,0.0,0.0,0.0,0.0,85.7142857,7.1428571,7.1428571,0.0,1.3321351244402633,-0.5403877221979201,-0.018012924073264002,15.987913262845217,2023,AA
Raynel Delgado,CLE,669384.0,sa3007288,23,8395,29,27,0.0,0.0,0.0,0.148148148,1,0.0,9,6.896551700000002,31.0344827,38.308878103369224,0.176470588,0.2291971856150134,0.0,16.0,74.46808510638297,15.254237000000002,57.26495726495725,70.1492537313433,35.185185185185176,0.0,0.0,0.0,0.0,0.0,0.0,0.0,0.0,5.5555555555555545,33.3333333,44.444444399999995,22.222222199999997,0.0,4.063422882213404,0.1653866432607174,0.0057029876986454285,11.718722932836465,2023,AA
Joshwan Wright,ATH,678428.0,sa3005519,22,8030,29,26,0.0,0.0,0.0,0.0,0,0.0,5,6.896551700000002,17.241379300000002,-7.137426379120407,0.142857142,0.17365202616000994,0.0,19.29824561403509,84.44444444444444,7.4380169999999985,52.892561983471076,70.3125,17.857142857142858,0.0,0.0,0.0,0.0,0.0,0.0,0.0,0.0,19.047619047619047,36.842105200000006,42.1052631,21.0526315,0.0,2.01785714,-0.044991633854806416,-0.0015514356501657386,17.649961266806002,2023,AA
Ryan Ritter,COL,690022.0,sa3020206,22,8030,29,25,0.0,0.0,0.0,0.04,0,0.0,11,10.3448275,37.9310344,40.85720349459112,0.285714285,0.2406081248973978,0.0,22.950819672131143,71.42857142857143,20.689655,55.79710144927537,81.81818181818183,41.66666666666667,0.0,0.0,0.0,0.0,0.0,0.0,0.0,0.0,36.84210526315789,35.714285700000005,35.714285700000005,28.571428499999996,0.0,7.061965246074824,0.3394266264513135,0.01170436642935564,11.453552397578509,2023,AA
Justin Connell,WSN,676667.0,sa3004884,24,8760,29,24,0.0,0.0,0.0,0.041666667000000004,0,0.0,5,10.3448275,17.241379300000002,38.83295663779462,0.210526315,0.2304125008759675,0.0,12.76595744680851,87.69230769230771,8.474575999999999,66.66666666666666,69.14893617021278,20.37037037037037,0.0,0.0,0.0,0.0,0.0,0.0,0.0,0.0,7.6923076923076925,47.368421000000005,31.5789473,21.0526315,0.0,2.6187438871334514,-0.4841534625738859,-0.016694946985306408,15.865543265757642,2023,AA
Homer Bush Jr.,SDP,683344.0,sa3022480,21,7665,29,28,0.0,0.0,0.0,0.035714286,0,0.0,2,3.4482758,6.896551700000002,157.3938333367212,0.461538461,0.4209330760199448,0.0,10.714285714285714,86.36363636363636,9.876543,65.4320987654321,83.01886792452831,19.148936170212764,0.0,0.0,0.0,0.0,0.0,0.0,0.0,0.0,7.6923076923076925,61.5384615,3.8461538,34.6153846,0.0,2.2428930802572253,-0.3628835361450911,-0.012513225384313485,31.398352210542736,2023,AA
Murphy Stehly,WSN,693822.0,sa3020276,24,8760,28,25,0.0,0.0,0.0,0.0,0,0.0,6,3.5714285,21.4285714,26.2455115433965,0.210526315,0.21108987501689366,0.0,14.634146341463413,82.69230769230771,9.345794,61.6822429906542,78.78787878787878,18.96551724137931,0.0,0.0,0.0,0.0,0.0,0.0,0.0,0.0,10.526315789473683,38.8888888,27.7777777,33.3333333,0.0,2.2221914124998503,-0.4928068025037646,-0.017600242946563018,12.095408151656098,2023,AA
Chase DeLauter,CLE,800050.0,sa3021053,21,7665,28,22,0.0,0.0,0.0,0.045454546,0,0.0,3,17.857142800000005,10.7142857,152.92832288607337,0.4,0.4051462071282523,0.0,26.0,96.875,4.081633,48.45360824742268,68.08510638297872,11.111111111111109,0.0,0.0,0.0,0.0,0.0,0.0,0.0,0.0,20.0,40.0,35.0,25.0,0.0,0.9601648275,-0.10384007915854454,-0.0037085742556623048,35.221580402538116,2023,AA
Norkis Marcos,PIT,678850.0,sa3005575,22,8030,28,26,0.0,0.0,0.0,0.0,0,0.0,18,7.1428571,64.2857142,-18.847568162619428,0.375,0.1501762568950653,0.0,14.0625,48.214285714285715,26.446281,55.862068965517246,69.1358024691358,58.92857142857143,0.0,0.0,0.0,0.0,0.0,0.0,0.0,0.0,11.111111111111109,50.0,50.0,0.0,0.0,6.633769757263128,0.3567333063110709,0.012740475225395391,9.222625814212028,2023,AA
Cesar Berbesi,NYM,682452.0,sa3008740,23,8395,28,23,0.0,0.0,0.0,0.0,0,0.0,12,17.857142800000005,42.8571428,37.65034609207576,0.27272727199999997,0.2279015396322523,0.0,22.72727272727273,71.42857142857143,16.666667,48.4375,56.45161290322582,43.18181818181818,0.0,0.0,0.0,0.0,0.0,0.0,0.0,0.0,9.090909090909092,72.7272727,9.090909,18.1818181,0.0,3.762690680690264,-0.5014601424336433,-0.017909290801201547,9.105705533209418,2023,AA
Fabian Pertuz,CHC,678285.0,sa3005500,22,8030,27,22,0.0,0.0,0.0,0.0,0,0.0,7,14.814814800000002,25.925925900000006,16.016081760203356,0.133333333,0.20679530832502574,0.0,28.57142857142857,84.375,9.345794,38.888888888888886,65.3061224489796,27.659574468085108,0.0,0.0,0.0,0.0,0.0,0.0,0.0,0.0,12.5,50.0,42.8571428,7.1428571,0.0,6.27361895949562,0.14454462565481666,0.005353504653882097,18.708520161925204,2023,AA
Victor Torres,CHW,687436.0,sa3010597,22,8030,26,25,0.0,0.0,0.0,0.0,0,0.0,8,0.0,30.769230699999998,-4.4583308631933365,0.235294117,0.17203761981083796,0.0,41.53846153846154,74.07407407407408,18.085106,40.90909090909091,60.0,40.42553191489361,0.0,0.0,0.0,0.0,0.0,0.0,0.0,0.0,0.0,68.75,25.0,6.25,0.0,2.64285714,-0.03961098380386829,-0.0015234993770718575,3.8859532496992095,2023,AA
Jett Williams,NYM,702518.0,sa3020134,19,6935,26,22,0.0,0.0,0.0,0.045454545,0,0.0,10,7.6923076,38.461538399999995,68.838591532777,0.384615384,0.2757777204880348,0.0,10.0,65.78947368421053,14.563107,61.165048543689316,60.317460317460316,38.095238095238095,0.0,0.0,0.0,0.0,0.0,0.0,0.0,0.0,15.384615384615385,61.5384615,23.076923,15.384615300000002,0.0,6.293067972979427,0.13942662347108126,0.005362562441195433,15.09904881328199,2023,AA
Jason Lopez,MIL,660686.0,sa872552,25,9125,26,22,0.0,0.0,0.0,0.181818182,1,0.0,7,11.5384615,26.9230769,125.72723057156931,0.35714285700000004,0.3842539053696852,0.0,24.0,73.33333333333333,13.861386,50.0,60.0,33.33333333333333,0.0,0.0,0.0,0.0,0.0,0.0,0.0,0.0,6.666666666666668,60.0,20.0,20.0,0.0,1.08035714,-0.06337757408618927,-0.002437599003314972,14.11362768131335,2023,AA
Carson Williams,TBR,700246.0,sa3017795,20,7300,26,21,0.0,0.0,0.0,0.095238095,0,0.0,5,15.384615300000002,19.230769199999997,195.46257061776816,0.5625,0.4915401775103349,0.0,10.638297872340424,77.5,12.264151,55.660377358490564,67.79661016949152,30.434782608695656,0.0,0.0,0.0,0.0,0.0,0.0,0.0,0.0,18.75,37.5,43.75,18.75,0.0,5.088445103190058,0.03845860809087753,0.0014791772342645205,36.25231648631595,2023,AA
Alexfri Planez,CLE,678413.0,sa3005515,21,7665,25,23,0.0,0.0,0.0,0.086956521,0,0.0,8,4.0,32.0,90.57020205504949,0.4,0.30942204475402835,0.0,28.57142857142857,78.94736842105263,13.333332999999998,61.111111111111114,69.0909090909091,29.16666666666667,0.0,0.0,0.0,0.0,0.0,0.0,0.0,0.0,13.333333333333336,46.6666666,46.6666666,6.6666666,0.0,2.64285714,-0.05192003957927227,-0.002076801583170891,13.570646405970711,2023,AA
Brock Wilken,MIL,694385.0,sa3022499,21,7665,25,23,0.0,0.0,0.0,0.347826087,2,0.0,9,8.0,36.0,110.46846525026058,0.25,0.35996355772018435,0.0,5.7142857142857135,76.47058823529412,11.235955,60.67415730337079,62.96296296296296,30.555555555555557,0.0,0.0,0.0,0.0,0.0,0.0,0.0,0.0,21.428571428571427,30.769230699999998,53.8461538,15.384615300000002,0.0,0.76785714,-0.023766590282320976,-0.0009506636112928393,24.50783582200912,2023,AA
