Name,Org,MLBAMId,MinorMasterId,Age,AgeDays,PA,AB,BA,OBP,SLG,ISO,HR,BB,K,BB%,K%,wRC+,BABIP,wOBA,xwOBA,Chase%,ZContact%,SwStr%,Zone%,ZSwing%,Whiff%,MaxEV,EV90,AvgEV,HardHit%,Barrel%BBE,Barrel%PA,xBA,xSLG,PullAir%,GB%,FB%,LD%,LA,Spd,wBsR,wBsR/PA,PSScore,Season,Level
Josue De Paula,LAD,800543.0,sa3018591,21.0,7665,588,501,0.303393213,0.401360544,0.546906187,0.243512974,27,81,87,13.775510199999998,14.795918300000002,144.84006649355794,0.32051282,0.4151041107983313,0.0,27.855382087099425,89.72222222222223,6.601248999999998,47.224631396357324,66.11570247933885,15.497076023391811,0.0,0.0,0.0,0.0,0.0,0.0,0.0,0.0,20.323325635103927,40.540540500000006,31.6953316,27.764127700000003,0.0,5.8372053667761525,-0.349210649728775,-0.0005938956628040393,40.84019641663329,2026,AA
Charlie Pagliarini,SEA,813860.0,sa3022487,25.0,9125,588,496,0.264112903,0.37414965899999997,0.49798387,0.23387096699999999,27,81,175,13.775510199999998,29.7619047,136.40689385250718,0.35016835,0.38628415459272814,0.0,25.939050318922764,78.06191117092867,14.040115,44.47068083431721,65.75221238938053,33.80149812734082,0.0,0.0,0.0,0.0,0.0,0.0,0.0,0.0,21.25748502994012,38.5093167,35.0931677,26.397515500000004,0.0,4.864573548251782,-2.229354226961732,-0.0037914187533362787,15.131290696001365,2026,AA
Hunter Fitz-Gerald,SEA,686638.0,sa3022482,25.0,9125,583,526,0.27946768,0.337907375,0.526615969,0.247148289,29,43,174,7.3756432,29.845626,128.33241913381696,0.35757575700000005,0.3732588549829879,0.0,36.55494933749026,80.31784841075795,18.073354000000002,46.182885906040276,74.29609445958219,35.16393442622951,0.0,0.0,0.0,0.0,0.0,0.0,0.0,0.0,17.724867724867725,37.288135499999996,35.3107344,27.4011299,0.0,5.375569365932641,-0.90589040517807,-0.001553842890528422,11.581148811132564,2026,AA
Raylin Heredia,PHI,699712.0,sa3016826,22.0,8030,579,543,0.278084714,0.317157712,0.4732965,0.19521178600000003,23,25,147,4.3177892,25.388601,100.01449787015517,0.34133333299999996,0.3444225322229197,0.0,41.04148278905561,82.27060653188181,16.05,45.476419634263706,68.04232804232804,31.354359925788497,0.0,0.0,0.0,0.0,0.0,0.0,0.0,0.0,19.323671497584538,39.7932816,32.299741600000004,27.906976699999998,0.0,5.833493242126255,0.1447851099073887,0.00025006063887286474,18.540121103384497,2026,AA
Cam Collier,CIN,702253.0,sa3020131,21.0,7665,576,513,0.208576998,0.286458333,0.368421052,0.159844054,18,49,150,8.5069444,26.041666600000006,67.10362389127829,0.254285714,0.2939238328900602,0.0,37.7902321857486,85.91352859135286,12.972973,45.907319185794705,67.64150943396227,27.304653204565412,0.0,0.0,0.0,0.0,0.0,0.0,0.0,0.0,17.75456919060052,43.4065934,34.6153846,21.978021899999998,0.0,2.8102716974391906,-1.3354594931006432,-0.002318506064410839,16.196011112490098,2026,AA
Aroon Escobar,PHI,800169.0,sa3018463,21.0,7665,569,487,0.22997946600000002,0.332161687,0.34702258700000005,0.117043121,12,67,92,11.7750439,16.168717,80.9191388842498,0.257731958,0.3142354801585259,0.0,27.92792792792793,86.09271523178808,10.379515,45.997346306943825,72.59615384615384,23.574144486692013,0.0,0.0,0.0,0.0,0.0,0.0,0.0,0.0,13.253012048192772,45.316455600000005,33.164556899999994,21.518987300000003,0.0,6.128576397074817,0.11610640026628972,0.00020405342753302235,27.886803806011034,2026,AA
Sam Kulasingam,KCR,814528.0,sa3025316,24.0,8760,565,465,0.249462365,0.370106761,0.395698924,0.14623655900000002,12,85,113,15.044247699999998,20.0,102.91013331974344,0.301449275,0.35412002808258625,0.0,27.10280373831776,86.60436137071649,8.268969,44.34330299089727,62.75659824046921,20.864067439409908,0.0,0.0,0.0,0.0,0.0,0.0,0.0,0.0,15.733333333333333,46.02272720000001,28.9772727,25.0,0.0,6.666972310774912,0.9215351194143296,0.001631035609582884,23.87613650191471,2026,AA
Alex Ramírez,CHC,691267.0,sa3014695,23.0,8395,562,517,0.276595744,0.323843416,0.419729206,0.143133462,15,36,99,6.405693899999998,17.6156583,99.8958077434868,0.312958435,0.32963305616293936,0.0,35.31914893617021,84.38880706921944,11.615679,46.71201814058957,65.92233009708738,24.880838894184933,0.0,0.0,0.0,0.0,0.0,0.0,0.0,0.0,8.577878103837472,50.60532679999999,27.118644,22.276029,0.0,6.473636550015456,3.1912162145599723,0.005678320666476819,21.142228200053246,2026,AA
Andy Perez,COL,700321.0,sa3015857,22.0,8030,559,519,0.28516377600000004,0.320582877,0.402697495,0.11753371900000001,9,25,89,4.472271900000001,15.921288,89.86373018476654,0.3286052,0.3216602106163972,0.0,49.55312810327706,88.59375,11.105063000000001,46.464646464646464,73.22654462242562,20.29384756657484,0.0,0.0,0.0,0.0,0.0,0.0,0.0,0.0,14.888888888888886,52.1226415,24.5283018,23.3490566,0.0,6.08508916806648,-0.5218107085675001,-0.0009334717505679787,21.811907180452348,2026,AA
Jesús Made,MIL,815908.0,sa3024108,19.0,6935,558,491,0.270875763,0.344086021,0.42973523399999997,0.158859471,14,57,80,10.2150537,14.336917499999998,102.66977488063569,0.29382716,0.3432810931488256,0.0,29.21658986175116,88.0354505169867,8.512820999999999,48.33333333333334,66.69950738916256,19.586507072905327,0.0,0.0,0.0,0.0,0.0,0.0,0.0,0.0,13.37719298245614,52.5,26.75,20.75,0.0,7.287545129366813,-1.0612644487991931,-0.0019019076143354712,34.01593825766616,2026,AA
Cristofer Torin,ARI,800198.0,sa3018938,21.0,7665,556,495,0.28080808,0.344202898,0.44040404,0.15959596,16,45,62,8.093525099999999,11.1510791,85.02634447276685,0.290780141,0.3496868305327455,0.0,28.218694885361554,90.33280507131536,6.005719999999999,47.98165137614679,60.32504780114722,15.164835164835164,0.0,0.0,0.0,0.0,0.0,0.0,0.0,0.0,21.428571428571427,40.64665120000001,33.949191600000006,25.404157,0.0,5.709200388225452,-1.9725738056004047,-0.0035477946143892174,30.50452787314668,2026,AA
Alec Briley,CHW,701062.0,sa3025309,25.0,9125,548,490,0.24081632600000002,0.306569343,0.489795918,0.248979592,30,47,153,8.576642300000001,27.919708,103.663021255856,0.27936507899999996,0.33988068858417897,0.0,39.728353140916816,79.92610837438423,17.862372,44.953271028037385,84.40748440748443,32.215862632869985,0.0,0.0,0.0,0.0,0.0,0.0,0.0,0.0,25.069637883008355,41.297935100000004,34.5132743,24.1887905,0.0,5.662399617384003,-1.3764625173062086,-0.0025117929147923513,10.69989172588539,2026,AA
Dyan Jorge,COL,694170.0,sa3018387,23.0,8395,547,468,0.241452991,0.335793357,0.288461538,0.047008547000000005,1,65,115,11.8829981,21.023765899999997,74.65363691704347,0.31372549,0.29761521215808345,0.0,27.138914443422266,88.03986710963457,9.701127,47.56391702846117,61.054766734279916,24.45714285714286,0.0,0.0,0.0,0.0,0.0,0.0,0.0,0.0,10.0,55.6497175,21.1864406,23.1638418,0.0,6.627311932974258,2.5486588291823864,0.004659339724282242,21.46622903199188,2026,AA
Nick Rodriguez,LAA,823795.0,sa3041005,23.0,8395,546,475,0.254736842,0.328996282,0.349473684,0.09473684199999999,4,52,118,9.5238095,21.611721600000003,87.4572280899723,0.325,0.3110166551012089,0.0,29.71078001752848,87.23404255319151,9.479825,46.6822429906542,70.57057057057057,21.812749003984067,0.0,0.0,0.0,0.0,0.0,0.0,0.0,0.0,8.59375,47.6190476,29.971988699999997,22.4089635,0.0,4.565005768622775,-3.7043982064351435,-0.0067846120996980655,19.11957083255232,2026,AA
Coby Morales,NYY,815089.0,sa3022829,24.0,8760,541,468,0.282051282,0.371534195,0.478632478,0.196581196,21,69,133,12.7541589,24.5841035,129.1678064766455,0.34905660299999997,0.3756019956743871,0.0,28.60576923076923,80.75757575757576,12.61426,45.26315789473684,63.95348837209303,30.27522935779817,0.0,0.0,0.0,0.0,0.0,0.0,0.0,0.0,11.428571428571427,43.6746987,29.8192771,26.506024,0.0,5.90575621640952,-2.4568397989496593,-0.004541293528557595,20.45183836607016,2026,AA
Dylan Dreiling,TEX,702662.0,sa3025251,23.0,8395,538,475,0.311578947,0.379888268,0.515789473,0.204210526,22,56,110,10.4089219,20.4460966,126.16239018309204,0.361031518,0.3919167486246159,0.0,31.04347826086957,90.49235993208828,8.033106,44.89698131288932,62.86019210245464,18.837459634015072,0.0,0.0,0.0,0.0,0.0,0.0,0.0,0.0,13.648293963254593,40.0,36.2162162,23.7837837,0.0,5.3382711566942085,-0.6312843523919582,-0.0011733909895761305,28.688160619261588,2026,AA
Tucker Flint,LAA,687272.0,sa3019856,25.0,9125,537,441,0.23356009,0.36380597,0.383219954,0.149659864,14,80,146,14.8975791,27.188081899999997,107.40937275265765,0.31338028100000004,0.3428340760001993,0.0,24.322033898305087,77.09251101321586,14.420804,46.50951949229374,66.37426900584795,35.275080906148865,0.0,0.0,0.0,0.0,0.0,0.0,0.0,0.0,14.610389610389609,44.3686006,34.470989700000004,21.1604095,0.0,5.683103944738608,0.6066282084211707,0.0011296614681958485,13.780486441844422,2026,AA
Ben McLaughlin,ARI,808768.0,sa3025256,24.0,8760,536,470,0.263829787,0.34953271,0.423404255,0.159574468,15,52,71,9.7014925,13.246268599999999,85.35252603259741,0.28238341899999997,0.3502130087290969,0.0,30.24263431542461,91.4542728635682,7.50242,45.71966133584196,68.62139917695475,16.768916155419227,0.0,0.0,0.0,0.0,0.0,0.0,0.0,0.0,20.38369304556355,39.9497487,36.1809045,23.8693467,0.0,4.073239147405774,-1.6822241842746737,-0.003138477955736331,20.414649646675446,2026,AA
Bryan Rincon,PHI,804858.0,sa3020221,22.0,8030,534,424,0.266509433,0.410112359,0.516509433,0.25,26,95,111,17.7902621,20.7865168,140.310565773192,0.298969072,0.4081248957489042,0.0,21.294851794071764,86.45161290322581,8.470798,44.59809853068279,60.07751937984496,23.47525891829689,0.0,0.0,0.0,0.0,0.0,0.0,0.0,0.0,19.937694704049846,43.6305732,35.6687898,20.7006369,0.0,6.369206839591763,2.0260116029530764,0.0037940292190132524,38.365491505177054,2026,AA
Kyle DeBarge,MIN,814414.0,sa3025260,22.0,8030,533,457,0.221006564,0.324528301,0.35229759200000005,0.131291028,12,66,138,12.3827392,25.8911819,75.91450996610249,0.288025889,0.3147501999477171,0.0,25.314333612740988,80.02980625931446,12.674744,44.89607390300231,69.03292181069959,29.76066597294485,0.0,0.0,0.0,0.0,0.0,0.0,0.0,0.0,23.33333333333333,37.8548895,41.324921100000005,20.820189199999998,0.0,6.244527808991381,0.4839035477489233,0.0009078865811424454,21.659917118192467,2026,AA
Jace Avina,NYY,701778.0,sa3018398,23.0,8395,532,460,0.254347826,0.34962406,0.467391304,0.213043478,21,61,126,11.466165400000001,23.684210500000002,119.73985701632999,0.303797468,0.3606977458287001,0.0,25.155555555555548,83.6283185840708,12.299197,45.73082489146165,71.51898734177216,28.524945770065074,0.0,0.0,0.0,0.0,0.0,0.0,0.0,0.0,20.63037249283668,32.8267477,41.6413373,25.531914800000003,0.0,5.978797724066819,-1.2984317699447274,-0.002440661221700616,25.28967363207925,2026,AA
Callan Moss,PIT,801978.0,sa3025392,22.0,8030,530,473,0.266384778,0.339622641,0.399577167,0.133192389,11,48,127,9.0566037,23.9622641,96.54231140384633,0.340236686,0.33347429430709696,0.0,32.30174081237911,82.16560509554141,11.68437,49.013806706114394,63.179074446680076,26.180257510729607,0.0,0.0,0.0,0.0,0.0,0.0,0.0,0.0,11.294765840220384,49.8559077,25.3602305,24.7838616,0.0,4.568077579018533,-0.6480127507820725,-0.0012226655675133444,21.209279916053546,2026,AA
Carter Trice,CHC,807714.0,sa3022661,23.0,8395,523,457,0.242888402,0.32695984699999997,0.41794310700000004,0.175054705,15,56,136,10.7074569,26.003824,100.69640850861559,0.307692307,0.33090976360200464,0.0,27.450980392156865,80.70987654320987,12.210425,47.2,64.6061814556331,28.9247311827957,0.0,0.0,0.0,0.0,0.0,0.0,0.0,0.0,20.1780415430267,37.888198700000004,43.167701799999996,18.9440993,0.0,5.4195866773682715,-1.2640092680230737,-0.00241684372470951,20.233617171355792,2026,AA
Jake Gelof,LAD,695372.0,sa3022600,24.0,8760,522,425,0.270588235,0.38505747100000004,0.564705882,0.294117647,34,84,141,16.091954,27.011494199999998,140.22559731757315,0.310344827,0.40766030229670985,0.0,27.839453458582412,80.84179970972424,12.79509,46.23507805325987,68.42105263157895,29.489795918367342,0.0,0.0,0.0,0.0,0.0,0.0,0.0,0.0,31.08974358974359,26.8041237,47.4226804,25.7731958,0.0,4.179521846428198,0.10807494260370733,0.00020704011993047375,22.070526310250454,2026,AA
Caleb Cali,SEA,687730.0,sa3022651,25.0,9125,515,449,0.20044543399999998,0.295145631,0.380846325,0.180400891,20,59,174,11.4563106,33.786407700000005,85.55088156647184,0.27027027,0.30424602579050025,0.0,32.340777502067816,77.53846153846153,13.636364000000002,46.480743691899065,61.904761904761905,32.201646090534986,0.0,0.0,0.0,0.0,0.0,0.0,0.0,0.0,30.536912751677853,31.5217391,45.289854999999996,23.1884057,0.0,5.551598246745181,2.4315387792885303,0.00472143452289035,10.214363210870106,2026,AA
Mac Horvath,TBR,690991.0,sa3022885,24.0,8760,512,460,0.267391304,0.330058939,0.410869565,0.143478261,12,42,125,8.203125,24.4140625,96.72049826788502,0.339449541,0.3300615316770208,0.0,29.422548120989923,82.88590604026845,10.062565,47.370959961408595,60.69246435845214,25.890736342042757,0.0,0.0,0.0,0.0,0.0,0.0,0.0,0.0,21.095890410958905,37.4622356,37.4622356,25.0755287,0.0,8.553949863721462,5.986469024792314,0.011692322314047487,18.519982258565964,2026,AA
Ryan Jackson,SDP,810838.0,sa3025514,24.0,8760,511,453,0.24061810100000003,0.319526627,0.311258278,0.070640177,4,44,125,8.6105675,24.4618395,77.85383839159779,0.323076923,0.2974060544147793,0.0,34.514925373134325,82.85714285714286,13.171488,45.611364789446974,66.18464961067853,28.510638297872344,0.0,0.0,0.0,0.0,0.0,0.0,0.0,0.0,12.759643916913946,45.846153799999996,32.61538460000001,21.5384615,0.0,4.699122747175473,-3.8747565671801567,-0.007582693869237097,10.972629522460457,2026,AA
Druw Jones,ARI,702258.0,sa3020676,22.0,8030,510,436,0.270642201,0.360946745,0.373853211,0.10321101,7,61,146,11.9607843,28.627450899999996,79.53181091540938,0.384083044,0.3408233504558691,0.0,30.138248847926267,79.5138888888889,13.719512,45.20202020202021,64.35754189944134,32.62331838565022,0.0,0.0,0.0,0.0,0.0,0.0,0.0,0.0,11.258278145695362,53.2423208,18.771331,27.986348100000004,0.0,7.251805346504978,0.6879659164696932,0.0013489527773915553,20.462662066355904,2026,AA
Mike Boeve,MIL,801670.0,sa3022658,24.0,8760,510,440,0.275,0.36862745,0.388636363,0.113636363,9,65,97,12.745098,19.0196078,105.17639419922672,0.332344213,0.3472783657850004,0.0,27.21991701244813,88.96434634974533,7.918327000000001,45.326678765880224,58.95895895895896,21.615201900237533,0.0,0.0,0.0,0.0,0.0,0.0,0.0,0.0,10.732984293193716,51.62241880000001,27.7286135,20.648967499999998,0.0,4.611126799538772,0.12108386401087046,0.0002374193411977852,21.619368424962,2026,AA
Braedon Karpathios,SDP,701682.0,sa3019863,23.0,8395,510,448,0.267857142,0.352941176,0.444196428,0.176339286,17,60,162,11.7647058,31.7647058,114.79341658711924,0.38007379999999996,0.35699495526802794,0.0,26.143226919758412,77.05167173252279,14.813062,45.4331450094162,68.18652849740933,34.562697576396204,0.0,0.0,0.0,0.0,0.0,0.0,0.0,0.0,11.904761904761903,46.4788732,29.2253521,24.2957746,0.0,4.035232542837714,-3.0843564216047525,-0.006047757689421084,18.84370055898139,2026,AA
Peyton Graham,DET,689931.0,sa3019990,25.0,9125,510,424,0.290094339,0.39685658100000004,0.429245283,0.139150944,9,64,106,12.5490196,20.7843137,126.82727362152424,0.361904761,0.3752744488257088,0.0,26.0539629005059,82.43451463790447,9.824722999999999,47.19501335707925,61.22641509433963,25.271149674620396,0.0,0.0,0.0,0.0,0.0,0.0,0.0,0.0,19.46107784431138,39.93610220000001,34.185303499999996,25.8785942,0.0,9.324573729319784,7.815240936353803,0.015324001835987847,19.096947579613648,2026,AA
Tirso Ornelas,SDP,672359.0,sa3004048,26.0,9490,509,451,0.25277161800000003,0.32741617300000003,0.44345898,0.190687362,17,47,90,9.2337917,17.6817288,103.73087991805755,0.278735632,0.3391494780601137,0.0,28.482972136222912,89.02877697841727,8.280255,48.838437170010565,60.1081081081081,19.61259079903148,0.0,0.0,0.0,0.0,0.0,0.0,0.0,0.0,23.16076294277929,45.1523545,30.4709141,24.376731300000007,0.0,2.786736188839986,-1.178263207897544,-0.002314858954612071,11.422571026496243,2026,AA
Will Simpson,TBR,687310.0,sa3022530,24.0,8760,508,452,0.252212389,0.328740157,0.484513274,0.232300885,26,48,143,9.448818800000002,28.149606199999997,112.08301323735395,0.307692307,0.3545599308774227,0.0,33.39011925042589,81.71521035598704,13.749365999999998,44.75294117647059,64.98422712933754,30.866807610993657,0.0,0.0,0.0,0.0,0.0,0.0,0.0,0.0,20.36474164133739,38.8704318,36.544850399999994,24.5847176,0.0,4.913240006272393,0.8612202052026987,0.0016953153645722415,16.502004906147715,2026,AA
Aron Estrada,BAL,800406.0,sa3018552,21.0,7665,508,468,0.277777777,0.321499013,0.48076923,0.20299145300000002,24,31,94,6.1023622,18.503937,100.25261823068651,0.297752808,0.34774086390726666,0.0,37.00564971751413,85.45454545454545,11.861702,44.339622641509436,71.5130023640662,25.127161749745675,0.0,0.0,0.0,0.0,0.0,0.0,0.0,0.0,16.5374677002584,49.0566037,29.9191374,21.0242587,0.0,4.021673947016585,-1.4859298625960946,-0.0029250587846379817,24.489029282763205,2026,AA
Luke Waddell,ATL,680672.0,sa3017075,27.0,9855,507,444,0.22747747699999998,0.307692307,0.34909909899999997,0.121621622,10,49,52,9.6646942,10.2564102,76.99422779711655,0.233333333,0.29819881751132105,0.0,28.47866419294991,92.98245614035088,5.853921,45.63792233988906,69.28176795580112,14.318181818181818,0.0,0.0,0.0,0.0,0.0,0.0,0.0,0.0,22.843822843822853,38.7755102,36.479591799999994,24.744897899999998,0.0,4.6498537079379965,-1.7111671250313518,-0.0033750830868468484,7.2079789001520504,2026,AA
Daniel Vazquez,KCR,694187.0,sa3016143,22.0,8030,507,451,0.246119733,0.314629258,0.328159645,0.082039912,4,44,131,8.678500900000001,25.838264199999998,69.09009518594941,0.33647798700000003,0.299563398103198,0.0,35.1123595505618,79.43485086342228,15.870488,45.97875569044006,70.07700770077008,33.61344537815126,0.0,0.0,0.0,0.0,0.0,0.0,0.0,0.0,12.280701754385964,50.3144654,24.8427672,24.8427672,0.0,4.645514549508606,-0.10589039325714113,-0.00020885679143420338,12.895156861206301,2026,AA
Frainyer Chavez,TEX,669413.0,sa3007019,27.0,9855,506,421,0.268408551,0.37773359799999995,0.410926365,0.142517814,12,70,93,13.833992000000002,18.3794466,107.12537876956823,0.314641744,0.36120728627888266,0.0,25.12690355329949,84.375,10.083211,44.192634560906505,71.7948717948718,23.318872017353574,0.0,0.0,0.0,0.0,0.0,0.0,0.0,0.0,18.69688385269122,41.4634146,33.231707300000004,25.304878,0.0,5.19485608742514,0.07836604118347168,0.0001548735991768215,8.952922944736349,2026,AA
Sabin Ceballos,SFG,694754.0,sa3022500,23.0,8395,504,415,0.22650602399999997,0.355864811,0.397590361,0.171084337,18,72,90,14.2857142,17.857142800000005,106.4463950808708,0.24516129,0.34386294082816377,0.0,28.30508474576271,84.21900161030595,10.326087,44.10232117479868,66.70247046186897,24.31243124312431,0.0,0.0,0.0,0.0,0.0,0.0,0.0,0.0,27.90697674418605,33.540372600000005,41.9254658,24.5341614,0.0,4.234290677204342,-0.5434860615059733,-0.0010783453601308996,25.881327325184568,2026,AA
Carson Roccaforte,KCR,811287.0,sa3022825,24.0,8760,504,438,0.251141552,0.332669322,0.52283105,0.27168949800000003,30,52,144,10.3174603,28.571428499999996,110.62365889446995,0.295202952,0.3665630643367767,0.0,30.637254901960787,82.0121951219512,14.569866,43.175487465181064,70.53763440860214,32.94858342077649,0.0,0.0,0.0,0.0,0.0,0.0,0.0,0.0,27.27272727272727,33.670033600000004,46.1279461,20.2020202,0.0,6.838277092665738,-5.222240602597593,-0.01036158849721745,17.634303546665624,2026,AA
Garrett Spain,MIN,696521.0,sa3017174,25.0,9125,501,430,0.24418604600000002,0.34136546100000004,0.46279069700000003,0.218604651,22,58,137,11.5768463,27.3453093,101.97278237345536,0.302919708,0.3567859753068671,0.0,30.93829247675401,78.07757166947724,13.615960000000001,41.60908193484698,70.34400948991696,31.645569620253173,0.0,0.0,0.0,0.0,0.0,0.0,0.0,0.0,24.0,37.9661016,40.338983,21.6949152,0.0,6.642537439248577,-0.03737789206206799,-7.460657098217163e-05,13.914425342538301,2026,AA
Chris Suero,NYM,801523.0,sa3018614,22.0,8030,499,403,0.200992555,0.346693386,0.394540942,0.193548387,18,80,145,16.032064100000003,29.0581162,105.65621916640949,0.258196721,0.33860608726321817,0.0,25.490196078431374,73.64975450081833,13.74269,44.381223328591744,65.27777777777779,34.08577878103837,0.0,0.0,0.0,0.0,0.0,0.0,0.0,0.0,22.81368821292776,44.140625,39.453125,16.40625,0.0,7.128978706088565,1.490797518752515,0.0029875701778607523,25.481000613252156,2026,AA
Titus Dumitru,PIT,828335.0,sa3025225,23.0,8395,492,430,0.239534883,0.329268292,0.416279069,0.17674418600000003,15,50,113,10.1626016,22.9674796,96.53467712207426,0.28852459,0.3334622255912641,0.0,24.48173741362291,81.92182410423453,12.034539,46.79621848739496,68.91133557800224,27.659574468085108,0.0,0.0,0.0,0.0,0.0,0.0,0.0,0.0,8.231707317073171,46.6666666,27.9365079,25.3968253,0.0,3.930838290417484,-4.5326878083869815,-0.009212780098347523,20.38153059463212,2026,AA
Cameron Leary,ATH,802474.0,sa3025469,24.0,8760,488,421,0.22802850300000002,0.327868852,0.382422802,0.154394299,12,62,135,12.704918,27.6639344,85.18289268614576,0.30324909699999997,0.3248264120250452,0.0,27.175843694493786,81.32911392405063,13.233082999999999,44.34008897676718,70.45707915273131,31.31868131868132,0.0,0.0,0.0,0.0,0.0,0.0,0.0,0.0,14.965986394557824,41.1149825,34.146341400000004,24.7386759,0.0,7.610987520082389,3.98212500102818,0.00816009221522168,17.206633273626448,2026,AA
Cristian Hernández,MIA,694183.0,sa3015696,22.0,8030,488,430,0.253488372,0.336755646,0.411627906,0.158139534,13,53,122,10.860655699999999,25.0,99.81844650182416,0.323232323,0.3363291151224955,0.0,33.61344537815126,80.69073783359497,15.180467000000002,45.49618320610686,71.25279642058166,32.29166666666667,0.0,0.0,0.0,0.0,0.0,0.0,0.0,0.0,17.08074534161491,46.5116279,30.8970099,22.5913621,0.0,5.402027735259557,1.208739610388875,0.002476925431124744,20.88663434529134,2026,AA
DJ Gladney,NYY,687554.0,sa3010043,24.0,8760,487,437,0.263157894,0.32510288,0.48512585799999997,0.221967964,23,37,168,7.5975359,34.496919899999995,113.26449290398705,0.365079365,0.3504611143131846,0.0,37.390457643622206,77.48851454823891,18.780621,45.66137566137567,75.66628041714948,37.84860557768924,0.0,0.0,0.0,0.0,0.0,0.0,0.0,0.0,14.43661971830986,41.8518518,31.4814814,26.666666600000003,0.0,6.622271567054322,1.427543956786394,0.002931301759314977,13.522992752529307,2026,AA
Jansel Luis,ARI,800306.0,sa3018508,21.0,7665,486,448,0.270089285,0.315352697,0.444196428,0.17410714300000002,16,24,122,4.938271599999999,25.102880600000002,76.0319300073092,0.335463258,0.3351775345960593,0.0,38.76953125,87.31884057971014,13.916044,43.70533260032985,69.43396226415094,28.125,0.0,0.0,0.0,0.0,0.0,0.0,0.0,0.0,15.204678362573096,48.1481481,26.5432098,25.308641899999998,0.0,8.136833546446207,2.150991091504693,0.004425907595688669,21.474162738884317,2026,AA
Samuel Zavala,CHW,694214.0,sa3015718,21.0,7665,484,383,0.234986945,0.39004149299999996,0.389033942,0.154046997,14,94,112,19.421487600000006,23.1404958,117.91951357667624,0.294573643,0.3626153281120839,0.0,19.593998234774933,77.68166089965399,10.634049000000001,45.344910757356494,61.489361702127674,28.968253968253972,0.0,0.0,0.0,0.0,0.0,0.0,0.0,0.0,21.90812720848057,46.4684014,32.3420074,21.189591,0.0,3.4995930608220105,-3.3690794771537185,-0.0069609080106481785,30.310938708856057,2026,AA
Trevor Austin,HOU,809338.0,sa3025365,24.0,8760,483,396,0.24242424199999998,0.36875,0.434343434,0.191919192,17,66,104,13.664596200000002,21.532091,113.6541069395982,0.284172661,0.3646061441594723,0.0,23.5563703024748,78.88307155322863,11.195929,46.04352126607319,61.54672395273899,28.99628252788104,0.0,0.0,0.0,0.0,0.0,0.0,0.0,0.0,23.355263157894736,37.5426621,38.907849799999994,23.549488,0.0,4.862556748828796,-2.6550516486167908,-0.005497001342891906,21.0566443814894,2026,AA
Griff O'Ferrall,BAL,803172.0,sa3025409,23.0,8395,482,414,0.222222222,0.306722689,0.311594202,0.08937198,7,49,103,10.165975099999999,21.369294600000003,61.8156413524401,0.272435897,0.2869774594026453,0.0,31.22568093385214,87.35632183908045,9.100257,47.817258883248726,64.6496815286624,21.324354657687987,0.0,0.0,0.0,0.0,0.0,0.0,0.0,0.0,17.431192660550455,35.6687898,40.1273885,24.2038216,0.0,5.930048462501861,2.4979071775451303,0.005182380036400685,19.390745441892253,2026,AA
Charlie Szykowny,SFG,805126.0,sa3022689,26.0,9490,482,432,0.252314814,0.31666666600000004,0.416666666,0.164351852,14,36,99,7.4688796,20.539419,93.41955680774727,0.29320987600000004,0.3232693586139998,0.0,32.14638971315529,84.80565371024737,9.548022999999999,45.99358974358975,65.73751451800233,21.41176470588235,0.0,0.0,0.0,0.0,0.0,0.0,0.0,0.0,23.446327683615817,36.9696969,36.363636299999996,26.666666600000003,0.0,5.832152420055655,-0.6102806655690074,-0.0012661424596867373,9.969970642390138,2026,AA
Andy Garriola,CHC,696513.0,sa3020458,26.0,9490,481,425,0.256470588,0.312765957,0.45647058799999995,0.2,22,30,111,6.237006200000001,23.076923,103.41938251514108,0.290969899,0.3352520541941866,0.0,40.64577397910731,78.91268533772653,14.513469,45.69365652398144,68.510158013544,28.97959183673469,0.0,0.0,0.0,0.0,0.0,0.0,0.0,0.0,22.740524781341108,40.4458598,37.2611464,22.292993600000003,0.0,2.4889769207342094,-1.6391413817182183,-0.0034077783403705163,7.2872302817514125,2026,AA
E.J. Exposito,DET,802991.0,sa3019900,25.0,9125,481,420,0.23095238,0.318087318,0.438095238,0.207142858,23,53,124,11.018711,25.7796257,100.15006973721836,0.26618705,0.3331015761825498,0.0,30.47977422389464,80.58551617873651,13.707165,46.95608782435129,68.9691817215728,30.71965628356606,0.0,0.0,0.0,0.0,0.0,0.0,0.0,0.0,19.682539682539684,32.3129251,46.258503399999995,21.4285714,0.0,4.9654511788786015,-0.9165247352793812,-0.0019054568301026642,12.43348727009356,2026,AA
Elijah Hainline,LAD,809944.0,sa3025157,23.0,8395,479,380,0.24473684199999998,0.388655462,0.39473684200000003,0.15,13,84,122,17.536534399999997,25.469728600000003,114.29889717554256,0.32128514,0.36583677209725896,0.0,20.63492063492064,80.94435075885329,11.728075,46.180904522613055,64.52665941240478,30.583756345177665,0.0,0.0,0.0,0.0,0.0,0.0,0.0,0.0,17.883211678832122,46.484375,30.078125,23.4375,0.0,5.276961743273138,-0.37054259888827795,-0.0007735753630235449,25.279108387559514,2026,AA
Alex Binelas,PHI,681323.0,sa3017044,26.0,9490,479,401,0.266832917,0.382045929,0.508728179,0.241895262,26,72,140,15.0313152,29.227557399999995,128.84909882981248,0.341772151,0.3900059434103016,0.0,28.13932172318973,78.50162866449513,16.025302999999994,43.93627954779035,71.81286549707603,35.162374020156776,0.0,0.0,0.0,0.0,0.0,0.0,0.0,0.0,17.582417582417587,42.14559379999999,37.547892700000006,20.3065134,0.0,4.721775797721343,-0.7399312425404787,-0.0015447416336961976,10.730961442554896,2026,AA
Ryan Campos,STL,701481.0,sa3025151,23.0,8395,477,394,0.258883248,0.379454926,0.398477157,0.13959390900000002,12,69,111,14.4654088,23.2704402,106.29505115978712,0.327272727,0.3609273242500593,0.0,20.287081339712923,84.83333333333334,10.059172,45.938954992240035,67.56756756756756,25.452196382428948,0.0,0.0,0.0,0.0,0.0,0.0,0.0,0.0,12.292358803986712,48.9436619,27.4647887,23.5915492,0.0,4.876913987525736,0.9492128379642965,0.00198996402088951,26.534024653292818,2026,AA
Anderson De Los Santos,BAL,698945.0,sa3015747,22.0,8030,473,393,0.218829516,0.346072186,0.368956743,0.150127227,12,73,114,15.4334038,24.1014799,89.31385608029406,0.276119402,0.33044823365100123,0.0,21.45631067961165,78.55787476280834,9.95785,46.27021387584767,59.41375422773394,27.816411682892905,0.0,0.0,0.0,0.0,0.0,0.0,0.0,0.0,15.034965034965033,39.1304347,40.5797101,20.289855000000006,0.0,3.937376304899539,-2.177742076106369,-0.004604105869146658,24.98503304166729,2026,AA
Ruben Ibarra,CIN,702140.0,sa3017053,27.0,9855,468,400,0.2375,0.336909871,0.4725,0.235,25,53,118,11.324786300000001,25.213675199999997,104.60398200809749,0.268199233,0.3537251574212107,0.0,31.908548707753482,77.737881508079,13.558414,47.68590743629746,60.741548527808064,32.0,0.0,0.0,0.0,0.0,0.0,0.0,0.0,0.0,23.825503355704694,43.7722419,35.2313167,20.9964412,0.0,2.393680023104141,-1.2203000308945775,-0.002607478698492687,6.296704731558049,2026,AA
Seth Stephenson,DET,700931.0,sa3020495,25.0,9125,467,421,0.23752969100000002,0.30752688100000003,0.320665083,0.083135392,2,29,90,6.2098501,19.2719486,73.5074586939777,0.296969696,0.2909833899108312,0.0,33.51409978308026,89.13443830570904,9.701037,45.34676941315946,70.98039215686275,21.722846441947564,0.0,0.0,0.0,0.0,0.0,0.0,0.0,0.0,12.06896551724138,48.9028213,27.8996865,23.1974921,0.0,8.355414391703619,8.470867207273841,0.018138901942770538,12.562860071900142,2026,AA
Karson Simas,CHC,689302.0,sa3011739,25.0,9125,467,416,0.21875,0.30042918399999996,0.310096153,0.09134615300000001,5,41,132,8.779443200000001,28.265524600000006,71.28836569684654,0.307142857,0.28401314713412606,0.0,35.50939663699308,85.4043392504931,12.90691,45.35135135135135,60.42908224076282,29.531812725090035,0.0,0.0,0.0,0.0,0.0,0.0,0.0,0.0,9.12162162162162,49.2805755,25.539568300000003,25.179856100000002,0.0,8.755296280660716,4.8827871242538095,0.0104556469470103,9.67556354216976,2026,AA
Andrew Cossetti,MIN,681355.0,sa3020493,26.0,9490,463,365,0.194520547,0.35421166299999995,0.375342465,0.180821918,18,80,129,17.278617699999998,27.861771,92.07790864255198,0.23766816100000002,0.34082410788690554,0.0,21.170731707317078,77.59562841530055,12.621358999999998,45.39158231220032,64.43661971830986,34.08488063660477,0.0,0.0,0.0,0.0,0.0,0.0,0.0,0.0,19.59183673469388,34.453781500000005,47.8991596,17.647058800000003,0.0,2.9395516928423078,-2.1940067913383245,-0.004738675575244761,9.391793840528342,2026,AA
Nick Mitchell,WSN,814455.0,sa3025315,22.0,8030,462,395,0.260759493,0.360869565,0.36202531600000004,0.101265823,6,57,80,12.3376623,17.316017300000002,103.2239666072829,0.31189710600000004,0.3351824496103369,0.0,27.018633540372672,89.31297709923666,8.037694,47.557003257328994,59.81735159817352,20.367936925098554,0.0,0.0,0.0,0.0,0.0,0.0,0.0,0.0,13.580246913580249,53.2051282,25.0,21.7948717,0.0,6.460804242440924,0.20070267375558612,0.00043442137176533796,30.30335197460277,2026,AA
Jackson Castillo,NYY,814431.0,sa3023111,23.0,8395,462,395,0.240506329,0.344155844,0.356962025,0.116455696,9,59,90,12.7705627,19.4805194,96.66487453099717,0.287625418,0.32421947389970096,0.0,25.07317073170732,89.62264150943396,9.028961,44.32373709940251,64.95098039215686,23.18059299191375,0.0,0.0,0.0,0.0,0.0,0.0,0.0,0.0,19.018404907975462,40.4605263,34.2105263,25.3289473,0.0,4.94910228301535,-0.20479588583111766,-0.0004432811381625923,24.428019245691733,2026,AA
Clark Elliott,ATH,686499.0,sa3019972,25.0,9125,460,353,0.226628895,0.402173913,0.337110481,0.11048158599999999,8,93,119,20.217391300000006,25.8695652,107.22205864292214,0.315789473,0.3603787853665974,0.0,18.28724353256021,84.54545454545455,10.368066,43.067546978161495,64.85849056603774,29.284750337381915,0.0,0.0,0.0,0.0,0.0,0.0,0.0,0.0,22.17573221757322,41.5584415,34.632034600000004,23.8095238,0.0,5.8511863727723785,0.3510419446974993,0.000763134662385868,16.616033850852173,2026,AA
Maui Ahuna,SFG,694757.0,sa3023373,24.0,8760,460,391,0.227621483,0.327472527,0.335038363,0.10741688,6,53,133,11.5217391,28.9130434,83.4962587464821,0.32421875,0.3075820329425099,0.0,27.43280815569972,78.60394537177542,15.285943,46.103896103896105,71.397616468039,33.186813186813175,0.0,0.0,0.0,0.0,0.0,0.0,0.0,0.0,9.025270758122744,49.41634240000001,26.0700389,24.5136186,0.0,7.589451647858567,2.7807722967118025,0.006045157166764788,14.100396553657708,2026,AA
Alex Mooney,CLE,695612.0,sa3023070,23.0,8395,459,396,0.22727272699999998,0.313465783,0.371212121,0.143939394,10,45,100,9.8039215,21.786492300000003,87.16550944164753,0.274914089,0.3096682770099598,0.0,32.54564983888292,79.45205479452055,13.822114999999998,45.997679814385144,73.64438839848675,28.62190812720848,0.0,0.0,0.0,0.0,0.0,0.0,0.0,0.0,22.611464968152863,41.37931029999999,36.5517241,22.0689655,0.0,8.276351189828592,1.804165012203157,0.003930642728111453,19.16887530697776,2026,AA
Will Taylor,PIT,696142.0,sa3025403,23.0,8395,453,391,0.24808184100000003,0.335570469,0.39130434700000005,0.143222506,11,47,117,10.3752759,25.8278145,93.70834941339736,0.32330827,0.3289942026671681,0.0,31.788079470198678,81.02564102564101,15.538089000000001,46.924428822495614,73.03370786516854,32.68998793727383,0.0,0.0,0.0,0.0,0.0,0.0,0.0,0.0,14.0893470790378,47.9853479,33.6996336,18.315018300000002,0.0,6.741346085957196,-0.4624308301135898,-0.0010208186095222733,17.822393588740056,2026,AA
Keiner Delgado,PIT,700731.0,sa3018397,22.0,8030,453,384,0.25,0.347438752,0.385416666,0.135416666,11,53,92,11.699779199999998,20.309050699999997,96.91585471553879,0.297202797,0.33406481326024623,0.0,31.303520456707894,84.60076045627376,13.402061999999999,41.86946902654867,69.48480845442536,30.778588807785894,0.0,0.0,0.0,0.0,0.0,0.0,0.0,0.0,17.532467532467532,52.21843000000001,28.327645,19.453924899999997,0.0,5.145930662581209,-0.1506882067769766,-0.00033264504807279597,23.190483710072627,2026,AA
Spencer Nivens,KCR,811289.0,sa3022697,24.0,8760,450,386,0.27979274600000004,0.36525612399999996,0.44559585399999996,0.165803108,9,55,75,12.2222222,16.6666666,108.79713298075674,0.32038834899999996,0.3636166129452083,0.0,22.883064516129032,88.44036697247705,7.844277000000001,44.70457079152732,67.95511221945138,20.544217687074827,0.0,0.0,0.0,0.0,0.0,0.0,0.0,0.0,13.731343283582088,38.4126984,32.063492,29.5238095,0.0,6.2681522807402805,0.2431697957217693,0.000540377323826154,25.01528569600532,2026,AA
Thomas Sosa,BAL,800449.0,sa3018566,21.0,7665,446,399,0.23558897199999998,0.307865168,0.406015037,0.170426065,14,38,121,8.5201793,27.130044800000004,80.49252296046353,0.299625468,0.316502958133414,0.0,34.27638737758433,78.57142857142857,12.231884,47.51570531125071,58.894230769230774,29.411764705882355,0.0,0.0,0.0,0.0,0.0,0.0,0.0,0.0,20.415224913494807,38.48920860000001,36.6906474,24.8201438,0.0,3.346272167892812,-2.5166310463100667,-0.005642670507421676,16.914853229892767,2026,AA
Leo Balcazar,CIN,699114.0,sa3015798,22.0,8030,443,390,0.241025641,0.328054298,0.36410256399999996,0.123076923,10,46,88,10.383747099999999,19.8645598,81.64789732724931,0.286689419,0.3171173931516673,0.0,31.88248095756257,88.07157057654075,11.460957,44.771634615384606,67.51677852348993,26.184210526315788,0.0,0.0,0.0,0.0,0.0,0.0,0.0,0.0,12.101910828025478,42.4749163,32.1070234,25.4180602,0.0,2.735051507220013,-3.4599851686507463,-0.007810350267834642,20.433330650832065,2026,AA
Andrew Jenkins,DET,687543.0,sa3019979,25.0,9125,440,400,0.29,0.338636363,0.455,0.165,11,29,100,6.590909,22.727272699999997,109.62814831223609,0.354729729,0.3480850730429996,0.0,36.87943262411347,87.15953307392996,11.183819,44.550561797752806,64.8171500630517,24.492234169653525,0.0,0.0,0.0,0.0,0.0,0.0,0.0,0.0,12.578616352201259,41.0,31.3333333,27.666666600000003,0.0,5.883604188775369,-0.8571586366742849,-0.0019480878106233747,13.695252595948324,2026,AA
Marcus Lee Sang,TEX,686984.0,sa3011445,25.0,9125,439,397,0.307304785,0.373576309,0.47858942,0.171284635,16,36,110,8.200455499999999,25.0569476,118.95859024322307,0.391143911,0.3802959737984557,0.0,29.95073891625616,82.52911813643927,13.314448,45.10546241211466,72.06235011990407,28.88888888888889,0.0,0.0,0.0,0.0,0.0,0.0,0.0,0.0,14.191419141914189,52.5,20.357142800000002,27.1428571,0.0,5.786473902229738,-1.0059409234672785,-0.0022914371832967622,14.196001440587914,2026,AA
Gregory Barrios,TBR,699126.0,sa3015800,22.0,8030,438,409,0.256723716,0.290993071,0.32518337399999997,0.06845965799999999,3,19,57,4.337899500000001,13.0136986,64.95873772325122,0.289772727,0.2794114727070921,0.0,41.03535353535353,90.39665970772442,8.817046000000003,45.75342465753425,71.70658682634729,16.711590296495956,0.0,0.0,0.0,0.0,0.0,0.0,0.0,0.0,8.997429305912597,49.271137,29.154518900000003,21.574344,0.0,8.186721007239775,3.057899903506041,0.006981506629009225,21.33327180894976,2026,AA
Ariel Armas,CHC,813666.0,sa3025454,23.0,8395,437,381,0.228346456,0.31880733899999997,0.335958005,0.107611549,7,44,90,10.068649800000001,20.5949656,83.19174640852285,0.27874564399999996,0.3029953107374524,0.0,29.824561403508767,86.75623800383877,11.082474,47.92935444579781,66.20076238881829,25.268817204301076,0.0,0.0,0.0,0.0,0.0,0.0,0.0,0.0,15.112540192926044,55.7894736,24.5614035,19.6491228,0.0,4.446229616267015,-0.9859376726672052,-0.002256150280702987,18.55256937665972,2026,AA
Jordan Groshans,ATL,677954.0,sa3006893,26.0,9490,436,393,0.282442748,0.344036697,0.587786259,0.305343511,30,36,84,8.2568807,19.266054999999998,137.65186977055606,0.28621908100000004,0.3949287559734572,0.0,33.003300330033,83.07692307692308,11.679711,47.57785467128028,70.9090909090909,23.882352941176467,0.0,0.0,0.0,0.0,0.0,0.0,0.0,0.0,26.443768996960486,29.8701298,44.155844099999996,25.9740259,0.0,3.7087551896069018,-1.9684142619371412,-0.004514711609947572,11.729830698342798,2026,AA
Dylan O'Rae,MIL,802506.0,sa3020220,22.0,8030,436,355,0.273239436,0.39675174,0.366197183,0.092957747,3,69,79,15.825688000000001,18.119266,111.756724609591,0.341818181,0.3577719315575336,0.0,20.357497517378352,92.13483146067415,5.3989199999999995,47.41514360313315,58.81057268722468,15.323854660347552,0.0,0.0,0.0,0.0,0.0,0.0,0.0,0.0,6.6878980891719735,56.981131999999995,20.7547169,22.2641509,0.0,9.30516305966634,6.450465811416508,0.014794646356459875,36.202966233374255,2026,AA
Blake Burke,MIL,695501.0,sa3025381,23.0,8395,431,375,0.285333333,0.366589327,0.602666666,0.317333333,30,44,102,10.208816699999998,23.6658932,143.8377374731955,0.31048387,0.4089310979731729,0.0,35.66362715298885,80.48359240069084,14.4,44.488188976377955,73.1984829329962,29.20962199312715,0.0,0.0,0.0,0.0,0.0,0.0,0.0,0.0,19.205298013245034,38.1481481,35.925925899999996,25.925925900000006,0.0,6.5337919637051,1.0558781567960978,0.0024498333104317808,25.311978037176466,2026,AA
Frederick Bencosme,BAL,695930.0,sa3016779,23.0,8395,429,369,0.260162601,0.352112676,0.428184281,0.16802168,13,52,73,12.1212121,17.016317,101.46754140299879,0.29020979,0.3496614849903214,0.0,28.617021276595747,89.00414937759335,7.0816680000000005,46.560545764638995,58.85225885225886,18.559556786703602,0.0,0.0,0.0,0.0,0.0,0.0,0.0,0.0,20.0,41.7508417,38.047138,20.2020202,0.0,5.097695050158634,1.1500573242083192,0.002680786303515896,27.55533162353415,2026,AA
Albert Fabian,SDP,683546.0,sa3008888,24.0,8760,429,380,0.268421052,0.326340326,0.43157894700000005,0.163157895,12,34,80,7.9254079000000015,18.6480186,101.18747824063404,0.301003344,0.3350466020179517,0.0,34.486486486486484,87.36059479553906,10.412816000000001,43.63193174893358,75.13966480446928,22.24852071005917,0.0,0.0,0.0,0.0,0.0,0.0,0.0,0.0,22.78481012658228,40.716612299999994,38.436482,20.8469055,0.0,5.036950576050248,0.3902998324483633,0.0009097898192269539,18.39080039119487,2026,AA
Tyler Whitaker,HOU,696264.0,sa3017376,23.0,8395,428,360,0.227777777,0.339578454,0.36388888799999997,0.136111111,10,51,121,11.915887800000002,28.271028,90.46340287667826,0.309012875,0.3271961727242838,0.0,26.30434782608696,84.29752066115702,12.314979,46.230274693161896,61.18836915297092,30.629370629370623,0.0,0.0,0.0,0.0,0.0,0.0,0.0,0.0,15.447154471544714,47.0833333,30.8333333,22.0833333,0.0,6.335680951611653,-0.8786168210208416,-0.002052843039768321,19.759355084025326,2026,AA
Kervin Pichardo,WSN,682775.0,sa3011260,24.0,8760,428,364,0.23901098899999998,0.343457943,0.368131868,0.129120879,12,57,103,13.317757,24.0654205,97.21022009742173,0.296442687,0.3259708039654502,0.0,26.411290322580644,81.34171907756811,11.072464,45.344352617079885,57.95868772782503,29.629629629629626,0.0,0.0,0.0,0.0,0.0,0.0,0.0,0.0,10.431654676258994,51.9230769,30.3846153,17.6923076,0.0,4.2922556114302015,-0.4210651954635978,-0.0009837971856626118,17.26143770220812,2026,AA
Leo De Vries,ATH,815888.0,sa3023363,19.0,6935,428,369,0.289972899,0.377934272,0.457994579,0.16802168,13,49,91,11.4485981,21.261682200000006,115.56446809511513,0.35074626799999997,0.373836302588172,0.0,28.169014084507047,86.79577464788733,9.910448,45.96018735362998,72.35668789808916,22.46642246642247,0.0,0.0,0.0,0.0,0.0,0.0,0.0,0.0,20.35087719298245,42.5992779,33.2129963,24.187725600000004,0.0,6.195351953526423,3.1431193221360445,0.0073437367339627205,35.44933463488201,2026,AA
Edgar Alvarez,CHC,827294.0,sa3025269,25.0,9125,426,346,0.202312138,0.342723004,0.36127167600000004,0.158959538,11,72,115,16.901408399999998,26.995305100000003,97.764845777003,0.263392857,0.3262348393319358,0.0,25.371747211895908,81.51408450704227,12.019231,45.574102175012634,63.04106548279689,30.136986301369863,0.0,0.0,0.0,0.0,0.0,0.0,0.0,0.0,13.545816733067728,40.0,40.0,20.0,0.0,2.951145124676976,-1.728709852322936,-0.004058004348175906,13.03316825729112,2026,AA
Zyhir Hope,DET,814307.0,sa3022703,21.0,7665,425,372,0.293010752,0.369411764,0.529569892,0.23655914,23,45,106,10.5882352,24.9411764,129.4672181491463,0.34677419299999995,0.3903054752812036,0.0,29.465648854961835,83.66718027734977,11.982968,42.894507410636436,65.95528455284554,28.000000000000004,0.0,0.0,0.0,0.0,0.0,0.0,0.0,0.0,16.621983914209114,37.68656710000001,35.4477611,26.8656716,0.0,5.687966977039472,1.0118338577449322,0.0023807855476351346,31.402724657465647,2026,AA
Xavier Isaac,TBR,800060.0,sa3020498,22.0,8030,425,337,0.255192878,0.4,0.510385756,0.255192878,24,80,119,18.8235294,28.000000000000004,140.65025674530668,0.313131313,0.4001157358288765,0.0,22.58687258687259,69.32203389830508,16.760722,46.09781477627472,66.59142212189616,41.43790849673203,0.0,0.0,0.0,0.0,0.0,0.0,0.0,0.0,14.937759336099587,42.7906976,40.0,17.2093023,0.0,6.764084886770759,0.4753336142748594,0.0011184320335879043,29.398077831844397,2026,AA
Will Bush,HOU,813844.0,sa3022698,22.0,8030,423,344,0.232558139,0.375886524,0.380813953,0.148255814,13,73,142,17.257683200000002,33.569739899999995,107.99558783942257,0.354497354,0.3554781316019965,0.0,20.01953125,73.91304347826086,13.501647,45.70519618239661,58.70069605568445,37.48169838945827,0.0,0.0,0.0,0.0,0.0,0.0,0.0,0.0,12.38095238095238,54.040404,21.2121212,24.7474747,0.0,3.965638500125449,-1.345199178904295,-0.0031801399028470326,22.6558519998427,2026,AA
Tavian Josenberger,BAL,694444.0,sa3022808,24.0,8760,422,350,0.22,0.34367541700000004,0.365714285,0.145714285,10,63,101,14.928909900000003,23.9336492,87.45230241917679,0.278008298,0.32750538155116443,0.0,19.175027870680047,84.90230905861456,9.032258,48.120300751879704,67.66826923076923,23.57142857142857,0.0,0.0,0.0,0.0,0.0,0.0,0.0,0.0,31.128404669260696,31.4516129,45.5645161,22.983870899999996,0.0,7.965044252949772,3.786164578050375,0.008971953976422689,22.205580080683884,2026,AA
Jaison Chourio,CLE,702693.0,sa3018399,21.0,7665,420,359,0.264623955,0.362110311,0.39275766,0.128133705,7,56,89,13.333333300000001,21.1904761,108.68968502829844,0.332075471,0.3436949433615574,0.0,25.500526870389887,84.97217068645641,9.373203,47.3655019412091,63.114754098360656,23.252688172043012,0.0,0.0,0.0,0.0,0.0,0.0,0.0,0.0,10.034602076124568,46.6666666,26.666666600000003,26.666666600000003,0.0,7.471788595157406,2.5231235725805163,0.0060074370775726575,33.28310176061203,2026,AA
Sam Petersen,WSN,695763.0,sa3025609,23.0,8395,419,334,0.245508982,0.384057971,0.431137724,0.18562874199999999,13,61,117,14.5584725,27.9236276,124.7453547046876,0.333333333,0.36949994330256103,0.0,30.35522066738429,79.88047808764941,14.294709999999998,44.137101623571866,68.39237057220708,32.04787234042553,0.0,0.0,0.0,0.0,0.0,0.0,0.0,0.0,16.157205240174672,36.7924528,40.5660377,22.641509399999997,0.0,7.422278962242996,2.07269077654928,0.004946756029950547,24.45971497925094,2026,AA
Arturo Disla,TEX,815697.0,sa3022618,25.0,9125,418,368,0.288043478,0.36124401899999997,0.519021739,0.23097826100000002,19,41,108,9.808612400000001,25.837320499999997,119.70833006257321,0.353658536,0.3815054129405194,0.0,36.72806067172265,81.16760828625236,15.873996000000002,44.464500601684726,71.85385656292287,32.033096926713945,0.0,0.0,0.0,0.0,0.0,0.0,0.0,0.0,18.84057971014493,45.7364341,28.294573600000003,25.9689922,0.0,3.9082998353126617,-0.89984773658216,-0.0021527457812970333,12.86422259846135,2026,AA
Chris Newell,LAD,683006.0,sa3019971,25.0,9125,418,357,0.207282913,0.318181818,0.42016806700000003,0.212885154,22,55,144,13.157894699999998,34.4497607,92.14404597557301,0.269430051,0.33009778166846404,0.0,32.146596858638745,72.24199288256227,19.087137,45.05178365937861,71.77522349936145,40.26128266033254,0.0,0.0,0.0,0.0,0.0,0.0,0.0,0.0,22.56637168141593,39.234449700000006,38.755980799999996,22.009569300000006,0.0,5.8810391886881686,0.9587618242949248,0.002293688574868241,10.607047715177137,2026,AA
Keith Jones II,TEX,695069.0,sa3025629,24.0,8760,414,347,0.22766570600000002,0.33819951299999995,0.377521613,0.14985590699999998,10,56,111,13.526570000000001,26.8115942,87.5988611747017,0.3,0.3297081794181879,0.0,24.0,81.85328185328186,10.869565,46.80851063829788,61.96172248803828,28.12939521800281,0.0,0.0,0.0,0.0,0.0,0.0,0.0,0.0,11.462450592885375,44.9579831,28.571428499999996,26.470588199999998,0.0,6.020062105492491,-0.3196536619216204,-0.0007721102944966675,18.414288003444163,2026,AA
Raudi Rodriguez,LAA,804558.0,sa3022506,22.0,8030,414,348,0.261494252,0.37378640700000004,0.416666666,0.155172414,12,59,92,14.251207699999998,22.222222199999997,117.52131592461392,0.32244897899999997,0.35895945788009903,0.0,26.550598476605007,79.12087912087912,12.779156,45.87750294464075,70.08985879332478,29.63951935914553,0.0,0.0,0.0,0.0,0.0,0.0,0.0,0.0,8.363636363636363,47.9838709,25.806451600000006,26.2096774,0.0,6.904567423562412,0.04037643317133188,9.752761635587412e-05,29.090097968844113,2026,AA
Will Turner,BOS,814444.0,sa3025313,23.0,8395,414,321,0.193146417,0.36893203799999996,0.41744548200000003,0.224299065,18,84,103,20.289855000000006,24.879227,111.88501400307295,0.218905472,0.3580425507830877,0.0,15.39961013645224,84.42105263157895,7.6628349999999985,44.570502431118314,57.57575757575758,25.200642054574644,0.0,0.0,0.0,0.0,0.0,0.0,0.0,0.0,28.251121076233183,31.797234999999997,46.0829493,22.119815600000003,0.0,6.117810668464418,-1.1669575283303857,-0.002818737991136197,29.10372690370462,2026,AA
Romeo Sanabria,SDP,703804.0,sa3019865,24.0,8760,408,346,0.294797687,0.389162561,0.442196531,0.147398844,10,53,91,12.990196,22.3039215,126.09352877296476,0.369477911,0.3752236762650256,0.0,33.194154488517746,85.3515625,10.342789999999999,44.46376811594203,66.75358539765321,23.21867321867322,0.0,0.0,0.0,0.0,0.0,0.0,0.0,0.0,15.209125475285173,44.1860465,27.906976699999998,27.906976699999998,0.0,3.3030894619688764,-0.7959369197487831,-0.0019508257836979976,20.794366044705647,2026,AA
Brennan Milone,ATH,686810.0,sa3019974,25.0,9125,405,327,0.229357798,0.372839506,0.379204892,0.14984709400000001,9,71,112,17.5308641,27.6543209,102.36279754552663,0.317307692,0.35254009196787706,0.0,15.859030837004404,77.0909090909091,10.388857000000002,48.49688031764038,64.32748538011695,28.885630498533725,0.0,0.0,0.0,0.0,0.0,0.0,0.0,0.0,28.125,24.4131455,48.826291,26.760563300000005,0.0,3.640673822827308,-2.147028306499124,-0.005301304460491664,14.66022149412917,2026,AA
Rainiel Rodriguez,STL,823787.0,sa3023987,19.0,6935,402,345,0.327536231,0.40796019899999997,0.591304347,0.263768116,23,41,77,10.1990049,19.1542288,150.53697737609897,0.35856573700000005,0.4322959722867653,0.0,32.142857142857146,82.31827111984282,12.68556,43.41590612777054,76.42642642642645,27.129750982961987,0.0,0.0,0.0,0.0,0.0,0.0,0.0,0.0,22.183098591549296,33.7078651,40.074906299999995,26.2172284,0.0,3.5882325468023577,-2.707921614870429,-0.006736123420075694,32.25289014688118,2026,AA
Eddie Micheletti Jr.,LAA,804446.0,sa3025311,24.0,8760,401,346,0.25144508600000004,0.346633416,0.453757225,0.20231213899999997,14,46,70,11.4713216,17.4563591,110.72183734733238,0.275471698,0.35250569928558845,0.0,28.68352223190933,87.70614692653673,8.706953,45.79395085066162,68.83384932920536,20.792079207920796,0.0,0.0,0.0,0.0,0.0,0.0,0.0,0.0,23.63636363636364,42.54545450000001,32.7272727,24.727272699999997,0.0,5.718516708630828,-0.7184684639796615,-0.001791691930123844,23.15291377473862,2026,AA
Jon Jon Gazdar,STL,822501.0,sa3025160,24.0,8760,398,333,0.24024024,0.347607052,0.35135135100000003,0.111111111,8,44,50,11.055276300000001,12.562814,85.77823725391158,0.256227758,0.3278307257131005,0.0,25.32391048292109,90.34482758620692,6.4409030000000005,45.64660691421255,61.00981767180925,16.61341853035144,0.0,0.0,0.0,0.0,0.0,0.0,0.0,0.0,18.33333333333333,48.5915492,28.5211267,22.8873239,0.0,5.047041332974251,1.453173814341426,0.0036511904882950397,21.172125141715078,2026,AA
Brooks Brannon,BOS,703477.0,sa3020417,22.0,8030,398,350,0.28,0.35516372700000004,0.56,0.28,22,39,115,9.7989949,28.8944723,133.13423378970177,0.350230414,0.3916345510434744,0.0,32.36607142857143,79.76470588235293,14.249364000000002,43.002544529262096,62.8698224852071,33.753501400560225,0.0,0.0,0.0,0.0,0.0,0.0,0.0,0.0,15.481171548117151,37.1794871,35.042735,27.7777777,0.0,3.4278114662563755,-1.1923864977434278,-0.002995945974229718,23.17981774079123,2026,AA
GJ Hill,COL,677338.0,sa3010335,25.0,9125,395,348,0.23275862,0.301298701,0.43965517200000004,0.20689655199999998,16,31,119,7.8481012,30.126582199999998,91.7343342198999,0.302325581,0.32461737007289737,0.0,41.66666666666667,71.81467181467181,20.373027,43.94904458598725,83.41384863123994,37.57802746566792,0.0,0.0,0.0,0.0,0.0,0.0,0.0,0.0,25.506072874493928,38.495575200000005,41.592920299999996,19.9115044,0.0,7.564815533732627,2.807627341710031,0.007107917320784887,9.25091634565169,2026,AA
Yamal Encarnacion,HOU,699043.0,sa3015781,22.0,8030,395,349,0.266475644,0.335897435,0.383954154,0.11747851,5,37,72,9.3670886,18.227848100000003,91.26936059279093,0.32,0.3284962994930072,0.0,31.226295828065737,87.07627118644069,10.122921,44.56902592852136,74.2138364779874,22.35294117647059,0.0,0.0,0.0,0.0,0.0,0.0,0.0,0.0,12.06896551724138,54.4117647,21.6911764,23.897058800000003,0.0,8.41608212438673,3.6781131476163855,0.009311678854725029,27.171556744353232,2026,AA
Dakota Harris,STL,703766.0,sa3022431,24.0,8760,394,343,0.253644314,0.34096692100000003,0.408163265,0.154518951,12,43,82,10.9137055,20.812182699999997,93.19822303109785,0.29761904699999997,0.3398002396709743,0.0,39.51701427003293,83.70672097759673,14.199192000000002,40.997409326424865,77.56714060031595,28.024691358024693,0.0,0.0,0.0,0.0,0.0,0.0,0.0,0.0,18.545454545454547,41.1538461,35.0,23.8461538,0.0,7.230419227703654,3.0804474223405123,0.007818394472945462,17.797738181900264,2026,AA
Luis Verdugo,SDP,677605.0,sa3006888,25.0,9125,394,335,0.247761194,0.336760925,0.367164179,0.119402985,10,45,98,11.421319699999998,24.873096399999998,94.55975272000478,0.313304721,0.32435511883855783,0.0,28.080568720379144,78.41409691629956,12.058081,46.95160276555625,60.776439089692104,29.635036496350363,0.0,0.0,0.0,0.0,0.0,0.0,0.0,0.0,16.400000000000002,39.256198299999994,38.84297520000001,21.9008264,0.0,3.840596297553078,-0.08801460824906826,-0.0002233873305813915,11.814780870865624,2026,AA
Colby Shelton,CHW,701333.0,sa3042129,23.0,8395,394,347,0.213256484,0.29336734600000003,0.432276657,0.219020173,17,36,98,9.1370558,24.873096399999998,88.99915651390361,0.24152542300000002,0.3164964176504813,0.0,29.364161849710985,84.00770712909441,13.498992999999999,45.11421319796954,72.9957805907173,30.311231393775373,0.0,0.0,0.0,0.0,0.0,0.0,0.0,0.0,25.475285171102662,40.4858299,36.842105200000006,22.6720647,0.0,5.257864726291953,-1.2269600015133622,-0.0031141116789679237,18.013741906153086,2026,AA
Anthony DePino,CHW,834962.0,sa3030172,23.0,8395,392,338,0.26035502899999996,0.35714285700000004,0.48224852,0.22189349100000003,19,46,102,11.7346938,26.0204081,121.8988332931605,0.315068493,0.36896109657214426,0.0,25.38370720188902,81.15671641791045,12.151899,48.60436893203883,66.916354556804,28.86456908344733,0.0,0.0,0.0,0.0,0.0,0.0,0.0,0.0,22.983870967741932,33.476394799999994,41.2017167,25.3218884,0.0,3.111142530882565,-1.4007548913359642,-0.0035733543146325617,23.12966808582172,2026,AA
Jefferson Rojas,NYM,800473.0,sa3018571,21.0,7665,390,345,0.26956521699999997,0.33850129100000004,0.460869565,0.191304348,15,35,64,8.9743589,16.4102564,113.6728549788356,0.288888888,0.3516031309615734,0.0,31.10687022900764,84.84848484848484,11.626248,47.15078164397378,70.58823529411767,23.991507430997878,0.0,0.0,0.0,0.0,0.0,0.0,0.0,0.0,20.35623409669211,40.6360424,36.7491166,22.614840899999997,0.0,5.559104869244401,-0.1784842163324356,-0.00045765183674983484,30.11877299430287,2026,AA
Jose Ramos,NYM,682947.0,sa3008845,25.0,9125,387,330,0.218181818,0.330749354,0.39090909,0.172727272,15,52,123,13.4366925,31.7829457,98.8513689100922,0.295336787,0.3278485849230172,0.0,25.11111111111111,73.76725838264298,15.485075,46.42857142857143,65.0,36.87943262411347,0.0,0.0,0.0,0.0,0.0,0.0,0.0,0.0,13.242009132420089,51.4705882,26.9607843,21.568627399999997,0.0,3.7605963658256334,-1.5544556239619851,-0.004016681198868178,10.853617055090856,2026,AA
Matthew Wood,MIL,687783.0,sa3019924,25.0,9125,386,303,0.257425742,0.3984375,0.491749174,0.234323432,18,71,52,18.3937823,13.4715025,134.32398052454866,0.251046025,0.39375963574275374,0.0,21.17163412127441,91.24236252545825,6.097561,44.24068767908309,63.60103626943005,16.693418940609952,0.0,0.0,0.0,0.0,0.0,0.0,0.0,0.0,26.132404181184672,32.661290300000005,41.532258,25.806451600000006,0.0,4.107250786396151,-1.8755061551928518,-0.0048588242362509115,21.563401995232038,2026,AA
Aidan Longwell,COL,815067.0,sa3022574,24.0,8760,385,354,0.24858757,0.298701298,0.406779661,0.158192091,10,20,89,5.1948051,23.1168831,83.44991681389352,0.301158301,0.31152088208632034,0.0,40.312876052948255,84.79657387580298,12.815269,44.96688741721855,68.77761413843888,26.41025641025641,0.0,0.0,0.0,0.0,0.0,0.0,0.0,0.0,20.143884892086326,37.2623574,40.3041825,22.43346,0.0,2.4996476225176356,-1.2789127230644226,-0.0033218512287387604,11.755549930770162,2026,AA
Roc Riggio,COL,691792.0,sa3022750,24.0,8760,380,317,0.255520504,0.371052631,0.492113564,0.23659306,16,58,101,15.263157799999998,26.5789473,125.866446387741,0.320197044,0.3785753945247479,0.0,23.38308457711443,81.77966101694916,11.162791,47.82608695652174,64.04341926729987,28.391167192429023,0.0,0.0,0.0,0.0,0.0,0.0,0.0,0.0,19.383259911894275,48.3870967,35.0230414,16.5898617,0.0,5.637807361388331,-1.010266891680658,-0.0026585970833701523,22.456114611342986,2026,AA
Brayden Taylor,TBR,694966.0,sa3022921,24.0,8760,380,320,0.284375,0.384210526,0.5125,0.228125,17,51,87,13.421052599999998,22.8947368,135.80947356945558,0.334841628,0.39239620299715744,0.0,24.008574490889607,90.31620553359684,9.960422,45.69266589057043,64.45859872611464,25.65687789799073,0.0,0.0,0.0,0.0,0.0,0.0,0.0,0.0,27.924528301886788,35.9649122,46.0526315,17.9824561,0.0,6.591816176470326,-0.22764448262751105,-0.0005990644279671342,25.593668147644113,2026,AA
Lonnie White Jr.,PIT,696145.0,sa3017628,23.0,8395,380,324,0.262345679,0.365789473,0.5,0.237654321,19,51,122,13.421052599999998,32.105263099999995,125.69309919415136,0.356756756,0.37955755199256697,0.0,23.4375,72.77882797731569,14.831318,52.11970074812968,63.27751196172249,35.65217391304348,0.0,0.0,0.0,0.0,0.0,0.0,0.0,0.0,27.27272727272727,38.9743589,38.461538399999995,22.5641025,0.0,5.911458770835216,0.17345003969967365,0.00045644747289387815,23.17075514784292,2026,AA
Nelly Taylor,BOS,807511.0,sa3023426,23.0,8395,380,320,0.1875,0.30423280399999997,0.325,0.1375,8,51,116,13.421052599999998,30.5263157,69.64615228475982,0.261306532,0.2912689060051814,0.0,27.721661054994392,79.54545454545455,13.184713,44.72704714640198,61.026352288488205,32.884902840059794,0.0,0.0,0.0,0.0,0.0,0.0,0.0,0.0,27.230046948356808,36.7149758,42.995169,20.289855000000006,0.0,6.998909585964293,1.1518022613599896,0.003031058582526289,17.038217662163955,2026,AA
Nate Baez,BOS,686960.0,sa3020272,25.0,9125,379,335,0.23283582,0.312169312,0.37611940200000005,0.143283582,9,30,85,7.915567200000001,22.4274406,82.23190446511762,0.282786885,0.311165193716685,0.0,31.038798498122652,83.47639484978541,10.803689,47.98177083333333,63.229308005427406,26.5625,0.0,0.0,0.0,0.0,0.0,0.0,0.0,0.0,19.921875,40.0809716,38.461538399999995,21.4574898,0.0,3.6172549174581303,-0.7797782942652702,-0.002057462517850317,11.04539320835708,2026,AA
Billy Amick,NYM,701771.0,sa3025249,23.0,8395,379,313,0.21725239600000001,0.33773087,0.482428115,0.265175719,23,50,108,13.192612100000002,28.4960422,103.59370921935086,0.23936170199999998,0.3594007655624349,0.0,26.918918918918923,72.5598526703499,16.802167999999998,46.3768115942029,67.875,37.709137709137714,0.0,0.0,0.0,0.0,0.0,0.0,0.0,0.0,28.16326530612245,28.6407766,50.485436799999995,20.873786399999997,0.0,2.9153489494581963,-1.4724731277674437,-0.003885153371418057,18.95639650052525,2026,AA
Izaac Pacheco,DET,691789.0,sa3016969,23.0,8395,378,319,0.23197492100000003,0.33862433799999997,0.48275862,0.25078369899999997,21,52,130,13.756613699999999,34.3915343,113.86660389470914,0.306358381,0.35478546969095864,0.0,31.050767414403783,68.13186813186813,18.342391,45.21345407503234,65.09298998569386,41.70337738619678,0.0,0.0,0.0,0.0,0.0,0.0,0.0,0.0,22.772277227722768,37.696335,44.5026178,17.8010471,0.0,4.6277927202186175,-0.1221295641735196,-0.0003230940851151313,18.507960566465265,2026,AA
Justice Bigbie,DET,694425.0,sa3016971,27.0,9855,378,329,0.33130699,0.41005291,0.455927051,0.12462006099999999,7,39,60,10.3174603,15.8730158,136.59546424607072,0.38490566,0.3907165716564844,0.0,27.134986225895318,83.6322869955157,8.868061,49.75778546712803,62.03059805285118,21.603927986906704,0.0,0.0,0.0,0.0,0.0,0.0,0.0,0.0,8.650519031141869,51.6728624,21.9330855,26.394052,0.0,4.638628648981316,-1.4372282298281789,-0.003802191084201532,8.987114935041939,2026,AA
Jay Allen II,CIN,695481.0,sa3017403,23.0,8395,377,321,0.280373831,0.37433155,0.48286604299999997,0.202492212,15,35,80,9.2838196,21.2201591,121.05258350731407,0.327510917,0.3799555244292805,0.0,32.93269230769231,87.25,11.134752,44.38502673796791,60.24096385542168,26.99680511182109,0.0,0.0,0.0,0.0,0.0,0.0,0.0,0.0,13.846153846153848,45.6066945,34.728033399999994,19.665271899999997,0.0,6.128417659654104,-0.3064391743391752,-0.0008128360062047088,25.37536950429489,2026,AA
Junior Franco,ARI,691285.0,sa3015170,23.0,8395,376,328,0.277439024,0.353887399,0.420731707,0.143292683,7,36,82,9.574468,21.8085106,84.76861046327646,0.345679012,0.34927106816922465,0.0,34.95630461922597,86.8041237113402,12.162162,45.21203830369357,73.37367624810892,25.173852573018078,0.0,0.0,0.0,0.0,0.0,0.0,0.0,0.0,21.722846441947564,46.40000000000001,33.2,20.4,0.0,6.243990581665237,-2.6120344959199433,-0.006946900255106231,20.297008638474214,2026,AA
Cutter Coffey,TOR,702690.0,sa3020280,22.0,8030,373,327,0.214067278,0.297587131,0.311926605,0.097859327,4,38,124,10.1876675,33.2439678,65.88746571143109,0.323529411,0.2816289217478468,0.0,31.448763250883392,71.49220489977728,14.256340000000002,47.102803738317746,59.39153439153439,32.97546012269939,0.0,0.0,0.0,0.0,0.0,0.0,0.0,0.0,13.122171945701359,47.1153846,29.326922999999997,23.5576923,0.0,5.883426398870362,-1.428373648785055,-0.0038294199699331227,12.580510767405153,2026,AA
Max Holy,HOU,802959.0,sa3025362,23.0,8395,371,303,0.20132013199999998,0.334231805,0.303630363,0.102310231,7,57,110,15.363881400000002,29.6495956,76.73312322760908,0.282722513,0.3050472389068707,0.0,20.82866741321389,77.19298245614034,10.753341,46.97149643705463,57.64854614412137,29.72972972972973,0.0,0.0,0.0,0.0,0.0,0.0,0.0,0.0,20.19704433497537,34.71502589999999,40.4145077,24.8704663,0.0,5.308660788427701,-0.1511916760355234,-0.00040752473324938925,18.368264555593182,2026,AA
Sam Brown,WSN,694848.0,sa3023367,24.0,8760,371,316,0.24683544300000002,0.35040431200000005,0.39240506299999994,0.14556962,9,50,85,13.4770889,22.9110512,104.91792474446206,0.30666666600000003,0.3381555909416425,0.0,24.41430332922318,82.19999999999997,12.113055,46.88932547478717,69.83240223463687,28.382352941176467,0.0,0.0,0.0,0.0,0.0,0.0,0.0,0.0,16.46090534979424,42.6666666,32.888888800000004,24.4444444,0.0,1.045168063392857,-1.7562930714339018,-0.004733943588770625,17.744891054339362,2026,AA
Fenwick Trimble,MIA,814458.0,sa3025202,23.0,8395,369,327,0.26299694100000004,0.344173441,0.46483180399999996,0.201834863,15,34,77,9.2140921,20.8672086,113.27953736746704,0.300847457,0.3577953384820685,0.0,31.358024691358032,83.06636155606407,12.077642,46.989528795811516,60.86350974930362,27.760736196319016,0.0,0.0,0.0,0.0,0.0,0.0,0.0,0.0,19.540229885057467,37.037037,37.037037,25.925925900000006,0.0,4.8124833676999765,-1.124576733447611,-0.0030476334239772666,22.539188308774143,2026,AA
Dillon Lewis,MIA,827665.0,sa3025515,23.0,8395,368,339,0.241887905,0.301630434,0.46017699100000004,0.21828908600000002,18,28,111,7.608695599999999,30.1630434,97.0238482188528,0.304761904,0.33187260624507203,0.0,34.86238532110092,75.29137529137529,14.335909999999998,49.099399599733154,58.28804347826087,32.88288288288289,0.0,0.0,0.0,0.0,0.0,0.0,0.0,0.0,20.0836820083682,42.66055040000001,37.155963299999996,20.1834862,0.0,7.289059471368684,1.6046768808737395,0.004360535002374293,16.859782421386168,2026,AA
Cole Messina,COL,701783.0,sa3025359,23.0,8395,364,314,0.22611464899999997,0.324175824,0.369426751,0.143312102,8,42,99,11.5384615,27.1978021,85.76709222450708,0.3,0.3151840074988436,0.0,31.0126582278481,83.56164383561644,10.236769,45.17696044413602,56.06758832565285,27.197346600331674,0.0,0.0,0.0,0.0,0.0,0.0,0.0,0.0,17.272727272727273,45.8333333,31.944444399999995,22.222222199999997,0.0,5.525804498928356,1.679707907140255,0.004614582162473228,19.54335452939958,2026,AA
Justin Johnson,KCR,813386.0,sa3022758,26.0,9490,362,317,0.205047318,0.293628808,0.384858044,0.179810726,13,33,88,9.116022000000001,24.3093922,72.83199315915994,0.237442922,0.3055996226141657,0.0,32.2463768115942,81.06995884773663,13.988919999999998,45.201853077432155,71.1566617862372,30.374479889043,0.0,0.0,0.0,0.0,0.0,0.0,0.0,0.0,21.57676348547718,37.1179039,43.231441,19.650655,0.0,4.6183665629853445,-1.476636527106166,-0.004079106428470072,6.999793814540119,2026,AA
Cortland Lawson,WSN,687751.0,sa3020202,26.0,9490,360,308,0.246753246,0.341736694,0.37012987,0.123376624,6,42,108,11.6666666,30.0,97.32164087381963,0.355329949,0.3261469443973039,0.0,28.07692307692308,77.7262180974478,13.519313,48.0,59.86111111111111,31.66397415185784,0.0,0.0,0.0,0.0,0.0,0.0,0.0,0.0,23.72093023255814,35.6783919,35.17587929999999,29.1457286,0.0,3.0236399597457906,-1.2932520778849719,-0.003592366883013812,7.410574666148592,2026,AA
Ahbram Liendo,BOS,699157.0,sa3016173,22.0,8030,355,301,0.23920265699999999,0.338068181,0.368770764,0.129568107,8,43,107,12.112675999999999,30.140845000000002,89.99370336669277,0.336842105,0.3234354960308833,0.0,27.07373271889401,85.47486033519553,10.799727,42.09472981987992,56.7353407290016,29.13793103448276,0.0,0.0,0.0,0.0,0.0,0.0,0.0,0.0,15.763546798029553,42.2680412,34.5360824,23.195876199999997,0.0,7.291463650724023,0.4725982453674078,0.0013312626630067824,23.582458081163878,2026,AA
Miguel Bleis,BOS,694194.0,sa3016834,22.0,8030,353,327,0.235474006,0.291784702,0.39449541200000005,0.159021406,13,20,83,5.6657223,23.5127478,78.56762257555494,0.277056277,0.3053724841760846,0.0,36.2406015037594,81.0344827586207,12.678287999999998,48.329448329448326,65.27331189710611,27.142857142857146,0.0,0.0,0.0,0.0,0.0,0.0,0.0,0.0,24.8,44.3983402,34.8547717,20.746887899999997,0.0,5.980119627007222,0.4183980589732528,0.0011852636231536905,17.921494885063595,2026,AA
Connor Scott,KCR,669002.0,sa3008080,26.0,9490,353,321,0.230529595,0.28653295100000004,0.392523364,0.161993769,11,24,100,6.798866800000001,28.3286118,70.71139945845796,0.297169811,0.3021787972026705,0.0,34.72022955523673,78.40172786177105,16.888194000000002,47.11684370257967,74.5571658615137,34.26883308714919,0.0,0.0,0.0,0.0,0.0,0.0,0.0,0.0,21.1864406779661,37.1040723,40.7239819,22.1719457,0.0,6.0877990437209,-0.3862868938595057,-0.001094297149743642,5.64630945361032,2026,AA
Brendan Jones,MIA,800957.0,sa3025253,24.0,8760,352,299,0.234113712,0.34188034100000003,0.444816053,0.21070234100000002,12,46,81,13.0681818,23.011363600000006,107.23322132899912,0.278846153,0.3481533583572933,0.0,30.76923076923077,81.61434977578477,12.295082,46.06580829756796,69.25465838509318,26.42089093701997,0.0,0.0,0.0,0.0,0.0,0.0,0.0,0.0,28.26086956521739,26.291079800000002,53.0516431,20.657276899999996,0.0,8.643361973565304,2.326605300419033,0.0066096741489177074,21.53422583055832,2026,AA
Joe Vetrano,LAD,694838.0,sa3022501,24.0,8760,352,315,0.196825396,0.27428571399999996,0.35873015799999997,0.16190476199999998,13,32,122,9.090909,34.659090899999995,63.934203038350226,0.270718232,0.2845912107765504,0.0,34.60526315789474,76.28205128205127,17.787419,47.07520891364903,69.23076923076923,37.39376770538244,0.0,0.0,0.0,0.0,0.0,0.0,0.0,0.0,11.594202898550725,47.6190476,34.3915343,17.989417899999996,0.0,4.90927684076717,-1.2569316234439611,-0.003570828475693072,7.871286055043652,2026,AA
Ethan Anderson,BAL,803175.0,sa3025410,22.0,8030,351,303,0.270627062,0.36311239100000003,0.518151815,0.24752475300000001,21,41,69,11.6809116,19.658119600000006,123.77729238649265,0.286384976,0.3849300345357626,0.0,23.90998593530239,84.50704225352112,11.241734,47.64359351988218,76.8160741885626,25.225225225225223,0.0,0.0,0.0,0.0,0.0,0.0,0.0,0.0,20.51282051282051,42.290748799999996,35.6828193,22.0264317,0.0,4.255547202735639,-0.44281927589327097,-0.0012615933786133075,31.827252335682047,2026,AA
Victor Arias,TOR,692478.0,sa3015636,22.0,8030,351,327,0.226299694,0.277142857,0.379204892,0.15290519800000002,10,21,83,5.9829059,23.6467236,71.9351852708387,0.273504273,0.2911895079272134,0.0,33.75156838143036,81.65137614678899,14.186584,42.41329479768786,74.27597955706985,29.93827160493827,0.0,0.0,0.0,0.0,0.0,0.0,0.0,0.0,13.127413127413124,49.7925311,32.3651452,17.8423236,0.0,5.499234568559093,-3.3148861210793257,-0.009444120003075002,14.692372685121322,2026,AA
Nick Lorusso,NYM,700681.0,sa3022810,25.0,9125,351,313,0.242811501,0.319088319,0.495207667,0.25239616600000003,19,32,88,9.1168091,25.071225,114.20651748275742,0.274038461,0.3521228952285571,0.0,28.758169934640517,85.77319587628865,11.276596000000001,48.17073170731707,68.21378340365682,24.887556221889053,0.0,0.0,0.0,0.0,0.0,0.0,0.0,0.0,26.14107883817428,31.838565000000006,46.1883408,21.9730941,0.0,5.836319158571364,0.4093446834012866,0.0011662241692344348,15.827620776313253,2026,AA
Thayron Liranzo,DET,699073.0,sa3015790,22.0,8030,350,291,0.19931271399999997,0.314285714,0.446735395,0.247422681,19,50,100,14.2857142,28.571428499999996,99.79243089897386,0.217877094,0.3325361999443599,0.0,26.29582806573957,79.14798206278027,14.556962,45.031271716469774,68.82716049382715,34.104938271604944,0.0,0.0,0.0,0.0,0.0,0.0,0.0,0.0,19.900497512437813,38.461538399999995,41.5384615,20.0,0.0,3.6963400126818597,-1.5113450521603229,-0.004318128720458065,21.739911887802936,2026,AA
Aaron Parker,TOR,801590.0,sa3025152,23.0,8395,350,304,0.253289473,0.346704871,0.467105263,0.21381579,19,43,113,12.2857142,32.2857142,115.06879270446228,0.335260115,0.3593776186762703,0.0,34.437869822485204,78.66004962779157,15.368272,43.059299191374656,63.06729264475743,34.19847328244275,0.0,0.0,0.0,0.0,0.0,0.0,0.0,0.0,23.762376237623762,44.1489361,34.574467999999996,21.276595699999998,0.0,3.9503881503317126,-0.6661982294172049,-0.001903423512620585,18.524395391273753,2026,AA
Omar Alfonzo,NYY,692657.0,sa3015665,22.0,8030,350,305,0.2,0.29226361,0.33770491799999997,0.137704918,10,36,119,10.2857142,34.0,69.884579830798,0.28491620100000004,0.2882459590633141,0.0,30.59701492537313,78.6802030456853,14.939242000000002,44.66620784583621,60.708782742681045,36.970684039087956,0.0,0.0,0.0,0.0,0.0,0.0,0.0,0.0,14.572864321608037,49.1978609,26.2032085,24.598930399999997,0.0,1.52935139,-1.0086558014154434,-0.002881873718329839,11.7725635943395,2026,AA
Jacob Reimer,NYM,702544.0,sa3020416,22.0,8030,349,297,0.232323232,0.335243553,0.38383838299999995,0.151515151,8,45,87,12.893982800000002,24.9283667,97.3395174777555,0.296116504,0.3254585624083705,0.0,24.411400247831477,79.18781725888327,10.724638,45.472972972972975,58.54383358098069,27.757352941176467,0.0,0.0,0.0,0.0,0.0,0.0,0.0,0.0,22.02643171806168,37.44075820000001,37.9146919,24.6445497,0.0,4.716291965275597,-0.6481977654621005,-0.0018573001875704888,24.435735623675466,2026,AA
Kole Myers,LAD,801887.0,sa3038641,25.0,9125,348,288,0.239583333,0.360230547,0.385416666,0.145833333,9,53,88,15.229885,25.287356300000006,100.82388252005951,0.30927835,0.3440996177623727,0.0,26.308900523560208,82.32758620689657,11.886121000000001,47.31034482758621,67.63848396501457,28.63924050632912,0.0,0.0,0.0,0.0,0.0,0.0,0.0,0.0,12.440191387559807,46.5346534,30.1980198,23.2673267,0.0,6.075367413310887,-0.8608420696109533,-0.002473684108077452,15.072692426947794,2026,AA
Johanfran Garcia,BOS,703190.0,sa3018424,21.0,7665,348,320,0.284375,0.339080459,0.49375,0.209375,18,22,103,6.321839,29.5977011,115.485750130883,0.365,0.3637348034943657,0.0,44.900849858356935,76.35135135135134,21.381579,43.879173290938,80.43478260869566,38.472032742155534,0.0,0.0,0.0,0.0,0.0,0.0,0.0,0.0,23.214285714285715,36.744186,39.53488370000001,23.720930199999998,0.0,3.2009876270382502,-0.7671700967475772,-0.0022045117722631533,16.94474567437882,2026,AA
Jared Sundstrom,SEA,814791.0,sa3022442,25.0,9125,347,305,0.206557377,0.288184438,0.386885245,0.180327868,13,31,101,8.9337175,29.1066282,84.01842648713831,0.25510204,0.3017739533347424,0.0,35.195530726256976,71.21848739495798,20.031671,46.607009694258025,76.16000000000003,39.17525773195877,0.0,0.0,0.0,0.0,0.0,0.0,0.0,0.0,22.58064516129032,38.0487804,40.48780479999999,21.4634146,0.0,5.8237540650382025,-0.7569821327924728,-0.002181504705453812,7.861300250952778,2026,AA
Caleb Lomavita,WSN,701616.0,sa3025404,23.0,8395,347,311,0.24437299,0.311239193,0.453376205,0.209003215,14,30,79,8.6455331,22.7665706,101.78216875264248,0.279279279,0.3331984058237213,0.0,36.40226628895184,81.79723502304147,14.490446000000002,45.65050038491147,73.18718381112986,29.22848664688427,0.0,0.0,0.0,0.0,0.0,0.0,0.0,0.0,13.469387755102039,45.4148471,31.441048,23.1441048,0.0,4.3024307453465305,-0.5330066103488207,-0.0015360421047516447,18.005524493748844,2026,AA
Rafe Perich,TEX,825927.0,sa3025368,24.0,8760,346,302,0.321192052,0.40462427700000003,0.57615894,0.254966888,16,39,70,11.271676300000001,20.2312138,148.47790843733785,0.37327188899999997,0.4279149183303633,0.0,25.819672131147538,88.93905191873587,9.347180999999999,47.78887303851641,66.11940298507463,23.1023102310231,0.0,0.0,0.0,0.0,0.0,0.0,0.0,0.0,22.131147540983605,37.068965500000004,34.91379310000001,28.0172413,0.0,5.276761119019428,-1.0117313712835312,-0.00292407910775587,25.442955969044494,2026,AA
Joseph Sullivan,HOU,813896.0,sa3025413,23.0,8395,343,294,0.221088435,0.32748538,0.39115646200000004,0.17006802699999998,11,41,107,11.953352699999998,31.1953352,90.37009478053741,0.305084745,0.32704565322294266,0.0,26.466916354556798,80.79625292740046,14.131217999999999,44.0251572327044,67.77777777777779,33.76623376623377,0.0,0.0,0.0,0.0,0.0,0.0,0.0,0.0,21.64948453608248,43.0107526,32.7956989,24.1935483,0.0,6.7490987290847055,-0.7551530171185732,-0.002201612294806336,18.6605696539726,2026,AA
Zach Levenson,STL,804241.0,sa3022435,24.0,8760,343,291,0.219931271,0.330409356,0.384879725,0.164948454,11,44,88,12.8279883,25.6559766,85.90575885317804,0.273195876,0.3280364365605583,0.0,27.820512820512818,79.78947368421052,13.507625,45.90846047156728,71.75226586102718,30.257186081694407,0.0,0.0,0.0,0.0,0.0,0.0,0.0,0.0,23.61111111111111,35.609756,39.5121951,24.8780487,0.0,2.6799845785623657,-1.2332653906196356,-0.0035955259201738646,14.945950594632185,2026,AA
Corey Joyce,TEX,687144.0,sa3010596,27.0,9855,342,298,0.248322147,0.332344213,0.40939597299999997,0.161073826,13,33,78,9.6491228,22.8070175,91.46353347426529,0.29326923,0.335942456736409,0.0,22.253521126760567,82.64840182648402,11.68437,46.85628742514971,69.96805111821087,27.33446519524618,0.0,0.0,0.0,0.0,0.0,0.0,0.0,0.0,19.642857142857142,36.448598100000005,38.317757,25.2336448,0.0,5.304692108666092,0.33732883259654045,0.000986341615779358,7.179165425175428,2026,AA
Juan Matheus,MIA,801276.0,sa3018611,22.0,8030,341,305,0.278688524,0.338278931,0.419672131,0.14098360699999998,9,25,60,7.3313782000000005,17.595307899999998,101.24260202147146,0.317991631,0.3386001970718452,0.0,32.599724896836314,90.39408866995072,7.793273000000001,44.756838905775076,68.93039049235993,17.1334431630972,0.0,0.0,0.0,0.0,0.0,0.0,0.0,0.0,24.62121212121212,41.0041841,33.891213300000004,25.1046025,0.0,4.648747551530101,0.6511309193447232,0.0019094748367880449,26.248950401512577,2026,AA
Pedro León,PHI,694175.0,sa3014838,28.0,10220,340,302,0.284768211,0.361764705,0.48344370799999997,0.19867549699999998,15,34,96,10.0,28.2352941,117.83217070173396,0.369791666,0.3725897438385907,0.0,35.654596100278546,79.21760391198043,15.977742,44.85407066052227,70.03424657534246,32.9153605015674,0.0,0.0,0.0,0.0,0.0,0.0,0.0,0.0,23.47417840375587,38.0487804,33.658536500000004,28.292682899999996,0.0,5.930738030279428,-1.5724423080682757,-0.004624830317847869,4.073214058809203,2026,AA
Jason Schiavone,HOU,828395.0,sa3025370,23.0,8395,339,283,0.233215547,0.356932153,0.42756183700000006,0.19434629,14,49,112,14.454277200000002,33.038348,108.77108984860635,0.329113924,0.35672912889525604,0.0,21.686746987951807,73.8359201773836,14.97516,47.3943661971831,67.01337295690935,36.019736842105274,0.0,0.0,0.0,0.0,0.0,0.0,0.0,0.0,15.517241379310345,47.928994,32.5443786,19.5266272,0.0,4.837734528179796,-0.3531218282878399,-0.0010416573105835984,20.60927030983536,2026,AA
Lazaro Montes,SEA,703155.0,sa3018409,21.0,7665,339,278,0.233812949,0.368731563,0.550359712,0.316546763,25,54,103,15.9292035,30.3834808,142.54929197971163,0.264900662,0.3961927342485603,0.0,32.786885245901644,69.0909090909091,18.098592,42.838018741633206,68.75,39.882697947214076,0.0,0.0,0.0,0.0,0.0,0.0,0.0,0.0,26.94300518134715,34.28571420000001,41.1428571,24.5714285,0.0,5.083163701656498,-1.3137120418250559,-0.003875256760545888,26.157312375032355,2026,AA
Duce Gourson,PIT,701546.0,sa3025248,23.0,8395,337,269,0.226765799,0.375,0.35687732299999997,0.130111524,7,54,83,16.0237388,24.6290801,102.20633871515196,0.298342541,0.34242831750544245,0.0,20.136054421768705,81.15577889447236,11.368910000000001,45.67627494456763,64.40129449838186,30.367504835589944,0.0,0.0,0.0,0.0,0.0,0.0,0.0,0.0,18.686868686868692,41.08108100000001,39.4594594,19.459459399999997,0.0,6.133814162110068,2.620328043587506,0.007775454135274498,24.58884574560329,2026,AA
Bobby Boser,ATH,804119.0,sa3027420,23.0,8395,336,286,0.21328671300000002,0.321428571,0.37062937,0.157342657,11,38,121,11.3095238,36.0119047,81.1919312752761,0.31847133699999997,0.3183884120413235,0.0,29.271708683473392,72.23587223587224,17.166417000000003,46.914498141263934,64.50079239302693,39.770867430441896,0.0,0.0,0.0,0.0,0.0,0.0,0.0,0.0,15.476190476190474,34.9693251,34.3558282,30.674846600000002,0.0,6.3383929776646015,1.8667851723730564,0.005555908251110287,14.781950999171045,2026,AA
Angel Ortiz,ARI,691292.0,sa3015171,23.0,8395,335,292,0.270547945,0.342342342,0.503424657,0.23287671199999999,13,33,82,9.8507462,24.4776119,95.81365369622256,0.32512315199999997,0.36708832592577545,0.0,31.578947368421048,86.2139917695473,11.340206,45.78983994432846,73.86018237082068,25.441176470588232,0.0,0.0,0.0,0.0,0.0,0.0,0.0,0.0,23.348017621145374,38.3886255,37.44075820000001,24.170616100000004,0.0,7.978230349664905,0.29405873268842697,0.0008777872617564983,24.80249846811355,2026,AA
Colton Becker,KCR,813851.0,sa3025438,25.0,9125,335,268,0.264925373,0.392638036,0.39552238799999995,0.130597015,5,45,65,13.4328358,19.402985,112.06795912031656,0.331658291,0.36889293021950986,0.0,27.17241379310345,84.03990024937656,10.989867,46.4549483013294,63.75198728139905,27.15827338129496,0.0,0.0,0.0,0.0,0.0,0.0,0.0,0.0,20.179372197309412,33.1658291,43.2160804,23.6180904,0.0,7.356620800192029,-0.3609936125576496,-0.0010775928733064168,17.681456924553427,2026,AA
Diego Velasquez,SFG,694196.0,sa3016144,22.0,8030,334,281,0.295373665,0.384146341,0.40569395,0.110320285,4,37,55,11.0778443,16.4670658,116.97605632530508,0.349557522,0.3605088406219715,0.0,28.23691460055097,87.5,8.300395,45.04163512490538,67.22689075630252,20.48611111111111,0.0,0.0,0.0,0.0,0.0,0.0,0.0,0.0,18.181818181818183,49.1071428,25.0,25.892857100000004,0.0,5.858560736769286,1.020328019745648,0.0030548743106157124,31.431278226110273,2026,AA
Mac McCroskey,LAA,815151.0,sa3022444,26.0,9490,334,281,0.213523131,0.323170731,0.284697508,0.071174377,3,44,104,13.1736526,31.1377245,74.95741129358059,0.325714285,0.2910833627712436,0.0,27.98948751642576,76.90417690417691,14.973664,44.411979547114676,66.94078947368422,35.44520547945205,0.0,0.0,0.0,0.0,0.0,0.0,0.0,0.0,8.37696335078534,46.8571428,31.4285714,21.7142857,0.0,5.99019928854352,-0.6101210629567504,-0.001826709769331588,6.45906084365604,2026,AA
Miguel Ugueto,STL,692568.0,sa3015293,23.0,8395,334,306,0.225490196,0.278443113,0.359477124,0.133986928,5,15,66,4.4910179,19.760479,60.34803278988514,0.267782426,0.2868081151011461,0.0,39.70588235294117,91.7989417989418,10.672269,45.028294260307185,67.86355475763018,21.850079744816586,0.0,0.0,0.0,0.0,0.0,0.0,0.0,0.0,11.111111111111109,46.3519313,29.1845493,24.4635193,0.0,8.167837127280325,1.2213828470557928,0.0036568348714245288,17.970307012016388,2026,AA
Mike Sirota,LAD,701527.0,sa3042374,23.0,8395,333,259,0.297297297,0.45045045,0.49034749,0.193050193,10,65,75,19.5195195,22.5225225,153.3121813409515,0.38285714200000004,0.42877086164715056,0.0,14.896551724137929,81.40589569160997,9.402332000000001,48.94366197183098,63.453237410071935,26.553672316384183,0.0,0.0,0.0,0.0,0.0,0.0,0.0,0.0,13.917525773195875,35.5191256,32.2404371,32.2404371,0.0,5.8357780456184365,-0.1958358772099018,-0.0005880957273570625,31.56660279286129,2026,AA
Franklin Arias,BOS,808265.0,sa3021845,20.0,7300,332,283,0.31802120100000003,0.406626506,0.5865724379999999,0.268551237,19,37,46,11.1445783,13.8554216,153.10948108928937,0.319819819,0.4232125816359797,0.0,29.195088676671208,89.88439306358381,7.492114,43.48496530454897,61.34751773049646,19.090909090909093,0.0,0.0,0.0,0.0,0.0,0.0,0.0,0.0,21.224489795918373,39.4067796,40.254237200000006,20.338983,0.0,3.977543637628281,-1.1130762035027146,-0.0033526391671768515,38.554542053683456,2026,AA
Kai Roberts,SDP,805956.0,sa3025255,25.0,9125,331,280,0.2,0.295950155,0.28214285699999997,0.082142857,5,32,112,9.6676737,33.836858,64.98258298135369,0.30909090899999997,0.2766428513690319,0.0,28.837876614060264,77.03703703703705,15.198753000000002,45.67420109119252,69.11262798634812,35.51724137931035,0.0,0.0,0.0,0.0,0.0,0.0,0.0,0.0,5.5555555555555545,60.71428570000001,12.5,26.7857142,0.0,8.477888825969785,6.315693872049451,0.01908064613912221,8.372703326329377,2026,AA
Francisco Acuna,SDP,672696.0,sa3003291,26.0,9490,331,262,0.19465648800000002,0.33846153799999995,0.332061068,0.13740458,6,50,78,15.105740099999998,23.5649546,91.1274093333207,0.247252747,0.31881825080284704,0.0,29.26509186351706,83.96501457725948,11.430793,41.69854628921193,62.93577981651376,27.949183303085302,0.0,0.0,0.0,0.0,0.0,0.0,0.0,0.0,21.21212121212121,39.893617,34.574467999999996,25.531914800000003,0.0,5.686059426384387,0.8569832239300013,0.002589073184078553,10.279432892529496,2026,AA
Wuilfredo Antunez,PHI,686404.0,sa3011578,24.0,8760,330,300,0.2,0.26060606,0.40333333299999996,0.203333333,14,26,108,7.8787878,32.7272727,72.3595326192797,0.252747252,0.28840652198502514,0.0,38.6968085106383,77.97270955165692,19.909502,45.38852578068264,82.08,35.853976531942635,0.0,0.0,0.0,0.0,0.0,0.0,0.0,0.0,18.66028708133972,40.3061224,40.8163265,18.877551,0.0,5.5273080618362584,-1.1168298199772837,-0.00338433278780995,8.433031448005861,2026,AA
Jacob Cozart,LAA,695524.0,sa3025434,23.0,8395,327,284,0.239436619,0.330275229,0.383802816,0.144366197,10,36,81,11.0091743,24.770642199999998,96.08598799634713,0.295918367,0.323770287386868,0.0,32.49738766980146,77.6536312849162,14.903475,46.05411499436302,65.72827417380661,34.33014354066985,0.0,0.0,0.0,0.0,0.0,0.0,0.0,0.0,21.223021582733807,37.0,38.0,25.0,0.0,1.7908300768188832,-1.3671701056882741,-0.004180948335438146,14.913429597638896,2026,AA
Devin Taylor,ATH,805127.0,sa3043560,22.0,8030,325,279,0.322580645,0.409230769,0.534050179,0.211469534,14,41,93,12.6153846,28.615384600000002,142.01054631170334,0.434285714,0.4164976650017959,0.0,21.98275862068965,81.72839506172839,12.109672999999999,46.991622239147,65.64019448946516,31.54121863799283,0.0,0.0,0.0,0.0,0.0,0.0,0.0,0.0,22.222222222222218,38.6243386,24.8677248,36.5079365,0.0,4.6432694177237055,-0.7900963183492422,-0.002431065594920745,28.840780936891512,2026,AA
Max Wagner,TEX,694484.0,sa3020415,24.0,8760,324,285,0.249122807,0.33746129999999996,0.522807017,0.27368421,21,32,112,9.876543199999999,34.5679012,114.970869673209,0.328947368,0.37386320176139337,0.0,29.395973154362416,73.5981308411215,18.850575,45.30102790014685,69.3679092382496,40.96,0.0,0.0,0.0,0.0,0.0,0.0,0.0,0.0,27.07182320441989,35.6725146,40.3508771,23.9766081,0.0,3.0395462564495133,-1.0960383210331202,-0.003382834324176297,14.222727867456095,2026,AA
Wyatt Young,NYM,696281.0,sa3017081,26.0,9490,322,278,0.212230215,0.30529595,0.255395683,0.043165468,1,38,71,11.801242199999999,22.0496894,61.17907782481237,0.276190476,0.2682940401136875,0.0,27.829560585885485,85.05154639175258,10.074319000000001,41.7377812257564,72.11895910780669,24.094202898550726,0.0,0.0,0.0,0.0,0.0,0.0,0.0,0.0,15.246636771300446,39.6135265,33.3333333,27.053140000000003,0.0,4.736123284710257,0.6923160897567868,0.002150049968188779,8.459001933524648,2026,AA
Cade Hunter,CIN,687192.0,sa3020199,25.0,9125,321,273,0.227106227,0.333333333,0.362637362,0.135531135,8,36,98,11.2149532,30.529595,82.8785675185946,0.317647058,0.31907992660999296,0.0,29.645390070921984,82.33830845771143,15.144231,45.050662509742786,69.55017301038062,34.90725126475548,0.0,0.0,0.0,0.0,0.0,0.0,0.0,0.0,17.22222222222222,44.8863636,26.136363600000006,28.9772727,0.0,3.5647454017841413,-2.4377337982878093,-0.0075941862875009624,8.867364039119243,2026,AA
Bill Knight,SEA,681098.0,sa3019965,26.0,9490,321,280,0.23928571399999998,0.333333333,0.33928571399999996,0.1,3,27,69,8.411214900000001,21.4953271,92.94558461000862,0.306220095,0.3161747550295892,0.0,30.75684380032206,86.23376623376623,11.548556,47.50633981403214,68.50533807829181,26.0,0.0,0.0,0.0,0.0,0.0,0.0,0.0,0.0,12.10762331838565,43.3333333,34.7619047,21.904761899999997,0.0,9.018597882159595,2.1666336264461283,0.006749637465564261,9.770637306891118,2026,AA
Dylan Campbell,CHW,694749.0,sa3022751,23.0,8395,321,274,0.251824817,0.34905660299999997,0.419708029,0.167883212,9,40,68,12.4610591,21.1838006,107.38263137655176,0.301507537,0.34581230159075754,0.0,30.0,82.18954248366012,10.542399000000001,44.19237749546279,62.833675564681734,27.65072765072765,0.0,0.0,0.0,0.0,0.0,0.0,0.0,0.0,19.834710743801647,39.1089108,39.6039603,21.287128699999997,0.0,6.934692360796957,2.6450851000845432,0.008240140498705742,25.65241369392357,2026,AA
Jose Devers,CLE,691410.0,sa3015292,23.0,8395,318,281,0.270462633,0.348101265,0.345195729,0.074733096,2,33,88,10.3773584,27.6729559,94.3967674219786,0.385416666,0.3210998694353466,0.0,31.645569620253173,82.19895287958116,12.123613,45.39170506912442,64.63620981387479,28.231292517006803,0.0,0.0,0.0,0.0,0.0,0.0,0.0,0.0,4.0,61.5789473,14.2105263,24.2105263,0.0,6.597473026154961,-1.1040228279307485,-0.003471769899153297,17.308218355446147,2026,AA
Cayden Wallace,WSN,691024.0,sa3019996,24.0,8760,318,290,0.3,0.353312302,0.562068965,0.262068965,18,23,50,7.2327043999999985,15.7232704,139.31917072729428,0.30803571399999996,0.3925390777527722,0.0,37.42236024844721,86.1431870669746,11.724724,47.256347256347254,75.04332755632582,23.266563944530052,0.0,0.0,0.0,0.0,0.0,0.0,0.0,0.0,20.717131474103585,40.2489626,37.3443983,22.406639,0.0,6.7546416053068095,0.3841282883659005,0.0012079505923455992,22.84170291243552,2026,AA
Manuel Palencia,NYY,692633.0,sa3015659,23.0,8395,317,288,0.263888888,0.318611987,0.368055555,0.10416666699999999,7,24,48,7.570977900000001,15.141955800000002,87.59430026604008,0.29113924,0.3098801835102238,0.0,32.012195121951216,85.26315789473685,10.088496000000001,44.641350210970465,71.83364839319471,21.6696269982238,0.0,0.0,0.0,0.0,0.0,0.0,0.0,0.0,11.155378486055774,50.62761500000001,22.5941422,26.7782426,0.0,1.8743979864976763,-1.3419537106528878,-0.004233292462627407,18.012567990095338,2026,AA
Caleb Bonemer,CHW,815352.0,sa3067043,20.0,7300,317,264,0.261363636,0.378548895,0.545454545,0.284090909,19,46,80,14.511041,25.236593000000006,140.22893330157473,0.299401197,0.3981918643391322,0.0,25.775978407557357,87.53462603878114,10.92437,44.94799405646361,59.669421487603294,28.41328413284133,0.0,0.0,0.0,0.0,0.0,0.0,0.0,0.0,32.98429319371728,28.8043478,51.6304347,19.5652173,0.0,5.341279268132763,-0.6020727986469865,-0.0018992832764889165,35.67942645355247,2026,AA
Canyon Brown,KCR,701401.0,sa3025630,22.0,8030,317,288,0.194444444,0.256329113,0.295138888,0.10069444400000001,6,21,87,6.6246056,27.444794899999998,40.99582659954418,0.252525252,0.2542432654130308,0.0,38.65300146412884,80.0,15.084746,44.47154471544715,62.157221206581355,31.993006993006997,0.0,0.0,0.0,0.0,0.0,0.0,0.0,0.0,21.100917431192666,46.7661691,28.3582089,24.8756218,0.0,5.9934822382091175,0.29212858341634274,0.0009215412726067593,10.939284744230532,2026,AA
Braylen Wimmer,COL,687918.0,sa3022671,25.0,9125,317,269,0.25278810399999996,0.352380952,0.375464684,0.12267658,4,36,97,11.3564668,30.599369,97.69581906592035,0.374269005,0.3340416314109924,0.0,24.55357142857143,80.69620253164557,10.852089999999999,46.24,54.67128027681662,30.105263157894736,0.0,0.0,0.0,0.0,0.0,0.0,0.0,0.0,9.039548022598868,50.595238,29.7619047,19.642857100000004,0.0,8.457917293983808,3.479707933962345,0.010976996637105187,13.944866001786902,2026,AA
Caleb Bartolero,LAA,680960.0,sa3022423,26.0,9490,317,292,0.287671232,0.333333333,0.452054794,0.16438356199999998,8,17,54,5.362775999999998,17.0347003,109.40101223748778,0.327586206,0.34601011711453633,0.0,38.82352941176471,84.11458333333334,12.825112,46.82752457551385,73.2824427480916,24.429967426710096,0.0,0.0,0.0,0.0,0.0,0.0,0.0,0.0,13.168724279835393,49.1452991,25.641025600000003,25.213675199999997,0.0,5.419658149559462,-0.5724576748907566,-0.0018058601731569608,9.640685187615516,2026,AA
Jacob Burke,CHW,804240.0,sa3019934,25.0,9125,317,287,0.24041811800000001,0.30599369,0.348432055,0.10801393699999999,5,21,67,6.6246056,21.1356466,77.53315297025344,0.294930875,0.2982117336255143,0.0,34.89051094890511,86.06965174129353,12.984823,45.2,71.15044247787611,26.64473684210527,0.0,0.0,0.0,0.0,0.0,0.0,0.0,0.0,21.491228070175442,38.0733944,33.0275229,28.8990825,0.0,7.214109124543335,0.1218580361455679,0.00038441020866109753,10.808717082699161,2026,AA
Connor McGinnis,NYY,821296.0,sa3059979,23.0,8395,316,278,0.255395683,0.341772151,0.413669064,0.158273381,10,26,75,8.2278481,23.7341772,107.04718581480152,0.314432989,0.3406324343213552,0.0,28.511235955056183,87.66404199475065,10.954617,46.10143830431491,62.561576354679794,27.402135231316727,0.0,0.0,0.0,0.0,0.0,0.0,0.0,0.0,11.214953271028037,44.0594059,32.1782178,23.7623762,0.0,4.996923787522503,-0.3419536957517266,-0.0010821319485814134,21.291315539387323,2026,AA
Bo Davidson,SFG,815589.0,sa3022706,23.0,8395,315,282,0.276595744,0.339682539,0.521276595,0.244680851,19,28,74,8.8888888,23.4920634,121.97572975194885,0.305699481,0.3684126146304341,0.0,35.61430793157076,84.23645320197043,14.020270000000002,46.727423363711694,71.98581560283688,30.078740157480315,0.0,0.0,0.0,0.0,0.0,0.0,0.0,0.0,15.492957746478872,43.478260799999994,33.816425100000004,22.705314,0.0,5.137813223889563,0.9264795761555432,0.002941205003668392,22.204622232315785,2026,AA
Ronald Rosario,BOS,691385.0,sa3015525,23.0,8395,314,288,0.26736111100000004,0.322683706,0.496527777,0.22916666600000002,16,22,69,7.0063694000000005,21.9745222,109.97671723225109,0.29901960699999997,0.3550258044617626,0.0,37.400950871632325,79.84293193717278,16.695804000000003,45.65030146425496,72.0754716981132,33.16912972085386,0.0,0.0,0.0,0.0,0.0,0.0,0.0,0.0,15.044247787610619,46.54377879999999,29.4930875,23.963133600000003,0.0,4.094389850148772,-0.7276143468916416,-0.002317243142967012,17.667436669117233,2026,AA
Andrew Fischer,MIL,702652.0,sa3031366,22.0,8030,314,248,0.254032258,0.38853503100000003,0.637096774,0.383064516,28,57,103,18.1528662,32.8025477,154.3773787509151,0.282258064,0.42573852435900617,0.0,25.955967555040555,76.6265060240964,15.519766,41.09215017064846,68.93687707641196,37.2093023255814,0.0,0.0,0.0,0.0,0.0,0.0,0.0,0.0,44.512195121951216,19.5945945,60.81081080000001,19.5945945,0.0,5.047323261736659,-1.9421194726601243,-0.0061850938619749185,27.39820859158286,2026,AA
Jaime Ferrer,MIN,695634.0,sa3025246,23.0,8395,313,279,0.229390681,0.310897435,0.35125448,0.12186379900000001,6,19,76,6.0702875,24.2811501,70.92504199096345,0.294416243,0.3067014639576276,0.0,33.33333333333333,77.2609819121447,16.235504000000002,45.84450402144772,75.43859649122807,32.148900169204744,0.0,0.0,0.0,0.0,0.0,0.0,0.0,0.0,18.7192118226601,44.27860689999999,29.8507462,25.8706467,0.0,5.767536165981347,0.7648044899106026,0.0024434648239955352,12.849685168116755,2026,AA
Javier Rivas,PIT,691922.0,sa3015589,23.0,8395,313,293,0.221843003,0.26198083,0.389078498,0.167235495,10,15,83,4.7923322,26.5175718,65.4012766248056,0.27093596,0.2842447386382106,0.0,50.35211267605635,77.62430939226519,18.913676000000002,47.842056932966024,69.48176583493283,33.06055646481178,0.0,0.0,0.0,0.0,0.0,0.0,0.0,0.0,19.004524886877828,46.116504799999994,31.067961100000005,22.8155339,0.0,5.044315689147105,-0.5763159766793251,-0.0018412651012119008,9.45237209699216,2026,AA
Nick Goodwin,TOR,800959.0,sa3022685,24.0,8760,312,261,0.26436781600000003,0.365384615,0.48275862,0.218390804,10,40,64,12.820512800000001,20.5128205,122.8845274820948,0.305699481,0.37173318595458293,0.0,27.6,89.47368421052632,9.666936999999999,45.2154857560263,61.389337641357024,24.376199616122843,0.0,0.0,0.0,0.0,0.0,0.0,0.0,0.0,18.803418803418804,39.9014778,35.9605911,24.137931,0.0,4.8825765975286375,-2.0194265693426128,-0.0064725210555852996,23.232184466079985,2026,AA
Gavin Conticello,ARI,695521.0,sa3017770,23.0,8395,311,274,0.270072992,0.35691318299999997,0.470802919,0.200729927,11,34,67,10.9324758,21.543408300000003,95.3384613236699,0.321428571,0.3663217716618263,0.0,35.20923520923521,84.56057007125891,12.301587,46.89655172413793,68.79084967320262,26.604068857589983,0.0,0.0,0.0,0.0,0.0,0.0,0.0,0.0,11.682242990654204,46.8292682,30.243902399999996,22.9268292,0.0,4.77387469325688,-1.164651855826378,-0.0037448612727536265,21.994491257978773,2026,AA
Euribiel Angeles,ATH,683494.0,sa3008877,24.0,8760,311,282,0.258865248,0.308441558,0.365248226,0.106382978,5,19,49,6.1093247,15.755626999999999,73.23772918596606,0.293103448,0.30555712963853565,0.0,36.47686832740214,89.18128654970761,9.168242,47.378277153558045,67.58893280632411,20.222634508348797,0.0,0.0,0.0,0.0,0.0,0.0,0.0,0.0,20.16460905349794,48.7179487,28.2051282,23.076923,0.0,5.2484636730439576,-0.9059412851929664,-0.0029129944861510174,15.075132462003285,2026,AA
Cole Conn,ATH,813833.0,sa3029251,24.0,8760,311,256,0.28125,0.4,0.4375,0.15625,7,48,60,15.4340836,19.292604500000003,119.54066302876456,0.340314136,0.3802504821010056,0.0,25.32751091703057,85.89420654911841,10.381184,44.819277108433745,71.14695340501792,24.51154529307282,0.0,0.0,0.0,0.0,0.0,0.0,0.0,0.0,19.70443349753695,41.7525773,32.989690700000004,25.257731900000003,0.0,6.923928073572504,2.1784667428582907,0.007004716214978428,25.489931193543075,2026,AA
Carson Tucker,SDP,691020.0,sa3014470,24.0,8760,310,278,0.269784172,0.329032258,0.36330935200000003,0.09352518,2,27,86,8.7096774,27.7419354,89.85644208222521,0.374358974,0.31676799616506024,0.0,32.710280373831765,81.21546961325967,13.076923,45.82278481012658,66.66666666666666,28.368794326241137,0.0,0.0,0.0,0.0,0.0,0.0,0.0,0.0,6.5656565656565675,42.783505100000006,29.381443199999996,27.8350515,0.0,6.315448555671033,0.2352471314370632,0.0007588617143131071,13.264629017787106,2026,AA
Ryan Ignoffo,MIA,813883.0,sa3022573,25.0,9125,309,275,0.243636363,0.312703583,0.35272727200000004,0.109090909,3,26,50,8.4142394,16.1812297,78.70511643844796,0.28444444399999996,0.3026599672407592,0.0,31.331168831168828,89.24050632911394,8.394161,45.82233948988566,60.65259117082533,20.32520325203252,0.0,0.0,0.0,0.0,0.0,0.0,0.0,0.0,17.446808510638302,50.4464285,23.6607142,25.892857100000004,0.0,6.702568939449102,0.16024452354758978,0.0005185906910925237,13.89159484810184,2026,AA
Dayson Croes,SFG,806401.0,sa3067396,26.0,9490,307,278,0.276978417,0.335526315,0.370503597,0.09352518,2,21,38,6.8403908,12.377850099999998,92.18265457140993,0.31380753100000003,0.3213139917505415,0.0,36.142857142857146,92.1259842519685,5.5696200000000005,43.36569579288026,71.0820895522388,12.786885245901637,0.0,0.0,0.0,0.0,0.0,0.0,0.0,0.0,6.374501992031872,49.5726495,26.068376,24.358974300000003,0.0,5.328471417831199,-1.7275080746039748,-0.005627062132260504,9.756320547987874,2026,AA
Dante Nori,PHI,807276.0,sa3025411,21.0,7665,306,275,0.243636363,0.318032786,0.36,0.11636363699999999,3,28,50,9.150326699999999,16.339869200000006,77.50809241728417,0.288288288,0.3088430998755283,0.0,30.683624801271854,92.14659685863873,9.229391,44.92119089316988,74.46393762183236,19.642857142857142,0.0,0.0,0.0,0.0,0.0,0.0,0.0,0.0,10.0,46.1883408,24.6636771,29.147982,0.0,7.375425061510294,-0.8500214330852032,-0.0027778478205398795,26.866190344273,2026,AA
Marvin Alcantara,BOS,800421.0,sa3018558,21.0,7665,306,277,0.238267148,0.28758169899999997,0.368231046,0.129963898,6,20,56,6.5359477,18.3006535,69.3969013413991,0.27027027,0.2908748756436741,0.0,32.569558101472985,86.44578313253011,9.107467999999999,46.024734982332156,63.72360844529751,21.442495126705648,0.0,0.0,0.0,0.0,0.0,0.0,0.0,0.0,15.81196581196581,45.7777777,32.888888800000004,21.3333333,0.0,5.896969577735268,0.7696964321658015,0.002515347817535299,23.048498148483013,2026,AA
Tyler McDonough,BOS,694812.0,sa3016869,27.0,9855,306,252,0.23015873,0.361842105,0.43253968200000004,0.202380952,12,44,87,14.379084900000002,28.4313725,111.62980929030536,0.30065359399999997,0.3576391083572564,0.0,24.647887323943664,83.37801608579089,11.977492000000002,43.917851500789894,67.08633093525181,28.99628252788104,0.0,0.0,0.0,0.0,0.0,0.0,0.0,0.0,21.387283236994218,40.8805031,38.364779799999994,20.7547169,0.0,7.469435148542076,2.2003976218402386,0.0071908419014386875,8.544155779734654,2026,AA
Danny Serretti,ARI,681400.0,sa3019967,26.0,9490,304,239,0.271966527,0.41776315700000005,0.510460251,0.238493724,14,54,68,17.763157800000005,22.368421,124.30945896965011,0.31875,0.4130561955691171,0.0,23.14814814814815,83.20802005012531,10.372771,48.81516587677725,64.5631067961165,25.708884688090734,0.0,0.0,0.0,0.0,0.0,0.0,0.0,0.0,19.44444444444445,37.3563218,41.37931029999999,21.264367800000002,0.0,5.277060778578972,-0.9313857536762952,-0.003063768926566761,14.024917279447518,2026,AA
Jadher Areinamo,TBR,699130.0,sa3015802,22.0,8030,303,280,0.257142857,0.302325581,0.44285714200000004,0.185714285,13,18,58,5.940594,19.1419141,94.0099875772676,0.279620853,0.32573911616968554,0.0,37.84172661870503,87.30964467005077,11.082474,45.998445998445995,66.55405405405406,23.92739273927393,0.0,0.0,0.0,0.0,0.0,0.0,0.0,0.0,17.131474103585653,38.967136100000005,39.4366197,21.596244100000003,0.0,4.0914817473164,-0.44177720230072737,-0.0014580105686492653,21.841238595976183,2026,AA
Ryan Spikes,TBR,691797.0,sa3017792,23.0,8395,302,280,0.22142857100000002,0.27574750800000003,0.367857142,0.146428571,7,17,100,5.629139,33.1125827,69.75600684542053,0.317919075,0.2870616142535923,0.0,42.08860759493671,79.56989247311827,18.451242999999998,44.99564838990426,71.95357833655706,35.084745762711876,0.0,0.0,0.0,0.0,0.0,0.0,0.0,0.0,12.12121212121212,48.2352941,28.8235294,22.9411764,0.0,8.73286197217582,2.0222003124654293,0.006696027524719965,10.814114723980596,2026,AA
Bryson Ware,PHI,694310.0,sa3022597,25.0,9125,302,267,0.254681647,0.327814569,0.49438202200000003,0.239700375,16,30,92,9.9337748,30.4635761,106.81503901776765,0.319018404,0.35517322247391503,0.0,37.90849673202615,81.01983002832861,17.027281,44.66546112115732,71.45748987854252,34.40285204991088,0.0,0.0,0.0,0.0,0.0,0.0,0.0,0.0,19.021739130434785,41.714285700000005,34.8571428,23.4285714,0.0,5.7929632626311625,-1.0212502190843225,-0.003381623242001068,11.343711668993425,2026,AA
Ethan Salas,SDP,806956.0,sa3020881,20.0,7300,300,259,0.285714285,0.361204013,0.41698841600000003,0.131274131,7,33,48,11.0,16.0,110.21350319993842,0.319047619,0.3496068902690001,0.0,24.874791318864776,90.25069637883007,6.0283690000000005,47.1315092674316,67.22846441947566,15.445544554455445,0.0,0.0,0.0,0.0,0.0,0.0,0.0,0.0,18.807339449541285,46.29629620000001,29.629629600000005,24.074074,0.0,4.5102412725467245,-0.9844577871263028,-0.003281525957087676,33.45310722363359,2026,AA
Josh Hood,SEA,681377.0,sa3020268,25.0,9125,300,267,0.20224719100000002,0.28,0.419475655,0.21722846399999998,14,29,105,9.6666666,35.0,87.06922438612223,0.264900662,0.3066953331232071,0.0,30.567685589519648,76.12293144208037,16.439455,47.75665399239544,67.35668789808918,36.13445378151261,0.0,0.0,0.0,0.0,0.0,0.0,0.0,0.0,30.337078651685395,33.9622641,41.5094339,24.5283018,0.0,7.267090264618836,0.15104121528565884,0.0005034707176188628,9.843748184518311,2026,AA
Patrick Clohisy,ATL,802117.0,sa3025223,24.0,8760,299,264,0.261363636,0.344481605,0.44318181799999995,0.181818182,7,30,64,10.0334448,21.4046822,109.70886434918762,0.319587628,0.3503684152328849,0.0,28.86002886002886,85.4014598540146,12.110419,44.73684210526316,73.2620320855615,27.041742286751365,0.0,0.0,0.0,0.0,0.0,0.0,0.0,0.0,15.837104072398189,38.3838383,34.8484848,26.7676767,0.0,8.382919029157922,1.765695576556027,0.005905336376441562,21.254331784587603,2026,AA
Kevin Kilpatrick Jr.,ATL,687201.0,sa3019891,25.0,9125,298,266,0.240601503,0.318791946,0.360902255,0.120300752,6,27,80,9.0604026,26.8456375,84.58410873434056,0.320441988,0.3103023001411617,0.0,31.205673758865252,81.93069306930694,12.783852,45.68567026194145,68.12816188870154,28.745644599303137,0.0,0.0,0.0,0.0,0.0,0.0,0.0,0.0,6.1224489795918355,55.8011049,21.5469613,22.6519337,0.0,6.873722861083087,1.3373790644109251,0.004487849209432635,11.182376174975813,2026,AA
Parks Harber,SFG,692238.0,sa3025308,24.0,8760,298,257,0.284046692,0.369127516,0.509727626,0.22568093399999997,12,35,73,11.744966400000001,24.4966442,131.20155956524394,0.346590909,0.3829973420040719,0.0,23.23717948717949,81.32183908045977,9.59596,48.301574150787076,59.69125214408233,25.102040816326532,0.0,0.0,0.0,0.0,0.0,0.0,0.0,0.0,20.94240837696335,36.2637362,37.912087899999996,25.8241758,0.0,3.421734702935061,-1.5113450521603229,-0.0050716276918131645,21.859137800006838,2026,AA
Michael Arroyo,SEA,703197.0,sa3018429,21.0,7665,297,261,0.287356321,0.36363636299999996,0.455938697,0.168582376,10,24,49,8.080808000000001,16.4983164,123.92102675772571,0.31707317,0.3661426388331362,0.0,28.311258278145694,89.95098039215686,8.674928999999999,45.43812104787715,81.11332007952286,18.90909090909091,0.0,0.0,0.0,0.0,0.0,0.0,0.0,0.0,17.180616740088105,35.6807511,38.4976525,25.8215962,0.0,6.16202407182023,0.7961404398083687,0.002680607541442319,34.22827238626621,2026,AA
Jack Payton,SFG,694552.0,sa3022675,24.0,8760,297,263,0.269961977,0.34006734,0.368821292,0.098859315,3,26,64,8.754208700000001,21.548821500000006,92.39461056061054,0.34,0.32164906408335714,0.0,33.895705521472394,84.54106280193237,11.696429,46.775510204081634,72.25130890052355,24.190800681431003,0.0,0.0,0.0,0.0,0.0,0.0,0.0,0.0,15.59633027522936,43.3673469,28.571428499999996,28.0612244,0.0,4.455126197115468,-0.3617778243497014,-0.0012181071526925972,15.041858344650118,2026,AA
JT Schwartz,NYM,681286.0,sa3017371,26.0,9490,296,259,0.22007722,0.31081081,0.39768339700000005,0.177606177,10,30,77,10.1351351,26.0135135,92.20243405936579,0.27011494199999997,0.3173375627076304,0.0,26.624405705229787,86.21553884711778,9.380098,50.66458170445661,61.57407407407407,22.71062271062271,0.0,0.0,0.0,0.0,0.0,0.0,0.0,0.0,20.0,30.6010928,42.0765027,27.3224043,0.0,3.3179294866580116,-0.9150061523541808,-0.003091237001196557,9.576810417124118,2026,AA
Travis Honeyman,STL,802469.0,sa3023679,24.0,8760,296,256,0.28125,0.375,0.41015625,0.12890625,8,33,49,11.1486486,16.554054,106.50038836043409,0.32,0.36125856295630737,0.0,26.92913385826772,86.84931506849315,8.873114,47.47725392886682,63.588850174216034,22.15568862275449,0.0,0.0,0.0,0.0,0.0,0.0,0.0,0.0,13.333333333333336,52.709359600000006,29.556650199999996,17.7339901,0.0,7.350902901168529,1.6077715009450912,0.005431660476165849,23.683342351368452,2026,AA
Archer Brookman,ATL,666386.0,sa3020950,27.0,9855,295,253,0.22529644199999999,0.333333333,0.351778656,0.126482214,9,36,59,12.2033898,20.0,89.38786419084795,0.259459459,0.3179627853591426,0.0,28.177641653905052,83.7837837837838,10.195412,46.210873146622724,65.95365418894829,24.53183520599251,0.0,0.0,0.0,0.0,0.0,0.0,0.0,0.0,15.92039800995025,44.919786,29.4117647,25.6684491,0.0,1.45238094625,-1.0748216472566128,-0.003643463211039365,6.646308227941077,2026,AA
Chris Meyers,DET,680273.0,sa3016956,27.0,9855,295,249,0.269076305,0.383050847,0.461847389,0.19277108399999998,9,40,69,13.559321999999998,23.3898305,129.1374210882735,0.339181286,0.3789264640565646,0.0,20.933734939759034,79.70588235294119,10.258621,46.49476228847704,58.92547660311958,28.57142857142857,0.0,0.0,0.0,0.0,0.0,0.0,0.0,0.0,14.210526315789473,44.6927374,32.4022346,22.905027899999997,0.0,5.813435913827399,-0.3419536957517266,-0.0011591650703448358,9.06894520397555,2026,AA
Zach Kokoska,COL,694808.0,sa3017165,27.0,9855,294,258,0.248062015,0.334470989,0.480620155,0.23255814,13,26,83,8.843537399999997,28.2312925,112.17438202150562,0.312883435,0.3569301842829473,0.0,39.1044776119403,77.96610169491525,17.850953,43.88609715242881,78.81679389312977,33.230769230769226,0.0,0.0,0.0,0.0,0.0,0.0,0.0,0.0,22.043010752688176,38.372093,43.60465110000001,18.0232558,0.0,6.923321900480414,1.0273451562970877,0.0034943712799220673,6.196818018305755,2026,AA
Kyle Nevin,LAD,693819.0,sa3019894,24.0,8760,293,257,0.280155642,0.351535836,0.39299610799999996,0.112840466,6,26,56,8.8737201,19.1126279,98.32811281241742,0.33,0.3400735790005316,0.0,29.867986798679873,85.44303797468355,10.684161,46.32418069087689,60.42065009560229,25.213675213675213,0.0,0.0,0.0,0.0,0.0,0.0,0.0,0.0,11.160714285714288,48.7684729,26.6009852,24.6305418,0.0,5.047487797502102,0.3765365667641163,0.001285107736396301,18.09329063603718,2026,AA
Jorge Burgos,TOR,684222.0,sa3008929,23.0,8395,292,254,0.267716535,0.35395189,0.43700787399999996,0.16929133899999999,7,34,51,11.6438356,17.465753399999997,110.31585804120579,0.308080808,0.3518639036293688,0.0,28.35595776772247,86.25954198473282,9.841828,46.532258064516135,68.11091854419409,22.65917602996255,0.0,0.0,0.0,0.0,0.0,0.0,0.0,0.0,13.122171945701359,40.8866995,32.5123152,26.6009852,0.0,3.198968581055256,-1.4735204596072435,-0.005046302943860423,25.05841216870276,2026,AA
Mark Coley II,MIL,696501.0,sa3022534,25.0,9125,292,253,0.201581027,0.301369863,0.351778656,0.150197629,10,29,99,9.9315068,33.904109500000004,74.78548180574059,0.280821917,0.2988143802097399,0.0,31.15727002967359,78.14070351758794,17.932862,46.166134185303505,68.85813148788927,38.27838827838828,0.0,0.0,0.0,0.0,0.0,0.0,0.0,0.0,20.809248554913296,39.2156862,37.9084967,22.8758169,0.0,7.254564655697934,-0.128620152361691,-0.0004404799738414076,8.541648985159144,2026,AA
Ambioris Tavarez,ATL,694222.0,sa3019895,22.0,8030,292,252,0.178571428,0.29109589,0.29761904699999997,0.11904761900000001,7,35,103,11.9863013,35.2739726,64.11277061844217,0.267605633,0.2776569283171876,0.0,25.06849315068493,73.21428571428571,17.427386,44.738834216502646,66.32825719120136,42.18455743879473,0.0,0.0,0.0,0.0,0.0,0.0,0.0,0.0,1.8404907975460123,59.589041,15.068493099999998,25.3424657,0.0,5.730384078723117,-0.5030291667208076,-0.0017227026257561904,13.588444864496964,2026,AA
Garrett Martin,NYY,682003.0,sa3022806,26.0,9490,291,259,0.27027027,0.34364261100000004,0.567567567,0.297297297,21,26,67,8.9347079,23.0240549,137.47298296963942,0.28323699399999996,0.38873130083084106,0.0,32.78985507246377,80.89887640449437,15.703276,47.82608695652174,70.35573122529645,32.95454545454545,0.0,0.0,0.0,0.0,0.0,0.0,0.0,0.0,26.26262626262627,36.6492146,46.5968586,16.7539267,0.0,5.4196994033081936,0.6994395134970546,0.002403572211330085,10.801443947924717,2026,AA
Cole Fontenelle,LAA,694304.0,sa3022429,24.0,8760,291,262,0.202290076,0.274914089,0.34351145,0.141221374,6,23,97,7.90378,33.3333333,67.46945862299579,0.291925465,0.2791424237985381,0.0,33.6405529953917,79.06976744186046,17.113224,46.68304668304668,75.43859649122807,34.634146341463406,0.0,0.0,0.0,0.0,0.0,0.0,0.0,0.0,17.045454545454547,34.7826086,33.540372600000005,31.6770186,0.0,6.8007443022202585,1.2006334410980344,0.00412588811373895,9.480187494120088,2026,AA
Ian Moller,TEX,695744.0,sa3017171,23.0,8395,290,243,0.19753086399999997,0.321799307,0.337448559,0.139917695,8,42,91,14.4827586,31.3793103,75.36486452612212,0.275862068,0.3099729672435246,0.0,21.311475409836067,76.775956284153,13.082583999999999,47.37254901960785,60.59602649006622,34.21052631578947,0.0,0.0,0.0,0.0,0.0,0.0,0.0,0.0,18.238993710691823,35.09933770000001,40.3973509,24.5033112,0.0,4.0539703167290755,-0.9156421851366758,-0.003157386845298882,16.223519918086392,2026,AA
Johnathon Thomas,WSN,684976.0,sa3020349,26.0,9490,290,254,0.224409448,0.309027777,0.326771653,0.102362205,4,20,75,6.896551700000002,25.862068899999997,77.34657114806616,0.299435028,0.2945691945238246,0.0,40.96989966555184,77.00534759358288,17.735471,45.0872359963269,76.17107942973523,33.8680926916221,0.0,0.0,0.0,0.0,0.0,0.0,0.0,0.0,16.315789473684212,47.093023200000005,34.3023255,18.6046511,0.0,8.311782326626885,1.058060104958713,0.0036484831205472867,5.723950338431761,2026,AA
Dub Gleed,TOR,801957.0,sa3032302,23.0,8395,289,254,0.291338582,0.37370242200000003,0.49212598399999996,0.200787402,11,28,48,9.6885813,16.6089965,128.767605312952,0.321428571,0.3810334969311953,0.0,27.45454545454545,84.87394957983193,10.536398,48.979591836734684,67.61363636363636,24.040404040404038,0.0,0.0,0.0,0.0,0.0,0.0,0.0,0.0,18.69158878504673,41.74757279999999,34.46601939999999,23.786407699999998,0.0,3.846874985669425,-1.5491696447134018,-0.005360448597624227,26.467111438001147,2026,AA
Jay Beshears,MIA,810891.0,sa3022485,24.0,8760,288,248,0.221774193,0.324041811,0.439516129,0.21774193600000002,11,32,72,11.111111099999999,25.0,101.24857234278777,0.26506024,0.33860971786419275,0.0,29.493087557603694,81.69014084507045,12.163416999999999,45.97510373443984,64.07942238267148,27.29044834307992,0.0,0.0,0.0,0.0,0.0,0.0,0.0,0.0,22.459893048128343,32.9411764,40.0,27.058823500000006,0.0,7.900396626502758,1.393883797340095,0.004839874296319774,19.683597715416266,2026,AA
Branden Boissiere,WSN,680998.0,sa3017558,26.0,9490,287,253,0.280632411,0.348432055,0.494071146,0.213438735,10,28,82,9.756097500000001,28.571428499999996,121.65391733786734,0.367469879,0.3646128196399529,0.0,32.965299684542586,81.79551122194512,16.711834,44.67713787085515,78.3203125,34.06779661016949,0.0,0.0,0.0,0.0,0.0,0.0,0.0,0.0,20.441988950276247,37.5722543,36.9942196,25.433526,0.0,4.427061518622877,-0.03214102424681187,-0.00011198963152199255,8.973854609468244,2026,AA
Eli Serrano III,NYM,702501.0,sa3025407,23.0,8395,287,242,0.190082644,0.297202797,0.351239669,0.161157025,6,35,75,12.1951219,26.1324041,77.76003729742048,0.240963855,0.2945061834542068,0.0,31.432973805855166,78.97897897897897,11.723535,45.78111946532999,60.766423357664245,26.833976833976838,0.0,0.0,0.0,0.0,0.0,0.0,0.0,0.0,19.553072625698324,37.8698224,40.8284023,21.3017751,0.0,6.238389227008848,-0.10961387399584056,-0.00038192987454996715,18.392916792805906,2026,AA
Marek Houston,MIN,701339.0,sa3034152,22.0,8030,286,249,0.301204819,0.37894736799999995,0.449799196,0.148594377,7,29,59,10.1398601,20.6293706,112.63058730203173,0.36559139700000004,0.3739785614766573,0.0,20.49469964664311,83.88059701492537,6.643047,49.778172138420594,59.71479500891266,18.403547671840354,0.0,0.0,0.0,0.0,0.0,0.0,0.0,0.0,17.010309278350515,40.314136100000006,33.5078534,26.178010399999998,0.0,6.677956742204487,0.9252936579287052,0.003235292510240228,33.045839326081406,2026,AA
Josh Adamczewski,MIL,815304.0,sa3023168,21.0,7665,283,241,0.278008298,0.381625441,0.46473029,0.186721992,9,37,55,13.0742049,19.4346289,124.76189428341782,0.325842696,0.3785111034295584,0.0,27.54050073637703,86.86868686868686,11.862917,44.57142857142857,72.52747252747254,27.472527472527474,0.0,0.0,0.0,0.0,0.0,0.0,0.0,0.0,29.5,37.362637299999996,35.164835100000005,27.472527399999997,0.0,5.33592384200728,0.08074603416025639,0.00028532167547793775,33.58487310494739,2026,AA
Omar Hernandez,KCR,683427.0,sa3010155,24.0,8760,283,247,0.27935222600000004,0.335793357,0.380566801,0.101214575,5,17,62,6.0070671,21.9081272,86.42356048611047,0.351648351,0.3275247933239954,0.0,40.819964349376114,88.21656050955414,11.788618,44.89194499017682,68.7089715536105,23.33333333333333,0.0,0.0,0.0,0.0,0.0,0.0,0.0,0.0,14.356435643564355,44.8648648,29.729729700000004,25.4054054,0.0,7.022089816356004,0.7940082233399153,0.0028056827679855665,15.488122977386654,2026,AA
Jordan Sprinkle,CHW,688394.0,sa3019925,25.0,9125,283,252,0.25,0.30824372699999997,0.333333333,0.083333333,2,21,70,7.4204946,24.7349823,74.18192452545145,0.331521739,0.2928675739995895,0.0,31.958762886597928,82.25352112676056,10.9375,47.567567567567565,67.23484848484848,24.590163934426233,0.0,0.0,0.0,0.0,0.0,0.0,0.0,0.0,12.376237623762375,43.820224700000004,36.5168539,19.6629213,0.0,7.756972676230774,2.8013565642759204,0.009898786446204665,11.080399966492978,2026,AA
Alfonsin Rosario,CLE,806210.0,sa3022868,22.0,8030,283,248,0.27016129,0.349823321,0.568548387,0.298387097,16,26,90,9.1872791,31.8021201,137.9621080009651,0.35172413700000005,0.389970489004825,0.0,33.74125874125874,72.5593667546174,21.165049,46.492048643592135,76.25754527162978,41.292639138240574,0.0,0.0,0.0,0.0,0.0,0.0,0.0,0.0,31.707317073170728,34.3949044,38.853503100000005,26.751592300000002,0.0,7.8836554332268705,1.6561163822188971,0.00585200135059681,23.50246331155342,2026,AA
Austin Overn,TBR,702556.0,sa3025408,23.0,8395,282,246,0.308943089,0.39501779299999995,0.56504065,0.25609756100000003,15,30,89,10.6382978,31.5602836,150.63835499814198,0.42957746399999996,0.4160436238561358,0.0,25.71428571428571,77.68361581920905,11.790017,46.58634538152611,61.03448275862069,31.6348195329087,0.0,0.0,0.0,0.0,0.0,0.0,0.0,0.0,17.365269461077844,46.1038961,37.012987,16.8831168,0.0,9.52182969955236,6.670676151290536,0.02365487996911537,26.934330028985105,2026,AA
Luke Mann,ATH,680996.0,sa3022529,26.0,9490,281,252,0.23015873,0.3,0.43650793600000004,0.206349206,14,25,93,8.896797099999999,33.0960854,82.88091532843505,0.299319727,0.3211129884496867,0.0,31.79487179487179,77.95275590551181,16.544790000000006,47.86096256684493,70.94972067039106,35.80470162748644,0.0,0.0,0.0,0.0,0.0,0.0,0.0,0.0,19.047619047619047,42.236024799999996,34.7826086,22.9813664,0.0,2.8884380320419947,-0.16851213946938515,-0.000599687329072545,5.9700884626529245,2026,AA
Ryan Lasko,ATH,805782.0,sa3022539,24.0,8760,281,253,0.209486166,0.275,0.359683794,0.150197628,6,13,79,4.6263345000000005,28.113879000000004,60.89878030354755,0.274853801,0.28565261427845273,0.0,34.133790737564325,77.9291553133515,17.726397,44.843897824030286,77.42616033755274,34.98168498168498,0.0,0.0,0.0,0.0,0.0,0.0,0.0,0.0,12.021857923497267,52.5423728,25.4237288,22.0338983,0.0,7.345361796505238,-1.0196540355682373,-0.003628662048285542,8.811769195525683,2026,AA
Carter Cunningham,TOR,701860.0,sa3025170,25.0,9125,280,237,0.240506329,0.34767025,0.443037974,0.202531645,10,33,95,11.7857142,33.928571399999996,110.63816693619324,0.35074626799999997,0.3523734282421809,0.0,27.86885245901639,76.66666666666667,15.743945000000002,44.90968801313629,71.2979890310786,36.6852886405959,0.0,0.0,0.0,0.0,0.0,0.0,0.0,0.0,28.47682119205298,25.531914800000003,48.2269503,26.241134700000003,0.0,8.057394649547932,1.634561096318066,0.00583771820113595,13.543049299705286,2026,AA
Manuel Pena,ARI,694211.0,sa3015715,22.0,8030,279,254,0.311023622,0.353790613,0.6732283459999999,0.362204724,26,18,65,6.4516129000000015,23.297491,133.74438109148826,0.317365269,0.4282760942886022,0.0,42.39316239316239,81.17977528089888,16.451933,45.42910447761193,73.1006160164271,30.67375886524823,0.0,0.0,0.0,0.0,0.0,0.0,0.0,0.0,23.414634146341466,38.2198952,41.3612565,20.4188481,0.0,3.644151060247747,0.031487863510847085,0.00011285972584533007,23.509129542354287,2026,AA
Owen Ayers,CHC,689196.0,sa3025449,25.0,9125,278,230,0.304347826,0.417266187,0.591304347,0.286956521,16,42,69,15.1079136,24.8201438,165.37395929606467,0.36734693799999996,0.43405019742056783,0.0,24.28115015974441,83.66197183098592,11.737944,46.080964685615854,66.35514018691589,28.838174273858925,0.0,0.0,0.0,0.0,0.0,0.0,0.0,0.0,25.71428571428571,36.8098159,35.582822,27.6073619,0.0,3.9017152999267313,-0.9192539807409048,-0.0033066689954708807,18.393768350970827,2026,AA
Devin Fitz-Gerald,WSN,803849.0,sa3067320,20.0,7300,278,249,0.23694779100000002,0.309352517,0.369477911,0.13253012,8,20,71,7.194244599999998,25.539568300000003,85.38200977100809,0.296511627,0.3072720823956908,0.0,33.634719710669074,86.52291105121294,13.293051,45.51724137931035,80.3030303030303,27.124773960217,0.0,0.0,0.0,0.0,0.0,0.0,0.0,0.0,16.02209944751381,40.9356725,33.3333333,25.730994100000004,0.0,3.6708066277796836,-1.4807363906875253,-0.005326389894559444,17.647261269769487,2026,AA
Jake Munroe,LAA,827719.0,sa3060109,22.0,8030,277,232,0.314655172,0.411552346,0.49137931,0.176724138,8,30,50,10.8303249,18.0505415,144.57924359599178,0.36516853899999996,0.4021083768524418,0.0,26.57743785850861,84.46866485013625,11.815562,49.66313763233879,71.12403100775194,25.742574257425748,0.0,0.0,0.0,0.0,0.0,0.0,0.0,0.0,24.731182795698924,37.362637299999996,35.714285700000005,26.9230769,0.0,5.114879630395223,-0.8916412722319365,-0.003218921560404103,31.467275872434968,2026,AA
Kenny Piper,TBR,700652.0,sa3017664,27.0,9855,277,235,0.263829787,0.365942028,0.506382978,0.242553191,11,33,73,11.9133574,26.3537906,129.19935166019968,0.333333333,0.38185512911582337,0.0,31.117824773413897,83.19783197831978,13.356461,43.993231810490705,70.96153846153847,29.06137184115524,0.0,0.0,0.0,0.0,0.0,0.0,0.0,0.0,31.97674418604652,26.829268199999998,48.17073170000001,25.0,0.0,5.847728898399555,0.40265514608472586,0.0014536286862264472,8.136925333398379,2026,AA
Ethan Petry,WSN,701337.0,sa3039828,22.0,8030,276,254,0.228346456,0.289855072,0.460629921,0.232283465,15,19,97,6.8840579,35.1449275,97.11245746265429,0.302816901,0.32581625511680823,0.0,38.07106598984771,76.50793650793649,16.856060999999997,46.27272727272727,61.8860510805501,36.0377358490566,0.0,0.0,0.0,0.0,0.0,0.0,0.0,0.0,23.31288343558282,39.2156862,37.9084967,22.8758169,0.0,2.3496272037879438,-0.2430180674418807,-0.0008805002443546402,13.312462909340873,2026,AA
Frank Rodriguez,LAD,684491.0,sa3009330,24.0,8760,275,241,0.244813278,0.321167883,0.39004149299999996,0.145228215,8,22,58,8.0,21.090909,87.1342580044402,0.28491620100000004,0.3220162665756949,0.0,35.483870967741936,79.62382445141067,14.019607999999998,42.75996112730807,72.5,29.366602687140123,0.0,0.0,0.0,0.0,0.0,0.0,0.0,0.0,19.791666666666664,39.2473118,36.5591397,24.1935483,0.0,3.1946850721837836,-0.4861353449523449,-0.0017677648907357996,12.79291947178051,2026,AA
Orlando Martinez,TEX,678636.0,sa3006664,28.0,10220,273,241,0.282157676,0.35661764700000004,0.41078838100000004,0.128630705,3,26,50,9.5238095,18.315018300000002,99.86827201636449,0.342105263,0.3495005198261317,0.0,29.04290429042905,85.17441860465115,10.91954,44.19889502762431,71.66666666666667,25.806451612903228,0.0,0.0,0.0,0.0,0.0,0.0,0.0,0.0,16.097560975609756,38.5416666,36.4583333,25.0,0.0,4.826155250885966,-1.1667840722948313,-0.004273934330750298,4.646530603911644,2026,AA
Christian Knapczyk,CLE,694387.0,sa3023425,24.0,8760,272,226,0.16371681400000002,0.27985074600000004,0.243362831,0.079646017,2,30,76,11.0294117,27.941176399999996,51.857999715686454,0.230263157,0.2538521158606259,0.0,31.896551724137932,81.4935064935065,10.444874,43.85285575992256,67.99116997792495,25.10373443983402,0.0,0.0,0.0,0.0,0.0,0.0,0.0,0.0,17.088607594936708,40.522875799999994,34.64052279999999,24.8366013,0.0,6.324202135918199,0.0056835683062672615,2.0895471714217874e-05,12.612847777869279,2026,AA
Ian Lewis Jr.,MIA,691588.0,sa3014691,23.0,8395,272,239,0.20502092,0.28252788100000004,0.359832635,0.154811715,10,25,44,9.191176400000002,16.176470499999997,68.75447843439302,0.207446808,0.2867918165762033,0.0,32.421875,85.05434782608695,10.833333,49.65585054080629,72.87128712871286,22.6530612244898,0.0,0.0,0.0,0.0,0.0,0.0,0.0,0.0,13.953488372093025,48.1865284,36.787564700000004,15.025906699999998,0.0,7.2486850835123695,1.6249258210882545,0.0059739919892950535,20.959097295044455,2026,AA
Leandro Pineda,WSN,683610.0,sa3008905,24.0,8760,270,236,0.237288135,0.325925925,0.360169491,0.122881356,3,28,48,10.370370300000001,17.7777777,89.36583643258295,0.28342245899999996,0.31356994686303313,0.0,28.76480541455161,85.02824858757063,10.839844,45.227062094531966,72.54098360655738,24.346076458752517,0.0,0.0,0.0,0.0,0.0,0.0,0.0,0.0,11.5,46.842105200000006,31.5789473,21.5789473,0.0,5.670140372624603,-1.4807363906875253,-0.0054842088543982405,17.59124292420859,2026,AA
Bryant Betancourt,COL,700164.0,sa3015846,22.0,8030,268,238,0.268907563,0.337078651,0.512605042,0.243697479,14,25,41,9.3283582,15.2985074,117.47867590956636,0.268817204,0.3653155200015333,0.0,32.849364791288565,87.8125,8.132530000000001,45.00998003992016,70.95343680709534,17.959183673469386,0.0,0.0,0.0,0.0,0.0,0.0,0.0,0.0,29.901960784313733,34.0,47.0,19.0,0.0,3.0400305418644216,-0.34388364758342505,-0.0012831479387441233,30.35268208252922,2026,AA
Theo Gillen,TBR,815394.0,sa3025565,20.0,7300,268,226,0.287610619,0.389513108,0.504424778,0.21681415899999998,10,36,53,13.4328358,19.7761194,135.81993442883578,0.333333333,0.39241288479109454,0.0,25.04012841091493,85.49382716049381,8.915441,44.32529043789097,65.32258064516128,23.110151187904968,0.0,0.0,0.0,0.0,0.0,0.0,0.0,0.0,11.235955056179774,49.7109826,23.1213872,27.16763,0.0,7.612365790327054,-0.14816529490053654,-0.0005528555779870767,39.85650870222147,2026,AA
Owen Cobb,NYY,686540.0,sa3025193,25.0,9125,267,240,0.24583333300000001,0.298449612,0.34583333299999997,0.1,3,18,54,6.741572999999999,20.2247191,76.44221430062092,0.306010928,0.2922503185826679,0.0,40.0,88.8888888888889,9.324759,50.46923879040668,59.50413223140496,21.428571428571427,0.0,0.0,0.0,0.0,0.0,0.0,0.0,0.0,14.000000000000002,48.351648299999994,32.9670329,18.6813186,0.0,6.423799785079452,1.5732512660324574,0.005892326839072874,11.865007958625824,2026,AA
Alex Madera,CHC,823702.0,sa3075809,25.0,9125,267,221,0.30316742,0.409774436,0.348416289,0.045248869000000004,0,42,58,15.730336999999999,21.722846399999998,117.94088119445291,0.40361445700000004,0.35840929585291925,0.0,17.441860465116278,89.13043478260867,5.893019000000001,47.743055555555564,58.54545454545455,18.15980629539952,0.0,0.0,0.0,0.0,0.0,0.0,0.0,0.0,3.4682080924855487,53.125,17.5,29.375,0.0,6.223928385967554,0.3103804625570774,0.0011624736425358705,19.01627983260484,2026,AA
Deniel Ortiz,STL,811765.0,sa3066597,21.0,7665,266,215,0.27906976699999997,0.39245283,0.47441860399999997,0.195348837,10,40,49,15.037593900000001,18.421052600000003,122.7570332328973,0.308641975,0.387482890542948,0.0,19.9288256227758,87.24035608308607,7.852411999999999,47.525676937441645,66.2082514734774,20.535714285714285,0.0,0.0,0.0,0.0,0.0,0.0,0.0,0.0,26.436781609195403,38.8235294,36.4705882,24.705882300000006,0.0,3.915440080059645,-0.9647528864443302,-0.0036268905505425953,37.18335404117301,2026,AA
Brett Callahan,DET,814430.0,sa3022927,24.0,8760,265,224,0.267857142,0.373584905,0.504464285,0.23660714300000002,12,34,55,12.8301886,20.7547169,132.99660001257075,0.301886792,0.38502727814440457,0.0,29.225352112676052,82.84023668639054,13.599182,44.800777453838684,73.31887201735357,29.132231404958677,0.0,0.0,0.0,0.0,0.0,0.0,0.0,0.0,21.66666666666667,42.6035502,35.502958500000005,21.8934911,0.0,7.692134531673907,1.2111821398138998,0.0045704986408071704,23.593306504412823,2026,AA
Jesus Castillo,PIT,691913.0,sa3015587,22.0,8030,265,238,0.24789915899999998,0.312977099,0.348739495,0.100840336,5,20,60,7.547169800000002,22.641509399999997,76.6357054432125,0.310344827,0.30200477592817704,0.0,38.065843621399175,86.26760563380282,15.250291,44.960362400906,71.53652392947103,31.415929203539818,0.0,0.0,0.0,0.0,0.0,0.0,0.0,0.0,11.578947368421053,39.77272720000001,35.2272727,25.0,0.0,5.568979374730847,-0.4230876546353102,-0.0015965571873030574,15.384327442251813,2026,AA
Casey Yamauchi,ATH,671748.0,sa3022528,25.0,9125,261,237,0.29113924,0.34496124,0.400843881,0.10970464099999999,5,10,26,3.8314176,9.961685800000001,94.67419368550804,0.30917874300000003,0.34013725805652234,0.0,44.88888888888889,92.43027888446214,5.5618620000000005,48.9216799091941,58.236658932714604,13.082039911308206,0.0,0.0,0.0,0.0,0.0,0.0,0.0,0.0,15.348837209302324,53.8834951,23.3009708,22.8155339,0.0,7.206931182412614,1.3136626146733759,0.005033190094534008,15.101611053233972,2026,AA
David Calabrese,LAA,683341.0,sa3014507,23.0,8395,261,231,0.22077922,0.294573643,0.35064935,0.12987013,5,24,51,9.1954022,19.540229800000002,75.73213479999535,0.259887005,0.29231880408848904,0.0,32.1880650994575,86.49517684887459,11.594203,45.57086614173229,67.17062634989199,26.2472885032538,0.0,0.0,0.0,0.0,0.0,0.0,0.0,0.0,16.836734693877553,41.3407821,37.9888268,20.670391,0.0,5.3256738031454764,-0.2693899078294635,-0.0010321452407259137,17.98791575288262,2026,AA
Carter Graham,CIN,807728.0,sa3022824,24.0,8760,260,220,0.277272727,0.388461538,0.5136363629999999,0.23636363600000002,12,35,62,13.461538399999998,23.8461538,132.24780643516186,0.33561643799999996,0.3978083981917455,0.0,23.146473779385172,80.68535825545172,13.116371,47.879359095193216,63.188976377952756,32.55813953488372,0.0,0.0,0.0,0.0,0.0,0.0,0.0,0.0,17.261904761904766,39.6103896,38.3116883,22.077922,0.0,5.205785471752764,-0.6869133394211531,-0.00264197438238905,21.870881606131487,2026,AA
Jean Carlos Sió,SFG,805117.0,sa3018648,22.0,8030,260,226,0.22566371600000001,0.31128404600000004,0.411504424,0.18584070800000002,11,21,63,8.076922999999999,24.2307692,92.64222936162321,0.259740259,0.3220405142594868,0.0,41.21739130434783,84.42906574394462,14.09465,43.516699410609036,65.23702031602708,28.515625,0.0,0.0,0.0,0.0,0.0,0.0,0.0,0.0,24.41860465116279,34.1614906,41.6149068,24.223602399999997,0.0,5.877062637125776,-0.579870798625052,-0.002230272302404046,19.462727446225138,2026,AA
Carlos Jorge,CIN,699115.0,sa3016722,22.0,8030,259,230,0.330434782,0.401544401,0.452173913,0.121739131,6,25,52,9.652509599999998,20.07722,124.23512320281158,0.40462427700000003,0.3850306783403669,0.0,33.21554770318021,84.81012658227847,10.619469,44.83430799220272,68.69565217391305,24.066390041493772,0.0,0.0,0.0,0.0,0.0,0.0,0.0,0.0,19.021739130434785,53.0726256,24.022346300000002,22.905027899999997,0.0,7.965289950492752,1.5555166145786643,0.006005855654743877,30.171360604745523,2026,AA
Payton Green,MIA,700243.0,sa3025195,23.0,8395,258,225,0.235555555,0.330739299,0.431111111,0.19555555600000002,10,26,87,10.0775193,33.720930200000005,101.40125612174305,0.3359375,0.3388532006647438,0.0,30.50847457627119,79.75077881619939,14.673367,49.47668886774501,61.730769230769226,33.90928725701944,0.0,0.0,0.0,0.0,0.0,0.0,0.0,0.0,31.03448275862069,31.111111100000002,42.2222222,26.666666600000003,0.0,6.6508925596068025,2.009404816664756,0.007788390762266494,18.723961121091023,2026,AA
Josh Moylan,NYY,694742.0,sa3022865,23.0,8395,257,232,0.25431034399999997,0.31906614699999997,0.512931034,0.25862069,16,22,75,8.5603112,29.1828793,117.69795894489441,0.3006993,0.3574697948151525,0.0,33.33333333333333,77.67857142857143,18.283963,45.090562440419454,71.03594080338267,38.085539714867615,0.0,0.0,0.0,0.0,0.0,0.0,0.0,0.0,20.833333333333336,36.7088607,39.2405063,24.0506329,0.0,3.1744972075988667,-0.7510995846241713,-0.002922566477136853,16.23995474289487,2026,AA
Jesús  Báez,STL,800305.0,sa3018507,21.0,7665,257,234,0.316239316,0.35408560299999997,0.6794871790000001,0.36324786299999995,25,10,41,3.8910504999999995,15.9533073,148.599626962408,0.281609195,0.4291707448922243,0.0,35.849056603773576,86.50306748466257,12.041284,46.941045606229146,77.25118483412322,23.760330578512395,0.0,0.0,0.0,0.0,0.0,0.0,0.0,0.0,30.392156862745093,34.6733668,42.71356779999999,22.613065300000002,0.0,3.6309747412300366,-0.9294054508209229,-0.0036163636218712954,30.51876237052098,2026,AA
Kendall George,LAD,806077.0,sa3022660,21.0,7665,257,223,0.331838565,0.41796875,0.399103139,0.06726457400000001,0,31,49,12.062256800000002,19.0661478,124.89576136402346,0.425287356,0.38293105200864375,0.0,22.59194395796848,85.9375,8.110686999999999,46.535580524344574,64.38631790744466,22.068965517241377,0.0,0.0,0.0,0.0,0.0,0.0,0.0,0.0,3.278688524590164,60.2339181,11.6959064,28.070175400000004,0.0,8.476569626724316,3.227375391870737,0.012557880902220769,36.764859818368286,2026,AA
John Peck,DET,807726.0,sa3022896,23.0,8395,256,235,0.285106382,0.328125,0.5106382970000001,0.225531915,10,14,64,5.46875,25.0,117.33002702868879,0.345454545,0.36026065004989505,0.0,34.53237410071942,82.40469208211144,13.37386,47.19848053181386,68.61167002012073,28.994082840236693,0.0,0.0,0.0,0.0,0.0,0.0,0.0,0.0,8.743169398907106,50.2994011,27.5449101,22.1556886,0.0,8.623153883048168,0.2976158428937197,0.0011625618863035925,21.65640343334716,2026,AA
Adam Retzbach,BAL,806273.0,sa3019946,25.0,9125,255,214,0.177570093,0.290836653,0.285046728,0.107476635,4,28,89,10.9803921,34.901960700000004,52.99211330174123,0.276422764,0.2730287140109149,0.0,31.36200716845878,69.90595611285266,17.387033,46.19093539054966,66.59707724425887,39.17525773195877,0.0,0.0,0.0,0.0,0.0,0.0,0.0,0.0,15.789473684210524,47.58064510000001,33.0645161,19.3548387,0.0,4.6028709869981315,-0.5438836505636573,-0.00213287706103395,5.788291356122637,2026,AA
Kevin Parada,NYM,691006.0,sa3020575,24.0,8760,254,223,0.22869955100000003,0.314960629,0.32735426,0.09865470900000001,4,29,67,11.4173228,26.3779527,79.45221850872345,0.305194805,0.2971812817524737,0.0,30.99315068493151,76.27627627627628,14.705882,44.64454976303317,70.70063694267515,31.45833333333333,0.0,0.0,0.0,0.0,0.0,0.0,0.0,0.0,11.976047904191615,42.30769229999999,34.6153846,23.076923,0.0,3.8312194842587353,-0.10239794291555883,-0.0004031415075415701,11.379748134781499,2026,AA
Carlos Sanchez,CIN,800176.0,sa3018465,21.0,7665,254,215,0.213953488,0.334645669,0.358139534,0.14418604599999998,7,39,70,15.354330699999998,27.5590551,83.73334489569042,0.282608695,0.32044302877478714,0.0,28.41781874039939,75.72254335260115,13.744493,44.68988954970264,65.77946768060836,33.734939759036145,0.0,0.0,0.0,0.0,0.0,0.0,0.0,0.0,11.688311688311687,60.0,25.5172413,14.4827586,0.0,5.8047683323125865,-0.8357313591986895,-0.003290280941727124,21.565263522079892,2026,AA
Derek Berg,PIT,815074.0,sa3025263,24.0,8760,253,227,0.277533039,0.34262948200000004,0.449339207,0.171806168,8,21,77,8.3003952,30.4347826,107.55564328609482,0.384615384,0.35088480872462,0.0,27.82764811490125,78.73015873015873,13.483145999999998,48.521256931608136,60.0,31.896551724137932,0.0,0.0,0.0,0.0,0.0,0.0,0.0,0.0,16.883116883116884,38.8888888,32.638888800000004,28.4722222,0.0,3.7949860529410655,-0.8771815598011017,-0.0034671207897276745,14.376375997586877,2026,AA
Cooper Kinney,TBR,695692.0,sa3017793,23.0,8395,253,218,0.302752293,0.37944664,0.522935779,0.220183486,11,27,58,10.6719367,22.924901100000003,135.644225554702,0.35714285700000004,0.3921326841761472,0.0,35.80952380952381,78.02547770700637,14.787234,45.369406867846,72.0183486238532,31.901840490797554,0.0,0.0,0.0,0.0,0.0,0.0,0.0,0.0,20.238095238095237,38.9937106,34.5911949,26.415094300000003,0.0,3.987931666398738,-1.9185501979663968,-0.007583202363503546,21.42866371814392,2026,AA
Dylan Jasso,MIA,815734.0,sa3022830,23.0,8395,253,212,0.264150943,0.355731225,0.396226415,0.132075472,4,30,57,11.8577075,22.529644199999996,101.91162195053806,0.329113924,0.3396670742939583,0.0,26.73611111111111,85.07462686567165,7.585569,47.68392370572207,51.047619047619044,21.84466019417476,0.0,0.0,0.0,0.0,0.0,0.0,0.0,0.0,26.060606060606066,34.1614906,34.1614906,31.6770186,0.0,5.397305424305647,-0.10848018992692232,-0.00042877545425661003,24.807194132344538,2026,AA
Kala'i Rosario,MIN,693850.0,sa3015199,23.0,8395,251,203,0.23152709300000002,0.374501992,0.41871921100000004,0.18719211800000002,11,42,78,16.7330677,31.0756972,106.9604176485658,0.313043478,0.3648317548858217,0.0,22.903225806451612,76.05633802816901,12.592593,43.99277326106594,58.31622176591375,34.624697336561745,0.0,0.0,0.0,0.0,0.0,0.0,0.0,0.0,28.461538461538463,38.4,36.0,25.6,0.0,3.860316541182936,-0.43529656156897545,-0.0017342492492787866,21.779664619410767,2026,AA
Blake Rambusch,SEA,800683.0,sa3020008,26.0,9490,251,210,0.26190476100000004,0.370517928,0.3,0.038095238999999996,1,35,38,13.9442231,15.1394422,99.24728258808618,0.310344827,0.3263403084648558,0.0,24.187725631768952,91.78571428571428,7.881269,45.845552297165206,59.701492537313435,20.971867007672635,0.0,0.0,0.0,0.0,0.0,0.0,0.0,0.0,8.55614973262032,53.7572254,24.2774566,21.9653179,0.0,6.241134667496853,1.5349945668131113,0.006115516202442674,12.728699954130695,2026,AA
Caden Rose,BOS,694896.0,sa3023458,24.0,8760,251,212,0.21226415,0.32799999999999996,0.320754716,0.108490566,3,31,73,12.3505976,29.0836653,78.56107522320181,0.306569343,0.3053621337413788,0.0,26.325088339222606,78.0,14.848485,43.56929212362911,68.64988558352402,35.38812785388128,0.0,0.0,0.0,0.0,0.0,0.0,0.0,0.0,17.02127659574468,41.911764700000006,35.29411760000001,22.7941176,0.0,6.50987788453323,1.0976020749658346,0.004372916633330019,13.54256576273705,2026,AA
Taylor Young,LAD,805891.0,sa3019907,27.0,9855,251,215,0.31627906899999997,0.41434262899999996,0.427906976,0.111627907,4,32,41,12.7490039,16.3346613,129.30624070955582,0.376470588,0.39004579530769135,0.0,22.70168855534709,92.92035398230087,5.144033,45.1081359423275,51.59817351598174,15.942028985507244,0.0,0.0,0.0,0.0,0.0,0.0,0.0,0.0,8.620689655172415,54.437869799999994,24.260355,21.3017751,0.0,6.83012174639283,1.5471307840198278,0.00616386766541764,10.594138479404807,2026,AA
Trey Paige,STL,813852.0,sa3022440,25.0,9125,250,207,0.21256038600000002,0.336,0.342995169,0.130434783,5,37,59,14.8,23.6,80.26269027684087,0.267123287,0.3189333479404449,0.0,27.69230769230769,82.24299065420558,12.224449,45.37815126050421,66.0493827160494,30.357142857142854,0.0,0.0,0.0,0.0,0.0,0.0,0.0,0.0,14.374999999999998,43.9189189,29.729729700000004,26.3513513,0.0,5.8658458712728425,0.8627227917313576,0.0034508911669254303,13.451727321959467,2026,AA
Jeral Perez,CHW,800419.0,sa3018557,21.0,7665,248,217,0.17972350199999998,0.282258064,0.28110599,0.101382488,4,28,69,11.2903225,27.8225806,57.72008480745964,0.243055555,0.2666160961793315,0.0,32.22996515679443,78.85906040268456,12.524272,45.746691871455575,61.57024793388429,28.90792291220557,0.0,0.0,0.0,0.0,0.0,0.0,0.0,0.0,15.584415584415586,44.8275862,30.3448275,24.8275862,0.0,3.8745456503997735,-0.3865710869431496,-0.0015587543828352805,15.182514899439216,2026,AA
Kehden Hettiger,PHI,800607.0,sa3022812,22.0,8030,246,204,0.19117647,0.31707317,0.348039215,0.156862745,8,39,86,15.853658500000002,34.959349499999995,74.90845895013994,0.274336283,0.30473344836916244,0.0,26.324237560192607,73.64864864864866,12.871286999999999,44.7695035460993,58.61386138613861,33.99558498896248,0.0,0.0,0.0,0.0,0.0,0.0,0.0,0.0,25.6198347107438,28.333333300000003,40.0,31.666666600000003,0.0,3.9240656215088494,-0.9798708045855165,-0.003983214652786653,17.409528359556646,2026,AA
Damon Keith,MIL,701618.0,sa3017179,26.0,9490,245,217,0.29953917,0.36734693799999996,0.516129032,0.216589862,10,21,70,8.5714285,28.571428499999996,128.8847060949003,0.39285714200000005,0.3850856968334743,0.0,34.274193548387096,78.52112676056338,15.628539000000002,45.31422271223815,69.09975669099757,33.03370786516854,0.0,0.0,0.0,0.0,0.0,0.0,0.0,0.0,14.64968152866242,43.3333333,34.6666666,22.0,0.0,4.017333049712177,-0.8161862166598439,-0.0033313723128973217,8.727165840673878,2026,AA
Brandon Winokur,MIN,806263.0,sa3022613,21.0,7665,244,219,0.251141552,0.304526748,0.433789954,0.182648402,11,15,65,6.147540900000001,26.6393442,81.50762415801836,0.297297297,0.32377270489563176,0.0,38.67735470941884,76.50793650793649,18.39207,44.922737306843274,77.39557739557739,34.184675834970534,0.0,0.0,0.0,0.0,0.0,0.0,0.0,0.0,20.754716981132077,39.87341770000001,36.7088607,23.4177215,0.0,6.794888920363535,0.1607421152293682,0.0006587791607760992,16.678560573479214,2026,AA
Walker Janek,HOU,801075.0,sa3025254,23.0,8395,243,226,0.230088495,0.27983539,0.36283185799999995,0.132743363,7,15,84,6.172839499999999,34.5679012,66.70704210414739,0.330882352,0.2888737149199341,0.0,38.69047619047619,77.0,18.172043,46.38297872340426,68.80733944954129,37.57700205338809,0.0,0.0,0.0,0.0,0.0,0.0,0.0,0.0,15.862068965517242,43.2624113,35.4609929,21.276595699999998,0.0,7.105982323833481,2.900000406429172,0.011934158051148856,10.01702572076926,2026,AA
Tre Richardson III,STL,693832.0,sa3022428,24.0,8760,241,212,0.268867924,0.356846473,0.429245283,0.160377359,8,27,61,11.2033195,25.311203300000006,103.59623844480244,0.34265734200000003,0.3565737476487377,0.0,31.237721021611005,76.22377622377621,13.930886,47.03433922996878,63.274336283185846,30.930232558139533,0.0,0.0,0.0,0.0,0.0,0.0,0.0,0.0,16.7741935483871,39.7260273,30.1369863,30.1369863,0.0,6.981059682989245,2.7529714033007617,0.011423117856019759,18.102098490630667,2026,AA
Jackson Hornung,TOR,814408.0,sa3022704,25.0,9125,241,221,0.235294117,0.298755186,0.36199095,0.126696833,4,19,71,7.8838174,29.4605809,76.41433621718001,0.328767123,0.2982704097799246,0.0,33.51648351648351,84.35374149659864,13.522355999999998,45.67164179104478,64.05228758169935,32.18390804597701,0.0,0.0,0.0,0.0,0.0,0.0,0.0,0.0,10.429447852760736,57.1428571,19.7278911,23.129251699999998,0.0,7.271937409242681,0.3191573489457369,0.0013243043524719376,9.257004477501413,2026,AA
Adam Zebrowski,ATL,700845.0,sa3017221,25.0,9125,239,214,0.271028037,0.343096234,0.588785046,0.317757009,19,21,77,8.7866108,32.217573200000004,138.28740781692136,0.327731092,0.3959422400805741,0.0,31.25,73.06501547987618,19.139298,47.67932489451477,71.46017699115043,38.59649122807017,0.0,0.0,0.0,0.0,0.0,0.0,0.0,0.0,15.753424657534245,37.7777777,40.0,22.222222199999997,0.0,3.589628626458188,-0.4781612744554877,-0.002000674788516685,11.888599469543495,2026,AA
Jack Pineda,KCR,801442.0,sa3020762,26.0,9490,239,210,0.37142857100000004,0.443037974,0.5476190470000001,0.176190476,7,20,31,8.3682008,12.970711200000002,156.968462602541,0.41279069700000004,0.4413239589687121,0.0,29.91803278688525,86.7132867132867,8.304094000000001,45.7174638487208,69.58637469586375,18.564356435643564,0.0,0.0,0.0,0.0,0.0,0.0,0.0,0.0,6.770833333333332,53.44827579999999,22.4137931,24.137931,0.0,6.810622595373451,0.4156432673335075,0.0017390931687594458,14.531510286793091,2026,AA
Marco Vargas,NYM,804614.0,sa3018632,21.0,7665,237,209,0.28229665,0.36286919799999995,0.406698564,0.124401914,3,27,68,11.392405,28.6919831,110.8399245936247,0.40287769700000003,0.3468007897421465,0.0,23.204419889502763,85.6655290102389,9.573361,44.704684317718936,66.74259681093395,25.12437810945274,0.0,0.0,0.0,0.0,0.0,0.0,0.0,0.0,13.79310344827586,46.428571399999996,30.0,23.5714285,0.0,8.556281204910146,4.259777530096471,0.017973744852727732,30.90878759857709,2026,AA
Sammy Siani,SEA,686445.0,sa3010704,25.0,9125,235,212,0.24528301800000002,0.302127659,0.39150943299999996,0.146226415,7,19,50,8.0851063,21.276595699999998,88.75614597845741,0.283018867,0.3094165824829264,0.0,25.67287784679089,84.01360544217688,11.384977,45.36199095022624,73.31670822942642,25.879396984924625,0.0,0.0,0.0,0.0,0.0,0.0,0.0,0.0,18.128654970760238,47.2392638,31.2883435,21.4723926,0.0,7.61849642767825,0.3998488187789917,0.001701484335229752,13.835279628491914,2026,AA
Carson DeMartini,PHI,701831.0,sa3025198,23.0,8395,235,189,0.285714285,0.421276595,0.507936507,0.222222222,9,43,56,18.297872299999998,23.829787200000002,143.16221845894356,0.36,0.4126329538669992,0.0,19.84732824427481,83.68055555555556,10.18711,46.256410256410255,63.858093126385796,27.979274611398964,0.0,0.0,0.0,0.0,0.0,0.0,0.0,0.0,21.323529411764707,38.6363636,35.606060600000006,25.757575699999997,0.0,7.492046622268616,0.2778842216357589,0.0011824860495138676,31.79669034018003,2026,AA
T.J. White,WSN,695604.0,sa3017697,22.0,8030,234,206,0.22330097,0.298701298,0.36893203799999996,0.145631068,7,21,64,8.9743589,27.350427300000003,81.04040963780193,0.284671532,0.3004086288538846,0.0,28.40466926070039,77.40863787375416,14.563107,46.23430962343097,68.09954751131222,31.19266055045872,0.0,0.0,0.0,0.0,0.0,0.0,0.0,0.0,17.449664429530202,38.1294964,38.8489208,23.0215827,0.0,2.8462480953981686,-1.6213565152138472,-0.006928873996640372,14.68570645432045,2026,AA
Harold Coll,LAA,694563.0,sa3025185,24.0,8760,234,203,0.172413793,0.261802575,0.27093596,0.098522167,3,20,60,8.5470085,25.641025600000003,48.84533404480872,0.222222222,0.2494427789434343,0.0,28.542510121457486,84.42028985507247,11.990687,46.30434782608695,64.7887323943662,27.2264631043257,0.0,0.0,0.0,0.0,0.0,0.0,0.0,0.0,15.723270440251572,40.71428570000001,39.28571420000001,20.0,0.0,6.174757998834632,-1.0471192626282573,-0.0044748686437105015,11.570584984306988,2026,AA
Gavin Logan,ARI,678099.0,sa3020191,26.0,9490,233,191,0.214659685,0.346320346,0.445026178,0.230366493,13,33,57,14.163090099999998,24.4635193,88.72937692818356,0.22950819600000003,0.35566035932276674,0.0,26.72727272727273,80.6020066889632,12.317328,44.6122860020141,67.49435665914221,31.32250580046404,0.0,0.0,0.0,0.0,0.0,0.0,0.0,0.0,16.666666666666664,34.074074,45.18518510000001,20.7407407,0.0,3.580870891480168,-0.4979684613645077,-0.002137203696843381,10.278331603383092,2026,AA
Max Ferguson,BOS,681132.0,sa3016819,26.0,9490,232,194,0.24742268,0.36363636299999996,0.438144329,0.190721649,8,34,59,14.655172400000001,25.431034399999998,113.10218721059314,0.3125,0.3599667288524248,0.0,25.09025270758123,82.22996515679442,10.901468,43.870314083080046,66.28175519630484,28.606965174129353,0.0,0.0,0.0,0.0,0.0,0.0,0.0,0.0,24.305555555555557,29.629629600000005,45.18518510000001,25.1851851,0.0,6.722698800950768,-0.3005605014041066,-0.001295519402603908,12.320121680815024,2026,AA
Vincent Perozo,NYM,691710.0,sa3015188,23.0,8395,231,210,0.18095238,0.246753246,0.328571428,0.147619048,8,9,83,3.896103800000001,35.9307359,55.22267013766465,0.247933884,0.2588778050430925,0.0,42.650103519668725,73.62637362637362,18.488372,45.48532731376975,67.74193548387096,35.913978494623656,0.0,0.0,0.0,0.0,0.0,0.0,0.0,0.0,20.149253731343286,42.96875,34.375,22.65625,0.0,1.2806776525,-0.5295442957431078,-0.0022923995486714625,4.937490938890836,2026,AA
Brandon Butterworth,BAL,822578.0,sa3025264,23.0,8395,231,193,0.269430051,0.377192982,0.49740932600000004,0.227979275,10,30,53,12.9870129,22.9437229,123.11626485192792,0.320610687,0.38388504383322425,0.0,31.13553113553113,81.53310104529615,10.465116,43.82716049382715,67.37089201877934,25.05592841163311,0.0,0.0,0.0,0.0,0.0,0.0,0.0,0.0,22.81879194630873,33.0935251,43.16546760000001,23.7410071,0.0,6.801151292498718,1.1354266675189135,0.004915266958956337,28.307811816551038,2026,AA
Austin Hendrick,CIN,690988.0,sa3014521,25.0,9125,230,212,0.24056603699999998,0.3,0.424528301,0.183962264,10,16,68,6.956521700000001,29.5652173,83.39341595027398,0.30597014899999997,0.31990094858667123,0.0,37.447698744769866,80.81180811808119,17.426901,43.5655253837072,73.4417344173442,35.25498891352549,0.0,0.0,0.0,0.0,0.0,0.0,0.0,0.0,29.86111111111111,33.3333333,40.9722222,25.6944444,0.0,2.7362753066185563,-1.179821452125907,-0.005129658487503943,7.04853464901497,2026,AA
Griffin Lockwood-Powell,LAD,674976.0,sa3019303,28.0,10220,230,191,0.282722513,0.39130434700000005,0.47643979,0.193717277,8,31,53,13.478260800000001,23.0434782,128.73805061244735,0.345864661,0.3891292222168135,0.0,24.259259259259263,86.66666666666669,8.350515,45.837512537612845,62.36323851203501,22.772277227722768,0.0,0.0,0.0,0.0,0.0,0.0,0.0,0.0,20.0,37.5886524,34.0425531,28.3687943,0.0,1.46590908375,-0.6763334143906832,-0.0029405800625681875,5.8719268198218115,2026,AA
Maxwell Romero Jr.,WSN,686912.0,sa3020271,25.0,9125,229,190,0.24210526300000001,0.36681222700000005,0.510526315,0.268421052,13,33,76,14.410480300000001,33.1877729,133.83310274849723,0.323529411,0.38386638299867054,0.0,22.25913621262459,80.85808580858085,13.53001,44.25925925925926,63.38912133891213,35.396039603960396,0.0,0.0,0.0,0.0,0.0,0.0,0.0,0.0,30.70866141732284,36.036036,37.837837799999996,26.126126100000004,0.0,1.6602522815456986,-1.2141405781731007,-0.005301923922153279,14.57955374712036,2026,AA
Alberto Barriga,ARI,800569.0,sa3018595,21.0,7665,229,207,0.236714975,0.301310043,0.36231884,0.125603865,5,18,47,7.860262,20.5240174,55.31724238518093,0.280254777,0.3017617370363927,0.0,36.607142857142854,82.85714285714286,12.903226,47.23203769140164,69.82543640897757,26.315789473684212,0.0,0.0,0.0,0.0,0.0,0.0,0.0,0.0,22.085889570552148,38.9937106,33.9622641,27.0440251,0.0,4.254679543044387,-0.7902482319623232,-0.00345086564175687,17.363239897183536,2026,AA
Khadim Diaw,MIN,813715.0,sa3025259,22.0,8030,229,185,0.313513513,0.429824561,0.448648648,0.135135135,4,26,24,11.3537117,10.4803493,131.70911185939914,0.3375,0.4047549905484183,0.0,22.698072805139194,89.21933085501858,6.823266,47.6457399103139,63.29411764705882,17.599999999999994,0.0,0.0,0.0,0.0,0.0,0.0,0.0,0.0,11.585365853658535,40.123456700000006,34.5679012,25.308641899999998,0.0,5.356666583412792,-0.07450428977608681,-0.0003253462435636979,35.49101278384117,2026,AA
Carter Young,BAL,677356.0,sa3020534,25.0,9125,228,193,0.212435233,0.328947368,0.32124352300000003,0.10880829,4,31,83,13.5964912,36.4035087,73.70752549607126,0.345794392,0.3057768402392404,0.0,27.87524366471735,70.87719298245614,16.949153,46.22641509433962,64.62585034013605,41.56769596199525,0.0,0.0,0.0,0.0,0.0,0.0,0.0,0.0,17.857142857142858,45.9459459,30.6306306,23.4234234,0.0,4.677305814201559,-0.6645733593031764,-0.0029147954355402475,7.937401899074295,2026,AA
Drew Compton,ATL,686541.0,sa3022495,25.0,9125,228,205,0.19512195100000002,0.263157894,0.292682926,0.097560975,4,18,44,7.8947368,19.2982456,49.945150547055654,0.225,0.2550640121886605,0.0,28.86836027713625,82.38993710691823,11.873351,49.356725146198826,75.35545023696683,24.871794871794872,0.0,0.0,0.0,0.0,0.0,0.0,0.0,0.0,19.33701657458564,46.913580200000006,33.3333333,19.753086399999997,0.0,4.147304491188808,-0.9225936168804764,-0.004046463231931915,9.351370521172095,2026,AA
Aiva Arquette,MIA,804109.0,sa3026235,22.0,8030,228,210,0.271428571,0.324561403,0.44285714200000004,0.171428571,10,14,45,6.1403508,19.7368421,99.33051611765022,0.301282051,0.3355510189997412,0.0,39.82102908277405,85.29411764705883,10.336239,48.143851508120655,65.5421686746988,23.13084112149533,0.0,0.0,0.0,0.0,0.0,0.0,0.0,0.0,15.428571428571427,45.0,29.375,25.625,0.0,6.383608667213256,2.0134289488196373,0.008830828722893145,24.87970659501352,2026,AA
Trevor Cohen,SFG,701906.0,sa3029111,22.0,8030,228,213,0.300469483,0.342105263,0.39436619700000003,0.093896714,3,14,22,6.1403508,9.6491228,98.67345018054807,0.322751322,0.3315750182720653,0.0,28.01724137931034,92.72727272727272,5.365854,47.45186862967157,65.63245823389022,11.904761904761903,0.0,0.0,0.0,0.0,0.0,0.0,0.0,0.0,5.6872037914691935,58.42105260000001,23.684210500000002,17.8947368,0.0,7.57672697593162,1.2868313249200585,0.005643997039123063,28.84211418305169,2026,AA
J.T. Arruda,TBR,686793.0,sa3010036,28.0,10220,228,190,0.252631578,0.370044052,0.368421052,0.115789474,5,36,60,15.7894736,26.315789399999996,110.70062748337091,0.341269841,0.34481621606160057,0.0,23.378212974296204,81.7155756207675,11.659664,43.84879725085911,69.43573667711597,29.60526315789473,0.0,0.0,0.0,0.0,0.0,0.0,0.0,0.0,14.975845410628018,46.1538461,32.3076923,21.5384615,0.0,6.239303717966942,2.523565599694848,0.011068270174100213,5.110961448587653,2026,AA
Zavier Warren,CIN,680518.0,sa3014549,27.0,9855,224,191,0.172774869,0.29147982,0.282722513,0.109947644,5,30,62,13.3928571,27.678571400000006,54.231876000476724,0.22580645100000002,0.2733974269687328,0.0,26.358148893360163,83.08823529411767,10.879121000000001,46.7309753483387,62.38532110091744,27.763496143958868,0.0,0.0,0.0,0.0,0.0,0.0,0.0,0.0,23.484848484848484,28.125,42.96875,28.90625,0.0,6.054014609265928,-0.10375226009637116,-0.00046317973257308567,5.7050680453713865,2026,AA
Bennett Thompson,CLE,701750.0,sa3025451,23.0,8395,223,187,0.27272727199999997,0.37104072299999996,0.406417112,0.13368984,5,28,41,12.5560538,18.385650199999997,114.71141285607351,0.319444444,0.35321444030261145,0.0,20.638297872340427,87.4493927125506,7.566937999999999,46.28571428571429,60.987654320987644,20.414201183431953,0.0,0.0,0.0,0.0,0.0,0.0,0.0,0.0,24.183006535947708,34.6938775,34.6938775,30.612244800000003,0.0,5.080302299560233,-0.7276143468916416,-0.003262844604895254,27.981463152496904,2026,AA
Darrien Miller,MIL,687152.0,sa3011330,25.0,9125,223,165,0.218181818,0.40807174799999996,0.442424242,0.224242424,9,40,49,17.9372197,21.9730941,130.82468795426936,0.245454545,0.3881793602165085,0.0,20.0652528548124,87.72563176895305,7.171716999999999,46.08619173262973,52.862595419847324,22.253521126760567,0.0,0.0,0.0,0.0,0.0,0.0,0.0,0.0,35.60606060606061,25.663716800000003,51.327433600000006,23.0088495,0.0,4.362181768348013,-0.7340711904689671,-0.003291799060398955,20.133452027028717,2026,AA
Caleb Ricketts,PHI,681080.0,sa3019917,26.0,9490,223,202,0.252475247,0.31838565,0.455445544,0.202970297,11,15,50,6.726457300000001,22.4215246,97.10953843997412,0.28169014,0.33983020370851186,0.0,34.589800443458984,84.40677966101696,12.891986,48.63325740318907,69.08665105386417,26.923076923076927,0.0,0.0,0.0,0.0,0.0,0.0,0.0,0.0,24.203821656050955,50.3311258,32.4503311,17.218543,0.0,2.9911779719812013,-0.45562626793980604,-0.002043167120806305,8.507458655966397,2026,AA
Won-Bin Cho,STL,800231.0,sa3019526,22.0,8030,221,184,0.27173913,0.38914027100000004,0.516304347,0.244565217,12,35,45,15.837103999999998,20.3619909,130.60293384177518,0.296875,0.4001394669394687,0.0,26.954732510288068,77.7777777777778,15.384614999999998,45.515695067264566,70.93596059113301,34.57711442786069,0.0,0.0,0.0,0.0,0.0,0.0,0.0,0.0,17.36111111111111,49.2753623,27.536231800000003,23.1884057,0.0,3.892102732964397,-0.7078714314848185,-0.0032030381515150154,28.902110260259533,2026,AA
Ivan Brethowr,PIT,814442.0,sa3025415,23.0,8395,220,182,0.175824175,0.310502283,0.28021978,0.104395605,3,30,70,13.6363636,31.8181818,65.67711042948007,0.263636363,0.2846807927301485,0.0,28.26510721247563,66.3793103448276,14.581066000000002,45.36741214057509,54.460093896713616,37.22826086956522,0.0,0.0,0.0,0.0,0.0,0.0,0.0,0.0,14.529914529914533,44.1441441,36.9369369,18.918918899999998,0.0,5.578887260305196,0.023684032261371613,0.0001076546920971437,13.19716432121036,2026,AA
David McCabe,ATL,678173.0,sa3019964,26.0,9490,220,188,0.281914893,0.38181818100000003,0.579787234,0.29787234100000004,16,29,54,13.1818181,24.5454545,149.21137888255538,0.310924369,0.4133625520901246,0.0,26.929674099485418,85.66037735849056,11.276596000000001,41.7,63.54916067146284,28.8265306122449,0.0,0.0,0.0,0.0,0.0,0.0,0.0,0.0,15.862068965517242,46.2686567,29.104477600000003,24.626865600000002,0.0,1.3591030542070166,-1.2377530820667744,-0.005626150373030793,12.412629969112913,2026,AA
Austin Murr,PHI,689456.0,sa3016967,27.0,9855,218,196,0.285714285,0.347222222,0.494897959,0.209183674,7,17,35,7.798165099999999,16.055045800000002,114.73073200246463,0.316129032,0.3676868094890206,0.0,30.39443155452436,89.31297709923666,6.738869,50.05793742757822,60.648148148148145,14.97326203208556,0.0,0.0,0.0,0.0,0.0,0.0,0.0,0.0,20.588235294117645,38.125,38.75,23.125,0.0,6.894607765306038,0.6993332263082266,0.0032079505793955352,9.465034439987537,2026,AA
Jorge Corona,CHW,687262.0,sa3067209,25.0,9125,217,193,0.233160621,0.313364055,0.44559585399999996,0.212435233,10,14,68,6.4516129000000015,31.3364055,100.2091400794196,0.301724137,0.3343728300063841,0.0,28.716904276985744,75.73529411764707,15.467626,45.62569213732005,66.01941747572816,36.0613810741688,0.0,0.0,0.0,0.0,0.0,0.0,0.0,0.0,21.052631578947366,32.5,42.5,25.0,0.0,5.770397169179839,-0.9097981210798024,-0.004192618069492177,9.785910931945963,2026,AA
Davis Diaz,ATH,696286.0,sa3025494,23.0,8395,217,185,0.291891891,0.39170506899999996,0.41081081,0.118918919,4,24,33,11.059907800000001,15.2073732,114.2246687229118,0.335570469,0.3716750117490918,0.0,26.55889145496536,94.25837320574163,5.1190479999999985,48.39094159713945,51.477832512315274,14.814814814814813,0.0,0.0,0.0,0.0,0.0,0.0,0.0,0.0,13.071895424836605,45.69536420000001,27.8145695,26.4900662,0.0,5.835102536136834,0.3137636333703995,0.0014459153611539144,29.371379764871307,2026,AA
Jack O'Dowd,COL,691942.0,sa3076117,25.0,9125,217,189,0.25396825300000003,0.333333333,0.433862433,0.17989418,7,20,63,9.2165898,29.032258000000002,101.48781573462608,0.33606557299999995,0.3400362398889329,0.0,31.77570093457944,73.06397306397307,18.678815,41.784548422198036,77.34375,39.19821826280624,0.0,0.0,0.0,0.0,0.0,0.0,0.0,0.0,27.819548872180448,34.8837209,37.9844961,27.131782899999997,0.0,3.087283541219197,-0.055626261979341514,-0.00025634222110295626,9.384094229864344,2026,AA
Brandon Compton,MIA,703680.0,sa3029229,22.0,8030,216,187,0.331550802,0.421296296,0.7593582879999999,0.427807486,21,27,68,12.5,31.4814814,195.66985219329308,0.41836734600000003,0.4891820825706018,0.0,25.10373443983402,73.68421052631578,16.004963,47.09110867178924,66.43356643356644,39.2,0.0,0.0,0.0,0.0,0.0,0.0,0.0,0.0,25.20325203252032,40.0,41.7391304,18.260869500000002,0.0,4.691133353831668,-0.6054124347865582,-0.002802835346234065,26.726252526855003,2026,AA
Jose Torres,COL,686958.0,sa3017396,26.0,9490,216,185,0.178378378,0.269230769,0.313513513,0.135135135,7,20,68,9.259259199999999,31.4814814,56.221728390583905,0.23636363600000002,0.2684769810965428,0.0,27.44186046511628,72.96296296296295,15.301205,49.35217903415785,64.43914081145584,35.656836461126005,0.0,0.0,0.0,0.0,0.0,0.0,0.0,0.0,17.05426356589147,44.7368421,38.5964912,16.6666666,0.0,5.5078674419586005,-0.44839655701071024,-0.002075909986160696,5.264712764381535,2026,AA
Matt King,PIT,823153.0,sa3035409,23.0,8395,215,183,0.256830601,0.347619047,0.295081967,0.038251366,0,23,33,10.6976744,15.348837200000002,79.67305348476344,0.311258278,0.3068063920452481,0.0,31.944444444444446,90.09900990099008,8.844339999999999,49.591598599766634,71.29411764705881,18.26697892271663,0.0,0.0,0.0,0.0,0.0,0.0,0.0,0.0,10.967741935483874,58.78378370000001,21.6216216,19.5945945,0.0,5.747518455546548,1.3678589966148138,0.006362134867975878,22.022665243364735,2026,AA
Matt Rudick,NYM,689822.0,sa3017334,27.0,9855,215,177,0.175141242,0.308411214,0.299435028,0.12429378599999999,4,29,47,13.488372000000002,21.860465100000006,74.13719381374403,0.2109375,0.2887789821513345,0.0,31.55893536121673,80.95238095238095,10.620525,41.685144124168524,67.02127659574468,24.289405684754524,0.0,0.0,0.0,0.0,0.0,0.0,0.0,0.0,28.472222222222218,27.906976699999998,47.2868217,24.8062015,0.0,4.906458885977506,0.4741168282926082,0.002205194550198178,6.296320551891693,2026,AA
Jonny Farmelo,SEA,806071.0,sa3023362,21.0,7665,214,176,0.22159090899999997,0.355140186,0.357954545,0.13636363599999998,4,35,60,16.3551401,28.037383100000003,104.91143588370127,0.309734513,0.3354774097972941,0.0,26.66666666666667,84.2911877394636,12.242563,44.00452488687783,67.09511568123393,30.334190231362467,0.0,0.0,0.0,0.0,0.0,0.0,0.0,0.0,20.168067226890763,41.025641,36.7521367,22.222222199999997,0.0,7.52758944528003,1.9020315743982792,0.008887998011206913,28.68535910870984,2026,AA
Connor Charping,SEA,806464.0,sa3020014,27.0,9855,214,177,0.259887005,0.38317757,0.45762711799999994,0.197740113,6,25,40,11.6822429,18.6915887,133.14466881813493,0.303030303,0.3810217121494151,0.0,24.193548387096772,89.0625,10.56701,46.55172413793103,67.72486772486772,25.144508670520228,0.0,0.0,0.0,0.0,0.0,0.0,0.0,0.0,17.6056338028169,41.4814814,28.888888800000004,29.629629600000005,0.0,6.132845674505401,-0.3784151095896959,-0.0017682949046247476,9.698999856797712,2026,AA
Nick Raposo,SEA,695596.0,sa3015018,28.0,10220,213,179,0.25698324,0.370892018,0.379888268,0.12290502800000001,3,29,52,13.6150234,24.4131455,114.18749448937108,0.344,0.350441038608551,0.0,31.21149897330596,78.60082304526749,12.028302,44.84711211778029,61.36363636363637,28.759894459102906,0.0,0.0,0.0,0.0,0.0,0.0,0.0,0.0,23.07692307692308,39.3700787,40.9448818,19.6850393,0.0,5.649907100083111,-0.8176228497177362,-0.003838604928252283,4.5791251703143265,2026,AA
Eric Brown Jr.,MIL,687521.0,sa3019923,25.0,9125,212,178,0.213483146,0.339622641,0.342696629,0.12921348300000002,5,31,52,14.6226415,24.5283018,87.73439465638808,0.27272727199999997,0.31946384007076045,0.0,23.91304347826087,85.88235294117645,9.605911,46.28450106157113,58.48623853211009,25.609756097560968,0.0,0.0,0.0,0.0,0.0,0.0,0.0,0.0,15.068493150684931,47.540983600000004,34.4262295,18.0327868,0.0,5.402580634254494,-0.777799729257822,-0.003668866647442557,14.565094433977276,2026,AA
Emaarion Boyd,MIA,702708.0,sa3020281,22.0,8030,212,186,0.23655913899999997,0.302439024,0.333333333,0.09677419400000001,3,10,55,4.716981099999999,25.9433962,72.07385642342652,0.317829457,0.29208518470205913,0.0,31.818181818181817,83.33333333333334,10.793238,48.58548585485856,63.79746835443038,24.92753623188406,0.0,0.0,0.0,0.0,0.0,0.0,0.0,0.0,10.344827586206897,56.1538461,26.9230769,16.923076899999998,0.0,7.233431350459558,-1.2827802384272218,-0.00605085018126048,16.744238525629644,2026,AA
Yerlin Confidan,CIN,691398.0,sa3015176,23.0,8395,211,192,0.260416666,0.322274881,0.4375,0.17708333399999998,8,17,52,8.056872,24.6445497,93.27163524469948,0.315789473,0.3356536140939071,0.0,29.13752913752914,78.69565217391305,13.392857000000001,46.64179104477611,61.33333333333333,33.04347826086956,0.0,0.0,0.0,0.0,0.0,0.0,0.0,0.0,8.333333333333332,55.319148899999995,22.6950354,21.985815600000002,0.0,3.810589282575772,-0.9926169449463488,-0.004704345710646202,16.500564107715075,2026,AA
Sean Keys,TOR,815873.0,sa3025317,23.0,8395,209,172,0.28488372,0.411483253,0.5813953479999999,0.296511628,14,28,51,13.3971291,24.4019138,158.41347312959243,0.327102803,0.4278994058641257,0.0,34.920634920634924,85.44776119402985,13.186813,44.857768052516406,65.36585365853661,28.82205513784461,0.0,0.0,0.0,0.0,0.0,0.0,0.0,0.0,33.088235294117645,35.5932203,41.52542370000001,22.8813559,0.0,5.269966155990918,-0.0393569553270936,-0.00018831079103872537,26.838068912249717,2026,AA
Ty Hanchey,SFG,800643.0,sa3022684,26.0,9490,209,179,0.245810055,0.33495145600000004,0.374301675,0.12849162,4,22,61,10.5263157,29.1866028,92.112689056096,0.344827586,0.3212033862020911,0.0,28.442437923250562,81.99233716475096,12.645161,45.443349753694584,70.73170731707317,28.18428184281843,0.0,0.0,0.0,0.0,0.0,0.0,0.0,0.0,10.852713178294573,53.8461538,34.1880341,11.9658119,0.0,4.149368766715877,-0.9510995876044036,-0.0045507157301646105,7.738758831776812,2026,AA
Sean McLain,LAD,683169.0,sa3019890,25.0,9125,206,182,0.258241758,0.339805825,0.445054945,0.186813187,7,17,63,8.252427099999998,30.5825242,104.92760707122135,0.35398229999999997,0.3507195210572585,0.0,31.33047210300429,80.41666666666667,14.655172,45.04716981132076,62.82722513089004,35.483870967741936,0.0,0.0,0.0,0.0,0.0,0.0,0.0,0.0,28.8,32.7731092,40.3361344,26.890756300000003,0.0,8.842431835863543,0.9902489613741636,0.0048070337930784645,12.344448341791386,2026,AA
Malcolm Moore,TEX,702270.0,sa3025250,22.0,8030,206,179,0.217877094,0.31553398,0.413407821,0.195530727,8,17,50,8.252427099999998,24.2718446,86.625832345448,0.25409836,0.32813854269611026,0.0,32.943925233644855,81.94444444444444,13.693467000000002,46.16352201257862,78.4741144414169,26.869158878504678,0.0,0.0,0.0,0.0,0.0,0.0,0.0,0.0,19.230769230769237,29.1338582,48.031496,22.8346456,0.0,3.3974668993065005,-1.441188057884574,-0.0069960585334202605,18.65878001164001,2026,AA
Jake Rucker,MIN,696160.0,sa3017757,26.0,9490,205,170,0.264705882,0.372549019,0.517647058,0.252941176,10,27,40,13.170731699999997,19.5121951,122.25916411910386,0.284552845,0.3895108533256194,0.0,24.228028503562946,82.4074074074074,9.603073,46.02564102564102,60.167130919220064,26.18296529968454,0.0,0.0,0.0,0.0,0.0,0.0,0.0,0.0,26.315789473684212,33.846153799999996,40.0,26.153846100000003,0.0,5.880282379952854,-0.10980157181620598,-0.0005356174234936877,14.093197206524529,2026,AA
Miguel Palma,NYY,682692.0,sa3009279,24.0,8760,205,181,0.220994475,0.312195121,0.39226519299999996,0.17127071800000002,9,20,43,9.756097500000001,20.9756097,92.49393071589766,0.24031007699999998,0.3176258037729961,0.0,28.082191780821923,82.6086956521739,13.248408,46.45476772616136,78.6842105263158,27.363184079601982,0.0,0.0,0.0,0.0,0.0,0.0,0.0,0.0,22.222222222222218,43.0656934,36.496350299999996,20.437956200000002,0.0,2.09138654625,-0.6430180734023452,-0.003136673528791928,15.546842008009882,2026,AA
Kamren James,TBR,687553.0,sa3020201,26.0,9490,204,180,0.227777777,0.31188118800000003,0.41111111100000003,0.183333334,7,20,53,9.8039215,25.9803921,92.04209332087746,0.283333333,0.3226009412567214,0.0,34.168564920273354,80.66666666666666,14.68254,48.10874704491725,73.7100737100737,29.310344827586203,0.0,0.0,0.0,0.0,0.0,0.0,0.0,0.0,17.6056338028169,43.8016528,27.2727272,28.925619800000003,0.0,5.8488018519785765,-0.9286394659429787,-0.004552154244818524,7.924876697518991,2026,AA
Julian Brock,TEX,683149.0,sa3023424,25.0,9125,204,177,0.197740112,0.29901960699999997,0.31638418,0.118644068,5,24,67,11.7647058,32.843137199999994,62.30600258641522,0.283018867,0.2889071276374892,0.0,27.625570776255714,82.37410071942446,13.553114,48.771929824561404,66.66666666666666,30.78947368421053,0.0,0.0,0.0,0.0,0.0,0.0,0.0,0.0,15.126050420168069,43.6363636,32.7272727,23.636363600000003,0.0,2.740346368865546,-1.0705938525497911,-0.005248009081126428,8.188537337875303,2026,AA
Juan Flores,LAA,808129.0,sa3021185,20.0,7300,203,188,0.186170212,0.232673267,0.303191489,0.11702127699999999,5,5,61,2.4630541,30.049261,43.632271887839785,0.241935483,0.24112957775002655,0.0,42.924528301886795,82.86852589641434,15.978695000000002,43.541944074567255,76.75840978593273,30.324074074074076,0.0,0.0,0.0,0.0,0.0,0.0,0.0,0.0,13.846153846153848,39.84375,34.375,25.78125,0.0,2.37499999625,-0.4478423530235887,-0.0022061199656334416,8.018831541947474,2026,AA
Lucas Spence,HOU,828599.0,sa3025371,23.0,8395,202,171,0.269005847,0.37128712799999997,0.43274853799999996,0.163742691,4,19,41,9.4059405,20.2970297,113.12309180233947,0.328125,0.3637495396742179,0.0,27.20588235294117,87.30158730158729,10.196078,47.82608695652174,67.37967914438502,23.728813559322035,0.0,0.0,0.0,0.0,0.0,0.0,0.0,0.0,11.851851851851851,44.2748091,33.587786200000004,22.137404500000002,0.0,7.851727198761242,0.4607926364988089,0.0022811516658356873,27.457896590741,2026,AA
Aaron Walton,CLE,830239.0,sa3044756,22.0,8030,201,166,0.25903614399999997,0.378109452,0.48192771,0.222891566,7,26,52,12.9353233,25.8706467,132.25482450009147,0.330275229,0.380948083910776,0.0,23.556581986143183,77.18446601941747,10.606061,46.14427860696517,55.5256064690027,29.235880398671103,0.0,0.0,0.0,0.0,0.0,0.0,0.0,0.0,27.966101694915253,37.9310344,37.9310344,24.137931,0.0,7.6513854436198,1.7191573698073626,0.008553021740335138,32.00857381346576,2026,AA
Caden Kendle,MIN,814522.0,sa3025262,24.0,8760,200,175,0.37142857100000004,0.43,0.645714285,0.27428571399999996,11,14,45,7.000000000000001,22.5,166.88505919726632,0.43902439,0.4614988988637924,0.0,34.19203747072599,79.72350230414746,12.953368,44.61738002594034,63.08139534883721,28.846153846153847,0.0,0.0,0.0,0.0,0.0,0.0,0.0,0.0,33.582089552238806,31.060606,38.6363636,30.303030300000003,0.0,5.170801764842454,0.6313868388533592,0.003156934194266796,20.457710269132477,2026,AA
Noah Mendlinger,STL,702331.0,sa3017001,25.0,9125,199,159,0.27672955899999996,0.40201005,0.37735849,0.10062893099999999,2,32,18,16.080402,9.0452261,110.09398152858836,0.293706293,0.3670555502925087,0.0,25.260960334029225,93.97590361445783,5.361596,44.68822170900693,64.34108527131785,15.522388059701493,0.0,0.0,0.0,0.0,0.0,0.0,0.0,0.0,14.1025641025641,43.6619718,28.873239399999996,27.4647887,0.0,2.4110897690996334,-2.2275258377194405,-0.01119359717446955,18.305490439149864,2026,AA
Fernando Peguero,BAL,800387.0,sa3018546,21.0,7665,199,176,0.22159090899999997,0.297979797,0.3125,0.090909091,3,19,55,9.5477386,27.6381909,58.78157233652321,0.3,0.2821810269596601,0.0,31.17782909930716,80.23715415019763,11.514393,45.739348370927324,69.31506849315069,26.470588235294123,0.0,0.0,0.0,0.0,0.0,0.0,0.0,0.0,11.29032258064516,54.23728810000001,28.813559299999998,16.9491525,0.0,6.425294469130216,3.0416845409199595,0.015284846939296281,18.880637317285,2026,AA
Dean Curley,CLE,806053.0,sa3029706,22.0,8030,198,170,0.264705882,0.36868686799999995,0.44117647,0.176470588,7,25,64,12.6262626,32.3232323,121.94672260257069,0.38383838299999995,0.36465243799517855,0.0,22.40566037735849,87.0,8.979090000000003,49.03846153846153,49.01960784313725,27.62237762237762,0.0,0.0,0.0,0.0,0.0,0.0,0.0,0.0,17.272727272727273,34.28571420000001,34.28571420000001,31.4285714,0.0,3.2838771144184364,-1.9996949480846524,-0.010099469434770973,26.86757661983348,2026,AA
Shane Sasaki,CIN,687071.0,sa3011754,25.0,9125,198,170,0.24117647,0.34010152200000004,0.370588235,0.129411765,2,24,57,12.1212121,28.787878700000004,86.61828645526826,0.348214285,0.32504360687914235,0.0,28.08510638297873,82.32931726907631,11.485643,44.70588235294118,65.52631578947367,27.1978021978022,0.0,0.0,0.0,0.0,0.0,0.0,0.0,0.0,6.666666666666668,46.8468468,26.126126100000004,27.027027,0.0,7.2475019728216115,-0.3138222442939877,-0.0015849608297676151,13.094810592269551,2026,AA
Trent Youngblood,ARI,827636.0,sa3067290,24.0,8760,197,162,0.290123456,0.41025641,0.46296296200000003,0.172839506,5,29,31,14.720812099999998,15.736040599999999,114.90693202774489,0.333333333,0.3978885549765367,0.0,21.85430463576159,92.88702928870293,6.435644,44.75609756097561,65.12261580381471,17.956656346749227,0.0,0.0,0.0,0.0,0.0,0.0,0.0,0.0,9.701492537313431,45.6692913,22.8346456,31.496062899999995,0.0,6.624317688873534,-1.598120028153062,-0.008112284406868335,27.136021352014218,2026,AA
Jace Bohrofen,TOR,690957.0,sa3022653,24.0,8760,197,170,0.252941176,0.355329949,0.576470588,0.323529412,13,22,67,11.167512599999998,34.01015220000001,139.6797110479159,0.333333333,0.3982839871784152,0.0,31.5450643776824,78.515625,18.263091,45.04716981132076,67.01570680628272,38.52242744063325,0.0,0.0,0.0,0.0,0.0,0.0,0.0,0.0,21.818181818181817,38.0,46.0,16.0,0.0,8.080590064689416,0.98759061191231,0.005013150314275686,18.922207618335076,2026,AA
Eduardo Garcia,MIL,682633.0,sa3008751,23.0,8395,197,171,0.222222222,0.314720812,0.321637426,0.09941520400000001,4,20,50,10.152284199999999,25.380710600000004,73.17777004715722,0.285714285,0.2962505835567029,0.0,35.4775828460039,78.92561983471073,14.829396,42.809364548494976,63.02083333333334,32.24932249322493,0.0,0.0,0.0,0.0,0.0,0.0,0.0,0.0,18.51851851851852,43.362831799999995,37.1681415,19.4690265,0.0,5.200142262051156,-0.228277905844152,-0.0011587710956555938,12.896641810426708,2026,AA
Nolan Schubart,CLE,702278.0,sa3041794,22.0,8030,197,162,0.24691358,0.380710659,0.561728395,0.314814815,15,35,67,17.7664974,34.01015220000001,145.22462995607196,0.3125,0.4014515053365648,0.0,25.53191489361702,69.48529411764707,18.292683,44.64075382803298,71.76781002638522,41.160949868073885,0.0,0.0,0.0,0.0,0.0,0.0,0.0,0.0,27.72277227722773,30.5263157,53.6842105,15.7894736,0.0,3.6718628998461513,-0.7258831895887852,-0.0036846862415674366,25.111691426883866,2026,AA
Connor Caskenette,MIA,683353.0,sa3025240,24.0,8760,196,180,0.216666666,0.275510204,0.355555555,0.13888888900000002,6,13,51,6.632653,26.0204081,66.26987497007285,0.266129032,0.2828296523313133,0.0,31.486146095717878,84.48979591836735,11.005435,49.297573435504475,63.47150259067358,25.63380281690141,0.0,0.0,0.0,0.0,0.0,0.0,0.0,0.0,22.058823529411764,45.2380952,34.920634899999996,19.8412698,0.0,6.896847642570597,1.0625892002135515,0.005421373470477304,13.645324066327696,2026,AA
Alberto Rodriguez,KCR,679754.0,sa3005603,25.0,9125,195,169,0.20118343100000002,0.288659793,0.284023668,0.082840237,3,17,57,8.717948699999999,29.230769199999997,51.738161717645035,0.27678571399999996,0.2715722110468088,0.0,36.38297872340426,88.03418803418802,12.45283,42.89185905224787,66.28895184135978,28.684210526315788,0.0,0.0,0.0,0.0,0.0,0.0,0.0,0.0,15.0,61.60714280000001,21.4285714,16.964285699999998,0.0,4.161725532447827,-1.2607919219881296,-0.006465599599939126,6.8917652538846434,2026,AA
Maddux Houghton,MIN,806368.0,sa3020716,27.0,9855,195,180,0.188888888,0.251282051,0.333333333,0.144444445,3,14,75,7.1794870999999985,38.461538399999995,44.22589109417622,0.30392156800000003,0.2636318585811517,0.0,31.15183246073299,76.77902621722845,18.533333,50.5181347150259,68.46153846153847,40.0,0.0,0.0,0.0,0.0,0.0,0.0,0.0,0.0,23.14814814814815,36.5384615,40.3846153,23.076923,0.0,8.306150018839169,2.39608958363533,0.01228763889043759,3.321233215638763,2026,AA
Murf Gray,PIT,809092.0,sa3032619,22.0,8030,195,155,0.258064516,0.394871794,0.48387096700000004,0.22580645100000002,9,29,43,14.871794799999998,22.051282,132.5805261910014,0.29245283,0.3904455964381878,0.0,28.159645232815965,84.87804878048779,9.7867,43.34170854271357,59.42028985507246,24.69879518072289,0.0,0.0,0.0,0.0,0.0,0.0,0.0,0.0,23.47826086956522,35.9649122,36.842105200000006,27.1929824,0.0,4.1591135903908585,-0.3564918451011181,-0.001828163308210862,32.541872277535504,2026,AA
Gustavo Campero,LAA,672569.0,sa3003242,28.0,10220,193,167,0.287425149,0.375,0.45508982,0.167664671,6,15,26,7.7720207,13.4715025,126.02496509114029,0.308823529,0.3725201146056255,0.0,34.71933471933472,81.32780082987551,11.051213,41.05392156862745,71.94029850746269,24.24242424242424,0.0,0.0,0.0,0.0,0.0,0.0,0.0,0.0,18.954248366013076,41.7266187,36.6906474,21.582733800000003,0.0,5.9853976150771055,-0.3966410681605339,-0.002055135068189295,5.219847149014083,2026,AA
Douglas Hodo III,BAL,683233.0,sa3020614,25.0,9125,192,176,0.21590909,0.27748691,0.42613636299999996,0.21022727300000002,8,14,59,7.2916666,30.729166600000006,74.52359041307788,0.275229357,0.30706692303662525,0.0,36.009732360097324,84.38818565400844,14.538043,45.272969374167786,69.70588235294117,30.62330623306233,0.0,0.0,0.0,0.0,0.0,0.0,0.0,0.0,23.33333333333333,38.938053,40.7079646,20.3539823,0.0,8.840149169481792,1.7010643985122442,0.008859710408917941,10.19305474939608,2026,AA
Jean Walters,ARI,695078.0,sa3015236,24.0,8760,191,162,0.265432098,0.342391304,0.444444444,0.17901234600000002,6,18,43,9.4240837,22.513089,85.52735503890804,0.32173913,0.3504950332900752,0.0,34.18013856812933,90.521327014218,10.860367,41.088435374149654,69.86754966887418,26.34730538922156,0.0,0.0,0.0,0.0,0.0,0.0,0.0,0.0,10.526315789473683,51.282051200000005,27.350427300000003,21.367521300000003,0.0,6.967355991724378,-0.17054332233965394,-0.0008928969756002824,18.805748207599013,2026,AA
Keyber Rodriguez,TEX,677601.0,sa3005488,25.0,9125,189,173,0.317919075,0.354497354,0.5028901729999999,0.184971098,5,11,46,5.820105799999999,24.338624300000003,113.68809718882342,0.396825396,0.3717939035689577,0.0,33.24873096446701,85.38812785388129,9.959072,47.67596281540504,61.002785515320326,23.03206997084548,0.0,0.0,0.0,0.0,0.0,0.0,0.0,0.0,17.424242424242426,42.7480916,29.7709923,27.480915999999997,0.0,6.0312748751319205,-0.9216347001492976,-0.004876374074864009,14.680007922640765,2026,AA
Yeison Morrobel,TEX,694218.0,sa3015720,22.0,8030,189,177,0.322033898,0.359788359,0.46892655299999997,0.146892655,3,9,35,4.7619047,18.5185185,111.87343746557221,0.385714285,0.3688665940648034,0.0,36.266666666666666,84.83412322274881,12.316716,44.852941176470594,69.18032786885246,24.92836676217765,0.0,0.0,0.0,0.0,0.0,0.0,0.0,0.0,13.98601398601399,53.19148930000001,22.6950354,24.1134751,0.0,5.891857983690803,-0.18034525588154796,-0.0009542077030769733,24.962367856944326,2026,AA
Jose Salas,MIN,691191.0,sa3014690,23.0,8395,188,166,0.186746987,0.26595744600000004,0.343373493,0.156626506,7,14,63,7.4468085,33.510638199999995,51.69019714766746,0.24242424199999998,0.2756728675771267,0.0,37.559808612440186,77.72727272727272,18.065434,42.0249653259362,72.60726072607261,37.43169398907104,0.0,0.0,0.0,0.0,0.0,0.0,0.0,0.0,18.51851851851852,47.6190476,32.3809523,20.0,0.0,6.330115076460008,1.6470293886959553,0.008760794620723166,9.912547191629633,2026,AA
Garret Guillemette,HOU,695048.0,sa3022677,24.0,8760,188,160,0.1875,0.29787234,0.2375,0.05,1,20,50,10.6382978,26.5957446,52.32839358540986,0.261261261,0.26567886801476176,0.0,28.354430379746837,90.14084507042256,11.310345,46.33152173913043,62.463343108504404,25.937500000000004,0.0,0.0,0.0,0.0,0.0,0.0,0.0,0.0,25.892857142857146,39.090909,35.45454539999999,25.4545454,0.0,6.715272261494252,0.7001014072448015,0.0037239436555574546,14.009382056191704,2026,AA
Luke Pelzer,KCR,804114.0,sa3038960,23.0,8395,187,164,0.335365853,0.411764705,0.402439024,0.067073171,0,20,37,10.6951871,19.7860962,116.04581606148814,0.4296875,0.375309790791692,0.0,29.144385026737968,87.73584905660377,8.959538,45.95375722543353,66.66666666666666,20.3125,0.0,0.0,0.0,0.0,0.0,0.0,0.0,0.0,15.625,40.1574803,24.4094488,35.4330708,0.0,7.273591462950129,0.19207806512713432,0.0010271554284873494,27.251287364577237,2026,AA
Ryan Cesarini,CLE,825761.0,sa3025440,23.0,8395,184,158,0.316455696,0.387978142,0.626582278,0.310126582,13,19,25,10.3260869,13.5869565,162.06905973291438,0.298387096,0.4280801578297641,0.0,22.10242587601078,89.2857142857143,9.244992,45.760233918128655,71.56549520766772,22.10884353741497,0.0,0.0,0.0,0.0,0.0,0.0,0.0,0.0,26.57342657342657,38.6861313,39.416058299999996,21.8978102,0.0,6.159225770691734,1.2542927116155624,0.00681680821530197,33.683173444982124,2026,AA
Will Verdung,ATL,815299.0,sa3022512,23.0,8395,184,162,0.203703703,0.28961748600000004,0.290123456,0.086419753,2,19,39,10.3260869,21.1956521,60.2278477843678,0.25409836,0.2714616933155581,0.0,20.76502732240437,91.06382978723404,6.906475,51.329787234042556,60.880829015544045,17.832167832167833,0.0,0.0,0.0,0.0,0.0,0.0,0.0,0.0,14.492753623188404,45.378151200000005,28.571428499999996,26.0504201,0.0,5.936544830831883,-0.10304846242070198,-0.0005600459914168586,21.040097503029113,2026,AA
Jonah Cox,SFG,813841.0,sa3022541,24.0,8760,183,160,0.4,0.452513966,0.64375,0.24375,6,16,31,8.743169300000002,16.9398907,187.23241994168308,0.46399999999999997,0.4715741789540765,0.0,29.347826086956523,82.55319148936171,10.201149000000001,49.24137931034483,65.82633053221289,22.839506172839503,0.0,0.0,0.0,0.0,0.0,0.0,0.0,0.0,4.964539007092199,46.5116279,34.1085271,19.3798449,0.0,8.349085069875986,1.364317954517901,0.0074552893689502795,26.129968627336265,2026,AA
John Taylor,TEX,822966.0,sa3068818,25.0,9125,183,143,0.321678321,0.45355191200000006,0.517482517,0.195804196,6,32,41,17.486338699999997,22.4043715,153.33077802272723,0.40404040399999996,0.4357433012925862,0.0,22.271714922048996,84.52380952380952,7.93854,43.09252217997465,49.411764705882355,25.0,0.0,0.0,0.0,0.0,0.0,0.0,0.0,0.0,13.761467889908257,48.0392156,21.568627399999997,30.392156800000002,0.0,5.146180004894327,-0.5567800626158714,-0.003042514003365418,20.332077328625886,2026,AA
Kai Murphy,SDP,687625.0,sa3019857,25.0,9125,183,165,0.206060606,0.28021978,0.28484848399999996,0.07878787799999999,3,14,37,7.6502732,20.218579199999997,58.99770812715705,0.248,0.2669883796146938,0.0,35.41076487252124,81.99233716475096,13.719512,48.69186046511628,77.91044776119405,25.683060109289613,0.0,0.0,0.0,0.0,0.0,0.0,0.0,0.0,16.666666666666664,47.540983600000004,25.409836,27.0491803,0.0,4.758845161517738,-0.10203082114458084,-0.0005575454707354144,8.516535441279045,2026,AA
Miguel Useche,CHC,687766.0,sa3068933,25.0,9125,182,160,0.3,0.37362637299999996,0.4875,0.1875,6,20,36,10.9890109,19.7802197,131.06657564534635,0.35,0.37934066699101376,0.0,23.096446700507606,86.80851063829788,8.908046,47.95244385733157,64.73829201101928,22.115384615384613,0.0,0.0,0.0,0.0,0.0,0.0,0.0,0.0,18.3206106870229,39.6694214,34.7107438,25.6198347,0.0,3.0899548117969813,-0.5097981151193379,-0.002801088544611748,18.051310934424,2026,AA
Jack Winnay,BOS,813400.0,sa3045455,23.0,8395,181,157,0.267515923,0.36464088299999997,0.439490445,0.171974522,6,19,36,10.4972375,19.8895027,114.44118710877956,0.313043478,0.36208349762700537,0.0,27.17391304347825,81.06796116504856,9.942363,48.09590973201693,60.410557184750736,24.333333333333336,0.0,0.0,0.0,0.0,0.0,0.0,0.0,0.0,22.4,34.7457627,43.220338899999994,22.0338983,0.0,1.79058440875,-0.6430180734023452,-0.003552586040896934,24.234323096163212,2026,AA
Bennett Lee,DET,700939.0,sa3022679,24.0,8760,180,153,0.183006535,0.290502793,0.28758169899999997,0.104575164,2,20,53,11.111111099999999,29.4444444,61.785273595150365,0.26,0.272452279176126,0.0,29.466357308584687,74.88372093023256,14.08046,43.36399474375821,65.15151515151516,35.29411764705883,0.0,0.0,0.0,0.0,0.0,0.0,0.0,0.0,13.636363636363635,52.941176399999996,31.372549,15.6862745,0.0,3.53416148375,-0.5295442957431078,-0.002941912754128377,9.004563346071945,2026,AA
Jay Harry,TOR,803385.0,sa3022607,23.0,8395,179,169,0.325443786,0.353932584,0.579881656,0.25443787,8,7,42,3.9106145,23.4636871,140.33455830231742,0.391666666,0.399319207735276,0.0,47.61904761904761,84.5528455284553,14.499999999999998,48.26086956521739,73.87387387387388,27.966101694915253,0.0,0.0,0.0,0.0,0.0,0.0,0.0,0.0,23.48993288590604,40.4761904,33.3333333,26.1904761,0.0,5.431895180033507,-0.7745848223567009,-0.004327289510372631,21.362924418909987,2026,AA
Kien Vu,CIN,809844.0,sa3044590,22.0,8030,179,156,0.173076923,0.275280898,0.314102564,0.141025641,5,17,55,9.4972067,30.726256899999996,52.45840645242878,0.22916666600000002,0.270569298563704,0.0,27.34375,77.58620689655173,15.648285999999999,46.81440443213297,68.63905325443787,36.96369636963696,0.0,0.0,0.0,0.0,0.0,0.0,0.0,0.0,18.348623853211013,42.57425739999999,37.623762299999996,19.8019801,0.0,6.237407103816341,-0.4134799977764487,-0.0023099441216561387,13.583111879856265,2026,AA
Caden Bodine,TBR,805207.0,sa3027305,22.0,8030,179,152,0.315789473,0.396648044,0.447368421,0.131578948,5,20,12,11.1731843,6.7039106,127.24090717346502,0.309352517,0.3787320236254005,0.0,37.74647887323944,97.2222222222222,5.765766,39.62585034013605,77.25321888412017,11.18421052631579,0.0,0.0,0.0,0.0,0.0,0.0,0.0,0.0,18.24324324324324,40.287769700000005,32.3741007,27.3381294,0.0,3.8605913201331594,-0.4505485659465194,-0.0025170310946732925,31.03797060885884,2026,AA
Adrian Pinto,TOR,691437.0,sa3015542,23.0,8395,178,150,0.24,0.352272727,0.386666666,0.146666666,2,25,30,14.044943799999999,16.853932500000003,101.76181438702193,0.288135593,0.3383411748165434,0.0,22.5181598062954,85.85858585858584,8.815427000000003,43.50205198358414,62.26415094339622,23.529411764705877,0.0,0.0,0.0,0.0,0.0,0.0,0.0,0.0,17.21311475409836,52.1367521,26.4957264,21.367521300000003,0.0,3.823112211494978,-0.8502340074628592,-0.004776595547544152,25.8073706135464,2026,AA
Wilfred Veras,CHW,691442.0,sa3015178,23.0,8395,178,160,0.21875,0.280898876,0.35,0.13125,6,14,55,7.865168499999999,30.8988764,68.02201786418914,0.284313725,0.28304445241274456,0.0,34.961439588688954,73.86363636363636,19.69697,46.1218836565097,79.27927927927928,38.93333333333333,0.0,0.0,0.0,0.0,0.0,0.0,0.0,0.0,12.280701754385964,51.4851485,25.7425742,22.7722772,0.0,5.4349491169690705,0.2753846840932965,0.0015471049668162725,9.344371819679283,2026,AA
Ethan O'Donnell,MIA,807751.0,sa3022616,24.0,8760,177,150,0.233333333,0.34090909,0.39333333299999995,0.16,6,21,42,11.8644067,23.7288135,98.5392505229344,0.281553398,0.33428919823332265,0.0,33.139534883720934,80.31496062992126,13.803230999999998,50.289017341040456,72.98850574712644,28.531855955678672,0.0,0.0,0.0,0.0,0.0,0.0,0.0,0.0,14.15929203539823,46.29629620000001,25.925925900000006,27.7777777,0.0,6.51094515857583,1.44576957821846,0.008168189707448927,17.69106527626807,2026,AA
Jose Izarra,LAD,692222.0,sa3019998,24.0,8760,177,155,0.193548387,0.285714285,0.264516129,0.070967742,1,19,40,10.7344632,22.59887,51.8703783494806,0.25438596399999996,0.2651305106707982,0.0,30.76923076923077,85.09615384615384,10.995542,45.83333333333333,67.53246753246754,25.157232704402517,0.0,0.0,0.0,0.0,0.0,0.0,0.0,0.0,19.65811965811966,41.592920299999996,39.8230088,18.5840707,0.0,5.257043000083679,-0.18237643875181675,-0.0010303753601797556,13.42904230353214,2026,AA
Jorel Ortega,MIN,687567.0,sa3020090,25.0,9125,176,158,0.14556962,0.22159090899999997,0.234177215,0.088607595,4,15,65,8.5227272,36.9318181,14.566293703130492,0.208791208,0.21578662334518,0.0,36.05263157894737,70.5179282868526,19.040903,47.658402203856745,72.54335260115606,37.03703703703704,0.0,0.0,0.0,0.0,0.0,0.0,0.0,0.0,20.833333333333336,34.4086021,39.78494620000001,25.806451600000006,0.0,5.235606274239615,1.076536213979125,0.006116683033972301,4.225163503706663,2026,AA
Hedbert Perez,TOR,691616.0,sa3014692,23.0,8395,175,150,0.22666666600000002,0.337142857,0.42,0.193333334,6,24,51,13.7142857,29.142857100000004,103.00820807999901,0.301075268,0.3403115463256836,0.0,35.74660633484163,76.33928571428571,17.5,41.30146082337317,72.02572347266882,36.01108033240997,0.0,0.0,0.0,0.0,0.0,0.0,0.0,0.0,31.067961165048537,39.1752577,40.2061855,20.6185567,0.0,3.4836132343144697,-0.7403150517493486,-0.004230371724281992,16.209432925393408,2026,AA
Scott Bandura,SFG,814154.0,sa3022699,24.0,8760,174,142,0.323943661,0.430232558,0.478873239,0.154929578,3,25,30,14.367816,17.241379300000002,145.91293549088763,0.387387387,0.4062539391350328,0.0,29.708222811671085,83.7962962962963,8.370044,47.12482468443197,64.28571428571429,19.41747572815534,0.0,0.0,0.0,0.0,0.0,0.0,0.0,0.0,9.090909090909092,46.8468468,26.126126100000004,27.027027,0.0,7.644878515429393,0.31560252700001,0.001813807626436839,26.775877964191764,2026,AA
Dalton McIntyre,ATL,827637.0,sa3037634,22.0,8030,173,145,0.213793103,0.321428571,0.303448275,0.08965517199999999,2,21,50,12.1387283,28.901734100000002,75.4624852500327,0.311827956,0.2957561679539226,0.0,26.82926829268293,79.55801104972377,13.00578,42.57703081232493,59.53947368421054,35.401459854014604,0.0,0.0,0.0,0.0,0.0,0.0,0.0,0.0,12.149532710280376,55.9139784,20.430107500000002,23.655913899999998,0.0,8.304649009629921,0.2585650561377406,0.001494595700218154,18.721442581168198,2026,AA
Jheremy Vargas,MIL,691621.0,sa3015353,23.0,8395,172,144,0.20138888800000002,0.311764705,0.270833333,0.069444445,1,20,29,11.627906900000001,16.860465100000003,63.19770298618163,0.24137931,0.28033550276475794,0.0,21.502590673575128,85.0,8.095951999999999,48.46461949265687,66.11570247933885,19.795221843003414,0.0,0.0,0.0,0.0,0.0,0.0,0.0,0.0,9.022556390977444,44.7368421,30.7017543,24.5614035,0.0,2.9659469541122765,-2.2558906441554427,-0.013115643279973504,19.424789007566968,2026,AA
Jimmy Obertop,COL,687616.0,sa3067392,26.0,9490,171,137,0.226277372,0.376470588,0.386861313,0.160583941,5,29,66,16.9590643,38.5964912,110.71867454908876,0.39393939299999997,0.35462891739957475,0.0,20.41763341067285,70.7070707070707,13.212435000000001,46.59231722428749,52.6595744680851,38.74538745387454,0.0,0.0,0.0,0.0,0.0,0.0,0.0,0.0,10.666666666666668,44.7761194,31.3432835,23.880597,0.0,4.871896754816494,0.34437374398112297,0.0020138815437492573,9.71997800615656,2026,AA
Sebastian Walcott,TEX,806964.0,sa3021069,20.0,7300,171,152,0.322368421,0.39766081799999997,0.585526315,0.263157894,9,17,39,9.9415204,22.8070175,148.41849120716262,0.384615384,0.4278190697145741,0.0,29.29936305732484,84.94623655913979,12.436975,47.13804713804714,66.42857142857143,27.956989247311824,0.0,0.0,0.0,0.0,0.0,0.0,0.0,0.0,27.43362831858407,31.858407,34.5132743,33.6283185,0.0,6.7857142857142865,1.7491110898554325,0.01022871982371598,35.333887712563076,2026,AA
Colby Halter,ATH,690985.0,sa3022531,24.0,8760,169,139,0.23741007100000003,0.35714285700000004,0.40287769700000003,0.165467626,5,25,47,14.7928994,27.8106508,98.16840420222326,0.314606741,0.3457739267520562,0.0,26.912928759894466,75.87939698492463,14.326241,46.241134751773046,61.04294478527608,36.48648648648648,0.0,0.0,0.0,0.0,0.0,0.0,0.0,0.0,13.684210526315795,45.16129030000001,33.3333333,21.5053763,0.0,6.1091153048033116,-0.13143662177026272,-0.0007777314897648681,17.10876822258773,2026,AA
Jake Fox,CLE,695780.0,sa3017734,23.0,8395,169,131,0.34351145,0.467065868,0.48091603,0.13740458,1,33,24,19.5266272,14.2011834,161.72469895715548,0.403669724,0.4275357723236084,0.0,19.471153846153847,93.06358381502892,3.5340309999999997,47.27503168567807,46.38069705093834,11.244979919678713,0.0,0.0,0.0,0.0,0.0,0.0,0.0,0.0,15.789473684210524,39.4495412,25.688073300000006,34.86238529999999,0.0,6.2450524959143925,-1.5005605192855,-0.008879056327133136,34.449740630691984,2026,AA
Ralphy Velazquez,CLE,806252.0,sa3023013,21.0,7665,169,145,0.317241379,0.414201183,0.565517241,0.24827586199999999,7,22,31,13.017751400000002,18.3431952,161.3799883988413,0.364485981,0.42699083386088266,0.0,28.6096256684492,82.92682926829268,12.347561,42.987804878048784,72.69503546099291,27.24358974358974,0.0,0.0,0.0,0.0,0.0,0.0,0.0,0.0,15.789473684210524,39.28571420000001,31.25,29.4642857,0.0,5.231325919043805,-0.44301807042211294,-0.002621408700722562,35.18340716008243,2026,AA
Dasan Brown,MIL,672018.0,sa3011717,24.0,8760,168,135,0.2,0.34730538899999996,0.24444444399999998,0.04444444400000001,1,27,49,16.0714285,29.166666600000006,73.42801076823997,0.302325581,0.29664963912107273,0.0,25.5421686746988,73.89162561576354,12.801205,46.17380025940337,57.022471910112365,34.55882352941176,0.0,0.0,0.0,0.0,0.0,0.0,0.0,0.0,12.371134020618555,39.7590361,37.3493975,22.8915662,0.0,5.2365937096890285,-0.9110967386513948,-0.0054231948729249685,12.356441344147848,2026,AA
Raider Tello,PHI,808864.0,sa3025453,25.0,9125,168,149,0.308724832,0.371257485,0.422818791,0.11409395900000001,3,15,48,8.928571400000003,28.571428499999996,108.22208156527957,0.43,0.3573975570187597,0.0,31.607629427792915,81.67539267015707,12.539185,45.14200298953662,63.24503311258278,29.553264604811,0.0,0.0,0.0,0.0,0.0,0.0,0.0,0.0,7.207207207207206,50.0,20.5882352,29.4117647,0.0,2.681800409776105,-1.1132749980315566,-0.00662663689304498,10.771427275119617,2026,AA
Tyler Hardman,NYY,676205.0,sa3016955,27.0,9855,167,150,0.3,0.371257485,0.6133333329999999,0.313333333,13,15,45,8.9820359,26.9461077,157.2946446766031,0.34782608600000003,0.42006653440212777,0.0,34.332425068119896,82.11009174311927,14.573642999999999,44.3939393939394,74.4027303754266,29.376854599406535,0.0,0.0,0.0,0.0,0.0,0.0,0.0,0.0,22.72727272727273,29.4117647,44.117647,26.470588199999998,0.0,4.235259011279236,0.08306391071528196,0.0004973886869178561,7.4607691206136275,2026,AA
Dom Keegan,BAL,681371.0,sa3020194,25.0,9125,167,138,0.195652173,0.335329341,0.36231884,0.166666667,6,25,41,14.9700598,24.5508982,84.97115027572984,0.23076923,0.32358303219972256,0.0,24.213075060532688,86.02150537634407,9.793103,43.88586956521739,57.58513931888545,26.315789473684212,0.0,0.0,0.0,0.0,0.0,0.0,0.0,0.0,23.469387755102037,37.5,36.4583333,26.041666600000006,0.0,2.7847790333533387,-1.0502340104430914,-0.00628882640983887,14.039232045457585,2026,AA
Corey Collins,NYM,690970.0,sa3025450,24.0,8760,166,136,0.25,0.37951807200000004,0.522058823,0.272058823,10,26,43,15.6626506,25.9036144,139.17733649940195,0.285714285,0.3915982156088858,0.0,22.906403940886694,78.50877192982456,12.242091,46.153846153846146,65.51724137931035,30.065359477124186,0.0,0.0,0.0,0.0,0.0,0.0,0.0,0.0,16.666666666666664,39.1304347,44.56521729999999,16.3043478,0.0,4.335732565707487,-0.8502340074628592,-0.0051218916112220425,21.863052402048393,2026,AA
Mike Antico,COL,690443.0,sa3016922,28.0,10220,165,140,0.157142857,0.28484848399999996,0.278571428,0.121428571,4,14,62,8.484848399999999,37.5757575,57.642244454043436,0.243243243,0.2707226153576013,0.0,35.86387434554974,78.80434782608695,16.307692000000003,42.89985052316891,64.11149825783971,37.08609271523178,0.0,0.0,0.0,0.0,0.0,0.0,0.0,0.0,16.25,44.155844099999996,38.9610389,16.8831168,0.0,6.75472184065934,1.650631608441472,0.010003827929948316,2.109567855880816,2026,AA
J.J. D'Orazio,LAA,683490.0,sa3008876,24.0,8760,165,147,0.244897959,0.30909090899999997,0.408163265,0.163265306,7,13,35,7.8787878,21.2121212,91.52644305710156,0.268518518,0.3175057783271327,0.0,27.65432098765432,82.66666666666667,10.895522,44.060773480662995,70.53291536050156,25.159235668789805,0.0,0.0,0.0,0.0,0.0,0.0,0.0,0.0,16.0,41.964285700000005,37.5,20.5357142,0.0,1.9967053097103773,-0.7946386588737369,-0.00481599187196204,15.3628557120571,2026,AA
Anthony Scull,LAA,703430.0,sa3017988,22.0,8030,165,154,0.253246753,0.292682926,0.409090909,0.15584415599999998,5,7,45,4.242424199999999,27.2727272,86.23979238780736,0.323809523,0.30907522650753577,0.0,46.17737003058104,88.94736842105263,19.930676000000002,43.03135888501743,76.92307692307693,35.08771929824561,0.0,0.0,0.0,0.0,0.0,0.0,0.0,0.0,15.315315315315313,39.090909,35.45454539999999,25.4545454,0.0,4.154997189666998,-1.6579123521223664,-0.010047953649226464,12.040546072534545,2026,AA
Jake Cunningham,SDP,801507.0,sa3023269,23.0,8395,165,146,0.301369863,0.369696969,0.458904109,0.157534246,4,15,45,9.090909,27.2727272,121.83938363013027,0.40404040399999996,0.36836112272448657,0.0,34.065934065934066,78.26086956521739,13.342898000000002,47.77618364418939,62.16216216216216,28.70090634441088,0.0,0.0,0.0,0.0,0.0,0.0,0.0,0.0,14.563106796116505,45.0,21.0,34.0,0.0,6.107640394982353,-1.1314366366714241,-0.006857191737402569,19.987094799228576,2026,AA
Seaver King,WSN,814409.0,sa3025414,23.0,8395,165,137,0.335766423,0.426829268,0.562043795,0.226277372,5,22,31,13.333333300000001,18.787878699999997,162.51021344879905,0.394230769,0.4292008244409794,0.0,28.000000000000004,89.62264150943396,9.501558,46.27507163323782,65.63467492260061,22.448979591836732,0.0,0.0,0.0,0.0,0.0,0.0,0.0,0.0,6.140350877192982,40.5660377,27.358490500000002,32.0754716,0.0,6.581311173610606,-2.4771678037941456,-0.015013138204813004,31.82134257739275,2026,AA
Émilien Pitre,NYM,692150.0,sa3025391,23.0,8395,163,130,0.323076923,0.450617283,0.492307692,0.16923076899999998,3,30,17,18.4049079,10.4294478,154.5615531296452,0.35135135100000003,0.4222998959677561,0.0,23.16784869976359,92.85714285714286,4.5075129999999985,46.79245283018867,67.74193548387096,13.37386018237082,0.0,0.0,0.0,0.0,0.0,0.0,0.0,0.0,9.49367088607595,52.3364485,27.102803700000003,20.560747600000006,0.0,6.32569088587321,-1.832302061840892,-0.011241116943809151,34.63521936781627,2026,AA
Joe Lampe,CLE,802407.0,sa3020642,25.0,9125,163,142,0.225352112,0.325153374,0.295774647,0.070422535,0,19,43,11.656441699999998,26.380368,77.86139681563442,0.323232323,0.2949597956212752,0.0,26.21621621621621,87.36263736263737,8.497724,44.444444444444436,61.48648648648649,21.454545454545453,0.0,0.0,0.0,0.0,0.0,0.0,0.0,0.0,22.549019607843142,46.3917525,29.896907199999998,23.7113402,0.0,7.197685430512707,0.3047254867851734,0.0018694815140194688,13.576534024878757,2026,AA
Ryan Burrowes,CHW,802018.0,sa3018619,21.0,7665,162,139,0.24460431600000002,0.335403726,0.316546762,0.071942446,2,18,36,11.111111099999999,22.222222199999997,82.20662286772499,0.310679611,0.3056644541876657,0.0,31.085043988269803,85.14851485148516,10.876623,45.70063694267515,70.38327526132404,23.920265780730897,0.0,0.0,0.0,0.0,0.0,0.0,0.0,0.0,11.009174311926609,43.2692307,22.115384600000002,34.6153846,0.0,6.469047772905598,0.6329740704968572,0.003907247348746032,24.433514743003393,2026,AA
Benny Montgomery,COL,695603.0,sa3017169,23.0,8395,162,148,0.20270270199999998,0.271604938,0.371621621,0.16891891899999997,7,14,60,8.6419753,37.037037,67.59045551005889,0.283950617,0.2864493249375143,0.0,32.05882352941177,70.15706806282722,17.337460999999998,48.6404833836858,59.316770186335404,39.7923875432526,0.0,0.0,0.0,0.0,0.0,0.0,0.0,0.0,10.752688172043008,56.9767441,22.093023199999998,20.9302325,0.0,3.044884165,-0.42867871560156345,-0.002646164911120762,8.710457148495008,2026,AA
John Gil,ATL,808535.0,sa3021284,20.0,7300,161,143,0.314685314,0.385093167,0.42657342600000003,0.111888112,2,15,27,9.3167701,16.770186300000002,120.19032743614122,0.37391304299999994,0.367083065628265,0.0,22.558922558922557,88.55721393034824,10.562181,49.14383561643836,70.03484320557492,24.626865671641788,0.0,0.0,0.0,0.0,0.0,0.0,0.0,0.0,23.07692307692308,45.299145200000005,32.478632399999995,22.222222199999997,0.0,8.104124759276706,0.3717221030965448,0.0023088329384878554,34.90670268678297,2026,AA
Demetrio Crisantes,ARI,702679.0,sa3021051,21.0,7665,160,135,0.31851851800000003,0.4125,0.548148148,0.22962963,5,19,29,11.875,18.125,129.81099251579894,0.36893203799999996,0.42193096764385707,0.0,29.275362318840585,88.04347826086956,9.618574,44.888178913738024,65.48042704626334,22.62773722627737,0.0,0.0,0.0,0.0,0.0,0.0,0.0,0.0,18.01801801801802,42.8571428,38.095238,19.047619,0.0,5.355760399300491,-1.441188057884574,-0.009007425361778587,35.717200811619065,2026,AA
Grant Magill,CHW,686944.0,sa3067319,25.0,9125,160,143,0.195804195,0.26875,0.314685314,0.11888111900000001,3,12,58,7.5,36.25,57.42083021119858,0.29761904699999997,0.2661388788372278,0.0,32.54437869822485,73.91304347826086,14.398734,47.678018575851404,59.740259740259745,33.21678321678322,0.0,0.0,0.0,0.0,0.0,0.0,0.0,0.0,19.318181818181817,35.63218389999999,34.482758600000004,29.8850574,0.0,4.017936895779801,-0.2222513584420085,-0.001389070990262553,5.3636441596045685,2026,AA
Jhon Diaz,TBR,691252.0,sa3014710,23.0,8395,160,143,0.167832167,0.251572327,0.314685314,0.146853147,4,15,50,9.375,31.25,51.38486999806586,0.224719101,0.2577654055829318,0.0,38.15789473684211,81.14754098360656,16.940789000000002,45.48063127690101,76.97160883280758,34.03614457831325,0.0,0.0,0.0,0.0,0.0,0.0,0.0,0.0,11.50442477876106,55.6818181,29.545454499999998,14.7727272,0.0,6.280181831521813,-1.3811393743380904,-0.008632121089613065,9.992373483556538,2026,AA
Matthew Lugo,LAA,683090.0,sa1169598,25.0,9125,159,128,0.2578125,0.382165605,0.40625,0.1484375,3,23,40,14.4654088,25.1572327,118.55352325482944,0.344827586,0.3606055052417099,0.0,28.15013404825737,79.59183673469387,12.660256,44.16167664670659,66.44067796610169,31.316725978647685,0.0,0.0,0.0,0.0,0.0,0.0,0.0,0.0,21.428571428571427,29.2134831,43.820224700000004,26.966292100000004,0.0,7.4734869309852625,0.1629507364705205,0.0010248473991856632,16.03385624272256,2026,AA
Chase Call,HOU,813842.0,sa3028273,24.0,8760,158,139,0.165467625,0.24203821600000003,0.316546762,0.151079137,6,13,69,8.2278481,43.670886,44.23270077355277,0.253731343,0.25261934054125645,0.0,31.412103746397694,73.77049180327869,20.190779,45.52590266875981,63.10344827586207,45.51724137931035,0.0,0.0,0.0,0.0,0.0,0.0,0.0,0.0,21.917808219178077,32.8571428,47.1428571,20.0,0.0,3.7171348869255203,-0.2647532392293215,-0.0016756534128438071,5.76131555464901,2026,AA
Juan Benjamin,CLE,691405.0,sa3017217,23.0,8395,158,138,0.18115942,0.275641025,0.289855072,0.10869565199999999,2,16,31,10.1265822,19.620253100000006,58.633263135603244,0.219047619,0.2645628456121836,0.0,30.31161473087819,89.84771573604061,10.016694000000001,44.40944881889764,69.8581560283688,21.660649819494587,0.0,0.0,0.0,0.0,0.0,0.0,0.0,0.0,11.965811965811966,52.83018860000001,33.018867900000004,14.150943300000002,0.0,7.489383616343004,0.24341565649956465,0.0015406054208833206,20.010573120383548,2026,AA
Wehiwa Aloy,BAL,814450.0,sa3025961,22.0,8030,158,142,0.26056338,0.329113924,0.5140845070000001,0.253521127,10,14,45,8.8607594,28.4810126,110.38494062064943,0.306818181,0.363758627372452,0.0,37.66666666666666,75.78947368421053,16.579407,48.80546075085324,66.43356643356644,33.22147651006711,0.0,0.0,0.0,0.0,0.0,0.0,0.0,0.0,16.3265306122449,46.808510600000005,27.6595744,25.531914800000003,0.0,5.586420775455939,0.20559106394648552,0.0013012092654840855,20.917299006975355,2026,AA
John Bay,NYM,700083.0,sa3069004,25.0,9125,157,131,0.25190839600000003,0.36305732399999996,0.366412213,0.114503817,3,20,48,12.738853500000001,30.573248400000004,105.24215354938593,0.36585365799999997,0.33795150829728243,0.0,26.60818713450293,84.1025641025641,12.302839,48.18181818181818,61.320754716981135,30.882352941176467,0.0,0.0,0.0,0.0,0.0,0.0,0.0,0.0,19.101123595505616,44.047619,30.9523809,25.0,0.0,5.611528143714783,0.1840357780456543,0.0011722024079341036,13.102420757081704,2026,AA
Eric Hartman,ATL,807080.0,sa3067040,20.0,7300,157,132,0.18181818100000002,0.31210191,0.265151515,0.08333333400000001,2,22,48,14.012738800000001,30.573248400000004,66.22275839526785,0.268292682,0.2810216978856712,0.0,26.098901098901106,83.75634517766497,12.710567,44.171779141104295,68.40277777777779,31.615120274914087,0.0,0.0,0.0,0.0,0.0,0.0,0.0,0.0,9.523809523809524,48.192771,38.55421679999999,13.253012,0.0,8.376100443681961,2.1097470661625266,0.013437879402309087,21.920569496941862,2026,AA
Lizandro Espinoza,ATL,692371.0,sa3015611,23.0,8395,156,126,0.277777777,0.403846153,0.5,0.222222223,5,22,38,14.1025641,24.358974300000003,139.41047784521118,0.352941176,0.3977331849836534,0.0,30.136986301369863,81.90954773869346,14.671164,42.246835443037966,74.53183520599252,31.597222222222218,0.0,0.0,0.0,0.0,0.0,0.0,0.0,0.0,23.958333333333336,35.9550561,43.820224700000004,20.2247191,0.0,9.579829372333943,2.2484951047226787,0.014413430158478709,27.797158331430364,2026,AA
Hayden Cantrelle,CHC,676463.0,sa3014426,27.0,9855,156,124,0.298387096,0.42580645100000003,0.41129032200000004,0.112903226,1,26,33,16.6666666,21.153846100000006,135.4705032814762,0.39130434700000005,0.386363552078124,0.0,21.203438395415468,84.64912280701752,9.53125,48.525073746312685,69.30091185410336,26.35379061371841,0.0,0.0,0.0,0.0,0.0,0.0,0.0,0.0,19.19191919191919,38.7096774,36.5591397,24.731182699999998,0.0,8.569635526536665,1.9306101249530911,0.012375705929186482,10.206117016386278,2026,AA
Chase Davis,STL,690971.0,sa3022426,24.0,8760,156,130,0.23076923,0.358974358,0.446153846,0.21538461600000003,8,26,38,16.6666666,24.358974300000003,106.18659525008457,0.26190476100000004,0.3607523691269659,0.0,17.21311475409836,84.92462311557789,9.752322,46.01769911504425,63.78205128205128,28.45528455284553,0.0,0.0,0.0,0.0,0.0,0.0,0.0,0.0,15.625,46.0674157,38.2022471,15.730336999999999,0.0,5.2980009343018715,0.888268293812871,0.0056940275244414815,23.30264730282785,2026,AA
Jaylen Palmer,NYM,681941.0,sa3008297,25.0,9125,153,130,0.192307692,0.31372549,0.315384615,0.123076923,1,20,55,13.0718954,35.9477124,78.89246988004327,0.324324324,0.2962963986240961,0.0,23.16384180790961,73.8888888888889,13.392857000000001,47.32142857142857,56.60377358490565,35.769230769230774,0.0,0.0,0.0,0.0,0.0,0.0,0.0,0.0,21.333333333333336,37.837837799999996,33.78378370000001,28.378378299999998,0.0,5.514672506930619,1.1713213082402945,0.0076556948250999625,10.180878485696637,2026,AA
Roderick Arias,NYY,703149.0,sa3019674,21.0,7665,152,136,0.257352941,0.328947368,0.41911764700000004,0.161764706,4,12,48,7.8947368,31.5789473,102.59417530798586,0.36470588200000004,0.3335928567930272,0.0,38.983050847457626,72.77227722772277,18.456376000000002,43.36,74.53874538745387,36.44859813084112,0.0,0.0,0.0,0.0,0.0,0.0,0.0,0.0,25.0,35.9550561,31.4606741,32.5842696,0.0,7.511631034292438,-0.5475309798493981,-0.0036021774990091984,17.041540256524133,2026,AA
Owen Carey,ATL,826928.0,sa3067044,19.0,6935,152,133,0.210526315,0.296052631,0.32330827,0.112781955,2,13,40,8.5526315,26.315789399999996,68.74077289957985,0.279569892,0.2850371422736268,0.0,36.89320388349515,82.1256038647343,15.669014,45.598591549295776,79.92277992277992,32.710280373831765,0.0,0.0,0.0,0.0,0.0,0.0,0.0,0.0,20.0,38.2978723,29.787234,31.9148936,0.0,6.86840068915126,-0.3306611739099026,-0.002175402459933569,15.548082880169725,2026,AA
Pablo Aliendo,CIN,680846.0,sa3006220,25.0,9125,151,133,0.17293233,0.264900662,0.338345864,0.165413534,4,9,53,5.9602649,35.09933770000001,54.84410135127217,0.246753246,0.2743737346289173,0.0,35.78274760383386,75.27472527472527,20.145191,45.8477508650519,68.67924528301886,41.637010676156585,0.0,0.0,0.0,0.0,0.0,0.0,0.0,0.0,22.619047619047624,34.5679012,35.802469099999996,29.629629600000005,0.0,1.08035714,-0.332682890817523,-0.0022031979524339274,3.893360317896845,2026,AA
Jordan Nwogu,CHC,685087.0,sa3014530,27.0,9855,151,123,0.268292682,0.397350993,0.34146341399999997,0.073170732,1,21,27,13.907284699999998,17.8807947,114.0063541121904,0.333333333,0.3521349576135345,0.0,24.71590909090909,86.76470588235294,9.83871,46.25954198473283,67.32673267326733,22.939068100358423,0.0,0.0,0.0,0.0,0.0,0.0,0.0,0.0,12.0,33.6842105,35.7894736,30.5263157,0.0,6.926190910329354,1.1090432535856962,0.007344657308514546,9.312899292110961,2026,AA
Patrick Lee,DET,815268.0,sa3023666,26.0,9490,151,131,0.22900763300000002,0.331125827,0.41984732799999996,0.190839695,6,17,54,11.2582781,35.7615894,102.69041848847073,0.338028169,0.3371175069682645,0.0,29.220779220779217,73.01587301587301,16.722973,48.40871021775545,65.39792387543253,39.416058394160586,0.0,0.0,0.0,0.0,0.0,0.0,0.0,0.0,8.974358974358974,46.6666666,28.000000000000004,25.3333333,0.0,6.623207201780901,2.192982896231115,0.014523065537954403,8.418254235107723,2026,AA
Josh Caron,SEA,701805.0,sa3025435,22.0,8030,151,129,0.232558139,0.34,0.418604651,0.186046512,3,19,43,12.582781400000002,28.476821100000002,110.04741305125427,0.325301204,0.34376248637835183,0.0,30.50314465408805,72.27722772277228,18.782609,46.010186757215614,74.53874538745387,37.41496598639456,0.0,0.0,0.0,0.0,0.0,0.0,0.0,0.0,19.318181818181817,48.8372093,30.2325581,20.9302325,0.0,8.41610406714068,0.2764351684600115,0.0018306964798676254,22.678517184565674,2026,AA
Cam Cannarella,MIA,703448.0,sa3028360,22.0,8030,150,122,0.344262295,0.45333333299999995,0.606557377,0.262295082,9,23,20,15.333333300000001,13.333333300000001,176.39722233366984,0.34736842100000004,0.4584482749303182,0.0,19.55922865013774,85.84905660377359,7.6923080000000015,45.16616314199396,70.90301003344482,20.689655172413797,0.0,0.0,0.0,0.0,0.0,0.0,0.0,0.0,8.108108108108109,50.0,26.470588199999998,23.5294117,0.0,4.521358357374228,-0.9710500854998828,-0.0064736672366658855,38.44281978246717,2026,AA
Luke Hill,CLE,702619.0,sa3033826,22.0,8030,150,132,0.234848484,0.32,0.37878787799999997,0.143939394,3,15,34,10.0,22.666666600000003,91.43545538071469,0.291666666,0.3164184554417928,0.0,28.17337461300309,81.37254901960785,13.394495,44.59691252144082,78.46153846153847,27.436823104693147,0.0,0.0,0.0,0.0,0.0,0.0,0.0,0.0,14.423076923076923,41.2371134,36.0824742,22.6804123,0.0,5.969768902686352,0.018199258483946323,0.00012132838989297549,22.20521479770377,2026,AA
Joshua Kuroda-Grauer,ATH,811965.0,sa3025386,23.0,8395,150,144,0.28472222199999997,0.313333333,0.5,0.215277778,6,5,15,3.3333333,10.0,102.5996482849716,0.284552845,0.35292216658592224,0.0,40.59040590405904,94.73684210526315,5.702648,46.12326043737575,57.32758620689656,12.916666666666668,0.0,0.0,0.0,0.0,0.0,0.0,0.0,0.0,20.454545454545453,41.7322834,33.0708661,25.1968503,0.0,7.980158730158731,0.44499818794429297,0.002966654586295286,26.361458992803758,2026,AA
Victor Figueroa,BAL,809372.0,sa3031322,22.0,8030,149,137,0.270072992,0.32885906,0.430656934,0.16058394199999998,5,11,51,7.3825503,34.228187899999995,93.77684500360172,0.39506172799999995,0.337503585639416,0.0,33.125,72.25130890052355,18.166384,46.843853820598014,67.73049645390071,38.14432989690722,0.0,0.0,0.0,0.0,0.0,0.0,0.0,0.0,14.772727272727273,40.9638554,24.0963855,34.939758999999995,0.0,5.492653645061476,-0.34936842136085033,-0.002344754505777519,14.391059052921918,2026,AA
Ethan Workinger,ATL,689688.0,sa3015166,24.0,8760,149,127,0.204724409,0.30405405399999996,0.322834645,0.118110236,4,19,35,12.751677800000001,23.489932800000002,71.90656862608039,0.24444444399999998,0.29008559479906754,0.0,24.438902743142144,82.10526315789474,9.0625,44.84181568088033,58.28220858895706,23.577235772357724,0.0,0.0,0.0,0.0,0.0,0.0,0.0,0.0,23.30097087378641,45.7446808,35.1063829,19.1489361,0.0,3.848051018043562,0.5137711744755507,0.003448128687755373,16.61944296739417,2026,AA
Calvin Harris,CHW,691941.0,sa3022496,24.0,8760,148,126,0.222222222,0.326530612,0.34920634899999997,0.126984127,4,20,28,13.513513499999998,18.918918899999998,86.08136161171696,0.252631578,0.3118434487556925,0.0,28.03738317757009,90.0523560209424,8.777968999999999,46.5,68.45878136200717,20.224719101123593,0.0,0.0,0.0,0.0,0.0,0.0,0.0,0.0,25.0,32.989690700000004,43.298969,23.7113402,0.0,2.6012469760991093,-1.051866494119167,-0.007107206041345725,18.496494646316677,2026,AA
Julio Carreras,CIN,679734.0,sa3005598,26.0,9490,147,126,0.18253968199999998,0.280821917,0.293650793,0.111111111,3,15,45,10.204081599999999,30.612244800000003,51.1169495554479,0.25,0.2684300950128738,0.0,34.6749226006192,75.0,16.894198,44.88054607508533,69.96197718631178,36.05442176870749,0.0,0.0,0.0,0.0,0.0,0.0,0.0,0.0,16.666666666666664,48.780487799999996,29.2682926,21.9512195,0.0,5.107048573349959,0.30772532243281603,0.0020933695403592928,4.548874819219313,2026,AA
Easton Carmichael,PIT,702695.0,sa3028459,22.0,8030,147,131,0.24427480899999998,0.31292517,0.41221374,0.167938931,4,10,22,6.802721000000001,14.9659863,88.99757771695938,0.261682242,0.32154714128598066,0.0,31.6205533596838,91.0112359550562,10.060362,49.09456740442656,72.95081967213116,21.70542635658915,0.0,0.0,0.0,0.0,0.0,0.0,0.0,0.0,21.621621621621625,35.779816499999995,38.532109999999996,25.688073300000006,0.0,5.140273798384941,-0.9565843613818288,-0.00650737660803965,23.91576962120747,2026,AA
Boston Smith,SEA,695722.0,sa3042491,23.0,8395,146,122,0.23770491800000002,0.363013698,0.516393442,0.278688524,9,23,48,15.7534246,32.8767123,135.99954282628522,0.307692307,0.3856270382665608,0.0,20.868113522537566,75.7377049180328,16.031746,44.79262672811061,62.757201646090536,37.735849056603776,0.0,0.0,0.0,0.0,0.0,0.0,0.0,0.0,28.925619834710737,33.3333333,45.8333333,20.8333333,0.0,4.467536388690629,-1.1529706530272958,-0.007897059267310247,22.658927746664514,2026,AA
Zane Zielinski,SFG,823185.0,sa3045857,24.0,8760,146,136,0.205882352,0.25,0.301470588,0.095588236,2,7,51,4.7945205,34.931506799999994,47.08497503324821,0.313253012,0.2500209617945883,0.0,39.08794788273616,81.4207650273224,14.930556,49.00332225913621,62.033898305084755,31.958762886597928,0.0,0.0,0.0,0.0,0.0,0.0,0.0,0.0,6.741573033707866,53.08641970000001,29.629629600000005,17.2839506,0.0,5.394335907667509,0.25957867596298456,0.0017779361367327706,6.372972123640964,2026,AA
Jake Thompson,LAA,700081.0,sa3019945,28.0,10220,146,124,0.314516129,0.41095890399999996,0.516129032,0.201612903,5,18,19,12.3287671,13.0136986,149.59639407639182,0.33663366299999997,0.4101091602893725,0.0,31.03448275862069,87.9120879120879,7.802548,44.497607655502385,65.23297491039428,18.96551724137931,0.0,0.0,0.0,0.0,0.0,0.0,0.0,0.0,18.867924528301888,40.5660377,32.0754716,27.358490500000002,0.0,2.6740091438023805,-0.6458206390962005,-0.004423429034905483,6.256853819742014,2026,AA
Carson Taylor,ATL,694930.0,sa3014468,27.0,9855,144,123,0.243902439,0.347222222,0.43089430799999995,0.18699186899999998,6,18,36,12.5,25.0,108.63286346802728,0.292682926,0.3486525308754709,0.0,25.214899713467048,86.41304347826086,11.725292999999999,43.435980551053476,68.65671641791045,28.51711026615969,0.0,0.0,0.0,0.0,0.0,0.0,0.0,0.0,16.666666666666664,41.37931029999999,41.37931029999999,17.241379300000002,0.0,2.4919011400827062,-0.9690476702526212,-0.006729497710087647,7.301718738742664,2026,AA
P.J. Hilson,PIT,680713.0,sa3007048,25.0,9125,144,123,0.19512195100000002,0.290780141,0.25203252,0.056910569,1,12,40,8.3333333,27.7777777,51.295621408149145,0.277108433,0.261945699969082,0.0,37.66666666666666,76.11940298507463,17.962963000000006,46.0431654676259,78.515625,33.89261744966443,0.0,0.0,0.0,0.0,0.0,0.0,0.0,0.0,17.582417582417587,53.08641970000001,29.629629600000005,17.2839506,0.0,6.023522213789552,1.2758479975163937,0.008860055538308289,6.190108058204249,2026,AA
Kane Kepley,CHC,823807.0,sa3035293,22.0,8030,144,113,0.21238938,0.381944444,0.36283185799999995,0.15044247800000002,3,24,23,16.6666666,15.972222199999997,114.00998999208102,0.24137931,0.3521407557030519,0.0,16.57608695652174,91.13924050632912,4.111842,44.91017964071857,52.66666666666666,12.322274881516588,0.0,0.0,0.0,0.0,0.0,0.0,0.0,0.0,22.58064516129032,33.720930200000005,43.023255799999994,23.2558139,0.0,9.5138888875,2.941383918747306,0.02042627721352296,38.09884227314218,2026,AA
Gavin Kilen,SFG,702264.0,sa3035353,22.0,8030,143,128,0.296875,0.34265734200000003,0.46875,0.171875,2,11,22,7.6923076,15.384615300000002,111.62932848644905,0.333333333,0.3520564228504688,0.0,32.84457478005864,95.75757575757576,6.037736,42.49578414839797,65.47619047619048,16.666666666666664,0.0,0.0,0.0,0.0,0.0,0.0,0.0,0.0,15.833333333333332,39.4495412,35.779816499999995,24.770642199999998,0.0,4.8074958880134435,-0.6989356372505426,-0.004887661798954844,28.302149488181072,2026,AA
Jeremy Rivas,STL,692405.0,sa3015193,23.0,8395,143,122,0.24590163899999998,0.34265734200000003,0.409836065,0.163934426,5,16,31,11.188811099999999,21.6783216,94.06132635103386,0.284090909,0.34119255059248915,0.0,27.725856697819317,83.52272727272727,12.701251999999998,44.463667820069205,68.48249027237354,30.46875,0.0,0.0,0.0,0.0,0.0,0.0,0.0,0.0,8.24742268041237,45.6521739,34.7826086,19.5652173,0.0,6.009003602477963,1.3274760339409113,0.00928304918839798,22.72936271012943,2026,AA
Adrian Santana,MIA,803745.0,sa3022890,20.0,7300,142,126,0.24603174600000002,0.326241134,0.309523809,0.063492063,0,14,20,9.8591549,14.084507,76.16355969402294,0.29245283,0.2986069803542279,0.0,30.501930501930502,92.20779220779221,5.603448,48.09619238476954,64.16666666666667,12.669683257918553,0.0,0.0,0.0,0.0,0.0,0.0,0.0,0.0,7.142857142857142,53.06122439999999,21.4285714,25.510204,0.0,6.5066396638352595,0.9137711804360152,0.006435008312929685,28.538292473105415,2026,AA
Avery Owusu-Asiedu,ARI,801938.0,sa3022604,23.0,8395,142,116,0.327586206,0.422535211,0.775862068,0.448275862,14,18,36,12.6760563,25.3521126,170.95413203138818,0.342857142,0.4883008229900414,0.0,31.08974358974359,73.93939393939394,16.636197,42.96160877513711,70.21276595744679,36.6412213740458,0.0,0.0,0.0,0.0,0.0,0.0,0.0,0.0,14.285714285714285,39.7590361,43.3734939,16.867469800000002,0.0,7.236362828952278,0.5372779555618763,0.00378364757437941,26.11141487250329,2026,AA
Jack Brannigan,PIT,687394.0,sa3019922,25.0,9125,141,124,0.22580645100000002,0.319148936,0.5,0.274193549,8,15,53,10.6382978,37.5886524,109.91022731937986,0.317460317,0.3546070718596168,0.0,27.485380116959067,82.11920529801324,12.824957,44.02618657937807,56.13382899628253,33.76623376623377,0.0,0.0,0.0,0.0,0.0,0.0,0.0,0.0,35.526315789473685,33.3333333,43.478260799999994,23.1884057,0.0,5.798477146000722,-0.15302952751517296,-0.00108531579797995,13.368015509025795,2026,AA
Jack Gurevitch,STL,813668.0,sa3032859,22.0,8030,141,132,0.257575757,0.29787234,0.5,0.242424243,9,5,55,3.5460992,39.0070921,95.32324614661968,0.36231884,0.3432282103714368,0.0,46.05678233438486,83.06878306878306,21.804511,41.62062615101289,83.6283185840708,38.22629969418961,0.0,0.0,0.0,0.0,0.0,0.0,0.0,0.0,17.5,46.7532467,24.6753246,28.571428499999996,0.0,2.3809523767857144,-0.7647027298808098,-0.005423423616175956,12.100542149742386,2026,AA
Josiah Ragsdale,STL,828824.0,sa3040392,22.0,8030,141,117,0.239316239,0.354609929,0.418803418,0.179487179,5,19,36,13.4751773,25.531914800000003,100.13677267017944,0.29487179399999996,0.350993127264875,0.0,25.164473684210524,80.92307692307692,13.138685999999998,43.599257884972175,69.14893617021278,28.57142857142857,0.0,0.0,0.0,0.0,0.0,0.0,0.0,0.0,18.493150684931507,43.902439,30.487804800000006,25.609756,0.0,7.924601118617412,0.8079226762056351,0.0057299480581959935,28.12349450271771,2026,AA
Johnny Ascanio,CIN,691392.0,sa3015526,22.0,8030,140,115,0.32173913,0.43478260799999996,0.382608695,0.060869565,1,19,28,13.5714285,20.0,124.40845744776355,0.418604651,0.38530709216560144,0.0,25.22255192878339,83.60655737704919,8.934707999999997,46.166134185303505,63.32179930795848,24.066390041493772,0.0,0.0,0.0,0.0,0.0,0.0,0.0,0.0,13.402061855670107,59.3023255,15.116279,25.5813953,0.0,4.279458957889663,-0.10375226009637116,-0.0007410875721169369,30.644662991607408,2026,AA
Logan Braunschweig,ATL,824742.0,sa3027614,23.0,8395,140,125,0.192,0.258992805,0.22399999999999998,0.032,0,12,42,8.5714285,30.0,34.5864793103928,0.282352941,0.23057174253806795,0.0,24.12698412698413,78.32512315270938,12.15971,50.47169811320755,63.239875389408105,30.64516129032258,0.0,0.0,0.0,0.0,0.0,0.0,0.0,0.0,8.333333333333332,51.85185180000001,25.925925900000006,22.222222199999997,0.0,4.982868523712637,-1.3023446826264262,-0.009302462018760187,10.390331027133332,2026,AA
Brett Squires,KCR,689531.0,sa3020714,26.0,9490,139,119,0.294117647,0.388489208,0.537815126,0.243697479,6,18,33,12.9496402,23.7410071,135.08573698383105,0.358024691,0.40602394659742175,0.0,34.411764705882355,75.5813953488372,17.025090000000002,41.88034188034188,70.20408163265307,35.29411764705883,0.0,0.0,0.0,0.0,0.0,0.0,0.0,0.0,26.373626373626376,32.9411764,36.4705882,30.588235200000003,0.0,5.556056182134972,0.9470798950642348,0.0068135244249225525,11.183591281726699,2026,AA
Arjun Nimmala,LAA,805796.0,sa3022892,20.0,7300,138,122,0.278688524,0.35507246299999995,0.450819672,0.172131148,4,13,32,9.4202898,23.1884057,114.4017174750898,0.344827586,0.3583230674266815,0.0,22.32645403377111,79.46428571428571,11.363636,49.09264565425024,65.36964980544747,29.27400468384075,0.0,0.0,0.0,0.0,0.0,0.0,0.0,0.0,21.11111111111111,34.8314606,32.5842696,32.5842696,0.0,4.427702067980205,-0.5944089479744434,-0.004307311217206112,28.001759744480573,2026,AA
Alfredo Duno,CIN,806957.0,sa3021066,20.0,7300,138,121,0.322314049,0.405797101,0.487603305,0.165289256,3,17,23,12.3188405,16.6666666,132.949587848367,0.37894736799999995,0.398927519718806,0.0,24.12698412698413,81.81818181818183,11.607142999999999,48.105436573311366,71.57534246575342,28.461538461538463,0.0,0.0,0.0,0.0,0.0,0.0,0.0,0.0,17.924528301886788,41.6666666,37.5,20.8333333,0.0,5.825226423357153,0.049793689511716366,0.00036082383704142296,35.74211913651677,2026,AA
Jancel Villarroel,SFG,806611.0,sa3020102,21.0,7665,138,120,0.2,0.28148148100000003,0.308333333,0.108333333,2,12,26,8.6956521,18.840579700000006,61.05175718084004,0.23655913899999997,0.27210046185387504,0.0,33.650793650793645,76.13636363636364,15.11194,44.24778761061947,70.39999999999998,32.075471698113205,0.0,0.0,0.0,0.0,0.0,0.0,0.0,0.0,5.825242718446603,40.6593406,32.9670329,26.373626300000005,0.0,5.884428902346143,0.22175408340990546,0.0016069136478978655,16.627316382931703,2026,AA
Cameron Barstad,CLE,677319.0,sa3011350,25.0,9125,138,115,0.21739130399999998,0.34306569299999995,0.330434782,0.113043478,2,18,49,13.0434782,35.5072463,92.53340472920836,0.359375,0.31815415751324955,0.0,29.003021148036257,76.88172043010752,17.247387,45.64860426929393,66.90647482014388,41.94756554307117,0.0,0.0,0.0,0.0,0.0,0.0,0.0,0.0,11.26760563380282,46.1538461,33.846153799999996,20.0,0.0,1.8044425025,-0.4791115056723356,-0.003471822504871997,8.124611953453229,2026,AA
Ricardo Olivar,MIN,691627.0,sa3015234,24.0,8760,137,119,0.27731092399999996,0.36496350299999997,0.613445378,0.33613445399999997,10,16,26,11.6788321,18.9781021,138.1233753948201,0.273809523,0.4151021285648764,0.0,37.06293706293707,86.09271523178808,12.328767,43.92156862745098,67.41071428571429,25.96899224806201,0.0,0.0,0.0,0.0,0.0,0.0,0.0,0.0,29.78723404255319,32.9787234,44.680851000000004,22.340425500000002,0.0,3.1827637312312205,-0.8745551817119122,-0.006383614465050454,21.645791988742445,2026,AA
Jack Rogers,WSN,679788.0,sa3017017,27.0,9855,137,117,0.16239316199999998,0.277372262,0.205128205,0.042735043,0,16,48,11.6788321,35.0364963,43.68372098593602,0.271428571,0.2413530066935685,0.0,31.26934984520124,80.34682080924856,15.508021,45.34686971235194,64.55223880597015,34.46969696969697,0.0,0.0,0.0,0.0,0.0,0.0,0.0,0.0,13.698630136986301,54.2857142,20.0,25.714285699999998,0.0,5.541953787636597,0.38392949383705854,0.002802405064504077,3.401910945573308,2026,AA
Mitch Voit,NYM,702491.0,sa3044552,21.0,7665,136,118,0.34745762700000005,0.42962962899999996,0.516949152,0.169491525,2,14,24,10.2941176,17.647058800000003,158.1865873850574,0.423913043,0.42164914298940587,0.0,30.20833333333333,86.33540372670807,9.090909,45.660377358490564,66.52892561983471,20.73170731707317,0.0,0.0,0.0,0.0,0.0,0.0,0.0,0.0,22.105263157894736,31.868131800000004,31.868131800000004,36.2637362,0.0,7.718211926843049,0.3173336843028665,0.0023333359139916647,37.70433664507276,2026,AA
Jay Thomason,MIN,823295.0,sa3025265,24.0,8760,136,119,0.302521008,0.385185185,0.428571428,0.12605042,4,13,33,9.5588235,24.2647058,112.12301282031314,0.39024390200000003,0.3731597701708476,0.0,41.32492113564668,86.16352201257862,13.518519,41.2962962962963,71.30044843049328,27.681660899653977,0.0,0.0,0.0,0.0,0.0,0.0,0.0,0.0,22.988505747126432,40.697674400000004,26.744186,32.5581395,0.0,4.649565451792234,-1.5825785268098116,-0.011636606814778029,16.09586494433706,2026,AA
Alejandro Nuñez,HOU,805168.0,sa3018977,21.0,7665,136,125,0.23199999999999998,0.283582089,0.312,0.08,2,8,33,5.8823529,24.2647058,58.47610627227368,0.3,0.27559602082665285,0.0,40.65934065934066,84.91620111731844,14.059406,45.94059405940594,77.15517241379311,27.30496453900709,0.0,0.0,0.0,0.0,0.0,0.0,0.0,0.0,12.76595744680851,57.1428571,27.472527399999997,15.384615300000002,0.0,4.597111496314339,-0.58440762758255,-0.004297114908695221,12.803930388191988,2026,AA
Elijah Dunham,LAA,685313.0,sa3014827,28.0,10220,135,119,0.210084033,0.303703703,0.344537815,0.134453782,2,14,40,10.370370300000001,29.629629600000005,79.08528080960171,0.298701298,0.2976660216296161,0.0,32.704402515723274,73.13432835820895,18.416206,46.554621848739494,72.56317689530684,37.857142857142854,0.0,0.0,0.0,0.0,0.0,0.0,0.0,0.0,17.777777777777782,40.7894736,34.2105263,25.0,0.0,3.3545942064453453,-0.6538882050663233,-0.0048436163338246175,2.2036391752968503,2026,AA
Adrián Sugastey,SFG,692368.0,sa3015190,23.0,8395,135,120,0.275,0.32330827,0.391666666,0.116666666,2,8,16,5.9259259,11.8518518,90.62317663421729,0.295238095,0.3188486784920657,0.0,42.67241379310345,88.60759493670885,9.93228,48.214285714285715,73.14814814814815,19.44444444444445,0.0,0.0,0.0,0.0,0.0,0.0,0.0,0.0,13.392857142857142,47.1153846,25.9615384,26.9230769,0.0,3.492850268787129,-0.4863274367526174,-0.0036024254574267955,18.310742668763496,2026,AA
Graysen Tarlow,STL,815104.0,sa3022443,24.0,8760,135,113,0.21238938,0.325925925,0.371681415,0.159292035,4,16,36,11.8518518,26.666666600000003,81.58073360016589,0.266666666,0.32105954311512136,0.0,23.843416370106763,78.73563218390804,12.075472,48.628884826325404,65.41353383458647,29.66101694915254,0.0,0.0,0.0,0.0,0.0,0.0,0.0,0.0,28.395061728395056,29.8701298,45.45454539999999,24.6753246,0.0,4.608037544120749,0.4667342714965344,0.003457290899974329,15.95983252339325,2026,AA
Willy Vasquez,BAL,691938.0,sa3011821,24.0,8760,134,116,0.284482758,0.365671641,0.370689655,0.08620689699999999,2,15,31,11.194029800000001,23.1343283,94.40771011206405,0.36470588200000004,0.3385008938276945,0.0,29.811320754716984,80.50314465408806,13.293651,47.31610337972167,66.80672268907563,30.37974683544304,0.0,0.0,0.0,0.0,0.0,0.0,0.0,0.0,9.195402298850574,52.941176399999996,18.8235294,28.2352941,0.0,4.175708199069798,-1.2231801738962529,-0.009128210252957113,14.43705232923088,2026,AA
Felnin Celesten,SEA,806958.0,sa3023381,20.0,7300,134,123,0.17073170699999998,0.23880597,0.268292682,0.097560975,3,9,45,6.7164179000000015,33.5820895,43.82994357028077,0.24,0.2369440976363509,0.0,33.098591549295776,77.08333333333334,17.829457,46.71669793621014,77.10843373493977,37.31884057971014,0.0,0.0,0.0,0.0,0.0,0.0,0.0,0.0,16.25,35.8974358,38.461538399999995,25.641025600000003,0.0,4.848716806729922,-0.3255960233509541,-0.002429821069783239,7.983840277037157,2026,AA
Caleb Roberts,MIN,681134.0,sa3016959,26.0,9490,134,92,0.195652173,0.447761194,0.32608695600000004,0.130434783,3,30,24,22.3880597,17.910447700000006,123.0853798389738,0.23076923,0.3908436591945477,0.0,16.87116564417178,92.41379310344827,6.065858,44.178082191780824,56.2015503875969,20.304568527918786,0.0,0.0,0.0,0.0,0.0,0.0,0.0,0.0,20.28985507246377,34.328358200000004,38.8059701,26.8656716,0.0,5.436510754537492,-0.10980157181620598,-0.0008194147150463133,15.131712871582954,2026,AA
Cole Gabrielson,NYY,702068.0,sa3022811,25.0,9125,133,115,0.27826086899999997,0.368421052,0.495652173,0.21739130399999998,6,13,29,9.774436,21.8045112,132.07255421106993,0.320987654,0.38019398952785294,0.0,32.323232323232325,90.41095890410958,10.077519,43.53612167300382,63.75545851528385,23.82978723404256,0.0,0.0,0.0,0.0,0.0,0.0,0.0,0.0,24.719101123595504,30.588235200000003,40.0,29.4117647,0.0,6.990943073394925,1.2758479975163937,0.009592842086589427,18.383114120233817,2026,AA
Cameron Sisneros,HOU,815133.0,sa3025564,25.0,9125,133,108,0.203703703,0.345864661,0.333333333,0.12962963,3,21,30,15.7894736,22.5563909,88.41860041742899,0.25,0.3238976095852099,0.0,18.181818181818183,85.51401869158879,7.706422,45.988023952095816,55.72916666666666,22.34042553191489,0.0,0.0,0.0,0.0,0.0,0.0,0.0,0.0,20.32520325203252,54.4303797,29.113924,16.4556962,0.0,4.324244459212543,0.027526531368494037,0.00020696640126687243,16.053642671234158,2026,AA
Andy Weber,CHW,681581.0,sa3008282,28.0,10220,132,117,0.239316239,0.318181818,0.358974358,0.11965811900000001,3,12,25,9.090909,18.9393939,84.19508408846902,0.277777777,0.3088354269663493,0.0,31.85185185185185,89.3491124260355,10.0,47.67441860465117,68.69918699186992,22.540983606557376,0.0,0.0,0.0,0.0,0.0,0.0,0.0,0.0,16.49484536082474,43.3333333,35.55555550000001,21.1111111,0.0,5.158952364666999,-1.6579123521223664,-0.012559942061533078,4.07370787150955,2026,AA
Brendan Durfee,SDP,826545.0,sa3025268,24.0,8760,131,113,0.150442477,0.25190839600000003,0.28318584,0.132743363,4,13,40,9.9236641,30.5343511,48.902724340066825,0.183098591,0.25070370563113964,0.0,30.8550185873606,78.04878048780488,14.117647,48.859315589353606,63.81322957198444,29.875518672199174,0.0,0.0,0.0,0.0,0.0,0.0,0.0,0.0,15.584415584415586,51.35135130000001,37.837837799999996,10.8108108,0.0,0.7197802149999999,-0.2548502720892429,-0.001945421924345366,8.494686430160254,2026,AA
Dominic Pitelli,CIN,694689.0,sa3022809,24.0,8760,130,112,0.19642857100000002,0.272,0.35714285700000004,0.16071428599999998,4,12,42,9.2307692,32.3076923,59.4801421493195,0.268656716,0.28176676750183105,0.0,37.80068728522336,84.78260869565217,14.428857999999998,44.88636363636363,58.22784810126582,33.035714285714285,0.0,0.0,0.0,0.0,0.0,0.0,0.0,0.0,25.925925925925927,35.714285700000005,38.5714285,25.714285699999998,0.0,5.639168980789418,-0.04713854938745499,-0.0003626042260573461,10.116310325871721,2026,AA
Logan Wagner,LAD,702488.0,sa3019932,22.0,8030,130,107,0.177570093,0.323076923,0.38317757,0.20560747699999998,6,21,44,16.153846100000003,33.846153799999996,89.10762244409443,0.228070175,0.3251995898210085,0.0,29.971181556195965,83.44370860927151,13.874788,41.28595600676819,61.885245901639344,33.72549019607843,0.0,0.0,0.0,0.0,0.0,0.0,0.0,0.0,30.158730158730158,32.2580645,48.3870967,19.3548387,0.0,2.9596081204057825,-0.11366187036037445,-0.0008743220796951881,20.124017541671623,2026,AA
D'Andre Smith,NYM,694266.0,sa3020536,25.0,9125,129,113,0.21238938,0.286821705,0.36283185799999995,0.15044247800000002,2,10,29,7.7519379,22.4806201,74.86529354869941,0.258823529,0.2899300044821214,0.0,28.806584362139922,84.57142857142857,10.909091,51.49700598802395,67.82945736434108,23.868312757201647,0.0,0.0,0.0,0.0,0.0,0.0,0.0,0.0,17.045454545454547,40.697674400000004,37.2093023,22.093023199999998,0.0,8.482201460893558,0.1316730361431837,0.0010207212104122768,12.71962946703047,2026,AA
Mason White,BOS,702517.0,sa3045125,22.0,8030,129,106,0.20754716899999998,0.333333333,0.37735849,0.16981132100000002,4,20,39,15.503875899999999,30.2325581,90.21754984037096,0.276923076,0.3237893655318622,0.0,27.208480565371023,89.62962962962963,9.333333,46.0952380952381,55.78512396694215,26.41509433962264,0.0,0.0,0.0,0.0,0.0,0.0,0.0,0.0,23.18840579710145,35.29411760000001,45.5882352,19.117647,0.0,6.330037675928027,-0.028678709641098976,-0.00022231557861317037,26.42360564849541,2026,AA
Drew Brutcher,HOU,695046.0,sa3067038,24.0,8760,128,100,0.35,0.4921875,0.59,0.24,4,26,27,20.3125,21.09375,185.125803549674,0.449275362,0.4799003638327122,0.0,22.142857142857146,76.71232876712328,10.8,45.84139264990329,61.603375527426174,28.85572139303483,0.0,0.0,0.0,0.0,0.0,0.0,0.0,0.0,14.864864864864865,49.3150684,23.2876712,27.3972602,0.0,6.8383633920008045,0.5295072048902512,0.004136775038205086,26.952035056061444,2026,AA
Braden Montgomery,CHW,695731.0,sa3038253,23.0,8395,126,99,0.313131313,0.428571428,0.606060606,0.29292929300000004,6,21,32,16.6666666,25.3968253,165.83548531844704,0.384615384,0.4390262937734997,0.0,28.000000000000004,80.21390374331551,16.167665,46.60194174757282,77.91666666666667,34.12698412698413,0.0,0.0,0.0,0.0,0.0,0.0,0.0,0.0,13.513513513513516,39.4366197,33.8028169,26.760563300000005,0.0,5.339920282066503,-1.051866494119167,-0.00834814677872355,25.86606641643383,2026,AA
Cade Doughty,TOR,683103.0,sa3020196,25.0,9125,126,112,0.25,0.317460317,0.366071428,0.116071428,2,11,35,8.7301587,27.7777777,82.98927088145511,0.33766233700000003,0.3086644482044947,0.0,32.638888888888886,77.4193548387097,12.072435,43.639921722113506,69.50672645739911,28.21576763485477,0.0,0.0,0.0,0.0,0.0,0.0,0.0,0.0,15.0,46.7532467,35.06493500000001,18.1818181,0.0,6.049475740429133,-0.4737192392349243,-0.003759676501864479,9.62000933904105,2026,AA
Wyatt Hoffman,SDP,703715.0,sa3018219,27.0,9855,125,107,0.177570093,0.276422764,0.261682242,0.084112149,1,8,45,6.4,36.0,54.61493661304115,0.29032258,0.2599183330690958,0.0,34.08239700374532,79.45205479452055,15.400844000000001,43.551797040169134,70.87378640776699,35.497835497835496,0.0,0.0,0.0,0.0,0.0,0.0,0.0,0.0,24.615384615384613,38.7096774,37.09677410000001,24.1935483,0.0,6.222894748056638,-0.8549513146281242,-0.0068396105170249934,2.4545238883419382,2026,AA
Jordan Dissin,PHI,805301.0,sa3020100,24.0,8760,125,114,0.184210526,0.24,0.263157894,0.078947368,1,9,37,7.199999999999998,29.6,28.421779662987962,0.256410256,0.23124460697174076,0.0,33.096085409252666,82.2695035460993,11.316872,44.68503937007875,62.11453744493392,26.00896860986547,0.0,0.0,0.0,0.0,0.0,0.0,0.0,0.0,9.411764705882351,56.4102564,30.769230699999998,12.820512800000001,0.0,1.6730295525,-0.28998854290694004,-0.00231990834325552,7.830182733607392,2026,AA
Jared Thomas,COL,703606.0,sa3025252,22.0,8030,124,111,0.27027027,0.34146341399999997,0.405405405,0.135135135,4,8,46,6.4516129000000015,37.09677410000001,100.12057899535492,0.426229508,0.33787483267667817,0.0,34.08360128617363,76.58227848101266,17.864078,42.83088235294117,67.81115879828327,39.83739837398374,0.0,0.0,0.0,0.0,0.0,0.0,0.0,0.0,17.391304347826086,48.3870967,24.1935483,27.4193548,0.0,6.834460847444407,0.8181992704048753,0.006598381212942543,15.424324827057037,2026,AA
Jace LaViolette,CLE,702593.0,sa3036058,22.0,8030,124,108,0.185185185,0.282258064,0.45370370299999996,0.268518518,8,15,48,12.0967741,38.7096774,92.4016552416545,0.22641509399999998,0.31794588027461884,0.0,29.655172413793107,74.35897435897436,11.977186,47.176684881602924,60.23166023166024,29.257641921397386,0.0,0.0,0.0,0.0,0.0,0.0,0.0,0.0,26.984126984126984,33.3333333,51.6666666,15.0,0.0,8.774028936540965,0.7100114719942212,0.005725898967695332,22.950499401241235,2026,AA
Patrick Winkel,TOR,680868.0,sa3017556,26.0,9490,124,112,0.241071428,0.306451612,0.383928571,0.14285714300000002,3,11,39,8.8709677,31.4516129,83.20191107816784,0.338028169,0.30900060217226705,0.0,33.80782918149466,82.24852071005918,12.936345,48.628884826325404,63.53383458646616,27.731092436974787,0.0,0.0,0.0,0.0,0.0,0.0,0.0,0.0,17.073170731707318,34.722222200000004,34.722222200000004,30.5555555,0.0,1.478507977195683,-0.8232864551246166,-0.006639406896166263,5.9800000649705565,2026,AA
Quinn McDaniel,MIN,814194.0,sa3022701,23.0,8395,123,97,0.216494845,0.382113821,0.268041237,0.051546392,1,25,26,20.3252032,21.1382113,84.92509684197817,0.285714285,0.3292855843295896,0.0,28.09917355371901,76.22377622377621,12.910284,46.81318681318682,67.13615023474179,30.0,0.0,0.0,0.0,0.0,0.0,0.0,0.0,0.0,7.042253521126762,50.0,32.8571428,17.142857100000004,0.0,4.568477092426962,0.07846634835004808,0.0006379377914638054,19.81922480297052,2026,AA
Ryan McCrystal,CIN,701734.0,sa3025334,23.0,8395,123,113,0.24778761,0.308943089,0.371681415,0.123893805,2,9,28,7.3170731,22.7642276,75.52491385923649,0.313253012,0.30735315249218204,0.0,38.07692307692307,78.125,15.299335000000001,43.722943722943725,79.20792079207921,28.968253968253972,0.0,0.0,0.0,0.0,0.0,0.0,0.0,0.0,22.72727272727273,29.4117647,37.6470588,32.9411764,0.0,4.049936552195683,-0.8410927122458816,-0.006838152132080338,12.13477028894783,2026,AA
Wade Meckler,LAA,685133.0,sa3020119,26.0,9490,121,101,0.34653465299999997,0.45,0.524752475,0.178217822,4,19,20,15.7024793,16.5289256,165.03712012685284,0.40259740200000005,0.4347322816650073,0.0,14.90066225165563,92.81045751633988,4.431598999999999,45.58558558558558,60.47430830039525,14.444444444444445,0.0,0.0,0.0,0.0,0.0,0.0,0.0,0.0,19.767441860465123,43.037974600000005,24.0506329,32.9113924,0.0,6.509914234797593,0.6242027068510652,0.005158700056620373,16.916902577902892,2026,AA
Kyren Paris,LAA,677347.0,sa3011768,24.0,8760,120,105,0.2,0.27966101600000004,0.24761904699999998,0.047619047000000005,0,12,39,10.0,32.5,50.06168215065857,0.313432835,0.2513824731616651,0.0,29.18149466192171,74.09638554216869,14.105263,47.378277153558045,65.61264822134387,32.73542600896861,0.0,0.0,0.0,0.0,0.0,0.0,0.0,0.0,2.7397260273972597,56.25,28.125,15.625,0.0,7.065046923446616,-0.181139356456697,-0.0015094946371391415,9.458657182891573,2026,AA
Aaron McKeithan,SEA,702463.0,sa3016977,26.0,9490,120,97,0.298969072,0.433333333,0.35051546299999997,0.051546391,1,19,22,15.833333300000001,18.3333333,133.20864818241716,0.37837837799999996,0.3811249201496442,0.0,20.938628158844768,88.53503184713377,8.668076,46.2135922330097,65.96638655462185,20.603015075376888,0.0,0.0,0.0,0.0,0.0,0.0,0.0,0.0,15.662650602409641,47.9452054,26.027397200000006,26.027397200000006,0.0,1.8106516563770143,-0.7705433312803507,-0.0064211944273362565,13.10974599878628,2026,AA
Elijah Green,WSN,701327.0,sa3020210,22.0,8030,119,100,0.17,0.285714285,0.31,0.14,2,17,46,14.2857142,38.6554621,65.54000765401888,0.277777777,0.2759046935233749,0.0,25.539568345323744,68.48484848484848,19.393939000000003,45.914396887159526,69.91525423728814,43.722943722943725,0.0,0.0,0.0,0.0,0.0,0.0,0.0,0.0,13.79310344827586,30.188679200000006,39.6226415,30.188679200000006,0.0,6.803434354672881,-0.11520493496209384,-0.0009681086971604524,15.073681086931186,2026,AA
Justin Riemer,ATH,811312.0,sa3025086,24.0,8760,119,90,0.333333333,0.487179487,0.388888888,0.055555555,1,21,18,17.647058800000003,15.1260504,147.1295941746161,0.408450704,0.4247554321574349,0.0,16.730038022813687,92.10526315789473,4.7619050000000005,49.904761904761905,58.01526717557252,14.432989690721648,0.0,0.0,0.0,0.0,0.0,0.0,0.0,0.0,10.810810810810812,53.5211267,21.1267605,25.3521126,0.0,5.225808209056688,0.6706956066191196,0.00563609753461445,27.776058785807404,2026,AA
Pascanel Ferreras,HOU,814299.0,sa3022702,24.0,8760,119,99,0.262626262,0.358974358,0.40404040399999996,0.141414142,3,14,25,11.7647058,21.0084033,103.69191797359457,0.315068493,0.3485356874955006,0.0,26.938775510204078,82.5503355704698,12.114537,47.31182795698925,67.72727272727272,26.315789473684212,0.0,0.0,0.0,0.0,0.0,0.0,0.0,0.0,14.285714285714285,44.5945945,39.1891891,16.216216199999998,0.0,3.6424139758590175,-1.0040115006268024,-0.008437071433838676,18.30272184526003,2026,AA
Eric Snow,TOR,702526.0,sa3042680,22.0,8030,118,106,0.216981132,0.288135593,0.311320754,0.094339622,1,10,22,8.4745762,18.6440677,59.8910950406457,0.26190476100000004,0.2721495108726697,0.0,34.66135458167331,90.67796610169492,6.849315000000002,42.69406392694064,63.101604278074866,16.585365853658537,0.0,0.0,0.0,0.0,0.0,0.0,0.0,0.0,5.882352941176469,66.6666666,17.2839506,16.0493827,0.0,4.86247203788496,-0.05571876931935549,-0.000472192960333521,20.302672527134984,2026,AA
Woody Hadeen,DET,802219.0,sa3025602,23.0,8395,118,103,0.281553398,0.372881355,0.43689320299999995,0.155339805,2,14,23,11.8644067,19.491525399999997,120.03292024089217,0.346153846,0.3645335405559863,0.0,22.48062015503876,88.11188811188812,8.855291999999997,44.75374732334047,68.42105263157895,21.717171717171716,0.0,0.0,0.0,0.0,0.0,0.0,0.0,0.0,12.048192771084338,48.7179487,25.641025600000003,25.641025600000003,0.0,9.48582290619941,1.3010643925517795,0.011025969428404912,30.971427351582733,2026,AA
Michael Snyder,MIA,688617.0,sa3025194,25.0,9125,117,91,0.153846153,0.318965517,0.252747252,0.098901099,1,22,29,18.8034188,24.7863247,65.81812835744316,0.206349206,0.2821092579899163,0.0,24.31372549019608,85.24590163934425,10.548523,46.20253164556962,55.707762557077615,28.961748633879782,0.0,0.0,0.0,0.0,0.0,0.0,0.0,0.0,13.846153846153848,45.16129030000001,35.4838709,19.3548387,0.0,7.829582186163551,0.32052081823349,0.0027394941729358122,13.645786524669337,2026,AA
Devin Ortiz,WSN,668776.0,sa3020345,27.0,9855,117,100,0.12,0.23076923,0.22,0.1,3,13,31,11.111111099999999,26.4957264,29.972488234984738,0.132352941,0.2181272644263048,0.0,30.11583011583012,80.98859315589354,11.041667,46.54282765737874,58.31485587583148,28.676470588235286,0.0,0.0,0.0,0.0,0.0,0.0,0.0,0.0,15.54054054054054,51.428571399999996,32.8571428,15.7142857,0.0,4.4678324852252365,-0.83434306550771,-0.0071311373120317096,4.1191743826580485,2026,AA
Cal Conley,ATL,695462.0,sa3017080,26.0,9490,117,101,0.237623762,0.33620689600000003,0.475247524,0.237623762,5,12,35,10.2564102,29.9145299,113.67759845134724,0.311475409,0.3566973029539503,0.0,33.33333333333333,75.69444444444444,15.982721,39.29961089494164,71.28712871287128,37.142857142857146,0.0,0.0,0.0,0.0,0.0,0.0,0.0,0.0,18.421052631578945,42.1875,34.375,23.4375,0.0,8.23185485903723,-0.01550170872360468,-0.00013249323695388614,9.273405257289973,2026,AA
Aaron Antonini,DET,689577.0,sa3010906,27.0,9855,117,99,0.20202020199999998,0.316239316,0.36363636299999996,0.161616161,3,14,36,11.9658119,30.769230699999998,86.06735635971012,0.278688524,0.3108388053046333,0.0,35.106382978723396,85.02994011976048,14.87965,43.486973947895784,76.95852534562214,31.27572016460905,0.0,0.0,0.0,0.0,0.0,0.0,0.0,0.0,15.714285714285715,50.0,31.25,18.75,0.0,5.790974916855982,-0.42328644916415215,-0.003617832898838907,5.177973543132358,2026,AA
Marco Luciano,NYY,682617.0,sa3010022,24.0,8760,117,101,0.32673267300000003,0.41025641,0.712871287,0.386138614,10,13,32,11.111111099999999,27.350427300000003,188.43198674820363,0.38333333299999994,0.4692902524247129,0.0,29.33884297520661,84.82758620689657,13.348416,46.34146341463415,69.37799043062199,30.188679245283016,0.0,0.0,0.0,0.0,0.0,0.0,0.0,0.0,22.222222222222218,27.536231800000003,43.478260799999994,28.985507199999997,0.0,5.215743217793281,-0.2358946437016129,-0.002016193535911222,21.56064939433877,2026,AA
Daniel Vellojin,TBR,678962.0,sa3005587,26.0,9490,117,101,0.227722772,0.32478632399999996,0.31683168300000003,0.089108911,1,13,26,11.111111099999999,22.222222199999997,78.36052425767382,0.29333333300000003,0.30078312423494125,0.0,22.829581993569132,79.67914438502673,10.2,45.62937062937064,71.64750957854406,25.991189427312776,0.0,0.0,0.0,0.0,0.0,0.0,0.0,0.0,17.647058823529417,40.7894736,43.4210526,15.7894736,0.0,3.8891490045850228,-0.19666036684066054,-0.0016808578362449624,8.690823298842567,2026,AA
Jesus Valdez,ARI,678232.0,sa3005492,28.0,10220,116,97,0.164948453,0.301724137,0.24742268,0.082474227,2,12,27,10.3448275,23.275862,38.56897841913586,0.205882352,0.2747443565006914,0.0,31.78294573643411,82.03125,12.560386,42.15246636771301,68.08510638297872,29.473684210526308,0.0,0.0,0.0,0.0,0.0,0.0,0.0,0.0,21.333333333333336,36.764705799999994,30.8823529,32.352941099999995,0.0,4.416362649242274,0.09614006616175176,0.0008287936738082047,2.8794218557212177,2026,AA
Chris Sargent,SDP,690053.0,sa3069171,25.0,9125,116,101,0.16831683100000003,0.25,0.287128712,0.118811881,3,9,30,7.7586205999999995,25.862068899999997,48.79338207969411,0.205882352,0.2505273206957749,0.0,40.1673640167364,75.77639751552796,20.990566,44.80369515011547,82.98969072164951,37.34939759036144,0.0,0.0,0.0,0.0,0.0,0.0,0.0,0.0,17.105263157894736,30.0,47.1428571,22.857142800000002,0.0,1.14829192125,-0.2156425379216671,-0.0018589873958764407,4.259409245361345,2026,AA
J.R. Freethy,TOR,701540.0,sa3025310,23.0,8395,116,101,0.19801980100000002,0.293103448,0.257425742,0.059405941,1,11,24,9.4827586,20.6896551,55.0555911526495,0.246753246,0.2645052656017501,0.0,24.489795918367342,87.9194630872483,9.110629,47.872340425531924,66.22222222222223,21.35922330097087,0.0,0.0,0.0,0.0,0.0,0.0,0.0,0.0,8.641975308641975,46.7532467,29.8701298,23.376623300000002,0.0,3.034357071596665,-0.9187597688287495,-0.007920342834730601,16.779956129459254,2026,AA
Viandel Pena,DET,678854.0,sa3005775,25.0,9125,116,103,0.203883495,0.284482758,0.32038834899999996,0.116504854,2,12,32,10.3448275,27.586206800000006,64.81587924528426,0.271428571,0.2772432365294161,0.0,28.98550724637681,86.98630136986301,10.736842,43.209876543209866,69.52380952380952,25.114155251141554,0.0,0.0,0.0,0.0,0.0,0.0,0.0,0.0,14.666666666666664,41.6666666,34.722222200000004,23.6111111,0.0,5.903860666029023,0.4847950739786029,0.004179267879125887,11.314793042707253,2026,AA
Ed Howard,CHC,690992.0,sa3014540,24.0,8760,116,105,0.18095238,0.24137931,0.276190476,0.095238096,2,9,43,7.7586205999999995,37.068965500000004,41.618470331675894,0.274193548,0.2366989578666358,0.0,41.6030534351145,74.45255474452554,18.663594,44.842105263157904,64.31924882629107,38.22222222222222,0.0,0.0,0.0,0.0,0.0,0.0,0.0,0.0,10.0,34.920634899999996,46.031746000000005,19.047619,0.0,4.942975484252075,0.11849909834563732,0.001021543951255494,4.689693245775106,2026,AA
Peyton Stovall,CIN,696510.0,sa3025512,23.0,8395,115,102,0.19607843100000003,0.27826086899999997,0.343137254,0.147058823,4,10,29,8.6956521,25.217391300000006,59.45363670423564,0.22857142800000002,0.2817244996195254,0.0,30.962343096234303,88.39285714285714,8.883827,46.651785714285715,53.58851674641149,24.17582417582417,0.0,0.0,0.0,0.0,0.0,0.0,0.0,0.0,19.736842105263158,50.0,29.729729700000004,20.2702702,0.0,2.203837498496177,-0.1198873920366168,-0.0010424990611879721,15.989910622594405,2026,AA
Alex McCoy,SDP,801932.0,sa3067170,24.0,8760,114,105,0.314285714,0.35964912200000004,0.466666666,0.152380952,4,8,31,7.017543799999999,27.1929824,121.3501206236935,0.408450704,0.3675718704859416,0.0,40.0,73.52941176470588,18.491484,50.12165450121656,66.01941747572816,36.697247706422026,0.0,0.0,0.0,0.0,0.0,0.0,0.0,0.0,22.666666666666664,47.9452054,27.3972602,24.6575342,0.0,3.022249260946123,-1.1942095700651407,-0.010475522544431059,11.79175999965448,2026,AA
Colby Shade,MIA,694974.0,sa3023374,24.0,8760,113,99,0.232323232,0.31858407,0.464646464,0.232323232,6,11,29,9.7345132,25.663716800000003,103.675442803544,0.261538461,0.34247981605276595,0.0,33.95348837209302,80.15873015873018,12.068966,47.68856447688565,64.28571428571429,26.530612244897963,0.0,0.0,0.0,0.0,0.0,0.0,0.0,0.0,22.222222222222218,30.8823529,38.2352941,30.8823529,0.0,7.053571425,2.6801126496866345,0.023717811059173758,18.805748207599013,2026,AA
Ethan Hearn,CHC,683001.0,sa3011502,25.0,9125,112,106,0.19811320699999999,0.241071428,0.34905660299999997,0.150943396,4,4,42,3.5714285,37.5,57.111213008259114,0.283333333,0.261405029467174,0.0,44.700460829493096,76.42857142857143,22.222222,48.69976359338062,67.96116504854369,40.506329113924046,0.0,0.0,0.0,0.0,0.0,0.0,0.0,0.0,20.3125,42.1875,35.9375,21.875,0.0,5.7848321082602405,0.5568855917081237,0.004972192783108247,4.475537926026456,2026,AA
Skyler Messinger,COL,676038.0,sa3019963,27.0,9855,111,97,0.18556701,0.256880733,0.24742268,0.06185567,0,4,36,3.6036036,32.4324324,37.35664959584621,0.285714285,0.2386539693272442,0.0,31.168831168831172,77.09923664122137,15.58753,48.206278026905835,60.93023255813954,35.82887700534759,0.0,0.0,0.0,0.0,0.0,0.0,0.0,0.0,11.764705882352938,43.3333333,35.0,21.666666600000003,0.0,4.6939854701919295,0.05236274190247059,0.0004717364135357711,2.1967393322177498,2026,AA
Kevin Verde,NYY,814269.0,sa3021326,20.0,7300,111,103,0.21359223300000002,0.254545454,0.36893203799999996,0.155339805,4,6,29,5.4054053999999985,26.126126100000004,64.71533605833761,0.25352112600000004,0.2737117886543274,0.0,37.87878787878788,76.61290322580646,17.486339,46.48648648648649,72.09302325581395,34.5360824742268,0.0,0.0,0.0,0.0,0.0,0.0,0.0,0.0,20.51282051282051,45.3333333,22.666666600000003,32.0,0.0,1.7360957062499252,-0.7224208749830723,-0.006508296171018669,9.647383329648438,2026,AA
Connor Hujsak,TBR,824615.0,sa3025393,24.0,8760,111,105,0.24761904699999998,0.279279279,0.38095238,0.133333333,1,3,37,2.7027027,33.3333333,72.4732849681958,0.36764705799999997,0.2913948216953793,0.0,44.65116279069768,80.2919708029197,19.602978,46.650124069478906,72.87234042553192,37.339055793991406,0.0,0.0,0.0,0.0,0.0,0.0,0.0,0.0,15.942028985507244,57.3529411,25.0,17.647058800000003,0.0,8.084319869641524,1.1440901048481464,0.010307118061695012,8.411501136777348,2026,AA
Maick Collado,CLE,691408.0,sa3015534,23.0,8395,111,95,0.263157894,0.318181818,0.368421052,0.10526315800000001,2,9,15,8.108108099999999,13.513513499999998,84.93005165482305,0.277108433,0.3061343355612321,0.0,39.555555555555564,84.84848484848484,9.925558,45.38834951456311,70.58823529411767,19.815668202764982,0.0,0.0,0.0,0.0,0.0,0.0,0.0,0.0,12.359550561797752,44.047619,36.904761900000004,19.047619,0.0,3.7814861164658353,-0.165637725032866,-0.0014922317570528472,18.327177493571977,2026,AA
Braylon Payne,MIL,815520.0,sa3025647,19.0,6935,110,101,0.277227722,0.321100917,0.524752475,0.24752475300000001,5,7,31,6.3636363000000005,28.181818100000005,114.32942793987637,0.34848484799999996,0.3618745874921116,0.0,41.29554655870445,76.05633802816901,18.203882999999998,41.882352941176464,79.7752808988764,34.04255319148936,0.0,0.0,0.0,0.0,0.0,0.0,0.0,0.0,20.0,32.3943661,39.4366197,28.169014,0.0,8.046139605526974,0.3184991013258696,0.002895446375689723,22.971133523574945,2026,AA
Alberto Hernandez,HOU,800516.0,sa3018582,22.0,8030,110,97,0.195876288,0.27272727199999997,0.319587628,0.12371134,2,10,23,9.090909,20.9090909,56.01671980382965,0.229729729,0.271628673510118,0.0,25.225225225225223,91.45299145299143,9.290954,47.01670644391408,59.390862944162436,24.852071005917157,0.0,0.0,0.0,0.0,0.0,0.0,0.0,0.0,14.1025641025641,42.1052631,39.4736842,18.421052600000003,0.0,1.36970899,-0.2156425379216671,-0.001960386708378792,19.626716723926588,2026,AA
Angel Genao,CLE,694197.0,sa3015706,22.0,8030,110,85,0.270588235,0.418181818,0.411764705,0.14117647,3,22,20,20.0,18.1818181,133.16879517977108,0.3125,0.3823929418217052,0.0,20.948616600790515,87.5,7.777778,43.77777777777778,60.913705583756354,21.51162790697675,0.0,0.0,0.0,0.0,0.0,0.0,0.0,0.0,8.955223880597012,54.6875,17.1875,28.125,0.0,4.150351371330459,-0.10432789474725723,-0.0009484354067932477,35.12836982827374,2026,AA
Kevin Villavicencio,NYM,692944.0,sa3015673,22.0,8030,109,102,0.205882352,0.23853211,0.284313725,0.078431373,2,4,25,3.6697247,22.935779800000002,40.42937866848493,0.246753246,0.23549171106530986,0.0,38.888888888888886,86.77685950413223,12.672176,45.45454545454545,73.33333333333333,24.36548223350254,0.0,0.0,0.0,0.0,0.0,0.0,0.0,0.0,11.39240506329114,50.0,26.315789399999996,23.684210500000002,0.0,3.8460551123606517,-0.6178941857069731,-0.00566875399731168,11.740565686495314,2026,AA
Yoeilin Cespedes,BOS,806985.0,sa3021085,20.0,7300,108,100,0.19,0.24299065399999997,0.3,0.11,2,7,29,6.481481400000001,26.8518518,41.05628901686613,0.246376811,0.2460723903691657,0.0,38.49557522123894,82.39436619718309,17.718447,45.14563106796117,76.34408602150538,32.314410480349345,0.0,0.0,0.0,0.0,0.0,0.0,0.0,0.0,26.760563380281692,41.428571399999996,38.5714285,20.0,0.0,4.2523466156961165,0.16044425312429667,0.0014855949363360805,10.581941696628137,2026,AA
Riley Tirotta,PHI,694661.0,sa3017078,27.0,9855,108,91,0.19780219699999999,0.324074074,0.263736263,0.065934066,1,14,28,12.9629629,25.925925900000006,64.01186667564076,0.274193548,0.2875074827008777,0.0,21.99170124481328,80.43478260869566,11.283186,47.37991266375546,63.59447004608296,27.567567567567572,0.0,0.0,0.0,0.0,0.0,0.0,0.0,0.0,21.21212121212121,35.4838709,37.09677410000001,27.4193548,0.0,1.9372119775,-0.3908541230484843,-0.003619019657856337,5.109973742187528,2026,AA
Leandro Cedeño,SDP,660681.0,sa873307,27.0,9855,107,89,0.314606741,0.420560747,0.528089887,0.213483146,4,14,24,13.0841121,22.4299065,150.83116338538258,0.387096774,0.4151290711902437,0.0,39.2,81.14754098360656,13.012048000000002,41.9953596287703,67.40331491712708,29.439252336448604,0.0,0.0,0.0,0.0,0.0,0.0,0.0,0.0,16.176470588235293,33.846153799999996,35.3846153,30.769230699999998,0.0,5.064721912299613,-0.1234638039022684,-0.0011538673261894245,8.250258334973099,2026,AA
Graham Brown,MIN,842249.0,sa3076419,24.0,8760,106,90,0.266666666,0.37735849,0.477777777,0.21111111100000002,5,15,26,14.150943300000002,24.5283018,118.33124823042287,0.322033898,0.3831745549192969,0.0,24.413145539906107,82.30769230769229,12.289157,48.674698795180724,64.35643564356435,28.57142857142857,0.0,0.0,0.0,0.0,0.0,0.0,0.0,0.0,18.75,36.5079365,42.8571428,20.6349206,0.0,6.3687102048534365,0.7156429085880518,0.0067513481942269036,23.230227165059205,2026,AA
Ali Camarillo,ATH,701548.0,sa3028297,23.0,8395,106,93,0.36559139700000004,0.443396226,0.505376344,0.139784947,1,13,16,12.2641509,15.0943396,150.0925873658289,0.43421052600000004,0.42953517020873305,0.0,26.77165354330709,88.69565217391305,7.207207,42.792792792792795,60.526315789473685,17.486338797814213,0.0,0.0,0.0,0.0,0.0,0.0,0.0,0.0,14.285714285714285,41.5584415,27.2727272,31.1688311,0.0,1.9005478339909376,-1.133366785943508,-0.010692139490033096,29.550988921706853,2026,AA
Garrett Pennington,DET,693243.0,sa3025600,25.0,9125,106,96,0.28125,0.34905660299999997,0.479166666,0.19791666600000002,4,8,29,7.547169800000002,27.358490500000002,120.210489064634,0.365079365,0.3648142516613007,0.0,30.569948186528496,83.72093023255816,16.620499,46.38888888888889,77.24550898203594,34.57446808510639,0.0,0.0,0.0,0.0,0.0,0.0,0.0,0.0,5.970149253731343,47.761194,29.8507462,22.3880597,0.0,4.105414745535715,-0.8106782576069236,-0.007647908090631355,11.56745051447069,2026,AA
Gage Miller,MIA,824028.0,sa3025205,23.0,8395,106,91,0.27472527399999996,0.367924528,0.43956043899999997,0.164835165,4,13,19,12.2641509,17.924528300000006,116.04981452964256,0.304347826,0.3622130627902049,0.0,26.73267326732673,82.2695035460993,11.471322,49.5,71.21212121212122,25.510204081632647,0.0,0.0,0.0,0.0,0.0,0.0,0.0,0.0,21.917808219178077,39.7260273,46.5753424,13.6986301,0.0,2.488128481723977,-1.2195258587598798,-0.011504960931696982,24.633454555797748,2026,AA
Shane McGuire,ATH,676063.0,sa3017284,27.0,9855,106,89,0.23595505600000002,0.358490566,0.38202247100000003,0.146067415,3,14,22,13.2075471,20.7547169,97.83294717009495,0.28125,0.3452327858726933,0.0,17.82178217821782,83.72093023255816,9.359606,49.87593052109182,64.17910447761193,24.24242424242424,0.0,0.0,0.0,0.0,0.0,0.0,0.0,0.0,13.432835820895527,58.208955200000005,19.402985,22.3880597,0.0,2.3018369111991808,-1.0843571182340384,-0.01022978413428338,7.868383746616253,2026,AA
Erick Brito,PHI,684081.0,sa3011753,24.0,8760,104,86,0.302325581,0.38613861299999996,0.406976744,0.104651163,1,12,21,11.5384615,20.1923076,110.24585545162924,0.37878787799999997,0.3605968562683257,0.0,25.53191489361702,87.37864077669903,8.806818,46.59090909090909,62.80487804878049,20.666666666666668,0.0,0.0,0.0,0.0,0.0,0.0,0.0,0.0,8.571428571428571,42.4242424,34.8484848,22.727272699999997,0.0,6.274088490494084,0.8560238629579544,0.008230998682288023,23.078536335949202,2026,AA
Luis Baez,HOU,800232.0,sa3018482,22.0,8030,104,96,0.177083333,0.22115384600000002,0.21875,0.041666667000000004,0,6,25,5.7692307000000005,24.0384615,15.99532632767752,0.23287671199999999,0.20706835733010215,0.0,39.46188340807175,80.2919708029197,15.346535000000001,46.65071770334929,70.25641025641025,29.816513761467892,0.0,0.0,0.0,0.0,0.0,0.0,0.0,0.0,8.0,56.16438350000001,23.2876712,20.547945199999997,0.0,3.4089142307520977,-1.2569825034588575,-0.012086370225565938,7.8114892524615085,2026,AA
Core Jackson,NYY,692110.0,sa3034485,22.0,8030,103,93,0.268817204,0.330097087,0.40860215,0.139784946,2,8,14,7.766990199999999,13.592232999999998,100.1487404935668,0.29487179399999996,0.3297269714688792,0.0,29.54545454545455,85.81560283687944,11.055276,47.49403341288782,70.85427135678391,22.448979591836732,0.0,0.0,0.0,0.0,0.0,0.0,0.0,0.0,13.253012048192772,60.256410200000005,26.9230769,12.820512800000001,0.0,7.965655857623612,0.5316730421036482,0.00516187419518105,27.57953006936658,2026,AA
Hendry Mendez,MIN,694230.0,sa3015727,22.0,8030,102,89,0.280898876,0.362745098,0.49438202200000003,0.213483146,4,9,20,8.823529400000002,19.6078431,115.29380294217195,0.318181818,0.37827471482987496,0.0,21.608040201005025,84.0,9.343434,51.699029126213595,58.685446009389665,24.39024390243902,0.0,0.0,0.0,0.0,0.0,0.0,0.0,0.0,18.055555555555557,54.4117647,26.470588199999998,19.117647,0.0,6.218170045542522,-0.06465220265090467,-0.0006338451240284769,31.81391987408031,2026,AA
Ryan McCarty,PIT,806005.0,sa3020244,27.0,9855,102,81,0.19753086399999997,0.34653465299999997,0.308641975,0.111111111,2,16,22,15.6862745,21.568627399999997,84.5599953658201,0.24137931,0.3143548304491704,0.0,29.707112970711297,80.34188034188034,12.967581,41.70731707317073,68.42105263157895,29.44444444444445,0.0,0.0,0.0,0.0,0.0,0.0,0.0,0.0,12.698412698412698,41.6666666,36.6666666,21.666666600000003,0.0,4.11093283977771,-0.1187597569078207,-0.0011643113422335366,6.163394387332872,2026,AA
Alexis Hernandez,TOR,692562.0,sa3015642,23.0,8395,102,91,0.34065934,0.405940594,0.45054945,0.10989011,1,9,16,8.823529400000002,15.6862745,132.8745473158348,0.405405405,0.3875259892775281,0.0,39.130434782608695,85.8267716535433,13.128492000000001,48.4593837535014,73.41040462427745,25.125628140703515,0.0,0.0,0.0,0.0,0.0,0.0,0.0,0.0,11.842105263157894,46.6666666,29.3333333,24.0,0.0,3.3398256338255297,-0.5565843554213643,-0.00545670936687612,21.998013006152018,2026,AA
Nate Nankil,ATH,694977.0,sa3022532,23.0,8395,102,91,0.27472527399999996,0.343137254,0.406593406,0.131868132,3,8,17,7.8431372,16.6666666,94.69025675729807,0.305555555,0.3401631701226328,0.0,27.467811158798284,79.83193277310923,10.755149000000001,46.31336405529954,59.203980099502495,27.322404371584703,0.0,0.0,0.0,0.0,0.0,0.0,0.0,0.0,17.333333333333336,55.4054054,22.9729729,21.6216216,0.0,3.8014769956664938,-0.08425606973469257,-0.0008260398993597312,20.509487444926727,2026,AA
Alex Lodise,ATL,822676.0,sa3036445,22.0,8030,102,92,0.282608695,0.343137254,0.43478260799999996,0.152173913,3,7,21,6.862744999999999,20.5882352,107.1497173028153,0.333333333,0.3462873773247588,0.0,31.79487179487179,79.23076923076924,13.783784,47.2972972972973,74.28571428571429,28.125,0.0,0.0,0.0,0.0,0.0,0.0,0.0,0.0,13.888888888888891,43.6619718,26.760563300000005,29.5774647,0.0,4.8193218235490765,0.05452161934226751,0.0005345256798261522,21.986562427435185,2026,AA
CJ Rodriguez,ATH,675430.0,sa3017283,25.0,9125,102,87,0.310344827,0.39215686200000005,0.32183908,0.011494253000000001,0,13,15,12.745098,14.7058823,96.23013237112215,0.364864864,0.34264721297750284,0.0,19.911504424778762,91.96428571428572,6.940874000000001,44.607843137254896,61.53846153846154,19.205298013245034,0.0,0.0,0.0,0.0,0.0,0.0,0.0,0.0,15.584415584415586,52.7027027,24.3243243,22.9729729,0.0,1.9781362564410183,-0.8725239988416433,-0.00855415685138866,16.0155918471734,2026,AA
TT Bowens,NYM,688449.0,sa3015107,28.0,10220,102,89,0.13483146,0.21568627399999998,0.213483146,0.078651686,1,10,38,9.8039215,37.2549019,19.984453968863694,0.20754716899999998,0.20317118717174906,0.0,32.18884120171674,73.72881355932203,17.433414000000003,46.43678160919541,58.41584158415842,39.57219251336899,0.0,0.0,0.0,0.0,0.0,0.0,0.0,0.0,12.727272727272727,45.283018799999994,39.6226415,15.0943396,0.0,3.7720205735372367,-0.014339354820549488,-0.0001405819100053871,1.3604539894549743,2026,AA
Jacob Hurtubise,MIL,674441.0,sa3014820,28.0,10220,100,82,0.31707317,0.43,0.463414634,0.146341464,0,13,16,13.0,16.0,140.47288475077087,0.38805970100000003,0.403565211892128,0.0,21.686746987951807,89.40397350993378,7.481297,47.468354430379755,67.1111111111111,18.787878787878785,0.0,0.0,0.0,0.0,0.0,0.0,0.0,0.0,22.222222222222218,39.0625,26.5625,34.375,0.0,8.436317799986362,0.2821343308314681,0.0028213433083146807,7.119050794547236,2026,AA
Drew Bowser,CHC,690958.0,sa3022594,24.0,8760,100,92,0.22826086899999998,0.29,0.34782608600000003,0.11956521699999999,3,5,35,5.0,35.0,74.82377179222598,0.333333333,0.2896510124206543,0.0,30.567685589519648,70.0,16.304347999999994,45.8628841607565,67.01030927835049,36.95652173913043,0.0,0.0,0.0,0.0,0.0,0.0,0.0,0.0,13.333333333333336,43.6363636,32.7272727,23.636363600000003,0.0,6.84484681771265,0.08011261094361544,0.0008011261094361544,8.541661654658835,2026,AA
Tai Peete,STL,806191.0,sa3022966,20.0,7300,100,94,0.319148936,0.36,0.489361702,0.17021276600000002,3,6,23,6.0,23.0,115.71693284192659,0.39705882299999995,0.3761261868476868,0.0,35.26315789473684,79.5774647887324,15.625,48.787061994609175,78.45303867403315,28.78787878787879,0.0,0.0,0.0,0.0,0.0,0.0,0.0,0.0,23.28767123287671,40.0,30.0,30.0,0.0,7.073122457781822,-0.4451493751257658,-0.004451493751257658,25.02167034961864,2026,AA
Jared Sprague-Lott,ATH,814445.0,sa3042867,24.0,8760,99,84,0.273809523,0.38383838299999995,0.404761904,0.130952381,1,14,19,14.1414141,19.191919100000003,110.13374870821951,0.34375,0.3650757640299171,0.0,19.902912621359228,85.18518518518519,9.947644,45.93175853018373,61.71428571428571,28.187919463087248,0.0,0.0,0.0,0.0,0.0,0.0,0.0,0.0,6.153846153846153,53.2258064,14.516129000000001,32.2580645,0.0,7.569107903769067,0.20589148439466956,0.0020797119635825203,24.111991274917997,2026,AA
Tyresse Turner,CLE,687930.0,sa3020759,26.0,9490,97,82,0.243902439,0.354166666,0.34146341399999997,0.097560975,1,14,28,14.4329896,28.8659793,97.27139594857695,0.358490566,0.3256442490965128,0.0,29.12621359223301,83.33333333333334,14.099217000000001,46.214099216710174,77.96610169491525,32.142857142857146,0.0,0.0,0.0,0.0,0.0,0.0,0.0,0.0,14.545454545454545,50.9433962,20.7547169,28.301886699999997,0.0,7.789852462062861,1.1641053771600127,0.012001086362474355,9.469434725349783,2026,AA
Henry Godbout,BOS,804995.0,sa3032331,22.0,8030,97,90,0.311111111,0.35051546299999997,0.622222222,0.311111111,8,5,25,5.1546391,25.7731958,145.3298201318201,0.344827586,0.4109140419468437,0.0,31.914893617021278,84.12698412698413,9.669211,52.16284987277354,61.463414634146346,21.505376344086017,0.0,0.0,0.0,0.0,0.0,0.0,0.0,0.0,25.75757575757576,30.769230699999998,40.0,29.230769199999997,0.0,5.129533524824217,0.2523627448827028,0.0026016777822959053,28.992770999151396,2026,AA
Poncho Ruiz,MIN,695000.0,sa3022752,24.0,8760,97,84,0.19047619,0.288659793,0.309523809,0.11904761900000001,2,11,19,11.3402061,19.5876288,54.207974657536575,0.21875,0.2797344081180612,0.0,25.352112676056336,80.83333333333333,11.023622,45.384615384615394,67.79661016949152,25.294117647058826,0.0,0.0,0.0,0.0,0.0,0.0,0.0,0.0,17.647058823529417,43.076923,35.3846153,21.5384615,0.0,5.91126378554023,0.3745555374771357,0.003861397293578718,16.274957987737903,2026,AA
Brenden Dixon,CHW,686981.0,sa3017397,25.0,9125,97,86,0.18604651100000003,0.270833333,0.406976744,0.220930233,5,8,26,8.2474226,26.8041237,78.01333551516687,0.2,0.2989774743715922,0.0,35.869565217391305,76.64233576642336,15.966387,50.53763440860215,72.87234042553192,31.25,0.0,0.0,0.0,0.0,0.0,0.0,0.0,0.0,30.158730158730158,29.310344800000003,44.8275862,25.862068899999997,0.0,3.681622260273444,-0.4875467596575618,-0.005026255254201668,7.99676118460908,2026,AA
Garret Forrester,MIA,807720.0,sa3022822,24.0,8760,96,73,0.273972602,0.447916666,0.589041095,0.315068493,6,21,14,21.875,14.5833333,171.5652525411556,0.264150943,0.4507427966843049,0.0,16.666666666666664,89.38053097345133,8.549223,43.424317617866,64.57142857142857,24.475524475524484,0.0,0.0,0.0,0.0,0.0,0.0,0.0,0.0,19.047619047619047,43.1034482,36.2068965,20.6896551,0.0,5.453010926389989,0.5905441492795944,0.006151501554995775,29.89190118926437,2026,AA
Brody Moore,STL,690914.0,sa3019839,25.0,9125,95,88,0.386363636,0.410526315,0.511363636,0.125,2,5,14,5.2631578,14.7368421,136.2452158458816,0.43243243200000003,0.4092412867044148,0.0,36.58536585365854,93.96551724137932,7.733333000000001,48.75,59.48717948717949,17.51412429378531,0.0,0.0,0.0,0.0,0.0,0.0,0.0,0.0,16.455696202531644,45.3333333,30.666666600000003,24.0,0.0,6.194498066964287,1.2863381505012512,0.013540401584223698,17.898346621699744,2026,AA
Tommy White,ATH,695720.0,sa3025383,23.0,8395,94,83,0.301204819,0.372340425,0.397590361,0.09638554199999999,1,8,13,8.510638199999999,13.829787199999998,103.61135831214922,0.342857142,0.35455420169424495,0.0,38.095238095238095,86.36363636363636,11.464967999999999,39.42307692307692,71.54471544715446,24.22360248447205,0.0,0.0,0.0,0.0,0.0,0.0,0.0,0.0,11.26760563380282,56.338028099999995,15.492957700000002,28.169014,0.0,2.127976189880952,-1.0647532511502504,-0.01132716224627926,19.67013746363644,2026,AA
Lisbel Diaz,SFG,815464.0,sa3022399,20.0,7300,94,88,0.193181818,0.212765957,0.284090909,0.090909091,2,2,25,2.1276595,26.5957446,27.26949370663716,0.234375,0.21869549852736453,0.0,47.93814432989691,80.7017543859649,15.317919,46.26038781163435,68.26347305389223,31.28205128205128,0.0,0.0,0.0,0.0,0.0,0.0,0.0,0.0,17.647058823529417,42.4242424,45.45454539999999,12.1212121,0.0,5.172394791002717,0.9280119389295578,0.009872467435420829,10.093521957254973,2026,AA
Jack Costello,SDP,694320.0,sa3025242,25.0,9125,93,88,0.261363636,0.29347826,0.36363636299999996,0.102272727,2,3,14,3.2258063999999997,15.0537634,77.59186937448594,0.291666666,0.29698346036931744,0.0,37.692307692307686,91.50943396226415,10.431655000000001,53.237410071942456,71.62162162162163,19.480519480519487,0.0,0.0,0.0,0.0,0.0,0.0,0.0,0.0,18.666666666666668,43.8356164,34.2465753,21.9178082,0.0,3.513971209936956,0.18435746803879735,0.001982338366008574,11.018757631514546,2026,AA
Tommy Sacco Jr.,HOU,690474.0,sa3020125,27.0,9855,92,76,0.210526315,0.336956521,0.43421052600000004,0.22368421100000002,5,14,25,15.2173913,27.173913,101.91120761320863,0.23404255300000001,0.3456631432408872,0.0,28.378378378378375,83.7837837837838,13.730570000000002,44.08060453400503,63.42857142857142,33.532934131736525,0.0,0.0,0.0,0.0,0.0,0.0,0.0,0.0,24.52830188679245,40.3846153,40.3846153,19.230769199999997,0.0,6.845276015316284,1.1647536158561709,0.012660365389740986,7.77233883002751,2026,AA
Jose Colmenares,CHW,683569.0,sa3009309,24.0,8760,92,80,0.2125,0.296703296,0.3875,0.175,3,8,26,8.6956521,28.2608695,82.35871778116858,0.269230769,0.30590699793218257,0.0,31.37254901960784,76.76056338028168,17.414248,47.69230769230769,76.34408602150538,34.84848484848485,0.0,0.0,0.0,0.0,0.0,0.0,0.0,0.0,30.50847457627119,36.363636299999996,43.6363636,20.0,0.0,4.2219296292843564,-0.11313774529844522,-0.001229758101070057,10.677077068323543,2026,AA
Adam Fogel,CHW,687148.0,sa3076094,27.0,9855,91,80,0.25,0.322222222,0.5125,0.2625,5,7,24,7.6923076,26.373626300000005,115.76164139184827,0.288461538,0.35917419791221616,0.0,40.4040404040404,70.87378640776699,15.363881,46.34146341463415,60.23391812865496,31.86813186813186,0.0,0.0,0.0,0.0,0.0,0.0,0.0,0.0,18.96551724137931,43.6363636,38.1818181,18.1818181,0.0,3.5706656396502465,-0.5003422554582357,-0.005498266543497096,5.416549115938801,2026,AA
Justin Thomas Jr.,HOU,702520.0,sa3043700,22.0,8030,91,67,0.223880597,0.406593406,0.34328358200000003,0.119402985,2,17,24,18.6813186,26.373626300000005,113.29303060711487,0.302325581,0.3640236756303808,0.0,17.209302325581394,74.75728155339806,11.702128,42.81914893617022,63.975155279503106,33.81294964028777,0.0,0.0,0.0,0.0,0.0,0.0,0.0,0.0,28.88888888888889,40.0,33.3333333,26.666666600000003,0.0,5.68915723139824,0.5862876232713461,0.006442721134849957,27.764851285630808,2026,AA
Drew Cavanaugh,SFG,701852.0,sa3022682,24.0,8760,90,68,0.279411764,0.455555555,0.514705882,0.235294118,3,17,21,18.8888888,23.3333333,162.3784046249996,0.36363636299999996,0.4322835086436754,0.0,22.51082251082251,87.77777777777777,8.564231999999999,41.813602015113354,54.216867469879524,24.647887323943664,0.0,0.0,0.0,0.0,0.0,0.0,0.0,0.0,19.148936170212764,39.1304347,30.4347826,30.4347826,0.0,4.9174147026453845,-0.7187597658485174,-0.007986219620539083,26.163242744689423,2026,AA
George Lombard Jr.,NYY,806146.0,sa3023233,21.0,7665,90,77,0.311688311,0.4,0.571428571,0.25974026,4,12,19,13.333333300000001,21.1111111,156.71049084680655,0.36363636299999996,0.4191430701149835,0.0,20.37914691943128,84.11214953271029,10.187667999999999,45.194805194805184,61.49425287356321,27.397260273972602,0.0,0.0,0.0,0.0,0.0,0.0,0.0,0.0,20.967741935483872,34.482758600000004,32.7586206,32.7586206,0.0,4.802142027601319,-0.9133675023913383,-0.010148527804348205,36.001890759105265,2026,AA
Tucker Toman,TOR,702283.0,sa3020132,22.0,8030,88,77,0.20779220699999998,0.306818181,0.298701298,0.090909091,1,10,22,11.363636300000001,25.0,68.40075999497473,0.277777777,0.2856020832603628,0.0,26.16279069767442,82.88288288288287,12.537313000000001,48.65671641791045,68.09815950920245,28.846153846153847,0.0,0.0,0.0,0.0,0.0,0.0,0.0,0.0,9.090909090909092,56.6037735,24.5283018,18.8679245,0.0,2.3560214099803387,-0.5476372670382261,-0.006223150761798024,16.501587724477922,2026,AA
JT Benson,NYM,694842.0,sa3076097,24.0,8760,88,76,0.184210526,0.255813953,0.276315789,0.092105263,2,5,22,5.6818181,25.0,47.272274475105505,0.222222222,0.24630935802016146,0.0,36.36363636363637,82.17821782178217,16.554054,46.94533762057878,69.17808219178083,32.25806451612903,0.0,0.0,0.0,0.0,0.0,0.0,0.0,0.0,15.0,44.444444399999995,37.037037,18.5185185,0.0,6.8126657343748125,0.7604442620649934,0.00864141206892038,9.025115006790074,2026,AA
Dakota Jordan,SFG,702607.0,sa3025601,23.0,8395,88,79,0.25316455600000004,0.32954545399999996,0.367088607,0.113924051,1,9,26,10.2272727,29.545454499999998,87.1510337320546,0.365384615,0.3133597134173601,0.0,39.39393939393939,75.49019607843138,16.758242000000006,39.84375,66.66666666666666,33.888888888888886,0.0,0.0,0.0,0.0,0.0,0.0,0.0,0.0,5.263157894736842,61.5384615,30.769230699999998,7.6923076,0.0,6.195474877395653,0.9352278700098396,0.010627589431929995,13.862774725953852,2026,AA
Dom Krupinski,CHC,702597.0,sa3077937,22.0,8030,88,71,0.16901408399999998,0.32954545399999996,0.323943661,0.15492957699999998,2,12,30,13.6363636,34.090909,88.28724679860498,0.256410256,0.3111210377378897,0.0,23.03664921465969,81.63265306122447,13.142857000000001,47.09141274238228,57.647058823529406,37.95620437956204,0.0,0.0,0.0,0.0,0.0,0.0,0.0,0.0,18.181818181818183,40.0,32.5,27.500000000000004,0.0,8.993783427324821,0.9057036144658924,0.010292086528021504,22.47586376821917,2026,AA
Matt Fraizer,BOS,670208.0,sa918983,28.0,10220,87,78,0.307692307,0.367816091,0.512820512,0.205128205,1,7,19,8.045977,21.839080399999997,127.72336571218399,0.38983050799999996,0.383080736659039,0.0,30.319148936170212,86.9158878504673,9.94152,44.86803519061584,69.93464052287581,23.03030303030303,0.0,0.0,0.0,0.0,0.0,0.0,0.0,0.0,11.666666666666664,36.842105200000006,35.0877192,28.070175400000004,0.0,7.363533714455897,0.14783605560660362,0.0016992650069724555,5.769213778149713,2026,AA
Kenedy Corona,NYY,685744.0,sa3009845,26.0,9490,87,76,0.25,0.333333333,0.40789473600000004,0.157894736,3,8,21,9.1954022,24.137931,101.99948986504214,0.301886792,0.33265274352040786,0.0,27.956989247311824,79.33884297520662,13.897281,45.13274336283185,79.08496732026144,30.90909090909091,0.0,0.0,0.0,0.0,0.0,0.0,0.0,0.0,10.526315789473683,44.444444399999995,31.4814814,24.074074,0.0,6.280715246074824,1.1100114779546857,0.012758752620168802,9.583968796575741,2026,AA
Adrian De Leon,ARI,700369.0,sa3015864,22.0,8030,86,73,0.16438356099999998,0.273809523,0.23287671199999999,0.068493151,1,8,35,9.3023255,40.697674400000004,23.775267252849986,0.297297297,0.2508799533049266,0.0,30.04484304932735,71.57894736842105,17.101449,40.69148936170213,62.09150326797386,41.333333333333336,0.0,0.0,0.0,0.0,0.0,0.0,0.0,0.0,15.0,44.444444399999995,30.5555555,25.0,0.0,3.783934446422311,0.003961332142353058,4.6062001655268106e-05,7.714162282768783,2026,AA
Justin Gonzales,BOS,821100.0,sa3023757,19.0,6935,85,71,0.239436619,0.352941176,0.38028169,0.140845071,2,12,22,14.117647,25.882352899999997,97.74733170011926,0.3125,0.3356928818366107,0.0,39.89071038251365,72.41379310344827,14.461538000000001,43.69230769230769,61.26760563380282,30.0,0.0,0.0,0.0,0.0,0.0,0.0,0.0,0.0,8.0,44.8979591,30.612244800000003,24.489795899999997,0.0,5.815375995749168,-0.5854618595913053,-0.006887786583427121,22.074892872933827,2026,AA
Noah Myers,TBR,671956.0,sa3023377,26.0,9490,85,76,0.144736842,0.235294117,0.19736842100000002,0.052631579000000005,1,9,31,10.5882352,36.4705882,22.79654360577833,0.22727272699999998,0.2121759800349965,0.0,21.98275862068965,78.26086956521739,13.031161,46.17169373549885,57.788944723618094,37.22627737226277,0.0,0.0,0.0,0.0,0.0,0.0,0.0,0.0,20.0,41.4634146,36.58536580000001,21.9512195,0.0,3.5153447325296807,-0.3003422524780035,-0.0035334382644471,4.356149218598716,2026,AA
Javier Vaz,KCR,805834.0,sa3019906,25.0,9125,85,68,0.205882352,0.34939759,0.382352941,0.17647058899999998,1,13,16,15.294117600000002,18.8235294,94.58831274699776,0.25490196,0.3406957237117262,0.0,21.698113207547173,88.09523809523809,6.906077000000001,40.94707520891365,57.14285714285714,20.76923076923077,0.0,0.0,0.0,0.0,0.0,0.0,0.0,0.0,16.666666666666664,39.2156862,31.372549,29.4117647,0.0,6.8813601147855215,1.0137632805854082,0.011926626830416568,19.488110050958255,2026,AA
Roberto Campos,DET,691449.0,sa3014683,23.0,8395,84,71,0.28169014,0.39285714200000005,0.450704225,0.169014085,2,13,19,15.4761904,22.6190476,129.9952287125841,0.36,0.38028253614902496,0.0,27.411167512690355,84.61538461538461,10.344828,45.27777777777778,63.80368098159509,24.342105263157894,0.0,0.0,0.0,0.0,0.0,0.0,0.0,0.0,18.51851851851852,52.941176399999996,29.4117647,17.647058800000003,0.0,6.288841968308453,0.07218687050044538,0.000859367505957683,29.216422845248488,2026,AA
Nick Lucky,NYM,681879.0,sa3024896,26.0,9490,84,77,0.23376623300000002,0.29761904699999997,0.23376623300000002,0.0,0,7,29,8.3333333,34.5238095,53.66270661780261,0.375,0.2564117241473425,0.0,27.08333333333333,85.0574712643678,12.662338,53.24675324675325,53.04878048780488,32.0,0.0,0.0,0.0,0.0,0.0,0.0,0.0,0.0,6.25,47.9166666,31.25,20.8333333,0.0,3.3317231850751003,-0.6557187782600522,-0.007806175931667288,4.423327856529325,2026,AA
Vance Honeycutt,BAL,701689.0,sa3025526,23.0,8395,84,73,0.287671232,0.38095238,0.616438356,0.32876712399999997,5,9,21,10.7142857,25.0,149.05782981637287,0.340425531,0.4248949757644108,0.0,24.719101123595504,83.15789473684211,10.975610000000001,45.73170731707317,63.33333333333333,26.08695652173913,0.0,0.0,0.0,0.0,0.0,0.0,0.0,0.0,21.15384615384616,44.230769200000005,38.461538399999995,17.3076923,0.0,8.973914858096828,1.2901873523369431,0.015359373242106466,30.552339318966457,2026,AA
Trey Faltine,CIN,683104.0,sa3020118,25.0,9125,83,77,0.116883116,0.17073170699999998,0.22077922,0.103896104,1,5,42,6.024096299999999,50.6024096,-4.845930079165287,0.235294117,0.1791868318871754,0.0,37.055837563451774,71.15384615384616,20.771513,46.02739726027397,61.904761904761905,46.01226993865031,0.0,0.0,0.0,0.0,0.0,0.0,0.0,0.0,9.75609756097561,38.2352941,35.29411760000001,26.470588199999998,0.0,3.762690680690264,-0.5723873004317284,-0.006896232535322028,1.8553581812026017,2026,AA
Justin DeCriscio,SDP,813664.0,sa3030012,23.0,8395,83,70,0.257142857,0.36585365799999997,0.342857142,0.085714285,1,7,18,8.433734900000001,21.6867469,103.33066943828858,0.333333333,0.33850388047171803,0.0,39.76608187134503,87.64044943820225,10.891089,43.56435643564357,67.42424242424242,22.72727272727273,0.0,0.0,0.0,0.0,0.0,0.0,0.0,0.0,26.41509433962264,45.0980392,31.372549,23.5294117,0.0,4.378866219406754,0.05490114912390709,0.0006614596279988806,19.404832434585238,2026,AA
Jack Hurley,ARI,694815.0,sa3022564,24.0,8760,82,75,0.213333333,0.271604938,0.386666666,0.173333333,4,5,25,6.0975609,30.487804800000006,49.798690770232355,0.260869565,0.2928595123467622,0.0,38.509316770186345,79.62962962962962,18.811881,46.86468646864687,76.05633802816901,35.50295857988166,0.0,0.0,0.0,0.0,0.0,0.0,0.0,0.0,15.68627450980392,50.0,38.0,12.0,0.0,2.8413865491071433,-0.6568814609199762,-0.008010749523414344,6.301530636382703,2026,AA
A.J. Ewing,NYM,805999.0,sa3022963,21.0,7665,81,63,0.34920634899999997,0.481481481,0.571428571,0.222222222,2,17,15,20.9876543,18.5185185,183.49494841542884,0.425531914,0.4616580693810074,0.0,19.902912621359228,89.58333333333334,9.968847,40.97421203438395,67.13286713286713,28.688524590163933,0.0,0.0,0.0,0.0,0.0,0.0,0.0,0.0,11.320754716981131,55.10204079999999,22.4489795,22.4489795,0.0,8.788697727468872,1.5514971856027842,0.019154286242009683,42.847260546411036,2026,AA
Jacob Humphrey,COL,814410.0,sa3069172,23.0,8395,81,73,0.328767123,0.39506172799999995,0.38356164299999995,0.05479452,0,6,17,7.407407400000001,20.9876543,114.47728324506916,0.428571428,0.3605707442318952,0.0,29.72972972972973,85.86956521739131,10.10453,48.43205574912892,66.18705035971223,22.058823529411764,0.0,0.0,0.0,0.0,0.0,0.0,0.0,0.0,7.142857142857142,64.8148148,18.5185185,16.6666666,0.0,5.4656587879093586,0.8469704873859882,0.010456425770197385,23.325712067465744,2026,AA
Theo Hardy,TEX,815152.0,sa3025187,24.0,8760,80,69,0.17391304300000002,0.27848101199999997,0.246376811,0.072463768,1,8,28,10.0,35.0,42.502731077206505,0.275,0.2569615765462948,0.0,34.13173652694611,76.76767676767676,17.081851,45.06578947368421,72.26277372262774,37.22627737226277,0.0,0.0,0.0,0.0,0.0,0.0,0.0,0.0,8.16326530612245,60.0,12.5,27.500000000000004,0.0,6.322333988627628,0.4137632716447115,0.005172040895558894,7.844862491263202,2026,AA
Brock Jones,TBR,677342.0,sa3020190,25.0,9125,79,72,0.180555555,0.25316455600000004,0.388888888,0.208333333,4,7,36,8.8607594,45.5696202,66.72315428300331,0.28125,0.2822251644315599,0.0,36.477987421383645,73.63636363636363,21.359223,48.376623376623385,73.8255033557047,40.96385542168674,0.0,0.0,0.0,0.0,0.0,0.0,0.0,0.0,33.33333333333333,38.2352941,44.117647,17.647058800000003,0.0,6.425854468501357,0.16363523248583078,0.0020713320567826684,6.793594127807887,2026,AA
Guy Lipscomb,CLE,805865.0,sa3020764,25.0,9125,79,66,0.257575757,0.358974358,0.333333333,0.075757576,0,11,13,13.9240506,16.4556962,96.21687177572208,0.314814814,0.3239771960637508,0.0,28.143712574850287,93.26923076923076,7.028753999999998,48.77300613496933,65.40880503144653,16.19718309859155,0.0,0.0,0.0,0.0,0.0,0.0,0.0,0.0,7.0175438596491215,50.0,28.846153800000003,21.153846100000006,0.0,6.278575153403453,0.027146346867084503,0.0003436246438871456,17.046008162738747,2026,AA
Mathieu Vallee,TOR,700795.0,sa3076098,25.0,9125,78,70,0.314285714,0.384615384,0.35714285700000004,0.042857143,0,7,14,8.9743589,17.9487179,106.71411950888529,0.39285714200000005,0.34617006625884617,0.0,27.611940298507466,88.65979381443299,8.185053,52.313167259786475,65.98639455782312,20.3125,0.0,0.0,0.0,0.0,0.0,0.0,0.0,0.0,1.7857142857142856,78.8461538,7.6923076,13.461538399999998,0.0,5.809928616394503,2.0595787027850747,0.026404855163911216,16.314671324290966,2026,AA
Luis Durango,NYY,691411.0,sa3015232,23.0,8395,78,68,0.294117647,0.368421052,0.33823529399999996,0.044117647,0,6,10,7.6923076,12.820512800000001,101.07683830432985,0.344827586,0.3311941623687744,0.0,38.095238095238095,93.90243902439023,7.1428569999999985,45.149253731343286,67.76859504132231,16.23931623931624,0.0,0.0,0.0,0.0,0.0,0.0,0.0,0.0,3.0303030303030303,67.85714279999999,14.2857142,17.857142800000005,0.0,8.49433860195453,0.26141612045466894,0.0033514887237778078,23.811713315373684,2026,AA
Aeverson Arteaga,SFG,692348.0,sa3014707,23.0,8395,77,66,0.318181818,0.39473684200000003,0.5,0.181818182,2,6,22,7.7922077,28.571428499999996,138.7942054336938,0.441860465,0.39500023738334056,0.0,45.29411764705882,81.72043010752688,19.148936,43.33333333333334,71.53846153846153,34.810126582278485,0.0,0.0,0.0,0.0,0.0,0.0,0.0,0.0,38.775510204081634,26.666666600000003,35.55555550000001,37.7777777,0.0,7.868818462737491,0.1100114630535245,0.001428720299396422,19.873224941626955,2026,AA
Shawn Ross,PIT,676566.0,sa3020951,26.0,9490,77,57,0.210526315,0.40259740200000005,0.614035087,0.403508772,7,18,29,23.376623300000002,37.6623376,156.6967278847215,0.22727272699999998,0.4285698881397,0.0,17.647058823529417,62.16216216216216,15.868263,43.674698795180724,51.03448275862069,50.467289719626166,0.0,0.0,0.0,0.0,0.0,0.0,0.0,0.0,41.379310344827594,21.4285714,50.0,28.571428499999996,0.0,1.4200310525,-0.2773803453892469,-0.0036023421479122976,10.78327267700906,2026,AA
Drake Logan,CHW,805763.0,sa3019936,25.0,9125,77,69,0.231884057,0.302631578,0.420289855,0.188405798,3,6,32,7.7922077,41.5584415,91.45010619250506,0.382352941,0.3204049146489093,0.0,34.104046242774565,66.66666666666666,20.209059,45.9375,63.265306122448976,45.0,0.0,0.0,0.0,0.0,0.0,0.0,0.0,0.0,24.39024390243902,35.29411760000001,41.1764705,23.5294117,0.0,5.287474593986377,0.3952720761299133,0.00513340358610277,7.67941731194235,2026,AA
Josue Briceño,DET,800522.0,sa3018584,21.0,7665,76,64,0.296875,0.38157894700000006,0.671875,0.375,8,9,16,11.842105199999999,21.0526315,165.50080084125068,0.26190476100000004,0.4364118058430521,0.0,29.496402877697843,82.35294117647058,10.909091,49.45454545454545,62.5,26.984126984126984,0.0,0.0,0.0,0.0,0.0,0.0,0.0,0.0,32.0,28.571428499999996,51.0204081,20.408163199999997,0.0,2.361095706249925,-0.7350290725007653,-0.009671435164483756,32.924392426779406,2026,AA
Dustin Dickerson,KCR,815039.0,sa3022828,25.0,9125,75,64,0.234375,0.346666666,0.40625,0.171875,1,11,19,14.6666666,25.3333333,96.50499017722473,0.318181818,0.3437876025835673,0.0,18.285714285714285,84.52380952380952,8.832808,46.48318042813457,55.26315789473685,27.92792792792793,0.0,0.0,0.0,0.0,0.0,0.0,0.0,0.0,22.916666666666664,32.5581395,25.5813953,41.8604651,0.0,8.795767060591379,0.6235652081668377,0.008314202775557836,17.768973819893173,2026,AA
Luke Shliger,DET,807740.0,sa3022694,24.0,8760,74,63,0.396825396,0.45945945899999996,0.8095238090000001,0.412698413,6,9,15,12.1621621,20.2702702,218.81036838378964,0.431818181,0.5206866650967985,0.0,43.529411764705884,86.15384615384615,10.108303,40.14084507042253,57.017543859649116,23.13432835820895,0.0,0.0,0.0,0.0,0.0,0.0,0.0,0.0,21.15384615384616,28.000000000000004,54.0,18.0,0.0,6.907329633989787,-0.1350290635600686,-0.0018247170751360625,25.35683472413043,2026,AA
Michael Trautwein,CIN,681114.0,sa3017043,26.0,9490,74,56,0.214285714,0.397260273,0.375,0.16071428599999998,3,13,26,17.5675675,35.1351351,112.05657393309522,0.333333333,0.3656097070811546,0.0,25.433526011560694,67.44186046511628,17.704918,43.278688524590166,65.15151515151516,42.63565891472868,0.0,0.0,0.0,0.0,0.0,0.0,0.0,0.0,12.903225806451614,43.3333333,30.0,26.666666600000003,0.0,5.715359404991102,0.06731711514294147,0.0009096907451748848,9.539917230719599,2026,AA
Marcus Brown,HOU,694939.0,sa3022676,24.0,8760,74,67,0.164179104,0.243243243,0.223880597,0.059701493,0,5,27,6.7567567,36.4864864,28.08435965795741,0.275,0.2265697226331041,0.0,32.72058823529412,86.08247422680412,14.482759,48.387096774193544,76.07843137254902,26.691729323308273,0.0,0.0,0.0,0.0,0.0,0.0,0.0,0.0,13.829787234042554,57.49999999999999,25.0,17.5,0.0,5.62127118031658,-0.4372775908559561,-0.005909156633188596,7.306604710550281,2026,AA
Cade Fergus,PHI,681495.0,sa3019919,25.0,9125,72,66,0.106060606,0.166666666,0.12121212099999999,0.015151515,0,4,34,5.5555555,47.2222222,-26.29747151286477,0.212121212,0.14474123799138597,0.0,40.69767441860465,63.51351351351351,23.826715,43.42105263157895,56.06060606060606,51.51515151515152,0.0,0.0,0.0,0.0,0.0,0.0,0.0,0.0,13.888888888888891,45.45454539999999,39.3939393,15.151515099999997,0.0,6.406497026013128,0.6613098392263055,0.009184858878143132,2.941328699896659,2026,AA
Ben Ross,MIN,805346.0,sa3020353,25.0,9125,72,59,0.423728813,0.5277777770000001,0.796610169,0.372881356,5,12,10,16.6666666,13.888888799999998,228.07005751920207,0.45454545399999996,0.5601991812388102,0.0,21.428571428571427,84.88372093023256,8.518519,42.96296296296296,74.13793103448276,22.689075630252105,0.0,0.0,0.0,0.0,0.0,0.0,0.0,0.0,24.489795918367342,31.25,39.5833333,29.166666600000006,0.0,5.718949622531938,0.8549011610448359,0.011873627236733832,23.239921303349075,2026,AA
Anderdson Rojas,ARI,699232.0,sa3015818,22.0,8030,71,59,0.27118644,0.37681159399999997,0.35593220299999995,0.084745763,1,9,15,12.6760563,21.1267605,79.90990270264578,0.348837209,0.34143326738301444,0.0,25.352112676056336,86.51685393258427,8.243727999999999,49.10394265232975,64.96350364963503,21.551724137931032,0.0,0.0,0.0,0.0,0.0,0.0,0.0,0.0,15.217391304347828,63.6363636,20.4545454,15.9090909,0.0,6.57353122313116,0.4941088892519474,0.0069592801303091185,28.546133535492977,2026,AA
Hector Salas,HOU,827504.0,sa3024156,22.0,8030,70,55,0.27272727199999997,0.405797101,0.327272727,0.054545455,1,12,15,17.142857100000004,21.4285714,108.53991991484571,0.35,0.3563562182412631,0.0,24.09638554216868,82.53968253968253,8.219178000000001,43.15068493150685,50.0,25.0,0.0,0.0,0.0,0.0,0.0,0.0,0.0,0.0,4.761904761904762,55.00000000000001,20.0,25.0,0.0,5.845021183223897,0.7353478092700243,0.010504968703857491,30.816651746269894,2026,AA
Jared Dickey,ATH,801406.0,sa3022688,24.0,8760,69,65,0.215384615,0.260869565,0.415384615,0.2,3,4,15,5.7971014,21.739130399999997,66.73493833474167,0.23404255300000001,0.2950671842132789,0.0,37.888198757763966,84.26966292134831,11.578947,45.6081081081081,65.92592592592592,25.179856115107913,0.0,0.0,0.0,0.0,0.0,0.0,0.0,0.0,19.230769230769237,40.0,38.0,22.0,0.0,5.577897906880377,0.2921787369996309,0.004234474449270014,14.013296658233257,2026,AA
Raudelis Martinez,BOS,696020.0,sa3016835,24.0,8760,68,65,0.261538461,0.279411764,0.36923076899999996,0.10769230800000001,1,2,17,2.9411764,25.0,66.21546034988981,0.333333333,0.2858454690260045,0.0,32.089552238805965,81.52173913043478,14.107884,47.65625,75.40983606557377,30.158730158730158,0.0,0.0,0.0,0.0,0.0,0.0,0.0,0.0,13.725490196078432,59.183673399999996,26.5306122,14.2857142,0.0,2.0656155387880024,-0.6467716898769139,-0.009511348380542855,8.076802662224951,2026,AA
Kenni Gomez,HOU,703198.0,sa3018430,21.0,7665,68,65,0.215384615,0.25,0.307692307,0.092307692,0,1,22,1.4705882,32.352941099999995,44.80385415326721,0.325581395,0.25354069383705363,0.0,44.34782608695652,75.0,21.304348,50.643776824034326,81.35593220338984,36.805555555555564,0.0,0.0,0.0,0.0,0.0,0.0,0.0,0.0,4.4444444444444455,54.7619047,21.4285714,23.8095238,0.0,6.99575943180653,-0.4078717902302742,-0.005998114562209915,7.007643057372893,2026,AA
Ismael Munguia,TOR,665998.0,sa917132,27.0,9855,68,55,0.345454545,0.409090909,0.45454545399999996,0.109090909,1,8,7,11.7647058,10.2941176,130.19181409755728,0.36,0.3832849688602216,0.0,30.967741935483872,93.26923076923076,6.296296,48.84488448844885,70.27027027027027,15.873015873015873,0.0,0.0,0.0,0.0,0.0,0.0,0.0,0.0,10.0,52.0,32.0,16.0,0.0,3.9495095638572697,-0.8305023862048984,-0.012213270385366152,9.080086414299847,2026,AA
Luke Hanson,TEX,702630.0,sa3033183,22.0,8030,67,58,0.120689655,0.203125,0.172413793,0.051724137999999996,1,5,13,7.4626865,19.402985,-0.668605726116432,0.13636363599999998,0.18731994461268187,0.0,35.87786259541985,89.1566265060241,11.428571,46.53061224489796,72.80701754385966,23.4375,0.0,0.0,0.0,0.0,0.0,0.0,0.0,0.0,8.333333333333332,41.8604651,41.8604651,16.279069699999997,0.0,1.79058440875,-0.11762320250272752,-0.0017555701866078732,13.965753527826305,2026,AA
Keshawn Ogans,ATL,687248.0,sa3019893,24.0,8760,66,60,0.166666666,0.212121212,0.18333333300000001,0.016666667,0,4,21,6.060606,31.8181818,7.843736889388125,0.243902439,0.18792544531099725,0.0,32.33082706766917,85.55555555555556,13.636364000000002,53.003533568904594,60.0,31.62393162393162,0.0,0.0,0.0,0.0,0.0,0.0,0.0,0.0,13.043478260869565,28.2051282,41.025641,30.769230699999998,0.0,2.962265835759683,-0.4363647764548659,-0.0066115875220434245,5.49903721786526,2026,AA
Jose Astudillo,SFG,698973.0,sa3016548,22.0,8030,66,59,0.22033898300000002,0.28125,0.254237288,0.033898305,0,5,8,7.575757499999999,12.1212121,49.21791492955881,0.25490196,0.25339283701032395,0.0,34.26573426573427,84.70588235294117,8.264463000000001,46.03773584905661,69.67213114754098,17.741935483870968,0.0,0.0,0.0,0.0,0.0,0.0,0.0,0.0,5.263157894736842,52.0833333,29.166666600000006,18.75,0.0,5.190532016375041,-0.3422449976205826,-0.005185530266978524,18.26147265590805,2026,AA
Angel Acosta,KCR,808665.0,sa3021290,23.0,8395,65,58,0.24137931,0.296875,0.362068965,0.120689655,2,4,10,6.1538461,15.384615300000002,68.14759177167889,0.255319148,0.2980430033057928,0.0,40.32258064516129,88.05970149253731,9.090909,43.63636363636363,69.79166666666666,18.421052631578945,0.0,0.0,0.0,0.0,0.0,0.0,0.0,0.0,16.0,53.06122439999999,22.4489795,24.489795899999997,0.0,4.666273185067541,-0.04707951843738556,-0.0007243002836520855,17.751958625275137,2026,AA
Tomas Frick,NYY,694281.0,sa3023485,25.0,9125,65,58,0.24137931,0.307692307,0.327586206,0.08620689599999999,1,6,11,9.2307692,16.923076899999998,75.72143604494099,0.276595744,0.2911108704713675,0.0,36.090225563909776,81.69014084507045,11.836735000000001,46.58634538152611,61.206896551724135,26.315789473684212,0.0,0.0,0.0,0.0,0.0,0.0,0.0,0.0,17.647058823529417,37.5,39.5833333,22.916666600000003,0.0,1.49154134625,-0.21433935780078173,-0.003297528581550488,9.590329696273665,2026,AA
Matt O'Neill,ARI,690841.0,sa1170279,28.0,10220,64,53,0.188679245,0.328125,0.37735849,0.188679245,2,11,13,17.1875,20.3125,70.27952407806205,0.210526315,0.3258980689570308,0.0,19.480519480519487,83.13253012048195,10.469314,44.40433212996389,67.47967479674797,28.31858407079646,0.0,0.0,0.0,0.0,0.0,0.0,0.0,0.0,7.5,45.0,35.0,20.0,0.0,1.1625939775,-0.1470290031284094,-0.002297328173881397,4.752453428135997,2026,AA
Shalin Polanco,PIT,694186.0,sa3015699,22.0,8030,64,56,0.178571428,0.25396825300000003,0.23214285699999998,0.053571429000000004,0,6,26,9.375,40.625,31.459846910832876,0.322580645,0.2305881560794891,0.0,40.828402366863905,72.83950617283949,20.754717000000003,40.0709219858156,71.68141592920355,42.446043165467636,0.0,0.0,0.0,0.0,0.0,0.0,0.0,0.0,33.33333333333333,32.2580645,35.4838709,32.2580645,0.0,3.6107544325380014,-0.6467716898769139,-0.010105807654326782,4.443709451861106,2026,AA
Jeron Williams,HOU,700784.0,sa3022566,25.0,9125,63,56,0.23214285699999998,0.317460317,0.35714285700000004,0.125,1,5,17,7.9365079,26.984126899999996,81.22190458097882,0.315789473,0.31228829470891806,0.0,28.68217054263566,91.66666666666666,7.569721,48.60557768924303,49.180327868852466,20.618556701030926,0.0,0.0,0.0,0.0,0.0,0.0,0.0,0.0,12.82051282051282,44.7368421,26.315789399999996,28.9473684,0.0,6.205591553142655,0.2724738363176584,0.004324981528851721,13.150364795398259,2026,AA
Mitch Jebb,PIT,694991.0,sa3022565,24.0,8760,62,53,0.22641509399999998,0.33870967700000004,0.264150943,0.037735849,0,9,9,14.516129000000001,14.516129000000001,71.22029624445462,0.27272727199999997,0.2934437826756508,0.0,28.776978417266182,85.48387096774194,10.126582,40.85106382978723,64.58333333333334,25.742574257425748,0.0,0.0,0.0,0.0,0.0,0.0,0.0,0.0,15.909090909090908,40.909090899999995,22.727272699999997,36.363636299999996,0.0,7.509335911160967,0.07757913693785667,0.0012512764022234947,18.71962696268494,2026,AA
Alexander Vargas,CIN,683061.0,sa3008851,24.0,8760,62,56,0.33928571399999996,0.38333333299999994,0.39285714200000005,0.053571428,0,4,7,6.4516129000000015,11.2903225,105.26116462289824,0.387755102,0.35477315783500674,0.0,34.166666666666664,92.5373134328358,8.144796000000001,45.70135746606335,66.33663366336634,17.142857142857142,0.0,0.0,0.0,0.0,0.0,0.0,0.0,0.0,13.725490196078432,48.979591799999994,26.5306122,24.489795899999997,0.0,6.7540062007638015,-0.8087520739063621,-0.01304438828881229,19.435020485777933,2026,AA
T.J. McCants,CHW,690996.0,sa3025355,25.0,9125,62,57,0.19298245600000002,0.241935483,0.28070175399999997,0.087719298,1,4,27,6.4516129000000015,43.548387,39.534628057016256,0.333333333,0.2376159891005485,0.0,36.17021276595745,65.55555555555556,23.868313,47.77777777777778,69.76744186046511,50.806451612903224,0.0,0.0,0.0,0.0,0.0,0.0,0.0,0.0,8.571428571428571,51.61290320000001,25.806451600000006,22.5806451,0.0,5.722679527324822,0.6464540623128414,0.010426678424400669,3.7723586973836323,2026,AA
John Garcia,HOU,801039.0,sa3020419,25.0,9125,61,55,0.163636363,0.22950819600000003,0.29090909,0.127272727,2,5,21,8.1967213,34.4262295,34.294110997503104,0.212121212,0.23658695279574785,0.0,31.451612903225808,78.26086956521739,15.178571,46.78111587982833,63.302752293577974,36.89320388349515,0.0,0.0,0.0,0.0,0.0,0.0,0.0,0.0,16.666666666666664,45.45454539999999,48.4848484,6.060606,0.0,4.710515916920555,0.2921787369996309,0.0047898153606496865,5.704579543188966,2026,AA
Luis Peña,MIL,821270.0,sa3024134,19.0,6935,61,56,0.267857142,0.327868852,0.33928571399999996,0.071428572,1,4,11,6.557377000000002,18.0327868,80.58195448812987,0.318181818,0.3080579384428556,0.0,36.28318584070797,87.69230769230771,14.215685999999998,45.41062801932368,69.14893617021278,29.523809523809533,0.0,0.0,0.0,0.0,0.0,0.0,0.0,0.0,6.521739130434782,31.8181818,36.363636299999996,31.8181818,0.0,5.38563362103552,0.969681093469262,0.01589641136834856,20.044002728623916,2026,AA
Abrahan Gutierrez,NYY,670868.0,sa3004263,26.0,9490,61,59,0.305084745,0.327868852,0.372881355,0.06779661,0,2,10,3.2786885000000003,16.3934426,91.59031969837444,0.36734693799999996,0.31619732301743303,0.0,29.56521739130435,86.76470588235294,9.633028,47.247706422018354,66.01941747572816,22.549019607843142,0.0,0.0,0.0,0.0,0.0,0.0,0.0,0.0,16.3265306122449,39.5833333,31.25,29.166666600000006,0.0,1.70535714,-0.20173116028308868,-0.003307068201362109,8.276738579794882,2026,AA
Jake Snider,TEX,686744.0,sa3011559,28.0,10220,61,52,0.192307692,0.283333333,0.192307692,0.0,0,6,23,9.8360655,37.704918,32.757474725873315,0.333333333,0.24124106367429096,0.0,33.07692307692307,78.48101265822784,15.189873,47.15447154471545,68.10344827586206,34.54545454545455,0.0,0.0,0.0,0.0,0.0,0.0,0.0,0.0,2.9411764705882346,62.068965500000004,10.3448275,27.586206800000006,0.0,5.402340790426102,-0.056881451979279525,-0.0009324828193324512,1.7239001369100957,2026,AA
James Taussig,CHW,823173.0,sa3069162,23.0,8395,60,56,0.19642857100000002,0.25,0.33928571399999996,0.14285714300000002,2,3,21,5.0,35.0,55.933120401475975,0.27272727199999997,0.26376644770304364,0.0,40.952380952380956,73.97260273972603,21.287129,48.01980198019802,75.25773195876289,39.6551724137931,0.0,0.0,0.0,0.0,0.0,0.0,0.0,0.0,17.142857142857142,37.1428571,48.571428499999996,14.2857142,0.0,0.5595238025,-0.14075045380741358,-0.0023458408967902264,4.672185909839642,2026,AA
Marco Dinges,MIL,701392.0,sa3025495,22.0,8030,58,52,0.134615384,0.224137931,0.23076923,0.096153846,1,6,18,10.3448275,31.0344827,23.01702849204677,0.18181818100000002,0.21625991319787916,0.0,37.70491803278689,71.6417910447761,18.536585000000002,40.487804878048784,80.72289156626506,38.05309734513274,0.0,0.0,0.0,0.0,0.0,0.0,0.0,0.0,11.764705882352938,55.8823529,29.4117647,14.7058823,0.0,4.291566671498968,0.2720450479537249,0.004690431861271118,8.578105794561758,2026,AA
Diego Mosquera,NYM,699305.0,sa3016825,22.0,8030,58,48,0.166666666,0.28070175399999997,0.166666666,0.0,0,8,19,13.7931034,32.7586206,37.357750123248344,0.266666666,0.23063590233786066,0.0,34.328358208955216,86.8421052631579,10.460251,50.915750915750905,54.67625899280576,25.47169811320755,0.0,0.0,0.0,0.0,0.0,0.0,0.0,0.0,14.285714285714285,46.6666666,23.3333333,30.0,0.0,5.348760316348236,0.398268848657608,0.006866704287200138,16.461590339672686,2026,AA
David García,MIL,671272.0,sa3003197,26.0,9490,58,54,0.185185185,0.24137931,0.314814814,0.129629629,2,4,15,6.896551700000002,25.862068899999997,44.52104843036436,0.21621621600000002,0.25055208904989834,0.0,38.793103448275865,93.05555555555556,14.832536,44.497607655502385,77.4193548387097,28.2051282051282,0.0,0.0,0.0,0.0,0.0,0.0,0.0,0.0,5.128205128205128,48.7179487,33.3333333,17.9487179,0.0,4.902911381559258,0.05924954917281866,0.001021543951255494,5.426051624329637,2026,AA
Daniel Guilarte,MIL,694206.0,sa3018388,22.0,8030,57,49,0.18367346899999998,0.285714285,0.36734693799999996,0.18367346899999998,2,7,10,12.2807017,17.5438596,71.95319682776862,0.18918918899999998,0.29429777285882397,0.0,25.225225225225223,76.92307692307693,11.848341,47.39336492890995,65.0,28.26086956521739,0.0,0.0,0.0,0.0,0.0,0.0,0.0,0.0,7.5,56.4102564,30.769230699999998,12.820512800000001,0.0,6.104127192849796,0.0464540533721447,0.0008149833924937668,24.295744776857163,2026,AA
Samuel Escudero,PIT,699167.0,sa3015807,22.0,8030,57,51,0.11764705800000001,0.210526315,0.176470588,0.05882353,1,3,14,5.2631578,24.5614035,7.774145311487527,0.13888888800000002,0.1931444239198116,0.0,23.622047244094485,82.66666666666667,9.606987,47.52066115702479,65.21739130434783,24.24242424242424,0.0,0.0,0.0,0.0,0.0,0.0,0.0,0.0,26.315789473684212,51.35135130000001,32.4324324,16.216216199999998,0.0,1.08035714,-0.13869017269462347,-0.0024331609244670786,13.868426558133574,2026,AA
Kevin Bazzell,WSN,695494.0,sa3025511,23.0,8395,57,49,0.326530612,0.39285714200000005,0.551020408,0.22448979600000002,2,5,5,8.7719298,8.7719298,149.58566751339322,0.325581395,0.4087689518928528,0.0,29.411764705882355,92.0,8.374384,45.16129032258064,76.53061224489795,16.346153846153847,0.0,0.0,0.0,0.0,0.0,0.0,0.0,0.0,30.612244897959183,38.6363636,34.090909,27.2727272,0.0,5.106102546861877,-0.2593798814341426,-0.004550524235686712,29.890250662396213,2026,AA
Nelson Quiroz,LAD,685716.0,sa3009565,24.0,8760,57,52,0.288461538,0.333333333,0.44230769200000003,0.153846154,1,4,10,7.017543799999999,17.5438596,100.35222232496544,0.333333333,0.3433387614133065,0.0,35.810810810810814,83.33333333333334,13.425926,40.8,82.35294117647058,26.495726495726494,0.0,0.0,0.0,0.0,0.0,0.0,0.0,0.0,24.0,55.813953399999995,16.279069699999997,27.906976699999998,0.0,1.60119047125,-0.12742513604462147,-0.002235528702537218,15.258140107445678,2026,AA
Tyler Tolve,ATL,681172.0,sa3016960,25.0,9125,57,55,0.163636363,0.19298245600000002,0.29090909,0.127272727,1,2,21,3.5087718999999997,36.842105200000006,23.651456010260762,0.24242424199999998,0.21313380567651047,0.0,40.0,60.24096385542168,23.762376,46.280991735537185,74.10714285714286,46.49122807017544,0.0,0.0,0.0,0.0,0.0,0.0,0.0,0.0,7.894736842105262,51.5151515,36.363636299999996,12.1212121,0.0,0.76785714,-0.07677297480404377,-0.0013468942948077851,1.9215666150683215,2026,AA
Jamari Baylor,NYM,687072.0,sa3011446,25.0,9125,56,46,0.21739130399999998,0.33928571399999996,0.34782608600000003,0.130434782,1,7,15,12.5,26.7857142,92.9852214387329,0.29032258,0.3185750384415899,0.0,23.622047244094485,67.64705882352942,17.431193,44.29824561403509,67.32673267326733,44.56521739130434,0.0,0.0,0.0,0.0,0.0,0.0,0.0,0.0,8.823529411764708,34.375,34.375,31.25,0.0,9.142301273452096,0.398268848657608,0.0071119437260287145,12.096356968915241,2026,AA
Roynier Hernandez,COL,800281.0,sa3018495,21.0,7665,56,50,0.3,0.327272727,0.34,0.04,0,3,10,5.3571428,17.857142800000005,77.0810800211131,0.35714285700000004,0.3014526551420039,0.0,38.93129770992366,95.52238805970148,6.938776000000002,46.53061224489796,58.771929824561404,18.26086956521739,0.0,0.0,0.0,0.0,0.0,0.0,0.0,0.0,6.9767441860465125,47.6190476,26.1904761,26.1904761,0.0,0.9067460275,-0.20173116028308868,-0.0036023421479122976,19.338988132737786,2026,AA
Elijah Nunez,WSN,694399.0,sa3022674,24.0,8760,54,46,0.130434782,0.22641509399999998,0.17391304300000002,0.043478261,0,5,14,9.259259199999999,25.925925900000006,17.41825313726074,0.18181818100000002,0.19983103027883567,0.0,18.89763779527559,93.24324324324324,6.666667,48.79032258064516,61.15702479338842,19.27710843373494,0.0,0.0,0.0,0.0,0.0,0.0,0.0,0.0,5.405405405405406,54.545454500000005,27.2727272,18.1818181,0.0,1.7018398211309522,-0.5963388998061419,-0.011043312959372996,12.582509612047277,2026,AA
Ben Gobbel,LAA,806534.0,sa3019870,26.0,9490,54,47,0.255319148,0.351851851,0.46808510600000003,0.212765958,2,5,11,9.259259199999999,20.3703703,116.02664183231667,0.294117647,0.3565759208967101,0.0,40.18691588785047,78.57142857142857,13.966479999999999,40.22346368715085,77.7777777777778,29.896907216494853,0.0,0.0,0.0,0.0,0.0,0.0,0.0,0.0,8.333333333333332,51.428571399999996,31.4285714,17.142857100000004,0.0,4.5726492839909385,-0.6363647794350982,-0.011784532952501816,9.269000100704359,2026,AA
Rikuu Nishida,CHW,807747.0,sa3023234,25.0,9125,54,40,0.25,0.433962264,0.35,0.1,0,11,5,20.3703703,9.259259199999999,128.29827363726727,0.285714285,0.3791661993512567,0.0,18.644067796610173,93.58974358974359,2.44898,51.836734693877546,61.41732283464568,7.070707070707071,0.0,0.0,0.0,0.0,0.0,0.0,0.0,0.0,0.0,62.8571428,5.7142857000000005,31.4285714,0.0,6.97293520853552,0.9568855976685882,0.01772010366052941,22.222442267964386,2026,AA
Ryan Galanie,CHW,814436.0,sa3022759,26.0,9490,54,41,0.219512195,0.388888888,0.34146341399999997,0.121951219,1,11,12,20.3703703,22.222222199999997,108.65562311703195,0.275862068,0.3478423246630916,0.0,26.05042016806723,83.33333333333334,11.428571,43.33333333333334,59.34065934065934,30.588235294117645,0.0,0.0,0.0,0.0,0.0,0.0,0.0,0.0,26.66666666666667,40.0,40.0,20.0,0.0,1.820488715,-0.2303189244121313,-0.00426516526689132,10.565217426021182,2026,AA
Colin Tuft,BAL,702239.0,sa3025406,23.0,8395,53,44,0.18181818100000002,0.320754716,0.409090909,0.227272728,3,8,17,15.0943396,32.0754716,88.46766572614445,0.208333333,0.32911052681365105,0.0,28.33333333333333,75.43859649122807,14.07767,41.74757281553398,66.27906976744185,32.967032967032964,0.0,0.0,0.0,0.0,0.0,0.0,0.0,0.0,18.51851851851852,34.6153846,42.30769229999999,23.076923,0.0,3.2521468006385614,-0.2341634863987565,-0.004418178988655783,17.315261851792634,2026,AA
Justyn-Henry Malloy,TBR,669234.0,sa3017073,26.0,9490,53,40,0.25,0.433962264,0.6,0.35,4,11,11,20.7547169,20.7547169,169.5642776850319,0.24,0.4462245421589546,0.0,20.740740740740737,90.74074074074076,9.292035,40.26548672566372,59.34065934065934,27.500000000000004,0.0,0.0,0.0,0.0,0.0,0.0,0.0,0.0,17.857142857142858,32.1428571,53.5714285,14.2857142,0.0,3.1420493403278846,-0.7575700907036662,-0.014293775296295587,14.767186164123421,2026,AA
Nick Roselli,NYM,815874.0,sa3025417,23.0,8395,52,48,0.1875,0.25,0.208333333,0.020833333,0,4,15,7.6923076,28.846153800000003,31.187221995417513,0.27272727199999997,0.22088117324388945,0.0,32.631578947368425,81.42857142857143,16.042781,49.19786096256685,76.08695652173914,31.958762886597928,0.0,0.0,0.0,0.0,0.0,0.0,0.0,0.0,9.090909090909092,51.5151515,33.3333333,15.151515099999997,0.0,0.9601648275,-0.1512983702123165,-0.0029095840425445484,6.761756492632244,2026,AA
Jordyn Adams,MIL,677941.0,sa3008032,26.0,9490,51,42,0.19047619,0.333333333,0.428571428,0.23809523800000001,3,7,14,13.725490100000002,27.4509803,102.38669708048016,0.2,0.3428296727292678,0.0,33.04347826086956,81.13207547169812,13.131313,41.919191919191924,63.85542168674698,32.967032967032964,0.0,0.0,0.0,0.0,0.0,0.0,0.0,0.0,32.142857142857146,35.714285700000005,53.5714285,10.7142857,0.0,6.344284402395653,0.4336585635319352,0.008503109088861475,10.369738602534577,2026,AA
Edward Duran,TOR,698927.0,sa3016719,22.0,8030,51,44,0.22727272699999998,0.294117647,0.318181818,0.090909091,1,3,11,5.8823529,21.568627399999997,64.47745663254204,0.264705882,0.27939989753797945,0.0,34.78260869565217,84.0,12.804878,43.90243902439025,69.44444444444444,25.609756097560968,0.0,0.0,0.0,0.0,0.0,0.0,0.0,0.0,20.0,34.28571420000001,40.0,25.714285699999998,0.0,5.846922945731442,0.2360934382304549,0.004629283102557939,16.382928816222392,2026,AA
Hayden Gilliland,LAD,828600.0,sa3067285,24.0,8760,50,44,0.295454545,0.38,0.568181818,0.272727273,3,5,14,10.0,28.000000000000004,143.06953885629397,0.37037037,0.41224799275398255,0.0,26.168224299065407,86.56716417910447,11.981567,50.691244239631345,60.90909090909091,28.421052631578945,0.0,0.0,0.0,0.0,0.0,0.0,0.0,0.0,26.66666666666667,48.275862,20.6896551,31.0344827,0.0,1.1845238025,-0.12742513604462147,-0.002548502720892429,20.315805945126343,2026,AA
