Name,Org,MLBAMId,MinorMasterId,Age,AgeDays,PA,AB,BA,OBP,SLG,ISO,HR,BB,K,BB%,K%,wRC+,BABIP,wOBA,xwOBA,Chase%,ZContact%,SwStr%,Zone%,ZSwing%,Whiff%,MaxEV,EV90,AvgEV,HardHit%,Barrel%BBE,Barrel%PA,xBA,xSLG,PullAir%,GB%,FB%,LD%,LA,Spd,wBsR,wBsR/PA,PSScore,Season,Level
Rashawn Pinder,TEX,816344.0,sa3023729,17,6205,270,221,0.0,0.0,0.0,0.12217194599999999,3,0.0,58,13.333333300000001,21.4814814,117.17140880620406,0.34969325100000004,0.3982332444102348,0.0,0.0,0.0,0.0,0.0,0.0,0.0,0.0,0.0,0.0,0.0,0.0,0.0,0.0,0.0,23.655913978494624,39.0243902,42.073170700000006,18.902439,0.0,9.055703592020288,2.369471549987793,0.008775820555510344,30.552124476156894,2024,Rk
Paulino Santana,TEX,815889.0,sa3023718,17,6205,260,195,0.0,0.0,0.0,0.071794872,0,0.0,38,20.0,14.615384599999999,141.23219856531682,0.360759493,0.4418355707938855,0.0,0.0,0.0,0.0,0.0,0.0,0.0,0.0,0.0,0.0,0.0,0.0,0.0,0.0,0.0,15.909090909090908,43.5897435,35.256410200000005,21.153846100000006,0.0,8.10637380914913,0.8093405999243259,0.0031128484612474075,35.2420668308963,2024,Rk
Wilder Dalis,COL,815195.0,sa3022347,17,6205,256,202,0.0,0.0,0.0,0.123762376,3,0.0,34,16.40625,13.28125,147.56796863149611,0.370588235,0.4487989465082724,0.0,0.0,0.0,0.0,0.0,0.0,0.0,0.0,0.0,0.0,0.0,0.0,0.0,0.0,0.0,10.714285714285714,50.0,27.380952299999997,22.6190476,0.0,6.891642979237594,0.05542685091495514,0.0002165111363865435,35.09956858237811,2024,Rk
Curley Martha,TEX,815907.0,sa3023722,17,6205,248,206,0.0,0.0,0.0,0.145631068,5,0.0,55,11.2903225,22.1774193,125.0183465302033,0.358108108,0.4124532572684749,0.0,0.0,0.0,0.0,0.0,0.0,0.0,0.0,0.0,0.0,0.0,0.0,0.0,0.0,0.0,33.91812865497076,36.0,44.6666666,19.3333333,0.0,8.235413336912412,1.29522804915905,0.005222693746609073,30.26962794839274,2024,Rk
Kelvin Hidalgo,COL,800193.0,sa3018472,19,6935,247,222,0.0,0.0,0.0,0.076576576,1,0.0,58,7.6923076,23.4817813,85.86150300101849,0.38181818100000003,0.34350292018202483,0.0,0.0,0.0,0.0,0.0,0.0,0.0,101.0,97.5,77.7,22.2,0.0,0.0,0.0,0.0,8.13953488372093,56.44171770000001,25.7668711,17.791411,-13.0,8.200892202999928,1.051750186830759,0.0042580979223917365,12.601434108440426,2024,Rk
Daniel Flames,TEX,821599.0,sa3023951,17,6205,245,170,0.0,0.0,0.0,0.070588236,0,0.0,37,25.714285699999998,15.1020408,169.99893199184137,0.417910447,0.4936964370188166,0.0,0.0,0.0,0.0,0.0,0.0,0.0,0.0,0.0,0.0,0.0,0.0,0.0,0.0,0.0,9.459459459459461,48.091603000000006,25.9541984,25.9541984,0.0,6.611177631194751,-0.951731201261282,-0.003884617148005233,34.987903288217645,2024,Rk
Roynier Hernandez,COL,800281.0,sa3018495,19,6935,243,200,0.0,0.0,0.0,0.055,0,0.0,36,16.0493827,14.814814800000002,113.63998815187206,0.367469879,0.39213751638231203,0.0,0.0,0.0,0.0,0.0,0.0,0.0,97.6,97.5,91.8,37.5,0.0,0.0,0.0,0.0,5.172413793103448,59.6385542,16.867469800000002,23.4939759,-14.1,5.964314119466254,0.6717730364762247,0.002764498092494752,17.93945918799765,2024,Rk
Kyle Henley,CIN,806120.0,sa3023012,19,6935,241,207,0.0,0.0,0.0,0.125603865,2,0.0,79,9.128630699999999,32.780082900000004,95.45250248316323,0.440944881,0.3760922675851,0.0,0.0,0.0,0.0,0.0,0.0,0.0,0.0,0.0,0.0,0.0,0.0,0.0,0.0,0.0,4.615384615384616,63.2,15.2,21.6,0.0,9.935618900086565,5.005652029067279,0.02077034036957377,14.664087457530739,2024,Rk
Angel Cepeda,CHC,806980.0,sa3021080,18,6570,240,208,0.0,0.0,0.0,0.129807692,3,0.0,59,11.25,24.5833333,111.8435591807835,0.398648648,0.387944637487332,0.0,0.0,0.0,0.0,0.0,0.0,0.0,88.1,87.2,83.8,0.0,0.0,0.0,0.0,0.0,13.245033112582783,49.668874100000004,31.1258278,19.205298000000006,34.5,8.460798702212102,0.5254664625972509,0.002189443594155212,22.246844082695596,2024,Rk
Andry Batista,TEX,821614.0,sa3023956,17,6205,239,186,0.0,0.0,0.0,0.134408602,4,0.0,68,19.2468619,28.451882799999996,123.01646021983295,0.370689655,0.4083406419313255,0.0,0.0,0.0,0.0,0.0,0.0,0.0,0.0,0.0,0.0,0.0,0.0,0.0,0.0,0.0,9.923664122137405,46.0869565,32.173913,21.739130399999997,0.0,8.131300522653204,1.5034094713628292,0.006290416198170833,31.37128107436386,2024,Rk
Jose Marcano,TEX,821607.0,sa3023953,17,6205,239,199,0.0,0.0,0.0,0.09045226099999999,3,0.0,31,11.2970711,12.970711200000002,107.80921428494585,0.309523809,0.3806709717896025,0.0,0.0,0.0,0.0,0.0,0.0,0.0,0.0,0.0,0.0,0.0,0.0,0.0,0.0,0.0,18.5792349726776,46.341463399999995,37.804878,15.853658500000002,0.0,5.350758196727815,-0.4586031809449196,-0.0019188417612758144,25.939681168857213,2024,Rk
Yassel Soler,ARI,807957.0,sa3022281,18,6570,239,218,0.0,0.0,0.0,0.16972477100000002,6,0.0,41,6.694560600000001,17.1548117,107.66213092306694,0.344827586,0.3780021066425227,0.0,0.0,0.0,0.0,0.0,0.0,0.0,0.0,0.0,0.0,0.0,0.0,0.0,0.0,0.0,17.777777777777782,50.2824858,32.7683615,16.9491525,0.0,6.574516147321926,0.9227977674454452,0.003861078524876339,21.623139139461077,2024,Rk
Jorge Quintana,MIL,815894.0,sa3024107,17,6205,238,200,0.0,0.0,0.0,0.13,2,0.0,51,13.8655462,21.4285714,102.68249547016407,0.32214765100000003,0.3749452273384864,0.0,0.0,0.0,0.0,0.0,0.0,0.0,0.0,0.0,0.0,0.0,0.0,0.0,0.0,0.0,14.906832298136644,41.496598600000006,35.3741496,23.129251699999998,0.0,8.066556440994463,-1.6578274182975292,-0.00696566142141819,27.012167986652088,2024,Rk
Carlos Renzullo,COL,827281.0,sa3024879,17,6205,235,197,0.0,0.0,0.0,0.086294416,1,0.0,14,14.0425531,5.9574468000000005,150.5540390766765,0.382513661,0.4542102243365913,0.0,0.0,0.0,0.0,0.0,0.0,0.0,0.0,0.0,0.0,0.0,0.0,0.0,0.0,0.0,8.333333333333332,53.97727270000001,26.704545399999997,19.3181818,0.0,7.9093501801475075,-0.010635215789079666,-4.5256237400339006e-05,34.47957620286031,2024,Rk
Yeiker Reyes,COL,807975.0,sa3021126,18,6570,233,192,0.0,0.0,0.0,0.0625,0,0.0,57,15.4506437,24.4635193,100.32153175291256,0.37777777700000004,0.3688195512212556,0.0,0.0,0.0,0.0,0.0,0.0,0.0,91.5,89.8,65.8,0.0,0.0,0.0,0.0,0.0,12.23021582733813,49.2424242,37.87878780000001,12.878787800000001,-19.2,7.719328660428473,-1.3132408852688968,-0.0056362269754029895,19.831355201660212,2024,Rk
Eduardo Quintero,LAD,808234.0,sa3021208,18,6570,233,185,0.0,0.0,0.0,0.118918919,3,0.0,45,17.596566499999994,19.3133047,145.6696012100587,0.417266187,0.4434646631515077,0.0,0.0,0.0,0.0,0.0,0.0,0.0,0.0,0.0,0.0,0.0,0.0,0.0,0.0,0.0,21.27659574468085,37.2262773,36.496350299999996,26.277372200000002,0.0,9.014806064803178,3.7040111860260367,0.015897043716849944,29.40303764191252,2024,Rk
Rio Foster,LAA,815306.0,sa3022491,21,7665,232,189,0.0,0.0,0.0,0.17989418,4,0.0,64,13.7931034,27.586206800000006,117.82012062805984,0.382113821,0.4039464359139574,0.0,0.0,0.0,0.0,0.0,0.0,0.0,0.0,0.0,0.0,0.0,0.0,0.0,0.0,0.0,21.09375,33.884297499999995,44.62809910000001,21.4876033,0.0,7.568274052164093,0.060990246944129474,0.0002628889954488339,9.025389117240593,2024,Rk
Abel Lorenzo,LAD,806867.0,sa3021831,18,6570,231,177,0.0,0.0,0.0,0.084745763,2,0.0,48,16.8831168,20.7792207,93.62850105144312,0.25190839600000003,0.35377674598198433,0.0,0.0,0.0,0.0,0.0,0.0,0.0,0.0,0.0,0.0,0.0,0.0,0.0,0.0,0.0,20.94594594594595,33.846153799999996,47.6923076,18.4615384,0.0,8.07515464866167,0.5286469608545303,0.002288514982054244,21.848821849184095,2024,Rk
Anyelo Marquez,LAA,808113.0,sa3021178,18,6570,229,177,0.0,0.0,0.0,0.101694915,2,0.0,31,17.030567599999998,13.5371179,128.59777982387018,0.335570469,0.4158531571073191,0.0,0.0,0.0,0.0,0.0,0.0,0.0,0.0,0.0,0.0,0.0,0.0,0.0,0.0,0.0,11.904761904761903,43.44827580000001,34.482758600000004,22.0689655,0.0,7.024593422731416,-2.144655715674162,-0.009365308802070576,26.60115260635138,2024,Rk
Ashly Andujar,COL,815903.0,sa3023890,16,5840,229,199,0.0,0.0,0.0,0.060301507000000004,0,0.0,31,9.6069868,13.5371179,102.69930852316163,0.34117647,0.37437341515153777,0.0,0.0,0.0,0.0,0.0,0.0,0.0,0.0,0.0,0.0,0.0,0.0,0.0,0.0,0.0,11.049723756906078,57.575757499999995,20.606060600000003,21.8181818,0.0,7.100461147145411,-1.1536954343318941,-0.005037971328960235,26.584011060332152,2024,Rk
Gregori Arias,MIA,820954.0,sa3023734,17,6205,229,172,0.0,0.0,0.0,0.116279069,2,0.0,69,20.5240174,30.131004300000004,117.43408053009951,0.36633663299999997,0.4032990339043907,0.0,0.0,0.0,0.0,0.0,0.0,0.0,0.0,0.0,0.0,0.0,0.0,0.0,0.0,0.0,12.5,48.0,34.0,18.0,0.0,8.612576607817207,0.5368283800780773,0.002344228733965403,30.372960011645713,2024,Rk
Manni Ramirez,TEX,821642.0,sa3023959,17,6205,229,201,0.0,0.0,0.0,0.124378109,5,0.0,65,9.170305599999999,28.3842794,81.20131672372187,0.303030303,0.3324937213931167,0.0,0.0,0.0,0.0,0.0,0.0,0.0,0.0,0.0,0.0,0.0,0.0,0.0,0.0,0.0,27.27272727272727,50.4,38.4,11.2,0.0,3.244052512769307,-2.3745295703411102,-0.010369124761314892,15.489809610855751,2024,Rk
Luis Cova,MIA,815909.0,sa3023723,17,6205,229,184,0.0,0.0,0.0,0.10869565199999999,3,0.0,23,15.2838427,10.0436681,102.79917818780821,0.254658385,0.3756534923112028,0.0,0.0,0.0,0.0,0.0,0.0,0.0,0.0,0.0,0.0,0.0,0.0,0.0,0.0,0.0,3.910614525139665,48.1012658,36.7088607,15.189873400000002,0.0,7.979395064998117,2.6625849269330497,0.011627008414554805,31.24294931838841,2024,Rk
Nomar Fana,DET,694049.0,sa3015691,21,7665,228,182,0.0,0.0,0.0,0.219780219,10,0.0,57,19.2982456,25.0,158.12017905105313,0.37391304299999994,0.4502921766121482,0.0,0.0,0.0,0.0,0.0,0.0,0.0,99.4,96.9,88.1,30.0,10.0,0.4,0.0,0.0,24.24242424242424,41.6666666,40.0,18.3333333,13.4,6.555962347658085,0.3765076156705618,0.0016513491915375518,10.672503016411303,2024,Rk
Jaron Elkins,LAD,814696.0,sa3023288,19,6935,228,186,0.0,0.0,0.0,0.17204301100000002,5,0.0,80,14.4736842,35.0877192,130.23952566975342,0.470588235,0.4164496733431231,0.0,0.0,0.0,0.0,0.0,0.0,0.0,0.0,0.0,0.0,0.0,0.0,0.0,0.0,0.0,19.81132075471698,37.623762299999996,38.613861299999996,23.7623762,0.0,8.638003282185608,-0.2238152944482863,-0.0009816460282819574,18.157748496645443,2024,Rk
Andres Valor,MIA,808516.0,sa3021278,18,6570,227,197,0.0,0.0,0.0,0.131979695,2,0.0,57,8.810572599999999,25.1101321,121.15598688986849,0.39285714200000005,0.3860837678027048,0.0,0.0,0.0,0.0,0.0,0.0,0.0,0.0,0.0,0.0,0.0,0.0,0.0,0.0,0.0,17.24137931034483,45.323741,41.0071942,13.6690647,0.0,9.838108767980843,4.4673234447836885,0.01967983896380479,22.64896963820205,2024,Rk
Edgar Montero,ATH,815911.0,sa3024109,17,6205,227,176,0.0,0.0,0.0,0.13636363699999998,3,0.0,50,21.145374399999998,22.0264317,123.3554341177614,0.312,0.3986424033620716,0.0,0.0,0.0,0.0,0.0,0.0,0.0,0.0,0.0,0.0,0.0,0.0,0.0,0.0,0.0,17.006802721088437,41.4634146,43.089430799999995,15.4471544,0.0,7.538164587707914,0.7576771415770054,0.0033377847646564114,32.519600293416985,2024,Rk
Eric Bitonti,MIL,800724.0,sa3022866,18,6570,226,181,0.0,0.0,0.0,0.259668509,8,0.0,61,19.0265486,26.9911504,156.91574014241198,0.442477876,0.4703702125698328,0.0,0.0,0.0,0.0,0.0,0.0,0.0,0.0,0.0,0.0,0.0,0.0,0.0,0.0,0.0,18.181818181818183,31.0344827,50.0,18.9655172,0.0,7.068442257343454,-0.1943480484187603,-0.0008599471168971696,27.819155351856473,2024,Rk
Jose Monzon,TBR,808267.0,sa3021222,18,6570,225,190,0.0,0.0,0.0,0.078947369,1,0.0,38,15.1111111,16.8888888,99.89141516336588,0.311258278,0.35615145868725245,0.0,0.0,0.0,0.0,0.0,0.0,0.0,99.4,96.3,72.9,25.0,0.0,0.0,0.0,0.0,14.201183431952662,37.6712328,44.5205479,17.808219100000002,-6.6,6.776053204602237,-0.8585180640220642,-0.003815635840098063,21.10612056809564,2024,Rk
Starlyn Caba,PHI,806965.0,sa3021070,18,6570,225,173,0.0,0.0,0.0,0.080924855,2,0.0,34,22.666666600000003,15.1111111,124.04074831290212,0.306569343,0.39670969910091824,0.0,0.0,0.0,0.0,0.0,0.0,0.0,89.6,86.2,72.6,0.0,0.0,0.0,0.0,0.0,11.920529801324506,48.5294117,33.823529400000005,17.647058800000003,-16.0,7.700205315666009,2.739189764484763,0.012174176731043393,27.734353363960558,2024,Rk
Anderson Fermin,BOS,821112.0,sa3023759,17,6205,224,181,0.0,0.0,0.0,0.044198895,0,0.0,22,15.625,9.8214285,115.6058569067478,0.325153374,0.3914410234032191,0.0,0.0,0.0,0.0,0.0,0.0,0.0,0.0,0.0,0.0,0.0,0.0,0.0,0.0,0.0,10.555555555555557,56.687898,29.9363057,13.3757961,0.0,5.584743783102653,-1.1617943197488785,-0.005186581784593207,27.99965584919051,2024,Rk
Eliesbert Alejos,ARI,808148.0,sa3021195,18,6570,224,194,0.0,0.0,0.0,0.077319588,1,0.0,20,7.1428571,8.928571400000003,102.55092499234944,0.33522727199999997,0.3856416241689162,0.0,0.0,0.0,0.0,0.0,0.0,0.0,0.0,0.0,0.0,0.0,0.0,0.0,0.0,0.0,16.666666666666664,43.4285714,34.28571420000001,22.2857142,0.0,5.208578554189827,-0.85593106970191,-0.003821120846883527,19.603620830939718,2024,Rk
Abdias De La Cruz,ARI,703192.0,sa3019401,19,6935,224,186,0.0,0.0,0.0,0.134408602,0,0.0,46,14.2857142,20.5357142,119.84574180384926,0.388888888,0.39933318327360623,0.0,0.0,0.0,0.0,0.0,0.0,0.0,0.0,0.0,0.0,0.0,0.0,0.0,0.0,0.0,19.44444444444445,35.0364963,43.7956204,21.1678832,0.0,7.913068220054674,0.2195120700635016,0.000979964598497775,18.957110527603874,2024,Rk
Jeremy Ciriaco,COL,807994.0,sa3021133,17,6205,224,189,0.0,0.0,0.0,0.074074074,1,0.0,29,11.607142800000002,12.9464285,132.75222273512398,0.39130434700000005,0.4219502439237621,0.0,0.0,0.0,0.0,0.0,0.0,0.0,0.0,0.0,0.0,0.0,0.0,0.0,0.0,0.0,15.846994535519125,45.91194960000001,33.3333333,20.7547169,0.0,7.3227070761422945,0.6544860117137432,0.0029218125522934963,30.944619651900016,2024,Rk
Enyervert Perez,ARI,808381.0,sa3022379,18,6570,223,188,0.0,0.0,0.0,0.19680851100000002,6,0.0,53,10.313901300000001,23.766816100000003,129.72943463250263,0.376923076,0.4348938000041808,0.0,0.0,0.0,0.0,0.0,0.0,0.0,0.0,0.0,0.0,0.0,0.0,0.0,0.0,0.0,19.148936170212764,43.5114503,39.6946564,16.793893100000002,0.0,4.407794647496778,-1.1057128347456455,-0.004958353519038769,21.971921509033013,2024,Rk
Roldy Brito,COL,821041.0,sa3023917,17,6205,222,185,0.0,0.0,0.0,0.059459459000000006,0,0.0,41,12.1621621,18.4684684,90.9795036706392,0.317567567,0.3531350949863056,0.0,0.0,0.0,0.0,0.0,0.0,0.0,0.0,0.0,0.0,0.0,0.0,0.0,0.0,0.0,14.012738853503187,47.8873239,35.211267600000006,16.901408399999998,0.0,7.218103798769633,2.8671533837914467,0.012915105332393905,24.165536308651067,2024,Rk
Luiyin Alastre,MIL,808236.0,sa3021210,18,6570,220,192,0.0,0.0,0.0,0.08333333400000001,2,0.0,26,10.4545454,11.818181800000001,79.98895972014567,0.287425149,0.3356867378408259,0.0,0.0,0.0,0.0,0.0,0.0,0.0,0.0,0.0,0.0,0.0,0.0,0.0,0.0,0.0,16.071428571428573,49.3902439,32.9268292,17.6829268,0.0,7.200756622015338,0.7918940116651356,0.003599518234841525,19.025736316648977,2024,Rk
Jhonny Severino,PIT,703177.0,sa3018415,19,6935,220,189,0.0,0.0,0.0,0.25396825300000003,10,0.0,35,11.818181800000001,15.9090909,143.60648807193502,0.30405405399999996,0.42231708819215946,0.0,0.0,0.0,0.0,0.0,0.0,0.0,104.2,98.2,88.8,20.0,0.0,0.0,0.0,0.0,31.05590062111801,30.9677419,52.903225799999994,16.129032199999997,48.4,7.7548595399825935,0.45095666684210295,0.0020498030311004683,20.780316502669198,2024,Rk
José Castro,MIA,821078.0,sa3023752,17,6205,219,169,0.0,0.0,0.0,0.106508875,5,0.0,73,20.0913242,33.3333333,73.65089021987241,0.215053763,0.3239562952355163,0.0,0.0,0.0,0.0,0.0,0.0,0.0,0.0,0.0,0.0,0.0,0.0,0.0,0.0,0.0,14.285714285714285,36.2637362,47.2527472,16.4835164,0.0,4.664900282916394,-1.858685735613108,-0.008487149477685424,18.70060347951441,2024,Rk
Wilian Trinidad,TBR,808011.0,sa3021139,18,6570,219,179,0.0,0.0,0.0,0.083798882,0,0.0,49,15.068493099999998,22.374429199999998,105.7099054892545,0.338345864,0.3674780611598164,0.0,0.0,0.0,0.0,0.0,0.0,0.0,0.0,0.0,0.0,0.0,0.0,0.0,0.0,0.0,2.7027027027027017,65.89147279999999,20.1550387,13.9534883,0.0,7.863990568066139,-1.8741077259182932,-0.008557569524741064,20.95156210628533,2024,Rk
Eriel Dihigo,COL,821128.0,sa3023927,17,6205,219,180,0.0,0.0,0.0,0.088888889,1,0.0,33,12.785388099999999,15.068493099999998,123.7314120318252,0.36241610700000004,0.4105826198780042,0.0,0.0,0.0,0.0,0.0,0.0,0.0,0.0,0.0,0.0,0.0,0.0,0.0,0.0,0.0,21.51898734177216,44.137931,31.0344827,24.8275862,0.0,8.072208202251247,2.7468236349523067,0.01254257367558131,31.8729415749952,2024,Rk
Joswa Lugo,LAA,815915.0,sa3023894,17,6205,219,193,0.0,0.0,0.0,0.165803109,5,0.0,51,7.762557000000001,23.2876712,122.28617511687295,0.378571428,0.4044154341067743,0.0,0.0,0.0,0.0,0.0,0.0,0.0,0.0,0.0,0.0,0.0,0.0,0.0,0.0,0.0,20.129870129870127,35.714285700000005,38.5714285,25.714285699999998,0.0,7.971309276533822,0.6806790046393871,0.003108123308855649,27.844657754311065,2024,Rk
Michael Guzman,TEX,808890.0,sa3021306,18,6570,218,174,0.0,0.0,0.0,0.09770115,2,0.0,44,16.055045800000002,20.1834862,121.4993878054477,0.353846153,0.4060246971895069,0.0,0.0,0.0,0.0,0.0,0.0,0.0,0.0,0.0,0.0,0.0,0.0,0.0,0.0,0.0,23.33333333333333,46.5648854,38.1679389,15.2671755,0.0,6.786481106112943,1.8644812516868117,0.008552666292141338,25.335961657904196,2024,Rk
Jjam Alvarez,COL,807969.0,sa3021835,18,6570,218,186,0.0,0.0,0.0,0.069892473,1,0.0,33,10.0917431,15.137614600000001,111.11660802427393,0.35064935,0.3847329003943337,0.0,0.0,0.0,0.0,0.0,0.0,0.0,0.0,0.0,0.0,0.0,0.0,0.0,0.0,0.0,15.789473684210524,40.9395973,40.2684563,18.791946300000003,0.0,5.24406650263944,-0.031469333916902535,-0.00014435474273808506,20.496093364844352,2024,Rk
Yahil Melendez,CHC,806161.0,sa3022692,18,6570,218,179,0.0,0.0,0.0,0.156424581,3,0.0,62,13.761467799999998,28.4403669,115.64191379823923,0.39130434700000005,0.3945948000877134,0.0,0.0,0.0,0.0,0.0,0.0,0.0,83.5,83.5,83.5,0.0,0.0,0.0,0.0,0.0,23.728813559322035,36.5217391,34.7826086,28.695652100000004,31.0,8.010207211111451,-1.4283331921324134,-0.006551987119873456,22.252999065688034,2024,Rk
Hayden Alvarez,LAA,820986.0,sa3023906,17,6205,217,176,0.0,0.0,0.0,0.107954545,1,0.0,35,14.2857142,16.129032199999997,102.51163842273728,0.3006993,0.3685805420830565,0.0,0.0,0.0,0.0,0.0,0.0,0.0,0.0,0.0,0.0,0.0,0.0,0.0,0.0,0.0,7.975460122699388,48.2269503,36.8794326,14.893617,0.0,9.33137670156782,2.952167872339487,0.013604460241195793,30.067130437340566,2024,Rk
Jeremy Rodriguez,NYM,807007.0,sa3021101,17,6205,217,195,0.0,0.0,0.0,0.11794871800000001,3,0.0,37,9.6774193,17.050691200000006,108.48658488400169,0.33548387,0.3674132953041709,0.0,0.0,0.0,0.0,0.0,0.0,0.0,99.7,95.7,86.1,33.3,33.3,0.5,0.0,0.0,18.75,42.4836601,41.1764705,16.339869200000006,45.3,6.329334280356736,-1.054410818964243,-0.004859036032093285,24.81386167325434,2024,Rk
Adrian Gil,CHW,808691.0,sa3021856,18,6570,217,169,0.0,0.0,0.0,0.165680473,4,0.0,58,17.050691200000006,26.728110500000003,107.45674931771308,0.314814814,0.3864742775666549,0.0,0.0,0.0,0.0,0.0,0.0,0.0,0.0,0.0,0.0,0.0,0.0,0.0,0.0,0.0,24.324324324324326,34.9514563,52.4271844,12.621359199999999,0.0,8.092379017559043,-0.5343897244893014,-0.002462625458476044,23.409451981268678,2024,Rk
Joseph Tailor,MIA,808544.0,sa3021285,18,6570,217,175,0.0,0.0,0.0,0.251428571,7,0.0,52,8.7557603,23.963133600000003,153.21854102369682,0.362068965,0.4617085863368303,0.0,0.0,0.0,0.0,0.0,0.0,0.0,0.0,0.0,0.0,0.0,0.0,0.0,0.0,0.0,20.454545454545453,44.9152542,33.898305,21.1864406,0.0,8.591429310847344,-0.874966025352478,-0.004032101499320175,25.005644237309603,2024,Rk
B.Y. Choi,SDP,815325.0,sa3022898,22,8030,217,172,0.0,0.0,0.0,0.162790698,4,0.0,47,16.129032199999997,21.6589861,120.1495499746813,0.33606557299999995,0.4030926008557165,0.0,0.0,0.0,0.0,0.0,0.0,0.0,0.0,0.0,0.0,0.0,0.0,0.0,0.0,0.0,25.78125,37.3983739,40.6504065,21.9512195,0.0,7.496772049226997,0.9734138646163046,0.004485778177955321,7.145623326991299,2024,Rk
Jesús Made,MIL,815908.0,sa3024108,17,6205,216,175,0.0,0.0,0.0,0.222857143,6,0.0,28,18.0555555,12.9629629,171.80393304457462,0.368794326,0.4906288021140629,0.0,0.0,0.0,0.0,0.0,0.0,0.0,0.0,0.0,0.0,0.0,0.0,0.0,0.0,0.0,21.118012422360252,48.6111111,30.5555555,20.8333333,0.0,9.529499856639632,3.106081612408161,0.014380007464852598,39.977008632536204,2024,Rk
Edgleen Perez,NYY,814297.0,sa3021330,18,6570,216,166,0.0,0.0,0.0,0.09638554199999999,2,0.0,35,20.8333333,16.2037037,133.1429248943359,0.346153846,0.4197945785191324,0.0,0.0,0.0,0.0,0.0,0.0,0.0,98.9,98.7,91.5,66.7,0.0,0.0,0.0,0.0,9.58904109589041,49.6062992,30.7086614,19.6850393,-6.3,4.931654799024337,-0.3945757281035185,-0.0018267394819607337,26.299558439721537,2024,Rk
Yordany De Los Santos,PIT,703154.0,sa3018408,19,6935,216,192,0.0,0.0,0.0,0.161458333,5,0.0,39,7.870370299999999,18.0555555,149.90225010774097,0.40939597299999997,0.4332243861439072,0.0,0.0,0.0,0.0,0.0,0.0,0.0,96.7,96.5,66.0,40.0,0.0,0.0,0.0,0.0,10.493827160493826,45.2054794,30.1369863,24.6575342,26.4,8.622919567345331,1.26517641171813,0.005857298202398751,19.834396165195454,2024,Rk
Frederi Montero,MIL,821149.0,sa3024125,17,6205,216,184,0.0,0.0,0.0,0.059782609,0,0.0,32,11.574074000000001,14.814814800000002,88.91907630657732,0.296052631,0.350003523407159,0.0,0.0,0.0,0.0,0.0,0.0,0.0,0.0,0.0,0.0,0.0,0.0,0.0,0.0,0.0,7.5,55.7823129,29.931972700000003,14.2857142,0.0,6.29114452577072,1.0010912902653215,0.00463468189937649,23.46637823551204,2024,Rk
Franyerber Montilla,DET,800508.0,sa3018580,19,6935,216,172,0.0,0.0,0.0,0.174418605,6,0.0,40,17.592592500000006,18.5185185,138.7025210827371,0.3203125,0.4166514227556628,0.0,0.0,0.0,0.0,0.0,0.0,0.0,104.3,103.1,94.1,75.0,0.0,0.0,0.0,0.0,22.69503546099291,35.606060600000006,46.212121200000006,18.1818181,26.5,5.997905614485668,0.7723588906228542,0.003575735604735436,20.847919101801256,2024,Rk
Jose De Jesus,TEX,703183.0,sa3018420,19,6935,215,182,0.0,0.0,0.0,0.10989011,0,0.0,42,9.7674418,19.5348837,118.44067237833636,0.417808219,0.40538572011706986,0.0,0.0,0.0,0.0,0.0,0.0,0.0,0.0,0.0,0.0,0.0,0.0,0.0,0.0,0.0,14.285714285714285,46.8531468,33.566433499999995,19.5804195,0.0,8.852693636272102,-0.5638569705188274,-0.0026225905605526856,17.460048389572602,2024,Rk
Sheng-En Lin,CIN,806823.0,sa3022820,18,6570,215,172,0.0,0.0,0.0,0.11046511699999999,1,0.0,68,16.744186,31.627906900000006,112.32381332225687,0.481481481,0.40563057342045744,0.0,0.0,0.0,0.0,0.0,0.0,0.0,0.0,0.0,0.0,0.0,0.0,0.0,0.0,0.0,15.315315315315313,50.4672897,22.4299065,27.102803700000003,0.0,7.163747616783158,0.3779317354783416,0.0017578220254806586,22.676325118168467,2024,Rk
Yeycol Soriano,CIN,807649.0,sa3021109,18,6570,215,180,0.0,0.0,0.0,0.088888889,1,0.0,40,12.5581395,18.6046511,96.28496813285246,0.321678321,0.3630754763834945,0.0,0.0,0.0,0.0,0.0,0.0,0.0,0.0,0.0,0.0,0.0,0.0,0.0,0.0,0.0,18.072289156626507,45.1388888,34.0277777,20.8333333,0.0,7.146862202892822,0.2589719258248806,0.0012045205852320028,20.867444005388577,2024,Rk
Jhonny Level,SFG,815929.0,sa3023898,17,6205,215,178,0.0,0.0,0.0,0.241573034,10,0.0,36,13.9534883,16.744186,143.2193882165815,0.293233082,0.4379706070801922,0.0,0.0,0.0,0.0,0.0,0.0,0.0,0.0,0.0,0.0,0.0,0.0,0.0,0.0,0.0,20.0,45.45454539999999,36.363636299999996,18.1818181,0.0,7.144873676689082,-1.3953783139586449,-0.006490131692830906,33.4704219399624,2024,Rk
Darling Fernandez,ATH,807000.0,sa3022969,18,6570,214,174,0.0,0.0,0.0,0.120689655,2,0.0,24,15.4205607,11.2149532,118.58797909177244,0.289473684,0.3900029475443832,0.0,0.0,0.0,0.0,0.0,0.0,0.0,0.0,0.0,0.0,0.0,0.0,0.0,0.0,0.0,20.0,41.7218543,41.0596026,17.218543,0.0,6.4414576712798075,1.9296024702489376,0.009016833973125877,26.39530261960402,2024,Rk
Enmanuel Bonilla,TOR,806962.0,sa3020684,18,6570,214,194,0.0,0.0,0.0,0.113402062,4,0.0,76,6.0747663,35.5140186,55.90044149724413,0.27826086899999997,0.27348752695823386,0.0,0.0,0.0,0.0,0.0,0.0,0.0,109.1,104.5,94.6,50.0,0.0,0.0,0.0,0.0,21.25984251968504,46.8468468,38.738738700000006,14.4144144,7.0,6.457978598903023,-0.7406421322375536,-0.0034609445431661385,9.919097035825908,2024,Rk
Fabian Lopez,MIA,808500.0,sa3021276,18,6570,214,196,0.0,0.0,0.0,0.10204081599999999,2,0.0,56,7.4766354999999995,26.1682242,59.98610483352558,0.273381294,0.28010801372127,0.0,0.0,0.0,0.0,0.0,0.0,0.0,0.0,0.0,0.0,0.0,0.0,0.0,0.0,0.0,19.047619047619047,40.875912400000004,35.76642329999999,23.3576642,0.0,9.381912668686716,2.158284418284893,0.010085441206938751,14.213223503555565,2024,Rk
Belfi Rivera,ARI,815905.0,sa3023891,17,6205,213,179,0.0,0.0,0.0,0.06145251400000001,1,0.0,64,13.145539900000001,30.0469483,59.612555845936,0.273504273,0.29114405332871196,0.0,0.0,0.0,0.0,0.0,0.0,0.0,0.0,0.0,0.0,0.0,0.0,0.0,0.0,0.0,17.21311475409836,46.0869565,40.0,13.913043400000001,0.0,6.5244884239076875,0.0662124939262867,0.0003108567789966512,15.766472876984654,2024,Rk
Alberto Barriga,ARI,800569.0,sa3018595,19,6935,213,185,0.0,0.0,0.0,0.156756757,4,0.0,42,10.798122,19.7183098,105.04880061103505,0.333333333,0.37342668563689824,0.0,0.0,0.0,0.0,0.0,0.0,0.0,0.0,0.0,0.0,0.0,0.0,0.0,0.0,0.0,25.517241379310345,38.1294964,43.884892,17.985611499999997,0.0,7.588148367782892,-0.6328510600142181,-0.0029711317371559536,16.34950798245668,2024,Rk
Athanael Duarte,LAA,805744.0,sa3019630,19,6935,213,170,0.0,0.0,0.0,0.129411765,3,0.0,45,15.0234741,21.1267605,103.06480416962522,0.314516129,0.3781128148987608,0.0,0.0,0.0,0.0,0.0,0.0,0.0,0.0,0.0,0.0,0.0,0.0,0.0,0.0,0.0,13.178294573643413,46.8253968,40.4761904,12.6984126,0.0,6.6152131656007525,-1.3343897364102304,-0.006264740546526903,16.600308464732855,2024,Rk
Jakey Josepha,ARI,699228.0,sa3017481,20,7300,213,183,0.0,0.0,0.0,0.14754098400000001,4,0.0,70,9.3896713,32.8638497,93.3905738939456,0.38596491200000005,0.3530154520610593,0.0,0.0,0.0,0.0,0.0,0.0,0.0,0.0,0.0,0.0,0.0,0.0,0.0,0.0,0.0,17.647058823529417,43.220338899999994,33.898305,22.8813559,0.0,7.157072846051669,0.44271441828459496,0.0020784714473455167,9.222221943156676,2024,Rk
Alessander De La Cruz,COL,807987.0,sa3021132,18,6570,212,179,0.0,0.0,0.0,0.223463687,7,0.0,40,11.792452800000001,18.8679245,149.18870653860262,0.36764705799999997,0.4517360048474006,0.0,0.0,0.0,0.0,0.0,0.0,0.0,0.0,0.0,0.0,0.0,0.0,0.0,0.0,0.0,13.20754716981132,40.5797101,39.1304347,20.289855000000006,0.0,8.232495506919934,2.2635404095053677,0.010677077403327205,28.22606811635705,2024,Rk
Eduardo Tait,PHI,806953.0,sa3022162,17,6205,212,184,0.0,0.0,0.0,0.179347827,6,0.0,31,6.1320754,14.6226415,131.45912142034504,0.344155844,0.40956190116000624,0.0,0.0,0.0,0.0,0.0,0.0,0.0,110.4,110.4,92.7,45.5,18.2,0.9,0.0,0.0,22.15909090909091,39.6226415,40.2515723,20.125786100000006,16.4,5.7148989873821305,0.5046412721276283,0.002380383359092586,29.144641775880622,2024,Rk
Anderson Tovar,COL,821076.0,sa3023922,17,6205,212,197,0.0,0.0,0.0,0.050761422,0,0.0,34,3.3018867,16.0377358,68.253209644247,0.317365269,0.3119511064493431,0.0,0.0,0.0,0.0,0.0,0.0,0.0,0.0,0.0,0.0,0.0,0.0,0.0,0.0,0.0,16.201117318435752,44.7204968,31.0559006,24.223602399999997,0.0,4.753748391835753,-3.98727946728468,-0.018807922015493767,14.72648565972901,2024,Rk
Yerald Nin,ARI,800206.0,sa3018479,18,6570,211,175,0.0,0.0,0.0,0.057142857000000005,0,0.0,53,15.1658767,25.1184834,97.92612299262224,0.37903225799999996,0.3609562954066489,0.0,0.0,0.0,0.0,0.0,0.0,0.0,0.0,0.0,0.0,0.0,0.0,0.0,0.0,0.0,9.677419354838712,56.9105691,27.642276399999997,15.4471544,0.0,8.270575257136308,2.0471301642246544,0.009702038693007842,20.55490764677216,2024,Rk
John Gil,ATL,808535.0,sa3021284,18,6570,211,175,0.0,0.0,0.0,0.10285714300000001,3,0.0,34,13.2701421,16.113744,124.97082608753712,0.33812949600000003,0.3955585030017871,0.0,0.0,0.0,0.0,0.0,0.0,0.0,105.1,105.1,85.9,36.4,18.2,0.9,0.0,0.0,24.35897435897436,37.5,41.1764705,21.3235294,12.8,6.9121996762419675,1.6404084805399182,0.0077744477750707015,25.154731603126628,2024,Rk
Robert Calaz,COL,806978.0,sa3021078,18,6570,210,172,0.0,0.0,0.0,0.302325581,10,0.0,47,15.238095199999998,22.3809523,174.37178226432943,0.43103448200000005,0.49846679485585704,0.0,0.0,0.0,0.0,0.0,0.0,0.0,87.8,86.2,79.9,0.0,0.0,0.0,0.0,0.0,18.75,44.5378151,32.7731092,22.689075600000002,8.5,8.439394820873638,1.5273156561888754,0.007272931696137502,29.533660058752194,2024,Rk
Yeremy Cabrera,TEX,800393.0,sa3018549,18,6570,210,163,0.0,0.0,0.0,0.26993865100000003,9,0.0,42,19.047619,20.0,149.13499230713384,0.344827586,0.4591253624075935,0.0,0.0,0.0,0.0,0.0,0.0,0.0,0.0,0.0,0.0,0.0,0.0,0.0,0.0,0.0,22.4,36.290322499999995,45.16129030000001,18.548387,0.0,8.863171481982533,0.8656102963723242,0.004121953792249163,30.56359387948811,2024,Rk
Pablo Guerrero,TEX,808326.0,sa3021249,17,6205,210,186,0.0,0.0,0.0,0.220430108,7,0.0,63,8.5714285,30.0,117.38133326063496,0.411764705,0.40353102825936815,0.0,0.0,0.0,0.0,0.0,0.0,0.0,0.0,0.0,0.0,0.0,0.0,0.0,0.0,0.0,26.190476190476197,38.2113821,36.58536580000001,25.203252,0.0,5.411313213302568,-0.5987637764774263,-0.0028512560784639354,23.926372581605893,2024,Rk
Sam Shaw,TOR,802511.0,sa3022889,19,6935,209,168,0.0,0.0,0.0,0.083333333,2,0.0,21,16.7464114,10.0478468,96.28780933466706,0.23809523800000001,0.34345793752716136,0.0,0.0,0.0,0.0,0.0,0.0,0.0,98.7,96.4,85.0,21.1,0.0,0.0,0.0,0.0,17.901234567901234,36.0544217,51.70068020000001,12.2448979,19.7,4.771753647977366,-2.4874347560107712,-0.011901601703400818,15.31637513159883,2024,Rk
Abraham Nunez,CHW,808041.0,sa3021156,18,6570,207,178,0.0,0.0,0.0,0.078651685,0,0.0,44,10.1449275,21.256038600000004,98.63450009646776,0.382352941,0.3710282758814125,0.0,0.0,0.0,0.0,0.0,0.0,0.0,0.0,0.0,0.0,0.0,0.0,0.0,0.0,0.0,19.11764705882353,48.1203007,42.8571428,9.022556300000002,0.0,8.02427466724211,-1.3085186900570989,-0.006321346328778257,19.053091796615398,2024,Rk
Edwardo Espinal,LAA,808103.0,sa3022414,18,6570,206,157,0.0,0.0,0.0,0.089171975,1,0.0,58,20.873786399999997,28.1553398,93.29052442670864,0.33,0.3609999973399967,0.0,0.0,0.0,0.0,0.0,0.0,0.0,0.0,0.0,0.0,0.0,0.0,0.0,0.0,0.0,23.58490566037736,44.680851000000004,42.553191399999996,12.765957400000001,0.0,6.754695165522237,-0.17586789838969707,-0.0008537276620859081,20.326489389052515,2024,Rk
Franklin Arias,BOS,808265.0,sa3021845,18,6570,206,166,0.0,0.0,0.0,0.22891566300000002,6,0.0,36,16.504854299999998,17.475728099999998,174.41719650011103,0.42063492,0.4947288299648507,0.0,0.0,0.0,0.0,0.0,0.0,0.0,0.0,0.0,0.0,0.0,0.0,0.0,0.0,0.0,18.954248366013076,42.1875,43.75,14.0625,0.0,8.651340159490513,3.4260435346513987,0.01663127929442426,31.363741668506066,2024,Rk
Francisco Garcia,COL,693745.0,sa3015677,21,7665,206,173,0.0,0.0,0.0,0.132947977,3,0.0,50,9.2233009,24.2718446,96.25712081622068,0.344,0.3617035769834751,0.0,0.0,0.0,0.0,0.0,0.0,0.0,103.1,101.6,93.9,33.3,0.0,0.0,0.0,0.0,22.72727272727273,39.8373983,43.902439,16.260162599999997,5.8,3.594635720997437,-0.058722097426652915,-0.0002850587253721015,6.452460165185739,2024,Rk
Angel Brachi,TBR,821791.0,sa3023784,17,6205,206,174,0.0,0.0,0.0,0.028735632,0,0.0,31,5.8252427,15.048543599999999,88.19542242319973,0.29655172399999996,0.3328240058692218,0.0,0.0,0.0,0.0,0.0,0.0,0.0,0.0,0.0,0.0,0.0,0.0,0.0,0.0,0.0,9.146341463414632,53.19148930000001,31.9148936,14.893617,0.0,7.293140737607964,-0.8994277492165565,-0.004366154122410469,19.15143127161001,2024,Rk
Nicandro Aybar,TBR,800384.0,sa3018544,19,6935,205,177,0.0,0.0,0.0,0.079096045,0,0.0,28,11.707317,13.6585365,98.40237202805288,0.32214765100000003,0.3535717174188415,0.0,0.0,0.0,0.0,0.0,0.0,0.0,100.3,96.8,91.9,30.0,0.0,0.0,0.0,0.0,8.484848484848486,48.93617020000001,35.4609929,15.602836800000002,13.3,7.521317588122076,-0.3677022885531187,-0.0017936697002591156,15.719926524890955,2024,Rk
Kevin Robledo,MIA,821694.0,sa3024360,17,6205,205,145,0.0,0.0,0.0,0.220689655,7,0.0,48,23.4146341,23.4146341,134.5771249163588,0.260416666,0.4279271054501627,0.0,0.0,0.0,0.0,0.0,0.0,0.0,0.0,0.0,0.0,0.0,0.0,0.0,0.0,0.0,27.92792792792793,39.1752577,46.3917525,14.4329896,0.0,3.5711857510315843,-0.28125109896063805,-0.0013719565802957953,31.664610802307767,2024,Rk
Oliver Tejada,SFG,821762.0,sa3023972,17,6205,205,170,0.0,0.0,0.0,0.188235294,5,0.0,38,10.7317073,18.5365853,142.13306117658757,0.353846153,0.4360019939701731,0.0,0.0,0.0,0.0,0.0,0.0,0.0,0.0,0.0,0.0,0.0,0.0,0.0,0.0,0.0,30.069930069930066,37.3134328,44.029850700000004,18.6567164,0.0,7.878810344958918,-2.4062318652868266,-0.011737716416033302,31.036285191882488,2024,Rk
German Ortiz,ATH,699000.0,sa3018011,19,6935,205,168,0.0,0.0,0.0,0.107142857,2,0.0,37,15.609756,18.0487804,115.21677045085674,0.364341085,0.4040014369815004,0.0,0.0,0.0,0.0,0.0,0.0,0.0,0.0,0.0,0.0,0.0,0.0,0.0,0.0,0.0,15.267175572519085,44.8,38.4,16.8,0.0,5.9827621015323125,0.2673573084175587,0.001304181992280774,18.58607030794015,2024,Rk
Alfredo Alcantara,CIN,807643.0,sa3022184,18,6570,205,169,0.0,0.0,0.0,0.112426035,5,0.0,74,14.146341399999999,36.0975609,59.22594123590567,0.29347826,0.31266677233518336,0.0,0.0,0.0,0.0,0.0,0.0,0.0,0.0,0.0,0.0,0.0,0.0,0.0,0.0,0.0,23.711340206185564,42.553191399999996,41.4893617,15.9574468,0.0,3.814338527900045,-0.5665256716310978,-0.002763539861615111,12.402974616777348,2024,Rk
Jonathan Mejía,STL,703158.0,sa3018411,19,6935,205,174,0.0,0.0,0.0,0.126436782,3,0.0,52,12.1951219,25.3658536,122.82464505001785,0.40495867700000004,0.40010326635546795,0.0,0.0,0.0,0.0,0.0,0.0,0.0,0.0,0.0,0.0,0.0,0.0,0.0,0.0,0.0,24.21875,36.9747899,32.7731092,30.2521008,0.0,8.088088920995993,1.0755793731659649,0.005246728649590074,17.719621728224695,2024,Rk
Edwin Brito,BOS,821115.0,sa3023760,17,6205,205,171,0.0,0.0,0.0,0.19883040899999999,8,0.0,46,10.2439024,22.439024300000003,118.27820271544586,0.291666666,0.3962837777486661,0.0,0.0,0.0,0.0,0.0,0.0,0.0,0.0,0.0,0.0,0.0,0.0,0.0,0.0,0.0,24.82269503546099,36.8,46.40000000000001,16.8,0.0,5.193647879114397,-0.4324101880192757,-0.00210931799033793,25.951347692127708,2024,Rk
Ricardo Cova,SEA,699698.0,sa3016186,20,7300,204,174,0.0,0.0,0.0,0.18390804600000002,5,0.0,28,12.2549019,13.725490100000002,136.12671427522892,0.34965034899999997,0.4234688840076035,0.0,0.0,0.0,0.0,0.0,0.0,0.0,0.0,0.0,0.0,0.0,0.0,0.0,0.0,0.0,16.447368421052634,43.6619718,40.8450704,15.492957700000002,0.0,8.389162946327085,0.688710480928421,0.0033760317692569657,15.108191107594823,2024,Rk
Danny Cancro,COL,820943.0,sa3023903,17,6205,204,167,0.0,0.0,0.0,0.113772455,0,0.0,30,12.745098,14.7058823,99.40911786198349,0.285714285,0.3634033988017847,0.0,0.0,0.0,0.0,0.0,0.0,0.0,0.0,0.0,0.0,0.0,0.0,0.0,0.0,0.0,13.422818791946307,49.618320600000004,29.7709923,20.610687,0.0,9.451501508461213,1.9377013556659224,0.009498536057185892,29.337139409843804,2024,Rk
Cristian Perez,DET,807008.0,sa3022320,17,6205,204,165,0.0,0.0,0.0,0.096969697,3,0.0,52,15.6862745,25.490196,108.22812774693655,0.380530973,0.3998582591028774,0.0,0.0,0.0,0.0,0.0,0.0,0.0,0.0,0.0,0.0,0.0,0.0,0.0,0.0,0.0,5.64516129032258,53.9823008,24.778761,21.238938,0.0,6.204279211632621,0.4861883036792278,0.0023832759984275874,27.00966801737984,2024,Rk
Daiber De Los Santos,MIN,815893.0,sa3023885,17,6205,203,176,0.0,0.0,0.0,0.159090909,5,0.0,63,8.866995,31.0344827,126.95975558843536,0.436363636,0.4147173213254055,0.0,0.0,0.0,0.0,0.0,0.0,0.0,0.0,0.0,0.0,0.0,0.0,0.0,0.0,0.0,27.131782945736443,37.5,41.071428499999996,21.4285714,0.0,7.452284732982778,-0.5546362735331059,-0.0027321983917886986,25.778016489251765,2024,Rk
Emilio Sanchez,BAL,815916.0,sa3024110,17,6205,203,146,0.0,0.0,0.0,0.06849315,0,0.0,35,23.6453201,17.241379300000002,112.79544947582129,0.271929824,0.3864123549791846,0.0,0.0,0.0,0.0,0.0,0.0,0.0,0.0,0.0,0.0,0.0,0.0,0.0,0.0,0.0,13.533834586466165,60.176991099999995,30.973451300000004,8.849557500000003,0.0,9.627091098525142,4.341396890580653,0.021386191579215046,32.83042980626663,2024,Rk
Jose Robledo,HOU,697779.0,sa3019628,20,7300,203,178,0.0,0.0,0.0,0.09550561800000001,1,0.0,47,8.3743842,23.1527093,80.56818002070244,0.312977099,0.33133207980673113,0.0,0.0,0.0,0.0,0.0,0.0,0.0,0.0,0.0,0.0,0.0,0.0,0.0,0.0,0.0,21.951219512195124,43.8461538,42.30769229999999,13.8461538,0.0,7.0976314902041935,0.25803107768297195,0.0012710890526254775,8.546366921963612,2024,Rk
Ramon Ramirez,KCR,808675.0,sa3021637,19,6935,203,170,0.0,0.0,0.0,0.194117647,7,0.0,42,12.8078817,20.6896551,114.05645130192734,0.311475409,0.3954178323886665,0.0,0.0,0.0,0.0,0.0,0.0,0.0,0.0,0.0,0.0,0.0,0.0,0.0,0.0,0.0,18.181818181818183,44.8,37.6,17.599999999999994,0.0,4.157448204453823,-0.07258220994845033,-0.000357547832258376,16.92490415064174,2024,Rk
Kevin Dume,ATH,800134.0,sa3021054,19,6935,203,167,0.0,0.0,0.0,0.10179640699999999,4,0.0,56,16.2561576,27.586206800000006,123.79150030309413,0.388888888,0.3994326309617517,0.0,0.0,0.0,0.0,0.0,0.0,0.0,0.0,0.0,0.0,0.0,0.0,0.0,0.0,0.0,19.083969465648856,42.9906542,28.971962599999998,28.037383100000003,0.0,1.7017198809587226,-0.7083849459886551,-0.0034895810147224393,15.285412109095596,2024,Rk
Dario Reynoso,SFG,814294.0,sa3021329,19,6935,202,155,0.0,0.0,0.0,0.116129033,3,0.0,75,20.2970297,37.128712799999995,95.0629322336384,0.367088607,0.3615366680787341,0.0,0.0,0.0,0.0,0.0,0.0,0.0,0.0,0.0,0.0,0.0,0.0,0.0,0.0,0.0,17.073170731707318,46.835443,32.9113924,20.2531645,0.0,6.698603830994995,-0.3666278263553977,-0.0018149892393831567,14.86534710380175,2024,Rk
Diwarys Encarnacion,MIA,827285.0,sa3023793,18,6570,202,176,0.0,0.0,0.0,0.073863636,1,0.0,34,9.4059405,16.8316831,75.34695195800937,0.27272727199999997,0.3205917536622227,0.0,0.0,0.0,0.0,0.0,0.0,0.0,0.0,0.0,0.0,0.0,0.0,0.0,0.0,0.0,21.656050955414013,40.0,42.2222222,17.7777777,0.0,3.6231795849544217,-1.2405916191637516,-0.006141542669127482,13.918468206917325,2024,Rk
Simon Juan,NYM,703159.0,sa3018412,18,6570,202,183,0.0,0.0,0.0,0.18579235,7,0.0,48,8.415841499999999,23.7623762,112.9980917838538,0.333333333,0.3752294023438255,0.0,0.0,0.0,0.0,0.0,0.0,0.0,101.2,98.6,88.8,25.0,0.0,0.0,0.0,0.0,16.428571428571427,54.263565799999995,28.6821705,17.0542635,-12.2,5.328581705425336,-0.09736048243939877,-0.00048198258633365735,19.5831042209649,2024,Rk
Cristian Arguelles,COL,821692.0,sa3023968,17,6205,202,172,0.0,0.0,0.0,0.034883721,0,0.0,12,8.910891000000001,5.940594,86.34716223856111,0.282208588,0.3429154918421453,0.0,0.0,0.0,0.0,0.0,0.0,0.0,0.0,0.0,0.0,0.0,0.0,0.0,0.0,0.0,10.857142857142858,44.3037974,32.9113924,22.7848101,0.0,5.6329731831179535,0.29971395432949066,0.0014837324471756964,20.966408963262893,2024,Rk
Jhoan Peguero,BOS,821085.0,sa3023754,18,6570,201,167,0.0,0.0,0.0,0.09580838400000001,1,0.0,43,13.4328358,21.3930348,99.01306610060604,0.322834645,0.3613720070663376,0.0,0.0,0.0,0.0,0.0,0.0,0.0,0.0,0.0,0.0,0.0,0.0,0.0,0.0,0.0,21.014492753623188,34.677419300000004,41.129032200000005,24.1935483,0.0,8.754413119468364,2.1567363142967224,0.010730031414411556,22.126479970843317,2024,Rk
Guillermo Rosario,PHI,806518.0,sa3021586,19,6935,201,169,0.0,0.0,0.0,0.147928994,4,0.0,55,11.9402985,27.363184000000004,97.76320692529735,0.315789473,0.3511843168320347,0.0,0.0,0.0,0.0,0.0,0.0,0.0,100.7,98.9,84.3,40.0,0.0,0.0,0.0,0.0,21.70542635658915,40.8695652,40.0,19.1304347,16.2,5.673904401974225,-0.5303844045847654,-0.002638728381018733,13.417309751400593,2024,Rk
Angel Guzman,SFG,808401.0,sa3021268,18,6570,201,151,0.0,0.0,0.0,0.21854304600000002,7,0.0,39,22.3880597,19.402985,172.83700280482455,0.37142857100000004,0.4916428643465042,0.0,0.0,0.0,0.0,0.0,0.0,0.0,0.0,0.0,0.0,0.0,0.0,0.0,0.0,0.0,28.2051282051282,39.4495412,40.3669724,20.1834862,0.0,8.546701200401941,0.5006548054516315,0.0024908199276200576,31.41434930644395,2024,Rk
Juarlin Soto,TOR,821419.0,sa3023947,17,6205,201,152,0.0,0.0,0.0,0.065789473,0,0.0,43,21.890547199999997,21.3930348,125.7307715373183,0.345454545,0.4033526176243872,0.0,0.0,0.0,0.0,0.0,0.0,0.0,0.0,0.0,0.0,0.0,0.0,0.0,0.0,0.0,17.94871794871795,34.259259199999995,40.7407407,25.0,0.0,4.553602652582706,-1.4586031958460808,-0.007256732317642194,28.090488066082234,2024,Rk
Emil Morales,LAD,815896.0,sa3023887,17,6205,201,152,0.0,0.0,0.0,0.34868421,14,0.0,45,19.9004975,22.3880597,187.21181176985573,0.387755102,0.5359176658279267,0.0,0.0,0.0,0.0,0.0,0.0,0.0,0.0,0.0,0.0,0.0,0.0,0.0,0.0,0.0,31.25,27.5229357,45.871559600000005,26.6055045,0.0,5.710197656253389,0.9793842174112796,0.004872558295578506,35.734560777529396,2024,Rk
José Anderson,MIL,821262.0,sa3024133,17,6205,201,166,0.0,0.0,0.0,0.228915662,8,0.0,38,14.4278606,18.905472600000003,140.33275760836838,0.322314049,0.4429834594774009,0.0,0.0,0.0,0.0,0.0,0.0,0.0,0.0,0.0,0.0,0.0,0.0,0.0,0.0,0.0,23.40425531914893,31.1475409,46.7213114,22.1311475,0.0,7.9617686983015075,0.5983366332948208,0.0029767991706209987,34.609574605017265,2024,Rk
Naibel Mariano,CIN,807648.0,sa3023711,17,6205,201,165,0.0,0.0,0.0,0.054545455,1,0.0,54,13.4328358,26.8656716,72.16420765448288,0.27027027,0.3145265745286325,0.0,0.0,0.0,0.0,0.0,0.0,0.0,0.0,0.0,0.0,0.0,0.0,0.0,0.0,0.0,21.774193548387093,40.7407407,44.444444399999995,14.814814800000002,0.0,4.986355845349033,-2.313894271850586,-0.011511911800251672,15.602308228106965,2024,Rk
Gery Holguin,MIL,800368.0,sa3018534,18,6570,201,177,0.0,0.0,0.0,0.163841807,4,0.0,57,10.945273599999998,28.3582089,75.38166308195666,0.299145299,0.3276202788400413,0.0,0.0,0.0,0.0,0.0,0.0,0.0,0.0,0.0,0.0,0.0,0.0,0.0,0.0,0.0,25.6198347107438,34.7826086,37.391304299999994,27.826086900000004,0.0,6.593721465360131,-0.15256339544430375,-0.0007590218678821082,15.883959442505002,2024,Rk
Welbyn Francisca,CLE,806988.0,sa3021087,18,6570,201,174,0.0,0.0,0.0,0.19540229899999997,6,0.0,25,12.4378109,12.4378109,143.5471051757601,0.356643356,0.438690868776236,0.0,0.0,0.0,0.0,0.0,0.0,0.0,0.0,0.0,0.0,0.0,0.0,0.0,0.0,0.0,11.409395973154364,53.8461538,34.2657342,11.8881118,0.0,8.005603892188965,1.3504158407449722,0.006718486769875485,28.984498798426205,2024,Rk
Javier Herrera,LAD,808223.0,sa3021203,19,6935,200,146,0.0,0.0,0.0,0.19863013699999998,4,0.0,30,25.0,15.0,161.01494693428643,0.333333333,0.4758926796913147,0.0,0.0,0.0,0.0,0.0,0.0,0.0,0.0,0.0,0.0,0.0,0.0,0.0,0.0,0.0,29.32330827067669,42.6086956,40.8695652,16.521739099999998,0.0,8.497152272637607,1.5060815885663033,0.007530407942831515,24.614570789319444,2024,Rk
Spence Coffman,SDP,806310.0,sa3020285,20,7300,200,176,0.0,0.0,0.0,0.045454545,0,0.0,29,9.5,14.499999999999998,89.5993254390608,0.34899328799999996,0.34960524090612777,0.0,0.0,0.0,0.0,0.0,0.0,0.0,0.0,0.0,0.0,0.0,0.0,0.0,0.0,0.0,11.258278145695362,55.555555500000004,26.388888800000004,18.0555555,0.0,6.539580938253397,2.39651407301426,0.0119825703650713,9.999565531188304,2024,Rk
Dariel Garcia,COL,821761.0,sa3024480,17,6205,200,162,0.0,0.0,0.0,0.086419753,1,0.0,47,12.5,23.5,91.29015046704929,0.32478632399999996,0.3536980408888597,0.0,0.0,0.0,0.0,0.0,0.0,0.0,0.0,0.0,0.0,0.0,0.0,0.0,0.0,0.0,9.448818897637793,50.8771929,29.8245614,19.2982456,0.0,5.839686199821293,-1.7383559867739675,-0.008691779933869841,20.978075486533392,2024,Rk
Luis Merejo,CLE,808153.0,sa3021196,18,6570,200,152,0.0,0.0,0.0,0.171052631,4,0.0,48,17.5,24.0,127.46318948643926,0.333333333,0.4105311350606794,0.0,0.0,0.0,0.0,0.0,0.0,0.0,0.0,0.0,0.0,0.0,0.0,0.0,0.0,0.0,20.754716981132077,37.8640776,47.572815500000004,14.563106699999999,0.0,6.707866534967288,-0.3666278263553977,-0.0018331391317769887,25.40366647082109,2024,Rk
Hector Liriano,WSN,808324.0,sa3022405,18,6570,199,167,0.0,0.0,0.0,0.113772455,3,0.0,59,12.562814,29.6482412,93.80311690008249,0.351851851,0.35702457282748923,0.0,0.0,0.0,0.0,0.0,0.0,0.0,0.0,0.0,0.0,0.0,0.0,0.0,0.0,0.0,19.491525423728813,42.7272727,37.272727200000006,20.0,0.0,5.697203508881774,0.06078572571277618,0.00030545590810440287,17.577263652426744,2024,Rk
Carlos Concepcion,SFG,808393.0,sa3021266,18,6570,199,164,0.0,0.0,0.0,0.121951219,3,0.0,61,11.5577889,30.6532663,106.5273925870702,0.35922329999999997,0.3714783437287987,0.0,0.0,0.0,0.0,0.0,0.0,0.0,0.0,0.0,0.0,0.0,0.0,0.0,0.0,0.0,17.117117117117118,40.5940594,33.66336629999999,25.7425742,0.0,5.905065805276473,-0.990809854120016,-0.004978943990552845,18.01768687988619,2024,Rk
Brian Sanchez,NYY,809331.0,sa3021860,19,6935,198,173,0.0,0.0,0.0,0.20809248600000002,4,0.0,41,11.6161616,20.7070707,138.41182153244876,0.3828125,0.4289228500741901,0.0,0.0,0.0,0.0,0.0,0.0,0.0,105.0,102.8,95.8,66.7,0.0,0.0,0.0,0.0,13.698630136986301,50.3875968,31.0077519,18.6046511,13.6,9.145214667373386,1.2757246159017086,0.006443053615665196,20.430434348382672,2024,Rk
Jemone Nuel,BAL,821688.0,sa3024356,17,6205,198,154,0.0,0.0,0.0,0.14935065,3,0.0,60,19.191919100000003,30.303030300000003,107.49867417561455,0.311827956,0.3759127940018165,0.0,0.0,0.0,0.0,0.0,0.0,0.0,0.0,0.0,0.0,0.0,0.0,0.0,0.0,0.0,22.429906542056077,44.0860215,40.860215000000004,15.0537634,0.0,8.627399528714877,1.6091901846230032,0.008127223154661632,29.10630891370614,2024,Rk
Adriander Mejía,BAL,808337.0,sa3021253,17,6205,198,158,0.0,0.0,0.0,0.101265823,2,0.0,15,16.6666666,7.575757499999999,129.12220335283598,0.305555555,0.4159992662343112,0.0,0.0,0.0,0.0,0.0,0.0,0.0,0.0,0.0,0.0,0.0,0.0,0.0,0.0,0.0,15.853658536585364,45.0704225,28.873239399999996,26.056338,0.0,7.30601091723712,0.803845938295126,0.004059827971187505,34.3837440474241,2024,Rk
Javier Osorio,DET,703157.0,sa3018410,19,6935,198,161,0.0,0.0,0.0,0.19875776399999998,3,0.0,44,15.151515099999997,22.222222199999997,155.2556361665651,0.403508771,0.4577514066988108,0.0,0.0,0.0,0.0,0.0,0.0,0.0,0.0,0.0,0.0,0.0,0.0,0.0,0.0,0.0,29.36507936507937,36.2831858,39.8230088,23.8938053,0.0,9.025067914816745,0.3575946018099785,0.0018060333424746386,21.599288447879683,2024,Rk
Jesus Alexander,SFG,808377.0,sa3021628,18,6570,197,176,0.0,0.0,0.0,0.21590909100000003,5,0.0,28,9.64467,14.2131979,171.32600898892446,0.427586206,0.4915079423013677,0.0,0.0,0.0,0.0,0.0,0.0,0.0,0.0,0.0,0.0,0.0,0.0,0.0,0.0,0.0,18.471337579617835,38.6666666,35.3333333,26.0,0.0,4.71174043464268,-0.13103285804390907,-0.0006651414113904014,26.28451292574,2024,Rk
Alfredo Benzan,ARI,820968.0,sa3023904,17,6205,197,172,0.0,0.0,0.0,0.058139535,0,0.0,41,9.1370558,20.812182699999997,73.86865018022567,0.325925925,0.3256107250849406,0.0,0.0,0.0,0.0,0.0,0.0,0.0,0.0,0.0,0.0,0.0,0.0,0.0,0.0,0.0,12.080536912751679,46.9230769,32.3076923,20.7692307,0.0,6.176704200316802,-0.07590686157345773,-0.0003853140181393793,17.747281863696738,2024,Rk
Bernard Moon,CIN,807239.0,sa3022821,19,6935,197,161,0.0,0.0,0.0,0.105590062,2,0.0,50,9.1370558,25.380710600000004,116.16441119750374,0.427272727,0.4123546955536823,0.0,0.0,0.0,0.0,0.0,0.0,0.0,0.0,0.0,0.0,0.0,0.0,0.0,0.0,0.0,9.734513274336283,52.7777777,25.925925900000006,21.2962962,0.0,4.851189011790973,-2.451433394569904,-0.012443824337918291,14.26827681986442,2024,Rk
Angel Herrera,TEX,808679.0,sa3021292,18,6570,196,154,0.0,0.0,0.0,0.084415585,1,0.0,37,16.836734600000003,18.877551,101.62210673061874,0.294117647,0.36949973656581,0.0,0.0,0.0,0.0,0.0,0.0,0.0,0.0,0.0,0.0,0.0,0.0,0.0,0.0,0.0,7.751937984496124,57.391304299999994,27.826086900000004,14.782608600000001,0.0,8.988391556421341,2.4589719586074352,0.012545775299017526,24.16719877633866,2024,Rk
Leonardo Pineda,TBR,815904.0,sa3023721,17,6205,196,162,0.0,0.0,0.0,0.111111111,2,0.0,43,15.8163265,21.938775500000002,113.52611594668095,0.330508474,0.38164239087883306,0.0,0.0,0.0,0.0,0.0,0.0,0.0,0.0,0.0,0.0,0.0,0.0,0.0,0.0,0.0,22.388059701492534,38.0530973,46.90265479999999,15.044247699999998,0.0,6.17673262545853,-0.0016633756458759306,-8.486610438142502e-06,27.734659106332092,2024,Rk
Facundo Velásquez,STL,808278.0,sa3021227,18,6570,196,158,0.0,0.0,0.0,0.20886076,6,0.0,68,14.2857142,34.6938775,131.7808364184106,0.413793103,0.4234040038926261,0.0,0.0,0.0,0.0,0.0,0.0,0.0,0.0,0.0,0.0,0.0,0.0,0.0,0.0,0.0,32.03883495145632,32.9670329,42.8571428,24.1758241,0.0,7.098914039086669,-0.8785789906978607,-0.004482545870907453,23.289771756415558,2024,Rk
John Estevez,ATL,808553.0,sa3021287,18,6570,196,150,0.0,0.0,0.0,0.11333333300000001,1,0.0,49,19.3877551,25.0,99.28884536978,0.278846153,0.3510649192089937,0.0,0.0,0.0,0.0,0.0,0.0,0.0,97.0,94.4,88.5,33.3,0.0,0.0,0.0,0.0,14.678899082568808,40.3846153,41.346153799999996,18.2692307,1.7,6.777149092218098,-0.5738112851977348,-0.002927608597947627,20.891380050359203,2024,Rk
Juan Matheus,NYY,801276.0,sa3018611,20,7300,196,162,0.0,0.0,0.0,0.166666666,5,0.0,28,14.795918300000002,14.2857142,144.81412440846603,0.358778625,0.4400147281739177,0.0,0.0,0.0,0.0,0.0,0.0,0.0,105.2,102.1,88.3,20.0,0.0,0.0,0.0,0.0,18.181818181818183,43.5114503,41.221374,15.2671755,18.4,5.103905402755176,-2.011129193007946,-0.010260863229632378,14.249215411453918,2024,Rk
Kyle Sinzza,ARI,820989.0,sa3023908,17,6205,196,160,0.0,0.0,0.0,0.0625,2,0.0,28,14.2857142,14.2857142,110.93434646893739,0.325757575,0.3874368415665381,0.0,0.0,0.0,0.0,0.0,0.0,0.0,0.0,0.0,0.0,0.0,0.0,0.0,0.0,0.0,9.027777777777775,60.305343500000006,30.5343511,9.1603053,0.0,5.8624658009482005,1.8970418609678743,0.009678785004938135,28.549649089085325,2024,Rk
Jesus Pinto,DET,821765.0,sa3023973,17,6205,196,160,0.0,0.0,0.0,0.1625,4,0.0,41,15.306122400000001,20.9183673,134.87872817122698,0.344827586,0.4208249133460376,0.0,0.0,0.0,0.0,0.0,0.0,0.0,0.0,0.0,0.0,0.0,0.0,0.0,0.0,0.0,12.598425196850393,43.5897435,35.042735,21.367521300000003,0.0,7.226646075371432,-1.7953783199191091,-0.009160093468975049,31.486279660887327,2024,Rk
Yandel Ricardo,KCR,815902.0,sa3024305,17,6205,196,164,0.0,0.0,0.0,0.152439024,2,0.0,34,12.755102,17.3469387,87.1975075036952,0.255813953,0.3480810291408875,0.0,0.0,0.0,0.0,0.0,0.0,0.0,0.0,0.0,0.0,0.0,0.0,0.0,0.0,0.0,6.756756756756758,52.755905500000004,30.7086614,16.535432999999998,0.0,8.408265345380702,-0.04877302050590515,-0.00024884194135665894,26.38967563786206,2024,Rk
Edwin Amparo,BAL,800348.0,sa3018526,19,6935,195,151,0.0,0.0,0.0,0.139072848,4,0.0,37,20.0,18.9743589,120.90201399506336,0.292035398,0.38978776796576897,0.0,0.0,0.0,0.0,0.0,0.0,0.0,0.0,0.0,0.0,0.0,0.0,0.0,0.0,0.0,13.432835820895527,54.7826086,38.2608695,6.956521700000001,0.0,5.625428343047899,0.036259725689888,0.00018594731123019488,19.300800077389752,2024,Rk
Juan Martinez,MIL,821197.0,sa3024128,17,6205,195,168,0.0,0.0,0.0,0.095238096,0,0.0,23,10.2564102,11.7948717,97.8631807664292,0.292517006,0.3566353278282361,0.0,0.0,0.0,0.0,0.0,0.0,0.0,0.0,0.0,0.0,0.0,0.0,0.0,0.0,0.0,18.787878787878785,36.8055555,48.6111111,14.5833333,0.0,8.607749536346839,2.1730166189372544,0.011143674968908994,27.26216491387701,2024,Rk
Elis Cuevas,BAL,800433.0,sa3019509,19,6935,195,159,0.0,0.0,0.0,0.157232704,6,0.0,25,10.769230699999998,12.820512800000001,123.42791690486278,0.28461538399999997,0.3941638507143989,0.0,0.0,0.0,0.0,0.0,0.0,0.0,0.0,0.0,0.0,0.0,0.0,0.0,0.0,0.0,25.308641975308642,35.658914700000004,49.6124031,14.7286821,0.0,8.018332347723241,2.6466627288609743,0.013572629378774228,19.72602558643414,2024,Rk
Yimy Tovar,SDP,811602.0,sa3022486,18,6570,195,148,0.0,0.0,0.0,0.12837837900000001,1,0.0,28,18.4615384,14.358974300000002,114.00164881766231,0.27272727199999997,0.4003014106016893,0.0,0.0,0.0,0.0,0.0,0.0,0.0,0.0,0.0,0.0,0.0,0.0,0.0,0.0,0.0,25.547445255474447,40.517241299999995,41.37931029999999,18.1034482,0.0,8.373233859583927,-0.14102808013558388,-0.0007232209237722251,27.55791051817711,2024,Rk
Juan Sierra,HOU,808027.0,sa3021146,18,6570,195,163,0.0,0.0,0.0,0.226993865,9,0.0,40,11.282051199999998,20.5128205,128.2427061520108,0.299145299,0.416918100155506,0.0,0.0,0.0,0.0,0.0,0.0,0.0,0.0,0.0,0.0,0.0,0.0,0.0,0.0,0.0,23.448275862068964,43.902439,36.58536580000001,19.5121951,0.0,5.47734925036983,0.15940840169787407,0.0008174789830660209,24.19865757830005,2024,Rk
Jose Familia,PHI,815007.0,sa3023879,16,5840,195,155,0.0,0.0,0.0,0.083870967,2,0.0,62,18.4615384,31.7948717,87.1321159903512,0.29032258,0.3305085946604149,0.0,0.0,0.0,0.0,0.0,0.0,0.0,0.0,0.0,0.0,0.0,0.0,0.0,0.0,0.0,23.762376237623762,52.7472527,30.769230699999998,16.4835164,0.0,6.418170250695027,0.96758983284235,0.004961999142781282,23.476224993822907,2024,Rk
Yasser Mercedes,MIN,703160.0,sa3019557,19,6935,195,169,0.0,0.0,0.0,0.23668639100000002,6,0.0,39,12.3076923,20.0,167.8299143169261,0.403225806,0.4626106182734172,0.0,0.0,0.0,0.0,0.0,0.0,0.0,101.5,101.0,96.8,75.0,0.0,0.0,0.0,0.0,30.76923076923077,33.6,48.8,17.599999999999994,13.0,7.824395512047556,0.6735776215791702,0.003454244213226514,21.117813447954425,2024,Rk
Angel Feliz,WSN,815906.0,sa3023892,17,6205,194,171,0.0,0.0,0.0,0.15789473699999998,4,0.0,36,10.8247422,18.556701,125.16501439276064,0.368421052,0.4138577734072184,0.0,0.0,0.0,0.0,0.0,0.0,0.0,0.0,0.0,0.0,0.0,0.0,0.0,0.0,0.0,14.583333333333336,52.30769229999999,26.9230769,20.7692307,0.0,9.253019053683436,0.9439864233136176,0.004865909398523802,31.807109050825968,2024,Rk
Randy Soto,TOR,821079.0,sa3023923,17,6205,194,134,0.0,0.0,0.0,0.082089552,0,0.0,26,22.6804123,13.402061800000002,153.33923889602374,0.327272727,0.4533839514575054,0.0,0.0,0.0,0.0,0.0,0.0,0.0,0.0,0.0,0.0,0.0,0.0,0.0,0.0,0.0,19.13043478260869,40.0,37.272727200000006,22.727272699999997,0.0,1.9165693284711809,-1.2857370339334009,-0.006627510484192789,32.19793758038759,2024,Rk
Yordalin Peña,STL,800266.0,sa3018489,19,6935,194,165,0.0,0.0,0.0,0.115151515,2,0.0,42,13.402061800000002,21.6494845,97.52974480913237,0.314049586,0.35628029273957323,0.0,0.0,0.0,0.0,0.0,0.0,0.0,0.0,0.0,0.0,0.0,0.0,0.0,0.0,0.0,13.178294573643413,50.420168,35.29411760000001,14.2857142,0.0,6.762789126641967,-0.7264223992824554,-0.0037444453571260595,15.09756977257599,2024,Rk
Dexters Peralta,NYY,820996.0,sa3023745,16,5840,194,169,0.0,0.0,0.0,0.106508875,3,0.0,57,10.8247422,29.381443199999996,77.40887535615319,0.311926605,0.331487979471069,0.0,0.0,0.0,0.0,0.0,0.0,0.0,0.0,0.0,0.0,0.0,0.0,0.0,0.0,0.0,12.396694214876034,58.1818181,22.727272699999997,19.090909,0.0,8.429667321151541,2.8526043482124805,0.0147041461248066,22.24849116783949,2024,Rk
Kelvin Alcantara,SEA,808083.0,sa3021837,18,6570,194,164,0.0,0.0,0.0,0.146341464,4,0.0,45,12.8865979,23.195876199999997,115.42591313332632,0.36440677899999996,0.38722590318660144,0.0,0.0,0.0,0.0,0.0,0.0,0.0,0.0,0.0,0.0,0.0,0.0,0.0,0.0,0.0,21.538461538461537,47.5,30.0,22.5,0.0,6.3135374030918205,0.1181777180172503,0.0006091634949342799,22.483468984405174,2024,Rk
Jurdrick Profar,CHW,821673.0,sa3023962,17,6205,194,159,0.0,0.0,0.0,0.125786163,3,0.0,43,15.9793814,22.1649484,117.54222146487172,0.34513274299999996,0.4034019468985882,0.0,0.0,0.0,0.0,0.0,0.0,0.0,0.0,0.0,0.0,0.0,0.0,0.0,0.0,0.0,30.64516129032258,30.7017543,50.8771929,18.421052600000003,0.0,4.369153106713644,-2.8831474743783474,-0.014861584919476015,27.05133417191733,2024,Rk
Félix Amparo,BAL,808118.0,sa3021180,18,6570,194,163,0.0,0.0,0.0,0.190184049,6,0.0,16,6.701030900000001,8.2474226,133.4847144358575,0.30405405399999996,0.4231283294104541,0.0,0.0,0.0,0.0,0.0,0.0,0.0,0.0,0.0,0.0,0.0,0.0,0.0,0.0,0.0,22.72727272727273,38.2550335,46.30872479999999,15.436241599999999,0.0,8.944419857845062,2.4146169647574425,0.012446479199780631,27.265890769535517,2024,Rk
Dariel Ramon,TOR,814748.0,sa3022236,18,6570,193,146,0.0,0.0,0.0,0.047945205,0,0.0,27,17.616580300000006,13.989637299999998,109.0654076375047,0.278688524,0.3731520862479484,0.0,0.0,0.0,0.0,0.0,0.0,0.0,0.0,0.0,0.0,0.0,0.0,0.0,0.0,0.0,18.248175182481752,42.3728813,35.5932203,22.0338983,0.0,7.124075274817092,0.784810982644558,0.004066378148417399,24.072138483455333,2024,Rk
Geury Estevez,DET,682882.0,sa3008832,22,8030,193,153,0.0,0.0,0.0,0.130718954,3,0.0,27,12.4352331,13.989637299999998,145.07846478911168,0.34920634899999997,0.4393086060881615,0.0,0.0,0.0,0.0,0.0,0.0,0.0,0.0,0.0,0.0,0.0,0.0,0.0,0.0,0.0,9.352517985611511,46.40000000000001,32.0,21.6,0.0,6.197668587428063,-0.21518903225660324,-0.0011149690790497578,7.2886707793314995,2024,Rk
Arnaldo Lantigua,LAD,806984.0,sa3021084,18,6570,193,153,0.0,0.0,0.0,0.27450980399999997,11,0.0,34,17.0984455,17.616580300000006,154.2692642448059,0.315315315,0.4762200530946564,0.0,0.0,0.0,0.0,0.0,0.0,0.0,0.0,0.0,0.0,0.0,0.0,0.0,0.0,0.0,28.461538461538463,30.769230699999998,51.282051200000005,17.9487179,0.0,6.4583264215572225,0.3350292146205902,0.0017359026664279286,29.513827335776547,2024,Rk
Mario Baez,ATL,808545.0,sa3021286,17,6205,193,173,0.0,0.0,0.0,0.040462427999999995,0,0.0,36,7.7720207,18.6528497,48.70470026005319,0.253623188,0.2634287698106616,0.0,0.0,0.0,0.0,0.0,0.0,0.0,96.5,94.2,81.3,16.7,0.0,0.0,0.0,0.0,9.459459459459461,51.5873015,32.5396825,15.8730158,11.0,7.347837542486613,1.8345899693667889,0.00950564750967248,15.758139646077161,2024,Rk
Dervy Ventura,SEA,805319.0,sa3019218,20,7300,193,150,0.0,0.0,0.0,0.166666667,5,0.0,38,21.761657999999997,19.689119100000003,134.4130511413794,0.333333333,0.4204686010877292,0.0,0.0,0.0,0.0,0.0,0.0,0.0,0.0,0.0,0.0,0.0,0.0,0.0,0.0,0.0,19.491525423728813,52.25225220000001,31.5315315,16.216216199999998,0.0,6.883046060663216,0.7273156442679465,0.003768474840766562,15.316683924252315,2024,Rk
Yirer Garcia,TBR,808237.0,sa3021211,18,6570,192,155,0.0,0.0,0.0,0.064516129,1,0.0,25,14.0625,13.0208333,95.26888367787295,0.27480916,0.3481430034888418,0.0,0.0,0.0,0.0,0.0,0.0,0.0,99.4,98.1,87.7,40.0,0.0,0.0,0.0,0.0,12.162162162162163,52.8,28.000000000000004,19.2,15.6,4.678733149063259,-0.6975057311356068,-0.0036328423496646187,19.148835976497885,2024,Rk
Justin Gonzales,BOS,821100.0,sa3023757,17,6205,192,172,0.0,0.0,0.0,0.197674419,5,0.0,20,9.895833300000001,10.4166666,142.23089817161684,0.34013605399999997,0.4378592415402333,0.0,0.0,0.0,0.0,0.0,0.0,0.0,0.0,0.0,0.0,0.0,0.0,0.0,0.0,0.0,15.662650602409641,46.9387755,29.931972700000003,23.129251699999998,0.0,7.044511217192232,-0.25144514068961143,-0.0013096101077583928,32.72793106610441,2024,Rk
Dauri Fernandez,CLE,821171.0,sa3024327,17,6205,192,167,0.0,0.0,0.0,0.119760479,1,0.0,19,8.854166600000003,9.895833300000001,111.78601670240148,0.315436241,0.38794891349971294,0.0,0.0,0.0,0.0,0.0,0.0,0.0,0.0,0.0,0.0,0.0,0.0,0.0,0.0,0.0,22.360248447204967,41.496598600000006,38.7755102,19.7278911,0.0,8.789496489524646,1.2906742356717589,0.006722261644123743,29.90629908082587,2024,Rk
Juan Ortuno,MIL,821187.0,sa3024330,17,6205,192,154,0.0,0.0,0.0,0.13636363599999998,3,0.0,27,15.1041666,14.0625,161.15804607387457,0.396825396,0.4713366075108449,0.0,0.0,0.0,0.0,0.0,0.0,0.0,0.0,0.0,0.0,0.0,0.0,0.0,0.0,0.0,25.53191489361702,35.2,42.4,22.4,0.0,7.9054890394572,0.35853544995188713,0.0018673721351660788,36.17455536944525,2024,Rk
George Feliz,SEA,692031.0,sa3015596,21,7665,192,163,0.0,0.0,0.0,0.159509202,7,0.0,52,10.9375,27.0833333,88.224800757136,0.283018867,0.339602171747308,0.0,0.0,0.0,0.0,0.0,0.0,0.0,0.0,0.0,0.0,0.0,0.0,0.0,0.0,0.0,17.094017094017097,40.909090899999995,39.090909,20.0,0.0,5.759127815385868,0.8150963569059968,0.004245293525552067,6.564394866494894,2024,Rk
Yaikel Mijares,CLE,808119.0,sa3021181,18,6570,191,157,0.0,0.0,0.0,0.108280254,3,0.0,59,14.6596858,30.8900523,92.1327197164665,0.34375,0.3486745175562407,0.0,0.0,0.0,0.0,0.0,0.0,0.0,0.0,0.0,0.0,0.0,0.0,0.0,0.0,0.0,16.3265306122449,47.368421000000005,40.0,12.6315789,0.0,6.336458176714308,2.7366579067893326,0.014328051868006975,18.600358603171067,2024,Rk
Raynier Ramirez,LAD,812749.0,sa3021650,19,6935,191,150,0.0,0.0,0.0,0.193333333,7,0.0,54,17.277486899999996,28.272251300000004,103.9594706004484,0.255555555,0.38504997660352297,0.0,0.0,0.0,0.0,0.0,0.0,0.0,0.0,0.0,0.0,0.0,0.0,0.0,0.0,0.0,43.548387096774185,23.7113402,51.54639170000001,24.742268,0.0,7.886406180483855,0.9730166010558604,0.005094327754219165,17.92965423087162,2024,Rk
Christian Gonzalez,CHW,822619.0,sa3023982,17,6205,191,155,0.0,0.0,0.0,0.038709677000000005,0,0.0,17,16.230366399999998,8.9005235,101.77043855658138,0.294964028,0.3748207393445467,0.0,0.0,0.0,0.0,0.0,0.0,0.0,0.0,0.0,0.0,0.0,0.0,0.0,0.0,0.0,9.271523178807945,53.284671499999995,30.6569343,16.058394099999997,0.0,5.0588112641724985,-3.874107755720616,-0.020283286679165527,25.483020115126372,2024,Rk
Edward Florentino,PIT,821273.0,sa3023944,17,6205,190,146,0.0,0.0,0.0,0.19863013699999998,5,0.0,36,20.0,18.9473684,152.313303022363,0.314285714,0.4446848183081895,0.0,0.0,0.0,0.0,0.0,0.0,0.0,0.0,0.0,0.0,0.0,0.0,0.0,0.0,0.0,20.32520325203252,29.629629600000005,56.4814814,13.888888799999998,0.0,7.839348434901392,0.21737158298492432,0.0011440609630785491,36.513717867380365,2024,Rk
Merphy Hernandez,MIN,821075.0,sa3023921,17,6205,190,156,0.0,0.0,0.0,0.141025641,2,0.0,30,14.7368421,15.7894736,120.35482803352524,0.322834645,0.4027480464232595,0.0,0.0,0.0,0.0,0.0,0.0,0.0,0.0,0.0,0.0,0.0,0.0,0.0,0.0,0.0,20.54794520547945,42.8571428,37.815126,19.327731,0.0,10.0,5.828225202858447,0.030674869488728676,34.09791422729695,2024,Rk
Luis Almeyda,BAL,806981.0,sa3021081,18,6570,190,155,0.0,0.0,0.0,0.116129032,5,0.0,49,16.3157894,25.7894736,87.50964184655987,0.25242718399999997,0.33193606546050625,0.0,0.0,0.0,0.0,0.0,0.0,0.0,0.0,0.0,0.0,0.0,0.0,0.0,0.0,0.0,14.754098360655734,38.613861299999996,41.5841584,19.8019801,0.0,5.624777244089273,-0.5346783753484488,-0.002814096712360257,17.70173108627398,2024,Rk
Mairo Martinus,LAD,800302.0,sa3018505,19,6935,190,166,0.0,0.0,0.0,0.162650602,6,0.0,69,7.3684210000000006,36.3157894,62.17115361466285,0.295918367,0.2972755077638124,0.0,0.0,0.0,0.0,0.0,0.0,0.0,0.0,0.0,0.0,0.0,0.0,0.0,0.0,0.0,15.384615384615385,38.461538399999995,46.1538461,15.384615300000002,0.0,8.704613722605977,1.065916772466153,0.005610088276137647,10.432990432464068,2024,Rk
Williams Wong,TEX,806773.0,sa3021830,18,6570,190,147,0.0,0.0,0.0,0.081632653,1,0.0,27,18.421052600000003,14.2105263,87.174955296864,0.22950819600000003,0.3438744652778544,0.0,0.0,0.0,0.0,0.0,0.0,0.0,0.0,0.0,0.0,0.0,0.0,0.0,0.0,0.0,23.703703703703702,39.6694214,45.45454539999999,14.876032999999998,0.0,3.299038969382144,-0.9446410574018956,-0.004971795038957345,19.499670007067305,2024,Rk
Carlos Virahonda,ARI,808024.0,sa3021144,18,6570,190,160,0.0,0.0,0.0,0.075,1,0.0,30,7.8947368,15.7894736,43.08304895475932,0.183206106,0.2778755131520723,0.0,0.0,0.0,0.0,0.0,0.0,0.0,0.0,0.0,0.0,0.0,0.0,0.0,0.0,0.0,27.53623188405797,33.0708661,54.3307086,12.598425099999998,0.0,4.376732711332661,-0.351008664816618,-0.0018474140253506206,12.056243908202909,2024,Rk
Julio Henriquez,MIA,802082.0,sa3018622,19,6935,190,153,0.0,0.0,0.0,0.130718955,3,0.0,29,14.7368421,15.263157799999998,144.88773789687372,0.3553719,0.4271986126265627,0.0,0.0,0.0,0.0,0.0,0.0,0.0,0.0,0.0,0.0,0.0,0.0,0.0,0.0,0.0,16.535433070866144,55.8333333,27.500000000000004,16.6666666,0.0,7.553459547799513,1.0960533395409584,0.005768701787057676,21.363969476855114,2024,Rk
Yensi Reyes,COL,813976.0,sa3021319,20,7300,189,159,0.0,0.0,0.0,0.20754717,6,0.0,47,10.5820105,24.8677248,139.84918462822893,0.38532109999999997,0.4348111704308936,0.0,0.0,0.0,0.0,0.0,0.0,0.0,0.0,0.0,0.0,0.0,0.0,0.0,0.0,0.0,30.76923076923077,41.2280701,36.842105200000006,21.9298245,0.0,7.315131573064878,-0.7691027782857418,-0.004069326869236729,12.856689315013153,2024,Rk
Anthuan Valencia,CIN,703188.0,sa3018422,19,6935,189,165,0.0,0.0,0.0,0.12121212099999999,4,0.0,29,8.994708900000001,15.3439153,90.99643074365702,0.28148148100000003,0.3534917288987094,0.0,0.0,0.0,0.0,0.0,0.0,0.0,0.0,0.0,0.0,0.0,0.0,0.0,0.0,0.0,25.308641975308642,35.8208955,47.761194,16.4179104,0.0,7.040686454695827,0.4118622839450836,0.002179165523518961,15.208004552837515,2024,Rk
Edward Lantigua,NYM,815928.0,sa3024476,17,6205,189,152,0.0,0.0,0.0,0.131578948,1,0.0,37,11.111111099999999,19.5767195,123.11480905014429,0.33620689600000003,0.4044945687844009,0.0,0.0,0.0,0.0,0.0,0.0,0.0,0.0,0.0,0.0,0.0,0.0,0.0,0.0,0.0,26.44628099173553,38.3928571,42.8571428,18.75,0.0,7.836104768644823,-0.6016633845865726,-0.0031834041512517073,28.93797764937469,2024,Rk
Walker Martin,SFG,806152.0,sa3023545,20,7300,189,144,0.0,0.0,0.0,0.152777778,6,0.0,71,21.1640211,37.5661375,114.91185473043191,0.402985074,0.3962881790196642,0.0,0.0,0.0,0.0,0.0,0.0,0.0,106.0,104.0,90.6,42.9,28.6,1.1,0.0,0.0,6.849315068493151,52.112676,32.3943661,15.492957700000002,18.0,4.238153837656511,-0.06344429263845086,-0.0003356840880341315,11.649122454513694,2024,Rk
Michael Martinez,ATL,824765.0,sa3024654,17,6205,189,158,0.0,0.0,0.0,0.09493670900000001,1,0.0,52,6.878306800000002,27.513227500000003,97.75938026272857,0.323809523,0.3518455955717299,0.0,0.0,0.0,0.0,0.0,0.0,0.0,0.0,0.0,0.0,0.0,0.0,0.0,0.0,0.0,14.754098360655734,36.0,41.0,23.0,0.0,6.4437703094884125,-1.8867604248225691,-0.009982859390595605,18.403107136116766,2024,Rk
Abrahan Ramirez,NYY,800254.0,sa3018943,19,6935,189,158,0.0,0.0,0.0,0.164556962,2,0.0,30,15.3439153,15.8730158,155.78087364627405,0.417322834,0.4590144300080361,0.0,0.0,0.0,0.0,0.0,0.0,0.0,98.0,97.7,91.0,50.0,0.0,0.0,0.0,0.0,19.863013698630137,47.65625,29.6875,22.65625,9.2,7.106009737002449,0.17054385878145695,0.0009023484591611481,21.915627327787703,2024,Rk
Yendry Rojas,SDP,703180.0,sa3018418,19,6935,189,165,0.0,0.0,0.0,0.072727273,0,0.0,37,10.05291,19.5767195,63.704632338829384,0.292307692,0.3042687894826267,0.0,0.0,0.0,0.0,0.0,0.0,0.0,0.0,0.0,0.0,0.0,0.0,0.0,0.0,0.0,21.96969696969697,43.75,39.0625,17.1875,0.0,6.755812181834777,0.6704346463084221,0.0035472732608911217,11.354656402310278,2024,Rk
Rafael Flores,TOR,821012.0,sa3023915,17,6205,189,153,0.0,0.0,0.0,0.078431373,0,0.0,35,11.640211599999999,18.5185185,125.2499923929999,0.36440677899999996,0.4024813623838528,0.0,0.0,0.0,0.0,0.0,0.0,0.0,0.0,0.0,0.0,0.0,0.0,0.0,0.0,0.0,28.90625,37.1681415,35.39823000000001,27.4336283,0.0,8.766091205063939,1.3712028041481972,0.007255041291789403,29.842133202838138,2024,Rk
Jose Ramos,ATH,815927.0,sa3024111,17,6205,188,149,0.0,0.0,0.0,0.053691275,0,0.0,62,18.6170212,32.9787234,63.23145403538851,0.23863636300000002,0.2896873179604025,0.0,0.0,0.0,0.0,0.0,0.0,0.0,0.0,0.0,0.0,0.0,0.0,0.0,0.0,0.0,10.576923076923077,53.5714285,34.5238095,11.9047619,0.0,8.606548148175138,0.8417507819831371,0.004477397776506049,19.106431824709524,2024,Rk
Bohan Adderley,NYM,816339.0,sa3023728,17,6205,188,153,0.0,0.0,0.0,0.09150326800000001,1,0.0,49,14.893617,26.063829700000007,97.38456715467251,0.320754716,0.3537512960586142,0.0,0.0,0.0,0.0,0.0,0.0,0.0,0.0,0.0,0.0,0.0,0.0,0.0,0.0,0.0,16.379310344827587,54.80769229999999,27.8846153,17.3076923,0.0,9.54838709375,4.573016654700041,0.024324556673936387,26.010513631570934,2024,Rk
Leandro Morgado,HOU,823014.0,sa3024154,17,6205,188,170,0.0,0.0,0.0,0.10588235300000001,2,0.0,30,4.787234,15.9574468,60.478225797908756,0.24647887300000001,0.2949255964857467,0.0,0.0,0.0,0.0,0.0,0.0,0.0,0.0,0.0,0.0,0.0,0.0,0.0,0.0,0.0,19.87951807228916,45.522388,40.2985074,14.1791044,0.0,6.370962139781118,-0.389078576117754,-0.0020695668942433717,17.504784844288565,2024,Rk
Jose Pirela,CLE,808141.0,sa3021191,18,6570,188,161,0.0,0.0,0.0,0.19875776399999998,7,0.0,61,9.0425531,32.4468085,74.64014364144855,0.24210526300000001,0.3180485000001623,0.0,0.0,0.0,0.0,0.0,0.0,0.0,0.0,0.0,0.0,0.0,0.0,0.0,0.0,0.0,32.35294117647059,32.0,54.0,14.000000000000002,0.0,6.251787528120579,-2.349690411705524,-0.012498353253752786,13.41923069753006,2024,Rk
Raily Liriano,ARI,820995.0,sa3023911,17,6205,188,155,0.0,0.0,0.0,0.077419355,1,0.0,79,13.2978723,42.0212765,61.15730019776881,0.341772151,0.2997310408886443,0.0,0.0,0.0,0.0,0.0,0.0,0.0,0.0,0.0,0.0,0.0,0.0,0.0,0.0,0.0,38.55421686746988,30.379746800000003,48.1012658,21.518987300000003,0.0,5.555204244821511,-0.3256886266171932,-0.001732386311793581,14.291491006357658,2024,Rk
Aniel Mendoza,TEX,807831.0,sa3021590,19,6935,188,154,0.0,0.0,0.0,0.175324675,5,0.0,37,13.829787199999998,19.680851,120.62776250537723,0.313043478,0.4044967571044351,0.0,0.0,0.0,0.0,0.0,0.0,0.0,0.0,0.0,0.0,0.0,0.0,0.0,0.0,0.0,23.07692307692308,38.5964912,45.614035,15.7894736,0.0,7.528537211397952,-0.3446410484611988,-0.0018331970662829726,19.11502194237036,2024,Rk
Rainer Reyes,NYM,807384.0,sa3021832,21,7665,188,151,0.0,0.0,0.0,0.17218543,6,0.0,42,12.765957400000001,22.340425500000002,122.3878299204622,0.301886792,0.4030973061602167,0.0,0.0,0.0,0.0,0.0,0.0,0.0,0.0,0.0,0.0,0.0,0.0,0.0,0.0,0.0,22.807017543859647,42.0560747,41.1214953,16.8224299,0.0,4.692572485987418,-0.15006781369447708,-0.0007982330515663675,8.711030446741512,2024,Rk
Alfredo Guanchez,ARI,814376.0,sa3023873,18,6570,188,149,0.0,0.0,0.0,0.10067114099999999,2,0.0,37,18.0851063,19.680851,113.08088940440777,0.34513274299999996,0.4047237469794903,0.0,0.0,0.0,0.0,0.0,0.0,0.0,0.0,0.0,0.0,0.0,0.0,0.0,0.0,0.0,14.166666666666664,41.964285700000005,40.178571399999996,17.857142800000005,0.0,8.148538545478115,1.6426916420459747,0.008737721500244546,26.35905660864851,2024,Rk
Jose Contreras,TBR,800451.0,sa3018567,19,6935,187,160,0.0,0.0,0.0,0.1375,2,0.0,40,9.6256684,21.3903743,102.77588692354384,0.319327731,0.3611487557170212,0.0,0.0,0.0,0.0,0.0,0.0,0.0,98.0,98.0,85.2,33.3,0.0,0.0,0.0,0.0,19.44444444444445,39.6551724,42.24137929999999,18.1034482,36.3,7.457179275997557,-1.1840690188109877,-0.006331919886689773,14.863282902301533,2024,Rk
Diover De Aza,NYM,815022.0,sa3023715,16,5840,187,154,0.0,0.0,0.0,0.058441559000000004,1,0.0,65,13.3689839,34.75935820000001,79.09496895977121,0.354838709,0.32292585066933044,0.0,0.0,0.0,0.0,0.0,0.0,0.0,0.0,0.0,0.0,0.0,0.0,0.0,0.0,0.0,17.307692307692307,38.2022471,40.4494382,21.3483146,0.0,5.771849955302052,-1.8921871930360796,-0.01011864809110203,16.89694689319549,2024,Rk
Edwin Sanchez,LAD,703405.0,sa3018438,19,6935,187,133,0.0,0.0,0.0,0.18045112800000002,4,0.0,36,19.7860962,19.2513368,167.0826035545166,0.375,0.4868883264256034,0.0,0.0,0.0,0.0,0.0,0.0,0.0,0.0,0.0,0.0,0.0,0.0,0.0,0.0,0.0,16.379310344827587,41.2371134,40.2061855,18.556701,0.0,4.593170326193468,-0.6423228792846203,-0.003434881707404387,21.090978828451615,2024,Rk
Juan Villavicencio,PHI,800276.0,sa3018494,19,6935,187,159,0.0,0.0,0.0,0.10062893099999999,1,0.0,44,11.7647058,23.5294117,103.70615875642763,0.353448275,0.361480377255914,0.0,0.0,0.0,0.0,0.0,0.0,0.0,103.5,103.2,99.4,81.8,0.0,0.0,0.0,0.0,13.636363636363635,50.8771929,30.7017543,18.421052600000003,4.1,6.9548813061373975,-0.9490433540195228,-0.0050750981498370205,14.417931428630045,2024,Rk
Joan Delgado,CHC,805062.0,sa3019676,19,6935,187,160,0.0,0.0,0.0,0.25625,6,0.0,65,10.1604278,34.75935820000001,120.99730356104394,0.41935483799999995,0.40397102118813416,0.0,0.0,0.0,0.0,0.0,0.0,0.0,89.7,89.0,86.2,0.0,0.0,0.0,0.0,0.0,21.21212121212121,37.113402,40.2061855,22.6804123,48.5,9.506341889860149,1.875054701697081,0.010027030490358723,17.250531937300728,2024,Rk
Jhorvic Abreus,CLE,808094.0,sa3021838,18,6570,187,155,0.0,0.0,0.0,0.09677419300000001,1,0.0,32,13.3689839,17.112299399999998,97.23917904805651,0.30158730100000003,0.3615875193141999,0.0,0.0,0.0,0.0,0.0,0.0,0.0,0.0,0.0,0.0,0.0,0.0,0.0,0.0,0.0,26.42857142857143,38.7096774,40.3225806,20.9677419,0.0,6.351187568523155,-2.1275024563074107,-0.011377018482927331,20.305972779077692,2024,Rk
Keiver Garcia,NYM,808334.0,sa3021251,17,6205,187,155,0.0,0.0,0.0,0.04516129,0,0.0,41,14.973262000000002,21.925133600000002,102.74757369438663,0.34782608600000003,0.36439056766224415,0.0,0.0,0.0,0.0,0.0,0.0,0.0,0.0,0.0,0.0,0.0,0.0,0.0,0.0,0.0,21.1864406779661,44.9541284,28.4403669,26.6055045,0.0,7.133463395408303,0.6589719317853451,0.003523914073718423,25.02969235375852,2024,Rk
German Ramirez,HOU,806993.0,sa3021092,17,6205,187,164,0.0,0.0,0.0,0.054878048,1,0.0,53,10.1604278,28.342245899999998,74.3062808215063,0.321428571,0.3003452984406986,0.0,0.0,0.0,0.0,0.0,0.0,0.0,85.6,85.2,79.9,0.0,0.0,0.0,0.0,0.0,8.264462809917356,49.5495495,33.3333333,17.1171171,-11.3,5.621370420024823,-3.357486091554165,-0.01795447107782976,13.499000747054673,2024,Rk
Maikol Orozco,DET,807004.0,sa3021098,18,6570,187,146,0.0,0.0,0.0,0.109589041,2,0.0,32,16.577540099999997,17.112299399999998,130.64881332616415,0.371681415,0.4437919204885309,0.0,0.0,0.0,0.0,0.0,0.0,0.0,0.0,0.0,0.0,0.0,0.0,0.0,0.0,0.0,18.032786885245898,48.245614,37.7192982,14.035087700000002,0.0,6.073660869676173,-1.9374151416122916,-0.010360508778675354,25.982918759110163,2024,Rk
Albert Jimenez,SFG,821767.0,sa3023780,17,6205,186,163,0.0,0.0,0.0,0.141104295,3,0.0,41,9.6774193,22.0430107,101.8068146348056,0.327868852,0.3660132494024051,0.0,0.0,0.0,0.0,0.0,0.0,0.0,0.0,0.0,0.0,0.0,0.0,0.0,0.0,0.0,22.388059701492534,41.1764705,39.4957983,19.327731,0.0,3.2048109223379644,-0.7727157436311245,-0.004154385718446906,21.352237554280013,2024,Rk
Richard Matic,NYY,821043.0,sa3023749,16,5840,186,153,0.0,0.0,0.0,0.052287582,0,0.0,43,12.3655913,23.1182795,70.97551561136683,0.27027027,0.3198296152135377,0.0,0.0,0.0,0.0,0.0,0.0,0.0,0.0,0.0,0.0,0.0,0.0,0.0,0.0,0.0,15.966386554621847,50.4672897,34.5794392,14.953270999999999,0.0,4.882265766315745,-0.12836074084043506,-0.000690111509894812,18.489291428000804,2024,Rk
Juan Colorado,SFG,821610.0,sa3023954,17,6205,185,165,0.0,0.0,0.0,0.060606060999999996,1,0.0,66,9.729729699999998,35.6756756,84.16153362799967,0.408163265,0.3309475260811883,0.0,0.0,0.0,0.0,0.0,0.0,0.0,0.0,0.0,0.0,0.0,0.0,0.0,0.0,0.0,11.764705882352938,49.484536,30.927835,19.5876288,0.0,6.7208420307513475,0.1838701255619526,0.0009938925706051492,16.101468759466044,2024,Rk
Alexey Lumpuy,CHC,815121.0,sa3022296,20,7300,185,148,0.0,0.0,0.0,0.277027027,4,0.0,42,14.054054,22.7027027,144.4392521550439,0.330097087,0.4442803535772407,0.0,0.0,0.0,0.0,0.0,0.0,0.0,0.0,0.0,0.0,0.0,0.0,0.0,0.0,0.0,31.932773109243694,30.188679200000006,54.7169811,15.0943396,0.0,8.969190384186618,-0.4234529882669449,-0.0022889350717132154,14.721725586771154,2024,Rk
Samuel Estevez,PHI,821086.0,sa3023924,17,6205,185,152,0.0,0.0,0.0,0.032894737,0,0.0,65,13.513513499999998,35.1351351,87.24631491373415,0.370786516,0.324117221262144,0.0,0.0,0.0,0.0,0.0,0.0,0.0,0.0,0.0,0.0,0.0,0.0,0.0,0.0,0.0,22.330097087378643,45.7831325,32.530120399999994,21.6867469,0.0,6.197427442198127,0.1793016716837883,0.0009691982253177746,16.950624988940007,2024,Rk
Yensi Rivas,NYM,820979.0,sa3023905,17,6205,185,155,0.0,0.0,0.0,0.083870968,0,0.0,50,10.8108108,27.027027,92.90457934082546,0.351851851,0.35200860178148424,0.0,0.0,0.0,0.0,0.0,0.0,0.0,0.0,0.0,0.0,0.0,0.0,0.0,0.0,0.0,17.69911504424779,36.19047610000001,42.8571428,20.952380899999998,0.0,8.487273543638223,-0.7275024354457855,-0.003932445597004246,21.026408225796875,2024,Rk
Rainiel Rodriguez,STL,823787.0,sa3023987,17,6205,184,142,0.0,0.0,0.0,0.338028169,10,0.0,25,16.3043478,13.5869565,185.36233924909297,0.34513274299999996,0.5205029851787693,0.0,0.0,0.0,0.0,0.0,0.0,0.0,0.0,0.0,0.0,0.0,0.0,0.0,0.0,0.0,25.384615384615387,28.813559299999998,47.4576271,23.7288135,0.0,5.141927039078392,-0.6324101909995079,-0.003437011907606021,35.49789701975647,2024,Rk
Jaeden Calderon,PHI,808496.0,sa3021274,18,6570,184,142,0.0,0.0,0.0,0.16197183099999998,4,0.0,40,14.130434699999999,21.739130399999997,147.08700082788752,0.35643564299999997,0.4391572501348413,0.0,0.0,0.0,0.0,0.0,0.0,0.0,0.0,0.0,0.0,0.0,0.0,0.0,0.0,0.0,22.52252252252252,37.1428571,46.6666666,16.1904761,0.0,6.784379711486193,-1.0287972316145897,-0.005591289302253204,25.795533721340142,2024,Rk
Carlos Pacheco,ATH,800149.0,sa3018455,19,6935,184,144,0.0,0.0,0.0,0.145833333,3,0.0,45,11.9565217,24.4565217,109.09272529178749,0.346938775,0.3932794533381805,0.0,0.0,0.0,0.0,0.0,0.0,0.0,0.0,0.0,0.0,0.0,0.0,0.0,0.0,0.0,33.98058252427185,28.8659793,53.6082474,17.525773100000002,0.0,7.433212009318232,0.27033248264342546,0.001469198275236008,16.81704962225548,2024,Rk
Anderson Navas,PHI,815014.0,sa3023881,17,6205,184,166,0.0,0.0,0.0,0.114457831,3,0.0,65,5.434782599999999,35.3260869,52.34721274670522,0.27,0.26747231365560176,0.0,0.0,0.0,0.0,0.0,0.0,0.0,0.0,0.0,0.0,0.0,0.0,0.0,0.0,0.0,28.971962616822427,31.25,52.0833333,16.6666666,0.0,7.75886917474417,0.38560139760375023,0.002095659769585599,13.369835667988465,2024,Rk
Luis Peña,MIL,821270.0,sa3024134,17,6205,184,163,0.0,0.0,0.0,0.190184049,1,0.0,15,8.1521739,8.1521739,177.39005893763715,0.425675675,0.5007518316092698,0.0,0.0,0.0,0.0,0.0,0.0,0.0,0.0,0.0,0.0,0.0,0.0,0.0,0.0,0.0,16.666666666666664,41.2162162,41.2162162,17.5675675,0.0,9.921145895096693,5.3983367048203945,0.029338786439241274,36.122889337818755,2024,Rk
Fernando Peguero,BAL,800387.0,sa3018546,19,6935,184,159,0.0,0.0,0.0,0.050314465999999995,1,0.0,24,10.869565199999998,13.0434782,74.99958890327355,0.270072992,0.3102626168662733,0.0,0.0,0.0,0.0,0.0,0.0,0.0,0.0,0.0,0.0,0.0,0.0,0.0,0.0,0.0,10.828025477707007,48.1751824,37.2262773,14.598540099999997,0.0,6.726201231780659,2.5127105582505465,0.013656035642666013,13.02923986936008,2024,Rk
Moises Bolivar,LAD,821240.0,sa3023770,16,5840,183,156,0.0,0.0,0.0,0.134615385,3,0.0,31,12.568306000000002,16.9398907,101.9742296619499,0.29600000000000004,0.3688586533395319,0.0,0.0,0.0,0.0,0.0,0.0,0.0,0.0,0.0,0.0,0.0,0.0,0.0,0.0,0.0,18.97810218978102,43.548387,41.9354838,14.516129000000001,0.0,6.945666136550976,0.9232348389923573,0.005044999120176815,30.432780180253626,2024,Rk
Enrique Jimenez,DET,806992.0,sa3021091,18,6570,183,149,0.0,0.0,0.0,0.134228188,3,0.0,44,15.3005464,24.0437158,110.09882908244666,0.314285714,0.3670960251099425,0.0,0.0,0.0,0.0,0.0,0.0,0.0,88.9,88.6,85.1,0.0,0.0,0.0,0.0,0.0,13.084112149532707,52.4271844,31.067961100000005,16.504854299999998,5.2,5.2348685231517225,-0.4314578957855701,-0.0023576934195932795,20.751867102530433,2024,Rk
Jhonayker Ugarte,KCR,821716.0,sa3024361,17,6205,183,147,0.0,0.0,0.0,0.095238096,1,0.0,36,16.3934426,19.6721311,126.7069995770055,0.383928571,0.4196790849769508,0.0,0.0,0.0,0.0,0.0,0.0,0.0,0.0,0.0,0.0,0.0,0.0,0.0,0.0,0.0,16.129032258064516,43.119265999999996,33.0275229,23.853211,0.0,6.076504607788907,-1.2641124948859217,-0.006907718551289188,29.790467171211656,2024,Rk
Engel Paulino,MIL,821162.0,sa3024127,17,6205,183,154,0.0,0.0,0.0,0.149350649,1,0.0,43,12.568306000000002,23.4972677,105.06768624112408,0.321428571,0.369691141967565,0.0,0.0,0.0,0.0,0.0,0.0,0.0,0.0,0.0,0.0,0.0,0.0,0.0,0.0,0.0,26.4,39.2523364,41.1214953,19.6261682,0.0,7.641940002380378,0.7811154834926128,0.004268390620178212,26.91716915430663,2024,Rk
Kleyver Salazar,BOS,808307.0,sa3021241,18,6570,183,155,0.0,0.0,0.0,0.148387097,4,0.0,40,13.6612021,21.8579234,88.43569237265119,0.274336283,0.3457673732700244,0.0,0.0,0.0,0.0,0.0,0.0,0.0,0.0,0.0,0.0,0.0,0.0,0.0,0.0,0.0,31.538461538461537,29.5652173,55.652173899999994,14.782608600000001,0.0,5.124598364287992,-0.4891045093536377,-0.002672702236905124,18.64686291911398,2024,Rk
Angel Guzman,TOR,815917.0,sa3023895,17,6205,183,160,0.0,0.0,0.0,0.08125,0,0.0,30,12.0218579,16.3934426,98.95840652816015,0.320610687,0.3548364463399668,0.0,0.0,0.0,0.0,0.0,0.0,0.0,0.0,0.0,0.0,0.0,0.0,0.0,0.0,0.0,8.391608391608392,57.8125,26.5625,15.625,0.0,4.825610006046311,-0.9229339845478536,-0.005043355106818872,22.856385733083247,2024,Rk
Jancory De La Cruz,MIA,808519.0,sa3021280,18,6570,182,146,0.0,0.0,0.0,0.130136986,3,0.0,49,16.4835164,26.9230769,92.91553702946337,0.284210526,0.35886717830573656,0.0,0.0,0.0,0.0,0.0,0.0,0.0,0.0,0.0,0.0,0.0,0.0,0.0,0.0,0.0,34.615384615384606,43.75,39.5833333,16.6666666,0.0,7.381354209455321,-0.15824923291802406,-0.000869501279769363,20.723827735564846,2024,Rk
Braylin Morel,TEX,808281.0,sa3021229,18,6570,182,153,0.0,0.0,0.0,0.267973856,7,0.0,43,11.5384615,23.6263736,140.45496870086768,0.38095238,0.4439283694539751,0.0,0.0,0.0,0.0,0.0,0.0,0.0,0.0,0.0,0.0,0.0,0.0,0.0,0.0,0.0,16.071428571428573,40.3846153,42.30769229999999,17.3076923,0.0,8.71764304698544,1.0519545022398231,0.005779969792526502,26.651076357290105,2024,Rk
Raimundo De Los Santos,BOS,808220.0,sa3021202,19,6935,182,151,0.0,0.0,0.0,0.046357616,0,0.0,49,16.4835164,26.9230769,83.40800457091855,0.343137254,0.337056991818187,0.0,0.0,0.0,0.0,0.0,0.0,0.0,92.0,90.2,80.5,0.0,0.0,0.0,0.0,0.0,6.666666666666668,54.545454500000005,29.292929200000003,16.1616161,11.0,6.262795008491992,1.1703571509569883,0.006430533796466968,12.884229713969948,2024,Rk
Adrian Garcia,PHI,823785.0,sa3023986,17,6205,182,160,0.0,0.0,0.0,0.11875,2,0.0,23,8.7912087,12.6373626,97.61580766697749,0.264705882,0.3429085415798229,0.0,0.0,0.0,0.0,0.0,0.0,0.0,0.0,0.0,0.0,0.0,0.0,0.0,0.0,0.0,18.954248366013076,37.87878780000001,44.6969696,17.4242424,0.0,8.81547982149398,1.109626654535532,0.006096849750195231,26.18301151135613,2024,Rk
Asbel Gonzalez,KCR,808706.0,sa3021639,18,6570,182,151,0.0,0.0,0.0,0.099337749,0,0.0,37,10.9890109,20.3296703,109.6480339591623,0.37391304299999994,0.3876995714329883,0.0,0.0,0.0,0.0,0.0,0.0,0.0,0.0,0.0,0.0,0.0,0.0,0.0,0.0,0.0,16.666666666666664,50.8928571,33.0357142,16.0714285,0.0,9.073130259731087,1.9118106863461437,0.010504454320583206,23.181033723549017,2024,Rk
Yojackson Laya,LAD,821684.0,sa3024145,17,6205,181,134,0.0,0.0,0.0,0.059701492,0,0.0,30,19.8895027,16.5745856,126.70344922329878,0.32692307600000003,0.4137142916631432,0.0,0.0,0.0,0.0,0.0,0.0,0.0,0.0,0.0,0.0,0.0,0.0,0.0,0.0,0.0,15.447154471544714,49.5049504,28.7128712,21.7821782,0.0,6.639635282929682,-0.14370019733905792,-0.0007939237422047398,31.649610986674272,2024,Rk
Jorgelys Mota,WSN,800195.0,sa3019465,19,6935,181,162,0.0,0.0,0.0,0.074074074,3,0.0,60,7.1823204,33.1491712,52.332127599612654,0.28,0.27161121302546715,0.0,0.0,0.0,0.0,0.0,0.0,0.0,0.0,0.0,0.0,0.0,0.0,0.0,0.0,0.0,3.7383177570093453,59.59595949999999,27.2727272,13.1313131,0.0,5.274127953198807,-0.4190946687012911,-0.002315440158570669,6.581706483437044,2024,Rk
Darison Garcia,KCR,821691.0,sa3024359,17,6205,181,146,0.0,0.0,0.0,0.089041096,0,0.0,28,14.917127,15.469613199999998,90.69193978568345,0.278688524,0.3527116530471378,0.0,0.0,0.0,0.0,0.0,0.0,0.0,0.0,0.0,0.0,0.0,0.0,0.0,0.0,0.0,21.96969696969697,43.8016528,36.363636299999996,19.8347107,0.0,8.238423117447692,1.1594084165990353,0.006405571362425609,27.546328087822673,2024,Rk
Eduardo Beltre,MIN,815924.0,sa3024928,17,6205,181,144,0.0,0.0,0.0,0.291666667,11,0.0,43,15.469613199999998,23.756906,176.8245259154139,0.39130434700000005,0.5050809383392334,0.0,0.0,0.0,0.0,0.0,0.0,0.0,0.0,0.0,0.0,0.0,0.0,0.0,0.0,0.0,28.94736842105264,38.5416666,36.4583333,25.0,0.0,4.709506072314964,-0.4070901498198509,-0.0022491168498334304,32.08627228622713,2024,Rk
Yoiber Ocopio,SDP,808060.0,sa3021159,19,6935,181,134,0.0,0.0,0.0,0.119402985,0,0.0,35,18.232044100000003,19.3370165,131.09319776406272,0.34653465299999997,0.4312742632396972,0.0,0.0,0.0,0.0,0.0,0.0,0.0,0.0,0.0,0.0,0.0,0.0,0.0,0.0,0.0,28.070175438596486,32.2916666,41.6666666,26.041666600000006,0.0,8.524829666258174,2.0364065654575825,0.011250865002528079,21.63076752075797,2024,Rk
Antony Gomez,MIL,808315.0,sa3021242,18,6570,181,141,0.0,0.0,0.0,0.09219858199999999,2,0.0,50,19.8895027,27.6243093,83.08713513987944,0.277777777,0.34111102608685995,0.0,0.0,0.0,0.0,0.0,0.0,0.0,0.0,0.0,0.0,0.0,0.0,0.0,0.0,0.0,21.73913043478261,40.909090899999995,35.2272727,23.8636363,0.0,4.307563158206305,-2.3406546521000564,-0.01293179365801136,16.556904249679068,2024,Rk
Leandro Romero,SEA,815933.0,sa3023727,17,6205,181,148,0.0,0.0,0.0,0.081081082,0,0.0,46,16.5745856,25.414364600000003,94.36418119091336,0.32038834899999996,0.351965027619462,0.0,0.0,0.0,0.0,0.0,0.0,0.0,0.0,0.0,0.0,0.0,0.0,0.0,0.0,0.0,18.918918918918923,41.5841584,35.6435643,22.7722772,0.0,5.7197134482025405,-1.5691027902066708,-0.008669076188987131,22.05389559669128,2024,Rk
Stone Russell,KCR,806212.0,sa3022819,20,7300,181,154,0.0,0.0,0.0,0.097402598,2,0.0,34,11.6022099,18.7845303,86.78291733412217,0.31666666600000004,0.34766730516316496,0.0,0.0,0.0,0.0,0.0,0.0,0.0,0.0,0.0,0.0,0.0,0.0,0.0,0.0,0.0,11.450381679389313,43.9655172,39.6551724,16.3793103,0.0,6.491475819492508,0.4012362384237349,0.0022167747979211874,10.163197459605557,2024,Rk
Edgardo De Leon,CHC,821279.0,sa3024339,17,6205,181,141,0.0,0.0,0.0,0.156028369,5,0.0,44,17.679558,24.3093922,142.18980604239857,0.36559139700000004,0.4380883604123447,0.0,0.0,0.0,0.0,0.0,0.0,0.0,0.0,0.0,0.0,0.0,0.0,0.0,0.0,0.0,27.35849056603773,44.3298969,40.2061855,15.4639175,0.0,3.8891195356593697,-1.4287972375750542,-0.007893907389917427,29.639635691785955,2024,Rk
Yovanny Rodriguez,NYM,815898.0,sa3023720,17,6205,181,146,0.0,0.0,0.0,0.136986301,2,0.0,34,16.5745856,18.7845303,104.75731019116394,0.267857142,0.3671119858546811,0.0,0.0,0.0,0.0,0.0,0.0,0.0,0.0,0.0,0.0,0.0,0.0,0.0,0.0,0.0,18.852459016393446,39.4495412,46.7889908,13.761467799999998,0.0,6.856496046637218,-0.5175072103738785,-0.002859155858419218,28.302985454223407,2024,Rk
Yosneiker Rivas,SFG,808380.0,sa3021262,18,6570,181,139,0.0,0.0,0.0,0.100719425,1,0.0,42,19.8895027,23.2044198,119.33281038377987,0.340206185,0.39777339503751785,0.0,0.0,0.0,0.0,0.0,0.0,0.0,0.0,0.0,0.0,0.0,0.0,0.0,0.0,0.0,6.5420560747663545,54.1666666,29.166666600000006,16.6666666,0.0,4.534258598240095,-1.8070901706814768,-0.009983923594925285,22.454745730440422,2024,Rk
Robert Arias,CLE,815897.0,sa3024304,17,6205,180,150,0.0,0.0,0.0,0.1,0,0.0,15,13.888888799999998,8.3333333,96.25560416649999,0.272058823,0.36886052621735466,0.0,0.0,0.0,0.0,0.0,0.0,0.0,0.0,0.0,0.0,0.0,0.0,0.0,0.0,0.0,16.19718309859155,41.8604651,38.7596899,19.3798449,0.0,9.75925925925926,3.4308972842991348,0.01906054046832853,30.491291890532175,2024,Rk
Javier Mogollon,CHW,808684.0,sa3021855,18,6570,180,143,0.0,0.0,0.0,0.265734266,8,0.0,69,18.3333333,38.3333333,131.94798473725294,0.43283582,0.4293535540501277,0.0,0.0,0.0,0.0,0.0,0.0,0.0,0.0,0.0,0.0,0.0,0.0,0.0,0.0,0.0,32.0,28.000000000000004,66.6666666,5.3333333,0.0,6.255513627324825,2.96437813481316,0.016468767415628666,25.331174448910065,2024,Rk
Yeiferth Castillo,CLE,821151.0,sa3023931,17,6205,180,153,0.0,0.0,0.0,0.065359477,0,0.0,14,11.6666666,7.7777777000000015,111.07909477645175,0.323943661,0.3866678482956357,0.0,0.0,0.0,0.0,0.0,0.0,0.0,0.0,0.0,0.0,0.0,0.0,0.0,0.0,0.0,8.974358974358974,55.22388050000001,24.626865600000002,20.1492537,0.0,2.9894739292070165,-0.8486904986202717,-0.0047149472145570645,24.819694934889583,2024,Rk
Lisandro Bonifacio,MIA,800520.0,sa3018583,18,6570,180,156,0.0,0.0,0.0,0.07051282,0,0.0,36,12.2222222,20.0,86.18232903988955,0.325,0.34666543699509605,0.0,0.0,0.0,0.0,0.0,0.0,0.0,0.0,0.0,0.0,0.0,0.0,0.0,0.0,0.0,18.461538461538463,35.3448275,45.6896551,18.9655172,0.0,5.961042094760645,-1.7057953774929049,-0.009476640986071693,16.82430406635088,2024,Rk
Josueth Quinonez,PHI,815017.0,sa3023882,17,6205,179,148,0.0,0.0,0.0,0.074324325,0,0.0,15,8.938547400000003,8.3798882,123.54581211654836,0.33093525100000004,0.39649653101766574,0.0,0.0,0.0,0.0,0.0,0.0,0.0,0.0,0.0,0.0,0.0,0.0,0.0,0.0,0.0,16.783216783216783,41.0447761,41.79104470000001,17.164179100000002,0.0,5.435807025841461,-2.8722939379513264,-0.01604633484889009,25.79218298179451,2024,Rk
Evan Estevez,SFG,821620.0,sa3023957,16,5840,179,155,0.0,0.0,0.0,0.09677419400000001,2,0.0,55,10.614525099999998,30.726256899999996,110.881108691379,0.425742574,0.3793680328230618,0.0,0.0,0.0,0.0,0.0,0.0,0.0,0.0,0.0,0.0,0.0,0.0,0.0,0.0,0.0,10.909090909090908,50.0,32.6530612,17.3469387,0.0,6.295773173229192,-0.6622986830770969,-0.0036999926428888095,23.512414642341213,2024,Rk
Jose Cerice,KCR,822177.0,sa3024375,19,6935,179,159,0.0,0.0,0.0,0.106918239,1,0.0,20,5.5865921,11.1731843,115.2665166220964,0.35,0.3989469445617505,0.0,0.0,0.0,0.0,0.0,0.0,0.0,0.0,0.0,0.0,0.0,0.0,0.0,0.0,0.0,16.25,38.8059701,36.5671641,24.626865600000002,0.0,7.038654002601731,-0.5392142832279205,-0.003012370297362685,16.752543325373747,2024,Rk
Dawel Joseph,SEA,815892.0,sa3023719,17,6205,179,150,0.0,0.0,0.0,0.04,0,0.0,52,15.083798800000002,29.0502793,42.01827876467407,0.20408163199999999,0.2571051686835689,0.0,0.0,0.0,0.0,0.0,0.0,0.0,0.0,0.0,0.0,0.0,0.0,0.0,0.0,0.0,23.0,33.7078651,49.438202200000006,16.853932500000003,0.0,3.4973288955042845,-0.6686662994325161,-0.003735565918617408,11.926520074809954,2024,Rk
Franchely Silverio,HOU,821002.0,sa3023746,17,6205,179,161,0.0,0.0,0.0,0.074534161,1,0.0,37,8.3798882,20.670391,62.69941242192992,0.268292682,0.2981422779946354,0.0,0.0,0.0,0.0,0.0,0.0,0.0,0.0,0.0,0.0,0.0,0.0,0.0,0.0,0.0,18.493150684931507,40.163934399999995,40.9836065,18.852459,0.0,4.2023690929179915,-2.4216392152011395,-0.013528710699447706,14.076493648944227,2024,Rk
Raimel Medina,KCR,801736.0,sa3018617,19,6935,179,141,0.0,0.0,0.0,0.212765957,4,0.0,26,14.5251396,14.5251396,150.15308875395442,0.336283185,0.4603076115083159,0.0,0.0,0.0,0.0,0.0,0.0,0.0,0.0,0.0,0.0,0.0,0.0,0.0,0.0,0.0,26.923076923076927,35.9649122,46.491228,17.5438596,0.0,8.709921124172608,0.5214210301637651,0.002912966648959581,22.826972290132844,2024,Rk
Roosbert Tapia,TBR,800389.0,sa3018547,19,6935,179,157,0.0,0.0,0.0,0.082802548,2,0.0,20,8.938547400000003,11.1731843,96.8564278471179,0.284671532,0.348519250667295,0.0,0.0,0.0,0.0,0.0,0.0,0.0,0.0,0.0,0.0,0.0,0.0,0.0,0.0,0.0,16.560509554140125,43.7956204,36.496350299999996,19.7080291,0.0,6.190593821337937,-0.7636760100722313,-0.004266346424984533,14.100560447971914,2024,Rk
Eddy Marmolejos,WSN,821008.0,sa3023914,17,6205,179,155,0.0,0.0,0.0,0.077419355,1,0.0,47,11.7318435,26.2569832,91.9878253068313,0.355140186,0.3537349494475892,0.0,0.0,0.0,0.0,0.0,0.0,0.0,0.0,0.0,0.0,0.0,0.0,0.0,0.0,0.0,10.619469026548671,47.6190476,29.5238095,22.857142800000002,0.0,3.417031092559136,-1.0405916161835194,-0.005813360984265471,18.228109287059322,2024,Rk
Christofer Reyes,NYY,820991.0,sa3023909,16,5840,179,156,0.0,0.0,0.0,0.064102564,1,0.0,41,10.0558659,22.905027899999997,83.77931690808606,0.333333333,0.34516438492183577,0.0,0.0,0.0,0.0,0.0,0.0,0.0,0.0,0.0,0.0,0.0,0.0,0.0,0.0,0.0,15.32258064516129,50.4672897,34.5794392,14.953270999999999,0.0,7.661676102517859,-0.7573909275233746,-0.00423123423197416,21.239704715391806,2024,Rk
Pedro Blanco,ARI,821380.0,sa3023945,17,6205,179,157,0.0,0.0,0.0,0.191082802,7,0.0,46,10.0558659,25.698324,106.66625086420912,0.314285714,0.3800850115465314,0.0,0.0,0.0,0.0,0.0,0.0,0.0,0.0,0.0,0.0,0.0,0.0,0.0,0.0,0.0,22.033898305084747,41.4414414,44.1441441,14.4144144,0.0,5.787811417529007,0.6435645818710327,0.0035953328596147077,24.58636446947967,2024,Rk
Ilan Fernandez,BOS,821180.0,sa3023766,17,6205,179,147,0.0,0.0,0.0,0.088435374,1,0.0,23,10.0558659,12.849162,113.60772329102535,0.314960629,0.3858339140535067,0.0,0.0,0.0,0.0,0.0,0.0,0.0,0.0,0.0,0.0,0.0,0.0,0.0,0.0,0.0,13.98601398601399,41.8032786,45.9016393,12.2950819,0.0,8.281954703992696,1.1513095311820507,0.006431896822246094,28.952977465008193,2024,Rk
Deinys Gonzalez,TBR,821637.0,sa3023774,17,6205,178,143,0.0,0.0,0.0,0.11888111900000001,3,0.0,37,10.6741573,20.7865168,99.0490766790106,0.24761904699999998,0.35249271084753314,0.0,0.0,0.0,0.0,0.0,0.0,0.0,0.0,0.0,0.0,0.0,0.0,0.0,0.0,0.0,27.777777777777782,33.66336629999999,52.475247499999995,13.8613861,0.0,5.510025385413726,-0.11208043619990347,-0.0006296653719095703,22.804719701456772,2024,Rk
Elio Campos,ATL,699069.0,sa3016645,20,7300,178,154,0.0,0.0,0.0,0.038961038999999996,1,0.0,27,11.235955,15.1685393,85.72963884127847,0.291338582,0.33004561655938963,0.0,0.0,0.0,0.0,0.0,0.0,0.0,0.0,0.0,0.0,0.0,0.0,0.0,0.0,0.0,14.935064935064936,56.692913299999994,25.984251899999997,17.3228346,0.0,5.679256714471864,-1.12750244140625,-0.006334283378686798,8.636824122841466,2024,Rk
Gustavo Marquez,SDP,808009.0,sa3021138,19,6935,178,135,0.0,0.0,0.0,0.074074074,1,0.0,41,18.5393258,23.033707800000002,114.49903684665036,0.351063829,0.4012027640234339,0.0,0.0,0.0,0.0,0.0,0.0,0.0,0.0,0.0,0.0,0.0,0.0,0.0,0.0,0.0,11.711711711711711,51.61290320000001,31.1827956,17.204301,0.0,7.757750406737506,0.4426916241645813,0.002487031596430232,18.370361251167623,2024,Rk
Yorman Licourt,TOR,827326.0,sa3023990,20,7300,178,149,0.0,0.0,0.0,0.147651007,4,0.0,55,12.359550500000001,30.8988764,123.67356842086012,0.41304347799999996,0.3996246085848127,0.0,0.0,0.0,0.0,0.0,0.0,0.0,0.0,0.0,0.0,0.0,0.0,0.0,0.0,0.0,25.490196078431374,35.7894736,33.6842105,30.5263157,0.0,4.217439319748124,-0.08761871233582498,-0.0004922399569428369,10.872146578680761,2024,Rk
Victor Cardoza,PHI,808282.0,sa3021230,18,6570,178,162,0.0,0.0,0.0,0.22839506199999998,7,0.0,44,6.741572999999999,24.719101100000003,156.17119769004663,0.42342342299999997,0.4511028643358838,0.0,0.0,0.0,0.0,0.0,0.0,0.0,0.0,0.0,0.0,0.0,0.0,0.0,0.0,0.0,22.65625,37.7192982,41.2280701,21.0526315,0.0,8.441427620297603,0.8743113912642002,0.004911861748675282,25.07129738922903,2024,Rk
Claudiel Lantigua,TEX,821676.0,sa3024354,16,5840,178,152,0.0,0.0,0.0,0.046052632,0,0.0,38,12.359550500000001,21.3483146,98.58181950526672,0.365217391,0.3639902085234216,0.0,0.0,0.0,0.0,0.0,0.0,0.0,0.0,0.0,0.0,0.0,0.0,0.0,0.0,0.0,11.29032258064516,49.0566037,36.7924528,14.150943300000002,0.0,6.177005868980489,-1.513894259929657,-0.008505023932189083,23.580270233313023,2024,Rk
José Mejía,BAL,808090.0,sa3021169,18,6570,178,150,0.0,0.0,0.0,0.11333333300000001,2,0.0,16,13.483145999999998,8.988764,130.85889802848305,0.325757575,0.4182455733920751,0.0,0.0,0.0,0.0,0.0,0.0,0.0,0.0,0.0,0.0,0.0,0.0,0.0,0.0,0.0,16.447368421052634,47.2440944,27.5590551,25.1968503,0.0,8.003973020660219,2.163021396845579,0.012151805600256062,28.063303010556822,2024,Rk
Vladi Gomez,NYM,808082.0,sa3021165,18,6570,178,144,0.0,0.0,0.0,0.10416666699999999,1,0.0,32,16.2921348,17.977528,118.97951142192319,0.330357142,0.397040111965008,0.0,0.0,0.0,0.0,0.0,0.0,0.0,0.0,0.0,0.0,0.0,0.0,0.0,0.0,0.0,28.31858407079646,39.6226415,45.283018799999994,15.0943396,0.0,9.738970948149717,3.19833667203784,0.017968183550774383,26.97387102089393,2024,Rk
Reylin Perez,DET,800139.0,sa3019204,19,6935,178,148,0.0,0.0,0.0,0.114864865,3,0.0,54,14.044943799999999,30.3370786,87.81330892627449,0.308510638,0.3284867500181252,0.0,0.0,0.0,0.0,0.0,0.0,0.0,100.1,94.0,87.1,11.1,0.0,0.0,0.0,0.0,26.21359223300971,40.425531899999996,40.425531899999996,19.1489361,21.7,7.965468518704679,1.6180780082941055,0.009090325889292728,13.836342655944334,2024,Rk
Jose Escobar,CHC,803241.0,sa3018629,19,6935,178,142,0.0,0.0,0.0,0.16197183099999998,3,0.0,23,16.853932500000003,12.921348299999998,137.1396907310961,0.34188034100000003,0.4322331268235115,0.0,0.0,0.0,0.0,0.0,0.0,0.0,103.4,101.6,88.5,33.3,0.0,0.0,0.0,0.0,18.181818181818183,44.5378151,36.9747899,18.487394899999998,-3.3,7.573411523253214,-1.6237131576053798,-0.009121984031490898,21.520332740496446,2024,Rk
Newremberg Rondon,DET,692598.0,sa3015653,20,7300,177,163,0.0,0.0,0.0,0.11656441699999999,2,0.0,28,6.2146892000000005,15.819208999999999,114.8846353692393,0.365671641,0.3845921475546701,0.0,0.0,0.0,0.0,0.0,0.0,0.0,0.0,0.0,0.0,0.0,0.0,0.0,0.0,0.0,16.083916083916083,38.6363636,41.6666666,19.696969600000003,0.0,4.361365421936778,-0.0604848712682724,-0.00034172243654391184,10.84530358817635,2024,Rk
Adolfo Sanchez,CIN,807645.0,sa3023709,17,6205,177,139,0.0,0.0,0.0,0.129496403,2,0.0,60,16.9491525,33.898305,96.0915942812988,0.34146341399999997,0.3598277770866782,0.0,0.0,0.0,0.0,0.0,0.0,0.0,0.0,0.0,0.0,0.0,0.0,0.0,0.0,0.0,25.26315789473684,37.804878,45.121951200000005,17.073170700000002,0.0,7.922071521740321,0.8824928104877472,0.004985835087501397,25.248856326625692,2024,Rk
John Wimmer,LAA,814091.0,sa3022509,19,6935,177,142,0.0,0.0,0.0,0.08450704199999999,1,0.0,60,16.9491525,33.898305,76.6739950205494,0.333333333,0.33190776306119835,0.0,0.0,0.0,0.0,0.0,0.0,0.0,0.0,0.0,0.0,0.0,0.0,0.0,0.0,0.0,25.30120481927711,33.3333333,49.382715999999995,17.2839506,0.0,7.142966466339455,0.7505179895088077,0.004240214629993263,12.794436948710574,2024,Rk
Luis Marinez,ATH,692074.0,sa3016821,22,8030,177,139,0.0,0.0,0.0,0.115107913,3,0.0,58,16.9491525,32.7683615,71.60931342169829,0.275,0.3276534629139033,0.0,0.0,0.0,0.0,0.0,0.0,0.0,0.0,0.0,0.0,0.0,0.0,0.0,0.0,0.0,15.662650602409641,50.6172839,39.506172799999995,9.876543199999999,0.0,3.090727203138284,-0.5849036639556289,-0.003304540474325587,3.9794563871206736,2024,Rk
Rafhlmil Torres,CIN,807951.0,sa3021118,18,6570,177,147,0.0,0.0,0.0,0.10204081599999999,2,0.0,16,14.1242937,9.039548,79.69020338679763,0.215384615,0.3330028829249469,0.0,0.0,0.0,0.0,0.0,0.0,0.0,0.0,0.0,0.0,0.0,0.0,0.0,0.0,0.0,27.27272727272727,37.7952755,42.519684999999996,19.6850393,0.0,6.8216052407248,-0.7664306610822678,-0.004330116729278349,20.130897707292572,2024,Rk
Jose Ramos,SFG,692374.0,sa3016541,21,7665,177,138,0.0,0.0,0.0,0.10144927599999999,1,0.0,33,19.2090395,18.6440677,119.93189686352163,0.358490566,0.4050772731954401,0.0,0.0,0.0,0.0,0.0,0.0,0.0,96.4,95.0,85.2,25.0,0.0,0.0,0.0,0.0,10.185185185185183,48.5148514,30.6930693,20.7920792,3.0,8.560947086929803,1.1918940176256,0.006733864506359322,10.48289400134322,2024,Rk
Kleiver Chauran,TBR,808264.0,sa3021221,18,6570,177,140,0.0,0.0,0.0,0.121428571,1,0.0,43,17.5141242,24.2937853,110.3062553325021,0.306122448,0.37289267205922616,0.0,0.0,0.0,0.0,0.0,0.0,0.0,0.0,0.0,0.0,0.0,0.0,0.0,0.0,0.0,15.384615384615385,43.298969,37.113402,19.5876288,0.0,6.715666532829193,-0.010703109204769136,-6.046954352976912e-05,22.735139400096283,2024,Rk
Meylin De Leon,PHI,815006.0,sa3023878,17,6205,177,151,0.0,0.0,0.0,0.066225165,0,0.0,36,11.299435,20.338983,100.37906427180107,0.32478632399999996,0.3479160420638693,0.0,0.0,0.0,0.0,0.0,0.0,0.0,0.0,0.0,0.0,0.0,0.0,0.0,0.0,0.0,10.852713178294573,49.090909,32.7272727,18.1818181,0.0,5.704982088067758,-0.522933978587389,-0.00295442925755587,21.164739858861328,2024,Rk
Albert Gutierrez,CHC,808212.0,sa3021200,20,7300,176,161,0.0,0.0,0.0,0.14285714300000002,3,0.0,48,6.8181818000000005,27.2727272,67.71094042345436,0.315315315,0.310677209804798,0.0,0.0,0.0,0.0,0.0,0.0,0.0,103.1,101.7,84.9,66.7,0.0,0.0,0.0,0.0,14.912280701754383,54.054054,28.8288288,17.1171171,-17.7,4.14551670875,-0.16632135026156902,-0.0009450076719407332,6.5879317517382345,2024,Rk
Bryan Martinez,LAA,808115.0,sa3021600,18,6570,176,142,0.0,0.0,0.0,0.11971831,1,0.0,40,13.6363636,22.727272699999997,118.465056969679,0.365384615,0.3974909049341048,0.0,0.0,0.0,0.0,0.0,0.0,0.0,0.0,0.0,0.0,0.0,0.0,0.0,0.0,0.0,11.111111111111109,55.76923070000001,21.153846100000006,23.076923,0.0,9.112343687074286,0.14941317960619924,0.0008489385204897685,24.387410390068393,2024,Rk
Juan Hernandez,DET,808037.0,sa3021152,18,6570,176,153,0.0,0.0,0.0,0.10457516300000001,3,0.0,41,9.6590909,23.2954545,95.03526513275015,0.311926605,0.3409986632210868,0.0,0.0,0.0,0.0,0.0,0.0,0.0,97.5,95.7,81.6,22.2,0.0,0.0,0.0,0.0,19.491525423728813,42.8571428,34.821428499999996,22.3214285,11.0,5.713267535063259,-0.3056164644658565,-0.0017364571844650939,16.42696571983855,2024,Rk
Larry Martinez,TBR,800371.0,sa3019551,18,6570,176,149,0.0,0.0,0.0,0.073825503,0,0.0,10,9.090909,5.6818181,117.07413438788818,0.314285714,0.3859202201393517,0.0,0.0,0.0,0.0,0.0,0.0,0.0,91.2,90.1,77.8,0.0,0.0,0.0,0.0,0.0,17.36111111111111,48.1203007,38.3458646,13.5338345,-16.9,5.9342125344066385,-0.3964322339743376,-0.002252455874854191,21.5273949595786,2024,Rk
Leandro Alsinois,CHW,802098.0,sa3018624,19,6935,176,163,0.0,0.0,0.0,0.141104294,4,0.0,45,5.6818181,25.5681818,68.62262290641725,0.313043478,0.31848345493728464,0.0,0.0,0.0,0.0,0.0,0.0,0.0,0.0,0.0,0.0,0.0,0.0,0.0,0.0,0.0,20.168067226890763,50.8928571,43.75,5.3571428,0.0,7.0389529535795905,-0.08798502804711461,-0.0004999149320858785,10.843250480631893,2024,Rk
Christopher Alvarado,BOS,821260.0,sa3024337,17,6205,176,146,0.0,0.0,0.0,0.034246575,0,0.0,27,13.6363636,15.340909,97.15966748484637,0.314049586,0.3580133271488277,0.0,0.0,0.0,0.0,0.0,0.0,0.0,0.0,0.0,0.0,0.0,0.0,0.0,0.0,0.0,8.888888888888891,52.941176399999996,30.2521008,16.806722599999997,0.0,5.8553446656539325,-1.2722939141094685,-0.007228942693803799,23.248880908826376,2024,Rk
Railin Tea,TBR,808038.0,sa3021153,17,6205,176,138,0.0,0.0,0.0,0.094202899,1,0.0,31,13.0681818,17.6136363,96.16679597149236,0.24074074,0.3472695180347988,0.0,0.0,0.0,0.0,0.0,0.0,0.0,0.0,0.0,0.0,0.0,0.0,0.0,0.0,0.0,15.0,52.3809523,36.19047610000001,11.428571400000001,0.0,9.132483370481257,1.959408428519964,0.011133002434772523,26.94133552393837,2024,Rk
Edrick Felix,CHW,703742.0,sa3022754,22,8030,176,144,0.0,0.0,0.0,0.194444444,5,0.0,48,13.6363636,27.2727272,110.98634399859705,0.336956521,0.3926538950340314,0.0,0.0,0.0,0.0,0.0,0.0,0.0,0.0,0.0,0.0,0.0,0.0,0.0,0.0,0.0,20.833333333333336,38.5416666,54.1666666,7.2916666,0.0,7.766689766582774,-0.2973272637464106,-0.0016893594531046056,6.233719253357316,2024,Rk
Estivel Morillo,CLE,821695.0,sa3023969,16,5840,175,138,0.0,0.0,0.0,0.10144927599999999,0,0.0,37,19.4285714,21.142857100000004,109.09997977043189,0.31683168300000003,0.3830813484630365,0.0,0.0,0.0,0.0,0.0,0.0,0.0,0.0,0.0,0.0,0.0,0.0,0.0,0.0,0.0,25.71428571428571,29.591836699999998,43.877551000000004,26.5306122,0.0,7.573989094042448,-1.0206983461976051,-0.0058325619782720285,31.521183859441575,2024,Rk
Hector Salas,HOU,827504.0,sa3024156,20,7300,175,140,0.0,0.0,0.0,0.11428571400000001,1,0.0,29,17.142857100000004,16.5714285,122.10653066706713,0.330357142,0.4057982853480748,0.0,0.0,0.0,0.0,0.0,0.0,0.0,0.0,0.0,0.0,0.0,0.0,0.0,0.0,0.0,18.3206106870229,42.3423423,40.540540500000006,17.1171171,0.0,7.964612610993003,0.6861057728528976,0.003920604416302272,14.691573186478536,2024,Rk
Jesmaylin Arias,SDP,820942.0,sa3024311,17,6205,175,153,0.0,0.0,0.0,0.104575164,1,0.0,41,9.7142857,23.4285714,88.41682863520495,0.336283185,0.3515242222377232,0.0,0.0,0.0,0.0,0.0,0.0,0.0,0.0,0.0,0.0,0.0,0.0,0.0,0.0,0.0,17.829457364341085,48.6486486,27.927927899999997,23.4234234,0.0,4.124125371037369,-0.3672889694571495,-0.0020987941111837113,19.091432009076033,2024,Rk
Daniel Lopez,KCR,808693.0,sa3021298,18,6570,175,149,0.0,0.0,0.0,0.134228188,2,0.0,31,11.428571400000001,17.714285699999994,105.69011804551715,0.322033898,0.3815928485201693,0.0,0.0,0.0,0.0,0.0,0.0,0.0,0.0,0.0,0.0,0.0,0.0,0.0,0.0,0.0,18.65671641791045,44.5378151,33.613445299999995,21.848739399999996,0.0,7.358513622100003,-0.6541997976601124,-0.003738284558057785,22.307710025620885,2024,Rk
Ronald Ramirez,DET,821790.0,sa3024368,17,6205,175,140,0.0,0.0,0.0,0.085714286,1,0.0,29,13.7142857,16.5714285,149.229415800443,0.412280701,0.446830849647522,0.0,0.0,0.0,0.0,0.0,0.0,0.0,0.0,0.0,0.0,0.0,0.0,0.0,0.0,0.0,20.491803278688533,41.4414414,36.9369369,21.6216216,0.0,4.420695236394439,-2.7980504520237446,-0.015988859725849968,29.33880605602531,2024,Rk
Derek Bernard,COL,800204.0,sa3018477,18,6570,175,159,0.0,0.0,0.0,0.14465408800000001,1,0.0,56,8.5714285,32.0,105.18432631811541,0.450980392,0.3773333362170628,0.0,0.0,0.0,0.0,0.0,0.0,0.0,113.1,110.4,95.2,50.0,16.7,0.6,0.0,0.0,7.4766355140186915,54.545454500000005,23.2323232,22.222222199999997,7.2,7.382214481010379,-1.1866506938822567,-0.00678086110789861,18.000589704907178,2024,Rk
Abraham Cohen,BAL,808316.0,sa3021243,18,6570,174,126,0.0,0.0,0.0,0.079365079,0,0.0,36,21.839080399999997,20.6896551,110.92474375777799,0.27173913,0.38212142662070253,0.0,0.0,0.0,0.0,0.0,0.0,0.0,0.0,0.0,0.0,0.0,0.0,0.0,0.0,0.0,25.742574257425748,40.0,35.55555550000001,24.4444444,0.0,7.645676555584878,1.2227983660995958,0.007027576816664345,24.95298493837424,2024,Rk
Eduardo Ponce,SEA,823866.0,sa3023792,17,6205,174,140,0.0,0.0,0.0,0.164285714,4,0.0,24,15.5172413,13.7931034,112.02329003364937,0.245614035,0.38396639727998055,0.0,0.0,0.0,0.0,0.0,0.0,0.0,0.0,0.0,0.0,0.0,0.0,0.0,0.0,0.0,27.500000000000004,39.4736842,42.1052631,18.421052600000003,0.0,6.293069961857553,0.3232348300516605,0.0018576714370785086,31.16045033240419,2024,Rk
Kashon Conliffe,SDP,800244.0,sa3018483,18,6570,174,140,0.0,0.0,0.0,0.071428572,0,0.0,51,16.091954,29.310344800000003,68.61130989291337,0.3,0.31285940485391,0.0,0.0,0.0,0.0,0.0,0.0,0.0,0.0,0.0,0.0,0.0,0.0,0.0,0.0,0.0,15.053763440860214,31.8181818,45.45454539999999,22.727272699999997,0.0,8.578113535206974,0.7994892233982682,0.004594765651714185,16.71898546848014,2024,Rk
Bralyn Brazoban,PIT,815923.0,sa3023725,17,6205,174,148,0.0,0.0,0.0,0.054054054000000004,0,0.0,61,12.6436781,35.05747120000001,47.66373302038399,0.261363636,0.2671688082574428,0.0,0.0,0.0,0.0,0.0,0.0,0.0,0.0,0.0,0.0,0.0,0.0,0.0,0.0,0.0,9.900990099009901,52.3809523,38.095238,9.5238095,0.0,9.067875673878014,1.2544181272387505,0.007209299581831898,15.381477609058287,2024,Rk
Jayson Bass,MIN,814188.0,sa3021323,18,6570,174,156,0.0,0.0,0.0,0.08974359,1,0.0,36,9.770114900000001,20.6896551,102.02809802205635,0.35,0.34861011888789034,0.0,0.0,0.0,0.0,0.0,0.0,0.0,98.6,96.6,84.8,20.0,0.0,0.0,0.0,0.0,22.55639097744361,37.815126,39.4957983,22.689075600000002,13.4,6.689216415355588,-1.2768865339457989,-0.007338428356010338,17.76533257719592,2024,Rk
Richard Ramirez,PIT,800197.0,sa3018474,18,6570,174,153,0.0,0.0,0.0,0.176470588,5,0.0,56,10.3448275,32.183908,131.07431161505164,0.423913043,0.4006053109963735,0.0,0.0,0.0,0.0,0.0,0.0,0.0,102.2,100.1,94.0,33.3,0.0,0.0,0.0,0.0,12.12121212121212,42.553191399999996,41.4893617,15.9574468,13.3,6.334804202042243,-0.012798946350812912,-7.355716293570639e-05,20.97891758625176,2024,Rk
Josi Novas,KCR,800548.0,sa3018594,19,6935,173,158,0.0,0.0,0.0,0.158227848,5,0.0,80,5.2023120999999986,46.2427745,48.937194493785114,0.33783783700000003,0.2814069803739559,0.0,0.0,0.0,0.0,0.0,0.0,0.0,0.0,0.0,0.0,0.0,0.0,0.0,0.0,0.0,20.253164556962027,38.461538399999995,41.025641,20.5128205,0.0,6.945466934149053,0.10749709513038397,0.0006213704920831442,8.153595925851128,2024,Rk
Jorge Hernandez,KCR,808702.0,sa3021301,18,6570,173,158,0.0,0.0,0.0,0.10759493699999999,3,0.0,35,5.7803467999999985,20.2312138,87.33108510634182,0.352459016,0.3486270377802294,0.0,0.0,0.0,0.0,0.0,0.0,0.0,0.0,0.0,0.0,0.0,0.0,0.0,0.0,0.0,15.74803149606299,53.6585365,21.9512195,24.390243899999998,0.0,3.156389240289765,-0.3710435484535992,-0.002144760395685545,14.975757507619676,2024,Rk
Queni Pineda,NYY,821065.0,sa3023920,17,6205,173,130,0.0,0.0,0.0,0.184615385,5,0.0,39,23.699421899999997,22.543352600000002,136.5474503938211,0.32183908,0.44078939980854187,0.0,0.0,0.0,0.0,0.0,0.0,0.0,0.0,0.0,0.0,0.0,0.0,0.0,0.0,0.0,21.052631578947366,51.1363636,26.136363600000006,22.727272699999997,0.0,4.051887083117016,-0.8840057589113712,-0.0051098598781004105,31.822942189550208,2024,Rk
Jaset Martinez,CIN,820955.0,sa3023735,17,6205,173,138,0.0,0.0,0.0,0.166666666,2,0.0,25,17.341040399999997,14.450867,128.38169329415376,0.30357142800000003,0.4164024140945701,0.0,0.0,0.0,0.0,0.0,0.0,0.0,0.0,0.0,0.0,0.0,0.0,0.0,0.0,0.0,29.921259842519692,41.4414414,39.6396396,18.918918899999998,0.0,6.98622779049512,0.11238129064440727,0.0006496028360948397,34.59124149702077,2024,Rk
Ichiro Cano,CIN,802560.0,sa3023708,19,6935,173,134,0.0,0.0,0.0,0.097014925,1,0.0,30,19.653179100000006,17.341040399999997,128.32149739498564,0.34905660299999997,0.4183906833560481,0.0,0.0,0.0,0.0,0.0,0.0,0.0,0.0,0.0,0.0,0.0,0.0,0.0,0.0,0.0,15.573770491803279,44.339622600000006,36.7924528,18.8679245,0.0,5.452129908625847,-0.2179436832666397,-0.0012597900766857786,19.70589962180704,2024,Rk
Johan Barrios,MIL,703179.0,sa3018417,19,6935,173,142,0.0,0.0,0.0,0.112676057,3,0.0,41,15.028901699999999,23.699421899999997,110.4834635663912,0.37,0.3890765419585167,0.0,0.0,0.0,0.0,0.0,0.0,0.0,0.0,0.0,0.0,0.0,0.0,0.0,0.0,0.0,18.446601941747574,35.714285700000005,38.7755102,25.510204,0.0,7.455436137791464,-0.5435276417993009,-0.0031417782762965373,16.97083263402153,2024,Rk
Deward Tovar,TEX,808297.0,sa3021237,18,6570,173,145,0.0,0.0,0.0,0.193103448,5,0.0,54,14.450867,31.2138728,115.33096363330064,0.348837209,0.39489803837902976,0.0,0.0,0.0,0.0,0.0,0.0,0.0,0.0,0.0,0.0,0.0,0.0,0.0,0.0,0.0,17.75700934579439,44.444444399999995,35.55555550000001,20.0,0.0,6.576853317780155,0.021857500076293945,0.00012634393107684361,22.196236444757705,2024,Rk
Johan Rodriguez,CLE,821759.0,sa3024364,16,5840,173,141,0.0,0.0,0.0,0.127659575,2,0.0,26,13.2947976,15.028901699999999,102.18562860707459,0.285714285,0.3705513442871888,0.0,0.0,0.0,0.0,0.0,0.0,0.0,0.0,0.0,0.0,0.0,0.0,0.0,0.0,0.0,18.89763779527559,35.3448275,48.275862,16.3793103,0.0,6.671271224001727,0.6164307408034801,0.003563183472852487,30.87881759824171,2024,Rk
Ezequiel Surun,ARI,700332.0,sa3015860,19,6935,172,148,0.0,0.0,0.0,0.10810810800000001,2,0.0,45,8.7209302,26.1627906,116.54077523212824,0.403846153,0.3918455055979795,0.0,0.0,0.0,0.0,0.0,0.0,0.0,0.0,0.0,0.0,0.0,0.0,0.0,0.0,0.0,16.814159292035402,42.57425739999999,36.633663299999995,20.7920792,0.0,7.427792492131236,0.9838701374828815,0.0057201752179237295,15.597106535628136,2024,Rk
Jose Dickson,DET,820988.0,sa3023907,17,6205,172,139,0.0,0.0,0.0,0.100719425,0,0.0,27,15.116279,15.6976744,108.95108536828346,0.336283185,0.4044718721578288,0.0,0.0,0.0,0.0,0.0,0.0,0.0,0.0,0.0,0.0,0.0,0.0,0.0,0.0,0.0,15.2,44.9541284,39.4495412,15.596330199999999,0.0,9.229068940063462,1.2091901786625383,0.0070301754573403406,32.297936351277556,2024,Rk
Eduardo Rojas,LAD,821672.0,sa3024143,17,6205,172,128,0.0,0.0,0.0,0.0703125,0,0.0,34,20.9302325,19.7674418,111.32510583927643,0.302083333,0.3858460648018017,0.0,0.0,0.0,0.0,0.0,0.0,0.0,0.0,0.0,0.0,0.0,0.0,0.0,0.0,0.0,16.216216216216218,33.6842105,48.4210526,17.8947368,0.0,6.317248355652387,-1.0125169269740582,-0.005886726319616617,28.13132089752897,2024,Rk
Kendrick Herrera,PIT,821696.0,sa3023776,17,6205,172,139,0.0,0.0,0.0,0.100719425,1,0.0,25,16.860465100000003,14.534883700000002,116.00075241024612,0.304347826,0.3871999784957531,0.0,0.0,0.0,0.0,0.0,0.0,0.0,0.0,0.0,0.0,0.0,0.0,0.0,0.0,0.0,19.2,43.75,34.821428499999996,21.4285714,0.0,7.591980451283315,0.4499321952462197,0.002615884856082673,31.788775942829474,2024,Rk
Andruw Musett,BOS,808104.0,sa3021175,18,6570,172,137,0.0,0.0,0.0,0.102189781,2,0.0,23,17.4418604,13.372093,108.9327370610261,0.289473684,0.381278145798417,0.0,0.0,0.0,0.0,0.0,0.0,0.0,103.9,101.6,91.5,50.0,0.0,0.0,0.0,0.0,20.6896551724138,43.119265999999996,43.119265999999996,13.761467799999998,32.5,2.6589221822437663,-0.7716643027961254,-0.0044864203650937535,22.61135585324821,2024,Rk
Yojanser Calzado,CIN,821814.0,sa3023785,17,6205,172,137,0.0,0.0,0.0,0.05839416,0,0.0,44,18.0232558,25.5813953,93.8992915855324,0.329787234,0.3539143183652093,0.0,0.0,0.0,0.0,0.0,0.0,0.0,0.0,0.0,0.0,0.0,0.0,0.0,0.0,0.0,16.666666666666664,50.549450500000006,30.769230699999998,18.6813186,0.0,9.495449180167835,2.4969593361020093,0.01451720544245354,26.003847046844946,2024,Rk
Andres Torres,TBR,821770.0,sa3023781,17,6205,172,147,0.0,0.0,0.0,0.081632653,1,0.0,33,13.9534883,19.1860465,95.3291845825635,0.300884955,0.3486663934796356,0.0,0.0,0.0,0.0,0.0,0.0,0.0,0.0,0.0,0.0,0.0,0.0,0.0,0.0,0.0,2.5210084033613445,69.1588785,16.8224299,14.018691500000001,0.0,8.17276194331067,1.0824928134679794,0.0062935628689998815,25.95218101521845,2024,Rk
Esteban Romero,HOU,823015.0,sa3023787,17,6205,172,150,0.0,0.0,0.0,0.053333333,0,0.0,25,9.8837209,14.534883700000002,89.9868117165037,0.312,0.3475917807796545,0.0,0.0,0.0,0.0,0.0,0.0,0.0,0.0,0.0,0.0,0.0,0.0,0.0,0.0,0.0,16.43835616438356,43.4426229,37.704918,18.852459,0.0,6.420178396542778,1.6001504510641098,0.00930320029688436,22.743887115832038,2024,Rk
Janero Miller,MIA,806977.0,sa3021077,18,6570,172,142,0.0,0.0,0.0,0.133802817,1,0.0,67,12.7906976,38.9534883,97.21487310515741,0.4,0.36022022158600564,0.0,0.0,0.0,0.0,0.0,0.0,0.0,0.0,0.0,0.0,0.0,0.0,0.0,0.0,0.0,11.904761904761903,42.4657534,35.6164383,21.9178082,0.0,8.858444720803703,0.07973814755678177,0.00046359388114408005,19.09822833856001,2024,Rk
Jake Zitella,NYM,806267.0,sa3022968,19,6935,172,147,0.0,0.0,0.0,0.115646258,2,0.0,41,9.8837209,23.837209299999998,103.32849249814291,0.333333333,0.3584769901841186,0.0,0.0,0.0,0.0,0.0,0.0,0.0,98.2,97.3,85.0,33.3,0.0,0.0,0.0,0.0,19.090909090909093,45.6310679,36.893203799999995,17.475728099999998,30.7,4.1293272007149096,-0.6973604913800955,-0.0040544214615121825,12.731994853329056,2024,Rk
Avinson Pinto,BOS,821130.0,sa3023761,17,6205,172,150,0.0,0.0,0.0,0.073333333,1,0.0,15,9.8837209,8.7209302,125.34155902788294,0.35074626799999997,0.4090838051119516,0.0,0.0,0.0,0.0,0.0,0.0,0.0,0.0,0.0,0.0,0.0,0.0,0.0,0.0,0.0,12.587412587412588,59.375,25.0,15.625,0.0,7.1605528478471365,-1.0478321872651577,-0.0060920476003788245,28.522982750181328,2024,Rk
Joendry Vargas,LAD,806959.0,sa3021067,18,6570,171,142,0.0,0.0,0.0,0.190140845,4,0.0,39,12.2807017,22.8070175,132.7201062890765,0.38613861299999996,0.4207926760701573,0.0,0.0,0.0,0.0,0.0,0.0,0.0,0.0,0.0,0.0,0.0,0.0,0.0,0.0,0.0,17.142857142857142,44.0,42.0,14.000000000000002,0.0,8.355935793449094,-0.8143709129653871,-0.004762402999797586,25.002908689312967,2024,Rk
Fabian Alcantara,SDP,820925.0,sa3024309,18,6570,171,137,0.0,0.0,0.0,0.138686132,4,0.0,57,16.9590643,33.3333333,87.12273705932266,0.27272727199999997,0.3458074387053997,0.0,0.0,0.0,0.0,0.0,0.0,0.0,0.0,0.0,0.0,0.0,0.0,0.0,0.0,0.0,30.681818181818183,30.379746800000003,54.4303797,15.189873400000002,0.0,5.750148146780508,1.6272842921316624,0.00951628241012668,18.670798964084607,2024,Rk
Isaias Dipre,PIT,692658.0,sa3016314,21,7665,171,133,0.0,0.0,0.0,0.27819548899999996,8,0.0,31,15.7894736,18.1286549,174.8202026857945,0.333333333,0.4854712261873133,0.0,0.0,0.0,0.0,0.0,0.0,0.0,0.0,0.0,0.0,0.0,0.0,0.0,0.0,0.0,35.593220338983045,22.0,53.0,25.0,0.0,7.928982377195893,0.8961009979248047,0.005240356713010554,11.602764073786693,2024,Rk
Luis Marquez,TEX,805058.0,sa3019498,18,6570,171,142,0.0,0.0,0.0,0.126760564,3,0.0,32,13.450292300000001,18.713450199999997,84.95890499648056,0.292035398,0.34676581237748355,0.0,0.0,0.0,0.0,0.0,0.0,0.0,0.0,0.0,0.0,0.0,0.0,0.0,0.0,0.0,16.379310344827587,36.2831858,41.592920299999996,22.1238938,0.0,3.9557447012613336,-1.6327489172108471,-0.00954823928193478,17.841927921101913,2024,Rk
Jose Camacho,LAA,821277.0,sa3024135,17,6205,171,131,0.0,0.0,0.0,0.076335878,1,0.0,25,14.619882999999998,14.619882999999998,138.1715190831082,0.34905660299999997,0.4332024340043989,0.0,0.0,0.0,0.0,0.0,0.0,0.0,0.0,0.0,0.0,0.0,0.0,0.0,0.0,0.0,16.964285714285715,38.461538399999995,38.461538399999995,23.076923,0.0,5.691320440615,-1.6858195737004282,-0.009858593998248115,30.236295024762754,2024,Rk
Douglas Glod,ATL,800180.0,sa3019685,19,6935,171,135,0.0,0.0,0.0,0.10370370400000001,2,0.0,62,19.883040899999997,36.257309899999996,93.10095060661308,0.333333333,0.3403444994262785,0.0,0.0,0.0,0.0,0.0,0.0,0.0,102.5,100.7,95.1,50.0,0.0,0.0,0.0,0.0,8.0,52.7777777,27.7777777,19.4444444,1.2,4.349208696487419,-1.9160194527357817,-0.011204792121261879,12.342892870538435,2024,Rk
Darvin Cruz,KCR,808704.0,sa3021302,18,6570,171,142,0.0,0.0,0.0,0.021126761,0,0.0,32,12.865497,18.713450199999997,59.23541559012021,0.24778761,0.2892625268394425,0.0,0.0,0.0,0.0,0.0,0.0,0.0,0.0,0.0,0.0,0.0,0.0,0.0,0.0,0.0,6.4,60.55045870000001,24.770642199999998,14.678899,0.0,5.674867053341202,0.4634578488767147,0.0027102798179924835,14.207752407562275,2024,Rk
Miguel Blanco,SFG,808387.0,sa3021630,18,6570,171,137,0.0,0.0,0.0,0.08029197099999999,1,0.0,35,17.5438596,20.4678362,113.36556276090045,0.333333333,0.3869597068306995,0.0,0.0,0.0,0.0,0.0,0.0,0.0,0.0,0.0,0.0,0.0,0.0,0.0,0.0,0.0,25.66371681415929,49.5049504,26.7326732,23.7623762,0.0,6.6593775476224515,-0.3663481213152409,-0.0021423866743581336,23.116748345627922,2024,Rk
Pablo Nunez,CIN,807647.0,sa3023710,17,6205,171,140,0.0,0.0,0.0,0.085714285,0,0.0,16,14.035087700000002,9.356725099999998,101.96264313566576,0.28346456600000003,0.3685265106313369,0.0,0.0,0.0,0.0,0.0,0.0,0.0,0.0,0.0,0.0,0.0,0.0,0.0,0.0,0.0,17.985611510791365,45.9677419,36.290322499999995,17.7419354,0.0,8.54778728889746,0.8716392740607262,0.005097305696261556,29.640469014876704,2024,Rk
Josias Ramirez,CHC,800382.0,sa3018543,18,6570,170,136,0.0,0.0,0.0,0.19117647100000001,4,0.0,32,17.647058800000003,18.8235294,101.84624576623041,0.21,0.3670944347101099,0.0,0.0,0.0,0.0,0.0,0.0,0.0,0.0,0.0,0.0,0.0,0.0,0.0,0.0,0.0,13.274336283185846,34.6534653,54.4554455,10.8910891,0.0,7.439453591260593,-0.3148350901901722,-0.0018519711187657188,24.336802752130502,2024,Rk
Breyias Dean,MIA,808686.0,sa3021294,18,6570,170,132,0.0,0.0,0.0,0.090909091,2,0.0,49,14.117647,28.8235294,117.93649377277586,0.39024390200000003,0.4042094938853789,0.0,0.0,0.0,0.0,0.0,0.0,0.0,0.0,0.0,0.0,0.0,0.0,0.0,0.0,0.0,17.045454545454547,39.28571420000001,35.714285700000005,25.0,0.0,5.202601951530284,0.945882759988308,0.005564016235225341,21.149889336041927,2024,Rk
Ludwing Espinoza,CHC,806968.0,sa3021073,18,6570,170,140,0.0,0.0,0.0,0.121428571,1,0.0,44,13.5294117,25.882352899999997,95.00846884948473,0.30927835,0.35470319635727826,0.0,0.0,0.0,0.0,0.0,0.0,0.0,0.0,0.0,0.0,0.0,0.0,0.0,0.0,0.0,19.81132075471698,46.3157894,34.736842100000004,18.9473684,0.0,8.214574726960253,-0.21345776319503784,-0.0012556339011472815,20.058405685381548,2024,Rk
Yael Romero,CIN,806873.0,sa3021062,18,6570,170,120,0.0,0.0,0.0,0.141666667,1,0.0,24,21.7647058,14.117647,155.78472617494302,0.346938775,0.4708993631250718,0.0,0.0,0.0,0.0,0.0,0.0,0.0,0.0,0.0,0.0,0.0,0.0,0.0,0.0,0.0,21.238938053097343,41.0526315,38.9473684,20.0,0.0,5.011568400685126,-0.4866778701543808,-0.002862811000908123,29.046048628350665,2024,Rk
Francisco Vilorio,NYY,815910.0,sa3023893,17,6205,170,148,0.0,0.0,0.0,0.148648649,4,0.0,56,9.4117647,32.9411764,70.2330630057073,0.280898876,0.3206162221291486,0.0,0.0,0.0,0.0,0.0,0.0,0.0,0.0,0.0,0.0,0.0,0.0,0.0,0.0,0.0,16.161616161616163,45.45454539999999,35.2272727,19.3181818,0.0,6.9704283764954855,-0.6714209504425526,-0.003949535002603251,16.715627877348584,2024,Rk
Aldalay Kolokie,COL,813985.0,sa3021321,19,6935,170,134,0.0,0.0,0.0,0.104477612,2,0.0,16,12.352941099999999,9.4117647,141.4787842309736,0.341666666,0.4377642877003145,0.0,0.0,0.0,0.0,0.0,0.0,0.0,0.0,0.0,0.0,0.0,0.0,0.0,0.0,0.0,21.21212121212121,55.4621848,26.890756300000003,17.647058800000003,0.0,5.21901724341509,0.29971395432949066,0.0017630232607617098,19.58720803554465,2024,Rk
Jose Tovar,TBR,808270.0,sa3021223,18,6570,170,139,0.0,0.0,0.0,0.086330935,0,0.0,25,12.941176400000002,14.7058823,124.14806557600859,0.34188034100000003,0.3979764342308044,0.0,0.0,0.0,0.0,0.0,0.0,0.0,0.0,0.0,0.0,0.0,0.0,0.0,0.0,0.0,25.89928057553957,46.491228,34.2105263,19.2982456,0.0,4.75779282692437,-0.2269834168255329,-0.0013351965695619582,23.014165295753823,2024,Rk
Yorvin Morla,SDP,821631.0,sa3024350,18,6570,169,128,0.0,0.0,0.0,0.0546875,0,0.0,31,18.3431952,18.3431952,105.53149936963058,0.295918367,0.3791673105387461,0.0,0.0,0.0,0.0,0.0,0.0,0.0,0.0,0.0,0.0,0.0,0.0,0.0,0.0,0.0,17.94871794871795,42.7083333,45.8333333,11.458333300000001,0.0,8.414950926082236,-0.4831474386155605,-0.002858860583524027,23.3759415183098,2024,Rk
Angel Arevalo,ATH,699002.0,sa3016972,20,7300,169,136,0.0,0.0,0.0,0.213235294,4,0.0,59,15.384615300000002,34.911242599999994,95.77020916990385,0.333333333,0.3699543804106628,0.0,0.0,0.0,0.0,0.0,0.0,0.0,0.0,0.0,0.0,0.0,0.0,0.0,0.0,0.0,21.51898734177216,32.4675324,50.6493506,16.8831168,0.0,8.722712546412549,1.9967183824628592,0.011814901671377866,11.791427075406899,2024,Rk
Junior Garcia,ATL,815010.0,sa3022283,18,6570,169,139,0.0,0.0,0.0,0.129496403,3,0.0,41,13.017751400000002,24.260355,145.24239786922166,0.42708333299999995,0.4306786476507695,0.0,0.0,0.0,0.0,0.0,0.0,0.0,96.6,94.6,87.1,16.7,0.0,0.0,0.0,0.0,21.100917431192666,31.9587628,42.2680412,25.7731958,17.5,7.3894356938804675,-0.09139672853052616,-0.0005408090445593263,25.023425299287783,2024,Rk
Xavier Guillen,TBR,806707.0,sa3021060,19,6935,169,134,0.0,0.0,0.0,0.194029851,3,0.0,42,15.976331299999998,24.852071,147.94939085102902,0.38202247100000003,0.44379412418320063,0.0,0.0,0.0,0.0,0.0,0.0,0.0,0.0,0.0,0.0,0.0,0.0,0.0,0.0,0.0,13.725490196078432,34.8314606,44.943820200000005,20.2247191,0.0,9.115171745390487,0.5078128427267075,0.003004809720276376,21.113685044953996,2024,Rk
Cruzmel Arias,COL,805466.0,sa3019527,20,7300,169,151,0.0,0.0,0.0,0.059602649,0,0.0,29,4.7337278000000005,17.1597633,82.69071584870983,0.319672131,0.3312301061239587,0.0,0.0,0.0,0.0,0.0,0.0,0.0,0.0,0.0,0.0,0.0,0.0,0.0,0.0,0.0,18.705035971223023,52.8925619,24.7933884,22.3140495,0.0,3.29445288375,-0.2496313378214836,-0.0014771085078194295,7.3053382513833185,2024,Rk
Samil Dishmey,LAA,808120.0,sa3021841,18,6570,169,138,0.0,0.0,0.0,0.065217391,0,0.0,26,17.751479200000006,15.384615300000002,104.01099944294815,0.30357142800000003,0.371297644440239,0.0,0.0,0.0,0.0,0.0,0.0,0.0,0.0,0.0,0.0,0.0,0.0,0.0,0.0,0.0,10.483870967741936,48.1481481,28.703703700000002,23.148148100000004,0.0,7.436812443600934,0.1322745606303215,0.0007826897078717247,23.72335611388341,2024,Rk
Moises Polanco,MIL,821199.0,sa3024129,17,6205,169,131,0.0,0.0,0.0,0.099236641,0,0.0,24,18.3431952,14.2011834,122.10739361341072,0.314814814,0.4101465136341795,0.0,0.0,0.0,0.0,0.0,0.0,0.0,0.0,0.0,0.0,0.0,0.0,0.0,0.0,0.0,24.13793103448276,33.6448598,43.9252336,22.4299065,0.0,8.179846669791647,1.6915325559675694,0.010009068378506328,34.558741896481536,2024,Rk
Eduardo Guerrero,LAD,800370.0,sa3018536,19,6935,169,128,0.0,0.0,0.0,0.0703125,0,0.0,29,17.751479200000006,17.1597633,108.30485754684491,0.317307692,0.37804643712805575,0.0,0.0,0.0,0.0,0.0,0.0,0.0,0.0,0.0,0.0,0.0,0.0,0.0,0.0,0.0,5.769230769230768,54.0,22.0,24.0,0.0,7.608801009915253,0.9089376549236476,0.005378329319074838,18.412677381922048,2024,Rk
Stiven Martinez,BAL,815913.0,sa3024627,16,5840,168,133,0.0,0.0,0.0,0.187969925,4,0.0,51,16.6666666,30.357142800000002,137.90667625903367,0.4125,0.431918255535953,0.0,0.0,0.0,0.0,0.0,0.0,0.0,0.0,0.0,0.0,0.0,0.0,0.0,0.0,0.0,13.333333333333336,40.9638554,37.3493975,21.6867469,0.0,5.4447113381330015,-1.9691027961671352,-0.01172084997718533,31.151144703341927,2024,Rk
Derwin Laya,SFG,698978.0,sa3015761,20,7300,168,138,0.0,0.0,0.0,0.094202899,2,0.0,33,13.095238,19.642857100000004,106.16989815907516,0.355140186,0.38098275377636864,0.0,0.0,0.0,0.0,0.0,0.0,0.0,101.4,100.5,94.8,50.0,0.0,0.0,0.0,0.0,4.587155963302751,60.18518510000001,28.703703700000002,11.111111099999999,4.0,2.53869047125,-0.2679621754214168,-0.0015950129489370045,10.56878401476113,2024,Rk
Starlin Aguilar,SEA,694223.0,sa3015722,20,7300,168,150,0.0,0.0,0.0,0.1,1,0.0,33,8.3333333,19.642857100000004,76.46229175842375,0.299145299,0.3190083606612115,0.0,0.0,0.0,0.0,0.0,0.0,0.0,0.0,0.0,0.0,0.0,0.0,0.0,0.0,0.0,18.548387096774192,40.1709401,35.042735,24.7863247,0.0,6.889995183612255,0.8059584395959973,0.004797371664261889,8.777657894939912,2024,Rk
Justin Ramirez,NYM,814256.0,sa3021324,19,6935,168,133,0.0,0.0,0.0,0.112781955,3,0.0,44,17.857142800000005,26.1904761,88.57143639533037,0.25,0.3400050744325101,0.0,0.0,0.0,0.0,0.0,0.0,0.0,0.0,0.0,0.0,0.0,0.0,0.0,0.0,0.0,12.12121212121212,38.2022471,43.820224700000004,17.977528,0.0,5.049714538835385,-2.054199818521738,-0.012227379872153202,13.254237832883565,2024,Rk
Cristopfer Gonzalez,HOU,807837.0,sa3021116,18,6570,168,144,0.0,0.0,0.0,0.097222222,1,0.0,35,11.9047619,20.8333333,59.377194067139314,0.220183486,0.2921892163299379,0.0,0.0,0.0,0.0,0.0,0.0,0.0,0.0,0.0,0.0,0.0,0.0,0.0,0.0,0.0,18.75,39.2523364,46.7289719,14.018691500000001,0.0,7.047176276166403,-0.6768477186560631,-0.004028855468190852,15.096121619471946,2024,Rk
Manuel De Cesare,SEA,821699.0,sa3023777,17,6205,168,158,0.0,0.0,0.0,0.056962025,0,0.0,40,4.1666666,23.8095238,64.19887563222028,0.327731092,0.2973002592722575,0.0,0.0,0.0,0.0,0.0,0.0,0.0,0.0,0.0,0.0,0.0,0.0,0.0,0.0,0.0,17.599999999999994,49.5495495,33.3333333,17.1171171,0.0,3.3980090037888235,-0.5347283631563187,-0.003182906923549516,11.860687550640733,2024,Rk
Camilo Diaz,HOU,806969.0,sa3021074,18,6570,168,138,0.0,0.0,0.0,0.115942029,2,0.0,69,16.6666666,41.071428499999996,89.78702864352785,0.358208955,0.3271654241141819,0.0,0.0,0.0,0.0,0.0,0.0,0.0,94.3,93.0,87.6,0.0,0.0,0.0,0.0,0.0,12.5,54.8387096,20.9677419,24.1935483,-26.0,8.591323817926934,1.3252604901790621,0.007888455298684892,18.571635349206318,2024,Rk
Israfell Bautista,TBR,820984.0,sa3024116,17,6205,168,148,0.0,0.0,0.0,0.033783783,0,0.0,32,8.928571400000003,19.047619,91.20287441456415,0.34745762700000005,0.3411888034043912,0.0,0.0,0.0,0.0,0.0,0.0,0.0,0.0,0.0,0.0,0.0,0.0,0.0,0.0,0.0,15.037593984962404,49.122807,28.070175400000004,22.8070175,0.0,8.58420365535248,4.918666444718838,0.02927777645665975,22.01056279597229,2024,Rk
Alex Acosta,NYM,808105.0,sa3021176,18,6570,167,142,0.0,0.0,0.0,0.12676056300000002,3,0.0,33,11.9760479,19.760479,101.8162008314398,0.29906542,0.3681580063825596,0.0,0.0,0.0,0.0,0.0,0.0,0.0,0.0,0.0,0.0,0.0,0.0,0.0,0.0,0.0,26.95652173913044,54.205607400000005,28.037383100000003,17.7570093,0.0,6.126142096279254,-0.6134577691555023,-0.0036733998153024093,20.404452506956826,2024,Rk
Juan Espinal,ATL,821042.0,sa3024315,17,6205,167,130,0.0,0.0,0.0,0.076923077,2,0.0,63,15.5688622,37.724550799999996,83.9666972230482,0.298507462,0.3268508604186738,0.0,0.0,0.0,0.0,0.0,0.0,0.0,0.0,0.0,0.0,0.0,0.0,0.0,0.0,0.0,17.441860465116278,43.283582,41.79104470000001,14.9253731,0.0,6.0353626007344205,-0.06505332514643669,-0.00038954086914033947,18.473106275739735,2024,Rk
Alberto Mendez,CLE,800160.0,sa3018458,19,6935,167,143,0.0,0.0,0.0,0.167832168,5,0.0,47,12.574850200000002,28.1437125,72.22837447363457,0.23076923,0.3138259724228682,0.0,0.0,0.0,0.0,0.0,0.0,0.0,0.0,0.0,0.0,0.0,0.0,0.0,0.0,0.0,31.25,33.695652100000004,50.0,16.3043478,0.0,2.9533318575567984,-0.3202231358736753,-0.0019175038076267984,10.605867308107117,2024,Rk
Juneiker Caceres,CLE,821181.0,sa3024329,16,5840,167,141,0.0,0.0,0.0,0.16312056800000002,0,0.0,18,11.3772455,10.7784431,139.7265714693989,0.38095238,0.4476374626159668,0.0,0.0,0.0,0.0,0.0,0.0,0.0,0.0,0.0,0.0,0.0,0.0,0.0,0.0,0.0,19.083969465648856,33.3333333,36.58536580000001,30.081300800000005,0.0,8.493720336531759,1.5178080797195437,0.009088671136045171,38.117652043115186,2024,Rk
Luis Frias,SFG,801263.0,sa3018608,19,6935,167,143,0.0,0.0,0.0,0.104895105,1,0.0,50,10.7784431,29.940119699999997,86.06182324422285,0.336956521,0.3374805927276611,0.0,0.0,0.0,0.0,0.0,0.0,0.0,0.0,0.0,0.0,0.0,0.0,0.0,0.0,0.0,19.19191919191919,60.43956040000001,28.571428499999996,10.9890109,0.0,8.86349536520769,-0.2270659506320953,-0.0013596763510903911,12.533831509308367,2024,Rk
Cristian Jauregui,PIT,808286.0,sa3021231,18,6570,167,135,0.0,0.0,0.0,0.118518518,3,0.0,36,13.772454999999999,21.5568862,133.38120750746089,0.35051546299999997,0.41037657589255694,0.0,0.0,0.0,0.0,0.0,0.0,0.0,0.0,0.0,0.0,0.0,0.0,0.0,0.0,0.0,25.0,46.9387755,32.6530612,20.408163199999997,0.0,8.699609107916237,-0.031551867723464966,-0.00018893333966146688,25.58968373459279,2024,Rk
Aaron Pinero,TBR,821775.0,sa3023783,17,6205,167,145,0.0,0.0,0.0,0.04137931,0,0.0,29,10.179640699999998,17.3652694,84.6427260335388,0.293103448,0.3263859035012251,0.0,0.0,0.0,0.0,0.0,0.0,0.0,0.0,0.0,0.0,0.0,0.0,0.0,0.0,0.0,15.503875968992247,50.0,35.0877192,14.9122807,0.0,4.555564510768121,0.2110039666295052,0.0012634968061647016,18.444773290654254,2024,Rk
Sandro Pereira,HOU,808014.0,sa3021140,18,6570,167,130,0.0,0.0,0.0,0.06923077,0,0.0,30,16.766467000000002,17.9640718,143.9640552336735,0.42156862700000003,0.4462164069667007,0.0,0.0,0.0,0.0,0.0,0.0,0.0,0.0,0.0,0.0,0.0,0.0,0.0,0.0,0.0,10.317460317460316,50.0,29.0,21.0,0.0,5.9057374315483,-0.3219931274652481,-0.0019281025596721445,25.689531236470245,2024,Rk
Herlinton Herrera,COL,821824.0,sa3023981,17,6205,167,127,0.0,0.0,0.0,0.05511811,0,0.0,27,19.760479,16.167664600000002,103.8305663654366,0.294117647,0.3764234506722653,0.0,0.0,0.0,0.0,0.0,0.0,0.0,0.0,0.0,0.0,0.0,0.0,0.0,0.0,0.0,8.256880733944955,52.5773195,30.927835,16.494845299999998,0.0,6.674955087308581,0.551309522241354,0.0033012546241997245,28.904644725744706,2024,Rk
Victor Rodriguez,LAA,808123.0,sa3021183,18,6570,167,145,0.0,0.0,0.0,0.137931034,1,0.0,51,8.9820359,30.5389221,63.58877343247324,0.319587628,0.3089981456118894,0.0,0.0,0.0,0.0,0.0,0.0,0.0,0.0,0.0,0.0,0.0,0.0,0.0,0.0,0.0,18.367346938775512,47.368421000000005,37.8947368,14.7368421,0.0,5.545642058337598,-2.381928516551852,-0.014263045009292529,11.894162689401837,2024,Rk
Heriberto Rincon,NYM,808298.0,sa3021238,18,6570,167,140,0.0,0.0,0.0,0.071428571,1,0.0,26,11.3772455,15.5688622,69.2746501090254,0.239316239,0.3028112483747078,0.0,0.0,0.0,0.0,0.0,0.0,0.0,0.0,0.0,0.0,0.0,0.0,0.0,0.0,0.0,21.09375,35.1351351,48.6486486,16.216216199999998,0.0,7.073969677957418,-0.7447235882282257,-0.0044594226840013506,16.037834017316147,2024,Rk
Carlos Matias,TBR,820993.0,sa3023744,17,6205,166,146,0.0,0.0,0.0,0.123287671,3,0.0,37,9.0361445,22.2891566,98.73697406264112,0.308411214,0.35192712674657983,0.0,0.0,0.0,0.0,0.0,0.0,0.0,0.0,0.0,0.0,0.0,0.0,0.0,0.0,0.0,20.8,44.859813,41.1214953,14.018691500000001,0.0,6.3227804745720055,1.161222219467163,0.006995314575103392,22.941384688339724,2024,Rk
Maylerson Casanova,PHI,815004.0,sa3023876,17,6205,166,139,0.0,0.0,0.0,0.079136691,2,0.0,59,12.0481927,35.54216860000001,75.79901724884178,0.282051282,0.3033727314098772,0.0,0.0,0.0,0.0,0.0,0.0,0.0,0.0,0.0,0.0,0.0,0.0,0.0,0.0,0.0,26.744186046511626,43.037974600000005,41.772151799999996,15.189873400000002,0.0,8.41968397695479,1.7204801999032495,0.010364338553634035,17.956445959474912,2024,Rk
Anielson Buten,CIN,808004.0,sa3021137,18,6570,166,143,0.0,0.0,0.0,0.13986014,2,0.0,33,9.638554199999998,19.879518,121.51621218758743,0.37614678799999995,0.40879886906321455,0.0,0.0,0.0,0.0,0.0,0.0,0.0,0.0,0.0,0.0,0.0,0.0,0.0,0.0,0.0,25.0,41.1214953,42.0560747,16.8224299,0.0,7.2391333237284385,0.5865422487258911,0.0035333870405174165,23.697368407915306,2024,Rk
Eriandys Ramon,CHC,814546.0,sa3022256,21,7665,166,159,0.0,0.0,0.0,0.22641509399999998,4,0.0,33,4.216867400000001,19.879518,130.686400616146,0.409836065,0.4209347008222557,0.0,0.0,0.0,0.0,0.0,0.0,0.0,98.0,96.0,88.2,50.0,50.0,0.6,0.0,0.0,24.6031746031746,36.290322499999995,43.548387,20.1612903,42.5,6.649207588472928,-1.241886828560382,-0.007481245955183025,8.664739694097305,2024,Rk
Hector Campusano,BAL,821763.0,sa3024148,17,6205,166,129,0.0,0.0,0.0,0.100775194,2,0.0,28,17.469879499999998,16.867469800000002,113.10773115111891,0.287128712,0.38697826356598825,0.0,0.0,0.0,0.0,0.0,0.0,0.0,0.0,0.0,0.0,0.0,0.0,0.0,0.0,0.0,10.810810810810812,51.54639170000001,26.8041237,21.6494845,0.0,5.445325689381408,-2.045160084962845,-0.012320241475679788,28.34798490112389,2024,Rk
Jose Alpuria,ARI,800434.0,sa3018562,19,6935,165,129,0.0,0.0,0.0,0.069767442,1,0.0,42,11.5151515,25.4545454,121.71992012947588,0.409090909,0.4026144963322264,0.0,0.0,0.0,0.0,0.0,0.0,0.0,0.0,0.0,0.0,0.0,0.0,0.0,0.0,0.0,16.853932584269664,51.724137899999995,31.0344827,17.241379300000002,0.0,8.491554812825044,1.787273989059031,0.01083196357005473,16.796407607253325,2024,Rk
Yoffry Solano,MIA,703200.0,sa3019638,19,6935,165,149,0.0,0.0,0.0,0.10738255099999999,0,0.0,17,7.2727271999999985,10.303030300000001,94.66555615298412,0.298507462,0.3401895584482135,0.0,0.0,0.0,0.0,0.0,0.0,0.0,0.0,0.0,0.0,0.0,0.0,0.0,0.0,0.0,10.294117647058822,55.813953399999995,22.4806201,21.7054263,0.0,8.384181680134116,0.09023481048643588,0.0005468776393117328,15.21110085508784,2024,Rk
Martin Tamara,DET,808344.0,sa3021257,20,7300,165,136,0.0,0.0,0.0,0.117647059,2,0.0,39,9.6969696,23.636363600000003,65.01689348719253,0.25,0.3248554924387991,0.0,0.0,0.0,0.0,0.0,0.0,0.0,0.0,0.0,0.0,0.0,0.0,0.0,0.0,0.0,12.037037037037035,53.19148930000001,29.787234,17.021276500000003,0.0,8.439702856924617,0.7720757499337196,0.004679246969295271,8.952688901516568,2024,Rk
Jesus Premoli,CHW,821600.0,sa3023952,17,6205,165,151,0.0,0.0,0.0,0.079470199,2,0.0,43,6.060606,26.060606,59.32621782541374,0.29245283,0.29790444590828635,0.0,0.0,0.0,0.0,0.0,0.0,0.0,0.0,0.0,0.0,0.0,0.0,0.0,0.0,0.0,7.82608695652174,55.33980579999999,24.2718446,20.3883495,0.0,3.5373641116416725,-0.01164395734667778,-7.056943846471382e-05,12.517346146151509,2024,Rk
Juan Mateo,ATL,821379.0,sa3024340,17,6205,165,144,0.0,0.0,0.0,0.083333333,1,0.0,16,12.7272727,9.6969696,96.66768101563714,0.275590551,0.3498672470901952,0.0,0.0,0.0,0.0,0.0,0.0,0.0,0.0,0.0,0.0,0.0,0.0,0.0,0.0,0.0,24.35897435897436,36.58536580000001,45.5284552,17.8861788,0.0,5.39453605641137,-1.5664306730031967,-0.009493519230322404,23.98387187486762,2024,Rk
Amauri Ramirez,HOU,821752.0,sa3023778,17,6205,165,142,0.0,0.0,0.0,0.091549296,1,0.0,31,12.7272727,18.787878699999997,75.12192509147214,0.261261261,0.320654026667277,0.0,0.0,0.0,0.0,0.0,0.0,0.0,0.0,0.0,0.0,0.0,0.0,0.0,0.0,0.0,23.577235772357724,45.871559600000005,42.2018348,11.9266055,0.0,5.387102044874174,-0.7808971628546715,-0.0047327100779071,19.82725629820803,2024,Rk
Kendry Chirinos,TOR,800140.0,sa3018453,19,6935,164,140,0.0,0.0,0.0,0.142857142,2,0.0,41,9.756097500000001,25.0,136.0756223732737,0.412371134,0.4123896298612037,0.0,0.0,0.0,0.0,0.0,0.0,0.0,107.0,103.9,93.1,57.1,0.0,0.0,0.0,0.0,10.280373831775698,52.040816299999996,26.5306122,21.4285714,8.3,6.952286203720968,-0.02320191077888012,-0.00014147506572487878,17.1400971570392,2024,Rk
Alfonzo Martinez,TBR,808273.0,sa3021225,18,6570,164,139,0.0,0.0,0.0,0.179856115,5,0.0,33,9.756097500000001,20.1219512,139.58452130233192,0.35922329999999997,0.4286514673291183,0.0,0.0,0.0,0.0,0.0,0.0,0.0,0.0,0.0,0.0,0.0,0.0,0.0,0.0,0.0,9.75609756097561,42.45283010000001,37.735849,19.811320700000003,0.0,7.885129111544504,-0.15824923291802406,-0.0009649343470611224,25.153363829128303,2024,Rk
Vladimir Asencio,BOS,815918.0,sa3023724,17,6205,164,133,0.0,0.0,0.0,0.030075188,0,0.0,39,12.804878,23.7804878,63.156979943798454,0.23157894699999998,0.2944084122413542,0.0,0.0,0.0,0.0,0.0,0.0,0.0,0.0,0.0,0.0,0.0,0.0,0.0,0.0,0.0,15.533980582524268,44.444444399999995,41.1111111,14.444444400000002,0.0,7.931956993088637,-0.05419978871941567,-0.00033048651658180284,17.443952258663842,2024,Rk
Cesar Lugo,CHC,821113.0,sa3024319,17,6205,164,129,0.0,0.0,0.0,0.12403100800000001,1,0.0,21,18.902439,12.804878,131.19491900608745,0.308411214,0.4190409198039916,0.0,0.0,0.0,0.0,0.0,0.0,0.0,0.0,0.0,0.0,0.0,0.0,0.0,0.0,0.0,11.111111111111109,55.1401869,27.102803700000003,17.7570093,0.0,6.909849361930092,0.6254704743623734,0.0038138443558681295,35.177900952908566,2024,Rk
Geuri Lubo,CHC,702895.0,sa3017122,20,7300,164,139,0.0,0.0,0.0,0.115107913,3,0.0,32,12.1951219,19.5121951,108.14070099448445,0.34905660299999997,0.3814616701224955,0.0,0.0,0.0,0.0,0.0,0.0,0.0,101.8,99.2,92.4,33.3,0.0,0.0,0.0,0.0,11.926605504587155,48.076923,29.8076923,22.115384600000002,34.3,6.752753172204089,0.13491084706038234,0.0008226271162218437,11.899902174020585,2024,Rk
Robin Ortiz,CHC,821258.0,sa3024336,17,6205,164,134,0.0,0.0,0.0,0.12686567199999998,2,0.0,38,12.804878,23.170731699999997,119.9265606899494,0.36082474200000003,0.3977434964267754,0.0,0.0,0.0,0.0,0.0,0.0,0.0,0.0,0.0,0.0,0.0,0.0,0.0,0.0,0.0,24.52830188679245,43.75,33.3333333,22.916666600000003,0.0,5.307554037984038,-2.300368618220091,-0.014026637915976164,25.837182428695,2024,Rk
Robert Perez,MIA,801265.0,sa3018609,20,7300,163,135,0.0,0.0,0.0,0.148148149,3,0.0,43,12.2699386,26.380368,113.77558302977621,0.34444444399999996,0.3911395453236586,0.0,0.0,0.0,0.0,0.0,0.0,0.0,0.0,0.0,0.0,0.0,0.0,0.0,0.0,0.0,27.450980392156865,48.863636299999996,31.8181818,19.3181818,0.0,7.256876104755221,-0.8840882927179337,-0.00542385455655174,11.514539789792984,2024,Rk
Arnold Prado,CHW,802102.0,sa3019704,19,6935,163,149,0.0,0.0,0.0,0.11409395900000001,3,0.0,66,5.5214723,40.4907975,68.42279991750425,0.4125,0.31813360467278884,0.0,0.0,0.0,0.0,0.0,0.0,0.0,0.0,0.0,0.0,0.0,0.0,0.0,0.0,0.0,9.63855421686747,41.25,42.5,16.25,0.0,8.287951927369782,0.30277490289881825,0.0018575147417105415,9.71929276376457,2024,Rk
Haniel German,NYM,815182.0,sa3024299,18,6570,163,145,0.0,0.0,0.0,0.144827586,4,0.0,37,7.9754600999999985,22.6993865,102.12582036872378,0.330188679,0.36871909071331377,0.0,0.0,0.0,0.0,0.0,0.0,0.0,0.0,0.0,0.0,0.0,0.0,0.0,0.0,0.0,26.315789473684212,31.1320754,40.5660377,28.301886699999997,0.0,4.628269438184692,-0.2632395252585411,-0.0016149664126290865,17.947930405971807,2024,Rk
Santiago Prado,PHI,815016.0,sa3024296,17,6205,163,136,0.0,0.0,0.0,0.036764706,0,0.0,30,11.656441699999998,18.4049079,67.69233297322735,0.24770642199999998,0.29528033439023993,0.0,0.0,0.0,0.0,0.0,0.0,0.0,0.0,0.0,0.0,0.0,0.0,0.0,0.0,0.0,21.73913043478261,42.9906542,37.3831775,19.6261682,0.0,5.306092947956602,-0.6026042327284813,-0.003696958482996817,16.468130919395918,2024,Rk
Johmphy De La Cruz,TEX,821822.0,sa3023980,17,6205,163,129,0.0,0.0,0.0,0.03875969,0,0.0,64,19.6319018,39.2638036,63.17966202906626,0.303030303,0.29983535573526393,0.0,0.0,0.0,0.0,0.0,0.0,0.0,0.0,0.0,0.0,0.0,0.0,0.0,0.0,0.0,21.73913043478261,38.7096774,37.09677410000001,24.1935483,0.0,4.755466882226858,-0.8487730324268341,-0.0052071965179560364,14.876483816063962,2024,Rk
Gabriel Rodriguez,CLE,821657.0,sa3024645,17,6205,163,108,0.0,0.0,0.0,0.12962963,2,0.0,27,23.9263803,16.5644171,157.3355601009003,0.3375,0.4786965091776403,0.0,0.0,0.0,0.0,0.0,0.0,0.0,0.0,0.0,0.0,0.0,0.0,0.0,0.0,0.0,16.483516483516482,46.25,36.25,17.5,0.0,6.3832465558793,-0.14370019733905792,-0.0008815963026936068,36.31622029487271,2024,Rk
Carlos Vasquez,TOR,800199.0,sa3018939,19,6935,163,135,0.0,0.0,0.0,0.05925926,0,0.0,42,13.496932500000002,25.7668711,77.33117050609091,0.302083333,0.3106158912917714,0.0,0.0,0.0,0.0,0.0,0.0,0.0,101.7,94.9,84.0,15.4,0.0,0.0,0.0,0.0,15.84158415841584,51.5789473,27.368421,21.0526315,12.4,4.667506403870815,-1.5510451085865498,-0.009515614163107668,9.9102314025345,2024,Rk
Yoander Rivero,WSN,682714.0,sa3008782,22,8030,163,132,0.0,0.0,0.0,0.08333333400000001,2,0.0,29,14.7239263,17.791411,57.373345881872034,0.192307692,0.2803450357988945,0.0,0.0,0.0,0.0,0.0,0.0,0.0,0.0,0.0,0.0,0.0,0.0,0.0,0.0,0.0,17.391304347826086,47.058823499999995,40.19607840000001,12.745098,0.0,4.02363760782194,-0.21480069495737555,-0.001317795674585126,4.056323301222222,2024,Rk
Luis Martinez,ARI,808370.0,sa3021626,18,6570,163,127,0.0,0.0,0.0,0.102362205,2,0.0,36,18.4049079,22.0858895,127.577991280308,0.36559139700000004,0.4118468563980852,0.0,0.0,0.0,0.0,0.0,0.0,0.0,0.0,0.0,0.0,0.0,0.0,0.0,0.0,0.0,16.666666666666664,34.0425531,41.4893617,24.468085100000003,0.0,2.4638265511927595,-0.9554945938289164,-0.005861930023490286,22.869181251931767,2024,Rk
Jose Caguana,SEA,683588.0,sa3009310,22,8030,163,129,0.0,0.0,0.0,0.255813954,8,0.0,51,16.5644171,31.2883435,124.71824268657772,0.315068493,0.4034949219299972,0.0,0.0,0.0,0.0,0.0,0.0,0.0,0.0,0.0,0.0,0.0,0.0,0.0,0.0,0.0,24.705882352941174,31.645569599999998,59.4936708,8.8607594,0.0,6.6815228996891305,0.5874782865867019,0.003604161267403079,6.663424051212805,2024,Rk
Javier Sanchez,TEX,821795.0,sa3023975,16,5840,163,124,0.0,0.0,0.0,0.112903226,1,0.0,19,17.791411,11.656441699999998,142.19567409106784,0.333333333,0.4430418176415526,0.0,0.0,0.0,0.0,0.0,0.0,0.0,0.0,0.0,0.0,0.0,0.0,0.0,0.0,0.0,12.5,48.0392156,29.4117647,22.5490196,0.0,4.196345053751784,-0.2541172578930855,-0.0015590015821661685,35.878417541045216,2024,Rk
Yairo Padilla,STL,821107.0,sa3023925,17,6205,162,136,0.0,0.0,0.0,0.117647059,1,0.0,29,10.493827099999999,17.901234499999994,120.18265123001684,0.355140186,0.4023860796638157,0.0,0.0,0.0,0.0,0.0,0.0,0.0,0.0,0.0,0.0,0.0,0.0,0.0,0.0,0.0,17.073170731707318,42.30769229999999,32.6923076,25.0,0.0,9.447732779508481,1.5240931622684002,0.009407982483138271,30.536291337432647,2024,Rk
Engelth Urena,NYY,800246.0,sa3018484,19,6935,162,133,0.0,0.0,0.0,0.263157895,8,0.0,19,14.814814800000002,11.728395,155.81290441155156,0.29906542,0.4590699227503788,0.0,0.0,0.0,0.0,0.0,0.0,0.0,102.5,98.7,81.7,22.2,0.0,0.0,0.0,0.0,23.484848484848484,36.6071428,50.0,13.3928571,29.0,4.953092669965257,-0.3901780005544424,-0.0024085061762619897,21.27727301384607,2024,Rk
Eduarlin Tejeda,SDP,808355.0,sa3021259,19,6935,162,133,0.0,0.0,0.0,0.030075188,0,0.0,40,14.197530800000003,24.691357999999997,71.57861117572344,0.29787234,0.3212675056102113,0.0,0.0,0.0,0.0,0.0,0.0,0.0,0.0,0.0,0.0,0.0,0.0,0.0,0.0,0.0,6.0,65.9090909,18.1818181,15.9090909,0.0,5.923069763207088,-1.4704801142215729,-0.009077037742108477,10.47479051284343,2024,Rk
Miguel Rodríguez,BAL,808277.0,sa3021226,18,6570,162,133,0.0,0.0,0.0,0.112781955,3,0.0,18,12.345678999999999,11.111111099999999,135.48532636935101,0.336283185,0.4150531023740768,0.0,0.0,0.0,0.0,0.0,0.0,0.0,0.0,0.0,0.0,0.0,0.0,0.0,0.0,0.0,16.666666666666664,49.5575221,35.39823000000001,15.044247699999998,0.0,3.3066614607644413,-1.8501168601214888,-0.011420474445194373,23.53323552811675,2024,Rk
Ricardo Hurtado,DET,691452.0,sa3019200,21,7665,161,116,0.0,0.0,0.0,0.155172414,3,0.0,40,20.4968944,24.8447204,138.10641560969498,0.32,0.4156186804175377,0.0,0.0,0.0,0.0,0.0,0.0,0.0,105.5,102.3,89.4,25.0,0.0,0.0,0.0,0.0,30.0,41.5584415,38.9610389,19.4805194,29.8,3.555095137365152,-0.5634083207696676,-0.003499430563786756,9.32719436329378,2024,Rk
Alexander Benua,ARI,699229.0,sa3015817,20,7300,161,136,0.0,0.0,0.0,0.176470588,4,0.0,38,11.1801242,23.602484399999998,120.82122924085176,0.37755102,0.4010410675350924,0.0,0.0,0.0,0.0,0.0,0.0,0.0,0.0,0.0,0.0,0.0,0.0,0.0,0.0,0.0,28.43137254901961,46.9387755,39.7959183,13.265306099999998,0.0,8.790491899009185,1.4243364408612251,0.008846810191684628,13.151226786164214,2024,Rk
Pascual Archila,TOR,821413.0,sa3023946,17,6205,161,120,0.0,0.0,0.0,0.091666667,2,0.0,35,18.0124223,21.739130399999997,123.87034868282193,0.317647058,0.3999812085673494,0.0,0.0,0.0,0.0,0.0,0.0,0.0,0.0,0.0,0.0,0.0,0.0,0.0,0.0,0.0,19.148936170212764,45.348837200000006,39.53488370000001,15.116279,0.0,5.726422747337965,0.6798206903040409,0.004222488759652428,29.667968676871446,2024,Rk
Justin Barry,BOS,815204.0,sa3023716,17,6205,161,135,0.0,0.0,0.0,0.148148148,3,0.0,37,11.1801242,22.9813664,83.03450567119121,0.252525252,0.3324160827613025,0.0,0.0,0.0,0.0,0.0,0.0,0.0,0.0,0.0,0.0,0.0,0.0,0.0,0.0,0.0,26.95652173913044,31.3131313,53.53535350000001,15.151515099999997,0.0,8.939120788723868,1.3937828317284584,0.00865703622191589,23.60887648403025,2024,Rk
Juanfel Peguero,TBR,800346.0,sa3020282,19,6935,161,129,0.0,0.0,0.0,0.023255814,0,0.0,41,16.770186300000002,25.4658385,84.65442862428748,0.325842696,0.32975364518615435,0.0,0.0,0.0,0.0,0.0,0.0,0.0,91.5,89.9,72.8,0.0,0.0,0.0,0.0,0.0,10.810810810810812,63.9534883,19.7674418,16.279069699999997,-4.0,4.488904357382889,-2.9966189954429865,-0.018612540344366376,10.876277704635342,2024,Rk
Marcelo Alcala,CHW,808708.0,sa3021304,18,6570,161,136,0.0,0.0,0.0,0.16911764699999998,3,0.0,54,7.453416099999999,33.540372600000005,114.86388534630012,0.419753086,0.39854833707213394,0.0,0.0,0.0,0.0,0.0,0.0,0.0,0.0,0.0,0.0,0.0,0.0,0.0,0.0,0.0,29.88505747126437,36.58536580000001,47.5609756,15.853658500000002,0.0,9.07714504078115,0.2743113823235035,0.0017037974057360465,20.634238538674804,2024,Rk
Cesar Mujica,PHI,815009.0,sa3023880,17,6205,160,135,0.0,0.0,0.0,0.029629628999999998,0,0.0,47,9.375,29.375,68.61462256705923,0.280898876,0.2903533615171909,0.0,0.0,0.0,0.0,0.0,0.0,0.0,0.0,0.0,0.0,0.0,0.0,0.0,0.0,0.0,20.0,46.913580200000006,29.629629600000005,23.456790100000003,0.0,5.188721577080342,0.5204801820218563,0.003253001137636602,12.8306756282734,2024,Rk
Anibal Salas,DET,807010.0,sa3021102,18,6570,160,133,0.0,0.0,0.0,0.127819549,4,0.0,48,14.374999999999998,30.0,89.90777006864622,0.271604938,0.3321153674274683,0.0,0.0,0.0,0.0,0.0,0.0,0.0,109.8,108.5,94.3,60.0,40.0,1.2,0.0,0.0,19.101123595505616,51.85185180000001,33.3333333,14.814814800000002,-5.8,6.384073082132857,0.2284809518605471,0.0014280059491284189,17.698995538277334,2024,Rk
Esmil Valencia,HOU,806982.0,sa3021082,18,6570,160,149,0.0,0.0,0.0,0.08724832199999999,2,0.0,28,3.125,17.5,99.08670447782721,0.341666666,0.3432769503444433,0.0,0.0,0.0,0.0,0.0,0.0,0.0,0.0,0.0,0.0,0.0,0.0,0.0,0.0,0.0,10.077519379844961,50.0,32.1428571,17.857142800000005,0.0,8.129991125567471,0.3561374060809612,0.0022258587880060075,18.523079372265908,2024,Rk
Luis Escudero,NYY,806884.0,sa3021063,18,6570,160,122,0.0,0.0,0.0,0.131147541,1,0.0,12,21.25,7.5,138.9180081110924,0.30909090899999997,0.4450852617621422,0.0,0.0,0.0,0.0,0.0,0.0,0.0,0.0,0.0,0.0,0.0,0.0,0.0,0.0,0.0,16.80672268907563,44.859813,31.7757009,23.3644859,0.0,9.485167339029706,2.2752522602677345,0.01422032662667334,32.045577006669234,2024,Rk
Enmanuel Ramirez,WSN,698990.0,sa3015763,20,7300,160,144,0.0,0.0,0.0,0.06944444400000001,0,0.0,30,9.375,18.75,82.1326692866848,0.32173913,0.3232401318848133,0.0,0.0,0.0,0.0,0.0,0.0,0.0,0.0,0.0,0.0,0.0,0.0,0.0,0.0,0.0,9.836065573770492,48.1481481,31.4814814,20.3703703,0.0,4.0768746442028245,-0.8560805991292,-0.0053505037445575,7.4833109555495,2024,Rk
Hendry Chivilli,MIN,806998.0,sa3021095,18,6570,159,135,0.0,0.0,0.0,0.074074074,0,0.0,48,10.691823800000002,30.188679200000006,77.38526597596712,0.314606741,0.30591684204977265,0.0,0.0,0.0,0.0,0.0,0.0,0.0,87.9,87.3,84.9,0.0,0.0,0.0,0.0,0.0,19.565217391304348,42.1686746,39.7590361,18.0722891,16.3,6.45548020126887,-0.2871442437171936,-0.0018059386397307772,12.854340036223373,2024,Rk
Yorfran Medina,LAD,800337.0,sa3019207,19,6935,159,115,0.0,0.0,0.0,0.17391304300000002,5,0.0,53,17.6100628,33.3333333,118.00024773231723,0.31666666600000004,0.41049430130412745,0.0,0.0,0.0,0.0,0.0,0.0,0.0,0.0,0.0,0.0,0.0,0.0,0.0,0.0,0.0,36.98630136986301,28.571428499999996,39.6825396,31.7460317,0.0,3.7345759744342435,-0.4161298833787441,-0.0026171690778537373,16.3324783200799,2024,Rk
Yunior Quezada,LAD,815757.0,sa3024302,18,6570,159,133,0.0,0.0,0.0,0.203007519,6,0.0,38,11.320754699999998,23.899371,107.37345472373535,0.266666666,0.38168476962443415,0.0,0.0,0.0,0.0,0.0,0.0,0.0,0.0,0.0,0.0,0.0,0.0,0.0,0.0,0.0,20.560747663551396,43.478260799999994,38.0434782,18.4782608,0.0,5.2651669721540095,0.2652716487646103,0.0016683751494629578,20.749131554533797,2024,Rk
Domingo Batista,TBR,820999.0,sa3024118,17,6205,159,125,0.0,0.0,0.0,0.10400000000000001,2,0.0,40,18.2389937,25.1572327,139.38183446880473,0.411764705,0.42849743966036624,0.0,0.0,0.0,0.0,0.0,0.0,0.0,0.0,0.0,0.0,0.0,0.0,0.0,0.0,0.0,13.402061855670107,45.8823529,34.117647,20.0,0.0,5.029013050294834,-0.5663481242954731,-0.0035619378886507743,29.21964085404809,2024,Rk
Alfredo Rodriguez,TBR,808233.0,sa3021207,18,6570,159,143,0.0,0.0,0.0,0.06993007,0,0.0,35,6.2893080999999995,22.0125786,74.17976490763802,0.30909090899999997,0.3103399749072093,0.0,0.0,0.0,0.0,0.0,0.0,0.0,0.0,0.0,0.0,0.0,0.0,0.0,0.0,0.0,13.114754098360656,59.047619,22.857142800000002,18.095238000000002,0.0,6.3832285186472095,-1.4931280352175236,-0.009390742359858638,12.683368286433213,2024,Rk
Tavano Baker,BOS,821138.0,sa3023762,17,6205,159,144,0.0,0.0,0.0,0.097222222,1,0.0,25,6.9182389,15.7232704,80.43528861934837,0.285714285,0.32571970591755034,0.0,0.0,0.0,0.0,0.0,0.0,0.0,0.0,0.0,0.0,0.0,0.0,0.0,0.0,0.0,15.873015873015873,47.058823499999995,34.453781500000005,18.487394899999998,0.0,8.694017624494006,0.9829292893409728,0.006181945215980962,22.291392677554946,2024,Rk
Eduardo Herrera,CHW,815901.0,sa3023889,17,6205,159,132,0.0,0.0,0.0,0.053030304,0,0.0,44,13.836477899999998,27.6729559,66.53713977069884,0.29213483100000004,0.3109718878057939,0.0,0.0,0.0,0.0,0.0,0.0,0.0,0.0,0.0,0.0,0.0,0.0,0.0,0.0,0.0,14.432989690721648,46.5116279,38.372093,15.116279,0.0,5.447337683938948,-0.5672889724373817,-0.003567855172562149,15.893137986778614,2024,Rk
Sandy Luciano,KCR,821773.0,sa3023782,17,6205,158,132,0.0,0.0,0.0,0.08333333400000001,1,0.0,19,15.822784799999999,12.025316400000001,90.98252702509315,0.265486725,0.35200264559516425,0.0,0.0,0.0,0.0,0.0,0.0,0.0,0.0,0.0,0.0,0.0,0.0,0.0,0.0,0.0,14.960629921259846,48.214285700000005,32.1428571,19.642857100000004,0.0,4.737269989350658,0.6272842772305012,0.003970153653357602,25.826349228515248,2024,Rk
Gabriel Terrero,NYY,808239.0,sa3021213,18,6570,158,125,0.0,0.0,0.0,0.10400000000000001,2,0.0,27,17.7215189,17.088607500000002,109.43198916834665,0.303030303,0.3787157958066916,0.0,0.0,0.0,0.0,0.0,0.0,0.0,98.8,97.7,85.8,28.6,0.0,0.0,0.0,0.0,16.379310344827587,54.0816326,29.591836699999998,16.326530599999998,3.4,7.887606047108557,2.354177173227072,0.014899855526753618,25.755868275388828,2024,Rk
Omar Mejia,KCR,821597.0,sa3023773,17,6205,158,127,0.0,0.0,0.0,0.047244095,1,0.0,43,17.088607500000002,27.215189799999997,84.91360841925075,0.317647058,0.3356542732471075,0.0,0.0,0.0,0.0,0.0,0.0,0.0,0.0,0.0,0.0,0.0,0.0,0.0,0.0,0.0,16.3265306122449,40.2439024,36.58536580000001,23.170731699999997,0.0,4.548875745217238,0.1702619381248951,0.0010776072033221206,19.35142881338994,2024,Rk
Agustin Acosta,LAD,802528.0,sa3018627,19,6935,158,126,0.0,0.0,0.0,0.158730158,3,0.0,48,16.4556962,30.379746800000003,112.90979107801789,0.373333333,0.4012695104845109,0.0,0.0,0.0,0.0,0.0,0.0,0.0,0.0,0.0,0.0,0.0,0.0,0.0,0.0,0.0,15.463917525773196,37.6623376,36.363636299999996,25.9740259,0.0,8.619705354533817,2.016430761665106,0.012762220010538644,18.559235688437344,2024,Rk
Yancel Guerrero,STL,699026.0,sa3015774,20,7300,158,134,0.0,0.0,0.0,0.201492537,6,0.0,56,6.9620253000000005,35.44303789999999,114.362822770178,0.37837837799999996,0.3854433067991764,0.0,0.0,0.0,0.0,0.0,0.0,0.0,0.0,0.0,0.0,0.0,0.0,0.0,0.0,0.0,12.941176470588234,45.45454539999999,32.4675324,22.077922,0.0,9.223400767537607,1.2367369458079338,0.007827449024100847,11.021070019150393,2024,Rk
Joel Mendez,NYY,693795.0,sa3015682,21,7665,158,130,0.0,0.0,0.0,0.276923077,6,0.0,42,16.4556962,26.5822784,150.0072706224025,0.38095238,0.4490117634399028,0.0,0.0,0.0,0.0,0.0,0.0,0.0,103.5,99.1,81.6,50.0,0.0,0.0,0.0,0.0,22.0,50.5617977,37.0786516,12.359550500000001,30.5,6.0584962835515235,-0.4560805931687355,-0.002886586032713516,9.916159193546626,2024,Rk
Deivis Mosquera,MIA,805108.0,sa3019216,19,6935,158,126,0.0,0.0,0.0,0.08730158800000001,0,0.0,28,12.6582278,17.7215189,117.76496458459494,0.333333333,0.3974605534650103,0.0,0.0,0.0,0.0,0.0,0.0,0.0,0.0,0.0,0.0,0.0,0.0,0.0,0.0,0.0,19.090909090909093,46.3157894,27.368421,26.315789399999996,0.0,6.426387948401742,-1.4867604188621044,-0.009409876068747495,16.792795254627947,2024,Rk
Luis Fragoza,MIN,821613.0,sa3023955,17,6205,157,116,0.0,0.0,0.0,0.08620689699999999,1,0.0,35,14.012738800000001,22.292993600000003,130.50089325258506,0.358024691,0.4211344772769559,0.0,0.0,0.0,0.0,0.0,0.0,0.0,0.0,0.0,0.0,0.0,0.0,0.0,0.0,0.0,8.421052631578947,46.0526315,31.5789473,22.368421,0.0,8.716723659965599,2.3159942887723446,0.014751555979441684,31.33961479691539,2024,Rk
Stiven Flores,CHW,808696.0,sa3021638,18,6570,157,143,0.0,0.0,0.0,0.041958042,1,0.0,32,7.0063694000000005,20.3821656,73.71841063939935,0.35714285700000004,0.3274051645758805,0.0,0.0,0.0,0.0,0.0,0.0,0.0,0.0,0.0,0.0,0.0,0.0,0.0,0.0,0.0,11.50442477876106,44.9541284,36.69724770000001,18.348623800000002,0.0,5.922198649318893,0.9689981425181032,0.00617196269119811,14.239895096522824,2024,Rk
Miguel Tamares,TBR,800546.0,sa3018592,19,6935,157,124,0.0,0.0,0.0,0.048387097000000004,0,0.0,42,17.8343949,26.751592300000002,88.42617620588925,0.304878048,0.3362881321056633,0.0,0.0,0.0,0.0,0.0,0.0,0.0,95.4,93.7,88.2,33.3,0.0,0.0,0.0,0.0,24.489795918367342,46.835443,35.44303789999999,17.7215189,13.7,8.380609046230099,0.8757246099412441,0.005577863757587542,14.312141101744,2024,Rk
Jose Rivera,MIA,801259.0,sa3018605,19,6935,157,131,0.0,0.0,0.0,0.053435114000000006,0,0.0,43,15.286624200000002,27.388535000000005,107.23377950976723,0.415730337,0.3832970591867046,0.0,0.0,0.0,0.0,0.0,0.0,0.0,0.0,0.0,0.0,0.0,0.0,0.0,0.0,0.0,10.526315789473683,53.488372,24.418604600000002,22.093023199999998,0.0,8.37586834244406,2.7078128755092616,0.017247215767574917,16.305643700577093,2024,Rk
Pedro Tovar,MIL,808325.0,sa3021248,18,6570,157,143,0.0,0.0,0.0,0.11888111900000001,0,0.0,43,8.2802547,27.388535000000005,106.91560725446085,0.425742574,0.38261636047606257,0.0,0.0,0.0,0.0,0.0,0.0,0.0,0.0,0.0,0.0,0.0,0.0,0.0,0.0,0.0,19.626168224299064,35.714285700000005,31.632653,32.6530612,0.0,7.800451391886487,0.13676048070192334,0.0008710858643434608,19.47505007509752,2024,Rk
Feldi Tavarez,WSN,821049.0,sa3023918,17,6205,157,137,0.0,0.0,0.0,0.131386861,4,0.0,26,11.4649681,16.560509500000002,87.16364247905308,0.261682242,0.34499269300891505,0.0,0.0,0.0,0.0,0.0,0.0,0.0,0.0,0.0,0.0,0.0,0.0,0.0,0.0,0.0,15.126050420168069,50.0,28.703703700000002,21.2962962,0.0,4.476017134466766,-0.4877012521028519,-0.003106377401928993,22.24639323065446,2024,Rk
Guillermo Batista,DET,821787.0,sa3024649,17,6205,156,122,0.0,0.0,0.0,0.09836065599999999,1,0.0,38,17.9487179,24.358974300000003,93.58425818973423,0.317647058,0.3766245146592458,0.0,0.0,0.0,0.0,0.0,0.0,0.0,0.0,0.0,0.0,0.0,0.0,0.0,0.0,0.0,18.08510638297873,48.192771,37.3493975,14.457831300000002,0.0,5.608818859037903,-1.3473957143723965,-0.008637152015207669,24.45136612877822,2024,Rk
Justin Capellan,NYY,820886.0,sa3023731,17,6205,156,128,0.0,0.0,0.0,0.1171875,1,0.0,33,10.8974358,21.153846100000006,100.03458299036349,0.3125,0.37307737118158585,0.0,0.0,0.0,0.0,0.0,0.0,0.0,0.0,0.0,0.0,0.0,0.0,0.0,0.0,0.0,29.12621359223301,34.736842100000004,48.4210526,16.8421052,0.0,5.520644823889112,0.9259069561958312,0.005935301001255329,24.53969837639769,2024,Rk
Carlos Caro,PIT,814261.0,sa3021325,19,6935,156,131,0.0,0.0,0.0,0.13740458,2,0.0,24,14.1025641,15.384615300000002,139.5229782536138,0.358490566,0.4152424786335383,0.0,0.0,0.0,0.0,0.0,0.0,0.0,101.6,94.2,78.7,14.3,0.0,0.0,0.0,0.0,22.72727272727273,41.904761900000004,41.904761900000004,16.1904761,-4.7,7.933819078886112,-0.10776344686746596,-0.0006907913260734999,20.711681802787034,2024,Rk
Andru Arthur,STL,808504.0,sa3021277,18,6570,156,119,0.0,0.0,0.0,0.092436975,2,0.0,36,14.7435897,23.076923,124.90151583224643,0.34939759,0.4109374812016121,0.0,0.0,0.0,0.0,0.0,0.0,0.0,0.0,0.0,0.0,0.0,0.0,0.0,0.0,0.0,29.67032967032967,38.55421679999999,34.939758999999995,26.506024,0.0,6.019400314946651,-0.19080984219908714,-0.0012231400140967125,23.17624651455489,2024,Rk
Omar Urbina,BAL,808226.0,sa3021204,18,6570,156,132,0.0,0.0,0.0,0.045454545,1,0.0,24,10.8974358,15.384615300000002,86.98579716831475,0.287037037,0.33873990120426295,0.0,0.0,0.0,0.0,0.0,0.0,0.0,0.0,0.0,0.0,0.0,0.0,0.0,0.0,0.0,23.07692307692308,37.735849,44.339622600000006,17.924528300000006,0.0,3.719791704153808,0.1286615952849388,0.0008247538159290949,16.12947487520367,2024,Rk
Jirvin Morillo,CIN,821073.0,sa3023751,17,6205,156,114,0.0,0.0,0.0,0.192982457,2,0.0,21,25.641025600000003,13.461538399999998,144.90100359756138,0.29032258,0.4477648307115604,0.0,0.0,0.0,0.0,0.0,0.0,0.0,0.0,0.0,0.0,0.0,0.0,0.0,0.0,0.0,29.09090909090909,36.9565217,39.1304347,23.9130434,0.0,5.4589378585851325,-0.7175072133541107,-0.004599405213808402,35.94122490403532,2024,Rk
Deuri Castillo,SEA,821274.0,sa3024338,20,7300,156,122,0.0,0.0,0.0,0.073770491,0,0.0,46,17.3076923,29.4871794,96.81670391583118,0.333333333,0.3564094243905483,0.0,0.0,0.0,0.0,0.0,0.0,0.0,0.0,0.0,0.0,0.0,0.0,0.0,0.0,0.0,5.6818181818181825,56.00000000000001,30.666666600000003,13.333333300000001,0.0,9.15675106138279,2.6824928373098373,0.01719546690583229,11.26412778248478,2024,Rk
Luis Lameda,MIL,808288.0,sa3021233,18,6570,155,114,0.0,0.0,0.0,0.035087718999999996,1,0.0,34,23.2258064,21.9354838,83.75437026768185,0.25609756,0.3422792219346569,0.0,0.0,0.0,0.0,0.0,0.0,0.0,0.0,0.0,0.0,0.0,0.0,0.0,0.0,0.0,15.662650602409641,40.7407407,35.802469099999996,23.456790100000003,0.0,2.5349337860474064,-1.8835693327710032,-0.012152060211425827,16.48578000176636,2024,Rk
Yordani Martinez,MIA,820969.0,sa3023738,17,6205,155,124,0.0,0.0,0.0,0.09677419400000001,0,0.0,28,12.9032258,18.064516100000002,71.65428782876009,0.216494845,0.320338105226492,0.0,0.0,0.0,0.0,0.0,0.0,0.0,0.0,0.0,0.0,0.0,0.0,0.0,0.0,0.0,18.446601941747574,43.0107526,36.5591397,20.430107500000002,0.0,9.050231650920834,2.9367605224251747,0.018946842080162417,23.953038920509876,2024,Rk
Dayker Baldallo,ATH,698995.0,sa3017699,20,7300,155,129,0.0,0.0,0.0,0.0,0,0.0,29,13.548387,18.709677399999997,75.55599053235557,0.29,0.3120215168062425,0.0,0.0,0.0,0.0,0.0,0.0,0.0,0.0,0.0,0.0,0.0,0.0,0.0,0.0,0.0,12.06896551724138,46.4646464,34.3434343,19.191919100000003,0.0,4.300294369264338,0.3232348300516605,0.002085386000333294,7.964646223635309,2024,Rk
Victor Hurtado,WSN,815900.0,sa3023888,17,6205,155,133,0.0,0.0,0.0,0.112781955,3,0.0,33,10.9677419,21.290322500000002,73.87238600680571,0.26,0.32090662981008555,0.0,0.0,0.0,0.0,0.0,0.0,0.0,0.0,0.0,0.0,0.0,0.0,0.0,0.0,0.0,17.592592592592588,45.45454539999999,39.3939393,15.151515099999997,0.0,3.3977570068026437,-0.12387482076883315,-0.0007991923920569881,18.026445099097884,2024,Rk
Jordan Sanchez,BAL,820847.0,sa3024112,18,6570,155,129,0.0,0.0,0.0,0.271317829,6,0.0,31,14.8387096,20.0,166.6326868088611,0.393617021,0.4839747715619654,0.0,0.0,0.0,0.0,0.0,0.0,0.0,0.0,0.0,0.0,0.0,0.0,0.0,0.0,0.0,37.5,24.2424242,48.4848484,27.2727272,0.0,7.124236117697165,-0.2740930616855621,-0.0017683423334552396,28.33001894022947,2024,Rk
Branny De Oleo,NYM,808067.0,sa3021160,19,6935,155,139,0.0,0.0,0.0,0.09352518,2,0.0,35,7.096774099999999,22.5806451,64.40494899442693,0.26213592199999997,0.2910426297495442,0.0,0.0,0.0,0.0,0.0,0.0,0.0,0.0,0.0,0.0,0.0,0.0,0.0,0.0,0.0,16.363636363636363,40.5940594,44.5544554,14.8514851,0.0,6.120236075080291,-1.4767412971705198,-0.00952736320755174,9.285294398344265,2024,Rk
Antonio Pimentel,PIT,808240.0,sa3021214,18,6570,155,129,0.0,0.0,0.0,0.07751938,0,0.0,22,12.9032258,14.193548300000002,88.10267965212769,0.256880733,0.3283240261015954,0.0,0.0,0.0,0.0,0.0,0.0,0.0,0.0,0.0,0.0,0.0,0.0,0.0,0.0,0.0,15.0,37.962962899999994,47.2222222,14.814814800000002,0.0,8.972347314758991,1.120480190962553,0.0072289044578229215,21.011744162211475,2024,Rk
Dashyll Tejeda,WSN,812158.0,sa3021315,18,6570,155,125,0.0,0.0,0.0,0.152,2,0.0,25,12.9032258,16.129032199999997,142.5941030694866,0.36363636299999996,0.4454423066108458,0.0,0.0,0.0,0.0,0.0,0.0,0.0,0.0,0.0,0.0,0.0,0.0,0.0,0.0,0.0,15.74074074074074,45.91836729999999,35.714285700000005,18.367346899999998,0.0,9.690682395187904,4.760266784578562,0.03071139861018427,29.222491474134106,2024,Rk
Victor Leal,MIN,821523.0,sa3023948,17,6205,154,126,0.0,0.0,0.0,0.103174603,3,0.0,15,13.6363636,9.7402597,97.58994689202423,0.23853211,0.36149413133758346,0.0,0.0,0.0,0.0,0.0,0.0,0.0,0.0,0.0,0.0,0.0,0.0,0.0,0.0,0.0,19.53125,42.45283010000001,42.45283010000001,15.0943396,0.0,3.6106080110429732,-1.5311154127120972,-0.009942307874753878,24.695529794367882,2024,Rk
Colton Vincent,SDP,694294.0,sa3023089,24,8760,154,131,0.0,0.0,0.0,0.114503816,0,0.0,29,7.7922077,18.8311688,115.32091722930024,0.396226415,0.394638626404058,0.0,0.0,0.0,0.0,0.0,0.0,0.0,0.0,0.0,0.0,0.0,0.0,0.0,0.0,0.0,14.953271028037381,45.1923076,28.846153800000003,25.9615384,0.0,5.384740216984644,0.3874782836064696,0.002516092750691361,3.5382478870394105,2024,Rk
Brando Mayea,NYY,806963.0,sa3020679,18,6570,154,135,0.0,0.0,0.0,0.04444444400000001,0,0.0,43,10.3896103,27.9220779,94.92039446163177,0.41304347799999996,0.3535747110069572,0.0,0.0,0.0,0.0,0.0,0.0,0.0,101.4,99.1,87.6,37.5,0.0,0.0,0.0,0.0,15.0,54.347826,27.173913,18.4782608,7.1,8.809997868330916,1.8839806038886309,0.01223364028499111,17.446641235587062,2024,Rk
Franco Willias,SFG,814293.0,sa3023714,19,6935,154,131,0.0,0.0,0.0,0.16030534400000002,3,0.0,34,4.5454545,22.077922,114.16306508289827,0.32631578899999997,0.3884049194311005,0.0,0.0,0.0,0.0,0.0,0.0,0.0,0.0,0.0,0.0,0.0,0.0,0.0,0.0,0.0,32.17391304347826,29.166666600000006,51.0416666,19.791666600000003,0.0,8.147023664456775,-1.2162124291062355,-0.007897483305884646,15.61516829875502,2024,Rk
Josue Gonzalez,NYY,700648.0,sa3017175,20,7300,154,121,0.0,0.0,0.0,0.20661157,6,0.0,30,14.2857142,19.4805194,127.75114998575329,0.26744186,0.4104534225030379,0.0,0.0,0.0,0.0,0.0,0.0,0.0,96.6,95.0,90.3,16.7,0.0,0.0,0.0,0.0,24.46808510638298,41.304347799999995,47.8260869,10.869565199999998,35.3,4.592602459579653,0.40371301770210266,0.002621513101961706,13.462311306256339,2024,Rk
José Suárez,STL,699027.0,sa3016156,19,6935,154,140,0.0,0.0,0.0,0.157142857,4,0.0,43,7.1428571,27.9220779,103.62482896964285,0.36559139700000004,0.36683991977146696,0.0,0.0,0.0,0.0,0.0,0.0,0.0,0.0,0.0,0.0,0.0,0.0,0.0,0.0,0.0,11.650485436893206,46.3157894,31.5789473,22.105263100000002,0.0,5.618300069748316,-0.7076182160526514,-0.004594923480861372,12.797017200585842,2024,Rk
Daniel Rojas,STL,808263.0,sa3021613,18,6570,154,145,0.0,0.0,0.0,0.08965517199999999,1,0.0,33,5.1948051,21.4285714,71.04713387098148,0.315315315,0.3133439955773292,0.0,0.0,0.0,0.0,0.0,0.0,0.0,0.0,0.0,0.0,0.0,0.0,0.0,0.0,0.0,16.94915254237288,49.074073999999996,33.3333333,17.592592500000006,0.0,6.212187124610591,-1.7945053651928902,-0.011652632241512272,12.976071922073967,2024,Rk
Kevin Ereu,MIL,807148.0,sa3021104,18,6570,154,120,0.0,0.0,0.0,0.05,0,0.0,25,18.1818181,16.233766199999998,111.76919664695758,0.315789473,0.3914119067130151,0.0,0.0,0.0,0.0,0.0,0.0,0.0,0.0,0.0,0.0,0.0,0.0,0.0,0.0,0.0,21.428571428571427,40.6593406,36.2637362,23.076923,0.0,4.424254743339347,-0.9853830859065056,-0.006398591466925361,22.06971734991298,2024,Rk
Alcides Hernandez,SDP,815584.0,sa3022446,19,6935,153,115,0.0,0.0,0.0,0.052173912999999995,0,0.0,19,20.9150326,12.4183006,115.4370751643046,0.298969072,0.4029026522355921,0.0,0.0,0.0,0.0,0.0,0.0,0.0,0.0,0.0,0.0,0.0,0.0,0.0,0.0,0.0,13.725490196078432,34.375,36.4583333,29.166666600000006,0.0,6.209471623748309,0.23365188762545586,0.001527136520427816,19.457163341031073,2024,Rk
Alberth Palma,TBR,808285.0,sa3022924,18,6570,153,126,0.0,0.0,0.0,0.03968254,0,0.0,15,10.4575163,9.8039215,95.97417504531882,0.295652173,0.3498352281252543,0.0,0.0,0.0,0.0,0.0,0.0,0.0,0.0,0.0,0.0,0.0,0.0,0.0,0.0,0.0,15.873015873015873,47.272727200000006,33.6363636,19.090909,0.0,6.691876976390578,1.2634578607976437,0.008257894515017279,19.652176807880124,2024,Rk
Vladi Guerrero,NYM,821178.0,sa3023933,17,6205,153,128,0.0,0.0,0.0,0.0546875,0,0.0,54,14.379084900000002,35.29411760000001,72.37255227579344,0.33783783700000003,0.3148010057561538,0.0,0.0,0.0,0.0,0.0,0.0,0.0,0.0,0.0,0.0,0.0,0.0,0.0,0.0,0.0,20.0,41.095890399999995,32.8767123,26.027397200000006,0.0,6.684818345399753,0.3612222075462341,0.002360929461086497,17.05979031382822,2024,Rk
Maxton Martin,TEX,807722.0,sa3023014,19,6935,153,135,0.0,0.0,0.0,0.125925926,2,0.0,41,9.8039215,26.7973856,71.09867052914984,0.311827956,0.32249930169847274,0.0,0.0,0.0,0.0,0.0,0.0,0.0,0.0,0.0,0.0,0.0,0.0,0.0,0.0,0.0,12.63157894736842,47.8260869,34.7826086,17.391304299999998,0.0,8.573605938003034,1.0290586301125586,0.006725873399428488,12.433717736547914,2024,Rk
Carlos Rodriguez,SDP,692025.0,sa3015594,21,7665,153,132,0.0,0.0,0.0,0.090909091,0,0.0,46,9.8039215,30.0653594,58.060912222899844,0.314606741,0.294387759346711,0.0,0.0,0.0,0.0,0.0,0.0,0.0,0.0,0.0,0.0,0.0,0.0,0.0,0.0,0.0,26.66666666666667,39.77272720000001,36.363636299999996,23.8636363,0.0,5.8276753815594065,0.029058615211397413,0.0001899255896169765,4.532309284316994,2024,Rk
Tony Ruiz,KCR,806990.0,sa3021089,18,6570,153,129,0.0,0.0,0.0,0.14728682199999998,3,0.0,45,9.150326699999999,29.4117647,78.6040895284375,0.270588235,0.32422033010744583,0.0,0.0,0.0,0.0,0.0,0.0,0.0,0.0,0.0,0.0,0.0,0.0,0.0,0.0,0.0,22.222222222222218,35.714285700000005,45.2380952,19.047619,0.0,3.044884165,-0.18451011925935745,-0.001205948491891225,13.062925570967364,2024,Rk
Bryant Mendez,SEA,698915.0,sa3016148,20,7300,153,133,0.0,0.0,0.0,0.097744361,0,0.0,43,6.5359477,28.104575099999998,56.62984070213317,0.28723404199999997,0.28428568793278114,0.0,0.0,0.0,0.0,0.0,0.0,0.0,0.0,0.0,0.0,0.0,0.0,0.0,0.0,0.0,13.0,35.4838709,46.2365591,18.2795698,0.0,8.126985072494882,-0.009546548128128052,-6.239573939952975e-05,6.630586366786329,2024,Rk
Eduardo Acevedo,TBR,816145.0,sa3024943,18,6570,152,128,0.0,0.0,0.0,0.09375,0,0.0,24,11.842105199999999,15.7894736,96.64300003094864,0.285714285,0.3481324824276349,0.0,0.0,0.0,0.0,0.0,0.0,0.0,0.0,0.0,0.0,0.0,0.0,0.0,0.0,0.0,13.114754098360656,45.5445544,41.5841584,12.8712871,0.0,7.353414510197671,-2.062381237745285,-0.013568297616745295,19.679532287846552,2024,Rk
Dauwin Gonzalez,ARI,809776.0,sa3021310,18,6570,152,124,0.0,0.0,0.0,0.09677419400000001,3,0.0,29,15.1315789,19.0789473,86.9947365224475,0.263157894,0.3453030530980091,0.0,0.0,0.0,0.0,0.0,0.0,0.0,0.0,0.0,0.0,0.0,0.0,0.0,0.0,0.0,22.01834862385321,30.2083333,56.25,13.5416666,0.0,5.894620303578972,-0.2903733663260937,-0.001910351094250616,19.35878928524021,2024,Rk
Wilton Lara,HOU,801258.0,sa3018604,20,7300,152,127,0.0,0.0,0.0,0.125984252,3,0.0,20,9.2105263,13.157894699999998,107.88067216758894,0.289719626,0.3800185610916441,0.0,0.0,0.0,0.0,0.0,0.0,0.0,0.0,0.0,0.0,0.0,0.0,0.0,0.0,0.0,24.409448818897637,36.69724770000001,45.871559600000005,17.4311926,0.0,7.969610972960147,0.9973957911133766,0.006561814415219583,12.669891518078403,2024,Rk
Jose Ochoa,DET,692602.0,sa3018385,20,7300,152,128,0.0,0.0,0.0,0.078125,0,0.0,28,12.5,18.421052600000003,55.40046930194779,0.25490196,0.3074288630485535,0.0,0.0,0.0,0.0,0.0,0.0,0.0,0.0,0.0,0.0,0.0,0.0,0.0,0.0,0.0,15.789473684210524,44.0,38.0,18.0,0.0,7.245614304996924,-0.9646168611943722,-0.00634616356048929,8.426860457389214,2024,Rk
Greylin De La Paz,LAA,821000.0,sa3023912,17,6205,152,123,0.0,0.0,0.0,0.040650406,1,0.0,40,15.1315789,26.315789399999996,90.79538335327581,0.31707317,0.3473486547407351,0.0,0.0,0.0,0.0,0.0,0.0,0.0,0.0,0.0,0.0,0.0,0.0,0.0,0.0,0.0,8.98876404494382,48.7179487,25.641025600000003,25.641025600000003,0.0,6.0083247571893335,0.7594084106385708,0.004996107964727439,21.09307407305685,2024,Rk
Reyli Mariano,LAD,821697.0,sa3023970,17,6205,152,111,0.0,0.0,0.0,0.09009009,1,0.0,32,23.684210500000002,21.0526315,118.9132924926037,0.329113924,0.41214889685312905,0.0,0.0,0.0,0.0,0.0,0.0,0.0,0.0,0.0,0.0,0.0,0.0,0.0,0.0,0.0,16.822429906542055,46.0526315,38.15789470000001,15.7894736,0.0,7.873618962200768,0.6146169379353523,0.00404353248641679,32.656265280299934,2024,Rk
Jehancarlos Mendez,CHW,823348.0,sa3023983,16,5840,152,138,0.0,0.0,0.0,0.050724637999999996,1,0.0,34,6.578947299999999,22.368421,66.69590910023089,0.310679611,0.3112596053826181,0.0,0.0,0.0,0.0,0.0,0.0,0.0,0.0,0.0,0.0,0.0,0.0,0.0,0.0,0.0,15.315315315315313,55.555555500000004,26.2626262,18.1818181,0.0,4.299185729996925,-0.9808971658349036,-0.00645327082786121,14.36367149691431,2024,Rk
Gabriel Cesa,ATL,821014.0,sa3024630,17,6205,152,128,0.0,0.0,0.0,0.0234375,0,0.0,45,13.157894699999998,29.6052631,52.6633405980945,0.25,0.2701237460500316,0.0,0.0,0.0,0.0,0.0,0.0,0.0,0.0,0.0,0.0,0.0,0.0,0.0,0.0,0.0,19.587628865979386,46.25,40.0,13.750000000000002,0.0,5.2963554591581765,-0.410785648971796,-0.0027025371642881322,12.50651294597176,2024,Rk
Luis De La Cruz,CLE,821139.0,sa3023928,17,6205,151,134,0.0,0.0,0.0,0.119402985,2,0.0,36,11.2582781,23.8410596,98.47174752928393,0.34375,0.3638211472934445,0.0,0.0,0.0,0.0,0.0,0.0,0.0,0.0,0.0,0.0,0.0,0.0,0.0,0.0,0.0,5.825242718446603,47.9166666,28.125,23.9583333,0.0,6.921884981772705,0.5421872548758984,0.003590644072025817,24.128870092658072,2024,Rk
Junior Gonzalez,SEA,680854.0,sa3006221,24,8760,151,126,0.0,0.0,0.0,0.11904761900000001,4,0.0,47,13.907284699999998,31.1258278,103.75178290872209,0.376623376,0.36678682573583743,0.0,0.0,0.0,0.0,0.0,0.0,0.0,0.0,0.0,0.0,0.0,0.0,0.0,0.0,0.0,30.12048192771084,39.2405063,34.177215100000005,26.5822784,0.0,4.300498518835751,-0.1802836204878986,-0.0011939312615092622,3.0425864216864102,2024,Rk
Francisco Caldera,HOU,808530.0,sa3021853,18,6570,151,127,0.0,0.0,0.0,0.078740158,2,0.0,26,10.596026400000001,17.218543,82.19601850722732,0.267326732,0.33428200562795,0.0,0.0,0.0,0.0,0.0,0.0,0.0,0.0,0.0,0.0,0.0,0.0,0.0,0.0,0.0,32.20338983050847,30.6930693,53.465346499999995,15.841584099999999,0.0,4.92924665556434,1.0435645878314972,0.00691102376047349,16.922099907230848,2024,Rk
Jerffson Pena,PHI,800011.0,sa3018443,20,7300,151,131,0.0,0.0,0.0,0.16030534400000002,3,0.0,48,10.596026400000001,31.7880794,116.5410532200768,0.4,0.38371660812011615,0.0,0.0,0.0,0.0,0.0,0.0,0.0,106.2,105.1,85.8,27.3,9.1,0.7,0.0,0.0,19.354838709677423,50.0,31.707317000000003,18.292682900000006,8.5,8.078793067568256,0.5830523315817118,0.0038612737190841843,11.295383319373475,2024,Rk
Yonatan Henriquez,NYM,800257.0,sa3018487,19,6935,151,114,0.0,0.0,0.0,0.087719298,0,0.0,23,22.5165562,15.231787999999998,145.69867410892326,0.362637362,0.4318825910422976,0.0,0.0,0.0,0.0,0.0,0.0,0.0,98.8,97.3,91.1,33.3,0.0,0.0,0.0,0.0,9.677419354838712,55.1724137,24.137931,20.6896551,-0.7,7.964624320056556,0.5168592594563961,0.003422909003022491,22.163331507813567,2024,Rk
Andy Encarnacion,ARI,800287.0,sa3018498,19,6935,151,128,0.0,0.0,0.0,0.125,2,0.0,33,13.2450331,21.8543046,94.43766345364763,0.319148936,0.3709389863424743,0.0,0.0,0.0,0.0,0.0,0.0,0.0,0.0,0.0,0.0,0.0,0.0,0.0,0.0,0.0,20.95238095238096,42.391304299999994,41.304347799999995,16.3043478,0.0,8.089712145517257,-0.7447235882282257,-0.004931944292902157,15.951117092915087,2024,Rk
Adbiel Feliz,PIT,815925.0,sa3023897,17,6205,151,126,0.0,0.0,0.0,0.023809524,0,0.0,35,12.582781400000002,23.1788079,67.37495938750297,0.279569892,0.29076180003938223,0.0,0.0,0.0,0.0,0.0,0.0,0.0,0.0,0.0,0.0,0.0,0.0,0.0,0.0,0.0,10.091743119266058,45.45454539999999,36.363636299999996,18.1818181,0.0,4.617222111722473,-0.2632395252585411,-0.001743308114294974,14.944816309505436,2024,Rk
Yoerny Junco,STL,806922.0,sa3021065,19,6935,151,131,0.0,0.0,0.0,0.099236641,1,0.0,30,10.596026400000001,19.8675496,97.95525099080635,0.333333333,0.3621061732437437,0.0,0.0,0.0,0.0,0.0,0.0,0.0,0.0,0.0,0.0,0.0,0.0,0.0,0.0,0.0,20.183486238532108,52.0,32.0,16.0,0.0,6.976618169844565,-1.4270659685134888,-0.009450768003400587,14.311109000993893,2024,Rk
Brayan Amoroso,STL,820994.0,sa3023910,16,5840,151,132,0.0,0.0,0.0,0.06818181799999999,1,0.0,47,11.2582781,31.1258278,77.36785100821257,0.345238095,0.3247982318827648,0.0,0.0,0.0,0.0,0.0,0.0,0.0,0.0,0.0,0.0,0.0,0.0,0.0,0.0,0.0,19.540229885057467,36.58536580000001,36.58536580000001,26.829268199999998,0.0,3.2910345672785466,-0.02792426198720932,-0.00018492888733251205,15.95601603171962,2024,Rk
Luis Freitez,ATH,693782.0,sa3017479,21,7665,151,119,0.0,0.0,0.0,0.134453782,0,0.0,44,15.231787999999998,29.1390728,97.16214384728173,0.371794871,0.37239138086636864,0.0,0.0,0.0,0.0,0.0,0.0,0.0,0.0,0.0,0.0,0.0,0.0,0.0,0.0,0.0,6.329113924050633,54.054054,29.729729700000004,16.216216199999998,0.0,5.178388059169915,-1.3249453459866345,-0.008774472489977711,7.192066088789227,2024,Rk
Randy Martinez,CLE,821690.0,sa3024358,17,6205,150,127,0.0,0.0,0.0,0.102362205,0,0.0,44,12.0,29.3333333,50.05707507725179,0.25,0.2851407745399991,0.0,0.0,0.0,0.0,0.0,0.0,0.0,0.0,0.0,0.0,0.0,0.0,0.0,0.0,0.0,22.72727272727273,43.902439,34.146341400000004,21.9512195,0.0,6.642787807680969,-0.2858874462544918,-0.0019059163083632786,15.503142780307744,2024,Rk
Anthony Marquez,SFG,821645.0,sa3023960,17,6205,149,122,0.0,0.0,0.0,0.090163935,1,0.0,25,12.751677800000001,16.7785234,123.72714965707544,0.34375,0.40264728826445506,0.0,0.0,0.0,0.0,0.0,0.0,0.0,0.0,0.0,0.0,0.0,0.0,0.0,0.0,0.0,10.476190476190476,48.3870967,35.4838709,16.129032199999997,0.0,8.714047740285647,1.1947236768901348,0.008018279710672045,31.321281688918877,2024,Rk
Jose Gonzalez,LAD,806919.0,sa3022196,19,6935,149,109,0.0,0.0,0.0,0.155963303,2,0.0,27,22.8187919,18.1208053,146.13575204317885,0.333333333,0.4489289965178516,0.0,0.0,0.0,0.0,0.0,0.0,0.0,0.0,0.0,0.0,0.0,0.0,0.0,0.0,0.0,11.702127659574465,40.0,46.25,13.750000000000002,0.0,7.172016469435548,-1.2976139523088932,-0.008708818471871766,21.84750867828059,2024,Rk
Kevin Hacen,SDP,808032.0,sa3021149,18,6570,149,122,0.0,0.0,0.0,0.081967213,1,0.0,42,12.0805369,28.187919399999995,65.42661285521196,0.268292682,0.3122750160678121,0.0,0.0,0.0,0.0,0.0,0.0,0.0,0.0,0.0,0.0,0.0,0.0,0.0,0.0,0.0,17.525773195876287,48.75,27.500000000000004,23.75,0.0,6.899839719052824,0.2652716487646103,0.001780346636004096,14.368465852365023,2024,Rk
Daniel Campos,CHC,808121.0,sa3021182,18,6570,148,124,0.0,0.0,0.0,0.17741935399999997,4,0.0,22,12.1621621,14.864864800000001,110.79868494274216,0.267326732,0.3812022015855119,0.0,0.0,0.0,0.0,0.0,0.0,0.0,0.0,0.0,0.0,0.0,0.0,0.0,0.0,0.0,23.931623931623932,43.4343434,40.4040404,16.1616161,0.0,6.9093255666633295,0.18292927742004395,0.0012360086312165133,24.27183348721024,2024,Rk
Adrian Bello,MIA,808705.0,sa3021303,18,6570,148,127,0.0,0.0,0.0,0.039370077999999996,0,0.0,53,12.1621621,35.81081079999999,49.34986913124886,0.30666666600000003,0.27935311923155914,0.0,0.0,0.0,0.0,0.0,0.0,0.0,0.0,0.0,0.0,0.0,0.0,0.0,0.0,0.0,19.27710843373494,47.8873239,33.8028169,18.3098591,0.0,4.525207385660673,-0.24153245240449905,-0.0016319760297601284,9.108690941820552,2024,Rk
Givian Sirvania,BOS,821154.0,sa3023765,16,5840,148,117,0.0,0.0,0.0,0.051282050999999995,0,0.0,26,14.864864800000001,17.5675675,101.67959270392105,0.285714285,0.3642180715058301,0.0,0.0,0.0,0.0,0.0,0.0,0.0,0.0,0.0,0.0,0.0,0.0,0.0,0.0,0.0,23.232323232323232,52.325581299999996,34.8837209,12.7906976,0.0,5.908708271377875,-0.10036858543753624,-0.000678166117821191,27.18294974331005,2024,Rk
Jorge Julio,PHI,808336.0,sa3021252,17,6205,148,123,0.0,0.0,0.0,0.121951219,0,0.0,19,14.1891891,12.8378378,125.7635875290132,0.323809523,0.4005155249221905,0.0,0.0,0.0,0.0,0.0,0.0,0.0,0.0,0.0,0.0,0.0,0.0,0.0,0.0,0.0,13.392857142857142,49.0,31.0,20.0,0.0,6.7611367981809405,-0.4903733693063259,-0.0033133335763940942,31.2696156572924,2024,Rk
Roiner Quintana,HOU,805452.0,sa3019510,19,6935,148,118,0.0,0.0,0.0,0.06779661,1,0.0,23,16.8918918,15.5405405,57.71545793887583,0.166666666,0.2899189816938864,0.0,0.0,0.0,0.0,0.0,0.0,0.0,0.0,0.0,0.0,0.0,0.0,0.0,0.0,0.0,18.348623853211013,54.1666666,36.4583333,9.375,0.0,8.559537385451263,2.2652716785669327,0.015305889720046843,14.56397368477029,2024,Rk
Jesus Machado,DET,691454.0,sa3018915,21,7665,148,114,0.0,0.0,0.0,0.09649122800000001,3,0.0,50,19.5945945,33.78378370000001,92.39085470092155,0.274193548,0.3364172682568833,0.0,0.0,0.0,0.0,0.0,0.0,0.0,106.8,101.0,88.0,25.0,0.0,0.0,0.0,0.0,22.058823529411764,44.444444399999995,34.920634899999996,20.6349206,30.2,5.777086928301305,-0.07473953068256378,-0.0005049968289362418,6.784079794297911,2024,Rk
Reynaldo De La Paz,ATH,807956.0,sa3021119,18,6570,148,123,0.0,0.0,0.0,0.081300813,1,0.0,45,13.513513499999998,30.405405400000006,57.09436161750303,0.27272727199999997,0.30224067254646403,0.0,0.0,0.0,0.0,0.0,0.0,0.0,0.0,0.0,0.0,0.0,0.0,0.0,0.0,0.0,8.974358974358974,58.44155840000001,27.2727272,14.2857142,0.0,4.7617595775,-0.18942153779789805,-0.0012798752553912034,12.459737237707687,2024,Rk
Andres Villafane,PIT,808044.0,sa3022305,18,6570,147,133,0.0,0.0,0.0,0.127819549,1,0.0,26,6.1224489,17.687074799999994,97.01789741252355,0.330275229,0.3534431204403917,0.0,0.0,0.0,0.0,0.0,0.0,0.0,0.0,0.0,0.0,0.0,0.0,0.0,0.0,0.0,15.126050420168069,44.7619047,41.904761900000004,13.333333300000001,0.0,7.434797668994029,-0.025252144783735275,-0.0001717832978485393,19.49214725007653,2024,Rk
Felix Taveras,STL,692406.0,sa3015621,21,7665,147,125,0.0,0.0,0.0,0.136,3,0.0,46,14.2857142,31.292517,70.8980676587792,0.263157894,0.3101413764365732,0.0,0.0,0.0,0.0,0.0,0.0,0.0,0.0,0.0,0.0,0.0,0.0,0.0,0.0,0.0,7.2289156626506035,57.8947368,25.0,17.105263100000002,0.0,7.673691193464644,0.6099672541022301,0.004149437102736259,6.388385394576527,2024,Rk
Winder Linares,TEX,821618.0,sa3024347,17,6205,147,116,0.0,0.0,0.0,0.07758620599999999,1,0.0,28,16.326530599999998,19.047619,106.39535361934963,0.32183908,0.378149688243866,0.0,0.0,0.0,0.0,0.0,0.0,0.0,0.0,0.0,0.0,0.0,0.0,0.0,0.0,0.0,16.346153846153847,52.3809523,28.571428499999996,19.047619,0.0,7.598017193710941,0.6987731121480465,0.004753558586041133,28.734646815231763,2024,Rk
Jose Urbina,ARI,808142.0,sa3021192,18,6570,147,125,0.0,0.0,0.0,0.12,3,0.0,28,8.163265299999999,19.047619,109.00774282478243,0.322916666,0.3827534281477637,0.0,0.0,0.0,0.0,0.0,0.0,0.0,0.0,0.0,0.0,0.0,0.0,0.0,0.0,0.0,22.429906542056077,42.2680412,37.113402,20.6185567,0.0,2.7207006926033137,-0.5618622042238712,-0.003822191865468512,18.55043485223234,2024,Rk
Steven Madero,DET,821591.0,sa3023950,17,6205,146,120,0.0,0.0,0.0,0.11666666699999999,3,0.0,30,12.3287671,20.547945199999997,114.6562036139337,0.336956521,0.3841781895736168,0.0,0.0,0.0,0.0,0.0,0.0,0.0,0.0,0.0,0.0,0.0,0.0,0.0,0.0,0.0,19.0,42.553191399999996,39.3617021,18.0851063,0.0,2.8585792761978266,-1.084946610033512,-0.007431141164613097,24.154703108471317,2024,Rk
Elian Soto,WSN,808279.0,sa3021228,18,6570,146,114,0.0,0.0,0.0,0.052631579000000005,0,0.0,51,18.493150600000003,34.931506799999994,78.7175007716708,0.3125,0.3173234119807204,0.0,0.0,0.0,0.0,0.0,0.0,0.0,0.0,0.0,0.0,0.0,0.0,0.0,0.0,0.0,16.901408450704224,50.0,33.8709677,16.129032199999997,0.0,3.77849543375,-0.3797750361263752,-0.002601198877577912,13.473941657462909,2024,Rk
Peson Revierre,CIN,820944.0,sa3023732,17,6205,146,115,0.0,0.0,0.0,0.12173913,1,0.0,21,16.4383561,14.3835616,124.11127488604548,0.315789473,0.4086636748807184,0.0,0.0,0.0,0.0,0.0,0.0,0.0,0.0,0.0,0.0,0.0,0.0,0.0,0.0,0.0,24.107142857142854,41.4893617,42.553191399999996,15.9574468,0.0,7.776050829702277,0.6164307408034801,0.004222128361667672,33.859583823342525,2024,Rk
Eddson Martinez,SDP,821647.0,sa3024140,16,5840,146,112,0.0,0.0,0.0,0.044642857,0,0.0,33,19.1780821,22.6027397,93.01412644912793,0.3,0.3598457098007202,0.0,0.0,0.0,0.0,0.0,0.0,0.0,0.0,0.0,0.0,0.0,0.0,0.0,0.0,0.0,17.647058823529417,43.5897435,39.74358970000001,16.6666666,0.0,4.8090383277495725,-2.818026255816221,-0.019301549697371374,24.031736098578854,2024,Rk
Manuel Cabrera,WSN,806999.0,sa3021096,18,6570,146,113,0.0,0.0,0.0,0.088495575,1,0.0,36,11.6438356,24.6575342,123.29306010235693,0.376623376,0.4104654673872323,0.0,0.0,0.0,0.0,0.0,0.0,0.0,0.0,0.0,0.0,0.0,0.0,0.0,0.0,0.0,7.5,44.0,37.3333333,18.666666600000003,0.0,7.296574094316794,0.553981639444828,0.003794394790718,22.456797391437906,2024,Rk
Gabriel Lara,NYY,808106.0,sa3021177,18,6570,146,124,0.0,0.0,0.0,0.048387097000000004,1,0.0,19,12.3287671,13.0136986,65.93479378549813,0.23076923,0.3106949525336697,0.0,0.0,0.0,0.0,0.0,0.0,0.0,0.0,0.0,0.0,0.0,0.0,0.0,0.0,0.0,9.821428571428571,55.10204079999999,25.510204,19.3877551,0.0,7.437304745934949,0.4905916899442673,0.003360217054412789,17.480835585545098,2024,Rk
Alexander Rincon,BAL,821654.0,sa3024142,17,6205,146,134,0.0,0.0,0.0,0.097014925,0,0.0,30,6.849315000000002,20.547945199999997,97.63409452002035,0.365384615,0.3580364638361437,0.0,0.0,0.0,0.0,0.0,0.0,0.0,0.0,0.0,0.0,0.0,0.0,0.0,0.0,0.0,12.727272727272727,49.5049504,34.6534653,15.841584099999999,0.0,8.765105947902896,0.6299563944339752,0.0043147698248902425,23.80804070271943,2024,Rk
Jhonson Pena,PIT,692670.0,sa3015666,21,7665,146,122,0.0,0.0,0.0,0.09836065599999999,1,0.0,28,8.219178000000001,19.1780821,93.13748391440944,0.308510638,0.33488041848587474,0.0,0.0,0.0,0.0,0.0,0.0,0.0,81.8,77.0,57.8,0.0,0.0,0.0,0.0,0.0,11.711711711711711,47.7272727,32.95454539999999,19.3181818,-25.0,7.320448947263966,-1.4623763244599104,-0.010016276194930894,6.513135050007524,2024,Rk
Juan Martinez,SDP,821797.0,sa3024370,17,6205,145,111,0.0,0.0,0.0,0.054054054000000004,0,0.0,45,15.172413700000002,31.0344827,91.93795245552536,0.318181818,0.354533444601914,0.0,0.0,0.0,0.0,0.0,0.0,0.0,0.0,0.0,0.0,0.0,0.0,0.0,0.0,0.0,29.870129870129873,46.1538461,30.769230699999998,23.076923,0.0,2.286720459332501,-2.1365421898663044,-0.014734773723215891,17.51395139828681,2024,Rk
Roderick Flores,MIL,808228.0,sa3021205,17,6205,145,106,0.0,0.0,0.0,0.103773585,1,0.0,33,22.7586206,22.7586206,128.9979121370364,0.342465753,0.422633328931085,0.0,0.0,0.0,0.0,0.0,0.0,0.0,0.0,0.0,0.0,0.0,0.0,0.0,0.0,0.0,39.50617283950617,31.506849300000003,49.3150684,19.1780821,0.0,7.806069146680413,0.7431281059980392,0.005125021420676132,33.3479234456222,2024,Rk
Christian Sáez,STL,821015.0,sa3024955,17,6205,145,119,0.0,0.0,0.0,0.08403361300000001,1,0.0,44,15.172413700000002,30.3448275,70.29423399243669,0.266666666,0.3119796103444593,0.0,0.0,0.0,0.0,0.0,0.0,0.0,0.0,0.0,0.0,0.0,0.0,0.0,0.0,0.0,29.761904761904763,33.78378370000001,37.837837799999996,28.378378299999998,0.0,5.292210736046955,-0.3293015919625759,-0.0022710454618108684,17.102289791456453,2024,Rk
Yosander Asencio,BOS,800155.0,sa3018456,19,6935,145,118,0.0,0.0,0.0,0.169491526,3,0.0,48,17.241379300000002,33.1034482,121.34859282204243,0.420289855,0.4027883994168249,0.0,0.0,0.0,0.0,0.0,0.0,0.0,0.0,0.0,0.0,0.0,0.0,0.0,0.0,0.0,23.684210526315788,42.2535211,46.4788732,11.2676056,0.0,7.467053365851884,0.3356634397059679,0.002314920273834261,18.154652194395105,2024,Rk
Pedro Ibarguen,MIL,808338.0,sa3021254,17,6205,145,114,0.0,0.0,0.0,0.02631579,0,0.0,43,17.931034399999998,29.655172399999998,45.94935155323717,0.24,0.2760901619648111,0.0,0.0,0.0,0.0,0.0,0.0,0.0,0.0,0.0,0.0,0.0,0.0,0.0,0.0,0.0,12.0,50.7246376,36.231884,13.0434782,0.0,7.482854574310568,0.4935348308645189,0.00340368848872082,16.798126863332804,2024,Rk
Jason Hernandez,SDP,811593.0,sa3022826,18,6570,145,119,0.0,0.0,0.0,0.092436975,1,0.0,28,12.4137931,19.310344800000006,99.49794929752541,0.307692307,0.3706670424033856,0.0,0.0,0.0,0.0,0.0,0.0,0.0,0.0,0.0,0.0,0.0,0.0,0.0,0.0,0.0,14.678899082568808,48.314606700000006,29.2134831,22.471910100000002,0.0,6.9413097033216475,-0.7256886325776577,-0.005004749190190743,20.392142540971932,2024,Rk
Lamar King Jr.,SDP,702601.0,sa3020279,20,7300,145,120,0.0,0.0,0.0,0.141666666,0,0.0,26,11.0344827,17.931034399999998,117.74811559274528,0.351063829,0.3988881674306146,0.0,0.0,0.0,0.0,0.0,0.0,0.0,0.0,0.0,0.0,0.0,0.0,0.0,0.0,0.0,14.893617021276595,45.7446808,39.3617021,14.893617,0.0,4.56887754625,-0.21252172533422709,-0.0014656670712705315,11.919758632749872,2024,Rk
Gabriel Guanchez,SEA,821687.0,sa3024861,17,6205,145,131,0.0,0.0,0.0,0.076335877,1,0.0,51,6.896551700000002,35.17241370000001,62.08530309181287,0.3375,0.29347009905453386,0.0,0.0,0.0,0.0,0.0,0.0,0.0,0.0,0.0,0.0,0.0,0.0,0.0,0.0,0.0,20.930232558139533,51.282051200000005,24.358974300000003,24.358974300000003,0.0,0.8692084899999999,-0.17908335104584694,-0.001235057593419634,10.014876904630109,2024,Rk
Samuel Escudero,PIT,699167.0,sa3015807,20,7300,145,119,0.0,0.0,0.0,0.16806722699999999,3,0.0,15,13.7931034,10.3448275,145.16220787559533,0.32692307600000003,0.4317257929515172,0.0,0.0,0.0,0.0,0.0,0.0,0.0,0.0,0.0,0.0,0.0,0.0,0.0,0.0,0.0,31.30434782608696,39.047619,38.095238,22.857142800000002,0.0,5.980212345060204,0.2381378076970577,0.0016423297082555706,15.050460292400427,2024,Rk
Fernando Roquez,STL,808078.0,sa3021163,18,6570,144,108,0.0,0.0,0.0,0.157407407,3,0.0,55,22.916666600000003,38.194444399999995,92.97093684282362,0.25490196,0.35307373106479645,0.0,0.0,0.0,0.0,0.0,0.0,0.0,0.0,0.0,0.0,0.0,0.0,0.0,0.0,0.0,29.310344827586203,27.7777777,55.555555500000004,16.6666666,0.0,4.770689222381563,-1.5808971747756004,-0.010978452602608336,18.412289678401887,2024,Rk
Luis Guevara,BAL,808287.0,sa3021232,18,6570,144,110,0.0,0.0,0.0,0.045454546,0,0.0,21,19.4444444,14.5833333,119.4136572564881,0.32608695600000004,0.3984056959549586,0.0,0.0,0.0,0.0,0.0,0.0,0.0,0.0,0.0,0.0,0.0,0.0,0.0,0.0,0.0,11.340206185567009,58.620689600000006,25.287356300000006,16.091954,0.0,7.248089934720548,3.1784434020519257,0.022072523625360597,26.31870727569804,2024,Rk
Grenyerbert Velasquez,CHC,808084.0,sa3021166,18,6570,144,110,0.0,0.0,0.0,0.11818181800000001,2,0.0,33,20.8333333,22.916666600000003,109.4397110664554,0.276315789,0.3806935027241707,0.0,0.0,0.0,0.0,0.0,0.0,0.0,0.0,0.0,0.0,0.0,0.0,0.0,0.0,0.0,16.091954022988507,42.8571428,38.9610389,18.1818181,0.0,8.474927870545875,1.098773118108511,0.007630368875753548,25.419395871801797,2024,Rk
Saul Gomez,BAL,821809.0,sa3024152,16,5840,144,119,0.0,0.0,0.0,0.06722689,1,0.0,28,12.5,19.4444444,118.19114538924995,0.36956521700000006,0.3961902923054165,0.0,0.0,0.0,0.0,0.0,0.0,0.0,0.0,0.0,0.0,0.0,0.0,0.0,0.0,0.0,15.23809523809524,44.444444399999995,33.3333333,22.222222199999997,0.0,5.946308680811943,0.7178080677986145,0.00498477824860149,29.281949357371605,2024,Rk
Vicent Nunez,CHC,815105.0,sa3022346,19,6935,144,115,0.0,0.0,0.0,0.026086957,0,0.0,39,13.888888799999998,27.0833333,71.35234762567752,0.27848101199999997,0.3097185931271977,0.0,0.0,0.0,0.0,0.0,0.0,0.0,0.0,0.0,0.0,0.0,0.0,0.0,0.0,0.0,26.966292134831463,39.74358970000001,37.1794871,23.076923,0.0,5.586417521554038,0.43813781067729,0.003042623685258958,10.265790110946616,2024,Rk
Jarrod Belbin,SEA,684008.0,sa3022481,24,8760,144,125,0.0,0.0,0.0,0.184,3,0.0,20,10.4166666,13.888888799999998,147.12640929463282,0.388349514,0.4427271597087383,0.0,0.0,0.0,0.0,0.0,0.0,0.0,0.0,0.0,0.0,0.0,0.0,0.0,0.0,0.0,16.071428571428573,42.30769229999999,36.5384615,21.153846100000006,0.0,7.86844980733317,0.6243364289402962,0.004335669645418722,4.684681257694172,2024,Rk
Demetrio Crisantes,ARI,702679.0,sa3021051,19,6935,144,121,0.0,0.0,0.0,0.165289257,1,0.0,22,11.805555499999999,15.2777777,143.83493388255408,0.411764705,0.4413334818349944,0.0,0.0,0.0,0.0,0.0,0.0,0.0,0.0,0.0,0.0,0.0,0.0,0.0,0.0,0.0,32.35294117647059,26.0,43.0,31.0,0.0,8.95491307557153,1.219716400373727,0.008470252780373104,21.535298201373006,2024,Rk
Ismael Del Rosario,TBR,820990.0,sa3023743,17,6205,144,116,0.0,0.0,0.0,0.034482757999999995,0,0.0,55,16.6666666,38.194444399999995,54.22947366973256,0.274193548,0.2741865851509739,0.0,0.0,0.0,0.0,0.0,0.0,0.0,0.0,0.0,0.0,0.0,0.0,0.0,0.0,0.0,24.63768115942029,40.6779661,32.2033898,27.118644,0.0,7.174037287106847,-0.16461684927344322,-0.0011431725643989113,14.961482771320428,2024,Rk
Felnin Celesten,SEA,806958.0,sa3023381,18,6570,144,125,0.0,0.0,0.0,0.21600000000000003,3,0.0,28,12.5,19.4444444,156.00783125343125,0.43157894700000005,0.4582767610748609,0.0,0.0,0.0,0.0,0.0,0.0,0.0,0.0,0.0,0.0,0.0,0.0,0.0,0.0,0.0,6.7961165048543695,64.9484536,13.402061800000002,21.6494845,0.0,7.438690785108224,-0.3157052560709417,-0.002192397611603761,27.19750206961945,2024,Rk
Daniel Gaitor,MIA,808688.0,sa3021296,18,6570,144,120,0.0,0.0,0.0,0.11666666699999999,1,0.0,42,11.805555499999999,29.166666600000006,87.35821206980768,0.311688311,0.3436620977375057,0.0,0.0,0.0,0.0,0.0,0.0,0.0,0.0,0.0,0.0,0.0,0.0,0.0,0.0,0.0,17.5,48.684210500000006,28.9473684,22.368421,0.0,9.17786703569224,1.1177255399525166,0.00776198291633692,18.579158106197077,2024,Rk
Alexander Albertus,LAD,800316.0,sa3018950,19,6935,143,111,0.0,0.0,0.0,0.11711711699999999,2,0.0,20,18.8811188,13.9860139,154.85795270642774,0.4,0.4595516370215886,0.0,0.0,0.0,0.0,0.0,0.0,0.0,0.0,0.0,0.0,0.0,0.0,0.0,0.0,0.0,21.978021978021975,33.7078651,42.6966292,23.595505600000003,0.0,4.1167118081265865,-0.380385781172663,-0.00266004042778086,20.824696834923824,2024,Rk
Anderson Suriel,CHC,693798.0,sa3015683,21,7665,143,125,0.0,0.0,0.0,0.336,8,0.0,30,9.090909,20.9790209,165.46042204182294,0.397727272,0.4818170880767661,0.0,0.0,0.0,0.0,0.0,0.0,0.0,0.0,0.0,0.0,0.0,0.0,0.0,0.0,0.0,32.29166666666667,35.7894736,43.15789470000001,21.0526315,0.0,7.431027698519741,-1.3358302842825651,-0.009341470519458498,9.753226205426056,2024,Rk
Carlos Silva,MIN,806991.0,sa3021090,18,6570,143,116,0.0,0.0,0.0,0.10344827599999999,1,0.0,24,16.783216699999997,16.783216699999997,94.24669420595446,0.260869565,0.35543557730588043,0.0,0.0,0.0,0.0,0.0,0.0,0.0,0.0,0.0,0.0,0.0,0.0,0.0,0.0,0.0,19.81132075471698,43.3734939,40.9638554,15.6626506,0.0,3.6480313818264793,-0.8578127659857273,-0.005998690671228863,20.128846046295084,2024,Rk
Angel Garcia,BAL,821665.0,sa3024352,17,6205,143,114,0.0,0.0,0.0,0.114035088,2,0.0,37,13.286713199999998,25.8741258,102.31433178868815,0.302631578,0.3674187509106918,0.0,0.0,0.0,0.0,0.0,0.0,0.0,0.0,0.0,0.0,0.0,0.0,0.0,0.0,0.0,33.72093023255814,32.0,46.6666666,21.3333333,0.0,5.981519581077152,-1.191750705242157,-0.008333921015679419,23.049716690137192,2024,Rk
Estiven Giron,SDP,800396.0,sa3019440,19,6935,143,114,0.0,0.0,0.0,0.09649122800000001,2,0.0,30,16.083916000000002,20.9790209,100.52536901030432,0.29761904699999997,0.3728865618472333,0.0,0.0,0.0,0.0,0.0,0.0,0.0,0.0,0.0,0.0,0.0,0.0,0.0,0.0,0.0,28.421052631578945,28.915662600000005,51.8072289,19.277108399999996,0.0,1.21056547125,-0.2550581060349941,-0.0017836231191258331,14.774006187417216,2024,Rk
Angelo Mora,CIN,807641.0,sa3022208,19,6935,143,128,0.0,0.0,0.0,0.140625,3,0.0,24,6.293706200000001,16.783216699999997,124.7233109196028,0.36633663299999997,0.414610688502972,0.0,0.0,0.0,0.0,0.0,0.0,0.0,0.0,0.0,0.0,0.0,0.0,0.0,0.0,0.0,23.140495867768603,37.373737299999995,35.3535353,27.2727272,0.0,5.360021521360394,0.36664897575974464,0.0025639788514667462,17.252080088425895,2024,Rk
Jeffrey Mercedes,CLE,800253.0,sa3018942,19,6935,143,124,0.0,0.0,0.0,0.129032258,2,0.0,23,11.188811099999999,16.083916000000002,104.26524550975702,0.32673267300000003,0.36991615437127495,0.0,0.0,0.0,0.0,0.0,0.0,0.0,0.0,0.0,0.0,0.0,0.0,0.0,0.0,0.0,23.529411764705877,44.6601941,36.893203799999995,18.446601899999997,0.0,2.87858619554494,-1.0972251179628074,-0.007672902922816835,14.716724595786236,2024,Rk
Ramiro Dominguez,MIN,823719.0,sa3023985,17,6205,143,125,0.0,0.0,0.0,0.10400000000000001,2,0.0,21,8.391608300000001,14.685314599999998,91.08111691170737,0.301886792,0.3496990019166973,0.0,0.0,0.0,0.0,0.0,0.0,0.0,0.0,0.0,0.0,0.0,0.0,0.0,0.0,0.0,30.0,39.0,46.0,15.0,0.0,4.282799578344696,-0.3238748237490654,-0.002264858907336122,21.2530721064808,2024,Rk
Frailin Yan,HOU,820873.0,sa3024113,20,7300,142,108,0.0,0.0,0.0,0.046296297,1,0.0,48,20.4225352,33.8028169,85.35043889010255,0.305084745,0.33999836275763545,0.0,0.0,0.0,0.0,0.0,0.0,0.0,0.0,0.0,0.0,0.0,0.0,0.0,0.0,0.0,27.27272727272727,37.9310344,50.0,12.0689655,0.0,4.524352033029917,-4.160145629197359,-0.029296800205615207,7.904709135248767,2024,Rk
Moises De La Rosa,SFG,800319.0,sa3018513,19,6935,142,112,0.0,0.0,0.0,0.16071428599999998,2,0.0,39,13.3802816,27.4647887,101.44646026484777,0.283783783,0.36536022475068003,0.0,0.0,0.0,0.0,0.0,0.0,0.0,0.0,0.0,0.0,0.0,0.0,0.0,0.0,0.0,24.09638554216868,42.8571428,40.0,17.142857100000004,0.0,6.3441992293614895,-1.170043632388115,-0.008239743890057147,14.593388556148355,2024,Rk
Anthony Huezo,HOU,805953.0,sa3022691,18,6570,142,119,0.0,0.0,0.0,0.151260504,4,0.0,57,11.2676056,40.14084500000001,67.51669034542111,0.233333333,0.2885824513267463,0.0,0.0,0.0,0.0,0.0,0.0,0.0,102.3,100.4,92.6,50.0,0.0,0.0,0.0,0.0,25.75757575757576,28.571428499999996,50.7936507,20.6349206,57.0,7.161255494049707,-0.033314395695924766,-0.0002346084203938364,13.516342651410868,2024,Rk
Yerlin Luis,CLE,806997.0,sa3021094,18,6570,142,118,0.0,0.0,0.0,0.050847458,0,0.0,52,13.3802816,36.6197183,46.77245339812209,0.289855072,0.2692577234456237,0.0,0.0,0.0,0.0,0.0,0.0,0.0,0.0,0.0,0.0,0.0,0.0,0.0,0.0,0.0,14.492753623188404,49.2753623,36.231884,14.492753599999999,0.0,5.860229602349444,-1.5819285046309233,-0.011140341581907909,9.715298710076038,2024,Rk
Edgar Lugo,DET,814812.0,sa3023874,19,6935,142,121,0.0,0.0,0.0,0.181818182,3,0.0,25,12.6760563,17.605633800000003,128.25248391252885,0.322580645,0.4088170088774769,0.0,0.0,0.0,0.0,0.0,0.0,0.0,0.0,0.0,0.0,0.0,0.0,0.0,0.0,0.0,30.612244897959183,27.173913,52.17391300000001,20.652173899999998,0.0,5.831221496555005,-0.24153245240449905,-0.0017009327634119652,18.825001631590084,2024,Rk
Josh Adamczewski,MIL,815304.0,sa3023168,19,6935,142,113,0.0,0.0,0.0,0.14159292099999998,2,0.0,26,18.3098591,18.3098591,151.60674346939138,0.423529411,0.4610752165317536,0.0,0.0,0.0,0.0,0.0,0.0,0.0,0.0,0.0,0.0,0.0,0.0,0.0,0.0,0.0,6.896551724137932,54.0229885,29.8850574,16.091954,0.0,5.5834926068366775,-0.31580741377547383,-0.0022239958716582663,20.958869932437832,2024,Rk
Victor Ortega,MIA,703861.0,sa3018439,20,7300,141,109,0.0,0.0,0.0,0.064220184,0,0.0,16,19.1489361,11.3475177,123.5586240642598,0.322916666,0.390246294814048,0.0,0.0,0.0,0.0,0.0,0.0,0.0,0.0,0.0,0.0,0.0,0.0,0.0,0.0,0.0,12.244897959183671,56.842105200000006,24.2105263,18.9473684,0.0,3.835708283263106,0.378945080563426,0.002687553762861177,13.181379186456834,2024,Rk
Reiner Herrera,CLE,808096.0,sa3021172,18,6570,141,113,0.0,0.0,0.0,0.10619469,2,0.0,22,15.602836800000002,15.602836800000002,117.11288984720957,0.315217391,0.3976021320261854,0.0,0.0,0.0,0.0,0.0,0.0,0.0,0.0,0.0,0.0,0.0,0.0,0.0,0.0,0.0,33.653846153846146,37.8947368,43.15789470000001,18.9473684,0.0,2.723596766690516,-0.0604848712682724,-0.0004289707182146979,23.272674581436554,2024,Rk
Winder Diaz,WSN,698991.0,sa3015764,21,7665,141,109,0.0,0.0,0.0,0.091743119,2,0.0,43,17.021276500000003,30.4964539,101.95572846482385,0.323076923,0.3575832362685885,0.0,0.0,0.0,0.0,0.0,0.0,0.0,0.0,0.0,0.0,0.0,0.0,0.0,0.0,0.0,30.26315789473684,34.920634899999996,41.2698412,23.8095238,0.0,4.384675004314496,-0.08084852434694767,-0.0005733937896946642,6.979180932561067,2024,Rk
Rafael Castillo,MIA,809336.0,sa3021642,18,6570,141,106,0.0,0.0,0.0,0.047169811,0,0.0,42,21.985815600000002,29.787234,104.80537770306944,0.353846153,0.3739755331201756,0.0,0.0,0.0,0.0,0.0,0.0,0.0,0.0,0.0,0.0,0.0,0.0,0.0,0.0,0.0,7.352941176470589,46.7741935,33.8709677,19.3548387,0.0,6.720966988905968,0.4770660363137722,0.003383447066055122,20.792900322480072,2024,Rk
Henry Ramos,KCR,703201.0,sa3018432,19,6935,140,123,0.0,0.0,0.0,0.048780488,1,0.0,37,8.5714285,26.4285714,70.2881511290241,0.356321839,0.3187882540037306,0.0,0.0,0.0,0.0,0.0,0.0,0.0,0.0,0.0,0.0,0.0,0.0,0.0,0.0,0.0,3.296703296703297,64.2857142,17.857142800000005,17.857142800000005,0.0,6.013609204045923,-0.055746923200786114,-0.0003981923085770437,9.2569116277163,2024,Rk
Jesus Mujica,HOU,808367.0,sa3021625,18,6570,140,121,0.0,0.0,0.0,0.165289256,4,0.0,34,10.7142857,24.2857142,91.34040035656523,0.26506024,0.3508532123906272,0.0,0.0,0.0,0.0,0.0,0.0,0.0,0.0,0.0,0.0,0.0,0.0,0.0,0.0,0.0,33.98058252427185,37.6470588,49.411764700000006,12.941176400000002,0.0,4.181364883233762,-0.0967409797012806,-0.00069100699786629,17.13136932897401,2024,Rk
Isael Arias,NYY,811551.0,sa3023713,18,6570,140,114,0.0,0.0,0.0,0.078947368,1,0.0,21,13.5714285,15.0,99.30785714589469,0.29032258,0.37117273466927664,0.0,0.0,0.0,0.0,0.0,0.0,0.0,0.0,0.0,0.0,0.0,0.0,0.0,0.0,0.0,26.66666666666667,37.7777777,44.444444399999995,17.7777777,0.0,8.676695766375735,1.2218575179576874,0.008727553699697767,23.599572567035327,2024,Rk
Derek Cueto,MIA,814259.0,sa3022058,18,6570,140,110,0.0,0.0,0.0,0.11818181800000001,1,0.0,42,18.5714285,30.0,78.75025663205331,0.246376811,0.3267591323171343,0.0,0.0,0.0,0.0,0.0,0.0,0.0,0.0,0.0,0.0,0.0,0.0,0.0,0.0,0.0,29.57746478873239,37.3134328,47.761194,14.9253731,0.0,8.951623816162535,2.2516634911298747,0.01608331065092768,19.924363833546053,2024,Rk
Browm Martinez,NYY,821129.0,sa3024323,17,6205,140,115,0.0,0.0,0.0,0.034782609,0,0.0,25,10.7142857,17.857142800000005,97.52674261312012,0.344086021,0.3700771059308733,0.0,0.0,0.0,0.0,0.0,0.0,0.0,0.0,0.0,0.0,0.0,0.0,0.0,0.0,0.0,14.85148514851485,47.2527472,38.461538399999995,14.2857142,0.0,6.456843059578287,0.8227158263325691,0.005876541616661208,23.389712511163072,2024,Rk
Yilber Herrera,MIN,703191.0,sa3018425,19,6935,140,106,0.0,0.0,0.0,0.103773585,2,0.0,35,22.142857100000004,25.0,121.85682915676344,0.314285714,0.3829630498375212,0.0,0.0,0.0,0.0,0.0,0.0,0.0,84.8,83.6,79.0,0.0,0.0,0.0,0.0,0.0,23.456790123456788,39.4366197,49.2957746,11.2676056,45.5,5.246489868409869,-1.9779600370675323,-0.014128285979053802,16.78402239825203,2024,Rk
Leroy Escalante,CHC,823931.0,sa3024483,17,6205,140,121,0.0,0.0,0.0,0.123966942,3,0.0,44,10.7142857,31.4285714,94.57364572308936,0.33783783700000003,0.3517996149403708,0.0,0.0,0.0,0.0,0.0,0.0,0.0,0.0,0.0,0.0,0.0,0.0,0.0,0.0,0.0,16.470588235294116,46.6666666,26.666666600000003,26.666666600000003,0.0,5.78513048583345,-1.5175897590816019,-0.010839926850582871,19.038099331268047,2024,Rk
Dameury Pena,MIN,808365.0,sa3021624,18,6570,140,117,0.0,0.0,0.0,0.128205128,3,0.0,9,13.5714285,6.428571399999999,125.38668664118092,0.280373831,0.3890784663813455,0.0,0.0,0.0,0.0,0.0,0.0,0.0,0.0,0.0,0.0,0.0,0.0,0.0,0.0,0.0,25.45454545454545,40.5660377,48.1132075,11.320754699999998,0.0,5.828562465714914,-0.5654100663959979,-0.004038643331399985,24.98307596633731,2024,Rk
Jose Paulino,KCR,808685.0,sa3021293,18,6570,140,111,0.0,0.0,0.0,0.126126126,1,0.0,27,17.857142800000005,19.2857142,114.7778484181872,0.321428571,0.3980613929762257,0.0,0.0,0.0,0.0,0.0,0.0,0.0,0.0,0.0,0.0,0.0,0.0,0.0,0.0,0.0,12.63157894736842,48.780487799999996,32.9268292,18.292682900000006,0.0,8.265830082481475,-0.11483508720993996,-0.0008202506229281426,26.09370845297418,2024,Rk
Brayan Joseph,CIN,807646.0,sa3021589,18,6570,140,122,0.0,0.0,0.0,0.040983607000000005,0,0.0,36,11.428571400000001,25.714285699999998,38.95438452803114,0.23863636300000002,0.2572473508971078,0.0,0.0,0.0,0.0,0.0,0.0,0.0,0.0,0.0,0.0,0.0,0.0,0.0,0.0,0.0,7.000000000000001,62.7906976,20.9302325,16.279069699999997,0.0,4.997174926803433,0.5910281687974929,0.00422162977712495,10.395082387241713,2024,Rk
Efren Teran,BOS,821236.0,sa3023769,17,6205,140,122,0.0,0.0,0.0,0.040983607000000005,0,0.0,10,12.1428571,7.1428571,60.6272757265061,0.221238938,0.2918102937085288,0.0,0.0,0.0,0.0,0.0,0.0,0.0,0.0,0.0,0.0,0.0,0.0,0.0,0.0,0.0,3.90625,49.541284399999995,30.2752293,20.1834862,0.0,3.4689151885301106,-1.1537633277475834,-0.008241166626768453,16.834793079325788,2024,Rk
Jarol Capellan,COL,815857.0,sa3023884,18,6570,140,111,0.0,0.0,0.0,0.054054054000000004,0,0.0,22,10.7142857,15.7142857,121.32936210304419,0.34444444399999996,0.4012500382155823,0.0,0.0,0.0,0.0,0.0,0.0,0.0,0.0,0.0,0.0,0.0,0.0,0.0,0.0,0.0,7.216494845360824,63.33333330000001,22.222222199999997,14.444444400000002,0.0,3.71239722943132,-0.3998495787382126,-0.002856068419558661,20.25741680213729,2024,Rk
Jose Sanabria,TBR,800343.0,sa3018524,19,6935,139,114,0.0,0.0,0.0,0.078947369,1,0.0,36,12.9496402,25.8992805,57.829604703267094,0.225,0.2832801054707534,0.0,0.0,0.0,0.0,0.0,0.0,0.0,106.1,106.1,89.2,37.5,0.0,0.0,0.0,0.0,13.265306122448981,53.24675319999999,29.8701298,16.8831168,10.4,8.199523606771432,1.01822323910892,0.007325347043949066,11.433096059318466,2024,Rk
Daje Morales,PIT,800307.0,sa3018509,19,6935,139,107,0.0,0.0,0.0,0.12149532699999999,1,0.0,31,20.1438848,22.3021582,108.44589713883579,0.276315789,0.3651894664063173,0.0,0.0,0.0,0.0,0.0,0.0,0.0,0.0,0.0,0.0,0.0,0.0,0.0,0.0,0.0,18.6046511627907,46.0526315,35.5263157,18.421052600000003,0.0,8.078355804801827,-0.09855478256940843,-0.0007090272127295568,18.196968325149527,2024,Rk
Elvin Garcia,BAL,821751.0,sa3024147,17,6205,139,109,0.0,0.0,0.0,0.211009174,1,0.0,25,19.4244604,17.985611499999997,155.0306575635679,0.369047619,0.4620489962667013,0.0,0.0,0.0,0.0,0.0,0.0,0.0,0.0,0.0,0.0,0.0,0.0,0.0,0.0,0.0,24.752475247524764,40.0,34.117647,25.882352899999997,0.0,8.442810747562751,1.6381378285586834,0.011785164234235132,38.177864079607566,2024,Rk
Luis Puello,NYY,809772.0,sa3021309,18,6570,139,122,0.0,0.0,0.0,0.155737705,4,0.0,27,7.9136690000000005,19.4244604,153.55309873178174,0.43956043899999997,0.4694745257604037,0.0,0.0,0.0,0.0,0.0,0.0,0.0,0.0,0.0,0.0,0.0,0.0,0.0,0.0,0.0,17.307692307692307,47.8260869,29.347826,22.826086899999996,0.0,6.000496897348117,0.3232348300516605,0.002325430432026335,24.866131289480833,2024,Rk
Henniel Alcala,CHC,815011.0,sa3022284,18,6570,139,111,0.0,0.0,0.0,0.054054054000000004,1,0.0,24,12.230215800000002,17.266187,92.48574284851095,0.288888888,0.3501315790673961,0.0,0.0,0.0,0.0,0.0,0.0,0.0,0.0,0.0,0.0,0.0,0.0,0.0,0.0,0.0,27.55102040816326,34.8314606,46.0674157,19.1011235,0.0,2.5001980708618583,-0.8849466070532799,-0.006366522352901295,16.32164712196781,2024,Rk
Luke Scherrer,PIT,800615.0,sa3023140,19,6935,139,110,0.0,0.0,0.0,0.072727273,0,0.0,21,12.9496402,15.1079136,121.93295078099236,0.329670329,0.38476806274358777,0.0,0.0,0.0,0.0,0.0,0.0,0.0,103.8,100.2,87.5,20.0,0.0,0.0,0.0,0.0,14.85148514851485,46.590909,35.2272727,18.1818181,7.8,4.702826657727929,-0.5819220244884491,-0.004186489384808987,16.321125211828715,2024,Rk
Jesus Superlano,ATH,807978.0,sa3021128,18,6570,139,125,0.0,0.0,0.0,0.128,3,0.0,29,5.0359712000000005,20.8633093,93.37800989156729,0.29787234,0.34431810859295964,0.0,0.0,0.0,0.0,0.0,0.0,0.0,0.0,0.0,0.0,0.0,0.0,0.0,0.0,0.0,15.789473684210524,48.3870967,31.1827956,20.430107500000002,0.0,4.577260673627116,-1.1374830231070518,-0.008183331101489581,15.511924914961613,2024,Rk
Frankeli Mesta,PIT,821094.0,sa3023756,17,6205,139,124,0.0,0.0,0.0,0.10483871,2,0.0,33,10.791366900000002,23.7410071,103.14148459482736,0.359550561,0.3677041213289439,0.0,0.0,0.0,0.0,0.0,0.0,0.0,0.0,0.0,0.0,0.0,0.0,0.0,0.0,0.0,18.446601941747574,48.8888888,34.444444399999995,16.6666666,0.0,6.943475479714852,0.36664897575974464,0.002637762415537731,24.011371536862374,2024,Rk
Darlyn De Leon,CHC,800391.0,sa3018548,19,6935,138,114,0.0,0.0,0.0,0.087719299,0,0.0,25,15.9420289,18.115942,133.05205814443818,0.393258426,0.4236447819765064,0.0,0.0,0.0,0.0,0.0,0.0,0.0,0.0,0.0,0.0,0.0,0.0,0.0,0.0,0.0,25.25252525252525,47.7272727,34.090909,18.1818181,0.0,9.285648574057037,0.899631429463625,0.006519068329446558,20.80095851767135,2024,Rk
Jose Perez,TBR,699077.0,sa3016162,20,7300,138,105,0.0,0.0,0.0,0.18095238100000002,2,0.0,22,21.014492699999998,15.9420289,159.67708251819968,0.358024691,0.4597290849340135,0.0,0.0,0.0,0.0,0.0,0.0,0.0,96.1,96.1,87.7,30.0,0.0,0.0,0.0,0.0,19.607843137254907,48.1481481,37.037037,14.814814800000002,3.7,7.895026340254105,0.17068909853696826,0.0012368775256302047,16.71546112807082,2024,Rk
Santiago Camacho,SFG,821666.0,sa3023775,17,6205,138,102,0.0,0.0,0.0,0.18627450899999998,2,0.0,21,20.289855000000006,15.2173913,184.71142974616157,0.426829268,0.5162507986676865,0.0,0.0,0.0,0.0,0.0,0.0,0.0,0.0,0.0,0.0,0.0,0.0,0.0,0.0,0.0,16.304347826086953,43.902439,34.146341400000004,21.9512195,0.0,6.322732930209313,0.296100988984108,0.0021456593404645505,37.57870477735851,2024,Rk
Louis Pierre,NYY,800133.0,sa3018932,19,6935,138,111,0.0,0.0,0.0,0.072072072,0,0.0,44,18.115942,31.8840579,74.68848053156395,0.298507462,0.3265581519707389,0.0,0.0,0.0,0.0,0.0,0.0,0.0,0.0,0.0,0.0,0.0,0.0,0.0,0.0,0.0,11.26760563380282,50.0,34.375,15.625,0.0,8.410652184879332,0.8245296292006971,0.005974852385512297,13.351255303393696,2024,Rk
Jean Santana,TBR,820980.0,sa3023740,17,6205,138,109,0.0,0.0,0.0,0.04587156,0,0.0,33,17.391304299999998,23.9130434,70.88051007383342,0.22368421,0.3014463799841264,0.0,0.0,0.0,0.0,0.0,0.0,0.0,0.0,0.0,0.0,0.0,0.0,0.0,0.0,0.0,9.195402298850574,63.88888879999999,29.166666600000006,6.944444399999999,0.0,5.422967671552375,-0.7700436264276505,-0.005580026278461235,17.77311487950998,2024,Rk
Juan Garcia,CIN,691397.0,sa3015529,21,7665,138,120,0.0,0.0,0.0,0.066666667,0,0.0,37,9.4202898,26.8115942,49.579292429760855,0.30588235199999997,0.29577741113261896,0.0,0.0,0.0,0.0,0.0,0.0,0.0,0.0,0.0,0.0,0.0,0.0,0.0,0.0,0.0,14.285714285714285,43.2098765,37.037037,19.753086399999997,0.0,3.1414475021069017,-0.7109830668196082,-0.005152051208837741,3.6441545047705133,2024,Rk
Ricson Gonzalez,KCR,805692.0,sa3019629,19,6935,138,117,0.0,0.0,0.0,0.05982906,0,0.0,21,7.9710144,15.2173913,88.24341123860451,0.32,0.34997638820731725,0.0,0.0,0.0,0.0,0.0,0.0,0.0,0.0,0.0,0.0,0.0,0.0,0.0,0.0,0.0,23.00884955752212,29.896907199999998,51.54639170000001,18.556701,0.0,3.1995263200763966,-1.2632395401597023,-0.00915390971130219,11.451673872820404,2024,Rk
Bryan Acuña,MIN,703195.0,sa3018427,18,6570,137,106,0.0,0.0,0.0,0.056603772999999996,0,0.0,36,19.7080291,26.277372200000002,125.05804594834773,0.385714285,0.3885091021113152,0.0,0.0,0.0,0.0,0.0,0.0,0.0,101.7,96.0,81.8,25.0,0.0,0.0,0.0,0.0,15.0,35.29411760000001,41.1764705,23.5294117,38.0,3.4148516157423296,-0.9077634587883948,-0.006626010648090474,20.30802444007518,2024,Rk
Arfeni Batista,STL,800248.0,sa3018485,19,6935,137,129,0.0,0.0,0.0,0.12403100800000001,4,0.0,60,3.649635,43.7956204,42.9340788183106,0.307692307,0.2616942533611381,0.0,0.0,0.0,0.0,0.0,0.0,0.0,0.0,0.0,0.0,0.0,0.0,0.0,0.0,0.0,35.2112676056338,35.29411760000001,47.058823499999995,17.647058800000003,0.0,5.1678176258136235,0.10903899371623993,0.0007959050636221893,6.488817415927348,2024,Rk
Joaquin Arias Jr.,TEX,821663.0,sa3024929,17,6205,137,113,0.0,0.0,0.0,0.053097345,0,0.0,23,13.8686131,16.7883211,91.147943020296,0.311827956,0.3506334827226751,0.0,0.0,0.0,0.0,0.0,0.0,0.0,0.0,0.0,0.0,0.0,0.0,0.0,0.0,0.0,7.84313725490196,59.090908999999996,21.590909,19.3181818,0.0,7.731255601150607,0.843564584851265,0.00615740572884135,25.306355619887423,2024,Rk
Joan Acevedo,ATL,827280.0,sa3024386,17,6205,137,124,0.0,0.0,0.0,0.040322581,0,0.0,29,6.569342999999999,21.1678832,62.40932743592428,0.298969072,0.2877851654501522,0.0,0.0,0.0,0.0,0.0,0.0,0.0,0.0,0.0,0.0,0.0,0.0,0.0,0.0,0.0,26.95652173913044,46.3157894,35.7894736,17.8947368,0.0,6.653874399668647,0.28697872161865234,0.0020947351942967323,14.974815940772427,2024,Rk
Santiago Pinto,DET,808392.0,sa3021265,18,6570,137,118,0.0,0.0,0.0,0.13559322099999999,3,0.0,35,10.9489051,25.5474452,98.29690621860532,0.358024691,0.3851646506873361,0.0,0.0,0.0,0.0,0.0,0.0,0.0,0.0,0.0,0.0,0.0,0.0,0.0,0.0,0.0,14.583333333333336,42.6829268,40.2439024,17.073170700000002,0.0,8.118115940618024,-0.3338700458407402,-0.002437007633874016,20.41129137694843,2024,Rk
Edwin Darville,BOS,823731.0,sa3023790,17,6205,137,96,0.0,0.0,0.0,0.125,1,0.0,50,26.277372200000002,36.496350299999996,118.68584651229729,0.34782608600000003,0.39503635455222025,0.0,0.0,0.0,0.0,0.0,0.0,0.0,0.0,0.0,0.0,0.0,0.0,0.0,0.0,0.0,16.0,46.808510600000005,25.531914800000003,27.6595744,0.0,7.123574524342389,0.09334633499383926,0.0006813601094440823,28.76964638504325,2024,Rk
Angel Feliz,COL,805467.0,sa3019528,20,7300,137,117,0.0,0.0,0.0,0.085470085,1,0.0,36,13.138686100000001,26.277372200000002,107.19337430455215,0.39506172799999995,0.3825174422159682,0.0,0.0,0.0,0.0,0.0,0.0,0.0,0.0,0.0,0.0,0.0,0.0,0.0,0.0,0.0,15.730337078651687,43.2098765,37.037037,19.753086399999997,0.0,5.578357317190098,0.4435645788908005,0.00323769765613723,10.596362429662912,2024,Rk
Esteban Mejia,TEX,800354.0,sa3018527,19,6935,137,118,0.0,0.0,0.0,0.19491525399999998,3,0.0,35,11.6788321,25.5474452,136.78550071699226,0.444444444,0.4375038616848688,0.0,0.0,0.0,0.0,0.0,0.0,0.0,0.0,0.0,0.0,0.0,0.0,0.0,0.0,0.0,11.904761904761903,42.8571428,39.28571420000001,17.857142800000005,0.0,7.3429805937689725,0.902774911839515,0.006589597896638795,18.96949573660517,2024,Rk
Adan Chacon,COL,807960.0,sa3021121,18,6570,137,118,0.0,0.0,0.0,0.042372882,1,0.0,34,10.9489051,24.8175182,60.833641369122496,0.282352941,0.2985055611951508,0.0,0.0,0.0,0.0,0.0,0.0,0.0,0.0,0.0,0.0,0.0,0.0,0.0,0.0,0.0,24.719101123595504,38.8235294,36.4705882,24.705882300000006,0.0,4.035850027875967,-0.3293015919625759,-0.002403661255201284,10.99074796351063,2024,Rk
Raudy De Los Santos,DET,691450.0,sa3015546,21,7665,136,119,0.0,0.0,0.0,0.05882353,0,0.0,16,8.0882352,11.7647058,77.52051289599027,0.278846153,0.310654660364739,0.0,0.0,0.0,0.0,0.0,0.0,0.0,95.2,94.5,85.9,10.0,0.0,0.0,0.0,0.0,25.0,41.5841584,38.613861299999996,19.8019801,21.6,6.963980657304735,-0.4684853032231331,-0.0034447448766406845,6.038197158471478,2024,Rk
Carlos Villarroel,NYY,821803.0,sa3023977,17,6205,136,117,0.0,0.0,0.0,0.111111111,2,0.0,31,12.5,22.7941176,115.26111750488529,0.388235294,0.4022148707333733,0.0,0.0,0.0,0.0,0.0,0.0,0.0,0.0,0.0,0.0,0.0,0.0,0.0,0.0,0.0,7.777777777777778,57.1428571,19.047619,23.8095238,0.0,2.834084581620808,-1.90940834581852,-0.014039767248665585,23.963038797598887,2024,Rk
Samuel Gonzalez,ATH,820997.0,sa3024117,17,6205,136,95,0.0,0.0,0.0,0.042105263,0,0.0,26,26.470588199999998,19.117647,88.93106649149202,0.171428571,0.3362594754607589,0.0,0.0,0.0,0.0,0.0,0.0,0.0,0.0,0.0,0.0,0.0,0.0,0.0,0.0,0.0,12.5,48.5294117,36.764705799999994,14.7058823,0.0,4.106825590123695,-0.6903733722865582,-0.005076274796224693,22.439724187708396,2024,Rk
Enyel Rosario,CHC,821090.0,sa3023755,17,6205,136,121,0.0,0.0,0.0,0.049586777,0,0.0,30,8.823529400000002,22.0588235,95.04046559683078,0.376344086,0.3531433633145164,0.0,0.0,0.0,0.0,0.0,0.0,0.0,0.0,0.0,0.0,0.0,0.0,0.0,0.0,0.0,21.64948453608248,51.6483516,25.2747252,23.076923,0.0,6.059492470797176,-0.3863239251077175,-0.0028406170963802763,19.340595613210198,2024,Rk
Nixson Cueche,ATL,808304.0,sa3021849,18,6570,136,106,0.0,0.0,0.0,0.037735849,0,0.0,23,18.382352899999997,16.911764700000006,84.79302060953849,0.24418604600000002,0.3283483017893398,0.0,0.0,0.0,0.0,0.0,0.0,0.0,0.0,0.0,0.0,0.0,0.0,0.0,0.0,0.0,14.563106796116505,42.3529411,42.3529411,15.294117600000002,0.0,3.90474493969261,-2.344723612070084,-0.01724061479463297,16.964500901178813,2024,Rk
Edwin Solano,WSN,807006.0,sa3021100,18,6570,135,115,0.0,0.0,0.0,0.069565217,2,0.0,40,8.1481481,29.629629600000005,48.37934318023861,0.236842105,0.2747088123250891,0.0,0.0,0.0,0.0,0.0,0.0,0.0,0.0,0.0,0.0,0.0,0.0,0.0,0.0,0.0,19.51219512195122,44.7368421,36.842105200000006,18.421052600000003,0.0,5.268755369836371,0.10325902327895163,0.0007648816539181602,9.68725934311045,2024,Rk
Juan Castillo,COL,691435.0,sa3015541,21,7665,135,128,0.0,0.0,0.0,0.1015625,1,0.0,29,3.7037037000000006,21.4814814,68.12130319687503,0.333333333,0.31244336278350265,0.0,0.0,0.0,0.0,0.0,0.0,0.0,84.6,80.5,63.9,0.0,0.0,0.0,0.0,0.0,14.423076923076923,45.91836729999999,34.6938775,19.3877551,-1.5,5.336677446093853,0.06139887776225805,0.00045480650194265225,5.11159751655947,2024,Rk
Jose Perez,BAL,814545.0,sa3022198,19,6935,135,112,0.0,0.0,0.0,0.035714286,0,0.0,39,12.5925925,28.888888800000004,91.69275994701357,0.38157894700000006,0.34817061954074435,0.0,0.0,0.0,0.0,0.0,0.0,0.0,0.0,0.0,0.0,0.0,0.0,0.0,0.0,0.0,34.78260869565217,25.6756756,45.9459459,28.378378299999998,0.0,8.278381357571705,0.8797381594777107,0.006516578959094153,12.996212645356634,2024,Rk
Alejandro Blasco,CLE,821246.0,sa3023938,17,6205,135,117,0.0,0.0,0.0,0.153846153,4,0.0,29,11.8518518,21.4814814,71.95420831508505,0.211764705,0.3157667645701656,0.0,0.0,0.0,0.0,0.0,0.0,0.0,0.0,0.0,0.0,0.0,0.0,0.0,0.0,0.0,32.25806451612903,32.183908,50.57471260000001,17.241379300000002,0.0,4.4362337674698455,-0.5926915444433689,-0.004390307736617548,18.85810154366611,2024,Rk
Jesus Lugo,BOS,821160.0,sa3024324,17,6205,135,115,0.0,0.0,0.0,0.095652174,2,0.0,45,10.370370300000001,33.3333333,60.58793299634149,0.267605633,0.2897528533582334,0.0,0.0,0.0,0.0,0.0,0.0,0.0,0.0,0.0,0.0,0.0,0.0,0.0,0.0,0.0,17.073170731707318,50.0,41.428571399999996,8.5714285,0.0,2.622970006205588,-1.3212027214467523,-0.0097866868255315,11.407359789272885,2024,Rk
Kelvin Diaz,BOS,692556.0,sa3016122,21,7665,135,114,0.0,0.0,0.0,0.14035087699999999,2,0.0,39,9.6296296,28.888888800000004,112.80762245098141,0.415584415,0.38799131717254864,0.0,0.0,0.0,0.0,0.0,0.0,0.0,97.6,95.7,90.9,33.3,0.0,0.0,0.0,0.0,24.731182795698924,34.6153846,55.128205099999995,10.2564102,39.7,7.38494167550371,2.700637813657522,0.02000472454561128,8.025822695736865,2024,Rk
Starlyn Nunez,BOS,808245.0,sa3021216,18,6570,134,114,0.0,0.0,0.0,0.184210526,3,0.0,24,11.194029800000001,17.910447700000006,89.84781828430476,0.255555555,0.34821385678960315,0.0,0.0,0.0,0.0,0.0,0.0,0.0,99.0,97.0,91.7,33.3,0.0,0.0,0.0,0.0,33.653846153846146,31.868131800000004,60.43956040000001,7.6923076,25.0,8.072650098363276,0.2595031224191189,0.00193659046581432,21.33317105181698,2024,Rk
Heriberto Caraballo,STL,812430.0,sa3021317,19,6935,134,114,0.0,0.0,0.0,0.07017543799999999,2,0.0,27,9.7014925,20.1492537,41.68006694925171,0.17441860399999998,0.2595216996634184,0.0,0.0,0.0,0.0,0.0,0.0,0.0,0.0,0.0,0.0,0.0,0.0,0.0,0.0,0.0,14.736842105263154,55.1724137,33.3333333,11.4942528,0.0,2.64285714,-0.26419132947921753,-0.0019715770856658025,7.768106295685889,2024,Rk
Ariel Castro,MIN,806966.0,sa3021071,18,6570,134,113,0.0,0.0,0.0,0.14159292,4,0.0,41,11.9402985,30.597014899999998,91.8538776556732,0.275362318,0.3309834595046826,0.0,0.0,0.0,0.0,0.0,0.0,0.0,98.3,98.2,88.1,66.7,0.0,0.0,0.0,0.0,17.105263157894736,56.9444444,31.944444399999995,11.111111099999999,29.0,4.29659220851884,-0.7674118150025606,-0.005726953843302692,14.890955519723756,2024,Rk
Yohangel Moris,TBR,808030.0,sa3021596,18,6570,134,111,0.0,0.0,0.0,0.135135135,3,0.0,43,16.4179104,32.0895522,81.4548114307765,0.261538461,0.32352362166751514,0.0,0.0,0.0,0.0,0.0,0.0,0.0,0.0,0.0,0.0,0.0,0.0,0.0,0.0,0.0,35.064935064935064,37.3134328,47.761194,14.9253731,0.0,5.373749115711079,-0.6143986172974111,-0.004585064308189634,16.03099514732454,2024,Rk
Angel Aquino,PIT,808673.0,sa3021291,19,6935,134,113,0.0,0.0,0.0,0.07079646,0,0.0,43,13.4328358,32.0895522,75.87108700999566,0.333333333,0.31407930886835084,0.0,0.0,0.0,0.0,0.0,0.0,0.0,0.0,0.0,0.0,0.0,0.0,0.0,0.0,0.0,15.662650602409641,49.2957746,28.169014,22.5352112,0.0,5.565269291095415,-0.10759451612830162,-0.0008029441502112062,10.234311038068327,2024,Rk
Kevin Novoa,MIA,801381.0,sa3019826,19,6935,134,100,0.0,0.0,0.0,0.06,0,0.0,22,17.910447700000006,16.4179104,115.94595868673895,0.3125,0.4006022988860287,0.0,0.0,0.0,0.0,0.0,0.0,0.0,0.0,0.0,0.0,0.0,0.0,0.0,0.0,0.0,18.072289156626507,46.1538461,38.461538399999995,15.384615300000002,0.0,3.933358227240892,-0.11208043619990347,-0.0008364211656709216,17.401218646816453,2024,Rk
Erick Bautista,COL,805236.0,sa3019103,19,6935,134,108,0.0,0.0,0.0,0.092592593,1,0.0,55,17.164179100000002,41.0447761,62.773670078186036,0.307692307,0.30308072202241243,0.0,0.0,0.0,0.0,0.0,0.0,0.0,0.0,0.0,0.0,0.0,0.0,0.0,0.0,0.0,25.925925925925927,43.3962264,41.5094339,15.0943396,0.0,5.784442346546133,-0.32484317338094115,-0.002424202786424934,10.333392710078671,2024,Rk
Jeremy Almonte,MIA,808503.0,sa3021632,18,6570,134,110,0.0,0.0,0.0,0.1,1,0.0,14,9.7014925,10.4477611,143.2775141703416,0.37113402,0.44369372058270573,0.0,0.0,0.0,0.0,0.0,0.0,0.0,0.0,0.0,0.0,0.0,0.0,0.0,0.0,0.0,18.269230769230766,44.0860215,37.6344086,18.2795698,0.0,5.6172340962909,-0.07676517590880394,-0.0005728744470806263,24.87570570746909,2024,Rk
Robinson Chacon,KCR,823850.0,sa3024382,17,6205,134,113,0.0,0.0,0.0,0.026548673,0,0.0,31,10.4477611,23.1343283,73.33703290860613,0.333333333,0.3194658994674683,0.0,0.0,0.0,0.0,0.0,0.0,0.0,0.0,0.0,0.0,0.0,0.0,0.0,0.0,0.0,17.894736842105264,47.6190476,32.1428571,20.2380952,0.0,4.392854544643253,-0.4523859918117523,-0.0033760148642668084,14.682319535919275,2024,Rk
Joan Gutierrez,MIL,808241.0,sa3021215,18,6570,134,111,0.0,0.0,0.0,0.063063063,0,0.0,30,12.6865671,22.3880597,52.82814549669118,0.204819277,0.27502402885636285,0.0,0.0,0.0,0.0,0.0,0.0,0.0,0.0,0.0,0.0,0.0,0.0,0.0,0.0,0.0,15.555555555555555,40.7407407,46.913580200000006,12.345678999999999,0.0,8.294663472469344,0.38560139760375023,0.002877622370177241,14.8745422317439,2024,Rk
Aldo Gaxiola,TOR,815220.0,sa3022373,18,6570,133,112,0.0,0.0,0.0,0.17857142899999998,4,0.0,20,9.774436,15.037593900000001,130.59204115480506,0.311111111,0.4121620817617936,0.0,0.0,0.0,0.0,0.0,0.0,0.0,0.0,0.0,0.0,0.0,0.0,0.0,0.0,0.0,24.761904761904763,37.6344086,38.7096774,23.655913899999998,0.0,3.3934257319514938,-0.006217189133167267,-4.674578295614487e-05,23.46416294120152,2024,Rk
Joandrew Pena,MIL,821769.0,sa3024149,17,6205,133,115,0.0,0.0,0.0,0.113043478,3,0.0,50,7.518796899999999,37.593984899999995,71.72836716643872,0.3125,0.3092745103334126,0.0,0.0,0.0,0.0,0.0,0.0,0.0,0.0,0.0,0.0,0.0,0.0,0.0,0.0,0.0,35.61643835616439,37.5,43.75,18.75,0.0,5.764502432385769,0.8263434320688248,0.006213108511795675,14.84148424625247,2024,Rk
Adan Sanchez,CHC,703199.0,sa3018431,19,6935,133,112,0.0,0.0,0.0,0.133928572,2,0.0,26,10.5263157,19.5488721,74.62677935780991,0.261363636,0.322785466685331,0.0,0.0,0.0,0.0,0.0,0.0,0.0,0.0,0.0,0.0,0.0,0.0,0.0,0.0,0.0,21.11111111111111,44.1860465,40.697674400000004,15.116279,0.0,2.9208190575904776,-2.3588283290155228,-0.017735551345981378,10.95316921051837,2024,Rk
Bairon Ledesma,COL,813982.0,sa3021320,19,6935,133,114,0.0,0.0,0.0,0.052631579000000005,0,0.0,24,12.0300751,18.0451127,102.16062448049952,0.384615384,0.37203943638401177,0.0,0.0,0.0,0.0,0.0,0.0,0.0,94.3,94.3,85.9,0.0,0.0,0.0,0.0,0.0,19.19191919191919,45.45454539999999,37.5,17.0454545,9.2,6.672009575656613,-1.0788471256382763,-0.008111632523596063,14.678536868032248,2024,Rk
Keiberg Camacaro,SFG,808395.0,sa3021267,17,6205,133,102,0.0,0.0,0.0,0.088235294,0,0.0,28,16.5413533,21.0526315,109.98587983064877,0.30666666600000003,0.3808351348746907,0.0,0.0,0.0,0.0,0.0,0.0,0.0,0.0,0.0,0.0,0.0,0.0,0.0,0.0,0.0,14.634146341463413,38.5714285,44.28571420000001,17.142857100000004,0.0,7.855656111409403,0.038137804716825485,0.0002867504114047029,28.542982504359326,2024,Rk
Frandy Lafond,MIL,821143.0,sa3024956,17,6205,133,105,0.0,0.0,0.0,0.152380953,3,0.0,28,12.7819548,21.0526315,131.2272056203955,0.33783783700000003,0.4266731955788352,0.0,0.0,0.0,0.0,0.0,0.0,0.0,0.0,0.0,0.0,0.0,0.0,0.0,0.0,0.0,30.8641975308642,31.5789473,42.1052631,26.315789399999996,0.0,8.11469785470328,0.6797381564974785,0.0051108132067479595,32.18960434948009,2024,Rk
Josue Brito,BOS,821147.0,sa3023763,17,6205,132,104,0.0,0.0,0.0,0.134615385,3,0.0,31,20.4545454,23.4848484,110.17773426070427,0.271428571,0.3796181787144054,0.0,0.0,0.0,0.0,0.0,0.0,0.0,0.0,0.0,0.0,0.0,0.0,0.0,0.0,0.0,10.588235294117649,45.71428570000001,41.428571399999996,12.857142799999998,0.0,3.7662398302215405,-1.4162124320864675,-0.01072888206126112,26.356342714232067,2024,Rk
Luis Rives,HOU,823878.0,sa3023624,19,6935,132,121,0.0,0.0,0.0,0.082644628,2,0.0,27,7.575757499999999,20.4545454,72.90539743638679,0.282608695,0.2979182924023112,0.0,0.0,0.0,0.0,0.0,0.0,0.0,100.5,99.3,89.0,50.0,0.0,0.0,0.0,0.0,14.285714285714285,51.68539319999999,24.719101100000003,23.595505600000003,-0.2,6.598664728841188,0.6573561429977417,0.004979970780285922,11.043478026152798,2024,Rk
Erick Lara,TBR,808717.0,sa3022307,18,6570,132,108,0.0,0.0,0.0,0.055555556,0,0.0,30,15.151515099999997,22.727272699999997,51.107527169364786,0.222222222,0.2716342233519517,0.0,0.0,0.0,0.0,0.0,0.0,0.0,103.5,103.2,101.9,100.0,0.0,0.0,0.0,0.0,19.19191919191919,48.6486486,43.2432432,8.108108099999999,3.0,6.136328142140229,-0.25808233581483364,-0.0019551692107184367,13.734502604143113,2024,Rk
Nestor Urbina,MIN,821524.0,sa3023949,17,6205,132,111,0.0,0.0,0.0,0.10810810800000001,1,0.0,29,14.393939300000001,21.9696969,101.68398193207248,0.320987654,0.3689132332801819,0.0,0.0,0.0,0.0,0.0,0.0,0.0,0.0,0.0,0.0,0.0,0.0,0.0,0.0,0.0,11.702127659574465,50.0,32.894736800000004,17.105263100000002,0.0,8.574177865859568,0.029956385493278507,0.00022694231434301895,27.21299885152278,2024,Rk
Kevin Verde,NYY,814269.0,sa3021326,18,6570,131,119,0.0,0.0,0.0,0.092436975,0,0.0,19,6.870228999999999,14.503816699999998,59.7975181245844,0.27184466,0.30170520389353045,0.0,0.0,0.0,0.0,0.0,0.0,0.0,0.0,0.0,0.0,0.0,0.0,0.0,0.0,0.0,21.100917431192666,52.475247499999995,34.6534653,12.8712871,0.0,8.841777251748262,0.612735241651535,0.004677368256881947,16.778483637407113,2024,Rk
Danny Gonzalez,MIA,801256.0,sa3018603,19,6935,131,112,0.0,0.0,0.0,0.16071428599999998,4,0.0,41,10.6870229,31.2977099,102.31311038687043,0.313432835,0.3534388128127761,0.0,0.0,0.0,0.0,0.0,0.0,0.0,0.0,0.0,0.0,0.0,0.0,0.0,0.0,0.0,31.944444444444446,27.941176399999996,50.0,22.0588235,0.0,6.734275763900154,0.4408441819250584,0.003365222762786705,13.843567361195088,2024,Rk
Geyber Blanco,NYY,809770.0,sa3021644,18,6570,131,119,0.0,0.0,0.0,0.10924369699999999,1,0.0,31,6.1068702,23.664122100000004,54.634612394473756,0.261363636,0.2902170628991746,0.0,0.0,0.0,0.0,0.0,0.0,0.0,0.0,0.0,0.0,0.0,0.0,0.0,0.0,0.0,23.07692307692308,51.2195121,32.9268292,15.853658500000002,0.0,4.478995900065325,-0.2479000687599182,-0.0018923669370986124,11.284135486150547,2024,Rk
Juan Ortega,BAL,808302.0,sa3021239,18,6570,131,93,0.0,0.0,0.0,0.129032258,2,0.0,24,13.740457999999999,18.3206106,139.40816510037942,0.294117647,0.4340194133611826,0.0,0.0,0.0,0.0,0.0,0.0,0.0,0.0,0.0,0.0,0.0,0.0,0.0,0.0,0.0,14.634146341463413,44.117647,41.1764705,14.7058823,0.0,6.609869734910508,0.05803107470273972,0.000442985303074349,26.323494484692148,2024,Rk
Humberto Tiberi,LAA,821126.0,sa3024322,17,6205,131,114,0.0,0.0,0.0,0.070175439,0,0.0,33,8.396946499999999,25.1908396,87.98411722268953,0.353658536,0.34225415266477144,0.0,0.0,0.0,0.0,0.0,0.0,0.0,0.0,0.0,0.0,0.0,0.0,0.0,0.0,0.0,23.595505617977533,43.5897435,34.6153846,21.7948717,0.0,4.274520929007721,-0.9483365565538406,-0.0072392103553728295,16.070635805108303,2024,Rk
Harold Gonzalez,LAD,808339.0,sa3021255,17,6205,131,98,0.0,0.0,0.0,0.081632653,1,0.0,23,19.083969399999997,17.557251899999997,117.08647295814987,0.29333333300000003,0.39628666180830735,0.0,0.0,0.0,0.0,0.0,0.0,0.0,0.0,0.0,0.0,0.0,0.0,0.0,0.0,0.0,13.414634146341465,45.2054794,42.4657534,12.3287671,0.0,5.607850805275017,-0.7311154007911682,-0.005581033593825712,29.08797580570964,2024,Rk
Carlos Jimenez,SEA,692039.0,sa3015599,21,7665,131,104,0.0,0.0,0.0,0.25,5,0.0,33,18.3206106,25.1908396,183.2451675335596,0.492537313,0.5059639133569849,0.0,0.0,0.0,0.0,0.0,0.0,0.0,0.0,0.0,0.0,0.0,0.0,0.0,0.0,0.0,15.384615384615385,33.8028169,43.6619718,22.5352112,0.0,7.267400222372174,0.2658146028406918,0.002029119105654136,11.030014083443117,2024,Rk
Pedro Dalmagro,CLE,808116.0,sa3021601,18,6570,131,111,0.0,0.0,0.0,0.144144144,1,0.0,25,9.1603053,19.083969399999997,104.35155915589328,0.337078651,0.3835318015731928,0.0,0.0,0.0,0.0,0.0,0.0,0.0,0.0,0.0,0.0,0.0,0.0,0.0,0.0,0.0,13.684210526315795,40.909090899999995,30.681818100000005,28.4090909,0.0,5.019260352356412,-0.3021677508950233,-0.002306624052633766,20.02831465741848,2024,Rk
Julio Zayas,NYM,808289.0,sa3021234,18,6570,131,109,0.0,0.0,0.0,0.128440367,3,0.0,22,13.740457999999999,16.793893100000002,102.66122302631315,0.270588235,0.3573209574589363,0.0,0.0,0.0,0.0,0.0,0.0,0.0,0.0,0.0,0.0,0.0,0.0,0.0,0.0,0.0,24.719101123595504,36.7816091,44.8275862,18.3908045,0.0,2.9995644525,-0.3219831828027964,-0.0024578868916244,20.25741680213729,2024,Rk
Carlos  Garces,CLE,823727.0,sa3024380,17,6205,130,106,0.0,0.0,0.0,0.094339622,0,0.0,15,13.8461538,11.5384615,83.65701433979659,0.255319148,0.3460296951807462,0.0,0.0,0.0,0.0,0.0,0.0,0.0,0.0,0.0,0.0,0.0,0.0,0.0,0.0,0.0,24.24242424242424,36.5591397,43.0107526,20.430107500000002,0.0,5.961644776460247,-2.5067362375557423,-0.01928258644273648,23.71804180891846,2024,Rk
Alexander Requena,MIA,808677.0,sa3022163,18,6570,130,103,0.0,0.0,0.0,0.067961165,0,0.0,28,12.3076923,21.5384615,95.00787628866682,0.34146341399999997,0.3626588601332445,0.0,0.0,0.0,0.0,0.0,0.0,0.0,0.0,0.0,0.0,0.0,0.0,0.0,0.0,0.0,16.091954022988507,44.444444399999995,39.506172799999995,16.0493827,0.0,3.82467532125,-0.2279242649674416,-0.0017532635766726273,17.093755544020173,2024,Rk
Carlos Sanchez,MIA,801522.0,sa3018613,19,6935,130,109,0.0,0.0,0.0,0.091743119,1,0.0,30,11.5384615,23.076923,76.80439729824997,0.25316455600000004,0.309245412166302,0.0,0.0,0.0,0.0,0.0,0.0,0.0,0.0,0.0,0.0,0.0,0.0,0.0,0.0,0.0,14.942528735632186,43.5897435,39.74358970000001,16.6666666,0.0,4.006653674665092,-0.07244730554521084,-0.000557286965732391,10.614640164483028,2024,Rk
Ezequiel Pena,CHC,821101.0,sa3024477,17,6205,130,116,0.0,0.0,0.0,0.068965517,0,0.0,31,9.2307692,23.8461538,86.11564149089511,0.348837209,0.3364722435290997,0.0,0.0,0.0,0.0,0.0,0.0,0.0,0.0,0.0,0.0,0.0,0.0,0.0,0.0,0.0,18.367346938775512,45.7831325,33.734939700000005,20.4819277,0.0,7.42857186157673,1.36932110786438,0.010533239291264459,20.028087163078716,2024,Rk
Adriel Radney,ARI,815895.0,sa3023886,17,6205,130,111,0.0,0.0,0.0,0.063063063,0,0.0,25,10.769230699999998,19.230769199999997,74.37686792186338,0.287356321,0.32663149466881386,0.0,0.0,0.0,0.0,0.0,0.0,0.0,0.0,0.0,0.0,0.0,0.0,0.0,0.0,0.0,8.60215053763441,54.11764700000001,31.7647058,14.117647,0.0,5.651272784562929,-0.5238748267292976,-0.004029806359456135,18.213109471425827,2024,Rk
Jhon Diaz,HOU,807817.0,sa3021113,19,6935,130,109,0.0,0.0,0.0,0.064220184,1,0.0,23,9.2307692,17.6923076,95.31446934883316,0.310344827,0.3572464209336501,0.0,0.0,0.0,0.0,0.0,0.0,0.0,0.0,0.0,0.0,0.0,0.0,0.0,0.0,0.0,33.33333333333333,31.645569599999998,44.3037974,24.0506329,0.0,4.650384623262839,-0.6632395312190056,-0.005101842547838504,12.58853284906408,2024,Rk
Yaxson Lucena,STL,821164.0,sa3024326,16,5840,130,114,0.0,0.0,0.0,0.087719298,2,0.0,26,10.0,20.0,89.04258142231785,0.302325581,0.34595486934368425,0.0,0.0,0.0,0.0,0.0,0.0,0.0,0.0,0.0,0.0,0.0,0.0,0.0,0.0,0.0,24.509803921568626,42.528735600000005,32.183908,25.287356300000006,0.0,4.865043774524405,0.3937828168272972,0.003029098590979209,22.367012266736932,2024,Rk
Michael Baez,ATL,815686.0,sa3022662,19,6935,129,108,0.0,0.0,0.0,0.064814815,0,0.0,35,11.627906900000001,27.131782899999997,83.35674218650293,0.301369863,0.32574551604514895,0.0,0.0,0.0,0.0,0.0,0.0,0.0,0.0,0.0,0.0,0.0,0.0,0.0,0.0,0.0,12.941176470588234,44.28571420000001,40.0,15.7142857,0.0,2.05164092125,-0.19536365568637848,-0.0015144469433052597,9.535578830245386,2024,Rk
Edgar Alfonso,LAA,701660.0,sa3015870,20,7300,129,115,0.0,0.0,0.0,0.060869565,0,0.0,34,10.0775193,26.3565891,52.18865809886967,0.308641975,0.2890388136729598,0.0,0.0,0.0,0.0,0.0,0.0,0.0,0.0,0.0,0.0,0.0,0.0,0.0,0.0,0.0,20.0,45.0,42.5,12.5,0.0,5.665052170245214,-0.8556447774171829,-0.006632905251295992,5.741458270352802,2024,Rk
Heudy Pena,LAD,821263.0,sa3023942,17,6205,129,103,0.0,0.0,0.0,0.048543689,0,0.0,30,19.3798449,23.2558139,95.66937130863415,0.342465753,0.3700268780812621,0.0,0.0,0.0,0.0,0.0,0.0,0.0,0.0,0.0,0.0,0.0,0.0,0.0,0.0,0.0,13.253012048192772,44.444444399999995,40.2777777,15.2777777,0.0,5.815115995224428,0.43813781067729,0.0033964171370332555,24.96302650649855,2024,Rk
Alexander Garcia,SEA,808517.0,sa3021279,18,6570,129,105,0.0,0.0,0.0,0.095238095,1,0.0,36,12.4031007,27.906976699999998,92.37611988157595,0.314285714,0.34836231553277297,0.0,0.0,0.0,0.0,0.0,0.0,0.0,0.0,0.0,0.0,0.0,0.0,0.0,0.0,0.0,26.25,42.8571428,28.571428499999996,28.571428499999996,0.0,2.859704561309248,-1.6714209653437138,-0.012956751669331114,14.63176234704187,2024,Rk
Adrian Rodriguez,ARI,703641.0,sa3019899,20,7300,128,107,0.0,0.0,0.0,0.093457944,1,0.0,28,11.71875,21.875,108.7725482387456,0.375,0.3799462262541056,0.0,0.0,0.0,0.0,0.0,0.0,0.0,0.0,0.0,0.0,0.0,0.0,0.0,0.0,0.0,13.580246913580249,44.3037974,35.44303789999999,20.2531645,0.0,7.050071697675937,-0.7157052620314062,-0.005591447359620361,10.951572413597896,2024,Rk
Yosmar Gimenez,PIT,807981.0,sa3021130,18,6570,128,100,0.0,0.0,0.0,0.06,0,0.0,22,17.96875,17.1875,109.77873756651451,0.3125,0.3797319754958153,0.0,0.0,0.0,0.0,0.0,0.0,0.0,0.0,0.0,0.0,0.0,0.0,0.0,0.0,0.0,17.391304347826086,57.1428571,29.8701298,12.9870129,0.0,7.099771201788843,0.8327110484242439,0.0065055550658144065,24.128217217386503,2024,Rk
Karim Ayubi,BOS,699142.0,sa3016170,20,7300,128,96,0.0,0.0,0.0,0.145833334,3,0.0,42,21.875,32.8125,110.28318519989121,0.31372549,0.3836177736520767,0.0,0.0,0.0,0.0,0.0,0.0,0.0,104.9,103.8,99.6,50.0,0.0,0.0,0.0,0.0,15.625,38.8888888,50.0,11.111111099999999,18.0,6.056128037745142,-0.2560805901885033,-0.0020006296108476818,11.901740735014036,2024,Rk
Yariell Almanzar,HOU,815201.0,sa3024106,18,6570,128,109,0.0,0.0,0.0,0.04587156,0,0.0,40,10.15625,31.25,40.04872413943382,0.257142857,0.25790379428863525,0.0,0.0,0.0,0.0,0.0,0.0,0.0,0.0,0.0,0.0,0.0,0.0,0.0,0.0,0.0,15.555555555555555,52.2388059,34.328358200000004,13.4328358,0.0,7.222555895617332,0.8426237367093563,0.006582997943041846,10.524337030083073,2024,Rk
Manuel Dos Passos,ATL,821604.0,sa3024344,17,6205,128,93,0.0,0.0,0.0,0.032258063999999996,0,0.0,36,18.75,28.125,79.52442977948117,0.22033898300000002,0.3188007009310985,0.0,0.0,0.0,0.0,0.0,0.0,0.0,0.0,0.0,0.0,0.0,0.0,0.0,0.0,0.0,27.397260273972602,37.5,39.28571420000001,23.214285699999998,0.0,4.806015912738987,-1.816212438046932,-0.01418915967224166,17.163955700171933,2024,Rk
Ronny Polanco,ARI,692552.0,sa3015197,20,7300,128,109,0.0,0.0,0.0,0.055045870999999996,1,0.0,32,10.15625,25.0,65.06356573445554,0.285714285,0.30342050129547715,0.0,0.0,0.0,0.0,0.0,0.0,0.0,0.0,0.0,0.0,0.0,0.0,0.0,0.0,0.0,11.538461538461537,52.0547945,19.1780821,28.7671232,0.0,5.0757974773038415,-0.12484317040070893,-0.0009753372687555383,6.442685433255505,2024,Rk
Ryan Castillo,CHW,801462.0,sa3019098,19,6935,128,109,0.0,0.0,0.0,0.07339449599999999,2,0.0,28,10.9375,21.875,100.09508018468165,0.358024691,0.3717846992447621,0.0,0.0,0.0,0.0,0.0,0.0,0.0,0.0,0.0,0.0,0.0,0.0,0.0,0.0,0.0,10.227272727272727,51.282051200000005,28.2051282,20.5128205,0.0,5.266208914255792,0.24899134412407875,0.0019452448759693648,13.897236600200694,2024,Rk
Santiago Ustariz,CLE,821108.0,sa3023926,17,6205,128,108,0.0,0.0,0.0,0.064814815,1,0.0,22,11.71875,17.1875,70.16172761803792,0.24418604600000002,0.3146408414468169,0.0,0.0,0.0,0.0,0.0,0.0,0.0,0.0,0.0,0.0,0.0,0.0,0.0,0.0,0.0,26.08695652173913,45.6790123,39.506172799999995,14.814814800000002,0.0,5.2689619927116045,0.19920958206057549,0.0015563248598482462,19.065598993262796,2024,Rk
Yoiber Ruiz,BOS,808099.0,sa3021173,18,6570,128,108,0.0,0.0,0.0,0.037037037,0,0.0,16,10.9375,12.5,108.23163447751465,0.32608695600000004,0.3760915081948042,0.0,0.0,0.0,0.0,0.0,0.0,0.0,0.0,0.0,0.0,0.0,0.0,0.0,0.0,0.0,14.563106796116505,55.1724137,27.586206800000006,17.241379300000002,0.0,6.479449784970554,1.0327110514044762,0.00806805508909747,21.35573932278928,2024,Rk
Isaac Ponce,SDP,821784.0,sa3024482,17,6205,128,102,0.0,0.0,0.0,0.029411765,0,0.0,28,14.84375,21.875,86.54998240570075,0.297297297,0.3447695078812246,0.0,0.0,0.0,0.0,0.0,0.0,0.0,0.0,0.0,0.0,0.0,0.0,0.0,0.0,0.0,23.863636363636363,43.6619718,39.4366197,16.901408399999998,0.0,2.5233774562178843,-0.5564354360103607,-0.004347151843830943,18.47227295264899,2024,Rk
Adrian Meza,TOR,807977.0,sa3021127,19,6935,128,106,0.0,0.0,0.0,0.018867923999999998,0,0.0,20,11.71875,15.625,64.45247275021511,0.220930232,0.2883037719875574,0.0,0.0,0.0,0.0,0.0,0.0,0.0,93.8,92.6,80.1,0.0,0.0,0.0,0.0,0.0,9.89010989010989,59.5238095,21.4285714,19.047619,4.6,4.346958779353116,-0.7076182160526514,-0.005528267312911339,9.779154607270817,2024,Rk
Rocky Solano,NYM,821183.0,sa3023934,17,6205,128,112,0.0,0.0,0.0,0.053571429000000004,0,0.0,27,7.8125,21.09375,60.92018370403406,0.26436781600000003,0.2876715054735541,0.0,0.0,0.0,0.0,0.0,0.0,0.0,0.0,0.0,0.0,0.0,0.0,0.0,0.0,0.0,8.045977011494253,57.6470588,24.705882300000006,17.647058800000003,0.0,9.05763535026948,0.5856014005839825,0.004575010942062363,17.38811961158361,2024,Rk
Drew Davies,CIN,806730.0,sa3023580,18,6570,127,98,0.0,0.0,0.0,0.10204081599999999,2,0.0,35,20.4724409,27.5590551,85.98333367080303,0.306451612,0.3595136385115366,0.0,0.0,0.0,0.0,0.0,0.0,0.0,0.0,0.0,0.0,0.0,0.0,0.0,0.0,0.0,10.9375,49.206349200000005,34.920634899999996,15.8730158,0.0,2.6158094671141057,0.0059584276750683784,4.691675334699511e-05,18.293977227547085,2024,Rk
Diego Felix,COL,808034.0,sa3021151,17,6205,127,105,0.0,0.0,0.0,0.085714285,0,0.0,52,13.385826699999999,40.9448818,78.223762852171,0.396226415,0.3262296237945557,0.0,0.0,0.0,0.0,0.0,0.0,0.0,0.0,0.0,0.0,0.0,0.0,0.0,0.0,0.0,22.807017543859647,33.3333333,33.3333333,33.3333333,0.0,9.256095474764056,0.5448593720793724,0.004290231276215532,19.59475915588886,2024,Rk
Carlos Carrasquel,BOS,821243.0,sa3023771,17,6205,127,113,0.0,0.0,0.0,0.053097345,0,0.0,26,7.0866140999999985,20.4724409,116.72995425136595,0.413793103,0.39347808285961,0.0,0.0,0.0,0.0,0.0,0.0,0.0,0.0,0.0,0.0,0.0,0.0,0.0,0.0,0.0,12.359550561797752,50.0,29.7619047,20.2380952,0.0,3.10119047125,-0.2442045696079731,-0.0019228706268344337,21.298071553381284,2024,Rk
Luis Corobo,MIL,821818.0,sa3024153,17,6205,127,112,0.0,0.0,0.0,0.14285714300000002,4,0.0,18,9.448818800000002,14.173228299999998,93.61490491514124,0.255555555,0.35708048024515465,0.0,0.0,0.0,0.0,0.0,0.0,0.0,0.0,0.0,0.0,0.0,0.0,0.0,0.0,0.0,22.857142857142854,49.438202200000006,33.7078651,16.853932500000003,0.0,6.829919994824435,0.9801746383309364,0.007717910538038868,26.208011204078623,2024,Rk
Handelfry Encarnacion,MIL,821136.0,sa3024124,17,6205,127,100,0.0,0.0,0.0,0.12,2,0.0,21,18.1102362,16.535432999999998,108.13974048390179,0.246753246,0.3752582373581533,0.0,0.0,0.0,0.0,0.0,0.0,0.0,0.0,0.0,0.0,0.0,0.0,0.0,0.0,0.0,29.347826086956523,41.025641,46.1538461,12.820512800000001,0.0,4.063168266581403,-0.9700436294078828,-0.0076381388142352956,27.527994979826175,2024,Rk
Riangelo Richardson,CIN,820953.0,sa3023733,16,5840,127,104,0.0,0.0,0.0,0.115384615,2,0.0,41,14.9606299,32.2834645,52.88512954449247,0.17741935399999997,0.2795895394377821,0.0,0.0,0.0,0.0,0.0,0.0,0.0,0.0,0.0,0.0,0.0,0.0,0.0,0.0,0.0,45.83333333333333,26.5625,51.5625,21.875,0.0,7.017148118914491,1.01816201582551,0.008017023746657559,19.560505024142557,2024,Rk
Yadimir Fuentes,PHI,815008.0,sa3024625,17,6205,126,105,0.0,0.0,0.0,0.028571428,0,0.0,23,12.6984126,18.2539682,40.59095322666843,0.166666666,0.2395696096420288,0.0,0.0,0.0,0.0,0.0,0.0,0.0,0.0,0.0,0.0,0.0,0.0,0.0,0.0,0.0,27.777777777777782,41.25,48.75,10.0,0.0,3.2738095211309526,-0.9926915504038334,-0.007878504368284392,13.093172401859565,2024,Rk
Jonathan Moya,DET,821030.0,sa3024632,17,6205,126,112,0.0,0.0,0.0,0.151785715,3,0.0,42,6.3492063000000005,33.3333333,112.88948974943756,0.402985074,0.3809765974680583,0.0,0.0,0.0,0.0,0.0,0.0,0.0,0.0,0.0,0.0,0.0,0.0,0.0,0.0,0.0,18.055555555555557,39.7058823,39.7058823,20.5882352,0.0,6.90484407401855,0.21548988670110705,0.001710237196040532,22.433057602982398,2024,Rk
Brailer Guerrero,TBR,806967.0,sa3021072,18,6570,126,103,0.0,0.0,0.0,0.13592233,2,0.0,32,17.4603174,25.3968253,153.55545307571754,0.463768115,0.44912346866395736,0.0,0.0,0.0,0.0,0.0,0.0,0.0,95.9,95.9,90.6,40.0,0.0,0.0,0.0,0.0,7.894736842105262,50.0,32.352941099999995,17.647058800000003,9.8,7.574049449062087,0.7170045021921396,0.0056905119221598395,27.533290586207322,2024,Rk
Daniel Mielcarek,LAD,808028.0,sa3021147,18,6570,126,100,0.0,0.0,0.0,0.14,4,0.0,49,17.4603174,38.8888888,90.90787110747164,0.319148936,0.3613982134395176,0.0,0.0,0.0,0.0,0.0,0.0,0.0,0.0,0.0,0.0,0.0,0.0,0.0,0.0,0.0,28.78787878787879,36.734693799999995,44.8979591,18.367346899999998,0.0,6.65483680055905,1.4706984348595142,0.011672209800472335,19.940777121525908,2024,Rk
Angelo Hernandez,CHW,808687.0,sa3021295,18,6570,126,113,0.0,0.0,0.0,0.168141593,4,0.0,38,6.3492063000000005,30.1587301,85.95932605226068,0.338028169,0.3488365700320592,0.0,0.0,0.0,0.0,0.0,0.0,0.0,0.0,0.0,0.0,0.0,0.0,0.0,0.0,0.0,20.0,43.2432432,35.1351351,21.6216216,0.0,4.095966463133001,-1.0510247428901494,-0.008341466213413884,13.65448782524132,2024,Rk
Ismael Javier,SDP,806973.0,sa3021075,18,6570,126,110,0.0,0.0,0.0,0.090909091,0,0.0,34,7.9365079,26.984126899999996,62.30293090676837,0.315789473,0.3018146893842433,0.0,0.0,0.0,0.0,0.0,0.0,0.0,0.0,0.0,0.0,0.0,0.0,0.0,0.0,0.0,15.18987341772152,45.9459459,37.837837799999996,16.216216199999998,0.0,5.363561857903279,-1.744968207553029,-0.013848954028198643,10.987328528514828,2024,Rk
Moises Valdez,SDP,814229.0,sa3022282,18,6570,126,99,0.0,0.0,0.0,0.08080808,1,0.0,28,17.4603174,22.222222199999997,86.05676649381596,0.28169014,0.3482884643523674,0.0,0.0,0.0,0.0,0.0,0.0,0.0,0.0,0.0,0.0,0.0,0.0,0.0,0.0,0.0,19.767441860465123,57.3529411,25.0,17.647058800000003,0.0,3.5042819567079166,-0.12387482076883315,-0.0009831334981653423,17.943827083976842,2024,Rk
Luis Chevalier,CIN,682728.0,sa3009641,22,8030,126,98,0.0,0.0,0.0,0.193877551,3,0.0,24,18.2539682,19.047619,112.7017037001478,0.295774647,0.4062921842259745,0.0,0.0,0.0,0.0,0.0,0.0,0.0,0.0,0.0,0.0,0.0,0.0,0.0,0.0,0.0,22.36842105263158,41.6666666,40.2777777,18.0555555,0.0,6.688726160892505,-0.3340832483954728,-0.002651454352345022,7.154809860627826,2024,Rk
Santiago Contreras,SDP,808493.0,sa3021272,18,6570,126,84,0.0,0.0,0.0,0.083333333,0,0.0,40,25.3968253,31.7460317,117.51180663083069,0.34090909,0.40666242568723615,0.0,0.0,0.0,0.0,0.0,0.0,0.0,0.0,0.0,0.0,0.0,0.0,0.0,0.0,0.0,18.0,38.6363636,45.45454539999999,15.9090909,0.0,8.06874670483263,-0.4243113026022911,-0.0033675500206531038,23.501776726155356,2024,Rk
Samil De La Rosa,STL,699019.0,sa3016155,20,7300,126,108,0.0,0.0,0.0,0.083333333,2,0.0,26,9.5238095,20.6349206,56.5662987634265,0.222222222,0.2853118367195129,0.0,0.0,0.0,0.0,0.0,0.0,0.0,0.0,0.0,0.0,0.0,0.0,0.0,0.0,0.0,19.801980198019802,43.037974600000005,39.2405063,17.7215189,0.0,6.455562624750769,0.06561211310327053,0.000520731056375163,7.350934564020938,2024,Rk
Jose Gerardo,MIA,805103.0,sa3018645,19,6935,126,109,0.0,0.0,0.0,0.119266055,1,0.0,60,10.3174603,47.6190476,63.16202478297154,0.354166666,0.2856102396571447,0.0,0.0,0.0,0.0,0.0,0.0,0.0,0.0,0.0,0.0,0.0,0.0,0.0,0.0,0.0,30.76923076923077,28.2608695,47.8260869,23.9130434,0.0,7.246171967020023,2.523404002189636,0.020027015890393938,9.828179392900934,2024,Rk
Nico Perez,LAD,703639.0,sa3023603,19,6935,126,106,0.0,0.0,0.0,0.12264150900000001,3,0.0,36,13.4920634,28.571428499999996,107.8065373626256,0.37313432799999996,0.3771739777118441,0.0,0.0,0.0,0.0,0.0,0.0,0.0,0.0,0.0,0.0,0.0,0.0,0.0,0.0,0.0,15.714285714285715,38.5714285,40.0,21.4285714,0.0,6.590030744428535,2.0566767123527825,0.016322831050418908,15.957309697415733,2024,Rk
Erubiel Fuentes,ATH,691866.0,sa3015581,21,7665,125,95,0.0,0.0,0.0,0.031578947,0,0.0,27,16.8,21.6,86.35601346877445,0.308823529,0.3534719983085257,0.0,0.0,0.0,0.0,0.0,0.0,0.0,0.0,0.0,0.0,0.0,0.0,0.0,0.0,0.0,12.676056338028168,48.5294117,35.29411760000001,16.176470499999997,0.0,1.15476189625,-0.20790168782696128,-0.0016632135026156901,6.294496240908332,2024,Rk
Zeus Nunez,SEA,821192.0,sa3023768,17,6205,125,110,0.0,0.0,0.0,0.054545455,1,0.0,44,10.4,35.2,57.36852975849578,0.307692307,0.2849224872589111,0.0,0.0,0.0,0.0,0.0,0.0,0.0,0.0,0.0,0.0,0.0,0.0,0.0,0.0,0.0,20.54794520547945,46.1538461,33.846153799999996,20.0,0.0,3.2286832425998395,0.22634342312812805,0.0018107473850250246,11.038197660070761,2024,Rk
Rickardo Perez,PHI,694189.0,sa3015701,20,7300,125,111,0.0,0.0,0.0,0.18918918899999998,6,0.0,18,8.799999999999997,14.4,127.92726708810785,0.306818181,0.4034430251121521,0.0,0.0,0.0,0.0,0.0,0.0,0.0,103.1,102.8,101.8,100.0,0.0,0.0,0.0,0.0,20.2020202020202,45.16129030000001,36.5591397,18.2795698,-1.0,1.7878921294835526,-0.7982887458056211,-0.006386309966444969,11.777821724055352,2024,Rk
Angel Gonzalez,MIL,821259.0,sa3024132,17,6205,125,95,0.0,0.0,0.0,0.063157895,1,0.0,23,17.599999999999994,18.4,86.05092097689699,0.222222222,0.3448059282302857,0.0,0.0,0.0,0.0,0.0,0.0,0.0,0.0,0.0,0.0,0.0,0.0,0.0,0.0,0.0,6.493506493506493,56.9444444,33.3333333,9.7222222,0.0,7.7581103067886295,0.5313337184488773,0.004250669747591019,25.69635082635829,2024,Rk
Edgardo Ordonez,MIL,699166.0,sa3016553,20,7300,125,103,0.0,0.0,0.0,0.22330097100000001,7,0.0,35,16.8,28.000000000000004,123.39713983881194,0.33870967700000004,0.4116858177185059,0.0,0.0,0.0,0.0,0.0,0.0,0.0,0.0,0.0,0.0,0.0,0.0,0.0,0.0,0.0,25.0,36.9230769,46.1538461,16.923076899999998,0.0,1.5765971955657818,-0.738703291863203,-0.005909626334905624,11.8377588124419,2024,Rk
Luis Leones,CIN,692817.0,sa3017336,21,7665,125,112,0.0,0.0,0.0,0.0625,1,0.0,49,8.0,39.2,31.44592228355459,0.33870967700000004,0.26402949075388715,0.0,0.0,0.0,0.0,0.0,0.0,0.0,0.0,0.0,0.0,0.0,0.0,0.0,0.0,0.0,16.923076923076927,46.7741935,24.1935483,29.032258000000002,0.0,8.099243326407743,-0.19568643858656287,-0.0015654915086925029,3.53065062540562,2024,Rk
Juan Perez,SFG,800327.0,sa3018516,19,6935,125,109,0.0,0.0,0.0,0.04587156,0,0.0,38,8.799999999999997,30.4,89.13242515380314,0.430555555,0.3511535310745239,0.0,0.0,0.0,0.0,0.0,0.0,0.0,104.8,103.5,97.6,66.7,0.0,0.0,0.0,0.0,12.5,50.7042253,26.760563300000005,22.5352112,8.5,1.74999999625,-0.18942153779789805,-0.0015153723023831845,9.050491477694752,2024,Rk
Yeniel Laboy,ATH,702596.0,sa3020005,20,7300,125,102,0.0,0.0,0.0,0.029411765,0,0.0,22,16.0,17.599999999999994,81.05808425323369,0.31707317,0.3441963791847229,0.0,0.0,0.0,0.0,0.0,0.0,0.0,0.0,0.0,0.0,0.0,0.0,0.0,0.0,0.0,6.097560975609755,59.756097499999996,24.390243899999998,15.853658500000002,0.0,4.117341476197827,-1.1157052679918706,-0.008925642143934966,8.911505135263237,2024,Rk
Albert Alberto,CHW,808293.0,sa3021616,18,6570,125,98,0.0,0.0,0.0,0.10204081699999999,1,0.0,35,16.8,28.000000000000004,102.94722807900972,0.333333333,0.37695328617095947,0.0,0.0,0.0,0.0,0.0,0.0,0.0,0.0,0.0,0.0,0.0,0.0,0.0,0.0,0.0,17.647058823529417,45.16129030000001,35.4838709,19.3548387,0.0,6.474907855555048,-0.3401551283895969,-0.0027212410271167755,20.499512799840158,2024,Rk
Carlos Gutierrez,CLE,699049.0,sa3015783,20,7300,125,108,0.0,0.0,0.0,0.074074074,1,0.0,30,8.799999999999997,24.0,77.13520728958865,0.333333333,0.32241685962677,0.0,0.0,0.0,0.0,0.0,0.0,0.0,0.0,0.0,0.0,0.0,0.0,0.0,0.0,0.0,7.4074074074074066,51.85185180000001,32.0987654,16.0493827,0.0,6.314643171178973,1.4843969284556806,0.011875175427645443,7.930081276958407,2024,Rk
Pedro Roque,KCR,808698.0,sa3021300,18,6570,125,100,0.0,0.0,0.0,0.11,2,0.0,29,19.2,23.200000000000006,87.95982142340756,0.246376811,0.3438119234577302,0.0,0.0,0.0,0.0,0.0,0.0,0.0,0.0,0.0,0.0,0.0,0.0,0.0,0.0,0.0,2.631578947368421,57.3529411,30.8823529,11.7647058,0.0,9.109093095718023,0.9584675654768944,0.007667740523815155,22.249579630692235,2024,Rk
John Santana,TBR,808015.0,sa3021141,18,6570,125,114,0.0,0.0,0.0,0.07017543799999999,1,0.0,32,5.6000000000000005,25.6,72.01205389734989,0.325301204,0.30349693375249065,0.0,0.0,0.0,0.0,0.0,0.0,0.0,0.0,0.0,0.0,0.0,0.0,0.0,0.0,0.0,21.64948453608248,34.146341400000004,45.121951200000005,20.7317073,0.0,7.120307154889188,-0.4089718461036682,-0.003271774768829345,12.14446533109463,2024,Rk
Carlos Cauro,HOU,803426.0,sa3019763,19,6935,125,110,0.0,0.0,0.0,0.145454546,4,0.0,30,9.6,24.0,104.2591333472825,0.311688311,0.3522380931723502,0.0,0.0,0.0,0.0,0.0,0.0,0.0,105.2,103.0,94.3,50.0,0.0,0.0,0.0,0.0,20.224719101123604,41.025641,39.74358970000001,19.230769199999997,-16.0,1.9103263834739008,-0.8580823447555304,-0.006864658758044243,12.193238261772814,2024,Rk
Sandy Sanchez,CHC,800367.0,sa3018533,18,6570,125,98,0.0,0.0,0.0,0.12244898,1,0.0,19,20.0,15.2,87.48790668216198,0.202531645,0.3410746326446533,0.0,0.0,0.0,0.0,0.0,0.0,0.0,0.0,0.0,0.0,0.0,0.0,0.0,0.0,0.0,12.643678160919542,49.3670886,43.037974600000005,7.594936700000001,0.0,7.6253092183088835,-0.14833654463291168,-0.0011866923570632935,23.172143192559933,2024,Rk
Jarold Montealto,TOR,807958.0,sa3021120,18,6570,124,101,0.0,0.0,0.0,0.00990099,0,0.0,33,14.516129000000001,26.6129032,54.35847179093178,0.25,0.2740136250372856,0.0,0.0,0.0,0.0,0.0,0.0,0.0,0.0,0.0,0.0,0.0,0.0,0.0,0.0,0.0,15.789473684210524,64.78873229999999,22.5352112,12.6760563,0.0,1.7941092069654043,-0.5130212903022766,-0.00413726847017965,9.918413148826748,2024,Rk
Kaden Hollow,SDP,687701.0,sa3020274,23,8395,124,91,0.0,0.0,0.0,0.153846154,1,0.0,28,23.3870967,22.5806451,147.77895404840763,0.403225806,0.4514661857752296,0.0,0.0,0.0,0.0,0.0,0.0,0.0,0.0,0.0,0.0,0.0,0.0,0.0,0.0,0.0,32.8125,25.3968253,50.7936507,23.8095238,0.0,6.599241853919788,0.1828582431189716,0.0014746632509594485,6.058896191048738,2024,Rk
Wagnel Luna,DET,810981.0,sa3021646,18,6570,124,101,0.0,0.0,0.0,0.04950495,1,0.0,36,16.129032199999997,29.032258000000002,40.18727919562921,0.203125,0.27985992258594883,0.0,0.0,0.0,0.0,0.0,0.0,0.0,0.0,0.0,0.0,0.0,0.0,0.0,0.0,0.0,26.923076923076927,43.75,43.75,12.5,0.0,6.907095590228818,0.2924054898321629,0.0023581087889690553,13.365887511595528,2024,Rk
Oscar Aponte,ARI,821034.0,sa3024313,17,6205,124,110,0.0,0.0,0.0,0.081818182,1,0.0,22,4.032258000000001,17.7419354,71.74201933193055,0.275862068,0.3106623858459725,0.0,0.0,0.0,0.0,0.0,0.0,0.0,0.0,0.0,0.0,0.0,0.0,0.0,0.0,0.0,16.842105263157894,54.2168674,24.0963855,21.6867469,0.0,5.935246980802862,-2.18640648573637,-0.0176323103688417,16.216467345989507,2024,Rk
Gabriel Araujo,ARI,800250.0,sa3019310,19,6935,124,102,0.0,0.0,0.0,0.078431373,0,0.0,23,14.516129000000001,18.548387,116.59500009275531,0.367088607,0.4044518393854941,0.0,0.0,0.0,0.0,0.0,0.0,0.0,0.0,0.0,0.0,0.0,0.0,0.0,0.0,0.0,9.523809523809524,63.291139199999996,25.3164556,11.392405,0.0,6.774766902202548,0.7259069532155991,0.005854088332383863,18.31720806253708,2024,Rk
Luis Quesada,HOU,809683.0,sa3021308,19,6935,124,94,0.0,0.0,0.0,0.212765958,5,0.0,26,14.516129000000001,20.9677419,118.14080162497629,0.215384615,0.39942019024202896,0.0,0.0,0.0,0.0,0.0,0.0,0.0,0.0,0.0,0.0,0.0,0.0,0.0,0.0,0.0,18.39080459770115,42.6470588,44.117647,13.235294099999999,0.0,6.6158886810819295,0.07612518221139908,0.0006139127597693474,18.80952012033847,2024,Rk
Carlos Altuve,CHC,805061.0,sa3019101,19,6935,124,100,0.0,0.0,0.0,0.09,1,0.0,24,15.322580599999998,19.3548387,91.65981763021442,0.263157894,0.3486348592465924,0.0,0.0,0.0,0.0,0.0,0.0,0.0,0.0,0.0,0.0,0.0,0.0,0.0,0.0,0.0,17.647058823529417,48.6486486,36.4864864,14.864864800000001,0.0,7.363050092465303,-0.2469592206180096,-0.0019916066178871736,15.466545790739506,2024,Rk
Oswaldo Patino,LAA,808157.0,sa3021606,17,6205,123,107,0.0,0.0,0.0,0.018691588999999998,0,0.0,16,12.1951219,13.00813,114.50770938970936,0.37362637299999996,0.3903195043889488,0.0,0.0,0.0,0.0,0.0,0.0,0.0,0.0,0.0,0.0,0.0,0.0,0.0,0.0,0.0,10.1010101010101,64.367816,18.3908045,17.241379300000002,0.0,3.695317976152824,-0.9311154037714005,-0.007570043933100816,24.028871321768108,2024,Rk
Charles Nova,KCR,803367.0,sa3019497,19,6935,123,95,0.0,0.0,0.0,0.073684211,1,0.0,21,18.699186899999997,17.073170700000002,92.65679914022951,0.25,0.3505622390809098,0.0,0.0,0.0,0.0,0.0,0.0,0.0,0.0,0.0,0.0,0.0,0.0,0.0,0.0,0.0,14.942528735632186,47.368421000000005,40.7894736,11.842105199999999,0.0,5.3243548199477955,0.865271657705307,0.007034728924433391,16.178695308313845,2024,Rk
Carlos Batista,WSN,808251.0,sa3021217,18,6570,123,100,0.0,0.0,0.0,0.09,3,0.0,53,14.6341463,43.089430799999995,48.43846770724769,0.23913043399999998,0.2648655151532701,0.0,0.0,0.0,0.0,0.0,0.0,0.0,0.0,0.0,0.0,0.0,0.0,0.0,0.0,0.0,28.301886792452827,35.4166666,47.9166666,16.6666666,0.0,6.744674210207819,1.166685622185469,0.009485248960857468,12.713459314396284,2024,Rk
Yaisel Ramos,STL,802066.0,sa3018620,21,7665,123,100,0.0,0.0,0.0,0.01,0,0.0,47,13.821138199999998,38.2113821,37.36810269693681,0.25925925899999996,0.25205129678132104,0.0,0.0,0.0,0.0,0.0,0.0,0.0,0.0,0.0,0.0,0.0,0.0,0.0,0.0,0.0,8.333333333333332,59.183673399999996,28.571428499999996,12.2448979,0.0,5.674138713432571,0.6264792121946812,0.005093326928412042,3.7309823571878953,2024,Rk
Wilmeyber Penuela,ARI,820975.0,sa3024798,17,6205,123,99,0.0,0.0,0.0,0.090909091,1,0.0,38,17.8861788,30.8943089,96.15895954610272,0.344262295,0.3549101186580345,0.0,0.0,0.0,0.0,0.0,0.0,0.0,0.0,0.0,0.0,0.0,0.0,0.0,0.0,0.0,20.0,45.7627118,30.5084745,23.7288135,0.0,7.623439171471697,-0.2469592206180096,-0.0020077985416098337,23.80304076417494,2024,Rk
David Carrera,NYY,821683.0,sa3023966,17,6205,122,98,0.0,0.0,0.0,0.142857142,0,0.0,32,12.2950819,26.2295081,121.41639240978122,0.39705882299999995,0.4133692970041369,0.0,0.0,0.0,0.0,0.0,0.0,0.0,0.0,0.0,0.0,0.0,0.0,0.0,0.0,0.0,25.333333333333336,37.09677410000001,33.8709677,29.032258000000002,0.0,9.078111500830733,0.9638943336904048,0.00790077322697053,29.941298650637354,2024,Rk
Richard Meran,NYY,808152.0,sa3022404,18,6570,122,104,0.0,0.0,0.0,0.067307693,0,0.0,41,9.8360655,33.6065573,81.26959089342157,0.38095238,0.3406163258630721,0.0,0.0,0.0,0.0,0.0,0.0,0.0,0.0,0.0,0.0,0.0,0.0,0.0,0.0,0.0,9.090909090909092,50.81967210000001,26.2295081,22.950819600000003,0.0,8.1066156946573,0.16932108998298645,0.0013878777867457905,14.567476969120769,2024,Rk
Eric Martinez,MIL,702444.0,sa3017023,20,7300,122,106,0.0,0.0,0.0,0.075471698,2,0.0,28,9.8360655,22.950819600000003,60.91644320019544,0.263157894,0.3022945591660797,0.0,0.0,0.0,0.0,0.0,0.0,0.0,0.0,0.0,0.0,0.0,0.0,0.0,0.0,0.0,23.07692307692308,37.837837799999996,48.6486486,13.513513499999998,0.0,5.234212890428606,0.2429187307134271,0.001991137136995304,7.007491370444049,2024,Rk
Gabriel Lopez,COL,823875.0,sa3023988,18,6570,122,102,0.0,0.0,0.0,0.019607843,0,0.0,31,11.475409800000001,25.409836,51.39264371925614,0.25352112600000004,0.2802475273609161,0.0,0.0,0.0,0.0,0.0,0.0,0.0,0.0,0.0,0.0,0.0,0.0,0.0,0.0,0.0,16.25,50.7042253,32.3943661,16.901408399999998,0.0,4.210370533006143,-0.8198253884911537,-0.006719880233534047,9.629128948181798,2024,Rk
Ricardo Paez,MIN,821671.0,sa3023961,17,6205,121,99,0.0,0.0,0.0,0.16161616199999998,2,0.0,26,16.5289256,21.4876033,121.99487601028565,0.333333333,0.4057200979595342,0.0,0.0,0.0,0.0,0.0,0.0,0.0,0.0,0.0,0.0,0.0,0.0,0.0,0.0,0.0,21.428571428571427,39.4366197,39.4366197,21.1267605,0.0,7.107112286467206,-1.476847730576992,-0.012205353145264395,30.41629281236469,2024,Rk
Marwin Rivero,KCR,823869.0,sa3024384,17,6205,121,94,0.0,0.0,0.0,0.021276596000000002,0,0.0,29,18.1818181,23.9669421,85.41255665348635,0.276923076,0.3344975213209788,0.0,0.0,0.0,0.0,0.0,0.0,0.0,0.0,0.0,0.0,0.0,0.0,0.0,0.0,0.0,5.194805194805196,71.42857140000001,15.8730158,12.6984126,0.0,6.427189857615553,0.3014452233910561,0.002491282837942612,21.44723638662548,2024,Rk
Deshandro Tromp,PIT,820972.0,sa3024115,17,6205,121,92,0.0,0.0,0.0,0.076086956,1,0.0,38,17.355371899999998,31.4049586,85.60568346596445,0.25925925899999996,0.3359262066439164,0.0,0.0,0.0,0.0,0.0,0.0,0.0,0.0,0.0,0.0,0.0,0.0,0.0,0.0,0.0,14.492753623188404,42.0,44.0,14.000000000000002,0.0,6.468457543433147,-0.12930158898234367,-0.001068608173407799,20.453081939361066,2024,Rk
Diego Villegas,SFG,698969.0,sa3015757,20,7300,121,95,0.0,0.0,0.0,0.115789473,2,0.0,27,19.0082644,22.3140495,140.34558652399096,0.38805970100000003,0.4347287692314337,0.0,0.0,0.0,0.0,0.0,0.0,0.0,0.0,0.0,0.0,0.0,0.0,0.0,0.0,0.0,15.492957746478872,52.2388059,19.402985,28.3582089,0.0,5.864072714873348,0.14494189992547035,0.0011978669415328128,14.176776108311898,2024,Rk
Jonatan Yan,ATH,805470.0,sa3019511,19,6935,121,100,0.0,0.0,0.0,0.07,0,0.0,32,14.876032999999998,26.4462809,72.77632677098956,0.271428571,0.30698428370735864,0.0,0.0,0.0,0.0,0.0,0.0,0.0,0.0,0.0,0.0,0.0,0.0,0.0,0.0,0.0,11.764705882352938,43.478260799999994,39.1304347,17.391304299999998,0.0,7.643661244307588,-0.5320562459528446,-0.004397159057461525,11.600812431210976,2024,Rk
Reniel Diaz,NYM,808140.0,sa3021190,18,6570,121,94,0.0,0.0,0.0,0.106382979,1,0.0,43,15.7024793,35.53719,88.1601511843426,0.294117647,0.3397223831208284,0.0,0.0,0.0,0.0,0.0,0.0,0.0,0.0,0.0,0.0,0.0,0.0,0.0,0.0,0.0,38.59649122807017,40.425531899999996,36.1702127,23.404255300000003,0.0,9.254656014605665,1.2046363651752472,0.009955672439464852,19.073608406590218,2024,Rk
Dario Borrero,CHW,700020.0,sa3015841,20,7300,121,109,0.0,0.0,0.0,0.119266055,2,0.0,20,5.7851239,16.5289256,75.14747483699995,0.295454545,0.3299071714282036,0.0,0.0,0.0,0.0,0.0,0.0,0.0,0.0,0.0,0.0,0.0,0.0,0.0,0.0,0.0,10.989010989010987,48.314606700000006,35.9550561,15.730336999999999,0.0,2.16937229,-0.13398108771070838,-0.0011072817166174246,7.904341423050075,2024,Rk
Emiliano Galan,TBR,820987.0,sa3023742,17,6205,121,111,0.0,0.0,0.0,0.09909909900000001,3,0.0,17,7.438016499999999,14.0495867,88.69779553153099,0.27472527399999996,0.333734393119812,0.0,0.0,0.0,0.0,0.0,0.0,0.0,0.0,0.0,0.0,0.0,0.0,0.0,0.0,0.0,20.37037037037037,50.5882352,27.058823500000006,22.3529411,0.0,5.54737537471456,0.8209166638553143,0.0067844352384736715,21.884731009269082,2024,Rk
Ryan Reckley,SFG,703144.0,sa3018404,19,6935,120,92,0.0,0.0,0.0,0.20652173899999998,4,0.0,33,20.0,27.500000000000004,145.15384966271952,0.4,0.4492358903090159,0.0,0.0,0.0,0.0,0.0,0.0,0.0,94.8,93.8,86.5,0.0,0.0,0.0,0.0,0.0,23.728813559322035,44.0677966,40.6779661,15.2542372,21.0,7.9671774264061375,0.5920983240939677,0.004934152700783064,21.315460741600045,2024,Rk
Julio Valdez,CHC,805063.0,sa3019687,19,6935,120,102,0.0,0.0,0.0,0.127450981,3,0.0,49,12.5,40.8333333,49.953378133364446,0.21568627399999998,0.2730555534362793,0.0,0.0,0.0,0.0,0.0,0.0,0.0,0.0,0.0,0.0,0.0,0.0,0.0,0.0,0.0,25.86206896551724,34.6153846,51.9230769,13.461538399999998,0.0,4.679201787015446,0.26975756883621216,0.002247979740301768,8.654164789653384,2024,Rk
Samuel Brito,HOU,823720.0,sa3023789,17,6205,120,104,0.0,0.0,0.0,0.048076923,1,0.0,35,10.833333300000001,29.166666600000006,74.8666057009864,0.342857142,0.3201913436253865,0.0,0.0,0.0,0.0,0.0,0.0,0.0,0.0,0.0,0.0,0.0,0.0,0.0,0.0,0.0,24.05063291139241,47.058823499999995,30.8823529,22.0588235,0.0,4.631603706582732,-2.1013094633817677,-0.017510912194848058,13.528167055230913,2024,Rk
Jamaliel Rosado Jr.,ATH,702538.0,sa3020004,20,7300,119,90,0.0,0.0,0.0,0.066666667,0,0.0,36,20.1680672,30.2521008,78.71523424221584,0.30909090899999997,0.3400945153276799,0.0,0.0,0.0,0.0,0.0,0.0,0.0,0.0,0.0,0.0,0.0,0.0,0.0,0.0,0.0,3.571428571428571,60.0,30.9090909,9.090909,0.0,5.649271364598375,-0.3340832483954728,-0.002807422255424141,8.892751813130024,2024,Rk
Yimmy Diaz,DET,699098.0,sa3018394,20,7300,119,95,0.0,0.0,0.0,0.073684211,1,0.0,27,10.924369699999998,22.689075600000002,72.26079575135816,0.21739130399999998,0.3015422921220796,0.0,0.0,0.0,0.0,0.0,0.0,0.0,53.6,53.6,53.6,0.0,0.0,0.0,0.0,0.0,14.285714285714285,42.6470588,45.5882352,11.7647058,-55.0,3.2290147985676367,-0.7652648296207191,-0.006430796887569067,6.536819756120262,2024,Rk
Natanael Santana,LAA,685725.0,sa3008950,22,8030,119,98,0.0,0.0,0.0,0.204081633,4,0.0,39,10.924369699999998,32.7731092,79.15129762039363,0.275862068,0.33624502662884986,0.0,0.0,0.0,0.0,0.0,0.0,0.0,0.0,0.0,0.0,0.0,0.0,0.0,0.0,0.0,27.69230769230769,30.5084745,52.5423728,16.9491525,0.0,9.45286280923767,2.1259772749617696,0.017865355251779576,4.968414855134503,2024,Rk
Estivenzon Montero,NYY,821028.0,sa3023916,17,6205,119,99,0.0,0.0,0.0,0.12121212099999999,1,0.0,33,14.2857142,27.7310924,98.75461920827486,0.34848484799999996,0.370170171521291,0.0,0.0,0.0,0.0,0.0,0.0,0.0,0.0,0.0,0.0,0.0,0.0,0.0,0.0,0.0,12.32876712328767,55.555555500000004,28.571428499999996,15.8730158,0.0,6.424076371099623,0.09240548685193062,0.000776516696234711,24.392200189334982,2024,Rk
Eddy Perez,ARI,820783.0,sa3024307,18,6570,119,104,0.0,0.0,0.0,0.10576923,0,0.0,53,10.0840336,44.5378151,80.40733501910131,0.450980392,0.3263654415890322,0.0,0.0,0.0,0.0,0.0,0.0,0.0,0.0,0.0,0.0,0.0,0.0,0.0,0.0,0.0,13.20754716981132,50.0,34.0,16.0,0.0,8.668567360253588,-0.12120270356535913,-0.0010185101139946146,14.437538439280253,2024,Rk
Angel Nieblas,ATL,808635.0,sa3021289,18,6570,119,101,0.0,0.0,0.0,0.06930693,0,0.0,28,10.0840336,23.5294117,68.29707527599342,0.28,0.29737221790572343,0.0,0.0,0.0,0.0,0.0,0.0,0.0,0.0,0.0,0.0,0.0,0.0,0.0,0.0,0.0,14.285714285714285,39.7260273,43.8356164,16.4383561,0.0,4.646445694564147,-0.22505841962993145,-0.0018912472237809363,12.1779757940535,2024,Rk
Wuinder Torres,CLE,821099.0,sa3024635,17,6205,119,104,0.0,0.0,0.0,0.057692307000000005,0,0.0,22,5.8823529,18.487394899999998,73.15790266294371,0.32183908,0.32472060508086903,0.0,0.0,0.0,0.0,0.0,0.0,0.0,0.0,0.0,0.0,0.0,0.0,0.0,0.0,0.0,20.0,34.5238095,39.28571420000001,26.1904761,0.0,4.4054943915335585,0.4263434261083603,0.0035827178664568095,16.602295937006627,2024,Rk
Kendrick Hernandez,DET,821796.0,sa3023976,17,6205,118,93,0.0,0.0,0.0,0.032258063999999996,0,0.0,48,19.491525399999997,40.6779661,65.24261570463517,0.304347826,0.2946321933956469,0.0,0.0,0.0,0.0,0.0,0.0,0.0,0.0,0.0,0.0,0.0,0.0,0.0,0.0,0.0,20.0,47.8260869,30.4347826,21.739130399999997,0.0,4.441206661841671,0.2100631184875965,0.001780195919386411,15.293145361438818,2024,Rk
Phillando Williams,PIT,820974.0,sa3023739,17,6205,118,85,0.0,0.0,0.0,0.011764706000000002,0,0.0,31,18.6440677,26.2711864,86.33729156429631,0.254545454,0.3372520074762147,0.0,0.0,0.0,0.0,0.0,0.0,0.0,0.0,0.0,0.0,0.0,0.0,0.0,0.0,0.0,10.769230769230768,49.0566037,35.84905660000001,15.0943396,0.0,5.798813980381063,-0.18632392212748528,-0.0015790162892159768,20.16641879614316,2024,Rk
Barrett Riebock,CLE,814806.0,sa3023071,21,7665,118,94,0.0,0.0,0.0,0.031914893,0,0.0,28,13.559321999999998,23.7288135,91.11903383542013,0.328358208,0.3468997554253724,0.0,0.0,0.0,0.0,0.0,0.0,0.0,0.0,0.0,0.0,0.0,0.0,0.0,0.0,0.0,25.75757575757576,39.3939393,36.363636299999996,24.2424242,0.0,5.1889723835095545,-0.055746923200786114,-0.00047243155254903484,6.186222955062559,2024,Rk
Maykel Minoso,TOR,801460.0,sa3018612,18,6570,117,101,0.0,0.0,0.0,0.079207921,1,0.0,15,11.111111099999999,12.820512800000001,63.75936587753434,0.218390804,0.2871029764159113,0.0,0.0,0.0,0.0,0.0,0.0,0.0,101.9,96.8,88.6,36.4,0.0,0.0,0.0,0.0,13.636363636363635,40.697674400000004,43.023255799999994,16.279069699999997,19.6,7.537781108834998,0.9605766255408524,0.008210056628554296,17.374149213676034,2024,Rk
Diorland Zambrano,CIN,821045.0,sa3024121,17,6205,117,95,0.0,0.0,0.0,0.115789474,3,0.0,10,13.6752136,8.5470085,117.65729773087558,0.285714285,0.3992751847142759,0.0,0.0,0.0,0.0,0.0,0.0,0.0,0.0,0.0,0.0,0.0,0.0,0.0,0.0,0.0,20.40816326530612,49.411764700000006,34.117647,16.470588199999998,0.0,3.3573795941772824,-1.3700436353683472,-0.011709774661267923,28.076321573539484,2024,Rk
Enddy Azocar,BOS,821150.0,sa3023764,17,6205,116,94,0.0,0.0,0.0,0.042553192000000004,0,0.0,15,15.5172413,12.9310344,107.92106130087687,0.3125,0.3775148402000296,0.0,0.0,0.0,0.0,0.0,0.0,0.0,0.0,0.0,0.0,0.0,0.0,0.0,0.0,0.0,20.0,41.025641,47.4358974,11.5384615,0.0,5.040007549197346,-3.4569544903934,-0.029801331813736207,25.503853192395106,2024,Rk
Hyungchan Um,KCR,805870.0,sa3021585,20,7300,116,100,0.0,0.0,0.0,0.19,4,0.0,25,10.3448275,21.5517241,128.8001398047139,0.38028169,0.4212310951689015,0.0,0.0,0.0,0.0,0.0,0.0,0.0,0.0,0.0,0.0,0.0,0.0,0.0,0.0,0.0,17.94871794871795,36.9863013,50.6849315,12.3287671,0.0,4.022621625629689,0.4382986961863935,0.003778437036089599,12.30328245598402,2024,Rk
Victor Rodrigues,LAD,800332.0,sa3018520,19,6935,116,102,0.0,0.0,0.0,0.06862745099999999,2,0.0,14,11.2068965,12.0689655,83.90081270420147,0.287356321,0.33531981398319377,0.0,0.0,0.0,0.0,0.0,0.0,0.0,0.0,0.0,0.0,0.0,0.0,0.0,0.0,0.0,13.483146067415731,43.6781609,40.229885,16.091954,0.0,3.8223068122448183,-0.32484317338094115,-0.0028003721843184587,12.453327650799967,2024,Rk
Yohander Linarez,BOS,800496.0,sa3019212,19,6935,116,107,0.0,0.0,0.0,0.056074766,1,0.0,32,6.896551700000002,27.586206800000006,42.642173337472364,0.283783783,0.26643090001468,0.0,0.0,0.0,0.0,0.0,0.0,0.0,101.5,97.5,83.1,25.0,0.0,0.0,0.0,0.0,18.823529411764707,45.3333333,40.0,14.6666666,5.5,3.9365924739960274,0.1770885717123747,0.0015266256182101265,6.375286333415498,2024,Rk
Sebastian Baquera,TEX,802398.0,sa3023707,17,6205,116,86,0.0,0.0,0.0,0.174418605,3,0.0,18,18.1034482,15.5172413,166.40542842284415,0.36363636299999996,0.4874538316808898,0.0,0.0,0.0,0.0,0.0,0.0,0.0,0.0,0.0,0.0,0.0,0.0,0.0,0.0,0.0,30.26315789473684,34.7826086,47.8260869,17.391304299999998,0.0,5.174850358160466,0.02728426828980446,0.000235209209394866,35.49456372739347,2024,Rk
Angel Diaz,LAD,801225.0,sa3019214,20,7300,116,95,0.0,0.0,0.0,0.052631579000000005,0,0.0,25,6.034482700000001,21.5517241,108.03554103609407,0.38028169,0.3775749175444893,0.0,0.0,0.0,0.0,0.0,0.0,0.0,0.0,0.0,0.0,0.0,0.0,0.0,0.0,0.0,11.111111111111109,45.5882352,35.29411760000001,19.117647,0.0,2.244079980377835,-0.7433233293704689,-0.006407959735952318,8.215793655340892,2024,Rk
Ramon Landaeta,ATH,807983.0,sa3021131,18,6570,116,97,0.0,0.0,0.0,0.082474227,1,0.0,35,15.5172413,30.1724137,106.0432040758202,0.37704918,0.36726963828349934,0.0,0.0,0.0,0.0,0.0,0.0,0.0,0.0,0.0,0.0,0.0,0.0,0.0,0.0,0.0,21.917808219178077,41.6666666,38.3333333,20.0,0.0,3.892980560669208,0.19920958206057549,0.001717323983280823,18.187974742677195,2024,Rk
Adrian Reyes,CIN,800159.0,sa3018457,19,6935,115,92,0.0,0.0,0.0,0.130434783,3,0.0,39,18.260869500000002,33.9130434,78.08413838105012,0.25490196,0.33009241442931325,0.0,0.0,0.0,0.0,0.0,0.0,0.0,0.0,0.0,0.0,0.0,0.0,0.0,0.0,0.0,22.72727272727273,39.2156862,43.1372549,17.647058800000003,0.0,2.2223298521069017,-0.6858874522149563,-0.005964238714912663,11.387167575938673,2024,Rk
Rafy Peguero,LAD,821801.0,sa3024151,17,6205,115,93,0.0,0.0,0.0,0.043010753,0,0.0,37,16.521739099999998,32.173913,93.12986131383757,0.375,0.35287312424701195,0.0,0.0,0.0,0.0,0.0,0.0,0.0,0.0,0.0,0.0,0.0,0.0,0.0,0.0,0.0,9.230769230769232,61.5384615,17.3076923,21.153846100000006,0.0,3.23660714,-0.21707072854042053,-0.001887571552525396,18.575605015901953,2024,Rk
David Guzman,TOR,807999.0,sa3021135,18,6570,115,94,0.0,0.0,0.0,0.053191489,0,0.0,20,15.6521739,17.391304299999998,85.92030828263104,0.276315789,0.3254964227261751,0.0,0.0,0.0,0.0,0.0,0.0,0.0,97.3,96.6,81.0,23.1,0.0,0.0,0.0,0.0,13.580246913580249,49.3333333,34.6666666,16.0,-3.2,0.47939559625,-0.2889592666178942,-0.00251268927493821,16.130158762202836,2024,Rk
Carlos Tavares,WSN,808235.0,sa3021209,18,6570,115,87,0.0,0.0,0.0,0.18390804600000002,1,0.0,22,20.0,19.1304347,134.39017968861106,0.333333333,0.4137753574744515,0.0,0.0,0.0,0.0,0.0,0.0,0.0,0.0,0.0,0.0,0.0,0.0,0.0,0.0,0.0,19.44444444444445,33.3333333,37.68115940000001,28.985507199999997,0.0,1.4200310525,-0.2724473085254431,-0.002369107030656027,25.43991248177661,2024,Rk
Anderson Garcia,KCR,821629.0,sa3024644,17,6205,114,90,0.0,0.0,0.0,0.1,1,0.0,41,16.6666666,35.9649122,109.75394219798049,0.42,0.3809600733874137,0.0,0.0,0.0,0.0,0.0,0.0,0.0,0.0,0.0,0.0,0.0,0.0,0.0,0.0,0.0,20.6896551724138,46.9387755,28.571428499999996,24.489795899999997,0.0,6.993843578744827,0.19378281384706494,0.0016998492442724998,25.2438563880812,2024,Rk
Bracewell Taveras,STL,808145.0,sa3021193,18,6570,114,107,0.0,0.0,0.0,0.093457944,2,0.0,22,4.3859649,19.2982456,105.97230309734492,0.388235294,0.3766344628835979,0.0,0.0,0.0,0.0,0.0,0.0,0.0,0.0,0.0,0.0,0.0,0.0,0.0,0.0,0.0,16.161616161616163,40.697674400000004,36.0465116,23.2558139,0.0,5.232330416244828,0.2100631184875965,0.0018426589341017238,18.51555661527514,2024,Rk
Christopher Espinola,CLE,699053.0,sa3015786,20,7300,114,97,0.0,0.0,0.0,0.113402062,2,0.0,31,14.035087700000002,27.1929824,81.37032257614105,0.296875,0.32983170319021793,0.0,0.0,0.0,0.0,0.0,0.0,0.0,0.0,0.0,0.0,0.0,0.0,0.0,0.0,0.0,24.24242424242424,38.461538399999995,38.461538399999995,23.076923,0.0,4.425919671531943,-0.8556447774171829,-0.00750565594225599,8.1731390402928,2024,Rk
Armando Sierra,BOS,699152.0,sa3015805,20,7300,114,104,0.0,0.0,0.0,0.16346153800000002,3,0.0,29,5.2631578,25.438596399999998,89.21951994932097,0.33783783700000003,0.3471253408794909,0.0,0.0,0.0,0.0,0.0,0.0,0.0,98.5,97.0,87.9,33.3,0.0,0.0,0.0,0.0,23.529411764705877,46.5753424,36.9863013,16.4383561,13.0,4.03398617125,-0.21465545520186424,-0.0018829425894900367,7.992960062934474,2024,Rk
Yhoan Escalona,PHI,808253.0,sa3021843,18,6570,114,88,0.0,0.0,0.0,0.011363637,0,0.0,23,16.6666666,20.1754385,61.073142797535134,0.19117647,0.283285213144202,0.0,0.0,0.0,0.0,0.0,0.0,0.0,0.0,0.0,0.0,0.0,0.0,0.0,0.0,0.0,15.068493150684931,47.6923076,44.6153846,7.6923076,0.0,5.679324423161867,0.6100631244480611,0.005351430916211061,15.177504172372064,2024,Rk
Franklin Rojas,TOR,815922.0,sa3025018,17,6205,114,89,0.0,0.0,0.0,0.08988764,1,0.0,16,14.9122807,14.035087700000002,118.63206971682756,0.297297297,0.39048853806689776,0.0,0.0,0.0,0.0,0.0,0.0,0.0,0.0,0.0,0.0,0.0,0.0,0.0,0.0,0.0,34.615384615384606,36.1111111,43.0555555,20.8333333,0.0,2.22939559625,-0.21707072854042053,-0.0019041291977229871,27.37549685421897,2024,Rk
Dariel Arias,CLE,821200.0,sa3024331,17,6205,114,98,0.0,0.0,0.0,0.051020407999999996,0,0.0,17,10.5263157,14.9122807,58.50121929203267,0.243902439,0.3004430291945474,0.0,0.0,0.0,0.0,0.0,0.0,0.0,0.0,0.0,0.0,0.0,0.0,0.0,0.0,0.0,13.095238095238097,46.913580200000006,33.3333333,19.753086399999997,0.0,6.136691847688787,-0.2858874462544918,-0.002507784616267472,17.625616692447274,2024,Rk
Nate Rombach,WSN,683176.0,sa3023620,23,8395,114,101,0.0,0.0,0.0,0.188118812,3,0.0,29,10.5263157,25.438596399999998,127.00508868254316,0.37681159399999997,0.4009808160756764,0.0,0.0,0.0,0.0,0.0,0.0,0.0,0.0,0.0,0.0,0.0,0.0,0.0,0.0,0.0,21.052631578947366,43.478260799999994,24.6376811,31.8840579,0.0,6.717814580322687,0.15232063457369804,0.0013361459173131408,4.805808614262135,2024,Rk
Andrés Nolaya,BAL,800438.0,sa3018563,19,6935,114,91,0.0,0.0,0.0,0.065934066,0,0.0,24,14.9122807,21.0526315,82.14581119356191,0.28169014,0.3226433223799655,0.0,0.0,0.0,0.0,0.0,0.0,0.0,0.0,0.0,0.0,0.0,0.0,0.0,0.0,0.0,17.647058823529417,43.076923,33.846153799999996,23.076923,0.0,8.743299871238257,0.03258819691836834,0.00028586137647691534,14.074241878844168,2024,Rk
Shendrion Martinus,CIN,820959.0,sa3023736,17,6205,113,100,0.0,0.0,0.0,0.03,0,0.0,27,7.964601700000001,23.8938053,84.0903638936895,0.356164383,0.336138839215304,0.0,0.0,0.0,0.0,0.0,0.0,0.0,0.0,0.0,0.0,0.0,0.0,0.0,0.0,0.0,38.2716049382716,33.3333333,43.0555555,23.6111111,0.0,4.489304595354087,-0.11302128434181212,-0.001000188357007187,15.368977762697039,2024,Rk
Alexi Quiroz,HOU,821018.0,sa3024119,17,6205,113,79,0.0,0.0,0.0,0.088607594,0,0.0,24,24.778761,21.238938,101.93861038004049,0.228070175,0.3700590080919519,0.0,0.0,0.0,0.0,0.0,0.0,0.0,0.0,0.0,0.0,0.0,0.0,0.0,0.0,0.0,22.388059701492534,35.0877192,52.6315789,12.2807017,0.0,5.770455997660128,0.1883560456335545,0.0016668676604739332,27.78632513795859,2024,Rk
Angel Ventura,NYY,815019.0,sa3023883,18,6570,113,98,0.0,0.0,0.0,0.030612245,0,0.0,30,7.079646,26.5486725,73.06599468531918,0.34782608600000003,0.3257499859396336,0.0,0.0,0.0,0.0,0.0,0.0,0.0,0.0,0.0,0.0,0.0,0.0,0.0,0.0,0.0,5.194805194805196,65.15151510000001,19.696969600000003,15.151515099999997,0.0,9.10423344563333,2.369321122765541,0.020967443564296823,14.300761039448126,2024,Rk
Michell Ojeda,PIT,820962.0,sa3023737,17,6205,113,82,0.0,0.0,0.0,0.085365854,0,0.0,17,21.238938,15.044247699999998,129.88980425070616,0.313432835,0.4161767182605608,0.0,0.0,0.0,0.0,0.0,0.0,0.0,0.0,0.0,0.0,0.0,0.0,0.0,0.0,0.0,24.09638554216868,47.761194,31.3432835,20.8955223,0.0,7.742538619701085,1.3666489906609058,0.012094238855406246,34.97790341112864,2024,Rk
David Freitas,PHI,821235.0,sa3024332,17,6205,113,98,0.0,0.0,0.0,0.030612245,0,0.0,42,9.7345132,37.1681415,40.693779525570896,0.263157894,0.2397559487393924,0.0,0.0,0.0,0.0,0.0,0.0,0.0,0.0,0.0,0.0,0.0,0.0,0.0,0.0,0.0,23.07692307692308,45.614035,35.0877192,19.2982456,0.0,4.962231431945117,-0.3709844686090946,-0.003283048394770749,8.558228141999601,2024,Rk
Cherif Neymour,MIA,800578.0,sa3018596,19,6935,113,102,0.0,0.0,0.0,0.098039216,0,0.0,29,7.079646,25.663716800000003,100.06429389576503,0.391891891,0.34954277745315004,0.0,0.0,0.0,0.0,0.0,0.0,0.0,0.0,0.0,0.0,0.0,0.0,0.0,0.0,0.0,20.253164556962027,45.0704225,32.3943661,22.5352112,0.0,9.406972326164887,1.2799771036952734,0.01132723100615286,13.964839199332747,2024,Rk
Nolan Beltran,PHI,800179.0,sa3018466,19,6935,113,94,0.0,0.0,0.0,0.138297872,3,0.0,22,15.044247699999998,19.4690265,106.57752393137736,0.275362318,0.3664549673553062,0.0,0.0,0.0,0.0,0.0,0.0,0.0,99.3,99.3,86.5,42.9,0.0,0.0,0.0,0.0,23.17073170731708,46.4788732,39.4366197,14.084507,13.6,3.3061048832544464,-0.8663383238017559,-0.007666710830104034,15.452612430613053,2024,Rk
Luis Arias,WSN,811323.0,sa3023259,18,6570,113,99,0.0,0.0,0.0,0.060606060999999996,0,0.0,27,11.5044247,23.8938053,55.7806827308991,0.263888888,0.2775857746601105,0.0,0.0,0.0,0.0,0.0,0.0,0.0,0.0,0.0,0.0,0.0,0.0,0.0,0.0,0.0,9.333333333333334,46.875,34.375,18.75,0.0,4.685871134691464,-0.6931080035865307,-0.006133699146783457,11.091963239386404,2024,Rk
Cristofer Lebrón,STL,821036.0,sa3024314,17,6205,112,97,0.0,0.0,0.0,0.051546391,1,0.0,29,8.035714200000001,25.892857100000004,54.94427356242323,0.271428571,0.2841628183211599,0.0,0.0,0.0,0.0,0.0,0.0,0.0,0.0,0.0,0.0,0.0,0.0,0.0,0.0,0.0,9.459459459459461,45.5882352,42.6470588,11.7647058,0.0,4.2053615999579845,-1.1103491820394993,-0.009913831982495527,10.919032458093548,2024,Rk
Franyer Noria,BOS,800356.0,sa3018528,19,6935,112,83,0.0,0.0,0.0,0.036144578999999996,0,0.0,22,18.75,19.642857100000004,125.31573418741499,0.370967741,0.4096614026597568,0.0,0.0,0.0,0.0,0.0,0.0,0.0,0.0,0.0,0.0,0.0,0.0,0.0,0.0,0.0,17.808219178082194,42.6229508,45.9016393,11.475409800000001,0.0,7.911961282003957,0.31700449623167515,0.0028303972877828138,19.119150345370787,2024,Rk
Carlos De Sousa,TBR,808306.0,sa3021240,18,6570,112,98,0.0,0.0,0.0,0.051020407999999996,0,0.0,38,8.035714200000001,33.928571399999996,57.639376089925264,0.31666666600000004,0.2803659200668335,0.0,0.0,0.0,0.0,0.0,0.0,0.0,0.0,0.0,0.0,0.0,0.0,0.0,0.0,0.0,15.714285714285715,40.0,45.0,15.0,0.0,6.970276015316284,1.2589040473103523,0.011240214708128148,10.676159943896735,2024,Rk
David Beckles,TOR,703924.0,sa3018441,20,7300,112,92,0.0,0.0,0.0,0.076086957,1,0.0,13,16.0714285,11.607142800000002,85.28526636401367,0.217948717,0.3306953108736447,0.0,0.0,0.0,0.0,0.0,0.0,0.0,0.0,0.0,0.0,0.0,0.0,0.0,0.0,0.0,10.0,51.3157894,27.6315789,21.0526315,0.0,2.55357142125,-0.17908335104584694,-0.001598958491480776,9.894399842362828,2024,Rk
Giullianno Allende,KCR,805125.0,sa3020576,20,7300,112,92,0.0,0.0,0.0,0.065217391,0,0.0,36,13.3928571,32.1428571,83.54065416976017,0.396551724,0.34199074796728185,0.0,0.0,0.0,0.0,0.0,0.0,0.0,0.0,0.0,0.0,0.0,0.0,0.0,0.0,0.0,29.6875,25.862068899999997,46.5517241,27.586206800000006,0.0,8.188822377230295,0.8843969195149839,0.007896401067098071,9.075872488077874,2024,Rk
Tyler Rodriguez,MIL,808291.0,sa3021615,18,6570,112,83,0.0,0.0,0.0,0.08433735,1,0.0,14,15.178571400000001,12.5,129.5664867753164,0.318840579,0.4224871157535485,0.0,0.0,0.0,0.0,0.0,0.0,0.0,0.0,0.0,0.0,0.0,0.0,0.0,0.0,0.0,24.285714285714285,46.2686567,41.79104470000001,11.9402985,0.0,6.636603208899858,1.0335765099152925,0.009228361695672252,27.004645935856157,2024,Rk
Jose Ortiz,SFG,806176.0,sa3022693,19,6935,112,85,0.0,0.0,0.0,0.09411764800000001,1,0.0,20,12.5,17.857142800000005,134.09778887078622,0.37878787799999997,0.42987892936382976,0.0,0.0,0.0,0.0,0.0,0.0,0.0,102.7,99.5,86.8,50.0,0.0,0.0,0.0,0.0,23.88059701492537,41.79104470000001,37.3134328,20.8955223,-4.5,8.309150311802098,0.6796747213229537,0.006068524297526372,19.82252700656921,2024,Rk
Javier Castillo,SFG,698972.0,sa3016644,20,7300,112,93,0.0,0.0,0.0,0.010752688,0,0.0,27,15.178571400000001,24.1071428,33.02275046805986,0.208955223,0.2529166633529322,0.0,0.0,0.0,0.0,0.0,0.0,0.0,0.0,0.0,0.0,0.0,0.0,0.0,0.0,0.0,7.4626865671641776,53.125,35.9375,10.9375,0.0,1.53398617125,-0.14322116272524,-0.001278760381475357,5.443243677214843,2024,Rk
Eliam Sandoval,SFG,698954.0,sa3015751,20,7300,112,95,0.0,0.0,0.0,0.126315789,1,0.0,46,12.5,41.071428499999996,83.27327935304484,0.428571428,0.3408953334603991,0.0,0.0,0.0,0.0,0.0,0.0,0.0,109.1,104.8,83.2,33.3,33.3,0.9,0.0,0.0,22.0,44.0,40.0,16.0,20.0,6.724697336337409,0.6660189242102206,0.005946597537591255,8.756330587415862,2024,Rk
Freiderman Aguilera,PHI,815002.0,sa3024295,17,6205,111,95,0.0,0.0,0.0,0.052631579000000005,0,0.0,46,11.7117117,41.4414414,66.50514840978263,0.36734693799999996,0.2931289499456232,0.0,0.0,0.0,0.0,0.0,0.0,0.0,0.0,0.0,0.0,0.0,0.0,0.0,0.0,0.0,22.641509433962263,43.478260799999994,30.4347826,26.086956500000007,0.0,6.7950388927272405,0.8127352446317673,0.007321939140826733,14.651486581561532,2024,Rk
Klendy Leen,TEX,823652.0,sa3024379,17,6205,111,79,0.0,0.0,0.0,0.037974682999999995,1,0.0,41,25.225225199999997,36.9369369,84.08009216383162,0.263157894,0.33771056205302746,0.0,0.0,0.0,0.0,0.0,0.0,0.0,0.0,0.0,0.0,0.0,0.0,0.0,0.0,0.0,24.444444444444446,36.842105200000006,44.7368421,18.421052600000003,0.0,4.65517586731137,0.3775025121867657,0.003400923533214105,19.36976192138644,2024,Rk
Enderson Asencio,NYM,808134.0,sa3021188,18,6570,111,91,0.0,0.0,0.0,0.065934066,0,0.0,31,15.315315299999998,27.927927899999997,119.7262647644457,0.416666666,0.3942383291485073,0.0,0.0,0.0,0.0,0.0,0.0,0.0,0.0,0.0,0.0,0.0,0.0,0.0,0.0,0.0,26.5625,45.7627118,33.898305,20.338983,0.0,5.5741439549335325,0.35304078832268715,0.003180547642546731,20.79973919247168,2024,Rk
Mauricio Pierre,SFG,698963.0,sa3015754,20,7300,111,93,0.0,0.0,0.0,0.075268817,1,0.0,26,15.315315299999998,23.4234234,64.56290153879269,0.257575757,0.3081371875496598,0.0,0.0,0.0,0.0,0.0,0.0,0.0,97.6,97.6,97.6,100.0,0.0,0.0,0.0,0.0,11.940298507462686,41.9354838,48.3870967,9.6774193,-18.0,5.575980360450568,0.10287705762311816,0.0009268203389470104,8.353318017651121,2024,Rk
Roni Cabrera,KCR,800492.0,sa3018575,18,6570,111,95,0.0,0.0,0.0,0.18947368399999998,4,0.0,31,10.8108108,27.927927899999997,88.2728729350262,0.295081967,0.35027592073787345,0.0,0.0,0.0,0.0,0.0,0.0,0.0,0.0,0.0,0.0,0.0,0.0,0.0,0.0,0.0,26.865671641791053,34.920634899999996,47.6190476,17.4603174,0.0,5.777194524521936,-0.22792454343289134,-0.0020533742651611835,17.066400064053745,2024,Rk
Fabian Machado,NYM,691655.0,sa3015578,21,7665,110,94,0.0,0.0,0.0,0.042553191,0,0.0,29,9.090909,26.3636363,66.41272133138418,0.308823529,0.29452106031504544,0.0,0.0,0.0,0.0,0.0,0.0,0.0,0.0,0.0,0.0,0.0,0.0,0.0,0.0,0.0,24.285714285714285,32.3076923,46.1538461,21.5384615,0.0,4.448010402164957,0.15232063457369804,0.001384733041579073,4.1078466202404496,2024,Rk
Luis Reyes,CIN,699105.0,sa3017980,20,7300,110,94,0.0,0.0,0.0,0.117021276,2,0.0,20,10.0,18.1818181,116.54087878298004,0.397260273,0.4130138153329902,0.0,0.0,0.0,0.0,0.0,0.0,0.0,0.0,0.0,0.0,0.0,0.0,0.0,0.0,0.0,19.736842105263158,44.5945945,35.1351351,20.2702702,0.0,4.752076089345018,0.4244385836645961,0.003858532578769055,12.024188897177966,2024,Rk
Joan Sierra,SDP,808043.0,sa3022269,17,6205,110,80,0.0,0.0,0.0,0.125,1,0.0,26,24.5454545,23.636363600000003,100.88216436825527,0.22641509399999998,0.3707419087033753,0.0,0.0,0.0,0.0,0.0,0.0,0.0,0.0,0.0,0.0,0.0,0.0,0.0,0.0,0.0,25.373134328358212,39.6226415,43.3962264,16.981132000000002,0.0,7.924236127876638,0.6924054957926273,0.006294595416296612,29.86213295701612,2024,Rk
Yeisy Celesten,TEX,821592.0,sa3025069,19,6935,110,83,0.0,0.0,0.0,0.108433735,0,0.0,20,20.9090909,18.1818181,137.06936209692802,0.359375,0.4337363145568154,0.0,0.0,0.0,0.0,0.0,0.0,0.0,0.0,0.0,0.0,0.0,0.0,0.0,0.0,0.0,25.0,52.5423728,35.5932203,11.8644067,0.0,5.819885514221271,-0.4578127600252628,-0.004161934182047844,20.257041422364573,2024,Rk
Robert Santos,WSN,821031.0,sa3024633,18,6570,110,101,0.0,0.0,0.0,0.089108911,1,0.0,45,8.181818100000001,40.909090899999995,45.788379870430816,0.327272727,0.27001353719017723,0.0,0.0,0.0,0.0,0.0,0.0,0.0,0.0,0.0,0.0,0.0,0.0,0.0,0.0,0.0,21.052631578947366,40.7407407,38.8888888,20.3703703,0.0,8.516026532399014,0.12221144512295724,0.0011110131374814293,10.80815013473474,2024,Rk
Byron Castillo,LAA,808092.0,sa3021171,18,6570,110,95,0.0,0.0,0.0,0.09473684199999999,1,0.0,36,8.181818100000001,32.7272727,72.0661728219959,0.322033898,0.3134080751226583,0.0,0.0,0.0,0.0,0.0,0.0,0.0,0.0,0.0,0.0,0.0,0.0,0.0,0.0,0.0,14.925373134328355,51.724137899999995,36.2068965,12.0689655,0.0,6.073270013745263,-0.8117265030741692,-0.00737933184612881,11.586413539779546,2024,Rk
German Guilarte,SEA,692032.0,sa3016539,21,7665,110,87,0.0,0.0,0.0,0.034482759,0,0.0,24,18.1818181,21.8181818,76.6382444565396,0.25,0.3198425542224537,0.0,0.0,0.0,0.0,0.0,0.0,0.0,0.0,0.0,0.0,0.0,0.0,0.0,0.0,0.0,15.492957746478872,52.459016299999995,34.4262295,13.114754,0.0,3.8735847696218313,0.2100631184875965,0.0019096647135236047,6.105933344544075,2024,Rk
Steven Santos,TEX,823857.0,sa3023791,16,5840,110,81,0.0,0.0,0.0,0.074074074,1,0.0,29,20.9090909,26.3636363,113.66629772529541,0.31372549,0.3918813748793169,0.0,0.0,0.0,0.0,0.0,0.0,0.0,0.0,0.0,0.0,0.0,0.0,0.0,0.0,0.0,9.836065573770492,51.0204081,40.8163265,8.163265299999999,0.0,6.171082131711953,0.3367604836821556,0.003061458942565051,30.073597918709478,2024,Rk
Alver Medina,MIN,821685.0,sa3023967,17,6205,110,92,0.0,0.0,0.0,0.043478261,0,0.0,34,11.818181800000001,30.9090909,81.4283209537634,0.35593220299999995,0.3322064605626193,0.0,0.0,0.0,0.0,0.0,0.0,0.0,0.0,0.0,0.0,0.0,0.0,0.0,0.0,0.0,7.246376811594202,43.859649100000006,35.0877192,21.0526315,0.0,8.095331174705226,0.17474785819649696,0.0015886168926954269,18.20810953288133,2024,Rk
Sebastián De Los Santos,BAL,808151.0,sa3021604,18,6570,109,79,0.0,0.0,0.0,0.037974682999999995,0,0.0,28,23.853211,25.688073300000006,113.73412395990036,0.333333333,0.3881133960353004,0.0,0.0,0.0,0.0,0.0,0.0,0.0,0.0,0.0,0.0,0.0,0.0,0.0,0.0,0.0,9.836065573770492,56.00000000000001,26.0,18.0,0.0,6.647490494018076,1.1313337273895738,0.01037920850816123,22.85140018995359,2024,Rk
Jose Meza,LAD,691561.0,sa3015558,21,7665,109,87,0.0,0.0,0.0,0.20689655199999998,3,0.0,27,17.4311926,24.770642199999998,174.48557953860086,0.5,0.4939157033185346,0.0,0.0,0.0,0.0,0.0,0.0,0.0,0.0,0.0,0.0,0.0,0.0,0.0,0.0,0.0,8.196721311475411,53.3333333,31.666666600000003,15.0,0.0,5.138944233554462,-0.5479433638975024,-0.005027003338509197,10.100276085419637,2024,Rk
Joshua Liranzo,BAL,808162.0,sa3021198,17,6205,109,91,0.0,0.0,0.0,0.04395604400000001,0,0.0,30,16.5137614,27.5229357,82.63842748472547,0.327868852,0.3234967715149626,0.0,0.0,0.0,0.0,0.0,0.0,0.0,0.0,0.0,0.0,0.0,0.0,0.0,0.0,0.0,20.54794520547945,45.0,35.0,20.0,0.0,4.3417032877955215,0.02647920325398445,0.00024292847022004083,17.984778944560407,2024,Rk
Tony Blanco Jr.,PIT,703156.0,sa3019722,19,6935,109,95,0.0,0.0,0.0,0.2,4,0.0,31,11.0091743,28.4403669,141.88225938589113,0.409836065,0.4193298920578913,0.0,0.0,0.0,0.0,0.0,0.0,0.0,114.4,113.5,85.6,40.0,40.0,1.8,0.0,0.0,26.15384615384616,37.5,37.5,25.0,-14.2,4.430547957762913,-0.06419132649898529,-0.0005889112522842688,16.492969986721654,2024,Rk
Erny Orellana,LAD,821786.0,sa3024366,17,6205,109,90,0.0,0.0,0.0,0.088888889,1,0.0,21,11.9266055,19.266054999999998,69.02667726516808,0.205882352,0.30919397205387783,0.0,0.0,0.0,0.0,0.0,0.0,0.0,0.0,0.0,0.0,0.0,0.0,0.0,0.0,0.0,24.39024390243902,34.8484848,50.0,15.151515099999997,0.0,5.385176515951238,-0.06960713863372803,-0.0006385976021442937,18.88393455947935,2024,Rk
Kelvin Diaz,WSN,692840.0,sa3015670,21,7665,109,94,0.0,0.0,0.0,0.063829787,0,0.0,40,11.0091743,36.69724770000001,40.06969017628297,0.25925925899999996,0.2503667540020413,0.0,0.0,0.0,0.0,0.0,0.0,0.0,0.0,0.0,0.0,0.0,0.0,0.0,0.0,0.0,31.666666666666664,32.6923076,50.0,17.3076923,0.0,6.568511442015008,0.23273343965411186,0.002135169171138641,3.7772731098321017,2024,Rk
Jonathan Rangel,MIL,821158.0,sa3024126,17,6205,109,92,0.0,0.0,0.0,0.043478261,0,0.0,15,11.9266055,13.761467799999998,101.34598947927648,0.324675324,0.3725232465551534,0.0,0.0,0.0,0.0,0.0,0.0,0.0,0.0,0.0,0.0,0.0,0.0,0.0,0.0,0.0,6.8181818181818175,50.6666666,30.666666600000003,18.666666600000003,0.0,5.443177904387264,0.7584675624966621,0.006958418004556533,25.06719189284225,2024,Rk
Skyler Messinger,COL,676038.0,sa3019963,25,9125,109,93,0.0,0.0,0.0,0.11827957,1,0.0,29,10.0917431,26.6055045,78.98394495427054,0.3125,0.3314616855131377,0.0,0.0,0.0,0.0,0.0,0.0,0.0,105.3,101.6,87.6,40.0,0.0,0.0,0.0,0.0,18.181818181818183,36.0655737,39.3442622,24.5901639,9.0,7.4511460484707825,0.11673717014491558,0.001070983212338675,2.158070709521366,2024,Rk
Brayan Cota,ATH,821794.0,sa3024369,17,6205,109,82,0.0,0.0,0.0,0.012195122,0,0.0,22,20.1834862,20.1834862,80.85676758828116,0.216666666,0.3216274446911282,0.0,0.0,0.0,0.0,0.0,0.0,0.0,0.0,0.0,0.0,0.0,0.0,0.0,0.0,0.0,5.797101449275362,58.9285714,21.4285714,19.642857100000004,0.0,3.2005175892354765,-0.3238748237490654,-0.0029713286582483058,19.432261153192673,2024,Rk
Clay Winklaar,SDP,821686.0,sa3024355,17,6205,109,87,0.0,0.0,0.0,0.0,0,0.0,36,10.0917431,33.0275229,19.22637187735231,0.11764705800000001,0.22276744273824428,0.0,0.0,0.0,0.0,0.0,0.0,0.0,0.0,0.0,0.0,0.0,0.0,0.0,0.0,0.0,19.354838709677423,43.1372549,49.0196078,7.8431372,0.0,3.3248192614975265,-0.2696071416139603,-0.002473460014806975,7.684905542893896,2024,Rk
Darian Castillo,SDP,821789.0,sa3024367,17,6205,108,85,0.0,0.0,0.0,0.05882353,0,0.0,15,18.5185185,13.888888799999998,130.0975984338612,0.37142857100000004,0.4294700644840704,0.0,0.0,0.0,0.0,0.0,0.0,0.0,0.0,0.0,0.0,0.0,0.0,0.0,0.0,0.0,7.894736842105262,65.67164170000001,25.3731343,8.9552238,0.0,8.492678701345271,1.7612222284078598,0.0163076132259987,34.747072914990966,2024,Rk
Rabel Colon,HOU,804521.0,sa3018631,20,7300,108,83,0.0,0.0,0.0,0.168674698,3,0.0,36,21.2962962,33.3333333,144.06186979716722,0.409090909,0.4211956400562216,0.0,0.0,0.0,0.0,0.0,0.0,0.0,75.5,74.7,71.3,0.0,0.0,0.0,0.0,0.0,21.568627450980397,50.0,34.7826086,15.2173913,-18.5,8.90178149197128,0.3995642866939306,0.0036996693212400975,14.502201404152956,2024,Rk
Antonis Macias,TEX,805950.0,sa3021057,19,6935,108,80,0.0,0.0,0.0,0.1125,0,0.0,14,23.148148100000004,12.9629629,165.25698184638702,0.424242424,0.4873517558530525,0.0,0.0,0.0,0.0,0.0,0.0,0.0,0.0,0.0,0.0,0.0,0.0,0.0,0.0,0.0,21.21212121212121,51.5625,17.1875,31.25,0.0,4.8214594960281145,-2.191270746290684,-0.02028954394713596,21.403705355734264,2024,Rk
Adriel Cuello,TEX,811231.0,sa3021313,18,6570,108,96,0.0,0.0,0.0,0.10416666699999999,1,0.0,31,7.407407400000001,28.703703700000002,77.68468716520928,0.328125,0.3257085073774106,0.0,0.0,0.0,0.0,0.0,0.0,0.0,0.0,0.0,0.0,0.0,0.0,0.0,0.0,0.0,14.492753623188404,42.8571428,38.095238,19.047619,0.0,7.064965784222553,-1.7293841466307642,-0.016012816172507074,13.254413930732346,2024,Rk
Aneudi Escanio,TOR,800401.0,sa3019094,19,6935,108,85,0.0,0.0,0.0,0.070588236,0,0.0,37,20.3703703,34.259259199999995,54.54164776652157,0.20408163199999999,0.271133440512198,0.0,0.0,0.0,0.0,0.0,0.0,0.0,93.8,91.0,84.8,0.0,0.0,0.0,0.0,0.0,12.06896551724138,45.8333333,35.4166666,18.75,43.8,5.366071428571429,-1.602437488734722,-0.01483738415495113,9.319869773472872,2024,Rk
Luis Aguilera,DET,821813.0,sa3024374,17,6205,108,89,0.0,0.0,0.0,0.056179775,1,0.0,15,16.6666666,13.888888799999998,124.7191691576946,0.342465753,0.4024140293951388,0.0,0.0,0.0,0.0,0.0,0.0,0.0,0.0,0.0,0.0,0.0,0.0,0.0,0.0,0.0,10.256410256410255,55.714285700000005,24.2857142,20.0,0.0,6.800059905167707,-0.786323931068182,-0.007280777139520205,30.042130744618067,2024,Rk
Anyelo Gonzalez,SFG,808342.0,sa3021256,19,6935,108,88,0.0,0.0,0.0,0.06818181799999999,0,0.0,12,14.814814800000002,11.111111099999999,65.5803294828992,0.215189873,0.2972751597188554,0.0,0.0,0.0,0.0,0.0,0.0,0.0,0.0,0.0,0.0,0.0,0.0,0.0,0.0,0.0,6.9767441860465125,54.4303797,30.379746800000003,15.189873400000002,0.0,4.0726638209456825,-0.6641803793609142,-0.006149818327415873,12.00797617712848,2024,Rk
Cleudis Valenzuela,BAL,821754.0,sa3024362,17,6205,108,80,0.0,0.0,0.0,0.05,0,0.0,16,23.148148100000004,14.814814800000002,103.3442828586882,0.257575757,0.3683843160117114,0.0,0.0,0.0,0.0,0.0,0.0,0.0,0.0,0.0,0.0,0.0,0.0,0.0,0.0,0.0,15.068493150684931,47.6923076,33.846153799999996,18.4615384,0.0,3.947809868438118,-2.4352474026381965,-0.022548587061464787,25.86051547523598,2024,Rk
Cristobal Bena,PHI,815024.0,sa3024298,17,6205,108,89,0.0,0.0,0.0,0.078651686,0,0.0,48,12.037037,44.444444399999995,61.4299201248648,0.31707317,0.2839317555739501,0.0,0.0,0.0,0.0,0.0,0.0,0.0,0.0,0.0,0.0,0.0,0.0,0.0,0.0,0.0,21.73913043478261,34.146341400000004,43.902439,21.9512195,0.0,7.590788057758568,-1.0171532742679121,-0.009418085872851036,13.866496230075299,2024,Rk
Angel Rodriguez,PIT,800261.0,sa3019618,19,6935,108,87,0.0,0.0,0.0,0.08045977,1,0.0,25,7.407407400000001,23.148148100000004,100.18048149048164,0.29032258,0.35021109892943203,0.0,0.0,0.0,0.0,0.0,0.0,0.0,0.0,0.0,0.0,0.0,0.0,0.0,0.0,0.0,18.30985915492958,40.9836065,45.9016393,13.114754,0.0,7.8237869112000595,-0.219825379550457,-0.00203542018102275,12.992600292731256,2024,Rk
Railin Familia,LAD,812747.0,sa3021649,19,6935,107,81,0.0,0.0,0.0,0.12345679,2,0.0,19,15.887850400000001,17.7570093,120.76045830964236,0.328125,0.4154962818577605,0.0,0.0,0.0,0.0,0.0,0.0,0.0,0.0,0.0,0.0,0.0,0.0,0.0,0.0,0.0,20.51282051282051,37.5,48.4375,14.0625,0.0,5.334074372543759,0.07612518221139908,0.0007114503010411129,19.102636733369067,2024,Rk
Jose Marcano,CLE,808091.0,sa3021170,18,6570,107,99,0.0,0.0,0.0,0.070707071,0,0.0,8,6.5420560000000005,7.4766354999999995,85.84258338194726,0.315217391,0.3499903255533949,0.0,0.0,0.0,0.0,0.0,0.0,0.0,0.0,0.0,0.0,0.0,0.0,0.0,0.0,0.0,15.0,39.5604395,32.9670329,27.472527399999997,0.0,5.3129594375925615,-1.3157759532332418,-0.012296971525544318,16.509032159737824,2024,Rk
Alexander Orasma,KCR,801264.0,sa3019097,19,6935,107,78,0.0,0.0,0.0,0.051282050999999995,0,0.0,18,20.560747600000006,16.8224299,97.56651125211654,0.26229508100000004,0.3606362192376146,0.0,0.0,0.0,0.0,0.0,0.0,0.0,0.0,0.0,0.0,0.0,0.0,0.0,0.0,0.0,16.0,42.3728813,47.4576271,10.1694915,0.0,6.352810566564792,-0.9537633247673512,-0.00891367593240515,16.18746816468976,2024,Rk
Renair Manrique,PHI,808294.0,sa3021235,18,6570,107,91,0.0,0.0,0.0,0.08791208800000001,0,0.0,25,7.4766354999999995,23.3644859,73.24134639110463,0.253731343,0.29873778797545525,0.0,0.0,0.0,0.0,0.0,0.0,0.0,0.0,0.0,0.0,0.0,0.0,0.0,0.0,0.0,29.33333333333333,43.75,37.5,18.75,0.0,4.779838392266832,0.07518433406949042,0.0007026573277522472,12.675845529442446,2024,Rk
Angel Arredondo,TEX,802397.0,sa3023647,17,6205,107,76,0.0,0.0,0.0,0.078947368,1,0.0,24,22.4299065,22.4299065,98.7465213425683,0.25,0.3709051831860409,0.0,0.0,0.0,0.0,0.0,0.0,0.0,0.0,0.0,0.0,0.0,0.0,0.0,0.0,0.0,21.15384615384616,47.058823499999995,37.2549019,15.6862745,0.0,3.3069050602213137,-1.4465068690478802,-0.013518755785494206,24.028871321768108,2024,Rk
Junior Marin,PHI,700286.0,sa3016837,20,7300,107,97,0.0,0.0,0.0,0.175257732,3,0.0,19,5.6074766,17.7570093,111.27162238511794,0.324675324,0.3745874110783372,0.0,0.0,0.0,0.0,0.0,0.0,0.0,99.8,99.8,88.7,33.3,33.3,1.9,0.0,0.0,24.705882352941174,40.0,45.0,15.0,39.7,7.203589858700188,-0.6931080035865307,-0.006477644893332061,11.211177225873357,2024,Rk
Miguel Rivera,BOS,821819.0,sa3023786,17,6205,107,89,0.0,0.0,0.0,0.011235955,0,0.0,21,12.149532699999998,19.6261682,43.46766538638463,0.222222222,0.2607141020142029,0.0,0.0,0.0,0.0,0.0,0.0,0.0,0.0,0.0,0.0,0.0,0.0,0.0,0.0,0.0,16.867469879518072,55.07246369999999,28.985507199999997,15.9420289,0.0,1.4575123087500002,-0.15737627819180489,-0.0014708063382411671,12.528179346331253,2024,Rk
Brayan Rijo,CIN,699113.0,sa3015797,20,7300,107,93,0.0,0.0,0.0,0.075268817,0,0.0,31,10.2803738,28.971962599999998,48.53379829220247,0.322580645,0.2939469590783119,0.0,0.0,0.0,0.0,0.0,0.0,0.0,0.0,0.0,0.0,0.0,0.0,0.0,0.0,0.0,21.875,43.548387,33.8709677,22.5806451,0.0,7.160496570189585,0.33059728564694524,0.003089694258382666,6.701922533332279,2024,Rk
Dennys Riera,SFG,800378.0,sa3019675,19,6935,107,86,0.0,0.0,0.0,0.104651163,1,0.0,24,13.0841121,22.4299065,112.60216585697869,0.322580645,0.38248688706727785,0.0,0.0,0.0,0.0,0.0,0.0,0.0,0.0,0.0,0.0,0.0,0.0,0.0,0.0,0.0,26.15384615384616,37.288135499999996,38.983050799999994,23.7288135,0.0,4.264925511548027,-0.8198253884911537,-0.007661919518608912,14.853477945175511,2024,Rk
Denilson Aguila,PHI,820851.0,sa3023902,18,6570,106,85,0.0,0.0,0.0,0.0,0,0.0,31,8.490566000000001,29.245283,82.82859889399596,0.327272727,0.32270987487974623,0.0,0.0,0.0,0.0,0.0,0.0,0.0,0.0,0.0,0.0,0.0,0.0,0.0,0.0,0.0,8.928571428571429,58.490566,30.188679200000006,11.320754699999998,0.0,6.518952739539222,0.1285790614783764,0.0012130100139469474,12.188234099040908,2024,Rk
Jhosmmel Zue,KCR,702435.0,sa3021049,20,7300,106,88,0.0,0.0,0.0,0.15909091,3,0.0,35,13.2075471,33.018867900000004,81.62961971169972,0.307692307,0.33864490715962536,0.0,0.0,0.0,0.0,0.0,0.0,0.0,0.0,0.0,0.0,0.0,0.0,0.0,0.0,0.0,7.142857142857142,50.0,30.769230699999998,19.230769199999997,0.0,3.8736952843142713,-0.4786428012885153,-0.004515498125363352,7.977516150589476,2024,Rk
Greyber Altamirano,MIA,805680.0,sa3019570,19,6935,106,93,0.0,0.0,0.0,0.086021506,0,0.0,27,10.3773584,25.4716981,28.70014431417905,0.166666666,0.2259056326353325,0.0,0.0,0.0,0.0,0.0,0.0,0.0,0.0,0.0,0.0,0.0,0.0,0.0,0.0,0.0,24.63768115942029,39.0625,48.4375,12.5,0.0,7.565149988934075,0.2431364040821791,0.002293739661152633,9.17279541658252,2024,Rk
Gregori Cano,TOR,703939.0,sa3018442,19,6935,106,92,0.0,0.0,0.0,0.054347825999999995,0,0.0,33,11.320754699999998,31.1320754,56.46726484779317,0.288135593,0.27446953852971395,0.0,0.0,0.0,0.0,0.0,0.0,0.0,99.2,98.1,87.6,20.0,0.0,0.0,0.0,0.0,9.523809523809524,53.44827579999999,31.0344827,15.5172413,22.0,3.990336484099705,-0.5920345094054937,-0.005585231220806545,6.89340090996958,2024,Rk
Ricardo Pena,MIN,800547.0,sa3018593,19,6935,106,86,0.0,0.0,0.0,0.127906977,1,0.0,21,16.981132000000002,19.811320700000003,174.6017113695932,0.46875,0.4743426385915505,0.0,0.0,0.0,0.0,0.0,0.0,0.0,92.1,91.2,84.6,0.0,0.0,0.0,0.0,0.0,17.808219178082194,53.2258064,33.8709677,12.9032258,9.3,2.531835698314852,-0.14675111696124074,-0.0013844444996343468,19.619719209173038,2024,Rk
Willian Berti,DET,808379.0,sa3021261,18,6570,106,89,0.0,0.0,0.0,0.13483146,2,0.0,27,13.2075471,25.4716981,101.475428106047,0.311475409,0.360292337054298,0.0,0.0,0.0,0.0,0.0,0.0,0.0,0.0,0.0,0.0,0.0,0.0,0.0,0.0,0.0,33.846153846153854,31.666666600000003,53.3333333,15.0,0.0,3.187135457690677,0.04805049300193786,0.0004533065377541308,18.423915757387615,2024,Rk
Jose Monserrate,MIA,805104.0,sa3018646,19,6935,106,87,0.0,0.0,0.0,0.068965518,0,0.0,20,16.0377358,18.8679245,162.82628387718768,0.47761194,0.4582768307541901,0.0,0.0,0.0,0.0,0.0,0.0,0.0,0.0,0.0,0.0,0.0,0.0,0.0,0.0,0.0,17.391304347826086,47.6923076,35.3846153,16.923076899999998,0.0,7.488536721417522,0.7561374120414257,0.007133371811711563,20.71735835691262,2024,Rk
Liosward Marin,BOS,808314.0,sa3021619,18,6570,106,83,0.0,0.0,0.0,0.072289157,0,0.0,17,16.0377358,16.0377358,115.8234924223352,0.333333333,0.3898492722284225,0.0,0.0,0.0,0.0,0.0,0.0,0.0,0.0,0.0,0.0,0.0,0.0,0.0,0.0,0.0,18.666666666666668,44.117647,33.823529400000005,22.0588235,0.0,3.751513198586661,0.00463634729385376,4.373912541371472e-05,22.519714995360683,2024,Rk
Filippo Di Turi,MIL,806995.0,sa3021093,18,6570,106,80,0.0,0.0,0.0,0.15,1,0.0,16,21.6981132,15.0943396,151.60988250830087,0.390625,0.4610807123638335,0.0,0.0,0.0,0.0,0.0,0.0,0.0,0.0,0.0,0.0,0.0,0.0,0.0,0.0,0.0,20.0,38.095238,42.8571428,19.047619,0.0,7.27559737401792,0.2520566480234265,0.0023778929058813824,30.75166280425729,2024,Rk
Ramon Moreno,MIL,806104.0,sa3021058,19,6935,106,91,0.0,0.0,0.0,0.098901099,0,0.0,40,13.2075471,37.735849,84.89045838212105,0.44230769200000003,0.3442682860032568,0.0,0.0,0.0,0.0,0.0,0.0,0.0,0.0,0.0,0.0,0.0,0.0,0.0,0.0,0.0,13.461538461538463,34.6153846,34.6153846,30.769230699999998,0.0,8.96032569295643,1.1535953273996709,0.010882974786789349,13.351771353768749,2024,Rk
Alexander Mambel,BOS,820856.0,sa3023730,17,6205,106,101,0.0,0.0,0.0,0.128712872,2,0.0,13,0.9433961999999999,12.2641509,88.71340550336159,0.298850574,0.3427072347335096,0.0,0.0,0.0,0.0,0.0,0.0,0.0,0.0,0.0,0.0,0.0,0.0,0.0,0.0,0.0,12.0,51.1627906,26.744186,22.093023199999998,0.0,2.06415343375,-0.1248156689107418,-0.0011775063104786964,20.141419103420674,2024,Rk
Francisco Loreto,PHI,821244.0,sa3023937,17,6205,106,87,0.0,0.0,0.0,0.09195402300000001,1,0.0,24,11.320754699999998,22.641509399999997,101.96132436795973,0.30158730100000003,0.3573816935971098,0.0,0.0,0.0,0.0,0.0,0.0,0.0,0.0,0.0,0.0,0.0,0.0,0.0,0.0,0.0,24.63768115942029,52.459016299999995,32.7868852,14.7540983,0.0,7.755600200405984,-0.8497138805687428,-0.00801616868461078,23.094716137037672,2024,Rk
Eyke Ugueto,CHW,808711.0,sa3021305,18,6570,106,82,0.0,0.0,0.0,0.06097560900000001,0,0.0,17,15.0943396,16.0377358,104.9237107645782,0.307692307,0.3805350157821063,0.0,0.0,0.0,0.0,0.0,0.0,0.0,0.0,0.0,0.0,0.0,0.0,0.0,0.0,0.0,14.285714285714285,51.5625,29.6875,18.75,0.0,6.0632399048097945,-1.6714209653437138,-0.015768122314563336,21.244949628925248,2024,Rk
Juan Alvarez,ARI,816085.0,sa3023900,18,6570,105,86,0.0,0.0,0.0,0.058139535,1,0.0,30,14.2857142,28.571428499999996,59.890498774948654,0.263157894,0.30322735423133484,0.0,0.0,0.0,0.0,0.0,0.0,0.0,0.0,0.0,0.0,0.0,0.0,0.0,0.0,0.0,17.1875,48.214285700000005,35.714285700000005,16.0714285,0.0,3.0440244111991808,-0.998118318617344,-0.009505888748736608,11.297129339134598,2024,Rk
Abelardo Medrano,DET,808124.0,sa3021184,18,6570,105,90,0.0,0.0,0.0,0.144444445,2,0.0,28,9.5238095,26.666666600000003,56.13781077406732,0.22950819600000003,0.3087650537490845,0.0,0.0,0.0,0.0,0.0,0.0,0.0,0.0,0.0,0.0,0.0,0.0,0.0,0.0,0.0,12.162162162162163,50.0,35.4838709,14.516129000000001,0.0,3.6863824320031835,-0.2316197641193867,-0.00220590251542273,12.14856865308959,2024,Rk
Javier Roman,MIN,800069.0,sa3018446,21,7665,105,96,0.0,0.0,0.0,0.083333333,0,0.0,21,6.6666666,20.0,112.50064776145707,0.386666666,0.3667536287080674,0.0,0.0,0.0,0.0,0.0,0.0,0.0,0.0,0.0,0.0,0.0,0.0,0.0,0.0,0.0,32.18390804597701,44.0,40.0,16.0,0.0,2.8303571400000003,-0.25593535043299204,-0.002437479527933257,6.382893271381451,2024,Rk
Jose Sabino,CIN,823873.0,sa3024155,17,6205,105,86,0.0,0.0,0.0,0.023255814,0,0.0,24,15.238095199999998,22.857142800000002,69.48119259536574,0.28125,0.3116457201185681,0.0,0.0,0.0,0.0,0.0,0.0,0.0,0.0,0.0,0.0,0.0,0.0,0.0,0.0,0.0,8.108108108108109,50.0,33.8709677,16.129032199999997,0.0,3.0760174420239954,-0.8143986202776432,-0.007756177335977554,15.742306507352913,2024,Rk
Jorge Rodriguez,BOS,821772.0,sa3023974,18,6570,105,93,0.0,0.0,0.0,0.021505376,0,0.0,25,6.6666666,23.8095238,78.13304274271967,0.34782608600000003,0.3235337813695272,0.0,0.0,0.0,0.0,0.0,0.0,0.0,0.0,0.0,0.0,0.0,0.0,0.0,0.0,0.0,21.917808219178077,50.7246376,23.1884057,26.086956500000007,0.0,6.658297063639998,0.9032590351998806,0.008602467001903627,13.406920731545167,2024,Rk
Gabriel Gomes,CIN,806238.0,sa3019766,20,7300,105,82,0.0,0.0,0.0,0.12195122,2,0.0,15,16.1904761,14.2857142,131.8354460192605,0.318181818,0.42749911149342856,0.0,0.0,0.0,0.0,0.0,0.0,0.0,0.0,0.0,0.0,0.0,0.0,0.0,0.0,0.0,9.58904109589041,51.4705882,38.2352941,10.2941176,0.0,5.732469999903856,0.3883560486137867,0.003698629034417016,14.703339976836634,2024,Rk
Rayner Arias,SFG,806976.0,sa3021076,18,6570,105,88,0.0,0.0,0.0,0.113636363,0,0.0,27,11.428571400000001,25.714285699999998,97.5857130761456,0.36065573700000003,0.3659535549935841,0.0,0.0,0.0,0.0,0.0,0.0,0.0,100.4,97.3,83.8,28.6,0.0,0.0,0.0,0.0,16.393442622950822,37.704918,40.9836065,21.3114754,9.6,6.50525836609142,-1.20030649099499,-0.011431490390428477,17.89458722003728,2024,Rk
Yoeilin Cespedes,BOS,806985.0,sa3021085,18,6570,105,91,0.0,0.0,0.0,0.296703297,5,0.0,19,11.428571400000001,18.095238000000002,156.47716371879187,0.352941176,0.4636480359804063,0.0,0.0,0.0,0.0,0.0,0.0,0.0,66.7,66.7,66.7,0.0,0.0,0.0,0.0,0.0,29.16666666666667,33.8028169,53.5211267,12.6760563,-66.0,6.530943832698222,-0.1074729673564434,-0.0010235520700613658,26.956773845914913,2024,Rk
Jesus Abreu,MIA,808672.0,sa3021636,18,6570,104,81,0.0,0.0,0.0,0.04938271599999999,0,0.0,34,14.423076900000002,32.6923076,72.75588706334473,0.285714285,0.31589629443792194,0.0,0.0,0.0,0.0,0.0,0.0,0.0,0.0,0.0,0.0,0.0,0.0,0.0,0.0,0.0,24.52830188679245,31.25,50.0,18.75,0.0,1.4575123087500002,-0.1682298146188259,-0.0016175943713348645,11.606930149754364,2024,Rk
Alonso Gallegos,ARI,821495.0,sa3024341,17,6205,104,85,0.0,0.0,0.0,0.035294118,0,0.0,20,17.3076923,19.230769199999997,116.69833588727394,0.4,0.4112791877526503,0.0,0.0,0.0,0.0,0.0,0.0,0.0,0.0,0.0,0.0,0.0,0.0,0.0,0.0,0.0,7.352941176470589,50.7936507,23.8095238,25.3968253,0.0,2.8260144874877398,-1.498554803431034,-0.01440918080222148,25.573852332018088,2024,Rk
Khris Almonte,MIA,808494.0,sa3021273,18,6570,104,94,0.0,0.0,0.0,0.063829787,1,0.0,29,3.8461538,27.8846153,27.57262654927845,0.215384615,0.2383497219819289,0.0,0.0,0.0,0.0,0.0,0.0,0.0,0.0,0.0,0.0,0.0,0.0,0.0,0.0,0.0,8.108108108108109,53.96825389999999,42.8571428,3.1746031,0.0,7.359233098272316,1.573807030916214,0.015132759912655903,10.18923240049436,2024,Rk
Leny Carela,PHI,800143.0,sa3019402,19,6935,104,81,0.0,0.0,0.0,0.074074074,0,0.0,12,16.3461538,11.5384615,89.5925244436307,0.222222222,0.32836896007500804,0.0,0.0,0.0,0.0,0.0,0.0,0.0,0.0,0.0,0.0,0.0,0.0,0.0,0.0,0.0,26.58227848101265,38.2352941,41.1764705,20.5882352,0.0,9.227796052967609,2.1195393577218056,0.02038018613194044,17.22937387192352,2024,Rk
Ramon Peralta,SFG,698956.0,sa3015752,20,7300,104,83,0.0,0.0,0.0,0.228915662,2,0.0,29,16.3461538,27.8846153,154.40059516965644,0.461538461,0.4654251004640873,0.0,0.0,0.0,0.0,0.0,0.0,0.0,0.0,0.0,0.0,0.0,0.0,0.0,0.0,0.0,14.814814814814813,38.461538399999995,28.846153800000003,32.6923076,0.0,7.620624457131604,0.4429187336936593,0.004258833977823647,14.802622270483058,2024,Rk
Marcos Terrero,NYM,808261.0,sa3021844,18,6570,104,81,0.0,0.0,0.0,0.135802469,1,0.0,14,18.2692307,13.461538399999998,118.97539634651888,0.279411764,0.3969238194135519,0.0,0.0,0.0,0.0,0.0,0.0,0.0,0.0,0.0,0.0,0.0,0.0,0.0,0.0,0.0,15.942028985507244,50.0,25.757575699999997,24.2424242,0.0,7.537351316438153,-0.219825379550457,-0.002113705572600548,27.244006385562376,2024,Rk
Francisco Toledo,NYM,800331.0,sa3018519,19,6935,104,89,0.0,0.0,0.0,0.011235955,0,0.0,22,13.461538399999998,21.153846100000006,72.97304918391163,0.298507462,0.3058867139311937,0.0,0.0,0.0,0.0,0.0,0.0,0.0,95.8,95.2,91.0,33.3,0.0,0.0,0.0,0.0,7.042253521126762,54.23728810000001,15.2542372,30.5084745,14.3,3.268676145888864,-0.08070328459143639,-0.0007759931210715037,9.987122908417524,2024,Rk
Hector Osorio,TEX,800540.0,sa3020461,19,6935,104,77,0.0,0.0,0.0,0.07792207799999999,1,0.0,19,20.1923076,18.2692307,127.48438890741748,0.362068965,0.4212194669593885,0.0,0.0,0.0,0.0,0.0,0.0,0.0,0.0,0.0,0.0,0.0,0.0,0.0,0.0,0.0,15.0,33.898305,44.0677966,22.0338983,0.0,7.880614331152789,0.6428165789693594,0.006180928643936148,20.796314064295863,2024,Rk
Aroon Escobar,PHI,800169.0,sa3018463,19,6935,104,77,0.0,0.0,0.0,0.14285714300000002,3,0.0,10,20.1923076,9.615384599999999,171.72482511427836,0.353846153,0.47932153072172,0.0,0.0,0.0,0.0,0.0,0.0,0.0,102.8,102.2,93.9,50.0,0.0,0.0,0.0,0.0,15.942028985507244,45.45454539999999,36.363636299999996,18.1818181,33.5,6.511204720813104,1.420224990695715,0.013656009525920335,23.783213635107657,2024,Rk
Roinny Aguiar,PIT,800192.0,sa3019439,19,6935,104,87,0.0,0.0,0.0,0.045977011,0,0.0,27,12.5,25.9615384,84.24495210301198,0.344262295,0.3194742621761737,0.0,0.0,0.0,0.0,0.0,0.0,0.0,0.0,0.0,0.0,0.0,0.0,0.0,0.0,0.0,34.78260869565217,40.3508771,45.614035,14.035087700000002,0.0,6.962468482757227,-0.33438789285719395,-0.0032152682005499424,11.04038172390247,2024,Rk
Martin Gonzalez,SEA,703203.0,sa3018434,19,6935,103,91,0.0,0.0,0.0,0.076923077,0,0.0,30,9.708737800000002,29.126213500000002,62.96607882031846,0.311475409,0.2953791791952929,0.0,0.0,0.0,0.0,0.0,0.0,0.0,0.0,0.0,0.0,0.0,0.0,0.0,0.0,0.0,16.417910447761194,35.0877192,45.614035,19.2982456,0.0,3.6730295525,-0.11550093768164515,-0.0011213683270062636,7.946659725454527,2024,Rk
Andrws Cruz,CHC,696081.0,sa3015734,21,7665,103,83,0.0,0.0,0.0,0.036144578999999996,0,0.0,16,15.533980499999998,15.533980499999998,101.26538734272405,0.318840579,0.3639262119928996,0.0,0.0,0.0,0.0,0.0,0.0,0.0,0.0,0.0,0.0,0.0,0.0,0.0,0.0,0.0,23.75,50.0,33.823529400000005,16.176470499999997,0.0,6.294511471418785,1.4869787395000458,0.01443668679126258,8.353780909385652,2024,Rk
Brandon Vasquez,SFG,821616.0,sa3024346,17,6205,103,91,0.0,0.0,0.0,0.065934066,0,0.0,17,10.6796116,16.504854299999998,55.74081886129289,0.229729729,0.2825336710920612,0.0,0.0,0.0,0.0,0.0,0.0,0.0,0.0,0.0,0.0,0.0,0.0,0.0,0.0,0.0,14.864864864864865,51.3888888,36.1111111,12.5,0.0,7.896433200729069,0.03444230556488037,0.00033439131616388713,18.679770402245673,2024,Rk
Raudi Rodriguez,LAA,804558.0,sa3022506,20,7300,103,86,0.0,0.0,0.0,0.081395349,1,0.0,26,11.6504854,25.242718399999998,74.40620760490481,0.311475409,0.32793731886206323,0.0,0.0,0.0,0.0,0.0,0.0,0.0,0.0,0.0,0.0,0.0,0.0,0.0,0.0,0.0,11.29032258064516,53.44827579999999,34.482758600000004,12.0689655,0.0,6.783908958945684,-0.4510247339494526,-0.004378880912130608,8.07054733685816,2024,Rk
Carlos Caripa,CLE,821256.0,sa3024335,17,6205,103,88,0.0,0.0,0.0,0.06818181799999999,0,0.0,18,12.621359199999999,17.475728099999998,35.773450178950206,0.183098591,0.259256367544526,0.0,0.0,0.0,0.0,0.0,0.0,0.0,0.0,0.0,0.0,0.0,0.0,0.0,0.0,0.0,9.333333333333334,42.6470588,39.7058823,17.647058800000003,0.0,7.061583208986063,0.4806111082434654,0.004666127264499664,18.148110270347352,2024,Rk
Kay Robles,SEA,808073.0,sa3021161,19,6935,103,92,0.0,0.0,0.0,0.032608696,0,0.0,50,2.9126213,48.5436893,5.66744385373263,0.25,0.19123114775685432,0.0,0.0,0.0,0.0,0.0,0.0,0.0,0.0,0.0,0.0,0.0,0.0,0.0,0.0,0.0,25.0,42.8571428,45.2380952,11.9047619,0.0,6.971753709636438,0.5900873206555843,0.005729003113161013,5.409240031314655,2024,Rk
Leider Padilla,LAD,821636.0,sa3023958,17,6205,103,90,0.0,0.0,0.0,0.033333333,0,0.0,24,8.737864,23.3009708,68.022437930836,0.318181818,0.3199258371464257,0.0,0.0,0.0,0.0,0.0,0.0,0.0,0.0,0.0,0.0,0.0,0.0,0.0,0.0,0.0,23.376623376623375,44.444444399999995,31.7460317,23.8095238,0.0,4.956551608965219,-1.0388603471219542,-0.010086022787591785,13.738164474099847,2024,Rk
Pablo Arosemena,CLE,808132.0,sa3021187,18,6570,103,79,0.0,0.0,0.0,0.12658227800000002,1,0.0,22,18.446601899999997,21.3592233,119.86439593146777,0.30357142800000003,0.40258833852786463,0.0,0.0,0.0,0.0,0.0,0.0,0.0,0.0,0.0,0.0,0.0,0.0,0.0,0.0,0.0,25.86206896551724,30.9090909,50.9090909,18.1818181,0.0,6.791945220485699,-0.625252153724432,-0.006070409259460505,24.967346565356607,2024,Rk
Yosweld Vasquez,HOU,811633.0,sa3022361,19,6935,103,86,0.0,0.0,0.0,0.139534884,1,0.0,15,12.621359199999999,14.563106699999999,117.96469923301491,0.314285714,0.39910106214822505,0.0,0.0,0.0,0.0,0.0,0.0,0.0,0.0,0.0,0.0,0.0,0.0,0.0,0.0,0.0,29.11392405063291,32.3943661,42.2535211,25.3521126,0.0,4.65455430166045,-0.07503390684723854,-0.0007284845324974615,17.94565179249829,2024,Rk
Misael Mojica,WSN,800167.0,sa3018462,19,6935,103,79,0.0,0.0,0.0,0.025316456,0,0.0,30,19.417475699999997,29.126213500000002,74.03169240632911,0.274509803,0.3092053306912913,0.0,0.0,0.0,0.0,0.0,0.0,0.0,0.0,0.0,0.0,0.0,0.0,0.0,0.0,0.0,10.714285714285714,62.0,24.0,14.000000000000002,0.0,2.8934203675094667,-0.8663383238017559,-0.008411051687395688,9.672332179634664,2024,Rk
Sergio Tapia,DET,685337.0,sa3009763,21,7665,102,89,0.0,0.0,0.0,0.16853932600000002,3,0.0,14,10.784313699999998,13.725490100000002,101.62992982962362,0.25,0.3524238048213543,0.0,0.0,0.0,0.0,0.0,0.0,0.0,106.9,104.2,95.2,50.0,0.0,0.0,0.0,0.0,27.380952380952387,35.211267600000006,52.112676,12.6760563,10.5,3.63854679,-0.2063994761556387,-0.0020235242760356736,7.633789711478863,2024,Rk
Leandy Mella,NYM,820985.0,sa3023741,17,6205,102,83,0.0,0.0,0.0,0.09638554199999999,0,0.0,38,15.6862745,37.2549019,61.789556182930205,0.24444444399999998,0.28987203976687265,0.0,0.0,0.0,0.0,0.0,0.0,0.0,0.0,0.0,0.0,0.0,0.0,0.0,0.0,0.0,21.73913043478261,40.909090899999995,43.1818181,15.9090909,0.0,7.648040294429657,-0.16013092920184135,-0.0015699110706062875,17.48561841320132,2024,Rk
Junior Aybar,BAL,808166.0,sa3021607,17,6205,102,85,0.0,0.0,0.0,0.117647059,1,0.0,23,15.6862745,22.5490196,103.97071036539806,0.322580645,0.3704203963279724,0.0,0.0,0.0,0.0,0.0,0.0,0.0,0.0,0.0,0.0,0.0,0.0,0.0,0.0,0.0,19.11764705882353,46.7741935,41.9354838,11.2903225,0.0,10.0,3.4317702390253544,0.03364480626495445,29.49713744326776,2024,Rk
Jose Cedeno,CLE,800190.0,sa3018471,19,6935,102,84,0.0,0.0,0.0,0.095238095,2,0.0,24,11.7647058,23.5294117,87.79161884445749,0.288135593,0.34107411433668705,0.0,0.0,0.0,0.0,0.0,0.0,0.0,0.0,0.0,0.0,0.0,0.0,0.0,0.0,0.0,24.590163934426233,57.627118599999996,28.813559299999998,13.559321999999998,0.0,1.6730295525,-0.1478412002325058,-0.0014494235316912336,11.405229339065562,2024,Rk
Juan Obispo,WSN,808312.0,sa3022255,18,6570,102,91,0.0,0.0,0.0,0.08791208800000001,2,0.0,25,5.8823529,24.5098039,65.39701236756028,0.265625,0.3055477820190729,0.0,0.0,0.0,0.0,0.0,0.0,0.0,0.0,0.0,0.0,0.0,0.0,0.0,0.0,0.0,17.647058823529417,52.3809523,34.920634899999996,12.6984126,0.0,6.703312191684286,0.30593114346265793,0.002999324935908411,13.103958790917005,2024,Rk
Victor Izturis,CLE,703196.0,sa3018428,19,6935,102,77,0.0,0.0,0.0,0.051948052,1,0.0,32,23.5294117,31.372549,82.87380422047501,0.27272727199999997,0.3324640001736435,0.0,0.0,0.0,0.0,0.0,0.0,0.0,0.0,0.0,0.0,0.0,0.0,0.0,0.0,0.0,8.888888888888891,40.909090899999995,38.6363636,20.4545454,0.0,3.551792886382835,0.23367865569889545,0.002290967212734269,11.959467441873409,2024,Rk
Jose Medina,KCR,802079.0,sa3018621,19,6935,102,76,0.0,0.0,0.0,0.013157895,0,0.0,16,23.5294117,15.6862745,74.44771707958247,0.2,0.3249761963834857,0.0,0.0,0.0,0.0,0.0,0.0,0.0,0.0,0.0,0.0,0.0,0.0,0.0,0.0,0.0,10.0,45.0,45.0,10.0,0.0,1.42757935875,-0.19536365568637848,-0.001915329957709593,12.853266691466713,2024,Rk
Angel Marte,HOU,815765.0,sa3023717,18,6570,102,75,0.0,0.0,0.0,0.013333333999999999,0,0.0,34,22.5490196,33.3333333,49.570727122215736,0.18181818100000002,0.2743508219718933,0.0,0.0,0.0,0.0,0.0,0.0,0.0,0.0,0.0,0.0,0.0,0.0,0.0,0.0,0.0,29.16666666666667,34.146341400000004,41.4634146,24.390243899999998,0.0,5.185604215936536,-0.08588744327425958,-0.0008420337575907801,12.238157849979634,2024,Rk
Addison Kopack,SDP,688551.0,sa3023052,22,8030,102,91,0.0,0.0,0.0,0.20879120899999998,2,0.0,28,9.8039215,27.4509803,126.53642478358437,0.426229508,0.4142747468808118,0.0,0.0,0.0,0.0,0.0,0.0,0.0,0.0,0.0,0.0,0.0,0.0,0.0,0.0,0.0,14.285714285714285,38.7096774,40.3225806,20.9677419,0.0,5.345098406883,-1.032544592861086,-0.010122986204520451,5.696775736316253,2024,Rk
Alexander Garcia,SDP,808017.0,sa3021142,18,6570,102,77,0.0,0.0,0.0,0.207792208,2,0.0,28,15.6862745,27.4509803,136.7518474945542,0.354166666,0.4390333493550618,0.0,0.0,0.0,0.0,0.0,0.0,0.0,0.0,0.0,0.0,0.0,0.0,0.0,0.0,0.0,25.806451612903228,42.8571428,32.6530612,24.489795899999997,0.0,6.862879169237803,0.22634342312812805,0.002219053167922824,25.85981909926125,2024,Rk
Vicente Guaylupo,LAD,815198.0,sa3024300,18,6570,101,67,0.0,0.0,0.0,0.029850746,0,0.0,23,19.8019801,22.7722772,147.32904303840627,0.386363636,0.4510914468765258,0.0,0.0,0.0,0.0,0.0,0.0,0.0,0.0,0.0,0.0,0.0,0.0,0.0,0.0,0.0,17.307692307692307,50.0,28.571428499999996,21.4285714,0.0,4.558157504893857,-0.0604848712682724,-0.0005988601115670534,24.01400808852668,2024,Rk
Manolfi Jimenez,PHI,800272.0,sa3018492,19,6935,101,92,0.0,0.0,0.0,0.11956521699999999,3,0.0,22,5.940594,21.7821782,89.15204394165052,0.308823529,0.3362656271103585,0.0,0.0,0.0,0.0,0.0,0.0,0.0,106.5,100.4,81.9,16.7,0.0,0.0,0.0,0.0,12.82051282051282,41.428571399999996,45.71428570000001,12.857142799999998,28.0,4.691010037273582,-1.1013639885932207,-0.010904593946467532,11.022836011150641,2024,Rk
Joseph Diaz,PHI,808112.0,sa3023871,18,6570,101,89,0.0,0.0,0.0,0.101123595,1,0.0,26,6.9306930000000015,25.7425742,76.6097291116033,0.274193548,0.3048418819904327,0.0,0.0,0.0,0.0,0.0,0.0,0.0,0.0,0.0,0.0,0.0,0.0,0.0,0.0,0.0,14.492753623188404,55.7377049,31.1475409,13.114754,0.0,6.773817799716804,0.07518433406949042,0.0007443993472226777,13.68594662720271,2024,Rk
Argenis Valdez,BAL,821703.0,sa3024146,17,6205,101,86,0.0,0.0,0.0,0.058139535,0,0.0,25,11.8811881,24.7524752,49.79312318210474,0.22580645100000002,0.2713403217863328,0.0,0.0,0.0,0.0,0.0,0.0,0.0,0.0,0.0,0.0,0.0,0.0,0.0,0.0,0.0,20.588235294117645,51.6666666,31.666666600000003,16.6666666,0.0,4.354655436694024,-0.8777885697782041,-0.008690975938398059,12.701510549207196,2024,Rk
Miguel Sosa,PIT,699015.0,sa3016325,20,7300,101,85,0.0,0.0,0.0,0.05882353,0,0.0,31,14.8514851,30.6930693,133.86430606338376,0.5,0.4054389277307114,0.0,0.0,0.0,0.0,0.0,0.0,0.0,99.3,99.1,91.7,50.0,0.0,0.0,0.0,0.0,24.590163934426233,50.9433962,30.188679200000006,18.8679245,24.0,2.4752883261906278,-1.0993622429668903,-0.0108847746828405,10.02383453630187,2024,Rk
Jesus Lizardo,PIT,821083.0,sa3023753,17,6205,101,85,0.0,0.0,0.0,0.035294117,0,0.0,24,13.8613861,23.7623762,56.55044240801786,0.25396825300000003,0.2832730678048465,0.0,0.0,0.0,0.0,0.0,0.0,0.0,0.0,0.0,0.0,0.0,0.0,0.0,0.0,0.0,15.277777777777779,38.7096774,40.3225806,20.9677419,0.0,2.9751309803519113,0.05347726121544838,0.0005294778338163206,14.343990361074894,2024,Rk
Manuel German,KCR,802091.0,sa3018623,19,6935,100,85,0.0,0.0,0.0,0.164705883,2,0.0,21,10.0,21.0,144.97579143853434,0.403225806,0.4470666313171387,0.0,0.0,0.0,0.0,0.0,0.0,0.0,0.0,0.0,0.0,0.0,0.0,0.0,0.0,0.0,17.910447761194032,48.4375,34.375,17.1875,0.0,5.444047617184952,0.4263434261083603,0.0042634342610836035,18.516403507307867,2024,Rk
L.J. Jones,SDP,695292.0,sa3014840,25,9125,100,91,0.0,0.0,0.0,0.296703297,6,0.0,16,8.0,16.0,192.80875811503185,0.463768115,0.5303044062852861,0.0,0.0,0.0,0.0,0.0,0.0,0.0,0.0,0.0,0.0,0.0,0.0,0.0,0.0,0.0,25.333333333333336,43.2432432,28.378378299999998,28.378378299999998,0.0,2.8842359664856,0.05215880274772644,0.0005215880274772644,3.3448099800322115,2024,Rk
Adrian Ibarra,MIA,808532.0,sa3021283,18,6570,100,88,0.0,0.0,0.0,0.056818182,1,0.0,26,9.0,26.0,46.29748608874143,0.22950819600000003,0.2679490804672241,0.0,0.0,0.0,0.0,0.0,0.0,0.0,0.0,0.0,0.0,0.0,0.0,0.0,0.0,0.0,18.055555555555557,48.275862,29.310344800000003,22.4137931,0.0,3.8498731138404776,-0.9655577093362808,-0.009655577093362807,8.501399286565903,2024,Rk
Nathaniel Palacios,TEX,821700.0,sa3023971,17,6205,100,84,0.0,0.0,0.0,0.08333333400000001,2,0.0,34,8.0,34.0,43.31199496399522,0.21568627399999998,0.26383169531822204,0.0,0.0,0.0,0.0,0.0,0.0,0.0,0.0,0.0,0.0,0.0,0.0,0.0,0.0,0.0,16.071428571428573,54.1666666,33.3333333,12.5,0.0,5.2201459667811445,-0.5601309351623058,-0.0056013093516230576,10.094875921342078,2024,Rk
Miguel Perez,ARI,807997.0,sa3021134,18,6570,100,71,0.0,0.0,0.0,0.112676057,1,0.0,24,23.0,24.0,142.13217466453682,0.36170212700000004,0.4401363778114319,0.0,0.0,0.0,0.0,0.0,0.0,0.0,0.0,0.0,0.0,0.0,0.0,0.0,0.0,0.0,22.916666666666664,44.444444399999995,42.2222222,13.333333300000001,0.0,6.7074694397719385,1.3829292953014374,0.013829292953014374,27.603047060121714,2024,Rk
Sebastian De Andrade,SEA,808143.0,sa3021842,18,6570,100,85,0.0,0.0,0.0,0.058823529000000006,1,0.0,22,12.0,22.0,57.42906947249239,0.25,0.2856849783658981,0.0,0.0,0.0,0.0,0.0,0.0,0.0,0.0,0.0,0.0,0.0,0.0,0.0,0.0,0.0,10.958904109589039,51.5625,35.9375,12.5,0.0,3.769096084776866,0.07525899028405547,0.0007525899028405548,12.34005701285457,2024,Rk
Endy Rios,SDP,821810.0,sa3024372,17,6205,100,93,0.0,0.0,0.0,0.064516129,0,0.0,26,6.0,26.0,35.32272766092882,0.264705882,0.2519368326663971,0.0,0.0,0.0,0.0,0.0,0.0,0.0,0.0,0.0,0.0,0.0,0.0,0.0,0.0,0.0,20.0,50.0,35.29411760000001,14.7058823,0.0,6.1779967218832486,-1.056081499904394,-0.010560814999043941,10.589036514156662,2024,Rk
Jose D. Hernandez,LAD,691559.0,sa3015557,21,7665,99,86,0.0,0.0,0.0,0.209302325,4,0.0,21,8.080808000000001,21.2121212,132.99048368938242,0.36065573700000003,0.4212660530600885,0.0,0.0,0.0,0.0,0.0,0.0,0.0,0.0,0.0,0.0,0.0,0.0,0.0,0.0,0.0,24.615384615384613,44.444444399999995,39.6825396,15.8730158,0.0,5.797890584768168,-0.2417846559546888,-0.002442269252067564,8.75156754651469,2024,Rk
Emanuel Reyna,BOS,821165.0,sa3024638,16,5840,99,85,0.0,0.0,0.0,0.023529412000000003,0,0.0,36,10.1010101,36.363636299999996,70.9033311183159,0.38,0.3084461448168514,0.0,0.0,0.0,0.0,0.0,0.0,0.0,0.0,0.0,0.0,0.0,0.0,0.0,0.0,0.0,9.677419354838712,55.10204079999999,28.571428499999996,16.326530599999998,0.0,2.8241026866411434,0.03719695657491684,0.00037572683409006915,12.116294323927715,2024,Rk
Isaac Moscote,CHC,821148.0,sa3023930,17,6205,99,86,0.0,0.0,0.0,0.011627907,0,0.0,30,12.1212121,30.303030300000003,44.624065421303165,0.267857142,0.26339791399059875,0.0,0.0,0.0,0.0,0.0,0.0,0.0,0.0,0.0,0.0,0.0,0.0,0.0,0.0,0.0,12.698412698412698,43.3962264,33.9622641,22.641509399999997,0.0,4.645781986418199,0.4534772671759129,0.004580578456322352,11.639856931592055,2024,Rk
Isaac Osorio,ATL,821074.0,sa3024317,17,6205,99,78,0.0,0.0,0.0,0.0,0,0.0,33,17.1717171,33.3333333,72.46295117088731,0.288888888,0.3060040762930205,0.0,0.0,0.0,0.0,0.0,0.0,0.0,0.0,0.0,0.0,0.0,0.0,0.0,0.0,0.0,12.5,52.27272720000001,38.6363636,9.090909,0.0,4.585161051916762,0.4154898896813393,0.004196867572538779,15.770639492438404,2024,Rk
Jonathan Linares,LAA,800200.0,sa3018475,19,6935,99,70,0.0,0.0,0.0,0.071428571,1,0.0,23,25.2525252,23.2323232,104.04934969349644,0.282608695,0.3798365580666925,0.0,0.0,0.0,0.0,0.0,0.0,0.0,0.0,0.0,0.0,0.0,0.0,0.0,0.0,0.0,10.0,65.21739129999999,23.9130434,10.869565199999998,0.0,3.0254111541484963,-0.6833649994805455,-0.006902676762429753,15.325147987974749,2024,Rk
Samuel Capellan,HOU,800290.0,sa3018500,19,6935,99,80,0.0,0.0,0.0,0.1625,2,0.0,30,15.151515099999997,30.303030300000003,78.26958389431967,0.208333333,0.32716662474352903,0.0,0.0,0.0,0.0,0.0,0.0,0.0,0.0,0.0,0.0,0.0,0.0,0.0,0.0,0.0,18.75,47.9166666,35.4166666,16.6666666,0.0,9.182709547288212,0.4344423115253449,0.0043883061770236854,14.439089494007249,2024,Rk
Jesus Meneses,CHC,823011.0,sa3024376,17,6205,99,78,0.0,0.0,0.0,0.089743589,1,0.0,31,18.1818181,31.3131313,62.71164667463026,0.208333333,0.29406014355746185,0.0,0.0,0.0,0.0,0.0,0.0,0.0,0.0,0.0,0.0,0.0,0.0,0.0,0.0,0.0,13.20754716981132,58.695652100000004,30.4347826,10.869565199999998,0.0,8.538416239434667,0.6589040383696556,0.006655596347168238,20.493914770807805,2024,Rk
Brayan Guedez,CLE,800165.0,sa3018461,19,6935,99,78,0.0,0.0,0.0,0.051282050999999995,0,0.0,16,18.1818181,16.1616161,114.65614627907101,0.333333333,0.3931500863547277,0.0,0.0,0.0,0.0,0.0,0.0,0.0,0.0,0.0,0.0,0.0,0.0,0.0,0.0,0.0,4.761904761904762,50.0,33.3333333,16.6666666,0.0,9.340114115604068,2.1584675833582883,0.02180270286220493,19.829235661444915,2024,Rk
Emilio Taveras,CLE,692582.0,sa3015646,21,7665,99,76,0.0,0.0,0.0,0.17105263199999998,3,0.0,27,19.191919100000003,27.2727272,109.70834344398712,0.270833333,0.3841838090106695,0.0,0.0,0.0,0.0,0.0,0.0,0.0,0.0,0.0,0.0,0.0,0.0,0.0,0.0,0.0,22.41379310344828,32.0,48.0,20.0,0.0,3.4717390463952187,0.03719695657491684,0.00037572683409006915,8.369472689943013,2024,Rk
Hojans Hernandez,ATL,808518.0,sa3021633,18,6570,99,78,0.0,0.0,0.0,0.012820513,0,0.0,23,19.191919100000003,23.2323232,68.58482214299578,0.218181818,0.2989762335112601,0.0,0.0,0.0,0.0,0.0,0.0,0.0,0.0,0.0,0.0,0.0,0.0,0.0,0.0,0.0,14.285714285714285,49.0196078,41.1764705,9.8039215,0.0,5.49504572454774,-0.2442871034145355,-0.0024675464991367226,14.902581598709485,2024,Rk
Jonathan Rivero,PIT,808033.0,sa3021150,18,6570,98,87,0.0,0.0,0.0,0.045977012000000005,0,0.0,25,9.1836734,25.510204,102.05825454065884,0.387096774,0.35361394955187425,0.0,0.0,0.0,0.0,0.0,0.0,0.0,0.0,0.0,0.0,0.0,0.0,0.0,0.0,0.0,24.285714285714285,43.548387,38.7096774,17.7419354,0.0,4.1800341786868325,-0.2858874462544918,-0.0029172188393315488,14.438222326279412,2024,Rk
Diego Benitez,ATL,698902.0,sa3018391,19,6935,98,85,0.0,0.0,0.0,0.082352941,2,0.0,24,13.265306099999998,24.489795899999997,53.0456385978208,0.20338983,0.2709493697906027,0.0,0.0,0.0,0.0,0.0,0.0,0.0,103.2,101.6,90.9,40.0,0.0,0.0,0.0,0.0,20.63492063492064,44.0677966,44.0677966,11.8644067,23.6,4.079909045742016,0.0018565058708190922,1.894393745733767e-05,9.317805571972656,2024,Rk
Moises Molero,CLE,800186.0,sa3018469,19,6935,98,82,0.0,0.0,0.0,0.048780487000000004,0,0.0,19,8.163265299999999,19.3877551,70.29219745317809,0.276923076,0.3127549124747208,0.0,0.0,0.0,0.0,0.0,0.0,0.0,0.0,0.0,0.0,0.0,0.0,0.0,0.0,0.0,20.54794520547945,45.3125,40.625,14.0625,0.0,3.29501767945869,0.05347726121544838,0.0005456863389331467,9.404502034981707,2024,Rk
Jhojan Downer,SDP,821755.0,sa3024363,17,6205,98,78,0.0,0.0,0.0,0.025641026,0,0.0,33,18.367346899999998,33.673469299999994,55.72272978121521,0.260869565,0.28890517658116865,0.0,0.0,0.0,0.0,0.0,0.0,0.0,0.0,0.0,0.0,0.0,0.0,0.0,0.0,0.0,22.033898305084747,30.2325581,51.1627906,18.6046511,0.0,3.808014837766871,-0.5926915444433689,-0.006047872902483356,13.418168407251954,2024,Rk
Justin Rodriguez,DET,699100.0,sa3015796,20,7300,98,79,0.0,0.0,0.0,0.025316456,0,0.0,29,14.2857142,29.591836699999998,62.66662167053304,0.3,0.3205963920573799,0.0,0.0,0.0,0.0,0.0,0.0,0.0,0.0,0.0,0.0,0.0,0.0,0.0,0.0,0.0,27.118644067796605,37.5,39.5833333,22.916666600000003,0.0,7.79881116659214,-0.2143986113369465,-0.002187740932009658,7.518611326623786,2024,Rk
Frainner Chirinos,BAL,821602.0,sa3024136,17,6205,98,70,0.0,0.0,0.0,0.12857142900000001,2,0.0,32,25.510204,32.6530612,115.5328804891293,0.277777777,0.390472170041532,0.0,0.0,0.0,0.0,0.0,0.0,0.0,0.0,0.0,0.0,0.0,0.0,0.0,0.0,0.0,34.09090909090909,37.837837799999996,48.6486486,13.513513499999998,0.0,5.001535651816334,0.4100631214678288,0.004184317565998253,27.79215839959383,2024,Rk
Jayden Felicia,MIA,809337.0,sa3021307,18,6570,97,82,0.0,0.0,0.0,0.036585366,0,0.0,18,13.402061800000002,18.556701,59.505494281471385,0.234375,0.29360995956302915,0.0,0.0,0.0,0.0,0.0,0.0,0.0,0.0,0.0,0.0,0.0,0.0,0.0,0.0,0.0,15.492957746478872,50.0,42.1875,7.8125,0.0,5.714152055697392,0.9358196444809436,0.00964762520083447,15.241105663294004,2024,Rk
Yoneiker Lugo,MIL,821268.0,sa3024639,17,6205,97,79,0.0,0.0,0.0,0.075949367,1,0.0,11,16.494845299999998,11.3402061,118.92205783962387,0.323529411,0.4043741324513229,0.0,0.0,0.0,0.0,0.0,0.0,0.0,0.0,0.0,0.0,0.0,0.0,0.0,0.0,0.0,21.333333333333336,36.231884,46.3768115,17.391304299999998,0.0,4.154019277824369,-0.23067891597747806,-0.00237813315440699,29.197141130597853,2024,Rk
Andy Acevedo,WSN,807005.0,sa3021099,18,6570,97,82,0.0,0.0,0.0,0.012195122,0,0.0,23,12.371134,23.7113402,46.9319125243294,0.237288135,0.26225543456772965,0.0,0.0,0.0,0.0,0.0,0.0,0.0,0.0,0.0,0.0,0.0,0.0,0.0,0.0,0.0,28.57142857142857,42.1052631,38.5964912,19.2982456,0.0,5.6863253948967145,1.9770885985344648,0.02038235668592232,12.03983062022305,2024,Rk
Javier Acevedo,PIT,821033.0,sa3023747,17,6205,97,74,0.0,0.0,0.0,0.013513513000000001,0,0.0,23,22.6804123,23.7113402,89.14864662077757,0.274509803,0.3423466707013317,0.0,0.0,0.0,0.0,0.0,0.0,0.0,0.0,0.0,0.0,0.0,0.0,0.0,0.0,0.0,21.311475409836067,35.4166666,45.8333333,18.75,0.0,2.1567183229095885,-1.030678927898407,-0.010625555957715535,19.532259924082638,2024,Rk
Angel Ramirez,KCR,807587.0,sa3021107,19,6935,97,85,0.0,0.0,0.0,0.070588235,0,0.0,11,11.3402061,11.3402061,102.67571529616215,0.324324324,0.3726270801013278,0.0,0.0,0.0,0.0,0.0,0.0,0.0,0.0,0.0,0.0,0.0,0.0,0.0,0.0,0.0,17.02127659574468,52.0547945,27.3972602,20.547945199999997,0.0,8.46608559916803,1.3141125775873659,0.013547552346261506,17.471917548198842,2024,Rk
Danny Puerta,MIL,808303.0,sa3021618,18,6570,97,82,0.0,0.0,0.0,0.06097560900000001,0,0.0,18,13.402061800000002,18.556701,72.83636522381626,0.25,0.3112823950875665,0.0,0.0,0.0,0.0,0.0,0.0,0.0,0.0,0.0,0.0,0.0,0.0,0.0,0.0,0.0,8.108108108108109,59.6774193,25.806451600000006,14.516129000000001,0.0,5.550281410199313,-1.2994956485927105,-0.013396862356625879,15.15220035340312,2024,Rk
Yolfran Castillo,TEX,815931.0,sa3023726,17,6205,97,70,0.0,0.0,0.0,0.057142857000000005,0,0.0,8,22.6804123,8.2474226,186.34393722573824,0.453125,0.5235858696202437,0.0,0.0,0.0,0.0,0.0,0.0,0.0,0.0,0.0,0.0,0.0,0.0,0.0,0.0,0.0,16.101694915254235,45.9016393,31.1475409,22.950819600000003,0.0,5.5242893633138666,-0.10122689977288246,-0.001043576286318376,35.13540147528034,2024,Rk
Luis Ogando,NYY,703902.0,sa3018924,20,7300,97,80,0.0,0.0,0.0,0.15,3,0.0,17,9.2783505,17.525773100000002,105.141680336684,0.274193548,0.3712829105632821,0.0,0.0,0.0,0.0,0.0,0.0,0.0,78.2,78.0,77.1,0.0,0.0,0.0,0.0,0.0,17.142857142857142,47.6190476,38.095238,14.2857142,19.5,9.239203921029212,1.25950313732028,0.012984568425982269,12.555900736484366,2024,Rk
Gustavo Beltran,SEA,808492.0,sa3021271,19,6935,96,79,0.0,0.0,0.0,0.012658227,0,0.0,20,15.625,20.8333333,57.35332141115501,0.22033898300000002,0.2848949270943801,0.0,0.0,0.0,0.0,0.0,0.0,0.0,0.0,0.0,0.0,0.0,0.0,0.0,0.0,0.0,20.588235294117645,53.70370370000001,33.3333333,12.9629629,0.0,2.294464604941608,-0.6750339157879353,-0.007031603289457659,9.118610127201864,2024,Rk
Kenyon Simmons,BOS,821185.0,sa3023935,17,6205,96,79,0.0,0.0,0.0,0.037974682999999995,0,0.0,29,14.5833333,30.2083333,56.4173033405565,0.25490196,0.28418109317620593,0.0,0.0,0.0,0.0,0.0,0.0,0.0,0.0,0.0,0.0,0.0,0.0,0.0,0.0,0.0,32.75862068965517,38.7755102,42.8571428,18.367346899999998,0.0,5.4072879453140485,0.4589040353894234,0.004780250368639828,14.928149847690444,2024,Rk
Christian Astudillo,BAL,821682.0,sa3024144,17,6205,96,78,0.0,0.0,0.0,0.064102564,0,0.0,16,12.5,16.6666666,126.0798224003492,0.370967741,0.41048594399502397,0.0,0.0,0.0,0.0,0.0,0.0,0.0,0.0,0.0,0.0,0.0,0.0,0.0,0.0,0.0,10.810810810810812,50.8771929,31.5789473,17.5438596,0.0,2.097505184138324,-0.5075945220887661,-0.005287442938424647,25.69885079563054,2024,Rk
Angel Perez,PIT,808007.0,sa3021593,18,6570,95,80,0.0,0.0,0.0,0.1,1,0.0,27,10.5263157,28.421052600000003,97.16867757157353,0.333333333,0.3447531875811125,0.0,0.0,0.0,0.0,0.0,0.0,0.0,0.0,0.0,0.0,0.0,0.0,0.0,0.0,0.0,20.0,48.076923,30.769230699999998,21.153846100000006,0.0,3.6266466141359897,0.058904029428958886,0.0006200424150416727,15.051668964526502,2024,Rk
Joseph Sequera,PIT,808023.0,sa3021595,18,6570,95,79,0.0,0.0,0.0,0.075949367,0,0.0,31,9.4736842,32.6315789,99.1305832310628,0.375,0.3483085010914093,0.0,0.0,0.0,0.0,0.0,0.0,0.0,0.0,0.0,0.0,0.0,0.0,0.0,0.0,0.0,22.222222222222218,40.425531899999996,36.1702127,23.404255300000003,0.0,2.295634915,-0.14652274176478386,-0.0015423446501556196,13.160721411847335,2024,Rk
Paris Johnson,LAD,807379.0,sa3021588,19,6935,95,81,0.0,0.0,0.0,0.12345679,0,0.0,33,12.6315789,34.736842100000004,72.83736784208071,0.333333333,0.3284887991453472,0.0,0.0,0.0,0.0,0.0,0.0,0.0,0.0,0.0,0.0,0.0,0.0,0.0,0.0,0.0,23.214285714285715,38.6363636,45.45454539999999,15.9090909,0.0,8.807265707946046,0.3629534766077995,0.003820562911661048,12.622076123442573,2024,Rk
Sebastian Castro,NYM,699315.0,sa3015832,19,6935,95,84,0.0,0.0,0.0,0.071428571,1,0.0,30,8.4210526,31.5789473,16.514374123163993,0.150943396,0.20807304382324215,0.0,0.0,0.0,0.0,0.0,0.0,0.0,0.0,0.0,0.0,0.0,0.0,0.0,0.0,0.0,23.214285714285715,52.941176399999996,35.29411760000001,11.7647058,0.0,7.478811563479106,-0.5259866770356894,-0.0055367018635335725,6.837667469463764,2024,Rk
Yemil Rosario,PHI,699713.0,sa3015838,20,7300,95,77,0.0,0.0,0.0,0.012987013,0,0.0,26,12.6315789,27.368421,40.110503062642294,0.20754716899999998,0.251302012644316,0.0,0.0,0.0,0.0,0.0,0.0,0.0,100.3,100.3,84.9,50.0,0.0,0.0,0.0,0.0,15.0,59.6153846,34.6153846,5.7692307000000005,-15.2,5.8656404154551955,0.09252703562378883,0.0009739687960398824,5.652104206071023,2024,Rk
Hector Nieves,HOU,695758.0,sa3017375,20,7300,95,70,0.0,0.0,0.0,0.12857142800000002,1,0.0,41,24.2105263,43.15789470000001,101.55994335700925,0.344827586,0.3475617935782985,0.0,0.0,0.0,0.0,0.0,0.0,0.0,0.0,0.0,0.0,0.0,0.0,0.0,0.0,0.0,32.35294117647059,37.9310344,44.8275862,17.241379300000002,0.0,7.094167851762209,-0.8106934558600187,-0.008533615324842302,10.482739360267564,2024,Rk
Santiago Gomez,NYY,801726.0,sa3018616,20,7300,95,81,0.0,0.0,0.0,0.09876543199999999,2,0.0,22,7.3684210000000006,23.1578947,131.98031439922522,0.421052631,0.4177803761080692,0.0,0.0,0.0,0.0,0.0,0.0,0.0,77.7,77.4,76.2,0.0,0.0,0.0,0.0,0.0,26.38888888888889,38.5964912,33.3333333,28.070175400000004,6.5,5.466699007206089,-1.9469378665089607,-0.020494082805357482,10.700057269693623,2024,Rk
Frederik Jimenez,BOS,808631.0,sa3021288,19,6935,94,78,0.0,0.0,0.0,0.192307693,2,0.0,22,12.765957400000001,23.404255300000003,135.1387751710585,0.39285714200000005,0.4266796498856646,0.0,0.0,0.0,0.0,0.0,0.0,0.0,0.0,0.0,0.0,0.0,0.0,0.0,0.0,0.0,20.0,39.6551724,44.8275862,15.5172413,0.0,8.63013027494404,0.4677591044455767,0.00497616068559124,19.958248255208375,2024,Rk
Miguel Rodriguez,PIT,808040.0,sa3021155,18,6570,94,80,0.0,0.0,0.0,0.0625,0,0.0,10,10.6382978,10.6382978,102.19221388599794,0.305555555,0.3538567071319908,0.0,0.0,0.0,0.0,0.0,0.0,0.0,0.0,0.0,0.0,0.0,0.0,0.0,0.0,0.0,13.580246913580249,48.571428499999996,31.4285714,20.0,0.0,5.965562616096302,-1.4334335848689082,-0.015249293456052212,18.962134825727038,2024,Rk
Romer Taveras,CLE,821114.0,sa3024320,17,6205,94,65,0.0,0.0,0.0,0.092307692,0,0.0,20,29.787234,21.276595699999998,119.99838354000444,0.266666666,0.40283114732579983,0.0,0.0,0.0,0.0,0.0,0.0,0.0,0.0,0.0,0.0,0.0,0.0,0.0,0.0,0.0,12.5,50.0,36.363636299999996,13.6363636,0.0,8.8884828821767,0.5638943277299404,0.00599887582691426,33.24792467473224,2024,Rk
D'Angelo Tejada,CHW,808382.0,sa3021263,18,6570,94,83,0.0,0.0,0.0,0.132530121,2,0.0,41,10.6382978,43.6170212,39.963864590574104,0.292682926,0.2683076757065793,0.0,0.0,0.0,0.0,0.0,0.0,0.0,0.0,0.0,0.0,0.0,0.0,0.0,0.0,0.0,18.6046511627907,56.09756089999999,39.0243902,4.8780487,0.0,2.2957546327798104,-0.986344217788428,-0.010493023593493916,8.318117570790854,2024,Rk
Railin Tejada,TOR,800405.0,sa3019686,19,6935,94,73,0.0,0.0,0.0,0.04109589,0,0.0,27,15.9574468,28.7234042,68.5154303011895,0.23404255300000001,0.2953427751013573,0.0,0.0,0.0,0.0,0.0,0.0,0.0,104.4,100.1,87.7,20.0,0.0,0.0,0.0,0.0,13.461538461538463,51.0638297,44.680851000000004,4.2553191,4.0,6.984579189518019,-0.03942338936030865,-0.00041939775915221967,10.829833170880494,2024,Rk
Yasmil Bucce,BAL,698935.0,sa3015739,19,6935,94,65,0.0,0.0,0.0,0.076923077,1,0.0,21,24.468085100000003,22.340425500000002,110.83338638806434,0.24444444399999998,0.37234404619703904,0.0,0.0,0.0,0.0,0.0,0.0,0.0,0.0,0.0,0.0,0.0,0.0,0.0,0.0,0.0,15.384615384615385,38.6363636,47.7272727,13.6363636,0.0,2.6148509062955134,-0.09721524268388748,-0.0010342047094030584,15.947504740289713,2024,Rk
Carlos Monteverde,ATL,808272.0,sa3021224,18,6570,94,72,0.0,0.0,0.0,0.08333333400000001,0,0.0,23,20.2127659,24.468085100000003,124.6888006111975,0.372549019,0.4006463783852597,0.0,0.0,0.0,0.0,0.0,0.0,0.0,0.0,0.0,0.0,0.0,0.0,0.0,0.0,0.0,20.224719101123604,42.0,28.000000000000004,30.0,0.0,2.5704887178571427,-1.2143986262381077,-0.012919134321681996,21.360526531783407,2024,Rk
Abel Bastidas,DET,694201.0,sa3015709,20,7300,94,81,0.0,0.0,0.0,0.086419753,1,0.0,25,11.7021276,26.5957446,54.46190128772961,0.245614035,0.2707060178120931,0.0,0.0,0.0,0.0,0.0,0.0,0.0,99.5,99.5,99.5,100.0,0.0,0.0,0.0,0.0,15.0,47.272727200000006,32.7272727,20.0,4.0,3.4099139938702963,0.03488042205572128,0.0003710683197417158,5.99517968744922,2024,Rk
Keduar Trujillo,HOU,806014.0,sa3019764,20,7300,94,81,0.0,0.0,0.0,0.12345679,1,0.0,14,10.6382978,14.893617,114.57058124297696,0.313432835,0.3701024968573388,0.0,0.0,0.0,0.0,0.0,0.0,0.0,0.0,0.0,0.0,0.0,0.0,0.0,0.0,0.0,17.567567567567572,49.2537313,32.8358208,17.910447700000006,0.0,1.332373265,-0.21465545520186424,-0.002283568672360258,10.72322313821112,2024,Rk
Angel Requena,WSN,821020.0,sa3025051,17,6205,94,84,0.0,0.0,0.0,0.071428572,0,0.0,16,7.4468085,17.021276500000003,93.65983237852386,0.33823529399999996,0.35676491640983743,0.0,0.0,0.0,0.0,0.0,0.0,0.0,0.0,0.0,0.0,0.0,0.0,0.0,0.0,0.0,11.26760563380282,39.6825396,33.3333333,26.984126899999996,0.0,6.772723259957613,-0.19269153848290446,-0.0020499099838606856,21.881397716906086,2024,Rk
Edrei Campos,BAL,800402.0,sa3018550,19,6935,94,84,0.0,0.0,0.0,0.166666667,2,0.0,11,7.4468085,11.7021276,103.69971409897552,0.277777777,0.3599850833415985,0.0,0.0,0.0,0.0,0.0,0.0,0.0,0.0,0.0,0.0,0.0,0.0,0.0,0.0,0.0,36.082474226804116,27.027027,58.1081081,14.864864800000001,0.0,7.489782748663595,0.3172949757426977,0.0033754784653478483,16.841303989883013,2024,Rk
Diego Gonzalez,CHC,821249.0,sa3023939,17,6205,93,77,0.0,0.0,0.0,0.064935065,1,0.0,20,12.9032258,21.5053763,73.70823006005546,0.25862068899999996,0.31610346737728323,0.0,0.0,0.0,0.0,0.0,0.0,0.0,0.0,0.0,0.0,0.0,0.0,0.0,0.0,0.0,15.625,35.0877192,45.614035,19.2982456,0.0,3.888379687464005,0.6534772701561451,0.007026637313506936,18.35144110449028,2024,Rk
Enmanuel Corniel,BAL,821698.0,sa3024647,17,6205,93,75,0.0,0.0,0.0,0.08,1,0.0,28,16.129032199999997,30.1075268,56.10315781573738,0.208333333,0.2827751995414816,0.0,0.0,0.0,0.0,0.0,0.0,0.0,0.0,0.0,0.0,0.0,0.0,0.0,0.0,0.0,23.214285714285715,36.1702127,53.19148930000001,10.6382978,0.0,6.038184146681161,-0.7655577063560486,-0.008231803294151059,15.87480487878212,2024,Rk
Jesus Rodriguez,CHC,821119.0,sa3024321,17,6205,93,74,0.0,0.0,0.0,0.081081081,1,0.0,22,17.204301,23.655913899999998,103.32924014938536,0.320754716,0.3676662714250626,0.0,0.0,0.0,0.0,0.0,0.0,0.0,0.0,0.0,0.0,0.0,0.0,0.0,0.0,0.0,9.677419354838712,59.6153846,25.0,15.384615300000002,0.0,5.414093793242592,-0.9565179757773876,-0.01028513952448804,23.95637221287288,2024,Rk
Juan Frances,CLE,808080.0,sa3021164,18,6570,93,81,0.0,0.0,0.0,0.074074074,0,0.0,8,8.6021505,8.6021505,67.851652773656,0.253333333,0.317387637271676,0.0,0.0,0.0,0.0,0.0,0.0,0.0,0.0,0.0,0.0,0.0,0.0,0.0,0.0,0.0,13.924050632911394,54.1666666,22.222222199999997,23.6111111,0.0,5.978084238783406,-1.283215343952179,-0.0137980144510987,15.267093369262106,2024,Rk
Jelson Coca,NYY,808258.0,sa3021220,18,6570,93,79,0.0,0.0,0.0,0.088607595,0,0.0,26,15.0537634,27.9569892,36.826266143636616,0.188679245,0.2579452491575672,0.0,0.0,0.0,0.0,0.0,0.0,0.0,0.0,0.0,0.0,0.0,0.0,0.0,0.0,0.0,13.559322033898303,58.8235294,25.490196,15.6862745,0.0,7.785346787556322,-0.02076622471213341,-0.00022329273884014414,13.769380841100304,2024,Rk
Gian Zapata,ARI,806979.0,sa3021079,18,6570,92,67,0.0,0.0,0.0,0.134328358,0,0.0,19,18.4782608,20.652173899999998,138.6610022512614,0.39215686200000005,0.4510793504507645,0.0,0.0,0.0,0.0,0.0,0.0,0.0,0.0,0.0,0.0,0.0,0.0,0.0,0.0,0.0,18.51851851851852,32.0,57.99999999999999,10.0,0.0,7.381244845689848,-0.7374830171465874,-0.008016119751593342,27.41019092635841,2024,Rk
Mario Gomez,ATH,694034.0,sa3017696,21,7665,92,70,0.0,0.0,0.0,0.042857143,0,0.0,18,20.652173899999998,19.5652173,113.11397518705698,0.37735849,0.4003198611867297,0.0,0.0,0.0,0.0,0.0,0.0,0.0,0.0,0.0,0.0,0.0,0.0,0.0,0.0,0.0,27.777777777777782,49.0196078,27.4509803,23.5294117,0.0,2.24221610875,-0.17094138776883486,-0.0018580585627047267,8.276368125302687,2024,Rk
Euri Rosa,LAD,821817.0,sa3023979,16,5840,92,76,0.0,0.0,0.0,0.10526315800000001,1,0.0,29,13.0434782,31.5217391,66.31791620038075,0.260869565,0.3168369479801344,0.0,0.0,0.0,0.0,0.0,0.0,0.0,0.0,0.0,0.0,0.0,0.0,0.0,0.0,0.0,33.33333333333333,39.1304347,47.8260869,13.0434782,0.0,9.20615199108988,1.0697575807571411,0.011627799790838491,21.99063992214659,2024,Rk
Alvaro Rios,CHW,823349.0,sa3023984,17,6205,92,79,0.0,0.0,0.0,0.0,0,0.0,22,8.6956521,23.9130434,63.86219311247665,0.322033898,0.3061244202696759,0.0,0.0,0.0,0.0,0.0,0.0,0.0,0.0,0.0,0.0,0.0,0.0,0.0,0.0,0.0,7.936507936507937,55.1724137,27.586206800000006,17.241379300000002,0.0,1.36970899,-0.1628030464053154,-0.0017695983304925585,11.643190223955052,2024,Rk
Luis Rodriguez,MIN,821681.0,sa3023965,17,6205,92,71,0.0,0.0,0.0,0.028169014,0,0.0,20,21.739130399999997,21.739130399999997,57.40481949999397,0.192307692,0.2886717070590009,0.0,0.0,0.0,0.0,0.0,0.0,0.0,0.0,0.0,0.0,0.0,0.0,0.0,0.0,0.0,1.7543859649122806,68.0,24.0,8.0,0.0,6.3800484510631446,1.01816201582551,0.01106697843288598,20.308083721570615,2024,Rk
Fernando Cruz,CHC,815890.0,sa3024303,17,6205,92,79,0.0,0.0,0.0,0.113924051,2,0.0,25,10.869565199999998,27.173913,86.93081214906908,0.288461538,0.3379494742206905,0.0,0.0,0.0,0.0,0.0,0.0,0.0,0.0,0.0,0.0,0.0,0.0,0.0,0.0,0.0,20.0,40.3846153,46.1538461,13.461538399999998,0.0,7.007967873933728,1.5466731898486614,0.01681166510705067,21.21640589048781,2024,Rk
Johan Estrada,DET,808100.0,sa3021839,18,6570,92,71,0.0,0.0,0.0,0.19718309899999997,2,0.0,20,22.826086899999996,21.739130399999997,109.61116447834029,0.265306122,0.4056680500507355,0.0,0.0,0.0,0.0,0.0,0.0,0.0,0.0,0.0,0.0,0.0,0.0,0.0,0.0,0.0,31.03448275862069,28.2608695,56.52173910000001,15.2173913,0.0,8.375843108149542,0.4181620068848133,0.0045452392052697105,27.67006798603945,2024,Rk
Jose Torrez,LAD,807404.0,sa3021833,19,6935,92,73,0.0,0.0,0.0,0.20547945199999998,3,0.0,15,14.130434699999999,16.3043478,122.95988237892814,0.25,0.4069302989088971,0.0,0.0,0.0,0.0,0.0,0.0,0.0,0.0,0.0,0.0,0.0,0.0,0.0,0.0,0.0,28.169014084507047,41.37931029999999,37.9310344,20.6896551,0.0,5.604335982874393,0.25890403240919113,0.002814174265317295,19.616622906922718,2024,Rk
Roiber Niazoa,ATL,808488.0,sa3021269,19,6935,91,73,0.0,0.0,0.0,0.068493151,0,0.0,23,14.2857142,25.2747252,104.77654063747093,0.34,0.3605722555747399,0.0,0.0,0.0,0.0,0.0,0.0,0.0,95.0,95.0,95.0,100.0,0.0,0.0,0.0,0.0,28.57142857142857,32.0,52.0,16.0,55.0,5.937446562560947,-0.055935347452759736,-0.0006146741478325246,14.264664467239045,2024,Rk
Jhiancarlos Diaz,BOS,821255.0,sa3023941,17,6205,91,75,0.0,0.0,0.0,0.013333333000000001,0,0.0,25,12.087912,27.472527399999997,87.56260127870543,0.352941176,0.3386356332799891,0.0,0.0,0.0,0.0,0.0,0.0,0.0,0.0,0.0,0.0,0.0,0.0,0.0,0.0,0.0,9.25925925925926,40.0,42.0,18.0,0.0,4.535804433582966,-0.6089718490839005,-0.0066919983415813225,15.842305278242884,2024,Rk
Jayden Kim,PIT,806739.0,sa3024293,17,6205,91,69,0.0,0.0,0.0,0.028985507,0,0.0,25,19.7802197,27.472527399999997,103.93414643911976,0.34090909,0.3611128490962339,0.0,0.0,0.0,0.0,0.0,0.0,0.0,0.0,0.0,0.0,0.0,0.0,0.0,0.0,0.0,10.909090909090908,69.047619,11.9047619,19.047619,0.0,7.012719362592598,-0.10216774791479112,-0.001122722504558144,23.985538521049122,2024,Rk
Roybert Herrera,NYM,821252.0,sa3023940,17,6205,91,79,0.0,0.0,0.0,0.11392405,1,0.0,23,6.5934065,25.2747252,132.51811407077966,0.446428571,0.4237952009662167,0.0,0.0,0.0,0.0,0.0,0.0,0.0,0.0,0.0,0.0,0.0,0.0,0.0,0.0,0.0,17.543859649122805,48.214285700000005,23.214285699999998,28.571428499999996,0.0,8.702028043094753,0.9141125716269016,0.010045193094801116,28.049655234635487,2024,Rk
Jesus Fernandez,ATH,807967.0,sa3021123,18,6570,91,83,0.0,0.0,0.0,0.024096385,0,0.0,4,6.5934065,4.3956043000000005,46.84911620708363,0.25925925899999996,0.2843032878833813,0.0,0.0,0.0,0.0,0.0,0.0,0.0,0.0,0.0,0.0,0.0,0.0,0.0,0.0,0.0,19.753086419753085,51.24999999999999,42.5,6.25,0.0,5.656182591842851,0.13059728266671303,0.0014351349743594835,12.97128471307984,2024,Rk
Diego Hernandez,WSN,821027.0,sa3024120,17,6205,91,81,0.0,0.0,0.0,0.024691357999999997,0,0.0,12,7.6923076,13.1868131,57.699392163904236,0.260869565,0.2915983584192064,0.0,0.0,0.0,0.0,0.0,0.0,0.0,0.0,0.0,0.0,0.0,0.0,0.0,0.0,0.0,6.849315068493151,51.4705882,36.764705799999994,11.7647058,0.0,6.719795356940963,0.7466731779277325,0.00820519975744761,17.573950660820795,2024,Rk
Luis Pino,STL,700720.0,sa3015866,20,7300,90,72,0.0,0.0,0.0,0.222222222,3,0.0,22,13.333333300000001,24.4444444,162.44495589696595,0.428571428,0.4687447640630934,0.0,0.0,0.0,0.0,0.0,0.0,0.0,0.0,0.0,0.0,0.0,0.0,0.0,0.0,0.0,17.24137931034483,46.0,30.0,24.0,0.0,4.085610510757449,-0.1404968835413456,-0.0015610764837927288,13.269630114142537,2024,Rk
Heribert Silva,CLE,808137.0,sa3021189,18,6570,90,76,0.0,0.0,0.0,0.184210526,1,0.0,22,10.0,24.4444444,99.86166005056326,0.314814814,0.3622063530815972,0.0,0.0,0.0,0.0,0.0,0.0,0.0,0.0,0.0,0.0,0.0,0.0,0.0,0.0,0.0,20.0,39.6226415,47.16981129999999,13.2075471,0.0,9.791746240115083,1.3029792332090435,0.014477547035656041,21.53628549056768,2024,Rk
Anthony Sosa,PIT,821055.0,sa3024122,17,6205,90,81,0.0,0.0,0.0,0.037037037,1,0.0,42,7.7777777000000015,46.6666666,7.776699844425441,0.210526315,0.19488658242755466,0.0,0.0,0.0,0.0,0.0,0.0,0.0,0.0,0.0,0.0,0.0,0.0,0.0,0.0,0.0,29.16666666666667,44.7368421,44.7368421,10.5263157,0.0,2.4345238025,-0.09225505962967873,-0.0010250562181075417,6.306589150793863,2024,Rk
Cristian Garcia,LAA,701661.0,sa3015871,19,6935,90,69,0.0,0.0,0.0,0.173913044,2,0.0,19,21.1111111,21.1111111,130.92871934472842,0.346938775,0.4268969820605384,0.0,0.0,0.0,0.0,0.0,0.0,0.0,0.0,0.0,0.0,0.0,0.0,0.0,0.0,0.0,17.647058823529417,46.0,40.0,14.000000000000002,0.0,3.1261360262900317,0.05677884025499225,0.0006308760028332471,19.64913408055111,2024,Rk
Lisbel Diaz,SFG,815464.0,sa3022399,18,6570,90,76,0.0,0.0,0.0,0.21052631600000002,4,0.0,15,8.8888888,16.6666666,137.54314809910124,0.35593220299999995,0.4359110673268636,0.0,0.0,0.0,0.0,0.0,0.0,0.0,0.0,0.0,0.0,0.0,0.0,0.0,0.0,0.0,17.460317460317462,55.7377049,31.1475409,13.114754,0.0,3.13289137488008,-0.4878828763030469,-0.005420920847811633,23.128374424613646,2024,Rk
Esmeiquel Arrieche,TOR,821056.0,sa3024316,17,6205,90,64,0.0,0.0,0.0,0.0,0,0.0,23,27.7777777,25.5555555,91.67904327509459,0.243902439,0.3416449769159381,0.0,0.0,0.0,0.0,0.0,0.0,0.0,0.0,0.0,0.0,0.0,0.0,0.0,0.0,0.0,14.285714285714285,55.00000000000001,32.5,12.5,0.0,1.83928570875,-0.189936887472868,-0.002110409860809644,19.803089928576288,2024,Rk
Derik Alcantara,CHC,814131.0,sa3021322,19,6935,90,75,0.0,0.0,0.0,0.146666666,2,0.0,6,13.333333300000001,6.6666666,150.6141219142586,0.35714285700000004,0.4554702891243829,0.0,0.0,0.0,0.0,0.0,0.0,0.0,0.0,0.0,0.0,0.0,0.0,0.0,0.0,0.0,14.606741573033707,50.7042253,33.8028169,15.492957700000002,0.0,5.500043145537882,0.9086858034133912,0.010096508926815457,21.466147451115784,2024,Rk
Freider Rojas,MIL,808248.0,sa3021611,18,6570,89,63,0.0,0.0,0.0,0.047619048,0,0.0,17,29.2134831,19.1011235,113.8146715148902,0.260869565,0.3855421971739008,0.0,0.0,0.0,0.0,0.0,0.0,0.0,0.0,0.0,0.0,0.0,0.0,0.0,0.0,0.0,16.3265306122449,55.555555500000004,28.888888800000004,15.555555499999999,0.0,7.418238113094637,0.28697872161865234,0.003224480018187105,24.839459696513572,2024,Rk
Jeyson Moya,SFG,821758.0,sa3023779,17,6205,89,67,0.0,0.0,0.0,0.059701493,0,0.0,34,21.3483146,38.2022471,58.855797205143006,0.205882352,0.2881785524025392,0.0,0.0,0.0,0.0,0.0,0.0,0.0,0.0,0.0,0.0,0.0,0.0,0.0,0.0,0.0,18.918918918918923,45.45454539999999,42.4242424,12.1212121,0.0,7.115205857289427,0.26433080062270164,0.0029700089957606928,17.963945867291667,2024,Rk
Faruk De La Cruz,TOR,800410.0,sa3018554,19,6935,89,78,0.0,0.0,0.0,0.051282050999999995,0,0.0,29,12.359550500000001,32.5842696,46.49559346702266,0.265306122,0.25719379173235946,0.0,0.0,0.0,0.0,0.0,0.0,0.0,92.9,92.9,85.1,0.0,0.0,0.0,0.0,0.0,8.928571428571429,50.0,33.3333333,16.6666666,2.2,5.132139035719069,0.2348804250359535,0.002639105899280377,7.596261520792952,2024,Rk
Nelson Marin,DET,808372.0,sa3021627,18,6570,89,71,0.0,0.0,0.0,0.070422535,1,0.0,24,13.483145999999998,26.966292100000004,100.6446358164013,0.319148936,0.3587867972556125,0.0,0.0,0.0,0.0,0.0,0.0,0.0,0.0,0.0,0.0,0.0,0.0,0.0,0.0,0.0,15.384615384615385,27.2727272,47.7272727,25.0,0.0,1.13822750875,-0.1628030464053154,-0.0018292477124192746,15.96602588240428,2024,Rk
Alan Frias,TBR,808021.0,sa3021143,18,6570,89,69,0.0,0.0,0.0,0.144927536,2,0.0,34,17.977528,38.2022471,108.47962787473551,0.333333333,0.3722352767258548,0.0,0.0,0.0,0.0,0.0,0.0,0.0,0.0,0.0,0.0,0.0,0.0,0.0,0.0,0.0,21.052631578947366,56.25,28.125,15.625,0.0,4.795634915,-0.15194950997829434,-0.001707297864924656,19.76638593673995,2024,Rk
Breiny Ramírez,BAL,808147.0,sa3021194,18,6570,89,79,0.0,0.0,0.0,0.164556962,2,0.0,29,8.988764,32.5842696,86.01981822235174,0.3125,0.3378902646932709,0.0,0.0,0.0,0.0,0.0,0.0,0.0,0.0,0.0,0.0,0.0,0.0,0.0,0.0,0.0,23.33333333333333,40.0,36.0,24.0,0.0,6.87174473353552,-1.7737391404807568,-0.019929653263828728,14.748023136899185,2024,Rk
Alejandro Pereira,ATH,821163.0,sa3024325,17,6205,89,78,0.0,0.0,0.0,0.038461537999999997,0,0.0,23,7.865168499999999,25.8426966,49.686947437468135,0.263157894,0.2651423215866089,0.0,0.0,0.0,0.0,0.0,0.0,0.0,0.0,0.0,0.0,0.0,0.0,0.0,0.0,0.0,6.0606060606060606,66.07142850000001,17.857142800000005,16.0714285,0.0,2.3587662275,-0.11396213248372078,-0.001280473398693492,9.79321296249068,2024,Rk
Heison Sanchez,DET,800129.0,sa3018930,19,6935,89,74,0.0,0.0,0.0,0.081081081,1,0.0,24,12.359550500000001,26.966292100000004,92.46899922568151,0.326530612,0.3439711250107864,0.0,0.0,0.0,0.0,0.0,0.0,0.0,0.0,0.0,0.0,0.0,0.0,0.0,0.0,0.0,18.51851851851852,33.3333333,45.8333333,20.8333333,0.0,8.252552653410625,0.4534772671759129,0.005095250192987785,13.769256107187333,2024,Rk
Marco Marcelino,HOU,800264.0,sa3018944,19,6935,89,74,0.0,0.0,0.0,0.10810810800000001,1,0.0,17,14.6067415,19.1011235,85.95670195679489,0.25,0.34028852253817443,0.0,0.0,0.0,0.0,0.0,0.0,0.0,0.0,0.0,0.0,0.0,0.0,0.0,0.0,0.0,18.032786885245898,44.444444399999995,42.5925925,12.9629629,0.0,8.086483449989839,0.8643308095633984,0.009711582129925823,16.0259443972979,2024,Rk
Anthony Delgado,NYM,821242.0,sa3024333,17,6205,88,67,0.0,0.0,0.0,0.059701493,0,0.0,15,21.590909,17.0454545,100.86713949405402,0.25,0.3600623214786703,0.0,0.0,0.0,0.0,0.0,0.0,0.0,0.0,0.0,0.0,0.0,0.0,0.0,0.0,0.0,17.857142857142858,54.1666666,33.3333333,12.5,0.0,8.537642496943327,0.8317702002823353,0.009451934094117449,29.691301723412444,2024,Rk
Kevin Garcia,MIL,821237.0,sa3024130,16,5840,88,75,0.0,0.0,0.0,0.16,3,0.0,28,11.363636300000001,31.8181818,73.152367049206,0.23913043399999998,0.3118550452319058,0.0,0.0,0.0,0.0,0.0,0.0,0.0,0.0,0.0,0.0,0.0,0.0,0.0,0.0,0.0,44.897959183673464,28.2608695,50.0,21.739130399999997,0.0,8.541855463631684,0.4914646446704865,0.0055848255076191644,21.580792152676807,2024,Rk
Jesus Correa,CIN,800131.0,sa3018931,19,6935,88,69,0.0,0.0,0.0,0.028985507999999997,0,0.0,18,19.3181818,20.4545454,95.88190248885608,0.31372549,0.3623450514913976,0.0,0.0,0.0,0.0,0.0,0.0,0.0,0.0,0.0,0.0,0.0,0.0,0.0,0.0,0.0,17.24137931034483,44.0,36.0,20.0,0.0,5.876931404887271,0.7910281717777252,0.00898895649747415,15.793205678148606,2024,Rk
Carlos Sanchez,CIN,800176.0,sa3018465,19,6935,88,70,0.0,0.0,0.0,0.085714286,1,0.0,24,18.1818181,27.2727272,73.17326761704433,0.304347826,0.33708576361338305,0.0,0.0,0.0,0.0,0.0,0.0,0.0,0.0,0.0,0.0,0.0,0.0,0.0,0.0,0.0,8.333333333333332,63.0434782,15.2173913,21.739130399999997,0.0,3.4702775154121785,-0.2786427983082831,-0.003166395435321399,11.816521487983492,2024,Rk
Neurelin Montero,TEX,814842.0,sa3022257,18,6570,88,55,0.0,0.0,0.0,0.09090909,0,0.0,15,25.0,17.0454545,148.89390788190002,0.275,0.4555684246800162,0.0,0.0,0.0,0.0,0.0,0.0,0.0,0.0,0.0,0.0,0.0,0.0,0.0,0.0,0.0,10.638297872340424,59.45945940000001,21.6216216,18.918918899999998,0.0,4.8587662275,-0.21707072854042053,-0.0024667128243229604,27.336331130449057,2024,Rk
Frailyn Severino,SDP,821625.0,sa3024139,17,6205,88,75,0.0,0.0,0.0,0.053333333,0,0.0,17,9.090909,19.3181818,89.6522341555811,0.327586206,0.3561760458079251,0.0,0.0,0.0,0.0,0.0,0.0,0.0,0.0,0.0,0.0,0.0,0.0,0.0,0.0,0.0,23.809523809523807,38.1818181,43.6363636,18.1818181,0.0,4.903428713925445,-0.5872647762298584,-0.00667346336624839,19.05476579308304,2024,Rk
Jefferson Encarnacion,CHC,678893.0,sa3005780,22,8030,88,76,0.0,0.0,0.0,0.10526315800000001,1,0.0,31,9.090909,35.2272727,5.518375617804566,0.166666666,0.2017904127185995,0.0,0.0,0.0,0.0,0.0,0.0,0.0,0.0,0.0,0.0,0.0,0.0,0.0,0.0,0.0,16.3265306122449,35.4166666,52.0833333,12.5,0.0,9.05723746698923,0.544559558853507,0.006188176805153489,3.1239838772539232,2024,Rk
Estuar Suero,PIT,800209.0,sa3018481,18,6570,88,75,0.0,0.0,0.0,0.093333333,0,0.0,31,12.5,35.2272727,81.72109618856976,0.355555555,0.3151017258113081,0.0,0.0,0.0,0.0,0.0,0.0,0.0,0.0,0.0,0.0,0.0,0.0,0.0,0.0,0.0,15.555555555555555,45.45454539999999,40.909090899999995,13.6363636,0.0,5.944088248454616,-0.7672665752470493,-0.008718938355080107,13.268091670715561,2024,Rk
Esterling Rodriguez,PHI,808079.0,sa3021599,18,6570,88,68,0.0,0.0,0.0,0.117647059,1,0.0,23,21.590909,26.136363600000006,137.4893366052139,0.37777777700000004,0.41516629538752814,0.0,0.0,0.0,0.0,0.0,0.0,0.0,0.0,0.0,0.0,0.0,0.0,0.0,0.0,0.0,12.5,54.545454500000005,38.6363636,6.8181818000000005,0.0,5.3367748950219145,0.5964549370110035,0.006777897011488676,25.457693543754786,2024,Rk
Jonathan Taveras,CLE,808077.0,sa3021598,18,6570,88,75,0.0,0.0,0.0,0.04,0,0.0,24,12.5,27.2727272,50.69206344676475,0.269230769,0.277236068385771,0.0,0.0,0.0,0.0,0.0,0.0,0.0,0.0,0.0,0.0,0.0,0.0,0.0,0.0,0.0,10.909090909090908,52.941176399999996,29.4117647,17.647058800000003,0.0,8.19509151437669,-1.430761467665434,-0.01625865304165266,11.892111028404353,2024,Rk
Enmanuel Pire,KCR,678800.0,sa3005562,23,8395,88,73,0.0,0.0,0.0,0.041095891,1,0.0,14,14.7727272,15.9090909,105.01340984766432,0.344827586,0.37958526746793225,0.0,0.0,0.0,0.0,0.0,0.0,0.0,0.0,0.0,0.0,0.0,0.0,0.0,0.0,0.0,23.33333333333333,35.0877192,43.859649100000006,21.0526315,0.0,1.5118574235189626,-0.715603104326874,-0.008131853458259931,4.062520702563654,2024,Rk
Pedro Pineda,ATH,694191.0,sa3015703,20,7300,87,71,0.0,0.0,0.0,0.140845071,1,0.0,27,13.7931034,31.0344827,85.19822244600145,0.355555555,0.3514449367689532,0.0,0.0,0.0,0.0,0.0,0.0,0.0,0.0,0.0,0.0,0.0,0.0,0.0,0.0,0.0,19.148936170212764,38.6363636,50.0,11.363636300000001,0.0,5.119073119415329,-0.2601626482792199,-0.00299037526757724,8.969971374855021,2024,Rk
Carlos Tirado,PIT,800504.0,sa3018577,19,6935,87,75,0.0,0.0,0.0,0.12,0,0.0,18,11.4942528,20.6896551,76.20684762713933,0.245614035,0.3055483863271516,0.0,0.0,0.0,0.0,0.0,0.0,0.0,0.0,0.0,0.0,0.0,0.0,0.0,0.0,0.0,28.57142857142857,30.9090909,52.72727270000001,16.3636363,0.0,4.201682932008465,0.059648359194397926,0.0006856133240735392,11.614229740962374,2024,Rk
Brailin Pascual,CHC,808217.0,sa3021201,19,6935,87,78,0.0,0.0,0.0,0.166666667,1,0.0,35,9.1954022,40.229885,65.43535161384007,0.309523809,0.300625229703969,0.0,0.0,0.0,0.0,0.0,0.0,0.0,0.0,0.0,0.0,0.0,0.0,0.0,0.0,0.0,27.659574468085108,32.5581395,44.1860465,23.2558139,0.0,9.36553857231753,0.6009408570826054,0.006907366173363279,11.058959537404414,2024,Rk
Enmanuel Santos,KCR,808695.0,sa3021299,18,6570,87,73,0.0,0.0,0.0,0.150684932,3,0.0,24,11.4942528,27.586206800000006,68.55919749829593,0.17391304300000002,0.3060172426289526,0.0,0.0,0.0,0.0,0.0,0.0,0.0,0.0,0.0,0.0,0.0,0.0,0.0,0.0,0.0,26.530612244897963,51.0204081,36.734693799999995,12.2448979,0.0,5.905573510471737,-0.1438506245613098,-0.001653455454727699,14.518237105181205,2024,Rk
Ronnyel Espinoza,CHC,816335.0,sa3024306,18,6570,87,65,0.0,0.0,0.0,0.092307692,1,0.0,15,22.9885057,17.241379300000002,114.66305593151638,0.265306122,0.3882051124129184,0.0,0.0,0.0,0.0,0.0,0.0,0.0,0.0,0.0,0.0,0.0,0.0,0.0,0.0,0.0,24.561403508771928,36.0,48.0,16.0,0.0,6.712884558819412,-0.008971840143203734,-0.00010312459934716936,25.67790515748452,2024,Rk
Ray Garrett,ATH,698998.0,sa3017701,20,7300,86,77,0.0,0.0,0.0,0.064935065,1,0.0,24,8.1395348,27.906976699999998,63.46249458324303,0.358490566,0.3133900053360883,0.0,0.0,0.0,0.0,0.0,0.0,0.0,0.0,0.0,0.0,0.0,0.0,0.0,0.0,0.0,18.181818181818183,42.5925925,44.444444399999995,12.9629629,0.0,6.922927751380511,0.6844990742392838,0.007959291560921905,6.9685138773828585,2024,Rk
Jose Marchan,PHI,808271.0,sa3022234,18,6570,86,72,0.0,0.0,0.0,0.069444445,1,0.0,21,15.116279,24.418604600000002,54.44131532436056,0.18,0.2712671909221383,0.0,0.0,0.0,0.0,0.0,0.0,0.0,0.0,0.0,0.0,0.0,0.0,0.0,0.0,0.0,30.0,36.734693799999995,38.7755102,24.489795899999997,0.0,5.976521999321292,1.2860378883779051,0.0149539289346268,14.588677466094756,2024,Rk
Jesus Morales,KCR,824628.0,sa3024862,16,5840,86,74,0.0,0.0,0.0,0.04054054,0,0.0,16,13.9534883,18.6046511,31.82957551750059,0.172413793,0.24311890435773276,0.0,0.0,0.0,0.0,0.0,0.0,0.0,0.0,0.0,0.0,0.0,0.0,0.0,0.0,0.0,14.285714285714285,55.555555500000004,27.7777777,16.6666666,0.0,5.781815558569837,-0.22619299590587616,-0.0026301511151846065,17.00008739147265,2024,Rk
Sebastian Cadiz,CLE,808126.0,sa3021602,18,6570,86,71,0.0,0.0,0.0,0.08450704199999999,0,0.0,20,15.116279,23.2558139,83.18467589432866,0.307692307,0.3451737359512684,0.0,0.0,0.0,0.0,0.0,0.0,0.0,0.0,0.0,0.0,0.0,0.0,0.0,0.0,0.0,27.777777777777782,31.372549,45.0980392,23.5294117,0.0,4.9599753642857145,-0.6587536111474037,-0.007659925711016322,16.757967027432304,2024,Rk
Nestor Miranda,DET,815930.0,sa3025072,18,6570,86,62,0.0,0.0,0.0,0.129032258,2,0.0,29,26.744186,33.720930200000005,101.15955353770045,0.29032258,0.3903522643932077,0.0,0.0,0.0,0.0,0.0,0.0,0.0,0.0,0.0,0.0,0.0,0.0,0.0,0.0,0.0,5.263157894736842,48.3870967,32.2580645,19.3548387,0.0,4.100456383272258,0.23177019134163854,0.0026950022249027736,21.259311255907626,2024,Rk
Juan Sulbaran,TEX,808368.0,sa3021851,18,6570,86,74,0.0,0.0,0.0,0.081081081,0,0.0,14,4.6511627,16.279069699999997,77.09499236481591,0.306451612,0.3329976672349974,0.0,0.0,0.0,0.0,0.0,0.0,0.0,0.0,0.0,0.0,0.0,0.0,0.0,0.0,0.0,8.064516129032258,59.32203379999999,27.118644,13.559321999999998,0.0,4.935250240172311,0.0937391403131187,0.0010899900036409151,15.168613641382974,2024,Rk
Rafael Ramirez,HOU,800269.0,sa3018491,19,6935,86,70,0.0,0.0,0.0,0.114285715,2,0.0,33,13.9534883,38.372093,86.2797671664718,0.305555555,0.3210891547591187,0.0,0.0,0.0,0.0,0.0,0.0,0.0,0.0,0.0,0.0,0.0,0.0,0.0,0.0,0.0,7.5,54.054054,35.1351351,10.8108108,0.0,5.0032148103864165,-0.1837785243988037,-0.0021369595860326013,10.855119639258133,2024,Rk
Irvin Nunez,MIN,815966.0,sa3023899,18,6570,86,67,0.0,0.0,0.0,0.208955224,2,0.0,10,17.4418604,11.627906900000001,160.22189712783845,0.327272727,0.4749940938727801,0.0,0.0,0.0,0.0,0.0,0.0,0.0,0.0,0.0,0.0,0.0,0.0,0.0,0.0,0.0,12.12121212121212,43.859649100000006,36.842105200000006,19.2982456,0.0,7.707320715897375,0.5195393338799477,0.00604115504511567,31.555230028271044,2024,Rk
Albert Carpio,ARI,800330.0,sa3018518,18,6570,85,71,0.0,0.0,0.0,0.056338028,0,0.0,7,7.0588235,8.235294099999999,83.65339941801534,0.276923076,0.35139602848461704,0.0,0.0,0.0,0.0,0.0,0.0,0.0,0.0,0.0,0.0,0.0,0.0,0.0,0.0,0.0,15.942028985507244,36.5079365,50.7936507,12.6984126,0.0,5.898592199666769,-1.8171532861888409,-0.021378273955162837,16.498089967751255,2024,Rk
Jorge Ramirez,SFG,808525.0,sa3021281,18,6570,85,70,0.0,0.0,0.0,0.1,1,0.0,20,12.941176400000002,23.5294117,133.62844149322183,0.408163265,0.4236795593710507,0.0,0.0,0.0,0.0,0.0,0.0,0.0,0.0,0.0,0.0,0.0,0.0,0.0,0.0,0.0,17.647058823529417,52.0,24.0,24.0,0.0,4.810153442449182,-1.008971855044365,-0.011870257118169,21.79753032424704,2024,Rk
Sebastian Rojas,ATH,821121.0,sa3024123,17,6205,85,67,0.0,0.0,0.0,0.089552238,1,0.0,11,9.4117647,12.941176400000002,98.70081600146969,0.245614035,0.3539639569464184,0.0,0.0,0.0,0.0,0.0,0.0,0.0,0.0,0.0,0.0,0.0,0.0,0.0,0.0,0.0,29.6875,41.071428499999996,37.5,21.4285714,0.0,2.64285714,-0.14109597355127335,-0.0016599526300149804,21.883897686178333,2024,Rk
Yandro Hernandez,MIN,824771.0,sa3023989,19,6935,85,75,0.0,0.0,0.0,0.146666667,1,0.0,23,5.8823529,27.058823500000006,116.1747793403227,0.403846153,0.3951730728149414,0.0,0.0,0.0,0.0,0.0,0.0,0.0,0.0,0.0,0.0,0.0,0.0,0.0,0.0,0.0,20.6896551724138,44.230769200000005,42.30769229999999,13.461538399999998,0.0,8.02995143610319,-1.1185306012630465,-0.013159183544271131,14.776070388917429,2024,Rk
Diosfran Cabeza,ARI,691281.0,sa3015517,21,7665,84,77,0.0,0.0,0.0,0.051948052,0,0.0,13,5.9523809000000005,15.4761904,72.46330595288981,0.323076923,0.3163759729691914,0.0,0.0,0.0,0.0,0.0,0.0,0.0,0.0,0.0,0.0,0.0,0.0,0.0,0.0,0.0,13.846153846153848,63.9344262,16.3934426,19.6721311,0.0,4.6069050931428945,0.0937391403131187,0.0011159421465847463,5.257531075742904,2024,Rk
Omar Reyes,KCR,808683.0,sa3021854,19,6935,84,65,0.0,0.0,0.0,0.061538460999999996,1,0.0,19,17.857142800000005,22.6190476,77.5944911752272,0.21739130399999998,0.3247587439559755,0.0,0.0,0.0,0.0,0.0,0.0,0.0,0.0,0.0,0.0,0.0,0.0,0.0,0.0,0.0,10.344827586206897,44.444444399999995,37.7777777,17.7777777,0.0,5.9107142857142865,1.0534772761166096,0.012541396144245352,13.678947291552902,2024,Rk
Jose Guerra,COL,808689.0,sa3021297,18,6570,84,74,0.0,0.0,0.0,0.040540541,0,0.0,15,5.9523809000000005,17.857142800000005,26.282481458698697,0.20967741899999998,0.2302751196436135,0.0,0.0,0.0,0.0,0.0,0.0,0.0,0.0,0.0,0.0,0.0,0.0,0.0,0.0,0.0,24.324324324324326,38.983050799999994,45.7627118,15.2542372,0.0,6.782028785619009,0.7131717205047607,0.00849013952981858,11.756701402570545,2024,Rk
Easton Shelton,LAD,806221.0,sa3023287,18,6570,84,73,0.0,0.0,0.0,0.136986301,1,0.0,30,11.9047619,35.714285700000005,99.80504982610184,0.428571428,0.3631649663050969,0.0,0.0,0.0,0.0,0.0,0.0,0.0,0.0,0.0,0.0,0.0,0.0,0.0,0.0,0.0,11.627906976744184,40.4761904,35.714285700000005,23.8095238,0.0,4.4732142775,-0.11550093768164515,-0.001375011162876728,16.638286802579188,2024,Rk
Arnaldo Montano,NYM,808939.0,sa3022165,18,6570,84,69,0.0,0.0,0.0,0.086956521,1,0.0,22,15.4761904,26.1904761,114.97314867769356,0.36956521700000006,0.3880537421930404,0.0,0.0,0.0,0.0,0.0,0.0,0.0,0.0,0.0,0.0,0.0,0.0,0.0,0.0,0.0,26.0,40.0,37.7777777,22.222222199999997,0.0,1.9795700742841336,-0.47503391280770296,-0.005655165628663131,19.06608564959945,2024,Rk
Fidel Pinango,NYM,821189.0,sa3023767,16,5840,84,74,0.0,0.0,0.0,0.040540541,0,0.0,14,8.3333333,16.6666666,58.81707477860804,0.25,0.2838603071419589,0.0,0.0,0.0,0.0,0.0,0.0,0.0,0.0,0.0,0.0,0.0,0.0,0.0,0.0,0.0,10.606060606060606,53.3333333,36.6666666,10.0,0.0,9.11422399249727,0.9629534855484962,0.011463731970815431,20.204680767768348,2024,Rk
Carlos Gonzalez,SEA,801262.0,sa3018607,20,7300,83,67,0.0,0.0,0.0,0.074626866,0,0.0,16,18.0722891,19.277108399999996,81.36687869861595,0.269230769,0.3275953157838569,0.0,0.0,0.0,0.0,0.0,0.0,0.0,0.0,0.0,0.0,0.0,0.0,0.0,0.0,0.0,10.909090909090908,34.0,42.0,24.0,0.0,5.592656139148168,-0.6740227667614818,-0.008120756226041949,9.687377874500102,2024,Rk
Alessandro Duran,SFG,800333.0,sa3018521,18,6570,83,65,0.0,0.0,0.0,0.046153846,0,0.0,12,16.867469800000002,14.457831300000002,135.3822978876405,0.37735849,0.4237684394106453,0.0,0.0,0.0,0.0,0.0,0.0,0.0,0.0,0.0,0.0,0.0,0.0,0.0,0.0,0.0,16.071428571428573,50.0,40.3846153,9.615384599999999,0.0,2.45903360875,-0.17908335104584694,-0.002157630735492132,23.71446558289432,2024,Rk
Luis Parababire,ATL,808538.0,sa3021634,18,6570,83,61,0.0,0.0,0.0,0.18032786899999997,0,0.0,15,21.6867469,18.0722891,155.51578621053895,0.34782608600000003,0.4484771138214203,0.0,0.0,0.0,0.0,0.0,0.0,0.0,105.7,103.4,92.8,66.7,16.7,1.2,0.0,0.0,21.73913043478261,39.1304347,43.478260799999994,17.391304299999998,12.2,2.09138654625,-0.2229114342480898,-0.002685679930699877,27.189979312628694,2024,Rk
Luis Vicioso,BAL,808050.0,sa3021157,21,7665,83,73,0.0,0.0,0.0,0.04109589,0,0.0,22,10.843373399999999,26.506024,67.43284469556218,0.31372549,0.2971533644630248,0.0,0.0,0.0,0.0,0.0,0.0,0.0,0.0,0.0,0.0,0.0,0.0,0.0,0.0,0.0,7.2727272727272725,60.0,26.0,14.000000000000002,0.0,5.794781155666415,-0.7837785333395004,-0.00944311485951205,4.317593420357141,2024,Rk
Juan Machado,PIT,696015.0,sa3016545,21,7665,83,57,0.0,0.0,0.0,0.0,0,0.0,23,27.7108433,27.7108433,87.12314315255728,0.205882352,0.3244606779842842,0.0,0.0,0.0,0.0,0.0,0.0,0.0,0.0,0.0,0.0,0.0,0.0,0.0,0.0,0.0,12.82051282051282,56.25,34.375,9.375,0.0,7.061965246074824,1.7358087003231049,0.02091335783521813,6.988072941543568,2024,Rk
Jhoangel Suarez,CHW,823881.0,sa3024385,17,6205,83,58,0.0,0.0,0.0,0.017241378999999998,0,0.0,17,18.0722891,20.4819277,85.85707062729037,0.24444444399999998,0.3459829551627837,0.0,0.0,0.0,0.0,0.0,0.0,0.0,0.0,0.0,0.0,0.0,0.0,0.0,0.0,0.0,8.16326530612245,53.488372,39.53488370000001,6.9767440999999994,0.0,5.375624014054627,-0.003545071929693222,-4.271170999630388e-05,22.097228397410262,2024,Rk
Efrenyer Narvaez,TEX,683534.0,sa3008885,21,7665,83,73,0.0,0.0,0.0,0.06849315,0,0.0,20,4.819277099999999,24.0963855,49.98365441866085,0.29090909,0.2855311129466597,0.0,0.0,0.0,0.0,0.0,0.0,0.0,0.0,0.0,0.0,0.0,0.0,0.0,0.0,0.0,16.363636363636363,43.6363636,34.5454545,21.8181818,0.0,4.7678571428571415,-0.6463025417178869,-0.00778677761105888,3.6054481127290288,2024,Rk
A.J. Ewing,NYM,805999.0,sa3022963,19,6935,83,63,0.0,0.0,0.0,0.317460318,5,0.0,22,22.8915662,26.506024,160.88012697072156,0.297297297,0.4581841934158141,0.0,0.0,0.0,0.0,0.0,0.0,0.0,0.0,0.0,0.0,0.0,0.0,0.0,0.0,0.0,35.0,39.0243902,39.0243902,21.9512195,0.0,8.601092895165902,0.2925270386040211,0.0035244221518556757,22.335176282706513,2024,Rk
Aldrin Lucas,KCR,691492.0,sa3015554,21,7665,82,66,0.0,0.0,0.0,0.12121212099999999,1,0.0,12,14.6341463,14.6341463,129.8026089098905,0.37037037,0.4229862189587252,0.0,0.0,0.0,0.0,0.0,0.0,0.0,0.0,0.0,0.0,0.0,0.0,0.0,0.0,0.0,18.032786885245898,46.29629620000001,29.629629600000005,24.074074,0.0,4.497149411199182,-1.0464047053828835,-0.01276103299247419,9.424483402749404,2024,Rk
Jancel Villarroel,HOU,806611.0,sa3020102,19,6935,82,67,0.0,0.0,0.0,0.194029851,2,0.0,14,13.414634099999999,17.073170700000002,149.51444422043238,0.333333333,0.4306421301713804,0.0,0.0,0.0,0.0,0.0,0.0,0.0,0.0,0.0,0.0,0.0,0.0,0.0,0.0,0.0,21.428571428571427,46.1538461,28.846153800000003,25.0,0.0,6.625465581502298,-0.9013639856129884,-0.010992243726987663,19.94999144920752,2024,Rk
Hugo Sanchez,SDP,692033.0,sa3015597,21,7665,82,72,0.0,0.0,0.0,0.13888888900000002,0,0.0,33,10.9756097,40.2439024,77.8287638978486,0.425,0.3289973314215497,0.0,0.0,0.0,0.0,0.0,0.0,0.0,0.0,0.0,0.0,0.0,0.0,0.0,0.0,0.0,32.5,46.1538461,38.461538399999995,15.384615300000002,0.0,8.234259947739227,0.31221929332241416,0.003807552357590417,6.072719075697668,2024,Rk
Jose Subero,NYM,807600.0,sa3022970,19,6935,82,69,0.0,0.0,0.0,0.115942029,0,0.0,23,12.1951219,28.0487804,92.9467738481645,0.340425531,0.35208506555092045,0.0,0.0,0.0,0.0,0.0,0.0,0.0,0.0,0.0,0.0,0.0,0.0,0.0,0.0,0.0,15.789473684210524,44.444444399999995,35.55555550000001,20.0,0.0,8.175159720442721,-0.9845926649868488,-0.01200722762179084,13.502458063284482,2024,Rk
Luis Bolivar,SEA,699700.0,sa3016341,20,7300,82,63,0.0,0.0,0.0,0.063492064,0,0.0,25,15.853658500000002,30.487804800000006,73.56586660995957,0.282051282,0.3142748724056196,0.0,0.0,0.0,0.0,0.0,0.0,0.0,0.0,0.0,0.0,0.0,0.0,0.0,0.0,0.0,21.73913043478261,31.5789473,52.6315789,15.7894736,0.0,4.863313296757305,-0.8723618015646935,-0.010638558555666993,7.116701893455117,2024,Rk
Carlos Rondon,NYY,821084.0,sa3024634,18,6570,82,61,0.0,0.0,0.0,0.0,0,0.0,24,21.9512195,29.2682926,63.3967501384248,0.21621621600000002,0.3077076222838425,0.0,0.0,0.0,0.0,0.0,0.0,0.0,0.0,0.0,0.0,0.0,0.0,0.0,0.0,0.0,4.545454545454546,64.86486479999999,29.729729700000004,5.4054053999999985,0.0,5.100256616732346,-0.07503390684723854,-0.0009150476444785187,14.000534646816602,2024,Rk
Alexander Martinez,ATL,800329.0,sa3018517,19,6935,81,75,0.0,0.0,0.0,0.026666667,0,0.0,17,6.172839499999999,20.9876543,8.204024658608258,0.18965517199999998,0.19326205551624295,0.0,0.0,0.0,0.0,0.0,0.0,0.0,91.4,90.8,85.8,0.0,0.0,0.0,0.0,0.0,18.75,44.444444399999995,44.444444399999995,11.111111099999999,-8.7,4.6757046253400585,0.08441629633307457,0.0010421764979391922,6.685948659197925,2024,Rk
Luis Guanipa,ATL,806994.0,sa3020884,18,6570,81,71,0.0,0.0,0.0,0.169014085,2,0.0,10,8.6419753,12.345678999999999,112.67779613446726,0.295081967,0.3742610429540093,0.0,0.0,0.0,0.0,0.0,0.0,0.0,101.8,100.6,90.4,50.0,25.0,1.2,0.0,0.0,16.0,48.3870967,41.9354838,9.6774193,18.2,8.887693147288926,0.6183684729039669,0.00763417867782675,24.534446094887926,2024,Rk
John Michael Faile,CIN,702114.0,sa3023579,24,8760,81,66,0.0,0.0,0.0,0.22727272699999998,3,0.0,26,14.814814800000002,32.0987654,151.28228410735227,0.5135135129999999,0.4738390982886891,0.0,0.0,0.0,0.0,0.0,0.0,0.0,0.0,0.0,0.0,0.0,0.0,0.0,0.0,0.0,30.0,27.500000000000004,52.5,20.0,0.0,3.1124012258377713,0.07063895277678968,0.0008720858367504897,3.9990815807459215,2024,Rk
Jesus Marquez,NYY,821251.0,sa3024334,17,6205,81,68,0.0,0.0,0.0,0.05882353,0,0.0,18,12.345678999999999,22.222222199999997,48.02033038402346,0.24528301800000002,0.2803628959773499,0.0,0.0,0.0,0.0,0.0,0.0,0.0,0.0,0.0,0.0,0.0,0.0,0.0,0.0,0.0,17.543859649122805,51.9230769,34.6153846,13.461538399999998,0.0,2.2778190630480037,-0.4207662306725979,-0.005194644823118493,13.288170005094994,2024,Rk
Rafael Medina,LAA,814285.0,sa3021653,18,6570,81,65,0.0,0.0,0.0,0.123076923,2,0.0,24,14.814814800000002,29.629629600000005,90.96210703096152,0.256410256,0.3476507869767554,0.0,0.0,0.0,0.0,0.0,0.0,0.0,0.0,0.0,0.0,0.0,0.0,0.0,0.0,0.0,25.0,45.0,32.5,22.5,0.0,3.0309356066812203,-0.9655577093362808,-0.011920465547361493,15.80736409859901,2024,Rk
Ivan Sosa,KCR,800526.0,sa3018588,19,6935,81,74,0.0,0.0,0.0,0.121621621,2,0.0,28,7.407407400000001,34.5679012,72.03088801835588,0.36363636299999996,0.3218394392802392,0.0,0.0,0.0,0.0,0.0,0.0,0.0,0.0,0.0,0.0,0.0,0.0,0.0,0.0,0.0,25.0,46.5116279,34.8837209,18.6046511,0.0,4.354812355703179,-1.354106118902564,-0.016717359492624248,8.154111976226183,2024,Rk
Roger Lasso,LAD,699068.0,sa3015789,20,7300,81,61,0.0,0.0,0.0,0.09836065599999999,1,0.0,9,19.753086399999997,11.111111099999999,143.96102827984967,0.339622641,0.4449880196724409,0.0,0.0,0.0,0.0,0.0,0.0,0.0,0.0,0.0,0.0,0.0,0.0,0.0,0.0,0.0,18.584070796460182,26.9230769,51.9230769,21.153846100000006,0.0,5.242565381418312,-0.4143986143171787,-0.005116032275520725,14.846012309928534,2024,Rk
Cristian Benavides,BAL,800369.0,sa3018535,19,6935,81,71,0.0,0.0,0.0,0.112676057,2,0.0,24,9.876543199999999,29.629629600000005,79.52973949969483,0.304347826,0.3181110237851555,0.0,0.0,0.0,0.0,0.0,0.0,0.0,0.0,0.0,0.0,0.0,0.0,0.0,0.0,0.0,28.846153846153847,25.531914800000003,53.19148930000001,21.276595699999998,0.0,4.931370568602957,-0.2661930751055479,-0.00328633426056232,9.758512592268662,2024,Rk
Remy Veldhuisen,NYY,820978.0,sa3024629,19,6935,81,63,0.0,0.0,0.0,0.047619048,0,0.0,16,12.345678999999999,19.753086399999997,106.33507545639306,0.333333333,0.386039333578981,0.0,0.0,0.0,0.0,0.0,0.0,0.0,0.0,0.0,0.0,0.0,0.0,0.0,0.0,0.0,5.5555555555555545,53.3333333,15.555555499999999,31.111111100000002,0.0,5.432260257250421,-0.08046067506074905,-0.0009933416674166552,14.861734751176375,2024,Rk
Yemal Flores,PHI,694213.0,sa3015717,20,7300,81,68,0.0,0.0,0.0,0.25,4,0.0,31,12.345678999999999,38.2716049,133.25513226991254,0.411764705,0.4126734586409581,0.0,0.0,0.0,0.0,0.0,0.0,0.0,104.3,96.7,87.1,20.0,0.0,0.0,0.0,0.0,35.714285714285715,36.842105200000006,47.368421000000005,15.7894736,-9.4,4.236095706249925,-0.6744490601122379,-0.008326531606323925,10.903769827768137,2024,Rk
Jose De La Cruz,COL,827452.0,sa3024899,17,6205,81,66,0.0,0.0,0.0,0.075757576,0,0.0,24,16.0493827,29.629629600000005,56.912614229870975,0.23809523800000001,0.29139997959136965,0.0,0.0,0.0,0.0,0.0,0.0,0.0,0.0,0.0,0.0,0.0,0.0,0.0,0.0,0.0,15.217391304347828,47.5,37.5,15.0,0.0,4.1917701775,-0.10853536427021028,-0.001339942768768028,15.528142473030238,2024,Rk
Nomar Velasquez,CLE,800196.0,sa3019483,19,6935,81,71,0.0,0.0,0.0,0.028169014,0,0.0,10,9.876543199999999,12.345678999999999,78.143285907639,0.306451612,0.3360378624480448,0.0,0.0,0.0,0.0,0.0,0.0,0.0,0.0,0.0,0.0,0.0,0.0,0.0,0.0,0.0,15.151515151515152,52.459016299999995,27.8688524,19.6721311,0.0,5.0130808705972125,-1.2117265090346336,-0.014959586531291771,11.277764896427252,2024,Rk
Justim Sojo,BOS,821135.0,sa3024636,17,6205,81,66,0.0,0.0,0.0,0.075757576,0,0.0,29,11.111111099999999,35.802469099999996,59.0039617499176,0.243243243,0.2868824225884897,0.0,0.0,0.0,0.0,0.0,0.0,0.0,0.0,0.0,0.0,0.0,0.0,0.0,0.0,0.0,31.578947368421048,40.540540500000006,51.35135130000001,8.108108099999999,0.0,7.377870296815993,0.1683802418410778,0.0020787684177910838,14.760651906449747,2024,Rk
Yoxander Benitez,SFG,823853.0,sa3024383,17,6205,80,69,0.0,0.0,0.0,0.086956522,0,0.0,20,13.750000000000002,25.0,87.53928401861063,0.326530612,0.34015800803899765,0.0,0.0,0.0,0.0,0.0,0.0,0.0,0.0,0.0,0.0,0.0,0.0,0.0,0.0,0.0,5.6603773584905674,32.6530612,44.8979591,22.4489795,0.0,7.1870128725037565,-0.3601309321820736,-0.004501636652275921,21.317237984468527,2024,Rk
Anderson Nova,MIN,800407.0,sa3018553,19,6935,80,71,0.0,0.0,0.0,0.126760564,1,0.0,15,10.0,18.75,81.83479879349433,0.254545454,0.3136255800724029,0.0,0.0,0.0,0.0,0.0,0.0,0.0,0.0,0.0,0.0,0.0,0.0,0.0,0.0,0.0,15.714285714285715,46.29629620000001,44.444444399999995,9.259259199999999,0.0,4.705430145417873,-0.6496811229735613,-0.008121014037169517,11.600296380835918,2024,Rk
Cameron Decker,LAD,806306.0,sa3020223,20,7300,80,61,0.0,0.0,0.0,0.278688525,4,0.0,20,17.5,25.0,134.56328086659187,0.3,0.4240197077393532,0.0,0.0,0.0,0.0,0.0,0.0,0.0,0.0,0.0,0.0,0.0,0.0,0.0,0.0,0.0,30.232558139534877,23.8095238,66.6666666,9.5238095,0.0,5.742036011808072,-0.4647826887667179,-0.005809783609583974,13.637710025031689,2024,Rk
Luis Torres,LAA,801230.0,sa3018600,20,7300,80,63,0.0,0.0,0.0,0.079365079,0,0.0,22,13.750000000000002,27.500000000000004,95.10655040177019,0.35714285700000004,0.3641794972121716,0.0,0.0,0.0,0.0,0.0,0.0,0.0,0.0,0.0,0.0,0.0,0.0,0.0,0.0,0.0,14.285714285714285,57.1428571,28.571428499999996,14.2857142,0.0,3.4601648275,-0.12474101269617675,-0.0015592626587022096,8.940922111158473,2024,Rk
Reinaldo De La Cruz,ATH,807970.0,sa3021124,18,6570,80,59,0.0,0.0,0.0,0.118644068,0,0.0,16,20.0,20.0,148.0858916741511,0.37209302299999997,0.4434582840038251,0.0,0.0,0.0,0.0,0.0,0.0,0.0,0.0,0.0,0.0,0.0,0.0,0.0,0.0,0.0,18.867924528301888,42.8571428,42.8571428,14.2857142,0.0,8.00554746121153,0.19645493105053904,0.002455686638131738,28.88601907054707,2024,Rk
Brauli Diaz,CIN,808031.0,sa3022173,18,6570,79,63,0.0,0.0,0.0,0.063492064,0,0.0,35,16.4556962,44.3037974,58.03810268798903,0.321428571,0.29202465063486344,0.0,0.0,0.0,0.0,0.0,0.0,0.0,0.0,0.0,0.0,0.0,0.0,0.0,0.0,0.0,8.823529411764708,60.0,24.0,16.0,0.0,9.85970921378543,1.3683802597224712,0.017321269110411028,15.112534907451805,2024,Rk
Iverson Espinoza,CIN,691396.0,sa3015528,21,7665,79,68,0.0,0.0,0.0,0.11764705800000001,0,0.0,16,11.392405,20.2531645,103.82250869424864,0.384615384,0.390746481810944,0.0,0.0,0.0,0.0,0.0,0.0,0.0,0.0,0.0,0.0,0.0,0.0,0.0,0.0,0.0,11.538461538461537,39.2156862,39.2156862,21.568627399999997,0.0,9.130126657937462,0.8798790397122502,0.011137709363446206,9.013881811498528,2024,Rk
J.P. Cabrera,STL,823651.0,sa3024651,17,6205,79,64,0.0,0.0,0.0,0.03125,0,0.0,14,17.7215189,17.7215189,93.99368481692268,0.3,0.3549271278743503,0.0,0.0,0.0,0.0,0.0,0.0,0.0,0.0,0.0,0.0,0.0,0.0,0.0,0.0,0.0,3.8461538461538463,55.319148899999995,23.404255300000003,21.276595699999998,0.0,4.89285714,-0.15737627819180489,-0.0019921047872380367,23.58471011439851,2024,Rk
Angel Paredes,LAD,823819.0,sa3024801,17,6205,78,67,0.0,0.0,0.0,0.029850746,0,0.0,34,11.5384615,43.5897435,-11.005628701642642,0.12121212099999999,0.17671326643381366,0.0,0.0,0.0,0.0,0.0,0.0,0.0,0.0,0.0,0.0,0.0,0.0,0.0,0.0,0.0,10.20408163265306,54.8387096,35.4838709,9.6774193,0.0,6.700156103067008,0.5294520221650599,0.00678784643801359,10.876532980465312,2024,Rk
Sandy Ruiz,KCR,808709.0,sa3021640,18,6570,78,62,0.0,0.0,0.0,0.016129031999999998,0,0.0,6,15.384615300000002,7.6923076,53.91008326092857,0.172413793,0.2806393167911432,0.0,0.0,0.0,0.0,0.0,0.0,0.0,0.0,0.0,0.0,0.0,0.0,0.0,0.0,0.0,13.043478260869565,55.1724137,37.9310344,6.896551700000002,0.0,5.969044892092523,-0.16013092920184135,-0.002052960630792838,15.849765092546964,2024,Rk
Adrian Hoyte,DET,808388.0,sa3022209,18,6570,78,61,0.0,0.0,0.0,0.131147541,0,0.0,15,15.384615300000002,19.230769199999997,113.4737095343875,0.340425531,0.4126676519711812,0.0,0.0,0.0,0.0,0.0,0.0,0.0,0.0,0.0,0.0,0.0,0.0,0.0,0.0,0.0,7.142857142857142,47.8260869,34.7826086,17.391304299999998,0.0,8.992678701345273,0.8643308095633984,0.011081164225171776,27.03542085081839,2024,Rk
Alejandro Lóaiza,STL,700335.0,sa3016195,20,7300,78,68,0.0,0.0,0.0,0.117647059,2,0.0,29,7.6923076,37.1794871,17.482419629978768,0.131578947,0.21759969760210085,0.0,0.0,0.0,0.0,0.0,0.0,0.0,0.0,0.0,0.0,0.0,0.0,0.0,0.0,0.0,32.5,38.461538399999995,51.282051200000005,10.2564102,0.0,7.484037421628946,0.09267227537930013,0.0011881060946064119,5.4528041943807946,2024,Rk
Dayquer Alfonzo,SDP,821628.0,sa3024479,16,5840,78,61,0.0,0.0,0.0,0.081967213,0,0.0,22,17.9487179,28.2051282,131.31403100537108,0.463414634,0.42588973198181546,0.0,0.0,0.0,0.0,0.0,0.0,0.0,0.0,0.0,0.0,0.0,0.0,0.0,0.0,0.0,29.268292682926827,51.2195121,24.390243899999998,24.390243899999998,0.0,3.4942297896039127,-0.2750339098274708,-0.0035260757670188565,28.739104629597072,2024,Rk
Ricardo Crespo,SFG,821811.0,sa3024373,17,6205,78,56,0.0,0.0,0.0,0.035714286,0,0.0,12,21.7948717,15.384615300000002,126.29788474183628,0.32608695600000004,0.4073059063453179,0.0,0.0,0.0,0.0,0.0,0.0,0.0,0.0,0.0,0.0,0.0,0.0,0.0,0.0,0.0,12.5,53.3333333,33.3333333,13.333333300000001,0.0,3.8041013257631264,-2.244287133216858,-0.028772911964318693,28.39215102493363,2024,Rk
Harold Grant,MIN,800488.0,sa3018574,19,6935,78,67,0.0,0.0,0.0,0.029850746,0,0.0,23,14.1025641,29.4871794,42.92909959416345,0.22727272699999998,0.24622213458403566,0.0,0.0,0.0,0.0,0.0,0.0,0.0,0.0,0.0,0.0,0.0,0.0,0.0,0.0,0.0,15.094339622641508,56.8181818,20.4545454,22.727272699999997,0.0,4.528979217011472,-0.2496811170130968,-0.003201039961706369,7.245347265756319,2024,Rk
Eduardo Oviedo,PIT,800130.0,sa3018451,19,6935,78,69,0.0,0.0,0.0,0.057971014,0,0.0,41,11.5384615,52.564102500000004,50.051730381007026,0.428571428,0.2602351017487355,0.0,0.0,0.0,0.0,0.0,0.0,0.0,0.0,0.0,0.0,0.0,0.0,0.0,0.0,0.0,6.451612903225807,53.5714285,21.4285714,25.0,0.0,4.398809515,-0.14860762283205986,-0.0019052259337443565,6.229760127650306,2024,Rk
Kleimir Lemos,TEX,800478.0,sa3019096,19,6935,78,77,0.0,0.0,0.0,0.16883116899999998,1,0.0,20,0.0,25.641025600000003,66.67978893983636,0.33928571399999996,0.3147627199307466,0.0,0.0,0.0,0.0,0.0,0.0,0.0,0.0,0.0,0.0,0.0,0.0,0.0,0.0,0.0,30.555555555555557,36.363636299999996,38.1818181,25.4545454,0.0,6.0888099824592405,-0.4093422386795281,-0.005247977418968311,9.95306358366397,2024,Rk
Eddy Isturiz,CIN,699108.0,sa3016721,20,7300,78,58,0.0,0.0,0.0,0.10344827599999999,0,0.0,19,24.358974300000003,24.358974300000003,118.98739734194336,0.384615384,0.41729718217482936,0.0,0.0,0.0,0.0,0.0,0.0,0.0,0.0,0.0,0.0,0.0,0.0,0.0,0.0,0.0,12.82051282051282,59.45945940000001,21.6216216,18.918918899999998,0.0,7.277881340175138,0.10749709513038397,0.001378167886286974,13.96754786725703,2024,Rk
David Leon,CLE,699235.0,sa3016336,20,7300,78,60,0.0,0.0,0.0,0.066666667,1,0.0,14,21.7948717,17.9487179,128.8990915572723,0.355555555,0.4130451136674637,0.0,0.0,0.0,0.0,0.0,0.0,0.0,0.0,0.0,0.0,0.0,0.0,0.0,0.0,0.0,8.888888888888891,47.8260869,34.7826086,17.391304299999998,0.0,2.6578604903451315,-0.7063630293123424,-0.009055936273235159,12.70886901113959,2024,Rk
Raynerd Ortega,LAD,800380.0,sa3018542,18,6570,78,60,0.0,0.0,0.0,0.166666667,1,0.0,14,15.384615300000002,17.9487179,125.9100198644559,0.288888888,0.4122764599787725,0.0,0.0,0.0,0.0,0.0,0.0,0.0,0.0,0.0,0.0,0.0,0.0,0.0,0.0,0.0,34.72222222222222,20.4545454,54.545454500000005,25.0,0.0,8.707104197587114,0.8697575777769089,0.011150738176627036,28.28146296328907,2024,Rk
Donovan Antonia,NYM,692190.0,sa3015189,20,7300,77,71,0.0,0.0,0.0,0.098591549,1,0.0,21,7.7922077,27.2727272,39.489021126067335,0.224489795,0.2478762191611451,0.0,0.0,0.0,0.0,0.0,0.0,0.0,75.0,75.0,75.0,0.0,0.0,0.0,0.0,0.0,26.923076923076927,41.6666666,39.5833333,18.75,23.0,4.591386549107144,-1.4785978030413391,-0.01920256887066674,4.6603844062028585,2024,Rk
Paulo Asprilla,STL,809329.0,sa3021859,18,6570,77,64,0.0,0.0,0.0,0.015625,0,0.0,19,14.2857142,24.6753246,88.87078297601344,0.355555555,0.3456435407462873,0.0,0.0,0.0,0.0,0.0,0.0,0.0,0.0,0.0,0.0,0.0,0.0,0.0,0.0,0.0,24.489795918367342,36.363636299999996,40.909090899999995,22.727272699999997,0.0,1.8326719525,-0.14652274176478386,-0.0019028927501919981,14.427964021292008,2024,Rk
Juan Garcia,BAL,821677.0,sa3024646,17,6205,77,60,0.0,0.0,0.0,0.033333333,0,0.0,30,12.9870129,38.9610389,24.55283771697461,0.15625,0.2275427877902985,0.0,0.0,0.0,0.0,0.0,0.0,0.0,0.0,0.0,0.0,0.0,0.0,0.0,0.0,0.0,18.918918918918923,46.6666666,40.0,13.333333300000001,0.0,5.3902631169549595,0.3077449463307857,0.0039966876146855295,11.168196062227716,2024,Rk
Joseph Rodriguez,ATH,691867.0,sa3018381,21,7665,77,62,0.0,0.0,0.0,0.322580645,4,0.0,29,18.1818181,37.6623376,144.44152407741242,0.448275862,0.4551681612993216,0.0,0.0,0.0,0.0,0.0,0.0,0.0,0.0,0.0,0.0,0.0,0.0,0.0,0.0,0.0,12.12121212121212,35.4838709,48.3870967,16.129032199999997,0.0,6.375730238329046,-0.4555426137521863,-0.005916137840937486,9.542433286605547,2024,Rk
Edward Guribe,STL,821025.0,sa3024799,17,6205,77,71,0.0,0.0,0.0,0.183098592,2,0.0,23,5.1948051,29.8701298,105.90333240348913,0.38297872299999997,0.3765094760176424,0.0,0.0,0.0,0.0,0.0,0.0,0.0,0.0,0.0,0.0,0.0,0.0,0.0,0.0,0.0,25.45454545454545,44.444444399999995,26.666666600000003,28.888888800000004,0.0,7.55894244604619,0.3077449463307857,0.0039966876146855295,23.25471417046161,2024,Rk
Chad Delancey,BOS,808328.0,sa3021250,17,6205,77,59,0.0,0.0,0.0,0.084745763,0,0.0,16,14.2857142,20.7792207,136.91102701303527,0.4,0.4300496887851071,0.0,0.0,0.0,0.0,0.0,0.0,0.0,0.0,0.0,0.0,0.0,0.0,0.0,0.0,0.0,19.148936170212764,40.909090899999995,38.6363636,20.4545454,0.0,7.126931348031473,-0.9157759472727776,-0.011893194120425684,29.488804212360254,2024,Rk
Wilberson De Pena,LAA,821648.0,sa3025019,17,6205,77,62,0.0,0.0,0.0,0.048387097000000004,0,0.0,14,12.9870129,18.1818181,96.41356161829957,0.291666666,0.35752976869607894,0.0,0.0,0.0,0.0,0.0,0.0,0.0,0.0,0.0,0.0,0.0,0.0,0.0,0.0,0.0,20.40816326530612,45.6521739,36.9565217,17.391304299999998,0.0,8.488457837682201,0.6534772701561451,0.00848671779423565,25.72301716526228,2024,Rk
Francisco Espinoza,LAD,821689.0,sa3024357,17,6205,77,56,0.0,0.0,0.0,0.035714285,0,0.0,11,19.4805194,14.2857142,108.31728710204784,0.282608695,0.3929470963292308,0.0,0.0,0.0,0.0,0.0,0.0,0.0,0.0,0.0,0.0,0.0,0.0,0.0,0.0,0.0,11.111111111111109,44.1860465,39.53488370000001,16.279069699999997,0.0,1.74999999625,-0.1682298146188259,-0.0021848027872574797,26.615506195455232,2024,Rk
Carlos Avila,LAD,699066.0,sa3016161,20,7300,77,61,0.0,0.0,0.0,0.032786885,0,0.0,16,16.8831168,20.7792207,30.87563357561616,0.14893617,0.24248328379222325,0.0,0.0,0.0,0.0,0.0,0.0,0.0,0.0,0.0,0.0,0.0,0.0,0.0,0.0,0.0,2.127659574468085,58.695652100000004,30.4347826,10.869565199999998,0.0,3.341793782917873,-0.6416825042106211,-0.008333539015722351,6.237869738584921,2024,Rk
Ezra Farmer,PHI,806428.0,sa3020245,21,7665,77,63,0.0,0.0,0.0,0.031746032,0,0.0,24,16.8831168,31.1688311,109.59255632486513,0.45,0.3716784584057796,0.0,0.0,0.0,0.0,0.0,0.0,0.0,88.6,87.8,84.4,0.0,0.0,0.0,0.0,0.0,20.833333333333336,41.025641,38.461538399999995,20.5128205,18.5,2.9370870641864717,-0.6250584255903959,-0.008117641890784363,6.310188021465689,2024,Rk
Rafi Montesino,BOS,821040.0,sa3023748,17,6205,76,63,0.0,0.0,0.0,0.031746032,0,0.0,18,14.4736842,23.684210500000002,52.109757602205846,0.23913043399999998,0.27637507279713946,0.0,0.0,0.0,0.0,0.0,0.0,0.0,0.0,0.0,0.0,0.0,0.0,0.0,0.0,0.0,11.538461538461537,65.21739129999999,26.086956500000007,8.6956521,0.0,7.161622686127312,-0.2316197641193867,-0.003047628475255088,16.181467776178017,2024,Rk
Jose Made,MIA,808536.0,sa3023712,18,6570,76,66,0.0,0.0,0.0,0.06060606,1,0.0,43,10.5263157,56.5789473,11.64137066161983,0.27272727199999997,0.2115842851003011,0.0,0.0,0.0,0.0,0.0,0.0,0.0,0.0,0.0,0.0,0.0,0.0,0.0,0.0,0.0,20.0,50.0,36.363636299999996,13.6363636,0.0,3.4916940726961943,-0.19363238662481308,-0.002547794560852804,6.591986784909401,2024,Rk
Samuel Rojas,DET,691446.0,sa3016088,21,7665,76,56,0.0,0.0,0.0,0.071428572,1,0.0,13,22.368421,17.105263100000002,83.11998235458337,0.16279069699999998,0.320355643567286,0.0,0.0,0.0,0.0,0.0,0.0,0.0,0.0,0.0,0.0,0.0,0.0,0.0,0.0,0.0,18.75,47.6190476,35.714285700000005,16.6666666,0.0,2.6413737190488256,-0.4992169942706823,-0.0065686446614563465,6.794540981336149,2024,Rk
Daniel Bruzual,TEX,800362.0,sa3018531,19,6935,76,69,0.0,0.0,0.0,0.028985507999999997,0,0.0,10,9.2105263,13.157894699999998,83.00764757092806,0.322033898,0.33632258051320124,0.0,0.0,0.0,0.0,0.0,0.0,0.0,0.0,0.0,0.0,0.0,0.0,0.0,0.0,0.0,21.538461538461537,43.859649100000006,38.5964912,17.5438596,0.0,6.110889654178668,0.4697575718164444,0.006181020681795321,12.773278883333365,2024,Rk
Juan Olmos,KCR,703181.0,sa3019778,19,6935,76,59,0.0,0.0,0.0,0.101694915,1,0.0,18,17.105263100000002,23.684210500000002,104.79957220437113,0.275,0.3716910904959628,0.0,0.0,0.0,0.0,0.0,0.0,0.0,0.0,0.0,0.0,0.0,0.0,0.0,0.0,0.0,25.58139534883721,52.5,32.5,15.0,0.0,5.498615085023488,0.6643308065831661,0.008741194823462712,16.511547800223592,2024,Rk
Randy Guzman,NYM,807383.0,sa3021106,19,6935,76,67,0.0,0.0,0.0,0.179104478,2,0.0,25,11.842105199999999,32.894736800000004,87.41244827868464,0.3,0.33953913575724554,0.0,0.0,0.0,0.0,0.0,0.0,0.0,0.0,0.0,0.0,0.0,0.0,0.0,0.0,0.0,22.72727272727273,28.571428499999996,50.0,21.4285714,0.0,4.611950122829354,-0.9221435636281968,-0.012133467942476273,11.207065995044873,2024,Rk
Javier Pariguan,ATH,698994.0,sa3016324,20,7300,76,61,0.0,0.0,0.0,0.016393442,0,0.0,32,18.421052600000003,42.1052631,28.238369363458148,0.24137931,0.25171957596352224,0.0,0.0,0.0,0.0,0.0,0.0,0.0,0.0,0.0,0.0,0.0,0.0,0.0,0.0,0.0,13.79310344827586,55.1724137,31.0344827,13.7931034,0.0,1.6616909437499248,-0.6509225792251527,-0.008564770779278325,4.486088824023581,2024,Rk
Niurby Asigen,NYY,807820.0,sa3021114,19,6935,76,61,0.0,0.0,0.0,0.032786885,0,0.0,15,17.105263100000002,19.7368421,107.04905205660015,0.36170212700000004,0.3852011231999648,0.0,0.0,0.0,0.0,0.0,0.0,0.0,0.0,0.0,0.0,0.0,0.0,0.0,0.0,0.0,12.5,58.13953480000001,30.2325581,11.627906900000001,0.0,5.929507357180567,0.9249661080539228,0.012170606684920034,16.78247424712687,2024,Rk
Endry Reyes,TOR,821418.0,sa3024800,17,6205,75,58,0.0,0.0,0.0,0.155172414,1,0.0,21,16.0,28.000000000000004,84.53016174834127,0.210526315,0.32868996302286785,0.0,0.0,0.0,0.0,0.0,0.0,0.0,0.0,0.0,0.0,0.0,0.0,0.0,0.0,0.0,15.555555555555555,48.7179487,38.461538399999995,12.820512800000001,0.0,7.5888055540101185,0.10231817513704301,0.0013642423351605732,23.27971386318411,2024,Rk
Brad Cumbest,COL,690898.0,sa3019993,23,8395,75,61,0.0,0.0,0.0,0.213114754,1,0.0,25,10.6666666,33.3333333,135.3040886199818,0.472222222,0.4300670425097148,0.0,0.0,0.0,0.0,0.0,0.0,0.0,0.0,0.0,0.0,0.0,0.0,0.0,0.0,0.0,18.918918918918923,28.571428499999996,48.571428499999996,22.857142800000002,0.0,4.76785714,-0.10626086266711354,-0.0014168115022281805,4.49264596285086,2024,Rk
Osmar Torrealba,CLE,821091.0,sa3024318,17,6205,75,58,0.0,0.0,0.0,0.017241378999999998,0,0.0,10,21.3333333,13.333333300000001,78.90473877433341,0.22916666600000002,0.3374177471796672,0.0,0.0,0.0,0.0,0.0,0.0,0.0,0.0,0.0,0.0,0.0,0.0,0.0,0.0,0.0,14.000000000000002,55.319148899999995,23.404255300000003,21.276595699999998,0.0,2.137652893746469,-0.7818380109965801,-0.010424506813287736,21.36973733918576,2024,Rk
Kevin Tamburini,SDP,821780.0,sa3024365,18,6570,75,68,0.0,0.0,0.0,0.044117647,0,0.0,15,9.333333300000001,20.0,109.04193720404892,0.415094339,0.3855288330713908,0.0,0.0,0.0,0.0,0.0,0.0,0.0,0.0,0.0,0.0,0.0,0.0,0.0,0.0,0.0,24.52830188679245,44.230769200000005,26.9230769,28.846153800000003,0.0,7.279178658822359,0.2534772641956806,0.0033796968559424087,19.959242070503254,2024,Rk
Jesus Torres,CIN,691401.0,sa3015531,21,7665,75,66,0.0,0.0,0.0,0.090909091,1,0.0,27,10.6666666,36.0,39.22133192169493,0.289473684,0.2776426847775777,0.0,0.0,0.0,0.0,0.0,0.0,0.0,0.0,0.0,0.0,0.0,0.0,0.0,0.0,0.0,5.263157894736842,36.1111111,33.3333333,30.5555555,0.0,7.564816218062067,-0.23706246074289086,-0.0031608328099052107,4.175844335989003,2024,Rk
Alejandro Castellano,HOU,823489.0,sa3023788,17,6205,75,60,0.0,0.0,0.0,0.0,0,0.0,16,18.666666600000003,21.3333333,84.46392471790793,0.295454545,0.3375833511352539,0.0,0.0,0.0,0.0,0.0,0.0,0.0,0.0,0.0,0.0,0.0,0.0,0.0,0.0,0.0,8.51063829787234,57.1428571,21.4285714,21.4285714,0.0,3.284620380289751,-0.4696071445941925,-0.006261428594589233,19.416428014468423,2024,Rk
Jonathan Martinez,CLE,808159.0,sa3021197,17,6205,75,57,0.0,0.0,0.0,0.087719298,0,0.0,17,20.0,22.666666600000003,113.14022342225996,0.34146341399999997,0.3854544734954834,0.0,0.0,0.0,0.0,0.0,0.0,0.0,0.0,0.0,0.0,0.0,0.0,0.0,0.0,0.0,2.5,39.0243902,43.902439,17.073170700000002,0.0,5.882428522139139,0.1720754625275731,0.002294339500367641,28.432150533289608,2024,Rk
Anthony Longo,KCR,823856.0,sa3024652,17,6205,74,56,0.0,0.0,0.0,0.035714286,0,0.0,10,18.918918899999998,13.513513499999998,69.13317815016175,0.170212765,0.30705739517469666,0.0,0.0,0.0,0.0,0.0,0.0,0.0,0.0,0.0,0.0,0.0,0.0,0.0,0.0,0.0,10.344827586206897,47.8260869,43.478260799999994,8.6956521,0.0,3.061203059881564,-1.1601309441030023,-0.015677445190581115,19.453927553552155,2024,Rk
Miguel Vargas,STL,700295.0,sa3016193,20,7300,74,62,0.0,0.0,0.0,0.08064516099999999,0,0.0,24,13.513513499999998,32.4324324,43.97278798120083,0.25,0.26349379887452,0.0,0.0,0.0,0.0,0.0,0.0,0.0,0.0,0.0,0.0,0.0,0.0,0.0,0.0,0.0,20.930232558139533,63.15789469999999,21.0526315,15.7894736,0.0,6.687916136931072,-0.024913176894187927,-0.0003366645526241612,6.450775101626696,2024,Rk
Ewry Espinal,PIT,691919.0,sa3015588,21,7665,74,58,0.0,0.0,0.0,0.068965517,1,0.0,28,18.918918899999998,37.837837799999996,48.39668330867403,0.137931034,0.25736776155394475,0.0,0.0,0.0,0.0,0.0,0.0,0.0,74.5,74.0,71.7,0.0,0.0,0.0,0.0,0.0,9.375,46.6666666,43.3333333,10.0,33.0,6.7745225085355205,1.0431364160031078,0.014096438054096057,5.227716692683923,2024,Rk
Yonkelvin Polanco,PHI,814375.0,sa3022488,17,6205,74,61,0.0,0.0,0.0,0.049180327999999995,0,0.0,22,13.513513499999998,29.729729700000004,58.46836284326853,0.243902439,0.27196657818716924,0.0,0.0,0.0,0.0,0.0,0.0,0.0,0.0,0.0,0.0,0.0,0.0,0.0,0.0,0.0,23.40425531914893,33.3333333,53.8461538,12.820512800000001,0.0,8.414908714696743,0.4615761525928974,0.006237515575579695,16.769793878247313,2024,Rk
Axel Mancebo,CHC,827451.0,sa3025087,17,6205,74,61,0.0,0.0,0.0,0.049180327,0,0.0,34,14.864864800000001,45.9459459,25.646707173959452,0.185185185,0.2268920411934724,0.0,0.0,0.0,0.0,0.0,0.0,0.0,0.0,0.0,0.0,0.0,0.0,0.0,0.0,0.0,32.142857142857146,22.222222199999997,55.555555500000004,22.222222199999997,0.0,5.470260268476158,0.16562559083104136,0.002238183659878937,12.03901869206117,2024,Rk
Carlos Rodríguez,BAL,698946.0,sa3015748,20,7300,74,65,0.0,0.0,0.0,0.076923077,0,0.0,19,10.8108108,25.6756756,127.73098289058241,0.46808510600000003,0.4016188375047735,0.0,0.0,0.0,0.0,0.0,0.0,0.0,0.0,0.0,0.0,0.0,0.0,0.0,0.0,0.0,15.094339622641508,38.2978723,46.808510600000005,14.893617,0.0,2.652469192019756,-0.4992169942706823,-0.006746175598252464,9.779305924172718,2024,Rk
Guillermo Rodriguez,CHW,801250.0,sa3018602,19,6935,74,65,0.0,0.0,0.0,0.092307692,0,0.0,19,12.1621621,25.6756756,85.29246893289915,0.36956521700000006,0.3476690360017725,0.0,0.0,0.0,0.0,0.0,0.0,0.0,0.0,0.0,0.0,0.0,0.0,0.0,0.0,0.0,24.444444444444446,34.7826086,47.8260869,17.391304299999998,0.0,3.324175823214285,-2.108007913455367,-0.028486593425072523,10.889695014386742,2024,Rk
Raymond Mola,PIT,806986.0,sa3023109,18,6570,73,68,0.0,0.0,0.0,0.147058824,2,0.0,23,6.849315000000002,31.506849300000003,81.38065377784815,0.325581395,0.3267745890029489,0.0,0.0,0.0,0.0,0.0,0.0,0.0,0.0,0.0,0.0,0.0,0.0,0.0,0.0,0.0,29.824561403508767,31.111111100000002,51.1111111,17.7777777,0.0,4.015975143888871,-0.1990591548383236,-0.0027268377375112823,12.378354684807567,2024,Rk
Armando Lao,DET,821603.0,sa3024343,17,6205,73,57,0.0,0.0,0.0,0.017543859,0,0.0,23,10.9589041,31.506849300000003,45.52483640545393,0.235294117,0.2895325024922689,0.0,0.0,0.0,0.0,0.0,0.0,0.0,0.0,0.0,0.0,0.0,0.0,0.0,0.0,0.0,20.930232558139533,68.75,21.875,9.375,0.0,4.640283236329866,-0.03704652935266495,-0.0005074867034611637,11.200695662766957,2024,Rk
Omari Daniel,MIN,702673.0,sa3021050,20,7300,73,62,0.0,0.0,0.0,0.09677419300000001,1,0.0,24,12.3287671,32.8767123,73.92580891256381,0.289473684,0.2999233930078271,0.0,0.0,0.0,0.0,0.0,0.0,0.0,0.0,0.0,0.0,0.0,0.0,0.0,0.0,0.0,12.19512195121951,31.5789473,47.368421000000005,21.0526315,0.0,7.110213265735902,0.7585748769342899,0.010391436670332741,7.929713564759715,2024,Rk
Raul Vargas,TBR,821680.0,sa3023964,17,6205,73,52,0.0,0.0,0.0,0.019230768999999998,0,0.0,18,27.3972602,24.6575342,80.7954857887715,0.176470588,0.3223288091894698,0.0,0.0,0.0,0.0,0.0,0.0,0.0,0.0,0.0,0.0,0.0,0.0,0.0,0.0,0.0,13.888888888888891,50.0,33.3333333,16.6666666,0.0,3.903489774652354,-0.4587536081671715,-0.0062842960022900215,18.820602004582373,2024,Rk
Eduardo Charles,MIL,808311.0,sa3023110,18,6570,73,59,0.0,0.0,0.0,0.118644068,0,0.0,22,12.3287671,30.1369863,87.398892475398,0.315789473,0.3472486865030576,0.0,0.0,0.0,0.0,0.0,0.0,0.0,0.0,0.0,0.0,0.0,0.0,0.0,0.0,0.0,28.2051282051282,42.8571428,34.28571420000001,22.857142800000002,0.0,8.794998449964023,0.3439185209572315,0.0047112126158524855,18.579158106197077,2024,Rk
Luis Meza,TOR,703189.0,sa3018423,19,6935,72,62,0.0,0.0,0.0,0.016129031999999998,0,0.0,17,8.3333333,23.6111111,92.13037154656358,0.36956521700000006,0.33625524904992843,0.0,0.0,0.0,0.0,0.0,0.0,0.0,92.7,92.2,83.3,0.0,0.0,0.0,0.0,0.0,4.25531914893617,51.1111111,26.666666600000003,22.222222199999997,15.4,3.7342572124473534,-0.006399473175406456,-8.888157188064522e-05,9.759028642643717,2024,Rk
Jairo Diaz,CHC,801260.0,sa3018606,19,6935,72,62,0.0,0.0,0.0,0.08064516099999999,0,0.0,15,9.7222222,20.8333333,124.12545133198566,0.448979591,0.4094477850529883,0.0,0.0,0.0,0.0,0.0,0.0,0.0,0.0,0.0,0.0,0.0,0.0,0.0,0.0,0.0,20.40816326530612,36.734693799999995,40.8163265,22.4489795,0.0,2.0934522624240364,-0.4694027262739837,-0.006519482309360885,14.396773363252835,2024,Rk
Brayan Sanchez,HOU,800531.0,sa3018589,19,6935,72,56,0.0,0.0,0.0,0.071428571,1,0.0,13,20.8333333,18.0555555,103.25552219894494,0.27906976699999997,0.3716369867324829,0.0,0.0,0.0,0.0,0.0,0.0,0.0,0.0,0.0,0.0,0.0,0.0,0.0,0.0,0.0,17.647058823529417,38.095238,50.0,11.9047619,0.0,4.438848404799669,-0.25875360518693924,-0.003593800072040823,16.33660672308033,2024,Rk
Orlando Pacheco,LAD,815214.0,sa3022384,19,6935,72,46,0.0,0.0,0.0,0.065217392,0,0.0,18,25.0,25.0,137.28611837961142,0.321428571,0.4328919246163167,0.0,0.0,0.0,0.0,0.0,0.0,0.0,0.0,0.0,0.0,0.0,0.0,0.0,0.0,0.0,18.75,60.71428570000001,21.4285714,17.857142800000005,0.0,4.92466697248068,0.031770188361406326,0.00044125261613064335,18.42557864129839,2024,Rk
Diego Guzman,KCR,699321.0,sa3015365,20,7300,72,67,0.0,0.0,0.0,0.313432835,3,0.0,19,4.1666666,26.388888800000004,152.45728688984087,0.444444444,0.4626500490638945,0.0,0.0,0.0,0.0,0.0,0.0,0.0,0.0,0.0,0.0,0.0,0.0,0.0,0.0,0.0,13.725490196078432,34.7826086,41.304347799999995,23.9130434,0.0,8.091618301802493,-0.577104136813432,-0.008015335233519891,12.539721399741984,2024,Rk
Raul Guzman,STL,692403.0,sa3015620,21,7665,72,61,0.0,0.0,0.0,0.016393442,0,0.0,31,12.5,43.0555555,43.35756894435916,0.333333333,0.2624279426203834,0.0,0.0,0.0,0.0,0.0,0.0,0.0,0.0,0.0,0.0,0.0,0.0,0.0,0.0,0.0,18.181818181818183,60.0,20.0,20.0,0.0,3.886130163080917,0.03488042205572128,0.0004844503063294623,3.0719275737788454,2024,Rk
Johan Benitez,ARI,692551.0,sa3015641,20,7300,71,59,0.0,0.0,0.0,0.016949152,0,0.0,24,16.901408399999998,33.8028169,34.00725466242338,0.22857142800000002,0.2490470845934371,0.0,0.0,0.0,0.0,0.0,0.0,0.0,0.0,0.0,0.0,0.0,0.0,0.0,0.0,0.0,17.142857142857142,52.941176399999996,23.5294117,23.5294117,0.0,3.3193418993065005,-0.6416825042106211,-0.009037781749445369,4.7475321972924975,2024,Rk
Jesus D. Castro,SDP,703305.0,sa3019090,19,6935,71,58,0.0,0.0,0.0,0.0,0,0.0,21,12.6760563,29.5774647,-3.615707607272094,0.131578947,0.18640427917673968,0.0,0.0,0.0,0.0,0.0,0.0,0.0,0.0,0.0,0.0,0.0,0.0,0.0,0.0,0.0,7.5,48.6486486,40.540540500000006,10.8108108,0.0,1.74999999625,-0.06930056260898709,-0.0009760642620984096,5.7730555457276305,2024,Rk
Ruben Velazquez,MIN,821655.0,sa3024920,16,5840,71,62,0.0,0.0,0.0,0.048387097000000004,0,0.0,12,7.042253499999998,16.901408399999998,62.2987540983126,0.283018867,0.2975403658101257,0.0,0.0,0.0,0.0,0.0,0.0,0.0,0.0,0.0,0.0,0.0,0.0,0.0,0.0,0.0,15.151515151515152,43.1372549,39.2156862,17.647058800000003,0.0,5.7066810617513335,-0.015339456498622894,-0.00021604868307919568,17.438886879757074,2024,Rk
Luis Colon,HOU,800026.0,sa3019798,20,7300,71,65,0.0,0.0,0.0,0.046153846,0,0.0,26,7.042253499999998,36.6197183,15.038388695980125,0.23076923,0.19766470875058856,0.0,0.0,0.0,0.0,0.0,0.0,0.0,0.0,0.0,0.0,0.0,0.0,0.0,0.0,0.0,13.043478260869565,54.054054,27.027027,18.918918899999998,0.0,9.80534722804109,0.9009282663464546,0.012689130511921895,5.217836099417592,2024,Rk
Daris Cordero,NYM,808075.0,sa3021162,18,6570,71,67,0.0,0.0,0.0,0.044776119,0,0.0,23,1.4084507,32.3943661,53.19105723852761,0.36956521700000006,0.28004080812696003,0.0,0.0,0.0,0.0,0.0,0.0,0.0,0.0,0.0,0.0,0.0,0.0,0.0,0.0,0.0,30.612244897959183,36.9565217,41.304347799999995,21.739130399999997,0.0,4.429672630298233,-0.004485920071601868,-6.318197283946292e-05,7.75938189247661,2024,Rk
Renny Sillet,CHW,823290.0,sa3024650,17,6205,70,62,0.0,0.0,0.0,0.032258063999999996,0,0.0,19,7.1428571,27.1428571,43.51809346825689,0.27906976699999997,0.2692573813424594,0.0,0.0,0.0,0.0,0.0,0.0,0.0,0.0,0.0,0.0,0.0,0.0,0.0,0.0,0.0,15.217391304347828,33.3333333,47.6190476,19.047619,0.0,5.791875431010448,0.3077449463307857,0.004396356376154082,11.56735782269683,2024,Rk
Erick Arosemena,SFG,800374.0,sa3018538,19,6935,70,48,0.0,0.0,0.0,0.1875,1,0.0,15,20.0,21.4285714,142.5470945621157,0.294117647,0.4398417064121791,0.0,0.0,0.0,0.0,0.0,0.0,0.0,0.0,0.0,0.0,0.0,0.0,0.0,0.0,0.0,15.789473684210524,26.470588199999998,64.7058823,8.823529400000002,0.0,8.040565846378886,0.25890403240919113,0.003698629034417016,22.071990591429017,2024,Rk
Wander Frias,BAL,815806.0,sa3023184,18,6570,70,52,0.0,0.0,0.0,0.038461538999999996,0,0.0,18,15.7142857,25.714285699999998,38.56700661039743,0.11428571400000001,0.2509334578233607,0.0,0.0,0.0,0.0,0.0,0.0,0.0,0.0,0.0,0.0,0.0,0.0,0.0,0.0,0.0,15.0,54.545454500000005,30.303030300000003,15.151515099999997,0.0,9.359784284253836,0.4670029208064079,0.006671470297234399,14.409499072314663,2024,Rk
Luis Ariza,TBR,699078.0,sa3015791,20,7300,70,60,0.0,0.0,0.0,0.15,1,0.0,15,12.857142799999998,21.4285714,85.09731894012205,0.266666666,0.3305209449359349,0.0,0.0,0.0,0.0,0.0,0.0,0.0,0.0,0.0,0.0,0.0,0.0,0.0,0.0,0.0,20.6896551724138,40.0,44.444444399999995,15.555555499999999,0.0,6.269167758422436,0.06790433824062347,0.0009700619748660496,10.096273839443892,2024,Rk
Gerardo Rodriguez,BOS,808269.0,sa3021614,18,6570,70,54,0.0,0.0,0.0,0.074074074,1,0.0,12,22.857142800000002,17.142857100000004,118.10783561632402,0.31707317,0.397173844064985,0.0,0.0,0.0,0.0,0.0,0.0,0.0,91.4,90.0,75.7,0.0,0.0,0.0,0.0,0.0,12.962962962962964,53.6585365,26.829268199999998,19.5121951,17.8,5.219623140652597,-0.1239849254488945,-0.001771213220698493,24.513929484913106,2024,Rk
Jediael Maduro,SFG,698950.0,sa3016151,20,7300,70,59,0.0,0.0,0.0,0.033898305,0,0.0,13,8.5714285,18.5714285,64.35740105474862,0.291666666,0.30777739712170193,0.0,0.0,0.0,0.0,0.0,0.0,0.0,0.0,0.0,0.0,0.0,0.0,0.0,0.0,0.0,21.27659574468085,54.1666666,27.0833333,18.75,0.0,2.33035714,-0.09702078765258193,-0.001386011252179742,6.22757379702159,2024,Rk
Dario Laverde,LAA,800188.0,sa3018470,19,6935,70,63,0.0,0.0,0.0,0.111111111,0,0.0,11,5.7142857000000005,15.7142857,116.643092188349,0.415094339,0.4018856934879137,0.0,0.0,0.0,0.0,0.0,0.0,0.0,0.0,0.0,0.0,0.0,0.0,0.0,0.0,0.0,12.962962962962964,49.0196078,31.372549,19.6078431,0.0,4.352757658193728,-0.4509225762449205,-0.00644175108921315,15.158463716832344,2024,Rk
Edgar Mota,KCR,808692.0,sa3022292,18,6570,70,57,0.0,0.0,0.0,0.01754386,0,0.0,25,15.7142857,35.714285700000005,18.959594929238342,0.176470588,0.2194493293762207,0.0,0.0,0.0,0.0,0.0,0.0,0.0,0.0,0.0,0.0,0.0,0.0,0.0,0.0,0.0,12.19512195121951,45.45454539999999,30.303030300000003,24.2424242,0.0,1.35609243375,-0.08682829141616821,-0.001240404163088117,8.195701797941098,2024,Rk
Riquelmin Cabral,ARI,691282.0,sa3015518,21,7665,70,62,0.0,0.0,0.0,0.08064516099999999,0,0.0,20,8.5714285,28.571428499999996,49.384974853033285,0.302325581,0.2759704106095908,0.0,0.0,0.0,0.0,0.0,0.0,0.0,0.0,0.0,0.0,0.0,0.0,0.0,0.0,0.0,6.8181818181818175,53.6585365,26.829268199999998,19.5121951,0.0,7.115032420922437,0.12607940286397934,0.0018011343266282765,4.398406090227535,2024,Rk
Elias Medina,LAD,808257.0,sa3021219,18,6570,69,56,0.0,0.0,0.0,0.053571429000000004,0,0.0,15,17.391304299999998,21.739130399999997,130.12681066829813,0.43902439,0.4324697377025217,0.0,0.0,0.0,0.0,0.0,0.0,0.0,0.0,0.0,0.0,0.0,0.0,0.0,0.0,0.0,24.444444444444446,43.902439,31.707317000000003,24.390243899999998,0.0,6.2064758527524475,0.4950776100158691,0.007175037826316944,24.90511284843299,2024,Rk
Jeiker Gudino,DET,821799.0,sa3024371,17,6205,69,52,0.0,0.0,0.0,0.019230768999999998,0,0.0,10,15.9420289,14.492753599999999,34.34000530682905,0.116279069,0.2692636476046797,0.0,0.0,0.0,0.0,0.0,0.0,0.0,0.0,0.0,0.0,0.0,0.0,0.0,0.0,0.0,11.111111111111109,50.0,37.5,12.5,0.0,4.2625270011659016,-0.026192992925643917,-0.00037960859312527424,17.05312372910222,2024,Rk
Yidel Diaz,CHC,800271.0,sa3018946,19,6935,69,61,0.0,0.0,0.0,0.049180327,0,0.0,25,11.5942028,36.231884,56.05385953383292,0.36111111100000004,0.2902679823446965,0.0,0.0,0.0,0.0,0.0,0.0,0.0,96.1,96.0,95.6,100.0,0.0,0.0,0.0,0.0,16.666666666666664,48.571428499999996,28.571428499999996,22.857142800000002,-1.0,4.323507930771059,0.11683932784944773,0.0016933235920209816,7.449703214277653,2024,Rk
Ibrahim Ruiz,PHI,815018.0,sa3024297,17,6205,69,61,0.0,0.0,0.0,0.016393443,0,0.0,15,4.347826,21.739130399999997,54.49008571376825,0.255319148,0.2647572496662969,0.0,0.0,0.0,0.0,0.0,0.0,0.0,0.0,0.0,0.0,0.0,0.0,0.0,0.0,0.0,13.725490196078432,37.2093023,46.5116279,16.279069699999997,0.0,5.783472133247918,-0.8506547287106514,-0.012328329401603643,11.10069689187699,2024,Rk
Andres Arias,TOR,815914.0,sa3025145,17,6205,69,55,0.0,0.0,0.0,0.109090909,0,0.0,15,15.9420289,21.739130399999997,146.46515190708857,0.425,0.4409269129528719,0.0,0.0,0.0,0.0,0.0,0.0,0.0,0.0,0.0,0.0,0.0,0.0,0.0,0.0,0.0,14.893617021276595,42.5,25.0,32.5,0.0,5.503611475819447,-0.04790006577968597,-0.0006942038518795067,30.922953251540516,2024,Rk
Randy Perea,DET,700367.0,sa3016344,20,7300,69,56,0.0,0.0,0.0,0.17857142899999998,2,0.0,20,17.391304299999998,28.985507199999997,129.03298000995892,0.411764705,0.4399758560070093,0.0,0.0,0.0,0.0,0.0,0.0,0.0,0.0,0.0,0.0,0.0,0.0,0.0,0.0,0.0,19.51219512195122,45.71428570000001,22.857142800000002,31.4285714,0.0,8.610322002752449,0.5167846828699112,0.0074896330850711765,14.495950296775215,2024,Rk
Sammy Stafura,CIN,806230.0,sa3022612,19,6935,69,55,0.0,0.0,0.0,0.23636363600000002,2,0.0,20,17.391304299999998,28.985507199999997,147.87935336826146,0.485714285,0.4678812441618546,0.0,0.0,0.0,0.0,0.0,0.0,0.0,0.0,0.0,0.0,0.0,0.0,0.0,0.0,0.0,18.918918918918923,27.027027,43.2432432,29.729729700000004,0.0,8.958029605883453,0.6891191117465496,0.009987233503573185,21.43982888198804,2024,Rk
Almen Tolentino,MIA,820958.0,sa3024628,17,6205,69,50,0.0,0.0,0.0,0.04,0,0.0,21,27.536231800000003,30.4347826,59.31060356580754,0.137931034,0.29321061182713165,0.0,0.0,0.0,0.0,0.0,0.0,0.0,0.0,0.0,0.0,0.0,0.0,0.0,0.0,0.0,20.588235294117645,32.1428571,53.5714285,14.2857142,0.0,6.270678301656913,1.4507226310670376,0.021024965667638226,19.033932715814306,2024,Rk
Edgar Basabe,TEX,699205.0,sa3015810,20,7300,69,64,0.0,0.0,0.0,0.046875,0,0.0,18,7.246376799999999,26.086956500000007,40.933208661476506,0.304347826,0.26968558456586755,0.0,0.0,0.0,0.0,0.0,0.0,0.0,0.0,0.0,0.0,0.0,0.0,0.0,0.0,0.0,4.3478260869565215,55.555555500000004,33.3333333,11.111111099999999,0.0,6.433559014087138,0.5721776261925697,0.008292429365109707,5.650265645077568,2024,Rk
Abel De Leon,CHC,800523.0,sa3018585,19,6935,68,57,0.0,0.0,0.0,0.087719298,1,0.0,26,13.235294099999999,38.2352941,94.69701365435984,0.4,0.3520231790402356,0.0,0.0,0.0,0.0,0.0,0.0,0.0,0.0,0.0,0.0,0.0,0.0,0.0,0.0,0.0,42.42424242424242,29.032258000000002,45.16129030000001,25.806451600000006,0.0,6.832104197587116,0.8860378824174404,0.013029968859080006,13.16083271499882,2024,Rk
Christopher Orelin,PIT,800298.0,sa3018503,19,6935,68,51,0.0,0.0,0.0,0.098039216,0,0.0,17,22.0588235,25.0,90.88168982457589,0.205882352,0.3347868007772109,0.0,0.0,0.0,0.0,0.0,0.0,0.0,0.0,0.0,0.0,0.0,0.0,0.0,0.0,0.0,21.621621621621625,42.4242424,42.4242424,15.151515099999997,0.0,9.382308128417378,0.8914646506309509,0.013109774273984572,16.597728212857586,2024,Rk
Justin Guerrero,STL,692393.0,sa3015615,21,7665,68,60,0.0,0.0,0.0,0.05,1,0.0,19,7.352941100000002,27.941176399999996,15.183077513195965,0.17073170699999998,0.2136161274769727,0.0,0.0,0.0,0.0,0.0,0.0,0.0,0.0,0.0,0.0,0.0,0.0,0.0,0.0,0.0,24.489795918367342,42.8571428,28.571428499999996,28.571428499999996,0.0,0.14285714,-0.11558370664715767,-0.0016997603918699658,2.4960392273237955,2024,Rk
Moises Lopez,MIN,808321.0,sa3021247,18,6570,68,52,0.0,0.0,0.0,0.115384615,2,0.0,26,22.0588235,38.2352941,76.80885086792799,0.166666666,0.3049182129256865,0.0,0.0,0.0,0.0,0.0,0.0,0.0,0.0,0.0,0.0,0.0,0.0,0.0,0.0,0.0,37.03703703703704,37.5,45.8333333,16.6666666,0.0,2.836356006723725,-1.1507546231150627,-0.016922862104633275,13.996431324821634,2024,Rk
Angel Cruz,DET,682881.0,sa3008831,22,8030,68,62,0.0,0.0,0.0,0.16129032199999999,2,0.0,17,4.411764700000001,25.0,96.4664287251193,0.318181818,0.34347812919055715,0.0,0.0,0.0,0.0,0.0,0.0,0.0,100.6,97.0,87.8,33.3,0.0,0.0,0.0,0.0,28.26086956521739,46.6666666,37.7777777,15.555555499999999,25.7,9.268372669921042,0.37508682906627655,0.00551598278038642,5.083715226286826,2024,Rk
Jorge Puerta,CIN,692333.0,sa3015606,22,8030,68,58,0.0,0.0,0.0,0.068965517,1,0.0,10,8.823529400000002,14.7058823,63.94570069167025,0.285714285,0.32093013133575665,0.0,0.0,0.0,0.0,0.0,0.0,0.0,0.0,0.0,0.0,0.0,0.0,0.0,0.0,0.0,11.764705882352938,40.8163265,42.8571428,16.326530599999998,0.0,2.01785714,-0.09240075014531612,-0.0013588345609605312,3.7331073014391234,2024,Rk
Joshua Francis,SEA,821806.0,sa3023978,17,6205,67,53,0.0,0.0,0.0,0.056603774,0,0.0,21,19.402985,31.3432835,77.71767602274221,0.28125,0.32179867153737085,0.0,0.0,0.0,0.0,0.0,0.0,0.0,0.0,0.0,0.0,0.0,0.0,0.0,0.0,0.0,10.810810810810812,68.75,18.75,12.5,0.0,6.902289631849504,-0.2316197641193867,-0.003457011404766965,19.39226164483668,2024,Rk
Angel Acosta,KCR,808665.0,sa3021290,21,7665,67,57,0.0,0.0,0.0,0.10526315800000001,1,0.0,7,10.4477611,10.4477611,100.3553163039068,0.28,0.3685853481292725,0.0,0.0,0.0,0.0,0.0,0.0,0.0,0.0,0.0,0.0,0.0,0.0,0.0,0.0,0.0,13.157894736842106,52.0,34.0,14.000000000000002,0.0,3.7060069998017346,-0.22619299590587616,-0.0033760148642668084,7.501194165769185,2024,Rk
Juan Uribe,CHW,808322.0,sa3021620,18,6570,67,49,0.0,0.0,0.0,0.020408164,0,0.0,27,26.8656716,40.2985074,76.65817191060142,0.318181818,0.3293129543759929,0.0,0.0,0.0,0.0,0.0,0.0,0.0,0.0,0.0,0.0,0.0,0.0,0.0,0.0,0.0,17.391304347826086,63.6363636,18.1818181,18.1818181,0.0,2.8505068514115823,0.06975756585597992,0.001041157699342984,13.973179166850176,2024,Rk
Amilcar Vasquez,MIN,691640.0,sa3016101,22,8030,67,60,0.0,0.0,0.0,0.05,0,0.0,8,5.9701492,11.9402985,115.2684746282246,0.365384615,0.3715488404938669,0.0,0.0,0.0,0.0,0.0,0.0,0.0,0.0,0.0,0.0,0.0,0.0,0.0,0.0,0.0,22.222222222222218,50.0,28.846153800000003,21.153846100000006,0.0,4.09400079659387,0.018368463963270187,0.00027415617855627145,5.101338372446691,2024,Rk
George Wolkow,CHW,805804.0,sa3022817,18,6570,67,57,0.0,0.0,0.0,0.228070175,2,0.0,26,11.9402985,38.8059701,146.4713204310326,0.586206896,0.454781022938815,0.0,0.0,0.0,0.0,0.0,0.0,0.0,0.0,0.0,0.0,0.0,0.0,0.0,0.0,0.0,35.483870967741936,35.4838709,48.3870967,16.129032199999997,0.0,5.295865371865839,-0.0416824952699244,-0.0006221267950734985,22.475262340415238,2024,Rk
Iverson Allen,PIT,821044.0,sa3023750,16,5840,67,60,0.0,0.0,0.0,0.083333333,0,0.0,15,7.4626865,22.3880597,78.41999418500356,0.311111111,0.3229044907128633,0.0,0.0,0.0,0.0,0.0,0.0,0.0,0.0,0.0,0.0,0.0,0.0,0.0,0.0,0.0,16.071428571428573,41.4634146,39.0243902,19.5121951,0.0,7.966393654249697,0.30231817811727524,0.004512211613690675,20.98456769333777,2024,Rk
Vinicius Dos Santos,SFG,821778.0,sa3024150,17,6205,67,55,0.0,0.0,0.0,0.05454545400000001,0,0.0,21,10.4477611,31.3432835,91.90179182835787,0.352941176,0.34497421713017706,0.0,0.0,0.0,0.0,0.0,0.0,0.0,0.0,0.0,0.0,0.0,0.0,0.0,0.0,0.0,14.285714285714285,38.2352941,41.1764705,20.5882352,0.0,5.137446285499698,0.2860378734767437,0.004269221992190204,17.235621485976406,2024,Rk
Wade Meckler,SFG,685133.0,sa3020119,24,8760,67,57,0.0,0.0,0.0,0.035087718999999996,0,0.0,13,13.4328358,19.402985,70.26025140126863,0.295454545,0.3181121126929326,0.0,0.0,0.0,0.0,0.0,0.0,0.0,0.0,0.0,0.0,0.0,0.0,0.0,0.0,0.0,6.8181818181818175,53.488372,25.5813953,20.9302325,0.0,6.7857142857142865,0.9029792272485792,0.013477301899232526,2.8323512305885696,2024,Rk
Yelserth Ayala,CLE,808146.0,sa3021603,18,6570,66,53,0.0,0.0,0.0,0.056603774,0,0.0,12,15.151515099999997,18.1818181,92.53338709735688,0.31707317,0.3621152229607105,0.0,0.0,0.0,0.0,0.0,0.0,0.0,0.0,0.0,0.0,0.0,0.0,0.0,0.0,0.0,6.8181818181818175,57.8947368,18.421052600000003,23.684210500000002,0.0,9.19349027592958,0.9629534855484962,0.014590204326492369,22.448590747447973,2024,Rk
Junior Sanchez,MIA,691265.0,sa3019199,21,7665,66,58,0.0,0.0,0.0,0.068965518,0,0.0,11,9.090909,16.6666666,104.08798450531862,0.340425531,0.35651375127561163,0.0,0.0,0.0,0.0,0.0,0.0,0.0,0.0,0.0,0.0,0.0,0.0,0.0,0.0,0.0,12.76595744680851,53.3333333,24.4444444,22.222222199999997,0.0,7.0473854106197775,1.142062924802303,0.01730398370912581,7.732647928990223,2024,Rk
Boris Sarduy,SFG,821652.0,sa3024141,17,6205,66,46,0.0,0.0,0.0,0.10869565199999999,1,0.0,20,24.2424242,30.303030300000003,105.8874658965308,0.23076923,0.3703186855171666,0.0,0.0,0.0,0.0,0.0,0.0,0.0,0.0,0.0,0.0,0.0,0.0,0.0,0.0,0.0,23.33333333333333,33.3333333,55.555555500000004,11.111111099999999,0.0,3.883208337931221,-0.9601309411227704,-0.014547438501860157,23.741374855459448,2024,Rk
Axel Villaman,LAA,814286.0,sa3021328,19,6935,66,56,0.0,0.0,0.0,0.053571429000000004,0,0.0,20,13.6363636,30.303030300000003,61.9352664115831,0.297297297,0.2950491146607833,0.0,0.0,0.0,0.0,0.0,0.0,0.0,0.0,0.0,0.0,0.0,0.0,0.0,0.0,0.0,12.82051282051282,61.7647058,20.5882352,17.647058800000003,0.0,8.174153611147739,-0.015339456498622894,-0.00023241600755489239,10.534136305974624,2024,Rk
Eduardo Perez,HOU,808039.0,sa3021154,17,6205,66,56,0.0,0.0,0.0,0.214285714,2,0.0,33,6.060606,50.0,105.33203499573564,0.47619047600000003,0.3762084823666197,0.0,0.0,0.0,0.0,0.0,0.0,0.0,0.0,0.0,0.0,0.0,0.0,0.0,0.0,0.0,40.625,20.0,60.0,20.0,0.0,5.777230089591839,-0.19363238662481308,-0.002933824039769895,19.92558842291649,2024,Rk
Fidel Montero,NYY,700320.0,sa3015856,20,7300,66,55,0.0,0.0,0.0,0.181818182,2,0.0,27,15.151515099999997,40.909090899999995,95.03444238754184,0.37037037,0.3537722970500137,0.0,0.0,0.0,0.0,0.0,0.0,0.0,93.3,93.3,93.3,0.0,0.0,0.0,0.0,0.0,13.333333333333336,32.1428571,67.85714279999999,0.0,67.0,4.989508700102354,-0.41054821014404297,-0.006220427426424893,9.272598514377268,2024,Rk
Lennyn Nunez,PIT,805775.0,sa3019664,20,7300,65,46,0.0,0.0,0.0,0.065217391,0,0.0,8,15.384615300000002,12.3076923,168.4520204125714,0.39473684200000003,0.4860581457614898,0.0,0.0,0.0,0.0,0.0,0.0,0.0,0.0,0.0,0.0,0.0,0.0,0.0,0.0,0.0,22.641509433962263,27.7777777,44.444444399999995,27.7777777,0.0,3.786963787990824,-0.2804606780409813,-0.004314779662168943,13.789207450892155,2024,Rk
Junior Quezada,DET,800296.0,sa3018949,19,6935,65,56,0.0,0.0,0.0,0.0,0,0.0,15,10.769230699999998,23.076923,45.818815619445665,0.243902439,0.2594328969717026,0.0,0.0,0.0,0.0,0.0,0.0,0.0,0.0,0.0,0.0,0.0,0.0,0.0,0.0,0.0,4.651162790697675,53.8461538,35.8974358,10.2564102,0.0,4.807150072770641,-0.015339456498622894,-0.00023599163844035225,7.58697261404198,2024,Rk
Brandon Jaime,CIN,811366.0,sa3024294,19,6935,65,54,0.0,0.0,0.0,0.09259259199999999,1,0.0,8,9.2307692,12.3076923,95.7035785706118,0.282608695,0.3571839994854397,0.0,0.0,0.0,0.0,0.0,0.0,0.0,0.0,0.0,0.0,0.0,0.0,0.0,0.0,0.0,17.307692307692307,42.2222222,33.3333333,24.4444444,0.0,2.4783834525,-0.10310859605669977,-0.0015862860931799964,13.549934697789435,2024,Rk
Josnaider Orellana,ATL,800428.0,sa3019404,19,6935,65,58,0.0,0.0,0.0,0.0,0,0.0,17,10.769230699999998,26.153846100000003,23.909878007730104,0.219512195,0.22047217259040244,0.0,0.0,0.0,0.0,0.0,0.0,0.0,96.5,96.5,93.0,50.0,0.0,0.0,0.0,0.0,14.285714285714285,48.7179487,38.461538399999995,12.820512800000001,19.0,3.2075046568617696,0.06790433824062347,0.0010446821267788226,6.150804420267062,2024,Rk
Milo Rushford,KCR,806299.0,sa3020499,20,7300,65,52,0.0,0.0,0.0,0.134615384,1,0.0,22,18.4615384,33.846153799999996,84.80179905299327,0.310344827,0.34419876153652484,0.0,0.0,0.0,0.0,0.0,0.0,0.0,0.0,0.0,0.0,0.0,0.0,0.0,0.0,0.0,23.33333333333333,37.9310344,48.275862,13.7931034,0.0,9.06054101907227,1.1075992677360773,0.017039988734401188,11.077697697748723,2024,Rk
Idalberto Santiesteban,MIL,807755.0,sa3021110,20,7300,64,54,0.0,0.0,0.0,0.018518518,0,0.0,15,10.9375,23.4375,54.72141164835204,0.25,0.2784549556672573,0.0,0.0,0.0,0.0,0.0,0.0,0.0,0.0,0.0,0.0,0.0,0.0,0.0,0.0,0.0,4.651162790697675,71.05263149999998,7.8947368,21.0526315,0.0,5.78290529828175,-0.015339456498622894,-0.00023967900779098272,6.152192796290044,2024,Rk
Derniche Valdez,CHC,806961.0,sa3021068,18,6570,64,59,0.0,0.0,0.0,0.237288136,2,0.0,19,6.25,29.6875,98.44117515777138,0.358974358,0.3644797317683697,0.0,0.0,0.0,0.0,0.0,0.0,0.0,110.2,109.7,107.8,100.0,0.0,0.0,0.0,0.0,12.19512195121951,47.368421000000005,36.842105200000006,15.7894736,14.5,7.88179969615425,-0.20934223569929603,-0.0032709724328015,17.961608145955022,2024,Rk
Jose Bericoto,SDP,821641.0,sa3024351,17,6205,64,47,0.0,0.0,0.0,0.08510638300000001,0,0.0,16,21.875,25.0,53.72342551656308,0.15625,0.2877378675245469,0.0,0.0,0.0,0.0,0.0,0.0,0.0,0.0,0.0,0.0,0.0,0.0,0.0,0.0,0.0,5.5555555555555545,45.16129030000001,41.9354838,12.9032258,0.0,5.34898429527981,-0.9275703318417072,-0.014493286435026675,18.072277869089124,2024,Rk
Nick Peoples,WSN,703612.0,sa3021582,19,6935,63,51,0.0,0.0,0.0,0.19607843100000003,1,0.0,24,14.2857142,38.095238,97.53086132243419,0.307692307,0.34991723109805395,0.0,0.0,0.0,0.0,0.0,0.0,0.0,0.0,0.0,0.0,0.0,0.0,0.0,0.0,0.0,32.142857142857146,40.7407407,37.037037,22.222222199999997,0.0,6.007766544099272,-0.4084012247622013,-0.006482559123209546,13.383250426647036,2024,Rk
Walfrent Guzman,SDP,821617.0,sa3024137,19,6935,63,47,0.0,0.0,0.0,0.08510638300000001,1,0.0,26,22.222222199999997,41.2698412,50.20034271021345,0.142857142,0.28146863929809085,0.0,0.0,0.0,0.0,0.0,0.0,0.0,0.0,0.0,0.0,0.0,0.0,0.0,0.0,0.0,41.379310344827594,27.2727272,54.545454500000005,18.1818181,0.0,1.72373949,-0.09225505962967873,-0.0014643660258679162,9.045330973944214,2024,Rk
Noah Barber,KCR,815585.0,sa3023621,19,6935,63,54,0.0,0.0,0.0,0.074074074,1,0.0,30,12.6984126,47.6190476,39.65543686213571,0.34782608600000003,0.26515647096018635,0.0,0.0,0.0,0.0,0.0,0.0,0.0,0.0,0.0,0.0,0.0,0.0,0.0,0.0,0.0,12.0,54.545454500000005,27.2727272,18.1818181,0.0,7.021844556840677,0.5767976636998355,0.009155518471425959,8.645391933277466,2024,Rk
Nayerich Waterfort,CIN,820938.0,sa3024114,18,6570,63,48,0.0,0.0,0.0,0.0625,0,0.0,16,14.2857142,25.3968253,69.82382660754286,0.1875,0.3102853979383196,0.0,0.0,0.0,0.0,0.0,0.0,0.0,0.0,0.0,0.0,0.0,0.0,0.0,0.0,0.0,30.555555555555557,41.9354838,38.7096774,19.3548387,0.0,5.487162103269948,-0.5329970940947533,-0.008460271334837354,13.762541971108698,2024,Rk
Helder Rosario,WSN,800293.0,sa3018948,19,6935,63,47,0.0,0.0,0.0,0.042553191,0,0.0,20,22.222222199999997,31.7460317,62.547639804076034,0.222222222,0.2893094097981688,0.0,0.0,0.0,0.0,0.0,0.0,0.0,0.0,0.0,0.0,0.0,0.0,0.0,0.0,0.0,12.5,53.8461538,26.9230769,19.230769199999997,0.0,6.395780609899516,0.4513923861086369,0.007164958509660903,11.367557661686625,2024,Rk
Carlos Brito,SFG,815207.0,sa3024301,18,6570,63,49,0.0,0.0,0.0,0.06122449,1,0.0,19,19.047619,30.1587301,62.66159798449186,0.172413793,0.29507532384660506,0.0,0.0,0.0,0.0,0.0,0.0,0.0,0.0,0.0,0.0,0.0,0.0,0.0,0.0,0.0,20.0,55.1724137,27.586206800000006,17.241379300000002,0.0,4.180245357369837,-0.22076622769236565,-0.0035042258363867564,13.179186360824671,2024,Rk
Noel Severo,CHW,823275.0,sa3024377,18,6570,63,49,0.0,0.0,0.0,0.081632653,1,0.0,31,17.4603174,49.206349200000005,61.300757669315225,0.294117647,0.3014826547531855,0.0,0.0,0.0,0.0,0.0,0.0,0.0,0.0,0.0,0.0,0.0,0.0,0.0,0.0,0.0,30.0,47.058823499999995,35.29411760000001,17.647058800000003,0.0,0.29910714,-0.09768182784318924,-0.0015505052038601464,11.660957222688058,2024,Rk
Jean C. Gutierrez,SEA,808499.0,sa3021852,18,6570,63,54,0.0,0.0,0.0,0.055555556,1,0.0,24,11.111111099999999,38.095238,53.774456855153716,0.275862068,0.27840940346793525,0.0,0.0,0.0,0.0,0.0,0.0,0.0,0.0,0.0,0.0,0.0,0.0,0.0,0.0,0.0,33.33333333333333,41.37931029999999,37.9310344,20.6896551,0.0,1.60119047125,-0.09225505962967873,-0.0014643660258679162,8.171765752970476,2024,Rk
Juan Aparicio,ARI,691279.0,sa3015516,21,7665,63,53,0.0,0.0,0.0,0.018867923999999998,0,0.0,14,12.6984126,22.222222199999997,55.746698302711,0.256410256,0.2871085216128637,0.0,0.0,0.0,0.0,0.0,0.0,0.0,0.0,0.0,0.0,0.0,0.0,0.0,0.0,0.0,15.384615384615385,50.0,32.352941099999995,17.647058800000003,0.0,2.64285714,-0.08778071263805033,-0.0013933446450484178,4.307132233318901,2024,Rk
Felix Morrobel,LAA,807011.0,sa3021103,18,6570,62,52,0.0,0.0,0.0,0.019230768999999998,0,0.0,8,12.9032258,12.9032258,99.08396959218356,0.36363636299999996,0.37114316622416177,0.0,0.0,0.0,0.0,0.0,0.0,0.0,0.0,0.0,0.0,0.0,0.0,0.0,0.0,0.0,2.1739130434782608,67.44186040000001,18.6046511,13.9534883,0.0,5.3870775508876445,-0.21406443091109395,-0.003452652111469257,19.575581463974128,2024,Rk
Jorge Lara,ARI,814278.0,sa3021327,18,6570,62,47,0.0,0.0,0.0,0.08510638300000001,1,0.0,14,12.9032258,22.5806451,104.40315554720988,0.303030303,0.3889981873573796,0.0,0.0,0.0,0.0,0.0,0.0,0.0,0.0,0.0,0.0,0.0,0.0,0.0,0.0,0.0,21.621621621621625,47.058823499999995,35.29411760000001,17.647058800000003,0.0,5.234770023079338,-0.8777885697782041,-0.014157880157712969,19.331433805273786,2024,Rk
Andres Hernandez,PHI,800309.0,sa3018510,19,6935,62,52,0.0,0.0,0.0,0.038461538999999996,0,0.0,18,14.516129000000001,29.032258000000002,82.60324445896178,0.323529411,0.32230149353704146,0.0,0.0,0.0,0.0,0.0,0.0,0.0,0.0,0.0,0.0,0.0,0.0,0.0,0.0,0.0,16.216216216216218,46.875,31.25,21.875,0.0,3.810088693324312,-0.22076622769236565,-0.0035607456079413814,9.754900239643282,2024,Rk
Nicolas Ortiz,COL,821123.0,sa3024478,17,6205,62,49,0.0,0.0,0.0,0.020408163,0,0.0,23,16.129032199999997,37.09677410000001,43.10078194711441,0.23076923,0.2661853247001523,0.0,0.0,0.0,0.0,0.0,0.0,0.0,0.0,0.0,0.0,0.0,0.0,0.0,0.0,0.0,17.857142857142858,56.00000000000001,28.000000000000004,16.0,0.0,4.789584768343747,-0.727570328861475,-0.01173500530421734,11.388193358185642,2024,Rk
Jhonanderson Robain,BAL,808284.0,sa3022345,18,6570,62,47,0.0,0.0,0.0,0.08510638300000001,0,0.0,15,19.3548387,24.1935483,112.02581630356678,0.3125,0.3841167611460532,0.0,0.0,0.0,0.0,0.0,0.0,0.0,0.0,0.0,0.0,0.0,0.0,0.0,0.0,0.0,15.789473684210524,38.7096774,45.16129030000001,16.129032199999997,0.0,6.821657292416461,-0.8723618015646935,-0.01407035163814022,22.031419677959992,2024,Rk
Johendry Javier,SDP,821622.0,sa3024642,17,6205,62,50,0.0,0.0,0.0,0.02,0,0.0,18,16.129032199999997,29.032258000000002,42.253327478706716,0.212121212,0.2644962822237322,0.0,0.0,0.0,0.0,0.0,0.0,0.0,0.0,0.0,0.0,0.0,0.0,0.0,0.0,0.0,41.02564102564102,36.363636299999996,57.575757499999995,6.060606,0.0,2.09138654625,-0.09225505962967873,-0.0014879848327367536,12.081518169689407,2024,Rk
Rafael Martinez,NYY,809778.0,sa3021645,18,6570,61,52,0.0,0.0,0.0,0.038461537999999997,0,0.0,11,13.114754,18.0327868,86.3838420473753,0.333333333,0.34988423644519245,0.0,0.0,0.0,0.0,0.0,0.0,0.0,0.0,0.0,0.0,0.0,0.0,0.0,0.0,0.0,17.391304347826086,56.09756089999999,26.829268199999998,17.073170700000002,0.0,4.326642605558819,-0.5438506305217743,-0.00891558410691433,16.34626705393759,2024,Rk
Ramses Velazquez,SDP,806647.0,sa3020224,19,6935,61,40,0.0,0.0,0.0,0.075,0,0.0,22,29.5081967,36.0655737,122.7522524352076,0.421052631,0.4110042691230774,0.0,0.0,0.0,0.0,0.0,0.0,0.0,0.0,0.0,0.0,0.0,0.0,0.0,0.0,0.0,20.0,31.5789473,47.368421000000005,21.0526315,0.0,5.527968321566283,1.2697575837373734,0.020815698094055302,17.427537215944213,2024,Rk
Emdys Rosillo,CIN,824768.0,sa3024898,17,6205,61,46,0.0,0.0,0.0,0.021739131000000002,0,0.0,6,21.3114754,9.8360655,123.6510738231016,0.31707317,0.4078297106946101,0.0,0.0,0.0,0.0,0.0,0.0,0.0,0.0,0.0,0.0,0.0,0.0,0.0,0.0,0.0,9.30232558139535,47.5,37.5,15.0,0.0,2.16208790875,-0.14109597355127335,-0.0023130487467421857,28.92797777228569,2024,Rk
Marlon Quintero,LAA,821238.0,sa3023936,17,6205,61,50,0.0,0.0,0.0,0.1,0,0.0,4,16.3934426,6.557377000000002,101.46671639932173,0.260869565,0.3666869620482127,0.0,0.0,0.0,0.0,0.0,0.0,0.0,0.0,0.0,0.0,0.0,0.0,0.0,0.0,0.0,14.000000000000002,38.6363636,38.6363636,22.727272699999997,0.0,8.871319627952202,0.496891412883997,0.00814576086695077,31.33044824291713,2024,Rk
Karniel Pratt,HOU,805043.0,sa3018636,19,6935,61,48,0.0,0.0,0.0,0.145833333,1,0.0,22,18.0327868,36.0655737,139.37373015230472,0.48,0.4130735198656718,0.0,0.0,0.0,0.0,0.0,0.0,0.0,36.8,36.8,36.8,0.0,0.0,0.0,0.0,0.0,18.51851851851852,40.0,32.0,28.000000000000004,-32.0,8.578401044952951,0.34817190654575825,0.005707736172881283,19.264676551135977,2024,Rk
Elier Gil,CHW,820823.0,sa3024308,18,6570,60,50,0.0,0.0,0.0,0.08,1,0.0,20,8.3333333,33.3333333,70.98780008865855,0.322580645,0.31903725663820903,0.0,0.0,0.0,0.0,0.0,0.0,0.0,0.0,0.0,0.0,0.0,0.0,0.0,0.0,0.0,21.052631578947366,54.8387096,35.4838709,9.6774193,0.0,2.01785714,-0.09225505962967873,-0.0015375843271613124,9.980646865750368,2024,Rk
Carlos Blanco,TBR,814223.0,sa3021651,20,7300,59,48,0.0,0.0,0.0,0.041666666,0,0.0,13,11.8644067,22.0338983,51.248309149681006,0.171428571,0.2687841977103282,0.0,0.0,0.0,0.0,0.0,0.0,0.0,0.0,0.0,0.0,0.0,0.0,0.0,0.0,0.0,12.82051282051282,48.571428499999996,34.28571420000001,17.142857100000004,0.0,2.64285714,-0.0814015232026577,-0.0013796868339433508,5.73042690439209,2024,Rk
Raylin Ramos,BAL,800426.0,sa3018561,19,6935,59,55,0.0,0.0,0.0,0.05454545400000001,0,0.0,11,6.779660999999999,18.6440677,52.69992120400885,0.27272727199999997,0.2716288314027301,0.0,0.0,0.0,0.0,0.0,0.0,0.0,0.0,0.0,0.0,0.0,0.0,0.0,0.0,0.0,10.0,57.1428571,35.714285700000005,7.1428571,0.0,3.0999110587446927,-0.600145248696208,-0.01017195336773234,7.375908010644947,2024,Rk
Yohandy Cruz,MIL,821241.0,sa3024131,17,6205,58,51,0.0,0.0,0.0,0.078431372,1,0.0,15,6.896551700000002,25.862068899999997,60.883804960388545,0.257142857,0.2896222817270379,0.0,0.0,0.0,0.0,0.0,0.0,0.0,0.0,0.0,0.0,0.0,0.0,0.0,0.0,0.0,25.58139534883721,41.6666666,41.6666666,16.6666666,0.0,3.620452919441613,-1.2289476618170738,-0.02118875278994955,11.346527203648154,2024,Rk
Juan Cruz,SEA,700319.0,sa3016194,20,7300,58,47,0.0,0.0,0.0,0.127659575,2,0.0,17,15.5172413,29.310344800000003,120.5931943844339,0.39285714200000005,0.39627278373952496,0.0,0.0,0.0,0.0,0.0,0.0,0.0,0.0,0.0,0.0,0.0,0.0,0.0,0.0,0.0,14.705882352941178,57.1428571,32.1428571,10.7142857,0.0,6.3573697189501015,0.5029792212881148,0.008672055539450255,12.353659027204609,2024,Rk
Juan Martínez,BAL,800417.0,sa3019541,19,6935,57,45,0.0,0.0,0.0,0.066666667,0,0.0,10,19.2982456,17.5438596,44.68678400367097,0.11428571400000001,0.2620867490768433,0.0,0.0,0.0,0.0,0.0,0.0,0.0,0.0,0.0,0.0,0.0,0.0,0.0,0.0,0.0,27.500000000000004,36.363636299999996,54.545454500000005,9.090909,0.0,5.20341734613908,0.3294520191848278,0.0057798599856987345,12.21697657902529,2024,Rk
Jensy De Leon,DET,699035.0,sa3016551,20,7300,57,49,0.0,0.0,0.0,0.020408163,0,0.0,12,10.5263157,21.0526315,50.40425961737883,0.27027027,0.2983748640930444,0.0,0.0,0.0,0.0,0.0,0.0,0.0,0.0,0.0,0.0,0.0,0.0,0.0,0.0,0.0,28.88888888888889,44.444444399999995,33.3333333,22.222222199999997,0.0,4.563048044294668,-0.8452279604971409,-0.014828560710476156,5.766094987665063,2024,Rk
Daniel Silva,NYM,800291.0,sa3020098,19,6935,57,46,0.0,0.0,0.0,0.02173913,0,0.0,15,17.5438596,26.315789399999996,106.12517528647679,0.387096774,0.3759666158441912,0.0,0.0,0.0,0.0,0.0,0.0,0.0,0.0,0.0,0.0,0.0,0.0,0.0,0.0,0.0,18.75,32.2580645,35.4838709,32.2580645,0.0,1.8588950529199144,-0.6370465382933617,-0.011176255057778276,12.84191358321553,2024,Rk
Jeffry Rosa,NYM,800251.0,sa3018941,19,6935,57,45,0.0,0.0,0.0,0.066666667,1,0.0,20,19.2982456,35.0877192,83.06083094518873,0.291666666,0.3233636199382314,0.0,0.0,0.0,0.0,0.0,0.0,0.0,63.5,63.5,63.5,0.0,0.0,0.0,0.0,0.0,33.33333333333333,28.000000000000004,56.00000000000001,16.0,62.0,4.588641705136581,0.2431364040821791,0.00426555094881016,11.653965619841518,2024,Rk
Fernando Pena,SFG,821627.0,sa3024643,17,6205,57,43,0.0,0.0,0.0,0.023255814,0,0.0,16,15.7894736,28.070175400000004,113.39994508734742,0.37037037,0.3856670082661143,0.0,0.0,0.0,0.0,0.0,0.0,0.0,0.0,0.0,0.0,0.0,0.0,0.0,0.0,0.0,7.142857142857142,66.6666666,14.814814800000002,18.5185185,0.0,2.14943608375,-0.1248156689107418,-0.0021897485773814352,21.252238783390048,2024,Rk
Anyelo Encarnación,STL,699031.0,sa3016157,20,7300,57,47,0.0,0.0,0.0,0.212765958,3,0.0,23,17.5438596,40.3508771,128.27499862774476,0.428571428,0.4095459088944553,0.0,0.0,0.0,0.0,0.0,0.0,0.0,0.0,0.0,0.0,0.0,0.0,0.0,0.0,0.0,28.000000000000004,39.1304347,47.8260869,13.0434782,0.0,5.861219148411892,0.6513923890888691,0.011427936650681914,12.889047988497913,2024,Rk
Enzo Paulino,TBR,703890.0,sa3018440,20,7300,57,53,0.0,0.0,0.0,0.32075471699999997,4,0.0,9,7.017543799999999,15.7894736,178.31755658064483,0.375,0.4920233812248498,0.0,0.0,0.0,0.0,0.0,0.0,0.0,0.0,0.0,0.0,0.0,0.0,0.0,0.0,0.0,15.909090909090908,42.8571428,35.714285700000005,21.4285714,0.0,7.293366741945926,-0.7094747219234705,-0.012446924946025796,14.086686619632735,2024,Rk
Jonathan Peguero,TOR,699091.0,sa3015794,19,6935,56,50,0.0,0.0,0.0,0.1,1,0.0,16,7.1428571,28.571428499999996,48.993771605740385,0.235294117,0.26152184179850985,0.0,0.0,0.0,0.0,0.0,0.0,0.0,102.3,102.3,95.7,66.7,0.0,0.0,0.0,0.0,17.777777777777782,41.1764705,35.29411760000001,23.5294117,12.3,0.14285714,-0.09081576950848104,-0.001621710169794304,6.327293648535487,2024,Rk
Jalvin Arias,PHI,815003.0,sa3023875,17,6205,56,43,0.0,0.0,0.0,0.139534884,2,0.0,20,21.4285714,35.714285700000005,133.72753408841595,0.38095238,0.4083492564303534,0.0,0.0,0.0,0.0,0.0,0.0,0.0,0.0,0.0,0.0,0.0,0.0,0.0,0.0,0.0,10.344827586206897,47.8260869,39.1304347,13.0434782,0.0,2.633208337931221,-0.9492774046957492,-0.016951382226709808,26.163845080268878,2024,Rk
Yorfran John,CLE,800135.0,sa3019723,19,6935,56,45,0.0,0.0,0.0,0.0,0,0.0,12,17.857142800000005,21.4285714,43.198977924928094,0.205882352,0.27109567395278383,0.0,0.0,0.0,0.0,0.0,0.0,0.0,0.0,0.0,0.0,0.0,0.0,0.0,0.0,0.0,14.285714285714285,39.3939393,48.4848484,12.1212121,0.0,4.051057777762189,-0.5275703258812428,-0.009420898676450764,9.181568272958437,2024,Rk
Erick De La Cruz,ARI,821057.0,sa3023919,17,6205,55,45,0.0,0.0,0.0,0.24444444399999998,3,0.0,16,12.7272727,29.090909,125.98343817736242,0.296296296,0.4089572494680232,0.0,0.0,0.0,0.0,0.0,0.0,0.0,0.0,0.0,0.0,0.0,0.0,0.0,0.0,0.0,27.27272727272727,34.6153846,42.30769229999999,23.076923,0.0,6.144626624756809,-0.3167167864739895,-0.005758487026799809,27.235498574973022,2024,Rk
Edgar Jimenez,NYY,821173.0,sa3024328,17,6205,55,51,0.0,0.0,0.0,0.098039215,1,0.0,18,3.6363636,32.7272727,20.167961441288536,0.235294117,0.22775751027193936,0.0,0.0,0.0,0.0,0.0,0.0,0.0,0.0,0.0,0.0,0.0,0.0,0.0,0.0,0.0,8.108108108108109,45.45454539999999,42.4242424,12.1212121,0.0,5.341707980387334,0.3565858602523804,0.006483379277316007,10.670702177050133,2024,Rk
Donovan McIntyre,SFG,702106.0,sa3017667,21,7665,55,45,0.0,0.0,0.0,0.155555555,1,0.0,23,14.545454499999998,41.8181818,81.54753531017563,0.38095238,0.3378738992744022,0.0,0.0,0.0,0.0,0.0,0.0,0.0,0.0,0.0,0.0,0.0,0.0,0.0,0.0,0.0,13.043478260869565,50.0,36.363636299999996,13.6363636,0.0,6.3250337879093586,-0.9724841052666306,-0.01768152918666601,5.969937913046969,2024,Rk
Jesus Natera,ATH,807965.0,sa3022055,17,6205,55,38,0.0,0.0,0.0,0.02631579,0,0.0,17,25.4545454,30.9090909,87.22847098541195,0.19047619,0.3331740769472989,0.0,0.0,0.0,0.0,0.0,0.0,0.0,0.0,0.0,0.0,0.0,0.0,0.0,0.0,0.0,12.0,50.0,40.0,10.0,0.0,2.295634915,-0.10853536427021028,-0.0019733702594583683,18.23810916414832,2024,Rk
Jose Aular,NYM,702869.0,sa3017954,20,7300,55,36,0.0,0.0,0.0,0.111111111,0,0.0,6,27.2727272,10.9090909,170.63336325002768,0.333333333,0.4927507227117365,0.0,0.0,0.0,0.0,0.0,0.0,0.0,0.0,0.0,0.0,0.0,0.0,0.0,0.0,0.0,15.151515151515152,41.37931029999999,37.9310344,20.6896551,0.0,6.5196798619460825,0.058904029428958886,0.001070982353253798,16.569847097389395,2024,Rk
Isaac Ramirez,PHI,808093.0,sa3022398,18,6570,55,45,0.0,0.0,0.0,0.066666667,0,0.0,23,12.7272727,41.8181818,60.36675451182735,0.304347826,0.2820051149888472,0.0,0.0,0.0,0.0,0.0,0.0,0.0,0.0,0.0,0.0,0.0,0.0,0.0,0.0,0.0,17.391304347826086,60.8695652,26.086956500000007,13.0434782,0.0,9.6325595608517,1.0887100026011467,0.019794727320020848,13.684578853204384,2024,Rk
Gabriel Silva,KCR,700385.0,sa3015865,20,7300,54,44,0.0,0.0,0.0,0.113636364,0,0.0,15,14.814814800000002,27.7777777,67.85488956574783,0.275862068,0.314528097521584,0.0,0.0,0.0,0.0,0.0,0.0,0.0,0.0,0.0,0.0,0.0,0.0,0.0,0.0,0.0,26.66666666666667,28.571428499999996,39.28571420000001,32.1428571,0.0,1.5228622562564915,-1.1632440332323313,-0.021541556170969096,7.006020521649287,2024,Rk
Luis Suarez,NYY,800379.0,sa3018541,19,6935,54,50,0.0,0.0,0.0,0.06,0,0.0,10,7.407407400000001,18.5185185,92.23998206649094,0.375,0.3604965783931591,0.0,0.0,0.0,0.0,0.0,0.0,0.0,0.0,0.0,0.0,0.0,0.0,0.0,0.0,0.0,11.363636363636365,51.282051200000005,25.641025600000003,23.076923,0.0,4.249258729423659,-0.5221435576677322,-0.009669325141995042,11.627647050713772,2024,Rk
Diego Campos,HOU,823843.0,sa3024381,17,6205,54,45,0.0,0.0,0.0,0.04444444400000001,0,0.0,13,16.6666666,24.074074,41.885675931031706,0.1875,0.26123266970669784,0.0,0.0,0.0,0.0,0.0,0.0,0.0,0.0,0.0,0.0,0.0,0.0,0.0,0.0,0.0,12.82051282051282,62.068965500000004,31.0344827,6.896551700000002,0.0,0.76785714,-0.07054798677563667,-0.0013064441995488273,13.69316502719936,2024,Rk
Howard Gonzalez,SFG,821601.0,sa3024342,17,6205,54,46,0.0,0.0,0.0,0.04347826,0,0.0,21,12.9629629,38.8888888,46.27104121155449,0.28,0.26537279067216096,0.0,0.0,0.0,0.0,0.0,0.0,0.0,0.0,0.0,0.0,0.0,0.0,0.0,0.0,0.0,6.896551724137932,60.8695652,21.739130399999997,17.391304299999998,0.0,4.08740242421333,0.12945201620459554,0.002397259559344362,11.239861848032193,2024,Rk
Johan Fernandez,ARI,827447.0,sa3024802,17,6205,54,43,0.0,0.0,0.0,0.093023256,0,0.0,11,12.9629629,20.3703703,78.81449356976255,0.25,0.33530603264862635,0.0,0.0,0.0,0.0,0.0,0.0,0.0,0.0,0.0,0.0,0.0,0.0,0.0,0.0,0.0,11.428571428571427,43.75,50.0,6.25,0.0,2.535159556500739,-0.5936323925852776,-0.01099319245528292,18.610604585713446,2024,Rk
Dilan Medina,NYY,821615.0,sa3024345,18,6570,54,47,0.0,0.0,0.0,0.042553192000000004,0,0.0,13,7.407407400000001,24.074074,94.9417893211641,0.382352941,0.3632606621141787,0.0,0.0,0.0,0.0,0.0,0.0,0.0,0.0,0.0,0.0,0.0,0.0,0.0,0.0,0.0,17.94871794871795,54.545454500000005,36.363636299999996,9.090909,0.0,3.2994323449646465,-0.41533946245908737,-0.007691471527020138,13.556008097362186,2024,Rk
Daiverson Gutierrez,NYM,806987.0,sa3021086,18,6570,54,41,0.0,0.0,0.0,0.219512195,2,0.0,4,16.6666666,7.407407400000001,170.31007311461119,0.305555555,0.4745214106859984,0.0,0.0,0.0,0.0,0.0,0.0,0.0,100.8,100.8,100.8,100.0,0.0,0.0,0.0,0.0,22.97297297297297,33.3333333,41.6666666,25.0,19.0,1.08035714,-0.16511958092451096,-0.003057770017120573,28.007224276625646,2024,Rk
Jeremy George,MIL,821140.0,sa3024637,17,6205,53,43,0.0,0.0,0.0,0.069767442,1,0.0,24,13.2075471,45.283018799999994,39.49622768390696,0.166666666,0.2519484083607512,0.0,0.0,0.0,0.0,0.0,0.0,0.0,0.0,0.0,0.0,0.0,0.0,0.0,0.0,0.0,20.0,36.842105200000006,52.6315789,10.5263157,0.0,4.841633090015939,-1.0235208906233308,-0.01931171491742134,10.375705802924731,2024,Rk
Emil Turbi,SDP,807972.0,sa3021836,19,6935,53,38,0.0,0.0,0.0,0.02631579,0,0.0,14,20.7547169,26.415094300000003,104.37352984798832,0.333333333,0.3828535882326273,0.0,0.0,0.0,0.0,0.0,0.0,0.0,0.0,0.0,0.0,0.0,0.0,0.0,0.0,0.0,11.864406779661017,65.21739129999999,17.391304299999998,17.391304299999998,0.0,5.718412547049117,-0.031619761139154434,-0.0005965992667764987,15.26477009409344,2024,Rk
Toby Simmons,MIA,800524.0,sa3018586,19,6935,53,43,0.0,0.0,0.0,0.093023256,0,0.0,19,18.8679245,35.84905660000001,106.60040878221231,0.416666666,0.3608664825277508,0.0,0.0,0.0,0.0,0.0,0.0,0.0,0.0,0.0,0.0,0.0,0.0,0.0,0.0,0.0,7.4074074074074066,56.52173910000001,30.4347826,13.0434782,0.0,9.479446645573033,1.6740133557468653,0.03158515765560123,16.569345442229626,2024,Rk
Carter Trice,CHC,807714.0,sa3022661,21,7665,53,43,0.0,0.0,0.0,0.209302326,1,0.0,12,16.981132000000002,22.641509399999997,124.92565594761992,0.354838709,0.4108487839968699,0.0,0.0,0.0,0.0,0.0,0.0,0.0,0.0,0.0,0.0,0.0,0.0,0.0,0.0,0.0,18.75,39.28571420000001,39.28571420000001,21.4285714,0.0,9.687044413199263,1.1260794177651403,0.0212467814672668,10.764299932671847,2024,Rk
Alen Pineda,ATL,800572.0,sa3018965,19,6935,53,45,0.0,0.0,0.0,0.111111111,1,0.0,18,9.433962199999998,33.9622641,18.113811462011704,0.07692307599999999,0.2104305883623519,0.0,0.0,0.0,0.0,0.0,0.0,0.0,90.1,90.0,89.8,0.0,0.0,0.0,0.0,0.0,13.333333333333336,37.037037,55.555555500000004,7.407407400000001,28.0,4.696428565,-0.07430381141602993,-0.0014019587059628288,6.628151017191893,2024,Rk
Luis De Leon,SDP,808029.0,sa3021148,18,6570,53,42,0.0,0.0,0.0,0.0,0,0.0,25,15.0943396,47.16981129999999,3.2600502674185727,0.176470588,0.19844236210280772,0.0,0.0,0.0,0.0,0.0,0.0,0.0,0.0,0.0,0.0,0.0,0.0,0.0,0.0,0.0,15.789473684210524,58.8235294,23.5294117,17.647058800000003,0.0,4.074557248569929,-0.20934223569929603,-0.003949853503760302,7.5959328996772175,2024,Rk
Santiago Ramos,ARI,820939.0,sa3024310,17,6205,53,48,0.0,0.0,0.0,0.0625,1,0.0,12,7.547169800000002,22.641509399999997,87.43595364063839,0.342857142,0.3448830932941077,0.0,0.0,0.0,0.0,0.0,0.0,0.0,0.0,0.0,0.0,0.0,0.0,0.0,0.0,0.0,23.684210526315788,48.571428499999996,40.0,11.428571400000001,0.0,4.12932406095362,0.10774494335055353,0.002032923459444406,17.446452227936085,2024,Rk
Julian Hernandez,NYM,808089.0,sa3021168,18,6570,52,38,0.0,0.0,0.0,0.15789473699999998,2,0.0,10,21.153846100000006,19.230769199999997,123.773449616956,0.25,0.4047604409547952,0.0,0.0,0.0,0.0,0.0,0.0,0.0,0.0,0.0,0.0,0.0,0.0,0.0,0.0,0.0,23.33333333333333,40.0,50.0,10.0,0.0,5.331070106976929,0.2968914099037647,0.005709450190457014,26.859661892034094,2024,Rk
Elian Garcia,ATL,800326.0,sa3018515,19,6935,52,37,0.0,0.0,0.0,0.10810810800000001,1,0.0,12,15.384615300000002,23.076923,51.9038887882502,0.08,0.2689713081535028,0.0,0.0,0.0,0.0,0.0,0.0,0.0,23.2,23.2,23.2,0.0,0.0,0.0,0.0,0.0,13.888888888888891,24.0,56.00000000000001,20.0,10.0,5.268625940507867,0.3009282574057579,0.005787081873187653,11.420194799942117,2024,Rk
Erick Lugo,TBR,821596.0,sa3023772,17,6205,52,44,0.0,0.0,0.0,0.090909091,0,0.0,15,11.5384615,28.846153800000003,139.59368623018958,0.48275862,0.4259665791804974,0.0,0.0,0.0,0.0,0.0,0.0,0.0,0.0,0.0,0.0,0.0,0.0,0.0,0.0,0.0,20.0,39.28571420000001,50.0,10.7142857,0.0,4.3765189737484835,0.10231817513704301,0.0019676572141739037,25.31135555843192,2024,Rk
Alexander Ramirez,LAA,682643.0,sa3008757,21,7665,52,47,0.0,0.0,0.0,0.14893617,1,0.0,20,5.7692307000000005,38.461538399999995,52.40827361823061,0.307692307,0.2894233167171478,0.0,0.0,0.0,0.0,0.0,0.0,0.0,0.0,0.0,0.0,0.0,0.0,0.0,0.0,0.0,3.7037037037037033,48.0,40.0,12.0,0.0,7.1004673692988876,-0.4047222011722624,-0.007783119253312739,4.088231894543752,2024,Rk
Andres Garza,SDP,823357.0,sa3024378,17,6205,52,42,0.0,0.0,0.0,0.047619048,0,0.0,13,17.3076923,25.0,42.804642474289615,0.2,0.27128008008003235,0.0,0.0,0.0,0.0,0.0,0.0,0.0,0.0,0.0,0.0,0.0,0.0,0.0,0.0,0.0,18.181818181818183,57.1428571,32.1428571,10.7142857,0.0,3.4905360587446927,-0.5882056243717672,-0.011311646622533979,13.996494632232256,2024,Rk
Luis Rodriguez,LAA,800170.0,sa3021055,19,6935,52,39,0.0,0.0,0.0,0.051282050999999995,0,0.0,9,11.5384615,17.3076923,92.9119383969036,0.322580645,0.3603371685864974,0.0,0.0,0.0,0.0,0.0,0.0,0.0,0.0,0.0,0.0,0.0,0.0,0.0,0.0,0.0,5.882352941176469,55.1724137,24.137931,20.6896551,0.0,5.286337054499629,-0.23244242323562506,-0.004470046600685096,13.326484885391109,2024,Rk
Yannic Walther,MIL,806921.0,sa3021064,20,7300,51,44,0.0,0.0,0.0,0.068181819,0,0.0,12,11.7647058,23.5294117,40.274064171425096,0.24242424199999998,0.26615386383206235,0.0,0.0,0.0,0.0,0.0,0.0,0.0,0.0,0.0,0.0,0.0,0.0,0.0,0.0,0.0,18.181818181818183,38.7096774,38.7096774,22.5806451,0.0,1.3446833627507389,-0.6047222041524947,-0.01185729812063715,5.118186093572477,2024,Rk
Samuel Arroyo,BOS,821103.0,sa3023758,17,6205,51,40,0.0,0.0,0.0,0.075,0,0.0,16,19.6078431,31.372549,53.53107589090804,0.166666666,0.27696460368586523,0.0,0.0,0.0,0.0,0.0,0.0,0.0,0.0,0.0,0.0,0.0,0.0,0.0,0.0,0.0,16.666666666666664,27.2727272,63.6363636,9.090909,0.0,3.0109955042476035,0.13487878441810608,0.0026446820474138447,15.659807521368695,2024,Rk
Lucas Dunn,SDP,690903.0,sa3016820,25,9125,51,43,0.0,0.0,0.0,0.046511628,0,0.0,16,13.725490100000002,31.372549,90.62240040761758,0.428571428,0.35139644145965576,0.0,0.0,0.0,0.0,0.0,0.0,0.0,0.0,0.0,0.0,0.0,0.0,0.0,0.0,0.0,10.714285714285714,37.037037,37.037037,25.925925900000006,0.0,6.62832367728552,1.1214593802578747,0.021989399612899502,2.249532838481908,2024,Rk
Carlos Cordero,ATL,808498.0,sa3021275,18,6570,51,47,0.0,0.0,0.0,0.042553192000000004,0,0.0,13,5.8823529,25.490196,29.38327950912063,0.235294117,0.22995474525526455,0.0,0.0,0.0,0.0,0.0,0.0,0.0,83.7,83.7,72.6,0.0,0.0,0.0,0.0,0.0,9.75609756097561,48.3870967,41.9354838,9.6774193,35.5,5.594848615871719,-0.3836332876235247,-0.007522221325951464,7.905733710296987,2024,Rk
Alirio Ferrebus,PHI,808232.0,sa3022306,18,6570,51,40,0.0,0.0,0.0,0.35,3,0.0,3,15.6862745,5.8823529,207.0733275225313,0.333333333,0.5412645620458266,0.0,0.0,0.0,0.0,0.0,0.0,0.0,0.0,0.0,0.0,0.0,0.0,0.0,0.0,0.0,10.810810810810812,40.540540500000006,37.837837799999996,21.6216216,0.0,4.295991829746025,-0.2044859230518341,-0.004009527902977139,29.082294639306173,2024,Rk
Guillermo Sosa,MIN,821764.0,sa3024930,17,6205,51,36,0.0,0.0,0.0,0.027777778,0,0.0,14,15.6862745,27.4509803,123.66782300443391,0.36363636299999996,0.4087517682243796,0.0,0.0,0.0,0.0,0.0,0.0,0.0,0.0,0.0,0.0,0.0,0.0,0.0,0.0,0.0,16.0,63.6363636,22.727272699999997,13.6363636,0.0,7.220477021524142,0.762953482568264,0.014959872207220863,27.342163930588985,2024,Rk
Eliezer Rivero,LAA,800191.0,sa3018937,19,6935,50,37,0.0,0.0,0.0,0.027027027000000002,0,0.0,11,16.0,22.0,90.76623744916884,0.333333333,0.3565804734826088,0.0,0.0,0.0,0.0,0.0,0.0,0.0,0.0,0.0,0.0,0.0,0.0,0.0,0.0,0.0,10.344827586206897,48.1481481,25.925925900000006,25.925925900000006,0.0,5.647345300632881,-0.0370624577626586,-0.0007412491552531719,13.719199220807102,2024,Rk
Jhoanjel Saez,MIL,821234.0,sa3025131,17,6205,50,44,0.0,0.0,0.0,0.113636363,0,0.0,6,10.0,12.0,97.19257273049236,0.289473684,0.35542006969451906,0.0,0.0,0.0,0.0,0.0,0.0,0.0,0.0,0.0,0.0,0.0,0.0,0.0,0.0,0.0,11.627906976744184,62.1621621,29.729729700000004,8.108108099999999,0.0,6.701031030544878,-0.31129001826047903,-0.00622580036520958,24.695529794367882,2024,Rk
Jose Pena,WSN,826511.0,sa3024921,17,6205,50,43,0.0,0.0,0.0,0.0,0,0.0,11,10.0,22.0,17.650529825229118,0.18181818100000002,0.21902287006378174,0.0,0.0,0.0,0.0,0.0,0.0,0.0,0.0,0.0,0.0,0.0,0.0,0.0,0.0,0.0,12.12121212121212,48.4848484,42.4242424,9.090909,0.0,2.64285714,-0.06512121856212616,-0.0013024243712425232,10.225707646589788,2024,Rk
Optiel Colina,LAA,811234.0,sa3021314,18,6570,49,35,0.0,0.0,0.0,0.0,0,0.0,16,16.326530599999998,32.6530612,91.93192281803921,0.315789473,0.34940826147794724,0.0,0.0,0.0,0.0,0.0,0.0,0.0,0.0,0.0,0.0,0.0,0.0,0.0,0.0,0.0,22.72727272727273,42.1052631,31.5789473,26.315789399999996,0.0,5.550932247098133,0.17923377826809886,0.0036578322095530366,15.9673936564026,2024,Rk
Leonel Vivas,CHC,827765.0,sa3025161,17,6205,49,32,0.0,0.0,0.0,0.09375,0,0.0,12,22.4489795,24.489795899999997,138.2326392801925,0.3,0.4313922196018453,0.0,0.0,0.0,0.0,0.0,0.0,0.0,0.0,0.0,0.0,0.0,0.0,0.0,0.0,0.0,17.391304347826086,40.0,35.0,25.0,0.0,9.81617646875,1.6860378943383694,0.0344089366191504,34.32207813870861,2024,Rk
Jairo Mendez,KCR,691493.0,sa3016092,21,7665,49,45,0.0,0.0,0.0,0.133333333,1,0.0,24,6.1224489,48.979591799999994,18.18637141205816,0.285714285,0.22756841231365596,0.0,0.0,0.0,0.0,0.0,0.0,0.0,0.0,0.0,0.0,0.0,0.0,0.0,0.0,0.0,15.384615384615385,38.095238,42.8571428,19.047619,0.0,9.273882495261649,0.36765974340960383,0.007503260069583751,4.214812257706442,2024,Rk
Logun Clark,CLE,800621.0,sa3021584,21,7665,49,41,0.0,0.0,0.0,0.243902439,3,0.0,18,10.204081599999999,36.734693799999995,108.32342248478336,0.3,0.377021214183496,0.0,0.0,0.0,0.0,0.0,0.0,0.0,0.0,0.0,0.0,0.0,0.0,0.0,0.0,0.0,21.73913043478261,26.086956500000007,47.8260869,26.086956500000007,0.0,3.345293966131564,-0.6139622791670263,-0.012529842431980128,6.3007729531312755,2024,Rk
Elvis Rojas,BAL,808086.0,sa3021167,18,6570,49,38,0.0,0.0,0.0,0.10526315800000001,0,0.0,16,22.4489795,32.6530612,73.39698124225566,0.22727272699999998,0.3150154936070345,0.0,0.0,0.0,0.0,0.0,0.0,0.0,0.0,0.0,0.0,0.0,0.0,0.0,0.0,0.0,3.571428571428571,66.6666666,14.2857142,19.047619,0.0,7.748856033066652,0.011794384568929672,0.00024070172589652392,17.93151711799195,2024,Rk
Jose Izarra,LAD,692222.0,sa3019998,22,8030,49,36,0.0,0.0,0.0,0.166666666,1,0.0,12,20.408163199999997,24.489795899999997,138.94818987605535,0.34782608600000003,0.4316968102844394,0.0,0.0,0.0,0.0,0.0,0.0,0.0,0.0,0.0,0.0,0.0,0.0,0.0,0.0,0.0,12.5,13.0434782,65.21739129999999,21.739130399999997,0.0,5.1984126928571435,-0.6416825042106211,-0.01309556131042084,6.924021638044883,2024,Rk
Angel Pereira,MIL,800372.0,sa3018537,19,6935,49,40,0.0,0.0,0.0,0.15,1,0.0,16,12.2448979,32.6530612,65.36537020706521,0.25,0.31008374447725257,0.0,0.0,0.0,0.0,0.0,0.0,0.0,0.0,0.0,0.0,0.0,0.0,0.0,0.0,0.0,16.0,37.5,45.8333333,16.6666666,0.0,9.45615199108988,0.544559558853507,0.011113460384765449,12.560150078436113,2024,Rk
Erick Hernandez,CHW,703184.0,sa3018921,19,6935,49,43,0.0,0.0,0.0,0.139534884,1,0.0,15,6.1224489,30.612244800000003,58.600420886731136,0.285714285,0.30093657483859937,0.0,0.0,0.0,0.0,0.0,0.0,0.0,0.0,0.0,0.0,0.0,0.0,0.0,0.0,0.0,10.344827586206897,55.1724137,34.482758600000004,10.3448275,0.0,4.7700216398809525,-0.6047222041524947,-0.012341269472499892,7.898667040574518,2024,Rk
Yirber Ruiz,BAL,800342.0,sa3018523,19,6935,49,41,0.0,0.0,0.0,0.0,0,0.0,16,12.2448979,32.6530612,56.832520206215804,0.32,0.2787884871164958,0.0,0.0,0.0,0.0,0.0,0.0,0.0,0.0,0.0,0.0,0.0,0.0,0.0,0.0,0.0,21.428571428571427,62.5,25.0,12.5,0.0,3.4987631036483613,-1.6951097641140225,-0.03459407681865352,6.115712994763398,2024,Rk
Rodrigo Garcia,WSN,821001.0,sa3024859,17,6205,49,39,0.0,0.0,0.0,0.076923077,0,0.0,20,12.2448979,40.8163265,60.47818583962319,0.3,0.29663401477190915,0.0,0.0,0.0,0.0,0.0,0.0,0.0,0.0,0.0,0.0,0.0,0.0,0.0,0.0,0.0,40.0,50.0,35.0,15.0,0.0,4.10119047125,-0.07054798677563667,-0.0014397548321558506,12.729843534292685,2024,Rk
Waldy Peralta,NYM,823879.0,sa3024653,18,6570,49,42,0.0,0.0,0.0,0.071428572,0,0.0,16,8.163265299999999,32.6530612,44.4387805439641,0.23076923,0.2641801639479034,0.0,0.0,0.0,0.0,0.0,0.0,0.0,0.0,0.0,0.0,0.0,0.0,0.0,0.0,0.0,18.51851851851852,64.0,32.0,4.0,0.0,3.8498731138404776,-0.5719253197312355,-0.011671945300637459,7.341526935989458,2024,Rk
Joenelly Van Der Linden,PIT,808156.0,sa3021605,17,6205,48,40,0.0,0.0,0.0,0.0,0,0.0,8,8.3333333,16.6666666,58.13801696944129,0.25,0.2824940318646638,0.0,0.0,0.0,0.0,0.0,0.0,0.0,0.0,0.0,0.0,0.0,0.0,0.0,0.0,0.0,13.157894736842106,56.666666600000006,33.3333333,10.0,0.0,4.379904605883452,-0.3936323896050453,-0.008200674783438444,13.233170681105518,2024,Rk
Robert Lantigua,ARI,821624.0,sa3024348,17,6205,48,44,0.0,0.0,0.0,0.090909091,0,0.0,16,4.1666666,33.3333333,49.12665007796439,0.310344827,0.2696794122457504,0.0,0.0,0.0,0.0,0.0,0.0,0.0,0.0,0.0,0.0,0.0,0.0,0.0,0.0,0.0,20.6896551724138,41.37931029999999,44.8275862,13.7931034,0.0,5.1168262046618915,-0.3719253167510033,-0.007748444098979235,9.804046162670428,2024,Rk
Nick Schwartz,ATH,813859.0,sa3022542,23,8395,48,41,0.0,0.0,0.0,0.024390243,0,0.0,14,12.5,29.166666600000006,64.83137404201014,0.37037037,0.31578664069480084,0.0,0.0,0.0,0.0,0.0,0.0,0.0,0.0,0.0,0.0,0.0,0.0,0.0,0.0,0.0,11.111111111111109,56.00000000000001,16.0,28.000000000000004,0.0,1.08035714,-0.06930056260898709,-0.0014437617210205644,2.252440577406487,2024,Rk
Maikol Hernández,BAL,694204.0,sa3015712,20,7300,48,41,0.0,0.0,0.0,0.097560976,0,0.0,11,6.25,22.916666600000003,42.01929378079483,0.193548387,0.2531248306234677,0.0,0.0,0.0,0.0,0.0,0.0,0.0,0.0,0.0,0.0,0.0,0.0,0.0,0.0,0.0,12.903225806451614,63.33333330000001,23.3333333,13.333333300000001,0.0,5.14285714,-0.07430381141602993,-0.0015479960711672902,5.620480956983644,2024,Rk
Nick Gile,COL,806355.0,sa3021059,25,9125,48,44,0.0,0.0,0.0,0.181818182,1,0.0,16,6.25,33.3333333,74.51208025973219,0.333333333,0.3236323408782482,0.0,0.0,0.0,0.0,0.0,0.0,0.0,0.0,0.0,0.0,0.0,0.0,0.0,0.0,0.0,10.714285714285714,46.428571399999996,42.8571428,10.7142857,0.0,5.14285714,-0.04620037507265806,-0.0009625078140137096,1.7017581633481849,2024,Rk
Ruben Vizcaya,PIT,699006.0,sa3015766,20,7300,48,37,0.0,0.0,0.0,0.081081081,0,0.0,7,16.6666666,14.5833333,164.43059144407485,0.41935483799999995,0.4666434476772944,0.0,0.0,0.0,0.0,0.0,0.0,0.0,0.0,0.0,0.0,0.0,0.0,0.0,0.0,0.0,16.666666666666664,51.61290320000001,22.5806451,25.806451600000006,0.0,6.046448243705145,0.17380701005458832,0.003620979376137257,15.053401989989952,2024,Rk
Jesus Freitez,COL,815438.0,sa3022392,18,6570,47,40,0.0,0.0,0.0,0.125,0,0.0,7,10.6382978,14.893617,29.901898315717286,0.151515151,0.2455287951490153,0.0,0.0,0.0,0.0,0.0,0.0,0.0,91.5,90.3,79.6,0.0,0.0,0.0,0.0,0.0,5.7142857142857135,70.0,16.6666666,13.333333300000001,3.2,8.338032427708534,0.1630397029221058,0.003468929849406506,16.23137403807861,2024,Rk
Johan Contreras,NYY,805130.0,sa3019217,19,6935,47,42,0.0,0.0,0.0,0.071428572,1,0.0,18,10.6382978,38.2978723,37.844594097533204,0.260869565,0.2597906361234949,0.0,0.0,0.0,0.0,0.0,0.0,0.0,0.0,0.0,0.0,0.0,0.0,0.0,0.0,0.0,10.714285714285714,56.52173910000001,30.4347826,13.0434782,0.0,0.6542207712499999,-0.05969445034861565,-0.001270094688268418,5.5413489273284435,2024,Rk
Willy Fanas,NYM,694217.0,sa3018389,20,7300,47,39,0.0,0.0,0.0,0.256410256,1,0.0,8,14.893617,17.021276500000003,151.77145701990997,0.333333333,0.4424035815482444,0.0,0.0,0.0,0.0,0.0,0.0,0.0,0.0,0.0,0.0,0.0,0.0,0.0,0.0,0.0,32.25806451612903,50.0,34.375,15.625,0.0,4.59138654625,-0.09907174855470656,-0.002107909543717161,14.451824832932365,2024,Rk
Tucker Mitchell,TEX,688367.0,sa3017511,23,8395,47,41,0.0,0.0,0.0,0.341463415,4,0.0,8,8.510638199999999,17.021276500000003,190.3182823949869,0.413793103,0.5312291028651785,0.0,0.0,0.0,0.0,0.0,0.0,0.0,0.0,0.0,0.0,0.0,0.0,0.0,0.0,0.0,18.181818181818183,37.5,31.25,31.25,0.0,5.4426637464060565,0.12607940286397934,0.002682540486467645,5.6399865233934685,2024,Rk
David Romero,LAD,821661.0,sa3024957,17,6205,47,32,0.0,0.0,0.0,0.0,0,0.0,8,25.531914800000003,17.021276500000003,96.5934892222355,0.25,0.35914981907064264,0.0,0.0,0.0,0.0,0.0,0.0,0.0,0.0,0.0,0.0,0.0,0.0,0.0,0.0,0.0,16.666666666666664,60.8695652,21.739130399999997,17.391304299999998,0.0,4.113628577318764,-0.41533946245908737,-0.00883700983955505,24.02553802940511,2024,Rk
Tom Guerrero,SDP,821776.0,sa3024481,18,6570,47,41,0.0,0.0,0.0,0.024390244,0,0.0,18,10.6382978,38.2978723,17.768562646899316,0.25,0.22295645957297466,0.0,0.0,0.0,0.0,0.0,0.0,0.0,0.0,0.0,0.0,0.0,0.0,0.0,0.0,0.0,17.857142857142858,45.8333333,41.6666666,12.5,0.0,1.6407485098815642,-0.5719253197312355,-0.012168623824068841,5.331583045456341,2024,Rk
Osleivis Basabe,TBR,678545.0,sa3006594,23,8395,47,37,0.0,0.0,0.0,0.27027027,2,0.0,1,19.1489361,2.1276595,146.41379141178567,0.22857142800000002,0.43675066435590704,0.0,0.0,0.0,0.0,0.0,0.0,0.0,100.1,94.5,82.6,20.0,0.0,0.0,0.0,0.0,12.82051282051282,47.2222222,47.2222222,5.5555555,5.6,6.382104067271587,-0.7094747219234705,-0.015095206849435544,6.2864124987252055,2024,Rk
Cam Fisher,HOU,801176.0,sa3022687,23,8395,46,36,0.0,0.0,0.0,0.222222222,2,0.0,18,17.391304299999998,39.1304347,123.87675570692349,0.3125,0.38622528185015137,0.0,0.0,0.0,0.0,0.0,0.0,0.0,96.1,95.0,90.3,33.3,0.0,0.0,0.0,0.0,47.368421052631575,16.6666666,66.6666666,16.6666666,38.0,4.3158808051242215,-0.20014524273574352,-0.004350983537733555,4.447346621181601,2024,Rk
Ramiro Altagracia,NYY,694219.0,sa3016778,20,7300,46,42,0.0,0.0,0.0,0.095238095,1,0.0,9,4.347826,19.5652173,111.64548794276494,0.39393939299999997,0.3825506438379702,0.0,0.0,0.0,0.0,0.0,0.0,0.0,0.0,0.0,0.0,0.0,0.0,0.0,0.0,0.0,10.0,52.941176399999996,29.4117647,17.647058800000003,0.0,1.5795044325380023,-0.6166572067886591,-0.013405591451927372,8.935774140376806,2024,Rk
Ovandy Frias,NYY,807836.0,sa3021834,20,7300,46,37,0.0,0.0,0.0,0.243243243,3,0.0,9,19.5652173,19.5652173,130.4840655756211,0.24,0.427669434443764,0.0,0.0,0.0,0.0,0.0,0.0,0.0,0.0,0.0,0.0,0.0,0.0,0.0,0.0,0.0,27.58620689655172,28.571428499999996,46.428571399999996,25.0,0.0,1.9291013257631255,-1.1167167983949184,-0.02427645213901997,13.519306697053366,2024,Rk
Edwarli Brioso,PIT,807815.0,sa3021112,19,6935,46,39,0.0,0.0,0.0,0.102564103,1,0.0,21,10.869565199999998,45.6521739,91.74474938745342,0.470588235,0.3431133932537503,0.0,0.0,0.0,0.0,0.0,0.0,0.0,0.0,0.0,0.0,0.0,0.0,0.0,0.0,0.0,52.631578947368425,33.3333333,50.0,16.6666666,0.0,4.7596153812500015,-1.7411785311996937,-0.03785170719999334,9.798764521522862,2024,Rk
Cesar Gonzalez,ATH,800177.0,sa3019308,19,6935,46,41,0.0,0.0,0.0,0.121951219,0,0.0,14,8.6956521,30.4347826,75.56453105902953,0.37037037,0.3345782614272574,0.0,0.0,0.0,0.0,0.0,0.0,0.0,0.0,0.0,0.0,0.0,0.0,0.0,0.0,0.0,14.814814814814813,61.5384615,23.076923,15.384615300000002,0.0,5.14285714,-0.05082041257992387,-0.0011047915778244321,10.201283814064881,2024,Rk
Angel Rodriguez,DET,821623.0,sa3024138,17,6205,46,36,0.0,0.0,0.0,0.027777778,0,0.0,15,17.391304299999998,32.6086956,91.92753377649755,0.36363636299999996,0.3429898956547613,0.0,0.0,0.0,0.0,0.0,0.0,0.0,0.0,0.0,0.0,0.0,0.0,0.0,0.0,0.0,4.545454545454546,50.0,31.8181818,18.1818181,0.0,1.47098214,-0.08682829141616821,-0.001887571552525396,17.24728800924691,2024,Rk
Juan Garcia,WSN,692450.0,sa3015632,21,7665,46,42,0.0,0.0,0.0,0.214285715,3,0.0,15,6.5217391,32.6086956,112.61609309908701,0.333333333,0.3760521321193032,0.0,0.0,0.0,0.0,0.0,0.0,0.0,0.0,0.0,0.0,0.0,0.0,0.0,0.0,0.0,33.33333333333333,55.555555500000004,37.037037,7.407407400000001,0.0,2.1563716752507394,-0.5918892696499825,-0.012867158035869184,5.969414853695057,2024,Rk
Yohendry Sanchez,SFG,815921.0,sa3023896,17,6205,45,29,0.0,0.0,0.0,0.20689655199999998,1,0.0,11,22.222222199999997,24.4444444,166.66660377466445,0.333333333,0.4804610305362277,0.0,0.0,0.0,0.0,0.0,0.0,0.0,0.0,0.0,0.0,0.0,0.0,0.0,0.0,0.0,45.0,38.8888888,38.8888888,22.222222199999997,0.0,3.9359471071064593,-0.41533946245908737,-0.009229765832424163,32.22043730383784,2024,Rk
July Vittini,PIT,806655.0,sa3020286,21,7665,45,34,0.0,0.0,0.0,0.05882353,0,0.0,13,22.222222199999997,28.888888800000004,59.410825891159355,0.18181818100000002,0.28683962292141385,0.0,0.0,0.0,0.0,0.0,0.0,0.0,0.0,0.0,0.0,0.0,0.0,0.0,0.0,0.0,42.42424242424242,23.8095238,66.6666666,9.5238095,0.0,4.383772180140877,-0.3827788531780243,-0.008506196737289428,5.086490667667697,2024,Rk
Brandy Caraballo,DET,808012.0,sa3021594,18,6570,44,40,0.0,0.0,0.0,0.125,1,0.0,11,6.8181818000000005,25.0,141.376767766231,0.48275862,0.43956238573247736,0.0,0.0,0.0,0.0,0.0,0.0,0.0,0.0,0.0,0.0,0.0,0.0,0.0,0.0,0.0,20.0,46.6666666,40.0,13.333333300000001,0.0,8.209724559374813,0.913171723484993,0.020753902806477112,23.81773251976757,2024,Rk
Pablo Abad,CIN,814221.0,sa3022337,18,6570,44,36,0.0,0.0,0.0,0.111111111,1,0.0,15,18.1818181,34.090909,46.494219630470006,0.15,0.2728459997610612,0.0,0.0,0.0,0.0,0.0,0.0,0.0,0.0,0.0,0.0,0.0,0.0,0.0,0.0,0.0,24.0,38.095238,57.1428571,4.7619047,0.0,4.1950902311388125,-0.17192531377077105,-0.003907393494790251,12.432381757741258,2024,Rk
Diomedes Hernandez,NYY,800299.0,sa3018504,19,6935,44,41,0.0,0.0,0.0,0.0,0,0.0,9,4.5454545,20.4545454,50.775201184868024,0.3125,0.2770939333872361,0.0,0.0,0.0,0.0,0.0,0.0,0.0,98.5,98.1,81.8,66.7,0.0,0.0,0.0,0.0,11.764705882352938,65.625,18.75,15.625,-24.3,5.561819628807206,0.09267227537930013,0.002106188076802275,7.865123766196016,2024,Rk
Juan Monso,CHC,815021.0,sa3025110,17,6205,44,34,0.0,0.0,0.0,0.088235294,0,0.0,10,11.363636300000001,22.727272699999997,145.0551586049207,0.44,0.4453964829444885,0.0,0.0,0.0,0.0,0.0,0.0,0.0,0.0,0.0,0.0,0.0,0.0,0.0,0.0,0.0,13.333333333333336,37.5,33.3333333,29.166666600000006,0.0,5.73713386841677,-1.450654737651348,-0.032969425855712456,26.91800247739738,2024,Rk
Jack Payton,SFG,694552.0,sa3022675,22,8030,44,36,0.0,0.0,0.0,0.13888888900000002,0,0.0,10,13.6363636,22.727272699999997,158.06032568648692,0.5,0.4718325598673387,0.0,0.0,0.0,0.0,0.0,0.0,0.0,0.0,0.0,0.0,0.0,0.0,0.0,0.0,0.0,34.615384615384606,48.0,32.0,20.0,0.0,6.10184505179341,0.3260794058442116,0.007410895587368445,7.264110862874662,2024,Rk
Diego Flores,NYY,821282.0,sa3024641,17,6205,43,37,0.0,0.0,0.0,0.0,0,0.0,9,9.3023255,20.9302325,35.421666201505445,0.214285714,0.2553998703180357,0.0,0.0,0.0,0.0,0.0,0.0,0.0,0.0,0.0,0.0,0.0,0.0,0.0,0.0,0.0,3.2258064516129035,60.71428570000001,32.1428571,7.1428571,0.0,4.993931621197343,-0.18277885019779205,-0.0042506709348323745,11.433192805086124,2024,Rk
Qyshawn Legito,CIN,807644.0,sa3024624,18,6570,43,31,0.0,0.0,0.0,0.193548387,2,0.0,11,23.2558139,25.5813953,153.52168137492254,0.333333333,0.4667983332345652,0.0,0.0,0.0,0.0,0.0,0.0,0.0,0.0,0.0,0.0,0.0,0.0,0.0,0.0,0.0,14.285714285714285,36.842105200000006,36.842105200000006,26.315789399999996,0.0,6.189739319195085,0.30231817811727524,0.007030655305052913,28.49551959402634,2024,Rk
Manuel Guariman,CHW,700026.0,sa3016342,20,7300,43,39,0.0,0.0,0.0,0.076923077,1,0.0,10,6.9767440999999994,23.2558139,60.547149574902924,0.310344827,0.3043449091356854,0.0,0.0,0.0,0.0,0.0,0.0,0.0,0.0,0.0,0.0,0.0,0.0,0.0,0.0,0.0,30.0,26.666666600000003,63.33333330000001,10.0,0.0,4.0139876218543264,0.14455955289304254,0.00336185006728006,6.283098339023848,2024,Rk
Alvaro Aguero,CHW,693763.0,sa3015679,21,7665,43,38,0.0,0.0,0.0,0.078947369,1,0.0,15,6.9767440999999994,34.8837209,-5.951307579311546,0.130434782,0.1879193519437036,0.0,0.0,0.0,0.0,0.0,0.0,0.0,0.0,0.0,0.0,0.0,0.0,0.0,0.0,0.0,25.0,39.1304347,60.8695652,0.0,0.0,4.961867937496841,0.1676597404293716,0.003899063730915617,3.004714447058161,2024,Rk
Gregory Duran,MIN,691625.0,sa3016533,21,7665,43,33,0.0,0.0,0.0,0.0,0,0.0,13,16.279069699999997,30.2325581,-9.552007535685943,0.045454545,0.15529953156198775,0.0,0.0,0.0,0.0,0.0,0.0,0.0,85.4,85.4,85.4,0.0,0.0,0.0,0.0,0.0,3.8461538461538463,42.8571428,57.1428571,0.0,0.0,1.08035714,-0.06604783236980437,-0.0015359961016233575,3.2942277983414217,2024,Rk
Maui Ahuna,SFG,694757.0,sa3023373,22,8030,42,38,0.0,0.0,0.0,0.315789473,3,0.0,14,4.7619047,33.3333333,158.1022969739686,0.47619047600000003,0.4719060432343256,0.0,0.0,0.0,0.0,0.0,0.0,0.0,0.0,0.0,0.0,0.0,0.0,0.0,0.0,0.0,26.08695652173913,43.478260799999994,39.1304347,17.391304299999998,0.0,6.455562624750769,-0.0047221952117979535,-0.00011243321932852268,6.084672432111629,2024,Rk
Davirik Fuenmayor,MIN,821674.0,sa3023963,17,6205,42,33,0.0,0.0,0.0,0.06060606,0,0.0,9,11.9047619,21.4285714,98.30311115623041,0.291666666,0.36278650874183294,0.0,0.0,0.0,0.0,0.0,0.0,0.0,0.0,0.0,0.0,0.0,0.0,0.0,0.0,0.0,7.4074074074074066,40.909090899999995,36.363636299999996,22.727272699999997,0.0,4.5806744340877295,-0.19363238662481308,-0.004610294919638406,20.850577053648678,2024,Rk
Yhoangel Aponte,TOR,699082.0,sa3015792,20,7300,42,36,0.0,0.0,0.0,0.111111112,1,0.0,15,4.7619047,35.714285700000005,41.17688514820829,0.19047619,0.2479792223090217,0.0,0.0,0.0,0.0,0.0,0.0,0.0,0.0,0.0,0.0,0.0,0.0,0.0,0.0,0.0,22.72727272727273,45.45454539999999,45.45454539999999,9.090909,0.0,5.1245224429978515,-0.15886534750461578,-0.0037825082739194244,4.301129588082281,2024,Rk
Omar Nuel,KCR,691496.0,sa3016093,21,7665,42,40,0.0,0.0,0.0,0.125,1,0.0,18,0.0,42.8571428,38.853985532382566,0.333333333,0.26375328926813035,0.0,0.0,0.0,0.0,0.0,0.0,0.0,0.0,0.0,0.0,0.0,0.0,0.0,0.0,0.0,18.181818181818183,61.9047619,23.8095238,14.2857142,0.0,7.5,0.5676597463898361,0.013515708247377049,4.033049132917043,2024,Rk
Andrews Sosa,HOU,806237.0,sa3019765,19,6935,42,37,0.0,0.0,0.0,0.027027027000000002,0,0.0,9,4.7619047,21.4285714,31.003358707968182,0.206896551,0.2253237409251077,0.0,0.0,0.0,0.0,0.0,0.0,0.0,94.4,90.8,76.2,0.0,0.0,0.0,0.0,0.0,2.272727272727273,39.28571420000001,46.428571399999996,14.2857142,31.0,1.08035714,-0.07430381141602993,-0.0017691383670483316,5.565603294955976,2024,Rk
Bryan Andrade,ATH,800182.0,sa3018467,19,6935,42,42,0.0,0.0,0.0,0.047619048,0,0.0,12,0.0,28.571428499999996,38.5945169536142,0.36666666600000003,0.2698511282602946,0.0,0.0,0.0,0.0,0.0,0.0,0.0,0.0,0.0,0.0,0.0,0.0,0.0,0.0,0.0,10.0,64.2857142,21.4285714,14.2857142,0.0,5.277112147381563,-0.6001021666452289,-0.014288146824886404,5.474778428946495,2024,Rk
Ludwin Tejada,MIL,800456.0,sa3018960,19,6935,42,31,0.0,0.0,0.0,0.032258063999999996,0,0.0,6,19.047619,14.2857142,93.0166095322745,0.23076923,0.3478524997120812,0.0,0.0,0.0,0.0,0.0,0.0,0.0,0.0,0.0,0.0,0.0,0.0,0.0,0.0,0.0,25.0,42.30769229999999,50.0,7.6923076,0.0,2.991262689601041,-0.39905915781855583,-0.009501408519489423,14.105204901347394,2024,Rk
J.T. Bain,TOR,821004.0,sa3023913,16,5840,41,33,0.0,0.0,0.0,0.0,0,0.0,17,14.6341463,41.4634146,45.77969629105679,0.25,0.2584673951311809,0.0,0.0,0.0,0.0,0.0,0.0,0.0,0.0,0.0,0.0,0.0,0.0,0.0,0.0,0.0,18.75,68.75,25.0,6.25,0.0,6.95615199108988,0.5348787903785706,0.01304582415557489,14.691187816004946,2024,Rk
Franklin Lopez,COL,800157.0,sa3018936,19,6935,41,38,0.0,0.0,0.0,0.026315789,0,0.0,8,7.3170731,19.5121951,22.479643880215587,0.233333333,0.2325339055642849,0.0,0.0,0.0,0.0,0.0,0.0,0.0,0.0,0.0,0.0,0.0,0.0,0.0,0.0,0.0,36.66666666666666,44.8275862,37.9310344,17.241379300000002,0.0,1.39285714,-0.041580337565392256,-0.001014154574765665,6.327293648535488,2024,Rk
Jorge Garcia,PHI,699721.0,sa3017853,20,7300,41,32,0.0,0.0,0.0,0.0,0,0.0,16,17.073170700000002,39.0243902,-15.826726382765575,0.0,0.15439173797281774,0.0,0.0,0.0,0.0,0.0,0.0,0.0,85.7,85.7,85.7,0.0,0.0,0.0,0.0,0.0,27.777777777777782,23.5294117,58.8235294,17.647058800000003,24.0,2.196428565,-0.06604783236980437,-0.0016109227407269365,4.353712432495017,2024,Rk
Raúl Leonte,BAL,808144.0,sa3022244,18,6570,41,37,0.0,0.0,0.0,0.0,0,0.0,9,9.756097500000001,21.9512195,79.30493714169425,0.35714285700000004,0.3248208499536281,0.0,0.0,0.0,0.0,0.0,0.0,0.0,0.0,0.0,0.0,0.0,0.0,0.0,0.0,0.0,15.625,55.555555500000004,25.925925900000006,18.5185185,0.0,5.851998676855255,0.3240252509713173,0.007903054901739447,14.230320678534575,2024,Rk
Moises Semerite,BOS,808320.0,sa3021246,18,6570,40,34,0.0,0.0,0.0,0.264705882,1,0.0,18,12.5,45.0,96.72857195252007,0.333333333,0.3552459627389908,0.0,0.0,0.0,0.0,0.0,0.0,0.0,0.0,0.0,0.0,0.0,0.0,0.0,0.0,0.0,50.0,26.666666600000003,60.0,13.333333300000001,0.0,8.548938702990887,0.16201262548565865,0.004050315637141466,19.531812696027853,2024,Rk
Wilson Rodriguez,NYY,815147.0,sa3022760,19,6935,40,33,0.0,0.0,0.0,0.0,0,0.0,15,17.5,37.5,41.06879336744322,0.277777777,0.2602777510881424,0.0,0.0,0.0,0.0,0.0,0.0,0.0,74.9,74.3,72.1,0.0,0.0,0.0,0.0,0.0,22.222222222222218,58.8235294,41.1764705,0.0,49.5,4.285714285714286,-0.8847067877650261,-0.022117669694125645,6.7839982304581605,2024,Rk
Ching-Hsien Ko,LAD,828667.0,sa3025230,17,6205,40,29,0.0,0.0,0.0,0.20689655199999998,1,0.0,7,27.500000000000004,17.5,149.63061979138456,0.285714285,0.455262303352356,0.0,0.0,0.0,0.0,0.0,0.0,0.0,0.0,0.0,0.0,0.0,0.0,0.0,0.0,0.0,18.181818181818183,38.095238,33.3333333,28.571428499999996,0.0,3.7308349530707554,-0.3936323896050453,-0.009840809740126131,33.99624881022548,2024,Rk
Beycker Barroso,TEX,692852.0,sa3015672,21,7665,40,28,0.0,0.0,0.0,0.142857142,0,0.0,4,27.500000000000004,10.0,140.38540384241966,0.291666666,0.4438065752387047,0.0,0.0,0.0,0.0,0.0,0.0,0.0,0.0,0.0,0.0,0.0,0.0,0.0,0.0,0.0,33.33333333333333,37.5,37.5,25.0,0.0,2.4128377637880023,-0.6232023541815579,-0.015580058854538947,10.537292173942063,2024,Rk
Carlos Molina,ARI,821019.0,sa3024631,17,6205,40,33,0.0,0.0,0.0,0.090909091,1,0.0,11,10.0,27.500000000000004,49.238338846041316,0.19047619,0.2839354001558744,0.0,0.0,0.0,0.0,0.0,0.0,0.0,0.0,0.0,0.0,0.0,0.0,0.0,0.0,0.0,11.538461538461537,31.8181818,59.090908999999996,9.090909,0.0,5.078871337663023,-0.17192531377077105,-0.004298132844269276,13.024006585327339,2024,Rk
Orangel Rodriguez,NYM,800314.0,sa3018512,19,6935,40,39,0.0,0.0,0.0,0.10256410199999999,0,0.0,5,2.5,12.5,84.8234724840382,0.323529411,0.3264173656702042,0.0,0.0,0.0,0.0,0.0,0.0,0.0,0.0,0.0,0.0,0.0,0.0,0.0,0.0,0.0,13.513513513513516,40.625,37.5,21.875,0.0,2.64285714,-0.06604783236980437,-0.0016511958092451096,11.402649087190287,2024,Rk
Juan Brown,CIN,820946.0,sa3025204,16,5840,39,33,0.0,0.0,0.0,0.090909091,0,0.0,12,10.2564102,30.769230699999998,154.7088410166442,0.571428571,0.4641117743956737,0.0,0.0,0.0,0.0,0.0,0.0,0.0,0.0,0.0,0.0,0.0,0.0,0.0,0.0,0.0,19.047619047619047,35.0,30.0,35.0,0.0,7.84650886841677,0.7131717205047607,0.018286454371916942,31.019052486250125,2024,Rk
Willmer De La Cruz,ATL,692417.0,sa3015624,21,7665,39,32,0.0,0.0,0.0,0.0625,0,0.0,6,17.9487179,15.384615300000002,119.77810999843493,0.346153846,0.3865622129195776,0.0,0.0,0.0,0.0,0.0,0.0,0.0,99.2,99.2,99.2,100.0,0.0,0.0,0.0,0.0,10.0,48.0,32.0,20.0,-6.0,4.526308043935813,0.1915987841784954,0.004912789337910139,9.09887895618422,2024,Rk
Delvis Matos,DET,800151.0,sa3018935,19,6935,39,37,0.0,0.0,0.0,0.18918918899999998,1,0.0,12,2.5641025,30.769230699999998,86.89051694025787,0.333333333,0.3401455053916344,0.0,0.0,0.0,0.0,0.0,0.0,0.0,0.0,0.0,0.0,0.0,0.0,0.0,0.0,0.0,9.677419354838712,60.0,28.000000000000004,12.0,0.0,4.10119047125,-0.037987377494573586,-0.0009740353203736818,10.259081456070914,2024,Rk
Orlando Martinez,LAA,678636.0,sa3006664,26,9490,39,30,0.0,0.0,0.0,0.066666667,0,0.0,3,20.5128205,7.6923076,138.72635607058106,0.37037037,0.440549091288918,0.0,0.0,0.0,0.0,0.0,0.0,0.0,0.0,0.0,0.0,0.0,0.0,0.0,0.0,0.0,14.814814814814813,40.7407407,40.7407407,18.5185185,0.0,8.348236096359493,0.32145936833694577,0.008242547906075533,2.9017187045661115,2024,Rk
Rafael Alvarez,CHW,808353.0,sa3021258,19,6935,39,33,0.0,0.0,0.0,0.212121212,2,0.0,13,5.1282051000000015,33.3333333,87.53624624473566,0.222222222,0.3490259127739148,0.0,0.0,0.0,0.0,0.0,0.0,0.0,0.0,0.0,0.0,0.0,0.0,0.0,0.0,0.0,30.0,31.5789473,47.368421000000005,21.0526315,0.0,6.2037206221218435,0.15115908905863762,0.0038758740784266056,11.826326445109515,2024,Rk
Justin Riemer,BOS,811312.0,sa3025086,22,8030,39,27,0.0,0.0,0.0,0.111111111,0,0.0,5,25.641025600000003,12.820512800000001,137.4033348810374,0.333333333,0.4306029600974841,0.0,0.0,0.0,0.0,0.0,0.0,0.0,0.0,0.0,0.0,0.0,0.0,0.0,0.0,0.0,16.666666666666664,33.3333333,45.8333333,20.8333333,0.0,6.957719683729137,0.06790433824062347,0.0017411368779647045,8.109084477156811,2024,Rk
Declan Speirs,PHI,806754.0,sa3025050,19,6935,39,31,0.0,0.0,0.0,0.032258063999999996,0,0.0,12,17.9487179,30.769230699999998,120.11821155078636,0.421052631,0.3836868023261046,0.0,0.0,0.0,0.0,0.0,0.0,0.0,0.0,0.0,0.0,0.0,0.0,0.0,0.0,0.0,13.043478260869565,44.444444399999995,50.0,5.5555555,0.0,1.9748731138404776,-1.1167167983949184,-0.02863376406140817,13.113356080493862,2024,Rk
Drew Bowser,CHC,690958.0,sa3022594,22,8030,38,36,0.0,0.0,0.0,0.36111111100000004,3,0.0,16,5.2631578,42.1052631,124.60546461125065,0.411764705,0.4102881927239268,0.0,0.0,0.0,0.0,0.0,0.0,0.0,0.0,0.0,0.0,0.0,0.0,0.0,0.0,0.0,30.0,30.0,45.0,25.0,0.0,1.60119047125,-0.02310018753632903,-0.0006078996720086588,4.824804961959414,2024,Rk
Jorge Barrosa,ARI,678489.0,sa3005524,23,8395,38,34,0.0,0.0,0.0,0.176470588,1,0.0,7,5.2631578,18.421052600000003,74.39773924618375,0.25925925899999996,0.3197627804781261,0.0,0.0,0.0,0.0,0.0,0.0,0.0,0.0,0.0,0.0,0.0,0.0,0.0,0.0,0.0,14.285714285714285,42.8571428,46.428571399999996,10.7142857,0.0,6.3025400171355805,-0.390862088650465,-0.010285844438170131,3.3150087364973,2024,Rk
Antony Peguero,MIA,803433.0,sa3018630,19,6935,37,31,0.0,0.0,0.0,0.129032258,1,0.0,8,13.513513499999998,21.6216216,59.33053033277925,0.17391304300000002,0.2789722423295717,0.0,0.0,0.0,0.0,0.0,0.0,0.0,0.0,0.0,0.0,0.0,0.0,0.0,0.0,0.0,23.07692307692308,43.478260799999994,43.478260799999994,13.0434782,0.0,6.778517580148726,0.3339521735906601,0.009025734421369192,12.718061493202601,2024,Rk
Walker Jenkins,MIN,805805.0,sa3022894,19,6935,37,28,0.0,0.0,0.0,0.17857142899999998,0,0.0,2,21.6216216,5.4054053999999985,195.7088436925449,0.40740740700000005,0.5109103773091289,0.0,0.0,0.0,0.0,0.0,0.0,0.0,0.0,0.0,0.0,0.0,0.0,0.0,0.0,0.0,11.111111111111109,33.3333333,44.444444399999995,22.222222199999997,0.0,8.27482298749985,0.4761603232473135,0.012869197925603069,25.17087309362752,2024,Rk
Victor Diaz,HOU,682770.0,sa3008801,22,8030,37,35,0.0,0.0,0.0,0.228571429,2,0.0,7,2.7027027,18.918918899999998,158.30493824773316,0.40740740700000005,0.4458715077993032,0.0,0.0,0.0,0.0,0.0,0.0,0.0,0.0,0.0,0.0,0.0,0.0,0.0,0.0,0.0,17.24137931034483,37.9310344,41.37931029999999,20.6896551,0.0,2.64285714,-0.08255979046225548,-0.0022313456881690673,6.170725879849704,2024,Rk
Miguel Flores,HOU,828009.0,sa3024972,19,6935,37,32,0.0,0.0,0.0,0.0625,0,0.0,9,8.108108099999999,24.3243243,45.67266900508368,0.21739130399999998,0.2677675904454412,0.0,0.0,0.0,0.0,0.0,0.0,0.0,0.0,0.0,0.0,0.0,0.0,0.0,0.0,0.0,36.66666666666666,54.545454500000005,31.8181818,13.6363636,0.0,2.64285714,-0.043414145708084106,-0.0011733552894076787,6.802576043960099,2024,Rk
Bo Davidson,SFG,815589.0,sa3022706,21,7665,37,31,0.0,0.0,0.0,0.258064516,2,0.0,11,16.216216199999998,29.729729700000004,152.9960693831336,0.444444444,0.4629660554834314,0.0,0.0,0.0,0.0,0.0,0.0,0.0,99.6,99.6,99.6,100.0,0.0,0.0,0.0,0.0,5.0,52.6315789,26.315789399999996,21.0526315,15.0,4.330230087360138,0.14455955289304254,0.0039070149430552046,9.659075522081912,2024,Rk
Jordan Lawlar,ARI,691783.0,sa3017662,21,7665,37,29,0.0,0.0,0.0,0.10344827599999999,0,0.0,4,13.513513499999998,10.8108108,114.47714762525342,0.307692307,0.3899338438704208,0.0,0.0,0.0,0.0,0.0,0.0,0.0,0.0,0.0,0.0,0.0,0.0,0.0,0.0,0.0,7.6923076923076925,58.3333333,25.0,16.6666666,0.0,7.5,0.9445595648139716,0.025528636886864096,9.925312732205091,2024,Rk
Yael Zapata,NYY,820881.0,sa3024897,18,6570,36,27,0.0,0.0,0.0,0.0,0,0.0,21,13.888888799999998,58.3333333,24.07591465597957,0.166666666,0.23483939965566003,0.0,0.0,0.0,0.0,0.0,0.0,0.0,0.0,0.0,0.0,0.0,0.0,0.0,0.0,0.0,0.0,80.0,20.0,0.0,0.0,6.45833333125,0.5457323268055916,0.01515923130015532,9.968336899765475,2024,Rk
Kegnnalex Seijas,MIL,815767.0,sa3024858,18,6570,36,27,0.0,0.0,0.0,0.037037037,0,0.0,2,19.4444444,5.5555555,67.10170250059555,0.185185185,0.30833855271339417,0.0,0.0,0.0,0.0,0.0,0.0,0.0,0.0,0.0,0.0,0.0,0.0,0.0,0.0,0.0,14.285714285714285,48.0,44.0,8.0,0.0,4.690089133965527,0.1403055526316166,0.0038973764619893493,18.45879399434481,2024,Rk
Romtres Cabrera,STL,699028.0,sa3015775,20,7300,36,31,0.0,0.0,0.0,0.0,0,0.0,16,11.111111099999999,44.444444399999995,5.224751951571592,0.25,0.19636350207858616,0.0,0.0,0.0,0.0,0.0,0.0,0.0,0.0,0.0,0.0,0.0,0.0,0.0,0.0,0.0,5.5555555555555545,46.6666666,40.0,13.333333300000001,0.0,5.874178916123243,-0.15886534750461578,-0.004412926319572661,3.770888597570642,2024,Rk
Alexander Sanchez,ATL,828613.0,sa3025123,18,6570,36,31,0.0,0.0,0.0,0.032258063999999996,0,0.0,8,8.3333333,22.222222199999997,52.23107504833001,0.25,0.2693404058615367,0.0,0.0,0.0,0.0,0.0,0.0,0.0,0.0,0.0,0.0,0.0,0.0,0.0,0.0,0.0,20.833333333333336,33.3333333,62.5,4.1666666,0.0,3.0355077921662903,-0.6841561831533909,-0.019004338420927525,8.522599783539883,2024,Rk
A.J. Shaver,PHI,692224.0,sa3022595,22,8030,36,26,0.0,0.0,0.0,0.115384615,0,0.0,12,22.222222199999997,33.3333333,118.77606638686014,0.35714285700000004,0.3875887294610341,0.0,0.0,0.0,0.0,0.0,0.0,0.0,94.0,93.6,91.8,0.0,0.0,0.0,0.0,0.0,35.714285714285715,25.0,58.3333333,16.6666666,15.0,7.5,1.1009282693266869,0.030581340814630188,6.624803113883733,2024,Rk
Daniel Perez,TOR,807949.0,sa3021117,22,8030,36,31,0.0,0.0,0.0,0.129032258,1,0.0,14,13.888888799999998,38.8888888,63.53915867848307,0.25,0.2867214712831709,0.0,0.0,0.0,0.0,0.0,0.0,0.0,72.2,72.2,72.2,0.0,0.0,0.0,0.0,0.0,26.315789473684212,41.1764705,41.1764705,17.647058800000003,-6.0,3.6453777444492657,-0.8516828715801239,-0.02365785754389233,3.109735376103392,2024,Rk
Adrian Gonzalez,NYY,807824.0,sa3022054,19,6935,36,30,0.0,0.0,0.0,0.0,0,0.0,6,11.111111099999999,16.6666666,3.43952857256272,0.12,0.1977388064066569,0.0,0.0,0.0,0.0,0.0,0.0,0.0,0.0,0.0,0.0,0.0,0.0,0.0,0.0,0.0,0.0,54.545454500000005,36.363636299999996,9.090909,0.0,2.196428565,-0.043414145708084106,-0.001205948491891225,7.543108332162403,2024,Rk
Gabriel Rincones Jr.,PHI,687282.0,sa3020758,23,8395,36,30,0.0,0.0,0.0,0.033333334,0,0.0,8,11.111111099999999,22.222222199999997,43.207442007507716,0.21739130399999998,0.2566674053668976,0.0,0.0,0.0,0.0,0.0,0.0,0.0,0.0,0.0,0.0,0.0,0.0,0.0,0.0,0.0,8.0,45.45454539999999,45.45454539999999,9.090909,0.0,7.187044413199265,0.5256961975246668,0.014602672153462969,2.7275738652686154,2024,Rk
Donte Grant,SDP,815579.0,sa3023057,19,6935,36,30,0.0,0.0,0.0,0.033333333,0,0.0,12,13.888888799999998,33.3333333,110.42104451950745,0.5,0.3860599249601364,0.0,0.0,0.0,0.0,0.0,0.0,0.0,0.0,0.0,0.0,0.0,0.0,0.0,0.0,0.0,5.5555555555555545,66.6666666,27.7777777,5.5555555,0.0,6.370800813494656,0.7814177041873336,0.021706047338537045,14.326074461870455,2024,Rk
Blake Rambusch,SEA,800683.0,sa3020008,24,8760,36,24,0.0,0.0,0.0,0.125,0,0.0,1,25.0,2.7777777,201.74663898508985,0.39130434700000005,0.5383563058243858,0.0,0.0,0.0,0.0,0.0,0.0,0.0,0.0,0.0,0.0,0.0,0.0,0.0,0.0,0.0,4.3478260869565215,45.0,20.0,35.0,0.0,8.158399544043519,-0.19558428088203075,-0.00543289669116752,5.3557501424985245,2024,Rk
Jared Dupere,SFG,684855.0,sa3017288,25,9125,36,32,0.0,0.0,0.0,0.125,1,0.0,14,11.111111099999999,38.8888888,21.68325006348969,0.176470588,0.23306345608499315,0.0,0.0,0.0,0.0,0.0,0.0,0.0,0.0,0.0,0.0,0.0,0.0,0.0,0.0,0.0,16.666666666666664,58.8235294,35.29411760000001,5.8823529,0.0,6.11295918334824,0.1722797779366374,0.004785549387128817,1.4486947926428748,2024,Rk
Anthony Hall,NYY,689141.0,sa3019987,23,8395,35,30,0.0,0.0,0.0,0.266666666,2,0.0,9,14.2857142,25.714285699999998,198.68133170539463,0.526315789,0.533338725566864,0.0,0.0,0.0,0.0,0.0,0.0,0.0,0.0,0.0,0.0,0.0,0.0,0.0,0.0,0.0,32.0,30.0,40.0,30.0,0.0,5.359162864099034,0.2926722783595324,0.008362065095986639,5.7048039093832426,2024,Rk
Jermaine Maricuto,WSN,808849.0,sa3021641,18,6570,35,30,0.0,0.0,0.0,0.033333334,0,0.0,7,14.2857142,20.0,95.90739297737964,0.34782608600000003,0.3471046004976545,0.0,0.0,0.0,0.0,0.0,0.0,0.0,0.0,0.0,0.0,0.0,0.0,0.0,0.0,0.0,18.51851851851852,56.52173910000001,30.4347826,13.0434782,0.0,1.44093405875,-0.09907174855470656,-0.0028306213872773306,16.089125542253196,2024,Rk
Andy Weber,ARI,681581.0,sa3008282,26,9490,35,31,0.0,0.0,0.0,0.16129032199999999,1,0.0,3,8.5714285,8.5714285,84.62993357910231,0.25,0.3376773153032575,0.0,0.0,0.0,0.0,0.0,0.0,0.0,0.0,0.0,0.0,0.0,0.0,0.0,0.0,0.0,24.13793103448276,32.1428571,50.0,17.857142800000005,0.0,2.64285714,-0.03696030005812645,-0.0010560085730893269,1.720883450086408,2024,Rk
Ty Hanchey,SFG,800643.0,sa3022684,24,8760,35,26,0.0,0.0,0.0,0.384615384,3,0.0,7,17.142857100000004,20.0,189.58452050677147,0.352941176,0.5270251478467669,0.0,0.0,0.0,0.0,0.0,0.0,0.0,86.4,86.3,83.2,0.0,0.0,0.0,0.0,0.0,30.0,38.8888888,38.8888888,22.222222199999997,31.3,5.74842386174806,0.13993951538577676,0.0039982718681650506,4.926630479264809,2024,Rk
Reminton Batista,MIA,800360.0,sa3018530,19,6935,35,33,0.0,0.0,0.0,0.12121212199999999,1,0.0,6,5.7142857000000005,17.142857100000004,45.73667846593027,0.192307692,0.25542113099779395,0.0,0.0,0.0,0.0,0.0,0.0,0.0,0.0,0.0,0.0,0.0,0.0,0.0,0.0,0.0,11.111111111111109,55.555555500000004,22.222222199999997,22.222222199999997,0.0,7.5,0.5504641346633434,0.015727546704666955,11.142559698163138,2024,Rk
Yunior Garcia,SEA,678832.0,sa3005570,22,8030,35,30,0.0,0.0,0.0,0.166666666,1,0.0,10,8.5714285,28.571428499999996,102.98709236419029,0.38095238,0.3654480048588344,0.0,0.0,0.0,0.0,0.0,0.0,0.0,0.0,0.0,0.0,0.0,0.0,0.0,0.0,0.0,27.27272727272727,42.8571428,28.571428499999996,28.571428499999996,0.0,2.64285714,-0.041580337565392256,-0.0011880096447254931,4.475154242936514,2024,Rk
Diego Omana,CIN,699111.0,sa3016824,21,7665,35,25,0.0,0.0,0.0,0.04,0,0.0,10,20.0,28.571428499999996,108.2507628366602,0.4375,0.3984994730528663,0.0,0.0,0.0,0.0,0.0,0.0,0.0,0.0,0.0,0.0,0.0,0.0,0.0,0.0,0.0,11.764705882352938,40.0,40.0,20.0,0.0,2.196428565,-0.06468052510172129,-0.0018480150029063227,7.2723556993077105,2024,Rk
LuJames Groover,ARI,694410.0,sa3022887,22,8030,34,27,0.0,0.0,0.0,0.111111111,0,0.0,3,14.7058823,8.823529400000002,87.0361951048692,0.24,0.34189020009601817,0.0,0.0,0.0,0.0,0.0,0.0,0.0,0.0,0.0,0.0,0.0,0.0,0.0,0.0,0.0,8.0,60.0,36.0,4.0,0.0,5.906385277380951,-0.6001021666452289,-0.017650063724859673,5.552040961471383,2024,Rk
Felix Valerio,MIL,680589.0,sa3005613,23,8395,34,29,0.0,0.0,0.0,0.172413793,0,0.0,5,11.7647058,14.7058823,228.44407230793115,0.625,0.5956020793494057,0.0,0.0,0.0,0.0,0.0,0.0,0.0,0.0,0.0,0.0,0.0,0.0,0.0,0.0,0.0,25.0,37.5,41.6666666,20.8333333,0.0,7.946209359423312,0.12607940286397934,0.0037082177312935103,6.226256138244809,2024,Rk
Kevin Rivas,CLE,691422.0,sa3015539,21,7665,34,23,0.0,0.0,0.0,0.043478261,0,0.0,11,29.4117647,32.352941099999995,111.79238920613142,0.333333333,0.3830946841660668,0.0,0.0,0.0,0.0,0.0,0.0,0.0,0.0,0.0,0.0,0.0,0.0,0.0,0.0,0.0,0.0,66.6666666,33.3333333,0.0,0.0,5.193218775699618,-0.018582307733595368,-0.000546538462752805,7.6816496421788045,2024,Rk
Luis Valdez,BAL,687667.0,sa3016076,24,8760,34,30,0.0,0.0,0.0,0.033333334,0,0.0,6,11.7647058,17.647058800000003,88.79067615961273,0.333333333,0.33415543507127193,0.0,0.0,0.0,0.0,0.0,0.0,0.0,0.0,0.0,0.0,0.0,0.0,0.0,0.0,0.0,12.5,54.1666666,33.3333333,12.5,0.0,7.269551410471367,0.8163667302578688,0.02401078618405496,3.1094741950472145,2024,Rk
Enderson Delgado,TBR,800503.0,sa3018576,19,6935,34,28,0.0,0.0,0.0,0.17857142899999998,0,0.0,5,11.7647058,14.7058823,125.75995945848328,0.333333333,0.4009682606248295,0.0,0.0,0.0,0.0,0.0,0.0,0.0,0.0,0.0,0.0,0.0,0.0,0.0,0.0,0.0,29.16666666666667,40.909090899999995,40.909090899999995,18.1818181,0.0,2.64285714,-0.07430381141602993,-0.002185406218118528,17.489979311325722,2024,Rk
Kobe Kato,SEA,701158.0,sa3017052,25,9125,34,26,0.0,0.0,0.0,0.153846154,1,0.0,5,20.5882352,14.7058823,170.89934636990478,0.4,0.48434883882017704,0.0,0.0,0.0,0.0,0.0,0.0,0.0,0.0,0.0,0.0,0.0,0.0,0.0,0.0,0.0,19.047619047619047,47.6190476,19.047619,33.3333333,0.0,3.944916839563104,-0.9771041427738963,-0.02873835714040872,3.72154684456016,2024,Rk
Chris Lopez,STL,812662.0,sa3021648,19,6935,33,31,0.0,0.0,0.0,0.032258065,0,0.0,12,3.030303,36.363636299999996,-36.4095980618394,0.15,0.12423271663261183,0.0,0.0,0.0,0.0,0.0,0.0,0.0,0.0,0.0,0.0,0.0,0.0,0.0,0.0,0.0,8.695652173913043,38.8888888,38.8888888,22.222222199999997,0.0,2.64285714,-0.024767937138676643,-0.000750543549656868,3.6433156478803146,2024,Rk
Alfredo Velásquez,BAL,800414.0,sa3018556,19,6935,33,31,0.0,0.0,0.0,0.09677419400000001,0,0.0,5,3.030303,15.151515099999997,97.15707348634251,0.346153846,0.3486500725601659,0.0,0.0,0.0,0.0,0.0,0.0,0.0,0.0,0.0,0.0,0.0,0.0,0.0,0.0,0.0,23.07692307692308,32.0,44.0,24.0,0.0,10.0,0.725696200504899,0.02199079395469391,15.47377049599026,2024,Rk
Eyeksson Rojas,WSN,811325.0,sa3023872,18,6570,33,28,0.0,0.0,0.0,0.17857142899999998,1,0.0,2,15.151515099999997,6.060606,146.45779664088926,0.32,0.4524439898404208,0.0,0.0,0.0,0.0,0.0,0.0,0.0,0.0,0.0,0.0,0.0,0.0,0.0,0.0,0.0,26.923076923076927,45.8333333,29.166666600000006,25.0,0.0,8.670859202745289,0.01722115278244019,0.0005218531146193995,30.48631464858297,2024,Rk
Agustin Marcano,WSN,808330.0,sa3021621,18,6570,33,27,0.0,0.0,0.0,0.0,0,0.0,9,18.1818181,27.2727272,45.740133994653704,0.222222222,0.2699261072910193,0.0,0.0,0.0,0.0,0.0,0.0,0.0,0.0,0.0,0.0,0.0,0.0,0.0,0.0,0.0,9.677419354838712,66.6666666,16.6666666,16.6666666,0.0,5.835161051916763,0.1457323208451271,0.004416130934700821,13.069080553959813,2024,Rk
Giovanny Rivero,MIN,699281.0,sa3015824,20,7300,33,27,0.0,0.0,0.0,0.074074074,0,0.0,9,12.1212121,27.2727272,66.11960948474754,0.222222222,0.2863992886109786,0.0,0.0,0.0,0.0,0.0,0.0,0.0,0.0,0.0,0.0,0.0,0.0,0.0,0.0,0.0,15.789473684210524,44.444444399999995,44.444444399999995,11.111111099999999,0.0,1.86160714,-0.06604783236980437,-0.002001449465751648,5.901413076783153,2024,Rk
Leonardo Rondon,PHI,699720.0,sa3015839,20,7300,33,28,0.0,0.0,0.0,0.107142857,1,0.0,7,12.1212121,21.2121212,55.31049479425762,0.19047619,0.2776357332865397,0.0,0.0,0.0,0.0,0.0,0.0,0.0,94.6,93.9,85.8,0.0,0.0,0.0,0.0,0.0,16.666666666666664,42.8571428,38.095238,19.047619,22.2,4.728062294100028,-0.35886535048484797,-0.01087470759044994,7.015581038815238,2024,Rk
Frandy Duran,ATH,812461.0,sa3021318,18,6570,33,28,0.0,0.0,0.0,0.035714286,0,0.0,5,15.151515099999997,15.151515099999997,112.2568470569791,0.34782608600000003,0.37852983763723663,0.0,0.0,0.0,0.0,0.0,0.0,0.0,0.0,0.0,0.0,0.0,0.0,0.0,0.0,0.0,21.73913043478261,60.8695652,26.086956500000007,13.0434782,0.0,1.44093405875,-0.06512121856212616,-0.0019733702594583683,20.02489522242267,2024,Rk
Cristopher Navarro,COL,665888.0,sa917065,25,9125,33,26,0.0,0.0,0.0,0.269230769,2,0.0,5,18.1818181,15.151515099999997,245.05625583521402,0.578947368,0.6222212332667727,0.0,0.0,0.0,0.0,0.0,0.0,0.0,0.0,0.0,0.0,0.0,0.0,0.0,0.0,0.0,14.285714285714285,35.0,40.0,25.0,0.0,5.06058245725513,-0.23244242323562506,-0.007043709795018941,3.8770687582887,2024,Rk
Yanki Jean-Baptiste,CLE,800507.0,sa3018579,19,6935,33,30,0.0,0.0,0.0,0.466666666,3,0.0,14,9.090909,42.4242424,164.48806788919345,0.461538461,0.475354324687611,0.0,0.0,0.0,0.0,0.0,0.0,0.0,0.0,0.0,0.0,0.0,0.0,0.0,0.0,0.0,6.25,50.0,31.25,18.75,0.0,4.795634915,-0.02772022504359484,-0.0008400068195028738,16.275196728448915,2024,Rk
Daniel Pena,MIN,805015.0,sa3018634,19,6935,32,26,0.0,0.0,0.0,0.192307693,1,0.0,6,18.75,18.75,160.94154827904887,0.368421052,0.4506766442209482,0.0,0.0,0.0,0.0,0.0,0.0,0.0,0.0,0.0,0.0,0.0,0.0,0.0,0.0,0.0,21.052631578947366,45.0,40.0,15.0,0.0,1.44093405875,-0.09081576950848104,-0.002837992797140032,20.090357151222168,2024,Rk
Nomar Diaz,SFG,703632.0,sa3020007,20,7300,32,24,0.0,0.0,0.0,0.208333333,1,0.0,8,12.5,25.0,123.2573231028555,0.3125,0.4108994323760271,0.0,0.0,0.0,0.0,0.0,0.0,0.0,0.0,0.0,0.0,0.0,0.0,0.0,0.0,0.0,5.882352941176469,41.1764705,47.058823499999995,11.7647058,0.0,3.1167179809317616,-0.4001021636649966,-0.012503192614531144,11.338037934421566,2024,Rk
Carlos Oviedo,NYM,703340.0,sa3018437,19,6935,32,26,0.0,0.0,0.0,0.038461538999999996,0,0.0,13,12.5,40.625,50.21330176231186,0.307692307,0.2664558483708289,0.0,0.0,0.0,0.0,0.0,0.0,0.0,0.0,0.0,0.0,0.0,0.0,0.0,0.0,0.0,7.142857142857142,33.3333333,50.0,16.6666666,0.0,0.29910714,-0.06604783236980437,-0.002063994761556387,5.790601258479463,2024,Rk
Rohan Culmer,WSN,821532.0,sa3024860,17,6205,32,23,0.0,0.0,0.0,0.043478261,0,0.0,8,18.75,25.0,77.02076662747332,0.25,0.3266120418425529,0.0,0.0,0.0,0.0,0.0,0.0,0.0,0.0,0.0,0.0,0.0,0.0,0.0,0.0,0.0,0.0,85.7142857,14.2857142,0.0,0.0,5.913777164289472,0.1457323208451271,0.004554135026410222,20.88557662346017,2024,Rk
Elvis Rijo,ATH,804879.0,sa3018975,20,7300,32,25,0.0,0.0,0.0,0.0,0,0.0,7,15.625,21.875,22.408438386940556,0.157894736,0.2415125276893377,0.0,0.0,0.0,0.0,0.0,0.0,0.0,0.0,0.0,0.0,0.0,0.0,0.0,0.0,0.0,5.263157894736842,44.444444399999995,27.7777777,27.7777777,0.0,4.326125441599569,-0.19548212317749855,-0.0061088163492968315,5.905090198770059,2024,Rk
Jose Rodriguez,ARI,821072.0,sa3025229,17,6205,31,21,0.0,0.0,0.0,0.0,0,0.0,6,12.9032258,19.3548387,138.0426957367749,0.333333333,0.4308107168443741,0.0,0.0,0.0,0.0,0.0,0.0,0.0,0.0,0.0,0.0,0.0,0.0,0.0,0.0,0.0,13.333333333333336,46.6666666,40.0,13.333333300000001,0.0,0.9067460275,-0.0814015232026577,-0.0026258555871825065,24.96052653722629,2024,Rk
T.J. Schofield-Sam,ATH,672013.0,sa3011501,23,8395,31,28,0.0,0.0,0.0,0.17857142899999998,0,0.0,3,9.6774193,9.6774193,168.4150204284052,0.48,0.4971409797668457,0.0,0.0,0.0,0.0,0.0,0.0,0.0,0.0,0.0,0.0,0.0,0.0,0.0,0.0,0.0,16.0,39.1304347,30.4347826,30.4347826,0.0,8.317952303433303,0.15379962790757418,0.004961278319599167,6.174110915358652,2024,Rk
Jake Alu,WSN,666906.0,sa3010009,27,9855,31,28,0.0,0.0,0.0,0.10714285800000001,0,0.0,3,9.6774193,9.6774193,161.04954500018982,0.44,0.4599622430339936,0.0,0.0,0.0,0.0,0.0,0.0,0.0,0.0,0.0,0.0,0.0,0.0,0.0,0.0,0.0,20.0,36.0,32.0,32.0,0.0,4.925095159683301,0.1091842334717512,0.0035220720474758455,1.7653387758691392,2024,Rk
Jorge Mendez,PHI,692640.0,sa3015662,20,7300,31,28,0.0,0.0,0.0,0.107142857,1,0.0,5,3.2258063999999997,16.129032199999997,70.39035515323911,0.22727272699999998,0.3037613284203314,0.0,0.0,0.0,0.0,0.0,0.0,0.0,104.6,103.4,97.5,71.4,0.0,0.0,0.0,0.0,20.930232558139533,43.478260799999994,43.478260799999994,13.0434782,3.7,1.60119047125,-0.06604783236980437,-0.002130575237735625,6.924020701341315,2024,Rk
Ryan Cepero,KCR,695510.0,sa3017404,21,7665,31,22,0.0,0.0,0.0,0.045454545,0,0.0,7,25.806451600000006,22.5806451,145.6284366777847,0.466666666,0.4506940921147665,0.0,0.0,0.0,0.0,0.0,0.0,0.0,0.0,0.0,0.0,0.0,0.0,0.0,0.0,0.0,12.5,46.1538461,23.076923,30.769230699999998,0.0,6.025745591430473,-0.018582307733595368,-0.0005994292817288829,9.856268897752713,2024,Rk
Christian Koss,SFG,683766.0,sa3011227,26,9490,31,24,0.0,0.0,0.0,0.333333334,2,0.0,2,19.3548387,6.4516129000000015,150.45113137981986,0.23809523800000001,0.4585103757919804,0.0,0.0,0.0,0.0,0.0,0.0,0.0,0.0,0.0,0.0,0.0,0.0,0.0,0.0,0.0,13.043478260869565,45.45454539999999,45.45454539999999,9.090909,0.0,5.263133023411892,0.3584196683950722,0.011561924786937813,3.0147752741802387,2024,Rk
John Zorrilla,PIT,699005.0,sa3016550,20,7300,30,26,0.0,0.0,0.0,0.0,0,0.0,13,13.333333300000001,43.3333333,35.853088633638954,0.307692307,0.2356362024943034,0.0,0.0,0.0,0.0,0.0,0.0,0.0,0.0,0.0,0.0,0.0,0.0,0.0,0.0,0.0,15.789473684210524,58.3333333,33.3333333,8.3333333,0.0,6.7857142857142865,0.3339521735906601,0.01113173911968867,5.402427623160201,2024,Rk
Steven Medina,ARI,695786.0,sa3025130,21,7665,30,28,0.0,0.0,0.0,0.035714286,0,0.0,7,3.3333333,23.3333333,48.72882991402547,0.285714285,0.2689584930737813,0.0,0.0,0.0,0.0,0.0,0.0,0.0,0.0,0.0,0.0,0.0,0.0,0.0,0.0,0.0,14.285714285714285,42.8571428,28.571428499999996,28.571428499999996,0.0,2.196428565,-0.037987377494573586,-0.0012662459164857866,3.05152825905428,2024,Rk
Max Muncy,ATH,691777.0,sa3017290,21,7665,30,29,0.0,0.0,0.0,0.34482758700000005,2,0.0,13,0.0,43.3333333,166.59754154129175,0.642857142,0.4939589361349742,0.0,0.0,0.0,0.0,0.0,0.0,0.0,0.0,0.0,0.0,0.0,0.0,0.0,0.0,0.0,37.5,18.75,56.25,25.0,0.0,5.314784003009108,0.1722797779366374,0.005742659264554579,8.21307794372134,2024,Rk
Shane Matheny,LAA,676847.0,sa3004780,28,10220,30,29,0.0,0.0,0.0,0.275862069,1,0.0,8,3.3333333,26.666666600000003,81.26005176805346,0.3,0.3399370352427165,0.0,0.0,0.0,0.0,0.0,0.0,0.0,0.0,0.0,0.0,0.0,0.0,0.0,0.0,0.0,14.285714285714285,35.0,45.0,20.0,0.0,7.946808510638298,-0.3723819386214018,-0.012412731287380059,0.8171390766370229,2024,Rk
Arjun Nimmala,TOR,805796.0,sa3022892,18,6570,30,21,0.0,0.0,0.0,0.333333333,1,0.0,7,30.0,23.3333333,178.02659416126698,0.307692307,0.485068957010905,0.0,0.0,0.0,0.0,0.0,0.0,0.0,101.6,101.6,101.6,100.0,0.0,0.0,0.0,0.0,42.857142857142854,35.714285700000005,35.714285700000005,28.571428499999996,14.0,3.4601648275,-0.08255979046225548,-0.002751993015408516,27.569536597162838,2024,Rk
Ryan Burrowes,CHW,802018.0,sa3018619,19,6935,29,24,0.0,0.0,0.0,0.0,0,0.0,8,10.3448275,27.586206800000006,141.52377396647557,0.588235294,0.4461188542431799,0.0,0.0,0.0,0.0,0.0,0.0,0.0,0.0,0.0,0.0,0.0,0.0,0.0,0.0,0.0,23.529411764705877,35.29411760000001,35.29411760000001,29.4117647,0.0,4.7071859171893164,-0.2185823107138276,-0.007537321059097503,13.99838247371125,2024,Rk
Ryan Cermak,TBR,688714.0,sa3020204,23,8395,29,20,0.0,0.0,0.0,0.3,1,0.0,6,24.137931,20.6896551,198.0228472765017,0.384615384,0.5261624537665268,0.0,0.0,0.0,0.0,0.0,0.0,0.0,0.0,0.0,0.0,0.0,0.0,0.0,0.0,0.0,21.428571428571427,35.714285700000005,35.714285700000005,28.571428499999996,0.0,6.5056162299634135,0.016366718336939808,0.0005643695978255108,6.461492269421183,2024,Rk
Jeison Lopez,ATH,808000.0,sa3021136,18,6570,29,25,0.0,0.0,0.0,0.12,0,0.0,10,6.896551700000002,34.482758600000004,83.50297012250041,0.333333333,0.3264228228864999,0.0,0.0,0.0,0.0,0.0,0.0,0.0,0.0,0.0,0.0,0.0,0.0,0.0,0.0,0.0,20.0,42.8571428,14.2857142,42.8571428,0.0,5.001896443123775,-0.3502182438969612,-0.012076491168860731,11.778585786543687,2024,Rk
Bryan Gonzalez Garcia,LAD,811314.0,sa3022617,18,6570,29,23,0.0,0.0,0.0,0.043478261,0,0.0,6,20.6896551,20.6896551,50.691942904607636,0.176470588,0.2771776955703209,0.0,0.0,0.0,0.0,0.0,0.0,0.0,0.0,0.0,0.0,0.0,0.0,0.0,0.0,0.0,11.764705882352938,47.058823499999995,29.4117647,23.5294117,0.0,6.438492060714285,0.363039705902338,0.012518610548356485,16.66427450854729,2024,Rk
Felix Cotes,TBR,800432.0,sa3022053,18,6570,29,26,0.0,0.0,0.0,0.038461537999999997,0,0.0,5,6.896551700000002,17.241379300000002,75.86305965704997,0.333333333,0.3145227517400469,0.0,0.0,0.0,0.0,0.0,0.0,0.0,0.0,0.0,0.0,0.0,0.0,0.0,0.0,0.0,13.636363636363635,52.6315789,31.5789473,15.7894736,0.0,5.744047616964287,0.3339521735906601,0.011515592192781384,14.553799229137555,2024,Rk
Austin Callahan,CIN,702472.0,sa3017407,23,8395,29,24,0.0,0.0,0.0,0.291666666,1,0.0,10,6.896551700000002,34.482758600000004,88.32814192701098,0.333333333,0.3636189308659784,0.0,0.0,0.0,0.0,0.0,0.0,0.0,0.0,0.0,0.0,0.0,0.0,0.0,0.0,0.0,37.5,28.571428499999996,42.8571428,28.571428499999996,0.0,2.9107142775,-0.02310018753632903,-0.0007965581909078976,3.142550792650346,2024,Rk
Manuel Baez,SEA,821281.0,sa3024640,19,6935,28,24,0.0,0.0,0.0,0.0,0,0.0,13,7.1428571,46.428571399999996,5.177905106389501,0.18181818100000002,0.19034401859555924,0.0,0.0,0.0,0.0,0.0,0.0,0.0,0.0,0.0,0.0,0.0,0.0,0.0,0.0,0.0,7.6923076923076925,90.0,0.0,10.0,0.0,2.64285714,-0.03256060928106308,-0.00116287890289511,3.5096586007413633,2024,Rk
Manuel Sequera,DET,691456.0,sa3015179,21,7665,28,26,0.0,0.0,0.0,0.153846154,1,0.0,6,7.1428571,21.4285714,102.69710906388909,0.315789473,0.3542726742369788,0.0,0.0,0.0,0.0,0.0,0.0,0.0,95.3,94.3,77.6,33.3,0.0,0.0,0.0,0.0,12.5,55.00000000000001,40.0,5.0,-31.0,1.08035714,-0.057791853323578835,-0.002063994761556387,6.352294299294599,2024,Rk
Vaun Brown,SFG,673901.0,sa3017282,26,9490,28,21,0.0,0.0,0.0,0.14285714300000002,1,0.0,4,10.7142857,14.2857142,126.73303839413843,0.294117647,0.4169847177607672,0.0,0.0,0.0,0.0,0.0,0.0,0.0,95.0,93.2,85.8,33.3,0.0,0.0,0.0,0.0,11.111111111111109,47.058823499999995,29.4117647,23.5294117,-6.3,2.64285714,-0.05082041257992387,-0.001815014734997281,2.257203042690525,2024,Rk
Brooks Brannon,BOS,703477.0,sa3020417,20,7300,27,23,0.0,0.0,0.0,0.0,0,0.0,10,14.814814800000002,37.037037,39.979579589003365,0.307692307,0.26181800277144823,0.0,0.0,0.0,0.0,0.0,0.0,0.0,0.0,0.0,0.0,0.0,0.0,0.0,0.0,0.0,7.6923076923076925,23.076923,61.5384615,15.384615300000002,0.0,5.2970300343024315,0.13395217061042786,0.00496119150408992,5.3958088035837735,2024,Rk
Leonel Espinoza,CHC,696083.0,sa3015735,21,7665,27,22,0.0,0.0,0.0,0.090909091,0,0.0,5,14.814814800000002,18.5185185,112.14952409321398,0.352941176,0.388480321124748,0.0,0.0,0.0,0.0,0.0,0.0,0.0,0.0,0.0,0.0,0.0,0.0,0.0,0.0,0.0,11.764705882352938,41.1764705,23.5294117,35.29411760000001,0.0,3.89285714,-0.04620037507265806,-0.0017111250026910394,8.243938445484147,2024,Rk
Enmanuel Terrero,PIT,691927.0,sa3015591,21,7665,27,24,0.0,0.0,0.0,0.125,0,0.0,3,11.111111099999999,11.111111099999999,182.92303095269747,0.47619047600000003,0.4904323131949813,0.0,0.0,0.0,0.0,0.0,0.0,0.0,105.7,102.2,84.3,33.3,0.0,0.0,0.0,0.0,23.809523809523807,52.3809523,28.571428499999996,19.047619,7.7,8.84456269790182,0.4163667242974043,0.015420989788792753,11.261729376340105,2024,Rk
Ramon Ramirez,LAA,802622.0,sa3018971,19,6935,27,24,0.0,0.0,0.0,0.0,0,0.0,14,11.111111099999999,51.85185180000001,-41.73479755315096,0.1,0.12459754502331767,0.0,0.0,0.0,0.0,0.0,0.0,0.0,0.0,0.0,0.0,0.0,0.0,0.0,0.0,0.0,10.0,75.0,25.0,0.0,0.0,2.64285714,-0.018480150029063225,-0.0006844500010764157,4.393136842833586,2024,Rk
Bryan Arias,HOU,687035.0,sa3011265,27,9855,27,26,0.0,0.0,0.0,0.0,0,0.0,9,3.7037037000000006,33.3333333,-19.37775651575734,0.176470588,0.13803933726416695,0.0,0.0,0.0,0.0,0.0,0.0,0.0,0.0,0.0,0.0,0.0,0.0,0.0,0.0,0.0,5.882352941176469,64.7058823,35.29411760000001,0.0,0.0,1.08035714,-0.033023916184902184,-0.0012231080068482293,0.307907926023687,2024,Rk
Elijah Nunez,WSN,694399.0,sa3022674,22,8030,27,22,0.0,0.0,0.0,0.090909091,0,0.0,3,18.5185185,11.111111099999999,37.54717940246224,0.105263157,0.24599654806984794,0.0,0.0,0.0,0.0,0.0,0.0,0.0,0.0,0.0,0.0,0.0,0.0,0.0,0.0,0.0,5.263157894736842,38.8888888,50.0,11.111111099999999,0.0,6.812341182263127,0.35872011072933674,0.013285930027012472,5.099651049942025,2024,Rk
Lazaro Morales,SFG,805116.0,sa3018647,20,7300,27,20,0.0,0.0,0.0,0.05,0,0.0,10,22.222222199999997,37.037037,76.07075577288519,0.3,0.3282851488501937,0.0,0.0,0.0,0.0,0.0,0.0,0.0,0.0,0.0,0.0,0.0,0.0,0.0,0.0,0.0,30.0,30.0,50.0,20.0,0.0,5.036613365552429,0.15841966541483998,0.005867395015364444,8.395972632699214,2024,Rk
Jair Casanova,ATL,698911.0,sa3018392,20,7300,27,25,0.0,0.0,0.0,0.0,0,0.0,12,7.407407400000001,44.444444399999995,-48.734772006642416,0.07692307599999999,0.09461658310007166,0.0,0.0,0.0,0.0,0.0,0.0,0.0,0.0,0.0,0.0,0.0,0.0,0.0,0.0,0.0,15.789473684210524,75.0,25.0,0.0,0.0,1.60119047125,-0.024767937138676643,-0.000917331005136172,2.3868198816997594,2024,Rk
Niko Decolati,COL,680719.0,sa3006670,26,9490,27,21,0.0,0.0,0.0,0.0,0,0.0,9,14.814814800000002,33.3333333,53.748820608889574,0.25,0.2872800076449359,0.0,0.0,0.0,0.0,0.0,0.0,0.0,93.3,93.3,93.3,0.0,0.0,0.0,0.0,0.0,0.0,75.0,16.6666666,8.3333333,-13.0,4.826176748702645,0.15841966541483998,0.005867395015364444,1.0889518233445483,2024,Rk
Tommy Troy,ARI,694371.0,sa3022561,22,8030,26,22,0.0,0.0,0.0,0.22727272699999998,0,0.0,7,3.8461538,26.9230769,95.11660684403738,0.388888888,0.3560373920660753,0.0,0.0,0.0,0.0,0.0,0.0,0.0,0.0,0.0,0.0,0.0,0.0,0.0,0.0,0.0,27.777777777777782,31.5789473,52.6315789,15.7894736,0.0,4.36160714,-0.018480150029063225,-0.0007107750011178162,4.400912052731116,2024,Rk
Leandro Arias,BAL,703202.0,sa3018433,19,6935,26,19,0.0,0.0,0.0,0.578947369,2,0.0,3,15.384615300000002,11.5384615,244.4012465410548,0.333333333,0.6037480349724109,0.0,0.0,0.0,0.0,0.0,0.0,0.0,0.0,0.0,0.0,0.0,0.0,0.0,0.0,0.0,41.17647058823529,29.4117647,47.058823499999995,23.5294117,0.0,7.890563110845827,0.1422081496566534,0.005469544217563593,23.9282237904978,2024,Rk
Anthony Pena,NYY,814276.0,sa3022197,18,6570,26,22,0.0,0.0,0.0,0.0,0,0.0,9,11.5384615,34.6153846,27.12344868870901,0.23076923,0.24249412004764265,0.0,0.0,0.0,0.0,0.0,0.0,0.0,0.0,0.0,0.0,0.0,0.0,0.0,0.0,0.0,6.666666666666668,69.2307692,23.076923,7.6923076,0.0,6.293067972979427,0.16201262548565865,0.006231254826371486,9.203751234703876,2024,Rk
Nixon Chirinos,MIA,808694.0,sa3022164,18,6570,26,21,0.0,0.0,0.0,0.0,0,0.0,10,19.230769199999997,38.461538399999995,50.96744706434537,0.27272727199999997,0.2644833463888902,0.0,0.0,0.0,0.0,0.0,0.0,0.0,0.0,0.0,0.0,0.0,0.0,0.0,0.0,0.0,14.285714285714285,45.45454539999999,27.2727272,27.2727272,0.0,1.08035714,-0.06604783236980437,-0.0025403012449924764,9.433537266421856,2024,Rk
Harry Owen,ATL,702214.0,sa3020213,22,8030,26,25,0.0,0.0,0.0,0.0,0,0.0,6,3.8461538,23.076923,-20.60637379546374,0.157894736,0.14334854254355794,0.0,0.0,0.0,0.0,0.0,0.0,0.0,0.0,0.0,0.0,0.0,0.0,0.0,0.0,0.0,26.315789473684212,38.8888888,44.444444399999995,16.6666666,0.0,1.08035714,-0.033023916184902184,-0.0012701506224962382,1.7606272934820617,2024,Rk
Zach Cole,HOU,805904.0,sa3019937,23,8395,26,22,0.0,0.0,0.0,0.272727273,1,0.0,8,11.5384615,30.769230699999998,150.77589345270883,0.384615384,0.4328275689711937,0.0,0.0,0.0,0.0,0.0,0.0,0.0,0.0,0.0,0.0,0.0,0.0,0.0,0.0,0.0,14.285714285714285,42.8571428,28.571428499999996,28.571428499999996,0.0,8.01181797297943,0.1422081496566534,0.005469544217563593,5.306431885378668,2024,Rk
Alvaro Matos,NYM,828772.0,sa3025271,18,6570,26,20,0.0,0.0,0.0,0.05,0,0.0,10,11.5384615,38.461538399999995,118.95419666279815,0.5,0.3992150288361769,0.0,0.0,0.0,0.0,0.0,0.0,0.0,0.0,0.0,0.0,0.0,0.0,0.0,0.0,0.0,30.0,50.0,50.0,0.0,0.0,7.5,1.3457323387265203,0.051758936104866184,19.47846951009332,2024,Rk
Cole Elvis,MIN,677331.0,sa3022747,24,8760,26,23,0.0,0.0,0.0,0.043478261,0,0.0,8,7.6923076,30.769230699999998,31.055868063884677,0.25,0.22565196798397946,0.0,0.0,0.0,0.0,0.0,0.0,0.0,0.0,0.0,0.0,0.0,0.0,0.0,0.0,0.0,21.052631578947366,53.3333333,33.3333333,13.333333300000001,0.0,2.64285714,-0.04127989523112774,-0.0015876882781202975,1.0970748068643756,2024,Rk
Noah Williams,ATL,806304.0,sa3019909,20,7300,26,21,0.0,0.0,0.0,0.23809523800000001,1,0.0,6,15.384615300000002,23.076923,112.18268117862853,0.214285714,0.3734032649260301,0.0,0.0,0.0,0.0,0.0,0.0,0.0,60.1,60.1,60.1,0.0,0.0,0.0,0.0,0.0,20.0,57.1428571,35.714285700000005,7.1428571,-75.0,3.80357142125,-0.057791853323578835,-0.0022227635893684173,11.599849019889175,2024,Rk
Daniel Montesino,SDP,694220.0,sa3015721,20,7300,25,17,0.0,0.0,0.0,0.117647059,0,0.0,4,20.0,16.0,81.92496500012042,0.2,0.3361689639091492,0.0,0.0,0.0,0.0,0.0,0.0,0.0,0.0,0.0,0.0,0.0,0.0,0.0,0.0,0.0,20.0,35.714285700000005,50.0,14.2857142,0.0,7.061965246074824,0.36765974340960383,0.014706389736384154,12.303650168182706,2024,Rk
Garret Forrester,PIT,807720.0,sa3022822,22,8030,25,18,0.0,0.0,0.0,0.0,0,0.0,5,8.0,20.0,57.03306982388453,0.142857142,0.27233015060424803,0.0,0.0,0.0,0.0,0.0,0.0,0.0,0.0,0.0,0.0,0.0,0.0,0.0,0.0,0.0,14.285714285714285,42.8571428,50.0,7.1428571,0.0,2.64285714,-0.06604783236980437,-0.002641913294792175,2.5726043787840327,2024,Rk
Luis Garcia,MIL,800430.0,sa3021583,19,6935,25,19,0.0,0.0,0.0,0.21052631600000002,0,0.0,6,20.0,24.0,173.96532040186398,0.5,0.5041220760345461,0.0,0.0,0.0,0.0,0.0,0.0,0.0,0.0,0.0,0.0,0.0,0.0,0.0,0.0,0.0,50.0,28.571428499999996,42.8571428,28.571428499999996,0.0,3.69859307214445,-0.36107178032398224,-0.01444287121295929,19.772470120188988,2024,Rk
Axiel Plaz,PIT,800208.0,sa3018480,18,6570,25,19,0.0,0.0,0.0,0.052631579000000005,0,0.0,5,16.0,20.0,67.93031636679011,0.2,0.2912094402313232,0.0,0.0,0.0,0.0,0.0,0.0,0.0,0.0,0.0,0.0,0.0,0.0,0.0,0.0,0.0,13.333333333333336,46.6666666,40.0,13.333333300000001,0.0,2.64285714,-0.057791853323578835,-0.0023116741329431536,14.067555572734346,2024,Rk
Ivan Cespedes,CHC,816406.0,sa3023901,18,6570,25,20,0.0,0.0,0.0,0.15,1,0.0,8,20.0,32.0,57.7328418599651,0.09090909,0.2871532917022705,0.0,0.0,0.0,0.0,0.0,0.0,0.0,0.0,0.0,0.0,0.0,0.0,0.0,0.0,0.0,0.0,63.6363636,36.363636299999996,0.0,0.0,4.229534986052546,0.16743939369916916,0.006697575747966767,15.540648168926358,2024,Rk
Jancel Santana,BOS,800205.0,sa3018478,18,6570,25,22,0.0,0.0,0.0,0.0,0,0.0,15,12.0,60.0,-33.98194055217947,0.142857142,0.13368095874786376,0.0,0.0,0.0,0.0,0.0,0.0,0.0,0.0,0.0,0.0,0.0,0.0,0.0,0.0,0.0,43.75,42.8571428,57.1428571,0.0,0.0,2.64285714,-0.033023916184902184,-0.0013209566473960876,6.101639806511222,2024,Rk
Antonio Gomez,NYY,682625.0,sa3008746,22,8030,25,20,0.0,0.0,0.0,0.1,0,0.0,4,20.0,16.0,112.057072646676,0.3125,0.3832637071609497,0.0,0.0,0.0,0.0,0.0,0.0,0.0,0.0,0.0,0.0,0.0,0.0,0.0,0.0,0.0,25.0,37.5,25.0,37.5,0.0,1.39285714,-0.06604783236980437,-0.002641913294792175,6.2432807475504335,2024,Rk
Bjay Cooke,ATH,805737.0,sa3019807,21,7665,25,18,0.0,0.0,0.0,0.055555556,0,0.0,4,24.0,16.0,131.3833459209443,0.35714285700000004,0.4323058915138245,0.0,0.0,0.0,0.0,0.0,0.0,0.0,0.0,0.0,0.0,0.0,0.0,0.0,0.0,0.0,14.285714285714285,57.1428571,35.714285700000005,7.1428571,0.0,6.672061078589879,0.5491795963607728,0.021967183854430916,10.693686920163733,2024,Rk
