Season,Name,Team,Level,Age,G,AB,PA,H,1B,2B,3B,HR,R,RBI,BB,IBB,SO,HBP,SF,SH,GDP,SB,CS,AVG,PlayerId
2011,Chris Owings,ARI,A+,19,121,521,555,128,82,29,6,11,67,50,15,0,130,7,4,8,5,10,4,0.245681381,10030
2012,Chris Owings,ARI,A+,20,59,241,257,78,49,16,2,11,51,24,13,0,63,2,1,0,3,8,3,0.323651452,10030
2009,Grant Green,OAK,A+,21,5,19,20,6,5,1,0,0,2,3,1,0,5,0,0,0,1,1,0,0.315789473,10053
2010,Grant Green,OAK,A+,22,131,548,606,174,109,39,6,20,107,87,38,2,117,7,10,3,14,9,5,0.317518248,10053
2011,Max Stassi,OAK,A+,20,31,121,139,28,20,6,0,2,22,19,16,0,22,2,0,0,4,1,1,0.231404958,10059
2012,Max Stassi,OAK,A+,21,84,314,360,84,51,18,0,15,48,45,27,0,83,8,11,0,5,3,1,0.267515923,10059
2010,Jonathan Villar,HOU,A+,19,32,129,143,29,18,6,2,3,18,19,12,0,50,1,1,0,2,7,2,0.224806201,10071
2011,Jonathan Villar,HOU,A+,20,47,174,207,45,30,7,4,4,26,26,25,0,56,2,3,3,0,20,6,0.258620689,10071
2012,Donald Lutz,CIN,A+,23,63,253,277,67,29,18,3,17,42,51,19,5,71,4,1,0,4,7,2,0.264822134,10154
2010,Mike Trout,LAA,A+,18,50,196,233,60,45,9,2,4,30,19,27,1,33,1,3,5,2,11,6,0.306122448,10155
2011,Nick Franklin,SEA,A+,20,64,258,297,71,51,10,5,5,50,20,31,0,56,2,1,5,3,13,1,0.275193798,10166
2012,Billy Hamilton,CIN,A+,21,82,337,392,109,81,18,9,1,79,30,50,1,70,2,1,2,2,104,21,0.323442136,10199
2012,Tucker Barnhart,CIN,A+,21,59,198,231,55,38,12,1,4,26,22,29,0,45,1,1,2,4,0,2,0.277777777,10200
2011,Randal Grichuk,LAA,A+,19,14,53,57,15,8,4,2,1,13,6,0,0,13,3,1,0,1,0,0,0.283018867,10243
2012,Randal Grichuk,LAA,A+,20,135,537,575,160,103,30,9,18,79,71,23,3,92,9,4,2,10,16,6,0.297951582,10243
2010,Brandon Belt,SFG,A+,22,77,269,333,103,61,28,4,10,62,62,58,3,50,3,3,0,1,18,7,0.382899628,10264
2011,Hector Sanchez,SFG,A+,21,52,212,228,64,38,14,1,11,31,58,11,1,49,2,3,0,3,0,1,0.301886792,10289
2012,Rafael Ortega,COL,A+,21,114,495,556,140,101,23,8,8,81,60,46,1,93,4,7,4,8,36,18,0.282828282,10323
2011,Rey Fuentes,SDP,A+,20,124,510,573,140,111,15,9,5,84,45,44,2,117,9,1,9,1,41,14,0.274509803,10329
2012,Domingo Santana,HOU,A+,19,119,457,525,138,83,26,6,23,87,97,55,0,148,9,4,0,10,7,1,0.301969365,10348
2011,Tommy Joseph,SFG,A+,19,127,514,560,139,82,33,2,22,80,95,29,0,102,9,7,1,18,1,0,0.270428015,10349
2011,Jon Singleton,HOU,A+,19,35,129,148,43,29,9,1,4,20,16,14,1,40,3,2,0,3,0,0,0.333333333,10441
2012,Enrique Hernandez,HOU,A+,20,100,378,411,104,67,25,7,5,52,49,22,0,43,3,3,5,9,4,2,0.275132275,10472
2011,Rocky Gale,SDP,A+,23,27,71,84,10,9,1,0,0,7,10,7,0,12,2,1,3,0,0,1,0.14084507,10533
2012,Rocky Gale,SDP,A+,24,14,50,52,9,7,1,0,1,3,6,1,0,8,0,0,1,3,1,0,0.18,10533
2011,Rico Noel,SDP,A+,22,32,100,116,21,17,2,2,0,19,6,13,0,19,2,0,1,0,12,1,0.21,10585
2012,Rico Noel,SDP,A+,23,134,514,597,139,123,14,2,0,79,30,62,2,151,8,1,8,5,90,23,0.270428015,10585
2012,Carlos Perez,HOU,A+,21,26,88,97,28,21,6,1,0,11,10,6,0,17,1,0,2,4,0,1,0.318181818,10642
2011,Ryan LaMarre,CIN,A+,22,117,445,504,124,98,17,3,6,78,47,42,1,97,8,6,2,8,52,14,0.278651685,10700
2016,Arismendy Alcantara,OAK,A+,24,6,26,27,8,3,3,1,1,4,8,1,0,9,0,0,0,0,0,0,0.307692307,10711
2012,Corey Dickerson,COL,A+,23,60,240,270,81,44,24,4,9,43,43,25,5,42,1,4,0,3,9,5,0.3375,10762
2011,Jedd Gyorko,SDP,A+,22,81,340,382,124,69,35,2,18,78,74,38,4,64,2,2,0,6,11,3,0.364705882,10816
2008,Darren Ford,SFG,A+,22,38,128,155,28,23,4,1,0,21,7,23,1,42,2,0,2,1,14,1,0.21875,109
2009,Darren Ford,SFG,A+,23,101,380,441,114,79,17,9,9,81,50,49,1,97,6,3,3,4,35,12,0.3,109
2012,Adam Duvall,SFG,A+,23,134,534,598,138,80,24,4,30,101,100,47,0,116,10,6,1,18,8,2,0.258426966,10950
2014,Colin Walsh,OAK,A+,24,6,24,30,10,8,1,0,1,7,4,6,0,6,0,0,0,1,1,0,0.416666666,10961
2011,Tommy Medica,SDP,A+,23,42,139,175,42,26,10,0,6,21,17,25,1,32,10,1,0,4,0,1,0.302158273,11147
2012,Tommy Medica,SDP,A+,24,93,355,406,117,56,37,5,19,65,87,41,1,86,7,3,0,8,1,1,0.329577464,11147
2011,Josh Rutledge,COL,A+,22,113,460,523,160,109,33,9,9,91,71,41,1,91,12,2,8,5,16,3,0.347826086,11167
2011,Kole Calhoun,LAA,A+,23,133,512,594,166,102,36,6,22,94,99,73,3,96,4,4,1,10,20,10,0.32421875,11200
2011,Adam Eaton,ARI,A+,22,65,244,301,81,57,15,3,6,54,39,42,0,41,14,1,0,2,24,8,0.331967213,11205
2013,Adam Eaton,ARI,A+,24,15,53,64,17,13,3,0,1,12,6,10,0,6,1,0,0,2,8,1,0.320754716,11205
2012,Mike Freeman,ARI,A+,24,135,537,610,166,134,24,5,3,91,59,60,1,88,2,5,6,3,30,4,0.309124767,11241
2013,Jabari Blash,SEA,A+,23,80,283,332,73,38,16,3,16,42,53,40,0,85,6,3,0,9,14,8,0.25795053,11247
2011,Yasmani Grandal,CIN,A+,22,56,206,251,61,37,14,0,10,47,40,41,0,57,1,3,0,6,0,0,0.296116504,11368
2011,Michael Choice,OAK,A+,21,118,467,542,133,74,28,1,30,79,82,61,2,134,10,4,0,9,9,5,0.284796573,11376
2012,Delino DeShields,HOU,A+,19,24,97,114,23,16,2,3,2,17,9,13,0,23,2,1,1,1,18,5,0.237113402,11379
2013,Delino DeShields,HOU,A+,20,111,451,534,141,99,23,14,5,99,54,57,1,92,11,2,13,8,51,18,0.31263858,11379
2013,Kyle Waldrop,CIN,A+,21,129,504,540,130,73,32,4,21,66,54,32,0,121,2,2,0,5,20,8,0.257936507,11402
2014,Kyle Waldrop,CIN,A+,22,65,256,289,92,65,20,1,6,54,32,22,0,56,3,5,2,6,11,2,0.359375,11402
2011,Gary Brown,SFG,A+,22,131,559,638,188,127,34,13,14,115,80,46,1,77,23,4,6,6,53,19,0.336314847,11464
2012,Kaleb Cowart,LAA,A+,20,69,263,316,68,42,15,4,7,48,49,45,0,67,2,4,1,3,5,3,0.258555133,11494
2015,Kaleb Cowart,LAA,A+,23,51,194,221,47,27,14,4,2,32,23,22,0,43,3,2,0,10,10,2,0.242268041,11494
2009,Andrew Romine,LAA,A+,23,131,479,555,133,110,13,9,1,68,36,51,1,83,5,4,16,7,26,11,0.277661795,1159
2014,Rosell Herrera,COL,A+,21,72,275,302,67,51,11,1,4,31,23,24,0,52,0,2,1,4,9,7,0.243636363,11611
2015,Rosell Herrera,COL,A+,22,123,466,512,121,91,20,6,4,55,36,37,0,97,1,2,6,8,9,8,0.259656652,11611
2014,Brandon Drury,ARI,A+,21,107,430,478,129,74,35,1,19,73,81,41,2,76,5,2,0,16,3,3,0.3,11615
2011,Jarrett Parker,SFG,A+,22,127,486,571,123,82,25,3,13,81,61,74,1,144,8,1,2,9,20,5,0.253086419,11624
2012,Jarrett Parker,SFG,A+,23,122,409,491,101,58,21,7,15,71,67,70,3,175,8,2,2,2,28,6,0.246943765,11624
2012,Stefen Romero,SEA,A+,23,60,258,276,92,59,19,3,11,47,51,13,3,35,3,2,0,7,6,2,0.356589147,11746
2013,Stefen Romero,SEA,A+,24,5,18,21,5,4,1,0,0,1,2,2,0,1,1,0,0,2,0,0,0.277777777,11746
2012,Kyle Parker,COL,A+,22,102,390,463,120,73,18,6,23,86,73,66,1,88,6,1,0,14,1,2,0.307692307,11763
2011,Noel Cuevas,LAD,A+,19,23,91,95,20,15,4,1,0,11,11,4,0,17,0,0,0,3,2,2,0.219780219,11894
2013,Noel Cuevas,LAD,A+,21,123,476,536,135,88,25,10,12,80,66,37,0,107,7,5,11,8,38,15,0.283613445,11894
2012,Joc Pederson,LAD,A+,20,110,434,499,136,88,26,4,18,96,70,51,1,81,10,2,2,4,26,14,0.313364055,11899
2012,Joe Panik,SFG,A+,21,130,535,605,159,121,27,4,7,93,76,58,1,54,5,5,2,13,10,4,0.297196261,11936
2013,Matt Duffy,HOU,A+,24,100,372,425,120,77,20,4,19,74,84,30,2,81,18,4,1,6,0,2,0.322580645,12181
2013,Scott Schebler,LAD,A+,22,125,477,534,141,72,29,13,27,95,91,35,0,140,15,3,4,5,16,5,0.295597484,12225
2012,Cory Spangenberg,SDP,A+,21,98,384,426,104,83,12,8,1,53,40,26,1,72,6,4,6,4,27,9,0.270833333,12294
2013,Cory Spangenberg,SDP,A+,22,54,226,253,67,44,13,6,4,34,31,23,1,51,1,0,3,1,17,3,0.296460176,12294
2013,Jace Peterson,SDP,A+,23,113,423,496,128,91,17,13,7,78,66,54,0,58,5,7,7,6,42,10,0.302600472,12325
2012,Beau Taylor,OAK,A+,22,52,195,226,64,49,10,2,3,25,34,28,0,29,1,2,0,4,0,2,0.328205128,12384
2014,Beau Taylor,OAK,A+,24,32,114,138,38,23,10,0,5,21,27,22,0,33,0,2,0,1,0,0,0.333333333,12384
2007,Matt Bush,SDP,A+,21,29,98,116,20,16,2,1,1,8,17,16,0,21,0,2,0,3,1,0,0.204081632,1246
2014,Tyler Smith,SEA,A+,22,108,423,492,121,86,19,7,9,81,44,57,1,81,7,2,3,11,11,7,0.286052009,12490
2012,Jett Bandy,LAA,A+,22,94,324,365,80,50,22,1,7,42,46,20,1,51,15,3,3,5,1,1,0.24691358,12508
2012,C.J. Cron,LAA,A+,22,129,525,557,154,93,32,2,27,73,123,17,1,72,11,4,0,18,3,4,0.293333333,12546
2012,John Hicks,SEA,A+,22,121,506,538,158,109,32,2,15,87,79,28,2,73,3,1,0,11,22,8,0.312252964,12547
2013,Trevor Story,COL,A+,20,130,497,554,116,65,34,5,12,71,65,45,0,183,7,1,4,2,22,1,0.233400402,12564
2014,Trevor Story,COL,A+,21,50,184,218,61,32,17,7,5,38,28,31,1,59,3,0,0,3,20,4,0.331521739,12564
2013,Taylor Featherston,COL,A+,23,116,469,516,137,83,31,10,13,87,81,30,0,110,9,6,2,14,17,4,0.292110874,12590
2013,O'Koyea Dickson,LAD,A+,23,122,468,523,131,81,32,3,15,68,88,29,0,68,17,9,0,12,4,2,0.279914529,12677
2017,Dillon Thomas,COL,A+,24,12,50,53,12,10,1,0,1,7,3,2,0,18,1,0,0,2,6,0,0.24,12719
2015,Dillon Thomas,COL,A+,22,113,399,437,99,65,21,7,6,44,49,22,0,143,5,2,9,9,17,8,0.2481203,12719
2012,Brad Miller,SEA,A+,22,97,410,473,139,90,33,5,11,89,56,52,2,79,2,5,4,5,19,6,0.33902439,12775
2012,George Springer,HOU,A+,22,106,433,500,137,87,18,10,22,101,82,56,4,131,6,5,0,6,28,6,0.316397228,12856
2014,Socrates Brito,ARI,A+,21,128,518,561,152,107,30,5,10,82,62,36,1,109,2,5,0,6,38,10,0.293436293,12944
2012,Steve Selsky,CIN,A+,22,69,267,307,93,54,21,3,15,52,48,26,2,62,10,4,0,3,13,2,0.348314606,12957
2013,Steve Selsky,CIN,A+,23,91,340,394,101,64,19,5,13,54,68,37,0,79,15,2,0,7,9,4,0.297058823,12957
2013,Austin Hedges,SDP,A+,20,66,233,266,63,36,22,1,4,34,30,22,0,45,6,4,1,7,5,4,0.270386266,12976
2013,Michael Perez,ARI,A+,20,47,179,193,31,17,9,0,5,21,24,11,0,78,1,2,0,2,1,1,0.173184357,12977
2015,Michael Perez,ARI,A+,22,34,117,131,22,13,6,0,3,15,20,9,0,37,2,2,1,0,1,0,0.188034188,12977
2016,Michael Perez,ARI,A+,23,47,156,173,40,27,10,2,1,17,19,15,0,33,0,2,0,3,1,0,0.256410256,12977
2013,Kelby Tomlinson,SFG,A+,23,32,134,148,37,30,7,0,0,13,16,12,0,32,1,1,0,6,5,1,0.276119402,13005
2014,Teoscar Hernandez,HOU,A+,21,96,391,455,115,57,33,8,17,72,75,49,0,117,5,5,5,7,31,6,0.294117647,13066
2012,Andrew Susac,SFG,A+,22,102,361,426,88,60,16,3,9,58,52,55,0,100,6,2,2,8,1,1,0.243767313,13132
2016,Jose Briceno,LAA,A+,23,33,125,137,30,23,6,0,1,10,11,9,0,28,0,3,0,1,1,1,0.24,13151
2013,Nolan Fontana,HOU,A+,22,104,386,499,101,69,18,6,8,89,62,102,1,99,3,3,5,6,17,5,0.261658031,13267
2014,Zach Vincej,CIN,A+,23,115,428,481,116,91,23,1,1,72,40,44,0,73,3,2,4,12,11,8,0.271028037,13269
2013,Darnell Sweeney,LAD,A+,22,134,552,613,152,91,34,16,11,79,77,43,1,151,5,7,6,5,48,20,0.275362318,13284
2013,Max Muncy,OAK,A+,22,93,351,428,100,65,13,1,21,67,76,64,9,68,7,6,0,2,1,1,0.284900284,13301
2013,Jake Lamb,ARI,A+,22,64,231,283,70,37,20,0,13,44,47,48,2,70,2,2,0,10,0,0,0.303030303,13329
2016,Andrew Toles,LAD,A+,24,22,92,100,34,24,8,2,0,22,9,6,0,13,1,0,1,1,9,3,0.369565217,13414
2016,Oscar Hernandez,ARI,A+,22,34,112,133,33,20,10,0,3,15,15,18,0,26,2,0,1,3,1,0,0.294642857,13490
2014,Jesse Winker,CIN,A+,20,53,205,249,65,37,15,0,13,42,49,40,0,46,1,3,0,4,5,1,0.31707317,13590
2014,Mallex Smith,SDP,A+,21,55,223,261,73,51,16,1,5,43,16,31,0,48,2,0,5,0,40,10,0.32735426,13608
2013,Ketel Marte,SEA,A+,19,19,86,92,22,19,0,2,1,18,8,4,0,11,0,0,2,0,4,3,0.255813953,13613
2013,Corey Seager,LAD,A+,19,27,100,114,16,9,2,1,4,10,15,12,0,31,0,2,0,0,1,0,0.16,13624
2014,Corey Seager,LAD,A+,20,80,327,365,115,61,34,2,18,61,70,30,2,76,5,3,0,6,5,1,0.351681957,13624
2013,Preston Tucker,HOU,A+,22,75,298,333,97,63,18,1,15,61,74,29,1,45,2,4,0,4,3,0,0.325503355,13633
2014,David Dahl,COL,A+,20,29,120,125,32,18,8,2,4,14,14,5,0,27,0,0,0,0,3,0,0.266666666,13744
2013,Chris Taylor,SEA,A+,22,67,269,319,90,60,16,7,7,62,44,44,0,62,2,4,0,4,20,2,0.33457249,13757
2013,Travis Jankowski,SDP,A+,22,122,493,556,141,115,19,6,1,89,38,54,0,96,2,4,3,3,71,14,0.286004056,13768
2014,Travis Jankowski,SDP,A+,23,5,18,25,3,2,1,0,0,2,1,6,1,3,0,0,1,1,1,0,0.166666666,13768
2013,Eric Stamets,LAA,A+,21,126,506,571,142,106,28,4,4,80,53,34,0,66,8,2,21,7,16,4,0.280632411,13795
2013,Matt Duffy,SFG,A+,22,26,106,115,31,19,6,1,5,17,14,7,0,16,1,0,1,2,3,1,0.29245283,13836
2013,Anthony Bemboom,LAA,A+,23,23,75,82,12,10,1,0,1,4,7,4,0,19,2,0,1,2,0,0,0.16,13854
2014,Anthony Bemboom,LAA,A+,24,46,172,182,42,31,6,2,3,21,30,8,0,27,1,1,0,3,2,2,0.244186046,13854
2013,Bruce Maxwell,OAK,A+,22,47,175,197,46,33,8,0,5,19,21,19,0,34,1,2,0,4,0,0,0.262857142,13866
2014,Bruce Maxwell,OAK,A+,23,79,289,334,79,61,11,1,6,33,35,41,1,58,2,2,0,3,0,1,0.273356401,13866
2013,Trevor Brown,SFG,A+,21,14,58,62,10,6,4,0,0,5,4,4,0,10,0,0,0,0,0,0,0.172413793,13895
2014,Trevor Brown,SFG,A+,22,54,195,212,42,34,5,1,2,19,22,12,1,33,1,4,0,5,0,0,0.215384615,13895
2013,Tyler Heineman,HOU,A+,22,104,370,428,106,66,23,4,13,67,71,32,0,47,15,7,4,8,2,3,0.286486486,13897
2014,Seth Mejias-Brean,CIN,A+,23,69,267,313,80,58,8,3,11,56,45,44,0,49,0,2,0,9,7,1,0.299625468,13905
2013,Sherman Johnson,LAA,A+,22,6,26,31,8,4,3,1,0,3,2,3,0,5,0,1,1,0,0,0,0.307692307,13906
2014,Sherman Johnson,LAA,A+,23,136,529,629,146,93,23,13,17,107,78,88,1,104,5,3,4,4,26,12,0.275992438,13906
2013,Patrick Kivlehan,SEA,A+,23,68,266,302,85,57,13,2,13,48,59,26,0,66,5,5,0,5,10,3,0.319548872,13910
2014,Patrick Kivlehan,SEA,A+,24,34,142,157,40,20,9,2,9,24,35,12,0,32,0,3,0,8,2,0,0.28169014,13910
2014,Rio Ruiz,HOU,A+,20,131,516,602,151,101,37,2,11,76,77,82,2,91,0,4,0,14,4,4,0.292635658,14103
2013,Addison Russell,OAK,A+,19,107,429,504,118,62,29,10,17,85,60,61,0,116,11,3,0,8,21,3,0.275058275,14106
2015,Tim Lopes,SEA,A+,21,123,478,547,132,99,27,4,2,69,49,41,1,96,8,6,14,13,35,18,0.276150627,14137
2014,Tim Lopes,SEA,A+,20,114,421,470,100,73,16,7,4,54,43,37,0,81,6,1,5,5,18,7,0.237529691,14137
2014,Jose Rondon,SDP,A+,20,37,136,154,41,31,9,0,1,18,12,13,0,23,2,0,3,2,3,1,0.301470588,14140
2015,Jose Rondon,SDP,A+,21,57,237,264,71,53,12,3,3,50,22,21,1,38,2,1,3,4,17,6,0.299578059,14140
2014,Jose Rondon,LAA,A+,20,72,297,324,97,75,17,5,0,40,24,17,0,50,0,1,9,7,8,6,0.326599326,14140
2014,Daniel Robertson,OAK,A+,20,132,548,642,170,115,37,3,15,110,60,72,1,94,16,5,1,10,4,4,0.310218978,14145
2013,Mac Williamson,SFG,A+,22,136,520,599,152,94,31,2,25,94,89,51,3,132,21,5,0,13,10,1,0.292307692,14158
2014,Mac Williamson,SFG,A+,23,23,85,100,27,17,7,0,3,16,11,13,0,14,2,0,0,3,6,1,0.317647058,14158
2014,Carlos Correa,HOU,A+,19,62,249,293,81,53,16,6,6,50,57,36,0,45,5,3,0,9,20,4,0.325301204,14162
2012,Yasiel Puig,LAD,A+,21,14,52,59,17,14,2,0,1,10,4,6,0,8,1,0,0,0,7,4,0.326923076,14225
2015,Alfredo Gonzalez,HOU,A+,22,27,106,116,36,31,3,0,2,20,15,9,0,22,0,1,0,2,3,1,0.339622641,14267
2015,Mitch Haniger,ARI,A+,24,49,202,226,67,36,16,3,12,40,36,17,0,39,2,5,0,2,8,2,0.331683168,14274
2014,Matt Olson,OAK,A+,20,138,512,634,134,65,31,1,37,111,97,117,4,137,5,0,0,6,2,0,0.26171875,14344
2015,Raimel Tapia,COL,A+,21,131,544,593,166,111,34,9,12,74,71,24,3,105,5,13,7,6,26,10,0.305147058,14350
2015,Lewis Brinson,TEX,A+,21,64,258,298,87,45,22,7,13,51,42,31,0,64,6,3,0,5,13,6,0.337209302,14352
2015,Ronald Guzman,TEX,A+,20,107,422,452,117,76,25,7,9,54,73,27,0,101,0,3,0,11,3,0,0.277251184,14388
2014,Joe Hudson,CIN,A+,23,14,45,47,13,5,3,0,5,9,9,2,0,9,0,0,0,4,0,1,0.288888888,14412
2016,Scott Heineman,TEX,A+,23,134,525,610,159,95,39,8,17,96,80,59,0,120,16,6,4,8,30,14,0.302857142,14453
2014,Renato Nunez,OAK,A+,20,124,509,563,142,82,28,3,29,75,96,34,0,113,13,6,0,12,2,0,0.278978388,14503
2015,Luis Marte,TEX,A+,21,60,234,247,62,47,10,2,3,38,25,4,0,46,2,3,4,8,8,2,0.264957264,14515
2014,Gabriel Guerrero,SEA,A+,20,131,538,580,165,117,28,2,18,97,96,34,1,131,2,5,1,12,18,6,0.306691449,14528
2016,Jose Ruiz,SDP,A+,21,50,177,185,38,29,9,0,0,14,9,5,0,41,2,0,1,8,1,1,0.214689265,14552
2016,Franmil Reyes,SDP,A+,20,130,493,547,137,86,32,3,16,63,83,47,1,108,2,5,0,17,2,3,0.277890466,14566
2016,Franchy Cordero,SDP,A+,21,74,297,322,85,56,16,8,5,47,35,19,1,83,5,1,0,7,11,8,0.286195286,14567
2013,Webster Rivas,LAD,A+,22,26,89,98,19,14,4,0,1,13,7,6,0,18,1,2,0,3,1,1,0.213483146,14636
2015,Webster Rivas,LAD,A+,24,54,178,193,46,33,11,1,1,15,11,9,0,27,2,3,1,11,0,2,0.258426966,14636
2016,Dawel Lugo,ARI,A+,21,79,315,333,99,67,14,5,13,61,42,15,0,41,2,1,0,12,2,1,0.314285714,14713
2014,Brett Phillips,HOU,A+,20,27,109,128,37,23,8,2,4,19,10,14,0,20,2,1,2,2,5,4,0.339449541,14735
2015,Brett Phillips,HOU,A+,21,66,291,322,93,52,19,7,15,68,53,22,0,64,6,0,3,3,8,6,0.319587628,14735
2014,Kyle Farmer,LAD,A+,23,36,130,146,31,25,5,1,0,8,15,10,0,28,3,1,2,6,2,0,0.238461538,14813
2015,Kyle Farmer,LAD,A+,24,44,163,182,55,34,14,6,1,33,27,12,0,25,5,2,0,6,5,2,0.337423312,14813
2014,Pat Valaika,COL,A+,21,86,331,362,90,63,14,5,8,46,47,24,1,101,1,2,4,1,7,6,0.271903323,14885
2014,Tony Kemp,HOU,A+,22,72,295,356,99,72,19,4,4,79,37,45,2,35,8,3,5,6,28,7,0.33559322,14894
2015,Daniel Palka,ARI,A+,23,129,511,576,143,75,36,3,29,95,90,56,2,164,4,5,0,3,24,7,0.279843444,14897
2014,Jaycob Brugman,OAK,A+,22,50,195,214,55,34,6,2,13,34,35,16,1,50,0,3,0,1,3,3,0.282051282,14936
2014,Jack Reinheimer,SEA,A+,21,20,85,91,29,22,5,1,1,15,12,4,0,12,0,1,1,1,5,2,0.34117647,14938
2016,Dom Nunez,COL,A+,21,105,390,450,94,69,13,2,10,44,51,49,3,91,0,7,4,8,8,1,0.241025641,15055
2014,Boog Powell,OAK,A+,21,14,61,69,23,19,3,1,0,11,11,8,0,4,0,0,0,0,0,2,0.37704918,15103
2015,Ryan McMahon,COL,A+,20,132,496,556,149,82,43,6,18,85,75,49,1,153,9,2,0,5,6,13,0.300403225,15112
2015,Jordan Patterson,COL,A+,23,77,303,339,92,44,26,12,10,62,43,19,0,88,17,0,0,4,9,6,0.303630363,15119
2015,Tim Locastro,LAD,A+,22,41,156,184,35,23,9,2,1,30,14,14,0,30,11,2,1,0,11,5,0.224358974,15124
2016,Tim Locastro,LAD,A+,23,86,339,380,98,71,17,5,5,61,39,15,0,50,18,6,2,8,15,4,0.289085545,15124
2015,Ian Miller,SEA,A+,23,39,159,171,47,40,5,2,0,20,6,10,0,34,1,0,1,5,21,5,0.295597484,15156
2016,Josh VanMeter,SDP,A+,21,95,348,401,93,58,21,2,12,51,51,48,1,64,1,3,1,5,9,2,0.267241379,15170
2015,Ryan Cordell,TEX,A+,23,68,286,319,89,58,13,5,13,58,57,28,2,53,3,2,0,6,10,5,0.311188811,15181
2014,Chad Pinder,OAK,A+,22,94,403,436,116,66,32,5,13,61,55,22,0,99,8,2,1,16,12,9,0.287841191,15191
2014,Brandon Dixon,LAD,A+,22,94,390,416,102,66,23,4,9,59,46,12,0,103,2,4,8,6,8,7,0.261538461,15214
2015,Brandon Dixon,LAD,A+,23,45,174,193,52,29,9,3,11,37,30,16,0,46,1,2,0,2,10,0,0.298850574,15214
2014,Mike Tauchman,COL,A+,23,53,197,228,58,39,11,4,4,33,18,29,1,41,1,1,0,3,9,3,0.294416243,15274
2014,Jack Mayfield,HOU,A+,23,66,246,277,72,41,22,2,7,39,39,20,0,50,4,4,3,3,1,6,0.292682926,15402
2015,Jack Mayfield,HOU,A+,24,66,271,303,82,58,13,4,7,46,43,25,0,46,5,2,0,5,2,1,0.302583025,15402
2014,Ryon Healy,OAK,A+,22,136,561,600,160,114,28,2,16,73,83,28,1,79,3,8,0,20,0,0,0.285204991,15447
2014,Hunter Renfroe,SDP,A+,22,69,278,316,82,42,21,3,16,46,52,28,3,81,7,3,0,5,9,3,0.294964028,15464
2016,Victor Reyes,ARI,A+,21,124,469,509,142,113,11,12,6,62,54,33,1,78,1,1,5,9,20,8,0.302771855,15487
2015,Jamie Westbrook,ARI,A+,20,123,480,527,153,99,33,4,17,75,72,24,1,69,10,10,0,9,14,4,0.31875,15504
2015,Franklin Barreto,OAK,A+,19,90,338,364,102,64,22,3,13,50,47,15,0,67,4,6,1,6,8,3,0.301775147,15519
2014,Tyler White,HOU,A+,23,43,150,186,40,18,13,1,8,28,23,28,1,27,7,1,0,1,0,0,0.266666666,15564
2014,Billy McKinney,OAK,A+,19,75,290,333,70,46,12,2,10,42,33,36,0,58,4,3,0,7,5,3,0.24137931,15654
2015,Tyler O'Neill,SEA,A+,20,106,407,449,106,51,21,2,32,68,87,29,3,137,7,6,0,6,16,5,0.26044226,15711
2018,Allen Cordoba,SDP,A+,22,45,155,164,32,22,6,2,2,15,16,4,0,46,2,2,1,3,3,4,0.206451612,15722
2019,Allen Cordoba,SDP,A+,23,105,422,470,127,96,20,6,5,68,43,31,2,77,14,2,1,9,32,11,0.300947867,15722
2017,Yonathan Daza,COL,A+,23,125,519,569,177,129,34,11,3,93,87,30,1,88,5,10,5,8,31,8,0.341040462,15794
2016,Yonathan Daza,COL,A+,22,8,33,36,8,6,2,0,0,1,3,1,0,7,2,0,0,0,1,1,0.242424242,15794
2014,Erisbel Arruebarrena,LAD,A+,24,12,49,54,12,5,4,1,2,8,11,2,0,24,0,3,0,0,1,0,0.244897959,15809
2008,Sean Doolittle,OAK,A+,21,86,334,384,102,56,25,3,18,64,61,46,7,99,0,4,0,9,7,3,0.305389221,1581
2016,Erick Mejia,LAD,A+,21,124,509,558,146,112,18,12,4,78,47,43,0,110,1,1,4,9,24,15,0.286836935,15817
2017,Erick Mejia,LAD,A+,22,24,87,97,20,14,4,1,1,14,11,8,0,19,0,1,1,0,3,0,0.229885057,15817
2018,Luis Torrens,SDP,A+,22,122,475,515,133,88,36,3,6,62,73,26,0,77,6,8,0,13,1,1,0.28,15905
2016,Travis Demeritte,TEX,A+,21,88,331,378,90,41,20,4,25,73,59,41,0,125,2,4,0,7,13,3,0.271903323,15958
2015,Ryder Jones,SFG,A+,21,105,406,432,109,72,29,2,6,49,47,16,1,80,3,7,0,5,2,2,0.268472906,15982
2015,Cody Bellinger,LAD,A+,19,128,478,544,126,59,33,4,30,97,103,52,1,150,4,8,2,7,10,2,0.263598326,15998
2015,Austin Slater,SFG,A+,22,60,250,265,73,54,15,1,3,25,34,10,0,44,2,3,0,12,4,3,0.292,16153
2015,Derek Fisher,HOU,A+,21,84,344,398,90,57,10,7,16,74,63,47,0,95,4,3,0,2,23,5,0.261627906,16192
2015,Kevin Cron,ARI,A+,22,127,518,559,141,80,34,0,27,71,97,28,2,131,6,6,0,10,0,0,0.272200772,16211
2015,J.D. Davis,HOU,A+,22,120,485,552,140,83,28,3,26,93,101,54,0,157,10,3,0,12,5,2,0.288659793,16219
2015,AJ Reed,HOU,A+,22,82,318,385,110,67,16,4,23,75,81,59,1,73,4,4,0,9,0,0,0.345911949,16246
2016,Michael Hermosillo,LAA,A+,21,40,149,174,46,31,7,4,4,36,17,16,0,30,6,2,1,2,6,7,0.308724832,16285
2017,Michael Hermosillo,LAA,A+,22,13,53,64,17,11,6,0,0,5,2,9,0,15,2,0,0,1,5,2,0.320754716,16285
2015,Yairo Munoz,OAK,A+,20,39,150,165,48,32,12,0,4,21,26,11,0,20,2,1,1,7,1,1,0.32,16313
2015,Domingo Leyba,ARI,A+,19,124,514,562,122,94,21,5,2,60,43,26,0,90,6,9,7,11,10,6,0.237354085,16404
2016,Domingo Leyba,ARI,A+,20,86,340,374,100,68,25,1,6,48,40,29,1,62,0,4,1,5,5,1,0.294117647,16404
2017,Sergio Alcantara,ARI,A+,20,86,340,378,95,75,15,2,3,44,28,34,0,57,0,1,3,7,11,10,0.279411764,16417
2016,Jason Martin,HOU,A+,20,110,400,462,108,56,22,7,23,74,75,55,1,108,2,5,0,0,20,12,0.27,16429
2015,Christian Arroyo,SFG,A+,20,90,381,409,116,77,28,2,9,48,42,19,1,73,5,2,2,11,5,3,0.304461942,16434
2016,Johneshwy Fargas,SFG,A+,21,36,134,153,23,20,0,3,0,14,9,12,0,40,3,0,4,1,9,7,0.171641791,16446
2017,Johneshwy Fargas,SFG,A+,22,31,103,108,20,12,4,2,2,15,11,3,0,24,1,1,0,3,5,1,0.194174757,16446
2018,Johneshwy Fargas,SFG,A+,23,90,278,315,80,61,9,2,8,47,32,21,0,49,9,3,4,3,47,16,0.287769784,16446
2015,Jacob Nottingham,HOU,A+,20,17,71,76,23,12,6,1,4,14,14,3,0,10,2,0,0,3,0,0,0.323943661,16448
2015,Jacob Nottingham,OAK,A+,20,43,164,182,49,37,9,0,3,25,22,12,1,38,3,3,0,5,1,0,0.298780487,16448
2017,Forrest Wall,COL,A+,21,22,87,98,26,18,4,1,3,17,16,9,0,16,0,1,1,0,5,3,0.298850574,16496
2018,Forrest Wall,COL,A+,22,47,203,230,62,43,11,5,3,43,19,23,0,47,2,0,2,5,20,8,0.305418719,16496
2016,Forrest Wall,COL,A+,20,120,459,521,121,95,16,4,6,57,56,41,0,97,6,5,10,4,22,11,0.263616557,16496
2015,Matt Chapman,OAK,A+,22,80,304,352,76,29,21,3,23,60,57,39,0,79,5,4,0,5,4,1,0.25,16505
2015,Isiah Kiner-Falefa,TEX,A+,20,60,233,254,72,65,6,1,0,38,27,9,0,28,9,1,2,5,4,3,0.309012875,16512
2016,Luis Urias,SDP,A+,19,120,466,531,154,118,26,5,5,71,52,40,1,36,13,3,8,15,7,13,0.330472103,16622
2016,Jose Trevino,TEX,A+,23,109,433,465,131,92,30,0,9,67,68,26,2,49,2,4,0,7,2,1,0.302540415,16725
2015,John Nogowski,OAK,A+,22,96,354,402,97,73,20,0,4,45,45,39,0,47,5,3,1,13,1,1,0.274011299,16852
2016,John Nogowski,OAK,A+,23,84,288,325,82,60,15,0,7,35,37,25,1,37,7,2,3,9,0,1,0.284722222,16852
2016,Joshua Fuentes,COL,A+,23,77,291,325,81,53,15,4,9,44,44,16,0,54,13,2,3,6,1,1,0.278350515,16885
2015,Aramis Garcia,SFG,A+,22,20,75,84,17,13,4,0,0,10,5,9,0,22,0,0,0,4,1,0,0.226666666,16925
2016,Aramis Garcia,SFG,A+,23,41,144,160,37,29,6,0,2,20,20,14,0,42,0,0,2,6,1,0,0.256944444,16925
2017,Aramis Garcia,SFG,A+,24,81,324,347,88,50,20,1,17,43,65,15,0,73,6,2,0,10,0,0,0.271604938,16925
2018,Jonah Heim,OAK,A+,23,80,312,348,91,62,21,1,7,41,49,29,0,60,3,4,0,5,3,1,0.291666666,16930
2015,Alex Verdugo,LAD,A+,19,23,91,96,35,20,9,2,4,20,19,4,0,12,0,1,0,1,1,0,0.384615384,17027
2019,Jose Herrera,ARI,A+,22,39,133,168,29,22,6,0,1,17,15,31,0,39,2,2,0,6,1,0,0.218045112,17040
2016,Miguel Gomez,SFG,A+,23,43,172,182,46,26,9,2,9,25,24,8,0,28,1,1,0,0,1,0,0.26744186,17075
2016,Ramon Laureano,HOU,A+,21,80,293,357,93,59,19,5,10,69,60,50,1,86,9,5,0,5,33,11,0.317406143,17128
2016,Javy Guerra,SDP,A+,20,105,391,431,79,50,19,1,9,49,41,34,0,141,0,3,3,6,4,4,0.202046035,17292
2017,Javy Guerra,SDP,A+,21,89,349,373,79,50,18,5,6,38,38,19,0,113,1,2,2,5,2,1,0.226361031,17292
2017,Luis Liberato,SEA,A+,21,68,257,283,66,42,11,5,8,41,28,21,2,80,1,1,3,4,7,4,0.256809338,17307
2018,Luis Liberato,SEA,A+,22,87,328,370,82,49,20,2,11,48,44,34,1,63,0,4,4,8,2,5,0.25,17307
2019,Luis Liberato,SEA,A+,23,44,166,192,47,35,5,0,7,25,29,20,1,41,1,2,3,1,4,2,0.28313253,17307
2016,Taylor Ward,LAA,A+,22,123,466,529,116,95,11,0,10,61,56,48,1,81,5,5,5,15,0,0,0.248927038,17548
2017,Taylor Ward,LAA,A+,23,54,207,247,50,32,11,1,6,32,30,35,0,43,0,2,3,7,0,0,0.241545893,17548
2016,Myles Straw,HOU,A+,21,19,76,90,23,18,4,0,1,21,5,11,0,17,1,1,1,0,4,2,0.302631578,17620
2015,Alex Bregman,HOU,A+,21,37,160,178,51,36,8,4,3,19,21,12,0,17,1,3,2,5,8,4,0.31875,17678
2016,Matt Beaty,LAD,A+,23,124,489,542,145,104,30,0,11,66,88,40,1,74,6,7,0,13,6,1,0.296523517,17710
2016,Steven Duggar,SFG,A+,22,70,264,311,75,50,12,4,9,43,30,44,1,66,1,2,0,2,6,7,0.284090909,17719
2017,Steven Duggar,SFG,A+,23,29,115,133,31,16,11,0,4,22,20,17,0,42,0,1,0,0,7,0,0.269565217,17719
2017,Skye Bolt,OAK,A+,23,114,432,496,105,59,24,7,15,76,66,53,1,134,3,4,4,3,9,8,0.243055555,17723
2018,Skye Bolt,OAK,A+,24,46,169,209,45,24,8,4,9,28,32,31,0,47,3,4,1,2,9,3,0.266272189,17723
2016,Richie Martin Jr.,OAK,A+,21,86,330,382,76,57,14,2,3,46,31,36,0,73,10,3,3,9,12,8,0.23030303,17736
2017,Richie Martin Jr.,OAK,A+,22,23,94,103,25,19,2,3,1,16,6,8,0,21,1,0,0,1,1,1,0.265957446,17736
2016,Chris Shaw,SFG,A+,22,72,270,305,77,39,22,0,16,47,55,28,3,70,4,3,0,6,0,0,0.285185185,17738
2016,Braden Bishop,SEA,A+,22,41,166,184,41,33,6,0,2,19,22,11,0,39,2,1,4,4,2,0,0.246987951,17806
2017,Braden Bishop,SEA,A+,23,88,355,412,105,75,25,3,2,71,32,45,0,65,7,1,4,8,16,4,0.295774647,17806
2016,Drew Jackson,SEA,A+,22,124,524,596,135,103,24,2,6,87,47,50,0,105,10,3,9,11,16,8,0.257633587,17807
2017,Drew Jackson,LAD,A+,23,66,252,298,64,38,16,2,8,48,30,34,1,67,11,0,0,3,14,6,0.253968253,17807
2015,Willie Calhoun,LAD,A+,20,20,73,82,24,14,7,0,3,11,14,7,0,13,1,1,0,2,0,0,0.328767123,17838
2018,Tyler Nevin,COL,A+,21,100,378,417,124,85,25,1,13,59,62,34,0,77,3,2,0,10,4,3,0.328042328,17893
2017,Brendan Rodgers,COL,A+,20,51,222,236,86,50,21,3,12,44,47,6,0,35,4,4,0,3,2,1,0.387387387,17907
2018,Marcus Wilson,ARI,A+,21,111,447,502,105,67,26,2,10,60,48,44,0,141,6,5,0,6,16,6,0.234899328,17910
2017,Sam Hilliard,COL,A+,23,133,536,597,161,110,23,7,21,95,92,50,2,154,2,4,5,2,37,17,0.300373134,17954
2016,Ty France,SDP,A+,21,60,224,256,68,43,16,0,9,39,38,15,0,47,12,4,1,5,3,4,0.303571428,17982
2017,Ty France,SDP,A+,22,30,111,131,32,26,4,2,0,10,19,7,0,16,12,1,0,3,1,0,0.288288288,17982
2016,David Fletcher,LAA,A+,22,78,324,355,89,73,12,1,3,42,31,22,0,43,1,2,6,10,15,3,0.274691358,17992
2016,Dylan Moore,TEX,A+,23,17,74,80,26,14,7,0,5,18,14,5,0,12,1,0,0,1,3,2,0.351351351,18042
2015,Kyle Garlick,LAD,A+,23,14,54,61,21,12,4,0,5,16,14,4,0,20,1,2,0,1,0,0,0.388888888,18063
2016,Kyle Garlick,LAD,A+,24,49,196,215,60,35,13,1,11,38,37,15,1,57,4,0,0,3,0,0,0.306122448,18063
2016,Garrett Stubbs,HOU,A+,23,55,206,244,60,41,13,0,6,35,38,29,0,37,5,4,0,4,10,3,0.291262135,18067
2017,Austin Allen,SDP,A+,23,121,463,516,131,77,31,1,22,71,81,44,0,109,7,2,0,11,0,1,0.282937365,18083
2016,Seth Brown,OAK,A+,23,127,453,532,109,75,21,5,8,83,53,65,0,124,6,6,2,7,13,2,0.240618101,18171
2017,Seth Brown,OAK,A+,24,135,518,579,140,85,18,7,30,80,109,56,1,146,1,4,0,3,7,7,0.27027027,18171
2016,Edwin Rios,LAD,A+,22,42,177,188,65,37,11,1,16,37,46,8,0,35,1,2,0,5,0,0,0.367231638,18316
2016,Kyle Tucker,HOU,A+,19,16,59,69,20,9,6,2,3,13,13,10,0,6,0,0,0,1,1,3,0.33898305,18345
2017,Brendon Davis,LAD,A+,19,8,30,33,6,2,3,0,1,2,8,3,0,13,0,0,0,1,0,0,0.2,18587
2017,Jared Walsh,LAA,A+,23,70,275,306,91,53,29,1,8,43,52,26,0,72,4,1,0,6,1,0,0.33090909,18607
2018,Jared Walsh,LAA,A+,24,40,149,178,41,19,8,1,13,28,36,24,2,50,0,5,0,3,0,1,0.275167785,18607
2016,Josh Naylor,SDP,A+,19,33,139,144,35,27,5,0,3,17,21,3,0,22,0,2,0,4,1,1,0.251798561,18839
2017,Josh Naylor,SDP,A+,20,72,283,313,84,58,16,2,8,41,45,27,2,48,2,1,0,3,7,1,0.296819787,18839
2017,Jahmai Jones,LAA,A+,19,41,172,191,52,33,11,3,5,32,17,13,0,43,5,0,1,3,9,6,0.302325581,18872
2018,Jahmai Jones,LAA,A+,20,75,298,347,70,47,10,5,8,47,35,43,0,63,4,1,0,10,13,3,0.234899328,18872
2016,Yusniel Diaz,LAD,A+,19,82,316,348,86,63,8,7,8,47,54,29,0,71,1,2,0,10,7,8,0.272151898,18905
2017,Yusniel Diaz,LAD,A+,20,83,331,374,92,66,15,3,8,42,39,35,0,73,1,6,1,9,7,9,0.277945619,18905
2016,Will Smith,LAD,A+,21,25,97,115,21,15,4,0,2,13,12,14,0,31,3,1,0,2,1,0,0.216494845,19197
2017,Will Smith,LAD,A+,22,72,250,305,58,29,15,3,11,38,43,37,0,71,13,4,1,7,6,2,0.232,19197
2016,Taylor Kohlwey,SDP,A+,21,13,53,57,16,12,2,2,0,8,3,3,0,16,1,0,0,1,0,1,0.301886792,19212
2017,Taylor Kohlwey,SDP,A+,22,92,303,344,74,53,15,5,1,40,25,27,1,81,5,3,6,4,2,2,0.244224422,19212
2018,Taylor Kohlwey,SDP,A+,23,17,46,54,9,4,3,0,2,7,9,5,0,17,1,1,1,1,1,0,0.195652173,19212
2019,Taylor Kohlwey,SDP,A+,24,19,62,72,24,19,2,2,1,8,10,7,0,15,1,2,0,0,2,0,0.387096774,19212
2017,Garrett Hampson,COL,A+,22,127,533,603,174,130,24,12,8,113,70,56,1,77,2,8,4,2,51,14,0.326454033,19262
2007,Carlos Triunfel,SEA,A+,17,50,208,225,60,48,10,2,0,32,22,12,0,31,2,0,3,6,3,4,0.288461538,193
2008,Carlos Triunfel,SEA,A+,18,108,436,479,125,93,20,4,8,75,49,30,0,52,5,5,3,7,30,9,0.286697247,193
2017,Donovan Walton,SEA,A+,23,67,242,272,65,46,16,1,2,37,24,27,0,49,3,0,0,7,6,6,0.268595041,19314
2018,Donovan Walton,SEA,A+,24,57,217,256,67,49,12,3,3,35,19,30,0,37,5,2,2,4,8,3,0.30875576,19314
2017,Matt Thaiss,LAA,A+,22,84,336,385,89,64,13,4,8,46,48,40,1,59,7,2,0,10,4,3,0.264880952,19318
2017,Bryan Reynolds,SFG,A+,22,121,491,541,153,108,26,9,10,72,63,37,0,106,6,5,1,15,5,3,0.311608961,19326
2017,Jose Rojas,LAA,A+,24,79,317,339,101,69,20,5,7,44,50,17,0,64,2,2,1,6,4,8,0.318611987,19331
2017,Eli White,OAK,A+,23,115,448,502,121,79,32,6,4,71,36,41,0,121,9,2,2,9,12,5,0.270089285,19346
2017,DJ Peters,LAD,A+,21,132,504,587,139,78,29,5,27,91,82,64,0,189,15,3,0,6,3,3,0.27579365,19348
2017,Sean Murphy,OAK,A+,22,45,165,178,49,29,11,0,9,22,26,11,0,33,1,1,0,9,0,0,0.296969696,19352
2017,Luke Raley,LAD,A+,22,123,478,541,141,95,21,11,14,102,62,43,2,124,19,1,0,9,9,1,0.294979079,19354
2017,Zach McKinstry,LAD,A+,22,82,319,355,72,56,13,0,3,39,28,29,0,87,5,1,1,3,5,2,0.225705329,19392
2018,Zach McKinstry,LAD,A+,23,33,91,114,28,18,7,1,2,20,8,17,0,22,6,0,0,2,0,0,0.307692307,19392
2018,Brian Serven,COL,A+,23,83,291,337,78,41,22,3,12,53,46,23,0,68,6,8,9,7,1,1,0.268041237,19422
2017,Kyle Lewis,SEA,A+,21,38,149,167,38,28,4,0,6,20,24,15,0,38,1,2,0,5,2,1,0.255033557,19508
2018,Kyle Lewis,SEA,A+,22,49,196,211,51,28,18,0,5,21,32,11,0,55,2,2,0,5,0,0,0.260204081,19508
2017,Nate Mondou,OAK,A+,22,59,223,257,62,48,8,4,2,38,27,28,0,57,3,3,0,1,8,5,0.278026905,19563
2018,Nate Mondou,OAK,A+,23,88,344,391,100,67,20,5,8,64,61,33,0,58,7,4,3,4,8,5,0.290697674,19563
2017,Keibert Ruiz,LAD,A+,18,38,149,160,47,33,7,1,6,24,27,7,2,23,1,3,0,6,0,0,0.315436241,19610
2017,Luis Barrera,OAK,A+,21,35,114,124,26,20,2,0,4,15,16,8,0,25,0,1,1,3,3,1,0.228070175,19615
2018,Luis Barrera,OAK,A+,22,88,313,351,89,61,18,7,3,51,46,32,0,63,3,2,1,5,10,4,0.284345047,19615
2018,David MacKinnon,LAA,A+,23,91,305,377,87,60,22,0,5,51,47,60,0,73,7,5,0,12,0,0,0.285245901,19625
2019,David MacKinnon,LAA,A+,24,18,57,77,8,7,1,0,0,5,4,19,0,18,0,1,0,3,0,0,0.140350877,19625
2017,Jack Kruger,LAA,A+,22,35,137,158,35,29,4,1,1,21,16,18,0,26,0,2,1,6,0,0,0.255474452,19634
2018,Jack Kruger,LAA,A+,23,56,221,251,65,50,12,0,3,25,16,27,1,46,3,0,0,9,11,3,0.294117647,19634
2017,Sheldon Neuse,OAK,A+,22,22,83,94,32,22,3,0,7,21,22,9,0,25,2,0,0,1,2,0,0.385542168,19635
2017,Ben DeLuzio,ARI,A+,22,30,117,125,41,36,4,1,0,20,8,5,0,21,2,1,0,2,12,1,0.35042735,19644
2017,Zach Reks,LAD,A+,23,26,102,111,32,29,1,0,2,17,9,7,0,17,2,0,0,2,1,1,0.31372549,19667
2018,Zach Reks,LAD,A+,24,10,37,38,15,9,3,1,2,8,7,1,0,5,0,0,0,0,1,0,0.405405405,19667
2018,Edward Olivares,SDP,A+,22,129,531,575,147,100,25,10,12,79,62,29,0,102,8,6,1,9,21,8,0.276836158,19698
2018,Rylan Bannon,LAD,A+,22,89,338,403,100,57,17,6,20,58,61,59,1,103,3,3,0,7,4,4,0.295857988,19768
2018,Cody Thomas,LAD,A+,23,127,499,558,142,81,35,7,19,82,87,48,1,163,8,3,0,7,5,2,0.284569138,19828
2018,Luis Rengifo,LAA,A+,21,41,161,190,52,36,11,3,2,36,16,27,0,22,2,0,0,2,22,8,0.322981366,19858
2018,Greg Deichmann,OAK,A+,23,47,166,185,33,13,14,0,6,18,21,17,0,63,1,1,0,2,0,1,0.19879518,19872
2018,Drew Ellis,ARI,A+,22,120,443,502,109,59,34,1,15,57,71,52,0,98,5,2,0,14,2,6,0.246049661,19873
2018,Pavin Smith,ARI,A+,22,120,439,504,112,75,25,1,11,63,54,57,1,65,4,4,0,16,3,2,0.255125284,19892
2018,Connor Wong,LAD,A+,22,102,383,431,103,62,20,2,19,64,60,38,0,138,10,0,0,6,6,2,0.268929503,19896
2019,Connor Wong,LAD,A+,23,71,274,302,67,31,15,6,15,39,51,21,0,93,4,2,1,2,9,2,0.244525547,19896
2018,Sandro Fabian,SFG,A+,20,112,406,450,81,51,19,1,10,47,35,26,0,107,9,5,3,12,1,2,0.199507389,19910
2019,Sandro Fabian,SFG,A+,21,44,167,187,48,38,4,1,5,20,33,14,0,33,4,2,0,5,3,1,0.287425149,19910
2018,Daulton Varsho,ARI,A+,21,80,304,342,87,62,11,3,11,44,44,30,1,71,7,1,0,3,19,3,0.28618421,19918
2018,Gavin Lux,LAD,A+,20,88,358,404,116,75,23,7,11,64,48,43,0,68,1,2,0,3,11,7,0.324022346,19955
2018,Colton Welker,COL,A+,20,114,454,509,151,106,32,0,13,74,82,42,2,103,2,11,0,14,5,1,0.332599118,19961
2018,Eguy Rosario,SDP,A+,18,121,457,505,109,71,28,1,9,60,45,38,0,119,8,2,0,9,9,8,0.238512035,19964
2019,Eguy Rosario,SDP,A+,19,122,464,512,129,89,25,8,7,60,72,37,3,103,3,7,1,14,21,9,0.278017241,19964
2018,Bryce Johnson,SFG,A+,22,116,441,511,110,85,18,6,1,62,35,54,0,116,7,2,7,4,31,4,0.249433106,20002
2019,Bryce Johnson,SFG,A+,23,68,260,304,69,52,9,6,2,39,26,39,0,71,3,2,0,4,18,8,0.265384615,20002
2018,Jorge Ona,SDP,A+,21,100,368,410,88,54,24,2,8,44,44,33,1,110,7,2,0,15,0,2,0.239130434,20040
2018,Alan Trejo,COL,A+,22,114,449,497,125,83,28,4,10,65,67,31,0,113,6,6,5,5,3,6,0.278396436,20056
2018,Evan White,SEA,A+,22,120,476,538,144,99,27,7,11,72,66,52,0,103,6,4,0,9,4,3,0.302521008,20078
2018,Matthew Batten,SDP,A+,23,13,41,47,14,12,2,0,0,7,4,6,0,12,0,0,0,0,1,0,0.341463414,20157
2019,Miguel Vargas,LAD,A+,19,54,211,236,60,39,18,1,2,23,32,20,2,40,3,1,1,5,4,3,0.284360189,20178
2018,Brandon Marsh,LAA,A+,20,93,371,426,95,67,15,6,7,59,46,52,1,118,1,1,0,3,10,4,0.25606469,20202
2018,Jo Adell,LAA,A+,19,57,238,262,69,35,19,3,12,46,42,15,0,63,6,2,0,5,9,2,0.289915966,20220
2019,Jo Adell,LAA,A+,20,6,25,27,7,4,1,0,2,4,5,1,0,10,1,0,0,0,0,0,0.28,20220
2018,Jazz Chisholm Jr.,ARI,A+,20,36,149,160,49,31,6,2,10,27,27,9,0,52,1,1,0,0,9,2,0.32885906,20454
2018,Jack Larsen,SEA,A+,23,26,82,97,14,8,4,1,1,7,12,13,0,29,1,1,0,6,0,0,0.170731707,20510
2019,Jack Larsen,SEA,A+,24,118,443,514,105,62,25,6,12,59,63,65,1,157,1,2,3,5,5,1,0.237020316,20510
2019,Mickey McDonald,OAK,A+,24,66,214,252,49,39,6,4,0,28,20,29,0,66,3,4,2,3,12,6,0.228971962,20533
2007,Antoan Richardson,SFG,A+,23,107,384,469,107,86,12,7,2,85,29,67,0,94,11,2,5,2,43,11,0.278645833,209
2019,Leo Rivas,LAA,A+,21,73,297,338,70,45,14,5,6,44,26,39,1,90,2,0,0,3,4,2,0.235690235,21009
2019,Sean Bouchard,COL,A+,23,91,349,391,102,59,28,2,13,50,68,33,0,102,3,5,1,6,8,4,0.29226361,21270
2019,Joey Bart,SFG,A+,22,57,234,251,62,38,10,2,12,37,37,14,0,50,3,0,0,10,5,2,0.264957264,21524
2019,Cal Raleigh,SEA,A+,22,82,310,348,81,40,19,0,22,48,66,33,3,69,3,2,0,4,4,0,0.261290322,21534
2019,Alfonso Rivas III,OAK,A+,22,114,431,509,122,87,24,3,8,60,55,66,3,113,7,5,0,8,2,2,0.283062645,21560
2019,Jake McCarthy,ARI,A+,21,53,195,214,54,36,13,3,2,29,30,17,0,52,2,0,0,4,18,2,0.276923076,21622
2019,Esteury Ruiz,SDP,A+,20,98,339,380,81,55,18,2,6,45,36,26,0,101,5,3,7,7,34,11,0.238938053,21780
2021,Sauryn Lao,LAD,A,21,94,356,403,87,51,21,4,11,65,46,37,0,119,9,1,0,5,5,1,0.244382022,21922
2019,Ryan Vilade,COL,A+,20,128,509,587,154,105,27,10,12,92,71,56,0,95,3,13,6,20,24,7,0.302554027,22165
2019,Jeter Downs,LAD,A+,20,107,412,479,111,55,33,4,19,78,75,54,1,97,4,7,2,4,23,8,0.269417475,22202
2019,Luis Campusano,SDP,A+,20,110,422,487,137,90,31,1,15,63,81,52,2,57,4,9,0,15,0,0,0.324644549,22217
2021,Jeremiah Jackson,LAA,A,21,45,167,196,44,19,14,3,8,29,46,24,1,65,1,4,0,4,11,3,0.263473053,22239
2019,Jack Suwinski,SDP,A+,20,116,408,471,85,54,16,3,12,56,51,56,4,141,1,4,2,5,2,1,0.208333333,22244
2019,Xavier Edwards,SDP,A+,19,46,196,217,59,50,5,4,0,32,13,14,1,19,1,1,5,4,14,2,0.301020408,22266
2019,Nick Allen,OAK,A+,20,72,288,328,84,54,22,5,3,45,25,28,0,52,4,0,8,2,13,5,0.291666666,22277
2019,Heliot Ramos,SFG,A+,19,77,294,338,90,59,18,0,13,51,40,32,2,85,8,4,0,6,6,7,0.306122448,22515
2021,Lawrence Butler,OAK,A,20,88,335,396,88,47,20,4,17,62,67,55,0,131,1,5,0,3,26,4,0.262686567,22542
2019,Jarred Kelenic,SEA,A+,19,46,169,190,49,29,13,1,6,36,22,17,0,49,1,3,0,2,10,3,0.289940828,22558
2019,Gabriel Arias,SDP,A+,19,120,477,511,144,102,21,4,17,62,75,25,2,128,4,4,1,6,8,4,0.301886792,22563
2019,Tirso Ornelas,SDP,A+,19,89,332,379,73,56,11,5,1,41,30,44,0,91,0,3,0,9,3,1,0.219879518,22566
2009,Hector Gomez,COL,A+,21,83,338,368,93,61,21,4,7,39,46,15,1,68,5,6,4,4,10,4,0.275147928,2264
2021,Gustavo Campero,LAA,A,23,41,139,157,34,26,4,0,4,17,16,12,0,40,3,1,2,2,8,4,0.244604316,22707
2019,Geraldo Perdomo,ARI,A+,19,26,93,114,28,22,5,0,1,15,11,14,0,11,4,2,1,3,6,5,0.301075268,22799
2021,Alexander Canario,SFG,A,21,65,238,274,56,30,14,3,9,43,29,33,0,79,0,3,0,5,15,3,0.235294117,22842
2019,Jacob Amaya,LAD,A+,20,21,80,89,20,14,3,2,1,14,13,7,0,15,0,1,1,2,1,3,0.25,23296
2019,Hunter Feduccia,LAD,A+,22,22,71,82,17,15,1,1,0,8,12,9,0,19,0,0,2,4,1,2,0.239436619,23372
2019,Jose Caballero,SEA,A+,22,23,90,109,23,17,5,1,0,16,10,12,0,15,2,5,0,1,4,5,0.255555555,23401
2019,Jose Caballero,ARI,A+,22,43,164,198,44,29,12,0,3,36,12,24,1,40,8,0,2,1,28,7,0.268292682,23401
2009,Lance Zawadzki,SDP,A+,24,36,145,164,40,22,6,2,10,19,34,18,2,29,1,0,0,0,3,1,0.275862068,2369
2019,Julio Rodriguez,SEA,A+,18,17,65,72,30,19,6,3,2,13,19,5,0,10,2,0,0,1,0,0,0.461538461,23697
2019,Jordyn Adams,LAA,A+,19,9,35,40,8,5,1,1,1,7,1,5,0,14,0,0,0,0,0,1,0.228571428,23788
2019,Alek Thomas,ARI,A+,19,23,94,104,24,20,2,0,2,13,7,9,0,33,1,0,0,0,4,5,0.255319148,23792
2021,Brandon Valenzuela,SDP,A,20,82,329,378,101,71,21,3,6,50,62,44,0,80,2,3,0,7,3,2,0.306990881,23813
2021,Jorbit Vivas,LAD,A,20,83,328,375,102,65,20,4,13,73,73,27,1,42,17,3,0,8,5,3,0.310975609,23917
2008,Carlos Santana,LAD,A+,22,99,350,434,113,61,34,4,14,88,96,69,4,59,4,9,2,7,7,4,0.322857142,2396
2021,Jorge Barrosa,ARI,A,20,35,147,163,49,38,8,0,3,30,16,7,0,31,7,1,1,1,9,4,0.333333333,23968
2021,Ezequiel Tovar,COL,A,19,72,298,326,92,57,21,3,11,60,54,14,0,38,5,4,5,7,21,4,0.308724832,24064
2019,Jonah Bride,OAK,A+,23,115,402,466,112,80,18,4,10,54,58,44,0,97,17,3,0,6,2,0,0.278606965,24703
2023,Logan O'Hoppe,LAA,A,23,6,19,22,6,3,3,0,0,4,3,3,0,5,0,0,0,0,0,0,0.315789473,24729
2019,David Villar,SFG,A+,22,113,423,479,111,72,24,2,13,68,57,40,0,144,9,7,0,9,4,1,0.262411347,24782
2009,Luis Martinez,SDP,A+,24,83,280,321,84,60,20,0,4,39,41,34,0,58,7,0,0,12,2,1,0.3,2481
2008,Ed Easley,ARI,A+,22,118,453,502,112,85,20,1,6,52,53,42,1,106,3,4,0,10,1,1,0.247240618,2487
2009,Ed Easley,ARI,A+,23,106,378,440,86,64,18,1,3,50,38,48,0,86,7,2,5,15,0,1,0.227513227,2487
2009,Jemile Weeks,OAK,A+,22,50,201,232,60,42,9,2,7,29,31,26,0,40,3,1,1,5,5,1,0.298507462,2498
2008,Hank Conger,LAA,A+,20,73,294,318,89,54,20,2,13,47,75,14,1,55,3,7,0,3,2,1,0.302721088,2505
2007,Josh Bell,LAD,A+,20,20,75,79,13,8,2,1,2,4,9,3,0,19,0,1,0,4,0,0,0.173333333,2510
2008,Josh Bell,LAD,A+,21,51,187,223,51,31,12,2,6,34,21,31,1,56,0,2,0,3,4,2,0.272727272,2510
2019,Drew Avans,LAD,A+,23,36,123,137,36,22,7,4,3,23,19,10,0,37,2,1,1,1,3,3,0.292682926,25183
2021,Ronny Simon,ARI,A,21,77,301,349,75,40,17,3,15,44,52,43,0,81,1,2,2,2,13,3,0.249169435,25346
2019,Michael Stefanic,LAA,A+,23,80,304,342,82,65,13,1,3,44,37,24,1,39,13,1,0,14,7,3,0.269736842,25353
2021,Isaac Collins,COL,A,23,17,62,79,18,14,3,1,0,11,6,15,1,20,2,0,0,0,1,1,0.29032258,25477
2021,Cade Marlowe,SEA,A,24,34,133,160,40,23,6,5,6,35,29,24,1,40,1,2,0,2,11,2,0.300751879,25505
2021,Marco Luciano,SFG,A,19,70,266,308,74,39,14,3,18,52,57,38,0,68,3,1,0,6,5,5,0.278195488,25616
2021,Grant McCray,SFG,A,20,24,80,88,20,14,2,2,2,8,12,6,0,30,0,1,1,1,4,1,0.25,25690
2022,Grant McCray,SFG,A,21,106,436,507,127,76,21,9,21,92,69,58,1,148,9,4,0,4,35,10,0.291284403,25690
2008,Peter Bourjos,LAA,A+,21,121,509,545,150,102,29,10,9,83,51,19,0,96,7,5,5,5,50,10,0.294695481,2578
2021,Anthony Nunez,SDP,A,19,6,19,24,2,2,0,0,0,2,2,5,0,8,0,0,0,0,1,1,0.105263157,25796
2008,Ryan Rohlinger,SFG,A+,24,73,277,322,79,56,16,0,7,45,46,34,0,50,5,5,1,6,5,1,0.285198555,2621
2021,Jonny DeLuca,LAD,A,22,57,223,255,64,29,17,3,15,48,43,31,1,48,1,0,0,2,13,2,0.286995515,26365
2021,Kyren Paris,LAA,A,19,29,106,136,29,16,5,6,2,29,18,27,0,41,3,0,0,1,16,4,0.273584905,26420
2021,Luis Matos,SFG,A,19,109,451,491,141,90,35,1,15,84,86,28,0,61,7,5,0,12,21,5,0.31263858,26467
2022,Victor Bericoto,SFG,A,20,107,423,487,112,81,19,0,12,63,68,57,0,108,3,4,0,12,3,4,0.264775413,26468
2008,Corey Brown,OAK,A+,22,49,196,214,51,26,9,0,16,34,34,17,0,72,1,0,0,1,4,1,0.260204081,2650
2021,Noelvi Marte,SEA,A,19,99,413,478,112,69,24,2,17,87,69,58,1,106,6,1,0,6,23,7,0.27118644,26517
2021,Warming Bernabel,COL,A,19,21,83,94,17,10,6,0,1,9,7,7,0,14,3,1,0,1,4,1,0.204819277,26536
2022,Warming Bernabel,COL,A,20,65,262,300,83,54,19,0,10,52,54,29,0,39,5,4,0,6,21,6,0.316793893,26536
2022,Jonatan Clase,SEA,A,20,107,423,499,113,67,22,11,13,91,49,65,0,133,8,2,0,1,55,10,0.267139479,26599
2022,Juan Brito,COL,A,20,107,402,497,115,69,29,6,11,91,72,78,0,71,8,6,3,7,17,9,0.286069651,26693
2010,Jordan Pacheco,COL,A+,24,104,390,460,125,90,27,3,5,59,70,54,2,36,8,7,1,10,5,6,0.32051282,2677
2021,Tyler Soderstrom,OAK,A,19,57,222,254,68,35,20,1,12,39,49,27,1,61,4,1,0,8,2,1,0.306306306,27467
2021,Patrick Bailey,SFG,A,22,47,177,207,57,34,16,0,7,45,24,28,0,47,1,1,0,0,1,1,0.322033898,27478
2021,Robert Hassell III,SDP,A,19,92,365,429,118,77,31,3,7,77,65,57,0,74,3,4,0,6,31,6,0.323287671,27482
2021,Casey Schmitt,SFG,A,22,64,251,280,62,39,14,1,8,36,29,22,0,44,5,2,0,1,2,2,0.247011952,27577
2021,Drew Romo,COL,A,19,79,312,339,98,73,17,2,6,48,47,19,0,50,0,8,0,7,23,6,0.314102564,27763
2007,Aaron Bates,BOS,A+,23,98,373,465,124,77,21,2,24,89,88,69,1,83,19,4,0,9,0,1,0.332439678,2777
2021,Zac Veen,COL,A,19,106,399,479,120,74,27,4,15,83,75,64,1,126,6,7,2,5,36,17,0.300751879,27770
2010,Johnny Monell,SFG,A+,24,115,421,472,115,67,25,4,19,66,70,48,1,105,2,1,0,12,12,3,0.273159144,2783
2022,Adael Amador,COL,A,19,115,449,555,131,92,24,0,15,100,57,87,2,67,11,5,3,7,26,12,0.291759465,27962
2021,Deyvison De Los Santos,ARI,A,18,37,145,160,40,25,12,0,3,26,20,13,0,43,1,0,0,3,2,0,0.275862068,27969
2022,Deyvison De Los Santos,ARI,A,19,78,316,349,104,72,18,2,12,43,67,22,1,84,3,8,0,10,4,1,0.329113924,27969
2023,Jose Fernandez,ARI,A,19,95,355,394,93,66,18,4,5,50,44,31,0,92,2,6,0,3,9,2,0.26197183,28020
2021,Edgar Quero,LAA,A,18,10,34,42,7,4,2,0,1,2,6,5,0,16,1,2,0,0,1,0,0.205882352,28022
2022,Edgar Quero,LAA,A,19,111,413,515,129,75,35,2,17,86,75,73,0,91,21,6,0,9,12,5,0.312348668,28022
2008,Manny Pina,TEX,A+,21,61,223,244,59,45,10,1,3,31,24,14,0,22,3,3,1,7,1,0,0.264573991,2829
2009,Rafael Ynoa,LAD,A+,21,14,37,47,2,2,0,0,0,3,1,6,0,13,0,0,4,0,0,0,0.054054054,2832
2011,Rafael Ynoa,LAD,A+,23,126,466,526,128,99,21,3,5,61,54,42,0,69,2,7,9,14,13,11,0.274678111,2832
2008,Cedric Hunter,SDP,A+,20,134,584,641,186,139,33,3,11,98,84,42,0,47,4,11,0,12,12,6,0.31849315,2833
2022,Yanquiel Fernandez,COL,A,19,112,475,523,135,76,33,5,21,76,109,39,0,114,4,5,0,13,5,1,0.284210526,28552
2022,Denzer Guzman,LAA,A,18,5,17,23,3,3,0,0,0,2,2,6,1,10,0,0,0,0,1,0,0.176470588,28816
2023,Denzer Guzman,LAA,A,19,111,426,472,102,67,21,7,7,62,52,42,0,131,2,2,0,9,8,4,0.239436619,28816
2022,Gabriel Gonzalez,SEA,A,18,32,126,150,36,28,5,1,2,31,17,13,0,21,11,0,0,4,4,1,0.285714285,28833
2023,Gabriel Gonzalez,SEA,A,19,73,296,335,103,71,19,4,9,51,54,23,0,46,9,7,0,9,8,0,0.347972972,28833
2007,Emmanuel Burriss,SFG,A+,22,36,139,160,23,21,2,0,0,23,8,12,0,20,2,3,4,2,17,3,0.165467625,2917
2022,Jackson Merrill,SDP,A,19,45,197,219,64,46,10,3,5,33,34,19,0,42,1,0,2,5,8,5,0.324873096,29490
2022,James Wood,SDP,A,19,50,193,236,65,35,19,1,10,55,45,37,0,42,5,1,0,3,15,5,0.336787564,29518
2021,Bryce Teodosio,LAA,A,22,17,68,73,19,10,8,0,1,9,8,5,0,28,0,0,0,2,4,3,0.279411764,29524
2021,Ryan Bliss,ARI,A,21,37,158,175,41,25,9,1,6,22,23,13,0,40,2,1,1,0,11,4,0.25949367,29547
2021,Adrian Del Castillo,ARI,A,21,22,78,91,19,10,6,2,1,12,14,9,0,28,3,1,0,0,0,0,0.243589743,29554
2022,Adrian Del Castillo,ARI,A,22,5,18,22,6,4,2,0,0,2,1,3,0,6,0,1,0,1,0,0,0.333333333,29554
2021,Tim Tawa,ARI,A,22,36,140,164,37,21,9,2,5,27,19,22,0,36,1,1,0,2,13,0,0.264285714,29571
2022,Braxton Fulford,COL,A,23,104,366,440,98,64,17,2,15,82,53,51,0,92,18,4,1,5,13,2,0.267759562,29704
2022,Hunter Goodman,COL,A,22,73,282,321,82,42,17,1,22,53,68,26,0,78,10,3,0,6,4,2,0.290780141,29715
2021,Zack Gelof,OAK,A,21,32,124,145,37,21,8,1,7,26,22,19,0,36,1,1,0,2,11,2,0.298387096,29766
2022,Max Muncy,OAK,A,19,81,304,365,70,37,16,1,16,50,51,51,0,109,7,2,1,7,6,5,0.230263157,29779
2021,Jack Winkler,OAK,A,22,15,61,68,9,6,3,0,0,8,2,5,0,14,2,0,0,0,2,2,0.147540983,29830
2022,Denzel Clarke,OAK,A,22,42,156,193,46,23,14,2,7,37,26,28,0,56,7,2,0,2,14,2,0.294871794,29858
2022,Harry Ford,SEA,A,19,104,390,499,107,69,23,4,11,89,65,88,0,115,17,4,0,7,23,5,0.274358974,29958
2022,Jordan Lawlar,ARI,A,19,44,174,208,61,39,9,4,9,44,32,27,1,48,5,2,0,1,24,4,0.350574712,29976
2009,Mitch Moreland,TEX,A+,23,43,170,197,58,31,19,0,8,34,26,21,1,26,4,2,0,4,1,0,0.34117647,3086
2009,Kenley Jansen,LAD,A+,21,38,89,98,18,11,6,0,1,7,11,7,0,21,1,0,1,2,0,1,0.202247191,3096
2007,Jesus Guzman,SEA,A+,23,130,518,585,156,88,38,5,25,102,112,50,1,85,8,3,6,14,3,3,0.301158301,3118
2022,Graham Pauley,SDP,A,21,17,58,72,19,13,4,0,2,14,13,12,0,10,2,0,0,1,6,3,0.327586206,31363
2023,Graham Pauley,SDP,A,22,62,230,276,71,48,14,5,4,50,36,40,0,40,5,0,1,2,12,3,0.308695652,31363
2022,Jakob Marsee,SDP,A,21,18,67,86,17,8,6,1,2,18,8,16,0,15,3,0,0,1,12,1,0.253731343,31370
2022,Dalton Rushing,LAD,A,21,28,99,128,42,23,11,0,8,27,30,21,1,21,6,2,0,0,1,0,0.424242424,31382
2022,Tyler Locklear,SEA,A,21,29,117,133,33,21,5,0,7,19,29,7,0,29,7,2,0,6,0,0,0.282051282,31396
2022,Jordan Beck,COL,A,21,11,39,52,11,7,2,0,2,11,9,13,0,9,0,0,0,0,0,0,0.282051282,31431
2022,Daniel Susac,OAK,A,21,25,98,107,28,20,7,0,1,14,13,7,0,25,2,0,0,2,0,0,0.285714285,31441
2022,Sterlin Thompson,COL,A,21,11,46,50,16,11,4,0,1,9,4,3,0,12,0,1,0,0,2,0,0.347826086,31443
2023,Henry Bolte,OAK,A,19,112,420,491,108,72,17,5,14,77,68,62,0,164,5,4,0,7,32,9,0.257142857,31448
2022,Wade Meckler,SFG,A,22,11,41,50,18,10,7,0,1,9,8,9,0,8,0,0,0,0,1,0,0.43902439,31490
2024,Wade Meckler,SFG,A,24,13,51,59,12,10,1,0,1,5,6,8,0,10,0,0,0,0,0,0,0.235294117,31490
2023,Ryan Ritter,COL,A,22,65,246,295,75,40,14,3,18,53,58,37,1,72,7,4,1,4,6,3,0.304878048,31500
2022,Alex Freeland,LAD,A,20,8,32,36,10,6,1,0,3,7,6,2,0,11,2,0,0,0,2,0,0.3125,31665
2022,Cole Young,SEA,A,18,10,39,45,15,13,0,0,2,11,9,4,0,4,0,2,0,1,1,2,0.384615384,31680
2023,Cole Young,SEA,A,19,78,303,376,81,49,20,7,5,60,39,54,0,52,14,5,0,7,17,5,0.267326732,31680
2023,Colby Thomas,OAK,A,22,72,290,327,82,46,24,4,8,49,49,26,0,76,11,0,0,3,14,4,0.28275862,31855
2008,Julio Borbon,TEX,A+,22,66,291,314,89,67,20,0,2,47,36,15,0,30,4,2,2,4,36,7,0.305841924,3209
2010,Tyler Ladendorf,OAK,A+,22,126,478,525,131,92,30,4,5,60,41,35,0,110,3,3,5,12,20,4,0.274058577,3211
2010,Charlie Culberson,SFG,A+,21,128,503,551,146,98,28,4,16,80,71,33,2,99,8,6,1,15,25,7,0.290258449,3298
2023,Ben Williamson,SEA,A,22,10,35,38,8,5,2,1,0,3,6,2,0,10,1,0,0,0,1,0,0.228571428,33197
2023,Kyle Karros,COL,A,20,22,81,96,21,19,2,0,0,15,6,12,0,17,2,1,0,3,0,0,0.259259259,33252
2024,Jonah Cox,SFG,A,22,57,229,275,68,56,6,4,2,50,24,36,0,62,9,0,1,0,38,3,0.296943231,33270
2023,Jonah Cox,OAK,A,21,28,110,120,29,23,2,2,2,16,10,5,0,40,5,0,0,2,14,2,0.263636363,33270
2023,Bryce Eldridge,SFG,A,18,15,58,69,17,14,2,0,1,7,5,11,0,18,0,0,0,3,1,0,0.293103448,33390
2024,Bryce Eldridge,SFG,A,19,51,205,229,54,30,14,0,10,34,45,17,0,61,3,4,0,0,2,0,0.263414634,33390
2023,Colt Emerson,SEA,A,17,16,63,79,19,12,6,0,1,17,8,11,0,14,4,0,0,3,4,0,0.301587301,33575
2024,Colt Emerson,SEA,A,18,40,150,193,44,29,12,1,2,36,25,35,0,27,6,2,0,3,6,1,0.293333333,33575
2006,Nick Hundley,SDP,A+,22,47,176,200,49,33,13,0,3,18,23,20,1,44,2,1,1,2,1,1,0.27840909,3376
2007,John Mayberry Jr.,TEX,A+,23,63,244,277,56,24,15,1,16,47,45,28,2,64,3,2,0,7,9,1,0.229508196,3390
2006,Cliff Pennington,OAK,A+,22,46,177,202,36,27,7,0,2,36,21,24,0,35,1,0,0,5,7,1,0.20338983,3395
2007,Cliff Pennington,OAK,A+,23,68,286,333,73,47,17,3,6,50,36,43,2,54,0,4,0,2,9,2,0.255244755,3395
2007,Leyson Septimo,ARI,A+,21,100,362,399,98,73,18,2,5,54,42,23,1,67,6,3,5,13,12,6,0.270718232,341
2024,Ryan Waldschmidt,ARI,A,21,14,44,66,12,10,2,0,0,11,7,15,0,9,5,2,0,0,4,2,0.272727272,35061
2024,Nick Kurtz,OAK,A,21,7,25,35,10,4,2,0,4,11,12,10,0,7,0,0,0,0,0,0,0.4,35110
2007,Brian Bocock,SFG,A+,22,87,345,398,76,50,19,3,4,42,37,35,0,105,3,6,9,7,15,10,0.220289855,3534
2009,Brian Bocock,SFG,A+,24,97,386,430,93,63,25,2,3,56,48,36,0,96,1,6,1,10,6,7,0.240932642,3534
2006,Mike Wilson,SEA,A+,23,52,200,226,63,36,15,3,9,38,38,22,1,59,3,1,0,3,4,6,0.315,3806
2006,Gregorio Petit,OAK,A+,21,137,519,576,133,93,25,7,8,71,63,38,0,96,5,5,9,15,22,13,0.256262042,3812
2007,Chris Pettit,LAA,A+,22,69,265,307,82,51,20,2,9,54,54,36,1,48,3,2,1,5,13,3,0.309433962,3870
2008,Josh Reddick,BOS,A+,21,76,312,331,107,71,11,8,17,60,57,17,0,49,0,2,0,4,9,1,0.342948717,3892
2006,German Duran,TEX,A+,21,114,457,503,130,84,31,2,13,81,72,35,0,89,1,8,2,11,15,9,0.284463894,3919
2009,Andy Parrino,SDP,A+,23,95,311,371,73,54,16,1,2,52,29,51,1,85,4,4,1,3,8,2,0.234726688,3972
2010,Justin Sellers,LAD,A+,24,24,96,109,25,18,7,0,0,15,12,9,0,16,1,2,1,0,2,0,0.260416666,4006
2007,Justin Sellers,OAK,A+,21,114,434,495,119,86,25,4,4,72,37,46,0,69,8,6,1,11,11,4,0.274193548,4006
2006,Emilio Bonifacio,ARI,A+,21,130,546,608,175,126,35,7,7,117,50,44,0,104,6,4,8,5,61,14,0.32051282,4054
2007,Dexter Fowler,COL,A+,21,65,245,299,67,53,7,5,2,43,23,44,0,64,7,1,2,4,20,11,0.273469387,4062
2007,Anthony Recker,OAK,A+,23,56,207,244,66,34,17,2,13,39,47,27,0,48,5,5,0,5,2,0,0.318840579,4063
2007,Aaron Cunningham,ARI,A+,21,29,123,135,44,28,11,2,3,25,20,5,0,23,2,2,3,2,5,3,0.357723577,4087
2006,Jonathan Herrera,COL,A+,21,127,487,568,151,116,20,8,7,87,77,58,0,67,3,7,13,7,34,15,0.310061601,4182
2006,Jose Lobaton,SDP,A+,21,42,122,145,26,15,7,0,4,12,15,20,0,42,1,1,1,3,0,2,0.213114754,4243
2007,Jose Lobaton,SDP,A+,22,90,304,357,79,51,15,3,10,50,47,41,1,79,3,7,2,4,0,0,0.259868421,4243
2008,Scott Van Slyke,LAD,A+,21,48,176,193,46,30,9,2,5,29,26,11,0,35,2,2,1,3,7,4,0.261363636,4365
2009,Scott Van Slyke,LAD,A+,22,132,496,563,146,77,42,4,23,75,100,61,0,128,3,3,0,10,10,7,0.294354838,4365
2010,Scott Van Slyke,LAD,A+,23,48,189,209,58,35,12,2,9,34,35,17,1,39,2,1,0,7,3,1,0.306878306,4365
2008,Luis Exposito,BOS,A+,21,55,226,239,68,43,13,2,10,31,37,9,0,47,2,2,0,7,0,1,0.300884955,4398
2007,Mike Baxter,SDP,A+,22,111,417,470,115,81,21,6,7,74,44,44,2,75,3,4,2,14,12,6,0.275779376,4464
2008,Mike Baxter,SDP,A+,23,24,92,105,22,16,4,1,1,13,17,10,0,12,2,1,0,1,3,0,0.239130434,4464
2006,Travis Buck,OAK,A+,22,34,126,145,44,21,17,3,3,24,26,14,0,18,0,5,0,3,2,1,0.349206349,4646
2006,Chase Headley,SDP,A+,22,129,484,571,141,96,33,0,12,79,73,74,3,96,5,3,5,10,4,5,0.291322314,4720
2010,Rymer Liriano,SDP,A+,19,14,50,55,11,8,2,0,1,3,6,5,0,12,0,0,0,0,3,0,0.22,4779
2011,Rymer Liriano,SDP,A+,20,15,55,61,7,5,1,1,0,8,6,6,0,13,0,0,0,3,1,1,0.127272727,4779
2012,Rymer Liriano,SDP,A+,21,74,282,314,84,55,22,2,5,41,41,21,2,69,8,3,0,9,22,7,0.29787234,4779
2007,Travis Ishikawa,SFG,A+,23,56,198,222,53,24,15,1,13,35,34,19,0,78,4,1,0,1,0,0,0.267676767,4793
2007,Kyle Blanks,SDP,A+,20,119,465,531,140,81,31,4,24,94,100,44,1,98,18,4,0,12,11,2,0.301075268,49
2010,Kyle Blanks,SDP,A+,23,10,37,44,10,7,3,0,0,3,4,6,1,12,1,0,0,1,0,0,0.27027027,49
2009,Engel Beltre,TEX,A+,19,84,357,389,81,60,13,5,3,44,23,17,1,77,10,0,5,6,17,7,0.226890756,4918
2010,Engel Beltre,TEX,A+,20,68,263,291,87,67,11,4,5,38,35,11,1,34,10,3,3,0,10,7,0.330798479,4918
2012,Ender Inciarte,ARI,A+,21,62,248,279,79,61,12,5,1,46,17,22,0,32,2,1,6,4,28,8,0.318548387,4922
2006,Luis Valbuena,SEA,A+,20,43,163,181,41,28,10,1,2,18,10,14,2,26,1,0,3,5,1,3,0.251533742,4969
2008,Josh Donaldson,OAK,A+,22,47,188,207,62,38,13,2,9,37,39,17,0,29,2,0,0,2,0,2,0.329787234,5038
2007,Max Ramirez,TEX,A+,22,32,114,138,35,21,10,0,4,16,20,21,1,39,2,1,0,2,1,0,0.307017543,5039
2006,Wilkin Castillo,ARI,A+,22,56,200,218,57,43,10,1,3,25,19,13,0,24,1,2,2,6,9,2,0.285,5124
2007,Taylor Teagarden,TEX,A+,23,81,292,364,92,47,25,0,20,75,67,65,0,89,6,1,0,4,2,1,0.315068493,5199
2010,Alfredo Marte,ARI,A+,21,130,516,565,134,96,26,3,9,76,61,34,1,107,8,3,4,14,9,5,0.259689922,5212
2011,Alfredo Marte,ARI,A+,22,59,234,250,70,45,15,3,7,35,33,14,0,43,2,0,0,7,5,0,0.299145299,5212
2007,Justin Upton,ARI,A+,19,32,126,150,43,30,6,2,5,27,17,19,1,28,3,2,0,2,9,4,0.341269841,5222
2009,Roger Kieschnick,SFG,A+,22,131,517,563,153,85,37,8,23,86,110,36,2,130,5,5,0,6,9,1,0.295938104,5225
2007,Pedro Ciriaco,ARI,A+,21,119,463,495,116,94,14,5,3,61,39,20,1,81,4,3,5,12,20,11,0.250539956,5278
2008,Pedro Ciriaco,ARI,A+,22,124,520,562,161,125,26,5,5,85,61,18,0,89,6,11,7,7,40,9,0.309615384,5278
2008,Kristopher Negron,BOS,A+,22,33,116,131,38,20,8,3,7,23,19,5,0,25,6,3,1,2,6,1,0.327586206,5306
2007,Chad Huffman,SDP,A+,22,84,316,371,97,61,19,2,15,63,76,42,0,56,10,3,0,7,0,1,0.306962025,5311
2006,Mauro Gomez,TEX,A+,21,59,213,222,55,35,14,2,4,25,25,6,0,71,1,2,0,4,1,0,0.258215962,5342
2008,Mauro Gomez,TEX,A+,23,80,316,336,77,56,13,0,8,30,41,14,1,93,3,2,1,9,0,0,0.243670886,5342
2009,Mauro Gomez,TEX,A+,24,124,501,543,143,77,35,3,28,75,94,31,1,141,7,4,0,20,1,0,0.285429141,5342
2009,Brandon Crawford,SFG,A+,22,25,105,119,39,29,2,2,6,21,17,10,0,32,4,0,0,1,2,4,0.371428571,5343
2010,Brandon Crawford,SFG,A+,23,5,18,20,3,2,1,0,0,4,1,2,0,5,0,0,0,0,0,0,0.166666666,5343
2011,Brandon Crawford,SFG,A+,24,14,59,69,19,10,5,1,3,14,15,9,0,13,0,0,1,1,0,0,0.322033898,5343
2010,Juan Carlos Perez,SFG,A+,23,131,551,596,164,104,37,10,13,83,63,31,2,116,5,6,3,9,17,15,0.297640653,5371
2007,Pablo Sandoval,SFG,A+,20,102,401,423,115,66,33,5,11,56,52,16,6,52,0,3,3,10,3,1,0.286783042,5409
2008,Pablo Sandoval,SFG,A+,21,68,273,301,98,59,25,2,12,61,59,23,2,39,3,2,0,1,2,1,0.358974358,5409
2009,Alex Liddi,SEA,A+,20,129,493,565,170,98,44,5,23,97,104,53,5,122,8,8,3,11,10,6,0.344827586,5411
2010,Jose Altuve,HOU,A+,20,31,116,127,32,21,5,2,4,18,22,9,0,17,1,0,1,7,3,4,0.275862068,5417
2011,Jose Altuve,HOU,A+,21,52,213,238,87,62,13,7,5,38,34,19,1,26,0,3,3,5,19,9,0.408450704,5417
2009,Pedro Baez,LAD,A+,21,79,308,332,88,60,17,1,10,48,61,16,1,84,4,3,0,6,5,1,0.285714285,5420
2010,Pedro Baez,LAD,A+,22,75,309,334,80,64,10,0,6,41,42,17,0,68,5,2,1,16,4,1,0.258899676,5420
2012,Pedro Baez,LAD,A+,24,50,184,202,42,20,14,1,7,19,23,14,0,44,2,2,0,3,2,1,0.228260869,5420
2007,Elian Herrera,LAD,A+,22,11,30,35,6,4,2,0,0,3,4,2,0,12,0,1,2,0,1,2,0.2,5432
2009,Elian Herrera,LAD,A+,24,99,389,431,113,86,18,5,4,64,35,35,0,95,3,2,2,6,42,5,0.290488431,5432
2010,Ji Man Choi,SEA,A+,19,11,43,50,13,10,1,1,1,7,7,6,0,9,0,1,0,3,0,0,0.302325581,5452
2013,Ji Man Choi,SEA,A+,22,48,181,211,61,27,24,3,7,34,40,27,1,33,2,1,0,5,0,1,0.337016574,5452
2010,Francisco Peguero,SFG,A+,22,122,510,538,168,123,19,16,10,78,77,18,3,88,6,2,2,14,40,22,0.329411764,5496
2011,Francisco Peguero,SFG,A+,23,16,68,76,22,18,2,0,2,12,9,7,0,8,0,0,1,2,4,0,0.323529411,5496
2007,Lucas May,LAD,A+,22,128,507,554,130,77,25,3,25,81,89,36,1,107,7,3,1,8,5,7,0.256410256,5633
2008,Yamaico Navarro,BOS,A+,20,42,181,196,63,44,13,2,4,33,23,12,0,30,2,1,0,2,3,2,0.348066298,5665
2008,Brett Pill,SFG,A+,23,131,458,508,122,81,32,0,9,73,65,33,1,85,8,9,0,13,5,2,0.266375545,5834
2007,Russell Mitchell,LAD,A+,22,126,488,537,132,74,32,4,22,81,82,31,0,126,10,5,3,9,5,5,0.270491803,5848
2006,John Jaso,TBD,A+,22,95,366,406,113,81,22,0,10,58,55,31,1,48,3,6,0,8,1,2,0.308743169,5887
2011,Jean Segura,LAA,A+,21,44,185,202,52,36,9,4,3,26,21,15,3,26,1,1,0,4,18,6,0.281081081,5933
2010,Rey Navarro,ARI,A+,20,19,79,89,19,15,2,1,1,9,7,8,0,18,0,1,1,1,2,2,0.240506329,6008
2011,Didi Gregorius,CIN,A+,21,46,188,203,57,39,12,1,5,30,28,10,1,25,0,3,2,2,8,8,0.303191489,6012
2012,Cristhian Adames,COL,A+,20,115,418,485,117,87,21,7,2,59,54,47,1,82,3,6,11,9,4,2,0.279904306,6013
2007,Travis Denker,LAD,A+,21,111,402,461,118,78,27,3,10,65,57,48,4,65,4,7,0,10,8,2,0.293532338,6155
2010,Travis Denker,LAD,A+,24,74,286,325,95,64,21,3,7,45,44,30,1,49,7,2,0,7,5,1,0.332167832,6155
2007,Travis Denker,SFG,A+,21,7,25,32,10,6,3,0,1,7,9,7,0,2,0,0,0,0,1,0,0.4,6155
2008,Travis Denker,SFG,A+,22,5,18,22,4,3,0,0,1,3,4,3,0,2,1,0,0,1,0,0,0.222222222,6155
2007,Cole Garner,COL,A+,22,96,319,352,68,38,18,4,8,39,33,20,0,115,7,1,5,11,7,5,0.213166144,616
2008,Cole Garner,COL,A+,23,50,192,206,61,43,14,2,2,27,17,9,0,51,4,0,1,5,7,5,0.317708333,616
2006,Irving Falu,KCR,A+,23,126,531,585,159,126,23,7,3,87,49,40,1,46,3,1,10,14,31,11,0.299435028,6165
2008,Tyler Graham,SFG,A+,24,84,303,342,80,66,10,2,2,51,29,21,0,54,7,2,9,5,47,14,0.264026402,6220
2006,Colt Morton,SDP,A+,24,53,176,222,40,20,15,0,5,30,22,36,0,44,7,3,0,7,0,1,0.227272727,6222
2010,Tommy Field,COL,A+,23,124,440,544,125,82,21,7,15,84,72,66,2,114,21,7,9,5,16,5,0.284090909,6262
2010,Daniel Robertson,SDP,A+,24,135,533,609,160,118,27,9,6,95,61,59,2,52,7,4,6,11,30,9,0.300187617,6266
2009,Brandon Barnes,HOU,A+,23,68,266,291,78,44,19,3,12,51,52,15,0,74,5,2,3,5,1,2,0.293233082,629
2010,Brandon Barnes,HOU,A+,24,126,491,538,132,69,31,5,27,81,80,37,1,122,5,1,4,6,14,3,0.268839103,629
2010,Luis Jimenez,LAA,A+,22,81,318,344,91,44,31,4,12,52,43,13,0,43,6,3,4,8,15,8,0.286163522,6341
2008,Argenis Diaz,BOS,A+,21,71,256,282,72,57,9,6,0,31,29,20,0,60,1,5,0,8,3,2,0.28125,6403
2007,Jamie Hoffmann,LAD,A+,22,116,433,495,134,96,22,7,9,67,81,47,3,70,4,6,5,5,19,7,0.309468822,6461
2008,Luis Durango,SDP,A+,22,17,72,87,31,26,4,1,0,20,10,13,0,7,0,2,0,0,1,1,0.430555555,6533
2011,Nate Freiman,SDP,A+,24,138,548,618,158,97,35,4,22,81,111,50,4,93,11,9,0,15,6,1,0.288321167,6582
2006,Sean Rodriguez,LAA,A+,21,116,455,523,137,79,29,5,24,78,77,47,0,125,12,6,3,9,15,3,0.301098901,6589
2008,Greg Halman,SEA,A+,20,67,257,282,69,32,15,3,19,52,53,16,1,76,5,3,1,6,23,1,0.26848249,6617
2011,Ryan Lollis,SFG,A+,24,14,51,57,13,11,2,0,0,12,5,4,0,9,2,0,0,2,0,0,0.25490196,6623
2009,JB Shuck,HOU,A+,22,133,556,630,175,133,30,11,1,98,36,64,5,55,4,0,4,10,18,9,0.314748201,6677
2010,Nick Buss,LAD,A+,23,65,247,271,60,44,10,6,0,32,25,13,0,33,1,3,7,5,6,3,0.242914979,6835
2011,Nick Buss,LAD,A+,24,115,479,530,157,105,30,8,14,86,55,27,2,63,6,3,15,5,28,10,0.327766179,6835
2006,Freddy Sandoval,LAA,A+,23,113,434,509,112,77,28,2,5,60,54,59,0,98,1,8,7,14,30,8,0.258064516,6863
2008,Mark Trumbo,LAA,A+,22,103,407,438,115,59,28,2,26,70,68,26,4,67,3,2,0,12,7,3,0.282555282,6876
2009,Nick Noonan,SFG,A+,20,124,459,530,119,78,26,8,7,82,64,48,1,97,5,9,9,5,9,5,0.259259259,6880
2011,Nick Noonan,SFG,A+,22,28,122,135,30,22,6,1,1,14,16,12,0,18,0,1,0,3,1,2,0.245901639,6880
2008,Ryan Kalish,BOS,A+,20,18,73,82,17,9,6,0,2,6,14,8,0,23,0,1,0,2,1,0,0.232876712,6962
2008,Alberto Rosario,LAA,A+,21,42,124,134,27,22,5,0,0,11,14,8,0,18,0,2,0,3,3,1,0.217741935,7125
2009,Alberto Rosario,LAA,A+,22,104,314,343,73,54,15,4,0,38,35,13,0,43,8,2,6,6,9,4,0.232484076,7125
2010,Alberto Rosario,LAA,A+,23,48,181,210,55,41,9,1,4,34,24,11,0,25,5,3,10,8,8,1,0.303867403,7125
2007,Eric Young Jr.,COL,A+,22,130,540,613,157,109,29,11,8,113,63,46,1,105,13,2,12,5,73,18,0.29074074,7158
2008,Konrad Schmidt,ARI,A+,23,40,152,160,50,38,10,1,1,21,19,3,1,26,4,1,0,2,0,0,0.328947368,7178
2009,Konrad Schmidt,ARI,A+,24,106,411,451,125,87,28,1,9,54,50,30,1,75,7,3,0,14,0,3,0.304136253,7178
2009,Logan Forsythe,SDP,A+,22,66,236,305,76,52,13,3,8,46,30,61,3,48,7,1,0,9,6,2,0.322033898,7185
2010,Matt Davidson,ARI,A+,19,21,71,84,12,9,1,0,2,6,11,12,1,25,1,0,0,2,0,0,0.169014084,7226
2011,Matt Davidson,ARI,A+,20,135,535,606,148,88,39,1,20,93,106,52,1,147,11,8,0,7,0,1,0.276635514,7226
2009,Collin Cowgill,ARI,A+,23,61,220,260,61,41,9,5,6,39,36,29,3,49,7,4,0,6,11,4,0.277272727,7250
2006,Carlos Gonzalez,ARI,A+,20,104,403,452,121,61,35,4,21,82,94,30,7,104,10,9,0,6,15,8,0.300248138,7287
2009,Jeremy Moore,LAA,A+,22,124,470,516,131,88,20,12,11,61,58,34,2,144,4,4,4,6,17,13,0.278723404,7307
2006,Sean Kazmar Jr.,SDP,A+,21,133,540,616,135,98,19,5,13,86,72,63,0,80,2,6,5,11,10,1,0.25,7349
2007,Sean Kazmar Jr.,SDP,A+,22,47,201,222,57,34,20,0,3,27,24,16,0,27,3,0,2,3,4,1,0.283582089,7349
2006,Mike Nickeas,TEX,A+,23,17,64,76,19,15,4,0,0,6,6,6,0,17,5,1,0,1,0,0,0.296875,7419
2006,Tug Hulett,TEX,A+,23,77,289,361,84,56,19,7,2,46,37,61,0,61,3,4,4,2,15,5,0.290657439,7451
2007,Blake DeWitt,LAD,A+,21,83,339,361,101,62,29,2,8,48,46,20,0,42,1,1,0,7,2,3,0.297935103,7485
2006,Ed Lucas,KCR,A+,24,124,455,509,127,90,26,4,7,70,65,46,2,83,3,3,2,10,19,6,0.279120879,7532
2010,Marc Krauss,ARI,A+,22,138,530,596,160,104,27,4,25,107,87,57,0,141,4,5,0,11,1,3,0.301886792,7577
2006,Tommy Everidge,OAK,A+,23,133,504,570,127,73,32,2,20,89,83,44,0,116,13,9,0,13,5,5,0.251984126,7596
2007,Tommy Everidge,OAK,A+,24,124,461,539,119,77,13,3,26,75,90,66,0,103,6,6,0,13,2,2,0.25813449,7596
2006,Mark Reynolds,ARI,A+,22,76,273,322,92,49,18,2,23,64,77,41,1,72,3,5,0,3,1,1,0.336996336,7619
2006,Fernando Perez,TBD,A+,23,133,547,641,168,136,19,9,4,123,56,78,0,134,6,2,8,5,33,16,0.307129798,7755
2009,Joey Butler,TEX,A+,23,134,522,574,146,100,33,1,12,82,76,46,0,146,5,1,0,14,6,4,0.279693486,7799
2009,Charlie Blackmon,COL,A+,22,133,550,616,169,121,34,7,7,87,69,39,1,83,19,5,3,5,30,13,0.307272727,7859
2008,Eric Sogard,SDP,A+,22,133,536,622,165,110,42,3,10,97,87,79,3,62,1,6,0,9,16,7,0.30783582,7927
2006,Brian Horwitz,SFG,A+,23,56,207,244,67,52,11,2,2,26,31,30,2,23,4,3,0,8,0,2,0.323671497,7938
2010,Jaff Decker,SDP,A+,20,79,290,348,76,43,14,2,17,53,58,47,3,80,7,4,0,3,5,4,0.262068965,7945
2011,Henry Alejandro Rodriguez,CIN,A+,21,58,238,254,81,56,17,0,8,37,44,14,0,35,1,1,0,4,12,7,0.340336134,7983
2009,Wilin Rosario,COL,A+,20,58,203,222,54,36,12,2,4,17,33,10,0,55,1,5,3,4,2,1,0.266009852,8002
2006,Brandon Boggs,TEX,A+,23,78,284,327,74,42,20,4,8,48,37,40,1,63,1,2,0,3,13,4,0.26056338,8021
2007,Brandon Boggs,TEX,A+,24,26,92,108,23,9,9,1,4,17,17,14,0,28,2,0,0,0,5,1,0.25,8021
2007,Matt Mangini,SEA,A+,21,17,62,69,14,9,1,2,2,7,8,6,0,21,1,0,0,1,1,0,0.225806451,8051
2008,Matt Mangini,SEA,A+,22,52,181,214,48,30,12,0,6,27,25,23,0,52,9,0,1,2,3,1,0.26519337,8051
2007,Jeff Frazier,SEA,A+,24,44,173,187,57,33,19,1,4,20,27,12,0,14,2,0,0,5,0,2,0.329479768,8056
2006,Danny Putnam,OAK,A+,23,10,40,46,15,12,2,0,1,7,9,6,0,8,0,0,0,0,0,0,0.375,8062
2010,Vince Belnome,SDP,A+,22,135,498,606,136,88,31,1,16,81,84,102,2,136,2,3,1,14,4,1,0.273092369,8126
2009,Everth Cabrera,SDP,A+,22,7,23,28,9,7,1,1,0,7,4,5,0,2,0,0,0,0,4,3,0.391304347,8155
2007,Everth Cabrera,COL,A+,20,4,15,20,4,3,0,1,0,3,2,2,0,7,2,0,1,0,1,0,0.266666666,8155
2007,Chris Nelson,COL,A+,21,133,529,600,153,85,42,7,19,97,99,55,2,92,7,9,0,11,27,5,0.289224952,8175
2008,Chris Nelson,COL,A+,22,8,30,32,5,3,1,0,1,2,5,2,0,8,0,0,0,0,0,2,0.166666666,8175
2006,Matt Tuiasosopo,SEA,A+,20,59,232,253,71,56,14,0,1,31,34,14,1,58,5,0,2,8,5,6,0.306034482,8272
2006,John Bowker,SFG,A+,22,112,462,511,131,86,32,6,7,61,66,37,3,100,2,3,7,12,6,3,0.283549783,8276
2011,Dean Anna,SDP,A+,24,44,148,177,46,31,10,2,3,25,18,19,1,22,5,3,2,4,2,0,0.31081081,8353
2006,Landon Powell,OAK,A+,24,90,326,375,86,59,12,0,15,44,47,43,0,77,2,3,1,6,0,0,0.26380368,8361
2006,Reid Brignac,TBD,A+,20,100,411,455,134,84,26,3,21,82,83,35,0,82,4,3,2,6,12,6,0.326034063,8380
2010,Ehire Adrianza,SFG,A+,20,124,445,508,114,84,22,5,3,70,35,47,0,87,5,1,10,7,33,15,0.256179775,8418
2011,Ehire Adrianza,SFG,A+,21,56,230,262,69,39,24,3,3,34,27,23,0,46,6,2,1,3,5,1,0.3,8418
2008,Jackson Williams,SFG,A+,22,50,156,178,36,28,5,0,3,11,16,15,0,40,3,1,3,2,2,3,0.23076923,8524
2007,Gerardo Parra,ARI,A+,20,24,102,109,29,24,2,1,2,11,14,4,1,17,0,3,0,1,2,3,0.284313725,8553
2008,Gerardo Parra,ARI,A+,21,50,196,224,59,45,8,4,2,26,19,23,1,31,3,1,1,7,12,4,0.301020408,8553
2007,Elvis Andrus,TEX,A+,18,27,110,123,33,29,2,0,2,19,12,10,0,19,2,0,1,2,15,8,0.3,8709
2009,Jason Castro,HOU,A+,22,56,207,243,64,36,20,1,7,27,44,30,2,41,3,3,0,5,1,1,0.309178743,8722
2008,Carlos Peguero,SEA,A+,21,92,371,385,111,71,25,3,12,47,74,10,0,96,1,3,0,5,6,4,0.299191374,8760
2009,Carlos Peguero,SEA,A+,22,126,491,544,133,67,21,14,31,92,98,42,2,172,7,3,1,8,3,4,0.270875763,8760
2007,John Hester,ARI,A+,23,79,297,320,78,51,16,1,10,38,43,22,0,64,1,0,0,6,4,2,0.262626262,877
2009,Cole Figueroa,SDP,A+,22,21,75,83,14,11,3,0,0,5,9,6,0,14,1,0,1,0,5,0,0.186666666,8790
2010,Cole Figueroa,SDP,A+,23,124,482,578,146,114,25,3,4,88,66,81,0,54,6,2,7,12,26,9,0.302904564,8790
2009,Matt Clark,SDP,A+,22,67,250,286,73,44,13,3,13,44,46,28,0,62,4,4,0,5,2,0,0.292,8793
2010,Blake Tekotte,SDP,A+,23,59,203,241,63,37,17,1,8,41,27,36,0,46,2,0,0,2,22,8,0.310344827,8810
2009,Ali Solis,SDP,A+,21,45,138,152,28,19,4,3,2,16,19,7,0,37,2,2,3,6,1,0,0.20289855,8848
2010,Ali Solis,SDP,A+,22,12,37,39,10,5,1,0,4,6,8,2,0,10,0,0,0,1,0,0,0.27027027,8848
2009,Dusty Coleman,OAK,A+,22,26,100,112,22,15,4,2,1,14,8,10,0,39,2,0,0,1,2,2,0.22,8979
2011,Dusty Coleman,OAK,A+,24,120,462,522,111,65,27,4,15,71,66,46,1,171,6,5,3,10,21,4,0.24025974,8979
2009,Conor Gillaspie,SFG,A+,21,126,469,530,134,97,31,2,4,62,67,55,2,68,3,1,2,6,2,3,0.285714285,9009
2007,Lars Anderson,BOS,A+,19,10,35,47,12,9,2,0,1,13,9,11,0,9,0,1,0,0,0,0,0.342857142,9018
2008,Lars Anderson,BOS,A+,20,77,306,358,97,64,19,1,13,58,50,46,1,64,3,3,0,10,0,0,0.316993464,9018
2009,James Darnell,SDP,A+,22,60,235,269,69,36,18,2,13,40,43,30,0,38,2,1,1,2,3,1,0.293617021,9060
2010,Alexi Amarista,LAA,A+,21,72,297,323,90,61,19,6,4,39,39,19,2,42,3,2,2,1,17,10,0.303030303,9063
2008,Allan Dykstra,SDP,A+,21,7,24,32,7,5,1,0,1,5,10,7,0,7,1,0,0,0,0,0,0.291666666,9113
2010,Allan Dykstra,SDP,A+,23,113,386,469,93,51,24,2,16,54,70,78,2,122,3,1,1,4,1,4,0.240932642,9113
2009,Buster Posey,SFG,A+,22,80,291,346,95,59,23,0,13,63,58,45,0,45,8,2,0,6,6,0,0.326460481,9166
2010,Paul Goldschmidt,ARI,A+,22,138,525,599,165,85,42,3,35,102,108,57,0,161,8,9,0,9,5,1,0.314285714,9218
2007,Juan Diaz,SEA,A+,18,6,20,22,3,2,0,1,0,1,2,2,0,8,0,0,0,1,0,0,0.15,9235
2009,Juan Diaz,SEA,A+,20,84,325,351,101,70,22,5,4,55,29,23,0,65,0,0,3,3,5,2,0.31076923,9235
2010,Juan Diaz,SEA,A+,21,70,254,276,75,57,8,3,7,39,41,19,0,45,1,1,1,3,8,2,0.29527559,9235
2011,Keon Broxton,ARI,A+,21,110,406,483,102,76,14,5,7,69,44,62,0,142,3,7,5,3,27,8,0.251231527,9253
2012,Keon Broxton,ARI,A+,22,130,490,536,131,87,24,1,19,84,62,40,0,136,4,2,0,5,21,8,0.267346938,9253
2007,Chris Davis,TEX,A+,21,99,386,418,115,60,28,3,24,69,93,22,2,123,5,5,0,8,3,3,0.297927461,9272
2010,Ryan Wheeler,ARI,A+,21,113,465,506,132,96,25,2,9,62,57,35,2,98,5,1,0,15,3,1,0.283870967,9312
2007,Matt Antonelli,SDP,A+,22,82,347,406,109,77,14,4,14,89,54,53,1,58,4,2,0,4,18,6,0.314121037,9343
2007,Adam Moore,SEA,A+,23,115,433,491,133,78,30,3,22,74,102,41,1,84,8,9,0,18,1,0,0.307159353,9362
2006,Evan Longoria,TBD,A+,20,28,110,128,36,20,8,0,8,22,28,13,4,19,2,2,1,2,1,1,0.327272727,9368
2010,Chris McGuiness,TEX,A+,22,34,120,147,30,20,3,0,7,19,22,24,0,32,2,1,0,1,1,1,0.25,9423
2011,Jake Goebbert,HOU,A+,23,26,104,117,27,21,1,0,5,16,18,10,0,16,0,2,1,3,3,0,0.259615384,9431
2010,Dustin Garneau,COL,A+,22,12,42,44,13,8,2,2,1,5,13,2,0,9,0,0,0,0,0,1,0.309523809,9433
2012,Dustin Garneau,COL,A+,24,86,300,349,73,46,18,3,6,35,29,40,0,41,2,4,2,6,2,3,0.243333333,9433
2009,Thomas Neal,SFG,A+,21,129,475,560,160,93,41,4,22,102,90,65,1,98,16,3,0,12,3,0,0.336842105,9461
2008,Adrian Cardenas,OAK,A+,20,15,72,74,20,18,1,0,1,11,10,1,0,14,1,0,0,4,1,0,0.277777777,9514
2007,David Freese,SDP,A+,24,128,503,592,152,98,31,6,17,104,96,69,0,99,16,4,0,11,6,1,0.302186878,9549
2008,Matt Downs,SFG,A+,24,109,437,489,133,85,30,1,17,74,75,34,0,57,5,6,7,9,24,13,0.304347826,957
2007,Craig Gentry,TEX,A+,23,51,213,235,58,40,16,1,1,31,18,12,0,46,6,3,1,4,16,7,0.272300469,9571
2008,Michael McKenry,COL,A+,23,111,400,472,103,56,28,1,18,59,75,55,0,101,10,2,5,8,2,4,0.2575,9628
2010,Cody Decker,SDP,A+,23,130,507,582,137,72,35,2,28,82,90,60,2,135,8,7,0,17,2,0,0.270216962,9665
2006,Rusty Ryal,ARI,A+,23,97,350,387,97,63,17,6,11,53,42,23,1,78,12,1,1,15,8,8,0.277142857,9698
2007,Rusty Ryal,ARI,A+,24,70,276,302,83,54,15,3,11,46,46,16,0,47,8,2,0,8,2,4,0.300724637,9698
2011,Chris Dominguez,SFG,A+,24,63,258,279,75,53,10,1,11,40,40,18,0,73,1,2,0,7,8,2,0.290697674,9718
2010,Ben Paulsen,COL,A+,22,130,498,541,155,106,29,8,12,65,83,33,3,113,3,7,0,10,5,4,0.311244979,9741
2011,James Jones,SEA,A+,22,83,296,344,73,48,16,4,5,42,29,42,4,92,4,1,1,5,16,3,0.246621621,9767
2012,James Jones,SEA,A+,23,126,493,559,151,97,28,12,14,109,76,54,1,124,5,4,3,6,26,17,0.306288032,9767
2011,Nolan Arenado,COL,A+,20,134,517,583,154,99,32,3,20,82,122,47,3,53,1,14,4,21,2,1,0.29787234,9777
2011,Blake Smith,LAD,A+,23,74,293,329,86,46,24,0,16,59,63,32,0,83,0,4,0,8,3,2,0.293515358,9780
2010,Kyle Seager,SEA,A+,22,135,557,643,192,135,40,3,14,126,74,71,0,94,5,7,3,5,13,12,0.34470377,9785
2013,Steven Baron,SEA,A+,22,86,332,353,69,41,18,5,5,31,47,17,0,93,0,3,1,9,7,0,0.207831325,9787
2014,Steven Baron,SEA,A+,23,39,142,159,36,24,10,1,1,18,23,10,0,27,3,4,0,1,3,1,0.253521126,9787
2008,Efren Navarro,LAA,A+,22,35,129,150,45,34,9,0,2,13,18,19,2,20,0,2,0,2,0,3,0.348837209,9854
2009,Efren Navarro,LAA,A+,23,130,481,540,138,98,32,3,5,64,61,53,2,72,3,2,1,13,3,2,0.286902286,9854
2008,Trayvon Robinson,LAD,A+,20,112,439,489,121,89,20,8,4,67,42,33,0,104,4,5,8,5,22,12,0.275626423,9875
2009,Trayvon Robinson,LAD,A+,21,117,470,529,144,92,28,9,15,82,54,50,4,125,4,4,1,8,43,18,0.306382978,9875
2007,Ivan De Jesus Jr.,LAD,A+,20,121,428,502,123,94,22,3,4,69,52,57,1,64,3,5,9,20,11,6,0.287383177,9886
2008,Chris Carter,OAK,A+,21,137,506,596,131,56,32,4,39,101,104,77,2,156,7,6,0,7,4,0,0.25889328,9911
2011,Chris Carter,OAK,A+,24,6,24,28,8,5,0,0,3,3,7,4,0,8,0,0,0,0,0,0,0.333333333,9911
2012,Yorman Rodriguez,CIN,A+,19,23,90,94,14,10,4,0,0,7,7,3,0,39,0,1,0,1,4,0,0.155555555,9922
2013,Yorman Rodriguez,CIN,A+,20,63,251,278,63,30,20,4,9,41,35,22,0,77,3,0,1,4,6,3,0.250996015,9922
2007,Michael Saunders,SEA,A+,20,108,431,507,129,86,25,4,14,91,77,60,2,116,8,3,5,7,27,10,0.299303944,9981
2021,Colin Simpson,COL,A,24,56,198,225,47,26,12,2,7,31,39,23,2,60,1,3,0,1,2,0,0.237373737,sa1159681
2021,Kennie Taylor,SEA,A,24,15,52,61,16,11,4,0,1,9,12,7,0,16,1,1,0,0,1,0,0.307692307,sa1169940
2006,Matthew Allegra,OAK,A+,24,8,24,29,1,0,0,0,1,2,3,3,0,11,1,1,0,0,1,0,0.041666666,sa199045
2006,Luis Oliveros,SEA,A+,23,42,153,164,38,29,8,0,1,12,17,4,0,19,2,0,5,2,1,2,0.248366013,sa199167
2006,Omar Falcon,SEA,A+,23,58,174,214,46,26,13,0,7,31,28,37,0,64,1,0,2,2,0,1,0.264367816,sa199185
2007,James Tomlin,LAD,A+,24,31,106,122,30,19,10,0,1,15,15,14,0,9,1,0,1,2,7,3,0.283018867,sa199272
2006,James Tomlin,KCR,A+,23,76,276,296,83,55,24,1,3,41,37,14,0,30,0,0,6,6,3,3,0.300724637,sa199272
2006,Mayo Santana,ARI,A+,24,11,27,27,9,5,1,0,3,7,7,0,0,4,0,0,0,2,0,1,0.333333333,sa199287
2006,Mike Stodolka,KCR,A+,24,115,423,513,119,73,33,2,11,81,67,78,1,103,5,7,0,7,4,3,0.281323877,sa199853
2006,Ransel Melgarejo,KCR,A+,24,26,91,108,24,18,5,0,1,12,6,12,0,28,2,0,0,0,7,4,0.263736263,sa200268
2007,Lino Garcia,COL,A+,23,57,185,207,47,30,8,2,7,27,17,11,0,61,4,0,7,2,3,1,0.254054054,sa200344
2008,Lino Garcia,COL,A+,24,20,74,84,23,15,5,0,3,11,11,8,0,20,0,1,1,3,2,0,0.31081081,sa200344
2006,Tim Brown,SDP,A+,23,130,428,532,128,80,37,1,10,74,75,79,2,90,20,4,1,15,4,1,0.29906542,sa200479
2006,Juan Gonzalez,TEX,A+,24,59,211,241,50,35,13,1,1,31,17,22,0,58,2,3,3,4,9,2,0.236966824,sa200559
2006,Josh Johnson,TBD,A+,23,12,33,39,7,3,4,0,0,3,3,5,0,12,1,0,0,0,0,0,0.212121212,sa200576
2006,David Cardona,TBD,A+,23,33,118,132,30,21,5,1,3,19,20,10,0,44,0,2,2,5,1,1,0.254237288,sa201086
2006,Michael Collins,LAA,A+,21,125,477,543,140,103,29,1,7,61,82,29,1,73,33,3,1,9,9,9,0.293501048,sa201125
2006,Jason St. Clair,TBD,A+,23,18,54,60,12,11,1,0,0,10,4,1,0,14,4,1,0,2,1,1,0.222222222,sa201234
2007,Charles Lisk,SDP,A+,24,10,35,39,6,4,2,0,0,2,0,3,0,15,1,0,0,1,0,1,0.171428571,sa201327
2006,Josh Womack,SEA,A+,22,116,412,464,118,88,15,9,6,66,43,40,1,90,4,3,5,3,17,14,0.286407766,sa201519
2007,Josh Womack,SEA,A+,23,57,188,212,39,27,6,4,2,34,16,17,0,45,2,2,3,3,8,6,0.207446808,sa201519
2006,Jereme Milons,ARI,A+,23,100,386,420,116,88,11,6,11,56,54,30,0,95,0,3,1,8,14,5,0.300518134,sa201809
2007,Jereme Milons,ARI,A+,24,77,309,333,95,71,18,2,4,39,46,17,1,71,1,3,3,8,17,9,0.307443365,sa201809
2006,Luis Apodaca,COL,A+,23,16,45,50,14,11,3,0,0,9,3,4,0,6,1,0,0,2,2,2,0.311111111,sa201822
2006,Chris Colton,SEA,A+,23,110,381,432,91,63,22,1,5,56,42,38,0,92,3,5,5,11,17,9,0.238845144,sa201838
2007,Chris Colton,SEA,A+,24,53,148,172,42,22,9,4,7,31,18,20,1,29,0,3,1,3,2,2,0.283783783,sa201838
2006,Yordany Ramirez,SDP,A+,21,78,278,294,70,46,16,5,3,36,38,12,0,50,1,0,3,5,23,4,0.251798561,sa201860
2007,Yordany Ramirez,SDP,A+,22,82,286,303,77,54,17,2,4,45,43,9,0,43,3,1,4,9,22,6,0.269230769,sa201860
2006,Sandy Almonte,COL,A+,23,11,38,39,10,7,2,1,0,4,2,1,0,8,0,0,0,1,2,1,0.263157894,sa201892
2006,Tomas Duenas,KCR,A+,24,76,273,309,81,48,19,0,14,48,54,27,0,55,5,2,2,4,1,0,0.296703296,sa202103
2007,Jordan Renz,LAA,A+,23,109,401,440,91,51,19,1,20,56,62,29,1,144,3,6,1,8,4,2,0.226932668,sa202104
2007,Aaron Peel,LAA,A+,24,26,104,112,36,28,5,0,3,22,16,3,0,20,4,0,1,3,2,2,0.346153846,sa202106
2007,Nelson Robledo,COL,A+,23,53,180,202,50,41,9,0,0,24,21,15,1,27,2,2,3,7,0,2,0.277777777,sa202154
2008,Nelson Robledo,COL,A+,24,66,210,242,39,33,5,0,1,17,16,24,0,62,2,3,3,7,0,0,0.185714285,sa202154
2006,Cameron Coughlan,OAK,A+,24,69,228,275,66,50,11,3,2,42,25,34,0,53,6,1,6,1,20,8,0.289473684,sa202233
2006,Coltyn Simmons,TBD,A+,22,13,40,50,11,10,0,0,1,5,11,7,0,8,3,0,0,0,0,0,0.275,sa202330
2006,Luke Grayson,TEX,A+,23,51,178,198,40,20,13,1,6,24,22,10,0,60,6,0,4,4,2,3,0.224719101,sa202371
2006,Peter Ciofrone,SDP,A+,22,86,319,390,93,67,17,1,8,44,74,47,0,64,14,9,1,9,4,2,0.29153605,sa202378
2006,Neil Wilson,COL,A+,22,62,241,262,70,54,13,1,2,30,30,19,1,39,1,1,0,8,0,1,0.290456431,sa202391
2007,Neil Wilson,COL,A+,23,94,353,390,90,52,25,3,10,54,70,32,2,62,2,2,1,16,4,1,0.254957507,sa202391
2006,Adam Donachie,KCR,A+,22,62,210,250,58,40,12,0,6,32,22,31,1,46,1,2,6,8,0,1,0.276190476,sa202394
2006,Luis Perez,OAK,A+,22,101,359,390,120,88,21,4,7,51,58,20,0,50,6,5,0,9,2,2,0.334261838,sa202644
2007,Johany Abreu,TEX,A+,23,27,96,107,20,18,1,1,0,17,3,8,0,23,3,0,0,1,1,2,0.208333333,sa202661
2006,Johany Abreu,SFG,A+,22,41,143,158,29,23,3,2,1,14,7,9,0,29,1,0,5,0,3,3,0.202797202,sa202661
2007,Jake Blalock,TEX,A+,23,14,53,58,15,8,6,0,1,5,11,5,1,12,0,0,0,0,0,0,0.283018867,sa202744
2007,Scott White,BOS,A+,23,117,465,539,119,68,29,1,21,79,98,56,0,103,12,6,0,6,4,3,0.255913978,sa202762
2006,Juan Senreiso,KCR,A+,24,106,407,436,117,80,16,6,15,64,59,22,0,117,3,1,3,15,19,4,0.287469287,sa202901
2006,Brian McFall,KCR,A+,22,115,398,449,95,49,25,0,21,58,73,30,0,120,13,5,3,4,7,5,0.238693467,sa225660
2006,Rick Guarno,COL,A+,23,20,60,73,15,9,5,0,1,10,6,7,0,22,4,0,2,2,0,2,0.25,sa225663
2006,Tim Hutting,SFG,A+,24,69,252,289,67,53,10,0,4,29,32,24,0,55,4,1,8,5,5,1,0.265873015,sa225712
2006,Adam Fox,TEX,A+,24,77,289,326,74,45,21,1,7,38,35,27,0,51,4,4,2,6,7,4,0.256055363,sa225731
2006,Eddie Cornejo,OAK,A+,24,62,252,298,91,68,19,1,3,45,27,38,0,26,5,2,1,5,2,3,0.361111111,sa225782
2006,Brian Schweiger,SEA,A+,23,17,48,63,16,12,2,0,2,9,10,10,0,13,1,2,2,0,0,2,0.333333333,sa225824
2007,Mike Mooney,SFG,A+,24,127,482,530,118,78,24,4,12,60,56,29,1,132,9,7,3,5,21,4,0.244813278,sa225828
2006,Michael Gaffney,KCR,A+,24,73,287,319,72,61,9,1,1,34,37,18,0,42,4,4,6,7,1,3,0.25087108,sa225896
2006,Mark Schleicher,TBD,A+,24,50,175,183,47,32,8,0,7,27,25,5,0,48,0,3,0,2,1,2,0.268571428,sa225906
2006,Micah Furtado,TEX,A+,24,103,382,440,95,65,19,3,8,59,42,44,0,81,5,2,7,5,11,10,0.248691099,sa225913
2006,Michael Wagner,SFG,A+,24,76,271,301,77,50,15,4,8,51,42,15,0,81,6,3,5,4,3,2,0.284132841,sa225990
2006,David Castillo,OAK,A+,24,28,90,108,20,14,6,0,0,8,10,11,0,16,3,0,4,2,0,2,0.222222222,sa225992
2007,Chris Turner,BOS,A+,23,22,81,91,13,7,1,0,5,12,9,8,0,40,1,1,0,0,0,1,0.160493827,sa226004
2006,Johnny Washington,TEX,A+,22,16,36,40,5,3,2,0,0,3,0,2,0,11,0,0,2,1,0,1,0.138888888,sa226027
2006,Walter Sevilla,KCR,A+,24,7,24,28,4,2,1,0,1,3,7,3,0,1,0,1,0,1,0,0,0.166666666,sa226076
2006,Jeremy Cleveland,SDP,A+,24,80,305,338,84,63,18,2,1,30,37,25,0,62,3,4,0,12,1,6,0.275409836,sa226126
2007,Juan Ciriaco,SDP,A+,23,47,183,193,49,32,8,0,9,28,32,9,0,36,0,0,1,4,7,2,0.267759562,sa226165
2008,Juan Ciriaco,SFG,A+,24,41,87,99,15,13,2,0,0,5,7,7,0,17,0,2,3,3,1,1,0.172413793,sa226165
2006,Brian Snyder,OAK,A+,24,63,226,262,63,48,11,0,4,42,28,35,0,59,1,0,0,5,0,0,0.278761061,sa226241
2006,Todd Jennings,SFG,A+,24,64,239,268,67,50,15,2,0,35,26,15,0,40,8,1,5,6,4,0,0.280334728,sa226247
2006,Brett Dowdy,SDP,A+,24,12,40,43,14,14,0,0,0,6,2,3,0,4,0,0,0,0,0,0,0.35,sa226269
2006,Matt Rogelstad,SEA,A+,23,36,127,141,33,23,8,2,0,19,18,10,0,25,0,3,1,5,0,1,0.259842519,sa226360
2007,Jeffrey Flaig,SEA,A+,22,78,293,318,74,55,15,0,4,40,34,14,0,49,6,2,3,11,2,3,0.252559726,sa228863
2008,C.J. Bressoud,LAA,A+,23,16,32,42,6,6,0,0,0,3,6,6,0,7,1,0,3,0,0,0,0.1875,sa228866
2006,Emerson Frostad,TEX,A+,23,79,291,333,93,50,30,1,12,46,51,36,1,68,0,5,1,2,3,7,0.319587628,sa236458
2007,Luis Soto,BOS,A+,21,70,263,294,58,42,7,1,8,39,33,28,0,62,2,1,0,4,0,2,0.220532319,sa243491
2006,Shaun Cumberland,TBD,A+,21,126,520,574,134,97,18,3,16,86,98,42,0,133,6,3,3,4,29,9,0.257692307,sa244024
2008,J.T. Restko,TEX,A+,23,38,150,164,44,29,10,0,5,14,25,10,0,40,3,0,1,3,0,0,0.293333333,sa244027
2009,Kala Ka'aihue,OAK,A+,24,18,61,71,8,2,1,1,4,12,12,10,0,26,0,0,0,1,0,0,0.13114754,sa244055
2006,Ian Gac,TEX,A+,20,55,208,227,39,25,4,1,9,24,23,13,0,97,3,3,0,1,3,0,0.1875,sa244078
2008,Ian Gac,TEX,A+,22,63,245,273,63,42,8,0,13,28,49,17,1,96,5,6,0,1,0,0,0.257142857,sa244078
2009,Ian Gac,TEX,A+,23,104,391,430,93,47,24,0,22,54,55,31,1,128,3,5,0,13,1,0,0.237851662,sa244078
2006,Javier Brito,ARI,A+,23,85,264,319,94,57,20,1,16,63,60,44,0,48,5,6,0,7,1,2,0.356060606,sa244090
2006,Jose C. Valdez,COL,A+,22,79,284,317,64,37,15,1,11,37,41,30,1,55,0,2,1,5,0,4,0.225352112,sa244110
2007,Jose C. Valdez,COL,A+,23,85,322,359,83,58,21,1,3,39,54,29,1,54,2,3,3,8,5,4,0.257763975,sa244110
2007,Salvador Paniagua,BOS,A+,24,46,185,201,53,28,13,1,11,33,42,8,0,56,5,3,0,5,1,0,0.286486486,sa244172
2006,Baltazar Lopez,LAA,A+,22,58,198,226,60,47,9,1,3,26,25,22,0,53,2,2,0,4,1,2,0.303030303,sa244219
2007,Brett Martinez,LAA,A+,23,12,30,36,6,6,0,0,0,2,1,4,0,4,0,0,2,1,2,1,0.2,sa244220
2007,Javier Herrera,OAK,A+,22,62,252,279,69,43,17,0,9,45,39,19,1,60,6,2,0,7,11,7,0.273809523,sa244221
2007,Orlando Mercado,ARI,A+,22,69,211,275,54,36,12,0,6,27,37,51,0,42,9,2,2,7,2,2,0.25592417,sa244288
2006,Casey Craig,SEA,A+,21,64,245,278,72,53,7,3,9,28,41,22,0,50,5,4,2,3,3,8,0.293877551,sa244293
2007,Casey Craig,SEA,A+,22,93,378,447,115,77,23,4,11,83,49,52,0,67,5,5,7,4,20,4,0.304232804,sa244293
2006,Geraldo Valentin,KCR,A+,23,107,406,453,115,93,13,3,6,57,51,32,1,60,8,4,3,16,3,6,0.283251231,sa244356
2007,Mickey Hall,BOS,A+,22,82,266,319,80,43,19,7,11,59,43,49,0,78,2,2,0,1,0,1,0.300751879,sa244363
2008,Mickey Hall,BOS,A+,23,12,37,46,8,6,1,0,1,8,2,8,0,10,0,1,0,0,3,0,0.216216216,sa244363
2006,Yung-Chi Chen,SEA,A+,22,67,278,309,95,70,17,3,5,49,48,22,1,40,2,5,2,5,21,7,0.341726618,sa244469
2008,Ricardo Sosa,ARI,A+,24,103,396,429,105,65,26,1,13,50,74,21,2,65,10,2,0,12,5,5,0.265151515,sa245445
2006,Chris Nowak,TBD,A+,23,130,494,582,152,93,45,3,11,93,103,69,1,83,9,8,2,17,17,6,0.307692307,sa253288
2006,Patrick Breen,TBD,A+,24,94,326,384,92,52,18,1,21,61,63,52,0,105,4,2,0,1,8,5,0.282208588,sa253289
2006,Patrick Cottrell,TBD,A+,24,114,440,461,117,89,19,2,7,66,54,14,0,58,3,1,3,15,6,7,0.26590909,sa253292
2006,Dustin Hahn,COL,A+,23,45,139,154,25,21,4,0,0,13,6,13,0,48,1,0,1,2,1,1,0.179856115,sa253302
2006,Matt Miller,COL,A+,23,92,368,415,119,85,20,2,12,52,77,31,3,37,8,8,0,10,4,9,0.323369565,sa253307
2006,Jeff Dragicevich,COL,A+,23,75,244,297,67,47,16,1,3,36,33,41,0,61,4,1,7,4,1,3,0.274590163,sa253312
2007,Jeff Dragicevich,COL,A+,24,8,29,33,9,7,1,0,1,6,3,3,0,4,1,0,0,0,1,0,0.310344827,sa253312
2006,Nick Blasi,OAK,A+,24,59,249,279,77,50,19,3,5,43,27,21,0,50,7,1,1,5,2,5,0.309236947,sa253332
2006,Myron Leslie,OAK,A+,24,136,513,595,140,98,25,0,17,81,100,71,1,98,6,5,0,19,6,3,0.272904483,sa253627
2009,James Skelton,ARI,A+,23,51,178,223,42,30,8,0,4,28,26,34,1,51,2,3,6,2,5,2,0.235955056,sa253647
2006,Josh Leblanc,LAA,A+,24,105,373,428,90,61,19,6,4,59,45,43,0,110,6,2,4,8,22,7,0.241286863,sa253748
2006,Drew Toussaint,LAA,A+,23,108,374,419,90,52,25,1,12,47,42,33,0,119,11,0,1,9,2,2,0.240641711,sa253749
2007,Drew Toussaint,LAA,A+,24,114,394,437,107,70,24,4,9,55,47,35,0,102,5,2,1,10,7,4,0.271573604,sa253749
2006,Josh Asanovich,TBD,A+,23,107,406,466,119,85,27,2,5,66,58,48,0,63,5,5,2,14,16,4,0.293103448,sa253801
2006,Brandon Burgess,ARI,A+,23,123,434,505,115,72,15,2,26,74,84,39,2,132,28,4,0,13,8,8,0.264976958,sa253803
2007,Brandon Burgess,ARI,A+,24,90,331,385,86,46,19,4,17,56,56,33,1,103,17,4,0,5,5,2,0.259818731,sa253803
2006,Derek Bruce,ARI,A+,23,99,321,358,99,83,13,1,2,49,35,10,0,40,7,2,15,10,6,3,0.308411214,sa253816
2007,Derek Bruce,ARI,A+,24,111,417,470,110,79,20,4,7,58,40,32,0,63,6,5,4,4,2,8,0.263788968,sa253816
2007,David Nicholson,LAD,A+,24,12,27,34,6,5,1,0,0,3,3,3,0,4,3,0,1,0,0,2,0.222222222,sa253826
2006,Simon Klink,SFG,A+,24,98,326,379,76,48,17,2,9,44,34,44,1,107,8,0,1,11,2,3,0.233128834,sa253840
2006,William Thompson,SFG,A+,23,33,119,135,33,24,9,0,0,15,10,14,0,23,0,0,2,5,0,1,0.277310924,sa253843
2007,William Thompson,SFG,A+,24,70,241,276,50,43,7,0,0,15,30,30,0,61,1,4,0,3,1,0,0.207468879,sa253843
2006,Trevor Heid,SEA,A+,24,9,30,31,6,3,2,0,1,3,4,0,0,9,1,0,0,1,0,1,0.2,sa253914
2006,Brent Johnson,SEA,A+,24,129,500,586,142,116,23,2,1,82,48,65,2,55,11,3,7,14,16,11,0.284,sa253915
2006,Jim Fasano,TEX,A+,22,14,59,64,18,13,3,0,2,6,7,4,0,9,1,0,0,0,0,0,0.305084745,sa253935
2007,Jim Fasano,TEX,A+,23,18,70,75,19,11,4,0,4,11,12,5,0,11,0,0,0,3,0,0,0.271428571,sa253935
2006,William Susdorf,SDP,A+,23,15,60,64,16,10,5,1,0,8,3,3,0,7,1,0,0,3,0,1,0.266666666,sa253941
2006,Luke Sargent,COL,A+,23,44,120,136,29,25,4,0,0,12,9,13,0,45,1,0,2,3,1,0,0.241666666,sa253944
2006,Rusty Brown,KCR,A+,24,112,426,488,112,78,18,2,14,54,61,46,0,89,4,10,2,9,0,2,0.262910798,sa253949
2006,Jeff Dominguez,SEA,A+,19,46,163,179,40,34,5,1,0,17,17,11,0,32,0,2,3,5,1,2,0.245398773,sa254034
2007,Jeff Dominguez,SEA,A+,20,130,494,546,129,92,28,4,5,66,55,37,0,96,1,5,8,16,18,8,0.261133603,sa254034
2009,Jeff Dominguez,SEA,A+,22,80,284,311,74,49,17,4,4,48,37,19,0,57,6,1,1,5,10,3,0.26056338,sa254034
2006,Hainley Statia,LAA,A+,20,18,60,70,18,15,2,1,0,8,8,8,0,7,1,1,0,2,1,1,0.3,sa254151
2007,Hainley Statia,LAA,A+,21,135,549,609,158,121,27,7,3,86,74,48,1,79,2,5,5,12,29,8,0.287795992,sa254151
2006,Cliff Remole,LAA,A+,23,105,396,427,105,87,12,2,4,50,41,21,0,43,4,1,5,10,0,5,0.265151515,sa254152
2007,Cliff Remole,LAA,A+,24,91,332,363,95,70,19,0,6,45,54,24,1,37,3,3,1,12,3,1,0.286144578,sa254152
2006,Ben Johnson,LAA,A+,24,99,353,397,89,48,20,2,19,57,60,34,1,83,8,2,0,10,5,0,0.252124645,sa254156
2006,Nate Sutton,LAA,A+,23,118,442,499,124,87,17,8,12,75,46,46,1,77,4,1,5,7,27,7,0.280542986,sa254157
2007,Nate Sutton,LAA,A+,24,135,523,593,145,115,19,7,4,82,50,51,0,90,4,5,9,4,21,8,0.277246653,sa254157
2006,Jodam Rivera,SDP,A+,20,19,55,62,11,10,1,0,0,10,2,5,0,8,0,0,2,1,0,0,0.2,sa254175
2008,Jodam Rivera,SDP,A+,22,79,225,272,49,41,6,1,1,39,16,39,0,39,2,3,3,9,4,2,0.217777777,sa254175
2006,Haas Pratt,OAK,A+,24,35,117,129,28,18,7,1,2,17,16,8,0,26,2,1,1,6,0,0,0.239316239,sa254237
2007,Chad Boyd,OAK,A+,22,102,382,430,103,69,23,3,8,50,46,38,0,70,5,3,2,10,9,3,0.269633507,sa254239
2008,K.C. Herren,TEX,A+,22,89,292,344,55,43,7,2,3,36,27,43,2,81,3,4,2,6,7,1,0.188356164,sa254241
2006,Ryan Leahy,LAA,A+,24,78,280,332,73,59,13,0,1,32,41,36,0,46,6,3,7,9,3,6,0.260714285,sa254420
2008,Steve Mena,ARI,A+,23,102,370,404,75,54,14,2,5,41,45,25,0,103,6,3,0,7,1,5,0.202702702,sa254422
2007,Anderson Rosario,LAA,A+,22,28,74,78,9,7,0,1,1,5,3,2,0,41,0,0,2,2,3,0,0.121621621,sa254446
2008,Anderson Rosario,LAA,A+,23,64,145,164,22,16,4,0,2,14,10,12,0,65,2,1,4,3,2,4,0.151724137,sa254446
2007,Frank Martinez,OAK,A+,21,131,499,544,133,87,28,6,12,65,60,35,0,96,5,2,3,13,14,4,0.266533066,sa254452
2008,Frank Martinez,OAK,A+,22,114,433,480,121,87,24,4,6,65,42,36,1,60,4,5,2,9,5,5,0.279445727,sa254452
2009,Frank Martinez,OAK,A+,23,118,430,481,112,80,21,6,5,48,46,41,2,75,2,2,6,10,7,4,0.260465116,sa254452
2007,Raul Padron,OAK,A+,22,97,345,375,77,39,25,0,13,48,52,22,1,87,1,4,3,4,2,2,0.223188405,sa254453
2008,Raul Padron,OAK,A+,23,47,171,188,44,33,7,0,4,17,20,13,1,45,2,1,1,3,0,1,0.257309941,sa254453
2009,Raul Padron,OAK,A+,24,41,167,181,44,37,2,0,5,23,26,10,0,51,1,2,0,4,2,0,0.263473053,sa254453
2008,Alex Valdez,OAK,A+,23,21,71,77,12,11,1,0,0,5,5,2,0,17,1,3,0,2,1,2,0.169014084,sa254456
2009,Alex Valdez,OAK,A+,24,33,124,131,32,22,6,2,2,16,19,4,0,30,0,1,2,0,2,1,0.258064516,sa254456
2006,Ben Harrison,TEX,A+,24,87,331,393,97,59,19,1,18,52,74,49,4,85,10,3,0,8,9,3,0.293051359,sa254458
2006,Marshall Hubbard,SEA,A+,24,61,226,258,60,37,17,0,6,40,34,27,1,40,4,1,0,9,1,1,0.265486725,sa254467
2006,Justin Nelson,COL,A+,23,134,488,566,118,57,33,8,20,75,86,62,1,156,8,8,0,7,7,8,0.241803278,sa254485
2007,Justin Nelson,COL,A+,24,60,213,263,68,40,14,1,13,36,53,41,2,69,2,7,0,3,3,3,0.319248826,sa254485
2006,Freddie Thon,TEX,A+,22,53,218,227,70,52,16,0,2,21,32,5,0,35,1,3,0,4,2,3,0.321100917,sa254490
2007,Freddie Thon,TEX,A+,23,113,429,440,122,83,27,1,11,42,66,9,1,73,1,1,0,8,2,5,0.284382284,sa254490
2007,Tony Granadillo,BOS,A+,22,109,445,516,145,94,36,7,8,104,63,54,1,65,13,4,0,12,2,0,0.325842696,sa254517
2007,Anthony Harper,LAD,A+,22,38,110,120,27,23,4,0,0,10,11,8,0,21,2,0,0,2,0,1,0.245454545,sa254534
2006,Kyle Haines,SFG,A+,23,9,19,26,2,1,1,0,0,5,2,4,0,3,1,0,2,0,1,0,0.105263157,sa254545
2007,Kyle Haines,SFG,A+,24,60,172,211,43,32,8,0,3,31,17,32,0,30,3,2,2,0,6,2,0.25,sa254545
2006,Marcus Sanders,SFG,A+,20,54,211,246,45,35,9,1,0,39,17,25,0,43,3,3,4,1,24,5,0.213270142,sa254550
2006,Kyle Wilson,COL,A+,23,78,261,283,61,41,16,0,4,34,28,10,2,50,9,1,2,11,0,1,0.233716475,sa254590
2009,Gabe Suarez,HOU,A+,24,37,133,149,43,33,6,4,0,26,12,11,0,40,2,0,3,0,1,1,0.32330827,sa254591
2008,Christian Lara,LAD,A+,23,104,351,399,89,65,16,8,0,46,41,36,0,98,1,3,8,4,10,2,0.253561253,sa254636
2009,Christian Lara,LAD,A+,24,115,391,425,100,74,15,5,6,48,46,25,1,102,1,3,5,6,11,11,0.255754475,sa254636
2007,Christian Lara,BOS,A+,22,99,366,423,87,53,18,7,9,73,53,48,0,106,2,5,2,6,1,4,0.237704918,sa254636
2006,Richard Mercado,ARI,A+,23,39,117,132,21,14,4,2,1,8,15,12,0,26,0,0,3,3,1,1,0.179487179,sa254694
2007,Jason Van Kooten,COL,A+,22,27,83,89,15,13,2,0,0,7,6,4,0,19,0,1,0,1,3,2,0.180722891,sa262052
2008,Jason Van Kooten,COL,A+,23,101,343,371,84,54,24,2,4,41,32,16,0,76,6,2,4,4,20,6,0.244897959,sa262052
2009,Jason Van Kooten,COL,A+,24,120,441,487,133,71,45,7,10,76,55,28,1,92,8,5,5,6,19,7,0.301587301,sa262052
2006,Erick Monzon,SEA,A+,24,34,130,145,34,24,5,3,2,15,18,14,0,25,0,1,0,2,3,1,0.261538461,sa262098
2006,Jon Zeringue,ARI,A+,23,43,158,172,44,26,12,1,5,22,21,9,0,40,2,3,0,1,3,0,0.278481012,sa262153
2007,Jon Zeringue,OAK,A+,24,56,204,242,57,32,12,0,13,30,42,32,1,63,3,3,0,1,2,2,0.279411764,sa262153
2007,Eddy Martinez-Esteve,SFG,A+,23,23,82,91,17,12,5,0,0,5,8,9,0,13,0,0,0,4,0,0,0.207317073,sa262156
2007,Reece Creswell,TEX,A+,21,8,21,23,4,3,0,0,1,2,2,2,0,11,0,0,0,0,0,0,0.19047619,sa262430
2007,Chuck Jeroloman,BOS,A+,24,17,58,65,9,3,4,1,1,9,6,5,0,22,2,0,0,1,0,0,0.155172413,sa262433
2006,Richie Robnett,OAK,A+,22,69,267,307,71,50,8,2,11,46,38,35,1,73,4,1,0,4,4,3,0.265917602,sa262564
2007,Frank Curreri,ARI,A+,24,62,209,253,69,53,10,2,4,29,36,39,1,43,0,5,0,3,5,2,0.33014354,sa268142
2006,Patrick Reilly,LAA,A+,24,100,373,411,100,58,21,7,14,63,64,23,0,101,10,3,2,6,5,3,0.268096514,sa273165
2007,Darryl Lawhorn,OAK,A+,24,37,119,138,22,13,3,1,5,15,12,19,0,39,0,0,0,7,0,1,0.184873949,sa283191
2006,Cesar Nicolas,ARI,A+,24,120,434,515,131,83,34,0,14,78,80,60,0,81,14,5,2,13,1,2,0.301843317,sa283192
2007,Gabriel Gutierrez,LAD,A+,23,63,217,236,52,40,10,0,2,28,20,11,0,28,5,0,3,4,0,1,0.239631336,sa286640
2008,Gabriel Gutierrez,LAD,A+,24,19,64,66,14,10,4,0,0,4,9,1,0,10,1,0,0,0,0,0,0.21875,sa286640
2007,Larry Infante,LAA,A+,22,58,209,224,59,47,8,0,4,24,30,8,0,38,2,2,3,3,3,3,0.28229665,sa288469
2008,Larry Infante,LAA,A+,23,111,390,435,107,81,24,0,2,45,38,31,1,79,4,2,7,8,10,6,0.274358974,sa288469
2008,Joseph Batten,ARI,A+,23,58,214,239,53,39,12,1,1,24,15,22,0,39,1,2,0,2,5,3,0.247663551,sa288758
2008,Michael Jones,BOS,A+,23,44,178,196,49,32,10,1,6,23,28,15,1,33,3,0,0,5,0,0,0.275280898,sa288768
2007,Abel Nieves,LAA,A+,21,19,56,68,8,6,2,0,0,8,5,10,0,24,0,0,2,1,0,0,0.142857142,sa288782
2008,Abel Nieves,LAA,A+,22,101,336,395,107,77,24,2,4,46,54,53,0,74,0,2,4,13,4,3,0.31845238,sa288782
2009,Abel Nieves,LAA,A+,23,42,139,166,37,26,5,3,3,23,17,26,0,38,1,0,0,3,0,3,0.26618705,sa288782
2010,Ralph Henriquez,SEA,A+,23,31,113,116,29,19,9,0,1,10,6,3,0,26,0,0,0,7,0,1,0.256637168,sa290179
2006,Corey Wimberly,COL,A+,22,87,342,399,111,99,6,4,2,72,24,30,0,42,17,2,8,2,50,16,0.324561403,sa290201
2006,Reed Eastley,SEA,A+,22,96,349,412,96,71,17,0,8,47,67,42,1,55,12,6,3,5,1,2,0.275071633,sa290364
2007,Reed Eastley,SEA,A+,23,45,166,189,44,34,9,0,1,20,19,17,1,41,3,2,1,7,1,0,0.26506024,sa290364
2006,Mike Sansoe,SDP,A+,23,7,25,28,7,6,0,1,0,4,4,3,0,6,0,0,0,1,0,0,0.28,sa290379
2006,Drew Davidson,SDP,A+,24,28,86,99,18,11,5,1,1,7,13,9,0,26,2,2,0,1,0,0,0.209302325,sa290610
2007,Dallas Morris,LAA,A+,24,38,142,152,33,26,6,0,1,16,7,8,0,31,0,1,1,2,3,1,0.232394366,sa291080
2010,Josh Flores,HOU,A+,24,35,91,103,20,16,3,0,1,18,2,12,0,23,0,0,0,1,8,1,0.219780219,sa291083
2006,Hunter Vick,TBD,A+,24,17,60,70,18,17,0,0,1,10,7,9,0,12,1,0,0,2,2,0,0.3,sa291105
2007,Bryan Byrne,ARI,A+,23,128,478,558,148,105,25,5,13,75,74,66,2,78,7,5,1,10,4,1,0.30962343,sa291107
2007,Gregory Thomson,ARI,A+,23,112,459,508,131,91,22,9,9,72,52,29,1,67,11,6,3,4,18,9,0.28540305,sa291121
2008,Gregory Thomson,ARI,A+,24,68,261,282,69,45,16,2,6,37,31,17,2,40,4,0,0,3,8,4,0.264367816,sa291121
2006,Andy Hargrove,SEA,A+,24,42,117,138,26,16,5,0,5,18,16,16,0,42,2,2,1,2,1,0,0.222222222,sa291148
2007,Kyle Blumenthal,COL,A+,24,57,169,206,29,16,7,2,4,28,21,27,0,50,0,3,4,3,1,1,0.171597633,sa291153
2007,Christopher Cook,COL,A+,23,8,28,33,3,2,1,0,0,2,2,3,0,10,2,0,0,0,0,0,0.107142857,sa291158
2008,Daniel Mayora,COL,A+,22,127,486,556,140,94,34,5,7,65,55,44,3,100,12,3,11,8,8,8,0.288065843,sa291160
2008,Radames Nazario,COL,A+,21,10,29,34,7,4,3,0,0,4,3,1,0,6,1,1,2,1,0,0,0.24137931,sa291163
2009,Radames Nazario,COL,A+,22,99,353,405,89,57,27,1,4,51,27,24,3,63,15,2,11,8,3,10,0.252124645,sa291163
2010,Radames Nazario,COL,A+,23,17,50,55,11,7,3,0,1,7,1,5,0,15,0,0,0,2,0,0,0.22,sa291163
2006,Jeremy Jirschele,KCR,A+,23,8,19,23,4,3,1,0,0,2,3,3,0,7,1,0,0,0,0,0,0.210526315,sa291240
2007,John Whittleman,TEX,A+,20,29,104,129,25,13,9,0,3,18,15,23,0,33,0,2,0,1,0,3,0.240384615,sa291246
2008,John Whittleman,TEX,A+,21,118,439,525,113,69,36,1,7,72,59,81,1,113,0,4,1,10,1,2,0.257403189,sa291246
2010,John Whittleman,TEX,A+,23,33,113,140,28,15,6,0,7,21,23,25,1,32,0,2,0,4,0,1,0.24778761,sa291246
2011,P.J. Phillips,LAA,A+,24,25,86,97,21,14,7,0,0,9,8,10,0,31,0,1,0,1,2,2,0.244186046,sa291247
2008,P.J. Phillips,LAA,A+,21,130,485,521,134,93,22,11,8,68,55,24,1,125,4,5,3,5,35,9,0.276288659,sa291247
2009,P.J. Phillips,LAA,A+,22,126,455,494,106,68,23,5,10,51,56,25,1,113,3,6,5,7,23,12,0.232967032,sa291247
2006,Kiel Thibault,KCR,A+,22,28,97,109,33,21,11,0,1,15,18,9,0,18,1,1,1,4,0,1,0.340206185,sa291261
2006,Chris Rahl,ARI,A+,22,131,568,613,186,121,44,8,13,101,83,35,1,119,5,5,0,9,19,10,0.327464788,sa291400
2008,Geoff Strickland,COL,A+,23,43,131,155,29,17,9,1,2,15,11,19,1,48,0,1,4,2,14,2,0.221374045,sa291517
2006,Joseph Dyche,SFG,A+,23,47,169,183,38,30,4,3,1,23,15,10,0,37,3,0,1,6,13,4,0.224852071,sa291534
2007,Yahmed Yema,BOS,A+,22,28,109,114,25,13,8,1,3,13,19,4,0,16,0,0,1,2,1,0,0.229357798,sa291544
2007,Brad Coon,LAA,A+,24,74,299,326,77,59,13,2,3,44,27,21,1,48,2,0,4,3,31,9,0.257525083,sa291705
2007,Flint Wipke,LAA,A+,24,65,216,244,38,25,11,0,2,21,18,25,0,77,2,0,1,2,5,2,0.175925925,sa291709
2006,Cody Fuller,LAA,A+,23,109,352,415,100,67,23,5,5,65,36,31,0,91,23,1,8,7,9,10,0.284090909,sa291716
2007,Anthony Contreras,SFG,A+,23,111,419,444,95,77,16,1,1,41,56,13,0,59,1,10,1,7,0,3,0.22673031,sa291727
2007,Steve Kleen,OAK,A+,24,118,430,489,117,86,24,2,5,75,45,49,1,92,8,2,0,11,2,1,0.272093023,sa291755
2006,Chris Frey,COL,A+,22,125,454,535,127,90,26,9,2,69,54,48,0,81,6,10,17,6,22,13,0.279735682,sa291760
2007,Adam Godwin,LAD,A+,24,102,324,363,87,75,7,4,1,45,31,27,0,58,4,1,7,11,24,8,0.268518518,sa291770
2008,Gustavo Rosendo,OAK,A+,22,26,91,93,17,15,1,0,1,6,6,1,0,16,0,0,1,7,0,0,0.186813186,sa291772
2008,Mike Paulk,COL,A+,24,132,510,586,158,119,28,3,8,81,66,63,5,79,3,8,2,13,8,5,0.309803921,sa291803
2008,Michael Massaro,OAK,A+,24,56,216,230,71,56,14,1,0,28,30,11,0,30,0,2,1,2,0,1,0.328703703,sa291822
2007,Jay Johnson,BOS,A+,24,25,110,125,31,23,7,0,1,16,17,13,0,20,1,1,0,5,0,1,0.281818181,sa292359
2006,Steven Murphy,TEX,A+,22,116,470,513,133,71,38,5,19,73,68,31,2,102,7,2,3,8,10,8,0.282978723,sa292368
2007,Travis Becktel,COL,A+,24,108,374,422,87,53,20,6,8,59,46,37,0,103,6,2,3,3,15,7,0.23262032,sa292374
2007,Isaac Omura,OAK,A+,23,27,77,89,15,10,4,0,1,5,9,11,0,26,0,1,0,6,0,1,0.194805194,sa293083
2006,Mark Minicozzi,SFG,A+,23,128,497,559,140,111,23,2,4,70,77,44,1,87,8,7,2,10,2,4,0.28169014,sa293084
2007,Mark Minicozzi,SFG,A+,24,16,58,67,19,11,4,2,2,8,19,7,0,12,1,1,0,1,0,0,0.327586206,sa293084
2006,Brian Valichka,TEX,A+,22,9,28,30,5,4,1,0,0,3,2,0,0,6,1,1,0,0,1,0,0.178571428,sa293105
2007,Brian Valichka,TEX,A+,23,71,230,254,63,43,17,2,1,26,27,14,0,50,1,2,7,4,4,3,0.273913043,sa293105
2007,Drew Locke,LAD,A+,24,79,286,310,80,59,11,3,7,30,30,17,0,47,3,2,2,9,4,6,0.279720279,sa293188
2007,Shane Justis,LAD,A+,24,96,293,340,87,62,15,4,6,55,45,31,1,44,7,4,5,2,12,1,0.296928327,sa293207
2007,Ariel Nunez,SFG,A+,21,9,32,34,4,3,0,0,1,4,2,2,0,14,0,0,0,1,0,1,0.125,sa293520
2008,Sharlon Schoop,SFG,A+,21,125,398,450,98,72,18,1,7,54,52,35,0,88,2,7,8,13,7,3,0.246231155,sa293531
2006,J.B. Tucker,SEA,A+,24,51,154,179,31,22,4,2,3,21,17,18,0,42,3,0,4,4,2,1,0.201298701,sa293537
2007,Phillip Cuadrado,COL,A+,23,37,130,148,28,18,5,2,3,19,19,13,0,29,4,1,0,1,0,1,0.215384615,sa293540
2008,Leury Bonilla,SEA,A+,23,69,226,256,68,52,11,2,3,38,23,25,0,60,1,1,3,3,8,7,0.300884955,sa293541
2009,Leury Bonilla,SEA,A+,24,36,129,139,37,20,11,4,2,23,12,6,0,33,1,2,1,3,4,1,0.286821705,sa293541
2007,Ronald Garth,SEA,A+,22,27,88,100,14,11,3,0,0,5,8,7,0,17,3,1,1,2,0,0,0.159090909,sa293542
2009,Ronald Garth,SEA,A+,24,15,52,60,9,3,4,0,2,10,6,5,0,11,2,1,0,3,0,0,0.173076923,sa293542
2007,Eddy Hernandez,SEA,A+,22,53,184,198,35,24,7,0,4,23,22,14,0,79,0,0,0,6,0,0,0.190217391,sa293548
2006,Tim Turner,SDP,A+,24,80,219,238,51,42,6,0,3,27,19,14,0,92,3,1,1,2,13,3,0.232876712,sa293782
2006,Phillip Hawke,TEX,A+,22,36,132,154,29,23,3,1,2,10,15,20,0,40,0,0,2,5,1,0,0.219696969,sa293990
2007,Truan Mehl,TEX,A+,24,105,410,449,110,79,21,4,6,59,45,26,0,61,2,5,6,4,16,10,0.268292682,sa294040
2007,Terrance Blunt,TEX,A+,24,41,132,156,21,18,2,1,0,18,6,23,1,27,0,0,1,6,9,3,0.159090909,sa294081
2006,Alberto Martinez,TEX,A+,19,12,45,47,12,9,3,0,0,5,3,1,0,9,0,0,1,0,0,0,0.266666666,sa294095
2007,Matt Smith,TEX,A+,24,99,345,399,79,65,12,1,1,47,31,37,0,88,2,4,11,5,4,6,0.228985507,sa294113
2006,Roberto Valiente,TEX,A+,23,57,188,204,54,41,11,1,1,27,12,12,0,41,3,0,1,3,4,3,0.287234042,sa294122
2008,Jose Vallejo,TEX,A+,21,75,310,344,89,64,14,2,9,48,50,26,0,46,5,3,0,3,27,3,0.287096774,sa294128
2007,Mark Wagner,BOS,A+,23,95,368,431,117,67,35,1,14,71,82,55,1,46,3,5,0,8,0,1,0.317934782,sa294138
2007,Bubba Bell,BOS,A+,24,76,322,378,119,69,27,1,22,95,83,48,0,39,5,3,0,6,10,4,0.369565217,sa294147
2008,Luis Segovia,BOS,A+,21,51,147,154,38,29,7,2,0,18,12,4,0,43,2,1,0,1,4,3,0.258503401,sa294199
2010,Joe Agreste,SDP,A+,23,9,20,27,3,2,0,1,0,2,2,5,0,9,1,1,0,1,0,0,0.15,sa294203
2007,Daniel Carte,COL,A+,23,111,427,457,121,67,35,5,14,52,71,13,1,130,10,4,3,13,4,4,0.283372365,sa294216
2006,Sergio Pedroza,TBD,A+,22,29,99,124,31,17,9,1,4,23,9,20,1,26,4,0,1,2,0,2,0.313131313,sa294295
2006,Ronnie Prettyman,SEA,A+,24,100,378,408,104,81,20,2,1,45,37,21,0,55,2,3,4,12,10,4,0.275132275,sa294305
2007,Josh Alley,SDP,A+,23,53,185,228,55,40,10,4,1,40,25,36,0,35,1,5,1,3,7,4,0.297297297,sa294346
2006,Josh Ford,ARI,A+,23,107,393,436,115,91,17,0,7,57,52,35,0,69,6,2,0,14,0,3,0.292620865,sa294416
2007,Ben Copeland,SFG,A+,23,106,404,483,113,78,22,6,7,68,50,70,5,77,4,5,0,4,14,7,0.27970297,sa294477
2008,Reid Engel,BOS,A+,21,77,306,332,76,54,10,2,10,41,40,18,0,78,4,2,2,3,2,1,0.248366013,sa294503
2006,Joseph Hooft,TEX,A+,23,13,43,51,4,3,1,0,0,3,3,6,0,8,1,1,0,0,0,1,0.093023255,sa294674
2007,Seth Johnston,SDP,A+,24,95,363,405,106,75,19,4,8,56,51,36,0,82,2,2,2,8,1,2,0.292011019,sa294700
2009,Koby Clemens,HOU,A+,22,116,423,492,146,73,45,6,22,74,121,51,2,109,9,9,0,3,4,1,0.345153664,sa294917
2008,Archie Gilbert,OAK,A+,24,119,478,550,133,91,30,5,7,85,49,55,3,61,12,5,0,8,35,18,0.278242677,sa295116
2008,Ryan Mount,LAA,A+,21,82,338,369,98,60,17,5,16,68,49,23,1,67,3,4,1,1,10,2,0.289940828,sa295152
2007,Gregory Dini,LAA,A+,24,12,37,39,8,6,2,0,0,3,5,2,0,7,0,0,0,3,0,0,0.216216216,sa295157
2009,Adolfo Gonzalez,LAD,A+,24,59,236,255,64,49,9,2,4,35,24,11,1,54,4,2,2,5,2,5,0.27118644,sa295197
2008,Eduardo Perez,LAD,A+,23,49,176,198,47,29,14,0,4,28,19,19,0,40,2,1,0,7,2,1,0.267045454,sa295202
2009,Eduardo Perez,LAD,A+,24,38,150,169,53,32,13,5,3,23,22,14,1,47,3,2,0,2,2,1,0.353333333,sa295202
2010,Blake Ochoa,SEA,A+,24,7,24,26,8,4,3,0,1,4,7,1,0,1,1,0,0,0,0,0,0.333333333,sa295204
2007,Jon Schemmel,SDP,A+,24,15,55,65,17,17,0,0,0,11,5,4,0,11,6,0,0,1,1,0,0.309090909,sa295413
2007,Tony Roth,TEX,A+,24,20,55,68,13,8,5,0,0,11,4,13,0,10,0,0,0,1,1,1,0.236363636,sa295622
2007,Zak Farkes,BOS,A+,24,40,153,162,42,25,7,0,10,29,33,9,0,36,0,0,0,8,1,0,0.274509803,sa295630
2007,Ray Chang,SDP,A+,23,21,56,63,17,11,3,2,1,9,8,3,0,6,2,1,1,0,0,0,0.303571428,sa295642
2007,David Peterson,TEX,A+,23,36,112,122,29,27,1,0,1,17,4,5,0,31,3,0,2,1,4,0,0.258928571,sa295739
2007,David Maroul,SFG,A+,24,118,420,454,93,41,30,2,20,61,50,25,1,112,5,3,1,4,2,0,0.221428571,sa295743
2006,Javis Diaz,SDP,A+,22,31,103,119,27,25,0,2,0,13,4,14,0,20,1,1,0,0,1,2,0.262135922,sa295750
2008,Javis Diaz,SDP,A+,24,104,367,408,93,75,11,3,4,69,37,31,1,86,4,4,2,1,28,7,0.253405994,sa295750
2009,Yusuf Carter,OAK,A+,24,91,352,389,112,82,12,4,14,61,52,31,2,89,2,4,0,9,4,2,0.318181818,sa296710
2006,Joshua Howard,SDP,A+,23,66,228,280,67,52,10,3,2,50,12,45,0,47,2,2,3,3,22,9,0.293859649,sa296719
2007,Joshua Howard,SDP,A+,24,20,68,80,18,13,4,1,0,8,5,8,0,18,0,1,3,1,2,1,0.264705882,sa296719
2021,Alexander Hernandez,ARI,A,22,20,61,71,18,12,4,0,2,6,7,8,0,18,1,0,1,1,1,3,0.295081967,sa3002696
2021,Jose Curpa,ARI,A,21,28,84,110,12,8,0,4,0,10,5,22,0,31,3,0,1,0,11,2,0.142857142,sa3002703
2018,Jonah Todd,LAA,A+,22,113,417,478,85,65,13,7,0,35,36,58,0,130,0,3,0,6,4,3,0.20383693,sa3002724
2018,Kevin Williams Jr.,LAA,A+,22,27,96,107,18,12,3,1,2,11,9,9,0,41,2,0,0,2,1,2,0.1875,sa3002725
2019,Kevin Williams Jr.,LAA,A+,23,51,184,201,31,20,6,1,4,17,19,13,1,74,3,1,0,6,2,0,0.16847826,sa3002725
2017,Brandon Sandoval,LAA,A+,22,7,26,28,10,9,0,0,1,5,7,2,0,4,0,0,0,0,0,1,0.384615384,sa3002728
2018,Brandon Sandoval,LAA,A+,23,33,125,140,44,37,5,2,0,19,15,11,0,20,1,2,1,4,9,5,0.352,sa3002728
2022,Hector Martinez,LAD,A,21,32,95,105,19,13,5,0,1,14,14,9,0,25,0,1,0,3,0,2,0.2,sa3002845
2021,Luis Yanel Diaz,LAD,A,21,30,112,123,27,14,3,4,6,21,20,7,0,53,2,0,0,3,2,1,0.241071428,sa3002846
2022,Luis Yanel Diaz,LAD,A,22,74,282,324,78,52,14,1,11,55,59,33,0,85,4,5,0,7,27,5,0.276595744,sa3002846
2021,Cesar Izturis Jr.,SEA,A,21,89,334,362,87,61,23,0,3,44,39,21,0,78,3,3,1,9,5,4,0.260479041,sa3002847
2022,Cesar Izturis Jr.,SEA,A,22,11,39,45,10,7,2,1,0,4,7,5,0,8,1,0,0,0,1,1,0.256410256,sa3002847
2021,Robert Perez Jr.,SEA,A,21,98,401,457,113,75,21,2,15,62,77,34,0,114,17,5,0,8,0,0,0.281795511,sa3002851
2022,Robert Perez Jr.,SEA,A,22,92,345,415,93,54,18,1,20,78,87,48,0,108,12,10,0,5,5,0,0.269565217,sa3002851
2021,Alexander Campos,OAK,A,21,23,62,80,11,6,3,0,2,10,7,16,0,17,2,0,0,0,0,1,0.177419354,sa3002852
2022,Alexander Campos,OAK,A,22,32,104,130,26,21,3,1,1,15,14,19,0,28,4,3,0,5,3,1,0.25,sa3002852
2021,Bryan Torres,SDP,A,21,31,105,125,19,14,2,2,1,18,13,14,0,26,1,2,3,2,3,2,0.18095238,sa3002858
2021,Carlos Luis,SDP,A,21,40,148,161,36,25,9,1,1,19,19,13,0,33,0,0,0,1,0,1,0.243243243,sa3002860
2022,Carlos Luis,SDP,A,22,83,310,354,99,67,25,1,6,57,70,36,1,64,3,5,0,10,3,0,0.319354838,sa3002860
2021,Ismael Alcantara,LAD,A,22,62,205,230,63,36,8,7,12,44,36,20,0,66,3,0,2,5,7,3,0.307317073,sa3002862
2021,Wladimir Chalo,LAD,A,21,52,183,206,36,21,10,0,5,19,17,13,0,59,7,3,0,4,0,0,0.196721311,sa3002863
2021,Gilberto Vizcarra,SDP,A,22,71,246,270,72,50,14,3,5,32,40,14,0,37,4,5,1,5,0,0,0.292682926,sa3002865
2021,Freuddy Batista,SEA,A,21,5,21,23,9,6,2,0,1,6,1,2,0,6,0,0,0,0,1,0,0.428571428,sa3002866
2022,Freuddy Batista,SEA,A,22,81,305,352,81,49,21,2,9,56,54,31,0,94,15,1,0,9,8,1,0.26557377,sa3002866
2023,Freuddy Batista,SEA,A,23,76,292,328,79,43,24,6,6,48,49,27,0,84,7,2,0,7,0,1,0.270547945,sa3002866
2019,Jalen Washington,SDP,A+,24,63,205,239,44,30,7,3,4,27,28,20,0,46,7,4,3,5,5,1,0.214634146,sa3002884
2021,George Bell,OAK,A,21,15,52,59,7,5,2,0,0,3,1,5,0,23,2,0,0,2,0,0,0.134615384,sa3003182
2021,Marcos Brito,OAK,A,21,14,42,52,11,10,1,0,0,8,2,10,0,19,0,0,0,0,2,2,0.261904761,sa3003183
2022,Marcos Brito,OAK,A,22,27,96,120,20,16,1,1,2,16,8,20,0,47,2,0,2,1,2,0,0.208333333,sa3003183
2021,Amador Arias,SEA,A,20,8,29,32,6,3,1,1,1,5,2,3,0,11,0,0,0,0,0,0,0.206896551,sa3003216
2022,Amador Arias,SEA,A,21,71,241,279,44,27,10,1,6,39,25,30,0,93,6,2,0,5,3,4,0.182572614,sa3003216
2021,Julio De La Cruz,LAA,A,20,32,103,119,19,14,1,3,1,13,13,14,0,42,1,0,1,0,6,1,0.184466019,sa3003224
2022,Anyesber Sivira,SFG,A,22,39,135,159,39,29,5,1,4,26,21,14,0,37,7,2,1,2,2,2,0.288888888,sa3003301
2021,Ghordy Santos,SFG,A,21,24,101,111,32,25,5,1,1,17,19,9,0,27,1,0,0,1,5,1,0.316831683,sa3003331
2021,Kenneth Betancourt,LAD,A,21,17,51,56,10,7,3,0,0,7,5,2,0,10,0,2,1,1,0,1,0.196078431,sa3003350
2022,Kenneth Betancourt,LAD,A,22,81,277,315,77,53,19,1,4,58,44,32,0,47,2,3,1,6,7,1,0.277978339,sa3003350
2023,Kenneth Betancourt,LAD,A,23,65,224,249,69,56,11,0,2,34,36,19,0,33,2,2,2,4,9,1,0.308035714,sa3003350
2021,Edwin Mateo,LAD,A,22,94,329,379,90,62,18,6,4,68,40,35,0,86,13,2,0,6,22,3,0.273556231,sa3003364
2019,Yoel Yanqui,ARI,A+,23,84,294,338,80,47,22,5,6,38,47,40,3,76,1,3,0,6,17,5,0.272108843,sa3003437
2018,Ryan Grotjohn,ARI,A+,23,9,34,36,5,4,0,0,1,5,4,2,0,9,0,0,0,0,3,1,0.147058823,sa3003964
2019,Ryan Grotjohn,ARI,A+,24,29,93,116,22,14,7,0,1,14,10,19,0,30,2,1,1,2,1,4,0.236559139,sa3003964
2018,Louis Boyd,SEA,A+,24,47,140,161,29,26,3,0,0,14,6,15,0,22,2,1,2,4,0,0,0.207142857,sa3004038
2019,Hunter Hargrove,OAK,A+,24,48,182,196,38,26,8,1,3,13,21,13,1,43,1,0,0,7,0,1,0.208791208,sa3004039
2021,Jeremy Arocho,LAA,A,22,63,228,273,67,58,5,3,1,49,21,42,0,50,2,1,0,6,23,3,0.293859649,sa3004046
2022,Jeremy Arocho,LAA,A,23,85,251,336,58,43,14,1,0,53,32,79,0,58,4,1,1,1,32,5,0.231075697,sa3004046
2023,Jeremy Arocho,LAA,A,24,101,302,388,77,65,6,5,1,62,26,78,2,59,1,3,4,7,47,4,0.254966887,sa3004046
2023,Miguel Perez,SEA,A,22,64,199,240,39,18,10,7,4,33,28,33,0,99,5,3,0,3,11,4,0.195979899,sa3004053
2019,Austin Beck,OAK,A+,20,85,338,367,85,51,22,4,8,40,49,24,0,126,2,3,0,6,2,2,0.251479289,sa3004055
2019,Marcus Chiu,LAD,A+,22,114,376,450,81,50,13,4,14,58,44,53,1,167,19,1,1,4,5,5,0.215425531,sa3004060
2018,Zane Gurwitz,LAA,A+,23,29,110,118,25,13,8,2,2,8,12,7,0,28,1,0,0,4,1,1,0.227272727,sa3004062
2019,Zane Gurwitz,LAA,A+,24,71,250,283,72,49,13,3,7,41,35,27,1,69,4,2,0,7,1,0,0.288,sa3004062
2019,Jancarlos Cintron,ARI,A+,24,117,476,520,125,90,26,1,8,63,56,38,0,68,4,2,0,8,9,6,0.262605042,sa3004065
2019,Robbie Podorsky,SDP,A+,24,40,142,164,41,34,4,2,1,21,12,15,0,19,1,2,4,0,12,3,0.288732394,sa3004066
2019,Jeisson Rosario,SDP,A+,19,120,430,525,104,83,14,4,3,67,35,87,0,114,3,1,4,5,11,4,0.241860465,sa3004146
2021,Jordy Barley,SDP,A,21,61,242,279,58,40,8,2,8,43,28,31,2,82,4,2,0,2,33,6,0.239669421,sa3004148
2019,Jake Scheiner,SEA,A+,23,74,288,318,78,44,15,5,14,53,63,20,0,79,5,4,1,7,2,4,0.270833333,sa3004160
2017,Kevin Santa,SEA,A+,22,16,45,50,11,10,0,0,1,5,5,4,0,4,1,0,0,0,1,3,0.244444444,sa3004252
2018,Kevin Santa,SEA,A+,23,98,348,384,100,81,13,4,2,57,32,25,0,38,6,1,4,10,11,6,0.287356321,sa3004252
2018,Renae Martinez,ARI,A+,24,44,170,188,47,31,11,1,4,27,19,15,0,37,3,0,0,5,2,1,0.276470588,sa3004255
2021,Alison Quintero,SDP,A,21,30,106,118,17,13,3,0,1,9,14,7,0,32,2,1,2,3,1,0,0.160377358,sa3004266
2018,Greg Lambert,SDP,A+,22,10,31,35,2,2,0,0,0,3,1,3,0,17,0,0,1,0,0,0,0.064516129,sa3004289
2018,Manny Pazos,SEA,A+,23,45,148,160,33,25,4,2,2,14,21,9,0,47,1,1,1,5,0,1,0.222972972,sa3004304
2019,Manny Pazos,SEA,A+,24,21,55,68,13,9,3,1,0,10,5,12,0,23,0,0,1,0,1,0,0.236363636,sa3004304
2019,Austin Bernard,COL,A+,23,81,264,322,56,32,12,4,8,39,26,52,0,89,4,1,1,2,6,1,0.212121212,sa3004510
2018,Hunter Jarmon,SDP,A+,23,9,32,34,6,5,1,0,0,2,1,2,0,11,0,0,0,0,0,0,0.1875,sa3004524
2018,Chris Corbett,SFG,A+,23,15,50,53,10,7,3,0,0,5,3,3,0,14,0,0,0,0,0,0,0.2,sa3004695
2019,Chris Corbett,SFG,A+,24,13,35,39,8,6,2,0,0,4,2,4,0,15,0,0,0,1,0,0,0.228571428,sa3004695
2019,Kyle McPherson,SFG,A+,23,113,397,452,101,76,21,2,2,47,20,38,0,93,6,1,10,7,13,8,0.25440806,sa3004696
2019,Logan Baldwin,SFG,A+,23,58,201,217,41,29,6,3,3,21,20,9,0,85,2,2,3,0,6,4,0.203980099,sa3004751
2019,Dalton Combs,SFG,A+,24,60,210,247,55,45,8,0,2,25,27,24,2,49,10,3,0,3,3,2,0.261904761,sa3004758
2019,Shane Matheny,SFG,A+,23,14,57,61,18,12,3,0,3,10,9,4,0,14,0,0,0,2,0,0,0.315789473,sa3004780
2018,Aaron Stroosma,SEA,A+,24,6,17,20,2,2,0,0,0,1,5,3,0,6,0,0,0,0,0,0,0.117647058,sa3004783
2021,Kevin Richards,OAK,A,21,58,221,244,54,40,10,1,3,26,25,20,1,63,3,0,0,3,3,6,0.244343891,sa3004880
2022,Kevin Richards,OAK,A,22,56,219,243,56,35,9,2,10,33,34,19,0,55,3,2,0,1,3,2,0.255707762,sa3004880
2023,Kevin Richards,OAK,A,23,13,44,48,12,11,1,0,0,5,2,4,0,15,0,0,0,1,1,1,0.272727272,sa3004880
2021,Bryant Quijada,COL,A,21,32,90,113,18,17,0,0,1,7,8,14,0,16,5,3,1,4,2,1,0.2,sa3004882
2022,Bryant Quijada,COL,A,22,50,148,182,36,24,10,0,2,21,18,22,0,30,5,4,3,5,0,0,0.243243243,sa3004882
2019,Olivier Basabe,SDP,A+,21,116,421,475,98,71,17,3,7,40,51,41,0,87,9,3,1,11,6,0,0.232779097,sa3004933
2021,Imanol Vargas,LAD,A,23,72,264,304,65,33,11,4,17,42,55,36,0,95,2,2,0,6,2,1,0.246212121,sa3004972
2021,Eddy Diaz,COL,A,21,81,329,376,97,80,13,3,1,67,32,28,0,58,13,2,4,3,48,14,0.294832826,sa3004979
2019,Spencer Griffin,LAA,A+,22,30,107,125,25,17,6,2,0,15,8,17,1,32,1,0,0,1,3,0,0.233644859,sa3005063
2021,Kevin Watson Jr,LAA,A,22,6,24,29,7,3,1,2,1,4,4,5,0,9,0,0,0,0,1,0,0.291666666,sa3005151
2022,Kevin Watson Jr,LAA,A,23,68,194,236,46,30,4,5,7,39,43,33,1,64,6,3,0,1,10,2,0.237113402,sa3005151
2023,Kevin Watson Jr,LAA,A,24,86,294,351,87,71,13,3,0,48,40,50,1,62,2,5,0,4,9,4,0.295918367,sa3005151
2022,Walking Cabrera,SEA,A,21,95,372,422,93,59,27,2,5,56,62,40,0,102,3,7,0,2,5,3,0.25,sa3005240
2018,Jorge Solano,SEA,A+,23,19,46,54,8,6,1,1,0,11,4,6,0,24,1,0,1,1,2,0,0.173913043,sa3005395
2024,Fadriel Cruz,COL,A,23,64,187,221,36,31,3,0,2,23,15,31,0,64,2,1,0,2,11,3,0.192513368,sa3005476
2021,Jose Reyes,LAA,A,20,90,325,356,69,46,13,4,6,35,45,25,0,117,2,4,0,4,1,2,0.212307692,sa3005490
2021,Joshwan Wright,OAK,A,20,84,317,358,77,54,17,1,5,45,46,29,0,64,7,2,3,7,5,2,0.242902208,sa3005519
2021,Jose Bonilla,OAK,A,20,5,16,20,4,4,0,0,0,2,2,4,0,9,0,0,0,0,0,0,0.25,sa3005528
2022,Sergio Gutierrez,ARI,A,21,56,183,219,31,16,7,2,6,28,20,32,0,96,4,0,0,2,2,2,0.169398907,sa3005539
2023,Sergio Gutierrez,ARI,A,22,24,75,91,11,4,2,0,5,13,10,14,1,38,1,1,0,3,2,0,0.146666666,sa3005539
2021,Luis Toribio,SFG,A,20,94,340,408,78,50,20,1,7,59,39,63,0,113,2,2,1,6,2,1,0.229411764,sa3005541
2021,Neyfy Castillo,ARI,A,20,103,382,455,88,49,14,4,21,74,72,58,0,170,12,3,0,2,26,9,0.230366492,sa3005544
2024,Neyfy Castillo,ARI,A,23,5,23,26,7,4,1,0,2,7,9,2,0,5,1,0,0,0,1,0,0.304347826,sa3005544
2021,Roman Ruiz,ARI,A,20,14,43,52,7,6,0,0,1,6,7,6,0,14,1,2,0,1,3,2,0.162790697,sa3005546
2021,Eddys Leonard,LAD,A,20,66,261,308,77,42,19,2,14,59,57,34,0,74,12,1,0,4,6,2,0.295019157,sa3005554
2022,Jhoan Paulino,OAK,A,21,91,320,351,71,45,18,0,8,36,38,21,0,105,3,6,1,4,1,2,0.221875,sa3005563
2022,Yunior Garcia,LAD,A,20,87,334,377,102,60,28,1,13,58,74,33,0,75,9,0,0,8,2,0,0.305389221,sa3005570
2021,Julio Carreras,COL,A,21,94,362,404,92,61,19,5,7,61,44,24,0,102,5,5,8,9,15,4,0.254143646,sa3005598
2021,Jose Guzman,LAA,A,20,89,323,369,84,55,20,4,5,63,40,37,0,93,5,2,2,2,18,7,0.260061919,sa3005601
2021,Danny Bautista Jr.,OAK,A,20,72,245,291,51,31,15,3,2,38,23,33,1,68,5,2,5,6,6,2,0.208163265,sa3005602
2022,Danny Bautista Jr.,OAK,A,21,99,367,423,97,66,24,2,5,48,37,34,0,72,13,2,7,12,10,8,0.264305177,sa3005602
2021,Alberto Rodriguez,SEA,A,20,93,370,431,109,64,30,5,10,75,63,51,0,95,5,5,0,4,13,7,0.294594594,sa3005603
2021,Ronaiker Palma,COL,A,21,23,68,73,15,14,1,0,0,7,6,2,0,6,1,1,1,2,1,0,0.220588235,sa3005624
2022,Juan Batista,ARI,A,21,28,89,99,16,10,3,2,1,9,5,6,0,49,3,0,1,1,7,1,0.17977528,sa3005629
2021,Juan Querecuto,SEA,A,20,20,68,79,17,15,1,0,1,7,5,8,0,22,3,0,0,2,2,2,0.25,sa3005721
2021,Cristian Heredia,SDP,A,20,10,36,37,3,3,0,0,0,0,2,1,0,20,0,0,0,2,0,0,0.083333333,sa3005731
2021,Junior Perez,OAK,A,19,95,329,386,68,39,16,5,8,54,34,51,0,145,3,2,1,2,24,7,0.20668693,sa3005744
2022,Junior Perez,OAK,A,20,116,398,482,99,61,21,2,15,74,62,70,0,148,5,7,2,8,32,7,0.248743718,sa3005744
2022,Dereck Salom,OAK,A,21,23,84,97,19,16,3,0,0,8,8,9,0,13,2,1,1,3,1,2,0.226190476,sa3005925
2023,Dereck Salom,OAK,A,22,74,255,312,54,43,9,1,1,37,25,48,0,60,3,6,0,8,1,1,0.211764705,sa3005925
2024,Dereck Salom,OAK,A,23,69,246,305,54,44,8,0,2,34,29,49,1,46,5,5,0,8,7,1,0.219512195,sa3005925
2022,Deivi Estrada,ARI,A,21,23,72,74,13,10,3,0,0,5,1,2,0,30,0,0,0,0,0,1,0.180555555,sa3006076
2021,Manuel Garcia,ARI,A,21,42,151,171,27,17,9,0,1,16,17,15,0,57,4,1,0,1,3,0,0.178807947,sa3006202
2022,Junior Gonzalez,SEA,A,22,6,20,21,3,2,0,1,0,2,0,0,0,10,1,0,0,0,0,0,0.15,sa3006221
2024,Junior Gonzalez,SEA,A,24,11,35,43,8,4,2,1,1,4,6,6,0,11,1,1,0,0,0,1,0.228571428,sa3006221
2021,Rodolfo Bone,SFG,A,21,27,63,73,15,9,3,1,2,7,7,3,0,15,3,2,2,0,1,1,0.238095238,sa3006424
2021,Ramses Malave,ARI,A,20,64,219,250,48,23,13,1,11,27,37,25,0,103,4,2,0,5,1,2,0.219178082,sa3006428
2022,Ramses Malave,ARI,A,21,10,35,42,10,7,1,0,2,3,8,5,0,11,2,0,0,1,2,0,0.285714285,sa3006428
2023,Jose Mujica,OAK,A,22,79,285,319,61,47,7,1,6,31,39,23,0,58,4,7,0,4,2,5,0.214035087,sa3006525
2021,Bladimir Restituyo,COL,A,19,84,290,314,75,62,7,3,3,37,24,12,0,73,2,5,5,2,31,5,0.258620689,sa3006621
2018,Bobby Honeyman,SEA,A+,22,6,22,22,5,4,0,1,0,2,1,0,0,3,0,0,0,0,0,1,0.227272727,sa3006645
2019,Orlando Martinez,LAA,A+,21,88,380,422,100,63,21,4,12,55,49,36,3,79,1,5,0,8,5,4,0.263157894,sa3006664
2019,Jake Anchia,SEA,A+,22,11,38,43,4,4,0,0,0,2,0,5,1,15,0,0,0,1,0,0,0.105263157,sa3006674
2019,Matt Sanders,SEA,A+,23,68,237,261,55,46,8,0,1,17,20,17,0,41,2,4,1,4,3,3,0.23206751,sa3006679
2019,Luke Morgan,COL,A+,23,57,199,232,52,34,12,4,2,34,19,26,0,58,2,2,3,7,3,1,0.261306532,sa3006683
2019,Keegan McGovern,SEA,A+,23,65,224,269,47,27,9,1,10,34,28,30,2,89,14,1,0,2,0,0,0.209821428,sa3006710
2018,Cole Taylor,LAA,A+,22,14,46,52,7,5,2,0,0,4,2,4,0,22,1,0,1,0,0,0,0.152173913,sa3006737
2019,Connor Kopach,SEA,A+,24,99,375,435,84,48,23,5,8,55,45,41,0,116,9,6,4,2,25,5,0.224,sa3006791
2019,David Sheaffer,SEA,A+,24,22,77,86,19,12,3,0,4,9,9,7,0,19,0,2,0,1,1,0,0.246753246,sa3006846
2019,Joe Gillette,ARI,A+,23,22,72,79,16,10,3,1,2,13,7,6,0,33,1,0,0,1,0,0,0.222222222,sa3006849
2018,Cobie Fletcher-Vance,OAK,A+,20,27,96,101,22,21,1,0,0,9,4,3,0,16,2,0,0,4,1,1,0.229166666,sa3006860
2019,Devin Mann,LAD,A+,22,98,367,424,102,62,19,2,19,63,63,45,0,93,5,7,0,3,5,4,0.277929155,sa3006869
2018,Bernabe Camargo,LAA,A+,22,24,76,90,22,20,0,2,0,8,5,10,0,23,2,2,0,2,1,1,0.289473684,sa3006881
2023,Kristian Robinson,ARI,A,22,43,156,189,45,27,6,3,9,29,26,24,1,58,8,1,0,4,20,3,0.288461538,sa3006884
2022,Trent Deveaux,LAA,A,22,19,54,60,10,8,2,0,0,5,5,5,0,16,1,0,0,2,1,0,0.185185185,sa3006885
2021,D'Shawn Knowles,LAA,A,20,84,361,393,82,51,21,5,5,61,48,25,0,114,2,1,4,8,31,1,0.227146814,sa3006889
2022,D'Shawn Knowles,LAA,A,21,38,137,165,45,33,9,2,1,25,23,24,1,38,2,1,1,1,9,2,0.328467153,sa3006889
2018,Chase Calabuig,OAK,A+,22,51,201,227,48,36,12,0,0,32,16,21,0,40,3,0,2,2,3,1,0.23880597,sa3006927
2019,Alex King,ARI,A+,23,70,222,255,54,41,9,1,3,29,21,29,0,92,3,1,0,4,2,3,0.243243243,sa3006939
2019,Jeremy Eierman,OAK,A+,22,131,501,552,104,62,22,7,13,57,64,39,0,177,5,4,3,12,11,3,0.20758483,sa3007005
2019,Dillon Paulson,LAD,A+,22,35,116,142,34,19,10,1,4,23,14,26,0,45,0,0,0,2,3,1,0.293103448,sa3007007
2021,Jarryd Dale,SDP,A,20,102,402,446,108,77,23,2,6,66,60,32,1,109,6,3,3,9,31,8,0.268656716,sa3007022
2021,Angel Solarte,SDP,A,20,67,248,271,76,56,17,1,2,36,37,13,0,57,6,4,0,4,11,3,0.306451612,sa3007037
2022,Angel Solarte,SDP,A,21,27,105,116,22,18,3,1,0,10,8,5,0,24,4,1,1,3,3,2,0.209523809,sa3007037
2019,Jameson Hannah,OAK,A+,21,92,375,414,106,76,25,3,2,48,31,29,1,88,6,3,0,3,6,7,0.282666666,sa3007046
2022,P.J. Hilson,SFG,A,21,11,40,45,15,12,1,0,2,5,11,1,0,6,2,2,0,0,2,0,0.375,sa3007048
2023,P.J. Hilson,SFG,A,22,80,288,307,71,45,12,4,10,53,45,12,0,54,4,3,0,3,12,1,0.246527777,sa3007048
2021,Mateo Gil,COL,A,20,94,366,396,91,56,25,1,9,53,56,21,0,99,4,4,1,7,8,6,0.248633879,sa3007050
2019,Niko Hulsizer,LAD,A+,22,25,85,98,22,11,6,0,5,15,18,9,0,33,1,3,0,1,3,2,0.258823529,sa3007053
2021,Matt Cross,OAK,A,22,16,34,38,10,5,4,0,1,4,8,3,0,13,1,0,0,0,0,0,0.294117647,sa3007071
2021,Abdiel Layer,SFG,A,22,84,307,335,65,38,11,3,13,46,46,22,0,123,3,1,2,5,7,1,0.211726384,sa3007291
2022,Abdiel Layer,SFG,A,23,30,108,126,25,11,8,1,5,18,16,13,0,43,1,2,2,1,3,2,0.231481481,sa3007291
2019,Lee Solomon,SDP,A+,22,12,38,44,9,6,2,0,1,10,6,5,0,8,0,0,1,2,1,1,0.236842105,sa3007293
2021,Yorlis Rodriguez,SFG,A,21,27,112,122,28,17,7,0,4,21,10,6,0,21,4,0,0,2,0,1,0.25,sa3007299
2022,Yorlis Rodriguez,SFG,A,22,105,431,459,111,73,20,2,16,56,60,18,0,91,4,4,2,12,4,0,0.257540603,sa3007299
2019,Fabian Pena,SFG,A+,22,40,144,158,32,15,13,0,4,15,16,9,0,31,1,2,1,5,2,1,0.222222222,sa3007303
2021,Fabian Pena,SFG,A,24,27,91,96,19,10,5,0,4,10,13,4,0,29,1,0,0,4,1,0,0.208791208,sa3007303
2021,Edison Mora,SFG,A,20,30,99,116,24,19,2,2,1,19,11,13,0,31,3,0,1,3,0,1,0.242424242,sa3007315
2023,Edison Mora,SFG,A,22,19,63,72,13,7,4,0,2,9,12,6,0,25,1,2,0,2,3,1,0.206349206,sa3007315
2019,Randy Norris,SFG,A+,21,29,97,109,24,19,4,1,0,12,13,10,0,36,2,0,0,0,2,2,0.24742268,sa3007321
2018,Beau Branton,SEA,A+,22,28,97,110,24,21,2,1,0,12,6,6,0,19,7,0,0,1,2,0,0.24742268,sa3007327
2019,Brett Bond,LAA,A+,23,8,24,25,5,4,0,0,1,2,2,1,0,9,0,0,0,0,0,0,0.208333333,sa3007508
2021,Grant Lavigne,COL,A,21,72,260,308,73,49,13,4,7,49,40,39,0,73,7,1,1,3,7,2,0.28076923,sa3007743
2021,William Rivera,LAA,A,21,6,21,26,6,6,0,0,0,6,2,5,0,4,0,0,0,0,2,0,0.285714285,sa3007748
2021,Wilderd Patino,ARI,A,19,30,119,132,25,20,2,1,2,18,8,5,0,49,8,0,0,0,6,3,0.210084033,sa3007874
2022,Wilderd Patino,ARI,A,20,75,293,338,85,59,16,2,8,54,42,23,0,84,16,3,3,3,54,7,0.290102389,sa3007874
2019,Alvaro Rubalcaba,LAA,A+,24,45,135,159,28,18,6,2,2,20,12,19,0,47,3,2,0,3,2,1,0.207407407,sa3007882
2021,Aldrich De Jongh,LAD,A,22,46,149,162,37,21,7,4,5,20,22,12,0,59,0,1,0,1,4,0,0.248322147,sa3007974
2021,Sam McWilliams,LAD,A,23,87,355,409,108,60,32,2,14,82,70,44,0,117,5,5,0,7,12,5,0.304225352,sa3008053
2019,Deacon Liput,LAD,A+,23,85,306,350,67,46,11,4,6,43,34,41,1,123,0,0,3,3,10,8,0.218954248,sa3008141
2019,Jimmy Herron,COL,A+,22,18,68,77,23,18,0,1,4,12,13,6,0,13,2,1,0,0,2,3,0.338235294,sa3008183
2021,Sean Guilbe,SDP,A,21,74,222,266,43,29,9,4,1,38,21,28,1,91,11,2,3,4,10,1,0.193693693,sa3008185
2019,Tre Todd,LAD,A+,22,29,74,94,17,12,2,1,2,11,6,16,0,28,1,2,1,1,0,1,0.229729729,sa3008283
2019,LeeMarcus Boyd,COL,A+,23,16,60,63,13,10,3,0,0,8,7,3,0,20,0,0,0,2,1,1,0.216666666,sa3008318
2019,JJ Schwarz,OAK,A+,23,20,64,71,7,6,1,0,0,2,3,7,0,19,0,0,0,2,0,0,0.109375,sa3008391
2019,Jett Manning,SFG,A+,22,27,75,85,19,15,3,0,1,9,4,8,0,29,2,0,0,1,3,0,0.253333333,sa3008409
2019,Zander Clarke,SFG,A+,23,31,105,115,21,15,5,0,1,9,15,7,0,31,1,1,1,2,1,1,0.2,sa3008431
2021,Starlin Gill,LAA,A,21,16,64,65,10,7,2,1,0,9,6,1,0,20,0,0,0,2,0,0,0.15625,sa3008737
2022,Starlin Gill,LAA,A,22,51,133,162,23,20,2,0,1,27,13,19,0,34,5,2,3,0,8,4,0.17293233,sa3008737
2024,Starlin Gill,LAA,A,24,24,67,75,13,9,3,1,0,9,8,5,0,14,2,0,1,0,3,0,0.19402985,sa3008737
2021,Diego Cartaya,LAD,A,19,31,114,137,34,18,6,0,10,31,31,18,1,37,4,1,0,1,0,0,0.298245614,sa3008742
2022,Diego Cartaya,LAD,A,20,33,131,163,34,15,9,1,9,31,31,23,1,44,9,0,0,4,0,0,0.259541984,sa3008742
2022,Alvin Guzman,ARI,A,20,70,267,290,54,36,14,1,3,30,31,17,0,103,3,2,1,6,12,9,0.202247191,sa3008748
2023,Alvin Guzman,ARI,A,21,94,336,382,75,51,11,4,9,49,49,41,0,148,3,1,1,4,32,5,0.223214285,sa3008748
2021,Alexander Ramirez,LAA,A,18,19,72,81,6,5,0,1,0,4,4,7,0,34,2,0,0,1,1,1,0.083333333,sa3008757
2022,Alexander Ramirez,LAA,A,19,118,475,520,109,72,24,5,8,67,59,31,0,160,11,3,0,6,21,8,0.229473684,sa3008757
2024,Alexander Ramirez,LAA,A,21,43,146,176,40,24,5,2,9,36,28,25,1,60,3,2,0,2,5,1,0.273972602,sa3008757
2022,Juan Guerrero,COL,A,20,113,453,506,124,82,24,4,14,89,89,39,0,85,6,7,1,7,18,8,0.273730684,sa3008759
2022,Gabriel Moncada,SEA,A,20,21,78,91,12,8,2,0,2,13,10,11,0,28,2,0,0,0,0,0,0.153846153,sa3008789
2023,Gabriel Moncada,SEA,A,21,97,362,424,93,55,25,1,12,68,60,51,0,112,7,4,0,6,1,1,0.256906077,sa3008789
2025,Gabriel Moncada,SEA,A,23,57,209,228,42,29,11,1,1,16,21,17,0,68,0,2,0,4,0,1,0.200956937,sa3008789
2022,Darwin Moreno,LAA,A,20,15,39,46,6,4,1,0,1,5,5,4,0,22,2,0,1,0,0,0,0.153846153,sa3008790
2021,Dairon Cuevas,ARI,A,19,13,45,47,10,9,1,0,0,4,0,2,0,23,0,0,0,0,2,0,0.222222222,sa3008792
2021,Jeferson Espinal,ARI,A,19,42,153,170,33,24,8,0,1,22,13,16,0,63,0,1,0,2,7,2,0.215686274,sa3008793
2021,Luis Rubio,ARI,A,19,6,17,20,0,0,0,0,0,0,0,2,0,7,0,0,1,0,1,1,0,sa3008797
2023,Luis Rubio,ARI,A,21,11,32,39,3,3,0,0,0,2,0,7,0,10,0,0,0,1,1,0,0.09375,sa3008797
2022,Aiverson Rodriguez,COL,A,20,44,135,163,28,16,8,1,3,23,12,20,0,31,1,2,5,1,3,1,0.207407407,sa3008824
2021,Alex De Jesus,LAD,A,19,97,351,422,94,56,25,1,12,67,73,69,0,128,0,2,0,6,1,0,0.267806267,sa3008842
2022,Alex De Jesus,LAD,A,20,37,143,176,37,20,9,1,7,34,22,32,0,50,1,0,0,1,2,0,0.258741258,sa3008842
2021,Jose Ramos,LAD,A,20,47,195,220,61,32,18,3,8,30,44,16,1,57,6,3,0,3,1,4,0.312820512,sa3008845
2022,Jose Ramos,LAD,A,21,28,112,138,31,19,3,3,6,20,23,18,0,36,5,3,0,3,2,0,0.276785714,sa3008845
2022,Danyer Sanabria,ARI,A,20,35,116,129,24,15,5,2,2,16,13,10,0,40,1,1,1,1,1,1,0.206896551,sa3008853
2023,Danyer Sanabria,ARI,A,21,58,172,191,41,27,9,3,2,29,24,16,0,55,0,0,3,6,2,1,0.238372093,sa3008853
2021,Brayan Buelvas,OAK,A,19,88,347,392,76,45,11,4,16,54,50,37,0,95,7,1,0,9,17,7,0.219020172,sa3008868
2023,Brayan Buelvas,OAK,A,21,54,200,235,58,34,12,3,9,36,33,31,0,51,2,1,1,4,23,2,0.29,sa3008868
2023,Nelson Beltran,OAK,A,21,35,112,130,13,7,6,0,0,14,4,16,0,55,2,0,0,0,0,2,0.116071428,sa3008874
2024,Nelson Beltran,OAK,A,22,82,286,342,59,47,7,2,3,37,26,42,0,107,11,2,1,3,11,3,0.206293706,sa3008874
2022,J.J. D'Orazio,ARI,A,20,78,263,310,58,38,18,0,2,29,24,39,0,70,3,5,0,15,0,2,0.220532319,sa3008876
2021,Euribiel Angeles,SDP,A,19,87,362,405,124,93,22,6,3,65,56,32,0,61,4,5,2,6,18,6,0.342541436,sa3008877
2021,Milkar Perez,SEA,A,19,6,27,32,8,6,2,0,0,6,0,4,0,4,1,0,0,0,0,1,0.296296296,sa3008883
2022,Milkar Perez,SEA,A,20,54,179,228,26,22,4,0,0,17,17,47,0,59,1,1,0,6,1,0,0.145251396,sa3008883
2023,Milkar Perez,SEA,A,21,94,319,382,87,59,26,1,1,44,39,50,1,93,8,5,0,7,2,0,0.272727272,sa3008883
2024,Milkar Perez,SEA,A,22,93,338,399,95,63,24,2,6,57,41,56,1,84,3,2,0,4,2,0,0.281065088,sa3008883
2023,Jose Escorche,OAK,A,21,67,233,252,58,47,10,0,1,37,23,15,0,57,2,2,0,3,14,4,0.248927038,sa3008886
2024,Jose Escorche,OAK,A,22,14,47,52,6,6,0,0,0,4,3,4,0,12,1,0,0,2,1,0,0.127659574,sa3008886
2022,Albert Fabian,SDP,A,20,62,241,276,67,39,14,2,12,48,55,29,0,68,4,2,0,4,3,5,0.278008298,sa3008888
2023,Albert Fabian,SDP,A,21,62,236,264,63,32,18,1,12,37,58,16,1,50,7,5,0,8,2,1,0.266949152,sa3008888
2021,Charlis Aquino,SDP,A,19,12,37,41,8,7,1,0,0,4,1,3,0,11,1,0,0,0,1,0,0.216216216,sa3008895
2022,Charlis Aquino,SDP,A,20,57,164,182,36,28,4,1,3,30,18,11,0,49,6,0,1,3,21,4,0.219512195,sa3008895
2023,Charlis Aquino,SDP,A,21,78,211,244,50,43,5,0,2,31,27,22,0,71,2,1,8,3,11,6,0.236966824,sa3008895
2022,Rayner Santana,SFG,A,19,50,172,194,31,24,3,0,4,20,16,18,0,81,1,2,1,3,3,1,0.180232558,sa3008897
2022,Ramon Martinez,OAK,A,20,16,49,55,8,7,1,0,0,4,1,5,0,26,0,1,0,0,1,1,0.163265306,sa3008900
2022,Victor Duarte,SDP,A,21,28,89,105,20,13,5,0,2,16,13,10,1,28,5,0,0,2,0,0,0.224719101,sa3008904
2023,Victor Duarte,SDP,A,22,57,161,200,37,28,7,1,1,30,26,28,0,32,5,4,0,3,4,0,0.229813664,sa3008904
2025,Victor Duarte,SDP,A,24,17,63,67,13,9,4,0,0,5,5,4,0,13,0,0,0,1,1,0,0.206349206,sa3008904
2022,Alexander Suarez,SFG,A,20,91,308,346,71,42,14,3,12,53,47,18,0,101,13,6,1,5,13,1,0.23051948,sa3008915
2023,Alexander Suarez,SFG,A,21,99,363,404,89,67,11,5,6,55,39,22,0,110,14,4,1,4,22,5,0.245179063,sa3008915
2024,Jose Caguana,SEA,A,22,20,67,79,12,8,3,0,1,11,6,11,0,18,0,1,0,3,0,0,0.179104477,sa3009310
2025,Jose Caguana,SEA,A,23,68,252,288,58,37,13,0,8,36,47,29,0,68,3,4,0,11,8,1,0.23015873,sa3009310
2023,Darlyn Montero,OAK,A,21,13,52,56,8,5,2,1,0,5,5,4,0,19,0,0,0,3,0,0,0.153846153,sa3009324
2024,Darlyn Montero,OAK,A,22,95,363,401,93,71,15,1,6,43,29,24,0,104,10,2,1,5,9,0,0.256198347,sa3009324
2023,Ronaldo Flores,LAA,A,21,83,297,320,79,55,19,1,4,30,28,20,0,68,2,1,0,9,1,1,0.265993265,sa3009551
2022,Ronaldo Flores,SFG,A,20,21,69,74,19,13,1,0,5,11,10,3,0,16,1,1,0,2,1,0,0.275362318,sa3009551
2022,Nelson Quiroz,LAD,A,20,12,44,50,15,9,2,0,4,9,9,6,0,5,0,0,0,2,0,0,0.34090909,sa3009565
2021,Matthew Acosta,SDP,A,23,81,292,349,77,49,18,4,6,60,33,47,0,69,4,1,4,5,9,1,0.26369863,sa3009870
2022,Matthew Acosta,SDP,A,24,30,103,126,20,12,3,0,5,21,13,16,0,30,2,2,3,1,7,1,0.194174757,sa3009870
2021,Jack Yalowitz,COL,A,24,21,57,62,8,4,2,1,1,6,4,5,0,21,0,0,0,0,2,1,0.140350877,sa3009887
2021,Joe Aeilts,COL,A,23,63,205,231,55,40,9,1,5,29,33,18,0,77,3,3,2,2,6,2,0.268292682,sa3009895
2021,Trent Tingelstad,SEA,A,23,76,285,349,74,48,19,1,6,50,53,58,1,87,2,4,0,8,1,0,0.259649122,sa3009896
2021,Tyler Wyatt,SFG,A,24,13,42,50,9,2,3,3,1,6,4,6,0,10,2,0,0,2,0,0,0.214285714,sa3010006
2019,Josh Watson,OAK,A+,22,20,55,69,6,3,1,1,1,9,7,11,0,19,1,2,0,2,2,0,0.109090909,sa3010007
2023,Julio Carrion,ARI,A,24,41,142,152,34,23,7,1,3,16,13,7,0,61,3,0,0,4,0,0,0.239436619,sa3010015
2022,Julio Carrion,LAD,A,23,73,244,296,60,40,9,1,10,50,47,41,0,99,9,2,0,5,5,1,0.245901639,sa3010015
2021,Jairo Pomares,SFG,A,20,51,199,224,74,38,22,0,14,45,44,15,1,54,7,3,0,2,0,0,0.371859296,sa3010023
2022,Nerwilian Cedeno,SDP,A,20,71,270,318,69,46,13,4,6,60,54,42,0,79,4,2,0,3,18,8,0.255555555,sa3010026
2021,Brandon Lewis,LAD,A,22,44,169,200,47,22,14,1,10,36,35,26,2,63,3,2,0,0,0,1,0.278106508,sa3010035
2021,Harrison Freed,SFG,A,23,70,236,267,55,39,8,0,8,27,38,20,1,78,11,0,0,5,2,1,0.233050847,sa3010041
2021,Gavin Jones,OAK,A,22,37,120,140,23,17,4,1,1,14,11,16,0,47,3,0,1,3,1,1,0.191666666,sa3010049
2021,Ripken Reyes,SDP,A,24,9,22,32,8,4,3,1,0,6,6,7,1,5,2,0,1,0,1,1,0.363636363,sa3010159
2021,Joshua Mears,SDP,A,20,71,242,291,59,28,10,4,17,45,48,36,0,114,12,1,0,3,10,5,0.243801652,sa3010162
2022,Dilan Rosario,SFG,A,21,45,162,195,35,30,2,1,2,22,19,28,0,59,3,1,1,4,4,3,0.216049382,sa3010165
2023,Dilan Rosario,SFG,A,22,61,207,225,52,37,9,2,4,21,29,11,0,65,4,3,0,1,7,2,0.251207729,sa3010165
2021,Jack Stronach,SDP,A,23,65,232,267,52,32,15,0,5,31,25,28,0,65,6,1,0,1,6,2,0.224137931,sa3010271
2024,GJ Hill,COL,A,23,34,125,149,31,18,7,0,6,31,21,17,0,35,4,2,1,1,6,0,0.248,sa3010335
2021,GJ Hill,ARI,A,20,101,368,420,78,48,20,3,7,51,31,38,1,168,10,1,3,1,31,3,0.211956521,sa3010335
2022,GJ Hill,ARI,A,21,37,114,135,17,12,2,1,2,15,7,17,0,57,3,1,0,1,3,2,0.149122807,sa3010335
2021,Trevor Boone,COL,A,23,33,110,120,21,10,4,2,5,13,18,7,0,50,2,1,0,3,1,0,0.19090909,sa3010336
2022,Trevor Boone,COL,A,24,38,107,123,25,10,6,1,8,24,26,14,0,47,2,0,0,1,2,0,0.233644859,sa3010336
2021,Pierce Jones,SDP,A,20,10,32,35,6,4,1,0,1,4,8,3,0,15,0,0,0,0,2,1,0.1875,sa3010338
2022,Pierce Jones,SDP,A,21,28,77,93,11,6,4,0,1,13,8,9,1,20,5,1,1,2,10,1,0.142857142,sa3010338
2022,Jalen Greer,OAK,A,20,50,156,174,25,20,4,0,1,9,6,16,0,80,1,0,1,3,7,0,0.16025641,sa3010340
2022,Yorvis Torrealba,COL,A,24,29,105,119,36,24,10,1,1,23,18,13,0,14,0,1,0,3,6,4,0.342857142,sa3010343
2021,Tyler Malone,SDP,A,23,5,18,20,1,0,1,0,0,0,3,2,0,7,0,0,0,0,0,0,0.055555555,sa3010398
2022,Tyler Malone,SDP,A,24,20,45,62,11,7,3,0,1,8,6,16,0,12,1,0,0,0,0,1,0.244444444,sa3010398
2022,Oscar Santos,ARI,A,21,69,223,256,46,26,10,1,9,25,27,28,0,104,3,2,0,1,3,0,0.206278026,sa3010598
2023,Jesus Ordonez,COL,A,23,36,106,121,23,18,5,0,0,13,16,11,0,21,2,1,1,3,0,0,0.216981132,sa3010603
2021,Garrett Frechette,SFG,A,20,31,114,123,25,20,3,1,1,12,12,7,0,39,1,1,0,3,1,0,0.219298245,sa3010636
2022,Garrett Frechette,SFG,A,21,97,376,408,96,73,16,3,4,44,39,19,0,98,6,5,2,4,2,2,0.255319148,sa3010636
2023,Garrett Frechette,SFG,A,22,24,88,90,19,14,3,1,1,6,7,2,0,25,0,0,0,2,0,0,0.21590909,sa3010636
2021,Brandon Wulff,LAD,A,24,18,44,57,7,3,3,0,1,8,5,10,0,16,2,1,0,0,1,0,0.159090909,sa3010637
2021,Spencer Brown,LAA,A,21,52,190,202,31,16,7,3,5,20,15,9,0,90,3,0,0,4,4,0,0.163157894,sa3010724
2022,Logan Wyatt,SFG,A,24,11,47,53,9,6,3,0,0,5,6,5,0,10,0,1,0,0,0,0,0.191489361,sa3011259
2022,Kervin Pichardo,SDP,A,20,51,148,173,27,15,9,0,3,23,14,16,0,53,7,1,0,2,5,3,0.182432432,sa3011260
2021,Najee Gaskins,SFG,A,23,15,57,62,16,12,3,0,1,8,6,2,0,14,2,0,1,1,1,0,0.280701754,sa3011262
2022,Najee Gaskins,SFG,A,24,40,117,149,32,24,7,0,1,19,15,18,0,38,7,2,5,2,4,2,0.273504273,sa3011262
2021,Jose Bonilla,LAA,A,19,28,106,116,20,16,3,0,1,9,9,6,0,46,2,2,0,1,1,0,0.188679245,sa3011404
2022,Jose Bonilla,LAA,A,20,32,93,101,14,11,2,1,0,4,5,4,0,41,3,1,0,3,0,0,0.150537634,sa3011404
2023,Jamari Baylor,COL,A,22,33,108,139,36,20,9,0,7,32,27,24,0,37,6,1,0,3,6,1,0.333333333,sa3011446
2021,T.J. Schofield-Sam,OAK,A,20,105,391,446,96,62,20,5,9,51,62,35,1,105,13,7,0,5,6,4,0.245524296,sa3011501
2022,T.J. Schofield-Sam,OAK,A,21,109,409,454,106,74,23,3,6,51,55,22,1,79,18,5,0,5,8,5,0.259168704,sa3011501
2023,T.J. Schofield-Sam,OAK,A,22,70,271,306,74,46,22,3,3,33,37,21,0,62,8,6,0,5,3,3,0.27306273,sa3011501
2024,T.J. Schofield-Sam,OAK,A,23,59,254,277,71,54,11,2,4,30,38,7,0,47,12,4,0,1,5,1,0.279527559,sa3011501
2022,Jared Alvarez-Lopez,SDP,A,21,64,232,262,51,36,13,2,0,30,30,22,0,79,6,1,1,8,2,1,0.219827586,sa3011560
2022,Jadiel Sanchez,LAA,A,21,15,55,63,17,13,3,1,0,7,6,4,0,11,3,1,0,0,0,1,0.309090909,sa3011629
2023,Jadiel Sanchez,LAA,A,22,105,381,443,113,77,15,10,11,59,66,47,0,64,7,7,1,4,7,4,0.296587926,sa3011629
2023,Jean Perez,COL,A,21,45,115,122,21,14,4,0,3,16,10,4,0,31,2,0,1,3,3,4,0.182608695,sa3011632
2021,Luke McKenzie,LAD,A,22,12,35,39,2,1,1,0,0,2,3,4,0,16,0,0,0,0,0,0,0.057142857,sa3011833
2023,Jesus Bugarin,COL,A,21,113,458,477,120,91,14,5,10,60,66,11,0,128,3,4,1,17,12,7,0.262008733,sa3011857
2022,Hayden Cantrelle,SFG,A,23,35,111,149,31,21,3,5,2,26,12,34,0,37,2,2,0,1,10,1,0.279279279,sa3014426
2021,Jake Vogel,LAD,A,19,76,325,372,75,52,14,6,3,54,27,33,0,111,12,2,0,2,12,4,0.23076923,sa3014473
2022,Jake Vogel,LAD,A,20,109,432,499,102,70,22,9,1,72,49,52,0,111,9,6,0,9,19,7,0.236111111,sa3014473
2022,Werner Blakely,LAA,A,20,55,183,235,54,34,13,2,5,36,40,45,0,70,6,1,0,0,24,2,0.295081967,sa3014502
2025,Werner Blakely,LAA,A,23,12,35,44,3,2,1,0,0,3,3,7,0,16,1,1,0,0,1,1,0.085714285,sa3014502
2022,David Calabrese,LAA,A,19,112,424,488,106,69,23,7,7,68,64,50,0,116,3,11,0,3,26,2,0.25,sa3014507
2021,A.J. Vukovich,ARI,A,19,62,247,276,64,38,15,1,10,42,42,19,0,77,6,4,0,5,10,1,0.259109311,sa3014525
2021,Jimmy Glowenke,SFG,A,22,97,360,425,92,52,25,2,13,61,51,49,1,100,15,1,0,11,3,3,0.255555555,sa3014548
2021,Arol Vera,LAA,A,18,19,82,90,23,23,0,0,0,10,5,6,0,20,2,0,0,1,9,2,0.280487804,sa3014687
2022,Arol Vera,LAA,A,19,120,487,551,101,77,16,4,4,71,59,53,0,149,6,4,1,8,19,7,0.207392197,sa3014687
2022,Adrian Placencia,LAA,A,19,104,382,469,97,59,23,2,13,83,64,76,0,142,8,2,0,4,21,8,0.253926701,sa3014688
2024,Adrian Placencia,LAA,A,21,57,190,242,49,23,13,2,11,38,34,44,0,74,6,1,1,3,4,2,0.257894736,sa3014688
2022,Luis Rodriguez,LAD,A,19,110,431,506,104,72,20,1,11,61,67,65,0,159,5,5,0,12,3,1,0.241299303,sa3014689
2023,Luis Rodriguez,LAD,A,20,80,295,336,81,58,16,2,5,39,42,34,0,95,4,3,0,9,11,2,0.274576271,sa3014689
2021,Robert Puason,OAK,A,18,91,302,337,65,49,12,1,3,43,27,24,0,139,5,2,4,2,3,1,0.215231788,sa3014697
2022,Robert Puason,OAK,A,19,55,200,218,37,27,8,0,2,25,18,13,0,77,3,2,0,1,5,4,0.185,sa3014697
2023,Robert Puason,OAK,A,20,51,176,194,25,21,3,0,1,13,9,11,0,70,6,1,0,6,7,2,0.142045454,sa3014697
2024,Robert Puason,OAK,A,21,32,115,127,21,18,3,0,0,15,10,9,0,43,3,0,0,3,4,2,0.182608695,sa3014697
2022,Ruben Salinas,SDP,A,19,11,38,42,3,2,0,1,0,7,2,4,0,24,0,0,0,1,2,0,0.078947368,sa3014704
2022,Aeverson Arteaga,SFG,A,19,122,503,565,136,85,35,2,14,87,84,49,0,155,10,3,0,4,11,6,0.270377733,sa3014707
2021,Justin Lavey,SEA,A,23,49,183,211,48,36,8,2,2,24,23,21,0,63,4,3,0,3,8,0,0.262295081,sa3014817
2021,Brett Rodriguez,SEA,A,23,84,277,333,64,44,14,3,3,42,36,41,0,125,10,4,1,3,25,7,0.231046931,sa3014831
2022,Brett Rodriguez,SEA,A,24,80,251,302,56,41,10,1,4,47,22,36,0,105,13,1,1,3,16,4,0.223107569,sa3014831
2021,Matt Scheffler,SEA,A,23,40,141,169,34,22,7,2,3,19,26,24,0,41,3,1,0,1,1,1,0.241134751,sa3014832
2021,Elijah Greene,LAA,A,23,62,213,263,59,41,13,4,1,36,22,44,0,61,1,1,4,2,8,5,0.276995305,sa3014836
2021,Sheng-Ping Chen,ARI,A,20,80,298,339,56,36,13,1,6,37,34,33,0,118,4,2,2,1,11,1,0.187919463,sa3014837
2022,Sheng-Ping Chen,ARI,A,21,79,298,328,66,43,19,1,3,39,35,25,0,94,3,0,2,5,5,4,0.22147651,sa3014837
2021,Ty Duvall,SEA,A,23,60,213,259,49,36,10,1,2,34,26,38,0,71,8,0,0,7,0,1,0.230046948,sa3014880
2022,Ty Duvall,SEA,A,24,22,62,84,17,11,5,0,1,13,5,18,0,18,3,1,0,0,0,0,0.274193548,sa3014880
2021,Sahid Valenzuela,OAK,A,23,60,199,231,43,31,9,2,1,32,16,23,0,51,8,0,1,5,4,0,0.216080402,sa3014882
2021,Brett Auerbach,SFG,A,22,34,117,145,40,25,11,2,2,23,17,22,0,29,3,3,0,1,12,5,0.341880341,sa3014941
2021,Danny Oriente,ARI,A,23,44,160,184,37,31,4,1,1,20,14,21,0,37,3,0,0,3,3,3,0.23125,sa3014943
2021,Zack Mathis,SDP,A,22,34,114,132,26,18,6,0,2,22,6,14,1,25,4,0,0,3,0,1,0.228070175,sa3014945
2021,Elian Miranda,ARI,A,22,56,203,238,51,25,16,1,9,26,41,20,0,65,11,4,0,5,2,3,0.251231527,sa3014947
2021,Cooper Uhl,OAK,A,23,20,50,61,8,5,2,0,1,6,4,11,0,16,0,0,0,4,0,0,0.16,sa3014985
2022,Cooper Uhl,OAK,A,24,47,120,152,20,15,3,0,2,12,12,20,0,45,9,0,3,4,0,1,0.166666666,sa3014985
2021,AJ Lewis,COL,A,23,15,46,57,13,9,3,0,1,6,5,5,0,12,6,0,0,2,0,2,0.282608695,sa3015014
2022,AJ Lewis,COL,A,24,39,115,153,32,19,8,0,5,25,33,31,0,32,5,2,0,1,0,2,0.278260869,sa3015014
2021,Victor Labrada,SEA,A,21,50,201,243,59,39,16,3,1,44,28,34,0,60,6,2,0,2,22,9,0.293532338,sa3015062
2022,Victor Labrada,SEA,A,22,12,50,61,20,13,5,0,2,13,13,9,0,8,1,1,0,0,3,1,0.4,sa3015062
2021,Carter Williams,SFG,A,23,54,225,243,59,34,14,4,7,29,37,13,0,49,1,2,2,6,6,3,0.262222222,sa3015126
2022,Carter Williams,SFG,A,24,42,158,196,61,40,13,1,7,37,38,27,2,26,6,5,0,2,5,2,0.386075949,sa3015126
2022,Juan Corniel,ARI,A,19,76,313,340,77,61,11,3,2,42,33,25,0,66,0,1,0,3,4,7,0.246006389,sa3015169
2023,Juan Corniel,ARI,A,20,66,236,272,56,44,7,5,0,35,21,28,0,52,5,2,1,1,14,4,0.237288135,sa3015169
2025,Juan Corniel,ARI,A,22,45,139,164,32,23,8,1,0,22,17,18,0,42,1,2,4,4,7,7,0.230215827,sa3015169
2022,Junior Franco,ARI,A,19,103,409,448,104,70,20,0,14,54,57,33,2,112,4,2,0,6,28,8,0.254278728,sa3015170
2023,Junior Franco,ARI,A,20,5,18,21,4,3,1,0,0,0,3,2,0,10,0,1,0,0,1,0,0.222222222,sa3015170
2024,Junior Franco,ARI,A,21,43,161,185,46,35,5,2,4,20,22,20,0,31,3,1,0,3,11,5,0.285714285,sa3015170
2024,Angel Ortiz,ARI,A,21,88,327,376,98,63,22,5,8,60,53,37,0,70,8,3,1,3,4,6,0.299694189,sa3015171
2021,Yeiner Fernandez,LAD,A,18,7,31,34,16,14,1,0,1,4,10,2,0,3,1,0,0,1,0,0,0.516129032,sa3015182
2022,Yeiner Fernandez,LAD,A,19,89,363,423,106,78,16,2,10,76,68,46,0,55,10,4,0,16,3,2,0.292011019,sa3015182
2022,Adrian Sugastey,SFG,A,19,75,300,340,72,55,11,1,5,41,32,30,0,53,10,0,0,7,1,0,0.24,sa3015190
2023,Anthony Rodriguez,SFG,A,20,56,222,238,49,32,12,1,4,27,35,13,0,84,3,0,0,5,5,2,0.22072072,sa3015191
2023,Ronny Polanco,ARI,A,19,34,137,148,21,14,4,1,2,13,13,8,0,48,3,0,0,3,2,0,0.153284671,sa3015197
2022,Jean Walters,ARI,A,20,72,248,273,49,41,5,3,0,32,19,16,0,58,2,1,6,5,5,3,0.197580645,sa3015236
2022,Cuba Bess,COL,A,24,27,90,111,14,9,4,1,0,11,11,15,0,32,3,3,0,1,2,1,0.155555555,sa3015374
2022,Daniel Torres,ARI,A,20,10,31,35,3,3,0,0,0,1,1,3,0,14,1,0,0,0,0,0,0.096774193,sa3015513
2023,Daniel Torres,ARI,A,21,12,36,42,8,7,1,0,0,6,3,4,0,13,0,1,1,0,3,1,0.222222222,sa3015513
2025,Diosfran Cabeza,ARI,A,22,45,137,160,35,29,5,0,1,21,17,18,0,32,4,0,1,4,2,3,0.255474452,sa3015517
2023,Riquelmin Cabral,ARI,A,20,56,197,216,36,23,9,2,2,25,14,19,0,70,0,0,0,5,4,1,0.182741116,sa3015518
2024,Juan Castillo,COL,A,21,13,41,45,8,6,2,0,0,4,3,3,0,18,1,0,0,0,1,0,0.195121951,sa3015541
2025,Juan Castillo,COL,A,22,68,222,250,52,42,7,0,3,22,27,24,1,54,2,1,1,7,3,1,0.234234234,sa3015541
2026,Jose D. Hernandez,LAD,A,23,22,66,81,13,5,3,1,4,15,14,15,0,29,0,0,0,1,1,2,0.196969696,sa3015557
2024,Jose Meza,LAD,A,21,58,216,256,47,27,10,3,7,38,31,27,0,63,9,4,0,13,2,2,0.217592592,sa3015558
2025,Jose Meza,LAD,A,22,117,428,531,95,66,17,4,8,67,66,80,0,125,16,7,0,9,30,10,0.221962616,sa3015558
2023,Carlos Franco,OAK,A,20,33,123,136,31,29,1,0,1,11,18,12,0,28,0,1,0,2,0,0,0.25203252,sa3015580
2024,Carlos Franco,OAK,A,21,29,109,116,22,20,2,0,0,8,5,6,0,22,1,0,0,2,0,0,0.201834862,sa3015580
2025,Carlos Franco,OAK,A,22,61,231,250,56,41,11,1,3,20,38,15,0,43,2,2,0,10,1,0,0.242424242,sa3015580
2023,Oswaldo Linares,SDP,A,20,49,155,197,33,27,4,0,2,24,20,36,0,56,2,1,2,5,0,0,0.212903225,sa3015593
2024,Oswaldo Linares,SDP,A,21,57,182,219,37,27,8,0,2,23,20,33,0,45,1,3,0,2,0,2,0.203296703,sa3015593
2024,Carlos Rodriguez,SDP,A,21,7,23,29,4,3,1,0,0,3,4,5,0,6,0,1,0,0,0,0,0.173913043,sa3015594
2025,Carlos Rodriguez,SDP,A,22,46,152,189,42,25,11,2,4,25,26,31,1,36,3,2,1,4,2,1,0.276315789,sa3015594
2023,Jose Sanabria,SDP,A,20,13,41,44,11,9,2,0,0,5,4,2,0,12,0,1,0,2,1,0,0.268292682,sa3015595
2024,Jose Sanabria,SDP,A,21,73,262,302,58,46,11,0,1,34,38,32,0,65,2,2,3,9,6,1,0.221374045,sa3015595
2026,George Feliz,SEA,A,23,35,120,141,28,21,3,2,2,18,14,17,0,50,3,1,0,3,4,2,0.233333333,sa3015596
2025,George Feliz,SEA,A,22,49,152,165,36,28,4,2,2,20,21,9,0,61,2,1,1,4,3,0,0.236842105,sa3015596
2024,Carlos Jimenez,SEA,A,21,53,217,252,64,42,12,7,3,41,26,33,0,60,2,0,0,2,14,3,0.294930875,sa3015599
2025,Carlos Jimenez,SEA,A,22,105,418,489,108,73,17,4,14,75,63,60,1,116,7,4,0,3,30,13,0.258373205,sa3015599
2023,Edryn Rodriguez,SEA,A,20,34,109,119,14,11,3,0,0,10,12,8,0,51,0,2,0,3,3,1,0.128440366,sa3015600
2024,Edryn Rodriguez,SEA,A,21,19,54,65,11,7,4,0,0,9,6,8,0,24,0,3,0,1,0,0,0.203703703,sa3015600
2022,Axel Sanchez,SEA,A,19,33,131,152,40,17,13,2,8,27,37,15,0,42,6,0,0,0,4,1,0.305343511,sa3015601
2022,Javier Armas,LAD,A,18,6,17,23,4,2,2,0,0,4,3,6,0,10,0,0,0,0,0,0,0.235294117,sa3015604
2023,Jorge Puerta,LAD,A,21,82,281,336,72,54,16,0,2,40,33,41,0,74,9,5,0,7,2,3,0.256227758,sa3015606
2024,Carlos Rojas,LAD,A,21,75,269,310,78,63,13,1,1,37,47,29,0,48,7,5,0,6,0,0,0.289962825,sa3015607
2023,Onil Perez,SFG,A,20,62,253,283,76,58,12,4,2,46,36,23,0,31,4,3,0,11,21,2,0.300395256,sa3015610
2024,Elian Rayo,SFG,A,21,72,267,305,65,45,15,0,5,35,36,32,0,99,3,3,0,2,0,0,0.243445692,sa3015612
2025,Elian Rayo,SFG,A,22,40,142,165,31,22,7,0,2,20,20,14,0,41,2,6,1,2,0,1,0.218309859,sa3015612
2023,Christian Cerda,ARI,A,20,68,238,302,60,40,14,1,5,35,32,55,0,61,5,4,0,6,1,0,0.25210084,sa3015623
2023,Johan Benitez,ARI,A,19,56,195,216,45,34,9,0,2,19,15,18,1,65,0,1,2,0,5,3,0.23076923,sa3015641
2023,Luis Mendez,COL,A,20,63,183,223,38,31,6,1,0,35,15,36,0,51,3,0,1,1,7,4,0.207650273,sa3015650
2024,Luis Mendez,COL,A,21,91,297,342,69,50,10,4,5,37,32,34,1,67,3,3,5,7,14,5,0.232323232,sa3015650
2025,Luis Mendez,COL,A,22,8,23,25,3,2,1,0,0,4,1,2,0,10,0,0,0,0,0,1,0.130434782,sa3015650
2026,Luis Mendez,COL,A,23,33,115,126,24,20,3,1,0,21,5,9,0,27,0,1,1,2,6,2,0.208695652,sa3015650
2025,Francisco Garcia,COL,A,22,41,138,149,21,15,3,1,2,14,13,7,0,46,1,1,2,1,4,1,0.152173913,sa3015677
2023,Wilman Diaz,LAD,A,19,40,158,168,42,27,4,3,8,25,18,7,0,66,2,1,0,1,4,2,0.265822784,sa3015694
2024,Wilman Diaz,LAD,A,20,109,398,440,99,68,19,8,4,58,54,35,0,133,5,2,0,8,17,6,0.248743718,sa3015694
2023,Jesus Galiz,LAD,A,19,80,300,330,80,55,16,1,8,37,52,21,0,74,3,5,0,5,3,1,0.266666666,sa3015700
2024,Jesus Galiz,LAD,A,20,52,183,216,49,28,16,2,3,32,23,19,0,61,11,3,0,1,0,0,0.267759562,sa3015700
2022,Pedro Pineda,OAK,A,18,42,144,171,27,17,3,3,4,22,13,17,0,77,8,1,1,0,5,1,0.1875,sa3015703
2023,Pedro Pineda,OAK,A,19,68,223,256,50,39,7,2,2,32,14,24,0,85,4,1,4,5,19,5,0.224215246,sa3015703
2024,Pedro Pineda,OAK,A,20,22,82,88,10,6,3,1,0,6,5,6,0,31,0,0,0,3,2,2,0.121951219,sa3015703
2025,Pedro Pineda,OAK,A,21,53,190,222,48,31,5,2,10,35,37,27,0,65,4,1,0,2,2,1,0.252631578,sa3015703
2024,Jefferson Pena,ARI,A,20,90,280,323,56,46,8,0,2,37,29,31,0,85,7,2,3,4,16,5,0.2,sa3015714
2022,Manuel Pena,ARI,A,18,36,137,158,34,26,7,1,0,17,17,20,1,41,0,0,1,2,1,3,0.248175182,sa3015715
2023,Manuel Pena,ARI,A,19,52,206,229,51,37,9,4,1,22,24,19,0,58,2,2,0,2,8,5,0.247572815,sa3015715
2022,Samuel Zavala,SDP,A,17,33,122,141,31,16,6,2,7,24,26,19,0,37,0,0,0,1,5,3,0.25409836,sa3015718
2023,Samuel Zavala,SDP,A,18,101,348,459,93,57,22,0,14,83,71,89,1,121,9,9,4,6,20,6,0.267241379,sa3015718
2026,Starlin Aguilar,SEA,A,22,23,78,86,19,16,2,0,1,6,13,8,0,21,0,0,0,4,0,0,0.243589743,sa3015722
2025,Starlin Aguilar,SEA,A,21,43,136,148,23,15,7,0,1,14,11,9,0,55,2,1,0,0,0,0,0.169117647,sa3015722
2023,Javier Francisco,SFG,A,20,7,29,33,7,4,3,0,0,2,11,3,0,8,0,1,0,2,0,0,0.24137931,sa3015729
2024,Javier Francisco,SFG,A,21,36,118,137,22,12,9,1,0,15,14,13,0,36,4,2,0,3,2,1,0.186440677,sa3015729
2024,Ramon Peralta,SFG,A,20,23,80,90,13,11,1,1,0,7,7,7,0,28,1,1,1,4,0,0,0.1625,sa3015752
2023,Luis Guerra,LAD,A,19,14,50,53,13,7,6,0,0,6,6,3,0,10,0,0,0,1,0,1,0.26,sa3015788
2025,Roger Lasso,LAD,A,21,33,125,144,29,23,6,0,0,15,13,12,0,36,4,2,0,1,0,0,0.232,sa3015789
2023,Thayron Liranzo,LAD,A,19,94,345,418,94,44,24,2,24,81,70,70,0,112,3,0,0,11,2,1,0.272463768,sa3015790
2025,Alexander Benua,ARI,A,21,54,172,204,43,30,7,3,3,23,23,23,0,53,3,3,2,0,6,1,0.25,sa3015817
2023,Anderdson Rojas,ARI,A,19,93,393,419,98,70,20,6,2,45,51,13,0,69,8,3,2,6,12,5,0.249363867,sa3015818
2024,Anderdson Rojas,ARI,A,20,106,395,446,97,70,16,6,5,67,46,37,0,74,6,6,2,11,34,9,0.24556962,sa3015818
2023,Bryant Betancourt,COL,A,19,104,394,450,96,72,19,1,4,44,57,43,1,74,7,5,1,9,2,0,0.243654822,sa3015846
2024,Felix Tena,COL,A,20,107,418,458,104,71,21,6,6,38,64,23,0,101,15,1,1,9,13,6,0.248803827,sa3015847
2025,Felix Tena,COL,A,21,55,178,202,30,24,4,1,1,14,17,15,0,40,3,3,3,8,6,2,0.168539325,sa3015847
2023,Andy Perez,COL,A,19,119,465,502,114,90,16,7,1,66,53,17,0,74,8,7,4,7,21,11,0.24516129,sa3015857
2024,Andy Perez,COL,A,20,109,442,478,129,91,22,7,9,61,64,24,0,64,2,7,2,12,15,6,0.291855203,sa3015857
2025,Andy Perez,COL,A,21,11,46,49,9,6,1,0,2,7,6,1,0,13,0,1,1,1,3,0,0.195652173,sa3015857
2023,Kenny Castillo,ARI,A,19,23,87,93,18,14,3,1,0,10,4,4,0,22,1,1,0,2,0,0,0.206896551,sa3015863
2024,Kenny Castillo,ARI,A,20,88,346,382,97,72,21,0,4,36,55,21,0,93,6,8,1,7,2,0,0.28034682,sa3015863
2024,Adrian De Leon,ARI,A,20,74,231,298,48,32,11,0,5,43,32,50,1,79,15,1,1,7,5,0,0.207792207,sa3015864
2025,Adrian De Leon,ARI,A,21,62,194,240,35,21,11,0,3,21,30,32,1,74,5,6,3,7,2,1,0.180412371,sa3015864
2024,Cristian Garcia,LAA,A,19,46,164,200,29,16,11,0,2,22,22,29,0,62,4,3,0,5,1,1,0.176829268,sa3015871
2023,Jorge Ruiz,LAA,A,19,73,296,342,90,65,19,3,3,49,52,28,1,54,10,4,4,5,13,4,0.304054054,sa3015873
2024,Jorge Ruiz,LAA,A,20,50,192,224,54,40,8,4,2,34,22,20,0,36,3,3,6,6,10,2,0.28125,sa3015873
2025,Jorge Ruiz,LAA,A,21,121,478,550,136,106,23,6,1,78,50,47,0,92,9,4,12,8,22,9,0.284518828,sa3015873
2023,Johan Macias,LAA,A,20,77,280,324,66,52,9,3,2,45,24,27,0,65,11,1,4,4,4,1,0.235714285,sa3016095
2024,Johan Macias,LAA,A,21,55,187,205,48,34,7,5,2,31,24,11,0,43,4,1,2,6,5,1,0.256684491,sa3016095
2025,Johan Macias,LAA,A,22,112,407,475,110,85,17,6,2,71,52,40,0,67,9,5,14,4,16,3,0.27027027,sa3016095
2023,Yeremi Villahermosa,LAA,A,20,16,40,47,7,7,0,0,0,2,1,7,0,13,0,0,0,0,0,2,0.175,sa3016096
2024,Yeremi Villahermosa,LAA,A,21,18,48,62,12,12,0,0,0,15,8,9,0,16,2,3,0,1,2,1,0.25,sa3016096
2026,Cesar Quintas,SEA,A,23,46,173,204,50,28,15,1,6,26,33,26,0,47,4,1,0,2,8,0,0.289017341,sa3016109
2024,Cesar Quintas,SFG,A,21,101,381,440,87,54,18,3,12,55,57,38,0,96,16,5,0,17,3,1,0.228346456,sa3016109
2025,Cesar Quintas,SEA,A,22,85,294,352,72,44,20,3,5,47,48,29,0,78,26,3,0,6,12,4,0.244897959,sa3016109
2024,Carlos Amaya,OAK,A,22,37,134,152,28,19,7,0,2,15,4,15,0,36,2,0,1,5,1,1,0.208955223,sa3016136
2022,Diego Velasquez,SFG,A,18,10,44,47,7,6,1,0,0,6,0,3,0,9,0,0,0,1,0,0,0.159090909,sa3016144
2023,Diego Velasquez,SFG,A,19,111,426,517,127,86,32,1,8,76,69,56,1,82,12,10,13,10,23,6,0.298122065,sa3016144
2025,Carlos Avila,LAD,A,21,5,18,21,8,7,1,0,0,1,3,3,0,4,0,0,0,0,0,0,0.444444444,sa3016161
2026,Ricardo Cova,SEA,A,22,46,180,200,51,30,14,2,5,32,21,12,0,31,5,2,1,5,16,6,0.283333333,sa3016186
2024,Ricardo Cova,SEA,A,20,29,110,127,22,17,3,2,0,21,12,10,0,25,4,3,0,1,2,1,0.2,sa3016186
2025,Ricardo Cova,SEA,A,21,85,344,377,94,64,23,1,6,59,58,19,0,75,8,6,0,8,26,5,0.273255813,sa3016186
2022,Juan Alonso,LAD,A,18,10,34,40,8,4,3,0,1,7,6,4,0,15,2,0,0,0,1,1,0.235294117,sa3016331
2023,Juan Alonso,LAD,A,19,38,129,155,26,20,4,2,0,21,12,20,0,60,5,1,0,3,2,3,0.201550387,sa3016331
2024,Juan Alonso,LAD,A,20,86,280,347,64,40,14,4,6,49,45,48,0,114,13,6,0,7,3,4,0.228571428,sa3016331
2023,Jose Ramos,SFG,A,20,85,318,368,67,44,16,5,2,47,38,35,0,87,11,3,1,7,29,4,0.210691823,sa3016541
2025,Jose Ramos,SFG,A,22,37,107,130,22,14,4,1,3,23,12,22,0,29,1,0,0,0,14,0,0.205607476,sa3016541
2024,Estanlin Cassiani,SFG,A,21,67,222,253,50,45,5,0,0,49,19,13,0,39,8,3,7,5,7,1,0.225225225,sa3016543
2025,Jose Astudillo,SFG,A,21,19,70,78,22,16,6,0,0,7,11,5,0,10,1,2,0,2,5,1,0.314285714,sa3016548
2026,Jose Astudillo,SFG,A,22,18,61,69,17,15,1,1,0,12,9,5,0,4,1,1,1,2,3,1,0.278688524,sa3016548
2023,Luis Suisbel,SEA,A,20,31,124,144,36,25,3,2,6,26,32,12,0,43,6,2,0,2,0,0,0.29032258,sa3016717
2024,Luis Suisbel,SEA,A,21,119,475,552,131,89,23,4,15,76,90,49,1,144,14,14,0,6,4,0,0.275789473,sa3016717
2022,Rayne Doncon,LAD,A,18,11,40,43,10,7,0,0,3,6,8,3,0,5,0,0,0,3,0,0,0.25,sa3016720
2023,Rayne Doncon,LAD,A,19,107,427,473,92,56,21,1,14,62,52,36,0,103,6,4,0,17,3,2,0.215456674,sa3016720
2021,Spencer Packard,SEA,A,23,29,120,138,30,22,4,1,3,20,18,13,0,19,5,0,0,1,1,0,0.25,sa3016803
2021,Colin Davis,SEA,A,22,29,108,130,34,24,8,0,2,28,22,18,0,17,1,3,0,1,7,1,0.314814814,sa3016806
2022,Colin Davis,SEA,A,23,60,217,245,49,31,13,1,4,30,33,23,0,58,3,2,0,5,5,3,0.225806451,sa3016806
2023,Colin Davis,SEA,A,24,67,258,288,65,36,18,1,10,41,37,24,0,60,4,2,0,9,12,2,0.251937984,sa3016806
2022,Marcos Castanon,SDP,A,23,117,421,519,110,62,25,0,23,82,85,80,0,122,16,2,0,9,0,3,0.26128266,sa3016818
2021,Max Ferguson,SDP,A,21,12,47,58,8,5,2,1,0,15,4,9,0,20,2,0,0,0,5,0,0.170212765,sa3016819
2022,Max Ferguson,SDP,A,22,64,239,307,59,42,9,5,3,63,39,61,1,70,3,2,2,1,51,4,0.246861924,sa3016819
2021,Lucas Dunn,SDP,A,22,34,127,148,30,18,6,4,2,25,18,17,0,44,2,1,1,2,1,4,0.236220472,sa3016820
2022,Lucas Dunn,SDP,A,23,42,150,188,44,23,13,5,3,28,36,30,1,49,5,2,1,2,11,4,0.293333333,sa3016820
2023,Luis Marinez,OAK,A,21,24,87,98,8,5,2,0,1,10,9,9,0,48,2,0,0,1,2,0,0.091954022,sa3016821
2021,Colton Bender,SDP,A,22,20,77,86,20,16,3,0,1,14,13,7,0,29,1,1,0,3,1,1,0.259740259,sa3016828
2022,Colton Bender,SDP,A,23,14,40,56,8,7,1,0,0,11,5,13,0,14,3,0,0,1,1,0,0.2,sa3016828
2021,Cole Cummings,SDP,A,23,12,43,53,15,9,2,1,3,13,16,8,0,11,2,0,0,1,0,0,0.348837209,sa3016830
2022,Cole Cummings,SDP,A,24,43,145,190,38,25,5,2,6,34,32,34,0,53,7,4,0,2,6,0,0.262068965,sa3016830
2021,Paxton Wallace,LAA,A,22,23,75,90,21,15,1,1,4,9,16,14,0,17,1,0,0,1,1,1,0.28,sa3016840
2022,Max Wright,SFG,A,24,29,76,104,15,8,6,0,1,12,6,22,0,27,6,0,0,3,0,1,0.197368421,sa3016852
2021,Cade Cabbiness,LAA,A,23,28,97,111,18,8,3,2,5,13,15,12,1,53,1,1,0,0,0,0,0.18556701,sa3016855
2021,Randy Bednar,SEA,A,22,6,20,22,8,6,1,1,0,4,3,2,0,5,0,0,0,0,0,0,0.4,sa3016856
2022,Randy Bednar,SEA,A,23,86,300,344,65,45,15,2,3,42,43,29,0,113,9,6,0,3,8,2,0.216666666,sa3016856
2021,James Parker,SEA,A,21,35,150,168,49,28,16,2,3,31,29,13,0,36,2,3,0,1,3,2,0.326666666,sa3016859
2021,Myles Emmerson,LAA,A,23,23,73,91,18,12,5,0,1,11,8,15,0,23,3,0,0,0,0,2,0.246575342,sa3016862
2022,Myles Emmerson,LAA,A,24,74,256,288,61,48,11,0,2,31,32,29,1,59,2,1,0,10,6,1,0.23828125,sa3016862
2022,Quentin Selma,LAA,A,24,40,143,162,29,17,7,2,3,20,15,14,0,45,2,2,1,0,0,1,0.202797202,sa3016864
2021,Carson Matthews,LAA,A,21,23,95,104,24,17,6,0,1,15,11,8,0,32,1,0,0,0,6,2,0.252631578,sa3016873
2022,Carson Matthews,LAA,A,22,29,83,99,15,10,3,0,2,14,6,12,0,31,4,0,0,2,2,2,0.180722891,sa3016873
2024,Jefferson Valladares,LAD,A,22,15,48,56,13,8,4,1,0,7,5,5,0,11,2,1,0,0,0,0,0.270833333,sa3016918
2021,Gabe Matthews,LAA,A,23,25,93,115,25,14,6,1,4,16,19,17,1,29,5,0,0,3,2,0,0.268817204,sa3016920
2022,Ben Ramirez,SEA,A,23,75,304,338,83,56,17,1,9,51,58,28,0,73,5,1,0,7,2,0,0.273026315,sa3016950
2021,Channy Ortiz,ARI,A,22,25,86,99,22,21,1,0,0,12,8,10,0,28,1,1,1,2,3,1,0.255813953,sa3016952
2022,Channy Ortiz,ARI,A,23,19,54,66,7,2,4,1,0,4,6,7,0,21,4,1,0,1,1,1,0.129629629,sa3016952
2021,Andy Thomas,SEA,A,23,11,33,45,6,4,2,0,0,7,5,11,0,6,0,1,0,1,0,0,0.181818181,sa3016953
2022,Shane Muntz,ARI,A,23,26,90,111,27,17,6,0,4,14,15,14,0,28,5,2,0,1,0,0,0.3,sa3016954
2021,Caleb Roberts,ARI,A,21,34,112,136,24,17,4,2,1,22,15,18,0,36,4,2,0,0,3,1,0.214285714,sa3016959
2021,Corey Rosier,SEA,A,21,31,118,141,46,32,8,3,3,31,23,18,0,20,1,4,0,1,13,3,0.389830508,sa3016961
2022,Jacen Roberson,ARI,A,22,50,151,192,34,20,9,0,5,29,24,37,1,59,1,3,0,0,3,2,0.225165562,sa3016963
2023,Angel Arevalo,OAK,A,19,22,70,79,13,11,1,1,0,7,7,8,0,29,1,0,0,5,3,2,0.185714285,sa3016972
2024,Angel Arevalo,OAK,A,20,6,17,21,3,3,0,0,0,2,2,4,0,8,0,0,0,0,1,0,0.176470588,sa3016972
2023,Dayton Dooney,LAD,A,23,81,278,314,53,36,14,2,1,26,31,31,0,113,4,1,0,8,1,0,0.190647482,sa3017117
2022,Austin Gauthier,LAD,A,23,84,300,397,86,58,18,4,6,81,49,88,0,81,9,0,0,9,10,1,0.286666666,sa3017121
2021,Robby Martin Jr.,COL,A,21,17,62,70,17,11,5,0,1,10,9,4,0,18,3,1,0,0,3,2,0.274193548,sa3017155
2023,Robby Martin Jr.,COL,A,23,52,181,196,48,30,12,1,5,24,26,14,0,38,0,1,0,6,6,2,0.26519337,sa3017155
2022,EJ Andrews Jr.,COL,A,21,80,247,281,57,36,15,2,4,41,33,28,0,78,2,3,1,4,9,1,0.23076923,sa3017157
2023,EJ Andrews Jr.,COL,A,22,110,347,404,74,44,13,4,13,59,53,48,0,127,6,3,0,2,11,4,0.213256484,sa3017157
2024,EJ Andrews Jr.,COL,A,23,49,152,180,28,17,5,3,3,16,18,25,0,47,0,3,0,5,5,1,0.184210526,sa3017157
2022,Ben Sems,COL,A,24,60,192,236,47,30,10,2,5,38,32,30,0,64,11,2,1,4,3,1,0.244791666,sa3017161
2022,Zach Kokoska,COL,A,23,92,309,358,77,46,14,4,13,61,40,34,1,73,10,2,3,3,17,2,0.249190938,sa3017165
2022,Benny Montgomery,COL,A,19,56,233,264,73,44,20,3,6,48,42,21,0,71,10,0,0,7,9,1,0.313304721,sa3017169
2022,Damon Keith,LAD,A,22,88,334,416,100,61,23,4,12,75,65,69,1,95,11,2,0,8,5,3,0.299401197,sa3017179
2022,Vaun Brown,SFG,A,24,59,228,262,79,46,14,5,14,50,41,25,0,67,8,1,0,2,23,3,0.346491228,sa3017282
2021,CJ Rodriguez,OAK,A,20,22,81,86,13,10,2,0,1,5,4,4,0,13,0,1,0,2,0,0,0.160493827,sa3017283
2022,CJ Rodriguez,OAK,A,21,73,241,295,64,50,11,0,3,32,34,44,0,56,4,6,0,3,0,1,0.265560165,sa3017283
2022,Shane McGuire,OAK,A,23,50,176,216,51,41,7,2,1,20,21,32,0,42,6,2,0,0,4,2,0.289772727,sa3017284
2022,Damon Dues,SFG,A,24,13,38,57,14,10,3,1,0,17,2,19,0,4,0,0,0,1,8,2,0.368421052,sa3017285
2022,Jared Dupere,SFG,A,23,32,128,143,37,22,4,1,10,26,29,14,0,40,1,0,0,3,2,0,0.2890625,sa3017288
2021,Nick Brueser,OAK,A,22,16,62,68,7,6,0,0,1,5,4,5,0,28,1,0,0,2,0,0,0.112903225,sa3017324
2022,Nick Brueser,OAK,A,23,56,187,225,30,18,6,0,6,17,19,30,0,88,6,1,1,5,1,1,0.160427807,sa3017324
2023,Mike Peabody,LAA,A,24,69,239,273,55,38,8,3,6,38,32,20,1,69,11,1,2,2,10,2,0.230125523,sa3017327
2022,Braiden Ward,COL,A,23,39,120,150,44,33,6,1,4,33,19,13,0,25,16,1,0,0,26,0,0.366666666,sa3017332
2022,Mariano Ricciardi,OAK,A,24,52,158,186,38,32,5,0,1,23,11,26,0,40,0,1,1,5,2,5,0.240506329,sa3017399
2025,Luis Freitez,OAK,A,22,55,187,219,36,26,7,1,2,23,15,27,0,56,4,0,1,1,2,1,0.192513368,sa3017479
2024,Jakey Josepha,ARI,A,20,21,70,81,8,7,1,0,0,10,3,8,0,34,1,0,2,0,1,0,0.114285714,sa3017481
2025,Jakey Josepha,ARI,A,21,68,234,276,55,39,8,3,5,41,30,35,0,68,4,2,1,2,23,2,0.235042735,sa3017481
2026,Jakey Josepha,ARI,A,22,40,135,170,34,20,12,0,2,29,17,31,1,45,0,4,0,0,13,2,0.251851851,sa3017481
2022,Justin Farmer,SDP,A,23,109,384,487,86,54,19,2,11,88,45,95,0,126,4,3,1,7,38,6,0.223958333,sa3017622
2022,Edwin Arroyo,SEA,A,18,87,364,410,115,76,19,7,13,76,67,35,0,90,8,3,0,5,21,4,0.315934065,sa3017626
2023,Anthony Vilar,SDP,A,24,44,133,179,28,15,8,1,4,23,19,43,0,53,1,1,1,2,2,2,0.210526315,sa3017660
2024,Mario Gomez,OAK,A,21,24,80,94,19,14,1,1,3,9,11,11,0,18,1,2,0,0,0,0,0.2375,sa3017696
2022,Gavin Conticello,ARI,A,19,30,105,125,22,16,3,2,1,16,12,14,0,38,5,1,0,0,1,1,0.209523809,sa3017770
2023,Gavin Conticello,ARI,A,20,100,370,427,80,42,20,3,15,50,49,45,0,95,9,3,0,5,12,5,0.216216216,sa3017770
2024,Anthony Scull,LAA,A,20,117,471,543,124,89,23,5,7,72,56,39,0,108,23,6,1,10,24,7,0.263269639,sa3017988
2025,German Ortiz,OAK,A,20,34,111,126,24,20,4,0,0,14,9,13,0,35,0,0,0,0,0,0,0.216216216,sa3018011
2022,Vojtech Mensik,LAA,A,24,54,159,196,34,28,4,2,0,32,19,27,0,48,8,0,2,2,15,3,0.213836477,sa3018153
2022,Wyatt Hoffman,SDP,A,23,40,117,139,22,13,7,1,1,15,10,17,0,44,4,1,0,1,9,4,0.188034188,sa3018219
2023,Wyatt Hoffman,SDP,A,24,62,180,222,29,24,5,0,0,23,24,27,0,61,8,2,5,2,20,0,0.161111111,sa3018219
2022,Michael Green,SDP,A,24,7,19,21,4,3,0,0,1,4,4,0,0,9,2,0,0,1,1,0,0.210526315,sa3018240
2022,Gaige Howard,LAD,A,24,36,126,159,30,23,5,1,1,29,29,30,0,22,3,0,0,3,4,1,0.238095238,sa3018245
2024,Joseph Rodriguez,OAK,A,21,33,109,133,21,13,6,0,2,12,9,21,0,44,1,2,0,2,4,1,0.19266055,sa3018381
2025,Joseph Rodriguez,OAK,A,22,6,20,21,3,3,0,0,0,4,1,1,0,9,0,0,0,1,0,0,0.15,sa3018381
2023,Dyan Jorge,COL,A,20,49,198,215,56,45,11,0,0,29,22,13,0,35,0,3,1,6,10,2,0.282828282,sa3018387
2023,Rosman Verdugo,SDP,A,18,113,410,472,90,53,31,3,3,44,53,46,1,124,8,3,5,6,15,8,0.219512195,sa3018393
2024,Rosman Verdugo,SDP,A,19,81,312,372,78,49,18,2,9,57,50,54,0,102,3,3,0,10,6,3,0.25,sa3018393
2024,Guillermo Williamson,SFG,A,20,79,282,325,67,43,12,0,12,32,50,37,0,100,5,1,0,13,1,1,0.237588652,sa3018401
2024,Ryan Reckley,SFG,A,19,19,70,78,17,12,4,0,1,10,8,6,0,30,1,1,0,0,0,1,0.242857142,sa3018404
2025,Ryan Reckley,SFG,A,20,43,146,170,25,21,2,2,0,19,10,22,0,48,0,2,0,0,4,1,0.171232876,sa3018404
2024,Samuel Munoz,LAD,A,19,90,336,385,77,53,15,4,5,41,50,39,0,79,2,8,0,5,6,3,0.229166666,sa3018407
2025,Samuel Munoz,LAD,A,20,96,375,451,93,60,16,6,11,70,65,63,1,100,4,9,0,6,18,6,0.248,sa3018407
2023,Lazaro Montes,SEA,A,18,33,131,156,42,25,9,1,7,27,30,21,1,39,4,0,0,4,1,0,0.320610687,sa3018409
2024,Lazaro Montes,SEA,A,19,65,256,309,79,51,13,2,13,46,72,43,0,59,5,5,0,4,1,0,0.30859375,sa3018409
2025,Yendry Rojas,SDP,A,20,73,231,266,48,37,11,0,0,29,21,29,0,56,1,5,0,3,12,5,0.207792207,sa3018418
2023,Nelson Rada,LAA,A,17,115,439,540,121,100,13,6,2,94,48,73,1,98,16,3,9,10,55,11,0.275626423,sa3018421
2024,Randy De Jesus,LAA,A,19,100,379,427,105,64,25,4,12,62,60,34,0,125,11,2,0,9,3,5,0.277044854,sa3018426
2023,Michael Arroyo,SEA,A,18,57,209,265,49,27,17,3,2,45,23,36,0,53,18,2,0,5,5,3,0.23444976,sa3018429
2024,Michael Arroyo,SEA,A,19,60,244,302,68,41,11,5,11,54,49,39,0,61,15,4,0,7,8,1,0.278688524,sa3018429
2024,Modeifi Marte,ARI,A,21,62,216,249,47,36,8,0,3,28,35,26,0,55,4,3,0,6,8,1,0.217592592,sa3018445
2025,Modeifi Marte,ARI,A,22,57,210,237,60,47,12,0,1,29,22,24,1,42,1,2,0,5,7,2,0.285714285,sa3018445
2024,Alain Camou,SDP,A,20,25,89,95,18,14,2,2,0,6,6,4,0,13,0,2,0,3,0,1,0.202247191,sa3018450
2025,Carlos Pacheco,OAK,A,20,39,115,141,20,16,2,1,1,14,13,21,0,41,5,0,0,1,11,1,0.173913043,sa3018455
2026,Carlos Pacheco,OAK,A,21,13,47,54,9,7,2,0,0,4,7,4,0,8,2,1,0,1,5,0,0.191489361,sa3018455
2025,Bryan Andrade,OAK,A,20,41,129,152,30,25,4,0,1,18,21,21,0,28,1,0,1,3,1,0,0.232558139,sa3018467
2026,Bryan Andrade,OAK,A,21,36,144,167,37,28,4,4,1,23,18,19,0,33,2,2,0,8,5,0,0.256944444,sa3018467
2024,Ruben Santana,ARI,A,19,106,384,454,84,64,11,5,4,48,51,59,2,121,6,5,0,8,11,0,0.21875,sa3018468
2025,Ruben Santana,ARI,A,20,86,316,366,72,48,15,1,8,41,50,39,1,98,9,2,0,6,15,3,0.227848101,sa3018468
2024,Dario Laverde,LAA,A,19,57,213,246,59,43,10,4,2,28,21,27,1,56,4,2,0,4,0,0,0.276995305,sa3018470
2025,Dario Laverde,LAA,A,20,86,334,374,74,56,12,2,4,38,39,30,0,79,8,0,1,5,0,0,0.221556886,sa3018470
2024,Kelvin Hidalgo,COL,A,19,8,32,36,9,6,2,1,0,4,3,2,0,9,1,1,0,0,3,0,0.28125,sa3018472
2025,Kelvin Hidalgo,COL,A,20,116,449,506,111,81,21,4,5,65,52,37,0,125,7,5,8,9,43,6,0.247216035,sa3018472
2024,Capri Ortiz,LAA,A,19,113,400,462,106,80,15,7,4,57,46,50,1,127,10,1,1,3,22,8,0.265,sa3018473
2025,Jonathan Linares,LAA,A,20,36,106,122,21,14,2,2,3,14,13,12,0,36,3,1,0,2,1,0,0.198113207,sa3018475
2026,Jonathan Linares,LAA,A,21,16,48,57,12,7,2,0,3,12,13,8,0,16,0,1,0,1,1,0,0.25,sa3018475
2025,Derek Bernard,COL,A,19,72,252,290,76,52,17,1,6,46,33,32,0,70,3,1,2,2,13,6,0.301587301,sa3018477
2026,Derek Bernard,COL,A,20,45,172,199,52,36,10,0,6,37,32,24,0,46,1,2,0,4,6,3,0.302325581,sa3018477
2025,Yerald Nin,ARI,A,19,105,394,457,97,81,10,5,1,53,40,49,0,102,4,6,3,3,31,12,0.246192893,sa3018479
2025,Roynier Hernandez,COL,A,20,75,287,323,84,68,11,5,0,39,39,29,0,50,2,3,2,6,7,5,0.292682926,sa3018495
2025,Mairoshendrick Martinus,LAD,A,20,90,348,394,85,61,17,1,6,54,63,35,0,106,4,7,0,5,19,4,0.244252873,sa3018505
2026,Mairoshendrick Martinus,LAD,A,21,44,178,194,53,38,10,2,3,30,22,12,0,48,4,0,0,5,16,2,0.297752808,sa3018505
2023,Jansel Luis,ARI,A,18,36,144,155,37,25,5,3,4,19,15,8,0,35,3,0,0,3,7,2,0.256944444,sa3018508
2024,Jansel Luis,ARI,A,19,109,471,523,125,79,29,10,7,73,50,40,1,109,11,0,1,3,20,10,0.265392781,sa3018508
2025,Juan Perez,SFG,A,20,57,201,237,39,34,5,0,0,20,21,27,0,72,4,2,3,2,3,0,0.19402985,sa3018516
2024,Victor Rodrigues,LAD,A,19,14,51,54,12,10,1,0,1,6,4,2,0,11,1,0,0,1,0,0,0.235294117,sa3018520
2025,Victor Rodrigues,LAD,A,20,76,240,312,69,59,8,1,1,60,36,62,0,40,8,2,0,9,10,2,0.2875,sa3018520
2024,Eduardo Guerrero,LAD,A,19,25,77,90,15,14,1,0,0,3,7,12,0,22,0,1,0,3,3,1,0.194805194,sa3018536
2025,Eduardo Guerrero,LAD,A,20,83,257,330,57,43,8,3,3,58,40,63,0,51,5,3,2,3,8,5,0.221789883,sa3018536
2025,Raynerd Ortega,LAD,A,19,23,87,95,17,11,1,1,4,10,13,6,0,36,2,0,0,0,0,0,0.195402298,sa3018542
2023,Jeral Perez,LAD,A,18,7,21,27,5,3,2,0,0,2,2,5,0,6,1,0,0,0,0,0,0.238095238,sa3018557
2024,Jeral Perez,LAD,A,19,75,288,350,76,51,15,0,10,49,42,48,0,77,9,5,0,4,4,2,0.263888888,sa3018557
2024,Oswaldo Osorio,LAD,A,19,70,247,291,48,32,13,1,2,28,30,34,0,85,10,0,0,8,1,3,0.194331983,sa3018560
2025,Oswaldo Osorio,LAD,A,20,48,159,201,22,17,0,0,5,30,24,36,0,69,6,0,0,3,7,4,0.138364779,sa3018560
2025,Jose Alpuria,ARI,A,20,72,246,297,49,32,13,1,3,40,29,30,1,80,16,2,3,3,23,7,0.199186991,sa3018562
2026,Jose Alpuria,ARI,A,21,39,131,158,34,18,8,2,6,27,24,15,0,47,9,1,2,4,10,0,0.259541984,sa3018562
2023,Josue De Paula,LAD,A,18,74,282,340,80,61,15,2,2,55,40,46,0,61,8,2,0,5,14,3,0.283687943,sa3018591
2024,Josue De Paula,LAD,A,19,55,208,251,58,38,11,3,6,37,41,34,0,57,5,3,0,2,14,0,0.278846153,sa3018591
2024,Alberto Barriga,ARI,A,19,6,19,20,2,0,2,0,0,3,0,1,0,10,0,0,0,0,0,0,0.105263157,sa3018595
2025,Alberto Barriga,ARI,A,20,99,341,410,68,44,19,1,4,50,32,53,0,118,12,2,2,7,16,4,0.199413489,sa3018595
2023,Luis Torres,LAA,A,19,18,64,75,11,9,2,0,0,3,7,11,0,24,0,0,0,5,0,0,0.171875,sa3018600
2024,Luis Torres,LAA,A,20,7,20,21,2,2,0,0,0,0,0,1,0,9,0,0,0,0,0,0,0.1,sa3018600
2024,Jean Carlos Sio,SFG,A,20,72,250,308,60,40,14,2,4,42,36,43,0,63,13,1,1,1,11,3,0.24,sa3018648
2025,Jean Carlos Sio,SFG,A,21,90,334,385,104,80,16,3,5,67,58,46,0,46,3,1,1,5,15,5,0.311377245,sa3018648
2026,Eliezer Rivero,LAA,A,21,14,33,35,7,6,1,0,0,2,3,1,0,15,1,0,0,0,1,0,0.212121212,sa3018937
2023,Cristofer Torin,ARI,A,18,39,140,156,33,29,1,1,2,16,11,14,0,30,2,0,0,1,6,4,0.235714285,sa3018938
2024,Cristofer Torin,ARI,A,19,108,419,512,107,81,19,3,4,78,50,81,1,84,6,3,3,11,15,5,0.255369928,sa3018938
2024,Alexander Albertus,LAD,A,19,19,70,82,16,11,4,0,1,8,16,10,0,15,0,2,0,1,1,0,0.228571428,sa3018950
2023,Elvis Rijo,OAK,A,19,15,47,53,7,7,0,0,0,1,4,3,0,12,2,1,0,1,0,1,0.14893617,sa3018975
2024,Elvis Rijo,OAK,A,20,43,149,174,32,24,8,0,0,14,20,8,0,32,16,0,1,6,2,1,0.2147651,sa3018975
2025,Angel Diaz,LAD,A,21,39,129,147,30,21,5,0,4,19,20,15,0,41,1,2,0,8,0,0,0.232558139,sa3019214
2026,Dervy Ventura,SEA,A,22,45,172,204,44,33,7,2,2,23,18,26,0,51,0,1,2,2,20,5,0.255813953,sa3019218
2025,Dervy Ventura,SEA,A,21,108,366,440,101,76,21,1,3,67,45,65,0,96,1,4,3,4,41,7,0.275956284,sa3019218
2022,Griffin Lockwood-Powell,LAD,A,24,33,105,135,29,18,4,0,7,19,26,23,0,31,5,2,0,4,0,0,0.276190476,sa3019303
2025,Cesar Gonzalez,OAK,A,20,12,39,46,7,5,2,0,0,7,3,5,0,12,0,2,0,1,0,0,0.179487179,sa3019308
2026,Cesar Gonzalez,OAK,A,21,29,97,120,19,15,3,0,1,15,11,18,0,40,4,1,0,3,2,0,0.195876288,sa3019308
2025,Abdias De La Cruz,ARI,A,20,101,352,409,76,56,16,2,2,36,31,46,0,105,5,4,2,4,12,2,0.21590909,sa3019401
2026,Abdias De La Cruz,ARI,A,21,38,139,163,36,22,9,3,2,20,20,18,0,32,0,4,2,1,1,1,0.258992805,sa3019401
2022,Kyle Froemke,LAD,A,23,25,85,99,21,13,5,0,3,17,6,11,0,35,3,0,0,5,1,1,0.247058823,sa3019438
2022,Gary Mattis,ARI,A,24,18,68,75,19,12,5,1,1,12,11,3,0,19,3,1,0,2,2,1,0.279411764,sa3019524
2026,Athanael Duarte,LAA,A,21,19,54,64,8,6,1,0,1,8,4,9,0,22,0,0,1,2,1,1,0.148148148,sa3019630
2024,Kevyn Castillo,LAA,A,19,46,171,196,50,38,7,1,4,21,25,20,0,53,3,1,1,6,8,4,0.29239766,sa3019771
2025,Kevyn Castillo,LAA,A,20,41,158,192,45,35,4,4,2,20,19,28,0,39,2,2,2,3,6,3,0.284810126,sa3019771
2026,Kevyn Castillo,LAA,A,21,47,178,207,44,32,8,3,1,30,15,27,1,44,2,0,0,2,7,4,0.247191011,sa3019771
2023,Curtis Washington Jr.,SEA,A,23,57,174,207,35,32,3,0,0,23,18,25,0,60,6,1,1,0,17,4,0.201149425,sa3019803
2024,Curtis Washington Jr.,SEA,A,24,44,142,159,32,25,3,2,2,20,22,9,0,38,2,3,3,1,11,3,0.225352112,sa3019803
2022,Hogan Windish,SEA,A,23,30,119,144,40,26,11,1,2,31,31,17,0,32,6,2,0,3,4,0,0.336134453,sa3019805
2023,Bjay Cooke,OAK,A,20,97,340,391,66,57,8,0,1,31,24,44,0,155,4,2,1,5,14,7,0.194117647,sa3019807
2024,Bjay Cooke,OAK,A,21,38,146,165,27,20,3,1,3,20,13,16,0,54,3,0,0,4,4,0,0.184931506,sa3019807
2022,David Martin,ARI,A,21,6,20,24,4,2,2,0,0,3,2,2,0,4,2,0,0,1,0,0,0.2,sa3019824
2023,David Martin,ARI,A,22,53,177,220,52,40,11,0,1,32,25,34,0,26,5,4,0,2,1,3,0.29378531,sa3019824
2023,Jacob Campbell,SDP,A,23,14,49,52,11,7,3,0,1,4,7,3,0,16,0,0,0,1,0,1,0.224489795,sa3019836
2024,Jacob Campbell,SDP,A,24,59,222,266,55,37,9,2,7,37,51,31,0,58,11,2,0,2,7,4,0.247747747,sa3019836
2022,Tate Kolwyck,LAA,A,22,14,46,57,9,4,4,0,1,9,7,9,0,16,1,0,1,2,1,0,0.195652173,sa3019853
2022,Luke Franzoni,LAA,A,22,13,42,51,7,4,3,0,0,7,3,9,0,21,0,0,0,0,0,0,0.166666666,sa3019854
2022,Tucker Flint,LAA,A,21,30,101,131,29,18,8,0,3,24,20,23,0,40,6,1,0,0,6,1,0.287128712,sa3019856
2022,Kai Murphy,SDP,A,21,13,30,33,6,4,2,0,0,5,5,3,0,4,0,0,0,1,3,0,0.2,sa3019857
2023,Kai Murphy,SDP,A,22,62,237,268,68,46,15,1,6,44,31,24,0,67,4,1,2,6,11,5,0.286919831,sa3019857
2022,Ivan Melendez,ARI,A,22,25,87,106,18,11,3,1,3,11,8,10,0,20,9,0,0,1,0,0,0.206896551,sa3019859
2023,Mason Holt,LAA,A,24,30,57,67,11,6,2,2,1,8,12,6,0,24,3,1,0,1,1,1,0.192982456,sa3019860
2023,Dylan Phillips,LAA,A,24,31,41,47,8,7,0,0,1,3,3,6,0,14,0,0,0,0,0,0,0.195121951,sa3019862
2023,Braedon Karpathios,SDP,A,20,42,116,161,21,13,6,2,0,23,10,44,0,50,1,0,0,3,2,3,0.181034482,sa3019863
2024,Braedon Karpathios,SDP,A,21,119,429,534,108,69,29,2,8,79,57,95,0,145,4,6,0,12,5,3,0.251748251,sa3019863
2023,Romeo Sanabria,SDP,A,21,16,53,67,15,7,8,0,0,10,3,12,0,15,1,0,1,2,0,0,0.283018867,sa3019865
2024,Romeo Sanabria,SDP,A,22,59,219,270,68,44,16,0,8,42,40,48,1,46,1,2,0,3,3,0,0.310502283,sa3019865
2024,Sonny DiChiara,LAA,A,24,53,194,237,43,21,14,0,8,33,38,36,0,79,5,2,0,6,1,0,0.221649484,sa3019866
2022,Brett Johnson,ARI,A,22,28,94,122,21,14,6,0,1,17,10,23,0,28,3,2,0,0,9,1,0.223404255,sa3019869
2023,Brett Johnson,ARI,A,23,42,133,167,30,16,10,1,3,29,16,31,1,53,2,0,1,0,6,2,0.225563909,sa3019869
2023,Ben Gobbel,LAA,A,23,59,221,255,59,40,11,3,5,33,27,27,0,64,6,1,0,4,14,3,0.266968325,sa3019870
2022,Nick Biddison,LAD,A,21,31,123,143,34,22,6,2,4,20,20,16,0,32,3,1,0,1,6,1,0.276422764,sa3019888
2023,Nick Biddison,LAD,A,22,64,242,277,58,44,4,3,7,36,29,29,0,92,6,0,0,3,5,2,0.239669421,sa3019888
2022,Sean McLain,LAD,A,21,17,63,74,11,9,1,0,1,7,4,8,0,19,3,0,0,1,4,1,0.174603174,sa3019890
2023,Sean McLain,LAD,A,22,5,22,24,4,3,0,0,1,4,2,2,0,5,0,0,0,0,0,0,0.181818181,sa3019890
2024,Sean McLain,LAD,A,23,67,249,295,54,36,10,3,5,45,31,28,0,78,15,3,0,8,6,2,0.216867469,sa3019890
2022,Kyle Nevin,LAD,A,20,18,69,77,12,5,6,1,0,12,10,4,0,15,2,2,0,3,2,0,0.173913043,sa3019894
2023,Kyle Nevin,LAD,A,21,47,186,209,58,40,11,2,5,37,21,20,0,47,3,0,0,5,3,4,0.311827956,sa3019894
2025,Adrian Rodriguez,ARI,A,21,81,277,329,57,44,9,2,2,37,25,41,0,86,6,3,2,3,5,5,0.205776173,sa3019899
2022,Bubba Alleyne,LAD,A,23,29,128,143,30,18,7,2,3,23,17,13,0,38,1,1,0,1,9,1,0.234375,sa3019902
2022,Taylor Young,LAD,A,23,29,106,137,31,24,4,1,2,24,13,27,0,25,4,0,0,3,11,0,0.29245283,sa3019907
2024,Logan Wagner,LAD,A,20,38,126,164,31,15,8,2,6,27,23,27,0,41,8,2,0,2,4,0,0.246031746,sa3019932
2023,Skyler Messinger,COL,A,24,106,364,435,94,54,19,3,18,60,78,54,0,113,10,6,1,11,7,1,0.258241758,sa3019963
2023,Bill Knight,SEA,A,23,55,213,252,64,49,11,1,3,43,25,25,1,60,13,0,1,4,30,4,0.300469483,sa3019965
2023,Brendan Tinsman,LAA,A,23,23,87,97,21,14,4,2,1,12,14,7,0,29,1,2,0,4,2,0,0.24137931,sa3019966
2023,Zach Morgan,SFG,A,23,59,209,258,53,35,13,1,4,36,36,43,0,45,1,5,0,3,7,1,0.253588516,sa3019968
2023,Chris Newell,LAD,A,22,41,154,188,48,24,8,2,14,41,38,32,0,52,0,2,0,1,7,2,0.311688311,sa3019971
2023,Clark Elliott,OAK,A,22,26,93,122,25,21,2,1,1,16,12,21,0,20,5,3,0,1,5,3,0.268817204,sa3019972
2024,Clark Elliott,OAK,A,23,54,182,236,53,35,9,3,6,44,34,36,0,51,13,3,2,2,6,2,0.291208791,sa3019972
2022,Brennan Milone,OAK,A,21,27,100,115,31,26,4,0,1,13,8,14,0,21,1,0,0,1,1,0,0.31,sa3019974
2023,Brennan Milone,OAK,A,22,62,224,273,68,42,15,1,10,42,41,39,0,45,5,5,0,5,3,1,0.303571428,sa3019974
2022,Nathan Martorella,SDP,A,21,17,59,72,17,11,4,0,2,10,11,12,0,15,0,1,0,2,0,0,0.288135593,sa3019978
2023,Kody Huff,COL,A,22,86,294,340,77,56,14,2,5,39,36,38,0,73,6,1,1,5,2,1,0.261904761,sa3019982
2023,Nick Vogt,SDP,A,22,79,279,315,72,45,19,1,7,45,34,28,0,88,5,1,2,7,16,4,0.258064516,sa3019984
2024,Nick Vogt,SDP,A,23,52,203,227,54,36,10,3,5,42,29,19,0,61,4,0,1,5,17,2,0.266009852,sa3019984
2022,Caeden Trenkle,OAK,A,21,27,115,130,35,28,3,3,1,20,15,11,0,31,1,2,1,1,5,3,0.304347826,sa3019991
2024,Brad Cumbest,COL,A,23,49,171,185,24,12,8,2,2,15,19,10,0,72,2,2,0,3,0,0,0.140350877,sa3019993
2022,Cameron Masterman,OAK,A,23,24,91,101,21,13,6,0,2,14,13,8,0,36,1,1,0,1,0,1,0.23076923,sa3019994
2023,Cameron Masterman,OAK,A,24,16,59,68,15,9,5,0,1,8,13,4,0,19,3,2,0,0,1,0,0.254237288,sa3019994
2023,Parker Kelly,COL,A,24,78,230,273,54,35,13,3,3,36,23,35,0,103,7,1,0,3,5,3,0.234782608,sa3019995
2023,Jose Izarra,LAD,A,21,108,398,455,87,59,18,3,7,57,49,41,0,145,11,5,0,4,10,3,0.218592964,sa3019998
2023,Chase Valentine,SDP,A,21,38,124,144,20,15,3,2,0,11,5,15,0,57,2,1,2,2,1,2,0.161290322,sa3020002
2024,Chase Valentine,SDP,A,22,72,222,264,56,42,9,0,5,43,31,31,0,76,6,2,3,6,6,4,0.252252252,sa3020002
2025,Chase Valentine,SDP,A,23,58,187,209,40,28,11,0,1,31,13,17,0,57,3,1,1,2,11,7,0.213903743,sa3020002
2022,Griffin Doersching,SDP,A,23,25,88,106,20,11,1,0,8,21,19,14,1,37,3,1,0,1,0,0,0.227272727,sa3020003
2023,Griffin Doersching,SDP,A,24,93,319,392,74,40,23,0,11,52,55,63,1,97,5,5,0,5,1,1,0.231974921,sa3020003
2023,Yeniel Laboy,OAK,A,19,48,169,200,33,25,6,0,2,19,14,26,1,47,4,0,1,3,3,0,0.195266272,sa3020005
2024,Yeniel Laboy,OAK,A,20,21,65,74,9,8,1,0,0,4,6,8,0,18,1,0,0,1,1,0,0.138461538,sa3020005
2025,Nomar Diaz,SFG,A,21,14,42,52,6,3,1,0,2,7,3,10,0,14,0,0,0,2,0,0,0.142857142,sa3020007
2023,Tyler Robertson,SDP,A,23,56,223,266,59,39,12,2,6,55,30,20,0,65,13,3,7,2,23,4,0.264573991,sa3020010
2022,Tommy Stevenson,OAK,A,21,23,92,99,22,14,6,0,2,9,11,7,0,38,0,0,0,1,0,0,0.239130434,sa3020012
2023,Tommy Stevenson,OAK,A,22,33,120,143,20,10,5,0,5,15,19,20,0,54,2,1,0,2,0,0,0.166666666,sa3020012
2022,Kevin Graham,ARI,A,22,25,94,106,23,15,2,1,5,20,17,11,0,21,0,1,0,2,0,1,0.244680851,sa3020087
2022,Joshua Day,ARI,A,22,20,72,87,23,18,3,0,2,9,13,12,2,21,3,0,0,2,3,0,0.319444444,sa3020091
2023,Tanner O'Tremba,SFG,A,23,82,292,359,79,48,21,2,8,53,50,39,0,75,27,1,0,6,17,2,0.270547945,sa3020116
2023,Thomas Gavello,SFG,A,22,59,205,263,51,28,11,2,10,47,37,30,2,70,26,1,1,2,6,2,0.248780487,sa3020122
2023,Matt Higgins,SFG,A,23,64,256,301,79,51,18,1,9,50,51,33,1,63,8,3,0,5,9,2,0.30859375,sa3020128
2023,Carter Howell,SFG,A,24,39,178,197,60,43,9,4,4,44,18,17,0,39,1,0,1,1,8,3,0.337078651,sa3020139
2023,Andrew Kachel,SFG,A,22,78,284,332,82,54,20,2,6,46,49,41,1,83,1,4,0,6,7,1,0.288732394,sa3020140
2023,Gavin Logan,ARI,A,23,20,66,80,17,8,4,1,4,12,9,12,0,28,2,0,0,1,0,1,0.257575757,sa3020191
2023,Cameron Decker,LAD,A,19,19,64,74,13,7,3,3,0,11,10,9,0,23,0,1,0,2,3,0,0.203125,sa3020223
2024,Cameron Decker,LAD,A,20,62,228,270,57,22,20,3,12,49,53,36,0,91,5,1,0,0,0,1,0.25,sa3020223
2025,Cameron Decker,LAD,A,21,6,20,25,5,4,1,0,0,2,2,3,0,5,1,1,0,0,0,1,0.25,sa3020223
2023,Cole Stilwell,COL,A,23,12,38,51,9,5,3,0,1,4,5,13,0,8,0,0,0,0,0,0,0.236842105,sa3020267
2023,Josh Hood,SEA,A,22,98,391,444,109,77,19,2,11,71,61,49,0,90,3,1,0,9,18,3,0.278772378,sa3020268
2024,Kaden Hollow,SDP,A,23,19,62,68,10,5,5,0,0,10,4,6,0,24,0,0,0,0,0,0,0.161290322,sa3020274
2025,Kaden Hollow,SDP,A,24,70,235,294,62,47,13,0,2,35,40,48,0,48,3,6,2,4,1,2,0.263829787,sa3020274
2023,Tatem Levins,SEA,A,24,66,248,279,71,43,18,1,9,41,55,29,0,57,0,2,0,4,0,0,0.286290322,sa3020278
2024,Lamar King Jr.,SDP,A,20,25,94,108,25,15,7,1,2,18,15,10,0,27,3,1,0,0,0,0,0.265957446,sa3020279
2025,Lamar King Jr.,SDP,A,21,81,311,359,89,60,24,1,4,50,37,38,0,68,6,4,0,7,18,3,0.286173633,sa3020279
2023,Simon Reid,LAD,A,22,31,109,126,26,14,11,0,1,11,15,15,0,48,2,0,0,1,0,0,0.23853211,sa3020284
2024,Spence Coffman,SDP,A,20,9,27,31,6,5,1,0,0,0,1,2,0,8,1,1,0,1,0,0,0.222222222,sa3020285
2023,Devin Ortiz,SDP,A,24,60,207,247,55,45,9,0,1,31,31,32,0,52,6,0,2,8,4,2,0.265700483,sa3020345
2023,Matt Coutney,LAA,A,23,74,262,320,68,44,8,4,12,43,54,47,1,87,6,5,0,9,0,0,0.259541984,sa3020413
2023,Justin Bench,SFG,A,23,13,48,56,17,17,0,0,0,13,4,4,0,8,4,0,0,0,5,0,0.354166666,sa3020494
2024,Justin Bench,SFG,A,24,42,161,189,37,25,10,0,2,23,14,16,0,44,10,0,2,4,3,1,0.229813664,sa3020494
2023,Druw Jones,ARI,A,19,29,111,131,28,22,3,1,2,19,9,20,0,34,0,0,0,3,6,2,0.252252252,sa3020676
2024,Druw Jones,ARI,A,20,109,378,471,104,75,15,8,6,74,65,85,1,132,3,4,1,6,21,6,0.275132275,sa3020676
2023,Andrew Pintar,ARI,A,22,14,54,61,13,8,4,0,1,7,5,5,0,12,2,0,0,0,2,0,0.24074074,sa3020715
2023,Ethan Salas,SDP,A,17,48,191,220,51,29,11,2,9,35,35,24,0,57,2,3,0,3,5,2,0.267015706,sa3020881
2023,Turner Hill,SFG,A,24,74,300,347,86,64,19,3,0,51,30,37,0,31,6,2,2,3,27,9,0.286666666,sa3020943
2024,Jason Hinchman,COL,A,24,101,329,396,74,49,18,3,4,48,49,53,1,122,6,8,0,9,10,2,0.224924012,sa3021048
2024,Demetrio Crisantes,ARI,A,19,63,249,295,83,60,16,1,6,58,40,38,2,47,5,2,0,4,20,2,0.333333333,sa3021051
2024,Luis Rodriguez,LAA,A,19,15,43,52,7,5,1,1,0,8,4,7,0,14,1,0,1,1,0,0,0.162790697,sa3021055
2026,Pedro Catuy,ARI,A,20,43,158,179,36,21,10,1,4,26,21,13,0,56,5,1,2,3,10,3,0.227848101,sa3021061
2025,Joendry Vargas,LAD,A,19,29,122,137,27,19,3,1,4,14,22,11,0,41,1,3,0,2,17,2,0.221311475,sa3021067
2026,Joendry Vargas,LAD,A,20,47,205,222,54,36,11,2,5,35,29,12,0,47,4,1,0,8,10,6,0.263414634,sa3021067
2025,Rayner Arias,SFG,A,19,7,25,30,1,1,0,0,0,1,2,2,0,9,1,2,0,2,1,0,0.04,sa3021076
2024,Robert Calaz,COL,A,18,13,49,57,16,10,2,2,2,10,11,5,0,16,1,2,0,1,3,0,0.326530612,sa3021078
2025,Robert Calaz,COL,A,19,99,371,424,96,67,16,3,10,50,55,37,1,110,10,5,0,9,7,3,0.258760107,sa3021078
2026,Felix Morrobel,LAA,A,20,11,23,24,2,2,0,0,0,4,0,1,0,7,0,0,0,0,1,2,0.086956521,sa3021103
2025,Jesus Fernandez,OAK,A,19,20,72,77,13,11,2,0,0,4,6,3,0,11,1,0,1,4,1,1,0.180555555,sa3021123
2025,Yeiker Reyes,COL,A,19,105,329,381,73,60,10,1,2,45,18,43,0,97,4,3,2,4,33,9,0.221884498,sa3021126
2025,Jesus Superlano,OAK,A,19,18,53,57,13,8,5,0,0,9,2,3,0,14,0,0,1,2,1,0,0.245283018,sa3021128
2026,Jeremy Ciriaco,COL,A,19,36,132,151,31,22,7,1,1,15,17,10,0,44,4,1,4,0,4,4,0.234848484,sa3021133
2025,Carlos Virahonda,ARI,A,19,33,129,153,33,26,4,0,3,13,14,13,0,34,9,1,1,1,1,0,0.255813953,sa3021144
2026,Carlos Virahonda,ARI,A,20,38,148,174,36,19,7,1,9,23,42,13,0,35,12,1,0,2,3,0,0.243243243,sa3021144
2025,Yoiber Ocopio,SDP,A,20,14,42,50,9,6,3,0,0,4,8,5,0,15,2,1,0,0,0,0,0.214285714,sa3021159
2026,Yoiber Ocopio,SDP,A,21,21,62,72,15,7,5,0,3,12,12,6,0,19,2,1,1,0,1,0,0.241935483,sa3021159
2026,Jose Mejia,ARI,A,20,33,107,136,32,20,7,2,3,20,18,27,0,21,2,0,0,1,4,1,0.29906542,sa3021169
2026,Anyelo Marquez,LAA,A,20,45,161,183,40,22,9,1,8,27,27,17,0,59,3,1,1,1,4,4,0.248447204,sa3021178
2024,Juan Flores,LAA,A,18,48,186,208,52,32,16,1,3,32,25,12,1,40,7,1,2,6,3,1,0.279569892,sa3021185
2026,Eliesbert Alejos,ARI,A,20,38,131,147,27,22,3,0,2,11,15,12,0,30,3,1,0,6,0,1,0.20610687,sa3021195
2026,Javier Herrera,LAD,A,21,9,29,36,9,6,1,2,0,9,6,7,0,8,0,0,0,0,2,0,0.310344827,sa3021203
2024,Eduardo Quintero,LAD,A,18,27,92,112,18,12,4,2,0,15,6,18,0,22,1,0,1,2,3,3,0.195652173,sa3021208
2025,Eduardo Quintero,LAD,A,19,81,317,395,97,59,18,6,14,73,53,65,1,88,6,6,0,4,35,11,0.30599369,sa3021208
2025,Dario Reynoso,SFG,A,20,15,47,57,6,3,3,0,0,7,2,10,0,22,0,0,0,2,2,0,0.127659574,sa3021329
2026,Dario Reynoso,SFG,A,21,38,135,168,39,23,9,2,5,28,27,29,0,52,2,1,1,0,6,2,0.288888888,sa3021329
2026,Sebastian De Andrade,SEA,A,20,7,23,26,6,4,2,0,0,5,1,1,0,8,2,0,0,1,1,0,0.260869565,sa3021842
2025,Yassel Soler,ARI,A,19,92,342,403,82,55,13,2,12,42,46,42,0,90,14,5,0,11,5,0,0.239766081,sa3022281
2025,Carlos Gutierrez,SFG,A,20,60,248,293,87,70,11,4,2,60,30,37,1,40,5,0,3,4,26,3,0.350806451,sa3022336
2025,Wilder Dalis,COL,A,18,31,116,137,28,18,7,0,3,17,22,16,0,26,1,2,2,0,6,3,0.24137931,sa3022347
2026,Wilder Dalis,COL,A,19,21,85,101,16,9,3,0,4,16,13,13,0,30,2,1,0,0,4,1,0.188235294,sa3022347
2025,Enyervert Perez,ARI,A,19,27,105,117,26,23,2,0,1,11,12,9,0,32,1,2,0,4,1,1,0.247619047,sa3022379
2026,Enyervert Perez,ARI,A,20,38,122,150,29,13,10,0,6,17,25,18,0,44,4,2,0,2,0,1,0.237704918,sa3022379
2024,Lisbel Diaz,SFG,A,18,55,233,255,65,44,12,3,6,43,36,14,0,48,6,2,0,4,8,3,0.278969957,sa3022399
2025,Lisbel Diaz,SFG,A,19,122,516,561,139,93,32,4,10,79,72,33,1,105,7,4,1,11,26,6,0.269379844,sa3022399
2023,Jeremiah Boyd,ARI,A,22,12,42,44,8,5,3,0,0,3,7,1,0,14,1,0,0,0,0,0,0.19047619,sa3022402
2024,Cole Roberts,ARI,A,23,30,86,96,17,12,3,2,0,13,7,9,0,22,0,0,1,1,8,2,0.197674418,sa3022403
2024,Wyatt Crenshaw,ARI,A,24,11,32,35,8,7,0,1,0,7,3,2,0,8,0,1,0,1,1,1,0.25,sa3022406
2025,Edwardo Espinal,LAA,A,19,52,170,194,36,27,9,0,0,20,13,15,0,57,4,1,2,0,4,0,0.211764705,sa3022414
2024,Caleb Bartolero,LAA,A,24,72,266,302,69,40,15,6,8,37,38,21,0,63,9,4,2,4,3,1,0.259398496,sa3022423
2023,Peter Burns,LAA,A,23,13,30,40,1,1,0,0,0,1,2,5,0,8,4,1,0,0,0,0,0.033333333,sa3022424
2024,Peter Burns,LAA,A,24,14,39,44,13,10,2,1,0,5,3,2,0,10,3,0,0,2,1,0,0.333333333,sa3022424
2023,Cole Fontenelle,LAA,A,21,38,143,162,38,26,6,2,4,22,26,13,0,38,3,3,0,2,7,3,0.265734265,sa3022429
2023,Brock Rodden,SEA,A,23,32,144,157,46,31,11,2,2,33,20,11,0,24,2,0,0,2,1,1,0.319444444,sa3022432
2025,Caleb Ketchup,LAA,A,23,42,147,175,41,30,7,1,3,33,13,26,0,51,2,0,0,2,11,2,0.278911564,sa3022436
2024,Joe Redfield,LAA,A,22,57,219,260,63,48,7,4,4,50,30,33,1,47,1,2,5,2,15,3,0.287671232,sa3022439
2023,Alberto Rios,LAA,A,21,33,127,145,23,14,4,2,3,19,18,14,0,37,2,2,0,1,7,2,0.181102362,sa3022441
2025,Alberto Rios,LAA,A,23,39,135,158,28,20,3,2,3,17,18,16,0,40,2,1,4,3,2,0,0.207407407,sa3022441
2023,Jared Sundstrom,SEA,A,22,20,71,79,18,8,6,1,3,14,14,3,0,17,5,0,0,0,0,0,0.253521126,sa3022442
2023,Homer Bush Jr.,SDP,A,21,24,85,105,21,15,5,0,1,16,10,12,0,15,5,1,2,2,11,1,0.247058823,sa3022480
2024,Jarrod Belbin,SEA,A,24,18,62,74,11,9,1,1,0,5,8,11,0,22,1,0,0,1,1,0,0.177419354,sa3022481
2024,Caleb Pendleton,LAA,A,22,20,61,70,13,8,2,1,2,9,12,8,0,21,1,0,0,2,0,0,0.213114754,sa3022483
2023,Nik McClaughry,SDP,A,23,27,78,94,20,12,6,1,1,10,15,8,0,12,5,2,1,3,1,1,0.256410256,sa3022484
2023,Jay Beshears,SDP,A,21,29,105,114,24,18,4,1,1,10,13,5,0,33,3,0,0,1,1,0,0.228571428,sa3022485
2024,Jay Beshears,SDP,A,22,28,97,133,31,22,7,0,2,30,11,31,0,27,3,2,0,0,1,2,0.319587628,sa3022485
2025,Yimy Tovar,SDP,A,19,8,22,23,9,6,3,0,0,1,2,1,0,3,0,0,0,1,1,2,0.409090909,sa3022486
2024,Charlie Pagliarini,SEA,A,23,105,362,450,84,38,30,3,13,76,59,73,0,171,13,2,0,5,6,1,0.232044198,sa3022487
2024,Jacob Sharp,SEA,A,22,44,161,191,41,24,11,0,6,32,29,18,0,19,5,5,0,2,3,2,0.254658385,sa3022489
2024,Rio Foster,LAA,A,21,19,77,86,29,20,7,0,2,10,12,8,0,18,1,0,0,2,3,0,0.376623376,sa3022491
2023,Jordan Thompson,LAD,A,21,21,74,82,20,18,2,0,0,8,7,5,0,22,2,1,0,0,4,2,0.27027027,sa3022497
2024,Jordan Thompson,LAD,A,22,43,159,189,42,22,12,0,8,30,30,25,0,49,4,1,0,8,8,2,0.264150943,sa3022497
2023,Joe Vetrano,LAD,A,21,33,126,144,34,28,3,1,2,14,24,17,0,36,0,1,0,1,0,1,0.269841269,sa3022501
2024,Joe Vetrano,LAD,A,22,28,107,127,26,21,3,1,1,12,20,18,1,40,2,0,0,4,1,1,0.242990654,sa3022501
2025,Raudi Rodriguez,LAA,A,21,125,481,560,135,86,21,14,14,90,83,63,0,130,10,5,1,12,38,6,0.28066528,sa3022506
2025,John Wimmer,LAA,A,20,87,321,359,72,46,18,5,3,35,28,30,0,130,6,0,2,5,8,2,0.224299065,sa3022509
2023,Sam Mongelli,LAD,A,22,29,87,108,21,17,3,0,1,14,9,15,0,23,6,0,0,2,4,1,0.24137931,sa3022511
2024,Casey Yamauchi,OAK,A,23,35,114,132,36,28,6,2,0,18,12,10,0,13,5,2,1,6,7,3,0.315789473,sa3022528
2024,Luke Mann,OAK,A,24,40,159,183,47,29,9,1,8,26,25,20,0,42,3,1,0,2,1,0,0.295597484,sa3022529
2023,Will Simpson,OAK,A,21,29,115,126,37,22,11,0,4,18,16,10,0,29,0,1,0,1,3,1,0.32173913,sa3022530
2024,Nate Nankil,OAK,A,21,83,298,359,85,54,20,1,10,39,56,44,0,64,15,2,0,7,3,2,0.285234899,sa3022532
2024,Landon Wallace,LAA,A,22,8,24,27,6,4,1,1,0,5,1,2,0,8,0,0,1,0,0,0,0.25,sa3022533
2024,Ryan Lasko,OAK,A,22,82,320,390,72,49,19,0,4,48,29,59,0,103,9,2,0,7,20,6,0.225,sa3022539
2024,Nick Schwartz,OAK,A,23,46,169,202,35,29,4,0,2,28,19,28,0,60,2,2,0,7,2,0,0.207100591,sa3022542
2024,Tevin Tucker,COL,A,24,78,228,300,42,30,7,2,3,37,22,52,0,92,14,3,3,1,14,4,0.184210526,sa3022558
2023,Kevin Sim,ARI,A,21,29,110,123,28,18,7,0,3,14,14,10,0,31,3,0,0,6,1,2,0.254545454,sa3022560
2023,Jack Hurley,ARI,A,21,9,34,42,9,4,4,0,1,3,5,7,0,13,1,0,0,0,3,0,0.264705882,sa3022564
2023,Jackson Feltner,ARI,A,21,8,24,32,5,4,1,0,0,4,1,6,0,11,2,0,0,0,0,0,0.208333333,sa3022568
2024,Jackson Feltner,ARI,A,22,63,208,256,54,37,9,1,7,30,36,42,0,75,4,2,0,4,2,1,0.259615384,sa3022568
2023,Aidan Longwell,COL,A,21,12,44,47,13,11,2,0,0,4,6,3,0,10,0,0,0,1,0,1,0.295454545,sa3022574
2024,Aidan Longwell,COL,A,22,63,240,283,75,58,11,2,4,39,34,32,0,38,7,4,0,8,3,3,0.3125,sa3022574
2023,Cole Carrigg,COL,A,21,23,92,101,30,19,4,4,3,19,16,7,0,20,1,1,0,1,6,1,0.326086956,sa3022596
2023,Jake Gelof,LAD,A,21,30,120,137,27,13,8,1,5,23,23,16,0,41,0,1,0,5,2,1,0.225,sa3022600
2024,Jake Gelof,LAD,A,22,24,87,117,27,18,4,3,2,20,26,27,1,31,0,3,0,0,3,0,0.310344827,sa3022600
2024,Ben McCabe,COL,A,24,66,211,247,40,28,9,1,2,19,17,18,0,78,15,1,2,5,1,2,0.189573459,sa3022601
2023,RJ Schreck,SEA,A,22,25,90,102,24,16,7,0,1,17,12,10,0,11,1,1,0,3,1,0,0.266666666,sa3022602
2023,Myles Naylor,OAK,A,18,32,120,132,25,17,2,0,6,16,17,11,0,52,1,0,0,1,2,0,0.208333333,sa3022605
2024,Myles Naylor,OAK,A,19,115,416,499,80,50,17,2,11,48,58,79,1,173,1,2,1,12,6,0,0.192307692,sa3022605
2025,Myles Naylor,OAK,A,20,81,287,345,53,33,12,1,7,51,37,53,0,137,4,1,0,7,10,2,0.184668989,sa3022605
2026,Myles Naylor,OAK,A,21,22,84,97,23,14,4,2,3,14,14,13,0,36,0,0,0,4,3,1,0.273809523,sa3022605
2024,Caleb Hobson,COL,A,22,111,377,463,94,71,12,4,7,79,37,69,1,129,7,5,5,8,46,6,0.24933687,sa3022610
2023,Aidan Smith,SEA,A,18,14,49,54,9,5,2,1,1,11,5,4,0,16,1,0,0,1,0,0,0.183673469,sa3022611
2024,Aidan Smith,SEA,A,19,77,296,358,84,48,26,1,9,63,42,52,0,87,8,2,0,4,28,5,0.283783783,sa3022611
2024,Caleb Cali,SEA,A,23,26,101,122,34,20,10,2,2,23,22,18,0,27,2,1,0,2,2,1,0.336633663,sa3022651
2024,Carson Jones,SEA,A,23,102,398,454,100,62,20,5,13,71,68,41,0,142,6,6,1,2,37,5,0.251256281,sa3022652
2023,Kendall George,LAD,A,18,12,42,50,16,14,2,0,0,13,3,6,0,9,1,0,1,0,6,2,0.38095238,sa3022660
2024,Kendall George,LAD,A,19,86,341,404,95,84,6,4,1,75,31,57,0,83,3,3,0,4,36,12,0.278592375,sa3022660
2024,Darius Perry,COL,A,23,66,213,252,37,24,9,0,4,19,24,29,0,91,6,3,1,3,0,0,0.17370892,sa3022668
2024,Braylen Wimmer,COL,A,23,118,460,529,131,93,21,3,14,94,64,48,0,107,12,7,2,10,34,5,0.284782608,sa3022671
2023,Cole Foster,SFG,A,21,25,100,111,23,15,4,0,4,14,15,8,0,35,3,0,0,2,2,1,0.23,sa3022673
2024,Cole Foster,SFG,A,22,56,219,254,54,34,16,1,3,33,36,19,0,50,12,3,1,7,5,2,0.246575342,sa3022673
2023,Jack Payton,SFG,A,21,10,38,41,7,6,0,0,1,6,1,2,0,8,1,0,0,1,1,0,0.184210526,sa3022675
2024,Jack Payton,SFG,A,22,33,122,157,30,18,9,1,2,22,17,27,0,30,7,1,0,3,0,0,0.245901639,sa3022675
2023,Drew Cavanaugh,SFG,A,21,6,20,24,5,5,0,0,0,3,5,3,0,7,0,1,0,0,1,0,0.25,sa3022682
2024,Drew Cavanaugh,SFG,A,22,38,126,154,29,20,7,0,2,17,19,23,1,45,4,1,0,1,0,0,0.23015873,sa3022682
2025,Drew Cavanaugh,SFG,A,23,28,99,131,29,16,6,1,6,29,25,27,0,34,3,2,0,0,2,0,0.292929292,sa3022682
2024,Ty Hanchey,SFG,A,24,50,189,222,48,36,8,1,3,27,25,28,1,41,3,2,0,2,2,1,0.253968253,sa3022684
2023,Justin Wishkoski,SFG,A,22,12,43,52,9,7,1,0,1,5,3,7,0,5,2,0,0,1,0,0,0.209302325,sa3022686
2023,Charlie Szykowny,SFG,A,23,12,46,53,11,8,3,0,0,4,1,5,0,8,2,0,0,0,0,1,0.239130434,sa3022689
2024,Charlie Szykowny,SFG,A,24,54,206,242,70,46,16,6,2,32,38,20,0,45,8,8,0,2,0,0,0.339805825,sa3022689
2024,Nadir Lewis,SFG,A,23,19,58,69,9,6,2,0,1,6,4,10,0,24,0,1,0,0,0,1,0.155172413,sa3022690
2025,Jose Ortiz,SFG,A,20,15,52,66,16,13,3,0,0,16,4,7,0,12,5,0,2,0,2,0,0.307692307,sa3022693
2023,Luke Shliger,SFG,A,21,16,57,67,17,14,3,0,0,6,6,8,0,10,2,0,0,2,1,1,0.298245614,sa3022694
2024,Luke Shliger,SFG,A,22,62,215,276,49,35,11,2,1,35,22,50,0,50,10,1,0,2,10,4,0.227906976,sa3022694
2023,Scott Bandura,SFG,A,21,23,79,99,19,11,5,1,2,15,13,15,0,26,2,3,0,1,3,1,0.240506329,sa3022699
2024,Scott Bandura,SFG,A,22,27,105,126,29,21,7,1,0,16,14,14,0,24,6,1,0,2,5,3,0.276190476,sa3022699
2023,Quinn McDaniel,SFG,A,20,13,45,55,12,8,0,1,3,11,8,8,0,19,0,2,0,1,2,1,0.266666666,sa3022701
2024,Zyhir Hope,LAD,A,19,54,202,248,58,35,14,0,9,42,31,37,0,60,7,0,0,3,8,2,0.287128712,sa3022703
2024,Bo Davidson,SFG,A,21,53,189,226,62,34,12,7,9,40,40,32,0,54,5,0,0,5,6,3,0.328042328,sa3022706
2023,Dylan Campbell,LAD,A,20,10,39,40,8,7,1,0,0,3,3,0,0,8,1,0,0,0,2,1,0.205128205,sa3022751
2023,Dillon Head,SDP,A,18,13,54,61,13,10,1,2,0,3,3,4,0,10,2,1,0,1,1,2,0.24074074,sa3022753
2024,Dillon Head,SDP,A,19,21,93,104,22,14,5,2,1,13,9,9,0,25,2,0,0,0,3,4,0.236559139,sa3022753
2024,B.Y. Choi,SDP,A,22,24,92,106,19,13,4,1,1,17,10,13,0,35,1,0,0,3,0,0,0.206521739,sa3022898
2025,B.Y. Choi,SDP,A,23,64,205,236,51,39,11,1,0,27,30,29,0,63,1,0,0,2,6,2,0.248780487,sa3022898
2024,Ethan Long,SDP,A,23,41,140,175,38,27,8,0,3,23,30,33,0,49,0,2,0,1,0,0,0.271428571,sa3022961
2023,Tai Peete,SEA,A,17,14,62,67,15,10,3,0,2,7,14,5,0,19,0,0,0,1,3,0,0.241935483,sa3022966
2024,Tai Peete,SEA,A,18,115,468,528,126,84,26,9,7,72,71,55,1,162,0,5,0,5,45,5,0.269230769,sa3022966
2025,Kevin Bruggeman,LAA,A,23,90,271,349,61,38,12,7,4,47,38,60,0,63,10,3,5,5,11,3,0.22509225,sa3023073
2024,Colton Vincent,SDP,A,24,16,58,67,14,8,4,2,0,7,12,8,0,16,1,0,0,0,0,0,0.24137931,sa3023089
2024,Ryan Wilson,SDP,A,22,99,341,427,73,57,11,3,2,52,43,61,0,65,20,5,0,8,5,2,0.214076246,sa3023141
2025,Ryan Wilson,SDP,A,23,89,288,350,65,47,15,1,2,39,29,47,0,54,13,1,1,9,6,5,0.225694444,sa3023141
2026,Easton Shelton,LAD,A,20,44,171,192,46,22,11,1,12,37,42,18,0,70,1,2,0,5,1,0,0.269005847,sa3023287
2025,Jaron Elkins,LAD,A,20,109,447,515,118,74,30,5,9,81,72,45,0,153,17,6,0,2,63,6,0.263982102,sa3023288
2026,Jaron Elkins,LAD,A,21,35,142,170,42,23,8,3,8,35,31,17,0,47,8,1,1,3,18,4,0.295774647,sa3023288
2024,Jonny Farmelo,SEA,A,19,46,178,221,47,30,10,3,4,39,25,36,1,52,5,2,0,0,18,2,0.264044943,sa3023362
2024,Leo De Vries,SDP,A,17,75,299,360,71,35,22,3,11,63,38,50,0,84,9,2,0,1,13,2,0.237458193,sa3023363
2024,Maui Ahuna,SFG,A,22,23,89,107,21,19,1,0,1,11,13,16,0,28,1,1,0,0,5,0,0.235955056,sa3023373
2025,Maui Ahuna,SFG,A,23,37,143,168,38,23,10,2,3,30,21,19,0,42,6,0,0,1,9,2,0.265734265,sa3023373
2025,Felnin Celesten,SEA,A,19,93,383,424,109,83,19,2,5,52,55,37,0,96,2,2,0,7,20,8,0.2845953,sa3023381
2024,Walker Martin,SFG,A,20,25,99,123,20,13,3,2,2,13,16,21,0,57,3,0,0,0,2,0,0.202020202,sa3023545
2025,Walker Martin,SFG,A,21,108,406,482,95,61,19,3,12,67,70,69,0,137,6,1,0,3,13,4,0.233990147,sa3023545
2024,J.D. Gonzalez,SDP,A,18,48,161,199,33,29,4,0,0,26,31,27,0,55,4,7,0,4,0,0,0.204968944,sa3023546
2025,Nico Perez,LAD,A,20,61,207,251,58,41,12,2,3,39,43,35,0,55,2,6,1,1,35,6,0.280193236,sa3023603
2025,Emil Morales,LAD,A,18,30,124,143,42,26,11,0,5,21,27,17,1,33,1,1,0,3,5,0,0.338709677,sa3023887
2026,Emil Morales,LAD,A,19,36,158,179,51,27,15,3,6,29,35,15,0,47,3,3,0,2,2,1,0.32278481,sa3023887
2026,Ashly Andujar,COL,A,18,6,20,22,5,2,2,0,1,3,2,2,0,2,0,0,0,2,1,0,0.25,sa3023890
2025,Jhonny Level,SFG,A,18,31,127,147,30,24,2,1,3,30,12,17,0,30,2,1,0,1,4,2,0.236220472,sa3023898
2026,Jhonny Level,SFG,A,19,43,186,212,59,35,13,1,10,37,46,17,1,36,6,3,0,4,11,2,0.317204301,sa3023898
2025,Hayden Alvarez,LAA,A,18,20,62,76,22,17,5,0,0,12,18,10,0,8,2,0,2,1,9,4,0.354838709,sa3023906
2026,Hayden Alvarez,LAA,A,19,46,181,213,52,35,11,1,5,43,23,30,0,50,1,1,0,2,22,5,0.287292817,sa3023906
2026,Kyle Sinzza,ARI,A,19,9,30,37,4,3,1,0,0,5,3,5,0,10,0,0,2,1,1,0,0.133333333,sa3023908
2025,Roldy Brito,COL,A,18,33,136,156,51,42,7,1,1,26,17,14,0,27,3,1,2,2,13,7,0.375,sa3023917
2026,Roldy Brito,COL,A,19,46,206,228,69,47,12,4,6,44,45,16,0,36,1,4,1,1,9,6,0.334951456,sa3023917
2025,Marlon Quintero,LAA,A,18,18,62,70,16,14,2,0,0,8,12,2,0,9,0,4,2,2,3,0,0.258064516,sa3023936
2026,Marlon Quintero,LAA,A,19,37,139,149,34,23,8,1,2,14,26,7,0,24,0,2,1,4,1,0,0.244604316,sa3023936
2026,Pedro Blanco,ARI,A,19,36,126,145,29,17,7,2,3,17,18,14,0,53,5,0,0,0,3,0,0.23015873,sa3023945
2025,Jorge Quintana,SDP,A,18,25,83,101,16,12,3,0,1,12,5,15,1,34,1,2,0,0,7,4,0.192771084,sa3024107
2026,Jorge Quintana,SDP,A,19,40,149,169,34,26,7,0,1,19,13,17,0,56,0,0,3,3,6,3,0.228187919,sa3024107
2026,Edgar Montero,OAK,A,19,33,115,143,20,17,1,0,2,15,8,25,0,57,2,1,0,3,0,1,0.173913043,sa3024109
2026,Carlos Renzullo,COL,A,19,20,75,83,20,15,3,1,1,15,14,6,0,14,0,2,0,1,1,2,0.266666666,sa3024879
2026,Dustin Crenshaw,SEA,A,24,35,116,135,23,17,3,2,1,15,9,17,0,36,1,0,1,2,7,2,0.198275862,sa3025119
2025,Dustin Crenshaw,SEA,A,23,26,85,101,15,13,2,0,0,12,7,15,1,20,0,0,1,0,2,1,0.176470588,sa3025119
2024,Carter Dorighi,SEA,A,21,16,56,63,11,9,1,0,1,9,10,5,0,13,0,2,0,2,1,0,0.196428571,sa3025120
2025,Carter Dorighi,SEA,A,22,85,304,348,91,70,21,0,0,59,47,34,0,68,8,2,0,6,19,4,0.299342105,sa3025120
2024,Elijah Hainline,LAD,A,21,30,85,114,10,7,1,0,2,21,5,26,0,30,2,1,0,2,8,1,0.117647058,sa3025157
2025,Elijah Hainline,LAD,A,22,66,235,291,70,50,15,1,4,47,29,47,0,69,8,1,0,5,20,5,0.29787234,sa3025157
2024,Ryan Nicholson,LAA,A,23,30,113,134,33,17,12,0,4,22,25,17,0,23,4,0,0,4,1,0,0.292035398,sa3025167
2024,Mitchell Daly,LAA,A,23,29,105,124,19,15,2,0,2,14,12,18,0,25,1,0,0,3,1,0,0.18095238,sa3025169
2025,Mitchell Daly,LAA,A,24,19,57,71,11,8,3,0,0,4,5,12,0,18,0,1,1,2,1,1,0.192982456,sa3025169
2025,Harold Coll,LAA,A,23,116,424,493,117,77,27,4,9,70,62,62,0,120,3,4,0,8,29,4,0.275943396,sa3025185
2024,Robert Hipwell,SFG,A,21,29,107,136,21,10,5,1,5,19,21,21,0,40,7,1,0,1,0,0,0.196261682,sa3025186
2025,Robert Hipwell,SFG,A,22,102,349,429,84,39,28,6,11,59,66,67,0,134,9,3,1,4,3,2,0.240687679,sa3025186
2025,Ching-Hsien Ko,LAD,A,18,32,114,138,25,20,3,2,0,18,4,23,0,32,1,0,0,3,1,0,0.219298245,sa3025230
2026,Ching-Hsien Ko,LAD,A,19,38,141,175,39,25,6,0,8,28,36,30,0,44,2,2,0,3,1,1,0.276595744,sa3025230
2025,Austin St. Laurent,SEA,A,22,123,443,521,114,92,17,1,4,73,55,70,1,97,4,4,0,10,18,7,0.257336343,sa3025241
2024,Jack Costello,SDP,A,23,25,102,121,29,17,5,1,6,22,30,14,0,8,4,1,0,5,2,1,0.284313725,sa3025242
2024,Brandon Eike,SEA,A,22,21,79,92,22,14,6,0,2,19,15,8,0,13,4,1,0,3,0,0,0.278481012,sa3025243
2024,Jared Thomas,COL,A,20,8,33,36,11,8,1,0,2,5,4,3,0,7,0,0,0,1,1,0,0.333333333,sa3025252
2024,Kai Roberts,SDP,A,23,24,100,117,34,25,6,2,1,25,17,13,0,27,1,2,1,3,14,0,0.34,sa3025255
2024,Ben McLaughlin,ARI,A,22,24,73,102,17,12,3,0,2,10,17,23,0,25,1,4,1,4,1,1,0.232876712,sa3025256
2024,Brandon Butterworth,SDP,A,21,24,96,110,21,15,6,0,0,16,13,11,0,20,3,0,0,1,8,3,0.21875,sa3025264
2024,Anthony Donofrio,SEA,A,24,20,65,79,17,10,5,2,0,12,9,13,0,15,0,1,0,3,5,0,0.261538461,sa3025266
2024,Brendan Durfee,SDP,A,22,20,73,92,21,11,8,0,2,11,18,13,0,18,4,2,0,3,0,0,0.287671232,sa3025268
2024,James Tibbs III,SFG,A,21,9,41,42,17,13,4,0,0,9,2,1,0,11,0,0,0,0,0,0,0.414634146,sa3025333
2024,Randy Flores,LAA,A,23,23,79,92,16,10,4,0,2,16,16,8,0,12,2,2,1,0,4,1,0.202531645,sa3025366
2024,Tommy White,OAK,A,21,25,107,119,24,20,2,0,2,15,14,9,0,21,3,0,0,3,0,0,0.224299065,sa3025383
2024,Rodney Green Jr.,OAK,A,21,24,97,114,28,17,8,0,3,19,21,13,0,30,1,3,0,1,9,1,0.288659793,sa3025384
2025,Rodney Green Jr.,OAK,A,22,36,131,152,36,21,7,2,6,24,29,16,0,31,3,2,0,1,5,0,0.27480916,sa3025384
2024,Joshua Kuroda-Grauer,OAK,A,21,12,54,63,21,21,0,0,0,13,4,7,0,5,2,0,0,0,4,1,0.388888888,sa3025386
2024,Josh Caron,SEA,A,20,13,47,54,13,10,2,0,1,2,10,5,0,9,1,1,0,1,2,0,0.276595744,sa3025435
2024,Cameron Leary,OAK,A,22,20,81,96,18,10,5,0,3,14,16,10,0,19,1,2,2,1,4,0,0.222222222,sa3025469
2025,Cameron Leary,OAK,A,23,93,349,422,93,55,27,2,9,66,52,66,0,98,4,3,0,1,44,5,0.266475644,sa3025469
2024,Davis Diaz,OAK,A,21,14,53,68,12,9,3,0,0,12,6,8,0,9,7,0,0,2,0,0,0.226415094,sa3025494
2025,Davis Diaz,OAK,A,22,42,152,190,38,25,10,3,0,24,21,29,0,28,6,3,0,2,6,3,0.25,sa3025494
2024,Sean Barnett,SDP,A,21,12,50,54,14,10,2,1,1,11,2,2,0,13,2,0,0,0,1,0,0.28,sa3025496
2025,Sean Barnett,SDP,A,22,11,45,53,13,7,4,0,2,10,10,7,0,18,1,0,0,0,1,0,0.288888888,sa3025496
2024,Ryan Jackson,SDP,A,22,13,46,57,12,11,1,0,0,7,7,8,0,8,3,0,0,1,3,0,0.260869565,sa3025514
2025,Ryan Jackson,SDP,A,23,62,225,286,67,48,14,2,3,39,33,55,0,49,4,1,1,1,15,1,0.297777777,sa3025514
2024,Blake Wright,COL,A,22,16,63,73,17,9,6,0,2,10,13,6,0,9,2,2,0,1,1,0,0.269841269,sa3025525
2025,Blake Wright,COL,A,23,69,246,288,73,62,7,1,3,36,33,31,0,41,1,6,4,8,10,7,0.296747967,sa3025525
2024,Zander Darby,SFG,A,21,13,47,57,11,7,0,0,4,7,14,9,0,17,0,1,0,1,0,0,0.234042553,sa3025549
2025,Zander Darby,SFG,A,22,58,196,244,57,36,14,2,5,39,50,37,0,45,4,6,1,3,10,1,0.290816326,sa3025549
2024,Jeremiah Jenkins,SFG,A,21,11,44,49,13,7,3,1,2,6,7,4,0,16,1,0,0,3,0,0,0.295454545,sa3025550
2025,Jeremiah Jenkins,SFG,A,22,50,187,217,43,28,9,2,4,26,38,24,1,38,5,1,0,7,0,0,0.229946524,sa3025550
2026,Jeremiah Jenkins,SFG,A,23,31,112,136,30,18,7,1,4,17,16,22,0,47,1,1,0,2,0,0,0.267857142,sa3025550
2024,Tommy Hopfe,COL,A,21,10,36,42,9,7,1,0,1,3,2,4,0,7,2,0,0,1,2,1,0.25,sa3025593
2025,Tommy Hopfe,COL,A,22,68,236,292,62,42,14,1,5,38,31,30,0,46,17,5,3,3,15,4,0.262711864,sa3025593
2025,Dakota Jordan,SFG,A,22,88,370,416,115,80,15,6,14,71,82,37,0,95,5,4,0,3,27,4,0.31081081,sa3025601
2024,Jakob Christian,SFG,A,21,9,30,37,8,3,4,0,1,5,5,5,0,8,1,1,0,0,0,0,0.266666666,sa3025603
2025,Jakob Christian,SFG,A,22,70,272,318,74,44,19,1,10,56,60,32,0,90,7,7,0,9,12,2,0.272058823,sa3025603
2025,Nolan Clifford,COL,A,23,58,165,198,33,28,5,0,0,16,12,26,0,44,5,1,1,2,5,3,0.2,sa3025670
2025,Slate Alford,LAA,A,22,28,97,125,28,19,6,1,2,22,19,21,0,31,5,1,1,3,0,0,0.288659793,sa3025895
2026,Slate Alford,LAA,A,23,36,131,150,32,22,6,1,3,24,23,17,0,34,1,1,0,3,0,1,0.244274809,sa3025895
2025,Bryan Arendt,OAK,A,22,18,59,71,8,6,1,0,1,6,1,8,0,20,3,0,1,1,0,0,0.13559322,sa3026168
2026,Bryan Arendt,OAK,A,23,10,33,43,3,1,0,0,2,7,5,6,0,12,2,1,1,2,0,0,0.09090909,sa3026168
2026,Anson Aroz,LAD,A,23,23,80,104,25,19,3,0,3,22,20,18,0,29,4,2,0,0,1,2,0.3125,sa3026234
2026,Isaiah Barkett,SFG,A,22,37,141,167,49,38,8,1,2,25,24,21,0,13,1,2,2,2,7,4,0.34751773,sa3026572
2025,Bobby Boser,OAK,A,22,32,114,144,23,17,3,1,2,18,15,22,0,42,8,0,0,0,1,1,0.201754385,sa3027420
2026,Damian Bravo,SFG,A,22,40,159,185,44,25,12,1,6,32,29,14,0,43,8,4,0,3,6,0,0.276729559,sa3027616
2026,Daniel Bucciero,OAK,A,21,45,174,203,50,38,6,2,4,32,17,22,0,49,5,2,0,4,5,0,0.287356321,sa3027937
2025,Ali Camarillo,OAK,A,22,80,311,354,79,62,15,1,1,36,34,32,1,62,5,5,1,10,15,3,0.254019292,sa3028297
2026,Ali Camarillo,OAK,A,23,20,81,96,28,17,7,1,3,18,15,9,1,22,4,2,0,1,8,0,0.345679012,sa3028297
2026,Luke Cantwell,SDP,A,23,28,80,104,26,18,7,0,1,17,19,16,0,19,8,0,0,1,5,2,0.325,sa3028378
2025,Wallace Clark,ARI,A,23,8,25,36,3,3,0,0,0,3,3,10,0,4,1,0,0,0,1,0,0.12,sa3028999
2025,Trevor Cohen,SFG,A,21,28,107,130,35,30,3,1,1,23,15,20,0,15,2,1,0,0,8,2,0.327102803,sa3029111
2024,Cole Conn,OAK,A,22,40,139,185,38,27,6,1,4,24,28,33,0,38,7,2,4,1,5,1,0.273381294,sa3029251
2025,Kerrington Cross,SDP,A,23,14,42,61,8,7,1,0,0,10,3,14,0,15,4,0,1,0,1,1,0.19047619,sa3029598
2026,Kerrington Cross,SDP,A,24,40,110,145,33,18,8,2,5,32,22,30,0,30,4,0,1,1,6,1,0.3,sa3029598
2025,Charles Davalan,LAD,A,21,8,34,37,17,12,3,1,1,7,10,3,0,5,0,0,0,1,3,0,0.5,sa3029860
2025,Justin DeCriscio,SDP,A,22,13,42,49,8,6,1,0,1,5,5,5,0,6,1,0,1,0,2,0,0.19047619,sa3030012
2026,Justin DeCriscio,SDP,A,23,28,103,117,32,15,13,1,3,21,18,7,0,14,2,1,4,0,5,3,0.310679611,sa3030012
2026,Korbyn Dickerson,SEA,A,22,47,180,214,51,37,8,1,5,33,19,29,0,58,5,0,0,1,12,1,0.283333333,sa3030281
2025,Alan Espinal,COL,A,23,73,229,257,42,30,8,0,4,25,26,17,0,83,6,3,2,3,7,3,0.183406113,sa3031022
2025,Victor Figueroa,SDP,A,21,53,195,232,51,27,17,0,7,28,30,34,1,47,2,1,0,7,3,1,0.261538461,sa3031322
2025,Kevin Fitzer,COL,A,23,113,408,469,100,72,18,5,5,53,54,40,1,102,13,5,3,7,7,4,0.245098039,sa3031395
2025,Fernando Gonzalez,SFG,A,23,26,96,114,22,14,5,0,3,20,8,14,0,22,4,0,0,2,0,0,0.229166666,sa3032413
2026,Fernando Gonzalez,SFG,A,24,14,47,53,12,9,3,0,0,5,7,2,0,4,3,1,0,3,0,0,0.255319148,sa3032413
2025,Gunner Gouldsmith,OAK,A,23,40,132,154,21,15,6,0,0,23,11,19,0,35,1,1,1,4,5,0,0.159090909,sa3032524
2025,Dylan Grego,SDP,A,21,32,122,138,30,22,4,1,3,18,13,14,0,32,1,1,0,3,2,1,0.245901639,sa3032686
2026,Dylan Grego,SDP,A,22,10,26,30,4,3,0,0,1,3,3,4,0,7,0,0,0,2,1,0,0.153846153,sa3032686
2026,Grant Jay,SEA,A,22,30,99,120,23,12,5,0,6,14,14,13,0,49,7,1,0,0,2,1,0.232323232,sa3034611
2025,Gavin Kilen,SFG,A,21,10,39,43,8,6,1,1,0,5,5,3,0,5,1,0,0,1,0,0,0.205128205,sa3035353
2025,Matt Klein,COL,A,21,7,22,28,5,3,2,0,0,4,3,4,0,8,2,0,0,0,0,0,0.227272727,sa3035491
2026,Matt Klein,COL,A,22,31,102,134,18,12,2,0,4,16,17,27,0,33,3,2,0,3,0,0,0.176470588,sa3035491
2025,Cam Maldonado,SFG,A,21,17,59,71,14,8,6,0,0,6,10,11,1,18,0,1,0,3,5,0,0.237288135,sa3036900
2026,Cam Maldonado,SFG,A,22,35,145,165,43,27,6,2,8,31,30,18,0,35,0,2,0,1,13,3,0.296551724,sa3036900
2025,Lorenzo Meola,SFG,A,21,16,66,70,18,11,4,0,3,7,7,4,0,17,0,0,0,2,3,1,0.272727272,sa3037876
2026,Lorenzo Meola,SFG,A,22,44,171,202,39,23,12,0,4,29,20,22,0,58,7,2,0,2,6,2,0.228070175,sa3037876
2026,Estevan Moreno,SEA,A,22,26,97,109,23,12,6,2,3,16,18,11,0,29,1,0,0,0,13,1,0.237113402,sa3038350
2026,Cameron Nelson,COL,A,22,47,162,215,39,28,6,4,1,43,19,43,0,55,5,2,3,1,12,2,0.24074074,sa3038742
2025,Jackson Nicklaus,LAD,A,22,54,170,210,30,21,3,2,4,30,16,38,0,79,2,0,0,5,1,0,0.176470588,sa3038855
2026,Conner O'Neal,LAD,A,23,23,81,95,16,9,4,0,3,13,18,11,0,34,2,1,0,0,0,0,0.197530864,sa3039155
2026,Ryan Picollo,SEA,A,24,29,101,111,17,11,0,0,6,11,10,9,0,57,1,0,0,0,2,0,0.168316831,sa3039893
2025,Ryan Picollo,SEA,A,23,78,278,304,57,34,11,4,8,45,44,22,1,124,2,2,0,6,3,1,0.205035971,sa3039893
2026,Broedy Poppell,SFG,A,24,30,104,122,25,18,3,0,4,25,19,14,0,36,3,1,0,3,6,0,0.240384615,sa3040084
2025,Nick Rodriguez,LAA,A,22,27,89,108,25,20,3,1,1,19,13,17,0,15,0,0,2,1,8,0,0.280898876,sa3041005
2026,Logan Sauve,OAK,A,22,24,74,94,20,16,3,0,1,13,14,15,0,15,4,1,0,1,1,1,0.27027027,sa3041610
2025,Mike Sirota,LAD,A,22,24,99,115,35,18,8,2,7,26,24,15,0,25,1,0,0,5,1,1,0.353535353,sa3042374
2026,AJ Soldra,LAD,A,22,41,146,163,39,23,7,4,5,31,22,11,1,58,5,1,0,0,2,2,0.267123287,sa3042717
2025,Jared Sprague-Lott,OAK,A,23,74,255,331,55,38,11,0,6,40,34,65,0,57,6,3,2,5,10,2,0.215686274,sa3042867
2026,Jared Sprague-Lott,OAK,A,24,21,74,90,18,15,2,0,1,14,14,11,0,15,1,3,1,2,1,0,0.243243243,sa3042867
2025,Luke Stevenson,SEA,A,20,22,75,100,21,15,4,1,1,16,14,23,0,19,2,0,0,2,1,0,0.28,sa3043081
2025,Devin Taylor,OAK,A,21,28,106,129,28,17,5,0,6,25,18,21,0,37,1,1,0,2,2,1,0.264150943,sa3043560
2025,Kavares Tears,SDP,A,22,107,410,475,93,56,22,2,13,49,65,58,0,138,1,6,0,7,6,5,0.226829268,sa3043596
2025,Tanner Thach,COL,A,21,18,68,80,19,15,2,0,2,7,15,8,0,19,3,1,0,2,1,0,0.279411764,sa3043649
2026,Tanner Thach,COL,A,22,50,207,235,74,48,15,2,9,37,53,21,0,34,4,3,0,1,1,0,0.357487922,sa3043649
2025,Cardell Thibodeaux,SDP,A,21,21,65,74,7,5,2,0,0,3,4,9,0,17,0,0,0,1,0,1,0.107692307,sa3043664
2025,Gavin Turley,OAK,A,21,27,107,125,26,14,8,0,4,15,20,14,0,34,2,2,0,1,0,0,0.242990654,sa3044148
2026,Gavin Turley,OAK,A,22,24,85,104,16,11,2,1,2,11,13,19,0,32,0,0,0,1,1,1,0.188235294,sa3044148
2025,Landyn Vidourek,LAD,A,21,16,67,74,21,14,5,1,1,5,6,7,0,25,0,0,0,0,3,0,0.313432835,sa3044483
2026,Landyn Vidourek,LAD,A,22,25,94,115,16,9,5,0,2,22,10,21,0,40,0,0,0,0,3,2,0.170212765,sa3044483
2025,Kasen Wells,SDP,A,21,49,193,227,53,41,8,2,2,45,20,28,0,40,5,0,1,0,28,1,0.274611398,sa3044992
2025,Jake Munroe,LAA,A,21,12,45,56,11,8,2,1,0,10,10,7,0,10,1,1,2,4,4,0,0.244444444,sa3060109
2025,Ryan Wideman,SDP,A,21,26,96,112,22,19,2,1,0,13,12,12,0,32,3,1,0,1,11,1,0.229166666,sa3060916
2026,Ryan Wideman,SDP,A,22,49,199,222,61,38,14,5,4,34,34,14,0,41,7,1,1,1,35,9,0.306532663,sa3060916
2025,Cobb Hightower,SDP,A,20,40,159,190,38,29,7,1,1,30,21,28,0,31,3,0,0,4,7,0,0.23899371,sa3066025
2025,Zach Evans,SDP,A,22,96,379,430,112,88,20,1,3,50,62,42,0,67,4,5,0,7,14,3,0.295514511,sa3066361
2025,Slade Caldwell,ARI,A,19,48,163,216,48,30,13,2,3,40,20,44,0,62,7,1,1,1,13,6,0.294478527,sa3066460
2025,C.J. Pittaro,OAK,A,23,92,350,413,86,65,16,4,1,46,36,52,0,85,10,1,0,6,6,3,0.245714285,sa3066821
2025,JD Dix,ARI,A,19,50,188,230,49,39,7,2,1,34,15,38,0,51,3,1,0,3,19,4,0.260638297,sa3066859
2026,JD Dix,ARI,A,20,39,155,191,36,18,8,1,9,43,24,27,0,43,6,2,1,2,18,0,0.232258064,sa3066859
2025,Connor Dykstra,SEA,A,24,59,185,232,38,23,11,2,2,34,13,22,0,64,23,0,0,1,3,0,0.205405405,sa3067036
2025,Cesar Franco,OAK,A,23,28,86,114,9,5,3,1,0,16,12,22,1,38,2,4,0,3,0,0,0.104651162,sa3067037
2025,Kellon Lindsey,LAD,A,19,28,118,142,33,24,7,0,2,29,19,22,0,45,1,1,0,0,10,2,0.279661016,sa3067042
2026,Kellon Lindsey,LAD,A,20,10,42,47,18,12,3,2,1,10,5,4,0,12,0,0,1,0,2,0,0.428571428,sa3067042
2025,Gio Cueto,LAD,A,21,28,88,110,24,19,4,0,1,15,7,17,0,31,4,0,1,2,2,0,0.272727272,sa3067075
2025,Matthew Ellis,SEA,A,24,60,202,260,48,28,11,1,8,42,37,49,0,54,4,2,0,4,3,1,0.237623762,sa3067076
2025,Tommy Takayoshi,OAK,A,24,39,131,143,29,27,1,0,1,7,7,10,0,50,2,0,0,1,0,0,0.221374045,sa3067091
2026,Clayton Gray,COL,A,24,40,119,149,36,26,8,0,2,30,20,27,0,36,2,1,0,0,3,2,0.302521008,sa3067153
2025,Alex McCoy,SDP,A,23,53,195,226,62,40,12,4,6,45,33,20,0,53,7,4,0,0,14,2,0.317948717,sa3067170
2025,Colin Summerhill,LAA,A,23,83,284,337,61,38,19,0,4,38,31,43,0,83,4,4,2,4,3,1,0.214788732,sa3067171
2025,Jacob Hinderleider,COL,A,24,79,281,313,65,48,13,1,3,38,25,23,0,113,5,4,0,4,12,6,0.231316725,sa3067230
2025,Chase Harlan,LAD,A,18,26,104,123,25,19,3,0,3,12,20,18,0,32,1,0,0,3,2,1,0.240384615,sa3067256
2026,Chase Harlan,LAD,A,19,41,154,192,50,33,7,3,7,30,31,32,0,35,4,2,0,4,0,0,0.324675324,sa3067256
2026,Brendan Tunink,LAD,A,20,18,70,80,19,7,9,0,3,13,14,8,0,26,1,1,0,0,3,0,0.271428571,sa3067275
2025,Trent Youngblood,ARI,A,23,84,274,355,73,63,6,0,4,36,35,62,0,57,1,9,9,2,25,2,0.266423357,sa3067290
2025,Kale Fountain,SDP,A,19,34,123,148,24,20,2,0,2,16,16,17,0,34,5,3,0,4,9,1,0.195121951,sa3067321
2026,Kale Fountain,SDP,A,20,14,55,63,10,6,2,0,2,13,7,6,0,17,2,0,0,0,4,3,0.181818181,sa3067321
2026,Lucas Ramirez,LAA,A,20,44,172,189,47,28,10,5,4,27,30,16,0,63,1,0,0,4,5,2,0.273255813,sa3067326
2026,Andy Polanco,SFG,A,21,35,129,139,36,28,6,2,0,27,21,6,0,44,2,1,1,0,18,1,0.279069767,sa3067339
2025,Max Durrington,OAK,A,18,49,173,197,39,33,4,0,2,21,15,19,0,33,2,1,2,3,6,1,0.225433526,sa3067341
2026,Max Durrington,OAK,A,19,31,111,132,30,24,4,1,1,23,14,19,0,25,0,2,0,1,10,1,0.27027027,sa3067341
2026,Shotaro Morii,OAK,A,19,12,32,35,5,3,1,1,0,4,3,2,0,16,0,1,0,0,1,0,0.15625,sa3067343
2026,Ivan Luciano,ARI,A,19,37,135,163,31,20,8,2,1,23,15,21,0,30,3,3,1,5,0,0,0.229629629,sa3067397
2025,Dylan Fien,OAK,A,19,73,295,337,69,53,11,2,3,35,38,27,0,70,10,5,0,6,0,0,0.233898305,sa3067509
2026,Jose Verdugo,SDP,A,18,41,143,165,39,31,4,2,2,23,18,15,0,27,1,1,5,3,14,4,0.272727272,sa3067649
2026,Breyson Guedez,OAK,A,18,46,196,210,48,38,6,2,2,24,21,12,1,60,1,1,0,5,0,0,0.244897959,sa3067688
2025,Dalton Davis,SEA,A,24,6,23,28,9,7,1,0,1,3,5,4,0,4,0,1,0,0,1,1,0.391304347,sa3068170
2026,Gabriel Davalillo,LAA,A,18,40,139,164,36,27,7,0,2,15,19,19,0,47,2,4,0,1,0,0,0.258992805,sa3068659
2025,Michael Brooks,OAK,A,23,23,77,103,16,13,3,0,0,15,6,23,0,18,0,2,1,2,1,2,0.207792207,sa3069011
2026,Michael Brooks,OAK,A,24,29,93,112,19,16,1,1,1,11,12,19,0,23,0,0,0,0,4,1,0.204301075,sa3069011
2025,Daniel Rogers,SFG,A,23,16,54,65,15,12,3,0,0,8,9,8,0,17,2,0,1,1,0,0,0.277777777,sa3069055
2026,Daniel Rogers,SFG,A,24,8,27,34,7,4,1,0,2,8,4,6,0,9,1,0,0,1,0,0,0.259259259,sa3069055
2025,Bobby Blandford,OAK,A,22,28,105,130,26,16,4,1,5,21,20,19,0,38,4,2,0,1,1,2,0.247619047,sa3069067
2026,Bobby Blandford,OAK,A,23,40,151,171,36,25,5,0,6,27,26,14,0,47,5,1,0,2,4,3,0.238410596,sa3069067
2025,George Bilecki,SDP,A,21,18,47,53,6,4,2,0,0,2,2,6,0,17,0,0,0,4,1,1,0.127659574,sa3069068
2026,George Bilecki,SDP,A,22,37,98,126,19,12,6,0,1,14,13,23,0,38,4,0,1,1,5,3,0.193877551,sa3069068
2026,Aiden Taurek,SEA,A,22,42,170,196,46,22,17,3,4,26,33,23,0,43,2,1,0,3,8,3,0.270588235,sa3069071
2025,Aiden Taurek,SEA,A,21,27,110,124,37,28,9,0,0,24,10,12,0,16,0,2,0,1,7,1,0.336363636,sa3069071
2025,Ethan Holliday,COL,A,18,18,71,84,17,11,4,0,2,14,6,12,1,33,1,0,0,0,0,0,0.239436619,sa3069100
2026,Ethan Holliday,COL,A,19,33,122,152,32,16,5,2,9,29,32,23,0,43,5,2,0,1,1,1,0.262295081,sa3069100
2025,Bradley Frye,SDP,A,22,14,44,50,7,6,1,0,0,3,2,3,0,15,2,0,1,2,3,0,0.159090909,sa3069147
2026,Bradley Frye,SDP,A,23,41,149,173,41,33,5,1,2,32,26,15,0,44,3,3,2,4,13,3,0.275167785,sa3069147
2025,Kayson Cunningham,ARI,A,19,11,47,52,12,11,1,0,0,2,4,3,0,15,1,1,0,1,1,1,0.255319148,sa3069148
2026,Kayson Cunningham,ARI,A,20,38,155,183,58,45,10,2,1,39,22,27,0,32,0,0,1,3,9,2,0.374193548,sa3069148
2025,Nick Becker,SEA,A,18,6,24,28,5,5,0,0,0,5,2,4,0,9,0,0,0,1,2,0,0.208333333,sa3069151
2025,Truitt Madonna,SDP,A,18,14,54,60,10,6,3,1,0,4,5,6,0,23,0,0,0,1,0,0,0.185185185,sa3069152
2026,Truitt Madonna,SDP,A,19,45,164,194,41,24,13,3,1,30,28,25,0,55,2,2,0,5,11,4,0.25,sa3069152
2025,Jacob Humphrey,COL,A,22,11,30,39,7,5,2,0,0,8,1,8,0,8,0,0,1,0,2,1,0.233333333,sa3069172
2025,Ty Harvey,SDP,A,18,7,23,30,4,4,0,0,0,3,1,7,0,12,0,0,0,0,0,0,0.173913043,sa3069181
2026,Ty Harvey,SDP,A,19,15,47,58,16,11,5,0,0,6,6,11,0,14,0,0,0,1,5,1,0.340425531,sa3069181
2026,Rod Barajas Jr.,SFG,A,21,36,152,167,41,27,9,1,4,24,24,12,0,36,2,1,0,3,1,0,0.269736842,sa3069385
2026,Kendrey Maduro,LAA,A,22,48,188,214,51,33,10,0,8,39,26,19,0,48,7,0,0,1,9,2,0.271276595,sa3075522
2026,Qrey Lott,SDP,A,21,25,74,87,23,18,3,0,2,15,11,6,0,17,6,1,0,2,5,1,0.31081081,sa3075724
2026,Jonny McGill,LAA,A,24,48,167,208,47,34,8,0,5,33,24,37,1,37,4,0,0,3,14,3,0.281437125,sa3075761
2026,Brady O'Brien,SEA,A,24,32,90,113,17,8,8,1,0,16,6,20,0,32,2,1,0,3,2,1,0.188888888,sa3075858
2026,Hayden Jatczak,SFG,A,24,46,174,215,53,33,13,1,6,41,36,33,0,42,2,5,1,2,3,3,0.304597701,sa3076029
2026,Conner Westenburg,SDP,A,22,45,143,162,43,30,8,4,1,26,23,9,0,40,7,0,2,1,17,4,0.3006993,sa3076030
2026,Kyle Fossum,COL,A,23,29,98,116,23,15,7,0,1,12,9,15,0,34,2,1,0,3,0,2,0.234693877,sa3076052
2026,Judah Morris,OAK,A,24,7,28,30,5,2,2,1,0,3,10,2,0,12,0,0,0,0,0,0,0.178571428,sa3076055
2026,Owen Carapellotti,OAK,A,23,20,75,90,20,9,3,0,8,19,20,15,0,22,0,0,0,0,1,0,0.266666666,sa3076099
2026,Ryland Zaborowski,LAA,A,24,11,42,46,11,8,2,0,1,6,8,3,0,10,1,0,0,0,0,0,0.261904761,sa3076279
2006,Nic Crosta,SDP,A+,23,71,281,319,75,43,22,4,6,42,44,29,0,71,5,4,0,5,4,0,0.266903914,sa321739
2007,Nic Crosta,SDP,A+,24,71,258,294,50,22,14,0,14,35,53,28,0,86,3,5,0,8,1,1,0.193798449,sa321739
2006,Matt Stocco,SDP,A+,22,7,19,20,4,2,2,0,0,2,3,0,0,8,1,0,0,0,0,1,0.210526315,sa321740
2008,Rayner Contreras,SDP,A+,21,54,194,223,60,46,10,4,0,22,27,21,0,36,7,0,1,7,10,5,0.30927835,sa322912
2010,Rayner Contreras,HOU,A+,23,28,101,105,28,25,3,0,0,12,9,4,0,25,0,0,0,1,1,2,0.277227722,sa322912
2008,Manuel Ferrer,ARI,A+,23,97,320,373,68,62,4,1,1,25,22,37,0,82,12,3,1,11,2,6,0.2125,sa323904
2009,Manuel Ferrer,ARI,A+,24,40,126,141,16,13,2,0,1,5,10,12,0,48,0,1,2,4,1,1,0.126984126,sa323904
2006,Kevin Reynolds,SEA,A+,23,7,18,24,6,5,1,0,0,4,1,5,0,2,0,0,1,0,0,1,0.333333333,sa324602
2007,Kevin Reynolds,SEA,A+,24,26,85,94,34,29,4,0,1,18,14,3,0,16,3,2,1,1,6,2,0.4,sa324602
2006,Jair Fernandez,SEA,A+,19,8,27,30,2,1,1,0,0,3,1,2,0,8,0,0,1,1,0,0,0.074074074,sa324904
2008,Jesus Lopez,SDP,A+,20,99,339,380,84,69,13,0,2,44,38,28,0,41,3,4,6,15,2,2,0.24778761,sa325096
2010,Jesus Lopez,SDP,A+,22,65,231,272,57,36,17,2,2,36,24,36,1,38,2,1,2,6,3,0,0.246753246,sa325096
2008,Timothy Rodriguez,TEX,A+,21,12,37,38,3,3,0,0,0,0,0,1,0,11,0,0,0,1,0,0,0.081081081,sa325983
2009,Timothy Rodriguez,TEX,A+,22,34,104,111,27,14,7,1,5,17,17,3,0,37,3,1,0,2,0,5,0.259615384,sa325983
2007,Chris Kemp,TEX,A+,23,12,31,35,6,5,1,0,0,2,4,4,0,7,0,0,0,0,0,0,0.193548387,sa325986
2008,Brian Mathews,LAD,A+,20,10,30,41,6,4,2,0,0,7,2,10,1,7,0,0,1,0,0,1,0.2,sa326098
2009,Shane Keough,OAK,A+,22,122,446,495,105,84,15,3,3,42,39,41,1,141,3,3,2,10,8,8,0.235426008,sa326099
2010,Shane Keough,OAK,A+,23,67,251,280,56,40,12,2,2,31,27,21,0,78,4,2,2,3,8,7,0.223107569,sa326099
2008,Matt Sheely,BOS,A+,21,65,206,229,45,36,4,5,0,28,12,19,0,49,3,1,0,5,8,0,0.218446601,sa326113
2008,Angel Cabrera,COL,A+,22,9,33,36,8,4,2,0,2,6,4,2,0,7,0,0,1,0,3,1,0.242424242,sa326120
2010,James Simmons,SFG,A+,24,105,317,361,80,47,16,5,12,56,47,37,1,112,5,1,1,4,19,7,0.25236593,sa326261
2007,Travis Scott,SEA,A+,22,62,214,249,59,38,6,2,13,40,48,33,0,48,0,0,2,8,0,1,0.275700934,sa326418
2008,Travis Scott,SEA,A+,23,96,348,393,94,56,25,1,12,51,60,35,3,89,4,4,2,2,5,1,0.270114942,sa326418
2009,Travis Scott,SEA,A+,24,102,351,399,100,52,28,5,15,48,71,41,3,78,1,6,0,6,2,1,0.284900284,sa326418
2007,Thomas Berkery,TEX,A+,24,97,318,395,80,63,12,0,5,53,32,58,1,75,6,8,5,5,4,8,0.251572327,sa326425
2006,Tyler LaTorre,SFG,A+,23,8,25,30,7,6,1,0,0,3,5,5,0,6,0,0,0,1,1,0,0.28,sa326461
2007,Adam Witter,SFG,A+,24,102,362,412,94,51,24,1,18,55,74,44,2,93,3,3,0,9,2,1,0.259668508,sa326462
2008,Jason Place,BOS,A+,20,114,484,538,119,71,25,4,19,88,65,44,0,147,9,1,0,5,5,5,0.245867768,sa326496
2009,Preston Mattingly,LAD,A+,21,115,454,505,108,74,25,1,8,59,36,35,0,150,4,3,5,6,25,13,0.237885462,sa326504
2010,Preston Mattingly,LAD,A+,22,24,72,74,14,11,1,0,2,7,8,0,0,24,0,2,0,2,0,0,0.194444444,sa326504
2011,Preston Mattingly,LAD,A+,23,37,116,128,27,22,3,0,2,15,11,10,1,36,0,1,1,2,7,1,0.23275862,sa326504
2010,David Christensen,COL,A+,22,101,312,362,60,40,9,3,8,44,36,39,0,132,4,2,5,7,21,2,0.192307692,sa326520
2011,David Christensen,COL,A+,23,57,179,205,49,27,11,6,5,34,21,15,0,74,4,2,5,4,3,3,0.273743016,sa326520
2006,Cyle Hankerd,ARI,A+,21,18,65,78,24,12,4,0,8,15,23,8,0,9,5,0,0,0,0,0,0.369230769,sa326676
2007,Cyle Hankerd,ARI,A+,22,103,386,446,110,74,27,1,8,55,54,35,1,60,19,6,0,12,2,3,0.284974093,sa326676
2008,Chad Tracy,TEX,A+,22,106,420,477,120,69,37,1,13,67,67,40,0,98,12,5,0,8,2,1,0.285714285,sa326677
2008,Matthew Sulentic,OAK,A+,20,95,343,381,106,69,24,4,9,52,55,30,0,91,3,2,3,7,7,2,0.3090379,sa326687
2009,Nicholas Moresi,HOU,A+,24,45,135,146,33,16,13,0,4,24,10,9,0,43,1,0,1,5,0,1,0.244444444,sa326688
2008,Marcus Lemon,TEX,A+,20,118,447,517,132,90,30,4,8,80,47,46,0,69,10,0,14,3,12,8,0.295302013,sa326707
2009,Clay Fuller,LAA,A+,22,129,452,544,105,74,18,4,9,89,48,71,0,127,6,5,10,6,30,8,0.232300884,sa326722
2010,Clay Fuller,LAA,A+,23,44,154,184,51,31,10,4,6,39,25,21,1,45,7,0,2,0,12,3,0.331168831,sa326722
2007,Jon Still,BOS,A+,22,22,80,103,23,15,4,0,4,19,19,18,0,18,2,3,0,2,0,1,0.2875,sa326723
2008,Jon Still,BOS,A+,23,122,456,538,121,66,30,3,22,82,83,65,1,111,9,7,0,5,0,0,0.265350877,sa326723
2012,Helder Velazquez,COL,A+,23,81,250,285,63,39,17,0,7,32,39,15,0,58,9,6,5,8,4,2,0.252,sa326728
2012,Tyler Henson,LAD,A+,24,29,99,112,19,7,8,1,3,14,14,11,1,33,1,1,0,1,3,2,0.191919191,sa326736
2008,Mike McBryde,SFG,A+,23,125,420,480,124,103,10,6,5,72,46,37,1,84,12,1,10,7,31,10,0.295238095,sa326737
2008,Jermaine Mitchell,OAK,A+,23,114,422,488,103,70,20,3,10,55,49,54,0,116,7,2,3,4,23,6,0.244075829,sa326749
2009,Jermaine Mitchell,OAK,A+,24,124,450,537,111,87,15,6,3,63,34,73,0,128,1,5,8,3,17,10,0.246666666,sa326749
2009,Kevin Clark,COL,A+,23,12,29,32,7,4,3,0,0,4,4,3,0,9,0,0,0,0,1,0,0.24137931,sa326760
2007,Hunter Harrigan,TEX,A+,24,28,84,94,17,10,5,0,2,10,9,4,0,42,4,2,0,3,0,0,0.202380952,sa326772
2008,Joey Side,ARI,A+,24,44,178,188,50,40,7,1,2,22,26,6,0,51,1,3,0,6,4,1,0.280898876,sa326776
2007,Zach Daeges,BOS,A+,23,127,515,614,170,89,55,5,21,124,113,82,1,97,8,9,0,12,4,1,0.330097087,sa326803
2009,Jaime Ortiz,LAD,A+,20,56,188,216,46,29,12,0,5,20,24,22,0,49,3,2,1,3,2,1,0.244680851,sa326826
2008,Grant Gerrard,TEX,A+,24,108,435,467,122,75,33,3,11,59,63,28,2,116,0,3,0,11,4,0,0.28045977,sa326830
2007,Craig Cooper,SDP,A+,22,124,458,528,145,99,32,4,10,83,78,56,0,87,8,5,1,12,4,4,0.316593886,sa326841
2008,Tommy Giles,LAD,A+,24,126,471,535,132,75,30,5,22,78,100,53,4,117,6,5,0,5,5,3,0.280254777,sa326878
2010,Matt Klimas,SFG,A+,22,27,80,91,19,17,1,0,1,7,13,6,0,11,4,1,0,2,0,0,0.2375,sa326881
2008,Tom King,SDP,A+,23,19,76,81,12,10,2,0,0,8,4,5,0,15,0,0,0,4,0,1,0.157894736,sa327041
2009,Matthew Sweeney,LAA,A+,21,58,211,241,63,36,17,1,9,39,44,26,2,37,2,1,1,0,2,0,0.298578199,sa327050
2007,Bridger Hunt,LAD,A+,21,67,226,255,67,49,12,4,2,39,29,22,0,33,2,1,4,3,10,9,0.296460176,sa327064
2008,Bridger Hunt,LAD,A+,22,94,353,403,103,84,18,0,1,62,33,40,0,53,4,1,5,3,4,9,0.291784702,sa327064
2010,Bridger Hunt,LAD,A+,24,27,94,108,16,15,1,0,0,12,7,11,0,12,0,1,2,1,3,1,0.170212765,sa327064
2010,Jeremy Barfield,OAK,A+,21,135,508,578,138,99,21,1,17,72,92,52,1,93,6,11,1,22,1,1,0.271653543,sa327073
2008,Christopher Minaker,SEA,A+,24,123,478,519,136,88,41,1,6,66,59,24,0,59,1,9,7,14,1,2,0.284518828,sa327099
2008,Andy D'Alessio,SFG,A+,23,121,459,494,120,71,33,1,15,56,78,32,2,133,0,1,2,4,5,4,0.261437908,sa327106
2009,Christian Vitters,OAK,A+,24,82,305,342,66,41,12,5,8,33,39,25,3,80,3,3,6,10,4,2,0.216393442,sa327120
2008,Matt Repec,COL,A+,24,112,400,443,99,69,18,2,10,43,57,31,0,115,3,3,6,5,2,2,0.2475,sa327137
2008,Justin Fuller,LAD,A+,24,55,179,217,43,32,7,4,0,28,9,22,1,42,5,1,9,3,5,5,0.240223463,sa327141
2008,Keoni Ruth,SDP,A+,23,82,301,319,74,57,12,0,5,38,35,13,0,31,3,1,1,13,2,0,0.245847176,sa327162
2009,Keoni Ruth,SDP,A+,24,90,343,370,96,76,18,2,0,36,30,18,0,36,3,1,5,14,5,2,0.279883381,sa327162
2007,Michael Rivera,LAD,A+,22,20,43,52,10,7,3,0,0,6,4,7,0,12,1,1,0,1,3,3,0.232558139,sa327171
2008,Tyler Jones,ARI,A+,24,41,133,149,30,20,4,2,4,15,17,11,0,26,1,1,3,3,6,3,0.225563909,sa327189
2009,Austin Rauch,COL,A+,21,11,25,28,3,2,1,0,0,0,0,3,0,10,0,0,0,1,1,0,0.12,sa327457
2008,Gavin Dickey,SEA,A+,24,41,132,149,32,22,9,0,1,23,15,5,0,27,8,2,1,1,10,3,0.242424242,sa327649
2009,Andrew Fie,ARI,A+,21,45,174,187,36,23,12,0,1,14,18,11,0,62,0,1,1,2,0,0,0.206896551,sa327667
2008,Bobby Felmy,SFG,A+,24,126,481,532,136,102,25,3,6,63,58,35,1,79,8,3,5,8,18,7,0.282744282,sa327718
2007,Ryan Khoury,BOS,A+,23,98,380,444,114,73,29,1,11,82,69,49,1,78,8,7,0,16,3,1,0.3,sa327720
2012,Nick Akins,LAD,A+,24,29,102,109,25,19,4,0,2,13,8,5,1,20,1,0,1,3,1,0,0.245098039,sa327729
2007,Brad Boyer,SFG,A+,23,89,303,344,75,55,14,5,1,45,27,23,1,57,6,4,8,3,20,2,0.247524752,sa327733
2008,Brad Boyer,SFG,A+,24,75,264,313,92,68,12,5,7,42,45,36,1,53,6,1,6,5,15,5,0.348484848,sa327733
2009,Eric Taylor,HOU,A+,23,9,27,33,5,4,1,0,0,1,4,4,0,7,2,0,0,0,1,0,0.185185185,sa327758
2009,Todd Johnson,OAK,A+,24,110,416,463,110,74,29,2,5,45,54,37,1,91,4,5,1,5,2,7,0.264423076,sa327778
2007,Jeff Kindel,COL,A+,24,126,477,534,151,96,34,7,14,79,83,41,4,81,7,6,3,7,3,4,0.316561844,sa327780
2008,Anthony Jackson,COL,A+,24,107,430,481,128,99,21,7,1,71,39,29,0,85,15,3,4,3,39,9,0.297674418,sa327792
2008,Matt Berezay,LAD,A+,24,90,337,380,84,51,13,9,11,41,58,35,0,82,3,1,4,5,7,2,0.24925816,sa327793
2009,Michael Ambort,SFG,A+,24,29,106,111,32,24,7,0,1,13,11,3,0,17,2,0,0,3,0,0,0.301886792,sa327808
2008,Victor Ferrante,COL,A+,23,117,431,489,107,72,19,5,11,55,62,46,3,111,8,3,1,14,9,2,0.24825986,sa327821
2011,Griff Erickson,LAD,A+,23,63,226,273,69,43,16,4,6,37,40,41,1,42,1,4,1,3,3,2,0.305309734,sa327827
2008,Jorge Jimenez,BOS,A+,23,70,267,304,94,69,20,1,4,47,42,26,0,31,8,3,0,3,1,0,0.352059925,sa327863
2007,Blake Sharpe,ARI,A+,23,14,50,58,15,11,3,0,1,4,8,4,0,8,2,0,2,1,1,0,0.3,sa327886
2009,Cody Podraza,TEX,A+,21,11,24,27,7,5,1,0,1,6,3,1,0,5,0,1,1,0,1,1,0.291666666,sa327888
2010,Cody Podraza,TEX,A+,22,37,129,143,38,26,9,1,2,23,23,8,0,27,1,4,1,2,5,0,0.294573643,sa327888
2007,Michael Affronti,OAK,A+,23,26,109,122,35,26,5,2,2,18,12,7,0,20,2,3,1,1,2,1,0.321100917,sa328010
2008,Michael Affronti,OAK,A+,24,70,273,301,74,54,13,2,5,33,26,13,1,39,8,4,3,8,4,2,0.271062271,sa328010
2007,Tadd Brewer,LAA,A+,23,46,144,166,30,23,5,2,0,19,14,12,0,37,4,1,5,1,3,2,0.208333333,sa328017
2008,Tadd Brewer,LAA,A+,24,25,81,90,14,10,2,1,1,8,7,5,0,19,0,0,4,1,0,1,0.172839506,sa328017
2010,Miguel Velazquez,TEX,A+,22,48,189,207,51,39,6,1,5,27,25,12,0,38,6,0,0,5,3,1,0.269841269,sa328071
2006,Johan Limonta,SEA,A+,22,8,26,28,12,10,0,1,1,3,5,1,0,3,1,0,0,0,0,0,0.461538461,sa328092
2007,Johan Limonta,SEA,A+,23,129,474,536,142,101,21,8,12,72,72,49,7,91,5,7,1,6,2,5,0.299578059,sa328092
2008,Johan Limonta,SEA,A+,24,31,119,140,38,23,11,2,2,26,20,20,0,32,0,1,0,2,1,1,0.319327731,sa328092
2008,Larry Cobb,OAK,A+,22,5,17,22,2,2,0,0,0,1,3,4,0,4,0,1,0,1,0,1,0.117647058,sa328116
2009,Larry Cobb,OAK,A+,23,21,68,78,15,11,1,0,3,9,5,5,0,20,4,0,1,0,1,2,0.220588235,sa328116
2007,Esteban Lopez,LAD,A+,23,10,19,22,4,2,0,1,1,5,2,2,0,8,0,1,0,2,0,0,0.210526315,sa328146
2008,Esteban Lopez,LAD,A+,24,43,141,157,34,25,8,0,1,17,13,13,0,42,2,1,0,6,0,1,0.241134751,sa328146
2008,Jay Cox,COL,A+,23,99,360,388,90,51,28,4,7,43,48,21,2,112,1,2,4,7,1,5,0.25,sa328149
2009,Jay Cox,COL,A+,24,111,388,442,114,74,22,6,12,58,51,44,4,102,4,3,3,4,8,3,0.293814432,sa328149
2009,Derrick Walker,ARI,A+,23,62,210,237,42,37,5,0,0,22,18,25,0,66,1,1,0,7,12,7,0.2,sa328194
2012,Rafael Valenzuela,HOU,A+,24,73,275,305,78,54,14,4,6,45,35,24,1,48,4,1,1,8,11,4,0.283636363,sa328241
2008,Tyson Gillies,SEA,A+,19,11,30,33,7,6,0,1,0,4,1,1,0,6,1,0,1,0,1,1,0.233333333,sa328244
2009,Tyson Gillies,SEA,A+,20,124,498,593,170,130,17,14,9,104,42,60,5,81,18,1,16,6,44,19,0.341365461,sa328244
2011,Dillon Baird,LAA,A+,23,50,174,192,45,23,16,1,5,26,27,15,1,48,0,2,1,6,1,1,0.258620689,sa328255
2010,Dillon Baird,LAA,A+,22,85,322,353,87,50,24,0,13,45,58,23,2,86,4,4,0,10,3,3,0.270186335,sa328255
2011,Terrell Alliman,LAA,A+,22,9,28,32,2,2,0,0,0,2,1,3,0,8,0,0,1,0,1,0,0.071428571,sa328324
2008,Jeremy Hunt,SDP,A+,24,101,350,405,93,58,22,2,11,45,52,41,2,63,9,5,0,14,1,2,0.265714285,sa328325
2011,Nick Liles,SFG,A+,23,78,288,315,81,61,16,2,2,30,37,17,0,38,1,6,3,5,6,0,0.28125,sa328424
2008,Ogui Diaz,SEA,A+,22,80,274,286,67,54,10,0,3,37,27,6,0,57,3,3,0,3,15,4,0.244525547,sa328438
2008,Kuo Hui Lo,SEA,A+,22,82,317,353,80,53,14,5,8,51,53,24,0,79,4,5,3,8,20,12,0.25236593,sa328442
2009,Kuo Hui Lo,SEA,A+,23,99,376,416,104,65,13,12,14,61,70,26,1,78,5,7,2,6,13,9,0.276595744,sa328442
2010,Kuo Hui Lo,SEA,A+,24,31,107,122,24,15,7,2,0,13,16,12,0,20,0,1,2,2,6,2,0.224299065,sa328442
2009,Julio Perez,LAA,A+,23,82,310,336,82,52,17,3,10,46,51,16,2,74,2,6,2,9,8,6,0.264516129,sa328447
2010,Scott Robinson,COL,A+,21,105,386,410,88,58,22,6,2,50,38,11,0,95,4,4,5,3,27,9,0.227979274,sa328459
2011,Scott Robinson,COL,A+,22,89,303,335,68,46,17,3,2,44,36,20,0,86,3,4,5,1,24,7,0.224422442,sa328459
2012,Scott Robinson,COL,A+,23,11,33,38,5,4,0,1,0,3,0,2,0,11,2,0,1,1,3,2,0.151515151,sa328459
2007,Nickolas Cadena,TEX,A+,24,48,157,172,34,22,5,1,6,15,22,11,0,54,3,1,0,6,0,1,0.216560509,sa328468
2007,Ryan Rogowski,LAD,A+,23,121,423,489,107,68,27,9,3,60,46,54,1,77,8,2,2,7,39,7,0.252955082,sa328470
2008,Ryan Rogowski,LAD,A+,24,74,281,327,76,58,13,3,2,48,35,37,1,37,2,2,5,1,30,7,0.270462633,sa328470
2009,Ronald Ramirez,HOU,A+,23,43,142,153,34,24,10,0,0,13,13,6,0,41,3,0,2,1,0,0,0.239436619,sa328601
2008,Francisco Lizarraga,LAD,A+,22,13,38,47,6,5,0,1,0,2,4,4,0,10,1,0,4,0,0,0,0.157894736,sa328616
2009,Jovanny Rosario,LAD,A+,24,18,75,78,18,14,2,2,0,5,2,3,0,15,0,0,0,0,9,0,0.24,sa328617
2008,Fernando Encarnacion,SEA,A+,22,17,47,50,12,6,5,0,1,4,8,1,0,9,1,1,0,1,0,0,0.255319148,sa328750
2010,Angel Castillo,LAA,A+,21,127,467,522,121,75,22,3,21,72,70,41,0,140,7,5,2,8,12,6,0.259100642,sa328819
2009,Carlos Colmenares,LAA,A+,23,93,302,342,90,63,21,6,0,43,29,26,1,53,2,1,11,7,8,6,0.298013245,sa328821
2010,Carlos Colmenares,LAA,A+,24,7,28,29,9,6,2,1,0,4,8,0,0,6,1,0,0,0,3,0,0.321428571,sa328821
2007,Carlos Arrieche,OAK,A+,22,9,32,34,5,4,1,0,0,3,2,0,0,9,1,0,1,1,1,1,0.15625,sa328825
2008,Carlos Arrieche,OAK,A+,23,24,80,86,18,12,6,0,0,8,7,1,0,19,3,1,1,0,0,0,0.225,sa328825
2010,Jose R. Flores,SFG,A+,22,96,359,390,119,92,15,6,6,58,54,25,1,41,4,0,2,9,9,6,0.331476323,sa328831
2011,Jose R. Flores,SFG,A+,23,52,180,208,42,31,9,0,2,23,21,25,0,35,1,2,0,8,0,0,0.233333333,sa328831
2008,Gerardo Avila,SEA,A+,21,9,33,36,10,7,0,2,1,5,3,2,1,9,0,1,0,1,0,0,0.303030303,sa328834
2006,Alex Meneses,SEA,A+,22,32,115,136,31,27,4,0,0,11,7,17,0,23,2,0,2,7,1,2,0.269565217,sa328838
2007,Alex Meneses,SEA,A+,23,22,51,65,9,7,2,0,0,9,4,10,0,15,1,1,2,1,1,0,0.176470588,sa328838
2009,Felix Carrasco,SDP,A+,22,115,416,480,105,68,24,4,9,49,69,54,5,132,6,3,1,12,6,6,0.252403846,sa328840
2010,Andres James,TEX,A+,22,106,353,373,99,80,17,1,1,48,26,10,0,75,0,2,8,6,16,4,0.280453257,sa328845
2009,Steve Brown,HOU,A+,22,7,30,30,6,1,2,0,3,4,6,0,0,10,0,0,0,0,0,0,0.2,sa328854
2010,Johermyn Chavez,SEA,A+,21,136,534,605,168,99,30,7,32,109,96,52,2,131,13,3,3,13,6,9,0.314606741,sa328855
2008,Chih-Hsien Chiang,BOS,A+,20,83,320,344,97,67,19,2,9,47,59,18,0,52,1,5,0,5,2,1,0.303125,sa328920
2006,Matthew Singleton,OAK,A+,23,26,93,105,17,14,1,0,2,12,14,9,0,32,0,0,3,2,1,0,0.182795698,sa328947
2008,Justin Brashear,ARI,A+,23,26,82,99,16,10,5,0,1,11,8,17,0,27,0,0,0,2,1,0,0.195121951,sa328995
2009,Elio Sarmiento,TEX,A+,23,58,183,208,63,46,12,3,2,33,25,19,0,35,4,1,1,2,3,2,0.344262295,sa328997
2008,Elio Sarmiento,SFG,A+,22,26,68,77,17,12,4,0,1,7,7,4,0,13,3,1,1,1,0,0,0.25,sa328997
2009,Gabe Ortiz,OAK,A+,23,12,42,46,11,9,2,0,0,6,3,4,0,14,0,0,0,3,4,1,0.261904761,sa329062
2008,Wilberto Ortiz,LAA,A+,23,60,231,249,62,43,15,2,2,29,29,12,0,34,2,3,1,9,10,3,0.268398268,sa329326
2009,Yefri Carvajal,SDP,A+,20,61,229,243,60,42,13,1,4,24,29,11,0,35,0,1,2,11,6,5,0.262008733,sa329501
2010,Yefri Carvajal,SDP,A+,21,56,182,197,36,28,4,1,3,21,24,7,1,35,1,6,1,10,3,1,0.197802197,sa329501
2008,Renny Osuna,TEX,A+,23,62,259,284,82,62,18,1,1,45,23,22,1,38,1,1,1,2,6,3,0.316602316,sa330039
2009,Renny Osuna,TEX,A+,24,42,165,188,42,34,6,1,1,20,12,15,3,21,1,3,4,3,4,1,0.254545454,sa330039
2007,John Brummett,OAK,A+,23,18,48,55,7,5,2,0,0,4,3,4,0,22,2,1,0,0,0,0,0.145833333,sa330401
2009,David Paisano,TEX,A+,21,38,158,179,40,26,11,0,3,31,12,17,0,44,4,0,0,2,1,0,0.253164556,sa355427
2010,David Paisano,TEX,A+,22,131,532,576,148,114,23,5,6,71,49,37,0,113,6,0,1,10,19,5,0.278195488,sa355427
2010,Luis Nunez,SEA,A+,23,18,51,54,11,11,0,0,0,11,5,2,0,11,0,0,1,2,2,1,0.215686274,sa381342
2011,Kalian Sams,SEA,A+,24,20,60,63,12,2,3,1,6,11,10,3,0,26,0,0,0,2,1,1,0.2,sa381343
2006,Wilver Perez,KCR,A+,22,98,351,404,93,72,13,3,5,55,31,39,0,79,6,3,5,9,9,6,0.264957264,sa381480
2007,Edilio Colina,SEA,A+,18,17,61,67,13,11,2,0,0,8,5,4,0,1,2,0,0,3,0,1,0.213114754,sa383624
2009,Edilio Colina,SEA,A+,20,110,444,507,120,92,26,0,2,67,51,37,0,52,10,5,10,9,9,7,0.27027027,sa383624
2010,Edilio Colina,SEA,A+,21,114,452,521,131,99,28,1,3,90,40,33,0,48,23,3,10,13,13,6,0.289823008,sa383624
2007,Nick Haley,COL,A+,23,50,163,202,49,40,8,1,0,35,15,32,0,26,2,0,5,0,3,4,0.300613496,sa388360
2008,Nick Haley,COL,A+,24,101,338,410,82,65,14,2,1,48,33,52,3,78,6,3,11,7,14,8,0.24260355,sa388360
2012,Bobby Coyle Jr.,LAD,A+,23,56,201,213,76,49,17,2,8,34,32,11,0,18,0,1,0,2,3,1,0.378109452,sa388372
2013,Bobby Coyle Jr.,LAD,A+,24,56,210,228,56,33,6,2,15,29,26,12,0,47,2,4,0,3,1,2,0.266666666,sa388372
2009,Brad Chalk,SDP,A+,23,130,525,585,158,123,21,12,2,95,63,41,0,72,6,2,11,4,33,8,0.30095238,sa388376
2010,Brad Chalk,SDP,A+,24,26,94,103,18,15,2,1,0,7,10,7,0,14,0,0,2,2,1,0,0.191489361,sa388376
2009,Taylor Harbin,ARI,A+,23,127,529,573,137,93,27,3,14,70,60,26,0,91,10,3,5,9,12,7,0.258979206,sa388380
2009,Doug Hogan,TEX,A+,24,9,32,36,5,1,4,0,0,4,1,3,0,14,1,0,0,0,1,0,0.15625,sa388381
2009,Danny Payne,SDP,A+,23,114,364,451,89,56,22,3,8,69,41,79,2,106,3,3,2,5,18,9,0.244505494,sa388383
2010,Danny Payne,SDP,A+,24,22,64,74,10,8,1,0,1,12,8,7,0,25,2,1,0,1,2,0,0.15625,sa388383
2009,Matt Lawson,TEX,A+,23,131,478,545,140,102,26,2,10,69,57,32,0,127,14,8,13,4,8,5,0.292887029,sa388392
2009,Jessie Mier,LAD,A+,24,35,111,124,25,18,4,0,3,11,7,9,0,21,0,0,4,2,4,0,0.225225225,sa388403
2008,Brian Walker,LAA,A+,22,52,179,195,47,30,9,0,8,19,26,12,0,55,0,2,2,6,1,2,0.262569832,sa388838
2009,Brian Walker,LAA,A+,23,38,117,129,34,22,7,0,5,10,21,6,1,40,1,3,2,2,1,2,0.29059829,sa388838
2009,Justin Baum,SDP,A+,23,42,136,156,29,17,10,0,2,18,15,14,0,27,1,3,2,3,0,0,0.213235294,sa388958
2008,Brian Joynt,SDP,A+,23,76,283,328,86,44,28,1,13,63,67,35,0,61,3,4,0,6,5,1,0.303886925,sa388984
2009,Brian Joynt,SDP,A+,24,28,112,118,29,15,6,2,6,17,19,4,0,36,1,1,0,1,1,0,0.258928571,sa388984
2008,Robert Blauer,SDP,A+,22,11,32,36,7,2,3,0,2,6,5,3,0,6,0,1,0,0,0,0,0.21875,sa388986
2008,Davis Stoneburner,TEX,A+,23,23,72,77,16,10,4,0,2,12,10,4,0,17,1,0,0,0,2,0,0.222222222,sa389184
2009,Davis Stoneburner,TEX,A+,24,106,418,463,114,73,33,2,6,56,54,29,0,79,10,2,4,4,9,2,0.272727272,sa389184
2008,Kellen Kulbacki,SDP,A+,22,84,304,362,101,63,18,0,20,62,66,47,2,52,7,4,0,2,1,2,0.332236842,sa389185
2008,Chris Gradoville,TEX,A+,23,71,265,284,82,57,20,1,4,32,26,7,1,41,8,3,1,8,0,1,0.309433962,sa389189
2008,Austin Gallagher,LAD,A+,19,78,307,346,90,51,33,1,5,36,55,29,1,73,1,7,0,7,1,4,0.293159609,sa389210
2010,Austin Gallagher,LAD,A+,21,111,422,466,123,89,26,2,6,47,64,38,3,78,2,4,0,6,0,2,0.291469194,sa389210
2011,Austin Gallagher,LAD,A+,22,111,390,460,114,80,19,2,13,73,62,62,1,70,1,5,0,11,0,1,0.292307692,sa389210
2012,Austin Gallagher,LAD,A+,23,105,374,436,106,63,27,1,15,58,74,58,0,82,3,1,0,7,2,5,0.283422459,sa389210
2012,Chris Jacobs,LAD,A+,23,87,300,337,82,50,15,0,17,49,49,31,1,103,6,0,0,4,2,1,0.273333333,sa389213
2013,Chris Jacobs,LAD,A+,24,73,248,294,71,43,13,1,14,42,40,34,0,96,7,5,0,6,3,0,0.286290322,sa389213
2008,Aaron Reza,BOS,A+,23,101,349,400,90,65,15,4,6,51,36,39,0,70,10,2,0,8,3,0,0.257879656,sa389231
2009,Joseph Dunigan,SEA,A+,23,118,456,506,134,72,28,4,30,83,104,43,4,129,2,3,2,11,20,8,0.293859649,sa389233
2012,Travis Mattair,CIN,A+,23,126,492,550,135,82,31,3,19,73,82,50,0,119,4,4,0,12,3,6,0.274390243,sa389235
2008,Alex Garabedian,LAD,A+,22,13,42,45,4,3,0,1,0,2,1,1,0,11,0,0,2,1,1,0,0.095238095,sa389261
2009,Alex Garabedian,LAD,A+,23,84,280,323,66,47,12,1,6,34,35,38,0,62,2,1,2,6,1,1,0.235714285,sa389261
2010,Alex Garabedian,LAD,A+,24,23,84,93,27,20,6,0,1,6,14,8,2,15,0,1,0,1,0,1,0.321428571,sa389261
2009,Grant Desme,OAK,A+,23,62,227,264,69,33,12,4,20,49,51,33,2,67,3,1,0,3,16,5,0.303964757,sa389287
2008,Jaime Pedroza,LAD,A+,21,128,479,535,139,92,31,7,9,78,57,33,0,120,8,6,9,7,25,11,0.290187891,sa389397
2011,Jaime Pedroza,LAD,A+,24,30,108,127,30,18,7,1,4,18,26,12,1,22,5,0,2,4,2,0,0.277777777,sa389397
2008,Michael Mee,ARI,A+,24,39,131,160,35,25,8,0,2,18,21,26,0,24,2,1,0,10,0,1,0.267175572,sa389419
2010,Scott Savastano,SEA,A+,24,25,88,102,28,20,6,0,2,10,13,9,1,11,2,1,2,1,2,1,0.318181818,sa389423
2008,Mark Hallberg,ARI,A+,22,69,272,311,77,62,10,2,3,42,29,30,0,28,3,3,3,9,5,2,0.283088235,sa389690
2007,Robert Perry,SDP,A+,22,19,81,94,21,13,4,2,2,14,12,9,0,14,0,2,2,2,3,1,0.259259259,sa389727
2008,Robert Perry,SDP,A+,23,38,115,146,19,13,5,1,0,14,11,23,0,17,5,2,1,0,3,2,0.165217391,sa389727
2009,Robert Perry,SDP,A+,24,26,70,84,12,5,3,2,2,14,8,6,0,20,7,1,0,1,1,0,0.171428571,sa389727
2009,Michael Richard,OAK,A+,24,95,345,413,92,76,15,0,1,60,20,51,2,59,9,0,8,11,24,11,0.266666666,sa389785
2010,Dusty Napoleon,OAK,A+,24,11,28,41,4,4,0,0,0,3,1,12,0,9,1,0,0,3,0,0,0.142857142,sa389788
2009,Mike Bianucci,TEX,A+,23,50,198,218,46,22,8,1,15,35,41,14,0,69,3,3,0,0,1,0,0.232323232,sa389801
2010,Mike Bianucci,TEX,A+,24,120,462,507,119,76,23,2,18,66,72,31,0,114,5,4,5,7,0,3,0.257575757,sa389801
2009,Brian Pellegrini,HOU,A+,24,30,105,122,18,8,3,0,7,17,15,15,0,40,2,0,0,4,0,0,0.171428571,sa389809
2009,Craig Corrado,HOU,A+,24,112,417,444,103,79,17,5,2,35,36,15,0,79,2,3,7,13,14,10,0.247002398,sa389814
2009,Jonathon Fixler,HOU,A+,23,21,67,78,16,12,2,1,1,5,10,7,0,12,1,3,0,3,1,0,0.23880597,sa389825
2009,Jonathan Greene,TEX,A+,23,109,411,467,112,64,27,1,20,60,77,28,3,124,21,6,1,3,3,0,0.272506082,sa389860
2010,Jonathan Greene,TEX,A+,24,18,65,76,17,8,3,2,4,11,14,5,1,22,4,2,0,1,0,1,0.261538461,sa389860
2008,Matt Smith,OAK,A+,22,7,20,25,3,3,0,0,0,2,1,2,0,4,2,1,0,0,0,0,0.15,sa389875
2009,Matt Smith,OAK,A+,23,90,316,352,69,50,13,1,5,29,38,30,0,64,3,3,0,15,1,1,0.21835443,sa389875
2011,Jordan Wideman,CIN,A+,22,26,78,91,14,9,3,0,2,7,10,8,0,17,2,1,2,4,0,0,0.179487179,sa389881
2009,Jeffrey Cunningham,COL,A+,23,102,317,361,79,42,21,7,9,54,52,30,2,101,6,7,1,6,1,2,0.249211356,sa389894
2010,Adam Zornes,SDP,A+,24,30,112,129,20,13,3,1,3,11,10,13,0,51,4,0,0,3,1,0,0.178571428,sa389907
2010,Wendell Fairley,SFG,A+,22,115,391,440,114,97,15,1,1,42,46,29,1,86,15,2,3,11,10,6,0.291560102,sa389910
2011,Wendell Fairley,SFG,A+,23,60,208,242,51,41,7,1,2,28,21,20,1,39,7,2,5,1,3,1,0.245192307,sa389910
2009,Michael Mitchell,COL,A+,23,118,340,387,77,65,10,1,1,48,34,31,0,75,7,1,8,6,24,7,0.226470588,sa389918
2010,Michael Mitchell,COL,A+,24,17,65,78,19,16,3,0,0,13,6,9,0,13,0,2,2,1,9,1,0.292307692,sa389918
2008,Mitch Canham,SDP,A+,23,113,417,488,119,78,28,5,8,65,81,66,0,73,1,3,1,7,13,1,0.285371702,sa389920
2010,Drew Cumberland,SDP,A+,21,60,249,270,91,65,15,4,7,63,35,15,0,34,3,3,0,4,20,9,0.365461847,sa389927
2010,Matt Wallach,LAD,A+,24,67,243,266,64,40,12,4,8,40,31,15,1,38,4,3,1,7,0,3,0.263374485,sa389937
2009,Jay Brossman,LAA,A+,24,71,245,281,60,34,15,1,10,32,45,21,0,52,6,5,4,7,4,2,0.244897959,sa390229
2009,Hector Estrella,LAA,A+,24,90,315,366,83,62,14,3,4,48,45,42,1,52,5,3,1,8,9,6,0.263492063,sa390232
2009,Lars Davis,COL,A+,23,93,348,383,81,66,12,2,1,36,34,15,1,80,6,3,11,6,2,2,0.23275862,sa390233
2011,Rian Kiniry,LAA,A+,24,73,276,320,69,55,7,5,2,52,20,35,0,56,3,2,4,5,14,8,0.25,sa390280
2008,Rian Kiniry,LAA,A+,21,31,89,102,17,13,1,2,1,13,4,9,0,25,2,0,2,3,9,1,0.191011235,sa390280
2009,Rian Kiniry,LAA,A+,22,31,89,101,21,16,4,1,0,9,7,10,0,22,0,0,2,0,5,1,0.235955056,sa390280
2010,Rian Kiniry,LAA,A+,23,88,307,339,83,67,9,3,4,48,33,16,0,72,3,5,8,7,26,13,0.270358306,sa390280
2009,Warren Schaeffer,COL,A+,24,71,165,182,36,28,5,1,2,21,20,8,0,38,3,3,3,4,3,1,0.218181818,sa390281
2009,Dante Love,OAK,A+,22,12,39,43,8,7,1,0,0,1,7,2,0,5,0,0,2,0,0,0,0.205128205,sa390284
2008,Johnny Bowden,COL,A+,23,11,32,38,4,3,1,0,0,5,4,4,0,12,0,1,1,2,0,2,0.125,sa390288
2009,Brian Rike,COL,A+,23,104,368,426,72,38,18,5,11,44,59,34,2,147,7,8,9,7,4,3,0.195652173,sa390311
2010,Brian Rike,COL,A+,24,69,241,275,62,31,24,1,6,37,42,22,0,76,6,4,2,1,6,4,0.25726141,sa390311
2010,Denny Almonte,SEA,A+,21,127,494,526,126,76,22,6,22,71,76,25,1,192,2,2,3,3,13,6,0.255060728,sa390314
2011,Denny Almonte,SEA,A+,22,128,504,537,135,77,28,6,24,75,97,22,2,161,2,5,4,7,18,12,0.267857142,sa390314
2008,Matthew Spencer,OAK,A+,22,41,168,181,56,35,12,1,8,30,27,6,0,39,6,1,0,1,7,1,0.333333333,sa390327
2009,Matthew Spencer,OAK,A+,23,30,117,130,32,17,5,0,10,20,29,12,1,15,0,1,0,2,3,1,0.273504273,sa390327
2009,Tim Smith,TEX,A+,23,35,120,138,40,31,5,0,4,18,19,10,1,20,7,1,0,2,7,1,0.333333333,sa390330
2008,Josh Horton,OAK,A+,22,118,477,535,132,112,15,4,1,63,42,49,1,87,4,4,1,12,2,6,0.276729559,sa390360
2010,Josh Horton,OAK,A+,24,8,30,31,14,6,5,1,2,5,6,1,0,5,0,0,0,0,0,1,0.466666666,sa390360
2008,Daniel Carroll,SEA,A+,19,17,74,81,10,8,2,0,0,10,5,3,0,32,4,0,0,2,7,3,0.135135135,sa390372
2010,Daniel Carroll,SEA,A+,21,9,28,33,6,2,3,0,1,6,4,2,0,8,0,0,3,1,0,0,0.214285714,sa390372
2011,Daniel Carroll,SEA,A+,22,131,482,594,144,100,20,6,18,117,57,88,1,157,14,4,6,4,62,14,0.298755186,sa390372
2008,James McOwen,SEA,A+,22,126,490,548,129,89,24,9,7,76,51,44,0,103,1,2,8,7,30,13,0.263265306,sa390449
2009,James McOwen,SEA,A+,23,115,447,503,152,111,23,8,10,79,82,40,3,70,4,8,3,10,13,10,0.340044742,sa390449
2009,Sean Coughlin,ARI,A+,24,27,104,117,27,16,7,0,4,18,20,12,0,20,0,1,0,4,0,0,0.259615384,sa390594
2009,Sawyer Carroll,SDP,A+,23,37,147,174,47,25,15,5,2,28,42,22,1,33,1,4,0,2,4,2,0.319727891,sa390596
2008,Evan Frey,ARI,A+,22,56,229,272,68,55,5,5,3,44,18,37,1,46,3,2,1,0,17,5,0.296943231,sa390638
2008,Brock Bond,SFG,A+,22,45,155,183,46,40,6,0,0,26,19,20,0,31,5,0,3,6,9,3,0.296774193,sa390639
2012,B.J. Guinn,SDP,A+,23,14,44,47,10,10,0,0,0,4,2,2,0,7,1,0,0,4,0,2,0.227272727,sa390642
2013,B.J. Guinn,SDP,A+,24,96,321,371,81,56,13,8,4,44,45,32,0,79,4,4,10,3,7,8,0.252336448,sa390642
2009,Ramon Ramirez,ARI,A+,23,9,38,39,13,8,5,0,0,4,4,0,0,7,0,0,1,1,0,0,0.342105263,sa390702
2008,Peter Clifford,ARI,A+,24,131,476,564,134,77,41,5,11,81,75,75,2,126,8,5,0,5,11,8,0.281512605,sa390704
2009,Elijah Rumler,ARI,A+,24,75,268,306,55,40,12,0,3,29,20,18,0,41,14,1,5,11,3,4,0.20522388,sa390705
2008,Dom Duggan,SFG,A+,23,46,85,93,21,12,9,0,0,20,12,4,0,27,2,1,1,1,5,2,0.247058823,sa392049
2009,Shane Jordan,SFG,A+,24,64,156,175,37,30,5,2,0,20,11,14,0,25,1,0,4,0,5,4,0.237179487,sa392060
2012,Jaren Matthews,CIN,A+,23,25,91,97,20,13,6,0,1,6,11,4,0,23,1,0,1,1,3,2,0.219780219,sa392083
2011,Stephen Hunt,CIN,A+,22,105,378,419,110,72,27,3,8,44,59,36,3,96,1,1,3,6,3,3,0.291005291,sa392084
2012,Stephen Hunt,CIN,A+,23,50,176,200,36,25,8,1,2,12,20,18,1,28,3,2,1,1,0,1,0.204545454,sa392084
2011,Justin Bass,LAA,A+,22,53,180,206,52,39,10,2,1,24,20,15,1,22,4,3,4,6,7,4,0.288888888,sa392127
2009,Joe Becker,LAD,A+,23,11,42,47,12,9,2,1,0,6,6,5,0,9,0,0,0,1,1,1,0.285714285,sa392145
2008,Jacob Kaase,TEX,A+,22,25,93,98,27,25,1,0,1,11,6,3,0,17,0,1,1,1,3,1,0.29032258,sa392151
2009,Jacob Kaase,TEX,A+,23,47,177,191,47,33,12,0,2,23,20,5,1,23,1,3,5,2,2,0,0.265536723,sa392151
2010,Jacob Kaase,TEX,A+,24,76,245,276,59,41,12,0,6,29,30,21,1,51,3,1,6,4,2,0,0.240816326,sa392151
2009,Angel Mercado,SDP,A+,23,63,199,229,49,32,14,0,3,24,21,23,0,48,5,2,0,3,7,2,0.246231155,sa392154
2012,Michael Wing,SDP,A+,23,91,311,336,71,40,21,5,5,35,37,12,1,69,6,4,3,12,2,3,0.228295819,sa392185
2011,Michael Wing,LAA,A+,22,73,293,320,93,63,17,2,11,50,54,17,0,53,6,2,2,0,1,7,0.317406143,sa392185
2012,Chris Epps,HOU,A+,23,46,158,186,45,23,6,6,10,35,32,25,2,46,0,3,0,4,3,3,0.284810126,sa392214
2013,Chris Epps,HOU,A+,24,115,397,477,111,56,34,5,16,79,75,68,1,116,3,7,2,4,8,8,0.279596977,sa392214
2008,William Musselman,ARI,A+,23,9,26,31,4,4,0,0,0,3,1,4,0,9,0,1,0,1,0,1,0.153846153,sa392229
2009,Johan Garcia,LAD,A+,22,40,111,124,18,17,1,0,0,8,4,10,0,23,1,0,2,0,7,3,0.162162162,sa392354
2010,Johan Garcia,LAD,A+,23,78,250,268,64,46,14,2,2,27,26,11,0,46,0,2,5,6,9,3,0.256,sa392354
2010,Alfredo Silverio,LAD,A+,23,95,387,417,113,68,27,6,12,66,43,18,2,63,2,4,6,6,17,7,0.291989664,sa392355
2011,Jose Gualdron,CIN,A+,23,50,147,163,32,19,10,1,2,19,16,11,2,34,1,1,3,5,0,0,0.217687074,sa392407
2011,Carlos Mendez,CIN,A+,24,64,237,256,64,48,13,1,2,26,28,18,0,42,1,0,0,8,1,0,0.270042194,sa392408
2010,Ivan Contreras,LAA,A+,23,14,45,52,11,7,3,1,0,6,3,4,0,8,0,0,3,0,1,0,0.244444444,sa392739
2008,Anthony Norman,LAA,A+,23,118,374,456,96,56,16,9,15,77,44,66,0,76,10,1,5,2,36,6,0.256684491,sa392744
2009,Anthony Norman,LAA,A+,24,27,80,93,19,10,4,3,2,13,12,7,0,15,4,1,1,0,0,0,0.2375,sa392744
2010,Darwin Perez,LAA,A+,20,97,326,377,92,77,6,7,2,60,36,32,1,76,4,2,13,4,15,8,0.282208588,sa392746
2009,Ebert Rosario,HOU,A+,22,42,172,191,43,35,5,0,3,25,29,13,0,24,3,1,1,6,0,2,0.25,sa392772
2010,Ebert Rosario,HOU,A+,23,48,167,175,41,28,12,0,1,16,17,5,0,31,1,2,0,5,0,0,0.245508982,sa392772
2011,Leonardo Gil,OAK,A+,23,97,352,387,90,69,12,3,6,47,39,25,2,123,6,3,1,6,5,4,0.255681818,sa392778
2012,Leonardo Gil,OAK,A+,24,6,16,20,0,0,0,0,0,1,0,3,0,10,1,0,0,2,0,0,0,sa392778
2008,Juan Nunez,OAK,A+,20,11,24,29,1,1,0,0,0,2,0,5,0,9,0,0,0,0,1,0,0.041666666,sa392783
2011,Juan Nunez,OAK,A+,23,16,56,61,15,15,0,0,0,8,2,5,0,14,0,0,0,0,0,0,0.267857142,sa392783
2010,Victor Estevez,ARI,A+,21,20,72,77,14,11,3,0,0,2,5,3,1,16,1,0,0,1,0,1,0.194444444,sa392860
2009,Angel Villalona,SFG,A+,18,74,292,310,78,58,11,0,9,47,42,9,2,73,8,1,0,7,0,1,0.267123287,sa392874
2013,Angel Villalona,SFG,A+,22,73,284,309,65,35,16,0,14,37,42,15,1,76,6,4,0,6,0,0,0.228873239,sa392874
2015,Angel Villalona,SFG,A+,24,68,257,293,64,39,12,0,13,29,48,28,1,64,6,2,0,0,0,0,0.249027237,sa392874
2011,Mario Martinez,SEA,A+,21,109,432,466,120,84,22,3,11,64,56,19,2,137,6,7,2,7,2,1,0.277777777,sa392881
2012,Mario Martinez,SEA,A+,22,120,467,492,132,83,24,4,21,63,80,13,1,97,6,5,1,10,3,3,0.282655246,sa392881
2010,Maximo Mendez,SEA,A+,23,48,132,153,28,24,2,0,2,25,10,16,1,50,1,1,3,3,11,4,0.212121212,sa392884
2011,Anthony Phillips,SEA,A+,21,14,35,47,8,4,1,2,1,7,3,10,0,12,0,0,2,0,3,0,0.228571428,sa392886
2013,Anthony Phillips,SEA,A+,23,124,414,485,108,71,24,4,9,70,43,48,0,92,12,5,6,6,5,7,0.260869565,sa392886
2007,Aeden McQueary,SDP,A+,22,10,31,40,9,7,1,0,1,7,4,7,0,8,1,1,0,1,0,0,0.29032258,sa392928
2008,Aeden McQueary,SDP,A+,23,24,65,85,7,7,0,0,0,9,5,19,1,23,1,0,0,1,0,0,0.107692307,sa392928
2011,Jeudy Valdez,SDP,A+,22,122,516,560,152,93,37,7,15,93,92,31,0,108,5,3,5,3,34,11,0.294573643,sa392932
2009,Eric Fry,TEX,A+,21,11,40,46,6,2,3,1,0,2,0,1,0,15,4,0,1,0,0,0,0.15,sa392963
2011,Carlos Martinez,COL,A+,22,79,236,267,50,32,11,1,6,25,28,19,0,63,6,3,3,8,7,6,0.211864406,sa392984
2008,James Davenport,SEA,A+,23,31,94,100,26,17,6,3,0,12,7,1,0,29,3,1,1,2,4,1,0.276595744,sa394386
2011,Edinson Rincon,SDP,A+,20,74,298,340,98,65,24,1,8,54,50,32,0,59,4,6,0,2,1,1,0.32885906,sa397812
2010,Albert Cartwright,HOU,A+,22,92,354,394,113,64,26,13,10,72,48,33,0,80,3,1,2,8,24,12,0.319209039,sa397967
2009,Jose Heberto Felix,TEX,A+,21,90,320,348,77,61,15,1,0,35,34,16,0,45,3,2,7,6,0,2,0.240625,sa447630
2010,Jose Heberto Felix,TEX,A+,22,73,248,277,70,54,13,1,2,27,31,17,0,25,1,4,7,8,2,0,0.282258064,sa447630
2010,Jay Austin,HOU,A+,19,131,532,587,139,91,25,13,10,83,59,39,0,126,3,3,10,11,54,20,0.261278195,sa454430
2011,Jay Austin,HOU,A+,20,74,315,350,81,57,17,4,3,47,37,29,0,73,1,4,1,5,17,11,0.257142857,sa454430
2010,Dennis Raben,SEA,A+,22,40,160,179,57,32,10,3,12,35,43,15,0,47,2,2,0,3,0,0,0.35625,sa454440
2011,Dennis Raben,SEA,A+,23,76,309,347,102,58,23,3,18,61,75,28,2,76,4,5,1,11,2,1,0.330097087,sa454440
2012,Dennis Raben,SEA,A+,24,66,258,303,70,43,16,2,9,52,44,36,2,63,7,0,2,7,3,0,0.271317829,sa454440
2010,Petey Paramore,OAK,A+,23,46,149,184,38,28,7,0,3,18,23,34,1,37,0,1,0,2,0,1,0.255033557,sa454459
2011,Petey Paramore,OAK,A+,24,31,119,138,28,19,2,0,7,19,21,14,0,25,2,3,0,5,0,0,0.235294117,sa454459
2012,Niko Vasquez,CIN,A+,23,66,238,272,56,32,18,2,4,35,22,30,1,40,1,0,3,6,1,0,0.235294117,sa454460
2010,Kyle Russell,LAD,A+,24,53,198,239,70,39,11,4,16,42,53,32,1,64,5,4,0,0,8,3,0.353535353,sa454496
2009,T.J. Steele,HOU,A+,22,50,194,208,67,43,11,8,5,41,40,9,0,40,4,1,0,3,8,6,0.345360824,sa454522
2009,Ryne White,ARI,A+,22,116,418,491,111,86,18,1,6,62,52,65,2,87,6,2,0,14,3,3,0.265550239,sa454538
2010,Erik Wetzel,COL,A+,23,97,328,373,91,80,11,0,0,47,36,34,0,54,1,2,8,5,19,12,0.277439024,sa454548
2010,Jason Christian,OAK,A+,23,12,37,44,6,6,0,0,0,5,2,7,0,10,0,0,0,1,1,1,0.162162162,sa454572
2011,Jason Christian,OAK,A+,24,40,143,156,37,30,2,2,3,19,19,11,0,43,0,2,0,3,6,1,0.258741258,sa454572
2009,Garett Green,LAD,A+,24,49,151,175,33,26,3,0,4,18,25,17,0,46,1,3,3,4,0,2,0.218543046,sa454582
2010,Roberto Lopez,LAA,A+,24,46,182,211,63,38,19,1,5,33,42,13,0,35,10,6,0,2,5,2,0.346153846,sa454598
2010,Gabe Jacobo,LAA,A+,23,133,541,583,160,105,26,7,22,82,107,24,1,94,9,6,3,8,6,9,0.295748613,sa454609
2009,David Flores,HOU,A+,22,72,264,283,64,40,18,2,4,28,26,5,0,47,12,0,2,8,4,2,0.242424242,sa454611
2010,David Flores,HOU,A+,23,115,424,467,114,75,24,1,14,67,57,22,0,66,15,6,0,10,3,2,0.268867924,sa454611
2011,David Flores,HOU,A+,24,50,183,207,57,31,14,0,12,38,48,17,0,33,2,3,0,5,0,2,0.311475409,sa454611
2011,Rene Garcia,HOU,A+,21,86,297,326,72,58,11,2,1,26,27,17,0,41,3,3,6,12,3,2,0.242424242,sa454693
2012,Rene Garcia,HOU,A+,22,60,215,230,60,47,13,0,0,23,22,6,0,24,4,2,3,8,1,1,0.279069767,sa454693
2011,Alex Buchholz,CIN,A+,23,92,342,380,97,73,15,1,8,47,42,27,0,35,2,5,4,15,6,8,0.28362573,sa454711
2010,Tony Delmonico,LAD,A+,23,60,194,243,55,49,3,0,3,25,16,36,1,35,9,0,4,4,4,1,0.283505154,sa454730
2011,Tony Delmonico,LAD,A+,24,111,396,484,106,70,22,2,12,66,63,57,1,99,23,5,3,7,1,2,0.267676767,sa454730
2011,Luke Anders,SFG,A+,24,106,378,426,93,54,24,2,13,62,50,41,1,91,4,0,3,7,1,1,0.246031746,sa454737
2011,Kiel Roling,COL,A+,24,105,412,463,104,62,24,2,16,74,58,41,1,118,6,3,1,6,3,3,0.252427184,sa454751
2014,Bengie Gonzalez,SDP,A+,24,102,376,439,115,81,28,3,3,61,41,45,0,62,3,4,11,5,13,7,0.305851063,sa454764
2009,Jon Gaston,HOU,A+,22,139,518,607,144,63,31,15,35,119,100,71,4,164,8,10,0,3,14,4,0.277992277,sa454776
2009,C.J. Ziegler,SFG,A+,23,45,160,179,42,28,9,0,5,21,28,16,0,35,0,3,0,7,0,0,0.2625,sa454779
2011,Mitchl LeVier,OAK,A+,23,99,367,395,80,48,14,3,15,45,48,22,4,102,3,3,0,4,2,3,0.217983651,sa454850
2012,Mitchl LeVier,OAK,A+,24,37,146,158,35,23,7,0,5,13,18,10,0,36,1,1,0,3,1,1,0.239726027,sa454850
2009,David Thomas,OAK,A+,22,46,165,195,36,26,6,2,2,22,19,16,0,42,6,2,6,3,3,1,0.218181818,sa454851
2010,David Thomas,OAK,A+,23,65,223,261,52,32,14,4,2,40,30,22,0,41,10,1,5,3,6,5,0.233183856,sa454851
2011,Matt Long,LAA,A+,24,121,481,558,145,89,29,11,16,104,73,56,4,86,10,6,5,6,26,12,0.301455301,sa454873
2010,Adam Younger,LAA,A+,24,21,61,75,16,7,4,3,2,9,8,8,0,24,3,0,3,0,1,2,0.262295081,sa454900
2010,Mike Zuanich,COL,A+,23,59,197,228,64,45,16,0,3,30,26,25,0,46,5,1,0,4,4,0,0.324873096,sa454907
2011,Mike Zuanich,COL,A+,24,58,224,265,82,43,23,2,14,59,49,30,3,59,8,2,1,3,4,3,0.366071428,sa454907
2008,Adam Cobb,TEX,A+,22,11,34,34,7,6,1,0,0,0,0,0,0,9,0,0,0,0,0,1,0.205882352,sa454935
2009,David Cooper,ARI,A+,24,76,248,296,56,53,2,1,0,34,26,39,1,54,3,0,6,9,16,6,0.225806451,sa454945
2010,Nate Tenbrink,SEA,A+,23,44,175,201,66,42,10,5,9,38,42,22,1,33,1,0,3,1,14,1,0.377142857,sa454946
2010,Byron Wiley,ARI,A+,23,10,36,43,10,9,0,0,1,9,7,7,0,11,0,0,0,1,2,1,0.277777777,sa454947
2009,Christopher Jackson,HOU,A+,22,58,197,217,36,27,7,1,1,22,15,11,0,61,4,1,4,7,3,3,0.182741116,sa454963
2010,Jared Bolden,TEX,A+,23,62,169,185,37,30,5,1,1,21,15,14,0,41,0,1,1,2,4,3,0.218934911,sa454964
2008,Erik Morrison,TEX,A+,22,32,106,121,25,18,4,0,3,12,11,13,0,27,0,1,0,1,2,0,0.235849056,sa454966
2009,Erik Morrison,TEX,A+,23,9,31,36,10,6,3,0,1,7,2,4,0,11,0,0,1,0,1,0,0.322580645,sa454966
2010,Erik Morrison,TEX,A+,24,83,297,319,72,45,14,0,13,37,45,13,2,58,4,3,2,3,2,4,0.242424242,sa454966
2009,Beamer Weems,SDP,A+,21,108,359,456,91,64,21,3,3,61,44,76,0,76,13,1,5,6,10,5,0.253481894,sa454985
2009,Kyle Greene,ARI,A+,23,125,460,520,109,70,25,3,11,53,77,44,1,149,10,6,0,8,0,2,0.236956521,sa455037
2010,Kyle Greene,ARI,A+,24,121,416,486,106,69,26,1,10,49,57,60,3,131,7,3,0,5,1,1,0.254807692,sa455037
2009,Nelson Gomez,ARI,A+,22,8,26,31,5,4,1,0,0,1,3,4,0,8,1,0,0,2,0,0,0.192307692,sa455041
2009,Brendan Duffy,ARI,A+,24,53,179,209,50,43,5,2,0,28,13,22,0,37,8,0,0,2,9,6,0.279329608,sa455044
2009,Steven Caseres,LAD,A+,22,113,393,461,102,56,25,6,15,61,55,54,4,116,10,4,0,6,1,0,0.259541984,sa455047
2010,Steven Caseres,LAD,A+,23,87,324,372,83,61,12,1,9,35,57,37,0,93,6,3,2,3,0,3,0.256172839,sa455047
2010,Ryan Peisel,COL,A+,24,86,269,291,71,46,18,3,4,29,39,14,0,60,1,2,5,4,5,1,0.26394052,sa455105
2011,Rashun Dixon,OAK,A+,20,125,456,508,111,76,19,5,11,74,47,47,0,135,3,2,0,6,3,5,0.243421052,sa455106
2012,Rashun Dixon,OAK,A+,21,30,102,115,21,12,6,1,2,12,12,10,0,41,1,2,0,3,1,1,0.205882352,sa455106
2013,Rashun Dixon,OAK,A+,22,86,285,348,59,29,17,1,12,46,38,48,0,116,11,4,0,4,8,1,0.207017543,sa455106
2011,Andrew Means,CIN,A+,24,111,426,468,106,83,15,3,5,58,48,18,1,89,13,2,8,7,37,10,0.248826291,sa455165
2012,Rolando Gomez,LAA,A+,23,86,331,370,93,65,19,6,3,51,37,32,1,75,3,1,3,4,18,7,0.280966767,sa455176
2010,Austin Yount,LAD,A+,23,13,49,54,10,9,1,0,0,4,5,1,0,14,2,2,0,1,0,0,0.204081632,sa455201
2010,Jake Shaffer,SEA,A+,22,107,391,430,132,86,31,6,9,58,78,26,1,73,7,2,4,7,4,10,0.337595907,sa455231
2009,Ollie Linton,ARI,A+,23,128,491,582,145,106,28,10,1,81,51,65,2,104,18,4,4,9,28,14,0.295315682,sa455265
2010,Clay Calfee,LAD,A+,24,36,116,128,27,18,7,0,2,12,11,9,0,44,1,1,1,3,1,0,0.23275862,sa455272
2013,Tyler Massey,COL,A+,23,116,442,496,118,79,19,9,11,63,53,36,1,95,9,4,5,4,10,11,0.266968325,sa455277
2010,Robert Lara,SDP,A+,23,78,258,304,72,52,12,0,8,38,39,38,0,55,1,4,3,13,1,0,0.279069767,sa455283
2011,Dwayne Bailey,LAA,A+,24,57,200,236,55,42,9,3,1,34,25,23,0,47,4,1,8,2,9,2,0.275,sa455286
2010,Dwayne Bailey,LAA,A+,23,20,67,75,16,13,2,1,0,9,10,4,0,6,1,1,2,1,5,1,0.23880597,sa455286
2009,Logan Gelbrich,SDP,A+,23,16,46,50,7,5,2,0,0,2,7,3,0,11,0,0,1,3,0,0,0.152173913,sa455294
2012,Nino Leyja,OAK,A+,21,48,161,178,34,24,7,1,2,19,17,15,0,47,0,0,2,5,4,2,0.211180124,sa455298
2013,Brandon Meredith,HOU,A+,23,105,366,448,103,57,25,5,16,83,68,64,0,88,12,5,1,14,6,7,0.281420765,sa455305
2014,Brandon Meredith,HOU,A+,24,39,153,173,37,25,3,2,7,27,22,17,0,35,3,0,0,2,0,1,0.241830065,sa455305
2009,Ryan Lormand,SFG,A+,23,50,159,175,37,23,10,3,1,25,15,12,0,34,3,0,1,5,6,1,0.232704402,sa455340
2010,Ryan Lormand,SFG,A+,24,23,79,91,24,19,4,0,1,16,7,11,0,14,0,0,1,1,8,1,0.303797468,sa455340
2010,Beau Brooks,LAA,A+,22,54,165,196,26,15,8,0,3,22,17,24,1,65,1,3,3,3,1,0,0.157575757,sa455344
2009,Andy Simunic,HOU,A+,23,21,56,67,16,15,1,0,0,5,4,9,0,12,0,1,1,0,2,1,0.285714285,sa455409
2010,Andy Simunic,HOU,A+,24,59,214,246,68,46,17,3,2,45,33,27,0,56,3,1,1,1,6,0,0.317757009,sa455409
2013,Brian Humphries,COL,A+,23,111,453,476,136,97,26,5,8,62,50,14,1,82,2,1,6,13,14,6,0.30022075,sa455430
2012,Theo Bowe,CIN,A+,21,96,373,433,117,99,13,2,3,65,39,45,0,72,5,4,6,2,58,28,0.313672922,sa455442
2012,Carter Bell,ARI,A+,22,81,282,318,73,57,11,1,4,30,36,26,0,43,4,2,3,7,0,2,0.258865248,sa455451
2013,Sean Buckley,CIN,A+,23,6,19,23,1,1,0,0,0,1,2,1,0,9,2,1,0,1,0,0,0.052631578,sa455548
2014,Sean Buckley,CIN,A+,24,61,231,254,72,48,13,0,11,40,43,13,0,55,7,3,0,1,3,4,0.311688311,sa455548
2009,Vladimir Frias,SFG,A+,22,16,56,64,11,10,1,0,0,8,5,6,0,13,1,0,1,2,2,2,0.196428571,sa455557
2009,Daniel Rodriguez,ARI,A+,22,22,55,64,8,5,3,0,0,6,5,7,0,25,2,0,0,0,1,0,0.145454545,sa455565
2011,Kody Hinze,HOU,A+,23,80,285,362,92,50,20,0,22,61,70,70,1,73,3,2,2,9,1,0,0.322807017,sa455593
2010,Alberto Diaz,ARI,A+,21,45,147,158,30,23,6,1,0,9,8,4,1,44,3,1,3,6,1,0,0.204081632,sa455608
2010,Rossmel Perez,ARI,A+,20,98,343,384,89,72,12,0,5,42,43,33,1,47,2,5,1,15,1,4,0.259475218,sa455612
2011,Rossmel Perez,ARI,A+,21,103,349,402,100,85,12,0,3,44,41,49,0,33,0,1,3,8,6,1,0.286532951,sa455612
2009,Trent Kline,SFG,A+,24,38,110,126,22,17,5,0,0,4,10,11,0,21,2,2,1,2,0,1,0.2,sa455613
2011,Eliezer Mesa,COL,A+,22,53,164,187,42,34,7,1,0,22,13,15,0,28,1,1,6,4,11,2,0.25609756,sa455629
2012,Eliezer Mesa,OAK,A+,23,13,46,46,6,5,0,1,0,4,3,0,0,12,0,0,0,3,4,0,0.130434782,sa455629
2013,Juan Silverio,CIN,A+,22,126,510,533,146,93,30,4,19,61,80,11,0,109,4,4,2,13,5,7,0.286274509,sa455632
2010,Federico Hernandez,HOU,A+,22,85,296,314,79,52,15,4,8,34,46,11,1,54,2,4,1,8,1,3,0.266891891,sa455662
2011,Federico Hernandez,HOU,A+,23,31,98,110,19,13,4,0,2,5,9,7,0,23,1,1,3,1,0,0,0.193877551,sa455662
2010,Chris Davis,ARI,A+,23,20,53,68,11,10,1,0,0,5,1,14,0,14,0,0,1,2,0,1,0.207547169,sa455665
2011,Angelys Nina,COL,A+,22,112,425,467,125,93,22,5,5,63,54,29,1,72,4,5,4,10,15,10,0.294117647,sa455672
2011,Welinton Ramirez,CIN,A+,24,15,43,48,10,5,5,0,0,9,6,4,0,14,1,0,0,2,0,3,0.232558139,sa455714
2011,Pedro Guerrero,LAD,A+,22,39,117,130,32,23,6,3,0,16,4,10,0,30,0,1,2,1,2,3,0.273504273,sa455728
2012,Pedro Guerrero,LAD,A+,23,7,20,21,3,2,1,0,0,2,0,0,0,7,0,0,1,1,0,0,0.15,sa455728
2013,Pedro Guerrero,LAD,A+,24,49,146,159,29,23,4,0,2,20,16,10,0,47,0,1,2,4,2,1,0.198630136,sa455728
2009,Aaron Lowenstein,SFG,A+,24,26,74,85,18,16,1,1,0,14,8,7,0,16,0,0,4,2,0,0,0.243243243,sa455882
2011,Gabriel Noriega,SEA,A+,20,105,383,413,102,77,16,6,3,45,50,18,0,108,5,1,6,18,4,11,0.266318537,sa455932
2012,Gabriel Noriega,SEA,A+,21,31,118,126,32,22,8,2,0,16,15,5,0,23,0,1,2,7,1,2,0.27118644,sa455932
2010,Ramon Jean,LAD,A+,22,80,291,313,79,62,14,2,1,28,30,11,1,45,3,3,5,6,13,9,0.271477663,sa455950
2011,Ramon Jean,LAD,A+,23,88,296,317,73,56,11,1,5,42,34,10,0,61,5,2,4,7,13,7,0.246621621,sa455950
2011,Jose Gonzalez,COL,A+,24,69,214,253,45,41,3,0,1,27,15,24,1,47,5,2,8,4,2,2,0.210280373,sa456023
2010,Jose Crisotomo,OAK,A+,21,9,26,27,5,5,0,0,0,1,2,1,0,4,0,0,0,1,0,1,0.192307692,sa456089
2010,Jose Medina,SFG,A+,23,10,18,23,3,1,0,0,2,3,5,5,0,8,0,0,0,0,1,0,0.166666666,sa456097
2009,Aja Barto,TEX,A+,22,8,25,29,5,3,1,0,1,2,2,3,0,8,1,0,0,1,0,0,0.2,sa456346
2011,Kevin Coddington,CIN,A+,23,27,94,104,34,25,6,0,3,21,16,7,0,5,0,1,2,3,3,2,0.361702127,sa456348
2008,Thomas Simmons,COL,A+,24,24,70,74,19,14,3,0,2,11,9,2,0,19,2,0,0,0,1,0,0.271428571,sa456351
2011,Ikko Sumi,LAA,A+,23,13,29,32,5,4,1,0,0,2,4,3,0,6,0,0,0,1,0,0,0.172413793,sa456428
2010,Ikko Sumi,LAA,A+,22,35,101,113,24,21,3,0,0,6,4,7,0,31,2,0,3,2,0,0,0.237623762,sa456428
2010,Kevin Ramos,LAA,A+,24,36,122,134,29,21,8,0,0,14,7,6,0,21,3,0,3,3,3,0,0.237704918,sa456429
2010,Kevin Hansen,SDP,A+,24,67,174,195,28,21,7,0,0,11,10,14,1,35,2,0,5,2,1,1,0.16091954,sa456432
2015,Rafael Rodriguez,SFG,A+,22,22,82,88,24,18,6,0,0,7,12,5,0,20,1,0,0,2,0,1,0.292682926,sa458870
2010,Tyson Auer,LAA,A+,24,65,256,296,85,68,6,8,3,57,27,23,0,42,2,3,12,3,40,12,0.33203125,sa462418
2010,Jimmy Cesario,COL,A+,24,128,475,527,150,104,30,10,6,78,71,29,3,76,14,6,3,7,16,6,0.315789473,sa462937
2009,Maikol Gonzalez,COL,A+,23,111,369,419,104,80,15,7,2,59,42,43,3,60,3,2,2,11,19,7,0.281842818,sa462938
2010,Maikol Gonzalez,COL,A+,24,50,149,181,40,27,8,5,0,28,11,21,0,36,4,0,7,3,10,5,0.268456375,sa462938
2011,Delta Cleary Jr.,COL,A+,21,130,503,595,118,93,20,4,1,96,45,75,0,97,5,4,8,11,27,16,0.234592445,sa463884
2012,Delta Cleary Jr.,COL,A+,22,57,253,279,70,54,11,3,2,42,32,19,1,56,0,4,3,8,9,6,0.276679841,sa463884
2009,Jordan Comadena,HOU,A+,23,28,64,72,14,12,2,0,0,7,2,6,0,14,2,0,0,3,1,0,0.21875,sa491609
2010,Jordan Comadena,HOU,A+,24,20,43,58,9,7,2,0,0,8,5,7,0,11,5,1,2,1,2,1,0.209302325,sa491609
2013,Elevys Gonzalez,LAD,A+,23,18,48,59,8,5,1,1,1,5,2,10,0,15,0,0,1,0,5,1,0.166666666,sa495744
2009,Eric Suttle,HOU,A+,24,12,32,37,12,10,2,0,0,4,7,5,0,6,0,0,0,0,1,0,0.375,sa498571
2009,Edwin Garcia,TEX,A+,18,6,19,20,2,2,0,0,0,0,1,1,0,4,0,0,0,0,0,0,0.105263157,sa499640
2015,Edwin Garcia,TEX,A+,24,19,68,76,22,18,3,0,1,10,11,6,0,10,0,1,1,5,1,0,0.323529411,sa499640
2012,Donavan Tate,SDP,A+,21,55,178,221,44,36,6,2,0,28,7,38,0,56,4,0,1,1,11,9,0.247191011,sa500566
2015,Donavan Tate,SDP,A+,24,95,332,376,70,45,15,4,6,43,34,33,0,112,6,5,0,2,11,5,0.210843373,sa500566
2014,Bobby Borchering,HOU,A+,23,16,63,71,15,10,4,1,0,3,7,8,0,24,0,0,0,2,0,0,0.238095238,sa500727
2011,Bobby Borchering,ARI,A+,20,135,531,590,142,86,29,3,24,80,92,49,1,162,5,5,0,10,4,1,0.267419962,sa500727
2012,Bobby Borchering,ARI,A+,21,81,307,344,85,43,23,1,18,47,60,28,1,96,4,5,0,6,0,2,0.276872964,sa500727
2011,Jio Mier,HOU,A+,20,57,206,248,48,38,7,1,2,35,23,29,0,54,4,3,6,4,5,3,0.233009708,sa500732
2012,Jio Mier,HOU,A+,21,46,171,204,50,37,9,1,3,28,25,29,0,34,1,1,2,1,6,3,0.29239766,sa500732
2010,Tim Wheeler,COL,A+,22,129,510,592,127,88,21,6,12,88,63,60,4,114,13,4,5,11,22,8,0.249019607,sa500746
2010,Rich Poythress,SEA,A+,22,123,476,544,150,86,33,0,31,88,130,52,3,100,5,11,0,11,3,2,0.31512605,sa500800
2012,Everett Williams,SDP,A+,21,105,397,432,96,62,25,4,5,38,50,28,0,112,0,5,2,6,9,4,0.241813602,sa500803
2009,Tommy Mendonca,TEX,A+,21,11,43,46,9,6,3,0,0,5,2,1,0,12,2,0,0,1,1,0,0.209302325,sa500821
2010,Tommy Mendonca,TEX,A+,22,120,419,477,104,66,26,2,10,62,47,36,4,126,17,3,2,5,1,4,0.248210023,sa500821
2011,Jonathan Meyer,HOU,A+,20,130,484,552,128,91,23,0,14,65,72,59,1,125,2,6,1,11,1,5,0.264462809,sa501198
2012,Jonathan Meyer,HOU,A+,21,129,504,543,137,103,24,2,8,78,57,31,0,101,3,4,1,19,4,3,0.271825396,sa501198
2011,Mark Fleury,CIN,A+,23,51,169,201,47,33,8,3,3,26,24,30,0,42,1,0,0,4,5,2,0.278106508,sa501230
2012,Telvin Nash,HOU,A+,21,106,393,449,88,40,19,0,29,61,75,47,0,198,7,2,0,10,0,1,0.223918575,sa501240
2013,Telvin Nash,HOU,A+,22,62,228,269,56,30,10,0,16,43,48,37,0,93,3,1,0,6,1,0,0.245614035,sa501240
2011,Kent Matthes,COL,A+,24,93,371,400,124,59,39,3,23,70,95,22,1,80,5,1,1,12,7,4,0.334231805,sa501246
2015,Todd Glaesmann,ARI,A+,24,7,31,33,13,4,4,1,4,10,9,1,0,3,0,1,0,0,0,0,0.419354838,sa501261
2011,David Nick,ARI,A+,21,132,564,606,169,116,35,5,13,99,68,30,1,80,8,3,1,15,5,5,0.29964539,sa501268
2013,David Nick,ARI,A+,23,71,297,313,77,50,14,3,10,36,41,15,0,58,0,1,0,7,7,1,0.259259259,sa501268
2011,Angelo Songco,LAD,A+,22,131,534,591,167,86,48,4,29,110,114,42,4,121,7,5,0,8,4,3,0.312734082,sa501270
2012,Angelo Songco,LAD,A+,23,46,188,205,41,28,7,0,6,20,20,13,0,50,3,1,0,3,1,1,0.218085106,sa501270
2013,Angelo Songco,LAD,A+,24,43,171,187,53,36,8,4,5,24,38,9,0,39,1,4,0,1,1,1,0.30994152,sa501270
2011,Jason Hagerty,SDP,A+,23,68,257,293,80,45,25,2,8,53,47,26,1,62,7,3,0,5,3,2,0.311284046,sa501451
2010,Joseph Sanders,COL,A+,22,48,181,196,40,21,9,2,8,26,21,12,1,43,0,3,0,2,2,1,0.220994475,sa501457
2011,Joseph Sanders,COL,A+,23,30,109,113,23,17,5,0,1,14,17,3,0,31,0,0,1,2,0,0,0.211009174,sa501457
2010,Stephen Parker,OAK,A+,22,139,524,627,155,91,38,5,21,102,98,84,2,105,7,12,0,13,3,1,0.295801526,sa501459
2010,Brandon Wikoff,HOU,A+,22,113,374,426,96,93,3,0,0,40,27,31,0,42,2,2,17,6,1,3,0.256684491,sa501476
2011,Casey Haerther,LAA,A+,23,117,437,471,128,86,34,0,8,54,68,24,1,73,2,3,4,15,1,2,0.292906178,sa501491
2010,Shaver Hansen,SEA,A+,22,69,221,254,48,29,9,4,6,36,29,25,0,78,2,5,1,2,6,1,0.21719457,sa501494
2011,Shaver Hansen,SEA,A+,23,54,197,223,57,39,10,6,2,37,28,20,1,59,2,2,2,3,2,4,0.289340101,sa501494
2011,Josh Fellhauer,CIN,A+,23,99,388,442,109,79,24,1,5,56,44,46,1,68,3,0,5,9,9,10,0.280927835,sa501503
2013,Matt Helm,ARI,A+,22,66,208,231,40,25,10,1,4,17,27,19,0,88,1,1,1,6,2,4,0.192307692,sa501513
2011,Jon Karcich,LAA,A+,23,75,221,245,46,29,14,1,2,27,21,20,0,61,2,1,1,8,4,3,0.208144796,sa501525
2010,Ryan Ortiz,OAK,A+,22,58,188,227,52,31,12,1,8,35,35,36,0,47,1,1,1,3,1,0,0.276595744,sa501529
2011,Ryan Ortiz,OAK,A+,23,28,97,121,33,24,5,0,4,17,21,21,0,22,1,2,0,3,2,0,0.340206185,sa501529
2012,Ryan Ortiz,OAK,A+,24,38,129,160,32,21,5,1,5,23,25,27,0,31,1,3,0,3,1,1,0.248062015,sa501529
2012,Jan Vazquez,LAD,A+,21,20,66,74,16,15,1,0,0,7,6,5,0,10,2,0,1,1,4,0,0.242424242,sa501536
2010,Trevor Coleman,SEA,A+,22,83,282,319,61,41,14,0,6,34,34,25,1,63,7,2,3,7,1,2,0.216312056,sa501537
2011,Trevor Coleman,SEA,A+,23,93,306,369,81,57,17,1,6,40,50,58,0,62,1,4,0,7,3,2,0.264705882,sa501537
2012,Devin Harris,SFG,A+,24,53,178,202,33,24,3,2,4,22,20,21,0,62,2,1,0,1,0,2,0.185393258,sa501556
2011,Myrio Richard,OAK,A+,22,107,432,489,126,88,29,1,8,65,57,43,1,69,7,3,4,22,27,10,0.291666666,sa501560
2012,Myrio Richard,OAK,A+,23,72,292,327,74,55,14,2,3,32,28,29,0,40,0,4,2,3,5,1,0.253424657,sa501560
2013,Myrio Richard,OAK,A+,24,111,465,507,119,73,35,0,11,64,40,33,1,90,7,2,0,11,13,7,0.255913978,sa501560
2013,Juan Silva,CIN,A+,22,96,336,404,91,63,16,4,8,51,44,61,1,76,3,2,2,2,31,13,0.270833333,sa501563
2014,Juan Silva,CIN,A+,23,67,252,307,78,57,14,3,4,51,42,48,0,49,2,2,3,7,34,9,0.309523809,sa501563
2010,Bryant Hernandez,LAD,A+,22,15,49,55,11,8,2,0,1,10,3,3,0,16,3,0,0,1,0,0,0.224489795,sa501569
2014,Jobduan Morales,HOU,A+,23,45,171,195,37,24,8,1,4,26,28,19,0,50,0,5,0,8,1,0,0.216374269,sa501573
2015,Jobduan Morales,HOU,A+,24,13,46,51,10,10,0,0,0,6,6,5,0,9,0,0,0,1,0,0,0.217391304,sa501573
2011,Vinnie Catricala,SEA,A+,22,71,282,324,99,65,19,1,14,56,61,33,1,45,4,4,1,11,8,3,0.351063829,sa501575
2012,Jon Garcia,LAD,A+,20,95,378,400,88,56,18,2,12,54,41,15,1,134,3,3,1,3,2,3,0.232804232,sa501579
2013,Jon Garcia,LAD,A+,21,68,258,280,74,39,13,5,17,51,44,16,0,82,4,1,1,4,9,3,0.286821705,sa501579
2014,Jon Garcia,LAD,A+,22,46,192,201,41,21,9,0,11,27,29,7,1,56,0,2,0,5,0,0,0.213541666,sa501579
2011,Carlos Ramirez,LAA,A+,23,52,181,202,63,38,21,0,4,28,28,16,1,33,2,2,0,1,1,0,0.348066298,sa501605
2011,Tim Morris,SEA,A+,23,6,25,26,7,7,0,0,0,2,1,1,0,8,0,0,0,0,0,0,0.28,sa501609
2010,Mike Spina,OAK,A+,23,135,514,594,130,79,27,1,23,74,88,64,1,142,13,3,0,11,1,0,0.252918287,sa501624
2012,Tyson Van Winkle,ARI,A+,24,42,150,165,39,28,8,0,3,19,19,12,1,32,1,1,1,2,0,0,0.26,sa501626
2012,Connor Powers,SDP,A+,24,96,343,379,82,53,18,1,10,38,50,30,1,102,3,3,0,10,3,0,0.239067055,sa501631
2013,Ronnie Richardson,SDP,A+,23,16,57,64,12,7,2,2,1,9,4,6,0,12,1,0,0,1,0,1,0.210526315,sa501646
2011,Erik Castro,HOU,A+,23,77,263,302,68,43,16,0,9,32,37,35,2,81,2,0,1,8,1,3,0.258555133,sa501648
2012,Erik Castro,HOU,A+,24,128,485,573,138,83,27,1,27,87,108,78,4,162,3,7,0,11,4,4,0.284536082,sa501648
2010,Vinny DiFazio,TEX,A+,24,16,51,62,11,4,5,0,2,8,4,11,0,10,0,0,0,1,1,0,0.215686274,sa501657
2014,Brandon Jacobs,ARI,A+,23,89,310,347,65,37,10,2,16,42,36,30,0,111,6,1,0,6,3,3,0.209677419,sa501670
2011,Matthew Cerione,SEA,A+,23,48,157,183,39,26,9,1,3,21,19,19,0,40,7,0,0,5,7,3,0.248407643,sa501684
2011,Travis Witherspoon,LAA,A+,22,16,68,74,19,14,4,0,1,15,10,5,0,14,1,0,0,4,2,2,0.279411764,sa501690
2012,Travis Witherspoon,LAA,A+,23,67,270,306,86,64,10,5,7,52,27,33,0,52,3,0,0,4,25,7,0.318518518,sa501690
2010,Brent Greer,ARI,A+,22,107,396,451,85,64,17,1,3,43,30,36,0,110,12,3,4,18,6,5,0.214646464,sa501721
2011,Brent Greer,ARI,A+,23,64,223,246,55,38,13,0,4,32,27,15,0,70,4,0,4,5,4,4,0.246636771,sa501721
2012,Casio Grider,LAD,A+,24,51,152,172,33,22,7,2,2,23,11,9,0,41,6,1,4,2,7,1,0.217105263,sa501723
2011,Anthony Aliotti,OAK,A+,23,127,457,550,126,94,20,1,11,73,66,80,0,123,9,3,1,11,2,1,0.275711159,sa501732
2011,Ryan Cavan,SFG,A+,24,130,508,588,137,82,38,5,12,86,90,64,1,92,6,10,0,8,10,4,0.269685039,sa501906
2012,Michael Pericht,LAD,A+,24,40,147,167,39,20,9,0,10,24,28,14,3,54,5,1,0,1,0,0,0.265306122,sa501923
2012,Joe Terry,CIN,A+,22,6,21,22,7,6,1,0,0,3,2,1,0,5,0,0,0,0,0,0,0.333333333,sa501946
2013,Joe Terry,CIN,A+,23,20,69,73,13,12,1,0,0,8,4,4,0,14,0,0,0,0,3,1,0.188405797,sa501946
2012,Casey Frawley,COL,A+,24,8,38,42,6,3,2,0,1,7,5,3,0,7,0,0,1,1,0,0,0.157894736,sa501956
2009,Chris Tremblay,SDP,A+,22,15,36,40,6,4,2,0,0,5,4,4,0,10,0,0,0,1,0,0,0.166666666,sa501976
2010,Chris Tremblay,SDP,A+,23,10,25,29,6,5,1,0,0,2,0,3,0,6,0,0,1,2,0,0,0.24,sa501976
2011,Chris Tremblay,SDP,A+,24,53,153,175,39,38,1,0,0,17,18,16,1,33,0,3,3,3,3,2,0.25490196,sa501976
2011,Dallas Tarleton,COL,A+,23,56,164,197,44,37,5,2,0,23,21,30,0,44,2,0,1,2,2,2,0.268292682,sa502006
2012,Dallas Tarleton,COL,A+,24,58,222,254,62,40,13,3,6,32,29,24,1,58,2,4,2,4,0,0,0.279279279,sa502006
2010,Chandler Laurent,COL,A+,22,9,27,29,7,5,2,0,0,7,0,2,0,8,0,0,0,1,2,0,0.259259259,sa502011
2012,Chandler Laurent,COL,A+,24,48,164,189,29,15,11,2,1,22,23,17,0,65,1,3,2,4,8,4,0.176829268,sa502011
2010,Barry Butera,HOU,A+,23,32,110,118,29,21,4,2,2,8,20,4,0,27,0,2,2,1,0,5,0.263636363,sa502075
2010,Drew Biery,SFG,A+,24,115,414,470,103,72,15,2,14,53,66,39,1,99,9,7,1,10,8,7,0.24879227,sa502087
2010,Richard Cates,LAA,A+,23,23,83,90,23,20,2,1,0,7,12,4,0,17,0,1,2,0,0,1,0.277108433,sa502096
2015,Carlton Tanabe,SEA,A+,23,39,135,144,23,16,4,1,2,11,15,6,0,30,0,2,1,5,1,0,0.17037037,sa502115
2012,Carlton Tanabe,SEA,A+,20,23,78,88,23,22,0,0,1,13,10,6,0,16,0,3,1,2,1,0,0.294871794,sa502115
2010,Bo Davis,SDP,A+,24,61,163,196,34,20,8,2,4,27,29,19,0,48,5,2,7,2,4,4,0.208588957,sa502118
2011,Alex Burg,SFG,A+,23,72,262,296,78,40,24,0,14,49,45,28,0,80,3,2,1,3,2,3,0.297709923,sa502124
2012,Alex Burg,SFG,A+,24,100,345,397,87,48,27,2,10,49,43,41,0,77,7,3,1,10,1,2,0.252173913,sa502124
2012,Joey Wong,COL,A+,24,24,89,100,22,17,3,1,1,11,15,6,0,14,3,1,1,2,0,2,0.247191011,sa502131
2013,Jose Rivera,COL,A+,23,36,104,123,19,18,1,0,0,16,0,7,0,19,5,0,7,3,2,1,0.182692307,sa502150
2014,Jose Rivera,COL,A+,24,7,20,22,3,1,1,0,1,2,6,1,0,4,0,1,0,0,1,0,0.15,sa502150
2010,Kent Walton,OAK,A+,23,41,140,156,36,26,7,0,3,18,17,14,0,35,0,1,1,3,4,1,0.257142857,sa502153
2011,Kent Walton,OAK,A+,24,11,41,48,13,9,2,1,1,5,9,6,0,8,0,1,0,1,0,1,0.31707317,sa502153
2013,Antonio Lamas,OAK,A+,23,125,517,558,132,94,23,3,12,64,72,29,0,93,8,2,2,18,1,2,0.255319148,sa502224
2009,Kevin Winn,SDP,A+,22,13,21,21,5,3,2,0,0,1,1,0,0,5,0,0,0,2,0,0,0.238095238,sa502295
2010,Daniel Kaczrowski,ARI,A+,23,98,374,421,100,79,17,1,3,56,36,34,1,49,2,3,8,5,15,3,0.267379679,sa502313
2011,Mike Gilmartin,OAK,A+,23,124,492,555,130,82,25,9,14,71,75,51,2,124,6,5,1,8,4,6,0.264227642,sa502326
2012,Mike Gilmartin,OAK,A+,24,118,430,486,110,83,18,0,9,58,52,47,0,98,7,0,2,9,4,3,0.255813953,sa502326
2011,Conner Crumbliss,OAK,A+,24,120,426,542,114,85,18,4,7,75,52,96,1,85,5,5,10,4,24,7,0.267605633,sa502365
2012,Jake Williams,ARI,A+,21,6,23,24,4,3,1,0,0,1,2,1,0,8,0,0,0,0,0,0,0.173913043,sa502424
2013,Shawn Payne,SFG,A+,23,73,275,325,63,46,14,2,1,43,29,34,0,62,5,5,6,4,21,10,0.229090909,sa502425
2014,Shawn Payne,SFG,A+,24,81,281,326,72,44,19,4,5,39,32,36,0,76,7,1,1,2,14,7,0.256227758,sa502425
2010,Gerson Montilla,ARI,A+,20,56,170,196,42,32,9,0,1,20,16,13,0,50,5,1,7,2,3,0,0.247058823,sa502539
2012,Gerson Montilla,ARI,A+,22,60,259,279,73,49,13,1,10,43,31,14,0,39,1,0,5,5,3,2,0.281853281,sa502539
2013,Gerson Montilla,ARI,A+,23,134,542,607,153,104,28,2,19,90,72,43,0,106,2,6,14,13,8,2,0.282287822,sa502539
2010,Tim Sherlock,ARI,A+,23,16,35,39,4,3,1,0,0,2,0,4,0,21,0,0,0,0,1,0,0.114285714,sa502540
2010,Hawkins Gebbers,SEA,A+,23,8,20,20,4,2,1,1,0,2,2,0,0,4,0,0,0,1,0,0,0.2,sa502545
2012,Jean Almanzar,LAA,A+,23,113,383,409,87,71,10,5,1,40,35,14,0,49,0,2,10,10,3,1,0.227154046,sa502565
2011,Jose Jimenez,LAA,A+,24,84,291,335,79,56,17,0,6,35,35,40,2,54,0,2,2,9,1,0,0.271477663,sa502566
2009,Jake Rife,LAA,A+,22,31,87,94,22,14,7,1,0,10,11,3,0,24,3,1,0,1,2,0,0.252873563,sa502567
2010,Jake Rife,LAA,A+,23,9,30,32,7,6,1,0,0,2,0,2,1,11,0,0,0,1,1,0,0.233333333,sa502567
2012,Ydwin Villegas,SFG,A+,21,13,34,36,8,7,1,0,0,3,4,1,0,8,0,1,0,0,0,0,0.235294117,sa502602
2013,Ydwin Villegas,SFG,A+,22,16,53,54,10,8,2,0,0,3,3,1,0,23,0,0,0,0,1,0,0.188679245,sa502602
2014,Ydwin Villegas,SFG,A+,23,50,161,187,33,24,5,2,2,18,12,12,0,48,7,1,6,8,5,6,0.204968944,sa502602
2011,Rudy van Heydoorn,SEA,A+,22,19,54,58,13,6,6,0,1,6,10,4,0,21,0,0,0,0,0,0,0.24074074,sa502614
2011,Jonathan Galvez,SDP,A+,20,128,488,545,142,88,36,5,13,84,86,41,2,123,10,5,1,8,37,9,0.290983606,sa502621
2011,Wande Olabisi,SDP,A+,23,94,293,347,66,49,8,4,5,47,31,33,0,75,12,1,8,6,25,5,0.225255972,sa502648
2011,Jhonaldo Pozo,SDP,A+,22,18,48,50,8,6,2,0,0,3,2,1,0,17,0,1,0,1,0,0,0.166666666,sa502653
2013,Yovan Gonzalez,CIN,A+,23,74,256,283,67,58,7,0,2,27,29,23,0,34,3,0,1,8,0,2,0.26171875,sa502678
2014,Yovan Gonzalez,CIN,A+,24,72,244,275,59,50,8,0,1,27,22,24,0,34,3,3,1,10,0,0,0.241803278,sa502678
2012,Bryson Smith,CIN,A+,23,57,211,238,66,52,8,1,5,35,38,13,1,33,10,3,1,5,8,7,0.312796208,sa502686
2011,Jack Marder,SEA,A+,21,18,71,81,23,15,6,0,2,11,12,2,0,12,5,1,2,2,3,1,0.323943661,sa502687
2012,Jack Marder,SEA,A+,22,65,278,320,100,62,24,4,10,68,56,21,0,44,13,3,4,6,16,6,0.35971223,sa502687
2011,Raoul Torrez,ARI,A+,23,82,286,337,66,39,17,2,8,43,49,29,0,89,16,5,1,3,1,0,0.23076923,sa502769
2012,Raoul Torrez,ARI,A+,24,47,154,174,35,28,4,0,3,20,18,12,0,53,3,1,4,2,1,0,0.227272727,sa502769
2012,Tyler Stubblefield,SDP,A+,24,13,37,41,5,3,1,0,1,6,5,2,0,8,2,0,0,1,0,0,0.135135135,sa502774
2012,Andrew Aplin,HOU,A+,21,24,104,108,27,18,4,2,3,19,13,4,0,16,0,0,0,2,4,3,0.259615384,sa502787
2013,Andrew Aplin,HOU,A+,22,128,499,598,139,90,32,7,10,102,107,84,2,63,2,10,3,8,23,6,0.278557114,sa502787
2010,Joseph Bonadonna,TEX,A+,24,12,31,38,4,1,3,0,0,5,1,4,0,11,1,0,2,1,2,0,0.129032258,sa502795
2011,Eric Oliver,LAA,A+,24,59,222,259,59,40,13,0,6,31,39,29,0,38,5,2,1,10,2,2,0.265765765,sa502916
2010,Eric Oliver,LAA,A+,23,54,181,203,49,31,14,0,4,26,30,19,3,32,1,2,0,4,1,1,0.270718232,sa502916
2012,Miles Head,OAK,A+,21,67,267,294,102,55,23,6,18,57,56,23,1,55,2,1,0,9,3,0,0.382022471,sa502921
2015,Cam Maron,TEX,A+,24,10,43,46,9,7,2,0,0,2,5,3,0,7,0,0,0,1,0,0,0.209302325,sa503041
2013,Luis Alvarez,HOU,A+,23,8,22,27,5,2,0,1,2,6,7,3,0,3,2,0,0,0,0,0,0.227272727,sa503151
2011,Dayne Read,CIN,A+,22,33,120,130,30,21,4,1,4,20,15,8,0,32,1,0,1,4,9,4,0.25,sa503170
2014,Alex Glenn,ARI,A+,23,124,488,538,139,77,30,8,24,85,89,44,1,116,3,3,0,7,23,3,0.284836065,sa503215
2015,Alex Glenn,ARI,A+,24,58,231,251,59,36,10,5,8,35,39,16,0,53,1,3,0,4,2,0,0.255411255,sa503215
2011,Brodie Greene,CIN,A+,23,126,502,556,144,103,21,6,14,79,79,41,1,75,4,3,6,5,36,9,0.286852589,sa503232
2012,Juan Duran,CIN,A+,20,106,422,458,100,70,16,2,12,47,57,26,0,151,5,5,0,10,3,2,0.236966824,sa503255
2013,Juan Duran,CIN,A+,21,111,407,456,102,64,15,3,20,55,66,45,0,134,0,3,1,4,5,6,0.25061425,sa503255
2012,Raywilly Gomez,ARI,A+,22,91,300,345,82,59,19,0,4,30,31,38,1,35,0,4,3,5,0,0,0.273333333,sa503268
2013,Raywilly Gomez,ARI,A+,23,21,68,92,24,16,7,1,0,14,13,22,2,12,1,1,0,1,1,0,0.352941176,sa503268
2013,David Kandilas,COL,A+,22,96,359,415,95,74,14,3,4,47,36,44,0,83,5,5,2,7,24,5,0.264623955,sa503288
2014,David Kandilas,COL,A+,23,68,254,294,69,45,17,6,1,42,21,30,0,51,6,2,2,1,15,6,0.271653543,sa503288
2011,Adam Bailey,HOU,A+,23,30,128,136,37,29,3,0,5,15,27,5,0,23,1,2,0,4,0,0,0.2890625,sa503294
2012,Adam Bailey,HOU,A+,24,47,179,194,50,29,13,0,8,28,25,13,2,40,0,1,1,3,2,2,0.279329608,sa503294
2014,Zeke DeVoss,OAK,A+,23,23,72,95,12,11,1,0,0,9,5,18,0,24,4,1,0,0,2,2,0.166666666,sa503303
2012,Julio Morban,SEA,A+,20,76,300,330,94,59,16,2,17,56,52,21,1,67,3,3,3,3,5,1,0.313333333,sa503304
2013,Jabari Henry,SEA,A+,22,29,105,123,25,14,5,2,4,19,17,16,0,24,0,1,1,1,0,1,0.238095238,sa503328
2014,Jabari Henry,SEA,A+,23,114,430,511,125,64,26,5,30,79,95,69,0,109,9,2,1,17,6,9,0.290697674,sa503328
2011,Brian Hernandez,LAA,A+,22,7,22,23,3,2,1,0,0,0,1,1,0,6,0,0,0,0,0,0,0.136363636,sa503330
2012,Brian Hernandez,LAA,A+,23,65,240,267,70,57,9,1,3,29,33,17,2,33,8,2,0,12,2,3,0.291666666,sa503330
2013,Brian Hernandez,LAA,A+,24,140,528,587,155,114,32,3,6,59,80,51,2,89,4,3,1,12,6,6,0.293560606,sa503330
2012,Ryan Jones,LAA,A+,24,57,205,236,51,29,14,7,1,30,28,23,0,50,2,3,3,5,1,2,0.248780487,sa503333
2011,Justin Hilt,ARI,A+,23,29,90,107,17,12,3,0,2,11,9,14,0,38,2,1,0,2,3,1,0.188888888,sa503371
2012,Chris O'Dowd,SDP,A+,21,8,29,30,9,8,1,0,0,4,2,1,0,8,0,0,0,0,2,0,0.310344827,sa503377
2014,Chris O'Dowd,COL,A+,23,74,287,317,78,50,20,3,5,40,32,22,0,67,2,3,2,0,16,4,0.271777003,sa503377
2014,Jeff Gelalich,CIN,A+,23,61,234,264,59,39,11,0,9,42,28,25,1,72,3,1,1,2,9,1,0.252136752,sa503399
2010,Joseph Scott,COL,A+,23,8,19,23,2,2,0,0,0,2,0,4,0,6,0,0,0,0,0,2,0.105263157,sa503416
2011,Miguel Arrendell,HOU,A+,23,50,178,202,50,35,11,1,3,35,19,20,1,24,1,0,3,6,1,4,0.280898876,sa503458
2011,Ryan Lipkin,OAK,A+,23,83,314,336,78,51,20,1,6,44,47,14,0,51,4,1,3,4,3,2,0.248407643,sa503519
2011,Mykal Stokes,SDP,A+,21,12,28,29,6,6,0,0,0,2,0,1,0,10,0,0,0,0,2,0,0.214285714,sa503621
2014,Beau Amaral,CIN,A+,23,85,339,374,100,67,23,4,6,55,33,26,0,56,5,1,3,7,13,10,0.29498525,sa503642
2012,Jae Yun Kim,ARI,A+,21,10,25,28,3,2,1,0,0,2,1,0,0,7,1,1,1,0,0,0,0.12,sa503670
2013,Jeremy Baltz,SDP,A+,22,67,262,292,81,50,19,2,10,42,54,22,1,58,5,3,0,8,2,1,0.309160305,sa503672
2014,Jeremy Baltz,SDP,A+,23,97,365,427,88,54,18,4,12,58,57,40,2,101,17,5,0,5,4,1,0.24109589,sa503672
2015,Jeremy Baltz,SDP,A+,24,22,69,86,13,5,6,0,2,12,8,10,0,22,6,0,1,2,0,0,0.188405797,sa503672
2013,Dane Phillips,SDP,A+,22,14,52,55,9,4,3,2,0,7,6,2,0,8,0,1,0,0,0,0,0.173076923,sa503813
2014,Dane Phillips,SDP,A+,23,68,251,278,70,40,16,4,10,43,48,22,0,55,3,1,1,14,3,0,0.278884462,sa503813
2012,Mark Tracy,COL,A+,24,41,163,175,43,25,12,0,6,24,24,11,1,45,0,0,1,5,1,1,0.26380368,sa503820
2012,Danny Vicioso,CIN,A+,23,33,131,134,38,25,9,1,3,11,16,3,0,30,0,0,0,5,1,1,0.290076335,sa503860
2013,Danny Vicioso,CIN,A+,24,32,111,117,23,18,4,0,1,12,4,4,0,29,1,0,1,5,1,1,0.207207207,sa503860
2012,Carlos Ramirez,SEA,A+,23,34,97,114,17,15,2,0,0,11,6,14,0,25,1,0,2,1,2,1,0.175257731,sa504754
2011,Roberto Velasquez,SEA,A+,21,8,21,24,5,4,1,0,0,2,0,1,0,6,1,0,1,0,0,0,0.238095238,sa504782
2013,Carlos Perdomo,HOU,A+,23,61,187,217,55,43,9,1,2,40,29,23,0,16,2,5,0,8,8,6,0.294117647,sa504867
2014,Carlos Perdomo,HOU,A+,24,36,119,141,39,32,3,3,1,26,17,15,0,14,2,3,2,5,8,2,0.327731092,sa504867
2014,Exicardo Cayones,LAA,A+,22,44,148,167,42,31,10,1,0,30,14,17,0,39,1,0,1,5,6,2,0.283783783,sa504941
2015,Michael Soto,OAK,A+,23,114,428,460,98,64,23,2,9,43,55,27,0,113,3,2,0,14,8,2,0.228971962,sa506042
2013,Jordy Lara,SEA,A+,22,15,61,63,19,14,2,0,3,11,9,1,0,13,1,0,0,0,0,0,0.311475409,sa506241
2014,Jordy Lara,SEA,A+,23,102,399,447,141,88,26,5,22,77,80,38,1,82,5,4,1,9,1,3,0.353383458,sa506241
2014,Bryan Brito,SEA,A+,22,27,86,91,21,18,1,0,2,12,11,4,0,21,1,0,0,4,4,5,0.244186046,sa506254
2013,Sammy Diaz,CIN,A+,22,7,20,24,4,2,2,0,0,4,1,3,0,3,0,1,0,1,0,0,0.2,sa506259
2014,Sammy Diaz,CIN,A+,23,34,107,115,35,24,10,0,1,16,16,5,0,13,0,2,1,2,1,1,0.327102803,sa506259
2013,Junior Arias,CIN,A+,21,53,222,230,57,38,12,2,5,30,20,5,0,60,3,0,0,4,20,10,0.256756756,sa506265
2014,Junior Arias,CIN,A+,22,17,70,77,19,14,2,0,3,15,10,5,0,18,2,0,0,1,9,3,0.271428571,sa506265
2016,Junior Arias,SFG,A+,24,9,28,31,5,5,0,0,0,3,1,3,0,12,0,0,0,0,2,0,0.178571428,sa506265
2014,Francisco Sosa,COL,A+,24,65,224,257,50,29,12,3,6,27,27,22,0,70,4,2,4,3,5,8,0.223214285,sa506298
2014,Wilson Soriano,COL,A+,22,9,23,25,4,4,0,0,0,3,0,1,0,3,0,0,1,1,3,0,0.173913043,sa506304
2015,Wilson Soriano,COL,A+,23,81,278,298,74,69,4,1,0,28,21,6,0,36,3,3,8,7,17,9,0.26618705,sa506304
2016,Wilson Soriano,COL,A+,24,22,73,78,13,12,1,0,0,8,2,2,0,10,1,0,2,4,4,1,0.178082191,sa506304
2014,Michael Ramirez,COL,A+,24,27,85,92,17,13,3,0,1,9,11,1,0,17,3,0,3,1,0,1,0.2,sa506305
2014,Juan Ciriaco,COL,A+,23,81,283,302,80,65,8,6,1,35,33,8,0,55,3,3,5,6,24,8,0.282685512,sa506307
2014,Fidel Pena,ARI,A+,22,64,233,250,55,42,5,1,7,36,27,10,2,39,2,2,3,4,10,2,0.236051502,sa506770
2015,Fidel Pena,ARI,A+,23,93,342,375,94,63,21,7,3,49,21,23,1,79,3,2,5,9,13,6,0.274853801,sa506770
2013,Raul Navarro,ARI,A+,21,71,247,278,61,51,8,1,1,36,30,22,1,52,2,1,6,4,8,2,0.246963562,sa506772
2014,Raul Navarro,ARI,A+,22,114,437,492,133,100,20,6,7,72,53,37,0,78,6,4,8,9,18,9,0.304347826,sa506772
2015,Raul Navarro,ARI,A+,23,10,39,43,6,4,2,0,0,4,2,3,0,12,0,1,0,0,1,0,0.153846153,sa506772
2013,Bladimir Franco,LAD,A+,22,24,81,89,16,11,3,2,0,4,8,7,0,29,0,0,1,1,2,1,0.197530864,sa506902
2014,Jose Capellan,LAD,A+,23,25,81,90,17,14,3,0,0,7,4,7,0,20,0,1,1,5,1,0,0.209876543,sa506929
2012,Alexis Aguilar,LAD,A+,21,58,192,208,49,40,8,0,1,25,15,10,0,35,3,1,2,7,8,2,0.255208333,sa506938
2014,Jesus Galindo,SFG,A+,23,101,396,445,106,74,22,8,2,61,30,31,0,87,9,1,8,6,31,13,0.267676767,sa506980
2015,Jesus Galindo,SFG,A+,24,62,225,256,61,50,8,1,2,29,13,17,0,54,4,0,10,5,14,6,0.271111111,sa506980
2016,Ericson Leonora,ARI,A+,23,24,80,86,17,9,4,0,4,10,15,3,0,26,2,0,1,4,0,0,0.2125,sa507157
2014,Diego Goris,SDP,A+,23,89,370,392,120,78,27,2,13,66,61,14,0,74,2,6,0,13,5,0,0.324324324,sa507199
2012,Luis Domoromo,SDP,A+,20,95,351,378,77,56,16,2,3,34,36,22,0,89,2,3,0,2,9,2,0.219373219,sa507248
2013,Luis Domoromo,SDP,A+,21,50,192,211,38,25,7,1,5,19,21,12,0,54,6,0,1,3,2,1,0.197916666,sa507248
2014,Luis Domoromo,SDP,A+,22,106,386,416,105,66,25,4,10,52,49,24,1,90,1,2,3,6,5,1,0.272020725,sa507248
2015,Miguel Del Castillo,SDP,A+,23,35,116,130,25,14,8,0,3,15,13,9,0,28,0,2,3,3,0,0,0.215517241,sa507265
2013,Corey Adamson,SDP,A+,21,17,70,78,21,14,4,3,0,10,7,7,0,16,1,0,0,1,8,1,0.3,sa508178
2014,Corey Adamson,SDP,A+,22,89,303,348,78,54,11,7,6,45,39,31,1,66,8,2,4,4,13,9,0.257425742,sa508178
2013,Ramon Morla,SEA,A+,23,45,175,188,53,25,17,1,10,32,33,12,0,48,1,0,0,3,7,1,0.302857142,sa509509
2012,Kevin Rivers,SEA,A+,23,47,147,171,33,16,8,3,6,22,25,19,0,42,3,1,1,1,1,2,0.224489795,sa510347
2013,Kevin Rivers,SEA,A+,24,128,484,556,144,83,36,5,20,92,97,66,0,127,2,4,0,2,8,3,0.297520661,sa510347
2016,Noah Perio,LAD,A+,24,30,121,129,43,26,9,2,6,23,24,6,0,14,1,1,0,1,1,0,0.3553719,sa513056
2012,Juan Crousset,COL,A+,22,79,304,337,88,56,18,4,10,53,49,26,0,72,2,3,2,10,4,1,0.289473684,sa516161
2013,Juan Crousset,COL,A+,23,52,189,204,45,34,7,2,2,15,14,11,2,65,1,3,0,2,3,2,0.238095238,sa516161
2011,BJ Larosa,LAD,A+,23,8,22,24,4,4,0,0,0,1,0,1,0,2,0,0,1,0,0,1,0.181818181,sa526149
2012,Leon Landry,SEA,A+,22,24,104,111,40,24,8,3,5,25,25,5,0,14,1,1,0,2,7,2,0.384615384,sa526198
2012,Leon Landry,LAD,A+,22,80,345,376,113,64,26,15,8,63,51,14,3,52,5,5,7,3,20,9,0.327536231,sa526198
2013,Jamal Austin,SEA,A+,22,126,520,586,149,124,15,10,0,107,58,44,0,69,4,5,13,7,40,13,0.286538461,sa526245
2014,Jamal Austin,SEA,A+,23,6,26,28,9,7,0,0,2,5,2,1,1,3,1,0,0,0,1,0,0.346153846,sa526245
2012,Dan Burkhart,SFG,A+,23,34,114,130,34,24,6,2,2,14,19,12,0,27,1,3,0,4,1,1,0.298245614,sa526254
2011,Devin Lohman,CIN,A+,22,39,130,147,43,26,10,2,5,25,17,13,0,23,2,0,2,3,4,2,0.33076923,sa526331
2012,Devin Lohman,CIN,A+,23,130,494,575,127,87,23,3,14,80,70,60,1,108,15,3,3,6,34,9,0.25708502,sa526331
2012,Robert Kral,SDP,A+,23,22,54,68,17,9,5,0,3,6,9,11,0,13,1,2,0,1,0,1,0.314814814,sa526396
2013,Robert Kral,SDP,A+,24,80,269,340,77,43,16,5,13,57,45,63,2,51,5,3,0,2,2,0,0.286245353,sa526396
2011,Jake Lemmerman,LAD,A+,22,103,400,469,117,84,23,2,8,71,54,47,1,90,12,5,5,6,9,3,0.2925,sa526398
2012,Ryan Pineda,OAK,A+,23,71,237,274,59,36,18,1,4,25,28,30,0,56,5,1,1,3,4,4,0.248945147,sa526405
2011,Jake Schlander,SEA,A+,22,47,158,191,43,31,12,0,0,30,17,27,0,42,3,2,1,1,4,0,0.272151898,sa526485
2012,Mickey Wiswall,SEA,A+,23,123,497,535,139,81,33,4,21,80,98,31,1,115,4,3,0,5,8,6,0.279678068,sa526505
2011,Ryan LaPensee,ARI,A+,22,74,238,262,58,45,13,0,0,19,24,16,0,40,2,2,3,1,7,4,0.243697478,sa526548
2012,Ryan LaPensee,ARI,A+,23,95,334,367,88,65,16,3,4,39,36,20,0,62,5,3,5,5,8,2,0.263473053,sa526548
2012,Chris O'Brien,LAD,A+,22,80,302,331,76,55,11,3,7,33,44,23,0,54,2,4,0,7,1,0,0.251655629,sa526558
2013,Chris O'Brien,LAD,A+,23,64,210,233,41,25,12,1,3,28,21,18,0,51,0,2,3,2,0,0,0.195238095,sa526558
2012,B.A. Vollmuth,OAK,A+,22,65,264,295,69,47,15,0,7,45,29,27,0,70,3,1,0,9,0,2,0.261363636,sa526567
2013,B.A. Vollmuth,OAK,A+,23,125,471,543,100,52,25,2,21,66,70,56,1,161,7,7,2,7,0,0,0.212314225,sa526567
2011,Austin Wates,HOU,A+,22,132,526,592,158,120,23,9,6,85,75,47,1,86,11,6,2,13,26,7,0.300380228,sa526661
2013,Niko Gallego,COL,A+,24,81,228,256,49,32,11,3,3,29,17,14,0,58,10,2,2,2,14,5,0.21491228,sa526813
2010,Niko Gallego,ARI,A+,21,39,122,148,29,23,3,2,1,18,14,15,0,28,5,1,5,1,4,2,0.237704918,sa526813
2013,Tom Belza,ARI,A+,23,128,476,538,143,107,21,5,10,73,63,51,0,93,2,3,6,7,12,7,0.300420168,sa526826
2012,Ricky Oropesa,SFG,A+,22,134,518,583,136,87,30,3,16,70,98,59,2,150,2,4,0,7,1,1,0.262548262,sa526884
2013,Ricky Oropesa,SFG,A+,23,57,220,253,65,41,16,0,8,30,38,24,2,55,4,5,0,5,0,0,0.295454545,sa526884
2013,Phil Pohl,OAK,A+,22,54,194,217,44,27,8,0,9,32,20,12,0,68,7,4,0,0,1,0,0.226804123,sa526886
2012,Chris Bisson,SDP,A+,22,131,472,516,136,111,17,5,3,76,46,35,0,91,0,5,4,7,43,13,0.288135593,sa526933
2014,Sebastian Elizalde,CIN,A+,22,66,243,267,66,39,17,1,9,35,37,19,0,44,3,2,0,9,10,7,0.271604938,sa544568
2011,Andrew Giobbi,SEA,A+,24,25,77,87,15,8,6,0,1,8,10,5,0,22,1,1,3,4,0,0,0.194805194,sa545042
2012,Drew Muren,HOU,A+,23,21,81,90,26,22,2,0,2,16,13,7,0,19,1,1,0,0,5,1,0.320987654,sa545091
2013,Drew Muren,HOU,A+,24,12,43,49,16,11,2,1,2,12,8,5,0,12,1,0,0,0,1,0,0.372093023,sa545091
2012,Tim Smalling,COL,A+,24,68,259,295,71,51,14,4,2,38,33,28,1,53,1,3,4,3,5,1,0.274131274,sa545109
2013,Julio Morillo,CIN,A+,20,18,52,60,8,8,0,0,0,7,4,6,0,5,1,1,0,1,1,0,0.153846153,sa546504
2014,Julio Morillo,CIN,A+,21,14,39,45,11,10,1,0,0,4,2,2,0,6,0,1,3,2,0,0,0.282051282,sa546504
2014,Nick Benedetto,CIN,A+,21,13,44,46,6,2,4,0,0,3,2,1,0,15,0,0,1,1,0,0,0.136363636,sa546507
2013,Travis Whitmore,SDP,A+,24,55,183,198,39,33,4,1,1,22,18,11,0,45,1,2,1,7,0,0,0.213114754,sa546623
2012,Jayson Langfels,COL,A+,23,81,275,318,77,51,16,6,4,44,51,29,0,82,8,3,3,4,5,3,0.28,sa546633
2012,Nathan Melendres,SEA,A+,22,8,28,30,8,4,2,1,1,4,3,1,0,8,0,0,1,0,0,1,0.285714285,sa546710
2013,Nathan Melendres,SEA,A+,23,69,257,280,67,40,18,3,6,39,38,13,0,39,3,5,2,5,6,2,0.260700389,sa546710
2012,Tony Thompson,OAK,A+,23,95,344,390,95,61,22,1,11,48,49,38,0,61,1,7,0,12,1,1,0.27616279,sa546717
2013,Tony Thompson,OAK,A+,24,116,460,515,115,70,26,1,18,58,92,48,2,96,3,4,0,10,3,0,0.25,sa546717
2012,Jonathan Roof,SDP,A+,23,6,21,22,7,5,2,0,0,3,1,1,0,1,0,0,0,0,0,0,0.333333333,sa546779
2012,Kurtis Muller,CIN,A+,22,57,183,208,48,28,16,2,2,31,24,17,0,25,2,3,3,7,15,8,0.262295081,sa546782
2014,Harold Riggins,CIN,A+,24,35,125,140,29,16,10,0,3,12,12,15,0,58,0,0,0,1,2,0,0.232,sa546789
2013,Harold Riggins,COL,A+,23,118,413,482,102,54,25,1,22,77,65,57,2,192,11,1,0,4,5,3,0.246973365,sa546789
2013,Andy Workman,LAA,A+,24,125,438,490,103,62,27,5,9,63,38,41,1,119,8,2,1,11,11,5,0.235159817,sa546865
2015,Paul Hoenecke,LAD,A+,24,107,393,422,116,72,33,2,9,48,63,23,0,76,2,4,0,6,2,0,0.295165394,sa546964
2012,Jimmy Swift,LAA,A+,24,34,107,120,27,18,5,2,2,14,12,10,1,28,2,0,1,2,2,1,0.252336448,sa547025
2013,Trevor Hairgrove,LAA,A+,23,51,144,171,28,22,6,0,0,17,7,18,0,32,3,1,5,2,1,0,0.194444444,sa547088
2011,Steven Irvine,LAA,A+,23,99,319,359,79,54,18,4,3,41,35,27,0,69,4,5,4,9,4,4,0.247648902,sa547198
2013,Duanel Jones,SDP,A+,20,123,449,487,101,71,21,2,7,49,54,31,0,124,5,2,0,11,1,3,0.22494432,sa547235
2014,Duanel Jones,SDP,A+,21,108,389,428,91,60,20,1,10,34,56,27,1,112,5,5,2,7,4,5,0.233933161,sa547235
2016,Cristian Paulino,SFG,A+,24,82,286,299,74,51,17,2,4,35,24,8,0,69,1,0,4,6,29,10,0.258741258,sa547810
2014,Alberto Robles,SFG,A+,23,60,214,234,48,37,8,1,2,23,23,12,0,30,2,2,4,11,9,5,0.224299065,sa547814
2015,Delvis Morales,LAD,A+,24,52,138,159,34,31,3,0,0,15,10,12,0,39,5,0,4,3,6,3,0.246376811,sa547910
2015,Josmar Cordero,LAD,A+,23,28,85,90,23,16,6,0,1,5,9,3,0,15,2,0,0,3,1,0,0.270588235,sa547928
2015,Estarlyn Morales,SEA,A+,22,12,45,47,8,5,3,0,0,3,3,1,0,11,1,0,0,0,0,0,0.177777777,sa547982
2015,Cesar Galvez,COL,A+,23,41,138,152,33,32,1,0,0,12,6,11,1,21,0,2,1,1,7,4,0.239130434,sa547994
2013,Yeison Asencio,SDP,A+,23,57,243,257,72,45,20,2,5,33,44,10,0,29,0,4,0,4,1,1,0.296296296,sa548016
2015,Chris Garia,TEX,A+,22,60,254,284,83,55,11,10,7,57,41,19,0,51,3,2,6,0,22,2,0.326771653,sa548021
2014,Gabriel Quintana,SDP,A+,21,130,529,566,139,86,35,0,18,77,84,21,1,150,11,5,0,4,4,1,0.262759924,sa548052
2015,Gabriel Quintana,SDP,A+,22,117,461,483,113,69,31,1,12,58,54,16,1,107,1,4,1,8,1,4,0.245119305,sa548052
2014,Luis Tejada,SDP,A+,21,12,42,45,8,6,2,0,0,5,2,2,0,12,1,0,0,1,0,0,0.19047619,sa548053
2016,Luis Tejada,SDP,A+,23,46,157,180,35,23,5,1,6,21,20,16,0,23,5,2,0,2,3,2,0.222929936,sa548053
2015,Pedro Ruiz,LAA,A+,23,61,183,231,32,26,4,0,2,20,18,43,0,56,0,1,4,2,1,8,0.174863387,sa548055
2012,Wagner Mateo,ARI,A+,19,10,38,43,10,7,3,0,0,3,2,5,0,13,0,0,0,2,0,1,0.263157894,sa548057
2012,Taylor Lindsey,LAA,A+,20,134,547,589,158,117,26,6,9,79,58,29,1,66,5,4,4,8,8,6,0.288848263,sa548170
2014,Chevy Clarke,LAA,A+,22,36,110,128,19,17,1,0,1,4,5,13,0,35,1,0,4,0,3,2,0.172727272,sa548179
2015,Kellin Deglan,TEX,A+,23,62,237,259,56,36,7,1,12,36,38,17,0,76,3,1,1,3,1,0,0.236286919,sa548189
2014,Aaron Shipman,OAK,A+,22,52,178,215,52,39,6,6,1,30,16,36,0,39,1,0,0,2,13,2,0.292134831,sa548218
2012,Yordy Cabrera,OAK,A+,21,60,220,239,51,37,9,2,3,26,21,16,0,68,3,0,0,3,2,2,0.231818181,sa548243
2011,Carter Jurica,SFG,A+,22,55,180,212,45,29,12,0,4,36,23,25,0,44,5,1,1,4,5,2,0.25,sa548259
2012,Carter Jurica,SFG,A+,23,108,403,459,121,93,19,3,6,68,56,43,0,74,3,8,2,6,6,4,0.300248138,sa548259
2015,Marcus Littlewood,SEA,A+,23,16,54,67,9,5,2,0,2,6,4,12,1,18,0,1,0,0,2,0,0.166666666,sa548261
2014,Marcus Littlewood,SEA,A+,22,9,33,36,7,3,3,0,1,4,5,3,0,8,0,0,0,2,1,0,0.212121212,sa548261
2014,James Baldwin,LAD,A+,22,112,374,419,81,41,20,6,14,62,43,36,0,169,4,1,4,2,28,4,0.21657754,sa548307
2011,Ben Heath,HOU,A+,22,40,145,162,38,22,11,0,5,23,23,15,0,41,1,1,0,2,0,1,0.262068965,sa548341
2012,Ben Heath,HOU,A+,23,50,191,205,57,43,9,0,5,26,29,13,0,51,1,0,0,3,1,0,0.298429319,sa548341
2013,Jared Simon,COL,A+,24,78,289,320,72,42,20,0,10,43,48,17,0,76,11,3,0,4,3,0,0.249134948,sa548345
2012,Roberto Pena,HOU,A+,20,21,75,83,16,11,4,0,1,10,11,5,0,15,0,1,2,1,0,0,0.213333333,sa548359
2014,Roberto Pena,HOU,A+,22,93,350,387,87,55,19,0,13,48,54,25,0,63,6,5,1,14,1,2,0.248571428,sa548359
2014,Chuckie Jones,SFG,A+,21,131,485,547,124,86,19,4,15,79,66,48,1,150,5,5,4,7,17,9,0.255670103,sa548399
2013,A.J. Kirby-Jones,SDP,A+,24,46,172,199,45,25,11,1,8,20,45,22,0,54,3,2,0,5,0,1,0.261627906,sa548449
2012,A.J. Kirby-Jones,OAK,A+,23,115,399,490,99,59,16,3,21,62,69,86,1,128,2,3,0,9,0,0,0.2481203,sa548449
2012,Chris Lofton,SFG,A+,22,96,347,400,85,65,14,1,5,67,30,38,0,103,1,1,13,7,22,7,0.244956772,sa548460
2013,Chris Lofton,SFG,A+,23,120,446,516,115,82,18,11,4,72,41,45,1,105,6,5,14,7,23,13,0.257847533,sa548460
2014,Chris Lofton,SFG,A+,24,20,74,83,14,9,2,3,0,13,4,9,0,27,0,0,0,0,4,2,0.189189189,sa548460
2012,Drew Heid,LAA,A+,24,75,284,335,81,60,16,0,5,60,25,43,0,46,3,1,4,2,12,8,0.285211267,sa548464
2012,David Vidal,CIN,A+,22,35,121,137,34,20,7,0,7,20,21,13,1,26,2,1,0,4,3,0,0.280991735,sa548470
2013,David Vidal,CIN,A+,23,60,213,237,48,30,14,1,3,23,16,18,0,61,3,1,2,5,0,0,0.225352112,sa548470
2014,David Vidal,CIN,A+,24,50,177,197,46,28,14,0,4,25,34,20,0,41,0,0,0,9,0,0,0.259887005,sa548470
2012,Brett Tanos,COL,A+,23,111,403,497,111,78,22,5,6,75,51,78,0,81,5,5,4,5,10,6,0.275434243,sa548490
2013,Wade Kirkland,OAK,A+,24,69,223,239,49,25,18,0,6,25,27,10,0,65,5,1,0,5,1,2,0.219730941,sa549069
2013,James McDonald,LAD,A+,21,19,58,69,10,7,2,1,0,8,3,6,0,15,1,0,4,1,1,1,0.172413793,sa549071
2014,Jake Rodriguez,HOU,A+,22,15,43,49,5,5,0,0,0,3,5,5,0,8,1,0,0,1,1,0,0.116279069,sa549083
2015,Austin Wilson,SEA,A+,23,109,380,442,91,62,17,2,10,51,48,31,2,115,29,2,0,8,8,7,0.239473684,sa549103
2016,Austin Wilson,SEA,A+,24,104,368,435,83,55,14,1,13,56,49,48,1,157,16,3,0,6,7,3,0.225543478,sa549103
2014,Jordan Scott,HOU,A+,22,58,212,241,63,42,13,7,1,35,31,19,0,34,1,2,7,6,9,4,0.297169811,sa549122
2014,Sean Dwyer,COL,A+,22,76,274,314,56,40,11,2,3,23,30,36,0,67,0,4,0,5,2,3,0.204379562,sa549148
2013,Will Swanner,COL,A+,21,100,355,407,85,46,25,1,13,52,51,44,2,129,3,5,0,6,7,4,0.239436619,sa549202
2014,Will Swanner,COL,A+,22,82,310,348,81,53,16,3,9,36,41,32,1,106,2,3,1,10,7,5,0.261290322,sa549202
2014,Brent Peterson,CIN,A+,21,39,135,148,38,33,5,0,0,14,9,9,0,31,3,1,0,1,1,0,0.281481481,sa549276
2013,Ryan Casteel,COL,A+,22,108,411,469,111,55,30,4,22,67,76,50,2,118,4,4,0,4,1,0,0.270072992,sa549286
2011,Daniel Adamson,HOU,A+,23,18,58,65,9,5,3,0,1,4,6,3,0,28,1,1,2,0,2,1,0.155172413,sa549299
2013,Michael Fabiaschi,OAK,A+,24,6,18,25,4,1,1,0,2,6,4,2,0,5,3,1,1,0,1,0,0.222222222,sa549321
2011,Daniel Meeley,SDP,A+,21,55,190,206,51,36,10,1,4,25,29,12,0,43,1,2,1,2,0,0,0.268421052,sa549323
2012,Yazy Arbelo,ARI,A+,24,55,207,231,54,24,8,1,21,37,50,20,0,57,2,2,0,7,0,2,0.260869565,sa549324
2012,Jeff Arnold,SFG,A+,24,12,35,39,15,11,4,0,0,6,8,1,0,9,2,1,0,0,1,0,0.428571428,sa549361
2011,Oscar Garcia,SDP,A+,22,18,49,53,11,9,1,0,1,9,6,2,0,7,0,2,0,2,1,0,0.224489795,sa549365
2012,Chad Oberacker,OAK,A+,23,107,454,505,118,73,25,7,13,64,48,43,0,96,3,3,2,5,25,3,0.259911894,sa549447
2012,Chris Berset,CIN,A+,24,49,161,188,35,22,8,0,5,22,19,22,0,27,3,2,0,9,1,2,0.217391304,sa549458
2012,Chris Giovinazzo,LAA,A+,23,21,70,78,9,6,0,2,1,4,4,7,0,19,0,0,1,2,2,1,0.128571428,sa549503
2012,Gary Mitchell,LAA,A+,23,5,19,21,3,2,1,0,0,1,1,2,0,7,0,0,0,1,1,0,0.157894736,sa549568
2013,Gary Mitchell,LAA,A+,24,57,183,212,45,32,6,3,4,23,22,23,0,78,4,0,2,2,6,2,0.245901639,sa549568
2014,Dillon Moyer,LAD,A+,22,37,117,133,24,17,6,0,1,9,7,9,0,38,4,0,3,6,0,1,0.205128205,sa549574
2015,Dillon Moyer,LAD,A+,23,98,314,344,55,38,13,4,0,24,30,20,0,135,2,3,5,9,4,2,0.175159235,sa549574
2011,Bobby Haney,SFG,A+,22,14,41,50,10,8,2,0,0,4,3,6,0,11,0,0,3,0,0,0,0.243902439,sa549576
2012,Bobby Haney,SFG,A+,23,64,210,233,65,49,16,0,0,28,22,17,0,41,1,3,1,9,3,1,0.309523809,sa549576
2013,Bobby Haney,SFG,A+,24,102,346,397,89,70,14,1,4,40,38,34,2,75,3,4,10,7,3,1,0.257225433,sa549576
2012,Josh Whitaker,OAK,A+,23,100,386,429,100,61,16,3,20,62,61,33,1,122,6,3,1,9,11,5,0.259067357,sa549594
2013,Josh Whitaker,OAK,A+,24,53,204,234,55,33,13,0,9,29,41,22,0,49,6,2,0,3,6,3,0.269607843,sa549594
2012,Eric Groff,ARI,A+,24,46,155,171,30,22,2,0,6,13,18,10,0,62,1,1,4,0,4,1,0.193548387,sa549599
2012,Dominic D'Anna,CIN,A+,23,84,300,363,83,54,19,3,7,56,45,52,2,77,5,6,0,5,3,0,0.276666666,sa549621
2013,Dominic D'Anna,CIN,A+,24,44,158,177,35,25,7,0,3,14,23,13,0,36,2,3,1,3,0,0,0.221518987,sa549621
2015,Guillermo Pimentel,SEA,A+,22,55,211,225,45,29,12,0,4,21,22,12,0,73,2,0,0,5,4,1,0.213270142,sa549627
2013,Guillermo Pimentel,SEA,A+,20,15,63,67,21,13,3,1,4,10,14,2,1,18,1,1,0,1,0,0,0.333333333,sa549627
2013,Alfredo Morales,SEA,A+,20,15,51,58,10,8,2,0,0,7,7,7,0,19,0,0,0,1,0,0,0.196078431,sa549628
2012,Bryan Altman,SDP,A+,24,6,22,22,4,2,1,0,1,2,2,0,0,5,0,0,0,2,1,0,0.181818181,sa549633
2013,Robbie Garvey,LAD,A+,24,19,51,69,13,11,2,0,0,9,6,12,0,11,2,0,4,0,9,7,0.25490196,sa549644
2015,Jose Fernandez,HOU,A+,22,57,202,233,42,36,1,2,3,35,18,28,1,84,1,1,1,5,7,7,0.207920792,sa549697
2016,Jose Fernandez,HOU,A+,23,8,28,30,7,5,1,1,0,5,1,2,0,9,0,0,0,1,4,1,0.25,sa549697
2013,Eric Sim,SFG,A+,24,17,58,65,16,13,3,0,0,3,10,5,0,13,0,1,1,0,0,0,0.275862068,sa549774
2011,Jesus Campos,LAA,A+,23,13,30,34,5,5,0,0,0,4,4,2,0,8,0,1,1,0,0,0,0.166666666,sa549793
2010,Jesus Campos,LAA,A+,22,17,61,67,14,11,1,1,1,10,10,2,0,14,1,0,3,0,0,1,0.229508196,sa549793
2014,Brian Ragira,SFG,A+,22,120,457,506,119,75,24,0,20,58,82,37,2,127,6,6,0,11,2,2,0.260393873,sa549827
2015,Brian Ragira,SFG,A+,23,110,391,434,98,64,23,1,10,44,58,33,0,108,7,2,1,18,0,2,0.250639386,sa549827
2010,Bryce Lane,HOU,A+,20,15,45,56,16,10,4,1,1,6,10,8,0,8,1,0,2,0,0,3,0.355555555,sa549873
2016,Pin-Chieh Chen,LAD,A+,24,18,59,69,16,11,2,2,1,7,9,6,0,11,1,0,3,1,2,0,0.27118644,sa549901
2014,D.J. Peterson,SEA,A+,22,65,273,299,89,47,23,1,18,51,73,23,0,65,2,1,0,6,6,0,0.326007326,sa549926
2014,James Ramsay,HOU,A+,22,5,18,23,4,2,1,1,0,3,0,3,0,6,1,0,1,0,1,1,0.222222222,sa550086
2015,James Ramsay,HOU,A+,23,127,497,571,160,114,32,4,10,88,64,52,0,86,2,6,14,2,16,12,0.321931589,sa550086
2013,Lee Orr,SDP,A+,24,70,268,289,74,43,17,4,10,40,36,17,0,92,4,0,0,4,8,4,0.276119402,sa550115
2014,Conrad Gregor,HOU,A+,22,47,180,214,66,37,14,3,12,43,45,27,1,25,3,4,0,5,1,1,0.366666666,sa550116
2012,Mike McGee,SEA,A+,23,118,445,506,123,77,24,5,17,86,58,47,0,82,6,2,5,3,11,5,0.276404494,sa550138
2013,Mike McGee,SEA,A+,24,29,94,111,14,11,1,0,2,10,6,15,0,35,0,1,1,0,2,1,0.14893617,sa550138
2015,Taylor Zeutenhorst,SEA,A+,23,8,26,29,4,4,0,0,0,1,1,2,0,12,1,0,0,0,0,0,0.153846153,sa550160
2014,Lonnie Kauppila,SEA,A+,22,24,78,86,24,23,1,0,0,7,6,6,0,12,0,1,1,0,1,2,0.307692307,sa550180
2011,Matt Browning,SEA,A+,23,20,76,80,19,16,2,1,0,9,6,4,0,17,0,0,0,2,1,3,0.25,sa550190
2015,Michael Benjamin,COL,A+,23,81,322,355,84,50,19,3,12,39,46,18,0,85,6,3,6,11,11,6,0.260869565,sa550265
2015,Daniel Torres,SEA,A+,23,55,179,206,30,23,7,0,0,13,9,25,0,50,0,1,1,4,0,2,0.167597765,sa550272
2016,Daniel Torres,SEA,A+,24,74,259,297,59,47,10,0,2,29,32,30,1,61,2,3,3,7,0,1,0.227799227,sa550272
2015,Ty Ross,SFG,A+,23,82,271,303,66,48,15,0,3,19,26,24,1,65,1,4,3,13,0,0,0.243542435,sa550296
2016,Ty Ross,SFG,A+,24,75,259,288,58,36,18,0,4,24,38,23,1,49,2,3,1,12,0,1,0.223938223,sa550296
2012,Patrick Brady,SEA,A+,24,40,128,138,38,30,4,1,3,24,19,7,0,24,1,2,0,3,3,2,0.296875,sa550346
2014,Tyler Marincov,OAK,A+,22,16,60,69,19,11,5,1,2,11,13,6,0,22,1,2,0,1,1,0,0.316666666,sa550348
2015,Tyler Marincov,OAK,A+,23,134,521,579,134,87,29,4,14,79,75,44,2,140,7,7,0,9,14,8,0.257197696,sa550348
2016,Tyler Marincov,OAK,A+,24,36,147,167,38,18,11,0,9,26,32,15,2,38,4,0,1,4,5,2,0.258503401,sa550348
2015,Joe Jackson,TEX,A+,23,110,426,486,127,82,33,2,10,67,78,46,1,96,4,8,2,4,5,1,0.298122065,sa550375
2011,Billy Marcoe,SEA,A+,24,18,54,58,9,9,0,0,0,3,1,1,0,7,3,0,0,1,0,0,0.166666666,sa550444
2012,Chan Jong Moon,HOU,A+,21,10,32,33,6,6,0,0,0,2,0,0,0,15,0,0,1,0,0,2,0.1875,sa550461
2014,Chan Jong Moon,HOU,A+,23,59,241,269,69,53,9,3,4,36,36,21,0,59,1,4,2,0,10,7,0.286307053,sa550461
2015,Chan Jong Moon,HOU,A+,24,17,59,71,19,13,4,1,1,13,10,8,0,14,1,1,2,0,5,2,0.322033898,sa550461
2013,Rey Bruguera,SDP,A+,21,8,18,20,3,1,1,1,0,2,4,1,0,6,1,0,0,0,0,0,0.166666666,sa550586
2014,Rey Bruguera,SDP,A+,22,17,59,63,10,8,1,0,1,6,3,2,0,16,1,0,1,4,0,1,0.169491525,sa550586
2015,Rey Bruguera,SDP,A+,23,18,56,64,8,7,1,0,0,6,2,7,0,17,0,0,1,0,0,0,0.142857142,sa550586
2014,Alberth Martinez,SDP,A+,23,132,526,586,141,99,28,2,12,76,68,41,2,97,6,11,2,8,7,6,0.268060836,sa550588
2014,Leo Rodriguez,LAD,A+,22,35,128,135,40,37,2,1,0,16,6,5,0,13,0,1,1,4,1,1,0.3125,sa550613
2015,Ricardo Valenzuela,SDP,A+,24,31,93,104,17,13,3,0,1,7,8,10,0,15,1,0,0,3,0,1,0.182795698,sa550659
2015,Luis Caballero,SEA,A+,22,33,100,109,22,21,1,0,0,8,8,6,0,27,0,1,2,6,3,1,0.22,sa551374
2014,Luis Caballero,SEA,A+,21,9,31,34,6,4,1,1,0,5,1,3,0,12,0,0,0,0,2,1,0.193548387,sa551374
2011,Mitch Blackburn,LAA,A+,23,17,46,54,11,9,2,0,0,4,1,8,0,12,0,0,0,2,0,0,0.239130434,sa552213
2012,Casey McElroy,SDP,A+,22,58,226,258,74,55,13,1,5,44,36,27,1,32,2,1,2,3,1,1,0.327433628,sa577018
2014,Casey McElroy,SDP,A+,24,15,57,64,12,8,2,0,2,8,6,6,1,17,0,0,1,2,0,0,0.210526315,sa577018
2014,Derek Jones,COL,A+,24,113,366,414,83,54,14,6,9,43,34,34,0,134,8,1,5,3,9,3,0.226775956,sa577674
2011,Steven Proscia,SEA,A+,21,44,185,192,56,32,11,1,12,28,42,4,0,33,1,1,1,2,3,3,0.302702702,sa577698
2012,Steven Proscia,SEA,A+,22,106,436,471,145,94,24,3,24,88,94,25,1,97,3,6,1,7,12,2,0.332568807,sa577698
2013,Steven Proscia,SEA,A+,23,21,84,96,26,13,8,1,4,15,18,4,0,15,6,2,0,2,5,1,0.309523809,sa577698
2014,Steven Proscia,LAD,A+,24,115,430,477,100,65,19,2,14,50,60,30,1,104,8,6,3,8,9,3,0.232558139,sa577698
2012,Ryan Wright,CIN,A+,22,23,96,102,26,14,5,2,5,17,16,2,0,17,1,3,0,1,3,1,0.270833333,sa577732
2013,Ryan Wright,CIN,A+,23,100,411,445,109,77,23,1,8,53,52,26,0,66,3,4,1,7,5,3,0.265206812,sa577732
2014,Ryan Wright,CIN,A+,24,55,241,255,75,48,17,2,8,46,41,10,0,32,3,1,0,5,7,1,0.311203319,sa577732
2013,Bobby Crocker,OAK,A+,23,113,449,498,124,74,31,8,11,73,53,32,0,159,14,1,1,6,22,9,0.276169265,sa577746
2014,Bobby Crocker,OAK,A+,24,120,447,499,121,82,22,6,11,59,52,37,0,149,9,4,2,14,31,6,0.270693512,sa577746
2014,Daniel Bowman,ARI,A+,24,25,93,103,22,15,5,0,2,13,7,8,0,31,2,0,0,4,3,1,0.236559139,sa577801
2013,Kyle Von Tungeln,COL,A+,22,14,41,50,5,4,1,0,0,4,0,9,0,16,0,0,0,0,3,1,0.121951219,sa577892
2014,Kyle Von Tungeln,COL,A+,23,45,143,163,35,27,7,1,0,17,14,17,0,44,1,0,2,0,4,5,0.244755244,sa577892
2013,Zach Wright,LAA,A+,23,68,233,272,59,44,10,1,4,33,25,26,0,58,7,1,5,7,2,2,0.253218884,sa577954
2014,Zach Wright,LAA,A+,24,89,309,357,75,53,11,2,9,49,43,36,0,95,6,3,3,6,3,1,0.242718446,sa577954
2013,Kevin Medrano,ARI,A+,23,71,293,340,87,74,12,1,0,48,25,36,1,43,4,2,5,4,10,4,0.296928327,sa577957
2014,Kevin Medrano,ARI,A+,24,114,422,466,120,93,19,4,4,50,45,28,0,62,4,6,6,10,19,9,0.284360189,sa577957
2012,Pratt Maynard,LAD,A+,22,9,28,33,6,6,0,0,0,1,3,4,0,6,0,1,0,2,1,0,0.214285714,sa577962
2013,Pratt Maynard,LAD,A+,23,69,236,279,58,38,14,0,6,33,27,41,0,41,1,0,1,6,3,2,0.245762711,sa577962
2014,Pratt Maynard,LAD,A+,24,49,174,197,49,27,19,1,2,15,27,19,1,38,0,3,1,8,0,0,0.281609195,sa577962
2014,Sam Mende,SFG,A+,24,18,68,72,13,10,2,1,0,5,1,4,0,26,0,0,0,2,0,1,0.19117647,sa577969
2013,Sam Mende,COL,A+,23,16,49,54,11,8,3,0,0,4,1,2,0,18,3,0,0,1,3,0,0.224489795,sa577969
2014,Sam Mende,COL,A+,24,17,58,68,9,5,3,1,0,6,0,4,0,12,5,0,1,2,2,1,0.155172413,sa577969
2013,Daniel Paolini,SEA,A+,23,92,334,407,95,54,21,2,18,62,69,57,0,56,8,7,1,3,2,2,0.284431137,sa577980
2013,Chris Ellison,ARI,A+,24,17,32,40,6,6,0,0,0,3,2,6,0,11,0,0,2,0,0,1,0.1875,sa578020
2014,Tyler Ogle,LAD,A+,23,81,267,317,73,49,15,2,7,40,26,44,1,59,4,1,1,7,0,1,0.273408239,sa578021
2015,Tyler Ogle,LAD,A+,24,111,384,443,101,60,20,1,20,63,75,51,1,89,4,4,0,9,0,3,0.263020833,sa578021
2013,Mike Dowd,SEA,A+,23,32,128,137,36,26,7,0,3,21,14,2,0,17,5,2,0,5,0,1,0.28125,sa578097
2012,Brennan Gowens,LAA,A+,22,76,263,290,52,42,7,1,2,22,26,23,0,58,1,2,1,8,4,5,0.197718631,sa578134
2013,Brennan Gowens,LAA,A+,23,77,299,342,82,62,15,5,0,49,28,32,0,65,4,0,6,3,12,5,0.274247491,sa578134
2014,Brennan Gowens,LAA,A+,24,25,83,94,17,11,4,2,0,9,6,9,0,16,1,0,1,2,5,3,0.204819277,sa578134
2013,Jordan Ribera,COL,A+,24,59,219,234,48,29,14,2,3,20,36,13,0,62,0,1,0,3,0,1,0.219178082,sa578145
2012,Dusty Robinson,OAK,A+,22,94,386,423,89,57,14,0,18,62,47,33,2,129,3,1,0,3,7,2,0.230569948,sa578149
2013,Dusty Robinson,OAK,A+,23,123,458,505,96,56,16,3,21,67,64,41,1,146,4,2,0,8,18,4,0.209606986,sa578149
2014,Dusty Robinson,OAK,A+,24,66,239,269,55,32,14,1,8,24,28,24,1,68,2,4,0,6,9,4,0.230125523,sa578149
2014,Brandon Bayardi,LAA,A+,23,7,28,29,9,8,0,0,1,9,5,0,0,4,1,0,0,3,2,0,0.321428571,sa579127
2015,Brandon Bayardi,LAA,A+,24,63,225,257,68,43,12,4,9,39,36,26,0,54,5,1,0,6,2,0,0.302222222,sa579127
2014,Mitch Delfino,SFG,A+,23,131,533,571,154,110,28,4,12,78,77,34,4,77,2,2,0,19,5,2,0.288930581,sa579278
2012,Jeremy Rodriguez,SDP,A+,22,20,50,59,11,11,0,0,0,5,2,8,0,9,0,0,1,4,1,0,0.22,sa579554
2013,Jeremy Rodriguez,SDP,A+,23,36,105,134,31,23,7,1,0,12,13,27,0,17,2,0,0,1,1,0,0.295238095,sa579554
2014,Jeremy Rodriguez,SDP,A+,24,59,175,210,31,26,5,0,0,13,16,23,0,24,2,2,8,7,0,1,0.177142857,sa579554
2014,Cal Towey,LAA,A+,24,128,477,547,133,93,24,6,10,72,63,51,1,137,15,3,1,15,21,15,0.278825995,sa579778
2014,Ryan Gorton,OAK,A+,24,34,116,125,23,21,2,0,0,12,7,5,0,21,2,1,1,3,1,0,0.198275862,sa579845
2013,Kyle Gaedele,SDP,A+,23,127,450,508,115,67,26,9,13,77,57,43,0,128,9,4,2,9,27,7,0.255555555,sa579865
2011,J.C. Thompson,HOU,A+,24,69,267,286,81,57,14,0,10,49,46,14,0,54,2,2,1,8,2,2,0.303370786,sa586281
2011,David Harris,LAA,A+,24,41,136,164,42,28,8,3,3,22,21,23,1,42,2,3,0,3,3,1,0.308823529,sa594138
2016,Gianfranco Wawoe,SEA,A+,21,102,396,443,114,89,17,0,8,72,55,32,1,61,3,3,9,7,12,5,0.287878787,sa596239
2017,Gianfranco Wawoe,SEA,A+,22,97,374,411,101,76,17,6,2,36,62,23,0,59,4,4,6,8,15,8,0.270053475,sa596239
2017,Arturo Nieto,SEA,A+,24,78,266,297,63,45,12,1,5,35,27,25,0,73,4,2,0,6,1,1,0.236842105,sa596241
2016,Argenis Raga,OAK,A+,21,84,289,330,76,54,19,1,2,40,41,29,0,62,2,5,5,15,5,1,0.262975778,sa596833
2017,Argenis Raga,OAK,A+,22,48,162,176,42,25,11,0,6,24,20,13,0,40,0,1,0,9,0,0,0.259259259,sa596833
2016,Richard Rodriguez,SFG,A+,23,36,109,117,19,18,1,0,0,9,3,5,0,21,0,1,2,0,2,0,0.174311926,sa596966
2016,Edwin Moreno,SDP,A+,22,109,405,428,108,65,18,11,14,54,63,15,0,126,1,3,4,7,4,4,0.266666666,sa597061
2017,Edwin Moreno,SDP,A+,23,100,405,431,108,67,20,10,11,59,52,18,2,135,7,0,1,10,4,2,0.266666666,sa597061
2018,Alberto Triunfel,LAA,A+,24,68,232,259,50,30,18,0,2,26,28,20,0,63,2,1,4,4,4,1,0.215517241,sa597103
2015,Alberto Triunfel,TEX,A+,21,56,208,241,52,29,13,3,7,33,26,23,0,44,4,4,2,3,3,3,0.25,sa597103
2017,Hamlet Marte,COL,A+,23,64,243,266,75,44,20,2,9,48,43,21,0,63,0,1,0,5,2,0,0.308641975,sa597218
2018,Hamlet Marte,LAD,A+,24,77,257,291,70,41,15,2,12,40,47,29,0,67,2,3,0,15,1,0,0.27237354,sa597218
2016,Elio Castillo,TEX,A+,22,20,75,83,18,15,2,1,0,12,13,5,0,9,0,2,1,3,0,0,0.24,sa597594
2014,Rando Moreno,SFG,A+,22,27,87,100,19,19,0,0,0,6,3,7,0,17,0,1,5,2,10,4,0.218390804,sa597695
2016,Rando Moreno,SFG,A+,24,32,125,141,31,26,5,0,0,15,7,11,0,17,2,1,2,3,1,3,0.248,sa597695
2016,James Harris,OAK,A+,22,119,492,559,149,108,30,4,7,81,53,54,0,118,8,3,2,6,21,9,0.302845528,sa597804
2017,James Harris,OAK,A+,23,21,82,89,20,14,5,0,1,11,9,7,1,20,0,0,0,2,2,1,0.243902439,sa597804
2015,Tyler Marlette,SEA,A+,22,39,148,162,32,21,5,1,5,17,20,12,0,35,2,0,0,4,2,1,0.216216216,sa597836
2016,Tyler Marlette,SEA,A+,23,83,326,358,89,53,21,1,14,42,53,30,0,82,1,1,0,16,5,3,0.273006134,sa597836
2014,Tyler Marlette,SEA,A+,21,81,312,339,94,56,23,0,15,51,49,24,0,61,1,2,0,7,9,2,0.301282051,sa597836
2014,Andrew Ray,LAA,A+,23,35,109,124,12,7,3,0,2,9,8,14,0,52,0,0,1,1,3,2,0.110091743,sa597884
2017,Daniel Lockhart,ARI,A+,24,82,273,299,60,38,14,4,4,27,26,18,0,40,3,2,3,10,7,3,0.219780219,sa598065
2014,Jon Matthews,CIN,A+,23,13,42,47,14,11,3,0,0,9,4,4,0,11,0,1,0,3,7,1,0.333333333,sa598118
2012,Scott Wingo,LAD,A+,23,109,353,440,87,66,12,7,2,53,33,56,0,77,15,6,10,5,13,8,0.246458923,sa598178
2013,Scott Wingo,LAD,A+,24,101,286,364,65,46,11,4,4,47,24,50,0,81,16,1,11,2,9,2,0.227272727,sa598178
2012,Garrett Weber,ARI,A+,23,100,394,430,117,79,23,1,14,59,65,23,0,67,4,3,5,10,1,1,0.296954314,sa598344
2013,Kerry Jenkins,ARI,A+,24,55,184,202,42,29,12,1,0,12,23,11,0,49,2,0,5,1,2,2,0.228260869,sa598345
2013,Sean Jamieson,ARI,A+,24,122,435,505,125,76,33,5,11,80,53,48,0,109,11,3,8,7,11,5,0.287356321,sa598483
2013,Steve Rodriguez,ARI,A+,23,40,132,159,26,17,6,0,3,17,20,24,0,30,0,1,2,5,0,0,0.196969696,sa598488
2014,Steve Rodriguez,ARI,A+,24,9,28,36,7,2,3,2,0,4,4,7,0,7,0,1,0,3,0,0,0.25,sa598488
2013,Jean Batista,HOU,A+,21,8,30,31,6,5,1,0,0,5,1,1,0,9,0,0,0,1,0,0,0.2,sa598610
2014,Danry Vasquez,HOU,A+,20,114,423,475,123,86,30,2,5,67,47,40,1,68,2,2,8,11,1,2,0.290780141,sa598653
2015,Danry Vasquez,HOU,A+,21,40,168,182,53,35,13,2,3,21,21,13,0,24,0,0,1,1,6,4,0.31547619,sa598653
2012,Jon Griffin,ARI,A+,23,128,487,548,146,98,19,3,26,87,98,49,2,107,4,8,0,18,0,0,0.299794661,sa598794
2013,Jon Griffin,ARI,A+,24,42,166,180,49,32,9,1,7,20,29,10,0,38,3,1,0,5,0,0,0.295180722,sa598794
2013,Devin Shines,LAD,A+,24,15,45,50,6,4,2,0,0,6,1,5,0,13,0,0,0,1,2,1,0.133333333,sa598802
2014,Dean Espy,COL,A+,24,69,268,279,57,33,14,1,9,37,28,7,0,61,2,0,2,6,2,1,0.212686567,sa598807
2015,Felipe Blanco,SDP,A+,21,38,115,128,29,23,3,1,2,11,9,7,0,44,1,1,4,3,1,2,0.252173913,sa598819
2016,Felipe Blanco,SDP,A+,22,23,64,72,11,9,2,0,0,3,1,6,0,21,1,0,1,5,0,4,0.171875,sa598819
2015,Martin Peguero,SEA,A+,21,22,72,83,17,15,1,0,1,4,2,9,0,14,1,0,1,2,2,1,0.236111111,sa598824
2016,Trevor Mitsui,ARI,A+,23,17,66,70,21,15,3,0,3,8,10,2,0,16,2,0,0,4,0,0,0.318181818,sa599004
2013,Dillon Hazlett,SEA,A+,24,77,270,297,57,33,15,2,7,38,31,21,1,63,1,2,3,6,7,2,0.211111111,sa599180
2015,Marc Wik,HOU,A+,22,90,301,359,80,51,17,4,8,51,40,51,0,98,2,2,3,8,9,6,0.26578073,sa599184
2016,Marc Wik,HOU,A+,23,67,214,251,53,35,10,3,5,29,30,30,0,55,2,3,2,6,6,4,0.247663551,sa599184
2016,Zach Houchins,LAA,A+,23,134,511,555,134,90,24,2,18,69,84,35,0,94,4,5,0,10,2,0,0.262230919,sa599235
2015,Ruben Sosa,LAA,A+,24,31,125,138,32,25,4,1,2,20,9,8,0,28,1,2,2,3,10,2,0.256,sa599247
2014,Ruben Sosa,HOU,A+,23,40,130,159,31,20,6,4,1,24,12,19,0,36,1,2,7,1,14,3,0.238461538,sa599247
2013,Zach Borenstein,LAA,A+,22,112,407,465,137,80,22,7,28,76,95,43,1,88,7,7,1,6,5,5,0.336609336,sa599252
2013,Jesse Wierzbicki,HOU,A+,24,25,95,111,24,17,4,0,3,15,11,10,0,11,5,1,0,3,0,2,0.252631578,sa599282
2011,Jarrod Parks,LAA,A+,23,7,18,21,6,5,1,0,0,3,1,3,0,4,0,0,0,0,0,0,0.333333333,sa599287
2013,Juan Perez,CIN,A+,21,126,471,517,118,78,27,5,8,63,45,34,0,104,1,5,6,10,31,11,0.250530785,sa599306
2014,Juan Perez,CIN,A+,22,120,445,483,119,76,28,2,13,60,70,28,2,83,1,8,1,6,15,7,0.26741573,sa599306
2013,John Polonius,SFG,A+,22,26,95,108,21,15,4,1,1,10,7,7,0,26,2,1,3,1,2,0,0.221052631,sa599310
2015,John Polonius,SFG,A+,24,51,142,156,29,21,3,2,3,17,13,7,1,35,2,2,3,6,5,1,0.204225352,sa599310
2014,David Bergin,COL,A+,24,34,124,137,25,9,6,1,9,16,25,9,0,47,2,2,0,3,0,0,0.201612903,sa599324
2012,Justin Miller,SDP,A+,23,92,360,413,112,81,15,4,12,64,71,40,0,81,7,6,0,6,17,7,0.311111111,sa599327
2013,Justin Miller,SDP,A+,24,22,75,86,16,14,0,1,1,6,9,8,0,14,1,0,2,2,4,3,0.213333333,sa599327
2011,Alex Todd,HOU,A+,21,16,57,59,17,12,4,0,1,6,2,0,0,14,1,0,1,2,0,0,0.298245614,sa599352
2012,Alex Todd,HOU,A+,22,54,185,217,53,38,11,1,3,36,21,16,0,46,13,2,1,7,4,2,0.286486486,sa599352
2012,Brandon Brewer,LAA,A+,22,47,105,122,24,18,6,0,0,17,8,11,1,20,1,0,5,2,0,0,0.228571428,sa599394
2013,Abel Baker,LAA,A+,22,87,310,341,78,51,18,4,5,38,33,23,0,91,1,4,3,11,0,0,0.251612903,sa599395
2014,Abel Baker,LAA,A+,23,25,77,81,11,8,3,0,0,3,3,4,0,31,0,0,0,1,0,0,0.142857142,sa599395
2012,Ricky Pacione,LAA,A+,23,35,97,113,22,18,3,1,0,9,7,11,1,14,2,2,1,2,1,1,0.226804123,sa599396
2015,Trent Gilbert,OAK,A+,22,28,90,97,18,15,2,0,1,7,8,5,0,28,1,0,1,0,3,0,0.2,sa599526
2017,Trent Gilbert,OAK,A+,24,31,115,121,32,21,7,1,3,16,13,3,0,32,2,0,1,0,1,0,0.278260869,sa599526
2013,Matt Scioscia,LAA,A+,24,10,21,23,4,3,0,1,0,3,2,1,0,7,0,1,0,0,0,0,0.19047619,sa599572
2012,Bryan Henry,ARI,A+,23,8,29,33,5,5,0,0,0,2,3,4,0,5,0,0,0,2,0,0,0.172413793,sa599748
2013,David Villasuso,SEA,A+,23,24,88,96,20,12,5,0,3,9,8,4,0,26,1,2,1,2,1,0,0.227272727,sa599811
2016,Jose Cardona,TEX,A+,22,101,397,453,119,82,23,0,14,81,48,42,0,66,5,3,6,10,13,4,0.29974811,sa599888
2017,Chris Mariscal,SEA,A+,24,85,325,382,99,73,13,6,7,52,49,44,0,75,6,5,2,4,6,5,0.304615384,sa600255
2013,Matt Wessinger,COL,A+,22,19,74,85,17,14,3,0,0,11,12,9,0,9,0,1,1,1,5,2,0.229729729,sa602385
2014,Matt Wessinger,COL,A+,23,110,359,399,77,58,13,2,4,35,40,26,2,85,7,3,4,7,4,7,0.214484679,sa602385
2015,Drew Weeks,COL,A+,22,41,149,167,40,34,5,0,1,16,15,11,1,26,2,2,3,4,3,2,0.268456375,sa602429
2016,Drew Weeks,COL,A+,23,111,424,472,99,71,16,4,8,52,57,35,3,101,0,7,6,8,11,10,0.233490566,sa602429
2015,Tyler Baker,ARI,A+,22,68,240,259,45,30,11,0,4,22,24,13,1,67,1,1,4,6,2,0,0.1875,sa602606
2016,Tyler Baker,ARI,A+,23,62,183,212,45,23,17,3,2,28,32,21,0,57,2,4,2,2,0,0,0.245901639,sa602606
2017,Tyler Baker,ARI,A+,24,61,210,236,50,32,11,1,6,26,15,21,0,67,5,0,0,1,1,2,0.238095238,sa602606
2014,Jeremy Rathjen,LAD,A+,24,92,342,398,92,54,20,2,16,54,44,39,1,93,5,3,9,10,9,2,0.269005847,sa602610
2013,Travious Relaford,SFG,A+,21,12,45,48,7,4,3,0,0,7,3,2,0,14,1,0,0,3,0,0,0.155555555,sa602702
2015,Jose Brizuela,OAK,A+,22,10,34,39,5,3,1,0,1,3,5,5,0,10,0,0,0,0,0,0,0.147058823,sa602857
2016,Jose Brizuela,OAK,A+,23,100,354,403,90,55,18,1,16,42,54,41,1,110,5,3,0,5,2,4,0.254237288,sa602857
2017,Jose Brizuela,LAD,A+,24,16,51,59,18,14,4,0,0,9,4,6,0,14,1,1,0,0,0,1,0.352941176,sa602857
2015,Hunter Cole,SFG,A+,22,54,217,245,68,46,11,5,6,28,37,19,0,42,4,4,1,5,4,3,0.313364055,sa603087
2016,Andy Paz,OAK,A+,23,6,19,23,8,6,1,1,0,5,2,4,0,1,0,0,0,0,1,0,0.421052631,sa603199
2006,Carlos Sosa,SFG,A+,24,93,355,397,109,72,25,2,10,54,54,38,1,107,4,0,0,4,3,1,0.307042253,sa606586
2015,Preston Beck,TEX,A+,24,32,121,137,36,19,12,2,3,19,14,15,0,25,1,0,0,3,0,1,0.297520661,sa621361
2013,Evan Marzilli,ARI,A+,22,136,460,536,115,81,27,4,3,67,50,59,1,143,6,2,9,3,14,6,0.25,sa621523
2014,Evan Marzilli,ARI,A+,23,52,176,212,43,27,8,3,5,30,18,31,1,54,2,2,1,3,7,4,0.244318181,sa621523
2015,Aaron Barbosa,SEA,A+,23,105,377,442,97,92,4,0,1,55,18,51,0,72,2,3,9,1,31,6,0.257294429,sa621576
2016,Aaron Barbosa,SEA,A+,24,70,255,290,63,58,3,2,0,34,21,25,0,50,2,1,7,1,14,4,0.247058823,sa621576
2014,Aaron Barbosa,SEA,A+,22,34,125,155,32,30,1,1,0,26,12,28,0,27,2,0,0,2,10,5,0.256,sa621576
2013,Alex Yarbrough,LAA,A+,21,136,582,615,182,129,32,10,11,77,80,27,0,106,1,5,0,17,14,4,0.312714776,sa621579
2014,Rudy Flores,ARI,A+,23,132,525,577,158,95,35,0,28,76,100,33,2,189,13,6,0,10,3,2,0.30095238,sa621607
2014,Austin Elkins,HOU,A+,23,36,115,145,29,23,4,0,2,20,9,23,0,25,6,0,1,2,0,0,0.252173913,sa621617
2013,Dan Gulbransen,HOU,A+,22,16,63,69,19,12,3,0,4,13,16,4,0,12,0,2,0,1,1,0,0.301587301,sa621622
2014,Dan Gulbransen,HOU,A+,23,72,253,299,66,41,15,4,6,41,46,38,1,68,2,4,2,7,2,1,0.260869565,sa621622
2015,Chase Jensen,SDP,A+,24,51,196,210,54,42,6,1,5,18,28,8,0,54,3,2,1,1,2,0,0.275510204,sa621657
2015,Mott Hyde,HOU,A+,23,74,282,327,88,58,24,4,2,46,49,32,0,73,4,5,4,4,4,2,0.312056737,sa621678
2018,Jhombeyker Morales,SEA,A+,23,16,55,59,8,7,1,0,0,3,3,2,0,11,2,0,0,2,0,2,0.145454545,sa655900
2018,Franklin Navarro,LAA,A+,23,39,139,144,33,23,8,0,2,13,17,3,0,50,0,2,0,1,0,0,0.237410071,sa655913
2015,Gabriel Santana,LAA,A+,19,6,22,23,5,3,1,1,0,3,3,0,0,6,1,0,0,0,0,0,0.227272727,sa657134
2015,Juan Moreno,LAA,A+,20,13,37,43,6,6,0,0,0,7,1,4,0,11,0,0,2,0,2,0,0.162162162,sa657138
2016,Ayendy Perez,LAA,A+,22,104,339,384,88,70,14,4,0,40,27,29,0,97,2,6,8,9,26,8,0.25958702,sa657141
2016,Sandber Pimentel,OAK,A+,21,117,417,485,99,59,18,1,21,61,66,60,1,145,7,1,0,9,1,0,0.237410071,sa657209
2017,Sandber Pimentel,OAK,A+,22,70,244,281,68,46,8,0,14,40,42,36,2,78,1,0,0,6,0,0,0.278688524,sa657209
2018,Sandber Pimentel,OAK,A+,23,68,247,281,54,27,11,1,15,36,47,33,1,93,1,0,0,7,0,1,0.218623481,sa657209
2016,Luis Jean,COL,A+,21,82,268,306,63,52,10,1,0,32,24,20,0,37,5,0,13,9,17,9,0.235074626,sa657310
2015,Emerson Jimenez,COL,A+,20,45,153,161,33,23,7,2,1,18,12,3,0,51,2,0,3,4,1,3,0.215686274,sa657311
2016,Emerson Jimenez,COL,A+,21,96,319,345,74,62,10,1,1,40,21,13,0,77,4,2,7,5,28,5,0.231974921,sa657311
2013,Alberti Chavez,CIN,A+,17,9,29,29,5,5,0,0,0,1,1,0,0,8,0,0,0,1,1,2,0.172413793,sa657456
2018,Raymel Flores,ARI,A+,23,50,158,179,28,20,8,0,0,14,9,12,0,46,2,0,6,3,6,3,0.177215189,sa657503
2018,Wander Franco,SFG,A+,23,124,516,534,143,98,39,1,5,55,65,11,0,113,4,2,1,16,4,3,0.277131782,sa657522
2016,Luis Reynoso,HOU,A+,21,35,115,133,24,19,5,0,0,17,8,12,0,43,2,1,3,1,1,2,0.208695652,sa657525
2015,Santiago Chavez,OAK,A+,19,23,60,64,6,4,2,0,0,6,2,2,0,15,0,0,2,1,0,0,0.1,sa657706
2017,Santiago Chavez,OAK,A+,21,52,167,180,32,20,10,0,2,12,11,10,0,58,1,1,1,4,2,1,0.191616766,sa657706
2018,Santiago Chavez,OAK,A+,22,34,112,127,30,25,2,0,3,13,12,11,0,38,1,1,2,4,2,1,0.267857142,sa657706
2015,Oliver Caraballo,TEX,A+,20,9,30,35,9,6,2,0,1,4,5,5,0,11,0,0,0,0,1,1,0.3,sa657764
2015,Daniel Bravo,SDP,A+,20,8,27,27,7,4,0,0,3,4,5,0,0,6,0,0,0,0,1,0,0.259259259,sa657827
2016,Daniel Bravo,SDP,A+,21,30,94,103,22,19,3,0,0,13,6,5,0,21,1,0,3,3,2,1,0.234042553,sa657827
2015,Stryker Trahan,ARI,A+,21,35,130,143,18,9,4,0,5,6,16,11,0,62,1,1,0,0,1,0,0.138461538,sa657920
2016,Stryker Trahan,ARI,A+,22,39,139,155,28,16,10,0,2,16,19,15,0,46,0,1,0,2,0,2,0.201438848,sa657920
2016,Joe DeCarlo,SEA,A+,22,105,377,448,100,61,21,4,14,58,54,59,0,110,11,1,0,9,1,0,0.265251989,sa657935
2017,Joe DeCarlo,SEA,A+,23,96,325,381,78,49,14,2,13,45,46,42,1,99,12,2,0,4,1,2,0.24,sa657935
2015,Fernando Perez,SDP,A+,21,113,446,492,100,66,21,3,10,46,53,39,2,115,4,2,1,15,1,1,0.224215246,sa657942
2016,Fernando Perez,SDP,A+,22,44,169,186,36,21,5,1,9,22,28,12,1,49,3,1,1,5,1,1,0.213017751,sa657942
2017,Fernando Perez,SDP,A+,23,47,185,197,52,32,8,2,10,29,33,10,0,37,0,2,0,3,0,0,0.281081081,sa657942
2017,Avery Romero,COL,A+,24,44,155,177,42,30,6,0,6,31,23,18,0,23,0,3,1,4,4,1,0.270967741,sa657944
2016,Max White,COL,A+,22,109,407,455,97,62,20,7,8,43,39,38,2,139,6,2,2,4,36,7,0.238329238,sa657952
2016,Joe Munoz,ARI,A+,22,28,98,112,26,16,8,0,2,13,9,12,0,31,2,0,0,1,2,2,0.265306122,sa657976
2015,BJ Boyd,OAK,A+,21,132,458,511,127,94,20,8,5,67,52,41,0,89,6,1,5,10,18,5,0.277292576,sa657987
2016,BJ Boyd,OAK,A+,22,101,413,458,119,94,14,3,8,48,58,34,3,74,4,3,4,7,8,6,0.288135593,sa657987
2015,Chuck Taylor,ARI,A+,21,48,179,204,42,30,7,3,2,22,9,22,0,45,2,1,0,1,4,7,0.234636871,sa658001
2016,Chuck Taylor,ARI,A+,22,42,154,184,42,30,5,4,3,27,19,26,0,39,1,2,1,2,1,3,0.272727272,sa658001
2013,Ronnie Freeman,ARI,A+,22,31,110,124,30,25,5,0,0,14,11,11,0,22,1,2,0,3,0,0,0.272727272,sa658013
2014,Ronnie Freeman,ARI,A+,23,91,306,345,85,57,24,1,3,43,41,30,0,55,2,6,1,10,1,1,0.277777777,sa658013
2017,Joey Curletta,SEA,A+,23,121,454,528,116,63,37,1,15,72,68,62,1,136,3,9,0,12,13,1,0.255506607,sa658025
2015,Joey Curletta,LAD,A+,21,119,403,447,94,50,33,1,10,44,53,37,0,130,4,3,0,7,1,2,0.23325062,sa658025
2016,Joey Curletta,LAD,A+,22,77,270,302,72,41,13,5,13,40,54,27,1,87,3,2,0,2,0,2,0.266666666,sa658025
2015,Royce Bolinger,TEX,A+,24,98,400,436,126,75,34,1,16,70,77,23,3,107,7,6,0,16,0,0,0.315,sa658031
2015,Wilfredo Rodriguez,COL,A+,21,64,228,242,51,41,6,1,3,22,27,8,0,30,1,3,2,6,5,5,0.22368421,sa658032
2014,River Stevens,SDP,A+,22,7,20,23,3,3,0,0,0,1,0,3,0,4,0,0,0,2,0,0,0.15,sa658130
2015,River Stevens,SDP,A+,23,41,158,173,47,42,5,0,0,16,14,8,0,28,3,0,4,5,13,1,0.297468354,sa658130
2016,River Stevens,SDP,A+,24,31,100,108,24,13,9,0,2,10,10,7,0,18,0,1,0,0,1,2,0.24,sa658130
2014,Stephen Carmon,SDP,A+,24,19,63,75,13,8,2,2,1,9,5,8,0,5,0,1,3,0,1,2,0.206349206,sa658146
2015,Brett Vertigan,OAK,A+,24,111,454,512,130,96,23,7,4,80,48,47,1,76,1,4,6,3,24,8,0.286343612,sa658149
2016,Grant Heyman,ARI,A+,22,65,260,273,68,47,16,1,4,25,30,6,1,63,3,3,0,4,3,1,0.261538461,sa658171
2017,Grant Heyman,ARI,A+,23,112,436,464,104,59,24,3,18,52,70,16,0,161,11,1,0,8,2,2,0.23853211,sa658171
2015,Correlle Prime,COL,A+,21,132,518,547,124,79,32,1,12,64,72,23,0,156,3,2,1,6,8,4,0.239382239,sa658187
2015,Wade Wass,LAA,A+,23,13,38,40,11,4,3,0,4,8,6,2,0,8,0,0,0,2,0,0,0.289473684,sa658231
2016,Wade Wass,LAA,A+,24,53,193,224,50,26,15,1,8,25,32,22,1,71,8,1,0,6,2,1,0.259067357,sa658231
2014,Dario Pizzano,SEA,A+,23,35,138,162,38,17,16,2,3,33,21,23,0,16,0,1,0,1,0,0,0.275362318,sa658253
2013,Joe Sclafani,HOU,A+,23,92,343,406,103,64,27,5,7,80,53,52,1,59,5,4,2,6,16,3,0.300291545,sa658257
2015,Brock Hebert,SEA,A+,24,12,37,46,11,6,2,1,2,5,12,5,0,11,1,2,1,1,2,3,0.297297297,sa658259
2013,Brock Hebert,SEA,A+,22,17,64,76,18,10,6,1,1,13,11,8,0,15,2,1,1,1,0,1,0.28125,sa658259
2014,Brock Hebert,SEA,A+,23,50,195,214,52,33,12,4,3,35,30,13,0,55,3,2,1,2,9,2,0.266666666,sa658259
2015,Melvin Mercedes,OAK,A+,23,80,282,324,70,56,13,1,0,32,24,27,0,45,3,3,9,7,11,2,0.24822695,sa658283
2016,Melvin Mercedes,OAK,A+,24,107,358,426,93,75,12,5,1,52,30,56,0,71,2,0,10,8,7,8,0.259776536,sa658283
2015,Kody Eaves,LAA,A+,21,134,520,575,129,90,17,11,11,70,71,45,2,150,2,5,3,10,21,9,0.248076923,sa658290
2013,Chris Burke,SDP,A+,23,24,87,97,24,17,7,0,0,14,15,7,0,26,3,0,0,2,1,1,0.275862068,sa658326
2015,Quinten Davis,LAA,A+,22,34,108,119,25,17,3,3,2,15,11,8,0,42,3,0,0,1,1,2,0.231481481,sa658516
2013,Michael Snyder,LAA,A+,23,137,528,590,148,85,32,6,25,70,92,43,0,149,8,11,0,20,0,1,0.28030303,sa658566
2015,Jacob Scavuzzo,LAD,A+,21,61,227,255,70,38,18,1,13,47,49,21,0,54,5,2,0,2,3,4,0.308370044,sa658601
2014,Ben Turner,SFG,A+,24,106,383,430,114,91,20,1,2,47,40,34,0,37,2,6,5,8,0,0,0.29765013,sa658602
2016,C.J. Hinojosa,SFG,A+,21,69,260,302,77,54,14,3,6,45,34,36,0,46,0,3,3,8,1,4,0.296153846,sa658616
2018,C.J. Hinojosa,SFG,A+,23,7,26,28,8,7,1,0,0,2,2,2,0,6,0,0,0,0,1,0,0.307692307,sa658616
2014,Tanner Mathis,HOU,A+,23,40,132,155,34,23,7,2,2,24,19,18,0,23,2,1,2,4,3,6,0.257575757,sa658631
2014,Wade Hinkle,LAA,A+,24,82,292,348,86,49,25,3,9,48,46,40,2,69,15,1,0,4,2,0,0.294520547,sa658642
2013,Joel Capote,LAA,A+,23,98,319,360,75,58,11,5,1,51,33,28,0,57,8,2,3,6,11,8,0.235109717,sa658665
2017,Wes Rogers,COL,A+,23,123,461,521,147,94,37,7,9,94,82,45,0,85,3,8,4,7,70,12,0.318872017,sa658668
2018,Wes Rogers,COL,A+,24,52,185,206,53,39,8,0,6,30,34,17,0,48,1,3,0,2,10,3,0.286486486,sa658668
2016,Wes Rogers,COL,A+,22,125,487,563,124,90,22,7,5,77,48,57,0,99,7,3,9,3,43,9,0.254620123,sa658668
2014,Toby DeMello,SEA,A+,24,10,28,32,3,2,1,0,0,2,0,4,0,8,0,0,0,2,0,0,0.107142857,sa658676
2013,John Cannon,LAD,A+,23,7,21,21,6,5,1,0,0,2,0,0,0,4,0,0,0,0,0,0,0.285714285,sa658686
2015,Evan Van Hoosier,TEX,A+,21,61,257,281,85,57,16,10,2,40,33,18,0,58,2,4,0,3,5,3,0.330739299,sa658796
2013,M.P. Cokinos,HOU,A+,23,109,425,495,132,91,28,1,12,70,92,47,0,41,15,7,1,14,1,3,0.310588235,sa658820
2014,Jose Queliz,ARI,A+,21,42,133,138,26,22,2,0,2,12,9,3,0,34,2,0,0,5,0,1,0.195488721,sa658848
2015,Jose Queliz,ARI,A+,22,20,69,72,19,12,3,0,4,8,14,1,0,25,0,2,0,1,0,0,0.275362318,sa658848
2016,Johnny Sewald,HOU,A+,22,79,293,354,84,59,16,3,6,58,35,45,0,71,7,3,6,5,23,7,0.286689419,sa658947
2016,Mikey White,OAK,A+,22,124,469,521,116,82,25,3,6,65,50,40,0,130,7,2,3,12,4,2,0.247334754,sa658966
2017,Mikey White,OAK,A+,23,115,440,488,115,67,27,4,17,59,73,40,0,121,6,1,1,12,4,0,0.261363636,sa658966
2016,Jose Vizcaino Jr.,SFG,A+,22,83,295,333,77,51,17,2,7,35,44,29,0,69,6,3,0,9,3,5,0.261016949,sa659043
2017,Jose Vizcaino Jr.,SFG,A+,23,29,98,111,21,16,3,0,2,12,12,11,0,30,1,0,1,0,1,0,0.214285714,sa659043
2017,Gio Brusa,SFG,A+,23,113,426,467,101,54,28,2,17,58,55,33,0,124,4,4,0,5,1,2,0.237089201,sa659068
2018,Gio Brusa,SFG,A+,24,107,408,451,97,50,23,5,19,62,70,35,0,149,2,5,1,4,8,0,0.237745098,sa659068
2014,Breland Almadova,ARI,A+,23,42,173,195,51,40,8,2,1,36,18,12,0,36,2,2,6,3,9,4,0.294797687,sa659072
2015,Breland Almadova,ARI,A+,24,105,381,434,104,76,21,3,4,60,43,40,1,80,5,2,6,9,25,10,0.272965879,sa659072
2016,Marcus Greene Jr.,SDP,A+,21,18,63,71,9,7,1,0,1,5,4,6,0,22,2,0,0,1,0,0,0.142857142,sa659282
2018,Marcus Greene Jr.,SDP,A+,23,51,168,186,43,34,7,0,2,21,21,17,0,45,1,0,0,4,0,0,0.25595238,sa659282
2013,Chance Ross,LAA,A+,23,19,54,60,14,9,4,0,1,5,6,4,0,14,1,0,1,1,1,0,0.259259259,sa659713
2014,Chance Ross,LAA,A+,24,29,106,111,26,21,3,1,1,10,9,2,0,30,1,1,1,2,2,2,0.245283018,sa659713
2016,Mike Ahmed,LAD,A+,24,111,385,450,107,65,19,4,19,81,52,55,2,110,7,3,0,4,9,8,0.277922077,sa705802
2015,Chase McDonald,HOU,A+,23,105,390,444,109,48,30,1,30,66,80,45,0,117,5,4,0,10,2,1,0.279487179,sa706987
2014,Angel Rosa,LAA,A+,21,28,112,124,39,29,7,3,0,14,18,6,1,21,3,2,1,1,4,3,0.348214285,sa707769
2015,Angel Rosa,LAA,A+,22,78,270,297,68,49,15,1,3,30,42,18,0,69,1,6,1,3,5,0,0.251851851,sa707769
2014,Matt Pare,SFG,A+,23,13,42,54,10,6,4,0,0,3,9,4,0,12,5,2,1,0,0,0,0.238095238,sa707788
2015,Matt Pare,SFG,A+,24,13,37,44,7,5,1,0,1,4,7,5,0,11,0,2,0,0,0,0,0.189189189,sa707788
2016,Galli Cribbs Jr.,ARI,A+,23,34,102,114,18,10,3,4,1,10,13,7,0,35,2,0,3,1,2,1,0.176470588,sa708444
2017,Galli Cribbs Jr.,ARI,A+,24,81,239,270,49,33,11,5,0,29,12,26,0,88,3,0,2,3,8,4,0.20502092,sa708444
2015,Brett Booth,HOU,A+,24,7,24,30,4,3,0,0,1,4,3,5,0,8,0,1,0,1,0,0,0.166666666,sa709013
2015,Spencer Navin,LAD,A+,22,40,113,137,15,8,5,0,2,13,9,18,0,40,3,3,0,2,1,1,0.132743362,sa709022
2016,Spencer Navin,LAD,A+,23,11,26,34,5,5,0,0,0,2,1,6,0,12,1,0,1,1,0,0,0.192307692,sa709022
2015,Dylan Davis,SFG,A+,21,29,107,122,22,16,3,0,3,18,11,14,0,28,0,1,0,3,0,1,0.205607476,sa709037
2016,Dylan Davis,SFG,A+,22,63,248,276,69,40,10,1,18,36,49,22,2,61,4,2,0,6,1,0,0.278225806,sa709037
2014,Tyler Horan,SFG,A+,23,28,106,117,34,18,5,1,10,17,27,9,1,31,1,1,0,1,6,4,0.320754716,sa709555
2015,Tyler Horan,SFG,A+,24,94,344,396,74,40,20,1,13,43,35,47,2,96,2,3,0,1,5,5,0.215116279,sa709555
2015,Brandon Trinkwon,LAD,A+,23,70,260,304,81,66,10,0,5,43,29,38,0,51,1,4,1,4,7,5,0.311538461,sa709596
2016,Brandon Trinkwon,LAD,A+,24,30,112,129,32,27,4,0,1,19,18,15,0,17,1,1,0,0,1,1,0.285714285,sa709596
2019,Mario Sanjur,LAA,A+,23,7,21,26,0,0,0,0,0,1,0,5,0,9,0,0,0,0,0,0,0,sa735840
2015,Rayder Ascanio,SEA,A+,19,77,297,322,68,54,12,1,1,28,30,19,0,70,1,4,1,8,6,2,0.228956228,sa735861
2017,Rayder Ascanio,SEA,A+,21,66,233,268,52,31,16,1,4,25,24,26,0,40,2,2,5,5,3,4,0.223175965,sa735861
2018,Frandy De La Rosa,SFG,A+,22,49,181,200,41,30,2,3,6,19,23,13,0,59,3,0,3,4,0,1,0.226519337,sa736663
2018,Eric Marinez,OAK,A+,22,38,124,135,28,19,6,3,0,13,6,10,0,40,1,0,0,4,1,1,0.225806451,sa736686
2017,Carlos Belen,SDP,A+,21,89,319,354,76,40,23,2,11,40,46,28,1,121,5,2,0,4,1,1,0.238244514,sa736746
2017,Wilfri De La Cruz,SDP,A+,23,28,97,99,22,15,5,0,2,11,11,1,0,30,1,0,0,3,0,0,0.226804123,sa736747
2016,Henry Castillo,ARI,A+,21,127,492,534,127,75,38,2,12,71,63,38,1,131,1,3,0,7,6,9,0.258130081,sa736756
2017,Henry Castillo,ARI,A+,22,107,397,427,90,60,23,1,6,31,48,24,0,130,1,5,0,5,2,3,0.226700251,sa736756
2018,Luis Alejandro Basabe,ARI,A+,21,63,227,249,51,35,12,2,2,23,15,19,0,50,1,1,1,1,5,5,0.224669603,sa736924
2019,Luis Alejandro Basabe,ARI,A+,22,117,420,500,123,94,21,4,4,70,51,75,2,106,3,2,0,5,16,9,0.292857142,sa736924
2016,Omar Carrizales,COL,A+,21,96,388,423,114,84,14,10,6,60,32,24,0,69,2,3,6,0,16,5,0.293814432,sa736953
2018,Luis Castro,COL,A+,22,27,96,109,34,21,10,0,3,18,13,5,0,24,8,0,0,0,0,1,0.354166666,sa736954
2019,Luis Castro,COL,A+,23,106,385,475,122,71,24,2,25,93,98,61,1,98,19,10,0,7,14,3,0.316883116,sa736954
2017,Samuel Ortiz,LAD,A+,20,5,21,22,5,4,1,0,0,1,4,1,0,9,0,0,0,2,1,1,0.238095238,sa736968
2019,Ariel Sandoval,SEA,A+,23,99,355,385,85,50,26,3,6,48,37,24,0,108,3,1,1,7,13,3,0.239436619,sa736970
2016,Ariel Sandoval,LAD,A+,20,50,188,206,43,29,9,2,3,23,21,11,0,59,4,2,1,5,5,1,0.228723404,sa736970
2017,Ariel Sandoval,LAD,A+,21,61,192,210,41,26,7,0,8,27,22,17,0,75,1,0,0,1,4,3,0.213541666,sa736970
2015,Juremi Profar,TEX,A+,19,13,50,58,12,8,2,1,1,7,7,4,1,9,1,1,2,1,0,0,0.24,sa736995
2016,Juremi Profar,TEX,A+,20,103,383,425,115,77,23,2,13,66,58,33,0,47,2,5,2,11,1,3,0.300261096,sa736995
2016,Carlos Arroyo,TEX,A+,23,7,26,28,7,5,1,0,1,3,3,0,0,6,0,1,1,1,0,0,0.269230769,sa736998
2018,Brallan Perez,OAK,A+,22,88,313,357,83,70,9,4,0,47,13,31,0,56,9,1,3,7,2,4,0.265175718,sa736999
2019,Brallan Perez,OAK,A+,23,10,26,28,5,3,2,0,0,2,1,2,0,7,0,0,0,1,1,0,0.192307692,sa736999
2017,Ibandel Isabel,LAD,A+,22,122,444,492,115,70,16,1,28,62,87,40,2,172,6,2,0,10,0,2,0.259009009,sa737017
2018,Ibandel Isabel,LAD,A+,23,6,21,23,5,2,2,0,1,1,3,2,0,9,0,0,0,0,0,0,0.238095238,sa737017
2016,Kristian Trompiz,HOU,A+,20,46,158,179,30,21,8,1,0,19,17,14,0,54,2,4,1,3,4,2,0.189873417,sa737029
2019,Jean Angomas,SFG,A+,24,45,162,175,37,33,2,0,2,17,19,9,0,24,0,4,0,2,5,1,0.228395061,sa737090
2018,Joel Diaz,COL,A+,22,57,209,237,56,43,10,0,3,19,30,19,1,45,4,3,2,6,1,0,0.267942583,sa737204
2019,Joel Diaz,COL,A+,23,52,191,207,56,45,11,0,0,19,22,14,0,55,1,1,0,9,1,2,0.293193717,sa737204
2019,Robert Mullen,OAK,A+,23,70,250,274,70,45,15,0,10,31,36,13,0,65,7,4,0,5,0,0,0.28,sa737644
2017,Matt McPhearson,ARI,A+,22,111,406,445,113,93,15,5,0,48,29,30,0,86,4,2,3,6,31,11,0.278325123,sa737783
2016,Colin Bray,ARI,A+,23,109,400,461,96,64,18,5,9,65,40,39,1,127,7,3,12,6,16,11,0.24,sa737832
2017,Colin Bray,ARI,A+,24,13,45,49,11,10,1,0,0,10,1,4,0,14,0,0,0,0,3,0,0.244444444,sa737832
2015,Brian Holberton,HOU,A+,23,58,201,236,49,30,12,3,4,32,33,25,0,25,2,6,2,7,1,2,0.243781094,sa737846
2017,Brandon Diaz,LAA,A+,22,23,76,91,16,11,3,1,1,10,6,15,0,30,0,0,0,0,8,1,0.210526315,sa737872
2018,Tanner Murphy,SFG,A+,23,40,128,147,22,20,1,1,0,7,6,15,0,38,2,0,2,7,1,0,0.171875,sa737877
2014,Brandon Bednar,SFG,A+,22,48,195,212,47,35,7,0,5,23,16,12,1,27,4,1,0,4,3,3,0.241025641,sa737887
2015,Brandon Bednar,SFG,A+,23,100,346,373,82,59,18,2,3,39,34,15,1,54,5,2,5,13,3,4,0.236994219,sa737887
2016,Brandon Bednar,SFG,A+,24,59,218,239,62,54,3,1,4,22,30,8,0,46,6,4,3,5,4,1,0.284403669,sa737887
2017,Heath Quinn,SFG,A+,22,75,272,297,62,43,9,0,10,24,29,20,0,86,4,1,0,3,0,0,0.227941176,sa737904
2018,Heath Quinn,SFG,A+,23,96,357,407,107,69,24,0,14,53,51,42,0,98,4,4,0,2,4,1,0.299719887,sa737904
2019,Heath Quinn,SFG,A+,24,52,190,215,55,34,14,2,5,17,30,22,0,59,2,1,0,3,1,1,0.289473684,sa737904
2015,Stephen McGee,LAA,A+,24,55,182,216,46,33,11,1,1,16,25,27,0,48,3,4,0,5,1,2,0.252747252,sa737919
2015,Justin Seager,SEA,A+,23,83,278,315,53,33,17,1,2,20,22,24,1,88,10,2,1,11,2,0,0.190647482,sa737926
2016,Justin Seager,SEA,A+,24,80,275,326,61,39,8,1,13,56,49,38,0,77,9,4,0,9,0,0,0.221818181,sa737926
2014,Chad Hinshaw,LAA,A+,23,65,264,298,69,37,14,8,10,49,46,15,0,65,15,3,1,6,16,7,0.261363636,sa738144
2017,Edwin Diaz,OAK,A+,21,13,45,51,4,3,0,1,0,2,3,4,0,15,0,1,1,1,0,0,0.088888888,sa738152
2018,Edwin Diaz,OAK,A+,22,84,296,344,70,38,19,0,13,44,37,39,0,98,3,3,3,8,3,0,0.236486486,sa738152
2016,Trae Santos,SDP,A+,23,91,301,348,63,32,20,4,7,30,35,35,0,97,11,1,0,3,0,0,0.209302325,sa738161
2014,Ryan Gebhardt,ARI,A+,22,43,160,174,57,50,6,1,0,27,18,10,0,19,3,1,0,3,2,3,0.35625,sa738165
2015,Ryan Gebhardt,ARI,A+,23,15,55,57,11,9,2,0,0,5,2,2,0,16,0,0,0,3,0,0,0.2,sa738165
2016,Rene Melendez,SFG,A+,21,18,62,66,13,12,1,0,0,4,4,2,0,16,0,0,2,0,0,1,0.209677419,sa738179
2016,Jonah Arenado,SFG,A+,21,128,516,545,131,78,36,0,17,64,68,18,0,110,7,4,0,16,0,2,0.253875968,sa738199
2017,Jonah Arenado,SFG,A+,22,129,488,522,131,78,36,4,13,67,73,26,1,104,4,4,0,8,1,1,0.268442622,sa738199
2014,Jon Kemmer,HOU,A+,23,39,153,159,45,22,10,1,12,32,33,4,0,33,1,1,0,5,0,1,0.294117647,sa738208
2015,Michael Miller,SDP,A+,23,10,40,40,9,6,3,0,0,4,3,0,0,7,0,0,0,1,0,0,0.225,sa738230
2015,Kyle Petty,SEA,A+,24,96,353,384,90,67,8,6,9,40,46,29,1,84,2,0,0,8,11,3,0.254957507,sa738266
2015,Justin Higley,OAK,A+,22,37,132,145,29,17,7,1,4,17,12,10,0,53,0,2,1,4,4,0,0.219696969,sa738305
2016,Justin Higley,OAK,A+,23,12,50,55,18,11,5,2,0,7,6,5,0,20,0,0,0,0,2,1,0.36,sa738305
2015,Marcus Davis,SDP,A+,23,128,494,540,126,86,28,3,9,62,65,31,1,110,5,9,1,12,2,0,0.255060728,sa738329
2014,Mark Shannon,LAA,A+,23,107,420,456,121,87,23,1,10,58,53,19,0,86,7,4,5,6,17,6,0.288095238,sa738337
2015,Mark Shannon,LAA,A+,24,37,130,141,26,23,2,1,0,13,13,9,0,24,1,1,0,3,3,0,0.2,sa738337
2018,Nick Zammarelli III,SEA,A+,23,124,457,508,125,79,30,6,10,60,60,39,0,136,6,4,2,2,5,1,0.273522975,sa738401
2014,Zach Shank,SEA,A+,23,55,227,248,59,41,9,5,4,34,26,10,0,42,4,2,5,5,3,2,0.259911894,sa738403
2014,George Roberts,ARI,A+,24,25,88,98,26,19,7,0,0,7,7,7,0,19,2,1,0,1,2,0,0.295454545,sa738426
2014,Blake Miller,SFG,A+,24,96,364,409,109,73,24,4,8,47,73,26,0,80,9,8,2,5,5,1,0.299450549,sa738430
2019,Ryan Scott,LAA,A+,24,50,154,186,19,13,1,0,5,23,14,25,0,58,4,1,2,6,0,0,0.123376623,sa738447
2017,Ryan Scott,SEA,A+,22,15,40,43,4,3,1,0,0,3,2,3,0,15,0,0,0,0,1,0,0.1,sa738447
2018,Ryan Scott,SEA,A+,23,11,28,34,5,5,0,0,0,1,2,4,0,7,0,1,1,2,0,0,0.178571428,sa738447
2015,Chantz Mack,SEA,A+,24,33,122,137,28,15,4,1,8,16,22,11,0,35,1,3,0,0,3,2,0.229508196,sa738471
2014,Chantz Mack,SEA,A+,23,17,63,67,14,9,3,0,2,5,4,4,0,13,0,0,0,0,2,1,0.222222222,sa738471
2016,Lana Akau,OAK,A+,20,64,206,235,44,35,8,0,1,13,24,16,0,79,7,3,3,4,0,2,0.213592233,sa738553
2017,Lana Akau,OAK,A+,21,16,55,60,13,11,2,0,0,6,4,3,0,17,2,0,0,1,1,1,0.236363636,sa738553
2017,Rod Boykin,SDP,A+,22,43,172,189,54,34,9,5,6,30,20,16,0,62,1,0,0,3,7,1,0.313953488,sa738567
2018,Rod Boykin,SDP,A+,23,36,128,136,26,17,5,2,2,13,17,4,0,61,2,1,1,2,2,3,0.203125,sa738567
2014,Adam Law,LAD,A+,24,106,403,468,110,88,20,2,0,65,37,41,0,69,9,5,10,5,19,10,0.272952853,sa738573
2015,Mike Fish,LAA,A+,24,88,350,387,104,86,15,1,2,46,34,30,1,64,1,5,1,7,5,4,0.297142857,sa738617
2018,John Riley,SFG,A+,24,14,44,47,9,5,3,0,1,4,4,3,0,13,0,0,0,1,0,0,0.204545454,sa738650
2018,Torii Hunter Jr.,LAA,A+,23,13,55,60,18,16,1,1,0,4,1,2,0,18,2,0,1,1,5,0,0.327272727,sa738667
2019,Torii Hunter Jr.,LAA,A+,24,73,259,306,65,53,7,4,1,29,27,38,1,76,7,1,1,4,16,3,0.25096525,sa738667
2018,Luke Persico,OAK,A+,22,112,429,482,123,81,32,5,5,58,60,44,0,78,2,6,1,14,5,5,0.286713286,sa738678
2018,Michael Reed,SDP,A+,23,79,315,343,102,62,21,7,12,54,47,24,0,84,1,2,1,5,33,7,0.323809523,sa738683
2015,Jordan Cowan,SEA,A+,20,6,24,27,9,7,2,0,0,4,2,1,0,3,0,0,2,0,0,1,0.375,sa738703
2016,Jordan Cowan,SEA,A+,21,43,170,187,52,42,6,1,3,25,21,14,0,32,0,1,2,3,3,3,0.305882352,sa738703
2017,Jordan Cowan,SEA,A+,22,122,468,533,127,103,20,2,2,67,39,50,2,88,4,3,8,11,18,5,0.271367521,sa738703
2018,Jordan Cowan,SEA,A+,23,20,74,86,21,17,4,0,0,12,8,7,0,16,1,2,2,2,1,0,0.283783783,sa738703
2014,Alex Allbritton,LAA,A+,23,110,369,416,89,60,26,1,2,43,37,34,0,112,2,3,8,7,7,5,0.241192411,sa738710
2017,Francis Christy,ARI,A+,21,48,175,189,37,31,5,1,0,12,8,11,0,58,1,2,0,2,1,2,0.211428571,sa738727
2018,Willie Abreu,COL,A+,23,65,252,277,67,46,12,2,7,41,27,20,0,62,1,0,4,5,19,9,0.265873015,sa738883
2014,Riley Good,LAA,A+,22,49,167,172,41,31,9,1,0,15,12,4,0,39,0,0,1,4,11,3,0.245508982,sa738888
2015,Ryan Miller,SDP,A+,22,69,287,297,75,48,20,4,3,32,27,8,0,58,2,0,0,3,2,1,0.261324041,sa738892
2014,Ronnie Mitchell,HOU,A+,23,27,101,115,25,17,5,0,3,12,11,12,0,21,1,0,1,2,0,1,0.247524752,sa738900
2015,Ronnie Mitchell,HOU,A+,24,111,405,460,116,66,27,11,12,57,72,45,0,89,1,4,5,6,3,3,0.286419753,sa738900
2019,Taylor Snyder,COL,A+,24,103,388,429,107,66,19,4,18,56,69,27,1,127,7,7,0,5,16,4,0.275773195,sa738930
2014,Eric Aguilera,LAA,A+,23,11,43,46,12,9,3,0,0,3,2,2,0,10,0,0,1,6,0,0,0.279069767,sa738943
2015,Eric Aguilera,LAA,A+,24,119,462,520,151,93,38,3,17,79,94,47,3,110,6,5,0,7,14,6,0.326839826,sa738943
2018,Jacob Heyward,SFG,A+,22,112,407,477,105,66,26,1,12,61,47,61,1,104,4,4,1,7,14,8,0.257985257,sa738955
2017,Mark Karaviotis,ARI,A+,21,28,96,110,24,15,4,1,4,15,15,10,0,26,3,1,0,1,1,0,0.25,sa738977
2018,Mark Karaviotis,ARI,A+,22,91,319,384,91,66,18,3,4,59,38,52,0,84,8,5,0,6,6,2,0.285266457,sa738977
2019,Mark Karaviotis,ARI,A+,23,56,206,248,59,47,8,1,3,30,33,31,0,47,5,4,0,8,2,4,0.286407766,sa738977
2018,Anfernee Grier,ARI,A+,22,34,125,136,26,17,5,1,3,14,8,8,0,46,3,0,0,2,6,1,0.208,sa738988
2019,Anfernee Grier,ARI,A+,23,107,363,414,83,52,19,3,9,45,46,41,0,131,4,6,0,8,28,10,0.228650137,sa738988
2018,Dominic Miroglio,ARI,A+,23,76,278,312,91,63,23,1,4,41,42,20,0,42,12,2,0,6,5,2,0.327338129,sa739013
2019,Ryan Kirby,SFG,A+,24,28,101,111,15,8,3,0,4,10,16,8,0,48,1,1,0,0,2,0,0.148514851,sa739014
2017,Fernery Ozuna,ARI,A+,21,70,258,277,56,36,12,2,6,36,29,16,0,76,2,1,0,7,6,1,0.217054263,sa739259
2017,Julian Leon,LAA,A+,21,14,46,53,9,7,1,0,1,6,3,6,0,18,0,1,0,1,0,0,0.195652173,sa739577
2018,Julian Leon,LAA,A+,22,65,201,255,44,25,8,0,11,30,41,40,0,70,9,5,0,6,0,1,0.218905472,sa739577
2016,Julian Leon,LAD,A+,20,61,220,237,49,29,12,0,8,28,27,13,0,87,3,1,0,4,0,1,0.222727272,sa739577
2017,Robbie Perkins,COL,A+,23,22,70,79,19,12,6,0,1,13,6,7,0,20,0,0,2,2,1,0,0.271428571,sa739640
2016,Robbie Perkins,COL,A+,22,15,42,53,10,8,1,1,0,4,1,11,0,23,0,0,0,0,0,1,0.238095238,sa739640
2016,Jairo Beras,TEX,A+,21,107,409,441,107,53,28,4,22,71,78,24,2,121,4,4,0,10,5,5,0.261613691,sa740444
2016,Marty Herum,ARI,A+,24,96,377,409,111,83,20,0,8,51,46,22,2,63,4,5,1,9,9,1,0.294429708,sa745229
2015,Johan Mieses,LAD,A+,19,51,196,214,48,23,18,1,6,35,19,13,0,57,2,0,3,5,3,1,0.244897959,sa747574
2016,Johan Mieses,LAD,A+,20,122,461,514,114,52,31,3,28,72,78,36,1,147,11,4,1,6,3,7,0.247288503,sa747574
2017,Johan Mieses,LAD,A+,21,28,116,129,41,16,17,0,8,25,27,10,1,38,2,1,0,2,0,0,0.353448275,sa747574
2014,Alex San Juan,COL,A+,23,27,90,94,17,12,4,0,1,8,9,4,0,32,0,0,0,3,1,0,0.188888888,sa751968
2016,Michael De Leon,TEX,A+,19,128,454,491,121,86,25,1,9,54,54,24,0,57,4,2,7,12,7,5,0.266519823,sa823925
2018,Anthony Jimenez,SEA,A+,22,102,385,415,101,72,20,3,6,38,42,22,1,103,7,0,1,13,13,7,0.262337662,sa826672
2019,Anthony Jimenez,SEA,A+,23,51,188,211,42,27,9,4,2,22,12,15,0,53,8,0,0,5,10,6,0.223404255,sa826672
2019,Eugene Helder,SEA,A+,23,94,359,392,84,63,14,1,6,36,36,31,0,86,0,1,1,4,1,4,0.233983286,sa826786
2016,Bobby Boyd,HOU,A+,23,84,359,398,103,73,14,7,9,71,56,30,1,67,3,2,4,3,33,10,0.286908077,sa827122
2016,Richard Gonzalez,HOU,A+,22,9,24,30,6,3,2,0,1,3,3,4,0,10,1,0,1,0,0,0,0.25,sa827128
2017,Kyle Overstreet,SDP,A+,23,53,190,215,61,44,13,0,4,25,29,20,0,31,1,4,0,5,1,0,0.321052631,sa827140
2016,Trent Woodward,HOU,A+,24,54,179,215,47,30,11,0,6,31,36,31,0,48,1,2,2,4,1,1,0.262569832,sa827146
2016,Austin Byler,ARI,A+,23,33,130,137,32,22,4,2,4,15,18,4,0,46,1,2,0,2,3,0,0.246153846,sa827162
2017,Austin Byler,ARI,A+,24,121,450,503,109,63,31,6,9,64,66,42,0,138,6,4,1,9,8,4,0.242222222,sa827162
2015,Yale Rosen,SDP,A+,22,63,211,230,43,22,11,3,7,23,29,14,0,71,2,0,3,2,0,1,0.203791469,sa827171
2015,Troy Stein,COL,A+,23,77,266,300,64,43,17,1,3,34,19,25,0,81,7,1,1,6,7,2,0.240601503,sa827185
2016,Troy Stein,COL,A+,24,59,217,241,48,27,10,1,10,21,21,21,0,64,1,1,0,6,4,5,0.221198156,sa827185
2015,Branden Cogswell,OAK,A+,22,118,422,487,99,79,14,3,3,43,32,56,1,108,2,3,4,8,6,2,0.234597156,sa827188
2017,Branden Cogswell,OAK,A+,24,71,255,293,72,56,15,1,0,32,23,34,1,48,1,1,2,6,4,2,0.282352941,sa827188
2015,Jay Baum,SEA,A+,22,103,366,407,78,56,18,2,2,38,28,35,0,99,1,2,2,10,14,7,0.213114754,sa827313
2016,Jay Baum,SEA,A+,23,131,524,595,132,92,28,3,9,71,78,55,1,109,7,6,3,18,14,10,0.251908396,sa827313
2017,Jay Baum,SEA,A+,24,9,35,37,9,4,2,2,1,3,8,2,0,8,0,0,0,0,1,1,0.257142857,sa827313
2018,Richie Fecteau,LAA,A+,24,85,299,327,73,48,13,8,4,37,37,20,0,97,2,1,2,2,2,2,0.244147157,sa827319
2015,Sean McMullen,HOU,A+,23,25,92,109,27,14,8,3,2,23,16,13,0,23,3,1,0,1,5,0,0.29347826,sa827347
2015,Auston Bousfield,SDP,A+,21,102,400,468,109,92,12,2,3,53,32,50,0,79,7,3,8,3,22,6,0.2725,sa827356
2017,Auston Bousfield,SDP,A+,23,11,43,51,11,5,4,0,2,8,3,7,0,9,1,0,0,1,0,2,0.255813953,sa827356
2015,Andrew Daniel,LAA,A+,22,53,196,219,52,30,17,4,1,27,28,18,0,54,3,2,0,3,4,3,0.265306122,sa827358
2017,Eric Filia,SEA,A+,24,128,491,567,160,122,28,5,5,63,59,65,5,45,6,5,0,12,9,6,0.32586558,sa827359
2018,Kelvin Beltre,SFG,A+,21,56,191,215,45,36,4,0,5,18,15,22,0,71,2,0,0,6,1,3,0.235602094,sa827969
2019,Manuel Geraldo,SFG,A+,22,121,475,512,121,85,22,9,5,61,53,28,1,136,2,1,6,11,18,2,0.254736842,sa827970
2019,Yhoelnys Gonzalez,OAK,A+,22,14,45,50,6,5,1,0,0,6,2,4,1,25,1,0,0,0,2,0,0.133333333,sa828220
2018,Ramon Hernandez,ARI,A+,22,109,425,454,111,61,28,2,20,54,77,14,0,101,10,5,0,11,3,1,0.26117647,sa828281
2019,Yan Sanchez,ARI,A+,22,13,39,43,7,6,0,1,0,3,1,4,0,13,0,0,0,0,2,1,0.179487179,sa828285
2016,Osvaldo Duarte,HOU,A+,20,36,144,156,36,22,5,2,7,28,24,9,0,53,0,2,1,6,4,5,0.25,sa828299
2018,Manuel Melendez,COL,A+,21,119,499,542,145,111,18,11,5,76,66,25,0,81,5,4,8,8,17,16,0.290581162,sa828329
2019,Hidekel Gonzalez,COL,A+,22,8,28,30,5,4,1,0,0,2,2,2,0,14,0,0,0,1,0,0,0.178571428,sa828332
2019,Keinner Pina,LAA,A+,22,16,52,60,9,8,1,0,0,1,1,7,2,10,1,0,0,4,0,0,0.173076923,sa828363
2021,Keinner Pina,LAA,A,24,29,93,111,20,16,4,0,0,9,7,13,1,27,3,2,0,2,0,0,0.215053763,sa828363
2019,Ramon Marcelino,COL,A+,22,104,380,418,86,38,26,6,16,44,57,14,1,120,17,7,0,2,3,2,0.226315789,sa828425
2016,Michael Gettys,SDP,A+,20,60,248,272,76,54,13,0,9,40,33,17,1,77,3,2,2,5,9,6,0.306451612,sa828692
2017,Michael Gettys,SDP,A+,21,116,457,513,116,73,22,4,17,84,51,46,1,191,6,2,2,6,22,8,0.253829321,sa828692
2019,Gareth Morgan,LAA,A+,23,44,183,196,53,28,5,0,20,32,49,9,0,95,2,2,0,2,0,1,0.289617486,sa828708
2018,Gareth Morgan,SEA,A+,22,84,298,334,47,19,7,2,19,42,39,30,0,180,6,0,0,3,7,1,0.15771812,sa828708
2019,Gareth Morgan,SEA,A+,23,8,27,32,2,1,0,0,1,2,3,5,0,20,0,0,0,0,1,0,0.074074074,sa828708
2016,Austin Cousino,SEA,A+,23,20,84,93,14,9,3,0,2,9,11,6,0,27,0,1,2,1,0,1,0.166666666,sa828790
2016,Josh Morgan,TEX,A+,20,128,470,533,141,113,19,2,7,74,64,44,1,61,10,7,2,18,4,2,0.3,sa828797
2015,Nicholas Torres,SDP,A+,22,52,211,228,58,38,15,2,3,21,30,9,0,45,5,3,0,2,5,1,0.274881516,sa828872
2018,Max George,COL,A+,22,98,297,370,62,30,15,3,14,61,42,44,0,87,19,3,7,4,27,6,0.208754208,sa829010
2015,Nelson Ward,SEA,A+,22,76,291,337,82,57,12,6,7,54,39,33,0,83,4,1,8,1,8,3,0.281786941,sa829034
2018,Trace Loehr,OAK,A+,23,49,193,206,50,37,12,1,0,18,11,11,0,47,0,1,1,4,1,1,0.259067357,sa829044
2019,Trace Loehr,OAK,A+,24,93,350,385,102,76,20,3,3,54,40,30,1,71,3,2,0,9,10,7,0.291428571,sa829044
2015,Jamie Ritchie,HOU,A+,22,39,133,164,41,27,11,2,1,26,8,25,0,27,2,1,3,3,3,1,0.308270676,sa829058
2016,Jamie Ritchie,HOU,A+,23,99,344,414,95,68,20,0,7,62,57,58,0,83,7,2,3,14,3,1,0.27616279,sa829058
2017,Chris Rabago,COL,A+,24,89,305,361,83,56,18,8,1,52,43,35,1,53,5,6,7,8,25,8,0.272131147,sa829062
2016,Nick Tanielu,HOU,A+,23,35,137,148,51,36,9,2,4,23,29,7,0,22,2,2,0,2,5,1,0.372262773,sa829082
2015,Seth Harrison,SFG,A+,22,92,345,378,73,50,17,2,4,42,33,20,0,103,7,1,5,4,13,11,0.211594202,sa829125
2015,Bo Way,LAA,A+,23,135,520,593,144,108,25,9,2,80,52,49,0,90,10,3,10,8,27,19,0.276923076,sa829126
2015,Jake Yacinich,LAA,A+,22,10,27,29,7,4,3,0,0,5,3,1,0,6,0,0,1,1,1,0,0.259259259,sa829135
2017,Jake Yacinich,LAA,A+,24,92,326,359,86,65,10,6,5,43,31,21,1,90,5,2,5,6,13,5,0.26380368,sa829135
2015,Caleb Adams,LAA,A+,22,51,181,208,53,35,11,3,4,24,26,22,0,60,4,1,0,1,3,2,0.292817679,sa829163
2016,Caleb Adams,LAA,A+,23,50,187,211,54,40,7,6,1,21,25,19,1,55,0,2,3,2,5,2,0.288770053,sa829163
2016,Nick Vilter,SDP,A+,22,6,20,21,0,0,0,0,0,3,0,1,0,9,0,0,0,0,0,0,0,sa829164
2015,Seth Spivey,TEX,A+,22,96,372,412,93,61,25,3,4,62,42,25,0,72,9,5,1,10,1,0,0.25,sa829169
2016,Seth Spivey,TEX,A+,23,33,113,127,23,15,5,0,3,16,17,11,1,24,1,0,2,9,0,1,0.203539823,sa829169
2017,Seth Spivey,ARI,A+,24,17,49,56,13,9,3,0,1,5,2,7,0,15,0,0,0,1,1,0,0.265306122,sa829169
2016,Antonio Nunez,HOU,A+,23,54,176,212,48,39,7,2,0,40,20,31,0,45,0,2,3,0,11,4,0.272727272,sa829188
2017,Roberto Ramos,COL,A+,22,122,478,524,142,99,29,1,13,72,68,41,1,124,1,4,0,8,3,2,0.297071129,sa829199
2018,Roberto Ramos,COL,A+,23,60,214,255,65,30,15,3,17,44,43,32,4,65,7,0,2,5,3,1,0.303738317,sa829199
2016,Roberto Ramos,COL,A+,21,19,78,89,18,9,7,0,2,7,9,10,1,26,0,1,0,2,0,0,0.23076923,sa829199
2016,Shane Hoelscher,COL,A+,24,114,446,496,122,82,23,6,11,61,62,29,0,122,10,5,6,18,8,2,0.2735426,sa829204
2015,Devan Ahart,LAD,A+,22,43,163,190,47,34,6,4,3,32,17,23,1,27,1,2,1,4,7,6,0.288343558,sa829229
2016,Devan Ahart,LAD,A+,23,62,212,238,58,41,12,2,3,35,28,22,0,49,2,2,0,3,8,1,0.273584905,sa829229
2015,Brian Wolfe,LAD,A+,24,24,64,71,14,10,4,0,0,3,2,6,0,13,0,0,1,1,0,0,0.21875,sa829278
2015,Tyler Palmer,LAA,A+,23,61,215,250,59,44,12,1,2,34,21,31,0,50,2,0,2,4,11,2,0.274418604,sa829280
2015,Ruben Castro,HOU,A+,18,13,49,51,9,6,3,0,0,4,3,2,0,12,0,0,0,4,0,0,0.183673469,sa829293
2018,Kevin Rivera,SFG,A+,22,8,21,26,5,2,3,0,0,2,4,4,0,10,0,1,0,0,0,0,0.238095238,sa829322
2017,Jared Walker,LAD,A+,21,20,67,77,15,10,4,0,1,6,5,10,1,35,0,0,0,0,1,0,0.223880597,sa829364
2018,Jared Walker,LAD,A+,22,56,204,245,53,21,11,4,17,48,45,25,0,73,14,1,0,1,2,0,0.259803921,sa829364
2018,Cristian Santana,LAD,A+,21,131,548,580,150,103,23,0,24,75,109,20,0,143,5,7,0,8,2,2,0.273722627,sa829387
2018,Will Toffey,OAK,A+,23,48,164,197,40,27,8,0,5,17,32,29,0,49,1,2,1,1,0,0,0.243902439,sa829401
2017,Collin Ferguson,COL,A+,24,18,63,70,28,18,6,1,3,10,21,4,0,13,1,2,0,1,3,2,0.444444444,sa829421
2016,Collin Ferguson,COL,A+,23,110,395,449,81,50,16,1,14,35,48,41,0,126,8,2,3,2,9,3,0.205063291,sa829421
2015,J.P. Sportman,OAK,A+,23,38,154,167,45,32,7,3,3,21,25,10,0,38,1,2,0,4,7,1,0.292207792,sa829450
2014,Nick O'Loughlin,LAA,A+,24,10,28,31,3,2,1,0,0,3,1,3,0,9,0,0,0,2,0,0,0.107142857,sa829453
2016,Bryan Muniz,HOU,A+,23,113,424,475,116,82,17,4,13,69,74,31,0,93,12,6,2,5,2,1,0.273584905,sa829454
2015,Tripp Martin,TEX,A+,23,59,217,238,50,24,10,1,15,47,44,16,0,90,3,2,0,4,0,0,0.230414746,sa829478
2016,Tripp Martin,TEX,A+,24,73,242,273,44,16,15,0,13,35,37,16,0,110,13,1,1,1,1,2,0.181818181,sa829478
2018,Michael Cantu,SDP,A+,22,11,36,39,7,5,0,0,2,4,4,3,0,13,0,0,0,2,0,0,0.194444444,sa829494
2019,Michael Cantu,SDP,A+,23,6,18,20,1,1,0,0,0,0,2,2,0,8,0,0,0,0,0,0,0.055555555,sa829494
2015,Eason Spivey,LAA,A+,23,7,20,27,2,2,0,0,0,1,3,6,0,9,0,0,1,0,0,0,0.1,sa829512
2018,Jeren Kendall,LAD,A+,22,114,438,494,94,59,20,3,12,68,42,52,0,158,2,1,1,5,37,14,0.214611872,sa829529
2019,Jeren Kendall,LAD,A+,23,96,352,412,77,37,11,10,19,51,63,51,0,147,3,5,1,0,24,7,0.21875,sa829529
2015,Edwin Medina,HOU,A+,22,19,60,71,11,7,3,0,1,7,5,8,0,21,0,0,3,2,5,0,0.183333333,sa829616
2014,Jared Deacon,SFG,A+,22,8,23,26,5,3,2,0,0,3,2,2,0,5,0,0,1,1,0,0,0.217391304,sa829636
2016,Luke Tendler,TEX,A+,24,132,508,592,151,86,38,4,23,92,97,64,1,107,11,5,3,7,5,8,0.297244094,sa829644
2019,Tim Susnara,ARI,A+,23,61,203,228,35,25,5,1,4,18,20,24,0,70,0,1,0,3,2,0,0.172413793,sa829699
2019,Payton Squier,OAK,A+,23,21,74,80,13,8,5,0,0,10,3,4,0,11,1,0,0,2,1,0,0.175675675,sa829814
2018,Bryson Brigman,SEA,A+,23,98,381,425,116,94,13,7,2,47,38,37,1,58,5,1,1,9,15,6,0.304461942,sa829857
2015,Nick Schulz,SDP,A+,24,122,453,527,108,68,26,2,12,66,48,67,0,112,4,3,0,8,2,6,0.238410596,sa829877
2014,Daniel Carbonell,SFG,A+,23,21,93,100,32,23,3,3,3,17,12,6,0,19,1,0,0,0,7,2,0.344086021,sa829978
2015,Daniel Carbonell,SFG,A+,24,66,258,282,72,50,14,2,6,35,27,13,0,51,7,3,1,5,9,7,0.279069767,sa829978
2018,Carlos Herrera,COL,A+,21,106,399,448,111,76,21,8,6,63,50,25,1,103,3,5,16,1,15,11,0.278195488,sa830140
2019,Carlos Herrera,COL,A+,22,55,233,256,61,38,13,0,10,37,31,16,1,61,2,5,0,2,9,4,0.261802575,sa830140
2016,Ruddy Giron,SDP,A+,19,14,47,50,20,11,7,1,1,7,5,3,0,13,0,0,0,1,1,0,0.425531914,sa830284
2017,Ruddy Giron,SDP,A+,20,117,450,488,105,70,26,2,7,50,36,33,0,119,3,1,1,11,13,2,0.233333333,sa830284
2018,Ruddy Giron,SDP,A+,21,57,212,222,54,39,12,1,2,22,24,6,0,51,1,2,1,8,2,2,0.254716981,sa830284
2019,Ruddy Giron,SDP,A+,22,7,23,24,5,5,0,0,0,1,2,1,0,10,0,0,0,0,0,0,0.217391304,sa830284
2018,Franklin Torres,LAA,A+,21,12,51,56,11,6,1,1,3,8,8,4,0,12,0,1,0,2,0,0,0.215686274,sa830300
2019,Franklin Torres,LAA,A+,22,91,346,405,89,67,17,2,3,45,32,53,3,102,3,2,1,10,1,1,0.257225433,sa830300
2015,Michael Strentz,LAA,A+,23,65,221,242,58,37,13,2,6,37,26,20,0,64,1,0,0,6,4,1,0.262443438,sa830497
2016,Michael Strentz,LAA,A+,24,71,251,281,61,36,10,7,8,37,41,23,0,86,5,2,0,5,0,3,0.243027888,sa830497
2017,Ryan Howard,SFG,A+,22,127,526,565,161,131,21,0,9,59,50,23,0,81,8,5,3,8,7,2,0.30608365,sa857225
2015,Roberto Baldoquin,LAA,A+,21,77,289,309,68,54,12,1,1,23,27,9,0,70,4,3,4,7,4,5,0.235294117,sa857538
2016,Roberto Baldoquin,LAA,A+,22,64,227,255,45,38,6,1,0,19,15,21,0,62,3,1,3,5,3,3,0.198237885,sa857538
2018,Roberto Baldoquin,LAA,A+,24,31,116,131,34,25,2,6,1,10,13,10,0,28,2,1,2,2,2,2,0.293103448,sa857538
2016,Kenny Towns,LAA,A+,23,10,26,26,7,6,1,0,0,2,0,0,0,6,0,0,0,0,0,1,0.269230769,sa857618
2016,Joey Armstrong,ARI,A+,22,17,51,56,8,5,3,0,0,8,1,3,0,15,2,0,0,1,0,0,0.156862745,sa857710
2017,Josh Vidales,OAK,A+,23,62,243,271,50,42,7,0,1,20,20,23,0,59,0,2,3,3,3,6,0.205761316,sa857715
2017,Zach Gibbons,LAA,A+,23,27,115,128,39,29,6,3,1,20,10,12,0,15,0,1,0,3,5,0,0.339130434,sa857717
2019,Nico Giarratano,OAK,A+,24,30,88,100,17,13,3,0,1,13,7,9,0,36,2,1,0,4,1,0,0.193181818,sa857718
2018,Jason Goldstein,OAK,A+,24,14,50,53,15,9,5,0,1,5,5,3,0,10,0,0,0,4,0,0,0.3,sa857721
2017,Brennon Lund,LAA,A+,22,46,196,218,63,49,11,0,3,26,23,16,0,41,5,1,0,3,5,4,0.321428571,sa857730
2017,Errol Robinson,LAD,A+,22,16,70,76,20,11,4,3,2,13,8,5,0,17,1,0,0,2,5,1,0.285714285,sa857819
2017,Logan Taylor,SEA,A+,23,82,316,358,76,39,26,3,8,37,59,24,0,107,9,8,1,7,4,4,0.240506329,sa857838
2018,Logan Taylor,SEA,A+,24,35,127,151,37,24,9,1,3,18,22,22,0,44,1,1,0,4,4,1,0.291338582,sa857838
2017,Boomer White,SDP,A+,23,11,32,37,7,5,1,1,0,5,5,3,0,10,1,1,0,0,1,0,0.21875,sa858022
2016,Angelo Amendolare,LAA,A+,23,5,18,25,5,4,0,1,0,7,2,7,0,3,0,0,0,2,1,0,0.277777777,sa858053
2017,Brendon Sanger,LAA,A+,23,63,206,240,57,35,11,1,10,29,42,27,0,64,2,2,1,3,1,0,0.276699029,sa858055
2018,Brendon Sanger,LAA,A+,24,13,47,57,15,9,3,1,2,12,4,9,0,13,1,0,0,0,0,0,0.319148936,sa858055
2017,Matt Winn,SFG,A+,24,71,251,281,54,30,17,1,6,32,23,25,0,96,2,3,0,8,0,0,0.215139442,sa858059
2017,Kyle Survance Jr.,LAA,A+,23,76,305,331,63,39,16,4,4,39,37,20,0,107,3,2,1,7,17,2,0.206557377,sa858807
2018,Brett Stephens,COL,A+,23,8,27,29,4,1,1,2,0,2,2,1,0,6,0,0,1,1,0,0,0.148148148,sa858834
2018,Luis Guzman,SDP,A+,20,14,40,47,6,3,2,1,0,4,3,7,0,11,0,0,0,1,1,0,0.15,sa872453
2021,Edwin Yon,LAA,A,22,54,200,224,48,22,8,4,14,38,44,20,2,104,3,1,0,3,0,1,0.24,sa872464
2019,Joseph Rosa,SEA,A+,22,38,130,154,36,22,11,2,1,21,14,17,0,34,3,2,2,3,1,2,0.276923076,sa872490
2018,Jesus Lage,OAK,A+,20,16,53,54,7,5,1,0,1,3,2,1,0,23,0,0,0,0,1,1,0.132075471,sa872494
2021,Jose Rivas,OAK,A,22,60,213,243,49,35,9,0,5,25,31,17,0,65,12,1,0,3,0,0,0.230046948,sa872495
2019,Gleyvin Pineda,LAA,A+,22,90,324,367,81,68,9,2,2,28,38,34,1,93,3,3,3,12,3,3,0.25,sa872540
2021,Dariel Gomez,SEA,A,24,46,167,201,45,29,12,1,3,28,26,29,0,72,4,1,0,3,0,1,0.269461077,sa872729
2017,Tyler Ramirez,OAK,A+,22,76,279,328,84,63,12,2,7,51,39,45,0,80,2,2,0,4,5,2,0.301075268,sa873260
2019,Johnny Adams,SEA,A+,24,118,394,442,79,59,11,3,6,43,35,35,0,122,5,1,7,9,6,3,0.200507614,sa873596
2018,Stevie Berman,LAD,A+,23,35,96,120,29,19,5,1,4,24,19,19,0,15,5,0,0,1,0,0,0.302083333,sa873599
2019,Stevie Berman,LAD,A+,24,21,61,72,18,10,4,1,3,8,13,9,0,14,0,1,1,5,2,0,0.295081967,sa873599
2019,Todd Czinege,COL,A+,24,89,342,371,77,46,14,3,14,48,51,24,2,128,3,2,0,6,1,4,0.225146198,sa873611
2018,Saige Jenco,LAD,A+,23,59,170,206,42,33,8,1,0,25,11,34,0,49,0,1,1,1,7,5,0.247058823,sa873629
2017,Connor Justus,LAA,A+,22,116,411,491,83,56,19,3,5,52,34,61,0,110,11,3,5,9,15,6,0.201946472,sa873634
2018,Connor Justus,LAA,A+,23,47,176,210,51,36,8,1,6,30,29,24,0,37,7,3,0,4,6,5,0.289772727,sa873634
2018,Camden Duzenack,ARI,A+,23,89,351,399,79,52,20,3,4,49,39,30,0,76,14,2,2,13,12,8,0.225071225,sa873988
2019,Camden Duzenack,ARI,A+,24,91,327,359,72,42,9,3,18,50,56,21,1,95,6,5,0,5,7,3,0.220183486,sa873988
2018,Vince Fernandez,COL,A+,22,117,423,499,112,55,25,8,24,82,75,65,2,172,7,2,2,3,10,5,0.264775413,sa873990
2019,Casey Golden,COL,A+,24,104,383,454,97,53,19,2,23,74,64,48,2,158,16,7,0,2,9,4,0.253263707,sa873997
2017,Darien Tubbs,LAD,A+,22,18,63,70,13,8,3,0,2,8,5,5,0,12,2,0,0,1,5,5,0.206349206,sa874236
2016,Matt Jones,ARI,A+,24,13,35,41,8,4,4,0,0,2,2,6,0,6,0,0,0,2,0,1,0.228571428,sa874481
2017,Jalen Miller,SFG,A+,20,117,431,470,98,63,25,4,6,61,44,31,0,100,3,2,2,3,6,4,0.22737819,sa875016
2018,Jalen Miller,SFG,A+,21,123,511,554,141,90,35,2,14,73,62,27,0,121,8,3,5,2,11,4,0.275929549,sa875016
2016,Ronnie Jebavy,SFG,A+,22,127,535,586,132,87,28,5,12,76,47,34,0,153,12,3,2,4,24,14,0.246728971,sa875072
2017,Ronnie Jebavy,SFG,A+,23,77,307,327,77,55,14,4,4,35,20,12,0,96,6,2,0,6,15,0,0.250814332,sa875072
2016,Jared Foster,LAA,A+,23,40,160,175,47,34,7,2,4,23,23,4,0,33,4,4,3,0,6,2,0.29375,sa875097
2017,Jared Foster,LAA,A+,24,33,138,149,38,26,7,1,4,15,18,9,1,29,2,0,0,4,4,2,0.275362318,sa875097
2017,Brian Mundell,COL,A+,23,67,264,301,79,50,16,1,12,44,59,35,4,44,0,2,0,8,0,1,0.299242424,sa875185
2019,Aldemar Burgos,SDP,A+,22,19,64,67,12,7,2,0,3,10,10,3,1,20,0,0,0,1,0,0,0.1875,sa875196
2016,Hutton Moyer,LAA,A+,23,98,389,432,104,62,25,3,14,60,59,29,1,123,11,3,0,12,11,3,0.267352185,sa875235
2018,Adam Walton,ARI,A+,24,80,258,289,69,48,15,1,5,27,36,24,0,68,3,0,3,5,6,5,0.26744186,sa875273
2017,Logan Landon,LAD,A+,24,20,58,67,16,9,4,0,3,13,7,8,0,11,0,0,1,2,5,0,0.275862068,sa875279
2015,Josh Altmann,TEX,A+,20,7,23,25,6,4,0,2,0,4,4,2,0,4,0,0,0,0,2,0,0.260869565,sa875314
2016,Josh Altmann,TEX,A+,21,8,27,28,7,6,1,0,0,5,1,0,0,6,1,0,0,0,0,0,0.259259259,sa875314
2017,Dillon Dobson,SFG,A+,23,110,428,472,100,61,21,3,15,56,68,35,0,146,4,5,0,4,3,1,0.233644859,sa875376
2018,Dillon Dobson,SFG,A+,24,29,108,115,24,13,7,0,4,9,17,6,0,38,1,0,0,2,1,1,0.222222222,sa875376
2016,Tim Arakawa,LAA,A+,23,83,315,365,80,62,13,3,2,49,25,46,0,64,0,2,2,5,10,5,0.253968253,sa875387
2017,Peter Van Gansen,SDP,A+,23,51,182,199,44,32,9,2,1,17,25,15,0,28,0,2,0,7,1,0,0.241758241,sa875579
2016,Chris Iriart,OAK,A+,21,16,61,72,19,8,5,0,6,14,15,9,0,15,2,0,0,1,0,0,0.311475409,sa875590
2017,Chris Iriart,OAK,A+,22,58,202,222,41,24,7,0,10,20,29,15,0,89,4,1,0,4,0,0,0.202970297,sa875590
2017,Jason Morozowski,ARI,A+,23,113,421,474,106,71,25,3,7,60,56,45,0,110,2,6,0,12,7,4,0.251781472,sa875605
2018,Jason Morozowski,ARI,A+,24,30,107,117,34,23,6,2,3,21,12,9,0,28,0,1,0,0,2,2,0.317757009,sa875605
2017,Mylz Jones,COL,A+,23,115,445,481,132,96,23,4,9,65,63,23,0,86,2,3,8,7,34,16,0.296629213,sa875606
2017,Brett Siddall,OAK,A+,22,117,440,490,132,88,23,0,21,78,68,33,1,104,14,3,0,7,3,1,0.3,sa875635
2018,Brett Siddall,OAK,A+,23,44,156,175,33,21,5,1,6,14,22,14,0,50,3,2,0,6,0,0,0.211538461,sa875635
2016,Jeff Boehm,LAA,A+,23,104,362,403,86,60,21,1,4,35,39,34,0,108,1,4,2,5,2,2,0.23756906,sa875639
2016,Zach Nehrir,ARI,A+,23,18,75,80,17,14,3,0,0,12,4,1,0,19,2,1,1,0,3,2,0.226666666,sa875642
2017,Zach Nehrir,ARI,A+,24,11,33,39,5,3,1,1,0,3,1,5,0,12,1,0,0,0,0,1,0.151515151,sa875642
2018,Brad Zunica,SDP,A+,22,123,431,497,108,68,20,3,17,55,60,53,1,148,8,5,0,8,0,0,0.250580046,sa875647
2017,Ricky Eusebio,SEA,A+,23,32,121,133,26,10,11,1,4,22,9,9,0,34,2,0,0,1,0,1,0.214876033,sa875678
2016,Garrett Kennedy,LAD,A+,23,63,220,242,40,25,11,1,3,20,21,18,0,67,1,2,1,4,0,1,0.181818181,sa875722
2017,Garrett Kennedy,LAD,A+,24,36,129,149,34,22,8,0,4,12,14,16,0,40,4,0,0,1,0,0,0.263565891,sa875722
2019,Ryan Vega,LAA,A+,22,52,186,216,41,29,8,0,4,15,19,26,0,63,3,1,0,2,1,1,0.220430107,sa875727
2016,Drew Ferguson,HOU,A+,23,90,326,392,102,61,25,2,14,70,69,45,0,82,13,6,2,2,28,9,0.312883435,sa875766
2017,Scott Burcham,COL,A+,24,70,235,265,59,42,14,0,3,33,26,14,0,48,4,3,9,4,9,5,0.251063829,sa875782
2017,Alan Garcia,SDP,A+,20,10,33,35,7,7,0,0,0,0,3,1,0,12,0,1,0,0,0,0,0.212121212,sa875788
2019,Devin Davis,LAA,A+,22,91,345,381,84,53,15,9,7,40,47,29,2,102,5,2,0,10,1,0,0.24347826,sa875805
2016,Kodie Tidwell,SDP,A+,21,9,32,36,7,5,1,0,1,5,3,4,0,8,0,0,0,1,3,0,0.21875,sa875821
2016,Trever Allen,LAA,A+,24,22,70,76,11,8,2,1,0,10,2,6,0,22,0,0,0,1,0,0,0.157142857,sa875833
2016,Brooks Marlow,HOU,A+,23,74,258,299,53,34,12,1,6,38,45,33,0,70,4,3,1,4,1,2,0.205426356,sa875979
2016,A.J. Kennedy,SDP,A+,22,52,186,202,42,30,11,0,1,27,17,10,0,52,3,2,1,2,0,2,0.225806451,sa876029
2018,A.J. Kennedy,SDP,A+,24,21,73,78,15,10,4,0,1,7,8,4,0,22,1,0,0,1,0,0,0.205479452,sa876029
2016,Gus Craig,SEA,A+,23,6,23,24,8,4,4,0,0,4,7,0,0,7,1,0,0,0,1,0,0.347826086,sa876035
2016,Keach Ballard,HOU,A+,23,44,147,175,31,20,8,0,3,22,25,22,0,46,4,1,1,2,1,3,0.210884353,sa876050
2016,Aaron Mizell,HOU,A+,22,61,209,235,56,37,8,3,8,42,31,19,0,55,2,2,3,3,8,2,0.267942583,sa876079
2018,Luis Silverio,ARI,A+,23,48,159,167,32,17,11,2,2,19,13,7,0,49,1,0,0,3,2,2,0.201257861,sa876098
2018,Collin Theroux,OAK,A+,24,73,227,277,41,21,6,2,12,34,32,43,0,101,3,2,2,3,3,1,0.18061674,sa876102
2019,L.T. Tolbert,ARI,A+,23,62,236,262,78,58,18,0,2,27,34,19,2,32,4,3,0,4,2,3,0.330508474,sa876146
2017,Jordan Serena,LAA,A+,24,59,206,227,47,36,5,4,2,28,30,13,0,58,5,1,2,4,8,1,0.228155339,sa876218
2016,Josh Delph,LAA,A+,23,44,136,159,28,25,3,0,0,8,7,18,0,37,2,1,2,3,1,1,0.205882352,sa876314
2016,Ryan Stephens,COL,A+,23,6,38,43,6,6,0,0,0,5,3,3,0,12,1,1,0,1,0,1,0.157894736,sa877123
2016,Christian Correa,HOU,A+,23,6,22,26,5,0,2,0,3,5,5,4,0,4,0,0,0,0,0,0,0.227272727,sa877549
2016,Ryan Sebra,LAA,A+,23,58,183,203,32,25,5,2,0,16,22,13,0,37,3,2,2,7,4,1,0.174863387,sa878424
2017,Garrett Hope,LAD,A+,23,8,31,33,6,4,0,0,2,2,4,2,0,13,0,0,0,0,0,1,0.193548387,sa879514
2016,Zach Welz,LAA,A+,24,55,186,209,41,31,7,0,3,16,23,17,0,63,2,2,2,1,4,2,0.220430107,sa883465
2022,Juan Zabala,SDP,A,22,60,211,247,62,49,8,2,3,32,26,28,0,41,6,1,1,9,19,3,0.293838862,sa913717
2017,Omar Estevez,LAD,A+,19,120,457,502,117,86,24,3,4,56,47,33,0,97,4,4,3,7,2,2,0.256017505,sa914242
2018,Omar Estevez,LAD,A+,20,128,515,577,143,83,43,2,15,87,84,45,1,138,5,10,2,3,3,1,0.277669902,sa914242
2019,Ryan Gridley,OAK,A+,24,59,237,261,65,47,15,0,3,27,20,17,0,43,3,2,2,2,4,2,0.274261603,sa915617
2018,Donovan Casey,LAD,A+,22,62,241,269,61,45,8,2,6,43,30,23,0,72,1,4,0,6,2,1,0.253112033,sa915654
2019,Donovan Casey,LAD,A+,23,100,403,445,109,62,18,9,20,80,65,37,0,140,3,2,0,5,20,3,0.270471464,sa915654
2019,Orlando Garcia,SFG,A+,23,29,91,108,19,15,3,0,1,8,11,10,0,32,5,1,1,1,3,0,0.208791208,sa915658
2019,Matt McLaughlin,COL,A+,23,110,398,457,111,88,20,2,1,55,42,48,0,95,4,3,4,1,12,7,0.278894472,sa915706
2018,Kevin Merrell,OAK,A+,22,62,270,290,72,59,10,3,0,38,24,15,1,66,1,0,4,0,5,4,0.266666666,sa915707
2017,Jordan Zimmerman,LAA,A+,22,42,184,198,54,33,16,1,4,30,28,10,0,41,2,1,1,2,1,0,0.29347826,sa915727
2018,Jordan Zimmerman,LAA,A+,23,111,446,478,103,60,27,5,11,53,60,22,0,123,3,6,1,10,3,1,0.230941704,sa915727
2019,Jordan Zimmerman,LAA,A+,24,95,338,375,88,64,14,3,7,37,32,31,0,92,4,2,0,5,6,2,0.260355029,sa915727
2018,Rayneldy Rosario,LAA,A+,20,7,23,25,3,2,0,1,0,1,1,1,0,10,1,0,0,0,1,0,0.130434782,sa916704
2019,Rayneldy Rosario,LAA,A+,21,17,53,61,9,9,0,0,0,10,2,7,0,13,0,0,1,2,0,1,0.16981132,sa916704
2022,Wilson Alvarez,OAK,A,24,18,51,62,12,9,3,0,0,4,6,6,0,16,0,1,4,2,1,0,0.235294117,sa916709
2021,Ricardo Genoves,SFG,A,22,38,136,161,46,29,11,0,6,30,24,22,0,29,3,0,0,2,0,0,0.338235294,sa916844
2019,Diego Rincones,SFG,A+,20,19,73,88,18,12,4,0,2,14,8,11,0,8,4,0,0,2,0,0,0.246575342,sa916849
2021,Carlos Reina,LAA,A,22,30,104,121,20,15,4,0,1,13,7,12,0,35,3,1,0,6,0,0,0.192307692,sa917054
2021,Cristopher Navarro,COL,A,22,34,107,118,28,21,6,0,1,14,9,8,0,24,1,0,2,2,3,2,0.261682242,sa917065
2021,Daniel Montano,COL,A,22,52,186,215,56,40,9,3,4,28,25,24,0,53,1,2,2,2,6,3,0.301075268,sa917068
2018,Kelvin Melean,SDP,A+,19,49,175,190,46,36,9,1,0,17,13,7,0,42,4,1,3,4,2,0,0.262857142,sa917141
2019,Kelvin Melean,SDP,A+,20,13,46,49,9,6,2,0,1,1,7,2,0,11,0,1,0,1,1,1,0.195652173,sa917141
2021,Kelvin Alarcon,SDP,A,22,14,30,34,7,7,0,0,0,7,6,3,0,13,0,0,1,0,1,0,0.233333333,sa917142
2019,Eduardo Diaz,ARI,A+,21,44,187,198,53,36,11,3,3,30,27,8,0,43,2,1,0,1,5,1,0.283422459,sa917182
2019,Jorge Perez,ARI,A+,21,78,245,271,60,43,11,2,4,40,28,20,0,56,1,2,3,6,10,3,0.244897959,sa917308
2018,Carlos Rincon,LAD,A+,20,29,110,131,36,12,9,0,15,36,35,16,0,31,4,1,0,2,0,1,0.327272727,sa917319
2019,Carlos Rincon,LAD,A+,21,37,130,154,30,14,10,0,6,25,13,21,0,45,3,0,0,0,1,1,0.23076923,sa917319
2019,Starling Heredia,LAD,A+,20,101,333,388,68,37,15,6,10,57,34,49,0,147,5,1,0,3,16,8,0.204204204,sa917328
2021,Marco Hernandez,LAD,A,23,37,127,154,26,17,6,0,3,28,22,21,0,32,6,0,0,4,0,0,0.204724409,sa917737
2022,Marco Hernandez,LAD,A,24,20,57,74,13,8,3,0,2,10,11,14,0,14,3,0,0,1,0,1,0.228070175,sa917737
2016,T.J. Bennett,SFG,A+,23,65,222,250,63,38,15,1,9,32,28,20,0,67,6,1,1,5,2,1,0.283783783,sa917904
2017,T.J. Bennett,SFG,A+,24,29,87,97,17,12,3,1,1,5,5,8,1,31,1,1,0,0,2,4,0.195402298,sa917904
2017,Joe Rizzo,SEA,A+,19,5,20,21,4,3,0,1,0,1,1,1,0,8,0,0,0,0,0,0,0.2,sa917934
2018,Joe Rizzo,SEA,A+,20,123,461,508,111,84,21,2,4,46,55,40,0,108,3,4,0,14,6,1,0.240780911,sa917934
2019,Joe Rizzo,SEA,A+,21,129,518,570,153,110,30,3,10,77,63,45,4,94,4,3,0,10,0,3,0.295366795,sa917934
2018,Hudson Potts,SDP,A+,19,106,406,453,114,61,35,1,17,66,58,37,1,112,7,2,1,8,3,1,0.280788177,sa917936
2021,Andy Yerzy,ARI,A,22,12,41,55,9,4,3,0,2,6,9,9,2,10,5,0,0,0,2,0,0.219512195,sa917939
2019,Michael Cruz,LAA,A+,23,23,81,90,24,15,6,0,3,8,14,6,0,18,1,2,0,1,0,1,0.296296296,sa918049
2017,Troy Montgomery,LAA,A+,22,65,262,296,74,51,10,7,6,41,31,26,0,58,1,1,6,4,9,5,0.282442748,sa918108
2017,Michael Barash,LAA,A+,22,84,321,367,76,47,19,0,10,43,42,43,0,76,1,1,1,10,0,0,0.236760124,sa918163
2018,Stephen Smith,ARI,A+,23,77,284,323,63,40,13,2,8,39,36,32,0,99,6,1,0,10,4,3,0.221830985,sa918189
2019,Kevin Lachance,ARI,A+,24,9,26,28,3,3,0,0,0,3,1,1,0,11,0,1,0,0,0,0,0.115384615,sa918198
2021,Lyle Lin,ARI,A,24,45,140,167,31,23,8,0,0,22,11,19,0,35,5,2,1,3,0,2,0.221428571,sa918343
2017,Keith Grieshaber,LAA,A+,22,45,163,184,48,35,10,1,2,20,27,13,0,25,5,2,1,4,13,3,0.294478527,sa918350
2017,Chris Baker,SDP,A+,22,101,376,414,79,54,16,3,6,36,37,27,0,112,5,3,3,8,5,2,0.210106382,sa918365
2018,Chris Baker,SDP,A+,23,64,218,238,54,38,10,2,4,30,27,13,1,68,4,1,2,3,3,0,0.247706422,sa918365
2019,Brayan Morales,LAD,A+,23,106,355,395,81,66,8,7,0,40,32,23,1,100,6,4,7,1,35,13,0.228169014,sa918374
2018,Jacob Bosiokovic,COL,A+,24,42,151,171,24,19,1,0,4,12,17,12,0,66,6,1,1,1,6,3,0.158940397,sa918394
2018,Brandon Van Horn,SFG,A+,24,104,369,405,78,48,19,1,10,36,39,29,0,108,1,3,3,7,8,8,0.211382113,sa918436
2017,Cody Ramer,LAA,A+,23,72,238,279,55,40,11,3,1,32,21,37,0,72,1,1,2,6,7,1,0.231092436,sa918439
2017,Austin Grebeck,SEA,A+,22,16,39,50,5,4,1,0,0,7,1,10,0,17,0,1,0,0,4,1,0.128205128,sa918462
2018,Steven Linkous,COL,A+,23,44,150,172,39,31,7,1,0,21,19,15,0,49,2,2,3,2,13,3,0.26,sa918492
2019,Matt Hearn,COL,A+,23,130,548,617,160,129,24,6,1,86,39,56,1,97,4,2,7,7,45,15,0.291970802,sa918523
2019,Cam Williams,LAA,A+,22,17,56,66,9,6,2,0,1,5,6,7,0,25,2,1,0,0,1,1,0.160714285,sa918586
2017,DJ Jenkins,LAA,A+,23,18,65,68,13,11,2,0,0,4,3,2,0,15,0,1,0,2,4,0,0.2,sa918613
2018,DJ Jenkins,LAA,A+,24,78,260,286,57,48,6,2,1,33,21,22,0,63,2,1,1,1,7,5,0.219230769,sa918613
2017,Brandon Montgomery,LAD,A+,21,98,326,352,82,64,13,3,2,30,45,14,0,61,3,8,1,5,5,3,0.251533742,sa918622
2018,Brandon Montgomery,LAD,A+,22,23,85,94,27,15,5,3,4,15,21,5,0,23,2,2,0,0,1,0,0.317647058,sa918622
2019,Brandon Montgomery,LAD,A+,23,59,158,181,31,22,6,1,2,18,14,17,0,45,2,1,3,6,8,5,0.196202531,sa918622
2017,Michael Bernal,SFG,A+,24,11,40,45,10,9,1,0,0,9,5,5,0,10,0,0,0,0,0,0,0.25,sa918667
2018,Bret Boswell,COL,A+,23,30,118,135,38,22,5,1,10,28,28,13,0,41,1,2,1,1,2,0,0.322033898,sa918769
2021,Caleb Scires,LAA,A,22,52,196,219,47,27,12,1,7,34,27,16,2,80,7,0,0,0,6,1,0.239795918,sa918832
2021,Armani Smith,SFG,A,22,15,59,63,20,12,3,1,4,12,14,2,0,11,1,1,0,0,2,0,0.33898305,sa918911
2018,Nick Yarnall,LAD,A+,23,44,141,159,34,17,10,0,7,27,18,18,0,48,0,0,0,2,3,1,0.241134751,sa918978
2019,Nick Yarnall,LAD,A+,24,55,176,210,40,21,8,4,7,32,28,30,0,65,2,2,0,5,2,2,0.227272727,sa918978
2018,Nate Easley,SDP,A+,22,102,355,396,97,62,26,4,5,51,44,37,0,90,1,3,0,5,10,4,0.273239436,sa919164
2019,Nate Easley,SDP,A+,23,11,38,42,6,4,1,1,0,4,1,4,0,12,0,0,0,0,0,1,0.157894736,sa919164
2016,Ray Guerrini,SEA,A+,22,5,13,21,4,3,1,0,0,6,0,7,0,5,1,0,0,0,2,1,0.307692307,sa919414
2017,Tyler Selesky,SDP,A+,23,28,86,97,18,13,5,0,0,8,7,9,0,24,1,1,0,3,0,0,0.209302325,sa919546
2018,Nick Thurman,SEA,A+,24,39,122,134,25,19,5,0,1,8,11,10,0,44,1,1,0,1,0,1,0.204918032,sa919821
2017,Connor Sabanosh,SFG,A+,23,15,45,47,9,9,0,0,0,2,1,1,0,13,0,0,1,2,0,0,0.2,sa920105
2018,Connor Sabanosh,SFG,A+,24,8,25,27,5,5,0,0,0,3,3,1,0,6,0,1,0,1,0,0,0.2,sa920105
2019,Lazaro Armenteros,OAK,A+,20,126,459,538,102,58,22,5,17,65,61,73,1,227,6,0,0,4,22,6,0.222222222,sa969091
2021,Lazaro Armenteros,OAK,A,22,15,65,70,28,20,6,0,2,9,10,5,0,26,0,0,0,0,8,4,0.43076923,sa969091
