Season,Name,Team,Level,Age,G,AB,PA,H,1B,2B,3B,HR,R,RBI,BB,IBB,SO,HBP,SF,SH,GDP,SB,CS,AVG,PlayerId
2011,Christian Bethancourt,ATL,A+,19,45,166,175,45,38,6,0,1,11,20,3,0,35,0,4,2,5,3,2,0.271084337,10028
2010,Wil Myers,KCR,A+,19,58,205,247,71,47,18,2,4,28,38,37,1,39,4,1,0,5,2,3,0.346341463,10047
2012,Tomas Telis,TEX,A+,21,117,450,483,111,82,24,1,4,45,43,16,2,53,7,3,7,18,9,2,0.246666666,10067
2013,Adrian Nieto,WSN,A+,23,110,390,452,111,70,29,1,11,68,53,53,1,82,4,4,1,7,4,2,0.284615384,10294
2011,Eury Perez,WSN,A+,21,119,424,465,120,108,9,2,1,54,41,22,1,63,3,5,11,4,45,15,0.283018867,10299
2014,Eury Perez,WSN,A+,24,9,28,33,9,7,1,0,1,6,4,3,0,4,0,0,2,0,6,1,0.321428571,10299
2013,Mike Ohlman,BAL,A+,22,100,361,424,113,67,29,4,13,61,53,56,2,93,5,2,0,11,5,0,0.31301939,10347
2012,Cheslor Cuthbert,KCR,A+,19,124,474,517,115,89,19,0,7,47,60,38,0,79,2,3,0,8,6,3,0.242616033,10473
2013,Cheslor Cuthbert,KCR,A+,20,60,225,254,63,38,21,2,2,32,31,27,0,37,0,2,0,8,1,2,0.28,10473
2011,Joey Terdoslavich,ATL,A+,22,131,483,536,138,64,52,2,20,72,82,41,4,107,4,8,0,7,2,0,0.285714285,10593
2011,Bryce Brentz,BOS,A+,22,75,288,321,79,44,15,1,19,48,58,26,2,80,3,4,0,8,1,1,0.274305555,10607
2012,David Freitas,WSN,A+,23,78,273,321,74,47,22,0,5,37,46,39,1,52,7,2,0,10,0,0,0.271062271,10619
2011,Zach Walters,WSN,A+,21,30,116,126,34,26,7,1,0,15,11,8,0,33,0,1,1,0,7,1,0.293103448,10622
2012,Zach Walters,WSN,A+,22,54,193,207,52,38,8,1,5,24,24,10,1,43,1,3,0,2,6,3,0.269430051,10622
2012,Gio Urshela,CLE,A+,20,114,438,475,122,77,30,1,14,50,59,16,0,61,7,8,6,17,1,1,0.278538812,10681
2011,Mike Olt,TEX,A+,22,69,240,292,64,35,15,0,14,39,42,48,1,70,1,3,0,7,0,1,0.266666666,10698
2010,Ryan LaMarre,CIN,A+,21,8,27,29,6,3,2,0,1,2,3,2,0,4,0,0,0,0,1,1,0.222222222,10700
2012,Lane Adams,KCR,A+,22,68,262,285,63,46,10,1,6,37,25,21,0,64,2,0,0,8,8,4,0.240458015,10767
2013,Lane Adams,KCR,A+,23,87,323,370,89,57,23,2,7,56,39,43,2,66,2,2,0,2,23,6,0.275541795,10767
2011,Tyler Saladino,CHW,A+,21,102,397,464,107,56,26,9,16,75,55,51,1,90,9,3,4,9,7,7,0.26952141,10807
2011,Todd Cunningham,ATL,A+,22,87,334,386,86,66,12,4,4,59,20,33,0,47,14,1,4,7,14,6,0.257485029,10822
2013,Rangel Ravelo,CHW,A+,21,84,301,347,94,61,27,2,4,43,53,40,1,46,2,3,1,5,4,1,0.312292358,10839
2011,Andrelton Simmons,ATL,A+,21,131,517,570,161,119,35,6,1,69,52,29,2,43,6,6,12,12,26,18,0.311411992,10847
2011,Jared Hoying,TEX,A+,22,116,420,484,99,63,27,4,5,50,45,45,1,98,9,2,8,3,10,9,0.235714285,10882
2012,Jared Hoying,TEX,A+,23,58,218,248,60,42,12,2,4,37,17,21,4,53,5,0,4,0,8,4,0.275229357,10882
2011,Ryan Strausborger,TEX,A+,23,126,488,559,132,86,29,9,8,71,57,45,1,91,15,5,6,5,31,12,0.270491803,10937
2011,Phil Gosselin,ATL,A+,22,115,424,484,112,76,24,6,6,60,63,37,1,76,5,9,9,6,6,2,0.264150943,10953
2010,Phil Gosselin,ATL,A+,21,6,26,26,4,2,1,1,0,2,0,0,0,7,0,0,0,0,0,0,0.153846153,10953
2010,Christian Colon,KCR,A+,21,60,245,271,68,51,12,2,3,38,30,13,1,33,6,3,4,7,2,4,0.27755102,11145
2012,Brett Nicholas,TEX,A+,23,122,449,507,128,86,34,0,8,50,63,44,3,84,6,8,0,8,5,1,0.285077951,11192
2011,Andy Wilkins,CHW,A+,22,134,493,556,137,81,33,0,23,72,89,56,0,91,0,4,3,11,2,2,0.277890466,11251
2010,Jonathan Schoop,BAL,A+,18,6,21,22,5,2,3,0,0,5,3,1,0,4,0,0,0,2,0,0,0.238095238,11265
2011,Jonathan Schoop,BAL,A+,19,77,299,329,81,62,12,2,5,37,37,22,1,44,4,0,4,4,6,3,0.27090301,11265
2011,Whit Merrifield,KCR,A+,22,126,477,547,125,87,30,3,5,74,36,52,0,89,4,4,10,8,24,14,0.262054507,11281
2012,Whit Merrifield,KCR,A+,23,101,380,439,96,65,20,3,8,59,36,41,0,70,4,5,9,11,25,4,0.252631578,11281
2007,Steven Lerud,PIT,A+,22,84,287,328,58,36,17,1,4,27,31,31,1,63,9,1,0,11,3,2,0.202090592,113
2008,Steven Lerud,PIT,A+,23,67,235,273,60,38,14,0,8,36,39,26,1,65,8,4,0,4,1,1,0.255319148,113
2012,Adrian Sanchez,WSN,A+,21,101,375,400,101,75,20,3,3,46,32,11,0,59,5,1,8,12,25,16,0.269333333,11338
2013,Adrian Sanchez,WSN,A+,22,120,428,463,103,84,14,4,1,43,42,17,1,61,6,2,10,11,8,4,0.240654205,11338
2014,Adrian Sanchez,WSN,A+,23,29,96,106,26,22,3,1,0,6,9,5,0,14,2,3,0,2,4,1,0.270833333,11338
2015,Adrian Sanchez,WSN,A+,24,19,67,73,23,17,5,0,1,10,6,5,2,6,0,0,1,2,5,1,0.343283582,11338
2012,Jesus Aguilar,CLE,A+,22,107,367,427,102,63,25,2,12,64,58,45,2,90,10,5,0,7,0,1,0.277929155,11342
2011,Jesus Aguilar,CLE,A+,21,31,113,124,29,22,3,0,4,12,13,11,0,28,0,0,0,1,1,0,0.256637168,11342
2008,Carlos Rivero,CLE,A+,20,108,411,455,116,80,27,1,8,46,64,36,0,84,3,3,2,12,1,2,0.282238442,1136
2012,Brett Eibner,KCR,A+,23,120,423,486,82,37,25,5,15,60,52,57,0,164,5,0,1,3,5,2,0.193853427,11369
2012,Tyler Holt,CLE,A+,23,81,315,362,83,66,10,7,0,48,22,39,0,62,4,0,4,4,16,8,0.263492063,11391
2011,Tyler Holt,CLE,A+,22,123,449,536,114,90,18,4,2,66,26,78,0,106,2,2,5,5,34,6,0.25389755,11391
2012,Tony Wolters,CLE,A+,20,125,485,537,127,81,30,8,8,66,58,36,0,104,8,3,5,16,5,9,0.26185567,11470
2013,Tony Wolters,CLE,A+,21,80,289,340,80,64,13,0,3,36,33,41,0,58,3,3,4,4,3,6,0.276816608,11470
2012,Odubel Herrera,TEX,A+,20,126,500,551,141,109,22,6,4,71,45,33,3,99,7,4,7,9,27,7,0.282,11476
2013,Odubel Herrera,TEX,A+,21,29,95,115,28,24,2,1,1,13,5,16,0,19,1,1,2,1,2,2,0.294736842,11476
2014,Odubel Herrera,TEX,A+,22,29,111,137,33,29,3,1,0,26,11,23,0,21,0,2,1,1,9,3,0.297297297,11476
2013,Henry Ramos,BOS,A+,21,129,469,540,118,72,27,7,12,69,55,55,3,100,3,7,6,9,11,12,0.251599147,11481
2012,Michael A. Taylor,WSN,A+,21,109,384,431,93,55,33,2,3,51,37,40,0,113,3,1,3,6,19,9,0.2421875,11489
2013,Michael A. Taylor,WSN,A+,22,133,509,581,134,77,41,6,10,79,87,55,1,131,8,7,2,10,51,7,0.263261296,11489
2011,Manny Machado,BAL,A+,18,63,237,260,58,38,12,3,5,24,26,22,0,48,0,1,0,8,8,5,0.244725738,11493
2012,Yolmer Sanchez,CHW,A+,20,92,365,416,115,94,14,6,1,57,42,31,0,64,7,6,7,8,19,10,0.315068493,11602
2013,Garin Cecchini,BOS,A+,22,63,214,262,75,47,19,4,5,44,33,43,0,34,5,0,0,3,15,7,0.350467289,11608
2012,Christian Villanueva,TEX,A+,21,100,375,425,107,77,19,1,10,45,59,24,3,83,20,5,1,8,9,9,0.285333333,11738
2013,Drew Robinson,TEX,A+,21,122,436,523,112,71,26,7,8,62,70,72,2,124,7,3,5,9,10,2,0.256880733,11761
2012,Ronny Rodriguez,CLE,A+,20,126,454,483,119,76,20,4,19,67,66,19,0,89,5,2,3,6,7,7,0.262114537,11875
2012,Hanser Alberto,TEX,A+,19,66,279,290,74,57,11,2,4,36,34,2,0,27,3,5,1,10,9,3,0.265232974,11902
2013,Hanser Alberto,TEX,A+,20,29,97,104,25,20,5,0,0,6,7,4,0,8,2,0,1,7,3,1,0.257731958,11902
2014,Hanser Alberto,TEX,A+,21,70,262,285,71,48,15,3,5,37,43,10,0,25,3,4,6,8,10,4,0.270992366,11902
2012,Orlando Calixte,KCR,A+,20,63,256,278,72,47,17,4,4,38,28,15,0,65,3,2,2,5,8,3,0.28125,11905
2007,Chris Johnson,HOU,A+,22,60,224,240,59,42,11,0,6,24,38,8,1,41,3,5,0,9,1,0,0.263392857,1191
2012,Travis Shaw,BOS,A+,22,99,354,423,108,58,31,3,16,69,73,59,3,81,7,3,0,8,11,2,0.305084745,11982
2012,Matt Skole,WSN,A+,22,18,70,76,22,11,10,1,0,11,12,5,1,17,0,1,0,1,1,0,0.314285714,12119
2012,Nick Ahmed,ATL,A+,22,130,506,571,136,90,36,4,6,84,49,49,0,102,4,2,10,10,40,10,0.268774703,12147
2013,Kyle Kubitza,ATL,A+,22,132,435,527,113,67,28,6,12,75,57,80,0,132,6,3,3,5,8,16,0.259770114,12148
2012,Xander Bogaerts,BOS,A+,19,104,384,435,116,71,27,3,15,59,64,43,1,85,5,2,1,8,4,4,0.302083333,12161
2013,Jorge Bonifacio,KCR,A+,20,54,206,234,61,45,11,3,2,32,29,23,0,40,2,3,0,2,0,2,0.296116504,12174
2014,Jorge Alfaro,TEX,A+,21,100,398,437,104,64,22,5,13,63,73,23,0,100,12,4,0,6,6,5,0.261306532,12180
2013,Rougned Odor,TEX,A+,19,100,377,425,115,73,33,4,5,65,59,26,1,67,15,5,2,7,27,8,0.305039787,12282
2012,Kevan Smith,CHW,A+,24,22,77,86,21,12,4,2,3,8,23,5,1,17,1,3,0,1,0,0,0.272727272,12284
2012,Tommy La Stella,ATL,A+,23,85,298,358,90,58,22,5,5,43,56,36,2,24,11,10,3,2,13,2,0.302013422,12371
2013,Tommy La Stella,ATL,A+,24,7,20,29,11,9,1,0,1,7,4,8,0,1,1,0,0,0,1,1,0.55,12371
2012,Marcus Semien,CHW,A+,21,107,418,487,115,64,32,5,14,81,59,55,1,98,5,3,6,6,11,5,0.275119617,12533
2014,Mike Marjama,CHW,A+,24,70,248,262,66,45,16,2,3,26,17,8,0,33,2,2,2,6,2,3,0.266129032,12594
2013,Billy Burns,WSN,A+,23,91,330,402,103,86,8,9,0,70,29,52,2,37,12,2,6,5,54,5,0.312121212,12701
2012,Anthony Rendon,WSN,A+,22,9,27,32,9,4,2,3,0,5,0,5,0,4,0,0,0,0,0,0,0.333333333,12861
2013,Francisco Lindor,CLE,A+,19,83,327,373,100,74,19,6,1,51,27,35,0,39,2,3,6,7,20,5,0.305810397,12916
2014,Cam Gallagher,KCR,A+,21,96,312,361,71,48,18,0,5,24,34,37,0,38,1,6,5,8,1,0,0.227564102,12981
2015,Cam Gallagher,KCR,A+,22,77,253,290,62,42,15,0,5,24,23,28,2,34,2,2,5,11,0,0,0.245059288,12981
2012,Jackie Bradley Jr.,BOS,A+,22,67,234,304,84,53,26,2,3,53,34,52,1,40,10,8,0,5,16,6,0.358974358,12984
2016,Erick Castillo,CHC,A+,23,43,151,164,28,25,2,0,1,17,8,7,0,29,5,0,1,7,0,0,0.185430463,12990
2015,Jose Briceno,ATL,A+,22,88,311,327,57,39,14,0,4,32,20,12,0,52,1,2,1,11,2,0,0.183279742,13151
2013,Luis Sardinas,TEX,A+,20,97,383,432,114,95,15,3,1,69,31,32,1,54,7,5,5,5,27,8,0.29765013,13153
2013,Nicky Delmonico,BAL,A+,20,61,226,263,55,30,12,0,13,33,30,36,2,59,1,0,0,6,5,1,0.243362831,13157
2013,Blake Swihart,BOS,A+,21,103,376,422,112,74,29,7,2,45,42,41,2,63,1,3,1,9,7,8,0.29787234,13176
2014,Jordan Weems,BOS,A+,21,24,82,94,27,22,4,0,1,13,6,9,0,24,2,0,1,1,2,0,0.329268292,13190
2015,Jordan Weems,BOS,A+,22,31,105,117,27,20,6,0,1,12,7,12,0,26,0,0,0,4,2,1,0.257142857,13190
2015,Spencer Kieboom,WSN,A+,24,71,246,285,61,42,16,1,2,30,26,36,1,30,1,2,0,10,1,1,0.247967479,13300
2013,Deven Marrero,BOS,A+,22,85,332,376,85,63,20,0,2,50,21,42,0,60,1,0,1,7,21,2,0.256024096,13325
2014,Omar Narvaez,CHW,A+,22,47,140,174,39,29,8,0,2,18,16,27,0,21,2,4,1,6,3,2,0.278571428,13338
2015,Omar Narvaez,CHW,A+,23,98,339,385,93,82,10,0,1,38,27,40,1,31,2,3,1,12,1,0,0.274336283,13338
2014,Bubba Starling,KCR,A+,21,132,482,549,105,69,23,4,9,67,54,49,0,150,13,5,0,4,17,2,0.217842323,13356
2015,Bubba Starling,KCR,A+,22,12,44,51,17,11,4,0,2,6,12,7,1,17,0,0,0,0,2,1,0.386363636,13356
2013,Tyler Naquin,CLE,A+,22,108,448,498,124,82,27,6,9,69,42,41,0,112,6,1,2,8,14,7,0.276785714,13359
2013,Erik Gonzalez,CLE,A+,21,39,153,163,37,23,9,5,0,16,27,5,0,38,0,4,1,6,1,2,0.241830065,13369
2014,Erik Gonzalez,CLE,A+,22,74,308,336,89,65,14,7,3,45,46,23,1,65,0,2,3,12,15,6,0.288961038,13369
2013,Christian Walker,BAL,A+,22,55,215,239,62,37,17,0,8,25,35,17,0,41,3,4,0,4,2,0,0.288372093,13419
2014,Tony Renda,WSN,A+,23,107,414,472,127,102,21,4,0,75,47,43,0,59,10,5,0,6,19,5,0.306763285,13443
2014,Jose Peraza,ATL,A+,20,66,284,304,97,75,13,8,1,44,27,10,1,32,3,4,3,5,35,7,0.341549295,13593
2015,Humberto Arteaga,KCR,A+,21,48,179,196,42,34,7,0,1,21,16,7,0,31,3,3,4,5,3,3,0.234636871,13595
2016,Humberto Arteaga,KCR,A+,22,67,266,285,76,64,8,2,2,35,24,7,0,46,1,1,10,6,14,5,0.285714285,13595
2013,Mookie Betts,BOS,A+,20,51,185,211,63,41,12,3,7,30,39,23,2,17,1,1,1,2,20,2,0.34054054,13611
2015,Jeimer Candelario,CHC,A+,21,82,318,343,86,53,25,3,5,42,39,20,0,62,3,2,0,5,0,1,0.270440251,13621
2014,Terrance Gore,KCR,A+,23,89,252,287,55,46,8,1,0,34,15,20,0,66,4,2,9,4,36,4,0.218253968,13658
2013,Jack Lopez,KCR,A+,20,124,478,536,110,90,10,6,4,62,45,36,0,89,10,1,11,5,27,11,0.230125523,13663
2014,Jack Lopez,KCR,A+,21,108,405,443,87,65,19,2,1,34,29,27,1,66,6,0,5,9,23,9,0.214814814,13663
2015,Jack Lopez,KCR,A+,22,116,429,487,102,80,15,1,6,52,43,32,1,88,7,3,16,12,13,10,0.237762237,13663
2015,Christopher Bostick,WSN,A+,22,62,234,264,64,47,10,3,4,23,18,19,0,44,7,2,2,4,15,3,0.273504273,13718
2014,Christopher Bostick,TEX,A+,21,130,495,556,124,74,31,8,11,81,62,47,1,116,7,4,3,8,24,11,0.25050505,13718
2015,Elier Hernandez,KCR,A+,20,50,177,196,41,31,7,2,1,15,12,10,0,47,4,5,0,5,4,2,0.231638418,13750
2016,Elier Hernandez,KCR,A+,21,134,500,546,113,79,28,4,2,51,43,30,0,120,10,5,1,11,8,5,0.226,13750
2017,Elier Hernandez,KCR,A+,22,30,124,131,38,24,7,3,4,15,27,4,1,35,2,1,0,7,1,0,0.306451612,13750
2014,Adalberto Mondesi,KCR,A+,18,110,435,472,92,58,14,12,8,54,33,24,0,122,3,2,8,7,17,4,0.211494252,13769
2016,Adalberto Mondesi,KCR,A+,20,9,37,39,9,5,2,1,1,5,4,2,0,11,0,0,0,0,2,0,0.243243243,13769
2013,Micah Johnson,CHW,A+,22,49,211,228,58,46,7,4,1,28,15,10,0,27,1,1,5,3,22,7,0.274881516,13809
2013,Joey Wendle,CLE,A+,23,107,413,474,122,69,32,5,16,73,64,44,1,79,10,6,1,10,10,2,0.295399515,13853
2014,Mike Miller,BOS,A+,24,49,192,216,59,51,8,0,0,24,18,15,0,25,3,0,6,6,7,4,0.307291666,13891
2014,Eric Haase,CLE,A+,21,16,65,70,12,7,4,0,1,4,6,5,0,19,0,0,0,2,0,1,0.184615384,14111
2015,Eric Haase,CLE,A+,22,90,320,370,79,37,26,7,9,46,55,36,0,114,11,2,1,5,3,2,0.246875,14111
2014,Ramon Torres,KCR,A+,21,44,149,167,37,29,5,3,0,14,8,10,0,16,1,1,6,1,5,2,0.248322147,14113
2015,Ramon Torres,KCR,A+,22,71,288,308,74,60,10,3,1,29,18,11,0,32,1,0,8,6,14,7,0.256944444,14113
2014,Joey Gallo,TEX,A+,20,58,189,246,61,28,9,3,21,53,50,51,3,64,2,4,0,3,5,3,0.322751322,14128
2014,Jason Coats,CHW,A+,24,115,429,476,125,73,35,2,15,64,72,35,2,65,6,4,2,10,5,2,0.291375291,14282
2013,Wilmer Difo,WSN,A+,21,6,18,20,4,3,1,0,0,2,1,2,0,3,0,0,0,0,0,1,0.222222222,14320
2015,Wilmer Difo,WSN,A+,23,19,75,83,24,14,7,0,3,13,14,8,1,13,0,0,0,0,4,1,0.32,14320
2014,Nick Williams,TEX,A+,20,94,377,408,110,65,28,4,13,61,68,19,1,117,11,1,0,8,5,7,0.291777188,14330
2014,Lewis Brinson,TEX,A+,20,46,183,199,45,33,8,1,3,17,22,15,0,50,1,0,0,3,5,5,0.245901639,14352
2015,Joey Meneses,ATL,A+,23,113,394,433,94,69,18,4,3,32,41,32,0,80,3,4,0,17,2,2,0.23857868,14366
2016,Joey Meneses,ATL,A+,24,66,243,269,83,58,19,1,5,31,31,24,4,38,1,1,0,6,2,1,0.341563786,14366
2014,Pedro Severino,WSN,A+,20,94,291,326,72,47,15,1,9,41,36,21,0,57,5,3,6,5,2,0,0.24742268,14523
2016,Anthony Santander,CLE,A+,21,128,500,574,145,83,42,0,20,90,95,54,1,118,12,7,1,6,10,5,0.29,14551
2016,David Bote,CHC,A+,23,72,276,313,93,58,26,3,6,55,41,31,0,41,4,1,1,5,6,1,0.336956521,14593
2015,Tzu-Wei Lin,BOS,A+,21,73,281,307,79,62,12,3,2,37,34,22,0,32,0,2,2,6,15,3,0.28113879,14678
2014,Manuel Margot,BOS,A+,19,16,50,56,17,10,5,0,2,4,14,2,0,5,1,2,1,1,3,2,0.34,14712
2015,Manuel Margot,BOS,A+,20,46,181,198,51,37,6,5,3,35,17,11,0,15,1,3,2,4,20,5,0.281767955,14712
2016,Yu Chang,CLE,A+,20,108,417,477,108,57,30,8,13,78,70,45,0,110,4,7,4,4,11,3,0.258992805,14773
2014,Mike Yastrzemski,BAL,A+,23,23,93,107,29,19,7,2,1,21,19,8,0,16,2,4,0,3,5,0,0.311827956,14854
2014,Jacob May,CHW,A+,22,109,415,472,107,64,31,10,2,66,27,42,0,71,1,2,12,5,37,8,0.257831325,14876
2015,Johan Camargo,ATL,A+,21,130,391,449,101,79,15,6,1,50,32,30,0,54,4,4,20,9,4,2,0.25831202,14950
2014,Johan Camargo,ATL,A+,20,17,58,62,15,12,2,0,1,7,6,1,0,13,0,2,1,2,0,0,0.258620689,14950
2015,Victor Caratini,CHC,A+,21,112,393,453,101,65,31,1,4,39,53,49,1,75,5,6,0,22,0,0,0.256997455,14968
2014,Adam Engel,CHW,A+,22,21,88,100,21,21,0,0,0,11,5,6,0,21,2,2,2,2,9,1,0.238636363,15082
2015,Adam Engel,CHW,A+,23,136,529,608,133,94,23,9,7,90,43,62,0,132,6,3,8,5,65,11,0.251417769,15082
2016,Adam Engel,CHW,A+,24,14,55,64,18,11,6,1,0,15,5,7,0,11,1,0,1,0,6,0,0.327272727,15082
2014,Hunter Dozier,KCR,A+,22,66,224,267,66,44,18,0,4,36,39,35,2,56,5,3,0,6,7,3,0.294642857,15117
2014,Trey Mancini,BAL,A+,22,69,275,295,69,43,19,0,7,37,41,14,0,43,4,2,0,9,0,1,0.25090909,15149
2015,Trey Mancini,BAL,A+,23,52,207,217,65,40,14,3,8,28,32,9,1,35,0,1,0,7,4,2,0.314009661,15149
2014,Tim Anderson,CHW,A+,21,68,286,300,85,54,18,7,6,48,31,7,0,68,5,2,0,4,10,3,0.297202797,15172
2014,Ryan Cordell,TEX,A+,22,16,62,70,19,10,2,2,5,12,19,7,0,13,0,1,0,0,3,1,0.306451612,15181
2015,Dustin Peterson,ATL,A+,20,118,446,498,112,87,15,2,8,58,62,44,0,91,2,6,0,8,6,3,0.251121076,15189
2014,Carlos Asuaje,BOS,A+,22,39,155,176,50,30,14,2,4,27,28,18,0,34,2,1,0,3,1,3,0.322580645,15197
2015,Austin Wynns,BAL,A+,24,74,230,262,63,44,16,0,3,21,28,26,0,39,2,4,0,6,2,1,0.273913043,15271
2014,Frank Schwindel,KCR,A+,22,16,58,61,14,9,3,0,2,6,5,2,0,12,1,0,0,0,0,0,0.24137931,15351
2015,Frank Schwindel,KCR,A+,23,73,274,293,76,44,28,1,3,30,32,12,1,52,4,2,1,9,0,1,0.277372262,15351
2013,Daniel Castro,ATL,A+,20,26,88,96,25,23,1,1,0,10,7,7,0,6,0,0,1,1,3,1,0.284090909,15450
2014,Daniel Castro,ATL,A+,21,70,257,279,75,55,16,3,1,33,34,10,0,20,1,1,10,8,7,4,0.291828793,15450
2015,Joseph Odom,ATL,A+,23,65,216,243,48,24,16,1,7,29,40,20,0,53,1,5,1,9,0,0,0.222222222,15535
2016,Joseph Odom,ATL,A+,24,52,192,213,56,34,12,2,8,30,29,15,1,40,3,2,1,4,0,0,0.291666666,15535
2014,Joseph Odom,ATL,A+,22,61,185,220,38,25,7,0,6,18,20,29,0,48,1,2,3,7,1,3,0.205405405,15535
2013,Dariel Alvarez,BAL,A+,24,10,39,41,17,13,2,0,2,5,7,2,0,1,0,0,0,2,1,2,0.435897435,15580
2015,Jacob Hannemann,CHC,A+,24,16,61,69,20,16,4,0,0,12,4,6,0,15,0,0,1,0,7,1,0.327868852,15644
2015,Billy McKinney,CHC,A+,20,29,103,125,35,24,5,2,4,19,25,17,1,13,2,3,0,2,0,2,0.339805825,15654
2015,Chance Sisco,BAL,A+,20,75,263,300,81,62,12,3,4,30,26,33,0,41,2,2,0,4,8,1,0.30798479,15694
2015,Raudy Read,WSN,A+,21,5,18,20,7,5,2,0,0,1,5,2,0,3,0,0,0,0,0,0,0.388888888,15766
2016,Raudy Read,WSN,A+,22,101,386,426,101,61,30,1,9,54,51,31,3,53,6,3,0,17,6,3,0.261658031,15766
2016,Jose Marmolejos,WSN,A+,23,103,378,444,108,56,36,5,11,72,59,59,3,84,2,5,0,5,2,3,0.285714285,15767
2015,Rafael Bautista,WSN,A+,22,52,206,226,56,47,7,2,0,23,8,11,0,22,4,2,3,3,23,4,0.27184466,15769
2016,Travis Demeritte,ATL,A+,21,35,124,152,31,14,9,5,3,21,11,26,1,50,1,0,1,1,4,1,0.25,15958
2015,Ivan Castillo,CLE,A+,20,120,418,460,104,75,17,12,0,53,36,27,1,69,8,3,4,7,20,4,0.248803827,15971
2016,Ivan Castillo,CLE,A+,21,19,69,78,12,10,1,0,1,9,11,5,0,12,1,1,2,1,6,0,0.173913043,15971
2017,Ivan Castillo,CLE,A+,22,28,92,100,29,22,6,1,0,7,6,4,0,11,3,1,0,1,3,3,0.315217391,15971
2015,Clint Frazier,CLE,A+,20,133,501,588,143,88,36,3,16,88,72,68,2,125,9,5,5,4,15,7,0.285429141,15983
2016,Stevie Wilkerson,BAL,A+,24,114,402,461,101,76,17,4,4,49,36,45,1,98,6,2,6,4,18,6,0.251243781,16041
2017,Taylor Gushue,WSN,A+,23,91,323,376,78,51,9,0,18,38,67,41,5,88,4,8,0,2,0,0,0.241486068,16098
2015,Bradley Zimmer,CLE,A+,22,78,286,335,88,58,17,3,10,60,39,37,1,77,10,2,0,4,32,5,0.307692307,16221
2015,Sam Travis,BOS,A+,21,66,246,278,77,53,15,4,5,35,40,26,1,43,2,4,0,7,10,6,0.31300813,16263
2016,Francisco Mejia,CLE,A+,20,42,168,184,56,39,12,1,4,22,29,13,0,24,1,2,0,4,1,2,0.333333333,16403
2017,Jason Martin,HOU,A+,21,46,174,198,50,30,11,2,7,34,29,20,0,42,0,4,0,2,9,5,0.287356321,16429
2015,Ryan O'Hearn,KCR,A+,21,46,161,181,38,20,10,0,8,14,21,19,2,54,0,1,0,1,0,0,0.236024844,16442
2016,Ryan O'Hearn,KCR,A+,22,22,88,98,31,17,7,0,7,13,18,8,1,27,1,1,0,0,0,0,0.352272727,16442
2015,Mauricio Dubon,BOS,A+,20,62,237,269,65,55,9,0,1,27,18,23,0,38,3,2,4,9,12,3,0.274261603,16530
2016,Mauricio Dubon,BOS,A+,21,62,235,279,72,58,11,3,0,53,29,33,0,25,0,3,7,4,24,4,0.306382978,16530
2015,Mark Zagunis,CHC,A+,22,115,413,512,112,75,24,5,8,78,54,80,1,86,16,3,0,7,12,10,0.27118644,16565
2014,Yandy Diaz,CLE,A+,22,76,283,338,81,67,7,5,2,41,37,49,1,35,3,1,2,4,3,3,0.286219081,16578
2016,Greg Allen,CLE,A+,23,92,346,432,103,79,16,4,4,93,31,58,0,51,19,2,7,2,38,7,0.297687861,16623
2015,Jason Vosler,CHC,A+,21,38,127,157,31,18,7,0,6,19,20,26,0,27,4,0,0,5,0,0,0.244094488,16686
2016,Jason Vosler,CHC,A+,22,93,334,378,85,56,25,2,2,32,39,33,1,52,5,6,0,7,1,2,0.254491017,16686
2016,Jonah Heim,BAL,A+,21,88,291,329,63,41,14,1,7,30,30,33,0,51,2,1,2,7,2,0,0.216494845,16930
2015,Gleyber Torres,CHC,A+,18,7,23,24,4,4,0,0,0,1,2,1,0,7,0,0,0,0,0,1,0.173913043,16997
2016,Gleyber Torres,CHC,A+,19,94,356,409,98,63,23,3,9,62,47,42,0,87,5,1,5,5,19,10,0.275280898,16997
2018,Meibrys Viloria,KCR,A+,21,100,358,407,93,70,16,1,6,34,44,40,0,75,5,1,3,12,2,1,0.259776536,17109
2017,Monte Harrison,MIL,A+,21,59,230,252,64,37,16,1,10,41,35,14,1,69,8,0,0,2,16,1,0.278260869,17216
2016,Yoan Moncada,BOS,A+,21,61,228,284,70,38,25,3,4,57,34,45,3,60,5,3,3,4,36,8,0.307017543,17232
2016,Bobby Bradley,CLE,A+,20,130,485,572,114,61,23,1,29,82,102,75,8,170,8,4,0,5,3,0,0.235051546,17278
2016,Michael Chavis,BOS,A+,20,7,25,27,4,4,0,0,0,5,1,2,0,7,0,0,0,0,1,0,0.16,17321
2017,Michael Chavis,BOS,A+,21,59,223,250,71,35,17,2,17,50,55,19,0,57,7,1,0,4,1,0,0.31838565,17321
2017,Willi Castro,CLE,A+,20,123,469,510,136,98,24,3,11,69,58,28,1,90,7,4,2,6,19,9,0.289978678,17338
2016,Rafael Devers,BOS,A+,19,127,503,546,142,91,32,8,11,64,71,40,2,94,1,2,0,5,18,6,0.282306163,17350
2016,Yermin Mercedes,BAL,A+,23,31,107,118,34,22,6,0,6,20,17,10,3,19,1,0,0,0,0,0,0.317757009,17423
2017,Yermin Mercedes,BAL,A+,24,98,336,378,92,60,17,0,15,48,55,33,0,59,4,5,0,8,4,3,0.273809523,17423
2016,Kelvin Gutierrez,WSN,A+,21,10,38,44,9,7,1,0,1,7,2,3,0,5,2,0,1,2,2,2,0.236842105,17468
2017,Kelvin Gutierrez,WSN,A+,22,58,222,245,64,46,10,6,2,34,16,19,0,59,2,2,0,6,3,0,0.288288288,17468
2017,Troy Stokes Jr.,MIL,A+,21,100,364,426,91,53,19,5,14,60,56,47,2,77,7,4,4,5,22,9,0.25,17478
2017,Eloy Jimenez,CHC,A+,20,42,155,174,42,26,6,2,8,23,32,18,2,35,1,0,0,8,0,0,0.270967741,17484
2017,Eloy Jimenez,CHW,A+,20,29,110,122,38,18,11,1,8,20,26,12,3,21,0,0,0,2,0,2,0.345454545,17484
2017,Myles Straw,HOU,A+,22,114,437,533,129,104,17,7,1,81,41,87,2,70,2,3,4,8,36,9,0.295194508,17620
2017,Vimael Machin,CHC,A+,23,45,157,173,43,36,6,0,1,19,15,16,1,31,0,0,0,3,0,2,0.27388535,17684
2018,Vimael Machin,CHC,A+,24,33,110,141,23,15,6,0,2,20,14,28,0,23,1,2,0,4,1,0,0.209090909,17684
2017,Jose Cuas,MIL,A+,23,40,125,139,22,13,5,2,2,10,15,9,0,37,1,2,2,2,0,1,0.176,17701
2016,Max Schrock,WSN,A+,21,54,232,244,79,63,11,0,5,30,29,9,0,22,3,0,0,3,7,2,0.340517241,17750
2016,DJ Stewart,BAL,A+,22,59,201,240,56,36,12,2,6,41,30,36,1,46,1,1,1,4,10,3,0.278606965,17766
2017,Jakson Reetz,WSN,A+,21,26,89,102,21,13,6,0,2,8,11,9,0,32,3,0,1,2,2,1,0.235955056,17837
2018,Jakson Reetz,WSN,A+,22,69,232,276,52,39,8,0,5,25,27,35,0,46,7,1,1,6,1,4,0.224137931,17837
2019,Jakson Reetz,WSN,A+,23,96,324,387,82,49,18,2,13,54,55,46,0,95,15,1,1,4,3,1,0.253086419,17837
2016,Luis Alexander Basabe,BOS,A+,19,4,22,23,8,5,2,1,0,5,1,1,0,3,0,0,0,0,0,0,0.363636363,17839
2017,Luis Alexander Basabe,CHW,A+,20,107,375,435,83,61,12,5,5,52,36,49,4,104,6,1,4,4,17,6,0.221333333,17839
2018,Luis Alexander Basabe,CHW,A+,21,58,207,245,55,29,12,5,9,36,30,34,0,64,1,1,2,2,7,8,0.265700483,17839
2016,Andrew Benintendi,BOS,A+,21,34,135,155,46,25,13,7,1,30,32,15,2,9,3,2,0,3,8,2,0.34074074,17901
2019,Marcus Wilson,BOS,A+,22,45,146,167,50,29,12,1,8,26,29,18,0,47,1,2,0,0,4,3,0.342465753,17910
2016,Ian Happ,CHC,A+,21,69,240,293,71,45,16,3,7,37,42,48,1,69,1,4,0,3,10,3,0.295833333,17919
2017,Isan Diaz,MIL,A+,21,110,383,455,86,53,20,0,13,59,54,62,2,121,5,5,0,5,9,3,0.22454308,17922
2016,Andrew Stevenson,WSN,A+,22,68,273,300,83,62,12,8,1,37,18,24,1,44,0,1,2,2,27,9,0.304029304,17932
2016,Mark Mathias,CLE,A+,21,115,427,490,117,72,39,1,5,70,60,48,0,87,10,3,2,8,9,1,0.274004683,18032
2016,Dylan Moore,ATL,A+,23,10,35,41,12,8,4,0,0,4,4,4,0,6,1,1,0,2,2,0,0.342857142,18042
2017,Sam Haggerty,CLE,A+,23,112,427,501,108,65,27,13,3,72,32,67,0,103,2,2,3,7,49,13,0.2529274,18054
2016,Nathan Lukes,CLE,A+,21,5,23,23,6,5,1,0,0,3,1,0,0,5,0,0,0,0,1,0,0.260869565,18123
2017,Ka'ai Tom,CLE,A+,23,126,457,529,116,68,31,7,10,68,65,59,2,100,4,7,2,2,23,6,0.253829321,18136
2016,Nick Dini,KCR,A+,22,7,24,25,5,4,1,0,0,2,1,0,0,3,1,0,0,1,0,0,0.208333333,18206
2016,Dansby Swanson,ATL,A+,22,21,78,93,26,13,12,0,1,14,10,15,2,13,0,0,0,1,7,1,0.333333333,18314
2017,Kyle Tucker,HOU,A+,20,48,177,206,51,26,12,4,9,31,43,24,1,45,3,2,0,1,13,5,0.288135593,18345
2016,Victor Robles,WSN,A+,19,41,168,198,44,31,8,2,3,24,11,14,0,32,11,2,3,4,18,5,0.261904761,18363
2017,Victor Robles,WSN,A+,20,77,291,338,84,45,25,7,7,49,33,25,1,62,17,1,4,4,16,7,0.288659793,18363
2017,Ryan Mountcastle,BAL,A+,20,88,360,379,113,62,35,1,15,63,47,14,2,61,3,2,0,9,8,2,0.313888888,18373
2017,P.J. Higgins,CHC,A+,24,98,342,406,81,68,9,0,4,32,23,43,0,47,5,5,10,13,3,1,0.236842105,18433
2017,Trent Grisham,MIL,A+,20,133,457,569,102,67,21,6,8,78,45,98,2,141,3,6,5,3,38,5,0.223194748,18564
2018,Brendon Davis,TEX,A+,20,117,406,463,103,72,23,2,6,49,40,46,0,105,5,4,2,9,6,2,0.253694581,18587
2019,Yohel Pozo,TEX,A+,22,107,395,419,97,71,17,0,9,43,43,15,0,38,3,6,0,6,6,2,0.24556962,18848
2019,Curtis Terry,TEX,A+,22,67,239,271,77,53,12,2,10,35,33,23,0,50,7,2,0,4,0,1,0.322175732,18881
2017,Seby Zavala,CHW,A+,23,55,202,228,61,40,13,0,8,31,38,24,0,52,0,0,1,2,1,0,0.301980198,18887
2016,Danny Mendick,CHW,A+,22,15,48,53,6,4,2,0,0,6,2,5,0,10,0,0,0,4,0,0,0.125,18889
2017,Danny Mendick,CHW,A+,23,84,263,305,76,47,18,4,7,45,30,31,1,40,6,3,2,2,11,4,0.288973384,18889
2018,Leody Taveras,TEX,A+,19,132,521,580,128,100,16,7,5,65,48,51,1,96,0,1,7,6,19,11,0.245681381,18900
2019,Leody Taveras,TEX,A+,20,66,255,290,75,62,7,4,2,44,25,31,3,62,0,2,2,3,21,5,0.294117647,18900
2019,Yusniel Diaz,BAL,A+,22,6,22,25,6,6,0,0,0,0,2,3,0,7,0,0,0,1,0,0,0.272727272,18905
2017,Corey Ray,MIL,A+,22,112,449,503,107,67,29,4,7,56,48,48,3,156,1,3,2,4,24,10,0.238307349,19170
2016,Zack Collins,CHW,A+,21,36,120,153,31,18,7,0,6,24,18,33,0,39,0,0,0,4,0,0,0.258333333,19181
2017,Zack Collins,CHW,A+,22,101,341,426,76,38,18,3,17,63,48,76,2,118,2,3,4,6,0,2,0.2228739,19181
2017,Trent Giambrone,CHC,A+,23,128,480,529,116,89,15,0,12,65,44,36,0,101,4,6,3,11,7,6,0.241666666,19250
2017,Alex Call,CHW,A+,22,10,41,45,10,6,3,1,0,2,5,3,0,11,1,0,0,0,2,1,0.243902439,19296
2018,Alex Call,CHW,A+,23,56,195,236,50,31,11,3,5,35,28,35,0,52,1,3,2,3,4,6,0.256410256,19296
2017,Nicky Lopez,KCR,A+,22,70,285,324,84,63,12,7,2,42,27,36,1,23,1,0,2,3,14,8,0.294736842,19339
2017,Weston Wilson,MIL,A+,22,73,261,288,63,48,11,1,3,26,27,16,0,80,6,2,3,3,3,0,0.24137931,19358
2018,Weston Wilson,MIL,A+,23,105,383,424,105,67,23,2,13,60,62,31,2,93,4,6,0,9,7,4,0.274151436,19358
2017,Lucas Erceg,MIL,A+,22,127,496,538,127,78,33,1,15,66,81,35,3,95,3,4,0,7,2,3,0.256048387,19360
2017,Austin Hays,BAL,A+,21,64,262,280,86,52,15,3,16,42,41,12,0,40,4,2,0,5,4,6,0.328244274,19363
2019,Austin Hays,BAL,A+,23,9,37,40,6,4,0,0,2,3,6,1,0,11,1,1,0,0,0,0,0.162162162,19363
2018,Trenton Brooks,CLE,A+,22,107,388,446,109,73,28,3,5,47,52,45,0,66,7,5,1,8,2,1,0.280927835,19384
2019,Trenton Brooks,CLE,A+,23,49,174,203,37,23,11,0,3,19,18,22,0,26,2,2,3,5,0,2,0.212643678,19384
2019,Yonny Hernandez,TEX,A+,21,72,245,309,73,66,6,1,0,42,34,48,0,47,9,3,4,2,17,14,0.297959183,19432
2017,Jake Rogers,HOU,A+,22,83,313,367,83,50,18,3,12,43,55,44,4,72,4,6,0,9,13,8,0.265175718,19452
2018,Andruw Monasterio,WSN,A+,21,13,39,47,12,11,0,1,0,6,5,7,0,6,0,1,0,0,2,3,0.307692307,19455
2017,Andruw Monasterio,CHC,A+,20,26,87,97,21,17,4,0,0,9,5,8,0,14,1,0,1,1,1,1,0.24137931,19455
2018,Andruw Monasterio,CHC,A+,21,109,369,436,97,78,14,2,3,52,31,52,1,64,5,3,7,8,10,3,0.262872628,19455
2017,Cooper Hummel,MIL,A+,22,59,197,239,48,31,11,2,4,26,25,38,1,42,2,2,0,3,2,2,0.243654822,19458
2018,Cooper Hummel,MIL,A+,23,103,327,404,85,52,25,0,8,51,50,63,0,93,12,1,1,3,3,1,0.259938837,19458
2017,Alex De Goti,HOU,A+,22,70,238,272,54,36,13,0,5,29,24,28,0,65,4,1,1,4,3,2,0.226890756,19477
2017,Taylor Jones,HOU,A+,23,55,191,223,43,35,5,1,2,17,17,28,0,51,1,3,0,2,0,0,0.22513089,19533
2017,Yordan Alvarez,HOU,A+,20,58,224,252,62,45,11,3,3,19,36,19,1,41,2,7,0,9,6,1,0.276785714,19556
2017,Zack Short,CHC,A+,22,65,232,277,61,41,11,3,6,34,21,40,2,50,2,3,0,1,3,5,0.262931034,19562
2017,Nick Heath,KCR,A+,23,60,224,248,56,48,7,0,1,27,12,19,0,59,1,1,3,1,21,8,0.25,19577
2018,Nick Heath,KCR,A+,24,54,194,237,55,44,8,1,2,37,20,35,0,65,2,1,5,0,29,9,0.283505154,19577
2018,Chas McCormick,HOU,A+,23,51,182,209,48,30,13,3,2,26,27,19,0,34,2,5,1,3,7,0,0.263736263,19599
2018,Bryan De La Cruz,HOU,A+,21,54,182,213,54,42,11,1,0,26,30,27,2,41,2,2,0,3,7,2,0.296703296,19600
2019,Bryan De La Cruz,HOU,A+,22,41,163,183,45,25,14,2,4,29,19,16,0,33,1,3,0,2,5,1,0.276073619,19600
2017,Daniel Johnson,WSN,A+,21,42,170,185,50,32,13,0,5,22,20,13,0,30,1,1,0,3,10,2,0.294117647,19643
2017,Jake Noll,WSN,A+,23,17,58,65,11,7,2,1,1,5,7,5,0,12,0,1,1,0,0,1,0.189655172,19703
2018,Jake Noll,WSN,A+,24,66,265,289,80,57,12,3,8,47,46,19,0,51,3,2,0,7,3,1,0.301886792,19703
2017,Ronnie Dawson,HOU,A+,22,13,52,57,17,13,3,1,0,7,5,4,0,9,0,1,0,1,1,3,0.326923076,19710
2018,Ronnie Dawson,HOU,A+,23,90,332,376,82,53,18,1,10,51,49,39,1,96,3,1,1,3,29,11,0.246987951,19710
2018,Josh Rojas,HOU,A+,24,24,90,105,28,14,11,2,1,20,10,15,0,13,0,0,0,1,12,0,0.311111111,19734
2018,Zach Remillard,CHW,A+,24,110,380,419,95,65,16,3,11,58,52,30,0,103,7,1,1,7,8,6,0.25,19788
2018,Jhonny Pereda,CHC,A+,22,122,441,496,120,98,12,2,8,51,57,51,3,68,1,2,1,18,4,2,0.272108843,19802
2018,Charles Leblanc,TEX,A+,22,131,468,533,128,87,27,4,10,65,72,56,0,120,2,7,0,8,7,3,0.273504273,19813
2018,Chuckie Robinson,HOU,A+,23,75,260,284,62,44,10,1,7,27,30,21,0,58,1,2,0,5,3,4,0.238461538,19824
2018,Abraham Toro,HOU,A+,21,83,296,349,76,41,20,1,14,54,56,45,0,62,5,3,0,7,5,1,0.256756756,19844
2018,Emmanuel Rivera,KCR,A+,22,99,375,411,105,68,25,6,6,45,61,29,2,59,3,4,0,14,3,2,0.28,19890
2018,Gavin Sheets,CHW,A+,22,119,437,497,128,92,28,2,6,58,61,52,0,81,3,5,0,7,1,0,0.292906178,19901
2018,Anderson Tejeda,TEX,A+,20,121,467,522,121,80,17,5,19,76,74,49,2,142,3,3,0,9,11,4,0.259100642,19909
2019,Anderson Tejeda,TEX,A+,21,43,158,181,37,22,10,1,4,22,24,17,0,58,3,3,0,1,9,4,0.234177215,19909
2018,Blake Perkins,KCR,A+,21,64,233,291,56,42,11,1,2,48,18,50,0,67,3,0,5,4,17,4,0.240343347,19921
2019,Blake Perkins,KCR,A+,22,86,288,352,65,44,11,4,6,43,22,52,0,79,2,3,7,4,18,7,0.225694444,19921
2018,Blake Perkins,WSN,A+,21,65,252,305,59,47,11,0,1,39,21,42,2,67,3,5,3,6,12,5,0.234126984,19921
2018,Ryan McKenna,BAL,A+,21,67,257,301,97,69,18,2,8,60,37,37,2,45,6,0,0,1,5,6,0.377431906,19928
2018,Khalil Lee,KCR,A+,20,71,244,301,66,45,13,4,4,42,41,48,0,75,7,2,0,1,14,3,0.270491803,19952
2018,Blake Rutherford,CHW,A+,21,115,447,487,131,90,25,9,7,67,78,34,1,90,3,3,0,12,15,8,0.293064876,19957
2018,Carter Kieboom,WSN,A+,20,61,245,285,73,47,15,0,11,48,46,36,0,50,1,3,0,5,6,1,0.297959183,19958
2018,Bobby Dalbec,BOS,A+,23,100,344,419,88,33,27,2,26,59,85,60,1,130,8,7,0,5,3,1,0.255813953,19966
2018,Ryan Aguilar,MIL,A+,23,126,430,506,96,58,21,9,8,51,56,64,5,138,2,4,6,3,5,1,0.223255813,19967
2019,Ryan Aguilar,MIL,A+,24,105,357,440,97,66,22,0,9,71,47,70,2,118,10,2,1,2,10,1,0.271708683,19967
2018,Tres Barrera,WSN,A+,23,68,259,288,68,48,14,0,6,36,24,22,0,53,6,0,1,8,3,0,0.262548262,19977
2018,Conner Capel,CLE,A+,21,89,322,383,84,58,17,3,6,47,44,49,1,72,2,7,3,4,15,10,0.260869565,19983
2018,Santiago Espinal,BOS,A+,23,65,256,281,80,55,15,3,7,53,32,18,1,35,4,3,0,5,9,1,0.3125,19997
2018,Keston Hiura,MIL,A+,21,50,206,228,66,40,16,3,7,38,23,14,1,47,7,1,0,4,4,6,0.320388349,20003
2018,Luis Robert Jr.,CHW,A+,20,32,123,140,30,23,6,1,0,21,11,8,0,37,6,2,1,1,8,2,0.243902439,20043
2019,Luis Robert Jr.,CHW,A+,21,19,75,84,34,18,5,3,8,21,24,4,0,20,5,0,0,1,8,2,0.453333333,20043
2018,J.C. Escarra,BAL,A+,23,12,35,37,8,7,0,0,1,1,4,2,0,6,0,0,0,0,1,0,0.228571428,20084
2019,J.C. Escarra,BAL,A+,24,127,442,507,104,74,16,1,13,48,57,52,1,76,9,4,0,4,2,0,0.235294117,20084
2018,Juan Soto,WSN,A+,19,15,62,73,23,12,3,1,7,17,18,11,0,8,0,0,0,1,0,1,0.370967741,20123
2018,J.J. Matijevic,HOU,A+,22,88,335,376,89,47,20,3,19,58,57,36,0,103,1,4,0,5,10,13,0.265671641,20165
2019,J.J. Matijevic,HOU,A+,23,5,18,20,6,3,1,0,2,3,2,2,0,4,0,0,0,1,0,0,0.333333333,20165
2018,Mario Feliciano,MIL,A+,19,42,146,165,30,19,7,1,3,20,12,13,0,59,3,1,1,2,2,0,0.205479452,20263
2019,Mario Feliciano,MIL,A+,20,116,440,482,120,72,25,4,19,62,81,29,0,139,7,6,0,6,2,1,0.272727272,20263
2018,Jonathan Arauz,HOU,A+,19,71,233,253,39,22,10,3,4,25,18,16,1,36,1,1,2,6,1,2,0.167381974,20275
2019,Jonathan Arauz,HOU,A+,20,87,317,354,80,53,19,0,8,41,42,30,0,69,4,3,0,7,5,4,0.25236593,20275
2018,Jake Meyers,HOU,A+,22,60,196,233,49,33,13,0,3,28,24,28,1,40,2,6,1,4,3,7,0.25,20308
2019,Jake Meyers,HOU,A+,23,87,341,384,88,49,28,3,8,55,41,33,0,84,8,2,0,12,9,4,0.258064516,20308
2018,Corey Julks,HOU,A+,22,61,227,260,64,38,18,2,6,39,31,28,1,58,2,3,0,4,16,5,0.281938325,20311
2019,Corey Julks,HOU,A+,23,97,350,412,93,61,25,3,4,48,37,52,0,76,7,3,0,13,10,5,0.265714285,20311
2018,Luis Gonzalez,CHW,A+,22,62,252,288,79,46,24,3,6,50,45,27,0,46,2,6,0,2,3,5,0.313492063,20332
2018,Ernie Clement,CLE,A+,22,33,133,156,46,38,7,0,1,29,13,15,1,7,4,1,3,5,5,3,0.345864661,20352
2018,Luis Garcia Jr.,WSN,A+,18,49,204,221,61,48,7,2,4,34,23,12,0,33,1,2,2,5,4,1,0.299019607,20391
2018,Jared Young,CHC,A+,22,51,188,208,53,39,6,2,6,20,23,11,1,40,7,2,0,7,6,1,0.281914893,20404
2018,Brewer Hicklen,KCR,A+,22,22,71,78,15,10,4,0,1,11,3,4,0,26,1,0,2,1,6,0,0.211267605,20450
2019,Brewer Hicklen,KCR,A+,23,125,419,494,110,76,13,7,14,70,51,55,2,140,13,3,4,10,39,14,0.262529832,20450
2018,Seth Beer,HOU,A+,21,27,107,114,28,19,4,0,5,15,19,4,0,22,3,0,0,1,0,1,0.261682242,20493
2019,Seth Beer,HOU,A+,22,35,128,152,42,25,8,0,9,24,34,14,0,30,7,3,0,2,0,3,0.328125,20493
2018,Nick Madrigal,CHW,A+,21,26,98,107,30,26,4,0,0,14,9,5,0,5,3,1,0,2,6,3,0.306122448,20521
2019,Nick Madrigal,CHW,A+,22,49,191,218,52,38,10,2,2,20,27,17,2,6,6,3,1,6,17,4,0.272251308,20521
2018,Nolan Jones,CLE,A+,20,30,104,130,31,19,9,0,3,23,17,26,1,34,0,0,0,0,0,0,0.298076923,20529
2019,Nolan Jones,CLE,A+,21,77,252,324,72,52,12,1,7,48,41,65,0,85,4,3,0,5,5,3,0.285714285,20529
2019,Carlos Perez,CHW,A+,22,89,312,342,82,66,14,0,2,42,33,24,0,26,2,4,0,11,0,0,0.262820512,20805
2019,Oscar Gonzalez,CLE,A+,21,96,385,402,123,90,22,3,8,46,61,12,0,66,2,2,1,12,7,5,0.319480519,20970
2019,Michael Papierski,HOU,A+,23,108,374,446,87,68,11,1,7,58,38,61,0,101,8,2,1,8,2,7,0.23262032,21386
2019,Kyle Isbel,KCR,A+,22,52,194,214,42,27,7,3,5,26,23,15,0,44,3,1,1,5,8,3,0.216494845,21614
2019,Jeremy Pena,HOU,A+,21,43,167,185,53,35,13,3,2,28,13,12,0,33,5,1,0,2,3,4,0.317365269,21636
2019,Miguel Amaya,CHC,A+,20,99,341,410,80,45,24,0,11,50,57,54,0,69,10,5,0,13,2,0,0.234604105,21693
2019,Enmanuel Valdez,HOU,A+,20,67,228,247,49,32,11,1,5,26,31,14,0,61,2,2,1,1,6,2,0.21491228,21716
2019,Sebastian Rivero,KCR,A+,20,91,288,326,61,45,14,1,1,23,24,19,0,75,6,5,8,12,2,2,0.211805555,21735
2019,Sherten Apostel,TEX,A+,20,41,135,159,32,22,5,1,4,18,16,23,0,49,1,0,0,2,0,0,0.237037037,21794
2019,Will Benson,CLE,A+,21,61,217,255,41,26,9,2,4,29,23,31,1,73,2,5,0,4,9,2,0.188940092,21853
2019,Steele Walker,CHW,A+,22,100,383,441,103,65,26,2,10,59,51,42,0,63,6,6,1,8,9,5,0.268929503,22093
2019,Nick Pratto,KCR,A+,20,124,419,472,80,49,21,1,9,48,46,49,0,164,2,2,0,2,17,7,0.190930787,22117
2019,Payton Henry,MIL,A+,22,121,430,482,104,67,22,1,14,49,75,26,1,142,22,4,0,18,1,1,0.241860465,22164
2019,Brice Turang,MIL,A+,19,47,170,207,34,25,6,2,1,25,6,34,1,47,2,1,0,3,9,1,0.2,22186
2019,MJ Melendez,KCR,A+,20,110,363,419,59,25,23,2,9,34,54,44,0,165,5,4,3,3,7,5,0.162534435,22197
2019,Sam Huff,TEX,A+,21,97,367,405,96,64,17,2,13,49,43,27,2,117,9,2,0,10,2,5,0.261580381,22209
2019,Mason McCoy,BAL,A+,24,27,116,125,44,33,9,0,2,21,17,8,0,16,0,1,0,0,3,0,0.379310344,22232
2021,Joe Perez,HOU,A,21,12,50,59,15,9,4,0,2,7,8,9,0,13,0,0,0,0,0,2,0.3,22254
2019,Bubba Thompson,TEX,A+,21,57,202,228,36,21,8,2,5,24,21,21,0,72,2,1,2,2,12,3,0.178217821,22261
2019,Cal Stevenson,HOU,A+,22,23,81,100,20,13,6,1,0,18,9,19,0,13,0,0,0,0,2,3,0.24691358,22411
2021,Johnathan Rodriguez,CLE,A,21,59,220,240,69,50,13,1,5,29,33,16,0,54,2,2,0,7,3,1,0.313636363,22530
2019,Tyler Freeman,CLE,A+,20,62,257,275,82,64,16,2,0,38,20,8,0,25,7,2,1,5,8,1,0.319066147,22532
2021,Maikel Garcia,KCR,A,21,51,195,237,59,42,13,3,1,40,26,38,1,33,0,4,0,6,24,3,0.302564102,22715
2021,Yainer Diaz,CLE,A,22,61,239,258,75,50,19,1,5,30,50,15,0,42,2,2,0,5,1,1,0.313807531,23003
2021,Yainer Diaz,HOU,A,22,12,48,49,11,8,2,0,1,3,7,0,0,4,0,1,0,1,1,0,0.229166666,23003
2019,Ryan Dorow,TEX,A+,23,70,249,300,66,49,9,0,8,45,43,42,1,69,5,3,1,3,11,2,0.26506024,23559
2019,Clayton Andrews,MIL,A+,22,31,31,33,12,12,0,0,0,2,3,2,0,3,0,0,0,0,0,0,0.387096774,23631
2008,Carlos Santana,CLE,A+,22,29,105,126,37,25,5,1,6,34,19,20,0,24,0,1,0,1,3,0,0.352380952,2396
2021,Osleivis Basabe,TBR,A,20,66,278,309,79,61,10,6,2,51,35,26,1,39,2,2,1,10,18,4,0.284172661,23985
2021,Curtis Mead,TBR,A,20,47,191,211,68,39,21,1,7,36,35,15,1,30,3,2,0,4,9,2,0.356020942,23986
2006,Brian Barton,CLE,A+,24,82,295,359,91,59,16,3,13,56,57,39,2,83,16,6,3,3,26,3,0.308474576,2408
2021,Jhonkensy Noel,CLE,A,19,38,150,162,59,37,10,1,11,36,40,7,3,27,3,2,0,0,2,1,0.393333333,24257
2021,Ceddanne Rafaela,BOS,A,20,102,394,432,99,60,20,9,10,73,53,25,0,79,7,4,2,5,23,3,0.251269035,24262
2021,Jose Rodriguez,CHW,A,20,78,336,361,95,60,22,4,9,58,32,21,1,57,2,1,0,5,20,5,0.282738095,24388
2019,J.P. Martinez,TEX,A+,23,113,407,456,101,62,21,4,14,59,58,39,0,144,5,4,1,3,28,12,0.248157248,24451
2019,Steven Kwan,CLE,A+,21,123,479,542,134,98,26,7,3,68,39,53,1,51,4,5,1,1,11,7,0.279749478,24610
2019,Jarren Duran,BOS,A+,22,50,199,226,77,57,13,3,4,49,19,23,0,44,3,1,0,3,18,5,0.386934673,24617
2021,Heriberto Hernandez,TBR,A,21,73,254,320,64,37,15,0,12,57,44,49,3,90,9,8,0,3,7,4,0.251968503,24878
2009,Pedro Alvarez,PIT,A+,22,66,243,284,60,31,14,1,14,38,55,37,4,70,0,4,0,3,1,1,0.24691358,2495
2019,David Hensley,HOU,A+,23,28,98,111,32,21,11,0,0,10,18,11,0,23,0,2,0,3,0,2,0.326530612,25111
2006,Tony Blanco,WSN,A+,24,54,196,214,50,29,13,0,8,24,32,14,0,61,3,1,0,2,3,0,0.25510204,2522
2021,Logan Driscoll,TBR,A,23,30,111,128,36,22,9,1,4,18,15,12,0,37,4,1,0,0,2,0,0.324324324,25475
2021,Bryan Ramos,CHW,A,19,115,431,504,105,63,23,6,13,64,57,51,0,110,18,4,0,8,13,4,0.243619489,25621
2021,Cody Freeman,TEX,A,20,71,243,287,60,41,11,2,6,36,35,32,0,47,10,1,1,6,11,1,0.24691358,25629
2022,Drew Millas,WSN,A,24,18,61,75,15,11,2,0,2,15,10,14,0,13,0,0,0,2,6,2,0.245901639,25643
2021,Dustin Harris,TEX,A,21,73,259,306,78,54,11,3,10,54,53,34,1,48,7,6,0,6,20,1,0.301158301,25705
2021,Tyler Tolbert,KCR,A,23,80,283,347,62,40,10,7,5,56,32,51,1,95,8,2,3,5,49,2,0.219081272,25779
2022,Kevin Alcantara,CHC,A,19,112,428,495,117,77,19,6,15,76,85,55,1,123,6,6,0,6,14,3,0.273364485,25971
2021,Matthew Lugo,BOS,A,20,105,418,469,113,85,21,3,4,61,50,38,0,94,7,5,1,12,15,4,0.270334928,25980
2021,Vaughn Grissom,ATL,A,20,75,280,328,87,63,15,4,5,52,33,34,0,49,10,2,2,7,13,3,0.310714285,26031
2019,Andrew Vaughn,CHW,A+,21,29,107,126,27,16,8,0,3,16,21,16,0,17,1,2,0,3,0,1,0.252336448,26197
2021,Darell Hernaiz,BAL,A,19,94,372,410,103,85,12,0,6,62,52,28,0,70,5,4,1,6,22,6,0.27688172,26224
2022,Darell Hernaiz,BAL,A,20,32,127,138,36,21,7,2,6,25,25,8,0,22,3,0,0,3,9,0,0.283464566,26224
2021,Kenedy Corona,HOU,A,21,57,201,224,49,34,12,1,2,30,22,14,0,53,5,2,2,4,19,7,0.243781094,26244
2022,Kenedy Corona,HOU,A,22,45,165,188,43,24,9,1,9,32,30,21,0,43,1,1,0,2,8,2,0.26060606,26244
2021,Gunnar Henderson,BAL,A,20,35,141,157,44,24,11,1,8,30,39,14,0,46,0,2,0,1,5,1,0.312056737,26289
2021,Angel Martinez,CLE,A,19,97,377,424,91,58,20,6,7,62,46,43,1,88,1,2,1,9,13,6,0.24137931,26540
2021,Luisangel Acuna,TEX,A,19,111,413,473,110,80,15,3,12,77,74,49,0,110,4,7,0,5,44,11,0.266343825,26548
2021,Yohendrick Pinango,CHC,A,19,84,324,351,88,66,16,2,4,50,27,24,1,57,1,2,0,6,8,2,0.271604938,26664
2023,Robert Hassell III,WSN,A,21,15,53,69,10,7,1,1,1,12,4,16,0,9,0,0,0,2,2,0,0.188679245,27482
2021,Owen Caissie,CHC,A,18,22,73,90,17,12,4,0,1,15,9,16,0,28,0,1,0,3,0,0,0.232876712,27496
2021,Nick Yorke,BOS,A,19,76,294,346,95,67,14,4,10,59,47,41,3,47,7,4,0,1,11,8,0.323129251,27504
2021,Alika Williams,TBR,A,22,55,237,263,63,48,13,1,1,37,34,17,1,43,3,5,1,3,5,5,0.265822784,27604
2021,Joey Wiemer,MIL,A,22,75,268,320,74,48,11,2,13,53,44,45,1,69,6,1,0,2,22,4,0.276119402,27690
2021,Brett Wisely,TBR,A,22,69,274,306,80,55,13,1,11,50,44,28,0,69,1,2,1,4,28,7,0.291970802,27735
2022,Pete Crow-Armstrong,CHC,A,20,38,158,183,56,41,5,3,7,39,27,22,1,33,3,0,0,1,13,4,0.354430379,27769
2021,Shay Whitcomb,HOU,A,22,41,163,187,46,36,3,0,7,32,22,20,0,53,3,1,0,2,14,2,0.282208588,27789
2021,Evan Carter,TEX,A,18,32,106,146,25,14,8,1,2,22,12,34,1,28,5,1,0,2,12,4,0.235849056,27790
2021,Jordan Westburg,BAL,A,22,20,71,91,26,17,5,1,3,18,24,12,0,24,6,2,0,1,5,1,0.366197183,27815
2008,Derrick Robinson,KCR,A+,20,124,497,556,122,92,22,8,0,69,34,51,1,97,2,3,3,0,62,17,0.245472837,2784
2009,Derrick Robinson,KCR,A+,21,128,522,571,125,96,19,5,5,72,47,35,1,90,3,2,9,5,69,23,0.239463601,2784
2021,Matt Mervis,CHC,A,23,69,245,289,50,29,11,1,9,38,42,36,2,66,3,4,0,0,6,0,0.204081632,27845
2021,Thomas Saggese,TEX,A,19,73,242,288,62,35,14,3,10,44,37,42,0,85,3,1,0,2,11,3,0.256198347,27883
2021,Alejandro Osuna,TEX,A,18,66,201,243,45,25,14,0,6,36,36,34,0,74,5,1,2,1,17,5,0.223880597,27915
2022,Alejandro Osuna,TEX,A,19,76,273,320,84,62,13,1,8,54,44,36,0,51,5,3,3,2,32,15,0.307692307,27915
2021,Petey Halpin,CLE,A,19,54,221,246,65,44,14,6,1,34,18,21,0,50,3,0,1,1,11,9,0.294117647,27931
2022,Maximo Acosta,TEX,A,19,107,404,456,106,75,26,1,4,62,35,40,0,87,9,1,2,7,44,17,0.262376237,27963
2023,Jhostynxon Garcia,BOS,A,20,73,265,310,61,37,14,6,4,46,24,37,0,79,4,4,0,3,9,2,0.230188679,28142
2024,Jhostynxon Garcia,BOS,A,21,24,89,104,23,11,6,1,5,20,19,15,0,25,0,0,0,0,14,0,0.258426966,28142
2022,Junior Caminero,TBR,A,18,26,107,117,32,23,2,1,6,19,20,8,0,22,2,0,0,1,5,0,0.29906542,28163
2022,Jeferson Quero,MIL,A,19,75,284,320,79,54,18,1,6,44,43,28,0,61,3,4,0,8,10,2,0.278169014,28272
2021,Coby Mayo,BAL,A,19,27,106,125,33,19,8,1,5,27,26,16,0,26,3,0,0,2,5,0,0.311320754,28312
2007,Chris Marrero,WSN,A+,18,68,255,290,66,43,11,3,9,40,35,32,3,63,0,3,0,6,0,0,0.258823529,2852
2008,Chris Marrero,WSN,A+,19,70,256,289,64,36,15,2,11,40,38,25,1,55,5,3,0,9,0,0,0.25,2852
2009,Chris Marrero,WSN,A+,20,112,414,469,119,80,21,2,16,58,65,42,0,97,8,5,0,7,2,3,0.287439613,2852
2022,Jackson Chourio,MIL,A,18,62,250,271,81,41,23,5,12,51,47,19,1,76,1,1,0,3,10,2,0.324,28806
2022,Moises Ballesteros,CHC,A,18,31,109,129,27,17,7,0,3,17,15,18,0,28,0,2,0,2,0,1,0.247706422,28820
2023,Moises Ballesteros,CHC,A,19,56,197,241,54,34,12,0,8,28,32,40,0,30,1,3,0,3,5,0,0.274111675,28820
2023,Samuel Basallo,BAL,A,18,83,308,352,92,57,19,4,12,52,60,41,0,73,2,1,0,6,7,3,0.298701298,28824
2021,Tanner Murray,TBR,A,21,27,109,123,37,22,12,1,2,23,21,9,0,20,4,1,0,4,2,2,0.339449541,28848
2011,Roberto Perez,CLE,A+,22,94,284,351,64,45,16,1,2,30,30,62,2,79,1,1,3,7,1,0,0.225352112,2900
2022,Pedro Ramirez,CHC,A,18,10,41,46,11,11,0,0,0,7,1,2,0,6,3,0,0,0,4,0,0.268292682,29218
2023,Pedro Ramirez,CHC,A,19,104,354,414,94,64,19,3,8,53,54,49,0,71,5,5,1,9,17,7,0.265536723,29218
2022,Carter Jensen,KCR,A,18,113,393,485,89,52,24,2,11,66,50,83,1,103,4,5,0,6,8,6,0.226463104,29478
2022,James Wood,WSN,A,19,21,82,93,24,14,8,0,2,14,17,10,0,26,0,1,0,0,4,0,0.292682926,29518
2021,Billy Cook,BAL,A,22,22,93,103,24,12,6,0,6,17,25,8,0,33,2,0,0,0,7,1,0.258064516,29573
2021,Colton Cowser,BAL,A,21,25,98,124,34,28,5,0,1,22,26,22,0,19,3,1,0,1,4,2,0.346938775,29591
2021,Connor Norby,BAL,A,21,26,99,126,28,20,4,1,3,17,17,21,0,28,3,3,0,1,5,3,0.282828282,29592
2021,Justyn-Henry Malloy,ATL,A,21,37,122,147,33,23,5,0,5,23,21,24,1,30,0,1,0,2,4,2,0.270491803,29606
2021,Chad Stevens,HOU,A,22,34,116,130,17,11,4,1,1,12,12,12,0,53,2,0,0,4,3,2,0.146551724,29614
2021,Sal Frelick,MIL,A,21,16,71,81,31,23,6,1,1,17,12,9,0,10,0,1,0,1,6,2,0.436619718,29622
2021,Joey Loperfido,HOU,A,22,19,69,87,8,2,4,0,2,10,6,8,0,31,8,2,0,1,1,0,0.115942028,29630
2022,Joey Loperfido,HOU,A,23,82,296,348,90,61,17,3,9,51,45,40,1,76,9,3,0,7,30,9,0.304054054,29630
2021,Will Wagner,HOU,A,22,31,117,134,35,24,8,1,2,22,14,16,0,33,1,0,0,4,5,0,0.299145299,29634
2022,Caleb Durbin,ATL,A,22,73,273,333,68,45,15,1,7,57,47,42,0,35,13,5,0,3,28,3,0.249084249,29646
2022,Marcelo Mayer,BOS,A,19,66,252,308,72,36,26,1,9,46,40,51,2,78,2,3,0,4,16,0,0.285714285,29668
2022,Colson Montgomery,CHW,A,20,45,170,205,55,38,12,1,4,31,26,26,0,42,6,3,0,4,0,1,0.323529411,29712
2021,Niko Kavadas,BOS,A,22,7,21,29,6,3,2,0,1,6,4,8,0,7,0,0,0,0,0,0,0.285714285,29782
2022,Niko Kavadas,BOS,A,23,59,192,254,55,22,18,1,14,35,48,54,0,70,6,2,0,1,1,1,0.286458333,29782
2022,Liam Hicks,TEX,A,23,30,88,120,24,16,6,0,2,11,17,26,0,11,2,4,0,1,5,1,0.272727272,29844
2021,Darren Baker,WSN,A,22,18,66,74,21,17,3,1,0,3,5,4,0,9,0,1,3,0,2,2,0.318181818,29912
2021,Jacob Young,WSN,A,21,26,101,114,21,15,6,0,0,16,5,10,0,17,1,1,1,1,13,0,0.207920792,29931
2022,Jacob Young,WSN,A,22,115,465,542,122,102,10,8,2,118,46,59,1,82,14,3,1,4,52,7,0.262365591,29931
2021,Tyler Black,MIL,A,20,23,81,103,18,14,4,0,0,11,6,20,0,29,2,0,0,0,3,2,0.222222222,29949
2022,Brady House,WSN,A,19,45,176,203,49,38,8,0,3,24,31,12,0,59,11,3,0,3,1,0,0.27840909,29993
2023,Brady House,WSN,A,20,36,138,158,41,26,8,1,6,22,22,16,0,34,1,2,0,5,5,1,0.297101449,29993
2023,Daylen Lile,WSN,A,20,66,251,294,73,39,20,7,7,49,48,36,0,58,3,4,0,5,21,3,0.290836653,29995
2022,Bob Seymour,TBR,A,23,95,349,410,98,62,21,3,12,63,73,51,1,98,5,5,0,3,15,1,0.280802292,30028
2022,Carson Williams,TBR,A,19,113,452,523,114,63,22,10,19,81,70,57,0,168,10,3,1,3,28,10,0.252212389,30038
2022,Heston Kjerstad,BAL,A,23,22,80,98,37,26,9,0,2,17,17,13,1,17,4,1,0,2,0,0,0.4625,31166
2022,Brooks Baldwin,CHW,A,21,17,71,77,16,14,2,0,0,10,4,6,1,19,0,0,0,0,1,0,0.225352112,31394
2023,Brooks Baldwin,CHW,A,22,67,245,283,60,34,13,3,10,41,39,34,1,61,1,1,2,4,14,5,0.244897959,31394
2022,Tim Elko,CHW,A,23,17,70,72,19,13,4,0,2,8,7,2,0,28,0,0,0,0,0,0,0.271428571,31522
2023,Tim Elko,CHW,A,24,66,259,286,77,45,14,1,17,43,57,24,0,85,2,1,0,2,0,1,0.297297297,31522
2022,Drake Baldwin,ATL,A,21,21,81,101,20,17,3,0,0,13,6,18,0,22,2,0,0,2,1,0,0.24691358,31539
2022,Drew Gilbert,HOU,A,21,6,21,22,5,4,0,0,1,4,2,1,0,0,0,0,0,0,3,1,0.238095238,31545
2022,Zach Dezenzo,HOU,A,22,27,102,117,26,19,3,0,4,13,15,12,0,37,2,1,0,2,4,0,0.25490196,31562
2022,Trey Lipscomb,WSN,A,22,23,97,101,29,23,4,1,1,15,13,4,0,19,0,0,0,1,12,1,0.298969072,31567
2022,Chase Meidroth,BOS,A,20,19,68,85,21,12,5,0,4,15,12,12,0,9,3,2,0,3,4,2,0.308823529,31580
2022,Zach Cole,HOU,A,21,28,95,117,20,13,5,0,2,10,11,16,0,31,6,0,0,1,15,3,0.210526315,31583
2023,Zach Cole,HOU,A,22,70,253,312,67,36,15,5,11,48,46,45,2,97,12,2,0,0,25,5,0.264822134,31583
2022,Jacob Melton,HOU,A,21,19,71,86,23,13,6,0,4,11,13,11,0,20,2,1,0,0,4,2,0.323943661,31661
2022,Dylan Beavers,BAL,A,20,16,64,77,23,14,7,2,0,13,13,12,0,11,1,0,0,1,6,1,0.359375,31695
2022,Nacho Alvarez Jr.,ATL,A,19,15,51,71,15,12,2,1,0,14,6,19,0,9,1,0,0,1,4,1,0.294117647,31765
2022,Jackson Holliday,BAL,A,18,12,42,57,10,6,4,0,0,8,6,15,1,10,0,0,0,1,1,1,0.238095238,31781
2023,Jackson Holliday,BAL,A,19,14,53,67,21,12,6,1,2,15,16,14,0,13,0,0,0,1,3,0,0.396226415,31781
2022,Roman Anthony,BOS,A,18,10,37,43,7,5,2,0,0,2,5,5,0,4,0,1,0,1,0,0,0.189189189,31812
2023,Roman Anthony,BOS,A,19,42,158,202,36,25,9,1,1,27,18,38,0,38,2,4,0,1,11,6,0.227848101,31812
2023,Chandler Simpson,TBR,A,22,91,354,397,101,88,9,4,0,66,24,38,0,35,2,0,3,1,81,12,0.285310734,31912
2006,Argenis Reyes,CLE,A+,23,130,516,586,137,113,16,6,2,71,58,48,2,73,4,8,10,14,24,6,0.265503875,3285
2023,Jacob Gonzalez,CHW,A,21,30,111,137,23,19,3,0,1,16,13,20,0,23,2,4,0,6,1,1,0.207207207,33225
2023,Brice Matthews,HOU,A,21,33,120,150,26,16,6,0,4,22,11,24,0,40,6,0,0,2,16,3,0.216666666,33280
2023,Dylan Crews,WSN,A,21,14,62,71,22,14,3,0,5,16,24,6,0,19,2,1,0,1,1,3,0.354838709,33541
2023,CJ Kayfus,CLE,A,21,17,59,77,16,8,4,0,4,13,19,15,0,12,2,1,0,1,5,2,0.27118644,33704
2023,Rikuu Nishida,CHW,A,22,19,72,87,16,14,0,2,0,12,6,8,0,9,2,2,3,1,5,2,0.222222222,33795
2024,Rikuu Nishida,CHW,A,23,90,341,418,99,80,13,5,1,84,36,66,1,51,7,1,3,3,35,8,0.29032258,33795
2006,Trevor Crowe,CLE,A+,22,60,219,273,72,51,15,2,4,51,31,48,0,46,2,3,1,6,29,6,0.328767123,3402
2006,Nolan Reimold,BAL,A+,22,119,415,504,106,61,26,0,19,73,75,76,4,107,9,4,0,4,14,8,0.255421686,3441
2009,Anthony Rizzo,BOS,A+,19,55,200,229,59,40,16,0,3,23,24,25,5,39,1,3,0,2,2,0,0.295,3473
2010,Anthony Rizzo,BOS,A+,20,29,117,135,29,12,12,0,5,26,20,16,2,32,0,2,0,4,3,0,0.247863247,3473
2006,Brent Lillibridge,PIT,A+,22,54,201,252,63,48,10,3,2,47,28,36,0,43,5,2,8,4,24,5,0.313432835,3501
2024,Sam Antonacci,CHW,A,21,23,81,102,27,20,6,1,0,22,14,17,0,13,4,0,0,3,7,2,0.333333333,35101
2024,Cam Smith,CHC,A,21,15,48,57,15,6,2,1,6,10,12,8,1,12,0,1,0,1,1,0,0.3125,35108
2009,Eric Hosmer,KCR,A+,19,27,97,107,20,15,2,2,1,9,10,9,0,22,1,0,0,1,0,0,0.206185567,3516
2010,Eric Hosmer,KCR,A+,20,87,325,375,115,73,29,6,7,48,51,44,6,39,2,4,0,12,11,1,0.353846153,3516
2009,Kyle Hudson,BAL,A+,22,6,20,27,5,5,0,0,0,4,0,4,0,6,1,0,1,0,3,0,0.25,3658
2010,Kyle Hudson,BAL,A+,23,136,516,598,134,114,17,3,0,83,28,62,0,129,8,1,11,2,40,15,0.259689922,3658
2011,Kyle Hudson,BAL,A+,24,23,86,99,24,21,3,0,0,12,2,10,0,16,0,0,2,1,8,6,0.279069767,3658
2009,Che-Hsuan Lin,BOS,A+,20,131,479,562,127,95,23,2,7,75,54,66,2,75,5,8,4,14,26,11,0.265135699,3734
2007,Tommy Manzella,HOU,A+,24,57,223,251,53,40,13,0,0,28,24,19,0,30,3,1,5,3,5,2,0.237668161,3789
2008,Brandon Hicks,ATL,A+,22,93,342,400,80,36,23,2,19,68,56,45,1,122,8,2,3,9,14,3,0.233918128,4003
2012,Miguel Gonzalez,CHW,A+,21,50,162,184,41,30,10,0,1,20,16,12,1,24,2,2,6,5,0,1,0.253086419,4049
2007,Aaron Cunningham,CHW,A+,21,67,252,306,74,49,12,5,8,51,37,34,0,39,4,8,8,4,22,8,0.293650793,4087
2006,Jordan Brown,CLE,A+,22,125,473,533,137,89,26,7,15,71,87,51,5,59,4,3,2,16,4,0,0.289640591,4121
2008,Gorkys Hernandez,ATL,A+,20,100,406,467,107,73,23,6,5,75,42,48,1,79,6,3,4,10,20,4,0.263546798,4146
2008,Matt Wieters,BAL,A+,22,69,229,280,79,56,8,0,15,47,40,44,5,47,2,4,1,6,1,2,0.344978165,4298
2009,Luis Exposito,BOS,A+,22,76,288,319,78,47,24,1,6,28,45,23,1,49,4,4,0,11,3,1,0.270833333,4398
2006,Jed Lowrie,BOS,A+,22,97,374,438,98,68,21,6,3,43,50,54,1,65,2,8,0,11,2,2,0.262032085,4418
2007,Kila Ka'aihue,KCR,A+,23,60,207,253,52,35,8,0,9,28,42,35,0,38,4,7,0,5,1,0,0.251207729,4707
2008,Brian Bogusevic,HOU,A+,24,8,23,28,5,2,2,0,1,4,6,4,1,1,1,0,0,2,1,0,0.217391304,4719
2006,Jacoby Ellsbury,BOS,A+,22,61,244,281,73,57,7,5,4,35,32,25,3,28,7,1,4,5,25,9,0.299180327,4727
2008,Jarrod Dyson,KCR,A+,23,93,288,331,75,67,8,0,0,40,24,32,0,60,2,1,8,1,39,9,0.260416666,4866
2009,Mike Moustakas,KCR,A+,20,129,492,530,123,73,32,2,16,66,86,32,5,90,2,3,1,10,10,6,0.25,4892
2008,Jason Heyward,ATL,A+,18,7,22,25,4,2,2,0,0,3,4,2,0,4,0,1,0,1,0,0,0.181818181,4940
2009,Jason Heyward,ATL,A+,19,49,189,214,56,34,12,0,10,34,31,21,1,30,2,2,0,2,4,0,0.296296296,4940
2008,Elijah Dukes,WSN,A+,24,6,17,22,3,2,1,0,0,1,1,4,0,5,1,0,0,0,0,1,0.176470588,4946
2006,Diory Hernandez,ATL,A+,22,76,286,312,68,52,10,0,6,37,47,19,2,51,5,2,0,8,11,1,0.237762237,4950
2007,Diory Hernandez,ATL,A+,23,17,64,67,20,10,8,2,0,9,9,2,0,11,1,0,0,1,2,2,0.3125,4950
2007,Max Ramirez,CLE,A+,22,77,277,342,84,52,20,0,12,46,62,53,2,63,6,6,0,9,1,0,0.303249097,5039
2007,Niuman Romero,CLE,A+,22,12,40,45,14,12,2,0,0,5,6,4,0,9,0,1,0,0,1,0,0.35,5063
2008,Niuman Romero,CLE,A+,23,109,395,440,117,88,22,1,6,64,53,34,1,55,2,5,4,8,10,4,0.296202531,5063
2011,Sandy Leon,WSN,A+,22,109,370,416,93,65,21,1,6,36,43,33,2,69,1,3,9,5,1,3,0.251351351,5273
2008,Alex Presley,PIT,A+,22,82,287,325,75,53,15,1,6,39,36,29,0,50,1,3,5,1,13,6,0.261324041,5305
2009,Alex Presley,PIT,A+,23,115,417,456,107,75,17,11,4,51,37,30,0,87,0,2,7,1,9,5,0.256594724,5305
2009,Kristopher Negron,BOS,A+,23,111,409,464,108,84,17,4,3,69,34,39,1,83,8,2,6,6,20,3,0.264058679,5306
2009,Freddie Freeman,ATL,A+,19,70,255,297,77,52,19,0,6,43,34,26,0,41,14,2,0,8,1,4,0.301960784,5361
2011,Juan Graterol,KCR,A+,22,23,77,83,14,11,2,0,1,3,5,6,0,16,0,0,0,2,0,0,0.181818181,5398
2012,Juan Graterol,KCR,A+,23,61,196,211,59,45,12,0,2,26,18,7,0,24,4,0,4,12,0,2,0.301020408,5398
2010,Steve Lombardozzi Jr.,WSN,A+,21,110,440,507,129,89,30,9,1,71,38,49,1,60,6,2,10,11,20,10,0.293181818,5422
2012,Carson Blair,BOS,A+,22,51,165,191,34,17,11,3,3,25,24,21,0,48,2,3,0,3,2,3,0.206060606,5429
2013,Carson Blair,BOS,A+,23,41,124,148,31,16,9,2,4,21,13,23,0,39,1,0,0,4,2,1,0.25,5429
2014,Carson Blair,BOS,A+,24,67,238,291,62,32,19,2,9,40,41,48,1,88,2,3,0,3,0,0,0.260504201,5429
2010,Jamie Romak,KCR,A+,24,82,299,343,91,60,23,1,7,41,48,34,1,60,8,2,0,12,4,2,0.304347826,5552
2007,Jamie Romak,PIT,A+,21,85,294,355,74,37,21,1,15,49,45,55,0,90,6,0,0,8,2,2,0.25170068,5552
2008,Jamie Romak,PIT,A+,22,77,290,331,81,38,25,0,18,58,57,32,2,96,6,3,0,4,0,1,0.279310344,5552
2009,Jamie Romak,PIT,A+,23,42,160,180,34,22,9,0,3,15,14,14,1,44,5,1,0,3,0,2,0.2125,5552
2010,Neftali Soto,CIN,A+,21,134,522,565,140,84,33,2,21,73,73,32,3,105,8,3,0,10,0,0,0.268199233,5663
2009,Yamaico Navarro,BOS,A+,21,23,94,102,30,17,9,0,4,10,17,6,0,12,2,0,0,6,2,2,0.319148936,5665
2010,Devin Mesoraco,CIN,A+,22,43,158,181,53,30,11,2,10,24,31,19,1,29,3,1,0,4,2,2,0.335443037,5666
2011,Steven Souza Jr.,WSN,A+,22,122,390,478,89,59,17,2,11,58,56,75,3,131,8,5,0,5,25,9,0.228205128,5667
2012,Steven Souza Jr.,WSN,A+,23,27,91,107,29,20,2,1,6,16,13,13,0,25,3,0,0,2,7,1,0.318681318,5667
2007,Joshua Rodriguez,CLE,A+,22,133,493,568,129,80,20,9,20,84,82,68,0,95,2,4,1,11,21,8,0.261663286,5716
2006,Edwin Maysonet,HOU,A+,24,113,378,421,96,56,32,0,8,58,38,20,1,58,8,4,11,3,21,3,0.253968253,5735
2007,Blake Davis,BAL,A+,23,93,357,406,104,73,24,3,4,49,28,35,0,71,5,1,8,6,11,13,0.291316526,5812
2011,Leury Garcia,TEX,A+,20,109,442,482,113,86,19,5,3,65,38,28,1,100,4,0,8,7,30,12,0.255656108,5913
2009,Jesus Sucre,ATL,A+,21,53,197,206,51,37,8,1,5,17,20,8,0,33,0,1,0,11,3,1,0.258883248,5942
2010,Jesus Sucre,ATL,A+,22,48,191,200,42,28,9,0,5,14,22,7,0,26,1,0,1,8,1,0,0.219895287,5942
2006,Jose Constanza,CLE,A+,22,76,275,321,90,68,15,6,1,55,27,42,0,50,2,1,1,5,20,4,0.327272727,6003
2007,Jose Constanza,CLE,A+,23,112,445,498,122,103,13,4,2,71,34,39,0,80,2,2,10,1,39,9,0.274157303,6003
2010,Rey Navarro,KCR,A+,20,107,393,422,93,71,12,5,5,43,38,11,0,44,3,5,9,10,5,5,0.236641221,6008
2011,Rey Navarro,KCR,A+,21,72,277,301,79,47,17,7,8,34,41,18,1,39,4,1,1,6,5,4,0.285198555,6008
2010,Didi Gregorius,CIN,A+,20,7,25,29,6,6,0,0,0,4,0,2,0,6,1,0,1,0,0,0,0.24,6012
2006,Michael Aubrey,CLE,A+,24,8,28,36,8,3,3,0,2,8,10,5,0,5,2,1,0,0,0,0,0.285714285,6049
2010,Eduardo Escobar,CHW,A+,21,87,368,408,105,76,18,8,3,57,39,23,3,76,2,4,11,9,8,5,0.285326086,6153
2009,Ryan Adams,BAL,A+,22,59,215,235,62,46,14,0,2,27,25,19,0,41,1,0,0,6,2,4,0.288372093,6343
2009,Brent Morel,CHW,A+,22,128,481,526,135,85,33,1,16,82,79,38,2,66,3,3,1,14,25,9,0.28066528,6402
2006,Roger Bernadina,WSN,A+,22,123,434,504,117,89,19,3,6,60,42,56,1,98,4,4,6,4,28,11,0.269585253,6421
2009,Jordy Mercer,PIT,A+,22,131,513,580,131,81,36,4,10,64,83,41,0,93,9,14,3,11,10,6,0.255360623,6547
2006,Luke Montz,WSN,A+,22,131,449,519,103,57,27,3,16,59,76,51,1,91,8,9,2,2,3,3,0.229398663,6601
2007,Luke Montz,WSN,A+,23,60,201,253,54,31,15,1,7,43,39,45,0,54,3,2,2,4,3,2,0.268656716,6601
2009,Chase d'Arnaud,PIT,A+,22,54,210,253,62,35,19,4,4,45,26,30,0,41,9,2,2,0,14,5,0.295238095,6652
2010,L.J. Hoes,BAL,A+,20,97,353,413,98,74,19,2,3,52,44,53,1,70,3,2,2,17,10,8,0.277620396,6656
2011,L.J. Hoes,BAL,A+,21,41,158,173,38,28,7,0,3,23,17,10,0,25,3,1,1,7,4,2,0.240506329,6656
2009,Johnny Giavotella,KCR,A+,21,133,476,562,123,85,24,8,6,84,52,66,0,54,4,4,11,7,26,9,0.258403361,6740
2007,Justin Maxwell,WSN,A+,23,58,228,260,60,34,13,0,13,35,43,24,0,65,4,4,0,7,21,5,0.263157894,6827
2010,Derek Norris,WSN,A+,21,94,298,399,70,39,19,0,12,67,49,89,2,94,8,4,0,3,6,3,0.234899328,6867
2006,Ian Desmond,WSN,A+,20,92,365,408,89,58,20,2,9,50,45,29,0,79,9,3,2,7,14,8,0.243835616,6885
2007,Ian Desmond,WSN,A+,21,129,458,540,121,74,30,4,13,69,45,57,0,99,11,4,6,8,27,11,0.264192139,6885
2010,Dave Sappelt,CIN,A+,23,19,71,77,20,15,5,0,0,7,4,5,0,15,1,0,0,1,6,4,0.28169014,6898
2009,Clint Robinson,KCR,A+,24,124,436,483,130,85,31,1,13,65,57,35,4,79,7,5,0,11,4,3,0.298165137,6908
2009,Ryan Kalish,BOS,A+,21,32,115,143,35,23,5,2,5,21,21,26,1,20,1,1,0,2,7,3,0.304347826,6962
2010,Denis Phipps,CIN,A+,24,25,93,103,31,12,10,1,8,23,21,10,0,19,0,0,0,2,9,1,0.333333333,6968
2006,Brandon Jones,ATL,A+,22,59,226,255,58,38,10,3,7,27,35,25,6,49,1,3,0,6,11,6,0.256637168,6987
2010,Will Middlebrooks,BOS,A+,21,114,435,481,120,75,31,2,12,69,70,35,2,121,4,7,0,6,5,3,0.275862068,7002
2009,Caleb Joseph,BAL,A+,23,104,380,412,108,71,23,2,12,50,60,26,1,64,5,1,0,5,2,1,0.284210526,7087
2009,David Lough,KCR,A+,23,65,222,250,71,49,15,2,5,28,30,12,0,34,7,2,7,4,6,4,0.319819819,7215
2010,Tyler Moore,WSN,A+,23,129,502,553,135,58,43,3,31,78,111,40,1,125,2,7,2,5,0,0,0.268924302,7244
2010,Salvador Perez,KCR,A+,20,99,365,396,106,77,21,1,7,35,53,18,1,38,3,9,1,13,1,1,0.290410958,7304
2007,Chris Gimenez,CLE,A+,24,83,269,332,76,41,14,1,20,56,54,50,0,55,8,3,2,3,3,2,0.282527881,7324
2007,J.R. Towles,HOU,A+,23,26,90,115,18,13,3,2,0,14,11,12,0,15,9,4,0,2,3,5,0.2,7348
2006,Michael Martinez,WSN,A+,23,7,23,25,5,3,2,0,0,1,2,1,0,1,1,0,0,1,1,0,0.217391304,7358
2006,Drew Sutton,HOU,A+,23,125,456,551,120,76,27,2,15,65,48,69,6,84,3,6,17,7,20,15,0.263157894,7430
2008,Brandon Allen,CHW,A+,22,89,319,368,89,44,26,4,15,57,44,41,2,83,6,0,0,6,14,3,0.278996865,7436
2006,Wyatt Toregas,CLE,A+,23,44,146,171,49,31,14,0,4,25,23,20,0,28,2,2,1,4,0,0,0.335616438,7471
2006,Donny Lucy,CHW,A+,23,97,332,381,87,62,17,1,7,48,32,33,0,67,8,2,6,8,12,3,0.262048192,7498
2012,Carlos Moncrief,CLE,A+,23,101,353,407,88,46,23,4,15,57,51,46,2,126,3,2,3,3,17,2,0.249291784,7511
2008,Jhonatan Solano,WSN,A+,22,68,225,250,58,43,11,0,4,35,24,16,0,30,4,3,2,3,2,1,0.257777777,7515
2006,Neil Walker,PIT,A+,20,72,264,294,75,49,22,1,3,32,35,19,1,41,6,1,4,6,3,5,0.284090909,7539
2009,Lonnie Chisenhall,CLE,A+,20,99,388,432,107,61,26,2,18,59,79,37,1,80,5,1,1,15,2,1,0.275773195,7571
2012,Ty Kelly,BAL,A+,23,76,263,324,91,65,17,0,9,47,41,54,0,41,3,2,2,12,2,3,0.346007604,7740
2009,Matt Hague,PIT,A+,23,122,454,508,133,95,30,0,8,52,50,40,1,67,8,6,0,14,3,2,0.292951541,7772
2010,Miguel Rojas,CIN,A+,21,74,244,266,56,50,3,2,1,28,14,11,0,38,3,0,8,8,12,4,0.229508196,7802
2010,Henry Alejandro Rodriguez,CIN,A+,20,6,24,24,6,6,0,0,0,2,4,0,0,4,0,0,0,1,0,0,0.25,7983
2010,Jose A. Martinez,CHW,A+,21,61,236,261,57,43,8,1,5,28,24,17,0,42,2,3,3,10,4,1,0.241525423,7996
2011,Jose A. Martinez,CHW,A+,22,80,315,333,99,78,13,3,5,45,29,13,1,44,2,1,2,11,2,3,0.314285714,7996
2006,Brian Bixler,PIT,A+,23,73,267,317,81,58,16,2,5,46,33,35,1,58,9,0,6,2,18,7,0.303370786,8055
2009,Matt Angle,BAL,A+,23,123,478,556,138,116,17,4,1,78,32,59,0,72,4,2,10,2,40,12,0.288702928,8136
2009,Eric Fryer,PIT,A+,23,47,157,187,38,24,11,0,3,22,14,22,1,25,7,0,1,6,0,0,0.242038216,8145
2009,Joe Mahoney,BAL,A+,22,7,30,31,8,3,4,0,1,2,5,0,0,10,0,1,0,0,0,1,0.266666666,8179
2010,Joe Mahoney,BAL,A+,23,72,271,300,81,54,18,0,9,37,49,22,5,56,4,2,0,4,5,3,0.298892988,8179
2009,Josh Harrison,PIT,A+,21,34,141,155,38,28,8,1,1,15,13,1,0,19,4,3,6,1,4,1,0.269503546,8202
2006,Clint Sammons,ATL,A+,23,103,360,407,93,64,21,0,8,36,56,32,1,65,5,6,4,7,4,4,0.258333333,8243
2007,Clint Sammons,ATL,A+,24,23,78,91,21,11,6,0,4,13,13,10,0,14,2,1,0,0,1,1,0.269230769,8243
2009,Pedro Florimon,BAL,A+,22,115,430,486,115,69,32,5,9,76,68,42,1,107,5,5,4,10,26,9,0.26744186,8385
2010,Pedro Florimon,BAL,A+,23,62,222,252,64,46,10,4,4,32,33,20,1,52,7,3,0,4,8,5,0.288288288,8385
2010,Xavier Avery,BAL,A+,20,109,447,498,125,90,25,6,4,73,48,42,1,96,6,1,2,3,28,14,0.279642058,8471
2007,Jerad Head,CLE,A+,24,83,252,301,67,42,17,3,5,39,32,29,1,56,17,1,2,5,7,3,0.265873015,8517
2009,Tim Federowicz,BOS,A+,21,51,187,197,48,31,13,0,4,18,24,5,0,22,1,3,1,8,1,0,0.256684491,8609
2010,Tim Federowicz,BOS,A+,22,109,407,457,103,64,34,1,4,47,61,43,1,86,2,5,0,17,1,1,0.253071253,8609
2008,Paulo Orlando,KCR,A+,22,18,71,82,18,8,5,2,3,11,9,8,0,19,0,1,2,1,1,4,0.253521126,8628
2009,Paulo Orlando,KCR,A+,23,101,356,391,93,68,20,3,2,46,34,15,1,80,7,1,12,5,20,5,0.261235955,8628
2007,Paulo Orlando,CHW,A+,21,102,391,425,99,71,16,4,8,49,34,19,1,84,4,1,10,2,20,7,0.25319693,8628
2008,Paulo Orlando,CHW,A+,22,112,451,489,118,82,15,12,9,73,42,22,1,97,9,2,5,4,28,9,0.261640798,8628
2009,Cord Phelps,CLE,A+,22,130,479,582,125,89,27,5,4,72,53,93,1,97,6,2,2,18,17,14,0.260960334,8631
2007,Elvis Andrus,ATL,A+,18,99,385,440,94,68,20,3,3,59,37,44,0,88,6,2,3,8,25,7,0.244155844,8709
2010,Ryan Lavarnway,BOS,A+,22,82,304,360,88,56,18,0,14,66,63,44,1,62,9,3,0,9,1,0,0.289473684,8879
2006,Matt Young,ATL,A+,23,118,424,519,119,85,30,2,2,65,52,71,1,55,8,6,9,11,21,10,0.280660377,8989
2007,Matt Young,ATL,A+,24,65,243,287,68,57,7,3,1,29,18,37,1,36,4,2,1,5,14,7,0.27983539,8989
2008,Tyler Flowers,ATL,A+,22,122,413,520,119,69,32,1,17,72,88,98,2,102,5,4,0,8,8,7,0.288135593,9134
2009,Jordan Danks,CHW,A+,22,30,118,138,38,22,11,2,3,25,21,18,0,32,0,1,1,4,5,1,0.322033898,9187
2009,Danny Espinosa,WSN,A+,22,133,474,577,125,72,31,4,18,90,72,74,2,129,13,5,10,8,29,11,0.26371308,9219
2010,Juan Diaz,CLE,A+,21,61,218,238,59,50,7,1,1,17,19,15,0,51,0,0,5,2,2,2,0.270642201,9235
2010,Josh Phegley,CHW,A+,22,25,89,99,26,20,3,0,3,16,12,7,0,22,0,2,1,3,0,0,0.292134831,9308
2008,Matt McBride,CLE,A+,23,17,67,76,12,10,2,0,0,9,6,7,1,9,1,1,0,0,0,0,0.179104477,9373
2009,Matt McBride,CLE,A+,24,31,126,139,51,30,15,0,6,24,36,11,0,15,1,1,0,2,0,0,0.404761904,9373
2011,Jeremy Hazelbaker,BOS,A+,23,34,122,144,34,20,9,0,5,26,14,20,0,34,2,0,0,2,12,6,0.278688524,9399
2011,Chris McGuiness,TEX,A+,23,53,196,228,42,30,10,0,2,19,26,30,1,51,1,1,0,1,1,0,0.214285714,9423
2011,Jeff Kobernus,WSN,A+,23,124,489,522,138,105,22,4,7,67,52,21,0,87,2,2,8,10,53,8,0.282208588,9591
2012,Christian Vazquez,BOS,A+,21,81,293,342,78,54,17,0,7,43,41,40,0,70,4,2,3,7,2,2,0.266211604,9774
2010,Jason Kipnis,CLE,A+,23,54,203,237,61,40,12,3,6,33,31,24,1,46,6,2,2,5,2,3,0.30049261,9776
2008,Brandon Snyder,BAL,A+,21,116,436,477,137,89,33,2,13,70,80,29,1,82,4,7,1,14,3,2,0.314220183,9856
2007,Jordan Schafer,ATL,A+,20,106,436,481,128,76,34,8,10,70,43,40,4,95,1,1,3,7,19,11,0.293577981,9883
2011,Destin Hood,WSN,A+,21,128,463,537,128,81,29,5,13,61,83,58,0,96,9,6,0,7,21,6,0.276457883,9887
2012,Trayce Thompson,CHW,A+,21,116,449,510,114,59,28,5,22,77,90,45,1,144,6,8,2,2,18,3,0.25389755,9952
2006,Steve Pearce,PIT,A+,23,90,328,377,87,45,27,1,14,48,60,34,0,65,10,4,1,9,7,5,0.265243902,9957
2007,Steve Pearce,PIT,A+,24,19,75,85,26,10,4,1,11,19,24,8,0,13,1,1,0,1,2,0,0.346666666,9957
2008,Jeff Bianchi,KCR,A+,21,104,396,431,101,52,34,5,10,57,61,20,1,95,3,8,4,7,13,4,0.255050505,9958
2009,Jeff Bianchi,KCR,A+,22,60,220,245,66,48,12,2,4,32,28,20,3,47,1,1,3,3,12,2,0.3,9958
2010,Alex Hassan,BOS,A+,22,104,342,411,98,59,28,3,8,46,48,57,1,69,8,4,0,13,6,1,0.286549707,9959
2010,Dan Butler,BOS,A+,23,35,113,143,33,20,12,0,1,16,17,23,1,21,6,1,0,5,1,0,0.292035398,9968
2011,Dan Butler,BOS,A+,24,91,312,369,77,46,20,0,11,39,66,45,0,56,7,5,0,5,4,1,0.246794871,9968
2021,Dean Miller,BOS,A,24,33,111,123,21,10,6,1,4,15,17,9,0,46,2,1,0,2,0,1,0.189189189,sa1056110
2022,Marcus Smith,TEX,A,21,94,302,385,54,40,8,1,5,42,31,66,0,163,8,5,4,3,47,8,0.178807947,sa1169620
2024,Marcus Smith,TEX,A,23,60,200,239,38,25,7,2,4,22,17,32,0,82,3,4,0,1,17,4,0.19,sa1169620
2021,Brandon Parker,ATL,A,22,51,168,200,31,14,10,0,7,22,27,23,0,66,6,3,0,3,1,0,0.184523809,sa1169878
2022,Brandon Parker,ATL,A,23,65,213,272,60,36,10,4,10,44,40,45,0,59,10,4,0,4,5,4,0.28169014,sa1169878
2021,Jonathan Embry,TBR,A,24,82,265,336,67,39,17,3,8,60,39,64,1,68,3,4,0,3,9,0,0.252830188,sa1169879
2022,Logan Allen,TBR,A,23,34,107,131,23,13,7,1,2,20,11,14,0,23,8,2,0,0,6,0,0.214953271,sa1169956
2021,Burle Dixon,KCR,A,22,56,186,221,44,29,9,2,4,34,20,27,0,75,5,2,1,2,17,5,0.236559139,sa1170041
2019,Jackie Urbaez,MIL,A+,21,6,14,20,0,0,0,0,0,0,1,2,0,7,3,1,0,0,0,0,0,sa1170568
2021,Cody Birdsong,ATL,A,24,30,89,101,18,16,1,1,0,12,6,11,0,30,1,0,0,5,1,0,0.202247191,sa1170766
2021,Willie Carter,ATL,A,24,101,349,413,97,74,12,3,8,46,68,45,3,109,15,4,0,10,18,5,0.277936962,sa1170876
2021,Eric Rodriguez,CLE,A,22,13,31,34,4,3,1,0,0,3,0,3,0,10,0,0,0,1,0,1,0.129032258,sa185525
2006,Ardley Jansen,ATL,A+,23,6,21,22,4,2,2,0,0,0,1,1,0,4,0,0,0,1,1,0,0.19047619,sa199071
2007,Omar Falcon,PIT,A+,24,23,65,82,9,5,4,0,0,7,0,16,0,30,1,0,0,2,0,1,0.138461538,sa199185
2006,Sean Smith,CHW,A+,23,131,461,545,119,77,31,2,9,69,57,47,2,76,18,6,13,9,30,14,0.25813449,sa199211
2007,Chris Amador,BAL,A+,24,45,160,190,43,29,7,1,6,30,27,21,2,42,3,1,4,3,14,1,0.26875,sa199279
2006,Chris Amador,CHW,A+,23,38,139,155,42,29,6,4,3,21,21,5,1,32,8,0,2,3,7,5,0.302158273,sa199279
2006,Tripper Johnson,BAL,A+,24,54,187,213,57,35,17,0,5,32,24,20,0,17,2,3,1,7,4,0,0.304812834,sa199634
2006,Michael Russell,BAL,A+,24,34,90,100,16,8,4,0,4,8,6,10,0,34,0,0,0,1,0,0,0.177777777,sa200045
2006,Rodney Choy Foo,CLE,A+,24,89,314,370,92,61,17,2,12,55,60,49,3,77,0,6,1,3,14,1,0.29299363,sa200099
2006,Carlos Duran,BAL,A+,23,39,146,149,38,26,8,3,1,19,18,2,1,22,1,0,0,2,5,2,0.260273972,sa200289
2007,Carlos Duran,BAL,A+,24,28,80,83,14,6,6,0,2,6,8,3,0,11,0,0,0,3,2,0,0.175,sa200289
2007,Francisco Plasencia,WSN,A+,23,47,158,179,33,19,13,0,1,19,11,15,0,33,2,3,1,7,2,4,0.208860759,sa200301
2008,Francisco Plasencia,WSN,A+,24,98,345,388,96,63,27,1,5,46,45,36,1,74,3,3,1,8,6,3,0.278260869,sa200301
2008,Frank Diaz,WSN,A+,24,43,164,176,42,29,10,1,2,22,18,9,0,27,1,0,2,2,5,0,0.25609756,sa200361
2006,Arturo Rivas,BAL,A+,22,35,109,132,30,17,9,1,3,14,13,21,0,35,0,1,1,1,1,2,0.275229357,sa200441
2007,Arturo Rivas,BAL,A+,23,37,123,141,39,23,12,1,3,16,17,16,1,26,1,1,0,2,2,1,0.31707317,sa200441
2007,Wanell Macia,PIT,A+,24,22,63,64,13,11,2,0,0,6,5,0,0,10,0,0,1,2,0,0,0.206349206,sa200449
2006,Juan Tejeda,PIT,A+,24,53,185,217,50,32,11,1,6,28,28,28,2,29,2,2,0,2,2,2,0.27027027,sa200563
2006,Dustin Yount,BAL,A+,23,67,225,271,61,42,12,0,7,33,30,43,2,41,3,0,0,10,3,0,0.271111111,sa200925
2007,Dustin Yount,BAL,A+,24,13,33,39,1,0,1,0,0,2,1,4,0,9,1,1,0,1,0,0,0.03030303,sa200925
2006,Bryan Bass,BAL,A+,24,63,197,236,45,30,11,1,3,25,20,27,1,77,5,2,5,3,5,6,0.228426395,sa201193
2006,Reginald Fitzpatrick,WSN,A+,23,33,105,111,24,18,4,1,1,16,13,5,0,25,1,0,0,0,9,0,0.228571428,sa201269
2006,Jonathan Devries,BOS,A+,23,15,54,62,11,9,0,1,1,6,5,6,0,28,2,0,0,1,0,0,0.203703703,sa201271
2006,Matthew Whitney,CLE,A+,22,96,345,391,71,39,20,2,10,40,39,41,1,131,3,2,0,9,0,2,0.205797101,sa201513
2007,Matthew Whitney,CLE,A+,23,57,226,251,65,38,11,0,16,43,49,22,2,59,0,3,0,7,1,0,0.287610619,sa201513
2007,Micah Schnurstein,CHW,A+,22,135,508,578,139,74,36,4,25,83,84,54,6,103,9,7,0,10,7,8,0.273622047,sa201545
2006,Nathan Panther,CLE,A+,24,25,77,92,17,10,4,0,3,12,10,14,0,16,0,1,0,1,0,1,0.22077922,sa201601
2006,Micah Schilling,CLE,A+,23,87,284,353,74,55,10,6,3,53,33,58,1,61,5,3,3,3,10,2,0.26056338,sa201675
2006,Onil Joseph,ATL,A+,24,31,107,124,34,26,4,2,2,19,12,10,0,18,1,0,6,2,4,2,0.317757009,sa201755
2006,Marcos Yepez,WSN,A+,24,87,287,320,77,57,14,2,4,35,37,25,1,94,4,3,1,7,20,12,0.268292682,sa201846
2007,Mario Lisson,KCR,A+,23,126,463,524,132,94,27,3,8,72,61,41,2,93,8,8,4,16,23,9,0.285097192,sa202240
2006,Antonio Sucre,PIT,A+,22,58,202,217,45,20,18,1,6,30,25,12,0,71,2,1,0,7,2,1,0.222772277,sa202341
2006,Denny Nino,PIT,A+,23,6,22,23,6,3,3,0,0,4,3,0,0,8,0,1,0,0,0,0,0.272727272,sa202368
2007,Denny Nino,PIT,A+,24,27,75,85,18,10,6,0,2,7,10,8,0,14,2,0,0,1,0,1,0.24,sa202368
2006,Scott White,BOS,A+,22,78,264,295,58,34,16,3,5,32,34,15,1,53,8,8,0,9,3,3,0.219696969,sa202762
2006,Morgan Clendenin,BAL,A+,24,78,242,268,61,38,18,1,4,26,33,14,1,51,8,3,1,3,0,1,0.252066115,sa202868
2006,Scott Robinson,HOU,A+,22,70,248,268,57,41,13,0,3,20,21,17,0,33,1,1,1,4,1,2,0.229838709,sa202930
2006,Vince Rooi,PIT,A+,24,111,381,444,94,70,15,1,8,43,46,52,3,83,5,2,4,16,4,8,0.24671916,sa211513
2007,Brian McFall,KCR,A+,23,111,406,459,116,67,31,5,13,59,72,40,0,98,8,4,1,9,10,6,0.285714285,sa225660
2006,Christopher Kelly,CHW,A+,24,133,496,543,121,67,32,2,20,64,77,34,4,105,5,8,0,11,1,1,0.243951612,sa225682
2006,David Cook,CHW,A+,24,130,437,528,102,57,24,5,16,76,58,77,2,108,6,5,3,4,17,4,0.23340961,sa225722
2006,Jacob Duncan,BAL,A+,24,96,353,380,89,63,18,3,5,38,27,19,0,71,2,2,4,9,6,2,0.252124645,sa225730
2006,Brandon Pinckney,CLE,A+,24,100,382,434,106,73,26,2,5,57,55,35,0,54,5,5,7,13,5,1,0.27748691,sa225759
2006,Brian Bock,BAL,A+,24,67,222,237,44,39,4,0,1,14,24,9,0,32,1,2,3,5,1,2,0.198198198,sa225789
2008,Steve Doetsch,WSN,A+,24,11,24,28,2,2,0,0,0,3,2,3,0,9,0,1,0,0,0,1,0.083333333,sa225801
2006,Steve Doetsch,ATL,A+,22,93,282,319,74,59,11,4,0,29,22,25,1,75,7,4,1,6,9,3,0.262411347,sa225801
2006,Cole Armstrong,CHW,A+,22,42,131,149,31,24,5,0,2,9,14,17,0,30,0,1,0,0,0,0,0.236641221,sa225831
2007,Cole Armstrong,CHW,A+,23,80,285,316,82,53,17,0,12,35,39,23,2,69,2,3,3,2,1,1,0.287719298,sa225831
2006,Pedro Powell,PIT,A+,22,131,434,498,114,108,4,2,0,64,36,43,1,87,2,2,17,3,63,16,0.262672811,sa225842
2007,Pedro Powell,PIT,A+,23,124,485,561,117,94,16,7,0,71,29,56,0,94,6,3,11,5,67,17,0.241237113,sa225842
2006,Cory Haggerty,CHW,A+,24,102,307,360,69,43,18,2,6,42,36,32,0,67,7,4,10,5,5,2,0.2247557,sa225845
2006,Ryan Goleski,CLE,A+,24,38,121,153,40,23,7,0,10,28,43,25,0,30,2,4,1,2,2,2,0.330578512,sa225958
2006,Trey Webb,WSN,A+,24,112,416,461,107,68,28,5,6,53,47,30,3,81,11,4,0,6,20,8,0.257211538,sa225988
2006,Jarod Rine,BAL,A+,24,70,239,281,51,35,13,1,2,31,21,33,1,50,4,0,5,2,14,8,0.213389121,sa225993
2006,Ian Bladergroen,BOS,A+,23,98,331,394,80,47,20,4,9,46,51,42,3,91,17,4,0,3,1,0,0.241691842,sa226156
2006,Scott Schade,ATL,A+,24,15,51,58,11,7,2,0,2,3,6,7,0,24,0,0,0,3,0,0,0.215686274,sa226178
2006,Carl Loadenthal,ATL,A+,24,106,365,434,118,96,13,2,7,64,48,62,3,67,4,2,1,6,25,10,0.323287671,sa226208
2006,Michael Carlin,PIT,A+,24,116,423,495,116,74,23,6,13,70,74,51,3,78,9,10,2,6,11,4,0.274231678,sa226215
2007,Matt Rogelstad,WSN,A+,24,113,404,461,122,88,27,3,4,52,50,35,0,50,12,7,3,8,9,11,0.301980198,sa226360
2006,Robert Valido,CHW,A+,21,9,36,41,8,5,1,1,1,5,5,3,0,3,0,0,2,2,0,0,0.222222222,sa244006
2007,Robert Valido,CHW,A+,22,57,234,254,59,48,8,0,3,30,16,14,0,36,1,1,4,4,20,3,0.252136752,sa244006
2007,Matthew Pulley,BAL,A+,22,22,66,75,13,8,5,0,0,3,6,7,0,16,0,1,1,0,0,1,0.196969696,sa244047
2006,Kala Ka'aihue,ATL,A+,21,53,188,222,42,21,8,0,13,37,31,30,1,49,4,0,0,4,0,1,0.223404255,sa244055
2007,Kala Ka'aihue,ATL,A+,22,89,309,376,92,49,20,1,22,57,61,53,1,92,9,5,0,9,2,0,0.297734627,sa244055
2006,Francisco Caraballo,HOU,A+,22,126,449,503,107,49,40,4,14,57,65,40,2,125,4,6,4,11,2,1,0.238307349,sa244082
2006,Claudio Arias,BOS,A+,24,70,274,290,69,38,22,1,8,37,36,12,0,79,4,0,0,4,3,0,0.251824817,sa244105
2006,Juan Gutierrez,BAL,A+,24,10,31,34,12,7,3,0,2,6,7,3,0,4,0,0,0,0,0,0,0.387096774,sa244166
2009,Jesus Valdez,WSN,A+,24,89,343,367,102,71,20,2,9,51,55,18,0,53,5,1,0,11,6,3,0.297376093,sa244229
2007,Ofilio Castro,WSN,A+,23,55,214,243,65,51,14,0,0,27,21,19,1,27,1,3,6,6,7,4,0.303738317,sa244234
2008,Ofilio Castro,WSN,A+,24,13,55,56,13,10,3,0,0,2,6,1,0,6,0,0,0,1,1,1,0.236363636,sa244234
2006,Edgardo Baez,WSN,A+,20,20,68,77,7,3,2,0,2,4,3,8,0,26,0,0,1,1,0,0,0.102941176,sa244287
2007,Edgardo Baez,WSN,A+,21,76,270,315,75,53,11,1,10,37,50,39,0,74,1,4,1,5,10,7,0.277777777,sa244287
2008,Edgardo Baez,WSN,A+,22,73,255,290,73,39,22,0,12,46,52,30,0,53,2,0,3,5,6,2,0.286274509,sa244287
2010,Edgardo Baez,WSN,A+,24,18,57,77,15,11,4,0,0,10,6,18,0,18,1,1,0,0,1,3,0.263157894,sa244287
2007,Chao Kuan Wu,CLE,A+,23,13,25,28,7,7,0,0,0,2,1,3,0,3,0,0,0,2,0,0,0.28,sa244345
2006,Mickey Hall,BOS,A+,21,68,228,254,47,28,11,7,1,28,16,21,0,88,2,1,2,1,7,3,0.20614035,sa244363
2008,Estee Harris,CHW,A+,23,52,181,200,51,30,13,2,6,27,26,15,1,63,2,0,2,1,7,4,0.281767955,sa244367
2007,Miguel Vega,KCR,A+,21,120,468,497,109,78,23,0,8,46,57,19,1,137,5,3,2,10,0,1,0.232905982,sa244376
2008,Miguel Vega,KCR,A+,22,22,74,76,17,12,4,0,1,5,4,2,0,19,0,0,0,5,0,0,0.229729729,sa244376
2007,Brandon Johnson,CHW,A+,22,81,215,242,42,30,12,0,0,21,13,15,0,62,0,2,10,3,18,2,0.195348837,sa252881
2009,Billy Killian,BAL,A+,23,33,97,110,21,20,1,0,0,13,9,9,0,21,0,1,3,3,0,0,0.216494845,sa253247
2008,Billy Killian,CHW,A+,22,47,131,140,27,20,7,0,0,13,6,1,0,23,3,1,4,3,3,2,0.20610687,sa253247
2006,Marvin Lowrance,WSN,A+,21,112,377,429,97,69,20,3,5,47,48,43,1,75,6,2,1,14,2,0,0.257294429,sa253270
2007,Marvin Lowrance,WSN,A+,22,98,348,416,89,50,22,1,16,57,51,61,2,87,4,2,1,2,2,2,0.255747126,sa253270
2008,Marvin Lowrance,WSN,A+,23,74,250,292,67,38,17,0,12,39,39,37,1,59,5,0,0,3,2,2,0.268,sa253270
2007,Leonard Davis,WSN,A+,23,23,84,87,22,14,4,0,4,8,10,1,0,22,0,1,1,1,0,2,0.261904761,sa253271
2008,Leonard Davis,WSN,A+,24,63,217,247,72,42,14,2,14,47,37,23,1,47,3,0,4,4,7,5,0.331797235,sa253271
2006,Daron Roberts,CHW,A+,23,54,202,218,55,40,11,1,3,21,17,13,0,38,1,1,1,2,8,8,0.272277227,sa253562
2007,Daron Roberts,CHW,A+,24,108,377,407,106,69,23,2,12,40,59,12,1,90,12,4,2,2,19,7,0.281167108,sa253562
2006,Joshua Hansen,CHW,A+,24,115,429,468,106,61,28,0,17,48,52,34,2,93,3,2,0,13,1,0,0.247086247,sa253570
2006,Garrett Guest,CHW,A+,23,66,150,185,19,18,1,0,0,13,7,21,0,31,2,2,10,5,2,0,0.126666666,sa253575
2006,Andrew Pinckney,BOS,A+,24,112,431,473,110,64,31,5,10,58,47,32,3,92,6,4,0,18,6,3,0.255220417,sa253714
2007,Mike Butia,CLE,A+,24,99,325,389,70,47,16,0,7,46,47,53,1,73,3,5,3,7,2,1,0.215384615,sa253723
2008,Jason Denham,CLE,A+,22,65,211,250,56,43,8,0,5,30,31,33,1,35,1,3,2,3,17,2,0.265402843,sa253725
2006,Brian Finegan,CLE,A+,24,47,192,222,51,37,10,2,2,35,23,21,1,39,4,1,4,3,14,2,0.265625,sa253726
2008,Jordan Parraz,HOU,A+,23,114,425,504,123,83,31,3,6,82,42,64,1,79,14,1,0,6,21,10,0.289411764,sa253734
2006,Ole Sheldon,HOU,A+,23,46,161,197,47,40,6,0,1,19,24,31,0,32,5,0,0,4,2,1,0.291925465,sa253740
2007,Ole Sheldon,HOU,A+,24,56,178,221,53,39,8,0,6,31,25,34,0,24,4,5,0,3,1,1,0.297752808,sa253740
2006,Beau Torbert,HOU,A+,23,119,455,493,139,102,31,1,5,69,52,24,4,71,6,7,1,12,24,10,0.305494505,sa253743
2007,Ryan Reed,HOU,A+,23,87,279,306,65,37,11,7,10,48,39,17,0,78,7,0,3,6,9,3,0.23297491,sa253764
2008,Ryan Reed,HOU,A+,24,14,51,53,10,6,3,1,0,3,2,1,0,19,0,0,1,0,0,0,0.196078431,sa253764
2006,Neil Sellers,HOU,A+,24,127,451,515,122,78,40,2,2,53,61,48,3,60,10,5,1,7,10,6,0.270509977,sa253773
2007,Eric Campbell,ATL,A+,21,81,298,344,66,39,13,0,14,47,49,36,0,48,5,4,1,9,6,3,0.22147651,sa253853
2008,Eric Campbell,ATL,A+,22,88,330,390,84,49,15,1,19,56,67,50,3,58,7,3,0,10,4,1,0.254545454,sa253853
2007,Derrick Arnold,ATL,A+,23,107,333,357,73,55,14,1,3,37,23,14,0,64,4,2,4,7,11,4,0.219219219,sa253855
2008,Derrick Arnold,ATL,A+,24,9,31,35,9,6,2,1,0,2,1,4,0,8,0,0,0,0,2,1,0.29032258,sa253855
2006,Mike Rozema,ATL,A+,24,43,155,169,43,28,10,1,4,23,11,10,0,28,1,1,2,0,4,4,0.277419354,sa253859
2006,Rod Allen,CHW,A+,23,75,221,234,56,44,9,0,3,27,27,9,0,43,2,1,1,0,4,6,0.253393665,sa253955
2007,Rod Allen,CHW,A+,24,76,249,267,52,37,11,0,4,23,23,11,0,62,4,1,2,1,10,4,0.208835341,sa253955
2006,Dan Schwartzbauer,PIT,A+,24,105,359,412,93,70,20,1,2,44,55,30,0,66,4,6,13,11,8,4,0.259052924,sa254029
2007,Josh Johnson,KCR,A+,21,83,262,307,66,52,11,2,1,28,31,41,0,49,1,1,2,2,4,7,0.251908396,sa254333
2008,Josh Johnson,KCR,A+,22,118,359,459,91,71,13,4,3,49,38,85,1,76,3,2,10,11,14,12,0.253481894,sa254333
2009,Josh Johnson,KCR,A+,23,12,36,40,12,8,3,1,0,4,4,3,0,6,0,1,0,3,3,1,0.333333333,sa254333
2010,Josh Johnson,WSN,A+,24,26,94,113,29,19,8,0,2,18,11,17,0,17,0,2,0,0,3,1,0.308510638,sa254333
2006,Lou Santangelo,HOU,A+,23,98,357,394,86,44,19,5,18,48,57,36,2,112,0,1,0,13,0,4,0.240896358,sa254343
2009,Jamar Walton,KCR,A+,23,93,314,347,80,65,10,1,4,31,39,26,1,76,4,3,0,12,7,8,0.25477707,sa254344
2010,Jamar Walton,KCR,A+,24,59,215,231,43,32,5,3,3,22,24,8,0,58,4,3,1,2,4,4,0.2,sa254344
2010,Jamar Walton,WSN,A+,24,16,53,55,16,11,3,1,1,6,11,1,0,14,0,1,0,0,0,0,0.301886792,sa254344
2007,Mitch Einertson,HOU,A+,21,122,446,496,136,82,40,3,11,68,87,35,3,75,10,5,0,8,5,4,0.304932735,sa254352
2006,Van Pope,ATL,A+,22,127,467,544,123,76,31,1,15,78,74,58,3,92,11,8,0,11,7,4,0.263383297,sa254353
2006,Devin Ivany,WSN,A+,23,115,446,482,117,89,19,3,6,62,55,25,2,64,7,1,3,14,12,3,0.262331838,sa254355
2007,Devin Ivany,WSN,A+,24,36,131,144,36,26,5,0,5,18,19,7,1,26,2,4,0,1,4,2,0.27480916,sa254355
2007,Chris McConnell,KCR,A+,21,66,208,231,49,35,9,2,3,20,20,16,0,43,4,0,3,3,6,4,0.235576923,sa254471
2008,Chris McConnell,KCR,A+,22,120,461,529,116,85,29,1,1,46,34,48,1,71,10,3,7,13,23,16,0.251626898,sa254471
2008,Freddie Thon,CHW,A+,24,27,106,109,28,19,6,0,3,13,15,1,0,10,2,0,0,1,0,1,0.264150943,sa254490
2008,Yohan Silva,ATL,A+,23,31,95,108,20,12,6,1,1,20,6,11,0,22,1,1,0,4,2,1,0.210526315,sa254502
2006,Ovandy Suero,ATL,A+,24,19,64,68,16,15,1,0,0,10,1,3,0,19,1,0,0,0,5,2,0.25,sa254503
2006,Ivan Terrazas,ATL,A+,22,10,28,30,7,4,3,0,0,1,2,2,0,4,0,0,0,0,0,0,0.25,sa254504
2007,Larry Williams,ATL,A+,22,31,108,113,31,25,5,0,1,9,15,3,0,22,0,1,1,3,1,0,0.287037037,sa254505
2010,Juan Rivera,KCR,A+,23,36,89,106,13,12,1,0,0,17,3,12,0,21,0,1,4,3,0,3,0.146067415,sa254539
2008,Cirilo Cumberbatch,CLE,A+,21,105,365,408,86,70,14,0,2,45,43,29,0,68,6,5,3,9,7,5,0.235616438,sa254554
2007,Ethien Santana,KCR,A+,23,13,40,42,4,3,1,0,0,2,0,1,0,14,0,0,1,0,3,0,0.1,sa254583
2009,Maiko Loyola,PIT,A+,23,43,131,149,26,13,7,1,5,20,22,12,0,34,0,3,3,1,4,3,0.198473282,sa254624
2007,Greg Picart,PIT,A+,21,80,258,283,61,38,14,4,5,27,35,13,0,41,5,6,1,6,1,4,0.236434108,sa254628
2008,Greg Picart,PIT,A+,22,26,81,85,12,8,4,0,0,4,6,1,0,12,1,1,1,1,0,0,0.148148148,sa254628
2006,John Otness,BOS,A+,24,105,402,446,113,84,24,2,3,48,45,29,1,40,9,6,0,15,1,1,0.281094527,sa254640
2007,Javier Castillo,CHW,A+,23,116,403,448,116,77,28,2,9,41,62,35,1,82,3,6,1,9,9,6,0.287841191,sa254672
2007,Jose J. De Los Santos,PIT,A+,22,29,111,119,34,27,6,0,1,18,12,6,0,12,1,0,1,3,1,1,0.306306306,sa254673
2006,Jose J. De Los Santos,CHW,A+,21,99,340,370,101,83,17,0,1,34,31,18,0,43,4,2,6,7,10,4,0.297058823,sa254673
2008,Francisco Hernandez,CHW,A+,22,79,241,288,59,38,15,0,6,28,31,32,0,33,3,2,10,4,2,2,0.244813278,sa254674
2006,J.C. Holt,ATL,A+,23,116,470,526,125,100,23,1,1,65,32,41,1,80,5,3,7,5,35,5,0.265957446,sa254695
2008,Jon Mark Owings,ATL,A+,23,123,425,475,117,67,29,5,16,65,62,37,0,95,5,6,2,11,9,5,0.275294117,sa254697
2009,Jon Mark Owings,ATL,A+,24,60,202,218,40,25,9,4,2,18,15,13,0,65,2,0,1,3,3,5,0.198019801,sa254697
2006,Wladimir Sutil,HOU,A+,21,29,97,113,22,17,5,0,0,14,9,9,0,10,0,0,7,2,8,3,0.226804123,sa254761
2007,Wladimir Sutil,HOU,A+,22,112,393,460,107,92,15,0,0,61,41,36,1,47,17,5,9,10,36,10,0.272264631,sa254761
2008,Wladimir Sutil,HOU,A+,23,21,82,86,22,16,6,0,0,15,5,2,0,13,1,0,1,0,6,2,0.268292682,sa254761
2006,Jonny Tucker,BAL,A+,22,18,60,73,15,13,2,0,0,11,3,7,0,11,2,1,3,2,5,1,0.25,sa254902
2007,Jonny Tucker,BAL,A+,23,124,446,528,116,94,18,2,2,67,41,62,1,45,2,3,15,6,20,8,0.260089686,sa254902
2006,Xan Barksdale,ATL,A+,24,17,44,45,3,1,0,0,2,4,4,1,0,19,0,0,0,2,0,0,0.068181818,sa262096
2007,Ryan McCarthy,CHW,A+,24,28,78,96,18,16,2,0,0,8,4,13,0,21,3,0,2,2,0,0,0.23076923,sa262279
2006,Bryan Pritz,BOS,A+,24,98,346,381,88,65,17,3,3,47,40,30,1,48,1,1,3,9,10,5,0.25433526,sa262286
2006,Adam Ricks,CHW,A+,23,26,79,97,23,20,3,0,0,5,10,17,0,13,0,0,1,0,0,0,0.29113924,sa262429
2007,Adam Ricks,CHW,A+,24,51,148,168,39,26,11,0,2,22,21,20,1,25,0,0,0,1,2,2,0.263513513,sa262429
2006,Chuck Jeroloman,BOS,A+,23,49,137,165,33,22,9,0,2,13,19,24,0,60,0,2,2,1,2,1,0.240875912,sa262433
2010,Eddie Prasch,KCR,A+,24,47,162,187,34,19,12,1,2,16,18,20,1,45,1,2,1,5,0,1,0.209876543,sa262562
2008,Eddie Prasch,PIT,A+,22,112,365,427,99,73,22,1,3,42,48,50,2,72,5,6,1,8,8,2,0.271232876,sa262562
2009,Eddie Prasch,PIT,A+,23,47,151,185,27,15,10,2,0,20,19,22,0,40,6,4,1,3,1,2,0.178807947,sa262562
2006,Jaime Trejo,ATL,A+,22,34,108,121,23,18,4,0,1,14,6,9,1,32,0,2,2,2,3,1,0.212962962,sa286168
2008,Phillip Britton,ATL,A+,23,84,297,317,73,56,10,1,6,30,26,11,0,42,3,3,3,6,5,2,0.245791245,sa288764
2009,Michael Jones,BOS,A+,24,108,396,444,112,79,26,1,6,55,59,40,2,58,5,3,0,6,3,0,0.282828282,sa288768
2007,Brian Peacock,WSN,A+,22,60,217,241,46,31,9,0,6,27,19,15,0,50,5,1,3,6,2,3,0.211981566,sa289020
2008,Brian Peacock,WSN,A+,23,53,163,177,42,25,14,0,3,21,26,12,0,38,1,1,0,4,5,2,0.257668711,sa289020
2009,Brian Peacock,WSN,A+,24,80,247,276,63,35,16,4,8,37,32,24,1,66,2,3,0,3,13,7,0.255060728,sa289020
2007,Brandon Monk,ATL,A+,20,13,40,42,15,14,1,0,0,3,2,0,0,8,2,0,0,1,0,0,0.375,sa290207
2006,Michael Thompson,HOU,A+,22,18,58,63,13,11,2,0,0,3,1,3,0,10,0,0,2,0,1,0,0.224137931,sa290622
2006,Matthew Cunningham,HOU,A+,24,75,187,226,35,20,13,0,2,18,19,18,0,42,11,0,10,10,2,1,0.187165775,sa291079
2007,Josh Flores,HOU,A+,21,63,246,276,80,53,16,6,5,49,30,23,2,47,4,0,3,3,25,5,0.325203252,sa291083
2007,Jose Lopez,HOU,A+,22,71,237,265,57,44,13,0,0,23,35,16,0,57,8,1,3,5,0,1,0.240506329,sa291085
2008,Cristo Arnal,CLE,A+,22,38,106,117,21,18,3,0,0,7,8,5,0,19,0,0,6,5,3,2,0.198113207,sa291124
2009,Cristo Arnal,CLE,A+,23,13,37,41,11,9,0,1,1,6,5,3,0,8,0,0,1,0,1,0,0.297297297,sa291124
2010,Cristo Arnal,CLE,A+,24,22,72,82,14,13,1,0,0,5,1,7,0,12,1,0,2,0,4,1,0.194444444,sa291124
2006,Paco Figueroa,BAL,A+,23,90,345,395,98,75,17,2,4,62,28,30,0,46,10,1,9,5,20,13,0.284057971,sa291134
2006,John Drennen,CLE,A+,19,31,113,128,27,19,6,2,0,15,8,12,1,21,3,0,0,3,2,1,0.238938053,sa291168
2007,John Drennen,CLE,A+,20,131,496,565,126,86,25,2,13,72,77,53,0,104,10,4,2,12,6,6,0.254032258,sa291168
2008,John Drennen,CLE,A+,21,117,460,517,108,77,27,1,3,71,39,46,1,73,7,1,3,5,5,5,0.234782608,sa291168
2009,John Drennen,CLE,A+,22,17,63,77,17,10,6,1,0,10,5,12,0,10,1,0,1,0,1,2,0.269841269,sa291168
2007,Eli Iorg,HOU,A+,24,44,162,177,48,27,12,4,5,35,24,14,1,36,0,1,0,8,14,2,0.296296296,sa291170
2007,Jeremy Jirschele,KCR,A+,24,15,39,49,13,10,3,0,0,6,3,6,0,7,1,1,2,1,0,0,0.333333333,sa291240
2007,Andrew Larsen,KCR,A+,24,7,29,32,8,6,2,0,0,4,2,3,0,7,0,0,0,0,1,1,0.275862068,sa291242
2011,John Whittleman,KCR,A+,24,123,415,496,97,50,24,3,20,52,68,76,2,108,0,5,0,4,2,0,0.233734939,sa291246
2007,Kiel Thibault,KCR,A+,23,91,327,369,83,61,16,2,4,35,36,25,1,53,10,3,4,9,9,2,0.253822629,sa291261
2008,Joe Dickerson,KCR,A+,21,87,310,353,92,67,10,10,5,39,45,31,4,48,9,1,2,12,24,14,0.296774193,sa291263
2008,Salvador Sanchez,CHW,A+,22,115,427,463,103,72,22,4,5,54,58,24,1,99,3,3,4,12,24,15,0.241217798,sa291439
2009,Salvador Sanchez,CHW,A+,23,114,437,468,112,72,24,0,16,63,63,23,3,80,5,1,2,15,20,6,0.256292906,sa291439
2006,Billy Hart,HOU,A+,23,91,285,334,63,39,19,0,5,42,33,36,0,67,4,4,5,4,7,6,0.221052631,sa291462
2007,Billy Hart,HOU,A+,24,114,370,430,113,73,30,6,4,64,44,42,2,81,7,2,9,6,23,6,0.305405405,sa291462
2007,Mike Daniel,WSN,A+,22,71,280,320,83,54,20,5,4,37,41,29,2,62,2,5,4,2,16,6,0.296428571,sa291515
2008,Bobby Andrews,BAL,A+,24,48,117,140,26,23,1,1,1,22,6,18,0,26,2,1,2,2,4,4,0.222222222,sa291524
2006,Dee Brown,WSN,A+,23,32,109,121,33,24,4,1,4,16,24,6,0,27,5,1,0,2,2,1,0.302752293,sa291734
2007,Dee Brown,WSN,A+,24,58,225,255,64,45,14,2,3,38,29,18,1,52,12,0,0,5,8,2,0.284444444,sa291734
2007,Mark Ori,HOU,A+,23,115,415,470,113,81,22,1,9,58,56,45,5,64,6,2,0,11,2,1,0.272289156,sa291745
2008,Mark Ori,HOU,A+,24,131,497,562,151,102,36,2,11,73,89,49,0,92,10,6,0,9,4,1,0.303822937,sa291745
2008,Jhon Florentino,HOU,A+,24,117,452,489,131,97,24,6,4,58,48,24,0,74,6,5,2,11,14,8,0.289823008,sa291748
2006,Christopher Jones,PIT,A+,23,13,38,43,9,5,4,0,0,5,0,2,0,10,1,0,2,0,0,0,0.236842105,sa291765
2007,Jason Delaney,PIT,A+,24,72,250,296,85,57,16,3,9,39,44,38,1,52,5,3,0,6,2,1,0.34,sa291783
2007,Quentin Davis,ATL,A+,24,134,495,550,129,104,10,11,4,55,65,31,0,73,0,6,18,4,37,21,0.26060606,sa291788
2007,Eric King,HOU,A+,24,87,258,306,59,45,13,0,1,38,21,26,0,41,5,3,14,8,5,3,0.22868217,sa291825
2006,Jay Johnson,BOS,A+,23,37,149,167,39,25,7,2,5,21,21,12,0,26,3,1,2,2,1,1,0.261744966,sa292359
2008,Albert Laboy,PIT,A+,21,33,110,127,20,17,2,0,1,10,6,9,0,20,2,1,5,2,0,0,0.181818181,sa292362
2007,Mark Fleisher,BAL,A+,23,108,364,407,90,50,24,0,16,52,58,31,1,85,6,6,0,11,0,2,0.247252747,sa292363
2006,Dominic Ramos,BOS,A+,23,31,86,102,14,8,6,0,0,10,4,9,0,19,4,1,2,1,3,2,0.162790697,sa293085
2006,Ryan Steinbach,BAL,A+,23,19,45,51,7,4,3,0,0,3,2,5,0,16,0,1,0,2,0,1,0.155555555,sa293199
2007,Jonel Pacheco,PIT,A+,24,9,31,33,9,6,3,0,0,1,0,2,0,10,0,0,0,1,0,0,0.29032258,sa293568
2008,Miguel Abreu,BAL,A+,23,116,430,461,118,87,24,1,6,55,43,14,1,44,4,3,10,13,21,10,0.274418604,sa293711
2007,Tony Mansolino,PIT,A+,24,93,333,360,74,63,8,0,3,26,23,18,0,66,4,3,2,11,1,4,0.222222222,sa293725
2007,James Boone,PIT,A+,24,50,192,219,49,31,12,0,6,31,34,17,0,35,8,2,0,7,8,4,0.255208333,sa293993
2007,Brad Corley,PIT,A+,23,126,485,518,138,84,36,4,14,73,89,14,3,99,13,6,0,11,3,2,0.284536082,sa294002
2007,Angel R. Gonzalez,PIT,A+,21,52,209,222,53,41,10,2,0,31,18,7,1,43,0,1,5,2,8,6,0.253588516,sa294031
2008,Angel R. Gonzalez,PIT,A+,22,91,370,402,92,69,18,2,3,49,34,15,0,74,1,1,14,5,19,13,0.248648648,sa294031
2009,Angel R. Gonzalez,PIT,A+,23,8,29,31,4,4,0,0,0,1,2,2,0,9,0,0,0,1,0,0,0.137931034,sa294031
2006,Jeff Natale,BOS,A+,23,82,273,353,76,56,13,0,7,46,46,62,0,54,10,8,0,6,1,0,0.278388278,sa294116
2006,Mark Wagner,BOS,A+,22,17,65,74,11,6,4,0,1,8,5,7,1,9,0,2,0,1,0,0,0.169230769,sa294138
2006,Bubba Bell,BOS,A+,23,19,60,68,17,11,4,1,1,8,9,8,0,7,0,0,0,1,2,0,0.283333333,sa294147
2009,Luis Segovia,BOS,A+,22,67,189,216,36,24,10,2,0,18,25,15,0,54,4,1,7,2,2,3,0.19047619,sa294199
2010,Luis Segovia,BOS,A+,23,35,88,94,18,12,4,0,2,10,9,2,0,29,2,0,2,5,0,1,0.204545454,sa294199
2007,Valentino Arce,KCR,A+,22,48,151,161,35,26,9,0,0,19,10,6,0,19,3,1,0,4,7,2,0.231788079,sa294229
2007,Jose Duarte,KCR,A+,22,128,493,552,143,111,26,5,1,82,42,48,1,77,3,1,7,12,34,13,0.290060851,sa294238
2007,Felix Peralta,KCR,A+,21,18,56,60,11,9,1,1,0,6,2,3,0,14,1,0,0,5,0,0,0.196428571,sa294287
2007,Matt Sharp,CHW,A+,24,18,48,58,12,9,3,0,0,7,7,9,0,9,0,0,1,1,0,0,0.25,sa294309
2008,Nick Weglarz,CLE,A+,20,106,375,454,102,67,20,5,10,68,41,71,4,78,7,1,0,5,9,5,0.272,sa294342
2006,Stephen Head,CLE,A+,22,130,477,545,112,72,26,0,14,65,73,54,4,73,7,5,2,16,2,1,0.234800838,sa294361
2007,Stephen Head,CLE,A+,23,102,387,447,97,55,29,0,13,73,61,40,1,71,13,6,1,11,5,0,0.250645994,sa294361
2010,Kevyn Feiner,CIN,A+,23,38,117,128,26,23,1,0,2,9,10,5,0,31,2,2,2,2,4,2,0.222222222,sa294419
2006,Jeff Corsaletti,BOS,A+,23,125,447,556,118,74,32,1,11,69,60,97,2,85,6,3,3,9,11,5,0.263982102,sa294438
2008,Roman Pena,CLE,A+,21,16,54,64,8,3,3,0,2,10,6,8,1,18,1,1,0,1,0,1,0.148148148,sa294705
2009,Roman Pena,CLE,A+,22,92,313,371,64,43,14,2,5,38,37,46,0,85,4,4,4,5,7,10,0.204472843,sa294705
2010,Roman Pena,CLE,A+,23,21,61,74,9,4,1,2,2,9,9,11,0,19,0,1,1,1,2,2,0.147540983,sa294705
2008,Koby Clemens,HOU,A+,21,109,388,458,104,63,29,5,7,54,52,61,1,99,4,5,0,6,1,4,0.268041237,sa294917
2007,Jose Camarena,ATL,A+,23,81,276,316,62,44,13,0,5,29,37,31,0,75,2,2,5,3,4,3,0.224637681,sa295111
2006,Eliazar Carmona,ATL,A+,20,15,52,55,7,7,0,0,0,3,3,0,0,14,0,1,2,1,0,1,0.134615384,sa295112
2012,Allan de San Miguel,BAL,A+,24,30,104,121,27,18,7,0,2,16,17,12,0,29,4,1,0,1,3,1,0.259615384,sa295122
2010,Ernesto Mejia,KCR,A+,24,43,170,188,49,29,13,2,5,25,21,14,0,41,1,3,0,6,0,0,0.288235294,sa295188
2008,Ernesto Mejia,ATL,A+,22,131,519,565,142,69,47,5,21,93,93,28,2,139,13,5,0,23,2,4,0.273603082,sa295188
2009,Ernesto Mejia,ATL,A+,23,17,58,67,17,7,7,0,3,8,12,4,0,16,3,2,0,2,0,1,0.293103448,sa295188
2007,Robbie Hudson,CHW,A+,23,72,255,271,67,54,10,2,1,35,18,12,0,47,2,0,2,1,14,10,0.262745098,sa295626
2006,Greg Creek,ATL,A+,23,77,256,282,67,48,14,1,4,28,33,18,2,39,4,3,1,4,4,3,0.26171875,sa295638
2007,Paul Winterling,BAL,A+,23,21,68,76,14,5,5,0,4,9,14,7,0,19,0,0,1,3,2,3,0.205882352,sa295641
2008,Paul Winterling,BAL,A+,24,87,268,306,61,45,9,2,5,30,24,33,1,90,3,0,2,5,9,6,0.22761194,sa295641
2006,Robert Marcial,ATL,A+,22,39,102,127,16,14,2,0,0,11,9,19,1,28,1,0,5,3,3,0,0.156862745,sa295728
2007,Robert Marcial,ATL,A+,23,16,44,52,9,8,1,0,0,4,4,5,0,5,0,1,2,2,1,1,0.204545454,sa295728
2008,Robert Marcial,ATL,A+,24,53,145,173,38,28,9,0,1,22,15,20,0,28,3,1,4,1,4,3,0.262068965,sa295728
2007,Brad McCann,KCR,A+,24,58,220,249,61,37,18,0,6,30,30,19,4,55,6,3,0,6,1,1,0.277272727,sa3001152
2021,Geraldi Diaz,WSN,A,20,40,129,158,28,19,7,0,2,21,16,20,0,32,9,0,0,1,3,0,0.217054263,sa3002635
2022,Geraldi Diaz,WSN,A,21,74,252,302,64,39,19,2,4,40,41,36,0,60,8,6,0,3,3,1,0.253968253,sa3002635
2023,Geraldi Diaz,WSN,A,22,16,45,60,9,5,1,1,2,5,5,14,0,13,1,0,0,0,1,0,0.2,sa3002635
2019,Ben Breazeale,BAL,A+,24,12,36,43,6,6,0,0,0,3,1,7,0,9,0,0,0,0,0,0,0.166666666,sa3002753
2019,Tanner Nishioka,BOS,A+,24,78,248,282,62,42,18,0,2,21,38,13,0,72,14,7,0,4,5,1,0.25,sa3002754
2018,Jordan Wren,BOS,A+,23,15,44,54,14,12,0,1,1,13,3,9,0,15,1,0,0,0,2,2,0.318181818,sa3002843
2019,Zach Jarrett,BAL,A+,24,96,353,387,101,75,14,1,11,53,39,27,0,84,5,2,0,11,7,2,0.28611898,sa3002883
2021,Ernesto Martinez Jr.,MIL,A,22,79,266,311,73,42,15,5,11,52,48,32,0,84,10,3,0,7,30,4,0.27443609,sa3003173
2024,David Garcia,MIL,A,24,84,262,336,61,47,14,0,0,41,33,60,1,67,11,3,0,7,2,0,0.232824427,sa3003197
2021,Felix Familia,KCR,A,22,66,234,268,62,54,7,0,1,17,25,21,0,55,7,1,0,10,0,0,0.264957264,sa3003213
2022,Felix Familia,KCR,A,23,20,61,73,10,8,2,0,0,7,2,8,0,16,0,0,1,0,1,2,0.163934426,sa3003213
2023,Jhoneiker Betancourt,CHW,A,23,68,226,275,51,31,10,0,10,26,45,28,0,64,10,11,0,8,0,0,0.225663716,sa3003225
2021,Johan Lopez,TBR,A,20,84,262,325,63,39,13,1,10,56,40,44,1,89,12,5,2,3,17,1,0.240458015,sa3003228
2021,Yenci Pena,TEX,A,20,20,61,71,16,9,5,0,2,15,13,7,0,19,1,2,0,3,2,0,0.262295081,sa3003238
2022,Yenci Pena,TEX,A,21,57,164,199,35,27,4,1,3,22,14,31,0,52,3,1,0,4,8,4,0.213414634,sa3003238
2023,Yenci Pena,TEX,A,22,15,47,58,9,7,2,0,0,4,2,9,0,14,1,0,1,2,4,1,0.191489361,sa3003238
2021,Anderson Comas,CHW,A,21,13,42,44,2,2,0,0,0,0,0,1,0,21,1,0,0,1,0,0,0.047619047,sa3003268
2021,Luis Mieses,CHW,A,21,52,203,225,62,43,12,1,6,31,41,13,0,33,3,6,0,1,0,0,0.305418719,sa3003274
2021,Diego Infante,TBR,A,21,101,371,438,110,69,20,5,16,83,80,56,3,114,6,5,0,8,20,8,0.296495956,sa3003280
2021,Abiezel Ramirez,TBR,A,21,68,231,272,60,38,10,3,9,38,54,32,0,102,1,3,5,1,17,3,0.259740259,sa3003282
2022,Abiezel Ramirez,TBR,A,22,21,74,86,17,10,3,1,3,11,17,12,0,22,0,0,0,2,7,1,0.229729729,sa3003282
2021,Sean Mendoza,HOU,A,21,23,72,80,14,10,1,0,3,10,10,3,0,26,4,1,0,1,4,0,0.194444444,sa3003312
2021,Angel Aponte,TEX,A,21,48,162,188,40,31,5,1,3,27,24,15,0,42,9,2,0,4,17,3,0.24691358,sa3003319
2023,Angel Aponte,TEX,A,23,9,32,35,7,4,2,0,1,5,5,2,0,11,0,1,0,1,4,1,0.21875,sa3003319
2021,Nerio Rodriguez,HOU,A,21,83,312,366,77,56,14,3,4,44,43,48,1,90,3,3,0,5,2,1,0.246794871,sa3003325
2022,Jean Carmona,MIL,A,22,26,78,98,13,9,2,1,1,9,4,15,0,33,3,1,1,0,5,2,0.166666666,sa3003340
2021,Jean Carmona,BAL,A,21,49,176,199,47,33,6,3,5,26,21,21,0,60,2,0,0,6,5,3,0.267045454,sa3003340
2021,Jose Alvarez,HOU,A,21,17,57,62,15,12,3,0,0,6,7,4,0,16,0,1,0,2,2,0,0.263157894,sa3003377
2022,Jose Alvarez,HOU,A,22,23,78,91,26,20,4,1,1,13,12,13,0,19,0,0,0,0,5,1,0.333333333,sa3003377
2021,Josue Huma,CHC,A,21,32,96,116,19,14,3,1,1,12,11,14,0,19,2,1,3,2,3,1,0.197916666,sa3003379
2022,Josue Huma,CHC,A,22,66,253,280,64,50,9,1,4,45,33,26,0,44,0,1,0,1,7,1,0.252964426,sa3003379
2022,Freddvil Chevez,TBR,A,22,28,108,117,17,13,2,1,1,12,8,7,1,29,1,1,0,3,0,0,0.157407407,sa3003413
2022,Julio Meza,TBR,A,23,20,66,75,18,12,4,1,1,12,8,5,0,18,3,0,0,1,1,0,0.272727272,sa3003423
2023,Julio Meza,TBR,A,24,41,125,135,36,24,7,2,3,18,14,6,0,29,3,0,0,4,0,1,0.288,sa3003423
2021,Juan Carlos Negret,KCR,A,22,100,358,431,61,25,13,0,23,56,76,56,1,155,11,5,0,8,3,2,0.170391061,sa3003430
2018,Jake Adams,HOU,A+,22,63,216,243,48,29,12,0,7,28,23,22,1,60,3,2,0,4,8,5,0.222222222,sa3003962
2019,Jake Adams,HOU,A+,23,91,321,362,79,52,12,0,15,38,66,31,0,86,3,7,0,6,4,3,0.246105919,sa3003962
2021,Richard Garcia,CHW,A,22,14,48,50,9,8,0,0,1,5,4,2,0,25,0,0,0,2,0,0,0.1875,sa3004049
2018,Pat McInerney,MIL,A+,23,33,98,117,11,7,4,0,0,6,5,17,0,38,0,1,1,1,0,0,0.112244897,sa3004078
2019,Pat McInerney,MIL,A+,24,83,269,312,63,34,18,1,10,29,34,35,0,90,6,2,0,4,2,2,0.234200743,sa3004078
2018,Laz Rivera,CHW,A+,23,61,225,250,63,39,15,2,7,38,37,7,0,44,9,2,6,2,10,7,0.28,sa3004128
2019,Mitch Reeves,CLE,A+,24,63,227,272,67,48,16,1,2,25,29,39,1,53,2,3,1,9,1,2,0.295154185,sa3004137
2021,Jordy Barley,WSN,A,21,33,122,141,25,17,6,0,2,17,10,17,0,43,2,0,0,0,12,5,0.204918032,sa3004148
2018,Cody Bohanek,HOU,A+,22,65,212,248,45,36,7,0,2,28,20,27,1,56,8,1,0,4,6,4,0.21226415,sa3004157
2021,Sam Abbott,CHW,A,22,14,42,56,5,4,0,0,1,3,2,14,0,30,0,0,0,0,0,0,0.119047619,sa3004161
2019,Tyreque Reed,TEX,A+,22,32,111,126,24,14,6,0,4,13,17,8,0,36,5,2,0,3,0,2,0.216216216,sa3004163
2018,Angel Lopez,CLE,A+,21,6,18,22,5,3,1,0,1,4,4,4,0,5,0,0,0,1,0,0,0.277777777,sa3004167
2018,JJ Muno,CHW,A+,24,20,62,67,16,12,2,1,1,10,8,2,0,17,2,1,0,0,2,0,0.258064516,sa3004176
2018,Robie Rojas,MIL,A+,23,13,37,44,13,11,2,0,0,7,5,6,0,15,1,0,0,0,0,0,0.351351351,sa3004183
2019,Robbie Thorburn,BAL,A+,24,49,170,187,37,29,6,0,2,19,9,12,0,49,2,0,3,3,7,4,0.217647058,sa3004240
2019,Trevor Craport,BAL,A+,22,68,234,262,52,32,15,1,4,30,38,19,0,41,5,4,0,1,4,1,0.222222222,sa3004260
2022,Davis Tavarez,BAL,A,23,27,99,106,21,15,4,0,2,10,11,6,0,31,0,1,0,1,1,0,0.212121212,sa3004271
2021,Obie Ricumstrict,TEX,A,22,33,98,113,16,8,5,0,3,13,15,9,0,43,3,1,2,1,6,0,0.163265306,sa3004282
2019,Will Robertson,BAL,A+,24,40,112,133,23,18,2,0,3,15,7,15,0,34,3,3,0,3,0,0,0.205357142,sa3004294
2018,Michael Osinski,BOS,A+,22,54,187,211,55,46,8,0,1,28,22,16,0,37,5,2,1,2,7,2,0.294117647,sa3004298
2019,Michael Osinski,BOS,A+,23,30,65,78,18,12,6,0,0,10,7,11,0,15,1,0,1,2,0,0,0.276923076,sa3004298
2021,Jose Sanchez,WSN,A,20,73,233,280,54,34,16,1,3,43,31,41,0,61,5,0,1,4,1,1,0.231759656,sa3004382
2021,Ricardo Mendez,WSN,A,21,60,225,255,65,43,16,3,3,32,34,22,0,65,2,3,3,3,9,3,0.288888888,sa3004383
2018,Austin Upshaw,CHC,A+,21,72,232,256,47,35,8,2,2,18,15,15,0,44,1,2,6,6,1,0,0.202586206,sa3004498
2021,Jecorrah Arnold,BOS,A,22,33,91,102,13,6,2,2,3,12,8,8,0,42,1,2,0,1,3,1,0.142857142,sa3004508
2019,Cam Balego,CHC,A+,24,113,389,468,96,66,18,0,12,53,48,58,0,87,18,3,0,10,1,4,0.246786632,sa3004517
2018,Nolan Brown,CHW,A+,24,14,37,41,6,4,1,1,0,2,4,3,0,12,1,0,0,0,0,0,0.162162162,sa3004719
2022,Nathan Perry,TBR,A,22,45,161,181,37,26,6,0,5,17,18,16,0,30,2,2,0,6,1,0,0.229813664,sa3004756
2021,Nathan Perry,HOU,A,21,51,182,212,40,21,13,1,5,24,30,21,1,45,7,2,0,1,1,1,0.219780219,sa3004756
2018,Brett Netzer,BOS,A+,22,124,481,532,130,94,31,3,2,50,50,37,0,115,5,7,2,11,3,8,0.27027027,sa3004804
2019,Alex Dunlap,WSN,A+,24,59,186,222,43,29,11,0,3,19,22,32,0,62,3,1,0,3,0,0,0.231182795,sa3004878
2021,Micael Ramirez,CLE,A,22,30,102,120,23,20,3,0,0,16,9,14,0,13,2,2,0,3,2,0,0.225490196,sa3004883
2018,Austen Wade,CLE,A+,22,30,104,119,22,17,4,0,1,4,6,13,0,36,0,0,2,1,0,1,0.211538461,sa3004930
2019,Austen Wade,CLE,A+,23,23,79,96,21,16,3,1,1,12,6,16,0,19,0,0,1,1,1,3,0.265822784,sa3004930
2021,Lamar Sparks,BAL,A,22,45,160,183,41,30,5,2,4,20,22,22,0,43,0,1,0,3,6,4,0.25625,sa3004932
2019,Tristen Lutz,MIL,A+,20,112,420,477,107,67,24,3,13,62,54,46,0,137,7,4,0,8,3,2,0.254761904,sa3004968
2019,LG Castillo,MIL,A+,19,13,49,49,10,7,1,0,2,4,3,0,0,19,0,0,0,1,0,0,0.204081632,sa3005128
2021,Jonathan Diaz,BOS,A,21,11,39,42,11,8,1,0,2,5,12,3,0,11,0,0,0,2,0,0,0.282051282,sa3005290
2022,Jonathan Diaz,BOS,A,22,8,21,27,8,4,3,1,0,5,4,6,0,5,0,0,0,0,1,0,0.38095238,sa3005290
2019,Diosbel Arias,TEX,A+,22,134,485,549,131,99,24,4,4,60,56,55,1,124,4,5,0,15,4,5,0.270103092,sa3005308
2018,Christian Donahue,CHC,A+,23,13,39,46,11,6,3,0,2,7,6,6,0,12,1,0,0,1,0,0,0.282051282,sa3005401
2021,Cesar Idrogo,CLE,A,20,13,38,41,7,4,3,0,0,3,3,3,0,7,0,0,0,0,0,0,0.184210526,sa3005479
2022,Cesar Idrogo,CLE,A,21,27,86,102,29,19,8,1,1,15,16,11,0,20,3,2,0,3,0,0,0.337209302,sa3005479
2022,Marlin Made,CLE,A,21,20,74,79,12,11,0,1,0,7,1,5,0,23,0,0,0,3,0,0,0.162162162,sa3005480
2021,Wilfri Peralta,CLE,A,20,10,31,34,9,5,3,0,1,4,6,1,0,8,1,0,1,1,1,0,0.29032258,sa3005481
2022,Wilfri Peralta,CLE,A,21,52,155,168,32,22,8,2,0,12,18,12,0,56,0,1,0,1,0,2,0.206451612,sa3005481
2021,Keyber Rodriguez,TEX,A,20,103,369,422,100,72,19,4,5,55,63,37,0,91,7,8,1,7,10,5,0.27100271,sa3005488
2021,Antoni Flores,BOS,A,20,45,151,179,35,22,12,0,1,23,22,21,2,38,4,3,0,3,2,1,0.231788079,sa3005489
2021,Fabian Pertuz,CHC,A,20,67,224,245,50,39,7,0,4,29,21,16,0,70,4,0,1,5,3,2,0.223214285,sa3005500
2024,Fabian Pertuz,CHC,A,23,27,95,110,14,8,4,0,2,9,10,13,1,37,1,1,0,1,1,0,0.147368421,sa3005500
2021,Gilberto Jimenez,BOS,A,20,94,373,408,114,89,16,6,3,64,56,19,1,86,8,7,1,6,13,8,0.305630026,sa3005507
2023,Gilberto Jimenez,BOS,A,22,8,35,38,8,7,0,0,1,2,6,1,0,13,1,1,0,0,1,1,0.228571428,sa3005507
2021,Alexfri Planez,CLE,A,19,103,390,413,103,63,19,5,16,61,53,13,0,121,5,4,1,4,11,3,0.264102564,sa3005515
2022,Derwin Barreto,TEX,A,21,22,64,83,13,8,3,0,2,12,7,16,0,17,1,2,0,0,3,1,0.203125,sa3005522
2021,Andres Melendez,CLE,A,20,73,239,289,59,33,16,2,8,41,46,44,0,80,3,3,0,6,2,1,0.246861924,sa3005523
2022,Rainier Rivas,HOU,A,21,40,138,146,21,14,3,0,4,10,13,7,0,52,1,0,0,2,1,0,0.152173913,sa3005527
2021,Randy Florentino,TEX,A,20,52,149,174,22,14,5,0,3,19,12,20,0,54,1,3,1,0,2,2,0.147651006,sa3005529
2023,Randy Florentino,BAL,A,22,33,97,112,28,20,4,0,4,21,19,11,0,14,0,4,0,1,2,1,0.288659793,sa3005529
2022,Jesus Chirinos,MIL,A,20,117,405,480,96,71,13,0,12,60,55,69,0,152,0,6,0,7,3,1,0.237037037,sa3005538
2023,Jesus Chirinos,MIL,A,21,67,213,276,62,41,13,1,7,37,34,55,0,78,4,4,0,6,2,1,0.291079812,sa3005538
2022,Skeiling Rodriguez,CLE,A,21,20,70,77,12,9,3,0,0,9,5,6,0,30,0,1,0,0,0,1,0.171428571,sa3005542
2021,Daniel Castillo,MIL,A,20,19,59,72,9,7,1,0,1,12,14,9,0,28,3,1,0,0,5,0,0.152542372,sa3005545
2022,Luis Silva,MIL,A,20,55,153,167,26,19,7,0,0,14,12,12,0,53,1,1,0,2,4,2,0.16993464,sa3005547
2022,Victor Planchart,CLE,A,21,64,226,255,57,39,13,3,2,29,30,26,0,61,3,0,0,4,1,0,0.252212389,sa3005555
2021,Angel Maita,BOS,A,20,42,139,159,34,29,3,2,0,26,14,15,0,28,3,1,1,3,4,0,0.244604316,sa3005556
2023,Enmanuel Pire,KCR,A,22,11,30,37,5,5,0,0,0,7,2,6,0,6,0,1,0,1,0,0,0.166666666,sa3005562
2021,Enrique Valdez,KCR,A,20,26,92,101,17,10,5,0,2,12,9,6,0,38,2,1,0,0,1,1,0.184782608,sa3005568
2022,Enrique Valdez,KCR,A,21,82,285,316,73,47,19,1,6,39,37,23,0,85,3,4,1,3,19,6,0.25614035,sa3005568
2022,Josue Cruz,BAL,A,21,28,91,110,12,9,2,0,1,10,10,18,0,53,1,0,0,1,0,0,0.131868131,sa3005577
2022,Alberis Ferrer,MIL,A,21,43,136,155,25,16,2,2,5,23,27,15,0,66,2,2,0,2,7,0,0.183823529,sa3005584
2019,Hasuan Viera,TEX,A+,23,27,76,90,16,13,1,1,1,14,4,14,0,25,0,0,0,0,5,0,0.210526315,sa3005596
2021,Keithron Moss,TEX,A,19,61,187,223,32,15,8,4,5,27,22,28,0,96,6,2,0,0,14,3,0.171122994,sa3005599
2021,Antonio Cabello,TEX,A,20,44,141,156,22,14,4,1,3,15,15,12,0,57,0,3,0,1,3,0,0.156028368,sa3005600
2023,Reidy Mercado,MIL,A,22,25,68,71,11,7,4,0,0,9,5,3,0,22,0,0,0,2,8,2,0.161764705,sa3005612
2024,Reidy Mercado,MIL,A,23,63,146,164,30,25,3,1,1,25,5,15,0,46,1,0,2,0,20,3,0.205479452,sa3005612
2021,Felix Valerio,MIL,A,20,85,309,377,97,64,24,3,6,71,63,54,0,49,11,3,0,5,27,8,0.313915857,sa3005613
2021,Adonis Giron,HOU,A,20,29,98,112,13,9,2,0,2,10,8,11,0,41,3,0,0,1,0,1,0.132653061,sa3005719
2021,Yeison Santana,CHC,A,20,20,75,85,11,9,2,0,0,8,1,9,0,28,0,0,1,1,3,3,0.146666666,sa3005730
2022,Yeison Santana,CHC,A,21,18,60,71,18,14,4,0,0,17,7,10,0,16,1,0,0,1,3,0,0.3,sa3005730
2022,Andry Arias,WSN,A,22,51,174,200,36,24,5,4,3,27,24,23,0,51,2,1,0,1,2,3,0.206896551,sa3005735
2022,Gary Camarillo,KCR,A,20,25,94,100,12,7,2,0,3,8,10,3,0,51,2,1,0,1,2,1,0.127659574,sa3005743
2021,Herard Gonzalez,KCR,A,20,90,311,387,73,47,16,3,7,63,44,62,1,125,6,5,3,4,13,5,0.234726688,sa3005750
2021,Braian Fernandez,WSN,A,22,46,141,160,31,24,6,1,0,14,17,16,0,47,1,1,1,8,1,2,0.219858156,sa3005751
2021,Victor Mascai,HOU,A,20,41,132,167,23,10,5,1,7,20,23,31,1,56,2,2,0,1,1,0,0.174242424,sa3005754
2022,Victor Mascai,HOU,A,21,65,204,242,44,23,12,0,9,29,32,36,0,80,0,2,0,3,2,0,0.215686274,sa3005754
2021,Diego Hernandez,KCR,A,20,74,266,310,73,61,9,2,1,47,19,32,0,66,3,3,6,3,34,10,0.27443609,sa3005759
2022,Miguel Fabrizio,CHC,A,21,21,66,75,10,4,3,1,2,8,13,9,0,21,0,0,0,2,0,0,0.151515151,sa3005767
2023,Miguel Fabrizio,CHC,A,22,27,96,100,21,16,4,0,1,8,12,3,0,35,1,0,0,3,3,2,0.21875,sa3005767
2022,Eliezel Stevens,ATL,A,21,17,57,65,24,18,3,1,2,13,18,6,0,20,1,1,0,0,0,0,0.421052631,sa3005773
2023,Eliezel Stevens,ATL,A,22,7,20,23,6,2,3,1,0,4,2,3,0,6,0,0,0,0,0,0,0.3,sa3005773
2022,Rolando Espinosa,HOU,A,21,8,21,25,3,2,1,0,0,1,0,3,0,10,1,0,0,0,4,1,0.142857142,sa3005774
2023,Rolando Espinosa,HOU,A,22,33,98,123,19,13,6,0,0,7,6,21,0,41,3,1,0,4,10,3,0.193877551,sa3005774
2021,Viandel Pena,WSN,A,20,78,295,331,63,46,11,2,4,46,26,34,0,88,0,1,1,2,10,4,0.213559322,sa3005775
2022,Viandel Pena,WSN,A,21,82,296,352,68,46,11,5,6,60,41,48,0,95,0,3,5,3,30,3,0.229729729,sa3005775
2022,Christopher De La Cruz,WSN,A,21,26,71,84,16,10,5,1,0,11,5,11,0,13,2,0,0,1,5,1,0.225352112,sa3005777
2023,Christopher De La Cruz,WSN,A,22,33,79,102,11,9,2,0,0,12,10,17,0,16,3,1,2,2,5,2,0.139240506,sa3005777
2023,Jefferson Encarnacion,CHC,A,21,37,125,144,28,20,4,2,2,21,11,18,0,45,1,0,0,3,1,0,0.224,sa3005780
2024,Jefferson Encarnacion,CHC,A,22,10,32,43,8,6,1,0,1,6,8,10,0,14,0,1,0,0,0,0,0.25,sa3005780
2021,Alexander Ovalles,TBR,A,20,89,315,370,78,55,13,2,8,45,46,43,1,68,6,4,2,4,5,4,0.247619047,sa3005781
2021,Johnabiell Laureano,CHW,A,20,15,38,46,6,6,0,0,0,2,2,6,0,14,2,0,0,0,0,0,0.157894736,sa3005787
2022,Johnabiell Laureano,CHW,A,21,7,25,29,6,3,3,0,0,0,2,1,0,12,1,0,2,1,0,0,0.24,sa3005787
2023,Johnabiell Laureano,CHW,A,22,46,147,179,29,22,3,0,4,26,14,31,0,57,0,1,0,3,1,1,0.197278911,sa3005787
2022,Edgar Martinez,KCR,A,21,24,88,98,22,17,1,3,1,13,5,8,0,38,1,0,1,0,5,0,0.25,sa3005790
2022,Guillermo Quintana,KCR,A,21,114,417,483,100,71,21,0,8,53,54,57,0,76,3,6,0,8,19,5,0.239808153,sa3005916
2022,Francis Grullon,KCR,A,21,14,50,56,8,7,1,0,0,7,4,6,0,16,0,0,0,0,0,0,0.16,sa3005927
2022,Richard Paz,CLE,A,21,80,265,317,61,46,12,1,2,33,45,39,0,61,9,4,0,6,0,1,0.230188679,sa3005928
2021,Flemin Bautista,CHC,A,21,36,124,144,24,15,7,0,2,11,17,16,0,38,2,2,0,3,0,0,0.193548387,sa3005940
2022,Oneill Manzueta,TBR,A,21,111,385,451,93,63,16,5,9,57,51,63,0,144,3,0,0,10,6,2,0.241558441,sa3005942
2023,Oneill Manzueta,TBR,A,22,28,93,105,16,11,3,1,1,8,2,10,0,42,2,0,0,0,1,0,0.17204301,sa3005942
2022,Oswal Leones,MIL,A,21,57,196,222,38,26,9,1,2,21,25,21,0,59,3,2,0,4,8,2,0.193877551,sa3005945
2024,Jose Acosta,MIL,A,24,22,66,71,17,16,1,0,0,8,7,5,0,14,0,0,0,0,11,2,0.257575757,sa3006187
2021,Jose Acosta,TEX,A,21,37,101,118,26,16,9,0,1,20,7,12,0,31,5,0,0,2,9,3,0.257425742,sa3006187
2022,Jose Acosta,TEX,A,22,23,61,73,14,6,4,2,2,7,11,7,0,21,1,0,4,0,4,1,0.229508196,sa3006187
2022,Brandol Mezquita,ATL,A,20,87,331,388,93,72,14,4,3,57,46,41,0,101,10,6,0,4,14,5,0.280966767,sa3006201
2021,Pablo Aliendo,CHC,A,20,64,213,253,53,38,10,0,5,42,27,22,0,72,15,2,1,2,2,1,0.248826291,sa3006220
2021,Wilkin Grullon,BAL,A,21,11,23,28,2,1,0,0,1,2,1,5,0,10,0,0,0,0,0,0,0.086956521,sa3006222
2022,Wilkin Grullon,BAL,A,22,18,54,60,12,5,4,0,3,5,6,5,0,15,1,0,0,2,0,0,0.222222222,sa3006222
2019,Chandler Taylor,HOU,A+,23,80,274,330,61,32,13,2,14,40,50,50,2,129,3,3,0,2,8,7,0.222627737,sa3006654
2019,Ross Adolph,HOU,A+,22,43,144,172,34,27,5,1,1,24,16,24,0,43,4,0,0,1,2,1,0.236111111,sa3006666
2019,Robert Neustrom,BAL,A+,22,31,122,130,29,20,7,0,2,10,10,8,0,30,0,0,0,1,0,1,0.237704918,sa3006667
2019,Devlin Granberg,BOS,A+,23,25,90,99,20,14,6,0,0,9,11,4,0,16,3,2,0,4,1,1,0.222222222,sa3006671
2021,Samil Polanco,CHW,A,21,78,308,332,79,51,19,4,5,42,40,15,0,74,5,4,0,5,1,7,0.256493506,sa3006676
2022,Samil Polanco,CHW,A,22,73,254,275,57,37,14,2,4,27,35,14,0,44,4,3,0,4,2,1,0.224409448,sa3006676
2021,Doran Turchin,BAL,A,23,5,17,21,4,3,1,0,0,3,0,3,0,8,1,0,0,0,0,0,0.235294117,sa3006680
2019,Gage Canning,WSN,A+,22,101,369,410,88,62,17,6,3,44,40,32,0,114,6,0,3,3,8,4,0.238482384,sa3006711
2021,Cole Daily,WSN,A,24,14,50,59,10,9,1,0,0,9,5,9,0,12,0,0,0,2,2,1,0.2,sa3006713
2019,Grant Williams,BOS,A+,23,17,54,58,18,14,4,0,0,4,4,1,0,7,0,0,3,1,2,1,0.333333333,sa3006724
2021,Ryne Ogren,BAL,A,24,41,137,162,30,18,9,0,3,21,19,19,0,38,4,2,0,3,0,0,0.218978102,sa3006726
2019,Kole Cottam,BOS,A+,22,11,39,42,10,4,4,0,2,5,10,1,0,11,0,2,0,1,0,1,0.256410256,sa3006780
2019,Marty Costes,HOU,A+,23,29,97,116,24,18,3,0,3,14,12,14,0,15,4,1,0,2,0,1,0.24742268,sa3006783
2019,Jonathan Ortega,BOS,A+,22,20,62,70,15,13,2,0,0,9,4,8,0,13,0,0,0,3,5,3,0.241935483,sa3006790
2019,Tyler Depreta-Johnson,TEX,A+,23,53,159,176,30,24,6,0,0,13,13,14,0,35,2,0,1,5,1,1,0.188679245,sa3006792
2019,Korby Batesole,BOS,A+,23,25,53,60,9,9,0,0,0,4,2,3,0,12,1,1,2,0,0,0,0.16981132,sa3006847
2021,Caberea Weaver,CHW,A,21,80,290,328,62,42,11,2,7,42,30,31,0,117,6,1,0,7,25,7,0.213793103,sa3006866
2022,Caberea Weaver,CHW,A,22,13,47,51,9,4,2,0,3,7,5,3,0,19,1,0,0,2,0,0,0.191489361,sa3006866
2023,Caberea Weaver,CHW,A,23,25,89,94,21,12,8,0,1,17,9,4,0,28,1,0,0,2,2,1,0.235955056,sa3006866
2021,Micah Bello,MIL,A,20,47,191,206,46,28,14,0,4,24,24,11,0,64,2,2,0,4,1,1,0.240837696,sa3006883
2022,Micah Bello,MIL,A,21,18,59,70,21,13,6,0,2,13,13,7,0,14,2,1,0,1,2,0,0.355932203,sa3006883
2021,Jelfry Marte,TBR,A,20,13,43,51,6,4,1,0,1,9,3,5,0,13,1,1,1,1,1,2,0.139534883,sa3006886
2022,Jelfry Marte,TBR,A,21,65,201,237,45,36,6,1,2,28,15,26,0,78,6,0,4,2,10,2,0.223880597,sa3006886
2021,Luis Verdugo,CHC,A,20,62,214,227,40,24,12,1,3,22,25,11,0,65,1,1,0,4,2,1,0.186915887,sa3006888
2021,Leandro Emiliani,WSN,A,21,32,103,120,16,10,1,0,5,12,16,15,0,39,2,0,0,2,0,0,0.155339805,sa3006897
2022,Leandro Emiliani,WSN,A,22,59,225,251,52,27,14,1,10,31,47,22,0,70,2,2,0,6,0,0,0.231111111,sa3006897
2023,Leandro Emiliani,WSN,A,23,35,110,138,27,19,8,0,0,15,18,20,0,28,3,5,0,1,0,0,0.245454545,sa3006897
2021,Reivaj Garcia,CHC,A,19,9,33,37,7,6,1,0,0,3,3,4,0,14,0,0,0,1,1,0,0.212121212,sa3006900
2023,Reivaj Garcia,CHC,A,21,92,366,415,112,85,21,3,3,72,41,41,0,71,1,6,1,3,21,8,0.306010928,sa3006900
2021,Lency Delgado,CHW,A,22,42,144,157,28,21,2,0,5,14,12,11,0,79,1,0,1,3,0,0,0.194444444,sa3006913
2019,Kyle Kasser,KCR,A+,23,62,198,222,60,53,6,1,0,22,17,17,0,24,2,1,4,2,7,6,0.303030303,sa3006916
2021,Jeremiah Burks,CHW,A,24,12,38,47,10,7,2,1,0,4,6,8,0,15,1,0,0,0,0,2,0.263157894,sa3007004
2018,Jackson Lueck,KCR,A+,21,9,29,31,5,1,4,0,0,3,2,0,0,12,1,0,1,2,1,0,0.172413793,sa3007011
2021,Michael Berglund,TBR,A,23,50,158,198,31,24,6,0,1,23,26,27,0,61,7,6,0,2,2,0,0.196202531,sa3007016
2022,Michael Berglund,TBR,A,24,20,63,82,16,12,3,1,0,11,4,17,0,18,1,0,1,0,3,0,0.253968253,sa3007016
2021,Alex Hall,MIL,A,22,44,163,184,38,23,9,4,2,21,26,17,0,56,1,3,0,2,2,2,0.233128834,sa3007023
2022,Alex Hall,MIL,A,23,15,48,54,5,3,1,0,1,4,3,6,0,25,0,0,0,0,1,0,0.104166666,sa3007023
2021,Jayce Easley,TEX,A,21,98,311,401,76,61,11,3,1,74,28,78,0,83,6,2,4,1,70,10,0.24437299,sa3007057
2019,Dylan Hardy,BOS,A+,22,36,107,127,26,20,4,0,2,20,11,15,0,36,2,1,2,3,2,2,0.242990654,sa3007060
2022,Keegan Fish,CHW,A,22,7,21,28,5,5,0,0,0,2,2,7,0,8,0,0,0,0,1,0,0.238095238,sa3007068
2021,Greg Cullen,BAL,A,24,10,32,41,9,8,1,0,0,5,1,8,0,7,1,0,0,1,0,1,0.28125,sa3007069
2019,Colby Schultz,KCR,A+,24,76,234,267,53,40,10,1,2,22,22,24,0,55,3,3,3,1,4,7,0.226495726,sa3007099
2019,Grant Fennell,CHC,A+,23,97,329,381,82,58,18,1,5,42,50,41,1,102,5,6,0,11,2,1,0.249240121,sa3007100
2022,Daiwer Castellanos,TBR,A,21,32,116,121,32,26,5,1,0,14,15,4,0,14,0,0,1,3,7,1,0.275862068,sa3007302
2022,David Hollie,KCR,A,22,32,108,122,26,15,6,2,3,19,13,9,0,50,4,1,0,2,8,1,0.24074074,sa3007304
2023,David Hollie,KCR,A,23,21,60,80,9,3,0,0,6,11,12,13,0,26,7,0,0,1,8,0,0.15,sa3007304
2021,Gage Hughes,KCR,A,21,58,188,216,40,27,8,1,4,26,18,16,0,42,5,3,4,1,7,1,0.212765957,sa3007311
2022,Gionti Turner,TBR,A,21,28,86,98,15,14,1,0,0,10,7,8,0,33,3,1,0,1,4,1,0.174418604,sa3007326
2022,Dawson Dimon,TBR,A,23,13,43,51,6,4,1,1,0,4,6,7,0,17,0,1,0,1,0,0,0.139534883,sa3007331
2023,Dawson Dimon,ATL,A,24,55,170,202,26,19,6,0,1,18,17,27,0,70,2,3,0,6,2,0,0.152941176,sa3007331
2019,Connor Smith,CLE,A+,22,25,82,97,20,18,2,0,0,7,5,12,0,26,2,1,0,3,2,0,0.243902439,sa3007514
2019,Patrick Dorrian,BAL,A+,23,51,189,204,44,32,7,1,4,22,24,13,0,50,0,2,0,7,0,0,0.232804232,sa3007629
2019,D.J. Artis,CHC,A+,22,10,40,42,10,10,0,0,0,3,1,2,0,11,0,0,0,0,1,3,0.25,sa3007632
2019,Scott Schreiber,HOU,A+,23,72,257,275,54,29,16,2,7,30,30,15,1,87,1,1,1,8,4,4,0.210116731,sa3007637
2019,Kyle Marinconz,WSN,A+,23,7,23,24,4,4,0,0,0,2,2,0,0,6,1,0,0,0,0,0,0.173913043,sa3007638
2021,Nick Schnell,TBR,A,21,52,190,227,33,21,4,0,8,35,29,31,0,73,4,2,0,2,13,2,0.17368421,sa3007639
2022,Nick Schnell,TBR,A,22,38,140,164,36,24,9,0,3,25,19,20,0,57,0,2,2,1,1,3,0.257142857,sa3007639
2021,Nicholas Northcut,BOS,A,22,96,345,402,90,39,32,2,17,68,77,46,0,91,5,5,1,4,0,0,0.260869565,sa3007640
2019,Elih Marrero,BOS,A+,22,15,47,50,9,6,2,0,1,3,3,3,0,8,0,0,0,0,0,0,0.191489361,sa3007822
2022,Malcom Quintero,CHC,A,21,34,115,137,26,20,5,0,1,18,17,18,0,42,0,3,1,3,1,1,0.226086956,sa3007827
2023,Malcom Quintero,CHC,A,22,21,48,62,10,7,1,0,2,10,5,11,0,14,3,0,0,1,2,0,0.208333333,sa3007827
2019,Tyler Durna,CHC,A+,22,24,87,95,22,17,5,0,0,14,10,4,0,15,4,0,0,1,1,0,0.252873563,sa3007879
2023,Jesus Moreno,TEX,A,22,25,78,93,9,7,1,0,1,7,3,13,0,43,2,0,0,0,0,0,0.115384615,sa3007914
2024,Jesus Moreno,TEX,A,23,7,20,23,1,0,0,0,1,1,2,3,0,9,0,0,0,0,0,0,0.05,sa3007914
2019,Eddie Silva,MIL,A+,23,129,456,505,96,62,23,2,9,45,48,27,0,95,18,4,0,15,2,4,0.210526315,sa3007942
2021,Ezequiel Pagan,CHC,A,20,39,143,162,35,26,6,2,1,19,9,10,0,26,6,3,0,5,2,1,0.244755244,sa3007975
2022,Ezequiel Pagan,CHC,A,21,104,384,438,112,81,15,5,11,59,68,40,1,57,7,3,4,3,13,4,0.291666666,sa3007975
2023,Miguel Pabon,CHC,A,22,83,276,313,65,49,14,1,1,36,25,27,0,70,5,3,2,7,3,1,0.235507246,sa3007977
2024,Miguel Pabon,CHC,A,23,68,216,260,48,37,8,0,3,23,20,38,0,63,4,2,0,5,0,0,0.222222222,sa3007977
2019,Luke Reynolds,CHC,A+,24,81,278,319,62,40,15,1,6,33,32,34,2,96,6,1,0,7,1,2,0.223021582,sa3008004
2021,Joe Gray Jr.,MIL,A,21,51,190,231,55,21,15,7,12,40,53,33,1,61,6,2,0,2,12,0,0.289473684,sa3008005
2021,Arbert Cipion,MIL,A,21,29,95,116,9,9,0,0,0,13,10,17,0,57,2,2,0,2,9,1,0.094736842,sa3008006
2022,Arbert Cipion,MIL,A,22,34,130,151,38,25,6,3,4,26,22,17,0,31,4,0,0,2,9,4,0.292307692,sa3008006
2021,Onix Vega,WSN,A,22,71,240,289,56,41,12,0,3,22,35,34,2,47,10,4,1,8,5,0,0.233333333,sa3008007
2019,Cody Farhat,CLE,A+,22,21,63,72,11,9,2,0,0,6,4,4,0,26,2,1,2,1,0,1,0.174603174,sa3008078
2021,Cody Farhat,CLE,A,24,46,161,184,41,24,6,5,6,29,20,14,0,47,5,2,2,3,8,3,0.254658385,sa3008078
2019,Cadyn Grenier,BAL,A+,22,24,77,92,16,10,4,1,1,11,4,11,0,31,4,0,0,3,2,1,0.207792207,sa3008140
2021,Xavier Valentin,TEX,A,20,43,143,159,32,18,10,2,2,12,24,12,0,59,3,1,0,3,12,3,0.223776223,sa3008144
2022,Xavier Valentin,TEX,A,21,17,49,56,9,8,0,0,1,4,5,5,0,27,1,1,0,0,3,1,0.183673469,sa3008144
2019,Jimmy Herron,CHC,A+,22,92,318,373,70,45,17,4,4,35,30,44,0,66,5,5,1,4,19,7,0.220125786,sa3008183
2022,Cole Roederer,CHC,A,22,4,15,20,7,5,2,0,0,4,2,4,0,2,0,1,0,0,2,0,0.466666666,sa3008184
2021,Juan Paulino,WSN,A,23,14,35,41,11,7,3,0,1,5,6,6,0,12,0,0,0,1,7,1,0.314285714,sa3008190
2021,Juan Paulino,HOU,A,23,19,61,68,13,9,2,0,2,8,4,7,0,24,0,0,0,0,3,1,0.213114754,sa3008190
2021,Beau Brundage,TBR,A,24,38,141,168,48,25,12,3,8,35,32,22,0,50,4,1,0,2,3,1,0.340425531,sa3008246
2021,Korey Holland,CLE,A,21,68,230,269,58,42,7,3,6,34,34,29,0,92,3,6,1,1,10,3,0.252173913,sa3008249
2021,Edmond Americaan,CHC,A,24,23,90,98,22,13,4,2,3,18,12,7,0,31,1,0,0,2,3,1,0.244444444,sa3008341
2021,Jean Ramirez,KCR,A,20,24,67,89,13,8,3,1,1,7,5,16,0,30,3,0,3,1,3,5,0.19402985,sa3008452
2022,Jean Ramirez,KCR,A,21,57,214,255,59,46,6,1,6,44,21,28,1,39,2,0,11,3,37,11,0.275700934,sa3008452
2023,Jean Ramirez,KCR,A,22,81,295,342,88,70,9,4,5,47,24,36,0,85,1,2,8,1,28,17,0.298305084,sa3008452
2022,Juan Mora,CHC,A,22,81,312,354,84,56,19,2,7,56,48,27,0,69,11,3,1,10,6,3,0.269230769,sa3008469
2023,Juan Mora,CHC,A,23,40,144,164,40,29,7,1,3,18,26,11,0,25,4,5,0,3,8,6,0.277777777,sa3008469
2021,Nick Decker,BOS,A,21,68,250,292,69,42,18,1,8,55,39,37,2,83,4,1,0,4,4,2,0.276,sa3008590
2021,Gabriel Rodriguez,CLE,A,19,97,373,406,88,66,18,1,3,44,34,25,0,111,3,2,3,9,3,3,0.235924932,sa3008744
2022,Eduarqui Fernandez,MIL,A,20,34,123,139,31,21,5,2,3,16,13,12,0,52,3,1,0,0,6,3,0.25203252,sa3008749
2023,Eduarqui Fernandez,MIL,A,21,17,52,65,12,8,3,0,1,11,1,12,0,22,1,0,0,0,2,2,0.23076923,sa3008749
2021,Eduardo Garcia,MIL,A,18,10,33,42,11,7,4,0,0,8,7,6,0,13,2,1,0,0,1,0,0.333333333,sa3008751
2022,Eduardo Garcia,MIL,A,19,85,347,372,91,65,13,3,10,43,48,19,0,122,5,1,0,5,14,2,0.262247838,sa3008751
2021,Jose Rodriguez,TEX,A,19,15,45,53,9,6,3,0,0,2,1,8,0,19,0,0,0,0,1,0,0.2,sa3008753
2022,Jose Rodriguez,TEX,A,20,87,309,346,61,43,13,1,4,25,29,29,0,87,7,1,0,7,7,7,0.197411003,sa3008753
2022,Alejandro Pie,TBR,A,20,24,75,88,15,9,3,1,2,13,11,8,0,35,4,1,0,0,4,0,0.2,sa3008754
2022,Branlyn Jaraba,MIL,A,20,17,57,61,13,7,3,0,3,7,11,2,0,20,2,0,0,1,1,1,0.228070175,sa3008755
2022,Omar Florentino,KCR,A,20,48,130,161,25,21,3,1,0,20,7,23,0,38,5,1,2,3,13,3,0.192307692,sa3008758
2023,Omar Florentino,KCR,A,21,35,98,111,15,11,3,1,0,9,7,9,0,30,1,1,2,1,6,4,0.153061224,sa3008758
2023,Estanli Castillo,TBR,A,21,38,128,145,26,19,6,0,1,18,15,16,0,46,1,0,0,1,2,0,0.203125,sa3008763
2022,Dayan Frias,CLE,A,20,120,443,519,106,80,18,2,6,64,46,65,0,129,7,2,2,7,8,5,0.239277652,sa3008768
2021,Cristian Gonzalez,HOU,A,19,30,123,134,30,23,4,1,2,19,14,9,0,41,1,1,0,1,1,2,0.243902439,sa3008771
2023,Frank Perez,HOU,A,21,22,56,60,8,6,1,0,1,3,2,2,0,34,2,0,0,0,1,0,0.142857142,sa3008772
2021,Yohander Martinez,HOU,A,19,44,132,165,35,33,1,0,1,16,21,27,0,32,4,2,0,3,4,3,0.265151515,sa3008775
2022,Yoander Rivero,WSN,A,20,67,189,229,42,32,8,2,0,33,20,35,0,57,1,2,2,6,8,2,0.222222222,sa3008782
2023,Yoander Rivero,WSN,A,21,19,56,70,11,8,3,0,0,7,2,11,0,19,2,0,1,2,1,1,0.196428571,sa3008782
2025,Yoander Rivero,WSN,A,23,46,126,157,26,17,7,1,1,20,15,27,0,38,2,2,0,2,1,1,0.206349206,sa3008782
2022,Isaac De Leon,BAL,A,20,94,323,401,74,44,21,1,8,48,52,68,0,120,5,5,0,3,5,0,0.229102167,sa3008784
2023,Albert Feliz,BOS,A,21,90,297,333,72,44,17,1,10,39,45,29,0,121,4,3,0,7,0,0,0.242424242,sa3008799
2024,Albert Feliz,BOS,A,22,76,255,292,42,25,6,0,11,25,41,29,0,118,3,5,0,2,1,0,0.164705882,sa3008799
2024,Victor Diaz,HOU,A,22,28,97,105,13,8,2,0,3,8,8,6,1,39,1,1,0,3,0,0,0.134020618,sa3008801
2022,Bryan Gonzalez,BOS,A,20,32,111,126,26,20,5,0,1,11,9,15,0,35,0,0,0,3,5,2,0.234234234,sa3008805
2022,Elio Prado,BAL,A,20,66,234,284,46,37,6,2,1,27,25,39,0,63,10,1,0,8,3,2,0.196581196,sa3008807
2023,Elio Prado,BAL,A,21,65,239,280,60,43,8,2,7,41,27,32,0,46,7,2,0,3,7,7,0.251046025,sa3008807
2022,Noelberth Romero,BAL,A,20,104,383,418,88,62,16,1,9,50,48,30,0,81,2,3,0,10,17,7,0.229765013,sa3008808
2023,Noelberth Romero,BAL,A,21,64,227,251,50,32,11,0,7,26,30,18,0,48,3,3,0,3,13,5,0.220264317,sa3008808
2024,Noelberth Romero,BAL,A,22,31,103,111,14,8,3,1,2,11,8,5,0,26,1,2,0,2,5,0,0.13592233,sa3008808
2022,Eduardo Vaughan,BOS,A,20,27,89,113,17,15,2,0,0,15,8,21,0,33,1,2,0,0,4,0,0.191011235,sa3008810
2023,Jose Dilone,ATL,A,22,23,72,85,17,15,2,0,0,10,4,12,0,29,1,0,0,0,3,1,0.236111111,sa3008820
2022,Francisco Floyd,ATL,A,20,35,135,156,34,26,5,0,3,23,24,20,1,64,0,1,0,2,6,2,0.251851851,sa3008821
2023,Francisco Floyd,ATL,A,21,57,164,197,31,22,3,2,4,26,14,30,0,74,0,3,0,3,13,5,0.18902439,sa3008821
2023,Alexander Then,ATL,A,21,8,22,26,1,1,0,0,0,2,0,4,0,9,0,0,0,2,0,0,0.045454545,sa3008822
2023,Luis Pineda,CHW,A,21,29,109,119,21,14,4,0,3,10,17,7,0,40,2,0,0,4,0,0,0.19266055,sa3008826
2024,Luis Pineda,CHW,A,22,75,281,315,67,45,16,1,5,33,34,28,0,93,1,3,0,6,2,1,0.238434163,sa3008826
2021,Mishael Deson,BAL,A,18,6,23,25,4,4,0,0,0,0,2,0,0,5,0,2,0,0,1,0,0.173913043,sa3008828
2022,Mishael Deson,BAL,A,19,76,270,313,62,55,5,0,2,25,26,37,0,93,3,3,0,7,10,3,0.229629629,sa3008828
2022,Wilmin Candelario,KCR,A,20,23,76,89,14,10,3,1,0,9,6,12,0,35,1,0,0,3,10,2,0.184210526,sa3008834
2023,Wilmin Candelario,KCR,A,21,26,57,65,7,4,3,0,0,6,2,6,0,32,1,1,0,1,3,1,0.122807017,sa3008834
2023,Ricardo Balogh,HOU,A,20,89,307,346,74,53,12,3,6,37,31,33,1,93,2,4,0,8,3,0,0.241042345,sa3008835
2021,Brainer Bonaci,BOS,A,18,13,49,52,11,7,3,1,0,5,8,3,0,8,0,0,0,0,0,0,0.224489795,sa3008836
2022,Brainer Bonaci,BOS,A,19,108,397,494,104,73,19,6,6,86,50,89,0,89,3,5,0,7,28,6,0.261964735,sa3008836
2022,Jaswel De Los Santos,KCR,A,20,28,84,102,12,8,2,0,2,13,6,14,0,39,2,0,2,0,7,0,0.142857142,sa3008838
2023,Dionmy Salon,KCR,A,21,74,243,280,56,46,8,0,2,31,18,27,0,68,9,0,1,5,3,4,0.230452674,sa3008839
2024,Dionmy Salon,KCR,A,22,52,164,194,36,28,8,0,0,18,16,20,0,25,5,2,3,7,4,0,0.219512195,sa3008839
2025,Dionmy Salon,KCR,A,23,39,101,117,22,20,1,0,1,9,9,9,0,21,4,0,3,1,3,0,0.217821782,sa3008839
2023,Jhonnys Cabrera,MIL,A,21,12,29,33,2,1,1,0,0,0,0,3,0,19,1,0,0,0,0,0,0.068965517,sa3008847
2023,Jesus Parra,MIL,A,20,45,153,164,36,21,12,1,2,17,31,7,0,56,3,1,0,3,1,1,0.235294117,sa3008867
2022,Junior Paniagua,TEX,A,20,88,280,303,56,36,14,4,2,34,20,17,0,71,3,1,2,2,7,0,0.2,sa3008875
2022,Efrenyer Narvaez,TEX,A,19,56,210,230,43,33,6,1,3,16,22,13,0,66,5,2,0,5,5,3,0.204761904,sa3008885
2023,Cristopher Barete,TBR,A,21,103,330,370,83,67,12,2,2,46,33,31,0,95,2,2,5,4,25,8,0.251515151,sa3008887
2024,Cristopher Barete,TBR,A,22,28,92,104,17,13,3,1,0,9,9,9,1,22,0,1,2,2,9,1,0.184782608,sa3008887
2023,Junior Calderon,KCR,A,21,30,94,110,15,9,3,2,1,6,5,16,0,39,0,0,0,3,3,2,0.159574468,sa3008919
2021,Jorge Burgos,CLE,A,18,23,92,100,27,18,5,3,1,16,9,8,0,19,0,0,0,3,2,1,0.29347826,sa3008929
2022,Jorge Burgos,CLE,A,19,105,396,459,110,83,18,3,6,54,66,56,0,85,3,4,0,16,6,2,0.277777777,sa3008929
2023,Jeremy Celedonio,ATL,A,21,87,293,356,55,31,7,0,17,41,46,56,0,155,7,0,0,3,11,5,0.18771331,sa3008936
2024,Jeremy Celedonio,ATL,A,22,19,66,77,13,7,2,1,3,6,10,6,0,35,3,2,0,1,3,1,0.196969696,sa3008936
2021,Darel Belen,BOS,A,21,8,19,25,3,2,0,0,1,4,2,5,0,12,0,0,0,0,0,0,0.157894736,sa3008939
2022,Darel Belen,BOS,A,22,32,98,113,10,5,2,0,3,8,10,11,0,51,3,1,0,0,1,1,0.102040816,sa3008939
2021,Wilber Sanchez,CHW,A,19,34,115,126,23,16,2,1,4,12,13,7,0,55,2,2,0,0,11,1,0.2,sa3008941
2022,Wilber Sanchez,CHW,A,20,101,359,420,58,44,10,2,2,46,22,55,0,96,3,2,1,8,38,8,0.161559888,sa3008941
2023,Wilber Sanchez,CHW,A,21,89,261,309,54,38,12,2,2,45,39,40,0,72,4,2,2,3,28,9,0.206896551,sa3008941
2024,Wilber Sanchez,CHW,A,22,61,208,231,46,35,6,1,4,31,28,21,0,57,0,2,0,3,14,3,0.221153846,sa3008941
2025,Wilber Sanchez,CHW,A,23,6,22,25,4,3,1,0,0,3,2,1,0,8,2,0,0,0,2,1,0.181818181,sa3008941
2022,Geraldo Quintero,ATL,A,20,91,362,419,95,58,22,9,6,61,47,48,0,69,7,2,0,5,26,8,0.262430939,sa3008942
2022,Felix Stevens,CHC,A,22,73,252,290,56,31,13,1,11,32,43,32,0,96,2,4,0,2,1,1,0.222222222,sa3008946
2023,Felix Stevens,CHC,A,23,55,187,216,54,30,10,1,13,30,33,24,0,67,4,1,0,2,4,2,0.288770053,sa3008946
2022,Michael Mantecon,BAL,A,20,35,116,123,23,19,3,0,1,10,6,6,0,40,0,1,0,3,1,1,0.198275862,sa3008949
2022,Stiven Acevedo,BAL,A,19,38,131,147,22,15,5,1,1,18,11,15,0,52,1,0,0,3,7,1,0.167938931,sa3008952
2023,Stiven Acevedo,BAL,A,20,102,394,434,94,58,18,4,14,52,52,35,0,130,3,2,0,7,33,11,0.23857868,sa3008952
2024,Stiven Acevedo,BAL,A,21,80,283,311,62,44,10,1,7,29,35,23,1,84,2,3,0,3,22,5,0.219081272,sa3008952
2021,Eduardo Lopez,BOS,A,19,9,34,43,7,6,1,0,0,5,5,8,0,15,1,0,0,0,0,0,0.205882352,sa3009275
2022,Eduardo Lopez,BOS,A,20,76,286,332,67,49,12,2,4,39,27,36,0,78,5,5,0,1,9,5,0.234265734,sa3009275
2021,Miguel Palma,HOU,A,19,15,39,53,12,8,4,0,0,8,8,8,0,13,5,1,0,0,2,0,0.307692307,sa3009279
2022,Miguel Palma,HOU,A,20,58,205,238,46,29,11,0,6,28,29,26,0,40,5,2,0,4,0,0,0.224390243,sa3009279
2022,Moises Ramirez,BAL,A,20,40,136,153,20,14,6,0,0,8,10,11,0,63,5,1,0,2,0,1,0.147058823,sa3009296
2022,Freddy Guilamo,HOU,A,21,55,183,199,22,12,5,0,5,14,14,14,0,84,1,1,0,4,1,1,0.120218579,sa3009297
2022,Yorberto Mejicano,BOS,A,21,68,252,277,66,49,11,1,5,38,37,20,0,52,4,1,0,6,7,2,0.261904761,sa3009328
2023,Yorberto Mejicano,BOS,A,22,61,194,223,52,36,9,2,5,34,25,23,0,42,3,3,0,3,6,3,0.268041237,sa3009328
2021,Benyamin Bailey,CHW,A,19,21,77,84,12,11,0,0,1,4,3,7,0,25,0,0,0,3,0,0,0.155844155,sa3009343
2022,Benyamin Bailey,CHW,A,20,86,288,344,62,44,11,1,6,30,37,46,0,94,3,7,0,8,0,1,0.215277777,sa3009343
2023,Rafael Morel,CHC,A,21,94,334,391,88,71,10,0,7,63,30,50,0,94,6,1,0,5,16,9,0.263473053,sa3009534
2022,Eddinson Paulino,BOS,A,19,114,463,539,123,65,35,10,13,96,66,64,0,105,6,5,1,5,27,5,0.265658747,sa3009538
2022,Isaac Bellony,BAL,A,20,50,180,213,52,34,11,1,6,27,34,32,0,69,0,1,0,4,3,2,0.288888888,sa3009542
2023,Isaac Bellony,BAL,A,21,19,69,77,17,7,6,3,1,7,12,6,0,29,0,2,0,0,0,1,0.246376811,sa3009542
2021,Yorkislandy Alvarez,BAL,A,22,35,116,136,30,27,3,0,0,11,12,19,0,11,1,0,0,4,2,0,0.258620689,sa3009570
2023,Jose Colmenares,WSN,A,20,10,27,34,3,3,0,0,0,1,1,4,0,7,2,0,1,0,0,1,0.111111111,sa3009817
2024,Jose Colmenares,WSN,A,21,62,206,248,45,39,4,0,2,23,24,29,0,41,10,3,0,8,1,0,0.218446601,sa3009817
2022,Joshua Rivera,KCR,A,23,32,107,122,22,18,3,1,0,11,7,12,0,38,2,0,1,1,2,3,0.205607476,sa3009961
2021,Garrett Hiott,TBR,A,23,42,149,180,40,26,5,3,6,32,28,25,1,52,3,2,1,1,11,2,0.268456375,sa3009972
2021,Ivan Gonzalez,CHW,A,24,20,70,78,13,9,3,0,1,4,8,6,0,16,2,0,0,3,1,0,0.185714285,sa3010014
2021,Jordan Cannon,BAL,A,24,31,112,129,25,17,2,1,5,20,14,12,0,36,5,0,0,3,5,1,0.223214285,sa3010020
2021,Christian Cairo,CLE,A,20,58,181,229,38,27,6,2,3,36,17,37,0,63,8,2,1,0,15,2,0.209944751,sa3010028
2021,Julian Escobedo,CLE,A,23,18,67,73,17,11,3,0,3,12,12,4,0,20,2,0,0,0,4,1,0.253731343,sa3010030
2021,Will Bartlett,CLE,A,20,33,106,128,19,11,2,2,4,16,10,18,1,38,4,0,0,3,0,1,0.179245283,sa3010032
2022,Will Bartlett,CLE,A,21,80,260,324,55,30,21,1,3,46,34,56,0,88,5,3,0,6,3,0,0.211538461,sa3010032
2021,Jake Randa,WSN,A,22,86,305,343,67,40,23,2,2,37,40,30,0,89,2,6,0,7,3,0,0.219672131,sa3010033
2021,J.T. Arruda,WSN,A,23,41,136,166,32,24,5,2,1,15,9,29,1,32,1,0,0,1,9,0,0.235294117,sa3010036
2022,J.T. Arruda,WSN,A,24,51,170,210,47,31,9,3,4,41,25,35,0,45,0,3,2,1,17,3,0.276470588,sa3010036
2021,Yordys Valdes,CLE,A,19,93,312,349,66,52,12,2,0,35,22,24,0,92,3,5,5,3,16,4,0.211538461,sa3010037
2022,Yordys Valdes,CLE,A,20,101,387,432,94,77,12,2,3,52,56,37,0,89,3,3,2,3,13,7,0.242894056,sa3010037
2021,James Beard,CHW,A,20,73,234,273,45,34,5,1,5,30,14,37,0,107,2,0,0,1,9,2,0.192307692,sa3010038
2022,James Beard,CHW,A,21,71,240,290,39,29,5,1,4,34,15,43,0,118,4,2,1,0,25,7,0.1625,sa3010038
2021,DJ Gladney,CHW,A,19,71,256,294,49,30,11,1,7,20,28,31,0,124,6,1,0,4,1,0,0.19140625,sa3010043
2022,DJ Gladney,CHW,A,20,106,407,460,99,60,17,4,18,60,65,44,0,150,5,4,0,12,10,1,0.243243243,sa3010043
2021,Matthew Barefoot,HOU,A,23,16,64,74,22,13,4,1,4,14,17,7,0,21,0,3,0,0,10,1,0.34375,sa3010145
2021,Luke Bandy,BOS,A,23,11,32,36,5,4,0,0,1,5,4,3,0,17,1,0,0,0,1,0,0.15625,sa3010149
2021,Darryl Collins,KCR,A,19,86,317,383,78,62,8,3,5,45,54,52,1,55,10,2,2,2,15,5,0.246056782,sa3010154
2022,Darryl Collins,KCR,A,20,49,162,205,38,23,12,3,0,19,16,35,0,30,1,5,2,2,5,3,0.234567901,sa3010154
2021,Omar Hernandez,KCR,A,19,69,241,264,42,26,11,2,3,21,20,17,0,68,2,2,2,4,3,0,0.174273858,sa3010155
2022,Omar Hernandez,KCR,A,20,85,320,359,74,57,15,1,1,40,31,26,0,78,2,1,5,8,18,3,0.23125,sa3010155
2023,Omar Hernandez,KCR,A,21,81,283,333,63,49,8,1,5,51,27,35,0,52,4,5,2,7,26,10,0.22261484,sa3010155
2021,Jaxx Groshans,BOS,A,22,40,141,175,42,30,7,0,5,26,21,31,1,35,0,3,0,2,1,1,0.29787234,sa3010160
2022,Jordan Brown,CLE,A,20,32,88,101,16,8,6,0,2,14,3,11,0,34,2,0,0,0,1,0,0.181818181,sa3010163
2023,Jordan Brown,CLE,A,21,47,144,167,26,15,5,1,5,17,14,16,0,57,5,2,0,1,2,3,0.180555555,sa3010163
2021,Misael Gonzalez,CHW,A,20,31,90,105,16,9,4,0,3,12,10,11,0,40,3,1,0,0,1,0,0.177777777,sa3010164
2022,Misael Gonzalez,CHW,A,21,75,233,281,41,26,8,3,4,29,26,33,0,101,10,1,0,5,13,4,0.175965665,sa3010164
2021,Ike Freeman,CLE,A,23,11,37,43,10,8,1,0,1,5,5,5,0,13,1,0,0,3,1,0,0.27027027,sa3010167
2021,Alex Erro,BOS,A,23,90,327,373,79,59,16,2,2,50,33,41,0,75,3,1,1,3,6,4,0.241590214,sa3010177
2021,Wil Dalton,BOS,A,23,31,98,113,26,16,6,0,4,14,17,13,0,31,1,1,0,0,4,1,0.265306122,sa3010273
2021,Brady McConnell,KCR,A,23,30,107,122,21,11,6,1,3,12,17,14,0,49,0,0,1,2,3,0,0.196261682,sa3010331
2021,Ashton McGee,MIL,A,22,72,239,297,72,41,20,1,10,52,54,54,2,92,3,1,0,5,0,1,0.30125523,sa3010334
2021,Jackson Cluff,WSN,A,24,5,18,22,5,4,1,0,0,2,0,2,0,3,2,0,0,0,1,0,0.277777777,sa3010342
2019,Zac Taylor,CHC,A+,23,16,51,54,5,2,2,1,0,3,2,2,0,21,0,0,1,2,1,2,0.098039215,sa3010391
2021,Darius Hill,CHC,A,23,7,32,32,12,9,3,0,0,2,5,0,0,7,0,0,0,0,1,0,0.375,sa3010395
2024,Victor Torres,MIL,A,23,7,20,22,5,3,2,0,0,2,3,0,0,6,0,2,0,0,0,1,0.25,sa3010597
2021,Victor Torres,CHW,A,20,52,169,185,33,24,6,0,3,16,18,8,0,39,6,1,1,5,1,0,0.195266272,sa3010597
2022,Victor Torres,CHW,A,21,50,178,190,42,26,8,1,7,17,28,6,0,47,4,1,1,2,0,0,0.235955056,sa3010597
2021,Joe Davis,BOS,A,24,48,189,211,63,37,16,0,10,32,49,17,0,41,1,4,0,2,0,1,0.333333333,sa3010635
2021,Mason Janvrin,BAL,A,23,82,310,366,63,42,9,2,10,68,33,47,0,105,8,1,0,3,25,0,0.203225806,sa3010685
2021,Andrew Martinez,BAL,A,24,37,114,148,22,9,6,1,6,19,17,26,0,39,7,1,0,1,0,0,0.192982456,sa3010691
2021,Cade Bunnell,ATL,A,24,113,393,489,85,38,26,4,17,78,50,91,1,172,3,1,0,6,13,2,0.216284987,sa3010702
2021,Luis Guerrero,HOU,A,22,13,35,41,8,5,2,1,0,7,5,3,0,7,3,0,0,1,2,1,0.228571428,sa3010713
2021,Stephen Paolini,ATL,A,20,105,345,392,59,41,11,3,4,44,24,39,0,167,5,3,0,2,15,6,0.171014492,sa3010720
2022,Stephen Paolini,ATL,A,21,111,394,468,86,58,18,3,7,60,47,64,1,128,5,5,0,5,18,9,0.218274111,sa3010720
2021,Ryan Reynolds,CHC,A,23,29,91,107,25,11,7,4,3,19,15,11,0,26,5,0,0,1,1,0,0.274725274,sa3010849
2021,Jeremy Ydens,WSN,A,23,30,110,116,25,16,3,1,5,15,12,5,0,30,0,1,0,1,4,0,0.227272727,sa3010852
2021,Trevor Kehe,BAL,A,24,42,130,160,28,15,9,2,2,25,16,26,0,48,4,0,0,1,2,3,0.215384615,sa3010856
2021,Kevin Strohschein,WSN,A,23,62,235,249,60,39,9,1,11,33,34,13,0,49,1,0,0,9,0,4,0.255319148,sa3010859
2022,Junior Sanquintin,CLE,A,20,69,259,292,58,36,10,4,8,28,40,26,1,88,5,2,0,7,1,1,0.223938223,sa3010863
2022,Kadon Morton,ATL,A,21,107,352,416,80,53,11,4,12,57,47,56,0,139,6,2,0,6,12,5,0.227272727,sa3010870
2021,Daniel Mateo,TEX,A,19,36,136,146,37,28,7,0,2,28,20,9,0,41,0,1,0,2,11,4,0.272058823,sa3010886
2022,Daniel Mateo,TEX,A,20,98,376,407,103,78,9,5,11,59,51,21,0,99,5,5,0,2,42,12,0.27393617,sa3010886
2021,Junior Martina,WSN,A,23,80,301,324,81,65,13,0,3,35,36,18,0,82,5,0,0,8,4,3,0.26910299,sa3010898
2022,Junior Martina,WSN,A,24,28,74,92,12,10,1,0,1,10,8,15,0,17,1,2,0,2,0,1,0.162162162,sa3010898
2021,Javier Valdes,ATL,A,22,24,76,92,20,15,5,0,0,7,11,8,0,20,5,3,0,1,3,0,0.263157894,sa3010902
2021,Patrick Merino,TBR,A,22,23,74,88,14,8,1,1,4,11,20,11,0,36,3,0,0,1,0,0,0.189189189,sa3011119
2021,Allan Berrios,WSN,A,23,18,59,68,11,9,2,0,0,8,6,6,1,24,2,0,1,3,0,1,0.186440677,sa3011153
2022,Allan Berrios,WSN,A,24,31,86,104,18,14,3,0,1,10,6,9,0,29,8,0,1,2,0,1,0.209302325,sa3011153
2021,Drew Campbell,ATL,A,23,8,28,31,9,4,2,2,1,5,5,3,0,10,0,0,0,0,1,0,0.321428571,sa3011264
2021,Bryan Arias,HOU,A,24,19,70,80,14,9,2,0,3,13,9,9,0,22,1,0,0,2,6,2,0.2,sa3011265
2021,Jeremy De La Rosa,WSN,A,19,87,326,358,68,47,12,4,5,34,22,30,1,122,2,0,0,2,7,8,0.208588957,sa3011329
2022,Jeremy De La Rosa,WSN,A,20,69,279,315,88,57,19,2,10,56,57,36,1,78,0,0,0,2,26,5,0.315412186,sa3011329
2024,Jeremy De La Rosa,WSN,A,22,16,62,67,19,7,8,2,2,10,9,3,0,16,1,0,0,0,3,4,0.306451612,sa3011329
2021,Darrien Miller,MIL,A,20,52,160,204,42,31,4,0,7,37,31,33,0,45,10,0,1,3,4,0,0.2625,sa3011330
2022,Christian Johnson,TBR,A,21,11,31,36,7,4,1,0,2,5,3,3,0,10,1,0,1,0,1,2,0.225806451,sa3011331
2021,Connor Blair,ATL,A,23,19,62,76,5,5,0,0,0,4,2,13,0,19,0,1,0,0,3,2,0.080645161,sa3011382
2022,Connor Blair,ATL,A,24,50,160,200,32,19,6,0,7,34,25,34,0,60,5,1,0,4,3,1,0.2,sa3011382
2021,Stephen Scott,BOS,A,24,61,212,257,55,30,17,0,8,49,42,39,2,46,4,2,0,3,2,1,0.259433962,sa3011469
2021,Ethan Hearn,CHC,A,20,62,193,226,34,19,8,1,6,20,33,22,0,100,5,5,1,0,0,0,0.176165803,sa3011502
2022,Ethan Hearn,CHC,A,21,85,286,338,61,29,14,6,12,47,41,42,0,115,7,2,1,0,13,1,0.213286713,sa3011502
2021,Landy Pena,CLE,A,19,14,36,40,4,2,1,0,1,3,1,3,0,25,0,0,1,0,0,0,0.111111111,sa3011503
2021,Ben Troike,TBR,A,23,7,23,29,8,7,1,0,0,3,2,4,0,3,2,0,0,0,2,0,0.347826086,sa3011541
2023,Wuilfredo Antunez,CLE,A,21,89,338,384,93,63,17,7,6,47,39,39,1,72,4,3,0,4,11,6,0.275147928,sa3011578
2024,Wuilfredo Antunez,CLE,A,22,80,294,331,75,40,18,9,8,41,54,29,0,72,3,3,0,5,15,9,0.25510204,sa3011578
2021,Luke Berryhill,HOU,A,23,35,118,147,36,17,9,0,10,24,32,20,0,37,7,2,0,1,4,0,0.305084745,sa3011587
2021,Andre Nnebe,MIL,A,23,69,220,252,45,26,12,1,6,32,39,28,0,103,1,3,0,2,14,0,0.204545454,sa3011588
2023,Cristian More,CHC,A,21,17,57,65,10,10,0,0,0,9,4,7,0,17,0,0,1,0,6,2,0.175438596,sa3011589
2022,Mahki Backstrom,ATL,A,20,79,263,324,54,24,15,5,10,48,48,56,0,124,5,0,0,1,8,5,0.205323193,sa3011599
2023,Mahki Backstrom,ATL,A,21,12,39,44,7,4,0,2,1,3,6,4,0,19,1,0,0,0,0,1,0.179487179,sa3011599
2022,Logan Glass,CHW,A,21,62,199,230,37,19,7,3,8,23,16,18,0,96,12,1,0,2,9,1,0.185929648,sa3011614
2023,Logan Glass,CHW,A,22,56,183,206,37,24,7,1,5,28,20,18,0,86,4,0,0,2,7,0,0.202185792,sa3011614
2021,Chase Krogman,CHW,A,20,77,250,311,50,33,7,0,10,30,27,49,0,130,10,2,0,4,4,0,0.2,sa3011615
2022,Chase Krogman,CHW,A,21,17,64,72,11,8,0,2,1,5,8,6,0,23,1,1,0,0,1,0,0.171875,sa3011615
2023,Roilan Machandy,HOU,A,22,25,63,71,11,7,2,0,2,5,4,7,0,27,1,0,0,0,5,3,0.174603174,sa3011667
2022,Erison Placencia,BAL,A,20,21,52,59,7,7,0,0,0,3,2,5,0,31,1,1,0,1,1,1,0.134615384,sa3011669
2023,Erison Placencia,BAL,A,21,33,91,103,21,17,4,0,0,8,9,10,0,35,2,0,0,2,1,2,0.23076923,sa3011669
2023,Mario Fernandez,TBR,A,22,11,36,38,5,4,1,0,0,4,3,1,0,14,0,0,1,0,0,0,0.138888888,sa3011692
2021,Jordan Brewer,HOU,A,23,65,251,297,69,49,12,2,6,49,41,34,1,80,8,3,0,1,21,2,0.274900398,sa3011737
2022,Karson Simas,BOS,A,21,78,279,308,55,40,10,4,1,40,24,25,0,107,3,1,0,2,15,1,0.197132616,sa3011739
2023,Karson Simas,BOS,A,22,34,101,120,24,19,2,3,0,16,11,13,0,28,4,2,0,4,8,4,0.237623762,sa3011739
2022,Shane Sasaki,TBR,A,21,89,346,402,112,73,27,3,9,71,57,49,1,92,4,3,0,4,47,4,0.323699421,sa3011754
2022,Angel Galarraga,TBR,A,19,8,26,31,5,3,2,0,0,3,1,3,0,8,1,0,1,1,0,0,0.192307692,sa3011810
2023,Angel Galarraga,TBR,A,20,24,74,82,10,6,3,0,1,1,3,7,0,29,1,0,0,1,0,0,0.135135135,sa3011810
2022,Willy Vasquez,TBR,A,20,113,449,492,115,75,21,9,10,78,73,36,0,126,3,4,0,7,25,3,0.256124721,sa3011821
2022,Zion Bannister,TEX,A,20,21,49,58,9,8,1,0,0,6,4,8,0,18,0,1,0,0,2,0,0.183673469,sa3011828
2023,Zion Bannister,TEX,A,21,49,160,186,32,22,7,1,2,20,15,18,0,69,6,2,0,5,19,3,0.2,sa3011828
2021,Gabe Holt,MIL,A,23,82,323,395,90,74,14,1,1,70,36,62,1,47,7,3,0,1,17,2,0.27863777,sa3011899
2021,Hudson Haskin,BAL,A,22,57,217,254,60,41,13,1,5,44,33,22,0,60,13,0,2,8,17,5,0.276497695,sa3014449
2022,Isaiah Greene,CLE,A,20,114,371,476,84,58,14,8,4,65,43,97,0,114,6,2,0,6,39,4,0.226415094,sa3014460
2022,Carson Tucker,CLE,A,20,38,117,136,16,9,5,1,1,12,9,18,0,55,1,0,0,3,5,0,0.136752136,sa3014470
2023,Carson Tucker,CLE,A,21,29,95,108,19,15,3,0,1,9,5,11,0,42,2,0,0,0,2,0,0.2,sa3014470
2021,Anthony Servideo,BAL,A,22,20,61,92,15,11,4,0,0,24,7,28,0,26,2,1,0,0,4,0,0.245901639,sa3014472
2022,Anthony Servideo,BAL,A,23,9,31,32,4,3,0,0,1,1,4,1,0,17,0,0,0,2,0,0,0.129032258,sa3014472
2023,Anthony Servideo,BAL,A,24,11,34,48,5,3,1,0,1,10,3,13,1,17,1,0,0,0,0,1,0.147058823,sa3014472
2021,Freddy Zamora,MIL,A,22,70,268,321,77,58,13,1,5,58,40,45,0,57,5,3,0,8,9,5,0.287313432,sa3014500
2021,Jordan Nwogu,CHC,A,22,94,323,373,80,56,12,2,10,48,40,42,1,105,6,1,1,8,16,4,0.247678018,sa3014530
2021,Blaze Jordan,BOS,A,18,9,36,38,9,6,1,0,2,7,7,2,0,8,0,0,0,0,0,0,0.25,sa3014537
2022,Blaze Jordan,BOS,A,19,95,370,415,106,66,29,3,8,48,57,37,0,67,5,3,0,12,4,1,0.286486486,sa3014537
2021,Ed Howard,CHC,A,19,80,302,326,68,52,9,3,4,33,31,18,0,98,4,1,1,4,7,2,0.225165562,sa3014540
2021,Milan Tolentino,CLE,A,19,16,63,70,13,10,2,0,1,6,9,6,0,22,0,0,1,1,0,0,0.206349206,sa3014544
2022,Milan Tolentino,CLE,A,20,47,168,205,56,43,12,0,1,33,26,32,0,44,1,4,0,3,8,1,0.333333333,sa3014544
2021,Zavier Warren,MIL,A,22,53,191,230,48,28,8,2,10,34,30,33,0,49,5,1,0,6,1,0,0.2513089,sa3014549
2022,Juan Chacon,BOS,A,19,8,31,34,4,3,1,0,0,4,1,3,0,13,0,0,0,0,1,0,0.129032258,sa3014676
2023,Juan Chacon,BOS,A,20,57,199,235,48,36,6,6,0,22,18,31,0,52,4,1,0,3,20,10,0.24120603,sa3014676
2025,Kevin Made,WSN,A,22,5,19,21,9,7,2,0,0,3,5,2,0,4,0,0,0,1,0,0,0.47368421,sa3014679
2021,Kevin Made,CHC,A,18,58,235,243,64,47,13,3,1,19,20,6,0,57,2,0,0,7,2,0,0.272340425,sa3014679
2022,Kevin Made,CHC,A,19,57,222,257,59,36,14,0,9,41,30,27,0,49,5,3,0,4,0,1,0.265765765,sa3014679
2023,Dauri Lorenzo,HOU,A,20,72,245,273,55,46,6,0,3,25,22,25,1,58,3,0,0,6,1,1,0.224489795,sa3014685
2022,Erick Pena,KCR,A,19,82,281,326,42,22,10,1,9,25,36,41,1,121,1,2,1,2,6,5,0.149466192,sa3014686
2023,Erick Pena,KCR,A,20,75,240,290,32,14,7,1,10,26,33,47,0,153,1,2,0,2,11,6,0.133333333,sa3014686
2024,Erick Pena,KCR,A,21,108,364,427,64,35,16,3,10,40,43,51,0,171,4,3,5,1,13,3,0.175824175,sa3014686
2021,Hedbert Perez,MIL,A,18,16,65,68,11,8,2,0,1,5,7,1,0,25,2,0,0,1,0,0,0.169230769,sa3014692
2022,Hedbert Perez,MIL,A,19,105,407,441,88,48,23,2,15,53,57,30,0,132,2,2,0,5,9,6,0.216216216,sa3014692
2023,Hedbert Perez,MIL,A,20,63,232,257,50,33,10,1,6,27,29,22,1,68,2,1,0,4,9,3,0.215517241,sa3014692
2022,Reginald Preciado,CHC,A,19,46,166,185,33,23,6,2,2,20,24,10,0,69,5,2,2,3,3,2,0.19879518,sa3014702
2023,Reginald Preciado,CHC,A,20,27,81,90,13,11,1,1,0,8,3,5,0,23,2,1,1,0,3,0,0.160493827,sa3014702
2024,Reginald Preciado,CHC,A,21,89,349,380,80,61,13,2,4,46,32,24,0,109,3,1,3,7,12,4,0.229226361,sa3014702
2023,Ismael Mena,CHC,A,20,56,212,226,50,38,5,4,3,27,16,12,0,54,0,0,2,0,13,5,0.235849056,sa3014703
2024,Ismael Mena,CHC,A,21,28,88,109,21,17,2,1,1,14,7,16,0,19,2,2,1,2,4,2,0.238636363,sa3014703
2023,Jhon Diaz,TBR,A,20,99,340,392,80,49,19,6,6,48,45,42,0,102,3,4,3,6,14,10,0.235294117,sa3014710
2024,Jhon Diaz,TBR,A,21,65,242,269,53,33,7,2,11,34,37,21,0,60,2,4,0,2,23,7,0.219008264,sa3014710
2022,Sammy Infante,WSN,A,21,100,367,417,77,40,19,1,17,59,56,40,0,127,8,2,0,5,15,4,0.209809264,sa3014717
2023,Sammy Infante,WSN,A,22,74,268,317,65,49,13,1,2,39,34,35,0,80,11,2,0,2,24,7,0.242537313,sa3014717
2024,Sammy Infante,WSN,A,23,24,86,97,23,15,6,1,1,13,13,8,0,25,2,1,0,0,7,1,0.26744186,sa3014717
2023,Roismar Quintana,WSN,A,20,92,321,373,82,64,11,3,4,38,41,44,0,104,4,4,0,12,0,0,0.255451713,sa3014718
2024,Roismar Quintana,WSN,A,21,64,220,256,55,40,9,2,4,30,30,31,0,52,3,2,0,6,2,2,0.25,sa3014718
2025,Roismar Quintana,WSN,A,22,58,210,228,49,37,11,0,1,19,20,10,0,45,2,5,1,2,2,0,0.233333333,sa3014718
2021,J.C. Correa,HOU,A,22,56,222,255,68,42,19,2,5,44,32,28,0,30,4,1,0,3,7,7,0.306306306,sa3014823
2022,Scott McKeon,CHC,A,24,15,52,58,11,7,3,1,0,9,5,2,0,18,2,0,2,1,1,0,0.211538461,sa3014826
2021,Micah Pries,CLE,A,23,22,75,91,24,13,7,2,2,17,13,9,1,19,3,2,0,2,6,0,0.32,sa3014830
2021,Zach Cornell,WSN,A,23,18,57,69,10,6,4,0,0,11,4,9,0,13,3,0,0,2,2,1,0.175438596,sa3014835
2021,Gio Diaz,WSN,A,22,7,16,22,2,2,0,0,0,1,1,6,0,4,0,0,0,0,1,0,0.125,sa3014839
2021,Landon Dieterich,WSN,A,23,15,48,52,9,7,1,0,1,7,2,4,0,27,0,0,0,1,1,0,0.1875,sa3014841
2021,Matthew Schmidt,KCR,A,24,49,155,184,21,13,5,0,3,22,16,25,0,87,2,0,2,3,0,1,0.13548387,sa3014877
2021,Noah Campbell,MIL,A,22,100,341,412,92,64,21,2,5,71,53,58,1,94,10,3,0,4,20,3,0.269794721,sa3014878
2021,Cam Shepherd,ATL,A,23,87,272,316,47,37,7,1,2,26,25,37,0,76,3,3,1,1,6,0,0.172794117,sa3014879
2021,Jake Boone,WSN,A,22,63,170,200,39,32,4,3,0,22,23,18,0,55,7,3,2,1,9,2,0.229411764,sa3014881
2021,Matthew Dyer,TBR,A,22,27,107,115,36,21,7,3,5,25,13,6,0,35,2,0,0,2,4,2,0.336448598,sa3014883
2021,Landon Stephens,ATL,A,23,105,364,428,87,47,17,2,21,57,68,55,1,151,7,2,0,1,7,6,0.239010989,sa3014884
2021,J.D. Mundy,BAL,A,23,20,71,89,23,13,6,0,4,15,20,17,0,13,1,0,0,2,1,0,0.323943661,sa3014886
2021,Dylan Harris,BAL,A,24,29,85,117,19,15,3,0,1,12,15,25,0,27,5,2,0,1,2,3,0.223529411,sa3014888
2021,Bryson Horne,ATL,A,22,93,350,382,94,66,17,1,10,40,48,28,0,91,1,3,0,5,2,1,0.268571428,sa3014891
2021,Cody Orr,HOU,A,22,8,20,26,3,2,0,1,0,4,2,5,0,6,0,1,0,0,4,0,0.15,sa3014892
2022,Cody Orr,HOU,A,23,78,261,310,50,40,7,1,2,34,14,37,0,90,10,2,0,2,25,5,0.191570881,sa3014892
2021,Kale Emshoff,KCR,A,23,55,198,234,54,29,14,1,10,29,43,30,1,74,5,1,0,1,0,0,0.272727272,sa3014934
2021,Zach Daniels,HOU,A,22,45,167,197,38,26,5,1,6,29,30,26,0,65,4,0,0,0,14,3,0.22754491,sa3014935
2021,Tucker Bradley,KCR,A,23,8,23,30,8,7,1,0,0,2,3,4,0,3,3,0,0,0,3,1,0.347826086,sa3014937
2021,Paul Witt,WSN,A,23,18,55,65,8,6,2,0,0,6,5,7,0,10,1,2,0,2,0,0,0.145454545,sa3014949
2022,Paul Witt,WSN,A,24,6,15,20,4,1,2,0,1,3,3,3,0,5,2,0,0,0,0,0,0.266666666,sa3014949
2021,Justin Dirden,HOU,A,23,58,202,249,54,25,15,3,11,46,41,40,0,74,6,1,0,2,8,1,0.267326732,sa3014986
2021,AJ Gill,CHW,A,23,33,102,126,20,15,3,0,2,12,10,20,0,45,4,0,0,0,0,0,0.196078431,sa3014988
2021,Jake MacKenzie,BOS,A,22,29,79,95,18,14,2,0,2,12,4,12,0,18,3,1,0,0,1,1,0.227848101,sa3015017
2021,Brandon Bossard,CHW,A,24,22,42,62,7,5,2,0,0,7,1,19,0,21,1,0,0,0,0,0,0.166666666,sa3015050
2021,Jacob Wetzel,CHC,A,21,86,288,342,66,50,5,3,8,49,45,40,1,87,8,0,6,2,7,3,0.229166666,sa3015057
2022,Jacob Wetzel,CHC,A,22,99,336,408,71,46,14,1,10,63,51,60,0,80,9,2,1,6,14,3,0.211309523,sa3015057
2024,Jacob Wetzel,CHC,A,24,81,286,347,73,39,15,11,8,53,39,55,3,77,2,2,1,2,17,2,0.255244755,sa3015057
2021,Jackson Coutts,WSN,A,22,19,65,73,10,7,2,0,1,4,8,6,0,22,1,1,0,0,0,0,0.153846153,sa3015081
2022,Joe Donovan,CLE,A,23,58,185,211,37,20,10,1,6,28,33,18,0,59,6,2,0,6,2,0,0.2,sa3015088
2021,TT Bowens,BAL,A,23,64,236,266,56,30,11,2,13,43,46,24,0,74,5,1,0,4,3,2,0.237288135,sa3015107
2024,Yhoswar Garcia,MIL,A,22,104,350,394,102,87,12,2,1,59,43,31,1,68,4,5,4,3,65,13,0.291428571,sa3015117
2021,Matt Warkentin,CHC,A,24,22,72,82,15,8,2,1,4,12,16,6,0,21,4,0,0,1,0,0,0.208333333,sa3015139
2021,Brady Smith,TEX,A,22,17,38,49,7,6,1,0,0,5,4,9,0,15,1,1,0,0,1,0,0.184210526,sa3015143
2022,Brady Smith,TEX,A,23,11,35,41,7,4,2,0,1,4,7,6,0,18,0,0,0,0,0,0,0.2,sa3015143
2022,Brian Klein,ATL,A,24,41,148,168,33,21,9,1,2,18,17,17,0,45,1,2,0,1,2,1,0.222972972,sa3015164
2022,Ethan Workinger,ATL,A,20,17,63,70,17,9,4,2,2,10,15,6,0,20,0,1,0,1,1,0,0.269841269,sa3015166
2023,Ethan Workinger,ATL,A,21,61,225,258,65,41,10,3,11,41,33,31,0,46,2,0,0,8,5,4,0.288888888,sa3015166
2023,Roger Leyton,KCR,A,20,82,272,309,60,49,8,0,3,27,33,22,0,82,10,4,1,6,11,4,0.220588235,sa3015167
2023,Luis Gonzalez,BAL,A,20,55,165,193,23,15,5,2,1,20,15,25,1,94,3,0,0,4,0,2,0.139393939,sa3015172
2022,Roberto Martinez,BAL,A,19,38,124,140,29,16,11,0,2,11,16,10,0,51,5,1,0,3,1,2,0.233870967,sa3015173
2023,Roberto Martinez,BAL,A,20,7,17,21,3,3,0,0,0,2,0,4,0,9,0,0,0,1,1,0,0.176470588,sa3015173
2022,Wilfred Veras,CHW,A,19,101,394,433,105,67,19,2,17,58,67,27,1,118,6,6,0,14,5,0,0.266497461,sa3015178
2023,Juan Santander,HOU,A,20,11,37,39,11,10,0,0,1,4,6,2,0,7,0,0,0,3,1,0,0.297297297,sa3015180
2024,Juan Santander,HOU,A,21,65,223,252,49,36,6,1,6,23,28,27,1,60,0,2,0,6,8,2,0.219730941,sa3015180
2022,Antonio Barranca,ATL,A,20,18,56,73,7,4,2,0,1,6,7,12,0,26,5,0,0,2,0,0,0.125,sa3015201
2022,Yosy Galan,TEX,A,21,98,345,394,71,35,15,1,20,56,59,39,0,139,8,2,0,2,17,6,0.205797101,sa3015202
2023,Yosy Galan,TEX,A,22,51,179,210,41,19,9,1,12,36,34,25,0,63,4,2,0,1,10,4,0.229050279,sa3015202
2023,Narbe Cruz,HOU,A,22,62,236,260,62,44,14,0,4,22,26,20,0,50,4,0,0,3,2,2,0.262711864,sa3015205
2021,Saul Garza,KCR,A,23,43,153,178,43,26,14,0,3,26,23,17,0,60,8,0,0,1,2,1,0.281045751,sa3015225
2023,Jose Pastrano,CLE,A,20,48,147,176,27,20,5,1,1,25,10,25,0,30,1,1,1,3,2,1,0.183673469,sa3015229
2024,Jose Pastrano,CLE,A,21,61,175,227,33,28,4,0,1,26,20,45,0,51,1,6,0,5,9,5,0.188571428,sa3015229
2022,Luis Durango,CLE,A,19,71,217,261,41,35,4,2,0,37,9,32,0,38,10,0,2,1,20,8,0.188940092,sa3015232
2023,Luis Durango,CLE,A,20,19,55,63,15,14,1,0,0,13,2,7,0,11,1,0,0,1,10,0,0.272727272,sa3015232
2024,Luis Durango,CLE,A,21,41,132,153,33,26,6,1,0,25,14,9,0,30,10,0,2,2,21,1,0.25,sa3015232
2023,Jose Devers,CLE,A,20,111,397,458,100,69,15,5,11,65,66,48,0,92,10,3,0,12,34,11,0.251889168,sa3015292
2022,Miguel Ugueto,BOS,A,19,22,90,97,28,20,7,1,0,11,12,4,0,17,0,3,0,2,3,1,0.311111111,sa3015293
2023,Juan Montero,BOS,A,21,23,73,81,18,11,7,0,0,10,8,6,0,20,2,0,0,0,0,2,0.246575342,sa3015314
2024,Juan Montero,BOS,A,22,34,92,117,19,13,4,1,1,12,8,16,0,30,7,1,0,0,2,1,0.206521739,sa3015314
2022,Jose Garcia,BOS,A,24,32,102,118,22,14,5,0,3,11,14,12,0,38,2,2,0,1,0,0,0.215686274,sa3015337
2023,Blayberg Diaz,MIL,A,20,52,185,195,46,41,4,1,0,17,15,7,0,42,1,2,0,3,1,1,0.248648648,sa3015352
2024,Blayberg Diaz,MIL,A,21,74,229,258,57,43,13,0,1,28,21,19,0,52,8,2,0,4,3,1,0.248908296,sa3015352
2025,Blayberg Diaz,MIL,A,22,12,42,46,13,12,1,0,0,11,7,4,0,3,0,0,0,1,0,1,0.309523809,sa3015352
2022,Jheremy Vargas,MIL,A,19,87,257,314,46,35,8,0,3,47,29,49,0,80,7,1,0,5,9,4,0.178988326,sa3015353
2023,Jheremy Vargas,MIL,A,20,49,157,187,37,26,11,0,0,27,17,28,0,33,2,0,0,5,10,3,0.235668789,sa3015353
2022,Brayan Hernandez,BAL,A,20,37,113,121,20,13,4,0,3,8,8,6,0,45,2,0,0,2,0,0,0.17699115,sa3015354
2023,Brayan Hernandez,BAL,A,21,37,118,134,23,9,6,2,6,17,11,12,0,41,3,0,0,1,0,0,0.194915254,sa3015354
2024,Brayan Hernandez,BAL,A,22,29,70,77,8,6,2,0,0,1,5,5,0,27,1,0,1,0,1,0,0.114285714,sa3015354
2024,Diego Guzman,KCR,A,20,36,121,128,15,8,4,1,2,8,4,6,0,42,0,0,1,4,3,0,0.123966942,sa3015365
2022,Jesus Garcia,MIL,A,19,11,31,36,3,3,0,0,0,4,0,3,0,9,2,0,0,0,1,0,0.096774193,sa3015406
2023,Rolphy Cruz,BAL,A,20,23,79,84,11,7,3,0,1,6,8,5,0,31,0,0,0,0,2,2,0.139240506,sa3015521
2023,Lyonell James,BOS,A,20,92,315,354,75,59,12,1,3,35,45,27,0,44,8,4,0,8,2,4,0.238095238,sa3015524
2023,Ronald Rosario,BOS,A,20,17,56,72,14,7,5,1,1,10,11,12,0,22,2,2,0,0,0,0,0.25,sa3015525
2023,Maick Collado,CLE,A,20,68,244,297,68,54,12,1,1,34,40,41,0,43,0,12,0,8,11,0,0.278688524,sa3015534
2024,Esteban Gonzalez,CLE,A,21,69,265,299,76,47,17,6,6,54,39,18,0,61,10,6,0,2,37,9,0.286792452,sa3015535
2022,Lexer Saduy,CLE,A,19,9,36,41,8,7,1,0,0,7,1,5,0,12,0,0,0,0,0,0,0.222222222,sa3015536
2023,Lexer Saduy,CLE,A,20,80,263,309,58,39,14,2,3,31,35,34,0,90,9,3,0,4,14,5,0.220532319,sa3015536
2024,Lexer Saduy,CLE,A,21,39,113,131,25,21,2,0,2,16,13,12,0,22,4,2,0,2,7,5,0.221238938,sa3015536
2024,Kevin Rivas,CLE,A,21,24,76,89,11,7,3,1,0,10,5,13,0,42,0,0,0,0,1,2,0.144736842,sa3015539
2024,Fernando Caldera,HOU,A,21,24,66,79,9,9,0,0,0,5,6,11,0,26,2,0,0,4,0,1,0.136363636,sa3015547
2023,Luis Encarnacion,HOU,A,20,97,366,402,89,64,15,0,10,40,44,31,0,82,1,4,0,9,7,6,0.243169398,sa3015548
2023,Luis Perez,HOU,A,20,12,41,44,2,2,0,0,0,1,1,2,0,17,1,0,0,0,0,0,0.048780487,sa3015551
2024,Aldrin Lucas,KCR,A,21,21,56,72,8,7,1,0,0,6,7,10,0,22,6,0,0,0,2,1,0.142857142,sa3015554
2025,Aldrin Lucas,KCR,A,22,12,29,36,3,2,0,1,0,2,1,7,0,8,0,0,0,1,0,0,0.103448275,sa3015554
2024,Miguel Briceno,MIL,A,20,94,310,337,86,66,16,1,3,42,45,21,0,43,1,5,0,5,16,7,0.277419354,sa3015566
2023,Alexander Perez,MIL,A,20,21,53,59,8,6,2,0,0,2,5,4,0,17,1,1,0,4,1,0,0.150943396,sa3015572
2023,Victor Gonzalez,BAL,A,20,12,32,36,7,7,0,0,0,2,2,0,0,12,4,0,0,0,0,2,0.21875,sa3015576
2023,Andres Mesa,TEX,A,20,45,136,151,26,17,5,0,4,17,15,13,0,60,1,1,0,0,6,4,0.19117647,sa3015598
2022,Edwin Barragan,TBR,A,18,9,29,34,8,6,1,0,1,3,4,2,0,5,3,0,0,0,1,1,0.275862068,sa3015622
2023,Edwin Barragan,TBR,A,19,24,67,80,14,11,2,0,1,13,7,11,0,21,1,0,1,0,1,0,0.208955223,sa3015622
2023,Willmer De La Cruz,TBR,A,20,6,23,24,5,3,1,1,0,4,0,0,0,10,1,0,0,0,0,0,0.217391304,sa3015624
2024,Willmer De La Cruz,ATL,A,21,27,76,91,14,12,1,1,0,7,7,13,0,32,1,0,0,0,5,2,0.184210526,sa3015624
2023,Odalys Peguero,TBR,A,20,65,215,261,49,31,11,5,2,23,36,40,0,52,2,4,0,2,12,4,0.227906976,sa3015626
2024,Odalys Peguero,TBR,A,21,78,245,294,41,34,7,0,0,25,18,41,0,67,3,1,4,6,25,0,0.167346938,sa3015626
2023,Santiago Millan,TBR,A,20,7,20,21,4,3,1,0,0,2,1,1,0,9,0,0,0,0,1,0,0.2,sa3015628
2022,Miguel Villarroel,TEX,A,20,38,130,149,42,35,6,0,1,22,23,17,0,22,1,0,1,4,8,3,0.323076923,sa3015631
2023,Miguel Villarroel,TEX,A,21,68,260,280,60,43,12,1,4,32,36,12,0,56,4,4,0,7,18,0,0.23076923,sa3015631
2023,Alexis Hernandez,BOS,A,20,42,151,174,38,27,8,0,3,19,21,20,0,38,2,1,0,3,11,1,0.251655629,sa3015642
2022,Johnfrank Salazar,BOS,A,18,19,74,83,19,15,3,1,0,9,8,5,0,17,1,0,3,5,0,0,0.256756756,sa3015643
2023,Johnfrank Salazar,BOS,A,19,34,123,137,28,20,3,0,5,13,17,14,0,22,0,0,0,4,0,2,0.227642276,sa3015643
2023,Layant Tapia,CHW,A,21,17,66,72,6,4,2,0,0,5,2,5,0,28,1,0,0,1,1,2,0.09090909,sa3015652
2024,Jhonny Perdomo,KCR,A,22,83,286,321,57,42,10,4,1,36,33,24,2,64,5,2,4,7,32,5,0.199300699,sa3015656
2024,Kelvin Diaz,WSN,A,21,10,34,38,9,6,2,0,1,8,7,2,0,14,0,1,1,0,1,1,0.264705882,sa3015670
2025,Kelvin Diaz,WSN,A,22,35,83,102,15,10,3,1,1,15,3,15,0,33,1,1,2,2,8,3,0.180722891,sa3015670
2025,Beycker Barroso,TEX,A,22,49,155,198,30,22,8,0,0,21,14,17,0,35,17,3,5,4,8,3,0.193548387,sa3015672
2024,Beycker Barroso,TEX,A,21,39,131,156,30,20,5,1,4,14,17,14,0,40,9,1,1,0,6,4,0.229007633,sa3015672
2022,Frank Hernandez,CHC,A,20,16,45,55,4,4,0,0,0,4,2,7,0,12,2,0,1,2,1,0,0.088888888,sa3015678
2024,Frank Hernandez,CHC,A,22,38,136,153,33,31,2,0,0,12,9,13,0,37,2,0,2,3,4,2,0.242647058,sa3015678
2024,Alvaro Aguero,CHW,A,21,14,46,48,15,11,3,0,1,9,7,2,0,15,0,0,0,0,4,0,0.326086956,sa3015679
2024,Anderson Suriel,CHC,A,21,17,49,57,12,8,3,0,1,7,6,4,0,17,4,0,0,0,0,1,0.244897959,sa3015683
2025,Anderson Suriel,CHC,A,22,28,98,109,13,7,6,0,0,11,2,7,0,31,4,0,0,4,2,1,0.132653061,sa3015683
2024,Dilan Granadillo,CHC,A,23,11,30,39,5,5,0,0,0,5,2,8,0,8,0,0,1,0,0,0,0.166666666,sa3015686
2025,Dilan Granadillo,CHC,A,24,47,147,171,28,21,6,0,1,14,12,19,0,56,3,2,0,0,0,0,0.19047619,sa3015686
2023,Javier Mora,CHW,A,20,19,64,70,13,12,1,0,0,8,5,5,0,26,0,1,0,0,0,0,0.203125,sa3015692
2024,Javier Mora,CHW,A,21,27,78,96,10,6,4,0,0,14,4,15,0,30,2,1,0,3,1,0,0.128205128,sa3015692
2024,Arxy Hernandez,CHW,A,20,108,403,457,96,66,19,7,4,58,51,37,0,115,10,7,0,8,4,0,0.238213399,sa3015693
2025,Arxy Hernandez,CHW,A,21,37,125,151,28,22,3,1,2,18,15,23,0,33,3,0,0,4,5,2,0.224,sa3015693
2026,Arxy Hernandez,CHW,A,22,31,114,123,27,20,5,0,2,8,18,6,0,29,1,2,0,2,0,0,0.236842105,sa3015693
2023,Armando Cruz,WSN,A,19,90,331,372,63,50,9,1,3,44,33,31,0,67,4,2,4,7,7,7,0.190332326,sa3015695
2024,Armando Cruz,WSN,A,20,77,286,315,64,54,9,0,1,32,18,17,0,39,2,5,5,3,18,5,0.223776223,sa3015695
2023,Cristian Hernandez,CHC,A,19,106,385,431,86,67,12,3,4,46,40,39,0,118,5,2,0,9,27,5,0.223376623,sa3015696
2024,Cristian Hernandez,CHC,A,20,95,350,414,94,60,25,4,5,56,50,60,2,95,4,0,0,8,37,5,0.268571428,sa3015696
2022,Angel Genao,CLE,A,18,8,28,33,5,4,1,0,0,3,3,4,0,5,1,0,0,0,0,1,0.178571428,sa3015706
2023,Angel Genao,CLE,A,19,72,278,316,73,48,20,1,4,44,32,34,0,49,2,2,0,2,6,3,0.262589928,sa3015706
2024,Angel Genao,CLE,A,20,44,179,196,61,38,14,3,6,31,39,14,1,28,0,3,0,5,12,3,0.340782122,sa3015706
2024,Fran Alduey,CLE,A,20,47,153,168,30,22,5,3,0,20,13,11,0,54,2,0,1,2,12,5,0.196078431,sa3015707
2024,Maikol Hernandez,BAL,A,20,62,201,235,36,28,5,1,2,26,19,27,0,60,3,3,1,1,10,1,0.179104477,sa3015712
2025,Maikol Hernandez,BAL,A,21,70,214,268,37,27,7,1,2,20,20,41,0,76,4,4,5,3,5,3,0.172897196,sa3015712
2022,Yeison Morrobel,TEX,A,18,8,26,29,6,5,1,0,0,3,3,3,0,6,0,0,0,1,2,1,0.23076923,sa3015720
2023,Yeison Morrobel,TEX,A,19,37,128,151,35,32,2,0,1,16,13,22,0,34,1,0,0,1,12,3,0.2734375,sa3015720
2023,Danyer Cueva,TEX,A,19,101,380,411,86,63,15,4,4,45,44,21,0,137,5,5,0,7,9,4,0.226315789,sa3015725
2024,Danyer Cueva,TEX,A,20,34,130,140,23,19,3,0,1,14,14,7,0,42,0,3,0,2,6,0,0.176923076,sa3015725
2022,Hendry Mendez,MIL,A,18,105,377,446,92,75,11,1,5,47,39,62,0,70,5,2,0,8,7,8,0.24403183,sa3015727
2023,Leonel Espinoza,CHC,A,20,13,47,52,6,5,1,0,0,6,4,2,0,15,2,0,1,5,2,1,0.127659574,sa3015735
2024,Leonel Espinoza,CHC,A,21,59,215,257,56,35,11,5,5,38,20,30,0,60,11,0,1,2,10,4,0.260465116,sa3015735
2025,Leonel Espinoza,CHC,A,22,93,370,408,100,77,15,2,6,60,54,31,1,90,4,3,0,7,21,8,0.27027027,sa3015735
2024,Kevin Guerrero,BAL,A,20,76,244,264,50,35,10,3,2,24,20,17,0,85,1,2,0,3,7,6,0.204918032,sa3015737
2025,Kevin Guerrero,BAL,A,21,72,242,276,57,43,11,1,2,27,29,30,0,81,1,1,2,1,6,9,0.23553719,sa3015737
2025,Yasmil Bucce,BAL,A,20,81,271,339,69,45,13,3,8,43,50,62,1,82,5,1,0,7,2,1,0.254612546,sa3015739
2024,Aneudis Mordan,BAL,A,20,86,295,341,65,41,11,0,13,31,37,43,0,91,2,0,1,5,5,8,0.220338983,sa3015741
2023,Angel Tejada,BAL,A,19,85,265,292,66,44,17,1,4,39,26,16,0,65,10,1,0,5,6,5,0.249056603,sa3015744
2024,Angel Tejada,BAL,A,20,55,186,200,47,32,10,2,3,18,27,7,1,35,3,3,1,7,27,4,0.252688172,sa3015744
2023,Anderson De Los Santos,BAL,A,19,104,378,419,86,58,20,2,6,42,47,31,0,104,3,5,0,12,10,10,0.227513227,sa3015747
2024,Anderson De Los Santos,BAL,A,20,82,292,339,60,41,7,4,8,36,42,40,0,106,4,2,1,5,13,9,0.205479452,sa3015747
2025,Enmanuel Ramirez,WSN,A,21,9,23,26,4,3,0,1,0,1,5,1,0,5,0,2,0,2,0,1,0.173913043,sa3015763
2023,Yamal Encarnacion,HOU,A,19,9,30,34,5,4,1,0,0,2,2,3,0,9,0,1,0,0,0,0,0.166666666,sa3015781
2024,Yamal Encarnacion,HOU,A,20,61,233,268,61,49,8,1,3,46,21,31,0,40,1,1,2,3,29,5,0.261802575,sa3015781
2025,Carlos Gutierrez,CLE,A,21,15,44,48,11,8,3,0,0,8,7,3,0,9,0,1,0,0,2,2,0.25,sa3015783
2023,Manuel Mejias,CLE,A,19,30,116,129,20,15,5,0,0,7,22,10,0,27,1,2,0,6,0,0,0.172413793,sa3015785
2024,Manuel Mejias,CLE,A,20,77,266,307,57,43,13,0,1,23,23,36,0,63,2,3,0,2,3,0,0.214285714,sa3015785
2025,Christopher Espinola,CLE,A,21,47,149,183,25,17,6,1,1,20,19,28,0,32,3,3,0,2,9,1,0.167785234,sa3015786
2023,Gregory Barrios,MIL,A,19,106,410,445,95,71,20,3,1,52,37,24,0,60,7,4,0,1,32,8,0.231707317,sa3015800
2022,Luis Castillo,MIL,A,18,28,100,113,25,20,2,0,3,15,12,11,0,25,2,0,0,4,4,2,0.25,sa3015801
2023,Luis Castillo,MIL,A,19,40,146,166,33,25,5,0,3,14,21,16,0,46,2,2,0,1,1,1,0.226027397,sa3015801
2024,Luis Castillo,MIL,A,20,115,396,462,82,47,16,1,18,65,75,58,1,118,3,5,0,8,4,1,0.207070707,sa3015801
2022,Jadher Areinamo,MIL,A,18,28,97,110,29,27,2,0,0,16,11,9,0,14,3,1,0,2,2,1,0.298969072,sa3015802
2023,Jadher Areinamo,MIL,A,19,103,396,420,121,90,26,1,4,52,52,17,0,52,2,5,0,16,16,5,0.305555555,sa3015802
2022,Gleider Figuereo,TEX,A,18,6,24,26,5,5,0,0,0,0,1,2,0,8,0,0,0,0,0,0,0.208333333,sa3015813
2023,Gleider Figuereo,TEX,A,19,107,396,450,87,64,14,0,9,51,51,42,0,132,6,6,0,7,8,3,0.219696969,sa3015813
2024,Gleider Figuereo,TEX,A,20,63,230,269,56,31,9,4,12,44,32,35,0,74,2,2,0,2,1,0,0.24347826,sa3015813
2024,Derlin Figueroa,KCR,A,20,118,431,492,96,64,16,3,13,54,56,49,1,108,3,5,2,2,15,7,0.222737819,sa3015851
2025,Derlin Figueroa,KCR,A,21,63,231,269,62,44,11,3,4,38,31,30,2,40,2,3,2,2,11,2,0.268398268,sa3015851
2024,Gabriel Silva,KCR,A,20,27,87,98,16,9,4,1,2,13,7,9,0,45,0,1,1,0,0,1,0.183908045,sa3015865
2025,Gabriel Silva,KCR,A,21,26,68,77,14,8,2,0,4,8,9,5,0,30,3,0,1,0,0,0,0.205882352,sa3015865
2022,Leosdany Molina,HOU,A,22,116,457,501,98,74,16,2,6,54,37,32,0,113,9,3,0,11,22,5,0.214442013,sa3015874
2023,Leosdany Molina,HOU,A,23,96,289,319,61,51,4,0,6,36,30,23,0,69,3,4,0,7,17,3,0.211072664,sa3015874
2022,Luis Valdez,BAL,A,22,95,377,424,102,83,13,4,2,71,20,39,0,95,6,2,0,4,59,14,0.270557029,sa3016076
2023,Luis Valdez,BAL,A,23,6,24,25,8,7,1,0,0,4,1,1,0,8,0,0,0,0,4,1,0.333333333,sa3016076
2024,Luis Valdez,BAL,A,24,10,26,32,8,6,1,1,0,6,3,6,0,6,0,0,0,0,8,1,0.307692307,sa3016076
2022,Allan Castro,BOS,A,19,10,32,38,6,3,1,2,0,7,4,6,0,11,0,0,0,0,0,0,0.1875,sa3016084
2023,Allan Castro,BOS,A,20,69,251,306,62,37,20,2,3,39,29,51,0,54,2,2,0,4,15,5,0.247011952,sa3016084
2022,Yeudi Advincola,KCR,A,20,15,44,52,8,5,1,2,0,6,2,3,0,18,2,0,3,0,4,3,0.181818181,sa3016091
2022,Lizandro Rodriguez,KCR,A,19,18,62,72,18,12,4,1,1,13,5,8,1,11,2,0,0,1,1,1,0.29032258,sa3016094
2023,Lizandro Rodriguez,KCR,A,20,118,426,486,100,71,17,5,7,64,44,49,0,108,9,2,0,8,18,11,0.234741784,sa3016094
2024,Lizandro Rodriguez,KCR,A,21,61,204,238,48,34,8,3,3,28,22,24,0,46,3,2,5,3,18,5,0.235294117,sa3016094
2024,Kelvin Diaz,BOS,A,21,29,103,109,22,12,8,1,1,16,7,6,0,41,0,0,0,1,8,2,0.213592233,sa3016122
2025,Kelvin Diaz,BOS,A,22,36,108,121,19,11,4,0,4,17,16,10,0,32,1,1,0,0,9,4,0.175925925,sa3016122
2023,Wilmer Hernandez,CLE,A,20,8,24,28,5,4,1,0,0,1,2,3,0,9,1,0,0,1,0,0,0.208333333,sa3016124
2022,Daniel Vazquez,KCR,A,18,77,293,327,57,47,10,0,0,25,31,28,0,86,0,4,2,6,10,5,0.194539249,sa3016143
2023,Daniel Vazquez,KCR,A,19,113,400,471,89,70,15,1,3,57,43,62,1,107,3,2,4,4,32,10,0.2225,sa3016143
2024,Daniel Vazquez,KCR,A,20,74,277,325,70,60,10,0,0,33,20,43,0,72,1,2,2,8,12,5,0.252707581,sa3016143
2023,Enderso Lira,BOS,A,19,62,223,238,53,44,8,0,1,18,26,11,0,50,0,4,0,4,0,2,0.237668161,sa3016145
2024,Jose Perez,TBR,A,20,26,65,85,15,13,2,0,0,7,6,18,0,14,1,0,1,1,2,1,0.23076923,sa3016162
2025,Jose Perez,TBR,A,21,61,166,208,29,23,4,1,1,19,16,35,0,30,5,0,2,6,2,0,0.174698795,sa3016162
2024,Karim Ayubi,BOS,A,20,14,49,60,11,9,2,0,0,5,5,8,0,21,3,0,0,0,2,1,0.224489795,sa3016170
2025,Karim Ayubi,BOS,A,21,50,161,181,37,26,9,2,0,23,10,16,0,64,4,0,0,1,2,3,0.229813664,sa3016170
2022,Luis Ravelo,BOS,A,18,7,25,28,6,4,1,0,1,4,6,2,0,8,1,0,0,1,0,0,0.24,sa3016171
2023,Luis Ravelo,BOS,A,19,108,383,444,83,62,15,0,6,48,47,51,0,126,4,6,0,5,6,6,0.216710182,sa3016171
2022,Ahbram Liendo,BOS,A,18,6,18,22,6,6,0,0,0,6,4,3,0,1,0,1,0,0,0,0,0.333333333,sa3016173
2023,Ahbram Liendo,BOS,A,19,71,224,276,46,31,10,3,2,43,20,45,0,86,6,0,1,2,30,6,0.205357142,sa3016173
2024,Diego Viloria,BOS,A,21,11,33,36,5,5,0,0,0,3,3,1,0,4,1,0,0,0,0,0,0.151515151,sa3016299
2025,Edgardo Ordonez,MIL,A,21,25,64,83,9,6,2,0,1,8,8,17,0,26,1,1,0,1,0,0,0.140625,sa3016553
2023,Albertson Asigen,BOS,A,21,42,129,156,41,32,5,2,2,22,12,24,0,42,3,0,0,1,13,3,0.317829457,sa3016639
2024,Albertson Asigen,CHW,A,22,69,244,288,56,42,8,1,5,44,35,35,0,74,8,1,0,5,22,5,0.229508196,sa3016639
2023,Robert Lopez,CLE,A,19,67,243,273,59,39,13,1,6,27,41,27,0,61,1,2,0,7,1,0,0.242798353,sa3016641
2024,Robert Lopez,CLE,A,20,53,179,209,44,34,7,0,3,23,24,29,1,53,1,0,0,3,3,0,0.245810055,sa3016641
2025,Robert Lopez,CLE,A,21,48,167,195,33,24,8,0,1,20,22,25,0,44,2,1,0,2,2,1,0.19760479,sa3016641
2024,Wally Soto,CHC,A,21,15,46,58,7,4,2,0,1,6,7,11,0,15,0,0,1,0,0,0,0.152173913,sa3016642
2025,Elio Campos,ATL,A,21,26,90,99,19,16,1,1,1,13,10,6,0,10,1,2,0,5,8,0,0.211111111,sa3016645
2022,Frederick Bencosme,BAL,A,19,59,220,250,74,61,8,2,3,29,29,27,0,31,1,1,1,4,8,5,0.336363636,sa3016779
2023,Miguel Bleis,BOS,A,19,31,126,142,29,22,3,3,1,18,16,10,0,38,1,5,0,0,11,4,0.23015873,sa3016834
2024,Miguel Bleis,BOS,A,20,43,171,195,44,29,10,1,4,24,22,21,0,38,3,0,0,2,16,7,0.257309941,sa3016834
2023,Raudelis Martinez,TBR,A,21,33,105,129,22,18,2,0,2,14,18,17,0,18,3,4,0,2,3,1,0.209523809,sa3016835
2024,Raudelis Martinez,TBR,A,22,77,263,303,59,42,11,3,3,36,39,27,0,43,4,8,1,4,10,1,0.2243346,sa3016835
2021,Tyler McDonough,BOS,A,22,27,108,126,32,21,4,4,3,23,14,17,0,24,1,0,0,0,3,1,0.296296296,sa3016869
2024,Marco Soto,TEX,A,20,14,42,46,6,6,0,0,0,4,1,4,0,17,0,0,0,0,1,0,0.142857142,sa3016872
2021,Logan Michaels,BAL,A,22,15,56,61,13,13,0,0,0,9,5,3,0,11,1,1,0,3,2,0,0.232142857,sa3016917
2022,Abimelec Ortiz,TEX,A,20,93,292,331,66,45,8,2,11,37,39,32,0,93,4,3,0,2,6,7,0.226027397,sa3016926
2023,Abimelec Ortiz,TEX,A,21,29,101,121,31,16,7,1,7,19,20,16,0,36,0,3,1,0,0,1,0.306930693,sa3016926
2021,Tyler Tolve,ATL,A,20,23,85,92,25,18,3,2,2,12,10,6,0,28,1,0,0,0,2,0,0.294117647,sa3016960
2021,Jacob Teter,BAL,A,22,24,95,112,30,17,10,0,3,17,20,16,0,26,1,0,0,1,0,0,0.315789473,sa3017016
2025,Eric Martinez,MIL,A,21,9,31,34,11,6,2,1,2,5,7,0,0,10,2,1,0,0,0,0,0.354838709,sa3017023
2026,Eric Martinez,MIL,A,22,6,19,22,3,2,1,0,0,1,0,3,0,9,0,0,0,1,1,0,0.157894736,sa3017023
2021,Adam Hackenberg,CHW,A,21,21,81,86,28,22,4,1,1,8,11,4,0,16,1,0,0,2,0,0,0.345679012,sa3017041
2021,Alex Binelas,MIL,A,21,29,118,132,37,17,11,0,9,29,27,12,0,33,1,1,0,5,0,0,0.313559322,sa3017044
2021,Wes Clarke,MIL,A,21,21,68,95,14,7,3,0,4,13,19,21,0,21,4,2,0,2,0,1,0.205882352,sa3017045
2021,Zack Raabe,MIL,A,21,17,55,68,14,14,0,0,0,12,6,11,0,17,1,1,0,1,0,1,0.254545454,sa3017046
2022,Zack Raabe,MIL,A,22,76,250,308,57,43,14,0,0,39,26,51,0,53,4,3,0,5,7,0,0.228,sa3017046
2021,Michael Sandle,HOU,A,22,35,143,157,41,21,10,4,6,30,22,10,0,36,4,0,0,3,9,1,0.286713286,sa3017048
2021,Ethan Murray,MIL,A,21,28,112,132,26,18,3,2,3,19,14,17,0,29,2,1,0,3,3,1,0.232142857,sa3017051
2021,Kobe Kato,HOU,A,22,32,91,116,22,17,3,0,2,15,14,24,0,16,1,0,0,2,3,3,0.241758241,sa3017052
2023,Kobe Kato,HOU,A,24,6,12,20,8,6,2,0,0,7,1,7,0,0,1,0,0,1,3,1,0.666666666,sa3017052
2021,Christian Robinson,ATL,A,21,35,130,138,34,27,4,2,1,13,22,7,0,40,1,0,0,1,3,1,0.261538461,sa3017074
2021,Justin Williams,HOU,A,21,36,127,145,27,15,7,0,5,18,16,15,0,51,3,0,0,1,4,4,0.212598425,sa3017076
2022,Justin Williams,HOU,A,22,43,160,181,39,28,8,0,3,20,20,17,0,55,2,2,0,4,0,1,0.24375,sa3017076
2023,Justin Williams,HOU,A,23,6,23,28,8,4,2,2,0,5,3,5,0,4,0,0,0,1,0,0,0.347826086,sa3017076
2021,Cal Conley,ATL,A,21,35,140,161,30,22,5,1,2,21,9,14,0,33,5,2,0,2,8,3,0.214285714,sa3017080
2022,Cal Conley,ATL,A,22,75,309,349,76,50,10,6,10,62,40,25,0,59,5,6,4,4,23,7,0.245954692,sa3017080
2021,Tyler Miller,BOS,A,21,9,39,43,14,9,2,1,2,9,8,4,0,10,0,0,0,0,1,1,0.358974358,sa3017109
2022,Tyler Miller,BOS,A,22,114,430,480,94,70,10,1,13,61,59,37,0,130,6,6,1,4,22,2,0.218604651,sa3017109
2021,Peyton Wilson,KCR,A,21,11,39,46,9,5,3,1,0,6,1,4,0,10,2,1,0,0,5,0,0.23076923,sa3017110
2021,Dillan Shrum,KCR,A,23,9,31,35,6,5,0,0,1,3,2,3,0,13,1,0,0,2,0,0,0.193548387,sa3017111
2022,Phillip Sikes,BOS,A,23,50,159,195,41,14,18,4,5,36,28,28,0,55,7,1,0,1,12,1,0.257861635,sa3017113
2021,Shawn Goosenberg,CHW,A,21,23,80,97,17,10,5,1,1,11,5,14,0,33,3,0,0,1,4,1,0.2125,sa3017116
2022,Dayton Dooney,KCR,A,22,42,149,172,22,13,3,1,5,17,16,21,0,59,1,1,0,2,1,2,0.147651006,sa3017117
2022,River Town,KCR,A,22,81,282,356,70,37,18,3,12,47,45,52,0,64,14,4,4,5,18,3,0.24822695,sa3017118
2026,Geuri Lubo,CHC,A,22,7,25,25,6,1,3,0,2,3,8,0,0,9,0,0,0,0,0,0,0.24,sa3017122
2021,Donta' Williams,BAL,A,22,21,77,99,22,17,4,1,0,25,9,20,1,16,1,1,0,0,5,1,0.285714285,sa3017152
2021,Connor Pavolony,BAL,A,21,18,55,74,9,5,3,0,1,10,13,18,0,17,0,1,0,2,2,0,0.163636363,sa3017156
2021,John Rhodes,BAL,A,20,23,94,105,25,19,4,0,2,20,18,9,0,16,2,0,0,0,6,0,0.265957446,sa3017162
2023,Juan Gonzalez,CHW,A,22,34,108,131,28,21,5,0,2,20,8,15,0,32,7,1,0,2,5,0,0.259259259,sa3017166
2024,Juan Gonzalez,CHW,A,23,25,80,95,15,13,2,0,0,6,8,11,0,29,3,1,0,1,1,2,0.1875,sa3017166
2022,Cameron Cauley,TEX,A,19,76,287,331,60,44,11,3,2,36,21,38,1,91,3,2,1,4,38,5,0.209059233,sa3017167
2023,Cameron Cauley,TEX,A,20,66,242,275,59,37,12,3,7,43,35,30,0,89,2,1,0,1,22,3,0.243801652,sa3017167
2023,Tyler Collins,ATL,A,20,91,298,344,60,45,14,1,0,38,46,38,1,85,1,6,1,6,33,9,0.201342281,sa3017168
2022,Ian Moller,TEX,A,19,60,184,235,37,26,6,0,5,29,22,47,0,63,2,2,0,4,18,2,0.201086956,sa3017171
2023,Ian Moller,TEX,A,20,95,326,394,62,42,12,2,6,40,34,63,0,112,3,2,0,6,8,1,0.190184049,sa3017171
2022,Wes Kath,CHW,A,19,99,383,449,91,57,20,1,13,56,42,60,0,148,3,3,0,6,2,0,0.237597911,sa3017172
2021,Collin Burns,BAL,A,21,19,68,80,19,17,2,0,0,14,10,8,0,15,2,2,0,0,4,2,0.279411764,sa3017176
2022,JoJo Blackmon,TEX,A,19,16,50,57,8,4,0,3,1,11,9,6,0,22,0,0,1,0,2,1,0.16,sa3017177
2023,JoJo Blackmon,TEX,A,20,99,332,388,68,41,13,6,8,44,41,48,1,146,6,0,2,1,29,14,0.204819277,sa3017177
2024,JoJo Blackmon,TEX,A,21,43,145,164,24,16,4,0,4,16,15,16,0,71,1,2,0,2,6,2,0.165517241,sa3017177
2021,Reed Trimble,BAL,A,21,16,65,76,11,10,1,0,0,11,6,9,0,21,1,1,0,1,1,0,0.169230769,sa3017180
2022,Reed Trimble,BAL,A,22,31,117,133,34,26,6,0,2,19,18,13,0,28,0,3,0,1,2,0,0.29059829,sa3017180
2024,Reed Trimble,BAL,A,24,5,18,20,5,4,1,0,0,3,2,1,0,5,0,1,0,0,3,0,0.277777777,sa3017180
2022,Trendon Craig,BAL,A,21,59,206,251,54,43,6,3,2,34,33,35,1,72,6,0,0,3,8,7,0.262135922,sa3017181
2023,Trendon Craig,BAL,A,22,39,139,168,42,28,10,1,3,21,21,21,0,36,3,3,0,1,18,3,0.302158273,sa3017181
2021,Quincy Hamilton,HOU,A,23,33,115,142,30,23,5,0,2,18,20,18,0,28,4,5,0,0,9,2,0.260869565,sa3017215
2022,Quincy Hamilton,HOU,A,24,36,134,160,39,25,8,0,6,22,19,20,0,27,5,1,0,2,8,0,0.291044776,sa3017215
2023,Juan Benjamin,CLE,A,20,98,358,413,97,77,16,1,3,53,44,49,0,81,3,2,1,4,24,10,0.27094972,sa3017217
2024,Juan Benjamin,CLE,A,21,96,346,383,87,66,17,2,2,40,52,29,0,85,4,3,1,10,24,3,0.251445086,sa3017217
2022,Ryan Higgins,BAL,A,22,45,153,177,31,19,8,2,2,25,18,21,0,52,3,0,0,1,4,2,0.202614379,sa3017220
2023,Ryan Higgins,BAL,A,23,5,18,21,4,0,4,0,0,2,4,2,0,8,1,0,0,0,0,0,0.222222222,sa3017220
2021,Adam Zebrowski,ATL,A,20,11,38,43,8,6,2,0,0,1,4,3,0,12,2,0,0,0,0,0,0.210526315,sa3017221
2022,Adam Zebrowski,ATL,A,21,75,265,326,63,36,15,2,10,51,53,54,0,74,4,3,0,7,3,0,0.237735849,sa3017221
2022,BJ Murray,CHC,A,22,39,128,161,39,25,11,0,3,31,25,26,0,31,6,1,0,0,0,0,0.3046875,sa3017287
2022,Liam Spence,CHC,A,24,41,120,149,25,19,3,0,3,23,21,23,0,34,1,3,2,2,3,0,0.208333333,sa3017289
2021,Peter Matt,CHC,A,23,16,54,62,10,8,2,0,0,3,4,8,0,16,0,0,0,0,2,0,0.185185185,sa3017291
2022,Peter Matt,CHC,A,24,20,74,83,17,13,2,0,2,8,11,7,0,23,0,2,0,1,0,0,0.229729729,sa3017291
2022,James Triantos,CHC,A,19,113,456,504,124,92,19,6,7,74,50,39,0,81,6,3,0,16,20,3,0.271929824,sa3017295
2022,Kier Meredith,BOS,A,22,65,185,234,49,41,6,1,1,35,22,35,0,35,13,1,0,1,25,0,0.264864864,sa3017325
2022,Dru Baker,TBR,A,22,25,97,115,35,28,2,2,3,20,23,16,0,21,2,0,0,1,17,3,0.360824742,sa3017331
2022,Terrell Tatum,CHW,A,22,10,25,36,8,6,2,0,0,6,1,11,0,11,0,0,0,0,6,1,0.32,sa3017338
2022,Daniel McElveny,BOS,A,19,22,72,98,12,6,6,0,0,13,10,21,0,29,2,3,0,1,0,1,0.166666666,sa3017340
2023,Daniel McElveny,BOS,A,20,7,24,27,5,3,1,0,1,6,3,1,0,8,2,0,0,0,0,0,0.208333333,sa3017340
2024,Daniel McElveny,BOS,A,21,55,173,214,31,25,4,1,1,23,12,35,0,56,6,0,0,2,3,2,0.179190751,sa3017340
2022,Tyler Whitaker,HOU,A,19,122,460,515,86,53,19,3,11,48,54,41,0,180,10,4,0,11,16,4,0.186956521,sa3017376
2023,Tyler Whitaker,HOU,A,20,57,199,249,47,37,6,1,3,30,24,38,0,71,9,3,0,6,14,4,0.236180904,sa3017376
2021,Luca Tresh,KCR,A,21,10,35,39,5,4,1,0,0,0,5,4,0,11,0,0,0,0,0,0,0.142857142,sa3017394
2022,Nathan Hickey,BOS,A,22,41,140,182,38,19,12,0,7,31,39,39,1,39,1,2,0,3,0,1,0.271428571,sa3017398
2024,Ryan Cepero,KCR,A,21,12,33,38,4,4,0,0,0,2,0,3,0,15,1,0,1,0,2,0,0.121212121,sa3017404
2023,Brennon McNair,KCR,A,20,70,215,256,41,28,6,5,2,24,15,35,0,98,4,1,1,4,19,2,0.190697674,sa3017405
2024,Brennon McNair,KCR,A,21,87,269,320,52,27,15,2,8,39,31,39,0,107,6,2,4,1,9,6,0.19330855,sa3017405
2025,Brennon McNair,KCR,A,22,100,322,368,63,35,16,3,9,41,37,36,0,106,7,1,2,6,12,3,0.195652173,sa3017405
2021,Jayson Gonzalez,CHW,A,22,15,49,56,7,6,1,0,0,4,4,5,0,25,2,0,0,0,0,0,0.142857142,sa3017425
2022,Jayson Gonzalez,CHW,A,23,13,48,52,6,5,1,0,0,3,5,4,0,32,0,0,0,1,0,0,0.125,sa3017425
2023,Carlos Colmenarez,TBR,A,19,83,283,346,57,41,9,1,6,42,28,52,0,132,10,1,0,4,10,11,0.201413427,sa3017480
2024,Carlos Colmenarez,TBR,A,20,94,297,368,60,49,7,3,1,35,42,54,0,108,9,5,1,1,15,8,0.202020202,sa3017480
2021,Casey Opitz,CHC,A,22,16,49,60,12,11,1,0,0,9,3,10,0,11,0,0,1,1,0,0,0.244897959,sa3017509
2021,Christian Franklin,CHC,A,21,20,65,87,13,9,3,0,1,13,5,17,0,23,5,0,0,1,1,4,0.2,sa3017510
2023,Christian Franklin,CHC,A,23,11,42,51,10,5,3,1,1,8,7,5,0,14,4,0,0,4,4,0,0.238095238,sa3017510
2022,Tucker Mitchell,TEX,A,21,43,135,163,25,16,4,1,4,16,17,20,0,52,8,0,0,4,8,2,0.185185185,sa3017511
2023,Tucker Mitchell,TEX,A,22,24,80,100,27,19,6,0,2,18,15,12,0,23,7,1,0,1,3,1,0.3375,sa3017511
2021,Steven Williams,WSN,A,22,7,25,29,4,4,0,0,0,3,3,3,0,7,1,0,0,0,0,0,0.16,sa3017553
2022,Steven Williams,WSN,A,23,50,172,207,41,32,7,0,2,24,22,32,1,44,2,1,0,4,2,0,0.238372093,sa3017553
2022,Will Frizzell,WSN,A,23,34,138,155,52,30,11,0,11,28,44,13,0,35,1,3,0,1,0,0,0.376811594,sa3017555
2021,Jaden Fein,WSN,A,20,22,73,82,11,7,3,0,1,7,4,5,0,28,3,1,0,1,1,1,0.150684931,sa3017557
2021,Branden Boissiere,WSN,A,21,25,85,98,17,11,5,0,1,9,12,10,0,25,2,0,0,1,1,0,0.2,sa3017558
2022,Branden Boissiere,WSN,A,22,100,361,435,89,68,14,2,5,57,64,66,0,109,4,4,0,3,3,0,0.246537396,sa3017558
2023,Branden Boissiere,WSN,A,23,57,176,212,40,25,9,1,5,25,29,31,0,41,1,4,0,2,2,0,0.227272727,sa3017558
2022,Creed Willems,BAL,A,19,68,221,246,42,25,9,4,4,21,23,14,0,68,9,2,0,5,0,0,0.190045248,sa3017562
2023,Creed Willems,BAL,A,20,30,96,120,29,15,6,0,8,20,28,20,0,29,4,0,0,2,2,0,0.302083333,sa3017562
2022,Jake Sullivan,WSN,A,24,20,48,57,10,9,1,0,0,7,3,7,0,12,0,0,2,2,0,0,0.208333333,sa3017604
2023,Kay-Lan Nicasia,MIL,A,21,90,287,342,62,39,13,4,6,53,37,47,0,105,3,5,0,6,27,7,0.216027874,sa3017629
2024,Kay-Lan Nicasia,MIL,A,22,29,97,112,22,11,6,1,4,15,12,12,0,31,1,2,0,2,10,1,0.226804123,sa3017629
2022,Logan Cerny,HOU,A,22,86,316,372,80,45,16,4,15,59,54,47,0,110,7,2,0,1,35,7,0.253164556,sa3017661
2022,Kenny Piper,TBR,A,23,44,141,177,29,18,5,1,5,23,21,31,0,40,3,1,1,2,6,1,0.205673758,sa3017664
2021,Aaron Zavala,TEX,A,21,15,53,67,16,11,4,0,1,13,7,10,0,13,3,1,0,0,7,0,0.301886792,sa3017665
2025,Moises Gallardo,WSN,A,22,25,91,95,15,14,0,0,1,10,4,4,0,35,0,0,0,1,3,1,0.164835164,sa3017695
2022,T.J. White,WSN,A,18,92,329,382,85,52,20,2,11,55,52,44,1,104,5,2,0,6,8,1,0.258358662,sa3017697
2022,Jake Fox,CLE,A,19,104,380,470,94,60,25,4,5,74,44,74,0,90,11,5,0,3,21,3,0.247368421,sa3017734
2022,Mason Auer,TBR,A,21,60,232,270,68,42,13,9,4,46,31,31,0,48,3,4,0,2,24,3,0.293103448,sa3017791
2022,Ryan Spikes,TBR,A,19,74,290,326,66,42,11,3,10,50,33,26,0,105,8,2,0,5,17,5,0.227586206,sa3017792
2023,Ryan Spikes,TBR,A,20,120,441,501,95,64,15,6,10,62,51,51,0,154,5,3,0,10,28,8,0.215419501,sa3017792
2023,Cooper Kinney,TBR,A,20,121,456,505,125,91,24,0,10,61,61,42,1,107,5,2,0,7,3,5,0.274122807,sa3017793
2022,Nick Thornquist,CHW,A,24,27,84,103,20,12,3,2,3,11,14,18,0,32,0,1,0,1,0,0,0.238095238,sa3017796
2022,Colby Smelley,CHW,A,22,87,307,369,84,59,20,1,4,48,35,45,1,86,15,2,0,6,0,1,0.273615635,sa3017797
2023,Colby Smelley,CHW,A,23,19,71,78,20,18,2,0,0,6,5,6,0,17,1,0,0,4,0,0,0.28169014,sa3017797
2024,Christian Olivo,CHC,A,20,87,293,334,66,56,5,2,3,44,23,29,0,82,4,4,4,4,20,4,0.225255972,sa3017877
2025,Christian Olivo,CHC,A,21,92,288,348,69,48,17,1,3,52,38,47,0,64,11,2,0,7,28,10,0.239583333,sa3017877
2023,Quinton Low,MIL,A,20,22,29,34,6,4,1,0,1,4,3,5,0,11,0,0,0,0,0,0,0.206896551,sa3017921
2022,Parker Chavers,CHC,A,23,35,127,136,31,18,9,2,2,16,12,5,0,33,2,2,0,2,4,2,0.244094488,sa3017939
2023,Parker Chavers,CHC,A,24,76,275,316,69,47,9,2,11,49,54,33,0,79,5,1,1,1,21,5,0.25090909,sa3017939
2023,Zac Fascia,CLE,A,24,52,185,217,51,35,7,7,2,17,23,24,0,49,7,1,0,1,1,0,0.275675675,sa3018001
2022,Jaxon Hallmark,HOU,A,23,61,199,237,40,32,4,2,2,24,15,31,0,92,5,2,0,2,20,5,0.201005025,sa3018101
2022,Kyle Hayes,KCR,A,24,25,73,87,10,6,2,0,2,5,8,9,0,30,4,0,0,1,1,0,0.136986301,sa3018212
2022,Alsander Womack,CHW,A,23,7,19,21,4,3,1,0,0,2,2,2,0,3,0,0,0,1,1,1,0.210526315,sa3018214
2024,Elis Barreat,TBR,A,21,18,61,64,13,11,2,0,0,3,4,2,0,15,1,0,0,1,2,2,0.213114754,sa3018383
2023,Daniel Guilarte,MIL,A,19,58,223,265,60,52,6,2,0,35,31,35,0,66,5,2,0,5,26,8,0.269058295,sa3018388
2024,Daniel Guilarte,MIL,A,20,110,400,468,98,74,18,3,3,72,35,63,0,115,2,3,0,6,40,12,0.245,sa3018388
2024,Diego Benitez,ATL,A,19,37,131,148,18,13,2,1,2,13,10,14,0,54,2,0,0,5,3,0,0.13740458,sa3018391
2023,Jair Casanova,ATL,A,19,67,226,261,45,31,6,1,7,28,35,30,0,77,5,0,0,10,4,0,0.199115044,sa3018392
2022,Jace Avina,MIL,A,19,28,102,119,25,14,4,2,5,17,25,12,0,42,3,2,0,0,2,3,0.245098039,sa3018398
2023,Jace Avina,MIL,A,20,99,326,399,76,38,22,2,14,57,50,56,0,118,17,0,0,7,10,3,0.233128834,sa3018398
2023,Jaison Chourio,CLE,A,18,9,35,42,7,6,1,0,0,7,3,6,0,15,0,1,0,1,1,0,0.2,sa3018399
2024,Jaison Chourio,CLE,A,19,98,334,432,90,59,24,2,5,69,58,86,1,69,3,9,0,6,44,11,0.269461077,sa3018399
2024,Andy Lugo,BOS,A,20,87,306,341,83,53,26,1,3,43,39,26,0,68,9,0,0,6,25,3,0.27124183,sa3018400
2023,Cristhian Vaquero,WSN,A,18,16,66,78,13,10,1,1,1,10,9,12,0,18,0,0,0,0,7,0,0.196969696,sa3018403
2024,Cristhian Vaquero,WSN,A,19,103,347,401,66,41,16,4,5,51,32,39,0,137,11,2,2,4,29,6,0.190201729,sa3018403
2025,Cristhian Vaquero,WSN,A,20,101,379,445,97,68,13,8,8,54,47,46,1,110,8,8,1,1,27,5,0.255936675,sa3018403
2023,Anthony Gutierrez,TEX,A,18,78,293,325,76,60,11,3,2,39,34,25,0,72,5,2,0,7,30,10,0.259385665,sa3018406
2024,Alexis Hernandez,CHC,A,19,52,174,204,25,22,1,0,2,24,12,28,0,76,1,0,1,3,10,0,0.14367816,sa3018413
2025,Alexis Hernandez,CHC,A,20,23,81,93,14,10,4,0,0,11,7,7,0,22,3,2,0,3,4,2,0.172839506,sa3018413
2026,Alexis Hernandez,CHC,A,21,39,146,169,32,22,6,3,1,23,12,20,0,50,1,1,0,3,12,3,0.219178082,sa3018413
2024,Freili Encarnacion,BOS,A,19,80,307,331,75,56,14,3,2,39,32,12,0,90,9,3,0,6,15,9,0.244299674,sa3018414
2025,Freili Encarnacion,BOS,A,20,45,175,193,53,28,14,1,10,34,32,11,0,39,6,1,0,1,5,3,0.302857142,sa3018414
2024,Braylin Tavera,BAL,A,19,84,300,355,52,44,5,2,1,26,26,49,0,90,4,2,0,9,27,13,0.173333333,sa3018416
2025,Braylin Tavera,BAL,A,20,108,372,443,84,60,14,3,7,51,44,58,0,135,8,4,1,4,18,9,0.225806451,sa3018416
2025,Jose De Jesus,TEX,A,20,9,30,32,2,2,0,0,0,3,4,2,0,4,0,0,0,0,2,0,0.066666666,sa3018420
2024,Jose De Jesus,TEX,A,19,28,115,126,29,27,2,0,0,15,1,8,0,22,2,1,0,0,8,5,0.252173913,sa3018420
2023,Johanfran Garcia,BOS,A,18,15,59,68,12,8,3,0,1,8,5,5,0,24,2,2,0,1,3,0,0.20338983,sa3018424
2024,Johanfran Garcia,BOS,A,19,14,52,60,20,13,5,0,2,5,5,6,0,15,2,0,0,0,0,0,0.384615384,sa3018424
2026,Victor Izturis,CLE,A,21,13,44,50,7,6,1,0,0,1,1,6,0,13,0,0,0,0,1,0,0.159090909,sa3018428
2024,Kenni Gomez,HOU,A,19,87,328,367,87,54,23,4,6,44,35,34,0,83,3,2,0,6,13,8,0.265243902,sa3018430
2026,Kenni Gomez,HOU,A,21,12,36,41,8,7,1,0,0,5,1,4,0,12,0,1,0,1,2,1,0.222222222,sa3018430
2025,Henry Ramos,KCR,A,20,73,232,277,51,39,8,3,1,27,18,34,0,60,2,2,7,6,18,9,0.219827586,sa3018432
2026,Henry Ramos,KCR,A,21,43,154,171,41,32,5,2,2,25,15,13,0,34,2,1,1,3,13,7,0.266233766,sa3018432
2024,Leandro Arias,BAL,A,19,67,230,274,49,37,9,0,3,27,30,31,1,51,5,6,2,3,6,7,0.213043478,sa3018433
2024,Fraymi De Leon,BOS,A,19,54,169,199,33,28,3,1,1,26,17,25,0,52,3,2,0,3,19,4,0.195266272,sa3018436
2025,Fraymi De Leon,BOS,A,20,50,157,174,34,29,3,1,1,22,17,11,0,46,0,5,1,7,11,5,0.216560509,sa3018436
2024,Enzo Paulino,TBR,A,20,38,134,145,28,18,8,1,1,11,14,8,0,39,2,1,0,7,0,2,0.208955223,sa3018440
2023,Claudio Simon,BOS,A,21,30,81,90,19,16,2,1,0,6,5,7,0,30,2,0,0,2,11,4,0.234567901,sa3018448
2025,Marcos Torres,TEX,A,20,80,258,304,64,46,9,3,6,39,38,37,0,74,2,3,2,1,22,3,0.248062015,sa3018449
2026,Marcos Torres,TEX,A,21,46,175,200,41,20,10,4,7,37,31,20,0,53,3,2,0,3,20,2,0.234285714,sa3018449
2023,Marcos Torres,TEX,A,18,10,37,41,4,4,0,0,0,2,1,3,0,18,1,0,0,0,0,3,0.108108108,sa3018449
2024,Marcos Torres,TEX,A,19,93,297,343,53,34,8,5,6,28,35,38,0,118,5,3,0,2,12,9,0.178451178,sa3018449
2025,Yosander Asencio,BOS,A,20,61,184,225,34,21,6,2,5,30,15,41,0,91,0,0,0,1,5,2,0.184782608,sa3018456
2025,Alberto Mendez,CLE,A,20,48,146,167,36,28,5,2,1,22,17,18,0,33,2,1,0,1,3,2,0.246575342,sa3018458
2024,Rafael Ramirez Jr.,WSN,A,18,17,53,62,9,5,3,1,0,4,0,9,0,24,0,0,0,1,0,3,0.16981132,sa3018476
2026,Rafael Ramirez Jr.,WSN,A,20,32,94,126,25,15,8,0,2,24,11,28,0,25,3,1,0,1,0,2,0.265957446,sa3018476
2024,Rafael Ramirez Jr.,CLE,A,18,54,182,216,34,19,10,1,4,23,23,30,0,71,1,3,0,0,7,4,0.186813186,sa3018476
2023,Luis Baez,HOU,A,19,41,155,179,37,19,13,1,4,20,23,17,0,48,4,3,0,2,0,0,0.238709677,sa3018482
2023,Natanael Yuten,BOS,A,18,18,71,75,14,12,1,1,0,13,5,3,0,25,1,0,0,0,2,1,0.197183098,sa3018486
2024,Natanael Yuten,BOS,A,19,101,379,418,92,59,20,7,6,39,50,30,0,105,5,4,0,3,12,11,0.242744063,sa3018486
2025,Natanael Yuten,BOS,A,20,99,330,369,89,60,21,5,3,42,39,28,0,94,6,5,0,2,10,6,0.269696969,sa3018486
2024,Waner Luciano,HOU,A,19,72,252,298,47,32,12,0,3,29,22,36,2,62,6,4,0,7,1,3,0.186507936,sa3018501
2025,Waner Luciano,HOU,A,20,82,273,309,49,35,9,0,5,23,32,26,0,63,8,2,0,8,13,3,0.179487179,sa3018501
2024,Leiker Figueroa,ATL,A,19,53,183,201,31,25,4,2,0,14,14,11,0,54,4,2,1,1,13,3,0.169398907,sa3018506
2025,Leiker Figueroa,ATL,A,20,46,120,135,29,23,3,1,2,17,11,10,0,32,4,0,1,5,3,3,0.241666666,sa3018506
2023,Luis Lara,MIL,A,18,70,274,318,78,64,11,1,2,55,21,39,0,46,3,1,0,4,22,9,0.284671532,sa3018514
2024,Alexander Martinez,ATL,A,19,15,58,61,7,6,1,0,0,8,5,3,0,23,0,0,0,0,0,0,0.120689655,sa3018517
2023,Juan Baez,MIL,A,18,9,30,34,7,4,3,0,0,7,6,2,0,4,0,2,0,2,2,0,0.233333333,sa3018525
2024,Juan Baez,MIL,A,19,81,324,356,88,65,18,4,1,47,40,25,0,32,5,2,0,11,11,10,0.271604938,sa3018525
2024,Edwin Amparo,BAL,A,19,27,81,98,23,18,3,0,2,14,8,15,0,22,1,1,0,1,13,6,0.283950617,sa3018526
2025,Edwin Amparo,BAL,A,20,60,200,239,39,27,6,3,3,21,17,34,1,70,3,0,2,2,23,8,0.195,sa3018526
2026,Edwin Amparo,BAL,A,21,39,130,160,21,16,3,0,2,14,17,29,0,58,1,0,0,0,13,6,0.161538461,sa3018526
2025,Esteban Mejia,TEX,A,20,66,220,254,59,46,7,2,4,27,37,31,0,43,2,1,0,6,11,7,0.268181818,sa3018527
2026,Esteban Mejia,TEX,A,21,27,69,86,17,13,1,0,3,15,12,16,0,25,1,0,0,2,2,1,0.246376811,sa3018527
2024,Esteban Mejia,TEX,A,19,50,166,186,36,25,8,1,2,18,17,16,0,52,4,0,0,4,7,1,0.216867469,sa3018527
2024,Ricardo Gonzalez,TBR,A,19,95,316,364,64,52,11,0,1,24,37,39,0,75,4,3,2,7,18,3,0.202531645,sa3018529
2025,Ricardo Gonzalez,TBR,A,20,103,366,431,82,70,10,2,0,43,40,54,0,81,4,3,4,7,23,7,0.224043715,sa3018529
2025,Gery Holguin,MIL,A,19,54,177,211,28,21,6,1,0,19,13,31,0,74,2,1,0,4,5,1,0.15819209,sa3018534
2023,Angel Mateo,TBR,A,18,12,41,45,10,8,2,0,0,3,3,3,0,14,1,0,0,1,3,1,0.243902439,sa3018540
2024,Angel Mateo,TBR,A,19,101,352,409,79,49,24,0,6,46,40,43,0,104,10,4,0,3,26,6,0.224431818,sa3018540
2025,Angel Mateo,TBR,A,20,92,347,388,98,76,15,1,6,50,66,28,0,71,7,6,0,6,16,7,0.282420749,sa3018540
2025,Nicandro Aybar,TBR,A,20,6,19,20,2,1,1,0,0,0,0,1,0,4,0,0,0,1,0,0,0.105263157,sa3018544
2026,Nicandro Aybar,TBR,A,21,30,108,120,24,20,3,1,0,13,9,9,0,15,1,2,0,0,5,2,0.222222222,sa3018544
2024,Robert Gonzalez,ATL,A,19,65,216,253,42,29,8,3,2,26,28,34,1,88,1,2,0,1,19,2,0.194444444,sa3018545
2024,Fernando Peguero,BAL,A,19,6,18,22,8,5,1,2,0,5,5,4,0,7,0,0,0,0,5,0,0.444444444,sa3018546
2025,Fernando Peguero,BAL,A,20,63,213,251,47,41,4,1,1,26,18,27,0,58,5,3,3,0,27,3,0.220657276,sa3018546
2026,Darlyn De Leon,CHC,A,21,16,52,60,10,6,2,1,1,8,4,7,0,13,0,1,0,0,3,1,0.192307692,sa3018548
2026,Yeremy Cabrera,WSN,A,20,30,111,142,37,18,10,2,7,31,22,28,0,35,1,2,0,1,18,2,0.333333333,sa3018549
2025,Yeremy Cabrera,TEX,A,19,102,383,451,98,75,12,3,8,66,52,52,0,86,14,1,1,2,43,4,0.255874673,sa3018549
2024,Yeremy Cabrera,TEX,A,18,23,81,94,15,11,3,1,0,10,6,8,0,28,5,0,0,0,7,0,0.185185185,sa3018549
2024,Edrei Campos,BAL,A,19,5,20,20,5,5,0,0,0,0,1,0,0,5,0,0,0,0,1,2,0.25,sa3018550
2025,Edrei Campos,BAL,A,20,41,126,144,20,16,2,0,2,7,9,13,0,48,2,0,3,1,2,5,0.158730158,sa3018550
2024,Aron Estrada,BAL,A,19,91,348,388,103,74,18,3,8,53,43,29,1,65,8,3,0,2,31,8,0.295977011,sa3018552
2024,Alfredo Velasquez,BAL,A,19,43,143,155,35,28,6,1,0,16,11,9,0,27,0,2,1,2,11,3,0.244755244,sa3018556
2025,Alfredo Velasquez,BAL,A,20,51,180,191,45,39,2,3,1,23,9,6,0,17,1,2,1,5,15,6,0.25,sa3018556
2024,Jeral Perez,CHW,A,19,30,116,131,30,16,10,2,2,19,10,14,0,33,1,0,0,4,0,1,0.258620689,sa3018557
2023,Marvin Alcantara,BOS,A,18,21,74,83,15,13,1,0,1,9,7,7,0,27,1,1,0,2,6,0,0.202702702,sa3018558
2024,Marvin Alcantara,BOS,A,19,108,423,456,105,89,10,3,3,60,47,28,0,103,4,1,0,6,13,3,0.24822695,sa3018558
2025,Raylin Ramos,BAL,A,20,96,353,396,91,71,12,4,4,45,50,30,0,100,6,1,5,5,15,7,0.257790368,sa3018561
2026,Raylin Ramos,BAL,A,21,32,112,128,25,14,7,3,1,13,15,13,0,27,2,0,1,2,4,2,0.223214285,sa3018561
2025,Andres Nolaya,BAL,A,20,65,167,196,34,26,6,1,1,16,15,17,0,50,8,0,4,6,16,2,0.203592814,sa3018563
2026,Andres Nolaya,BAL,A,21,36,118,140,36,27,5,2,2,19,19,15,0,24,3,2,2,2,11,2,0.305084745,sa3018563
2024,Narciso Polanco,TBR,A,19,97,354,415,80,53,20,2,5,47,31,50,0,95,3,3,2,5,26,7,0.2259887,sa3018564
2025,Narciso Polanco,TBR,A,20,120,435,524,99,73,16,6,4,84,43,73,0,82,9,6,1,7,35,15,0.227586206,sa3018564
2024,Echedry Vargas,TEX,A,19,97,392,422,108,68,24,2,14,65,48,21,0,89,6,2,1,1,29,9,0.275510204,sa3018565
2024,Thomas Sosa,BAL,A,19,74,271,308,66,42,18,2,4,45,17,33,0,86,2,2,0,2,22,9,0.243542435,sa3018566
2025,Thomas Sosa,BAL,A,20,10,38,43,9,8,0,0,1,3,5,4,0,12,1,0,0,0,1,2,0.236842105,sa3018566
2025,Jose Contreras,TBR,A,20,15,49,54,11,10,1,0,0,5,1,4,0,17,0,0,1,2,1,0,0.224489795,sa3018567
2023,Jefferson Rojas,CHC,A,18,70,272,307,73,51,14,1,7,48,31,23,0,61,10,2,0,7,13,4,0.268382352,sa3018571
2025,Roni Cabrera,KCR,A,19,26,76,89,7,4,1,1,1,13,8,9,0,34,3,0,1,1,7,3,0.092105263,sa3018575
2026,Roni Cabrera,KCR,A,20,40,124,151,28,15,7,3,3,23,20,17,0,45,3,4,3,1,8,6,0.225806451,sa3018575
2023,Enderson Delgado,TBR,A,18,9,29,35,3,1,2,0,0,1,1,3,0,11,3,0,0,0,0,0,0.103448275,sa3018576
2024,Enderson Delgado,TBR,A,19,56,192,235,49,31,14,0,4,27,21,28,0,54,12,1,2,1,1,1,0.255208333,sa3018576
2024,Luis Sanchez,ATL,A,20,86,314,348,71,60,8,2,1,32,28,26,0,62,6,2,0,9,14,6,0.226114649,sa3018578
2025,Luis Sanchez,ATL,A,21,44,147,173,33,27,5,1,0,13,20,24,0,23,2,0,0,5,0,0,0.224489795,sa3018578
2026,Luis Sanchez,ATL,A,22,11,31,40,7,7,0,0,0,6,2,8,0,5,1,0,0,3,2,1,0.225806451,sa3018578
2025,Yanki Jean-Baptiste,CLE,A,20,11,33,44,4,3,1,0,0,3,2,11,0,20,0,0,0,0,1,3,0.121212121,sa3018579
2024,Alberto Hernandez,HOU,A,20,74,239,271,47,38,7,0,2,35,23,29,1,61,2,1,0,5,4,2,0.196652719,sa3018582
2025,Alberto Hernandez,HOU,A,21,84,298,344,67,50,13,2,2,34,46,36,0,59,4,5,1,7,24,7,0.224832214,sa3018582
2026,Ivan Sosa,KCR,A,21,14,43,46,6,1,1,0,4,5,7,2,0,20,0,1,0,0,0,0,0.139534883,sa3018588
2025,Josi Novas,KCR,A,20,82,279,308,42,23,10,0,9,20,35,20,0,121,6,2,1,2,7,3,0.150537634,sa3018594
2026,Josi Novas,KCR,A,21,8,17,20,2,2,0,0,0,3,2,2,0,7,0,1,0,0,1,0,0.117647058,sa3018594
2023,Sandro Gaston,HOU,A,20,86,308,331,61,41,19,0,1,26,32,22,0,93,1,0,0,7,4,2,0.198051948,sa3018598
2025,Erick Alvarez,TEX,A,20,39,126,152,28,21,7,0,0,22,12,21,0,30,0,4,1,1,4,1,0.222222222,sa3018601
2023,Erick Alvarez,TEX,A,18,12,37,44,7,5,2,0,0,5,2,6,0,10,0,1,0,0,1,0,0.189189189,sa3018601
2024,Erick Alvarez,TEX,A,19,62,235,250,56,40,12,3,1,20,25,10,0,61,2,3,0,5,4,0,0.238297872,sa3018601
2025,Jairo Diaz,CHC,A,20,12,35,48,11,8,3,0,0,10,1,12,0,11,0,1,0,1,2,0,0.314285714,sa3018606
2026,Jairo Diaz,CHC,A,21,20,47,65,8,6,1,0,1,5,5,15,0,20,1,2,0,2,0,0,0.170212765,sa3018606
2025,Wady Mendez,TEX,A,20,33,111,128,26,17,4,2,3,13,17,14,0,32,1,2,0,3,6,2,0.234234234,sa3018615
2026,Wady Mendez,TEX,A,21,16,50,60,11,8,1,1,1,5,8,9,0,16,1,0,0,1,0,2,0.22,sa3018615
2024,Wady Mendez,TEX,A,19,76,227,262,53,43,8,1,1,31,14,32,0,93,3,0,0,1,23,3,0.233480176,sa3018615
2024,Ryan Burrowes,CHW,A,19,77,280,322,57,48,7,1,1,37,33,32,0,107,5,5,0,7,22,4,0.203571428,sa3018619
2025,Ryan Burrowes,CHW,A,20,75,258,299,66,53,8,1,4,42,25,27,0,76,9,3,2,7,31,4,0.255813953,sa3018619
2024,Jose Escobar,CHC,A,19,23,67,84,14,6,2,2,4,9,15,11,0,20,5,1,0,2,0,0,0.208955223,sa3018629
2025,Jose Escobar,CHC,A,20,105,401,461,106,82,19,0,5,61,46,47,1,96,9,4,0,7,11,9,0.264339152,sa3018629
2026,Jose Escobar,CHC,A,21,40,147,165,44,33,8,1,2,14,23,16,0,21,2,0,0,1,3,2,0.299319727,sa3018629
2024,Rabel Colon,HOU,A,20,13,37,41,5,2,1,0,2,4,4,3,0,18,0,1,0,0,0,1,0.135135135,sa3018631
2025,Jesus Lopez,TEX,A,20,22,78,91,10,5,4,0,1,10,6,12,0,23,1,0,0,0,0,1,0.128205128,sa3018638
2024,Jesus Lopez,TEX,A,19,55,211,232,51,35,12,1,3,22,21,18,0,68,2,1,0,5,1,2,0.241706161,sa3018638
2024,Erick Torres,KCR,A,19,115,439,514,104,86,13,1,4,70,32,57,0,72,10,3,5,10,25,11,0.23690205,sa3018641
2024,Ronny Hernandez,CHW,A,19,96,345,413,94,77,16,0,1,47,46,62,0,59,3,1,0,8,0,0,0.272463768,sa3018643
2025,Ronny Hernandez,CHW,A,20,82,307,355,77,60,12,1,4,33,34,45,1,75,0,3,0,4,4,0,0.250814332,sa3018643
2025,Demetrio Nadal,MIL,A,20,40,136,171,28,24,3,0,1,22,16,27,0,37,6,2,0,0,11,3,0.205882352,sa3018919
2025,Jeffrey Mercedes,CLE,A,20,80,268,309,64,45,14,2,3,28,43,30,0,60,4,6,0,2,7,2,0.23880597,sa3018942
2026,Alexander Albertus,CHW,A,21,13,43,49,11,8,2,0,1,2,7,5,0,10,0,1,0,1,0,1,0.255813953,sa3018950
2025,Alen Pineda,ATL,A,20,12,36,44,6,5,1,0,0,5,6,4,0,22,4,0,0,0,0,0,0.166666666,sa3018965
2024,Alejandro Nunez,HOU,A,19,92,297,338,76,53,17,2,4,52,32,36,0,92,3,1,0,3,18,3,0.255892255,sa3018977
2025,Kleimir Lemos,TEX,A,20,5,21,21,4,0,3,1,0,3,1,0,0,7,0,0,0,0,1,0,0.19047619,sa3019096
2025,Reylin Perez,HOU,A,20,34,105,113,17,10,6,0,1,11,3,6,0,40,1,0,1,2,4,3,0.161904761,sa3019204
2025,Yohander Linarez,BOS,A,20,43,140,149,31,25,3,2,1,13,15,7,0,41,1,1,0,5,2,2,0.221428571,sa3019212
2024,Jorgelys Mota,WSN,A,19,29,102,111,26,20,4,2,0,11,9,5,0,39,4,0,0,1,3,2,0.25490196,sa3019465
2025,Jorgelys Mota,WSN,A,20,81,296,328,80,54,17,3,6,34,42,26,0,101,6,0,0,2,25,7,0.27027027,sa3019465
2025,Luis Marquez,TEX,A,19,53,175,199,40,31,6,1,2,22,18,17,0,42,7,0,0,3,5,4,0.228571428,sa3019498
2026,Luis Marquez,TEX,A,20,27,88,102,19,17,1,0,1,11,17,11,0,29,1,1,1,2,3,0,0.21590909,sa3019498
2026,Edward Vargas,CHC,A,22,22,75,78,15,13,2,0,0,6,4,3,0,21,0,0,0,2,3,1,0.2,sa3019508
2024,Elis Cuevas,BAL,A,19,20,64,81,15,11,2,0,2,10,7,14,0,18,2,1,0,0,14,5,0.234375,sa3019509
2025,Elis Cuevas,BAL,A,20,50,179,210,41,33,5,0,3,27,20,24,0,39,6,0,1,0,19,3,0.229050279,sa3019509
2025,Larry Martinez,TBR,A,19,85,307,332,76,66,10,0,0,31,27,16,0,49,7,1,0,11,4,0,0.247557003,sa3019551
2026,Larry Martinez,TBR,A,20,11,40,41,10,8,1,0,1,3,3,1,0,13,0,0,0,0,0,0,0.25,sa3019551
2024,Oliver Carrillo,HOU,A,22,39,138,173,32,19,6,1,6,26,27,29,0,57,5,1,0,1,0,2,0.231884057,sa3019662
2025,Oliver Carrillo,HOU,A,23,23,74,92,18,11,4,0,3,14,17,12,0,23,5,1,0,3,2,0,0.243243243,sa3019662
2025,Douglas Glod,ATL,A,20,84,272,329,58,37,14,0,7,33,36,49,0,115,6,2,0,5,1,2,0.213235294,sa3019685
2025,Arnold Prado,CHW,A,20,21,68,80,13,10,2,1,0,11,5,10,0,25,1,0,1,1,1,1,0.19117647,sa3019704
2025,Carlos Cauro,HOU,A,20,12,26,32,6,2,1,0,3,4,8,6,0,12,0,0,0,1,0,1,0.23076923,sa3019763
2026,Carlos Cauro,HOU,A,21,14,39,51,10,9,0,0,1,3,7,9,0,14,2,1,0,0,1,2,0.256410256,sa3019763
2025,Keduar Trujillo,HOU,A,21,56,173,204,32,24,4,0,4,27,16,28,0,67,2,0,1,2,3,3,0.184971098,sa3019764
2022,Zion Pettigrew,WSN,A,23,16,52,58,10,8,2,0,0,5,2,6,0,15,0,0,0,3,4,0,0.192307692,sa3019822
2023,Zion Pettigrew,WSN,A,24,20,52,60,13,11,1,1,0,10,4,6,0,14,1,1,0,0,4,2,0.25,sa3019822
2022,Levi Usher,KCR,A,22,8,27,31,2,1,1,0,0,3,3,3,0,8,0,1,0,1,1,0,0.074074074,sa3019886
2023,Levi Usher,KCR,A,23,60,184,227,29,17,7,3,2,26,14,35,0,86,6,2,0,2,11,4,0.157608695,sa3019886
2023,Cory Acton,ATL,A,24,45,151,177,38,31,5,0,2,25,22,24,0,38,1,1,0,2,19,5,0.251655629,sa3019887
2023,Hayden Dunhurst,KCR,A,22,27,90,98,16,9,4,1,2,6,12,6,0,41,1,0,1,1,0,1,0.177777777,sa3019889
2022,Kevin Kilpatrick Jr.,ATL,A,21,21,87,96,25,16,7,1,1,16,10,7,0,21,2,0,0,2,7,1,0.287356321,sa3019891
2022,Keshawn Ogans,ATL,A,20,18,77,88,22,19,2,0,1,13,9,5,0,12,5,1,0,0,9,0,0.285714285,sa3019893
2023,Ambioris Tavarez,ATL,A,19,108,416,480,90,59,19,5,7,61,34,44,0,196,19,1,0,5,21,20,0.216346153,sa3019895
2023,Bryson Worrell,ATL,A,24,56,201,237,42,24,8,4,6,30,25,32,0,81,3,0,0,2,17,1,0.208955223,sa3019897
2022,E.J. Exposito,ATL,A,21,26,94,114,22,16,3,0,3,15,11,17,0,26,3,0,0,2,2,3,0.234042553,sa3019900
2023,E.J. Exposito,ATL,A,22,110,375,449,78,50,19,1,8,51,55,61,0,136,6,7,0,4,23,5,0.208,sa3019900
2022,Justin Janas,ATL,A,21,23,82,93,19,14,4,0,1,12,14,7,0,21,3,1,0,2,0,0,0.231707317,sa3019903
2023,Justin Janas,ATL,A,22,77,284,325,88,67,16,2,3,47,32,29,0,44,11,1,0,0,6,4,0.309859154,sa3019903
2022,Javi Vaz,KCR,A,21,27,100,121,26,18,6,1,1,14,12,20,0,14,1,0,0,0,4,3,0.26,sa3019906
2023,Andrew Keck,ATL,A,23,35,94,122,19,13,4,0,2,13,8,19,0,30,8,1,0,4,4,0,0.202127659,sa3019908
2022,Noah Williams,ATL,A,18,5,17,20,6,4,2,0,0,2,2,2,0,2,1,0,0,0,1,2,0.352941176,sa3019909
2024,Noah Williams,ATL,A,20,36,117,132,24,18,3,1,2,10,12,12,0,40,2,1,0,0,2,2,0.205128205,sa3019909
2022,Eric Brown Jr.,MIL,A,21,23,84,100,22,14,4,1,3,16,7,11,0,17,4,1,0,1,15,2,0.261904761,sa3019923
2023,Matthew Wood,MIL,A,22,25,82,109,24,14,7,0,3,13,20,26,0,15,1,0,0,0,1,0,0.292682926,sa3019924
2022,Jordan Sprinkle,CHW,A,21,22,93,101,22,18,3,0,1,11,4,6,0,21,1,0,1,0,8,1,0.236559139,sa3019925
2023,Jordan Sprinkle,CHW,A,22,71,285,323,65,50,10,2,3,35,32,31,0,82,3,3,1,7,17,3,0.228070175,sa3019925
2025,Jordan Sprinkle,CHW,A,24,63,210,269,57,52,5,0,0,46,15,47,0,48,4,2,6,0,65,9,0.271428571,sa3019925
2022,Robert Moore,MIL,A,20,27,110,125,29,18,8,0,3,14,14,13,0,28,2,0,0,1,6,2,0.263636363,sa3019928
2023,Tayden Hall,MIL,A,20,49,173,217,46,38,8,0,0,27,20,40,1,41,2,2,0,3,3,3,0.265895953,sa3019929
2024,Tayden Hall,MIL,A,21,26,82,100,31,22,6,3,0,16,14,17,0,16,0,1,0,3,0,0,0.37804878,sa3019929
2024,Satchell Norman,MIL,A,21,31,105,114,22,15,6,1,0,5,6,9,0,30,0,0,0,6,7,1,0.209523809,sa3019930
2022,Jackson Loftin,HOU,A,22,23,78,91,14,8,3,1,2,9,9,9,0,26,4,0,0,1,6,1,0.179487179,sa3019931
2023,Jackson Loftin,HOU,A,23,116,381,450,79,56,14,0,9,61,45,49,0,100,17,2,0,7,60,7,0.207349081,sa3019931
2024,Reece Walling,MIL,A,20,79,257,312,53,33,15,0,5,37,32,47,0,90,4,4,0,3,1,0,0.20622568,sa3019933
2025,Reece Walling,MIL,A,21,70,215,277,30,21,5,2,2,34,9,59,0,98,3,0,0,5,0,1,0.139534883,sa3019933
2022,Jacob Burke,CHW,A,21,22,78,92,21,13,6,1,1,13,12,6,0,20,8,0,0,3,4,2,0.269230769,sa3019934
2023,Jacob Burke,CHW,A,22,35,127,149,40,24,11,1,4,23,22,15,0,33,7,0,0,2,9,3,0.314960629,sa3019934
2022,Collin Price,HOU,A,22,19,62,70,18,11,5,0,2,7,10,7,0,17,1,0,0,3,0,0,0.29032258,sa3019935
2023,Drake Logan,CHW,A,22,98,313,370,65,52,8,1,4,44,25,48,0,161,8,1,0,1,11,2,0.207667731,sa3019936
2024,Drake Logan,CHW,A,23,80,293,323,78,48,20,2,8,37,47,21,0,120,7,2,0,6,15,2,0.266211604,sa3019936
2023,John McHenry,WSN,A,22,40,132,167,29,25,2,0,2,24,20,28,0,33,4,2,0,1,5,2,0.219696969,sa3019938
2024,John McHenry,WSN,A,23,37,109,134,14,7,4,0,3,14,10,17,0,42,1,4,3,1,7,1,0.128440366,sa3019938
2022,Jud Fabian,BAL,A,21,10,44,52,17,5,7,2,3,16,9,8,0,9,0,0,0,0,0,0,0.386363636,sa3019942
2022,Adam Crampton,BAL,A,21,18,64,74,15,12,3,0,0,10,10,8,0,17,2,0,0,3,0,2,0.234375,sa3019944
2023,Adam Crampton,BAL,A,22,111,367,411,72,55,13,3,1,49,25,33,0,105,6,2,1,7,17,7,0.196185286,sa3019944
2022,Adam Retzbach,BAL,A,21,10,30,43,6,4,2,0,0,6,0,10,0,14,3,0,0,0,1,0,0.2,sa3019946
2023,Adam Retzbach,BAL,A,22,6,16,20,2,2,0,0,0,0,1,4,0,8,0,0,0,0,0,1,0.125,sa3019946
2022,David McCabe,ATL,A,22,26,100,118,26,19,6,0,1,14,23,15,0,27,0,3,0,3,0,2,0.26,sa3019964
2023,David McCabe,ATL,A,23,42,146,176,39,23,7,1,8,26,25,27,0,47,1,2,0,5,1,1,0.267123287,sa3019964
2022,Silas Ardoin,BAL,A,21,12,44,54,10,9,1,0,0,5,8,8,0,18,1,1,0,1,0,0,0.227272727,sa3019976
2022,Gavin Cross,KCR,A,21,26,99,123,29,15,5,2,7,20,22,22,0,31,1,1,0,1,4,2,0.292929292,sa3019985
2022,Cayden Wallace,KCR,A,20,27,109,122,32,20,7,3,2,15,16,12,0,22,1,0,0,2,8,1,0.293577981,sa3019996
2022,Maxwell Costes,BAL,A,22,8,20,32,3,2,1,0,0,5,2,10,0,10,2,0,0,1,0,0,0.15,sa3020001
2023,Maxwell Costes,BAL,A,23,6,19,23,7,6,0,0,1,5,3,2,0,8,1,1,0,0,0,0,0.368421052,sa3020001
2024,Maxwell Costes,BAL,A,24,14,46,50,12,11,1,0,0,1,4,4,0,5,0,0,0,0,2,0,0.260869565,sa3020001
2024,Jancel Villarroel,HOU,A,19,54,193,227,45,33,9,1,2,30,28,20,0,57,12,2,0,4,7,2,0.233160621,sa3020102
2025,Jancel Villarroel,HOU,A,20,85,314,372,81,56,16,3,6,45,45,42,0,64,11,5,0,4,20,7,0.257961783,sa3020102
2022,Matt Donlan,BOS,A,22,8,27,32,4,3,1,0,0,2,1,3,0,5,1,1,0,1,0,0,0.148148148,sa3020107
2022,Tommy Sacco Jr.,HOU,A,23,25,96,107,19,12,4,1,2,14,6,11,0,26,0,0,0,0,7,1,0.197916666,sa3020125
2022,Ryan Clifford,HOU,A,18,12,41,51,11,8,2,0,1,5,5,10,0,15,0,0,0,0,0,0,0.268292682,sa3020126
2023,Ryan Clifford,HOU,A,19,25,92,121,31,24,5,0,2,22,15,25,0,27,3,1,0,0,3,1,0.336956521,sa3020126
2022,Haydn McGeary,CHC,A,22,12,48,52,14,8,5,0,1,5,8,4,0,12,0,0,0,1,0,0,0.291666666,sa3020133
2023,Luke Adams,MIL,A,19,99,339,440,79,47,18,3,11,74,54,76,0,99,21,4,0,8,30,10,0.233038348,sa3020135
2024,Christopher Paciolla,CHC,A,20,66,263,275,54,37,15,0,2,23,19,11,0,77,0,1,0,6,3,1,0.205323193,sa3020138
2025,Christopher Paciolla,CHC,A,21,19,67,76,12,6,6,0,0,3,4,7,0,17,2,0,0,0,3,2,0.179104477,sa3020138
2023,Griffin Cheney,TEX,A,24,32,107,125,21,10,5,2,4,15,14,15,0,46,3,0,0,1,5,2,0.196261682,sa3020142
2022,Brock Jones,TBR,A,21,13,49,62,14,5,4,1,4,15,12,12,0,21,0,1,0,0,9,3,0.285714285,sa3020190
2023,Mario Camilletti,CHW,A,24,97,339,434,98,73,23,0,2,64,60,84,1,70,4,4,0,4,0,1,0.289085545,sa3020192
2022,Dom Keegan,TBR,A,21,6,23,26,6,4,0,0,2,4,6,2,0,6,1,0,0,1,0,0,0.260869565,sa3020194
2023,Dom Keegan,TBR,A,22,58,200,241,63,45,9,4,5,34,35,31,0,48,3,7,0,0,2,0,0.315,sa3020194
2023,Blake Klassen,WSN,A,22,19,65,78,11,6,5,0,0,7,7,10,0,20,1,2,0,3,0,2,0.169230769,sa3020198
2022,Blake Robertson,TBR,A,21,16,56,71,11,6,4,0,1,10,5,13,0,22,2,0,0,1,3,0,0.196428571,sa3020200
2024,Blake Robertson,TBR,A,23,20,70,84,21,14,4,0,3,13,11,11,0,21,1,2,0,1,5,0,0.3,sa3020200
2023,Kamren James,TBR,A,23,43,152,174,31,20,6,1,4,15,18,15,0,45,7,0,0,1,4,5,0.203947368,sa3020201
2022,Cortland Lawson,WSN,A,22,12,42,47,7,5,0,0,2,6,9,5,0,20,0,0,0,0,2,0,0.166666666,sa3020202
2023,Cortland Lawson,WSN,A,23,54,183,222,51,39,8,4,0,35,25,29,0,69,8,2,0,1,10,2,0.278688524,sa3020202
2023,Ryan Cermak,TBR,A,22,39,142,160,38,23,8,1,6,20,28,14,0,36,3,0,0,3,8,2,0.267605633,sa3020204
2023,Jalen Battles,TBR,A,23,7,19,21,3,2,1,0,0,0,3,2,0,8,0,0,0,0,0,0,0.157894736,sa3020205
2024,Nathaniel Ochoa Leyva,WSN,A,20,90,285,320,61,45,12,1,3,38,32,29,1,116,5,1,0,6,12,3,0.214035087,sa3020207
2025,Nathaniel Ochoa Leyva,WSN,A,21,55,188,209,32,24,5,1,2,19,22,19,0,75,2,0,0,3,7,1,0.170212765,sa3020207
2022,Garrett McGowan,HOU,A,23,26,87,101,10,7,3,0,0,7,8,7,1,30,6,1,0,2,0,0,0.114942528,sa3020208
2023,Garrett McGowan,HOU,A,24,46,155,175,26,17,6,0,3,12,11,18,0,55,2,0,0,4,1,0,0.167741935,sa3020208
2023,Elijah Green,WSN,A,19,75,281,332,59,41,13,1,4,36,36,45,0,139,3,2,0,1,30,5,0.209964412,sa3020210
2024,Elijah Green,WSN,A,20,106,414,468,86,55,14,4,13,74,54,46,0,206,5,2,0,5,39,3,0.207729468,sa3020210
2025,Elijah Green,WSN,A,21,26,103,113,24,15,6,2,1,17,13,9,0,39,1,0,0,3,5,0,0.233009708,sa3020210
2024,Harry Owen,ATL,A,22,50,162,179,36,26,6,1,3,14,16,13,0,37,2,2,0,2,0,0,0.222222222,sa3020213
2022,Mikey Romero,BOS,A,18,9,43,44,15,8,4,3,0,6,11,1,0,11,0,0,0,0,1,0,0.348837209,sa3020216
2023,Mikey Romero,BOS,A,19,23,92,105,20,14,4,2,0,11,9,9,0,17,1,2,0,5,2,3,0.217391304,sa3020216
2023,Brenner Cox,WSN,A,19,35,115,133,16,14,1,0,1,14,10,15,1,58,1,0,2,2,13,1,0.139130434,sa3020217
2024,Brenner Cox,WSN,A,20,90,284,353,58,36,11,3,8,52,42,56,0,126,10,2,1,2,29,6,0.204225352,sa3020217
2025,Brenner Cox,WSN,A,21,28,92,111,18,7,6,1,4,12,17,16,0,36,1,2,0,1,4,0,0.195652173,sa3020217
2024,Everett Cooper III,WSN,A,20,71,218,262,49,38,10,1,0,26,20,39,0,39,3,1,0,4,13,2,0.224770642,sa3020218
2025,Everett Cooper III,WSN,A,21,21,50,62,7,3,2,1,1,7,7,8,0,10,1,2,0,0,4,0,0.14,sa3020218
2023,Dylan O'Rae,MIL,A,19,23,88,107,29,25,4,0,0,14,8,17,0,14,1,1,0,0,16,4,0.329545454,sa3020220
2022,Ryan Wrobleski,HOU,A,22,18,60,70,10,6,4,0,0,3,2,6,0,22,3,1,0,4,0,0,0.166666666,sa3020239
2022,Maxwell Romero Jr.,WSN,A,21,9,29,33,5,4,1,0,0,3,2,4,0,14,0,0,0,0,0,0,0.172413793,sa3020271
2023,Maxwell Romero Jr.,WSN,A,22,54,177,224,47,32,8,0,7,27,29,42,0,60,5,0,0,0,1,1,0.265536723,sa3020271
2022,Jared McKenzie,WSN,A,21,17,70,73,28,18,7,1,2,18,15,1,0,19,2,0,0,3,11,0,0.4,sa3020273
2024,Jared McKenzie,WSN,A,23,9,35,40,11,8,1,0,2,6,6,4,0,3,1,0,0,0,2,1,0.314285714,sa3020273
2023,Murphy Stehly,WSN,A,24,23,71,85,28,21,7,0,0,11,15,8,0,11,5,1,0,2,7,2,0.394366197,sa3020276
2023,Cutter Coffey,BOS,A,19,81,296,349,67,45,14,2,6,51,30,45,1,79,7,1,0,5,18,6,0.226351351,sa3020280
2022,Troy Claunch,CHW,A,23,15,59,66,15,14,1,0,0,8,6,6,0,17,1,0,0,1,0,0,0.254237288,sa3020346
2023,Troy Claunch,CHW,A,24,30,103,120,20,14,4,0,2,12,13,12,0,22,4,1,0,3,0,0,0.194174757,sa3020346
2024,Tyler Baca,WSN,A,24,21,54,64,14,11,2,1,0,10,4,8,0,15,2,0,0,1,1,0,0.259259259,sa3020347
2023,Johnathon Thomas,WSN,A,23,96,323,385,73,58,11,0,4,61,30,35,0,93,23,2,2,2,65,12,0.226006191,sa3020349
2023,Matt Suggs,WSN,A,23,9,28,34,4,2,1,1,0,3,3,5,0,16,0,0,1,0,0,0,0.142857142,sa3020351
2023,Bryce Willits,CHW,A,23,88,316,365,83,55,15,1,12,45,50,46,0,78,1,2,0,4,3,4,0.262658227,sa3020352
2024,Caleb Farmer,WSN,A,24,61,203,237,37,26,6,2,3,19,15,26,0,60,8,0,0,4,3,1,0.182266009,sa3020354
2022,Max Wagner,BAL,A,20,13,48,62,12,7,2,2,1,9,8,9,0,13,4,1,0,1,0,0,0.25,sa3020415
2023,Brooks Brannon,BOS,A,19,6,24,25,7,4,0,0,3,4,9,1,0,8,0,0,0,0,0,0,0.291666666,sa3020417
2024,Brooks Brannon,BOS,A,20,54,207,230,52,36,8,2,6,22,24,23,0,67,0,0,0,3,5,1,0.251207729,sa3020417
2022,John Garcia,HOU,A,21,8,23,26,4,1,3,0,0,1,3,0,0,11,3,0,0,0,0,0,0.173913043,sa3020419
2023,John Garcia,HOU,A,22,73,237,294,47,31,12,0,4,34,26,36,0,74,19,2,0,8,8,5,0.198312236,sa3020419
2023,Andy Garriola,CHC,A,23,103,382,416,86,51,23,0,12,43,60,19,0,82,11,3,1,9,11,3,0.22513089,sa3020458
2024,Andy Garriola,CHC,A,24,90,332,381,80,37,24,1,18,49,72,35,1,119,4,10,0,3,9,2,0.240963855,sa3020458
2023,Tommy Specht,TEX,A,19,61,222,257,49,37,10,1,1,25,18,32,0,69,2,1,0,5,6,2,0.22072072,sa3020460
2024,Tommy Specht,TEX,A,20,65,215,244,38,31,6,0,1,25,22,20,0,69,6,3,0,0,7,2,0.176744186,sa3020460
2025,Hector Osorio,TEX,A,20,90,283,358,71,58,5,4,4,39,43,55,0,43,14,4,2,5,11,6,0.250883392,sa3020461
2026,Hector Osorio,TEX,A,21,46,166,209,49,27,11,1,10,32,37,32,0,23,8,2,1,3,8,5,0.295180722,sa3020461
2023,Austin Charles,KCR,A,19,69,261,296,60,36,18,3,3,29,31,22,1,73,3,7,3,3,12,3,0.229885057,sa3020497
2024,Austin Charles,KCR,A,20,117,409,481,105,76,15,4,10,62,64,50,0,124,14,6,2,3,36,7,0.256723716,sa3020497
2023,Xavier Isaac,TBR,A,19,90,312,376,83,51,16,3,13,58,56,56,1,80,4,4,0,2,10,0,0.266025641,sa3020498
2024,Milo Rushford,KCR,A,20,28,86,105,10,4,4,2,0,10,8,16,0,28,2,1,0,2,4,1,0.116279069,sa3020499
2025,Milo Rushford,KCR,A,21,77,230,289,46,34,7,3,2,25,23,43,0,85,6,8,2,2,7,4,0.2,sa3020499
2022,Carter Young,BAL,A,21,14,65,71,16,9,5,1,1,11,7,5,0,13,0,1,0,2,0,0,0.246153846,sa3020534
2023,Carter Young,BAL,A,22,85,339,388,80,61,13,3,3,53,30,45,0,104,1,3,0,1,7,2,0.2359882,sa3020534
2025,Colin Burgess,ATL,A,24,42,144,160,30,22,6,0,2,17,15,11,0,36,3,1,0,4,0,0,0.208333333,sa3020535
2025,Giullianno Allende,KCR,A,21,29,71,83,13,10,2,1,0,17,2,8,0,24,2,1,1,0,7,2,0.183098591,sa3020576
2022,Douglas Hodo III,BAL,A,21,13,40,54,8,7,1,0,0,7,1,12,0,16,2,0,0,0,4,0,0.2,sa3020614
2023,Douglas Hodo III,BAL,A,22,34,106,134,27,19,6,2,0,16,12,24,0,42,3,1,0,1,6,3,0.254716981,sa3020614
2024,Douglas Hodo III,BAL,A,23,16,49,61,10,6,2,0,2,7,4,10,0,23,2,0,0,0,4,1,0.204081632,sa3020614
2025,Chandler Pollard,TEX,A,21,53,207,236,54,45,7,1,1,39,18,16,1,53,13,0,0,8,28,7,0.260869565,sa3020615
2024,Chandler Pollard,TEX,A,20,96,285,326,68,52,10,3,3,43,26,29,0,106,6,5,1,4,39,5,0.238596491,sa3020615
2023,Brett Squires,KCR,A,23,122,419,511,110,72,21,2,15,65,69,66,0,146,17,5,1,3,32,8,0.262529832,sa3020714
2023,Tyresse Turner,CLE,A,23,52,176,209,41,35,3,1,2,36,21,24,0,62,6,1,2,0,26,4,0.232954545,sa3020759
2023,Pres Cavenaugh,CLE,A,22,66,220,266,50,33,10,3,4,32,19,37,0,60,7,2,0,0,15,2,0.227272727,sa3020760
2023,Marc Filia,CLE,A,22,68,195,257,31,17,6,2,6,41,24,45,0,75,12,5,0,5,6,1,0.158974358,sa3020761
2023,Nate Furman,CLE,A,21,40,128,175,42,37,4,1,0,43,12,35,0,19,7,3,0,2,27,3,0.328125,sa3020763
2023,Guy Lipscomb,CLE,A,22,75,262,321,69,52,12,4,1,47,45,53,0,56,2,4,0,3,48,7,0.263358778,sa3020764
2023,Angel Zarate,CLE,A,23,68,261,307,68,53,11,2,2,40,50,34,0,57,7,5,0,4,16,3,0.260536398,sa3020825
2024,Luis Guanipa,ATL,A,18,32,125,136,23,21,2,0,0,7,6,11,0,35,0,0,0,1,6,4,0.184,sa3020884
2025,Luis Guanipa,ATL,A,19,29,108,118,29,25,3,0,1,16,13,9,0,14,1,0,0,3,2,1,0.268518518,sa3020884
2026,Luis Guanipa,ATL,A,20,47,189,211,60,39,10,3,8,28,34,13,1,21,4,5,0,1,22,3,0.317460317,sa3020884
2023,David Avitia,CHC,A,24,28,84,98,16,11,4,0,1,13,9,8,0,34,3,2,1,0,0,1,0.19047619,sa3020939
2026,Jhosmmel Zue,KCR,A,22,20,68,74,19,14,4,0,1,7,14,4,0,24,0,2,0,1,4,0,0.279411764,sa3021049
2025,Antonis Macias,TEX,A,20,92,312,401,83,66,14,2,1,48,40,71,0,67,5,11,2,7,4,3,0.266025641,sa3021057
2024,Antonis Macias,TEX,A,19,15,53,59,12,8,4,0,0,3,1,5,0,19,1,0,0,0,0,1,0.226415094,sa3021057
2025,Xavier Guillen,TBR,A,20,19,52,58,10,10,0,0,0,5,1,4,0,23,1,0,1,0,3,1,0.192307692,sa3021060
2025,Yannic Walther,MIL,A,21,65,200,236,40,28,11,0,1,22,14,33,0,69,2,1,0,4,0,2,0.2,sa3021064
2026,Yannic Walther,MIL,A,22,26,79,91,11,8,1,0,2,10,9,11,0,34,0,1,0,0,1,0,0.139240506,sa3021064
2026,Derniche Valdez,CHC,A,20,38,140,143,24,16,3,2,3,12,11,2,0,46,1,0,0,1,3,2,0.171428571,sa3021068
2025,Brailer Guerrero,TBR,A,19,50,191,220,48,33,7,2,6,22,33,25,0,64,2,2,0,4,9,1,0.2513089,sa3021072
2026,Brailer Guerrero,TBR,A,20,34,118,140,27,15,7,0,5,14,16,18,0,42,1,3,0,3,5,1,0.228813559,sa3021072
2026,Ludwing Espinoza,CHC,A,20,15,46,60,9,6,2,1,0,7,3,9,0,12,4,1,0,1,3,0,0.195652173,sa3021073
2026,Camilo Diaz,HOU,A,20,30,101,113,19,12,2,1,4,13,10,10,0,51,2,0,0,1,14,3,0.188118811,sa3021074
2025,Angel Cepeda,CHC,A,19,100,381,433,95,68,14,5,8,47,49,40,0,136,12,0,0,5,27,7,0.249343832,sa3021080
2025,Luis Almeyda,BAL,A,19,53,181,204,43,30,9,1,3,16,24,18,0,52,3,2,0,1,14,9,0.23756906,sa3021081
2026,Luis Almeyda,BAL,A,20,17,63,68,13,10,3,0,0,8,7,5,0,13,0,0,0,3,0,2,0.206349206,sa3021081
2025,Esmil Valencia,HOU,A,19,83,300,333,79,63,9,2,5,42,36,22,0,82,7,3,0,8,50,13,0.263333333,sa3021082
2024,Yophery Rodriguez,MIL,A,18,110,420,484,105,69,23,6,7,59,60,59,0,115,2,3,0,8,7,5,0.25,sa3021083
2025,Yoeilin Cespedes,BOS,A,19,110,428,477,97,58,24,5,10,56,54,41,0,101,1,6,0,9,11,6,0.226635514,sa3021085
2024,Welbyn Francisca,CLE,A,18,29,117,132,38,31,6,0,1,20,15,14,0,27,1,0,0,2,8,2,0.324786324,sa3021087
2025,Welbyn Francisca,CLE,A,19,98,371,428,85,66,14,2,3,54,45,51,0,73,1,5,0,8,45,12,0.229110512,sa3021087
2025,German Ramirez,HOU,A,18,21,70,77,10,9,1,0,0,7,8,5,0,28,1,1,0,1,2,0,0.142857142,sa3021092
2026,German Ramirez,HOU,A,19,38,119,144,21,18,3,0,0,21,6,22,0,43,1,2,0,3,17,2,0.176470588,sa3021092
2024,Filippo Di Turi,MIL,A,18,66,240,285,46,36,10,0,0,30,17,41,0,68,2,2,0,1,5,2,0.191666666,sa3021093
2025,Filippo Di Turi,MIL,A,19,116,405,479,86,59,14,3,10,53,55,67,1,126,1,6,0,5,6,8,0.212345679,sa3021093
2026,Filippo Di Turi,MIL,A,20,42,134,171,24,17,4,2,1,25,8,34,0,41,2,1,0,1,13,1,0.179104477,sa3021093
2025,Yerlin Luis,CLE,A,19,19,55,67,6,4,2,0,0,5,7,12,0,31,0,0,0,0,7,2,0.109090909,sa3021094
2026,Yerlin Luis,CLE,A,20,26,75,86,9,5,3,0,1,7,9,10,0,41,0,1,0,3,3,2,0.12,sa3021094
2026,Juan Sierra,HOU,A,20,33,118,131,32,18,7,1,6,19,22,10,0,33,2,1,0,5,3,4,0.27118644,sa3021146
2025,Abraham Nunez,CHW,A,19,69,245,273,50,38,8,2,2,34,22,23,0,60,3,1,1,4,16,8,0.204081632,sa3021156
2026,Abraham Nunez,CHW,A,20,42,163,185,45,33,7,2,3,32,12,20,0,42,2,0,0,1,11,8,0.276073619,sa3021156
2024,Andruw Musett,BOS,A,18,17,60,72,12,10,2,0,0,5,7,9,0,19,2,1,0,2,0,0,0.2,sa3021175
2025,Andruw Musett,BOS,A,19,75,284,321,73,57,10,0,6,39,35,34,0,75,2,1,0,6,1,0,0.257042253,sa3021175
2026,Andruw Musett,BOS,A,20,6,19,25,5,4,1,0,0,3,1,5,0,6,1,0,0,2,0,1,0.263157894,sa3021175
2026,Felix Amparo,BAL,A,20,36,100,111,28,23,3,2,0,17,12,4,0,21,4,3,0,0,3,4,0.28,sa3021180
2025,Yaikel Mijares,CLE,A,19,86,261,313,48,38,8,1,1,35,22,48,0,105,3,1,0,3,17,5,0.183908045,sa3021181
2026,Yaikel Mijares,CLE,A,20,35,110,126,16,12,4,0,0,13,7,14,0,48,2,0,0,3,7,3,0.145454545,sa3021181
2025,Jose Pirela,CLE,A,19,96,316,360,65,40,15,7,3,33,38,25,0,118,15,4,0,5,13,8,0.205696202,sa3021191
2026,Jose Pirela,CLE,A,20,37,130,149,39,24,7,1,7,17,32,15,0,37,3,1,0,0,10,5,0.3,sa3021191
2024,Luis Merejo,CLE,A,18,30,103,121,29,17,8,1,3,20,16,11,0,30,5,2,0,3,3,0,0.281553398,sa3021196
2025,Luis Merejo,CLE,A,19,111,383,457,69,41,14,2,12,55,53,54,1,147,14,6,0,2,11,3,0.180156657,sa3021196
2026,Jonathan Martinez,CLE,A,19,19,68,83,16,11,2,2,1,15,6,14,0,31,1,0,0,1,5,1,0.235294117,sa3021197
2025,Joshua Liranzo,BAL,A,18,54,182,214,33,22,8,2,1,25,13,27,0,65,5,0,0,2,13,3,0.181318681,sa3021198
2026,Joshua Liranzo,BAL,A,19,42,145,178,26,20,4,0,2,24,17,28,0,51,3,1,0,4,18,2,0.179310344,sa3021198
2025,Carlos Tavares,WSN,A,19,55,163,180,25,17,6,1,1,11,12,16,0,60,1,0,0,3,1,0,0.153374233,sa3021209
2025,Luiyin Alastre,MIL,A,19,17,61,69,19,12,3,3,1,13,13,6,0,8,2,0,0,4,1,2,0.311475409,sa3021210
2026,Luiyin Alastre,MIL,A,20,15,50,61,8,6,2,0,0,6,7,9,0,14,1,1,0,2,3,2,0.16,sa3021210
2025,Yirer Garcia,TBR,A,19,58,183,220,45,43,2,0,0,14,21,28,0,43,3,4,2,7,3,1,0.245901639,sa3021211
2026,Yirer Garcia,TBR,A,20,18,51,59,13,12,0,1,0,7,5,6,0,9,1,0,1,4,2,0,0.25490196,sa3021211
2025,Starlyn Nunez,BOS,A,19,110,405,444,101,61,24,8,8,54,52,27,0,91,8,4,0,4,21,6,0.249382716,sa3021216
2026,Starlyn Nunez,BOS,A,20,43,174,197,43,25,8,3,7,29,23,19,0,59,2,2,0,1,11,4,0.247126436,sa3021216
2025,Jose Monzon,TBR,A,19,93,302,349,63,51,11,0,1,30,33,43,1,78,0,3,1,7,8,7,0.208609271,sa3021222
2026,Jose Monzon,TBR,A,20,16,53,61,10,9,1,0,0,9,3,5,0,20,1,0,2,0,7,0,0.188679245,sa3021222
2025,Carlos Monteverde,ATL,A,19,19,61,78,7,6,1,0,0,7,1,17,0,24,0,0,0,2,0,0,0.114754098,sa3021224
2024,Miguel Rodriguez,BAL,A,18,19,64,78,13,9,3,0,1,7,9,10,0,9,2,2,0,5,2,0,0.203125,sa3021226
2025,Miguel Rodriguez,BAL,A,19,10,34,42,7,5,2,0,0,5,5,6,0,4,2,0,0,2,0,1,0.205882352,sa3021226
2025,Braylin Morel,TEX,A,19,24,90,97,21,15,3,1,2,11,11,5,0,26,1,1,0,2,0,1,0.233333333,sa3021229
2025,Luis Guevara,BAL,A,19,24,70,91,17,14,1,2,0,13,9,13,0,18,4,2,1,2,6,2,0.242857142,sa3021232
2025,Luis Lameda,MIL,A,19,78,228,287,48,38,9,1,0,30,25,55,0,51,1,3,0,4,7,3,0.210526315,sa3021233
2026,Luis Lameda,MIL,A,20,33,109,131,31,28,2,0,1,19,18,20,0,27,0,2,0,1,7,2,0.284403669,sa3021233
2025,Deward Tovar,TEX,A,19,7,29,29,9,8,1,0,0,3,1,0,0,13,0,0,0,0,0,1,0.310344827,sa3021237
2026,Deward Tovar,TEX,A,20,44,165,184,36,20,5,2,9,30,35,15,0,55,2,2,0,5,3,1,0.218181818,sa3021237
2026,Juan Ortega,BAL,A,20,31,98,122,16,10,1,4,1,15,13,13,0,30,6,1,4,0,10,2,0.163265306,sa3021239
2025,Kleyver Salazar,BOS,A,19,99,344,404,74,61,9,0,4,34,36,56,0,82,2,2,0,9,4,3,0.215116279,sa3021241
2026,Kleyver Salazar,BOS,A,20,37,128,158,28,15,10,0,3,17,18,25,0,25,2,3,0,2,3,0,0.21875,sa3021241
2025,Pablo Guerrero,TEX,A,18,95,346,396,72,48,17,0,7,43,34,45,0,99,3,2,0,8,0,0,0.208092485,sa3021249
2024,Pablo Guerrero,TEX,A,17,27,97,107,22,18,3,0,1,7,15,6,1,25,1,3,0,1,1,0,0.226804123,sa3021249
2025,Pedro Ibarguen,MIL,A,18,17,56,68,15,14,0,0,1,6,8,11,0,16,1,0,0,2,6,1,0.267857142,sa3021254
2026,Pedro Ibarguen,MIL,A,19,30,100,123,31,21,7,0,3,20,13,19,0,27,3,1,0,2,8,8,0.31,sa3021254
2026,D'Angelo Tejada,CHW,A,20,28,90,99,8,5,2,0,1,5,5,7,0,45,0,1,1,3,0,1,0.088888888,sa3021263
2025,Roiber Niazoa,ATL,A,20,32,113,123,17,13,4,0,0,6,5,9,0,49,1,0,0,2,0,0,0.150442477,sa3021269
2024,John Gil,ATL,A,18,39,137,159,28,22,5,1,0,20,7,19,0,37,0,2,1,2,14,2,0.204379562,sa3021284
2025,John Gil,ATL,A,19,100,399,462,103,70,25,1,7,73,48,57,0,64,2,2,1,7,50,14,0.258145363,sa3021284
2025,John Estevez,ATL,A,19,8,23,29,4,4,0,0,0,3,2,6,0,5,0,0,0,2,0,0,0.173913043,sa3021287
2026,John Estevez,ATL,A,20,6,21,23,4,4,0,0,0,1,3,1,0,8,0,1,0,0,0,0,0.19047619,sa3021287
2025,Frederik Jimenez,BOS,A,20,98,312,368,61,45,9,0,7,37,31,44,0,106,8,4,0,2,12,6,0.19551282,sa3021288
2026,Frederik Jimenez,BOS,A,21,26,81,98,10,4,3,1,2,13,9,14,0,38,0,3,0,0,3,2,0.12345679,sa3021288
2025,Angel Acosta,KCR,A,22,74,244,275,60,50,9,0,1,27,25,20,0,34,2,5,4,5,12,5,0.245901639,sa3021290
2026,Daniel Lopez,KCR,A,20,30,88,101,16,9,5,1,1,15,11,7,0,28,4,0,2,3,13,2,0.181818181,sa3021298
2025,Jorge Hernandez,KCR,A,19,45,156,186,34,28,4,1,1,21,16,11,0,46,14,3,2,3,4,4,0.217948717,sa3021301
2026,Marcelo Alcala,CHW,A,20,37,117,146,16,7,5,1,3,14,12,19,0,67,9,0,1,1,6,3,0.136752136,sa3021304
2026,Dashyll Tejeda,WSN,A,20,12,34,43,7,4,2,1,0,7,5,8,0,14,1,0,0,1,6,1,0.205882352,sa3021315
2025,Derik Alcantara,CHC,A,20,26,78,99,15,11,2,1,1,17,12,17,0,13,1,3,0,0,4,1,0.192307692,sa3021322
2026,Derik Alcantara,CHC,A,21,12,41,48,4,2,2,0,0,0,2,7,0,9,0,0,0,1,1,1,0.097560975,sa3021322
2024,Nick Peoples,WSN,A,19,48,133,159,25,14,7,0,4,26,14,18,1,72,8,0,0,0,3,2,0.187969924,sa3021582
2025,Nick Peoples,WSN,A,20,104,338,386,68,41,18,2,7,45,36,41,0,150,5,2,0,2,15,5,0.201183431,sa3021582
2026,Nick Peoples,WSN,A,21,39,128,161,25,15,3,2,5,22,21,22,0,56,8,2,1,1,6,4,0.1953125,sa3021582
2024,Logun Clark,CLE,A,21,20,68,80,20,15,3,0,2,6,11,8,0,22,3,1,0,2,1,1,0.294117647,sa3021584
2025,Logun Clark,CLE,A,22,57,182,223,38,31,5,1,1,22,15,30,0,71,9,2,0,5,2,2,0.208791208,sa3021584
2024,Hyungchan Um,KCR,A,20,50,166,198,34,25,5,0,4,21,22,25,0,56,7,0,0,3,1,1,0.204819277,sa3021585
2025,Hyungchan Um,KCR,A,21,66,222,262,50,34,13,0,3,22,22,32,0,54,6,1,1,7,4,1,0.225225225,sa3021585
2026,Hyungchan Um,KCR,A,22,34,118,143,29,22,3,1,3,15,17,17,0,32,5,2,1,3,3,0,0.245762711,sa3021585
2026,Junior Aybar,BAL,A,19,43,136,151,31,20,8,2,1,20,17,12,0,56,1,1,1,2,7,5,0.227941176,sa3021607
2024,Gerardo Rodriguez,BOS,A,18,7,21,22,8,8,0,0,0,2,1,1,0,0,0,0,0,0,0,0,0.38095238,sa3021614
2025,Gerardo Rodriguez,BOS,A,19,22,74,86,22,14,4,1,3,9,11,9,0,13,1,2,0,0,1,0,0.297297297,sa3021614
2025,Tyler Rodriguez,MIL,A,19,91,263,343,57,48,7,0,2,38,30,59,0,54,17,4,0,9,22,8,0.216730038,sa3021615
2026,Tyler Rodriguez,MIL,A,20,12,33,49,9,7,1,0,1,11,5,13,0,5,2,1,0,1,6,3,0.272727272,sa3021615
2026,Jhocsuanth Vargas,TEX,A,19,12,33,35,3,2,1,0,0,0,2,1,0,14,0,1,0,2,0,1,0.09090909,sa3021631
2025,Ramon Ramirez,KCR,A,20,70,258,307,63,37,12,3,11,48,56,36,0,65,5,8,0,4,6,2,0.244186046,sa3021637
2026,Stiven Flores,CHW,A,20,34,122,136,39,34,3,0,2,12,26,12,0,15,0,2,0,7,0,0,0.319672131,sa3021638
2025,Asbel Gonzalez,KCR,A,19,115,415,505,99,83,12,3,1,82,21,54,1,86,29,1,6,5,78,26,0.238554216,sa3021639
2026,Jhorvic Abreus,CLE,A,20,26,83,94,16,11,2,1,2,11,5,10,0,34,1,0,0,6,3,3,0.192771084,sa3021838
2024,Franklin Arias,BOS,A,18,36,148,166,38,26,9,0,3,18,26,16,0,29,1,1,0,4,5,2,0.256756756,sa3021845
2025,Franklin Arias,BOS,A,19,19,78,86,27,23,4,0,0,15,9,6,0,12,2,0,0,0,4,1,0.346153846,sa3021845
2025,Juan Sulbaran,TEX,A,19,19,61,67,16,9,6,0,1,4,6,1,0,15,3,2,0,2,0,0,0.262295081,sa3021851
2026,Juan Sulbaran,TEX,A,20,13,43,49,4,4,0,0,0,5,2,5,0,8,0,0,1,2,0,1,0.093023255,sa3021851
2025,Javier Mogollon,CHW,A,19,51,186,224,41,23,10,3,5,36,19,30,0,56,6,0,2,4,15,6,0.220430107,sa3021855
2026,Javier Mogollon,CHW,A,20,41,145,173,39,23,8,2,6,24,26,21,0,50,5,2,0,1,19,2,0.268965517,sa3021855
2025,Adrian Gil,CHW,A,19,24,78,93,11,6,5,0,0,10,4,11,0,34,3,0,0,1,4,2,0.141025641,sa3021856
2026,Adrian Gil,CHW,A,20,13,43,50,5,3,1,0,1,3,5,6,0,16,0,0,0,1,0,0,0.116279069,sa3021856
2025,Felix Cotes,TBR,A,19,11,30,39,7,6,1,0,0,4,7,8,0,6,0,0,1,0,0,0,0.233333333,sa3022053
2023,Cristopher De Guzman,CHW,A,23,18,40,47,7,5,2,0,0,9,3,6,0,17,0,0,1,0,5,0,0.175,sa3022195
2026,Jose Perez,BAL,A,21,19,65,73,15,6,3,3,3,11,8,7,0,29,1,0,0,0,1,1,0.23076923,sa3022198
2024,Eriandys Ramon,CHC,A,21,27,98,110,18,8,8,2,0,13,5,10,0,25,2,0,0,2,3,2,0.183673469,sa3022256
2025,Eriandys Ramon,CHC,A,22,45,165,179,31,23,5,2,1,18,12,10,0,54,3,0,0,1,1,2,0.187878787,sa3022256
2023,Ryan McCarthy,CHW,A,24,42,138,161,32,18,8,4,2,20,12,18,0,34,5,0,0,5,5,1,0.231884057,sa3022264
2024,Junior Garcia,ATL,A,18,40,136,162,25,24,1,0,0,7,11,25,0,59,1,0,0,1,3,4,0.183823529,sa3022283
2026,Junior Garcia,ATL,A,20,30,100,120,18,14,3,0,1,12,10,18,0,45,1,1,0,2,1,1,0.18,sa3022283
2025,Alexey Lumpuy,CHC,A,21,102,382,429,80,49,14,6,11,62,46,34,0,154,12,0,1,2,30,9,0.209424083,sa3022296
2026,Alexey Lumpuy,CHC,A,22,38,151,173,34,27,6,0,1,18,20,19,0,54,2,1,0,0,16,3,0.225165562,sa3022296
2025,Yosweld Vasquez,HOU,A,20,8,29,37,7,4,3,0,0,4,6,5,0,7,1,2,0,1,4,0,0.24137931,sa3022361
2026,Yosweld Vasquez,HOU,A,21,28,80,92,13,11,2,0,0,6,8,8,0,28,2,2,0,1,6,1,0.1625,sa3022361
2023,Drew Compton,ATL,A,22,31,111,130,27,19,6,1,1,18,16,17,0,27,1,1,0,0,1,0,0.243243243,sa3022495
2024,Drew Compton,ATL,A,23,43,149,180,44,30,11,0,3,17,26,26,1,33,3,2,0,5,5,1,0.295302013,sa3022495
2023,Calvin Harris,CHW,A,21,30,108,130,26,21,3,1,1,14,19,20,0,23,1,1,0,4,0,1,0.24074074,sa3022496
2025,Calvin Harris,CHW,A,23,31,119,135,34,24,6,3,1,21,21,14,0,30,0,2,0,1,5,1,0.285714285,sa3022496
2023,Sabin Ceballos,ATL,A,20,9,32,35,9,8,0,0,1,3,6,3,0,11,0,0,0,0,0,0,0.28125,sa3022500
2023,Eddie Park,CHW,A,21,21,81,94,27,24,2,1,0,18,5,12,0,19,1,0,0,2,4,0,0.333333333,sa3022502
2024,Eddie Park,CHW,A,22,15,53,70,15,12,2,1,0,7,8,17,0,4,0,0,0,1,3,1,0.283018867,sa3022502
2023,Cam Magee,ATL,A,21,30,114,129,21,13,6,0,2,18,14,10,0,39,4,1,0,1,11,3,0.184210526,sa3022503
2024,Cam Magee,ATL,A,22,57,187,220,33,27,5,0,1,21,13,22,0,75,8,3,0,1,18,4,0.176470588,sa3022503
2023,Jacob Godman,ATL,A,23,13,37,48,6,5,0,0,1,7,7,9,0,15,0,2,0,0,0,0,0.162162162,sa3022504
2024,Jacob Godman,ATL,A,24,47,130,164,26,18,5,1,2,19,11,31,0,40,3,0,0,0,9,2,0.2,sa3022504
2023,Jace Grady,ATL,A,22,28,99,116,24,15,7,0,2,15,17,15,0,31,0,2,0,0,10,2,0.242424242,sa3022505
2024,Jace Grady,ATL,A,23,45,170,195,49,33,9,2,5,27,26,23,0,33,1,1,0,3,9,1,0.288235294,sa3022505
2024,Isaiah Drake,ATL,A,18,69,246,283,40,26,8,4,2,26,11,32,0,100,1,3,0,1,23,4,0.162601626,sa3022507
2025,Isaiah Drake,ATL,A,19,84,319,364,83,66,6,6,5,41,47,39,0,82,2,4,0,1,35,9,0.260188087,sa3022507
2023,Kade Kern,ATL,A,21,27,91,104,22,16,3,0,3,13,15,13,0,31,0,0,0,3,7,3,0.241758241,sa3022508
2024,Kade Kern,ATL,A,22,80,277,310,55,39,9,2,5,29,24,25,0,92,5,3,0,12,16,7,0.198555956,sa3022508
2023,Will Verdung,ATL,A,20,26,97,109,23,22,1,0,0,10,9,9,0,30,1,2,0,2,3,3,0.237113402,sa3022512
2024,Will Verdung,ATL,A,21,106,362,437,78,60,16,0,2,37,37,64,1,90,8,3,0,11,17,5,0.215469613,sa3022512
2023,Jeron Williams,HOU,A,22,18,57,72,12,12,0,0,0,9,3,13,0,13,2,0,0,2,9,0,0.210526315,sa3022566
2023,Ryan Johnson,HOU,A,22,34,120,137,23,13,5,1,4,12,12,12,0,48,4,1,0,2,2,1,0.191666666,sa3022569
2025,Ryan Johnson,HOU,A,24,4,16,20,6,3,3,0,0,3,1,2,0,4,2,0,0,0,3,0,0.375,sa3022569
2024,Nehomar Ochoa Jr.,HOU,A,18,103,343,394,76,50,15,1,10,44,44,38,0,116,11,2,0,1,17,5,0.221574344,sa3022572
2025,Nehomar Ochoa Jr.,HOU,A,19,23,74,83,12,10,1,0,1,11,2,7,0,26,1,1,0,1,1,2,0.162162162,sa3022572
2026,Nehomar Ochoa Jr.,HOU,A,20,35,122,142,34,24,5,0,5,21,19,17,0,38,2,1,0,2,18,2,0.278688524,sa3022572
2024,Anthony Sherwin,HOU,A,22,21,71,85,15,14,0,0,1,8,9,12,0,25,1,1,0,2,0,1,0.211267605,sa3022575
2023,Brian Kalmer,CHC,A,22,32,120,138,43,26,5,2,10,22,40,13,0,28,2,2,0,3,0,1,0.358333333,sa3022591
2023,Trevor Werner,KCR,A,22,31,113,135,40,19,11,2,8,32,36,21,1,31,1,0,0,2,8,4,0.3539823,sa3022592
2024,Drew Bowser,CHC,A,22,58,191,228,31,17,9,1,4,27,20,31,0,95,4,2,0,3,0,1,0.162303664,sa3022594
2023,Brett Bateman,CHC,A,21,29,104,130,31,28,3,0,0,23,16,24,0,19,1,1,0,1,11,1,0.298076923,sa3022603
2024,Aidan Smith,TBR,A,19,20,72,86,22,13,7,0,2,17,11,12,0,16,0,2,0,0,13,1,0.305555555,sa3022611
2024,Arturo Disla,TEX,A,23,87,320,359,90,62,17,0,11,35,50,32,0,65,7,0,0,9,2,1,0.28125,sa3022618
2023,Devin Hurdle,TEX,A,23,23,76,86,16,14,2,0,0,13,5,9,0,26,0,0,1,1,3,1,0.210526315,sa3022655
2023,Quincy Scott,TEX,A,20,24,85,99,32,30,1,1,0,15,11,10,0,28,2,2,0,2,2,0,0.376470588,sa3022656
2023,Anthony Calarco,TEX,A,23,29,94,108,17,16,0,0,1,9,5,11,0,37,2,1,0,3,1,0,0.180851063,sa3022657
2024,Carter Trice,CHC,A,21,67,229,266,50,23,18,1,8,24,34,33,0,88,2,2,0,1,2,1,0.218340611,sa3022661
2023,Gavin Dugas,WSN,A,23,16,50,66,8,6,0,0,2,9,5,7,0,18,9,0,0,0,1,0,0.16,sa3022667
2024,Gavin Dugas,WSN,A,24,27,103,122,35,22,10,0,3,26,20,12,0,27,6,0,0,1,7,1,0.339805825,sa3022667
2023,Andrew Pinckney,WSN,A,22,17,73,82,24,15,6,0,3,21,15,4,0,16,5,0,0,1,6,1,0.328767123,sa3022670
2023,Yohandy Morales,WSN,A,21,18,77,87,30,18,10,2,0,18,17,8,0,18,1,1,0,0,1,1,0.389610389,sa3022672
2024,Yohandy Morales,WSN,A,22,6,24,25,10,6,2,0,2,5,7,1,0,1,0,0,0,1,1,0,0.416666666,sa3022672
2023,Elijah Nunez,WSN,A,21,24,85,109,24,22,2,0,0,20,11,21,0,20,0,3,0,0,19,3,0.282352941,sa3022674
2025,Elijah Nunez,WSN,A,23,38,118,145,25,21,2,1,1,17,13,25,0,37,2,0,0,0,9,4,0.211864406,sa3022674
2023,Marcus Brown,WSN,A,21,28,100,120,27,21,4,1,1,14,24,15,0,15,4,1,0,3,4,2,0.27,sa3022676
2024,Marcus Brown,WSN,A,22,51,187,207,44,26,12,3,3,31,22,14,0,42,5,1,0,4,5,2,0.235294117,sa3022676
2023,Garret Guillemette,HOU,A,21,28,102,120,24,15,6,0,3,15,17,9,0,18,6,3,0,1,0,0,0.235294117,sa3022677
2024,Brandon Pimentel,WSN,A,24,111,420,465,115,83,22,2,8,49,85,22,1,106,16,7,0,9,18,4,0.273809523,sa3022678
2023,Phillip Glasser,WSN,A,23,5,19,21,8,6,2,0,0,5,4,2,0,2,0,0,0,0,1,0,0.421052631,sa3022680
2024,Phillip Glasser,WSN,A,24,15,63,72,24,15,7,0,2,19,12,8,0,13,0,1,0,3,8,0,0.38095238,sa3022680
2024,Xavier Casserilla,HOU,A,21,60,203,230,46,31,15,0,0,17,27,15,0,63,12,0,0,0,6,2,0.226600985,sa3022681
2023,Cam Fisher,HOU,A,22,31,110,134,30,17,6,2,5,16,15,22,0,44,1,1,0,0,5,0,0.272727272,sa3022687
2025,Cam Fisher,HOU,A,24,56,159,205,26,12,4,0,10,29,27,37,0,74,6,2,1,0,19,6,0.163522012,sa3022687
2023,Jared Dickey,KCR,A,21,28,95,113,33,25,5,3,0,18,19,12,0,11,4,2,0,6,3,0,0.347368421,sa3022688
2025,Anthony Huezo,HOU,A,19,22,83,91,25,21,1,1,2,14,12,8,0,24,0,0,0,1,6,3,0.301204819,sa3022691
2026,Anthony Huezo,HOU,A,20,42,159,186,38,18,9,4,7,27,27,20,0,66,3,4,0,1,19,5,0.23899371,sa3022691
2025,Yahil Melendez,CHC,A,19,51,169,207,37,29,5,1,2,22,21,30,1,75,7,1,0,0,7,4,0.218934911,sa3022692
2026,Yahil Melendez,CHC,A,20,20,68,78,11,8,2,0,1,6,5,9,0,23,1,0,0,0,1,0,0.161764705,sa3022692
2023,Spencer Nivens,KCR,A,21,28,98,122,18,13,3,0,2,12,7,23,0,20,0,1,0,0,7,3,0.183673469,sa3022697
2024,Will Bush,HOU,A,20,88,272,325,60,39,12,1,8,32,45,41,1,89,8,3,0,7,5,0,0.220588235,sa3022698
2024,Chase Jaworsky,HOU,A,19,78,283,328,66,42,20,0,4,45,32,29,0,68,15,1,0,2,28,6,0.233215547,sa3022700
2023,Pascanel Ferreras,HOU,A,21,29,104,116,22,16,5,0,1,11,10,8,0,33,3,1,0,1,3,3,0.211538461,sa3022702
2023,Edrick Felix,CHW,A,21,12,44,48,10,7,1,1,1,7,5,3,0,16,1,0,0,0,0,0,0.227272727,sa3022754
2024,Edrick Felix,CHW,A,22,22,71,87,10,9,1,0,0,7,4,10,0,24,5,1,0,0,0,0,0.14084507,sa3022754
2024,Caden Connor,CHW,A,23,78,300,356,92,62,24,2,4,51,55,42,0,61,5,9,0,1,6,1,0.306666666,sa3022755
2024,Blake Mitchell,KCR,A,19,106,378,466,90,53,16,3,18,64,50,79,2,142,6,3,0,2,25,7,0.238095238,sa3022756
2023,Ryan Galanie,CHW,A,23,28,110,123,31,22,5,2,2,21,12,7,0,22,4,2,0,4,3,1,0.281818181,sa3022759
2024,Ryan Galanie,CHW,A,24,38,153,176,53,35,7,4,7,27,39,18,0,37,5,0,0,4,1,0,0.346405228,sa3022759
2023,Pier-Olivier Boucher,ATL,A,23,23,82,90,15,12,3,0,0,10,5,6,0,38,2,0,0,0,4,1,0.182926829,sa3022761
2024,Pier-Olivier Boucher,ATL,A,24,39,121,143,21,14,5,1,1,14,6,20,0,48,2,0,0,3,12,2,0.173553719,sa3022761
2023,Tavian Josenberger,BAL,A,21,22,78,102,20,17,2,1,0,14,12,19,0,22,0,3,1,1,7,2,0.256410256,sa3022808
2023,Bryan Broecker,TBR,A,21,17,50,61,5,3,0,0,2,5,6,9,0,23,2,0,0,0,3,0,0.1,sa3022814
2024,Bryan Broecker,TBR,A,22,48,142,180,25,20,5,0,0,14,11,32,0,51,4,1,1,3,9,2,0.176056338,sa3022814
2023,Matthew Etzel,BAL,A,21,21,70,91,22,15,4,1,2,16,19,14,0,17,4,2,0,2,16,3,0.314285714,sa3022815
2024,George Wolkow,CHW,A,18,76,278,325,67,41,11,4,11,39,52,39,0,132,5,3,0,3,6,1,0.241007194,sa3022817
2025,George Wolkow,CHW,A,19,116,426,496,95,64,16,2,13,58,69,54,0,147,8,7,1,6,33,6,0.223004694,sa3022817
2023,Stanley Tucker,BOS,A,21,8,26,27,2,1,0,0,1,2,3,1,0,11,0,0,0,0,1,0,0.076923076,sa3022818
2024,Stanley Tucker,BOS,A,22,69,221,261,43,33,6,2,2,23,25,39,0,61,0,1,0,2,23,7,0.194570135,sa3022818
2026,Stanley Tucker,BOS,A,24,24,78,88,25,17,3,1,4,18,15,10,0,13,0,0,0,2,11,1,0.32051282,sa3022818
2025,Stone Russell,KCR,A,21,115,383,458,85,61,14,6,4,39,53,60,0,84,7,6,1,8,4,6,0.221932114,sa3022819
2026,Stone Russell,KCR,A,22,43,151,173,41,29,8,2,2,20,18,17,0,36,4,1,0,4,5,1,0.271523178,sa3022819
2023,Carson Roccaforte,KCR,A,21,27,101,122,26,18,6,2,0,19,12,19,0,31,1,1,0,2,11,3,0.257425742,sa3022825
2023,Jonathon Long,CHC,A,21,23,77,92,20,11,3,0,6,11,12,11,1,18,4,0,0,1,0,0,0.259740259,sa3022864
2024,Eric Bitonti,MIL,A,18,28,113,132,25,11,6,0,8,20,24,16,0,39,1,2,0,1,3,0,0.221238938,sa3022866
2025,Eric Bitonti,MIL,A,19,118,428,505,102,62,21,0,19,58,77,66,1,169,4,7,0,1,17,10,0.238317757,sa3022866
2024,Cooper Pratt,MIL,A,19,73,261,311,77,60,11,3,3,43,36,38,0,57,7,4,0,2,25,2,0.295019157,sa3022867
2024,Alfonsin Rosario,CHC,A,20,109,383,456,88,50,18,4,16,61,73,56,0,147,13,4,0,4,20,5,0.229765013,sa3022868
2023,Mac Horvath,BAL,A,21,14,52,64,16,10,4,0,2,11,5,10,0,17,1,1,0,0,9,0,0.307692307,sa3022885
2024,Wooyeoul Shin,TBR,A,22,58,193,236,41,29,6,2,4,36,18,36,0,59,6,1,0,4,22,2,0.212435233,sa3022888
2025,Wooyeoul Shin,TBR,A,23,49,166,200,38,26,8,1,3,28,19,26,0,34,5,2,1,6,10,2,0.228915662,sa3022888
2024,Adrian Santana,TBR,A,18,103,417,455,100,76,21,3,0,55,35,34,0,72,2,1,1,9,51,9,0.239808153,sa3022890
2024,Nazzan Zanetello,BOS,A,19,78,294,345,46,26,11,2,7,38,21,42,0,151,8,0,0,5,4,1,0.156462585,sa3022893
2023,Colton Ledbetter,TBR,A,21,18,63,74,16,9,6,0,1,11,8,10,0,16,0,0,0,1,2,2,0.253968253,sa3022897
2023,Enrique Bradfield Jr.,BAL,A,21,17,53,77,16,14,2,0,0,15,6,19,0,9,3,2,0,0,20,2,0.301886792,sa3022917
2023,Tre' Morgan,TBR,A,20,11,36,44,14,12,1,1,0,7,2,8,0,2,0,0,0,1,4,1,0.388888888,sa3022919
2024,Tre' Morgan,TBR,A,21,26,100,115,32,25,4,1,2,19,11,10,0,13,3,0,0,1,9,5,0.32,sa3022919
2023,Jalen Vasquez,BAL,A,21,24,75,93,20,12,5,3,0,14,5,17,0,19,1,0,0,0,3,2,0.266666666,sa3022920
2023,Brayden Taylor,TBR,A,21,22,82,96,20,10,3,2,5,15,15,14,0,31,0,0,0,1,9,0,0.243902439,sa3022921
2025,Alberth Palma,TBR,A,19,21,80,87,18,16,2,0,0,6,6,6,0,12,1,0,0,2,1,0,0.225,sa3022924
2026,Alberth Palma,TBR,A,20,42,146,170,32,28,4,0,0,19,12,19,0,21,4,0,1,6,14,2,0.219178082,sa3022924
2024,Mikey Kane,CHW,A,22,48,172,203,47,33,9,0,5,29,13,24,0,42,5,2,0,1,2,0,0.273255813,sa3022930
2025,Mikey Kane,CHW,A,23,56,181,216,44,39,2,2,1,15,23,29,0,26,5,0,1,6,1,1,0.243093922,sa3022930
2024,Ralphy Velazquez,CLE,A,19,82,309,373,75,43,21,1,10,56,52,56,0,75,4,4,0,7,8,2,0.242718446,sa3023013
2025,Maxton Martin,TEX,A,20,102,402,458,104,61,25,6,12,72,64,45,0,101,8,3,0,5,13,0,0.258706467,sa3023014
2024,Tommy Hawke,CLE,A,21,88,323,391,85,66,12,6,1,59,22,59,1,78,4,4,1,1,37,11,0.263157894,sa3023055
2025,Tommy Hawke,CLE,A,22,63,207,267,64,51,11,2,0,65,22,53,0,44,3,2,1,4,63,5,0.309178743,sa3023055
2023,Alex Mooney,CLE,A,20,17,66,76,10,6,4,0,0,8,4,7,0,13,3,0,0,1,4,0,0.151515151,sa3023070
2024,Barrett Riebock,CLE,A,21,25,74,87,14,10,2,1,1,12,9,9,0,13,1,3,0,0,2,2,0.189189189,sa3023071
2023,Antonio Anderson,BOS,A,18,7,27,28,5,4,1,0,0,2,1,1,0,9,0,0,0,1,0,1,0.185185185,sa3023167
2024,Antonio Anderson,BOS,A,19,108,404,482,75,52,17,1,5,53,34,69,0,122,6,3,0,8,3,4,0.185643564,sa3023167
2025,Antonio Anderson,BOS,A,20,22,84,101,29,21,6,0,2,18,17,15,0,22,0,2,0,4,1,2,0.345238095,sa3023167
2024,Josh Adamczewski,MIL,A,19,9,33,41,9,3,5,0,1,7,9,7,0,10,1,0,0,1,0,0,0.272727272,sa3023168
2025,Josh Adamczewski,MIL,A,20,46,167,206,60,39,12,4,5,36,38,29,0,37,5,4,0,0,4,0,0.359281437,sa3023168
2025,Michael Carico,CHC,A,22,7,22,30,5,3,1,0,1,5,7,6,0,7,2,0,0,0,0,0,0.227272727,sa3023216
2026,Michael Carico,CHC,A,23,25,81,112,21,14,4,0,3,17,11,27,1,28,3,1,0,2,3,0,0.259259259,sa3023216
2023,Jake Cunningham,BAL,A,20,12,35,44,8,6,1,0,1,7,10,9,0,10,0,0,0,1,3,1,0.228571428,sa3023269
2024,Jake Cunningham,BAL,A,21,71,231,268,48,34,8,2,4,30,23,31,0,85,4,1,1,1,20,2,0.207792207,sa3023269
2023,Cole Urman,BAL,A,21,6,19,20,6,5,1,0,0,0,1,1,0,8,0,0,0,0,0,0,0.315789473,sa3023270
2024,Cole Urman,BAL,A,22,80,249,293,51,33,13,0,5,32,20,36,0,90,4,2,2,1,10,1,0.204819277,sa3023270
2025,Cole Urman,BAL,A,23,33,113,131,26,19,4,1,2,12,12,17,0,44,0,0,1,3,0,2,0.230088495,sa3023270
2024,Joe Olsavsky,ATL,A,22,63,188,232,33,22,8,1,2,28,19,33,0,60,11,0,0,1,6,5,0.175531914,sa3023289
2025,Joe Olsavsky,ATL,A,23,48,148,187,43,36,5,1,1,18,17,27,0,35,12,0,0,4,6,0,0.29054054,sa3023289
2026,Joe Olsavsky,ATL,A,24,26,76,95,12,8,2,1,1,17,5,14,0,36,4,1,0,5,4,2,0.157894736,sa3023289
2024,Matt Hogan,CHW,A,24,38,110,140,23,14,2,1,6,21,20,25,0,43,2,3,0,1,8,1,0.209090909,sa3023375
2024,Noah Myers,TBR,A,24,62,183,244,51,36,11,1,3,38,22,56,0,54,2,3,0,0,24,5,0.278688524,sa3023377
2024,Julian Brock,TEX,A,23,95,351,393,89,62,17,4,6,54,41,31,1,111,5,6,0,5,7,6,0.253561253,sa3023424
2024,Christian Knapczyk,CLE,A,22,92,320,399,80,59,12,7,2,56,41,56,0,70,16,6,1,2,18,8,0.25,sa3023425
2024,Nelly Taylor,BOS,A,21,101,369,434,84,51,24,3,6,69,46,60,0,106,2,3,0,4,31,9,0.227642276,sa3023426
2024,Caden Rose,BOS,A,22,10,34,42,12,6,6,0,0,9,7,5,0,10,3,0,0,1,3,1,0.352941176,sa3023458
2024,Chris Brito,KCR,A,24,40,121,160,37,25,10,0,2,26,18,31,0,18,3,4,1,3,4,1,0.305785123,sa3023486
2024,J.D. Gonzalez,TBR,A,18,24,81,89,6,3,2,0,1,7,2,7,0,40,0,0,1,1,1,0,0.074074074,sa3023546
2025,J.D. Gonzalez,TBR,A,19,27,98,104,17,16,1,0,0,3,12,6,0,27,0,0,0,0,0,0,0.173469387,sa3023546
2026,J.D. Gonzalez,TBR,A,20,8,30,31,7,6,1,0,0,2,4,1,0,6,0,0,0,1,0,0,0.233333333,sa3023546
2024,Cesar Hernandez,HOU,A,21,94,335,382,77,58,15,2,2,52,34,30,0,85,12,5,0,2,34,7,0.229850746,sa3023547
2025,Cesar Hernandez,HOU,A,22,65,227,274,53,36,7,1,9,39,32,36,0,56,6,5,0,4,24,11,0.233480176,sa3023547
2024,Nate Rombach,WSN,A,23,30,111,119,29,21,6,0,2,9,14,8,0,34,0,0,0,3,0,0,0.261261261,sa3023620
2025,Nate Rombach,WSN,A,24,58,206,233,47,32,11,1,3,22,21,22,0,46,1,4,0,6,2,1,0.228155339,sa3023620
2025,Angel Arredondo,TEX,A,18,6,22,23,1,1,0,0,0,1,1,1,0,11,0,0,0,1,0,0,0.045454545,sa3023647
2026,Angel Arredondo,TEX,A,19,42,136,171,25,14,7,1,3,23,10,29,0,39,5,0,1,1,2,1,0.183823529,sa3023647
2025,Paulino Santana,TEX,A,18,18,60,67,13,9,1,3,0,6,4,4,0,29,3,0,0,2,3,4,0.216666666,sa3023718
2026,Paulino Santana,TEX,A,19,47,172,215,45,28,12,1,4,33,22,33,0,60,9,0,1,2,12,4,0.261627906,sa3023718
2025,Yolfran Castillo,TEX,A,18,28,106,120,27,21,5,1,0,8,10,10,0,17,2,2,0,2,11,0,0.254716981,sa3023726
2026,Yolfran Castillo,TEX,A,19,46,182,209,55,37,15,1,2,29,25,24,0,35,3,0,0,1,22,3,0.302197802,sa3023726
2025,Justin Gonzales,BOS,A,18,81,312,357,93,64,23,2,4,45,27,35,0,52,8,2,0,9,11,7,0.298076923,sa3023757
2025,Anderson Fermin,BOS,A,18,8,25,35,1,1,0,0,0,4,1,8,0,12,1,1,0,0,3,0,0.04,sa3023759
2026,Anderson Fermin,BOS,A,19,26,77,102,13,10,1,1,1,17,4,21,0,33,4,0,0,0,4,3,0.168831168,sa3023759
2026,Avinson Pinto,BOS,A,19,37,131,149,29,17,7,3,2,20,14,17,0,24,0,1,0,4,4,3,0.221374045,sa3023761
2025,Enddy Azocar,BOS,A,18,71,258,287,52,36,9,1,6,34,26,21,0,67,5,2,1,4,11,2,0.201550387,sa3023764
2026,Enddy Azocar,BOS,A,19,39,166,180,49,25,15,3,6,31,26,12,0,40,1,1,0,1,7,2,0.295180722,sa3023764
2026,Ilan Fernandez,BOS,A,19,32,97,117,20,12,7,0,1,13,12,15,0,28,3,2,0,2,5,2,0.206185567,sa3023766
2025,Angel Feliz,WSN,A,18,31,100,116,23,16,3,1,3,16,15,12,0,27,0,2,2,1,5,0,0.23,sa3023892
2026,Luis De La Cruz,CLE,A,19,39,132,158,38,29,8,0,1,23,21,19,0,42,5,0,0,2,22,6,0.287878787,sa3023928
2026,Yeiferth Castillo,CLE,A,19,43,165,182,41,31,8,0,2,14,27,13,0,18,0,4,0,9,3,0,0.248484848,sa3023931
2025,Daniel Flames,TEX,A,18,7,23,26,7,5,2,0,0,7,1,3,0,3,0,0,0,1,1,0,0.304347826,sa3023951
2026,Daniel Flames,TEX,A,19,34,126,140,32,28,3,0,1,13,10,12,0,28,1,0,1,2,1,2,0.253968253,sa3023951
2025,Jesus Made,MIL,A,18,83,322,378,86,58,21,3,4,55,46,53,0,78,2,1,0,4,40,9,0.267080745,sa3024108
2026,Jordan Sanchez,BAL,A,20,23,95,102,16,8,5,1,2,7,11,5,0,32,1,1,0,2,1,1,0.168421052,sa3024112
2025,Handelfry Encarnacion,MIL,A,18,28,103,114,16,11,4,1,0,8,11,10,0,22,1,0,0,2,0,1,0.155339805,sa3024124
2026,Handelfry Encarnacion,MIL,A,19,47,181,221,43,24,11,2,6,30,33,36,0,49,4,0,0,5,11,5,0.23756906,sa3024124
2026,Frederi Montero,MIL,A,19,45,167,199,33,23,5,1,4,22,21,27,0,61,1,4,0,1,5,3,0.19760479,sa3024125
2025,Kevin Garcia,MIL,A,17,14,50,54,15,13,2,0,0,5,5,3,0,10,1,0,0,0,0,0,0.3,sa3024130
2026,Kevin Garcia,MIL,A,18,14,53,59,8,6,1,0,1,7,10,3,0,26,1,2,0,0,1,0,0.150943396,sa3024130
2025,Jose Anderson,MIL,A,18,84,306,341,59,33,15,3,8,29,29,27,0,101,6,2,0,5,7,4,0.192810457,sa3024133
2026,Jose Anderson,MIL,A,19,44,169,198,29,11,8,0,10,21,30,23,0,83,4,2,0,2,4,2,0.171597633,sa3024133
2025,Luis Pena,MIL,A,18,71,273,309,84,58,14,6,6,59,52,28,0,41,4,4,0,5,41,7,0.307692307,sa3024134
2026,Elvin Garcia,BAL,A,19,6,23,26,6,5,1,0,0,0,4,2,0,10,1,0,0,0,0,0,0.260869565,sa3024147
2026,Luis Corobo,MIL,A,19,7,22,27,6,6,0,0,0,1,3,5,0,9,0,0,0,0,0,0,0.272727272,sa3024153
2025,Hector Salas,HOU,A,21,33,109,134,26,22,4,0,0,13,9,18,0,33,3,0,4,0,10,6,0.23853211,sa3024156
2026,Hector Salas,HOU,A,22,18,50,71,13,11,2,0,0,11,9,19,0,18,0,1,1,1,7,3,0.26,sa3024156
2026,Robert Arias,CLE,A,19,43,158,190,46,30,10,1,5,35,26,29,0,27,0,2,1,2,21,7,0.29113924,sa3024304
2025,Yandel Ricardo,KCR,A,18,50,179,200,38,30,6,2,0,24,14,13,0,41,4,1,3,4,14,3,0.212290502,sa3024305
2026,Yandel Ricardo,KCR,A,19,44,161,181,41,23,11,3,4,27,21,15,0,42,2,0,3,2,13,5,0.254658385,sa3024305
2025,Dauri Fernandez,CLE,A,18,7,22,24,6,5,1,0,0,3,3,0,0,3,0,2,0,0,2,0,0.272727272,sa3024327
2026,Dauri Fernandez,CLE,A,19,36,145,161,41,27,9,3,2,28,23,15,0,37,0,1,0,0,21,4,0.28275862,sa3024327
2025,Juneiker Caceres,CLE,A,17,30,116,130,29,20,8,0,1,15,7,9,0,17,5,0,0,3,2,3,0.25,sa3024329
2026,Juneiker Caceres,CLE,A,18,25,97,117,26,18,5,1,2,23,18,17,0,13,1,2,0,1,5,0,0.268041237,sa3024329
2026,Juan Ortuno,MIL,A,19,38,145,177,37,26,8,1,2,25,14,26,0,35,6,0,0,2,15,6,0.255172413,sa3024330
2025,Juan Mateo,ATL,A,18,31,119,135,28,24,4,0,0,18,18,12,0,32,0,3,0,2,4,1,0.235294117,sa3024340
2026,Juan Mateo,ATL,A,19,33,127,137,37,31,4,2,0,15,8,10,0,29,0,0,0,3,9,3,0.291338582,sa3024340
2026,Johan Rodriguez,CLE,A,18,16,60,65,11,5,5,0,1,4,5,3,1,17,2,0,0,1,0,1,0.183333333,sa3024364
2025,Jose Cerice,KCR,A,20,34,116,126,35,29,5,0,1,18,15,3,0,15,6,1,0,4,3,0,0.301724137,sa3024375
2025,Stiven Martinez,BAL,A,17,25,80,95,10,6,3,1,0,5,2,13,0,46,2,0,0,1,3,2,0.125,sa3024627
2026,Stiven Martinez,BAL,A,18,35,134,147,33,22,3,2,6,22,20,10,0,50,2,1,0,1,5,4,0.246268656,sa3024627
2026,Michael Martinez,ATL,A,19,9,35,35,10,7,1,0,2,5,6,0,0,10,0,0,0,1,1,1,0.285714285,sa3024654
2025,Mac Guscette,ATL,A,23,23,75,92,22,13,7,1,1,14,16,14,0,15,2,1,0,2,0,1,0.293333333,sa3025221
2024,Mason Guerra,ATL,A,21,24,75,87,10,7,3,0,0,5,5,11,0,25,1,0,0,1,0,0,0.133333333,sa3025222
2025,Mason Guerra,ATL,A,22,47,146,185,35,20,5,1,9,25,27,33,0,49,4,2,0,2,0,0,0.239726027,sa3025222
2024,Patrick Clohisy,ATL,A,22,22,78,88,20,13,7,0,0,7,8,9,0,17,0,1,0,0,3,0,0.256410256,sa3025223
2024,Colby Jones,ATL,A,20,20,64,70,18,15,3,0,0,8,4,4,0,15,2,0,0,1,1,4,0.28125,sa3025224
2025,Colby Jones,ATL,A,21,91,304,374,65,56,5,3,1,52,25,60,0,78,6,4,0,4,54,10,0.213815789,sa3025224
2024,Titus Dumitru,ATL,A,21,27,92,108,20,12,6,1,1,15,11,13,0,26,2,1,0,2,4,3,0.217391304,sa3025225
2026,Marshall Toole,TBR,A,23,12,40,49,5,4,0,1,0,9,1,7,1,21,2,0,0,0,2,1,0.125,sa3025270
2024,Lyle Miller-Green,CHW,A,23,19,64,77,14,8,4,0,2,8,6,11,0,26,2,0,0,0,0,0,0.21875,sa3025307
2025,Lyle Miller-Green,CHW,A,24,71,240,301,63,46,8,4,5,44,34,52,0,86,5,3,1,3,7,4,0.2625,sa3025307
2024,Alec Makarewicz,CHW,A,23,28,113,125,34,22,10,0,2,16,28,11,0,28,0,1,0,1,0,2,0.300884955,sa3025309
2024,Nathan Archer,CHW,A,21,22,77,86,16,13,3,0,0,12,3,7,0,23,2,0,0,1,8,0,0.207792207,sa3025314
2025,Nathan Archer,CHW,A,22,98,343,391,75,52,14,4,5,40,36,43,0,128,1,3,1,1,20,9,0.218658892,sa3025314
2026,Nathan Archer,CHW,A,23,28,87,101,14,8,2,3,1,10,9,12,0,37,2,0,0,1,6,4,0.16091954,sa3025314
2025,Nick Mitchell,CLE,A,21,39,141,169,36,31,3,2,0,21,20,24,0,21,2,2,0,2,21,2,0.255319148,sa3025315
2024,T.J. McCants,CHW,A,23,16,61,73,14,8,1,3,2,9,6,11,0,25,1,0,0,1,4,2,0.229508196,sa3025355
2025,T.J. McCants,CHW,A,24,29,108,127,33,27,3,0,3,12,15,18,0,32,1,0,0,2,9,4,0.305555555,sa3025355
2024,Casey Cook,TEX,A,21,20,71,82,14,11,3,0,0,6,3,5,0,16,5,1,0,0,3,0,0.197183098,sa3025356
2024,Caden Powell,HOU,A,20,24,87,94,21,14,4,1,2,13,13,4,0,34,2,1,0,0,6,1,0.24137931,sa3025361
2025,Caden Powell,HOU,A,21,78,297,346,71,44,15,2,10,54,43,43,0,103,5,1,0,3,32,6,0.239057239,sa3025361
2024,Max Holy,HOU,A,21,22,66,83,11,10,1,0,0,7,5,16,0,26,1,0,0,1,17,1,0.166666666,sa3025362
2025,Max Holy,HOU,A,22,68,223,280,51,41,6,3,1,42,23,48,0,83,4,4,0,3,30,8,0.228699551,sa3025362
2025,Ben Hartl,TEX,A,22,62,213,264,45,35,8,1,1,31,27,24,0,59,24,3,0,6,5,2,0.211267605,sa3025364
2024,Ben Hartl,TEX,A,21,14,37,52,12,10,1,0,1,5,8,9,0,14,4,2,0,0,1,0,0.324324324,sa3025364
2024,Trevor Austin,HOU,A,22,20,75,85,22,18,4,0,0,3,11,6,0,15,4,0,0,3,3,0,0.293333333,sa3025365
2024,Jackson Appel,CHW,A,22,12,41,50,11,8,2,0,1,9,6,7,0,7,2,0,0,2,0,0,0.268292682,sa3025367
2025,Rafe Perich,TEX,A,23,58,209,252,52,37,10,1,4,34,39,36,0,52,3,4,0,4,5,0,0.248803827,sa3025368
2024,Rafe Perich,TEX,A,22,9,25,33,3,2,1,0,0,2,2,8,0,8,0,0,0,1,0,0,0.12,sa3025368
2024,Drew Vogel,HOU,A,22,22,71,88,6,6,0,0,0,8,4,13,0,17,4,0,0,1,10,1,0.084507042,sa3025369
2024,Jason Schiavone,HOU,A,21,20,64,75,10,5,3,0,2,8,7,10,0,33,1,0,0,2,3,0,0.15625,sa3025370
2025,Jason Schiavone,HOU,A,22,70,194,265,32,16,10,1,5,39,24,58,0,98,12,1,0,2,11,3,0.164948453,sa3025370
2024,Lucas Spence,HOU,A,21,24,80,98,16,13,0,2,1,10,4,15,0,22,3,0,0,1,4,2,0.2,sa3025371
2025,Lucas Spence,HOU,A,22,23,77,101,22,16,5,1,0,16,4,18,0,18,5,0,1,0,11,1,0.285714285,sa3025371
2025,Casey Saucke,CHW,A,21,5,20,22,1,1,0,0,0,1,0,2,0,10,0,0,0,0,1,0,0.05,sa3025382
2024,Emilien Pitre,TBR,A,21,21,77,92,23,16,6,1,0,14,14,12,0,11,2,1,0,1,7,2,0.298701298,sa3025391
2024,Callan Moss,KCR,A,20,22,62,80,21,18,1,0,2,9,7,18,0,12,0,0,0,2,3,2,0.338709677,sa3025392
2024,Connor Hujsak,TBR,A,22,21,83,89,23,12,6,1,4,14,21,6,0,21,0,0,0,1,5,0,0.277108433,sa3025393
2025,Connor Hujsak,TBR,A,23,99,381,426,89,55,20,6,8,57,53,33,0,123,4,8,0,7,28,2,0.2335958,sa3025393
2024,Caleb Lomavita,WSN,A,21,17,61,71,13,11,2,0,0,15,10,5,0,13,4,1,0,1,3,2,0.213114754,sa3025404
2024,Ryan Stafford,BAL,A,21,15,49,63,16,13,3,0,0,9,7,9,0,12,3,2,0,0,9,1,0.326530612,sa3025405
2024,Colin Tuft,BAL,A,21,20,62,79,11,7,3,0,1,12,8,10,0,27,7,0,0,0,7,3,0.177419354,sa3025406
2025,Colin Tuft,BAL,A,22,56,164,207,34,26,5,2,1,26,13,37,0,58,5,0,1,3,19,7,0.207317073,sa3025406
2024,Austin Overn,BAL,A,21,15,55,69,16,10,4,1,1,14,6,12,0,17,0,2,0,0,12,6,0.29090909,sa3025408
2024,Griff O'Ferrall,BAL,A,21,15,56,69,13,11,2,0,0,6,8,9,0,10,2,2,0,1,1,3,0.232142857,sa3025409
2024,Ethan Anderson,BAL,A,20,14,56,63,15,9,3,2,1,8,11,6,0,9,0,1,0,1,3,0,0.267857142,sa3025410
2024,Joseph Sullivan,HOU,A,21,20,68,89,17,12,5,0,0,13,9,13,0,11,7,1,0,2,8,4,0.25,sa3025413
2024,Seaver King,WSN,A,21,20,78,90,23,19,1,3,0,15,10,9,0,13,1,2,0,1,10,1,0.294871794,sa3025414
2024,Ivan Brethowr,CHC,A,21,23,83,95,14,11,1,0,2,12,7,8,0,26,4,0,0,1,3,0,0.168674698,sa3025415
2024,Carter Frederick,KCR,A,21,19,64,75,17,12,5,0,0,13,8,11,0,21,0,0,0,1,5,0,0.265625,sa3025416
2024,Colton Becker,KCR,A,23,16,50,57,11,9,2,0,0,3,8,6,0,10,0,0,1,0,6,3,0.22,sa3025438
2025,Colton Becker,KCR,A,24,61,195,238,45,38,6,0,1,26,15,31,0,37,3,1,8,1,38,5,0.23076923,sa3025438
2024,Ryan Cesarini,CLE,A,21,13,46,54,13,5,4,4,0,6,11,7,0,10,0,1,0,1,3,1,0.282608695,sa3025440
2025,Ryan Cesarini,CLE,A,22,78,260,315,61,47,8,4,2,37,41,44,0,42,9,2,0,2,33,7,0.234615384,sa3025440
2024,Garrett Howe,CLE,A,21,15,50,60,12,12,0,0,0,9,4,9,0,19,1,0,0,0,6,3,0.24,sa3025441
2025,Garrett Howe,CLE,A,22,81,265,315,56,45,9,1,1,36,28,41,0,80,4,4,1,2,30,10,0.211320754,sa3025441
2024,Austin Machado,ATL,A,23,13,36,51,10,10,0,0,0,5,4,9,0,3,6,0,0,1,0,0,0.277777777,sa3025442
2024,Owen Ayers,CHC,A,23,18,63,70,12,7,4,0,1,6,5,6,0,14,1,0,0,2,1,0,0.19047619,sa3025449
2025,Owen Ayers,CHC,A,24,65,231,273,55,30,14,5,6,30,47,31,1,63,7,4,0,4,7,0,0.238095238,sa3025449
2024,Bennett Thompson,CLE,A,21,13,49,52,3,1,1,0,1,2,2,2,0,19,1,0,0,0,0,0,0.061224489,sa3025451
2025,Bennett Thompson,CLE,A,22,73,253,301,68,51,15,0,2,40,34,38,0,41,6,4,0,3,8,5,0.268774703,sa3025451
2024,Marco Dinges,MIL,A,20,13,48,55,13,9,4,0,0,4,3,6,0,13,1,0,0,0,0,0,0.270833333,sa3025495
2025,Marco Dinges,MIL,A,21,26,85,112,30,18,8,1,3,13,27,21,0,14,5,1,0,2,4,0,0.352941176,sa3025495
2024,Kevin Bazzell,WSN,A,21,14,44,60,12,8,3,1,0,7,9,11,0,10,3,2,0,3,1,2,0.272727272,sa3025511
2025,Kevin Bazzell,WSN,A,22,84,285,335,68,60,8,0,0,42,25,34,0,32,12,4,0,5,8,1,0.238596491,sa3025511
2024,Brady Marget,TBR,A,21,12,36,47,9,8,0,0,1,6,5,9,0,6,1,1,0,1,1,0,0.25,sa3025513
2025,Brady Marget,TBR,A,22,7,26,32,6,4,2,0,0,3,0,5,0,7,1,0,0,0,0,0,0.23076923,sa3025513
2024,Vance Honeycutt,BAL,A,21,8,31,36,7,6,1,0,0,2,3,4,0,13,1,0,0,0,4,2,0.225806451,sa3025526
2024,Jake Steels,ATL,A,22,12,39,47,9,8,1,0,0,5,3,5,0,12,2,1,0,1,2,1,0.23076923,sa3025538
2025,Jake Steels,ATL,A,23,43,120,143,18,15,3,0,0,13,9,17,0,27,5,0,1,1,2,1,0.15,sa3025538
2026,Cal Stark,TEX,A,23,14,45,56,9,5,4,0,0,8,2,8,0,18,3,0,0,1,2,0,0.2,sa3025560
2024,Cameron Sisneros,CHC,A,23,13,43,49,9,4,1,1,3,4,9,5,0,15,1,0,0,1,0,0,0.209302325,sa3025564
2025,Cameron Sisneros,CHC,A,24,38,125,157,44,33,8,0,3,18,26,23,1,15,8,1,0,3,5,2,0.352,sa3025564
2024,Theo Gillen,TBR,A,18,8,26,34,4,3,1,0,0,4,2,8,0,14,0,0,0,0,1,0,0.153846153,sa3025565
2025,Theo Gillen,TBR,A,19,73,243,324,65,47,12,1,5,62,18,64,0,75,10,4,3,2,36,3,0.267489711,sa3025565
2024,Sam Petersen,WSN,A,21,7,22,25,8,4,3,1,0,6,2,1,0,6,1,1,0,0,5,0,0.363636363,sa3025609
2025,Justin Trimble,HOU,A,22,55,179,209,33,20,8,1,4,22,21,21,0,89,5,2,1,1,11,1,0.184357541,sa3025619
2025,Steven Ondina,BAL,A,23,14,37,45,7,7,0,0,0,2,1,7,0,13,0,0,1,0,1,1,0.189189189,sa3025628
2024,Keith Jones II,TEX,A,22,6,23,23,4,4,0,0,0,0,1,0,0,9,0,0,0,0,0,0,0.173913043,sa3025629
2025,Miguel Santos,CHW,A,24,69,258,295,66,51,10,3,2,25,31,25,0,51,8,3,1,6,12,4,0.255813953,sa3025631
2025,Braylon Payne,MIL,A,18,77,288,342,69,48,9,4,8,55,30,52,0,103,0,2,0,3,31,10,0.239583333,sa3025647
2025,Wehiwa Aloy,BAL,A,21,20,80,90,23,11,9,1,2,14,14,8,0,25,1,1,0,0,6,2,0.2875,sa3025961
2025,RJ Austin,BAL,A,21,18,57,68,15,12,3,0,0,7,4,7,0,10,2,0,2,0,9,1,0.263157894,sa3026315
2026,Caden Bodine,TBR,A,22,33,132,152,50,31,12,2,5,27,27,14,0,6,1,3,0,1,1,1,0.378787878,sa3027305
2025,Caden Bodine,BAL,A,21,11,43,49,14,13,1,0,0,6,4,5,0,8,1,0,0,2,0,0,0.325581395,sa3027305
2025,Ely Brown,CHW,A,20,27,101,122,32,29,3,0,0,22,16,17,0,19,1,1,1,1,15,0,0.316831683,sa3027822
2026,Brooks Bryan,KCR,A,21,33,119,138,38,23,12,0,3,11,24,16,0,27,2,1,0,4,6,1,0.319327731,sa3027921
2025,Chase Call,HOU,A,23,30,102,129,24,14,8,0,2,18,12,22,0,27,3,2,0,0,12,3,0.235294117,sa3028273
2026,Juan Cruz,WSN,A,21,32,119,128,32,20,7,1,4,17,21,6,0,40,1,0,0,4,2,1,0.268907563,sa3029641
2025,Dean Curley,CLE,A,21,9,33,35,8,7,1,0,0,4,2,2,0,11,0,0,0,1,1,1,0.242424242,sa3029706
2025,Zach Daudet,HOU,A,22,30,102,131,30,24,6,0,0,19,19,25,0,20,1,3,0,3,10,4,0.294117647,sa3029854
2025,Anthony DePino,CHW,A,22,29,103,128,23,17,4,0,2,15,18,20,0,29,3,2,0,2,11,0,0.22330097,sa3030172
2025,Randal Diaz,WSN,A,22,112,371,428,84,69,11,3,1,51,45,46,0,66,6,4,1,16,29,7,0.226415094,sa3030270
2025,Brody Donay,TBR,A,21,9,34,39,7,4,2,0,1,4,5,4,0,9,1,0,0,1,1,0,0.205882352,sa3030451
2026,Brody Donay,TBR,A,22,10,29,39,8,8,0,0,0,6,0,7,0,14,3,0,0,0,1,0,0.275862068,sa3030451
2025,Kaleb Freeman,CHW,A,22,17,54,71,8,5,3,0,0,8,5,17,0,19,0,0,0,1,2,1,0.148148148,sa3031690
2025,Ethan Frey,HOU,A,21,26,100,122,33,25,5,0,3,20,17,20,0,25,0,2,0,2,9,5,0.33,sa3031717
2025,Hayden Friese,ATL,A,20,24,71,91,17,17,0,0,0,12,9,18,0,24,1,1,0,1,1,0,0.239436619,sa3031732
2026,Hayden Friese,ATL,A,21,8,27,32,6,6,0,0,0,2,2,5,0,11,0,0,0,1,2,0,0.222222222,sa3031732
2025,Rylan Galvan,CHW,A,22,8,23,30,3,2,1,0,0,5,1,6,0,14,1,0,0,0,0,1,0.130434782,sa3031877
2026,Rylan Galvan,CHW,A,23,31,88,115,21,12,1,0,8,20,26,25,0,47,2,0,0,0,4,0,0.238636363,sa3031877
2025,Matt Halbach,CHC,A,22,103,369,436,90,58,23,0,9,51,67,47,1,90,15,5,0,10,2,2,0.243902439,sa3032989
2025,Luke Hanson,TEX,A,21,16,42,52,5,5,0,0,0,4,2,8,0,16,1,1,0,3,5,1,0.119047619,sa3033183
2025,Wyatt Henseler,WSN,A,23,11,37,46,13,10,2,0,1,5,3,5,0,10,4,0,0,0,0,0,0.351351351,sa3033639
2026,Luke Heyman,BOS,A,22,36,119,154,26,14,6,0,6,19,21,31,0,36,2,2,0,0,0,0,0.218487394,sa3033754
2025,Luke Hill,CLE,A,21,15,49,62,17,12,3,1,1,7,7,11,0,11,0,1,1,1,7,4,0.346938775,sa3033826
2025,Nick Hollifield,WSN,A,21,18,66,81,16,15,1,0,0,12,10,14,0,14,0,1,0,3,0,0,0.242424242,sa3033990
2026,Nick Hollifield,WSN,A,22,29,96,124,13,9,3,0,1,20,8,23,0,36,4,1,0,5,1,0,0.135416666,sa3033990
2025,Tyler Howard,CLE,A,21,9,32,38,10,9,1,0,0,5,4,4,0,7,2,0,0,0,0,0,0.3125,sa3034172
2026,Tyler Howard,CLE,A,22,34,104,137,25,20,5,0,0,21,15,27,0,32,3,3,0,2,6,0,0.240384615,sa3034172
2025,Ike Irish,BAL,A,21,20,74,81,17,14,2,0,1,9,12,6,0,19,1,0,0,2,3,0,0.229729729,sa3034445
2025,Tyriq Kemp,KCR,A,22,16,57,72,11,7,2,2,0,10,11,11,0,14,2,1,1,0,5,3,0.192982456,sa3035244
2025,Kane Kepley,CHC,A,21,28,97,131,29,23,1,3,2,28,15,25,0,15,9,0,0,1,16,4,0.298969072,sa3035293
2025,Skylar King,BOS,A,21,25,89,103,23,17,2,3,1,15,9,7,0,18,7,0,0,0,7,2,0.258426966,sa3035415
2026,Skylar King,BOS,A,22,40,139,162,29,20,4,0,5,23,17,18,0,35,4,1,0,3,15,5,0.208633093,sa3035415
2025,Paxton Kling,TEX,A,22,10,38,43,14,8,4,1,1,6,5,3,0,9,0,2,0,1,1,0,0.368421052,sa3035512
2026,Alex Lodise,ATL,A,22,50,203,231,51,38,4,1,8,33,25,22,0,63,5,1,0,1,10,1,0.251231527,sa3036445
2025,Dallas Macias,ATL,A,21,11,32,38,1,1,0,0,0,4,1,3,0,9,3,0,0,0,0,0,0.03125,sa3036796
2026,Dallas Macias,ATL,A,22,35,107,131,25,18,4,0,3,20,19,18,0,27,6,0,0,0,8,3,0.233644859,sa3036796
2025,Maximus Martin,BOS,A,21,14,49,58,11,7,3,0,1,8,5,8,0,20,1,0,0,0,4,2,0.224489795,sa3037194
2025,Anthony Martinez,CLE,A,21,7,28,30,6,5,0,0,1,1,5,2,0,5,0,0,0,1,0,0,0.214285714,sa3037212
2026,Anthony Martinez,CLE,A,22,28,92,113,24,15,3,1,5,16,14,19,0,19,2,0,0,3,0,1,0.260869565,sa3037212
2025,Cole Mathis,CHC,A,21,29,107,128,23,10,9,1,3,16,14,17,0,29,3,1,0,0,0,2,0.214953271,sa3037300
2026,Cole Mathis,CHC,A,22,14,51,66,15,5,3,0,7,14,17,10,0,18,4,1,0,0,3,0,0.294117647,sa3037300
2026,Dalton McIntyre,ATL,A,22,29,103,115,33,25,4,0,4,18,21,9,0,19,2,0,1,2,10,2,0.320388349,sa3037634
2025,Nick McLain,CHW,A,22,13,46,58,12,10,2,0,0,7,9,11,0,17,1,0,0,0,4,0,0.260869565,sa3037680
2025,Cody Miller,ATL,A,20,10,43,48,16,13,2,0,1,8,11,3,0,10,1,1,0,0,4,2,0.372093023,sa3038041
2025,Nick Monistere,HOU,A,21,26,101,114,17,13,2,0,2,10,16,9,0,28,3,1,0,3,5,1,0.168316831,sa3038233
2026,Nick Monistere,HOU,A,22,25,80,104,20,11,6,2,1,17,11,16,0,27,4,2,0,0,15,3,0.25,sa3038233
2025,Braden Montgomery,CHW,A,22,18,69,84,21,14,4,0,3,14,19,10,0,19,2,3,0,0,6,2,0.304347826,sa3038253
2026,Jack Moroknek,WSN,A,23,35,119,143,38,22,7,3,6,24,23,23,0,39,0,1,0,1,2,1,0.319327731,sa3038388
2026,DJ Newman,HOU,A,22,15,45,57,9,4,2,1,2,8,8,12,0,18,0,0,0,1,4,0,0.2,sa3038808
2025,Luke Pelzer,KCR,A,22,19,65,83,29,20,9,0,0,15,12,15,0,10,2,1,0,0,6,3,0.446153846,sa3038960
2025,Cannon Peebles,CLE,A,21,8,29,32,8,6,1,1,0,3,1,3,0,9,0,0,0,1,4,0,0.275862068,sa3039628
2026,Cannon Peebles,CLE,A,22,29,102,126,21,9,9,0,3,19,17,22,0,34,2,0,0,1,6,5,0.205882352,sa3039628
2025,Ethan Petry,WSN,A,21,24,87,101,25,19,3,1,2,11,10,13,0,25,1,0,0,4,1,0,0.287356321,sa3039828
2026,Logan Poteet,CHC,A,22,29,105,131,24,16,1,0,7,20,18,21,1,42,2,3,0,5,0,0,0.228571428,sa3040124
2025,James Quinn-Irons,TBR,A,22,8,27,32,7,7,0,0,0,2,2,4,0,10,1,0,0,1,2,2,0.259259259,sa3040344
2026,James Quinn-Irons,TBR,A,23,6,18,24,4,3,1,0,0,3,1,4,0,6,1,1,0,1,5,0,0.222222222,sa3040344
2025,Josiah Ragsdale,MIL,A,21,21,70,92,21,20,1,0,0,15,6,16,0,15,1,0,0,1,9,3,0.3,sa3040392
2025,Connor Rasmussen,KCR,A,21,10,35,41,6,4,2,0,0,4,4,6,0,7,0,0,0,0,0,0,0.171428571,sa3040471
2026,Connor Rasmussen,KCR,A,22,26,80,95,25,20,3,2,0,14,9,12,0,14,2,1,0,1,3,3,0.3125,sa3040471
2025,Nolan Schubart,CLE,A,21,15,51,66,13,8,2,0,3,10,7,15,0,24,0,0,0,1,1,0,0.25490196,sa3041794
2025,Colby Shelton,CHW,A,22,27,99,115,14,13,0,0,1,11,10,11,0,25,3,2,0,0,4,2,0.141414141,sa3042129
2025,Anthony Silva,CLE,A,21,14,47,56,10,8,2,0,0,6,4,7,0,14,1,1,0,1,3,1,0.212765957,sa3042287
2026,Boston Smith,CHW,A,23,8,30,34,8,5,3,0,0,3,5,3,0,12,1,0,0,0,1,0,0.266666666,sa3042491
2025,Justin Stransky,CHC,A,22,13,43,51,7,6,1,0,0,4,5,6,0,12,0,2,0,2,2,0,0.162790697,sa3043207
2025,Brendan Summerhill,TBR,A,21,10,36,42,12,9,2,1,0,8,5,6,0,5,0,0,0,0,5,1,0.333333333,sa3043325
2026,Brendan Summerhill,TBR,A,22,21,81,88,16,11,0,1,4,12,13,6,0,16,1,0,0,1,0,2,0.197530864,sa3043325
2025,Justin Thomas Jr.,HOU,A,21,14,49,62,10,6,3,1,0,8,8,11,0,13,2,0,0,1,3,3,0.204081632,sa3043700
2025,Kyle Walker,HOU,A,22,23,77,97,18,14,4,0,0,15,9,12,0,15,6,2,0,0,8,4,0.233766233,sa3044681
2025,Jacob Walsh,WSN,A,22,22,78,93,10,7,2,0,1,7,3,13,2,29,1,1,0,2,3,0,0.128205128,sa3044728
2026,Jacob Walsh,WSN,A,23,34,114,142,33,20,6,2,5,17,25,25,0,32,3,0,0,1,4,1,0.289473684,sa3044728
2025,Aaron Walton,CLE,A,21,16,63,71,15,8,5,1,1,9,9,7,0,21,1,0,0,1,6,1,0.238095238,sa3044756
2025,Mason White,BOS,A,21,8,34,36,8,7,1,0,0,1,1,2,0,9,0,0,0,1,2,0,0.235294117,sa3045125
2025,Dixon Williams,ATL,A,21,28,93,114,25,14,6,3,2,14,13,16,0,35,4,1,0,1,6,0,0.268817204,sa3045282
2025,Jack Winnay,BOS,A,22,15,53,61,17,13,3,0,1,10,11,6,0,6,1,1,0,0,0,0,0.320754716,sa3045455
2025,Riley Nelson,CLE,A,21,15,57,65,18,11,6,0,1,7,7,3,0,12,3,0,0,1,1,0,0.315789473,sa3060133
2026,Riley Nelson,CLE,A,22,15,42,61,5,3,1,0,1,12,9,16,0,13,1,1,0,1,2,0,0.119047619,sa3060133
2025,Brayden Smith,BAL,A,21,16,55,68,11,7,2,1,1,7,9,12,0,18,0,0,1,1,3,1,0.2,sa3060601
2025,Colin Yeaman,BAL,A,21,17,54,72,10,9,1,0,0,6,2,10,0,17,6,1,1,1,2,1,0.185185185,sa3060984
2026,Josh Wakefield,HOU,A,22,38,141,164,39,33,3,0,3,18,16,20,0,47,1,2,0,1,24,5,0.276595744,sa3065621
2025,Cobb Hightower,BAL,A,20,24,84,97,21,17,3,0,1,9,7,10,0,21,1,0,2,1,7,2,0.25,sa3066025
2026,Cobb Hightower,BAL,A,21,10,38,41,13,12,1,0,0,3,3,3,0,9,0,0,0,0,1,0,0.342105263,sa3066025
2025,Nick Montgomery,ATL,A,19,87,306,357,52,39,6,2,5,23,35,42,0,119,3,5,0,8,1,0,0.16993464,sa3066457
2026,Nick Montgomery,ATL,A,20,26,91,109,16,9,4,0,3,16,11,16,0,39,1,1,0,2,1,0,0.175824175,sa3066457
2025,Jack Lines,TBR,A,19,28,90,118,15,9,5,0,1,14,7,15,0,36,10,1,2,0,4,1,0.166666666,sa3066763
2025,Ty Southisene,CHC,A,19,90,315,389,77,69,6,2,0,69,36,62,0,58,11,0,0,5,41,7,0.244444444,sa3066842
2026,Ty Southisene,CHC,A,20,22,86,105,23,17,3,3,0,19,8,11,0,10,4,1,0,6,11,2,0.26744186,sa3066842
2025,Drew Brutcher,HOU,A,23,54,197,233,65,45,15,3,2,37,27,34,0,52,1,1,0,4,1,2,0.329949238,sa3067038
2025,Eric Hartman,ATL,A,19,83,318,370,79,53,17,4,5,56,41,37,1,85,11,3,1,2,44,5,0.248427672,sa3067040
2025,Nathan Flewelling,TBR,A,18,102,336,439,77,54,16,1,6,46,49,89,2,121,6,7,1,5,9,2,0.229166666,sa3067041
2025,Caleb Bonemer,CHW,A,19,96,349,432,98,59,26,3,10,69,58,68,0,91,7,8,0,2,27,8,0.280802292,sa3067043
2025,Owen Carey,ATL,A,18,117,469,525,121,90,25,2,4,63,63,38,0,82,14,3,1,5,17,10,0.257995735,sa3067044
2025,Nate George,BAL,A,19,43,163,186,55,39,8,7,1,31,21,18,0,29,2,0,3,1,25,13,0.337423312,sa3067128
2025,Jorge Corona,CHW,A,24,25,76,89,14,10,3,0,1,5,6,9,0,32,4,0,0,1,0,0,0.184210526,sa3067209
2025,Grant Magill,CHW,A,24,33,109,126,26,23,3,0,0,11,13,14,0,32,1,2,0,1,0,2,0.23853211,sa3067319
2025,Devin Fitz-Gerald,TEX,A,19,10,32,43,8,7,1,0,0,8,1,11,0,9,0,0,0,1,3,1,0.25,sa3067320
2026,Sir Jamison Jones,WSN,A,20,25,90,105,15,6,3,0,6,12,19,11,0,33,1,2,0,2,0,1,0.166666666,sa3067322
2025,Josh Springer,TEX,A,19,14,41,46,9,7,2,0,0,5,5,2,0,1,0,3,0,1,1,1,0.219512195,sa3067323
2026,Josh Springer,TEX,A,20,31,109,126,32,28,4,0,0,14,13,11,0,8,3,2,0,4,4,1,0.293577981,sa3067323
2025,D'Angelo Ortiz,BOS,A,20,28,88,100,23,21,2,0,0,9,10,11,0,22,0,1,0,8,2,0,0.261363636,sa3067324
2026,D'Angelo Ortiz,BOS,A,21,34,113,135,29,23,5,1,0,16,14,17,0,17,2,3,0,4,5,2,0.256637168,sa3067324
2025,Andrew Tess,BAL,A,18,11,30,39,7,5,2,0,0,2,1,6,0,14,2,0,1,0,1,1,0.233333333,sa3067325
2025,Luke Dickerson,WSN,A,19,83,285,333,58,37,14,2,5,34,31,41,0,84,4,3,0,5,21,5,0.203508771,sa3067329
2026,Luke Dickerson,WSN,A,20,45,171,216,38,19,11,2,6,39,35,39,0,57,2,4,0,1,9,4,0.222222222,sa3067329
2025,Eli Lovich,CHC,A,19,50,182,200,39,33,2,2,2,19,26,18,0,68,0,0,0,2,8,1,0.214285714,sa3067332
2026,Eli Lovich,CHC,A,20,37,126,146,29,16,6,0,7,20,18,18,0,52,2,0,0,0,6,2,0.23015873,sa3067332
2026,DJ Layton,BAL,A,19,43,143,179,37,24,7,3,3,29,20,35,0,55,0,1,0,0,14,8,0.258741258,sa3067333
2025,Grant Smith,CHW,A,24,9,36,39,6,5,1,0,0,2,4,1,0,12,2,0,0,0,1,0,0.166666666,sa3067334
2026,Ronny Cruz,WSN,A,19,14,51,63,17,9,4,1,3,16,14,9,0,15,3,0,0,1,15,3,0.333333333,sa3067336
2025,Derek Datil,TBR,A,19,11,35,41,7,7,0,0,0,8,1,6,0,8,0,0,0,1,0,0,0.2,sa3067337
2026,Derek Datil,TBR,A,20,39,127,144,26,18,6,1,1,23,12,14,0,42,2,1,0,1,9,1,0.204724409,sa3067337
2026,Braylon Whitaker,BAL,A,20,41,126,161,34,29,5,0,0,26,13,31,0,23,1,3,0,1,13,6,0.269841269,sa3067340
2025,Arturo Flores,HOU,A,19,19,63,72,12,8,3,0,1,5,5,9,0,30,0,0,0,1,2,0,0.19047619,sa3067342
2026,Arturo Flores,HOU,A,20,31,106,126,21,12,4,0,5,15,18,17,0,48,1,0,0,1,3,0,0.198113207,sa3067342
2026,Jadyn Fielder,MIL,A,21,29,80,110,15,7,6,1,1,20,10,24,0,30,5,1,0,0,9,2,0.1875,sa3067400
2026,Kevin Alvarez,HOU,A,18,37,152,169,42,25,10,2,5,29,20,11,0,29,3,3,0,2,3,6,0.276315789,sa3067677
2025,Bryce Eblin,CHW,A,23,6,19,24,4,4,0,0,0,4,1,1,0,2,3,1,0,0,1,1,0.210526315,sa3068921
2026,Bryce Eblin,CHW,A,24,10,28,32,7,3,4,0,0,5,4,0,0,14,4,0,0,0,1,1,0.25,sa3068921
2025,Ryan McCoy,TBR,A,23,18,65,76,14,8,5,1,0,10,7,7,0,29,4,0,0,0,2,1,0.215384615,sa3068963
2025,Caleb Berry,BOS,A,23,7,24,26,9,9,0,0,0,3,8,2,0,10,0,0,0,2,3,0,0.375,sa3069013
2025,JC Vanek,KCR,A,20,13,40,49,10,8,2,0,0,3,3,9,0,17,0,0,0,1,3,1,0.25,sa3069015
2026,JC Vanek,KCR,A,21,35,115,142,28,20,2,0,6,16,14,25,0,44,1,0,1,2,5,3,0.24347826,sa3069015
2026,Cooper McMurray,ATL,A,24,37,122,150,23,18,1,0,4,14,18,28,1,50,0,0,0,0,0,1,0.18852459,sa3069032
2025,Jack Collins,TEX,A,22,9,28,32,5,3,2,0,0,5,1,3,0,5,1,0,0,0,0,1,0.178571428,sa3069073
2025,Brandon Forrester,HOU,A,21,17,62,67,11,10,0,1,0,7,9,4,0,14,1,0,0,2,4,3,0.177419354,sa3069109
2026,Brandon Forrester,HOU,A,22,20,61,70,11,9,1,1,0,6,4,8,0,17,0,1,0,0,5,2,0.180327868,sa3069109
2025,Tom Poole,TBR,A,22,20,70,86,14,9,2,0,3,10,12,10,0,32,4,2,0,0,0,1,0.2,sa3069123
2026,Tom Poole,TBR,A,23,7,23,26,5,4,1,0,0,3,2,3,0,9,0,0,0,1,0,0,0.217391304,sa3069123
2025,Tanner Smith,ATL,A,22,5,20,22,3,0,1,0,2,5,4,2,0,8,0,0,0,0,1,0,0.15,sa3069139
2026,Tanner Smith,ATL,A,23,26,99,110,24,11,5,1,7,16,18,10,0,40,1,0,0,1,1,0,0.242424242,sa3069139
2025,Brady Ebel,MIL,A,17,16,58,66,14,13,1,0,0,6,4,6,0,17,2,0,0,1,0,1,0.24137931,sa3069149
2026,Brady Ebel,MIL,A,18,46,168,213,43,28,11,2,2,25,27,37,0,42,6,2,0,4,19,0,0.25595238,sa3069149
2025,Tate Southisene,ATL,A,18,15,64,66,14,10,3,1,0,10,6,1,0,27,1,0,0,1,3,0,0.21875,sa3069150
2026,Tate Southisene,ATL,A,19,46,172,218,51,34,8,2,7,43,26,35,0,46,9,2,0,3,35,7,0.296511627,sa3069150
2025,James Taussig,CHW,A,22,6,23,24,7,4,2,1,0,4,3,1,0,3,0,0,0,1,0,0,0.304347826,sa3069162
2026,James Taussig,CHW,A,23,29,92,112,21,8,7,2,4,19,12,16,0,38,3,1,0,1,1,0,0.228260869,sa3069162
2025,Eli Willits,WSN,A,17,15,50,58,15,13,1,1,0,7,5,7,0,12,1,0,0,1,2,0,0.3,sa3069164
2026,Eli Willits,WSN,A,18,42,169,208,49,31,12,2,4,40,34,36,0,48,1,2,0,2,28,7,0.289940828,sa3069164
2026,Gavin Fien,WSN,A,19,16,63,73,10,6,3,0,1,6,8,10,0,25,0,0,0,1,2,1,0.158730158,sa3069166
2025,Gavin Fien,TEX,A,18,10,41,45,9,5,3,1,0,4,7,3,0,11,0,1,0,1,1,0,0.219512195,sa3069166
2025,Josh Owens,TEX,A,18,8,24,24,2,1,1,0,0,3,0,0,0,11,0,0,0,0,0,0,0.083333333,sa3069169
2026,Billy Carlson,CHW,A,19,39,144,177,37,26,10,1,0,25,11,27,0,45,4,1,1,3,8,2,0.256944444,sa3069250
2026,Daniel Pierce,TBR,A,19,34,123,140,31,22,5,0,4,17,24,11,0,40,5,1,0,2,6,4,0.25203252,sa3069251
2026,Xavier Neyens,HOU,A,19,38,134,170,34,25,3,0,6,23,19,34,0,58,2,0,0,0,10,5,0.253731343,sa3069252
2026,Sean Gamble,KCR,A,19,45,172,197,25,18,5,1,1,24,10,19,0,52,4,0,2,1,9,2,0.145348837,sa3069253
2026,Josh Hammond,KCR,A,19,46,178,199,51,29,16,3,3,33,24,20,0,44,0,1,0,3,11,1,0.286516853,sa3069255
2026,Jaden Fauske,CHW,A,19,43,151,190,37,26,4,6,1,26,16,36,0,51,2,1,0,3,13,4,0.245033112,sa3069258
2026,Cooper Flemming,TBR,A,19,44,165,194,49,32,10,2,5,26,30,22,0,28,4,3,0,1,6,4,0.296969696,sa3069260
2026,Dean Moss,TBR,A,20,32,118,143,28,19,6,0,3,18,15,17,0,20,4,3,0,2,6,2,0.237288135,sa3069262
2026,Taitn Gray,TBR,A,18,45,150,188,43,30,3,4,6,25,30,31,0,42,3,4,0,3,4,0,0.286666666,sa3069266
2026,Coy James,WSN,A,19,45,168,205,36,20,8,1,7,34,36,34,0,53,3,0,0,1,17,1,0.214285714,sa3069277
2026,Conor Essenburg,ATL,A,19,12,45,56,9,6,1,1,1,6,7,11,0,25,0,0,0,0,1,0,0.2,sa3069281
2026,Josiah Hartshorn,CHC,A,19,39,139,177,38,23,9,1,5,25,25,34,0,27,3,1,0,5,4,2,0.273381294,sa3069285
2026,Matthew Boughton,CHW,A,20,31,113,122,23,17,5,0,1,15,13,5,0,31,0,4,0,2,8,1,0.203539823,sa3069293
2026,Rylan Mills,MIL,A,20,7,25,30,5,2,2,0,1,2,8,5,0,12,0,0,0,0,0,1,0.2,sa3069313
2026,Andrews Opata,BOS,A,22,38,131,163,31,20,6,2,3,27,17,30,0,53,1,1,0,0,24,4,0.236641221,sa3075458
2026,Ty Hodge,BOS,A,23,29,101,123,19,14,3,0,2,13,14,17,0,29,3,2,0,4,1,3,0.188118811,sa3076028
2026,Caden Merritt,ATL,A,19,17,63,75,13,11,1,1,0,12,12,10,0,19,2,0,0,1,8,2,0.206349206,sa3076054
2026,Nick Monile,MIL,A,22,17,47,61,3,3,0,0,0,9,1,13,0,27,1,0,0,0,2,0,0.063829787,sa3076100
2026,Yamvier Carrero,ATL,A,19,13,41,46,12,11,0,0,1,9,1,5,0,12,0,0,0,1,5,0,0.292682926,sa3076211
2006,Anderson Gomes,CHW,A+,21,34,112,128,23,13,6,2,2,14,12,11,0,30,3,1,1,2,2,3,0.205357142,sa323012
2008,Anderson Gomes,CHW,A+,23,42,138,157,27,16,7,0,4,10,14,17,1,39,1,0,1,4,4,0,0.195652173,sa323012
2009,Cole Miles,ATL,A+,22,119,421,485,112,95,6,7,4,64,27,43,0,70,4,4,12,5,16,7,0.266033254,sa326096
2010,Cole Miles,ATL,A+,23,108,374,429,94,78,7,9,0,55,26,35,0,75,5,1,14,5,27,11,0.251336898,sa326096
2007,Willie Cabrera,ATL,A+,20,68,251,276,63,53,7,1,2,28,24,24,0,31,0,1,0,5,2,2,0.250996015,sa326105
2008,Willie Cabrera,ATL,A+,21,116,469,516,136,85,32,3,16,86,78,35,1,51,7,5,0,11,6,3,0.289978678,sa326105
2008,Christopher Vinyard,BAL,A+,22,123,430,491,103,71,16,0,16,44,65,56,3,102,3,2,0,18,1,5,0.239534883,sa326109
2009,Christopher Vinyard,BAL,A+,23,34,125,142,26,17,5,0,4,12,15,15,0,30,0,2,0,2,0,1,0.208,sa326109
2009,Matt Sheely,BOS,A+,22,35,82,98,21,19,2,0,0,13,6,13,0,15,0,0,3,0,10,2,0.25609756,sa326113
2009,Christian Marrero,CHW,A+,22,62,226,241,71,48,15,1,7,35,34,11,1,44,4,0,0,3,2,3,0.314159292,sa326115
2009,Seth Loman,CHW,A+,23,81,286,320,75,42,18,0,15,42,53,17,1,85,15,1,1,6,0,1,0.262237762,sa326152
2010,Seth Loman,CHW,A+,24,133,514,588,150,89,33,3,25,89,88,43,5,127,30,1,0,14,0,2,0.291828793,sa326152
2008,Billy Rowell,BAL,A+,19,111,375,414,93,62,24,0,7,40,50,36,0,103,1,1,1,10,1,4,0.248,sa326471
2009,Billy Rowell,BAL,A+,20,120,423,463,95,66,20,0,9,51,39,35,0,122,1,2,2,9,3,2,0.224586288,sa326471
2010,Billy Rowell,BAL,A+,21,117,436,486,120,84,25,0,11,62,61,43,0,153,6,1,0,6,9,4,0.275229357,sa326471
2009,Cody Johnson,ATL,A+,20,122,422,493,102,51,18,1,32,59,84,64,7,171,4,3,0,8,10,7,0.241706161,sa326488
2010,Cody Johnson,ATL,A+,21,25,91,102,24,14,4,0,6,12,25,10,2,29,0,1,0,1,2,2,0.263736263,sa326488
2009,Jason Place,BOS,A+,21,76,302,341,75,45,23,3,4,47,47,34,0,85,2,3,0,4,1,2,0.24834437,sa326496
2010,Jason Taylor,KCR,A+,22,30,110,120,19,12,4,1,2,11,9,6,0,23,1,2,1,3,2,3,0.172727272,sa326519
2007,Wes Hodges,CLE,A+,22,104,393,450,113,73,22,3,15,60,71,44,0,90,8,5,0,7,0,0,0.287531806,sa326543
2009,Chase Fontaine,KCR,A+,23,29,80,101,23,19,3,0,1,8,16,16,1,22,1,2,2,1,3,3,0.2875,sa326546
2007,Chase Fontaine,ATL,A+,21,22,78,88,16,12,4,0,0,6,7,8,0,26,1,1,0,0,1,0,0.205128205,sa326546
2007,Shelby Ford,PIT,A+,22,94,360,413,101,63,26,7,5,64,55,34,0,68,13,4,2,3,14,0,0.280555555,sa326554
2008,Jared Keel,PIT,A+,23,123,411,496,97,51,24,2,20,76,81,64,0,89,15,4,2,6,16,5,0.236009732,sa326581
2009,Jared Keel,PIT,A+,24,98,301,383,69,37,21,0,11,49,44,68,2,72,6,3,5,5,1,3,0.22923588,sa326581
2008,Stephen King,WSN,A+,20,19,70,75,15,12,2,1,0,4,7,5,0,11,0,0,0,3,1,1,0.214285714,sa326680
2009,Stephen King,WSN,A+,21,91,315,360,70,49,12,2,7,40,35,34,2,98,5,4,2,11,14,8,0.222222222,sa326680
2011,Stephen King,WSN,A+,23,21,72,82,18,10,6,0,2,9,6,5,1,21,5,0,0,1,1,0,0.25,sa326680
2012,Stephen King,WSN,A+,24,64,219,235,62,38,22,1,1,26,23,10,1,57,3,2,1,4,4,3,0.283105022,sa326680
2008,Nicholas Moresi,HOU,A+,23,55,170,193,37,27,8,0,2,20,15,14,0,48,4,4,1,6,5,4,0.217647058,sa326688
2008,Adam Davis,CLE,A+,23,37,148,168,30,20,5,1,4,22,16,15,0,26,2,1,2,0,5,2,0.202702702,sa326690
2009,Adam Davis,CLE,A+,24,114,382,442,87,62,16,1,8,48,40,51,1,92,0,1,8,7,8,11,0.227748691,sa326690
2010,Justin Reed,CIN,A+,22,25,76,86,12,7,3,0,2,9,5,9,0,33,1,0,0,1,3,3,0.157894736,sa326703
2011,Marcus Lemon,ATL,A+,23,52,177,200,46,33,10,1,2,21,10,17,0,23,0,0,6,1,6,3,0.259887005,sa326707
2007,Tyler Reves,CHW,A+,23,89,286,311,63,42,17,2,2,23,23,20,0,73,1,2,2,6,5,2,0.22027972,sa326725
2009,Tyler Henson,BAL,A+,21,125,460,509,123,82,31,2,8,68,71,38,1,125,6,4,1,17,18,6,0.267391304,sa326736
2008,John Shelby,CHW,A+,22,114,447,482,132,73,37,7,15,81,80,22,1,98,4,4,5,7,33,5,0.295302013,sa326756
2008,Jim Negrych,PIT,A+,23,104,385,453,142,100,36,1,5,77,63,55,4,55,4,7,0,9,7,6,0.368831168,sa326763
2007,Brett Bigler,KCR,A+,22,109,328,408,85,70,13,2,0,44,29,74,1,68,3,1,2,11,15,11,0.259146341,sa326808
2008,Brett Bigler,KCR,A+,23,54,132,161,26,18,5,3,0,19,10,24,0,30,1,2,2,5,5,3,0.196969696,sa326808
2007,Jedidiah Stephen,BAL,A+,23,14,42,45,9,6,2,0,1,4,5,2,0,11,0,1,0,0,0,3,0.214285714,sa326880
2007,Stefan Gartrell,CHW,A+,23,20,73,81,21,17,1,1,2,13,6,6,1,17,2,0,0,1,2,0,0.287671232,sa326944
2009,Sean Rooney,WSN,A+,23,60,217,245,65,41,18,0,6,26,40,24,0,33,0,2,2,3,3,2,0.29953917,sa327039
2010,Sean Rooney,WSN,A+,24,40,155,170,40,24,13,0,3,22,22,14,1,35,0,0,1,3,1,1,0.258064516,sa327039
2008,Jimmy VanOstrand,HOU,A+,23,97,363,406,106,70,28,1,7,41,64,30,1,45,8,4,1,11,1,3,0.292011019,sa327047
2012,Matthew Sweeney,BAL,A+,24,33,116,127,29,16,11,0,2,15,13,10,0,22,0,1,0,8,0,1,0.25,sa327050
2009,Kent Gerst,CHW,A+,21,49,142,158,34,24,5,3,2,16,16,13,0,46,0,1,2,3,4,4,0.239436619,sa327053
2007,Marc Maddox,KCR,A+,23,101,405,452,105,82,17,6,0,65,44,28,0,62,8,4,7,10,12,3,0.259259259,sa327057
2008,Greg Buchanan,HOU,A+,24,114,383,426,92,69,18,5,0,51,39,31,0,74,2,5,5,6,10,2,0.240208877,sa327084
2007,Jared Goedert,CLE,A+,22,35,125,149,32,19,9,0,4,23,23,23,0,25,0,1,0,4,1,0,0.256,sa327086
2008,Jared Goedert,CLE,A+,23,126,467,544,119,85,23,1,10,75,74,57,1,77,5,9,3,20,1,1,0.254817987,sa327086
2009,Nick Van Stratten,KCR,A+,24,42,139,161,40,30,7,0,3,18,14,13,1,19,6,1,2,7,5,2,0.287769784,sa327092
2011,Jared Mitchell,CHW,A+,22,129,477,541,106,58,31,8,9,74,58,52,1,183,6,4,2,9,14,6,0.222222222,sa327116
2008,Kent Sakamoto,PIT,A+,24,128,482,545,125,77,35,3,10,74,66,50,0,124,4,9,0,11,5,1,0.259336099,sa327121
2007,Orlando Rosales,HOU,A+,23,111,374,398,106,77,20,6,3,63,40,19,1,73,2,3,0,14,8,4,0.283422459,sa327130
2008,Orlando Rosales,HOU,A+,24,64,232,258,50,32,18,0,0,18,27,21,0,31,2,3,0,3,2,5,0.215517241,sa327130
2008,Matthew Morizio,KCR,A+,24,58,169,204,29,19,6,4,0,17,26,28,0,33,3,1,3,3,8,2,0.171597633,sa327175
2007,Zach Dillon,BAL,A+,24,92,305,348,84,50,27,2,5,33,41,35,1,32,2,2,4,10,0,4,0.275409836,sa327180
2007,Justin Tellam,HOU,A+,22,45,147,174,40,28,11,0,1,18,22,20,1,33,4,3,0,3,0,0,0.272108843,sa327656
2008,Justin Tellam,HOU,A+,23,26,82,94,16,8,5,1,2,8,11,9,0,18,0,2,1,0,1,0,0.195121951,sa327656
2008,Brandon Tripp,BAL,A+,23,123,428,476,101,64,20,0,17,48,69,34,1,145,6,6,2,9,10,3,0.235981308,sa327660
2009,John Curtis,CHW,A+,24,30,99,115,21,16,4,0,1,9,9,12,0,24,0,0,4,1,0,1,0.212121212,sa327662
2009,Sergio Morales,CHW,A+,21,15,49,56,7,4,3,0,0,2,3,6,0,19,0,1,0,0,2,0,0.142857142,sa327721
2008,Kurt Mertins,KCR,A+,22,118,425,475,120,83,27,7,3,60,46,36,0,91,10,2,2,7,28,5,0.282352941,sa327723
2008,Pat Nichols,WSN,A+,23,13,46,48,10,6,4,0,0,3,2,1,0,14,0,1,0,2,0,0,0.217391304,sa327731
2007,Brett McMillan,WSN,A+,23,69,237,278,61,43,14,0,4,33,36,40,2,59,0,0,1,1,1,3,0.257383966,sa327754
2010,Nick Francis,KCR,A+,24,84,335,361,95,52,24,3,16,55,61,19,0,85,4,2,1,6,8,4,0.283582089,sa327819
2008,James Barksdale,PIT,A+,23,54,165,181,39,30,5,4,0,22,15,9,0,46,1,3,3,2,12,11,0.236363636,sa327825
2011,Justin Dalles,BAL,A+,22,36,112,123,25,20,4,0,1,9,8,8,0,30,2,0,1,4,0,0,0.223214285,sa327844
2012,Justin Dalles,BAL,A+,23,41,145,158,34,24,8,0,2,14,11,11,0,31,2,0,0,1,0,0,0.234482758,sa327844
2009,Stephen Shults,ATL,A+,22,10,31,35,8,5,3,0,0,4,4,3,0,9,1,0,0,0,0,1,0.258064516,sa327858
2008,Kris Watts,PIT,A+,23,63,207,245,59,39,16,0,4,29,34,30,0,25,2,2,4,5,0,4,0.285024154,sa327874
2009,Kris Watts,PIT,A+,24,103,340,412,99,68,21,3,7,54,49,55,5,51,12,3,2,6,2,0,0.29117647,sa327874
2007,Dustin Realini,CLE,A+,23,8,27,30,11,7,4,0,0,8,3,3,0,5,0,0,0,0,0,0,0.407407407,sa327875
2007,Justin Johnson,BAL,A+,24,34,90,98,16,10,5,1,0,7,4,7,0,26,0,1,0,5,1,0,0.177777777,sa327885
2009,Tyler Weeden,BOS,A+,21,18,60,68,12,10,1,0,1,8,5,8,0,20,0,0,0,4,0,0,0.2,sa327983
2011,Andrew Clark,TEX,A+,23,20,64,87,19,13,4,0,2,11,12,21,0,11,1,1,0,2,0,0,0.296875,sa328044
2007,Todd Davison,BAL,A+,23,15,33,38,7,6,1,0,0,3,2,4,0,8,0,0,1,1,0,1,0.212121212,sa328066
2008,Todd Davison,BAL,A+,24,83,248,293,64,53,10,0,1,35,19,34,1,52,3,3,5,2,7,6,0.258064516,sa328066
2007,Tim Torres,HOU,A+,23,40,145,162,38,23,10,0,5,17,31,17,0,37,0,0,0,2,4,2,0.262068965,sa328090
2008,Tim Torres,HOU,A+,24,127,475,545,129,80,36,4,9,67,62,62,1,97,2,3,3,8,12,6,0.271578947,sa328090
2008,Mike Goetz,PIT,A+,23,12,34,38,7,7,0,0,0,2,2,2,0,5,1,0,1,0,1,2,0.205882352,sa328252
2011,Kipp Schutz,BAL,A+,23,87,306,332,65,38,20,0,7,39,36,22,0,74,1,2,1,13,6,9,0.2124183,sa328269
2012,Kipp Schutz,BAL,A+,24,41,135,150,41,33,6,0,2,15,21,13,0,30,1,0,1,7,1,1,0.303703703,sa328269
2008,Mike Pierce,BAL,A+,24,57,170,185,27,13,10,0,4,19,15,12,0,76,0,1,2,3,2,0,0.158823529,sa328317
2011,Adam Milligan,ATL,A+,23,64,237,259,69,34,19,4,12,35,40,16,0,76,4,1,0,5,1,0,0.29113924,sa328331
2012,Adam Milligan,ATL,A+,24,91,337,367,86,48,21,2,15,45,49,20,1,134,6,3,0,4,3,0,0.255192878,sa328331
2009,Adam Milligan,ATL,A+,21,6,24,25,4,2,1,0,1,2,6,0,0,8,1,0,0,0,0,0,0.166666666,sa328331
2010,Adam Milligan,ATL,A+,22,21,85,94,17,10,3,0,4,13,8,9,0,35,0,0,0,0,2,0,0.2,sa328331
2007,Cesar Quintero,HOU,A+,24,69,243,261,60,41,11,3,5,35,38,9,0,56,4,3,2,5,15,1,0.24691358,sa328448
2009,Luis Sumoza,ATL,A+,20,9,37,40,7,6,1,0,0,1,2,3,0,9,0,0,0,0,0,2,0.189189189,sa328488
2010,Luis Sumoza,ATL,A+,21,81,278,306,61,44,11,4,2,23,24,22,0,82,2,2,2,7,6,3,0.21942446,sa328488
2009,Richard Martinez,CLE,A+,22,52,176,186,40,32,5,0,3,19,18,4,0,57,2,1,3,4,1,0,0.227272727,sa328579
2010,Richard Martinez,CLE,A+,23,47,161,180,21,17,4,0,0,9,15,18,1,48,0,0,1,7,1,1,0.130434782,sa328579
2008,Lucas Montero,CLE,A+,23,32,134,156,33,28,3,1,1,26,13,17,0,20,0,0,5,4,13,2,0.246268656,sa328584
2009,Lucas Montero,CLE,A+,24,129,465,549,121,90,17,9,5,81,39,70,0,97,7,0,7,8,35,16,0.260215053,sa328584
2010,Amadeo Zazueta,ATL,A+,24,23,92,97,15,9,4,0,2,7,7,2,0,11,1,0,2,3,2,0,0.163043478,sa328602
2007,Paul Bennett,ATL,A+,23,59,173,218,39,28,9,1,1,20,13,35,0,58,4,2,4,5,9,3,0.225433526,sa328604
2008,Paul Bennett,ATL,A+,24,12,37,40,7,6,1,0,0,2,3,2,0,13,0,0,1,0,1,1,0.189189189,sa328604
2008,Concepcion Rodriguez,ATL,A+,21,108,379,422,106,64,26,5,11,56,56,33,0,66,4,4,2,6,9,6,0.279683377,sa328605
2011,Geraldo Rodriguez,ATL,A+,23,77,260,290,57,30,17,0,10,22,46,19,0,94,8,0,1,6,3,2,0.219230769,sa328771
2009,Geraldo Rodriguez,ATL,A+,21,60,224,243,63,40,9,2,12,34,41,15,0,72,2,1,0,7,4,1,0.28125,sa328771
2010,Geraldo Rodriguez,ATL,A+,22,85,320,359,81,49,15,4,13,50,53,26,0,110,4,6,0,6,5,5,0.253125,sa328771
2010,Gerardo Avila,ATL,A+,23,41,152,171,35,21,6,1,7,20,22,17,2,49,0,0,1,1,1,2,0.230263157,sa328834
2011,Andres James,TEX,A+,23,82,270,285,53,45,7,1,0,27,15,5,0,46,3,1,6,4,6,4,0.196296296,sa328845
2008,Jose De Los Santos,PIT,A+,23,56,210,239,49,41,5,3,0,27,13,17,0,39,1,1,10,0,14,10,0.233333333,sa328907
2009,Jose De Los Santos,PIT,A+,24,114,453,497,112,101,5,6,0,70,31,29,1,96,3,3,9,1,53,8,0.247240618,sa328907
2008,Alex Castillo,CLE,A+,22,78,265,286,60,33,17,2,8,28,44,15,0,76,2,2,2,5,4,4,0.226415094,sa328910
2009,Alex Castillo,CLE,A+,23,74,242,273,57,43,11,1,2,27,28,24,0,70,1,2,3,6,6,1,0.23553719,sa328910
2010,Alex Castillo,CLE,A+,24,36,99,114,21,16,5,0,0,5,8,12,0,31,0,0,3,1,2,1,0.212121212,sa328910
2009,Chih-Hsien Chiang,BOS,A+,21,85,299,328,79,49,21,3,6,37,38,24,0,48,3,2,0,13,2,1,0.264214046,sa328920
2007,Todd Balduf,KCR,A+,22,10,20,27,3,3,0,0,0,1,1,4,0,3,1,0,2,1,0,0,0.15,sa328960
2007,Jerry Verastegui,ATL,A+,24,41,122,135,26,22,4,0,0,11,10,10,0,19,1,1,1,6,0,2,0.213114754,sa329067
2011,Reynaldo Rodriguez,BOS,A+,24,56,202,237,64,30,24,1,9,44,43,27,0,43,3,5,0,2,7,2,0.316831683,sa329131
2011,Jason Smit,CLE,A+,21,8,23,25,5,2,2,1,0,3,2,2,0,6,0,0,0,0,0,0,0.217391304,sa329393
2008,Andrew Lefave,WSN,A+,24,54,186,233,50,32,13,2,3,44,33,43,2,35,3,1,0,1,9,1,0.268817204,sa329493
2007,Jeff Stevens,ATL,A+,23,14,49,52,12,6,5,0,1,4,6,3,0,13,0,0,0,1,0,0,0.244897959,sa331044
2008,Chad Lundahl,ATL,A+,23,19,58,60,13,11,1,0,1,6,9,1,0,12,0,0,1,1,1,1,0.224137931,sa331349
2009,Chad Lundahl,ATL,A+,24,60,204,212,32,22,8,0,2,15,12,6,0,34,2,0,0,4,1,1,0.156862745,sa331349
2009,David Cash,BAL,A+,23,69,215,228,47,43,3,1,0,17,17,8,0,54,2,1,2,4,6,5,0.218604651,sa331355
2011,David Paisano,TEX,A+,23,65,245,259,59,41,13,4,1,21,22,8,0,37,3,2,1,5,1,3,0.240816326,sa355427
2009,Greg Veloz,WSN,A+,21,19,51,57,7,4,1,1,1,14,3,6,0,12,0,0,0,2,3,1,0.137254901,sa381346
2007,Wilver Perez,KCR,A+,23,54,162,189,49,31,13,2,3,21,23,20,0,40,2,3,2,4,13,4,0.302469135,sa381480
2008,Wilver Perez,KCR,A+,24,32,94,102,16,8,7,0,1,7,7,7,0,28,0,1,0,1,3,0,0.170212765,sa381480
2007,C.J. Lang,CHW,A+,23,85,243,286,66,53,12,1,0,33,20,29,0,26,2,3,9,8,6,3,0.271604938,sa381573
2008,C.J. Lang,CHW,A+,24,65,204,234,52,35,14,1,2,25,19,23,0,28,3,1,3,5,9,3,0.25490196,sa381573
2007,Roberto Alvarez,ATL,A+,23,101,385,413,112,83,20,3,6,49,50,24,0,80,2,2,0,13,6,3,0.29090909,sa381975
2008,Roberto Alvarez,ATL,A+,24,7,28,30,3,2,1,0,0,3,1,2,0,6,0,0,0,1,0,0,0.107142857,sa381975
2007,Michael Fisher,ATL,A+,22,30,120,135,30,25,4,0,1,15,13,10,0,21,3,0,2,3,0,2,0.25,sa388384
2009,Michael Fisher,ATL,A+,24,113,425,465,101,81,17,1,2,50,31,32,0,99,2,1,5,8,4,5,0.237647058,sa388384
2009,Wally Crancer,BAL,A+,24,64,215,235,65,47,8,2,8,29,34,13,1,40,2,4,1,2,0,3,0.302325581,sa388387
2007,Beau Mills,CLE,A+,20,10,40,48,11,4,6,0,1,7,5,4,0,8,3,1,0,2,0,0,0.275,sa388399
2008,Beau Mills,CLE,A+,21,125,482,549,141,83,34,3,21,78,90,54,3,105,10,3,0,11,2,3,0.29253112,sa388399
2009,Mark Thompson,CLE,A+,24,7,27,30,8,3,5,0,0,2,6,0,0,6,1,1,1,0,0,0,0.296296296,sa388400
2008,Matt Cavagnaro,PIT,A+,22,10,34,37,12,7,4,1,0,3,6,2,0,4,0,0,1,3,0,0,0.352941176,sa388822
2008,Adrian Ortiz,KCR,A+,21,28,103,118,32,25,5,2,0,10,12,9,0,11,4,0,2,0,5,5,0.310679611,sa388849
2009,Adrian Ortiz,KCR,A+,22,76,256,274,61,52,5,4,0,22,22,9,0,47,2,3,4,4,12,6,0.23828125,sa388849
2010,Adrian Ortiz,KCR,A+,23,106,436,480,126,99,17,8,2,59,34,22,1,71,0,2,20,2,32,15,0.288990825,sa388849
2011,Adrian Ortiz,KCR,A+,24,8,26,28,3,0,3,0,0,1,1,2,0,5,0,0,0,0,0,1,0.115384615,sa388849
2009,Erik Huber,PIT,A+,24,33,122,130,32,23,9,0,0,9,11,3,0,17,2,1,2,2,1,0,0.262295081,sa388977
2009,Marcus Davis,PIT,A+,24,17,61,69,11,6,2,1,2,9,4,5,1,24,2,0,1,0,4,1,0.180327868,sa388979
2010,Patrick Norris,KCR,A+,24,122,442,502,108,80,20,7,1,69,42,41,0,102,3,3,13,4,30,17,0.244343891,sa388981
2010,Jason Bour,CHW,A+,23,41,149,170,45,21,14,4,6,34,26,16,2,39,3,2,0,2,0,0,0.302013422,sa389222
2011,Jason Bour,CHW,A+,24,38,120,130,22,17,4,0,1,9,9,8,0,34,0,1,1,0,0,0,0.183333333,sa389222
2009,Aaron Reza,BOS,A+,24,36,125,137,26,22,3,0,1,19,8,10,0,30,1,1,0,3,0,2,0.208,sa389231
2009,Jim Gallagher,CHW,A+,23,101,381,436,103,72,21,1,9,43,49,48,6,72,2,4,1,10,4,2,0.270341207,sa389255
2008,Danny Bomback,PIT,A+,23,22,76,84,19,14,3,0,2,7,12,6,0,11,2,0,0,2,1,2,0.25,sa389382
2009,Robbie Widlansky,BAL,A+,24,86,326,363,111,72,31,1,7,49,59,29,2,48,3,4,1,7,5,1,0.340490797,sa389390
2008,Sergio Miranda,CHW,A+,21,39,110,121,23,16,5,2,0,11,12,7,0,15,0,3,1,4,5,5,0.209090909,sa389414
2008,Daniel Lyons,WSN,A+,23,55,197,242,50,30,15,3,2,32,33,30,0,47,10,3,2,3,6,2,0.253807106,sa389418
2009,Daniel Lyons,WSN,A+,24,46,142,180,26,17,6,1,2,18,17,29,0,30,2,2,5,3,11,3,0.183098591,sa389418
2008,David Wood,KCR,A+,23,37,128,136,20,16,4,0,0,9,12,4,0,34,0,2,2,3,3,1,0.15625,sa389434
2008,Greg Paiml,CHW,A+,23,92,329,353,89,62,19,5,3,41,28,19,0,88,0,0,5,3,6,3,0.270516717,sa389444
2009,Greg Paiml,CHW,A+,24,132,508,564,121,87,29,1,4,59,46,34,0,152,9,5,8,9,10,9,0.238188976,sa389444
2010,Ozzie Lewis,CHW,A+,24,108,414,456,124,87,26,1,10,61,56,33,3,92,5,1,2,14,2,3,0.299516908,sa389668
2008,Bill Rhinehart,WSN,A+,23,7,25,27,8,4,2,0,2,5,4,2,1,5,0,0,0,0,1,1,0.32,sa389695
2008,Aaron Seuss,WSN,A+,23,52,200,214,49,30,14,1,4,32,21,4,1,42,7,2,1,7,2,2,0.245,sa389705
2009,Aaron Seuss,WSN,A+,24,36,91,98,17,8,7,0,2,6,9,4,0,19,3,0,0,4,1,1,0.186813186,sa389705
2008,Collin DeLome,HOU,A+,22,68,237,267,55,28,14,3,10,40,35,17,1,57,9,3,1,1,7,2,0.23206751,sa389712
2009,Matthew Brown,CLE,A+,24,48,183,213,49,38,9,1,1,22,25,27,1,34,0,2,1,5,2,1,0.267759562,sa389778
2008,Jason White,BAL,A+,24,63,214,244,51,41,8,1,1,27,17,17,0,53,5,1,7,0,10,4,0.238317757,sa389789
2008,Travis Sweet,HOU,A+,22,33,100,111,15,11,3,0,1,9,9,6,0,25,0,3,2,2,1,2,0.15,sa389790
2008,Roberto Mena,HOU,A+,23,76,240,261,51,39,10,2,0,31,15,13,0,48,1,3,4,4,4,5,0.2125,sa389819
2008,Kevin Carkeek,HOU,A+,23,44,126,146,28,21,6,0,1,13,12,11,0,30,3,2,4,3,0,1,0.222222222,sa389831
2008,Sal Iacono,HOU,A+,23,8,16,21,4,2,2,0,0,3,2,3,0,4,0,1,1,0,0,0,0.25,sa389832
2009,William Vazquez,BOS,A+,24,43,122,141,22,12,8,1,1,9,18,11,0,37,5,0,3,4,1,0,0.180327868,sa389849
2009,Ryan Eigsti,KCR,A+,23,104,324,382,65,47,14,1,3,41,35,42,1,95,8,2,6,8,4,2,0.200617283,sa389865
2009,Brandon Waring,BAL,A+,23,128,473,543,129,66,35,2,26,70,90,51,3,121,12,6,1,10,5,3,0.272727272,sa389878
2010,Jordan Wideman,CIN,A+,21,33,105,116,22,17,5,0,0,10,6,6,0,20,2,1,2,1,0,0,0.209523809,sa389881
2008,Brian Friday,PIT,A+,22,85,340,390,97,71,20,4,2,59,28,34,0,56,8,1,7,7,16,11,0.285294117,sa389902
2010,Jon Gilmore,CHW,A+,21,135,568,611,177,144,24,4,5,79,80,34,2,89,2,6,1,20,1,3,0.311619718,sa389913
2008,Michael Burgess,WSN,A+,19,19,71,83,16,7,3,0,6,12,19,9,1,26,2,1,0,0,0,2,0.225352112,sa389928
2009,Michael Burgess,WSN,A+,20,131,480,545,113,69,23,2,19,63,71,54,5,135,10,1,0,8,12,8,0.235416666,sa389928
2010,Michael Burgess,WSN,A+,21,101,386,442,101,64,21,4,12,57,70,47,6,89,7,2,0,4,5,2,0.261658031,sa389928
2009,Ryan Dent,BOS,A+,20,13,41,44,11,7,4,0,0,6,3,0,0,10,1,1,1,0,1,0,0.268292682,sa389941
2010,Ryan Dent,BOS,A+,21,112,382,427,86,60,17,3,6,44,37,30,0,86,6,4,5,10,9,11,0.22513089,sa389941
2008,Dale Mollenhauer,CHW,A+,22,37,130,142,34,26,5,3,0,14,11,5,0,21,0,1,6,4,4,1,0.261538461,sa390184
2009,Dale Mollenhauer,CHW,A+,23,124,478,531,124,89,25,4,6,75,45,46,3,79,4,1,2,1,20,10,0.259414225,sa390184
2012,Chris Garcia,ATL,A+,24,125,411,500,117,80,25,1,11,56,59,85,2,92,2,2,0,10,3,4,0.284671532,sa390205
2009,C.J. Lee,ATL,A+,24,89,289,319,69,47,15,3,4,40,19,21,0,85,6,1,2,1,8,9,0.238754325,sa390290
2009,Chais Fuller,ATL,A+,24,10,36,37,11,9,1,1,0,2,0,1,0,9,0,0,0,0,0,1,0.305555555,sa390292
2008,Randy Gress,ATL,A+,23,27,83,87,14,9,4,0,1,6,9,3,0,29,1,0,0,1,0,1,0.168674698,sa390293
2009,Randy Gress,ATL,A+,24,62,196,215,38,28,7,0,3,16,14,15,0,50,0,0,4,3,2,2,0.193877551,sa390293
2009,Matt Kennelly,ATL,A+,20,47,159,174,31,26,4,0,1,13,6,14,0,44,0,0,1,2,0,3,0.194968553,sa390294
2010,Matt Kennelly,ATL,A+,21,76,261,291,59,40,11,1,7,26,26,27,0,42,0,1,2,7,1,4,0.226053639,sa390294
2008,Boomer Whiting,WSN,A+,24,43,148,170,42,38,1,1,2,33,12,15,0,28,3,1,3,1,14,4,0.283783783,sa390301
2009,Benji Johnson,ATL,A+,22,61,199,226,44,27,10,0,7,18,30,20,0,63,5,1,1,5,2,3,0.221105527,sa390365
2012,Bo Greenwell,CLE,A+,23,46,171,196,53,39,10,2,2,19,17,19,0,32,3,1,2,2,5,1,0.30994152,sa390607
2013,Bo Greenwell,CLE,A+,24,65,244,273,60,37,17,2,4,35,42,24,0,35,3,2,0,4,5,1,0.245901639,sa390607
2010,Bo Greenwell,CLE,A+,21,65,240,272,70,58,9,1,2,31,21,25,0,51,3,1,3,7,10,5,0.291666666,sa390607
2011,Bo Greenwell,CLE,A+,22,65,235,264,61,44,12,2,3,27,23,20,0,30,1,2,6,5,5,6,0.259574468,sa390607
2008,Travis Jones,ATL,A+,22,128,463,551,115,67,29,3,16,81,78,77,1,107,6,2,2,6,17,8,0.248380129,sa390615
2010,Travis Jones,ATL,A+,24,43,151,181,34,20,8,0,6,25,23,23,0,39,2,3,1,2,3,1,0.225165562,sa390615
2009,David Mailman,BOS,A+,20,61,199,224,37,32,4,0,1,15,12,19,2,49,2,2,2,4,1,3,0.185929648,sa390620
2010,David Mailman,BOS,A+,21,23,77,91,10,4,2,3,1,7,10,13,0,25,1,0,0,2,1,2,0.129870129,sa390620
2011,David Mailman,BOS,A+,22,79,260,293,55,28,20,1,6,27,25,31,0,70,1,1,0,4,7,3,0.211538461,sa390620
2010,Samuel Sime,ATL,A+,23,98,357,381,92,71,13,1,7,33,42,21,1,83,0,1,2,7,10,3,0.257703081,sa390694
2011,Tyler Kolodny,BAL,A+,23,67,229,269,57,40,13,0,4,28,21,23,0,48,16,1,0,4,7,6,0.248908296,sa392074
2012,Tyler Kolodny,BAL,A+,24,13,36,43,5,3,2,0,0,2,0,3,1,14,3,0,1,1,2,0,0.138888888,sa392074
2010,Kyle Day,CIN,A+,23,95,322,361,89,56,24,2,7,38,45,33,1,85,3,1,2,7,5,3,0.276397515,sa392101
2012,Kevin Keyes,WSN,A+,23,114,390,435,87,38,27,1,21,47,78,33,0,108,6,6,0,7,4,2,0.223076923,sa392183
2013,Kevin Keyes,WSN,A+,24,117,437,482,102,65,24,0,13,54,79,34,0,132,5,5,1,15,9,4,0.23340961,sa392183
2009,Kraig Binick,BAL,A+,24,55,204,225,46,34,7,0,5,32,25,12,0,21,6,2,1,7,9,0,0.225490196,sa392192
2010,Fernando Garcia,KCR,A+,21,60,172,205,32,26,4,2,0,20,11,14,0,37,4,2,13,1,8,6,0.186046511,sa392203
2009,Ron Rivas,CLE,A+,21,115,431,474,109,89,18,2,0,40,37,30,2,97,4,1,8,11,5,1,0.252900232,sa392358
2010,Ron Rivas,CLE,A+,22,82,259,300,63,47,13,1,2,30,28,29,0,48,5,2,5,7,1,3,0.243243243,sa392358
2011,Ron Rivas,CLE,A+,23,10,35,38,5,5,0,0,0,2,1,3,0,12,0,0,0,0,0,0,0.142857142,sa392358
2010,Karexon Sanchez,CLE,A+,22,126,452,552,116,79,23,4,10,68,51,75,1,114,14,1,10,7,9,7,0.256637168,sa392360
2013,Stefan Welch,BOS,A+,24,75,267,325,78,49,19,0,10,48,46,45,2,65,10,3,0,1,3,2,0.292134831,sa392373
2009,Ciro Rosero,PIT,A+,22,10,17,20,5,3,2,0,0,0,3,3,0,8,0,0,0,0,0,2,0.294117647,sa392382
2010,Mitchell Dening,BOS,A+,21,116,446,505,122,94,19,6,3,69,45,47,1,84,4,4,4,12,14,9,0.2735426,sa392404
2010,Oscar Tejeda,BOS,A+,20,126,508,552,156,108,32,5,11,76,69,32,2,96,2,10,0,15,17,7,0.307086614,sa392406
2014,Oscar Tejeda,WSN,A+,24,94,359,390,97,62,18,1,16,57,65,27,3,74,0,4,0,14,9,1,0.270194986,sa392406
2010,Jose Gualdron,CIN,A+,22,81,280,295,71,53,16,0,2,25,19,9,1,49,2,0,4,7,3,4,0.253571428,sa392407
2010,Carlos Mendez,CIN,A+,23,72,288,302,85,64,21,0,0,35,23,12,0,49,1,1,0,6,4,0,0.295138888,sa392408
2009,Antonio Jimenez,KCR,A+,22,8,23,25,2,2,0,0,0,0,0,1,0,6,1,0,0,2,0,0,0.086956521,sa392412
2014,Mario Martinez,BOS,A+,24,118,463,482,124,85,28,2,9,50,62,13,0,96,2,4,0,14,1,1,0.267818574,sa392881
2010,Jacob Julius,BAL,A+,24,65,221,254,63,36,15,0,12,38,50,23,0,67,7,1,2,0,6,2,0.285067873,sa392924
2009,Eric Perlozzo,CLE,A+,24,10,25,30,2,1,1,0,0,4,1,4,0,5,0,0,1,1,0,0,0.08,sa392926
2011,Josue Peley,BOS,A+,23,36,123,133,34,28,6,0,0,17,9,7,0,27,0,2,1,4,4,1,0.276422764,sa392938
2010,Jordan Cheatham,CHW,A+,22,38,128,147,32,18,10,3,1,20,16,17,0,23,0,1,1,3,2,3,0.25,sa393009
2008,Joe Persichina,CHW,A+,23,52,167,191,46,37,5,3,1,18,22,18,0,25,2,2,2,3,11,5,0.275449101,sa393408
2009,Joe Persichina,CHW,A+,24,58,191,210,44,34,9,0,1,19,25,12,1,30,0,0,7,1,5,2,0.230366492,sa393408
2008,C.J. Retherford,CHW,A+,22,130,461,519,136,91,28,1,16,66,71,37,1,78,6,8,7,3,11,6,0.295010845,sa393409
2011,Jose Bonilla,KCR,A+,22,76,243,282,51,37,11,0,3,21,29,30,0,53,3,3,3,6,1,1,0.209876543,sa394062
2012,Jose Bonilla,KCR,A+,23,53,167,200,35,28,3,1,3,18,18,28,0,51,3,1,1,2,3,0,0.209580838,sa394062
2013,Luis De La Cruz,ATL,A+,24,24,84,93,17,15,2,0,0,7,3,6,0,13,0,0,3,3,0,0,0.202380952,sa396230
2009,Rodolfo Cardona,BAL,A+,22,14,42,45,10,8,1,1,0,2,1,1,0,16,0,1,1,2,1,1,0.238095238,sa396247
2010,Luis Bernardo,BAL,A+,22,37,120,134,20,14,4,0,2,9,8,8,0,32,1,1,4,3,2,0,0.166666666,sa396248
2011,Luis Bernardo,BAL,A+,23,11,33,40,5,5,0,0,0,1,6,4,0,4,0,1,2,0,0,0,0.151515151,sa396248
2008,Brian Juhl,CLE,A+,22,41,121,148,29,20,5,1,3,18,21,19,0,36,5,0,3,0,0,0,0.239669421,sa396281
2009,Joel Collins,PIT,A+,23,19,56,70,10,8,2,0,0,9,1,5,0,12,8,0,1,2,0,0,0.178571428,sa397030
2009,Matthew Willard,CLE,A+,23,12,32,38,5,5,0,0,0,0,1,4,0,11,0,1,0,1,1,0,0.15625,sa397842
2009,Jered Stanley,BOS,A+,24,48,152,181,32,24,7,1,0,17,11,26,0,51,3,0,0,4,1,1,0.210526315,sa401626
2009,Doug Pickens,CLE,A+,24,52,191,206,55,43,7,1,4,19,26,14,1,33,0,1,0,8,1,1,0.287958115,sa447531
2010,Luis Sierra,CHW,A+,22,79,287,318,84,60,17,2,5,48,41,22,2,45,2,4,3,9,0,1,0.292682926,sa450821
2011,Luis Sierra,CHW,A+,23,63,213,236,47,30,12,1,4,24,27,19,0,45,1,1,2,2,1,2,0.220657276,sa450821
2008,Ronnie Gaines,CHW,A+,24,18,61,70,18,8,8,2,0,12,5,5,0,15,2,1,1,2,3,1,0.295081967,sa451715
2011,Cutter Dykstra,WSN,A+,22,94,306,334,65,52,11,1,1,26,27,21,0,82,2,3,2,13,12,4,0.2124183,sa454428
2013,Cutter Dykstra,WSN,A+,24,107,361,446,102,72,26,0,4,42,43,77,1,72,5,3,0,10,16,4,0.282548476,sa454428
2013,Zach Cone,TEX,A+,23,7,26,27,8,6,2,0,0,3,0,1,0,9,0,0,0,0,1,0,0.307692307,sa454512
2014,Zach Cone,TEX,A+,24,43,149,167,27,21,5,0,1,14,15,15,0,59,2,1,0,0,3,2,0.181208053,sa454512
2011,Braeden Schlehuber,ATL,A+,23,36,121,132,30,16,10,0,4,18,14,9,0,17,0,1,1,1,2,1,0.247933884,sa454529
2012,Braeden Schlehuber,ATL,A+,24,87,289,319,78,49,17,4,8,36,42,9,0,47,17,2,2,13,1,2,0.269896193,sa454529
2010,Braeden Schlehuber,ATL,A+,22,27,87,95,10,6,1,1,2,9,6,4,0,12,2,0,2,0,0,0,0.114942528,sa454529
2010,Peter Hissey,BOS,A+,20,112,444,505,104,75,22,6,1,63,37,42,0,127,7,3,9,7,25,9,0.234234234,sa454542
2011,Peter Hissey,BOS,A+,21,97,378,418,91,61,25,3,2,38,41,25,1,93,7,4,4,3,27,11,0.24074074,sa454542
2009,Greg Miclat,BAL,A+,21,6,24,27,5,4,1,0,0,4,1,3,0,4,0,0,0,0,1,0,0.208333333,sa454552
2010,Greg Miclat,BAL,A+,22,48,164,194,51,38,12,0,1,30,19,20,0,27,6,1,3,6,8,2,0.310975609,sa454552
2011,Adam Abraham,CLE,A+,24,130,456,540,115,67,31,0,17,63,72,70,1,114,9,4,1,18,5,2,0.252192982,sa454574
2009,Nate Recknagel,CLE,A+,23,25,90,97,21,15,5,0,1,10,8,6,0,17,0,0,1,2,0,1,0.233333333,sa454575
2010,Nate Recknagel,CLE,A+,24,53,188,209,40,24,11,0,5,27,22,19,1,54,1,0,1,8,1,2,0.212765957,sa454575
2010,Jose Lozada,WSN,A+,24,104,344,385,88,59,18,5,6,45,34,21,0,63,8,8,4,8,1,9,0.255813953,sa454600
2010,Jeremie Tice,CLE,A+,23,51,191,209,54,32,15,2,5,26,28,12,0,47,4,1,1,3,0,0,0.282722513,sa454601
2011,Jeremie Tice,CLE,A+,24,77,275,320,71,44,16,0,11,39,43,36,0,73,7,2,0,12,1,1,0.258181818,sa454601
2009,Ryan Blair,CLE,A+,23,55,185,200,36,28,6,1,1,17,15,10,1,38,0,1,4,4,3,1,0.194594594,sa454612
2011,Kevin Dubler,CHW,A+,24,12,36,42,11,5,3,0,3,10,10,4,0,4,1,1,0,0,0,0,0.305555555,sa454701
2010,Alex Buchholz,CIN,A+,22,65,240,267,65,42,17,0,6,19,36,18,0,32,4,3,2,4,6,4,0.270833333,sa454711
2010,Kenneth Williams,CHW,A+,24,74,274,301,69,47,17,1,4,33,33,17,1,57,5,1,4,6,0,3,0.251824817,sa454712
2013,Jason Esposito,BAL,A+,22,100,365,398,81,64,12,1,4,31,41,19,0,115,6,5,3,8,8,2,0.221917808,sa454765
2014,Jason Esposito,BAL,A+,23,127,470,498,128,83,31,5,9,50,50,17,0,103,5,6,0,10,5,4,0.272340425,sa454765
2010,Donnie Webb,CLE,A+,24,77,258,305,69,49,14,1,5,44,34,29,1,67,12,3,3,10,12,4,0.26744186,sa454797
2009,Jonathan Hee,BOS,A+,23,87,322,361,76,58,15,0,3,38,35,28,2,40,3,5,3,9,3,3,0.236024844,sa454891
2010,Jonathan Hee,BOS,A+,24,88,277,324,67,52,13,1,1,33,20,29,0,50,14,2,2,16,0,3,0.241877256,sa454891
2010,Chris McMurray,CIN,A+,23,10,32,35,6,4,2,0,0,6,1,2,0,8,1,0,0,0,0,1,0.1875,sa454906
2010,Byron Wiley,CIN,A+,23,13,44,49,9,8,0,0,1,3,2,5,0,20,0,0,0,1,0,0,0.204545454,sa454947
2009,Tim Fedroff,CLE,A+,22,99,378,449,105,76,23,2,4,70,39,64,0,95,3,4,0,4,13,3,0.277777777,sa454958
2011,Jared Bolden,TEX,A+,24,94,347,375,94,61,21,6,6,48,47,21,0,89,1,1,5,2,4,5,0.270893371,sa454964
2013,Kevin Torres,TEX,A+,23,38,127,146,26,18,5,0,3,18,12,12,0,30,4,2,1,3,2,0,0.204724409,sa454965
2014,Kevin Torres,TEX,A+,24,40,143,155,31,26,3,2,0,12,16,8,0,33,0,4,0,3,0,0,0.216783216,sa454965
2010,Cody Puckett,CIN,A+,23,125,473,542,131,69,40,4,18,72,54,45,0,124,11,5,8,6,17,4,0.276955602,sa454975
2012,Dan Brewer,ATL,A+,24,40,154,176,40,29,8,1,2,23,16,19,1,29,1,1,1,6,8,4,0.259740259,sa454991
2010,J.D. Alfaro,KCR,A+,22,22,71,74,13,9,3,1,0,4,9,1,0,13,0,0,2,2,0,0,0.183098591,sa454996
2011,J.R. Higley,WSN,A+,23,69,209,247,49,30,13,0,6,36,23,23,0,61,10,0,5,3,5,2,0.23444976,sa455010
2011,Steven Caseres,KCR,A+,24,8,28,30,3,3,0,0,0,1,0,2,0,12,0,0,0,0,0,0,0.107142857,sa455047
2012,Jake Kuebler,KCR,A+,22,32,107,118,16,12,2,0,2,8,10,7,1,35,3,0,1,3,0,0,0.14953271,sa455078
2010,Chris Curran,WSN,A+,22,74,239,275,54,41,8,4,1,31,17,17,0,42,8,3,8,2,10,8,0.225941422,sa455157
2011,Chris Curran,WSN,A+,23,21,47,52,7,6,1,0,0,4,1,4,0,13,1,0,0,0,2,2,0.14893617,sa455157
2011,Austin Yount,CHW,A+,24,62,187,218,40,26,9,2,3,18,15,23,0,52,1,2,5,3,1,0,0.213903743,sa455201
2009,Chris Shehan,ATL,A+,22,39,138,144,36,20,15,0,1,15,6,5,1,38,1,0,0,4,3,3,0.260869565,sa455237
2010,Chris Shehan,ATL,A+,23,22,72,86,13,10,1,2,0,5,3,9,0,17,1,1,3,1,3,0,0.180555555,sa455237
2012,Travis Adair,BAL,A+,24,41,130,149,37,30,6,0,1,18,10,17,3,17,0,1,1,2,7,2,0.284615384,sa455263
2011,Travis Adair,TEX,A+,23,71,279,307,85,65,14,2,4,38,33,24,3,44,2,1,1,6,1,2,0.304659498,sa455263
2009,Tyler Kuhn,CHW,A+,22,68,256,281,72,56,14,2,0,28,19,14,0,38,2,3,6,3,7,7,0.28125,sa455308
2011,J.P. Ramirez,WSN,A+,21,85,310,336,69,47,14,1,7,38,29,21,0,57,2,2,1,10,3,1,0.222580645,sa455310
2012,J.P. Ramirez,WSN,A+,22,76,247,260,68,61,6,1,0,23,16,7,1,41,3,1,2,3,3,1,0.275303643,sa455310
2009,Bobby Stevens,BAL,A+,22,81,246,293,67,50,9,1,7,39,25,23,2,79,13,3,8,0,10,6,0.272357723,sa455319
2010,Bobby Stevens,BAL,A+,23,96,266,314,68,53,9,2,4,46,39,29,0,67,12,1,6,6,11,2,0.255639097,sa455319
2011,Bobby Stevens,BAL,A+,24,79,252,298,59,41,8,2,8,48,27,31,1,55,9,0,6,5,7,6,0.234126984,sa455319
2010,Drew Garcia,CHW,A+,24,119,438,492,111,73,29,0,9,61,70,35,1,101,9,5,5,15,5,1,0.253424657,sa455332
2010,Adam Frost,KCR,A+,23,44,139,149,34,21,7,2,4,19,16,8,0,28,1,0,1,2,14,4,0.244604316,sa455334
2011,Carlo Testa,KCR,A+,24,100,366,417,106,68,27,4,7,48,43,36,0,109,6,2,7,4,18,7,0.289617486,sa455365
2011,Zach Gentile,BOS,A+,24,81,253,298,69,58,10,1,0,33,20,31,1,42,7,1,6,4,3,2,0.272727272,sa455401
2010,Brian Conley,BAL,A+,24,16,45,51,10,8,0,1,1,2,4,4,0,8,0,1,1,0,1,1,0.222222222,sa455405
2010,Ronnie Welty,BAL,A+,22,130,504,564,142,89,32,3,18,86,82,47,1,159,8,5,0,16,11,4,0.281746031,sa455432
2012,Ronnie Welty,BAL,A+,24,13,53,56,22,9,7,3,3,12,17,1,0,10,2,0,0,4,3,0,0.415094339,sa455432
2009,Justin Greene,CHW,A+,23,49,175,201,42,34,6,0,2,24,13,16,0,52,8,0,1,3,12,5,0.24,sa455434
2010,Justin Greene,CHW,A+,24,74,249,291,77,43,15,9,10,50,45,28,0,73,6,2,6,3,17,7,0.309236947,sa455434
2013,Zack MacPhee,CLE,A+,23,60,183,218,40,29,8,1,2,15,16,30,0,37,0,2,3,5,1,1,0.218579234,sa455455
2010,Calvin Culver,ATL,A+,21,39,138,150,30,27,3,0,0,8,10,7,0,22,1,3,1,3,0,2,0.217391304,sa455501
2010,Brandon Short,CHW,A+,21,116,491,544,155,104,31,5,15,77,79,28,0,107,14,7,4,8,7,10,0.315682281,sa455526
2012,Brandon Short,CHW,A+,23,10,37,49,11,9,2,0,0,4,7,8,0,13,1,2,1,1,0,1,0.297297297,sa455526
2012,Matthew Marquis,BOS,A+,22,10,33,36,5,4,1,0,0,2,1,2,0,14,0,0,1,2,1,0,0.151515151,sa455535
2011,Vladimir Frias,BOS,A+,24,24,71,84,14,7,4,0,3,10,13,9,0,16,3,0,1,1,4,4,0.197183098,sa455557
2010,Yoel Campusano,ATL,A+,23,36,130,150,25,17,5,0,3,14,11,19,0,27,0,1,0,3,2,1,0.192307692,sa455599
2011,L.V. Ware,ATL,A+,24,115,367,417,92,60,19,6,7,40,33,21,0,98,15,3,11,6,14,10,0.250681198,sa455600
2010,L.V. Ware,ATL,A+,23,76,233,267,59,43,9,4,3,36,21,17,0,62,7,3,7,3,11,8,0.253218884,sa455600
2009,Buck Britton,BAL,A+,23,13,37,40,9,8,1,0,0,3,2,2,0,7,0,0,1,1,2,1,0.243243243,sa455619
2010,Buck Britton,BAL,A+,24,99,334,366,87,64,16,2,5,35,48,22,1,54,5,2,3,7,2,4,0.260479041,sa455619
2010,Ronald Bermudez,BOS,A+,22,24,71,80,17,11,6,0,0,7,6,6,0,13,1,0,2,3,0,0,0.239436619,sa455626
2011,Ronald Bermudez,BOS,A+,23,9,31,35,6,3,3,0,0,5,3,2,0,4,1,0,1,1,1,0,0.193548387,sa455626
2012,Angel Franco,KCR,A+,22,106,357,410,95,74,15,3,3,40,35,33,2,47,2,0,18,6,10,5,0.266106442,sa455631
2011,Juan Silverio,CHW,A+,20,45,170,187,47,30,10,3,4,28,27,10,0,41,2,1,1,5,2,1,0.276470588,sa455632
2012,Juan Silverio,CHW,A+,21,78,263,286,64,33,20,3,8,36,51,15,1,67,2,4,1,10,4,4,0.243346007,sa455632
2010,Osman Marval,ATL,A+,23,20,56,58,16,11,4,0,1,6,7,1,0,9,0,0,1,0,0,0,0.285714285,sa455718
2010,Jahdiel Santamaria,ATL,A+,23,9,30,31,3,2,0,0,1,2,2,1,0,7,0,0,0,0,0,0,0.1,sa455904
2012,Emerson Landoni,ATL,A+,23,67,198,219,43,33,6,1,3,22,20,14,0,33,2,1,4,3,1,7,0.217171717,sa455907
2013,Emerson Landoni,ATL,A+,24,65,228,248,63,45,13,3,2,28,19,15,0,25,3,1,1,9,0,2,0.276315789,sa455907
2011,Deivy Batista,KCR,A+,23,97,281,322,61,41,16,2,2,35,23,29,0,88,3,2,7,3,5,3,0.21708185,sa455940
2013,Yowill Espinal,KCR,A+,22,26,73,81,11,10,1,0,0,4,2,4,0,26,1,0,3,2,0,1,0.150684931,sa455943
2010,Chun-Hsiu Chen,CLE,A+,21,52,172,217,55,32,17,0,6,31,30,38,1,36,3,4,0,6,4,1,0.319767441,sa455954
2010,Abner Abreu,CLE,A+,20,106,409,435,103,72,21,6,4,44,58,20,0,130,2,2,2,11,11,2,0.25183374,sa455955
2011,Abner Abreu,CLE,A+,21,91,336,367,82,49,16,5,12,42,35,22,1,102,3,3,3,12,19,3,0.244047619,sa455955
2012,Delvi Cid,CLE,A+,22,95,275,309,77,50,18,4,5,50,29,21,0,80,5,0,8,3,32,10,0.28,sa455960
2011,Delvi Cid,CLE,A+,21,79,234,275,46,38,5,1,2,31,9,28,0,64,9,0,4,3,28,8,0.196581196,sa455960
2013,Delvi Cid,BAL,A+,23,41,131,149,33,24,4,0,5,26,23,14,0,31,3,0,1,2,10,6,0.251908396,sa455960
2009,John Allman,CLE,A+,24,20,70,77,18,14,4,0,0,2,7,2,0,17,2,2,1,4,0,0,0.257142857,sa455961
2011,Garabez Rosa,BAL,A+,21,53,179,187,38,28,7,1,2,15,16,3,0,47,0,0,5,2,3,0,0.212290502,sa455978
2012,Garabez Rosa,BAL,A+,22,108,363,389,89,64,16,2,7,37,45,10,1,87,4,2,10,15,4,5,0.245179063,sa455978
2011,Michael Almanzar,BOS,A+,20,61,220,234,40,30,8,0,2,18,15,9,0,55,3,1,1,6,3,3,0.181818181,sa455994
2012,Michael Almanzar,BOS,A+,21,124,454,498,136,88,36,0,12,62,54,33,2,77,7,4,0,23,10,4,0.299559471,sa455994
2011,Wilfred Pichardo,BOS,A+,21,23,86,95,21,16,4,1,0,8,6,3,0,28,1,2,3,1,2,5,0.244186046,sa455997
2010,Efrain Contreras,CIN,A+,23,62,171,193,34,22,8,0,4,16,17,15,0,51,2,1,4,1,3,2,0.198830409,sa456010
2011,Derrik Gibson,BOS,A+,21,128,445,510,107,83,20,3,1,56,30,48,0,86,6,2,9,7,24,9,0.240449438,sa456041
2010,Francisco Soriano,WSN,A+,23,29,96,117,19,13,3,2,1,15,10,18,0,24,0,2,1,1,5,1,0.197916666,sa456102
2011,Francisco Soriano,WSN,A+,24,88,284,357,65,41,15,3,6,48,37,55,0,51,5,3,10,2,16,4,0.228873239,sa456102
2010,Kevin Coddington,CIN,A+,22,62,221,242,53,42,10,1,0,12,12,16,2,41,4,0,1,4,0,4,0.239819004,sa456348
2010,Wilfri Pena,WSN,A+,23,8,21,23,2,0,1,0,1,3,2,2,0,8,0,0,0,0,0,0,0.095238095,sa456607
2009,Kyle Shelton,CHW,A+,23,31,108,120,35,26,8,0,1,17,15,9,0,25,2,0,1,3,1,0,0.324074074,sa458768
2010,Kyle Shelton,CHW,A+,24,68,229,257,69,51,12,2,4,36,31,21,1,43,3,2,2,4,2,0,0.301310043,sa458768
2012,Geulin Beltre,KCR,A+,21,117,412,461,100,76,14,5,5,40,37,32,1,98,4,1,12,11,16,12,0.242718446,sa463212
2013,Geulin Beltre,KCR,A+,22,85,288,317,62,49,11,1,1,23,19,21,0,62,0,0,8,10,6,6,0.215277777,sa463212
2011,Travis Jones,KCR,A+,22,9,26,33,6,4,2,0,0,4,1,3,0,6,0,1,3,2,0,0,0.23076923,sa471319
2017,Martin Cervenka,CLE,A+,24,112,400,449,111,75,24,4,8,59,57,42,3,103,1,6,0,11,1,1,0.2775,sa492636
2012,Edwin Garcia,TEX,A+,21,79,255,288,62,51,10,0,1,20,24,25,0,34,4,3,1,8,5,3,0.243137254,sa499640
2013,Edwin Garcia,TEX,A+,22,86,308,338,81,63,16,0,2,30,34,22,0,48,0,6,2,7,3,2,0.262987012,sa499640
2014,Edwin Garcia,TEX,A+,23,53,198,214,52,43,9,0,0,21,11,14,0,31,0,0,2,4,3,4,0.262626262,sa499640
2014,LeVon Washington,CLE,A+,22,70,252,301,74,58,11,1,4,39,28,45,1,63,2,2,0,2,7,3,0.293650793,sa500743
2015,LeVon Washington,CLE,A+,23,48,193,213,47,28,12,4,3,27,32,15,0,40,3,2,0,6,4,1,0.243523316,sa500743
2013,Kenny Diekroeger,KCR,A+,22,33,121,127,25,20,1,1,3,8,15,3,0,28,1,0,2,7,0,3,0.20661157,sa500843
2014,Kenny Diekroeger,KCR,A+,23,47,151,171,32,28,2,1,1,17,8,18,0,37,0,0,2,0,6,1,0.211920529,sa500843
2015,Kenny Diekroeger,KCR,A+,24,13,37,39,10,9,1,0,0,2,3,1,0,12,0,1,0,0,2,0,0.27027027,sa500843
2010,Tyler Townsend,BAL,A+,22,19,67,78,19,9,5,2,3,6,14,10,0,15,1,0,0,2,1,0,0.283582089,sa501202
2011,Tyler Townsend,BAL,A+,23,67,252,271,80,41,24,2,13,43,50,11,1,64,6,2,0,0,2,2,0.317460317,sa501202
2012,Tyler Townsend,BAL,A+,24,33,118,136,30,22,5,0,3,14,18,15,1,31,1,2,0,2,0,1,0.254237288,sa501202
2010,Mycal Jones,ATL,A+,23,69,275,318,74,47,19,1,7,51,22,31,0,66,7,3,2,2,15,4,0.269090909,sa501228
2012,David Renfroe,BOS,A+,21,10,33,38,6,5,1,0,0,2,5,3,0,7,1,1,0,1,0,1,0.181818181,sa501259
2013,David Renfroe,BOS,A+,22,62,216,243,48,32,11,2,3,25,31,20,0,50,3,4,0,5,2,2,0.222222222,sa501259
2010,Kyle Bellows,CLE,A+,21,124,462,512,117,81,21,5,10,48,66,39,2,91,6,3,2,22,4,3,0.253246753,sa501266
2014,David Nick,ATL,A+,24,73,282,305,83,60,13,4,6,41,35,19,3,58,1,1,2,6,5,4,0.294326241,sa501268
2015,Wes Darvill,CHC,A+,23,20,59,70,13,7,4,1,1,9,5,8,0,11,0,0,3,2,1,1,0.220338983,sa501490
2011,Robby Hefflinger,ATL,A+,21,12,44,47,5,3,2,0,0,2,2,3,0,19,0,0,0,0,0,0,0.113636363,sa501502
2012,Robby Hefflinger,ATL,A+,22,37,123,144,28,16,8,0,4,14,11,18,0,47,2,0,1,5,1,1,0.227642276,sa501502
2013,Robby Hefflinger,ATL,A+,23,74,280,307,80,41,17,1,21,44,52,22,0,71,2,3,0,11,1,1,0.285714285,sa501502
2010,Josh Fellhauer,CIN,A+,22,129,496,552,119,87,25,1,6,50,42,36,0,82,6,4,9,11,8,7,0.239919354,sa501503
2010,Jordan Henry,CLE,A+,22,42,162,193,54,50,4,0,0,32,13,30,0,27,0,0,1,1,14,2,0.333333333,sa501511
2011,Matt Weaver,ATL,A+,21,12,39,42,7,5,0,1,1,5,4,3,0,12,0,0,0,0,0,0,0.179487179,sa501548
2012,Matt Weaver,ATL,A+,22,87,278,297,60,39,9,2,10,25,32,14,0,110,3,0,2,2,2,3,0.215827338,sa501548
2013,Matt Weaver,ATL,A+,23,93,281,318,63,47,11,2,3,30,35,22,0,85,6,2,7,3,7,6,0.224199288,sa501548
2010,Ben Theriot,KCR,A+,22,20,67,72,18,14,3,1,0,8,6,4,0,11,1,0,0,2,0,0,0.268656716,sa501557
2012,Kyle Rose,ATL,A+,23,33,84,97,19,13,4,2,0,12,4,8,0,18,2,0,3,4,5,3,0.226190476,sa501561
2011,Shannon Wilkerson,BOS,A+,22,102,342,390,86,56,18,2,10,54,39,34,0,70,4,5,2,7,13,3,0.251461988,sa501599
2012,Shannon Wilkerson,BOS,A+,23,100,386,421,104,76,19,5,4,50,42,20,0,72,1,6,7,4,29,7,0.269430051,sa501599
2011,Justin Bloxom,WSN,A+,23,88,320,363,83,51,20,3,9,36,45,36,2,75,1,5,1,6,2,3,0.259375,sa501606
2012,Justin Bloxom,WSN,A+,24,65,224,251,58,33,13,0,12,35,34,23,0,64,2,2,0,5,0,0,0.258928571,sa501606
2011,Aaron Baker,BAL,A+,23,12,44,53,17,12,3,0,2,8,9,6,1,9,2,1,0,0,0,0,0.386363636,sa501612
2012,Aaron Baker,BAL,A+,24,89,319,364,85,42,18,3,22,44,72,36,2,77,6,2,1,9,7,3,0.26645768,sa501612
2010,Ryan Wood,KCR,A+,23,20,66,79,9,4,2,1,2,6,6,13,0,24,0,0,0,2,0,1,0.136363636,sa501622
2011,Steve Bumbry,BAL,A+,23,109,372,453,91,51,26,3,11,67,37,67,1,124,5,4,5,3,11,9,0.244623655,sa501637
2012,Steve Bumbry,BAL,A+,24,64,229,262,57,28,20,2,7,30,32,27,0,85,4,1,1,2,12,2,0.248908296,sa501637
2010,Nick Ciolli,CHW,A+,22,10,40,42,15,8,6,0,1,10,5,1,0,9,0,0,1,2,0,0,0.375,sa501654
2011,Nick Ciolli,CHW,A+,23,113,375,428,99,62,17,6,14,54,62,39,0,118,3,6,5,9,7,8,0.264,sa501654
2012,Nick Ciolli,CHW,A+,24,46,167,184,46,31,10,1,4,29,26,12,2,48,3,1,1,4,7,2,0.275449101,sa501654
2012,Brandon Jacobs,BOS,A+,21,114,437,487,110,67,30,0,13,62,61,39,2,128,8,3,0,8,17,9,0.251716247,sa501670
2013,Brandon Jacobs,BOS,A+,22,81,291,337,71,36,24,0,11,44,44,33,1,88,8,3,0,8,10,4,0.243986254,sa501670
2011,Kyle Colligan,CHW,A+,24,90,252,305,51,30,11,2,8,34,30,46,1,69,2,4,1,3,6,4,0.202380952,sa501676
2010,Jordan Kreke,ATL,A+,23,48,164,190,37,27,7,1,2,22,15,22,0,36,2,1,1,7,1,3,0.225609756,sa501696
2010,Cory Harrilchak,ATL,A+,22,58,234,259,63,40,16,5,2,29,25,21,1,45,1,2,1,3,4,4,0.269230769,sa501701
2012,Dan Black,CHW,A+,24,129,500,573,157,109,29,2,17,82,88,64,3,92,3,5,0,14,5,2,0.314,sa501741
2010,Sean Nicol,WSN,A+,23,16,59,64,17,13,2,2,0,10,9,5,0,15,0,0,0,5,0,0,0.288135593,sa501900
2011,Sean Nicol,WSN,A+,24,14,45,52,7,6,1,0,0,8,3,6,0,11,0,0,1,2,0,0,0.155555555,sa501900
2011,Riaan Spanjer-Furstenburg,ATL,A+,23,17,64,66,12,7,5,0,0,3,1,2,0,15,0,0,0,1,1,1,0.1875,sa501907
2011,Daniel Wagner,CHW,A+,22,132,481,525,123,104,14,4,1,60,28,31,0,64,1,3,9,7,25,12,0.255717255,sa501936
2012,Daniel Wagner,CHW,A+,23,88,322,367,86,71,13,0,2,57,34,31,1,40,1,3,9,3,30,5,0.267080745,sa501936
2012,Keenyn Walker,CHW,A+,21,37,143,168,34,23,7,1,3,31,16,24,1,50,0,1,0,4,17,4,0.237762237,sa501943
2014,Keenyn Walker,CHW,A+,23,70,230,261,50,39,8,3,0,27,21,25,0,85,2,1,3,2,20,3,0.217391304,sa501943
2015,Keenyn Walker,CHW,A+,24,51,164,191,45,35,6,4,0,30,13,22,0,38,2,0,3,3,25,6,0.274390243,sa501943
2011,Jace Whitmer,ATL,A+,23,8,28,28,3,1,2,0,0,0,1,0,0,7,0,0,0,1,0,0,0.107142857,sa501950
2011,Casey Frawley,CLE,A+,23,127,465,526,100,65,20,4,11,54,59,44,1,111,9,7,1,6,7,3,0.215053763,sa501956
2014,John Wooten,WSN,A+,23,26,93,101,25,15,5,1,4,16,17,6,0,20,1,0,1,2,1,0,0.268817204,sa501993
2015,John Wooten,WSN,A+,24,119,429,470,102,69,24,2,7,41,41,30,0,79,5,6,0,10,7,4,0.237762237,sa501993
2014,Stephen Perez,WSN,A+,23,124,431,518,111,82,25,2,2,70,50,72,4,90,3,5,7,12,27,6,0.257540603,sa501997
2015,Stephen Perez,WSN,A+,24,109,381,446,84,62,17,3,2,38,45,48,0,77,1,7,9,12,15,5,0.22047244,sa501997
2011,Ryan Stovall,KCR,A+,24,58,223,234,54,36,16,0,2,23,19,5,0,53,3,1,2,8,6,3,0.242152466,sa502017
2012,Dwight Childs,CLE,A+,23,44,130,144,18,12,4,0,2,9,16,6,0,39,2,1,4,6,1,0,0.138461538,sa502025
2011,Brady Shoemaker,CHW,A+,24,19,66,77,18,15,3,0,0,9,12,9,0,16,0,2,0,2,0,1,0.272727272,sa502052
2010,Michael Mooney,BAL,A+,22,16,41,49,5,5,0,0,0,4,3,5,0,9,1,0,2,0,1,0,0.121951219,sa502114
2010,Chris Richburg,CIN,A+,24,37,134,147,39,23,10,1,5,20,26,6,0,39,4,3,0,3,0,0,0.291044776,sa502145
2012,Mike Planeta,BAL,A+,22,17,58,65,8,5,2,0,1,3,3,4,0,22,0,1,2,1,3,3,0.137931034,sa502319
2013,Mike Planeta,BAL,A+,23,12,37,40,5,4,1,0,0,4,1,3,1,17,0,0,0,0,0,1,0.135135135,sa502319
2011,Kyle Davis,CHW,A+,24,15,52,53,5,3,2,0,0,0,2,0,0,21,1,0,0,1,0,0,0.096153846,sa502335
2014,Reed Gragnani,BOS,A+,23,99,360,433,108,80,19,8,1,64,53,64,2,51,3,1,5,13,8,4,0.3,sa502340
2014,Cody Stubbs,KCR,A+,23,92,314,346,70,45,11,4,10,27,39,23,0,92,6,2,1,2,2,1,0.222929936,sa502437
2015,Cody Stubbs,KCR,A+,24,35,127,138,36,22,8,2,4,15,17,7,2,33,1,1,2,1,0,1,0.283464566,sa502437
2010,Tim Palincsar,CLE,A+,23,12,45,48,7,6,0,1,0,4,2,3,0,12,0,0,0,0,0,1,0.155555555,sa502522
2010,Brian Ward,BAL,A+,24,83,236,289,47,38,7,0,2,28,30,39,0,58,5,3,6,8,2,2,0.199152542,sa502524
2010,Drew Hedman,BOS,A+,23,93,326,353,75,55,15,2,3,31,34,23,0,87,3,1,0,4,3,1,0.230061349,sa502528
2010,Trent Baker,CLE,A+,20,7,22,22,3,2,1,0,0,4,1,0,0,5,0,0,0,1,1,0,0.136363636,sa502604
2010,Chris Kersten,CLE,A+,24,26,96,101,16,11,2,0,3,10,7,3,0,42,2,0,0,0,0,1,0.166666666,sa502606
2011,Argenis Martinez,CLE,A+,21,32,88,107,20,17,3,0,0,9,6,12,0,21,5,0,2,0,4,1,0.227272727,sa502607
2012,Brenden Webb,BAL,A+,22,23,74,90,20,10,6,1,3,14,13,11,0,30,3,1,1,2,1,3,0.27027027,sa502672
2013,Brenden Webb,BAL,A+,23,84,293,337,59,35,14,2,8,37,31,36,1,107,5,2,1,2,7,2,0.201365187,sa502672
2014,Brenden Webb,BAL,A+,24,105,374,420,86,51,21,3,11,48,49,39,0,122,1,6,0,4,8,5,0.229946524,sa502672
2011,Michael Flacco,BAL,A+,24,50,168,195,42,25,10,2,5,21,22,19,1,42,7,0,1,4,3,2,0.25,sa502713
2010,Shane Carlson,CIN,A+,23,42,147,158,42,28,11,0,3,20,17,5,0,27,4,1,1,8,2,0,0.285714285,sa502750
2010,Drew Dominguez,BOS,A+,23,13,31,33,4,4,0,0,0,0,2,2,0,9,0,0,0,2,0,0,0.129032258,sa502802
2012,Luis Piterson,KCR,A+,22,55,147,167,40,33,7,0,0,16,13,7,0,29,2,4,7,2,9,1,0.272108843,sa502815
2011,Miles Head,BOS,A+,20,63,232,259,59,39,12,1,7,27,29,20,1,56,6,1,0,9,0,2,0.254310344,sa502921
2013,Justin Trapp,KCR,A+,22,128,487,566,125,85,25,5,10,67,47,51,0,118,12,3,13,6,25,9,0.256673511,sa503022
2014,Jeremy Lucas,CLE,A+,23,101,378,439,101,62,24,3,12,62,58,52,1,69,6,2,1,8,1,1,0.267195767,sa503053
2012,Kevin David,KCR,A+,24,58,187,207,48,35,9,1,3,24,23,11,0,46,5,3,1,5,2,0,0.256684491,sa503073
2013,Josh Elander,ATL,A+,22,61,221,252,58,42,12,0,4,28,32,26,0,48,3,2,0,8,3,1,0.262443438,sa503164
2014,Josh Elander,ATL,A+,23,37,137,163,30,19,9,0,2,19,21,20,0,32,2,4,0,2,6,0,0.218978102,sa503164
2010,Brodie Greene,CIN,A+,22,70,264,297,71,58,11,1,1,38,20,22,0,50,3,5,3,5,8,3,0.268939393,sa503232
2013,Fernando De Los Santos,ATL,A+,23,16,45,52,7,3,3,1,0,5,6,5,0,13,1,0,1,4,0,3,0.155555555,sa503248
2012,Tyler Cannon,CLE,A+,24,88,288,320,77,54,21,1,1,36,27,27,1,72,2,3,0,8,1,0,0.267361111,sa503364
2011,Tyler Cannon,CLE,A+,23,92,309,350,76,49,17,4,6,36,39,36,0,81,1,2,2,9,0,4,0.245954692,sa503364
2010,Joey Lewis,KCR,A+,22,18,63,66,13,9,2,0,2,4,4,2,0,20,1,0,0,2,0,0,0.206349206,sa503370
2011,Joey Lewis,KCR,A+,23,77,260,292,53,30,13,3,7,29,25,23,0,79,2,3,4,7,0,1,0.203846153,sa503370
2011,Greg Folgia,CLE,A+,23,11,34,38,6,3,3,0,0,4,2,0,0,16,1,0,2,0,0,0,0.176470588,sa503378
2012,Jerome Pena,BAL,A+,23,20,78,86,24,16,7,0,1,12,4,6,0,20,1,0,1,0,4,0,0.307692307,sa503393
2013,Jerome Pena,BAL,A+,24,120,455,526,101,67,21,2,11,66,52,66,4,123,3,1,1,8,8,5,0.221978021,sa503393
2015,Tyler Williams,CHW,A+,24,67,215,238,50,39,6,4,1,18,21,19,0,82,0,2,2,5,0,1,0.232558139,sa503531
2014,Blake Brown,ATL,A+,23,50,161,188,42,31,9,1,1,20,17,24,0,50,0,1,2,6,9,4,0.260869565,sa503700
2012,Randolph Oduber,WSN,A+,23,80,274,299,69,47,13,4,5,35,27,14,0,77,1,3,7,7,14,3,0.251824817,sa503718
2013,Randolph Oduber,WSN,A+,24,103,323,355,77,53,18,3,3,45,39,17,0,101,11,2,2,6,15,7,0.238390092,sa503718
2012,Kenny Swab,KCR,A+,23,10,32,37,3,2,1,0,0,2,0,3,0,12,1,0,1,1,0,0,0.09375,sa503721
2013,Kenny Swab,KCR,A+,24,39,132,144,28,14,8,2,4,18,15,10,0,37,0,2,0,3,2,1,0.212121212,sa503721
2011,Justino Cuevas,WSN,A+,22,19,65,70,21,14,4,1,2,7,12,2,0,18,0,2,1,2,1,0,0.323076923,sa503847
2013,Jose Garcia,BOS,A+,22,34,108,116,19,15,3,1,0,2,10,5,0,24,0,2,1,2,2,3,0.175925925,sa503857
2012,Felix Sanchez,BOS,A+,22,46,145,163,38,30,6,1,1,16,13,10,0,42,5,2,1,3,25,4,0.262068965,sa503859
2013,Felix Sanchez,BOS,A+,23,32,116,127,25,22,2,0,1,21,9,5,1,43,2,1,3,0,17,5,0.215517241,sa503859
2011,Julio Rodriguez,KCR,A+,21,22,73,78,16,10,5,0,1,3,8,2,0,9,1,1,1,3,0,0,0.219178082,sa503872
2011,Daniel DeGeorge,CLE,A+,24,11,31,34,7,6,0,1,0,2,5,1,0,3,0,1,1,1,0,0,0.225806451,sa504050
2014,Leonel Escobar,BOS,A+,23,28,81,93,12,9,3,0,0,10,7,10,0,17,0,0,2,2,0,0,0.148148148,sa504182
2012,Jhonny Gomez,TEX,A+,22,22,79,86,17,15,1,0,1,7,3,6,0,23,0,0,1,3,0,1,0.215189873,sa505941
2012,Teodoro Martinez,TEX,A+,20,113,409,449,111,86,18,1,6,49,42,22,1,62,7,5,6,8,12,11,0.271393643,sa505946
2012,Yefry Castillo,TEX,A+,22,44,146,159,30,23,7,0,0,17,12,5,0,19,5,2,1,4,4,1,0.205479452,sa505948
2011,Santiago Chirino,TEX,A+,20,115,422,464,111,88,18,1,4,54,41,18,1,49,10,7,7,18,3,3,0.263033175,sa505974
2012,Santiago Chirino,TEX,A+,21,103,357,387,78,64,9,1,4,27,27,17,1,36,4,4,5,9,3,1,0.218487394,sa505974
2012,Alex Monsalve,CLE,A+,20,34,116,126,27,22,4,0,1,10,6,7,0,17,1,1,1,4,1,0,0.23275862,sa505988
2014,Alex Monsalve,CLE,A+,22,93,359,393,95,66,20,4,5,37,51,25,0,67,6,2,1,12,2,1,0.264623955,sa505988
2015,Alex Monsalve,CLE,A+,23,26,92,104,23,15,7,0,1,14,15,9,0,14,2,1,0,5,0,0,0.25,sa505988
2016,Alex Monsalve,CLE,A+,24,21,73,82,16,12,3,0,1,10,3,6,0,21,2,1,0,1,0,0,0.219178082,sa505988
2012,Keury De La Cruz,BOS,A+,20,6,25,26,7,4,2,0,1,1,6,1,0,2,0,0,0,0,1,1,0.28,sa506223
2013,Keury De La Cruz,BOS,A+,21,133,535,575,138,87,36,6,9,65,89,31,1,130,2,7,0,9,16,9,0.257943925,sa506223
2014,Dreily Guerrero,BOS,A+,23,59,156,169,35,23,6,3,3,24,16,10,0,59,0,1,2,2,7,3,0.224358974,sa506225
2011,Heiker Meneses,BOS,A+,19,26,101,114,36,21,9,5,1,23,13,8,0,24,3,1,1,3,6,1,0.356435643,sa506229
2012,Heiker Meneses,BOS,A+,20,62,250,273,68,46,16,4,2,35,32,9,0,55,7,2,5,4,18,11,0.272,sa506229
2014,Edison Sanchez,ATL,A+,23,60,211,235,46,32,13,0,1,17,19,13,1,68,9,1,1,6,1,2,0.218009478,sa506234
2013,Elmer Reyes,ATL,A+,22,123,438,472,125,86,30,4,5,57,60,20,0,73,5,4,5,6,7,1,0.285388127,sa506274
2013,Daniel Mateo,KCR,A+,21,119,437,486,101,70,20,2,9,53,56,43,0,83,5,0,1,9,1,4,0.231121281,sa506334
2015,Carlos Garcia,KCR,A+,23,78,307,352,84,64,11,8,1,36,26,30,1,56,5,3,7,6,21,8,0.273615635,sa506356
2015,Carlos Franco,ATL,A+,23,134,461,530,117,73,30,3,11,54,62,66,1,108,1,2,0,9,5,5,0.253796095,sa506528
2013,Anthony Nunez,ATL,A+,23,18,45,48,6,3,2,0,1,3,4,3,0,14,0,0,0,2,0,0,0.133333333,sa506536
2014,Anthony Nunez,ATL,A+,24,15,40,49,7,6,1,0,0,7,2,5,0,10,2,1,1,1,0,0,0.175,sa506536
2014,Estarlin Martinez,WSN,A+,22,73,223,240,60,48,9,3,0,28,19,13,0,38,0,2,0,6,6,5,0.269058295,sa507023
2015,Estarlin Martinez,WSN,A+,23,91,270,307,74,62,10,2,0,37,25,28,0,55,3,2,3,12,8,4,0.274074074,sa507023
2010,Justin Toole,CLE,A+,23,28,66,81,14,14,0,0,0,9,5,9,0,9,2,0,4,2,1,1,0.212121212,sa507054
2011,Justin Toole,CLE,A+,24,99,329,363,85,64,20,1,0,39,26,16,0,51,9,0,9,7,17,3,0.258358662,sa507054
2014,Pedro Perez,BAL,A+,23,11,35,37,8,8,0,0,0,3,3,1,0,6,0,1,0,2,0,0,0.228571428,sa507149
2015,Gregory Lorenzo,BAL,A+,24,52,172,187,30,28,2,0,0,12,9,6,0,47,5,1,3,4,4,6,0.174418604,sa507882
2011,Gerard Hall,KCR,A+,22,32,102,110,26,19,6,1,0,9,13,6,0,18,1,0,1,1,3,2,0.25490196,sa509852
2016,Aderlin Rodriguez,BAL,A+,24,130,494,542,150,95,23,6,26,71,93,36,4,112,8,3,1,14,3,3,0.303643724,sa511026
2013,Matt Gedman,BOS,A+,24,65,229,250,64,45,12,0,7,30,31,19,0,33,1,1,0,6,6,0,0.279475982,sa526187
2012,David Herbek,CHW,A+,23,47,144,171,45,29,9,2,5,24,23,17,0,37,3,4,3,1,2,3,0.3125,sa526193
2013,David Herbek,CHW,A+,24,38,124,140,26,22,2,0,2,11,10,11,0,27,2,2,0,2,3,0,0.209677419,sa526193
2011,Trent Mummey,BAL,A+,22,15,58,66,17,12,2,2,1,13,10,6,0,8,1,0,0,0,7,1,0.293103448,sa526209
2012,Trent Mummey,BAL,A+,23,72,262,305,60,40,15,1,4,41,22,35,0,35,2,1,5,1,15,7,0.229007633,sa526209
2013,Trent Mummey,BAL,A+,24,10,32,43,6,5,0,0,1,6,5,11,0,4,0,0,0,3,2,3,0.1875,sa526209
2011,Keenan Wiley,ATL,A+,24,102,358,392,102,85,11,5,1,59,24,22,0,66,8,2,2,7,19,5,0.284916201,sa526232
2012,John Ruettiger,BAL,A+,22,64,234,281,64,53,10,0,1,38,12,35,0,32,2,0,5,3,16,8,0.273504273,sa526284
2013,John Ruettiger,BAL,A+,23,106,415,467,102,91,7,2,2,52,26,45,0,71,1,2,4,8,43,7,0.245783132,sa526284
2014,John Ruettiger,BAL,A+,24,38,147,165,34,29,3,1,1,16,14,17,0,20,0,1,0,2,15,5,0.231292517,sa526284
2013,Ross Heffley,ATL,A+,23,45,165,190,36,24,10,0,2,17,14,13,0,35,1,5,6,3,2,3,0.218181818,sa526314
2012,Josh Richmond,TEX,A+,23,88,264,295,47,28,11,2,6,33,23,22,1,79,5,3,1,2,8,3,0.178030303,sa526317
2013,Josh Richmond,CHW,A+,24,58,205,231,52,32,9,3,8,30,31,19,0,58,3,3,1,4,2,1,0.253658536,sa526317
2013,Cole Leonida,WSN,A+,24,58,178,210,40,24,6,0,10,24,25,21,0,58,5,3,3,2,1,2,0.224719101,sa526399
2011,Jordan Casas,CLE,A+,23,32,121,130,31,26,3,2,0,14,12,7,0,23,1,0,1,3,1,2,0.256198347,sa526429
2013,Micah Gibbs,KCR,A+,24,17,48,57,10,7,3,0,0,3,4,9,0,17,0,0,0,0,1,0,0.208333333,sa526442
2012,Blake Kelso,WSN,A+,23,106,381,437,88,73,11,4,0,51,31,40,0,49,3,2,11,11,27,6,0.230971128,sa526458
2013,Caleb Ramsey,WSN,A+,24,127,483,528,140,110,20,4,6,81,59,32,0,69,5,6,2,13,13,8,0.289855072,sa526470
2012,Brian Fletcher,KCR,A+,23,67,246,272,69,50,14,0,5,26,26,19,1,51,6,1,0,5,5,2,0.280487804,sa526538
2012,Murray Watts,KCR,A+,24,31,105,118,24,14,6,0,4,8,15,12,3,42,0,1,0,1,0,1,0.228571428,sa526570
2011,Tim Ferguson,KCR,A+,22,111,379,431,84,65,12,1,6,44,43,38,1,90,2,7,5,4,13,7,0.221635883,sa526812
2013,Tim Ferguson,KCR,A+,24,39,130,142,33,26,5,0,2,14,12,11,0,35,1,0,0,0,5,4,0.253846153,sa526812
2012,Edward Salcedo,ATL,A+,20,130,471,511,113,68,26,2,17,65,61,33,0,130,4,1,2,16,23,14,0.239915074,sa539932
2010,Jorge Padron,BOS,A+,23,31,122,133,33,22,10,0,1,14,17,10,1,18,0,1,0,3,0,0,0.270491803,sa543301
2011,Jorge Padron,BOS,A+,24,60,226,252,56,39,12,3,2,26,27,21,0,25,3,2,0,11,0,0,0.24778761,sa543301
2010,Adalberto Ibarra,BOS,A+,23,14,41,55,10,9,1,0,0,7,3,10,0,12,2,2,0,1,2,0,0.243902439,sa544481
2011,Jake Oester,CHW,A+,24,38,123,132,31,23,6,1,1,10,17,7,0,36,1,1,0,2,0,2,0.25203252,sa545171
2012,Ross Wilson,CHW,A+,23,25,79,95,15,11,3,1,0,11,6,11,0,21,2,3,0,0,0,0,0.189873417,sa545418
2013,Trever Adams,TEX,A+,24,135,506,577,130,89,28,2,11,69,82,53,1,118,9,8,1,12,10,6,0.256916996,sa546549
2013,Jerrud Sabourin,CLE,A+,23,121,434,502,113,86,23,1,3,43,54,56,2,64,4,8,0,16,0,2,0.260368663,sa546776
2014,Jerrud Sabourin,CLE,A+,24,89,322,365,95,70,19,1,5,37,45,39,0,61,1,2,1,4,2,1,0.295031055,sa546776
2011,Jonathan Roof,TEX,A+,22,12,43,47,8,6,2,0,0,5,1,3,0,9,0,0,1,0,0,0,0.186046511,sa546779
2013,Tim Roberson,BOS,A+,23,17,56,62,15,11,2,0,2,10,8,6,0,14,0,0,0,6,0,0,0.267857142,sa546786
2014,Tim Roberson,BOS,A+,24,40,151,163,33,20,10,1,2,17,20,12,0,41,0,0,0,1,0,0,0.218543046,sa546786
2013,Khayyan Norfork,WSN,A+,24,11,35,40,7,6,0,0,1,5,2,3,0,8,0,0,2,4,2,1,0.2,sa546794
2014,Will Piwnica-Worms,WSN,A+,24,61,195,225,47,33,10,0,4,29,29,23,1,48,3,4,0,9,3,2,0.241025641,sa546827
2013,Chris Elder,KCR,A+,24,10,34,36,6,4,1,1,0,3,3,2,0,8,0,0,0,0,0,1,0.176470588,sa546882
2014,Joel Hutter,BAL,A+,24,61,186,220,42,32,7,1,2,24,25,27,1,39,5,1,1,2,2,0,0.225806451,sa546925
2014,Lucas Herbst,BAL,A+,23,54,194,210,46,34,9,2,1,21,22,9,0,46,4,2,1,7,7,0,0.237113402,sa546989
2011,Jimmy Swift,TEX,A+,23,12,48,52,8,6,1,0,1,5,2,2,0,14,1,0,1,1,0,0,0.166666666,sa547025
2015,Santiago Nessy,KCR,A+,22,49,155,171,36,23,10,0,3,12,19,11,0,41,3,1,1,8,0,0,0.232258064,sa547792
2017,Armando Araiza,BAL,A+,24,71,240,270,57,37,11,0,9,28,41,25,0,72,3,1,1,3,1,0,0.2375,sa547843
2013,Charlie Valerio,CLE,A+,22,53,185,210,44,29,12,1,2,21,26,20,0,48,0,5,0,7,0,0,0.237837837,sa547851
2014,Charlie Valerio,CLE,A+,23,17,53,63,13,8,4,1,0,6,4,10,0,10,0,0,0,0,0,0,0.245283018,sa547851
2015,Juan De La Cruz,CLE,A+,21,9,20,21,2,2,0,0,0,0,3,1,0,3,0,0,0,0,0,0,0.1,sa547855
2016,Juan De La Cruz,CLE,A+,22,14,29,34,4,3,1,0,0,4,6,5,0,10,0,0,0,2,0,1,0.137931034,sa547855
2016,Gioskar Amaya,CHC,A+,23,44,143,168,35,20,9,1,5,15,17,20,0,36,1,3,1,3,4,1,0.244755244,sa547898
2013,Luigi Rodriguez,CLE,A+,20,34,113,134,32,20,11,1,0,16,11,18,0,36,1,1,1,1,3,4,0.28318584,sa547914
2014,Luigi Rodriguez,CLE,A+,21,99,336,393,84,61,13,4,6,50,30,50,0,88,1,2,4,4,15,8,0.25,sa547914
2015,Luigi Rodriguez,CLE,A+,22,93,372,399,109,67,22,8,12,59,49,24,1,82,0,1,2,8,24,8,0.293010752,sa547914
2016,Luigi Rodriguez,CLE,A+,23,24,94,105,31,22,5,1,3,18,26,6,0,32,1,4,0,1,6,2,0.329787234,sa547914
2015,Luis Villegas,KCR,A+,22,6,18,20,5,4,1,0,0,0,2,2,0,2,0,0,0,1,0,0,0.277777777,sa547944
2016,Luis Villegas,KCR,A+,23,43,156,169,43,29,8,1,5,20,25,11,0,33,1,1,0,3,1,0,0.275641025,sa547944
2014,Chris Garia,TEX,A+,21,101,398,446,113,91,7,11,4,75,24,29,1,81,7,0,12,0,45,12,0.283919597,sa548021
2016,Erick Salcedo,BAL,A+,23,133,488,535,132,98,23,8,3,66,39,36,0,60,1,4,6,14,13,9,0.270491803,sa548029
2014,Narciso Mesa,WSN,A+,22,20,64,70,10,8,2,0,0,3,1,4,0,14,1,0,1,2,0,0,0.15625,sa548036
2015,Narciso Mesa,WSN,A+,23,105,389,418,103,87,11,3,2,43,39,9,0,62,7,6,7,8,20,7,0.264781491,sa548036
2016,Narciso Mesa,WSN,A+,24,34,103,112,20,12,4,3,1,10,8,5,0,27,1,2,1,2,5,1,0.194174757,sa548036
2016,David Sopilka,BOS,A+,22,41,139,158,38,29,7,1,1,17,14,12,0,30,1,2,4,5,1,0,0.273381294,sa548066
2017,Luis Mendez,TEX,A+,24,9,33,36,7,3,2,1,1,4,4,1,0,12,1,1,0,0,1,1,0.212121212,sa548109
2014,Luis Mendez,TEX,A+,21,72,224,264,51,42,9,0,0,24,15,24,0,48,12,0,4,5,12,4,0.227678571,sa548109
2016,Drew Vettleson,WSN,A+,24,79,276,308,61,36,15,1,9,28,42,24,4,89,0,3,4,4,6,2,0.221014492,sa548166
2012,Matt Lipka,ATL,A+,20,51,199,229,54,46,5,1,2,32,13,20,0,32,1,4,5,4,12,6,0.271356783,sa548175
2013,Matt Lipka,ATL,A+,21,131,525,571,132,91,29,7,5,76,40,29,0,107,12,1,4,4,37,14,0.251428571,sa548175
2012,Jake Skole,TEX,A+,20,68,227,268,42,31,8,0,3,18,18,31,0,71,3,3,3,2,2,2,0.185022026,sa548177
2013,Jake Skole,TEX,A+,21,117,361,437,76,50,22,1,3,59,40,69,0,94,2,3,2,5,8,4,0.210526315,sa548177
2011,Kolbrin Vitek,BOS,A+,22,123,473,529,133,102,22,6,3,78,43,45,0,102,7,4,0,9,12,3,0.281183932,sa548187
2013,Kellin Deglan,TEX,A+,21,89,308,359,71,47,10,2,12,37,49,33,0,94,14,2,2,6,0,0,0.23051948,sa548189
2014,Kellin Deglan,TEX,A+,22,12,46,49,10,6,3,0,1,3,8,1,0,16,0,2,0,0,0,0,0.217391304,sa548189
2012,Rick Hague,WSN,A+,23,105,395,433,102,73,20,3,6,58,48,28,0,93,4,3,3,9,20,5,0.258227848,sa548193
2014,Michael Antonio,KCR,A+,22,68,227,248,55,30,18,2,5,30,32,12,0,40,1,5,3,6,0,1,0.242290748,sa548196
2011,Joe Leonard,ATL,A+,22,110,405,452,100,64,27,1,8,43,63,39,1,88,1,5,2,11,1,2,0.24691358,sa548249
2012,Sean Coyle,BOS,A+,20,116,437,484,109,67,31,2,9,60,63,29,0,116,15,3,0,12,16,0,0.249427917,sa548268
2013,Sean Coyle,BOS,A+,21,48,195,224,47,23,9,1,14,41,28,24,1,65,1,4,0,4,11,0,0.241025641,sa548268
2012,Jason Martinson,WSN,A+,23,66,237,265,51,33,2,4,12,36,43,21,0,79,2,5,0,7,7,2,0.215189873,sa548330
2013,Jason Martinson,WSN,A+,24,73,254,305,68,41,11,4,12,44,53,38,0,89,8,5,0,5,15,2,0.267716535,sa548330
2013,Connor Narron,BAL,A+,21,27,92,113,18,13,4,0,1,13,8,19,0,26,1,1,0,0,0,0,0.195652173,sa548331
2014,Kendrick Perkins,BOS,A+,22,23,72,82,13,7,4,0,2,12,5,9,0,35,1,0,0,1,0,0,0.180555555,sa548348
2014,Wynston Sawyer,BAL,A+,22,81,272,316,68,50,14,0,4,29,33,33,0,40,2,8,1,11,0,0,0.25,sa548430
2015,Wynston Sawyer,BAL,A+,23,74,254,290,58,40,14,2,2,32,33,28,0,53,3,4,1,11,9,0,0.228346456,sa548430
2016,Wynston Sawyer,BAL,A+,24,89,299,379,84,53,19,1,11,51,51,63,0,58,12,4,1,4,3,4,0.280936454,sa548430
2013,Alex Lavisky,CLE,A+,22,39,143,161,32,21,8,0,3,20,21,10,0,34,3,3,2,5,0,0,0.223776223,sa548434
2012,David Rohm,ATL,A+,22,85,281,309,67,43,19,3,2,27,26,15,0,57,2,5,6,9,2,2,0.238434163,sa548456
2013,David Rohm,ATL,A+,23,130,496,536,150,107,33,8,2,77,53,30,2,92,2,4,4,11,5,9,0.302419354,sa548456
2011,Alex McClure,KCR,A+,22,67,240,267,47,39,4,3,1,22,13,15,0,63,5,1,6,5,14,7,0.195833333,sa548555
2012,Alex McClure,KCR,A+,23,58,193,216,43,38,5,0,0,16,19,15,1,49,3,1,4,11,5,4,0.222797927,sa548555
2013,Alex McClure,KCR,A+,24,24,84,92,20,16,3,1,0,6,5,4,0,23,1,0,3,2,4,5,0.238095238,sa548555
2016,Hunter Jones,CHW,A+,24,90,364,416,104,79,13,7,5,62,34,37,2,70,7,4,4,6,31,10,0.285714285,sa548556
2012,Lucas LeBlanc,BOS,A+,23,41,125,145,25,16,8,1,0,16,9,10,0,33,5,1,4,4,1,4,0.2,sa549082
2011,Barrett Kleinknecht,ATL,A+,22,83,282,318,59,39,13,0,7,25,28,17,0,56,6,5,6,7,7,2,0.209219858,sa549102
2012,Jeremy Nowak,BAL,A+,24,117,452,501,127,93,26,1,7,61,44,40,1,117,2,3,4,8,8,5,0.280973451,sa549111
2012,Michael Mosby,BAL,A+,22,82,261,297,61,38,16,3,4,22,35,26,1,76,3,2,5,11,2,6,0.233716475,sa549119
2013,Michael Mosby,BAL,A+,23,38,115,136,32,21,6,0,5,16,20,16,0,38,4,1,0,1,2,1,0.278260869,sa549119
2011,Mike Blanke,CHW,A+,22,68,237,266,56,40,9,0,7,25,25,22,1,43,2,3,2,7,0,0,0.236286919,sa549125
2012,Mike Blanke,CHW,A+,23,91,338,373,81,47,24,0,10,46,50,27,1,66,5,3,0,10,0,0,0.23964497,sa549125
2011,Joe Oliveira,BAL,A+,23,9,26,28,8,5,1,1,1,3,2,2,0,3,0,0,0,0,1,0,0.307692307,sa549145
2012,Joe Oliveira,BAL,A+,24,72,220,257,46,35,8,1,2,23,14,30,0,42,2,1,4,6,7,3,0.209090909,sa549145
2015,Sean O'Connell,CHW,A+,23,10,29,32,4,3,1,0,0,3,3,2,0,3,0,1,0,4,0,0,0.137931034,sa549180
2016,Sean O'Connell,CHW,A+,24,10,30,31,5,4,1,0,0,1,1,1,0,5,0,0,0,1,0,0,0.166666666,sa549180
2011,Cory Brownsten,ATL,A+,23,6,21,22,4,2,2,0,0,3,0,1,0,3,0,0,0,0,0,0,0.19047619,sa549187
2017,Ronald Bueno,CHW,A+,24,28,99,113,30,21,6,2,1,11,11,11,0,17,1,1,1,1,1,2,0.303030303,sa549192
2013,Aaron Siliga,CLE,A+,20,10,35,39,5,3,2,0,0,1,0,3,0,7,0,0,1,1,1,0,0.142857142,sa549270
2012,Wade Moore,WSN,A+,24,26,82,93,17,11,3,1,2,7,9,8,0,30,2,1,0,3,2,1,0.207317073,sa549308
2011,Michael Rooney,BAL,A+,22,40,99,112,19,15,4,0,0,11,3,7,0,20,3,1,2,2,3,3,0.191919191,sa549312
2012,Michael Rooney,BAL,A+,23,52,118,141,16,11,5,0,0,15,9,13,0,33,3,0,7,2,8,3,0.13559322,sa549312
2013,Justin Miller,WSN,A+,24,74,237,262,60,37,16,2,5,33,29,17,0,47,3,2,3,5,12,3,0.253164556,sa549344
2011,Chase Burnette,CLE,A+,23,74,248,268,57,41,10,2,4,24,32,14,2,74,3,2,1,3,3,2,0.229838709,sa549355
2016,D.K. Carey,WSN,A+,24,107,326,401,68,46,11,4,7,36,29,63,1,84,4,3,5,11,5,10,0.208588957,sa549487
2011,Michael Liberto,KCR,A+,23,13,30,37,7,5,2,0,0,8,5,6,0,5,1,0,0,0,2,0,0.233333333,sa549488
2013,William Beckwith,ATL,A+,22,53,188,226,43,25,9,0,9,26,30,27,0,52,7,4,0,7,6,3,0.228723404,sa549500
2011,Ryan Query,ATL,A+,23,7,19,25,4,2,1,1,0,4,6,4,0,2,1,1,0,1,0,0,0.210526315,sa549515
2012,Ryan Query,ATL,A+,24,9,27,33,7,3,3,0,1,2,2,5,0,4,1,0,0,0,0,0,0.259259259,sa549515
2014,Jose Vinicio,BOS,A+,20,39,129,138,34,28,5,1,0,16,10,4,0,29,2,2,1,3,0,6,0.263565891,sa549538
2015,Jose Vinicio,BOS,A+,21,57,201,212,59,45,11,3,0,29,13,6,0,24,2,0,3,3,7,6,0.293532338,sa549538
2011,James Kang,BOS,A+,23,14,37,41,7,6,1,0,0,2,2,3,0,11,1,0,0,2,1,0,0.189189189,sa549540
2012,James Kang,BOS,A+,24,49,116,135,22,15,4,3,0,11,6,13,0,39,2,3,1,2,2,3,0.189655172,sa549540
2012,Michael Earley,CHW,A+,24,124,455,503,132,85,27,7,13,76,73,33,1,74,10,2,3,7,7,6,0.29010989,sa549597
2012,Anthony Gallas,CLE,A+,24,107,376,410,94,52,30,4,8,48,51,27,0,83,4,3,0,7,2,3,0.25,sa549646
2011,Anthony Gallas,CLE,A+,23,39,142,164,28,16,10,0,2,14,21,12,0,34,7,3,0,5,1,0,0.197183098,sa549646
2016,Jose Fernandez,ATL,A+,23,15,40,56,5,3,1,1,0,8,3,15,0,16,0,1,0,1,3,1,0.125,sa549697
2015,Jay Gonzalez,BAL,A+,23,61,205,236,48,43,2,3,0,18,21,26,0,61,0,2,3,4,10,7,0.234146341,sa549777
2016,Jay Gonzalez,BAL,A+,24,85,289,341,73,53,16,3,1,52,30,46,2,66,0,1,5,8,41,8,0.252595155,sa549777
2015,Pin-Chieh Chen,CHC,A+,23,96,366,410,98,72,17,5,4,52,34,32,0,48,5,1,6,5,20,5,0.267759562,sa549901
2011,John Spatola,CHW,A+,24,10,31,34,5,3,2,0,0,0,1,2,0,8,0,1,0,0,0,1,0.161290322,sa549993
2016,Tyler Pearson,CHC,A+,24,31,88,104,18,15,2,0,1,9,9,9,0,28,3,1,3,2,1,0,0.204545454,sa550031
2014,Logan Davis,KCR,A+,22,13,41,44,9,7,0,2,0,2,3,1,0,9,0,0,2,1,1,0,0.219512195,sa550081
2013,Sam Bates,KCR,A+,23,15,49,57,12,7,4,0,1,6,8,6,0,15,0,2,0,2,0,0,0.244897959,sa550102
2016,Louie Lechich,CHW,A+,24,39,138,146,22,16,6,0,0,8,7,8,1,42,0,0,0,6,0,0,0.159420289,sa550153
2012,Jayson Hernandez,BOS,A+,23,12,40,41,5,2,3,0,0,2,1,1,0,10,0,0,0,1,0,0,0.125,sa550163
2014,James Roberts,CLE,A+,22,117,407,463,109,96,9,0,4,44,37,34,0,75,12,4,6,14,0,3,0.267813267,sa550164
2015,James Roberts,CLE,A+,23,43,149,160,34,23,11,0,0,14,15,6,0,24,1,2,2,3,6,0,0.228187919,sa550164
2015,Zach Kapstein,BOS,A+,23,26,88,98,22,16,5,0,1,9,13,9,0,27,0,1,0,3,3,0,0.25,sa550218
2016,Zach Kapstein,BAL,A+,24,8,26,26,4,4,0,0,0,2,0,0,0,8,0,0,0,0,0,1,0.153846153,sa550218
2012,Erick Fernandez,WSN,A+,23,36,97,111,23,22,1,0,0,11,7,10,0,20,1,1,2,3,0,0,0.237113402,sa550270
2013,Brandon Miller,WSN,A+,23,30,110,120,33,22,6,3,2,11,16,7,1,29,2,1,0,2,3,1,0.3,sa550323
2014,Brandon Miller,WSN,A+,24,60,202,231,36,16,7,0,13,28,31,28,0,71,1,0,0,6,2,1,0.178217821,sa550323
2012,Marcus Bradley,CLE,A+,21,12,41,44,8,8,0,0,0,2,1,3,0,11,0,0,0,3,0,2,0.195121951,sa550371
2015,Dexter Kjerstad,KCR,A+,23,51,158,170,39,33,3,1,2,12,15,7,0,47,3,2,0,1,6,5,0.246835443,sa550381
2016,Isaias Tejeda,ATL,A+,24,43,156,179,40,24,10,2,4,25,30,16,1,32,2,5,0,6,0,0,0.256410256,sa550534
2013,Bill Rice,CHW,A+,24,12,41,44,7,3,3,1,0,4,1,3,0,11,0,0,0,0,4,0,0.170731707,sa554787
2014,Creede Simpson,BAL,A+,24,58,215,243,46,21,18,0,7,30,22,24,1,52,2,1,1,3,2,1,0.213953488,sa577019
2013,Joe De Pinto,CHW,A+,24,58,182,214,43,25,15,0,3,36,16,22,0,26,5,3,2,4,4,2,0.236263736,sa577723
2014,Craig Manuel,WSN,A+,24,24,69,80,14,12,2,0,0,4,5,11,0,13,0,0,0,1,0,0,0.20289855,sa577995
2013,Levi Hyams,ATL,A+,23,53,178,208,34,16,15,1,2,17,13,25,0,45,2,1,2,4,4,5,0.191011235,sa578168
2014,Levi Hyams,ATL,A+,24,108,370,427,88,59,21,6,2,50,41,48,1,82,3,6,0,6,2,2,0.237837837,sa578168
2014,Isaac Ballou,WSN,A+,24,33,127,143,33,20,6,3,4,17,20,11,0,31,1,2,2,0,3,2,0.259842519,sa579269
2013,Joe Sever,CLE,A+,22,21,76,82,24,20,4,0,0,11,6,5,0,10,1,0,0,3,1,0,0.315789473,sa579296
2014,Joe Sever,CLE,A+,23,72,270,316,71,58,10,0,3,34,36,30,1,47,9,5,2,14,2,0,0.262962962,sa579296
2015,Joe Sever,CLE,A+,24,84,296,320,78,49,17,2,10,41,41,17,0,59,5,2,0,7,1,0,0.263513513,sa579296
2013,Jordan Smith,CLE,A+,22,134,518,586,151,111,29,6,5,71,54,62,0,72,2,2,2,17,18,9,0.291505791,sa579297
2014,Justin Jirschele,CHW,A+,24,40,124,136,39,33,6,0,0,14,4,9,0,7,0,0,3,3,4,0,0.314516129,sa579325
2013,Cody Koback,BOS,A+,23,54,186,212,40,33,5,2,0,17,10,14,0,29,6,2,4,2,6,0,0.215053763,sa579327
2017,Eduard Pinto,TEX,A+,22,46,177,191,55,40,10,1,4,30,18,10,1,21,3,0,1,6,7,3,0.310734463,sa579381
2014,Mark Threlkeld,KCR,A+,24,17,62,66,15,12,1,0,2,7,4,3,1,20,1,0,0,0,1,0,0.241935483,sa579643
2013,Logan Vick,CLE,A+,22,20,71,87,16,10,3,1,2,9,11,14,0,19,1,0,1,0,1,1,0.225352112,sa579780
2014,Logan Vick,CLE,A+,23,82,263,330,48,28,16,1,3,44,21,58,0,81,3,3,3,4,13,6,0.182509505,sa579780
2018,Wilson Garcia,BAL,A+,24,108,413,444,122,75,24,0,23,60,70,21,4,46,2,6,0,14,0,0,0.295399515,sa596287
2012,Matty Johnson,BOS,A+,24,48,155,181,41,29,10,1,1,28,17,21,0,23,1,2,2,0,5,6,0.264516129,sa596293
2018,Yojhan Quevedo,BAL,A+,24,38,150,157,43,30,9,0,4,16,18,4,0,17,2,1,0,4,0,0,0.286666666,sa596365
2011,Yem Prades,KCR,A+,23,80,305,323,88,63,16,5,4,36,24,10,1,66,2,3,3,3,11,7,0.28852459,sa596392
2016,Yonathan Mendoza,CLE,A+,22,16,55,64,18,16,2,0,0,6,4,6,0,12,2,0,1,1,1,0,0.327272727,sa596904
2017,Yonathan Mendoza,CLE,A+,23,72,256,290,79,69,6,2,2,35,30,30,2,31,1,0,3,4,5,2,0.30859375,sa596904
2015,Carlos Penalver,CHC,A+,21,114,381,437,75,59,10,4,2,38,42,42,0,80,3,5,6,11,11,8,0.196850393,sa596953
2014,Cleuluis Rondon,CHW,A+,20,53,198,222,49,34,10,4,1,24,24,19,0,33,1,1,3,7,3,4,0.247474747,sa596998
2015,Cleuluis Rondon,CHW,A+,21,120,400,445,67,55,9,0,3,35,26,32,0,86,4,3,6,15,12,6,0.1675,sa596998
2016,Cleuluis Rondon,CHW,A+,22,117,391,441,83,69,11,1,2,35,32,39,0,86,2,1,8,12,12,3,0.212276214,sa596998
2015,Mauricio Ramos,KCR,A+,23,123,468,507,124,92,22,2,8,54,59,25,0,89,9,3,2,18,1,1,0.264957264,sa597006
2017,Jecksson Flores,KCR,A+,23,96,304,355,78,59,14,3,2,31,21,24,1,63,3,3,21,12,7,5,0.256578947,sa597007
2016,Jeffrey Baez,CHC,A+,22,113,369,434,89,63,15,3,8,43,45,44,2,80,4,6,11,12,38,11,0.241192411,sa597088
2016,Bryan Mejia,WSN,A+,22,117,427,465,103,73,19,7,4,39,41,22,0,98,2,4,10,4,19,10,0.241217798,sa597100
2017,Bryan Mejia,WSN,A+,23,115,385,417,90,68,16,1,5,38,40,19,2,104,1,3,9,3,7,10,0.233766233,sa597100
2018,Bryan Mejia,WSN,A+,24,101,388,419,103,69,28,0,6,47,54,23,1,81,3,5,0,1,8,9,0.265463917,sa597100
2015,Deiner Lopez,BOS,A+,21,41,141,151,38,30,8,0,0,18,12,6,0,35,3,1,0,3,4,5,0.269503546,sa597152
2016,Deiner Lopez,BOS,A+,22,97,312,348,76,56,12,5,3,49,28,26,0,77,2,2,6,5,15,5,0.243589743,sa597152
2017,Deiner Lopez,BOS,A+,23,19,74,77,19,14,2,1,2,11,10,2,0,9,0,0,1,0,7,3,0.256756756,sa597152
2018,Deiner Lopez,BOS,A+,24,7,25,29,7,5,1,1,0,5,2,4,0,7,0,0,0,0,3,1,0.28,sa597152
2017,Eduardo de Oleo,HOU,A+,24,16,62,69,15,7,2,1,5,11,11,6,0,20,0,1,0,0,0,0,0.241935483,sa597686
2015,Brett Austin,CHW,A+,22,9,35,35,7,6,1,0,0,3,2,0,0,6,0,0,0,1,0,0,0.2,sa597795
2016,Brett Austin,CHW,A+,23,89,302,347,62,38,14,1,9,34,45,40,0,81,2,2,1,6,0,0,0.205298013,sa597795
2012,Jake Lowery,CLE,A+,21,59,203,233,45,29,14,0,2,19,27,28,2,71,0,1,1,6,0,1,0.221674876,sa597837
2013,Jake Lowery,CLE,A+,22,12,41,50,8,4,2,1,1,4,5,9,0,12,0,0,0,0,0,0,0.195121951,sa597837
2013,Bryson Myles,CLE,A+,23,92,337,390,96,66,20,2,8,55,52,32,0,84,11,9,1,8,15,7,0.284866468,sa597971
2015,Daniel Lockhart,CHC,A+,22,118,408,442,91,67,18,4,2,41,34,22,2,73,6,3,3,7,9,2,0.223039215,sa598065
2016,Daniel Lockhart,CHC,A+,23,37,119,132,29,19,6,3,1,16,12,8,0,24,1,3,1,2,6,1,0.243697478,sa598065
2013,Joe Maloney,TEX,A+,22,74,285,308,57,33,17,1,6,28,46,10,0,85,8,4,1,5,0,1,0.2,sa598092
2018,Dustin Houle,MIL,A+,24,17,54,64,16,12,4,0,0,5,7,4,0,16,2,2,2,0,0,0,0.296296296,sa598106
2015,Shawon Dunston Jr.,CHC,A+,22,17,57,59,12,7,2,3,0,4,3,1,0,12,1,0,0,4,3,1,0.210526315,sa598172
2016,Shawon Dunston Jr.,CHC,A+,23,37,114,128,25,15,6,4,0,11,5,11,0,31,2,0,1,2,7,1,0.219298245,sa598172
2012,Todd Hankins,CLE,A+,21,24,78,89,17,9,4,1,3,9,11,9,0,28,2,0,0,1,3,1,0.217948717,sa598325
2013,Todd Hankins,CLE,A+,22,37,108,129,22,16,6,0,0,18,6,16,0,32,3,0,2,1,14,1,0.203703703,sa598325
2014,Todd Hankins,CLE,A+,23,88,349,392,90,59,21,5,5,50,42,31,0,96,6,2,4,6,25,5,0.257879656,sa598325
2014,Nick Vickerson,TEX,A+,24,43,121,154,18,13,3,0,2,13,10,28,0,37,3,1,1,2,1,0,0.14876033,sa598342
2012,Glynn Davis,BAL,A+,20,22,82,97,21,19,1,1,0,11,4,12,1,25,1,0,2,1,8,1,0.25609756,sa598601
2013,Glynn Davis,BAL,A+,21,97,364,410,85,63,17,3,2,42,32,43,0,74,1,0,2,13,19,7,0.233516483,sa598601
2014,Glynn Davis,BAL,A+,22,89,352,395,104,78,21,4,1,65,31,36,0,69,2,1,4,5,20,8,0.295454545,sa598601
2013,Will Skinner,ATL,A+,24,71,234,247,51,21,14,0,16,33,44,11,0,89,0,1,1,2,1,1,0.217948717,sa598620
2012,David Chester,BOS,A+,23,7,25,27,9,7,1,0,1,4,5,1,0,7,0,1,0,0,0,0,0.36,sa598680
2013,David Chester,BOS,A+,24,29,99,112,27,19,2,0,6,12,14,11,0,22,1,1,0,2,2,0,0.272727272,sa598680
2014,Aneury Tavarez,BOS,A+,22,93,344,376,86,54,16,5,11,52,50,17,0,97,8,3,4,5,18,5,0.25,sa598684
2015,Aneury Tavarez,BOS,A+,23,39,132,153,37,23,8,4,2,7,18,17,0,28,2,1,1,2,8,1,0.28030303,sa598684
2013,Tyler Chism,KCR,A+,24,40,127,143,27,23,2,1,1,16,11,11,1,34,3,1,1,2,2,1,0.212598425,sa598804
2012,Chris Grayson,TEX,A+,22,27,90,108,16,10,3,0,3,14,7,16,1,25,1,0,1,4,7,0,0.177777777,sa598833
2013,Chris Grayson,TEX,A+,23,112,372,438,74,49,18,3,4,52,28,51,2,71,4,6,5,6,19,9,0.198924731,sa598833
2014,Chris Grayson,TEX,A+,24,45,152,182,44,27,12,2,3,27,16,21,0,41,5,3,1,1,9,5,0.289473684,sa598833
2012,Chad Comer,ATL,A+,23,36,101,116,17,14,3,0,0,2,4,10,0,23,2,0,3,5,0,0,0.168316831,sa598958
2015,Trey Martin,CHC,A+,22,90,306,332,73,57,13,1,2,35,31,17,0,83,2,2,5,4,14,4,0.238562091,sa599037
2016,Trey Martin,CHC,A+,23,29,90,105,21,18,3,0,0,10,12,11,0,30,0,3,1,0,2,1,0.233333333,sa599037
2016,Mason Robbins,CHW,A+,23,123,507,530,159,114,33,7,5,57,62,14,1,87,2,6,1,11,3,2,0.313609467,sa599191
2013,Martin Medina,CHW,A+,23,55,185,209,39,30,7,0,2,18,14,20,0,38,2,1,1,4,1,1,0.21081081,sa599196
2014,Martin Medina,CHW,A+,24,37,126,139,34,27,6,1,0,12,16,10,0,35,1,2,0,3,3,0,0.269841269,sa599196
2016,Austin Davidson,WSN,A+,23,47,151,187,39,26,7,2,4,28,21,28,0,20,5,1,2,3,2,0,0.258278145,sa599216
2017,Austin Davidson,WSN,A+,24,102,379,432,103,70,22,4,7,48,53,45,2,80,5,3,0,7,9,4,0.27176781,sa599216
2014,Shawn Pleffner,WSN,A+,24,95,356,397,106,77,26,1,2,45,44,35,3,62,2,3,0,9,9,1,0.297752808,sa599272
2015,Mike Papi,CLE,A+,22,127,416,506,98,58,34,2,4,53,45,81,0,118,3,3,2,3,6,7,0.235576923,sa599318
2016,Mike Papi,CLE,A+,23,40,140,173,33,17,9,0,7,22,18,30,0,42,1,2,0,2,0,1,0.235714285,sa599318
2017,Josh Tobias,BOS,A+,24,21,87,97,30,21,7,0,2,16,11,8,0,16,2,0,0,1,4,2,0.344827586,sa599333
2012,Michael Johnson,CHW,A+,23,9,18,22,2,2,0,0,0,3,1,3,0,6,0,0,1,0,0,0,0.111111111,sa599345
2015,Dominique Taylor,KCR,A+,22,110,349,389,75,54,17,3,1,45,26,21,0,83,9,3,7,6,10,4,0.214899713,sa599513
2016,Taylor Murphy,CLE,A+,23,98,359,413,96,59,22,3,12,51,55,46,2,110,4,4,0,8,3,5,0.26740947,sa599536
2015,Carlos Coste,BOS,A+,22,16,49,55,2,2,0,0,0,2,0,4,0,27,2,0,0,0,0,0,0.040816326,sa599741
2013,Ryan Battaglia,CLE,A+,21,20,53,62,12,7,5,0,0,2,8,7,0,25,2,0,0,0,0,0,0.226415094,sa599825
2014,Ryan Battaglia,CLE,A+,22,31,89,105,10,4,5,0,1,5,8,12,0,43,2,1,1,0,0,0,0.11235955,sa599825
2014,Jose Cardona,TEX,A+,20,7,22,22,4,4,0,0,0,2,0,0,0,1,0,0,0,1,0,0,0.181818181,sa599888
2015,Claudio Bautista,CLE,A+,21,52,178,199,35,23,10,0,2,24,12,16,1,51,0,2,3,3,3,2,0.196629213,sa600968
2016,Claudio Bautista,CLE,A+,22,69,234,277,56,40,10,0,6,33,32,33,1,55,3,5,2,5,6,7,0.239316239,sa600968
2017,Claudio Bautista,CLE,A+,23,73,227,252,49,31,10,1,7,26,24,17,0,66,5,2,1,5,0,0,0.21585903,sa600968
2015,Michael Suiter,CHW,A+,23,41,123,136,21,17,3,0,1,13,6,7,0,27,4,1,1,2,3,1,0.170731707,sa602402
2016,Michael Suiter,CHW,A+,24,48,167,196,48,33,9,0,6,23,21,20,0,41,4,1,4,3,5,0,0.287425149,sa602402
2013,Yhoxian Medina,CLE,A+,23,23,82,87,19,17,2,0,0,6,8,2,0,18,2,0,1,3,1,4,0.231707317,sa602515
2014,Yhoxian Medina,CLE,A+,24,99,385,437,111,89,19,2,1,60,36,39,0,61,3,2,8,7,12,5,0.288311688,sa602515
2013,Pat Cantwell,TEX,A+,23,70,257,289,64,50,13,0,1,35,24,17,0,44,8,2,5,9,5,2,0.249027237,sa602546
2015,David Masters,WSN,A+,22,18,58,64,12,10,2,0,0,2,7,2,0,5,0,3,1,0,0,2,0.206896551,sa602586
2016,David Masters,WSN,A+,23,76,236,267,41,29,5,1,6,27,33,23,0,56,5,2,1,7,1,0,0.173728813,sa602586
2017,David Masters,WSN,A+,24,89,295,338,71,48,14,1,8,40,41,36,0,62,3,3,1,5,0,1,0.240677966,sa602586
2016,Dante Flores,CHW,A+,23,9,28,34,5,3,0,1,1,4,5,3,0,9,1,1,1,0,0,0,0.178571428,sa602597
2017,Caleb Whalen,MIL,A+,24,12,36,43,6,4,2,0,0,4,2,5,0,11,2,0,0,1,0,0,0.166666666,sa602651
2016,Brandon Downes,KCR,A+,23,130,478,538,110,61,34,3,12,56,66,41,1,170,11,7,1,6,19,6,0.230125523,sa602678
2017,Brandon Downes,KCR,A+,24,72,261,300,64,35,12,4,13,37,35,30,1,70,6,2,1,4,2,3,0.245210727,sa602678
2017,Nate Esposito,KCR,A+,24,68,227,243,51,43,7,1,0,14,16,8,0,38,6,0,2,8,0,0,0.224669603,sa602817
2013,Bryan Johns,BOS,A+,24,19,59,69,11,9,2,0,0,6,5,5,0,15,4,0,1,1,1,0,0.186440677,sa603945
2013,Chase Anselment,ATL,A+,22,10,25,32,2,2,0,0,0,3,0,6,0,5,1,0,0,1,1,0,0.08,sa621129
2013,Preston Beck,TEX,A+,22,98,322,380,79,58,14,4,3,38,39,47,1,62,4,4,3,7,10,4,0.245341614,sa621361
2014,Preston Beck,TEX,A+,23,121,436,527,111,66,33,1,11,66,77,80,4,93,7,3,1,5,8,2,0.254587155,sa621361
2014,Torsten Boss,CLE,A+,23,42,144,166,31,19,6,1,5,15,17,19,0,45,2,1,0,3,1,2,0.215277777,sa621486
2014,Kyle Wren,ATL,A+,23,76,291,336,86,72,10,4,0,46,27,30,0,39,2,6,7,4,33,9,0.295532646,sa621577
2013,Joey DeMichele,CHW,A+,22,134,541,615,133,86,37,2,8,87,54,62,0,126,2,4,6,8,19,7,0.245841035,sa621612
2014,Joey DeMichele,CHW,A+,23,105,386,430,102,69,25,4,4,50,42,34,0,65,2,4,4,4,6,3,0.264248704,sa621612
2012,Jeremy Dowdy,CHW,A+,21,13,27,28,6,4,2,0,0,4,2,0,0,4,0,1,0,1,0,0,0.222222222,sa621614
2015,Jeremy Dowdy,CHW,A+,24,27,89,99,22,18,4,0,0,7,11,10,0,11,0,0,0,3,0,0,0.247191011,sa621614
2015,Eric Garcia,ATL,A+,24,14,49,56,14,9,4,0,1,8,9,7,0,6,0,0,0,0,0,0,0.285714285,sa621634
2014,Eric Garcia,ATL,A+,23,82,277,314,66,51,14,1,0,39,23,34,0,50,0,0,3,6,9,6,0.238267148,sa621634
2013,Yoandy Barroso,CHW,A+,24,15,45,51,11,7,3,1,0,9,4,2,0,14,3,0,1,1,1,0,0.244444444,sa628486
2012,Roman Hernandez,KCR,A+,24,74,256,282,57,46,10,1,0,31,14,19,0,56,2,1,4,7,1,7,0.22265625,sa654219
2016,Yasiel Balaguert,CHC,A+,23,135,533,583,140,94,25,2,19,62,96,43,0,125,1,6,0,15,5,1,0.262664165,sa656575
2016,Omar Obregon,ATL,A+,22,87,312,354,77,61,12,4,0,41,27,24,0,53,0,3,13,7,12,4,0.246794871,sa657232
2017,Carlos Belonis,MIL,A+,22,33,99,112,27,25,2,0,0,15,8,8,0,29,1,1,2,2,4,1,0.272727272,sa657248
2018,Carlos Belonis,MIL,A+,23,35,103,119,17,13,1,1,2,9,10,14,0,43,2,0,0,2,3,0,0.165048543,sa657248
2017,Roberto Caro,CHC,A+,23,39,92,110,17,12,2,2,1,10,15,13,0,29,3,1,1,0,5,4,0.184782608,sa657285
2018,Roberto Caro,CHC,A+,24,44,137,167,36,29,6,0,1,13,10,25,0,32,2,0,3,1,19,4,0.262773722,sa657285
2017,Adonis Paula,CHC,A+,23,51,147,168,40,34,4,0,2,12,18,16,0,52,3,1,1,2,1,1,0.272108843,sa657298
2016,Osvaldo Abreu,WSN,A+,22,126,497,563,123,90,23,4,6,86,52,55,0,108,6,3,2,11,18,10,0.247484909,sa657398
2018,Daniel Fajardo,BAL,A+,23,63,207,218,56,46,5,1,4,25,27,10,0,24,0,1,0,12,0,0,0.2705314,sa657408
2019,Daniel Fajardo,BAL,A+,24,36,112,124,26,19,6,0,1,10,12,12,0,15,0,0,0,6,0,0,0.232142857,sa657408
2016,Bryant Flete,CHC,A+,23,34,123,147,35,25,6,2,2,22,18,19,2,21,4,1,0,0,1,1,0.284552845,sa657425
2017,Bryant Flete,CHC,A+,24,70,275,301,84,63,15,0,6,45,37,18,2,53,4,2,1,2,4,3,0.305454545,sa657425
2017,Bryant Flete,CHW,A+,24,45,167,183,38,25,10,2,1,18,12,14,1,28,1,1,0,1,1,2,0.22754491,sa657425
2017,Carlos Garay,TEX,A+,22,69,262,282,84,74,9,0,1,22,21,12,0,30,6,1,1,10,2,1,0.320610687,sa657431
2018,Angelo Castellano,KCR,A+,23,120,375,429,83,63,16,2,2,39,36,35,2,81,4,6,9,8,12,9,0.221333333,sa657521
2019,Angelo Castellano,KCR,A+,24,25,63,76,12,8,3,1,0,4,5,7,0,12,3,1,2,2,4,2,0.19047619,sa657521
2016,Wander Franco,KCR,A+,21,95,368,394,81,50,24,2,5,29,47,19,0,83,2,5,0,5,5,1,0.220108695,sa657522
2017,Wander Franco,KCR,A+,22,129,481,516,134,103,19,8,4,52,46,25,0,92,5,3,2,13,5,3,0.278586278,sa657522
2017,Arturo Michelena,HOU,A+,22,32,113,125,26,20,5,1,0,13,10,10,0,28,1,0,1,2,1,1,0.230088495,sa657523
2017,Randy Cesar,HOU,A+,22,83,308,337,91,72,15,0,4,35,35,22,0,79,3,4,0,8,4,1,0.295454545,sa657542
2018,Chris Pieters,CHC,A+,23,27,93,102,21,17,2,2,0,9,7,7,0,23,0,2,0,0,4,0,0.225806451,sa657768
2017,Rodrigo Ayarza,HOU,A+,22,41,146,156,34,21,10,2,1,13,17,9,0,31,1,0,0,6,0,1,0.232876712,sa657802
2014,Keon Barnum,CHW,A+,21,132,491,533,124,86,29,1,8,49,60,37,0,163,2,2,1,9,3,0,0.252545824,sa657864
2015,Keon Barnum,CHW,A+,22,105,382,428,98,65,24,0,9,40,67,35,2,112,4,5,2,7,0,1,0.256544502,sa657864
2016,Keon Barnum,CHW,A+,23,30,117,127,30,24,5,0,1,7,9,7,0,25,0,3,0,3,0,0,0.256410256,sa657864
2017,Keon Barnum,CHW,A+,24,19,61,75,16,13,1,0,2,7,9,13,2,26,0,1,0,0,0,0,0.262295081,sa657864
2013,Courtney Hawkins,CHW,A+,19,103,383,425,68,30,16,3,19,48,62,29,0,160,9,4,0,9,10,5,0.177545691,sa657904
2014,Courtney Hawkins,CHW,A+,20,122,449,515,112,64,25,4,19,65,84,53,2,143,5,7,1,3,11,3,0.249443207,sa657904
2018,Clint Coulter,MIL,A+,24,15,58,64,14,5,7,1,1,8,2,5,0,21,1,0,0,0,0,0,0.24137931,sa657922
2014,Adrian Marin,BAL,A+,20,115,431,460,100,64,30,1,5,40,42,21,0,103,3,2,3,9,12,4,0.232018561,sa657939
2015,Adrian Marin,BAL,A+,21,114,416,453,99,68,22,5,4,57,41,23,0,74,6,2,6,9,25,8,0.237980769,sa657939
2016,Chad Johnson,KCR,A+,22,92,299,350,67,48,11,3,5,29,21,43,0,109,5,2,1,7,3,0,0.224080267,sa657990
2018,Nick Basto,WSN,A+,24,19,66,81,14,11,2,0,1,2,6,11,1,21,3,1,0,1,0,0,0.212121212,sa657998
2014,Nick Basto,CHW,A+,20,87,315,342,83,60,14,2,7,39,35,19,0,66,5,3,0,6,1,4,0.263492063,sa657998
2015,Nick Basto,CHW,A+,21,83,300,328,61,36,18,0,7,33,33,19,0,94,5,3,1,10,1,2,0.203333333,sa657998
2016,Nick Basto,CHW,A+,22,106,403,461,124,81,27,4,12,65,60,47,4,83,6,4,1,10,0,1,0.307692307,sa657998
2014,Fred Ford,KCR,A+,22,17,46,50,7,4,1,0,2,5,6,4,0,18,0,0,0,2,0,0,0.152173913,sa658026
2013,Royce Bolinger,TEX,A+,22,72,272,298,71,47,17,3,4,33,25,17,1,68,3,3,3,6,5,4,0.261029411,sa658031
2014,Royce Bolinger,TEX,A+,23,93,346,386,97,65,23,2,7,41,44,29,0,82,7,4,0,9,3,2,0.28034682,sa658031
2016,Luis Valenzuela,ATL,A+,22,44,189,198,51,36,11,3,1,17,19,5,0,23,1,2,1,3,1,1,0.269841269,sa658081
2017,Ricardo Andujar,BAL,A+,24,82,236,267,59,42,13,2,2,39,20,16,0,54,7,1,7,1,5,4,0.25,sa658092
2015,Alfredo Escalera,KCR,A+,20,57,199,222,41,30,7,2,2,18,14,17,1,61,5,0,1,4,7,3,0.20603015,sa658111
2016,Alfredo Escalera,KCR,A+,21,73,283,311,76,62,10,1,3,37,30,21,1,75,7,0,0,3,5,3,0.268551236,sa658111
2016,Rashad Crawford,CHC,A+,22,83,329,370,84,55,18,8,3,59,30,33,0,73,2,0,5,3,22,6,0.255319148,sa658166
2015,Connor Lien,ATL,A+,21,128,453,504,129,93,22,5,9,72,47,33,1,129,11,2,5,2,34,12,0.284768211,sa658195
2015,Mike Meyers,BOS,A+,21,17,67,73,11,8,2,0,1,7,3,6,0,22,0,0,0,1,2,0,0.164179104,sa658197
2016,Mike Meyers,BOS,A+,22,111,419,467,114,84,17,9,4,53,66,36,1,116,3,9,0,7,26,5,0.272076372,sa658197
2017,Mike Meyers,BOS,A+,23,86,314,338,80,63,13,2,2,37,29,17,0,99,3,0,4,2,8,4,0.25477707,sa658197
2015,Phildrick Llewellyn,BAL,A+,21,5,18,21,3,2,1,0,0,1,0,2,0,3,0,0,1,0,1,1,0.166666666,sa658248
2013,Parker Morin,KCR,A+,21,88,297,340,67,51,13,2,1,32,30,29,0,68,3,8,3,3,4,3,0.225589225,sa658263
2015,Nellie Rodriguez,CLE,A+,21,108,396,460,109,58,32,2,17,65,84,51,0,122,4,8,1,7,1,0,0.275252525,sa658264
2016,Landon Lassiter,CHW,A+,23,38,140,166,38,30,7,1,0,27,8,20,0,41,4,2,0,1,5,1,0.271428571,sa658299
2017,Landon Lassiter,CHW,A+,24,39,130,148,34,20,11,1,2,17,19,10,1,37,4,2,2,3,3,0,0.261538461,sa658299
2017,Andrew Calica,CLE,A+,23,103,376,442,103,72,22,3,6,64,40,43,0,84,15,4,4,4,14,9,0.27393617,sa658329
2014,Tyler Tewell,ATL,A+,22,80,283,308,71,48,12,3,8,40,45,12,1,44,6,6,1,3,0,3,0.250883392,sa658346
2017,Chuck Moorman,TEX,A+,23,99,340,372,86,61,20,0,5,34,40,23,0,72,3,3,3,8,0,1,0.252941176,sa658355
2014,Zach Voight,CHW,A+,23,35,108,127,24,13,8,1,2,11,14,14,0,25,1,0,4,3,0,2,0.222222222,sa658512
2017,Tate Matheny,BOS,A+,23,114,429,488,114,74,26,7,7,78,46,44,3,119,4,3,8,8,27,7,0.265734265,sa658567
2017,Jameson Fisher,CHW,A+,23,64,235,271,52,28,16,1,7,33,32,27,0,55,7,0,2,4,3,4,0.221276595,sa658576
2017,Matt Rose,CHC,A+,22,65,233,254,53,23,15,1,14,30,38,15,2,63,3,2,1,3,0,0,0.227467811,sa658586
2017,Matt Rose,CHW,A+,22,36,122,139,33,16,13,0,4,21,23,12,2,40,1,2,2,1,2,0,0.270491803,sa658586
2017,Rhett Wiseman,WSN,A+,23,123,432,474,99,60,21,5,13,55,55,34,2,97,1,6,1,4,2,4,0.229166666,sa658608
2018,Rhett Wiseman,WSN,A+,24,116,407,478,103,55,23,4,21,65,63,63,0,122,6,1,1,1,8,2,0.253071253,sa658608
2013,Anthony Caronia,BAL,A+,22,13,28,31,5,5,0,0,0,2,1,2,0,9,0,0,1,1,2,0,0.178571428,sa658633
2015,Anthony Caronia,BAL,A+,24,104,330,358,80,67,9,3,1,38,28,19,0,68,0,3,6,9,20,10,0.242424242,sa658633
2014,Mark Donato,KCR,A+,22,44,135,152,25,16,6,2,1,7,14,12,2,32,3,2,0,2,0,0,0.185185185,sa658673
2013,Trenton Moses,ATL,A+,24,64,212,245,55,33,18,1,3,27,37,23,0,46,8,1,1,7,0,2,0.259433962,sa658787
2017,Evan Van Hoosier,TEX,A+,23,29,100,112,23,17,3,1,2,14,13,8,1,23,4,0,0,0,5,0,0.23,sa658796
2013,Ethan Chapman,KCR,A+,23,68,219,256,55,49,6,0,0,30,16,25,0,44,1,1,10,1,14,10,0.251141552,sa658802
2013,Jake Brown,CHW,A+,23,6,19,21,3,2,1,0,0,1,0,2,0,6,0,0,0,1,0,0,0.157894736,sa658810
2018,Vance Vizcaino,KCR,A+,23,73,241,265,58,46,9,2,1,31,28,17,0,62,2,2,3,5,2,2,0.2406639,sa658828
2014,Steel Russell,BAL,A+,23,25,72,79,13,10,2,0,1,10,3,5,0,19,1,0,1,1,0,0,0.180555555,sa658894
2015,Steel Russell,BAL,A+,24,9,27,31,4,2,2,0,0,2,4,1,0,7,1,0,1,3,0,0,0.148148148,sa658894
2015,Paul Hendrix,CLE,A+,23,121,442,495,109,78,23,2,6,46,40,43,0,122,7,3,0,12,4,3,0.246606334,sa658907
2016,Paul Hendrix,CLE,A+,24,66,213,255,46,31,11,0,4,29,29,34,1,76,2,5,1,6,2,3,0.215962441,sa658907
2014,Mike McQuillan,WSN,A+,24,80,246,304,51,31,11,3,6,26,37,49,1,75,7,1,1,3,4,8,0.207317073,sa658928
2017,Johnny Sewald,HOU,A+,23,21,72,78,15,8,6,0,1,11,5,3,0,27,1,0,2,0,3,2,0.208333333,sa658947
2016,Ian Rice,CHC,A+,22,58,210,252,50,31,13,0,6,33,31,36,0,55,4,2,0,2,2,2,0.238095238,sa658968
2014,Kevin Heller,BOS,A+,24,94,316,381,80,50,21,2,7,41,48,45,0,90,17,2,1,1,12,5,0.253164556,sa658970
2014,David Lyon,TEX,A+,24,80,277,314,63,34,18,3,8,26,35,30,1,90,5,2,0,3,2,1,0.227436823,sa658989
2016,Tyler Krieger,CLE,A+,22,58,220,257,62,43,13,4,2,33,23,28,0,52,4,3,2,4,6,7,0.281818181,sa658994
2017,Austin Rei,BOS,A+,23,95,319,373,71,38,30,0,3,41,38,39,1,96,13,2,0,4,3,5,0.222570532,sa659079
2013,Jared Schlehuber,KCR,A+,24,78,284,327,85,52,24,1,8,42,59,38,3,51,4,1,0,15,1,2,0.299295774,sa659239
2017,Nick Lovullo,BOS,A+,23,74,231,262,54,43,7,3,1,26,19,24,0,39,2,1,4,6,4,3,0.233766233,sa659264
2018,Nick Lovullo,BOS,A+,24,19,50,53,10,10,0,0,0,3,2,3,0,9,0,0,0,0,0,2,0.2,sa659264
2013,Alex Hudak,KCR,A+,23,26,84,98,17,9,5,1,2,10,10,12,0,32,0,0,2,2,1,1,0.202380952,sa659452
2015,Dorssys Paulino,CLE,A+,20,43,154,177,47,27,10,6,4,27,30,17,1,30,1,3,2,5,5,2,0.305194805,sa659464
2016,Dorssys Paulino,CLE,A+,21,54,211,236,60,39,14,1,6,26,31,22,0,50,1,1,1,4,1,2,0.284360189,sa659464
2014,Alejandro Piloto,ATL,A+,22,15,45,54,6,5,0,1,0,2,7,6,0,15,0,2,1,1,1,1,0.133333333,sa659787
2015,Jordan Hankins,CHC,A+,23,23,66,76,15,9,5,0,1,8,6,9,0,12,0,1,0,1,2,1,0.227272727,sa706880
2015,Jacob Schrader,ATL,A+,24,103,377,406,101,55,28,3,15,52,59,19,1,103,7,3,0,7,1,0,0.267904509,sa707778
2016,Matt Reistetter,WSN,A+,24,31,89,103,22,16,4,0,2,9,9,11,0,15,1,1,1,1,2,0,0.247191011,sa707779
2015,Robert Pehl,KCR,A+,22,81,258,300,58,46,8,0,4,23,22,30,1,61,9,3,0,12,2,2,0.224806201,sa708213
2016,Robert Pehl,KCR,A+,23,85,261,309,70,44,25,0,1,41,40,36,0,66,7,3,2,5,2,1,0.268199233,sa708213
2015,Kevin Brown,CHC,A+,24,75,262,289,59,41,11,3,4,29,21,23,0,35,1,2,1,6,1,1,0.225190839,sa708424
2015,Cael Brockmeyer,CHC,A+,23,36,120,145,26,17,6,0,3,15,24,17,1,32,4,4,0,4,0,1,0.216666666,sa708438
2016,Cael Brockmeyer,CHC,A+,24,24,79,92,15,9,2,0,4,9,12,10,0,19,2,1,0,4,2,0,0.189873417,sa708438
2014,Zane Evans,KCR,A+,22,101,371,403,84,55,24,0,5,34,36,27,0,92,3,0,2,12,2,1,0.226415094,sa708968
2015,Zane Evans,KCR,A+,23,28,107,116,29,17,8,0,4,12,15,6,0,22,2,1,0,2,0,0,0.271028037,sa708968
2015,Drew Dosch,BAL,A+,23,55,207,233,57,44,8,3,2,30,34,23,0,37,1,2,0,3,4,2,0.275362318,sa709292
2015,Logan Uxa,BAL,A+,24,13,34,41,9,5,3,0,1,2,2,7,0,6,0,0,0,1,0,1,0.264705882,sa709519
2015,Cole Sturgeon,BOS,A+,23,76,287,311,76,57,14,2,3,34,26,18,0,40,1,1,4,5,10,3,0.264808362,sa709546
2013,Tucker Nathans,BAL,A+,24,45,159,177,44,34,8,1,1,17,18,16,0,34,0,1,1,2,5,2,0.276729559,sa732567
2017,Johan Cruz,CHW,A+,21,75,257,275,56,35,14,1,6,26,21,13,0,65,1,2,2,5,8,2,0.217898832,sa736621
2019,Johan Cruz,CHW,A+,23,37,134,149,32,22,9,0,1,20,12,11,0,43,1,1,2,2,1,0,0.23880597,sa736621
2017,Frandy De La Rosa,TEX,A+,21,8,28,33,3,1,2,0,0,3,0,5,0,13,0,0,0,0,0,0,0.107142857,sa736663
2018,Jorma Rodriguez,CLE,A+,22,71,237,262,55,46,7,2,0,26,15,12,1,46,5,1,7,6,7,1,0.23206751,sa736694
2018,Emmanuel Tapia,CLE,A+,22,89,301,345,56,36,10,1,9,29,44,37,1,112,5,2,0,9,0,0,0.186046511,sa736698
2018,Aldrem Corredor,WSN,A+,22,59,219,242,68,46,17,0,5,24,37,19,3,46,0,4,0,8,0,0,0.310502283,sa736852
2019,Aldrem Corredor,WSN,A+,23,127,495,541,140,97,34,0,9,60,89,36,3,104,4,5,1,14,2,2,0.282828282,sa736852
2016,Ademar Rifaela,BAL,A+,21,5,18,20,3,1,1,0,1,2,3,2,0,5,0,0,0,0,1,0,0.166666666,sa736911
2017,Ademar Rifaela,BAL,A+,22,126,450,508,128,80,23,1,24,73,78,41,4,124,12,3,2,11,7,5,0.284444444,sa736911
2017,Victor Acosta,BOS,A+,21,31,102,112,31,22,7,0,2,8,16,10,2,14,0,0,0,4,3,3,0.303921568,sa736917
2018,Victor Acosta,BOS,A+,22,30,91,106,23,14,9,0,0,5,12,10,0,7,1,2,2,1,0,1,0.252747252,sa736917
2019,Victor Acosta,BOS,A+,23,100,350,396,96,75,17,1,3,45,46,38,1,42,4,2,2,10,5,4,0.274285714,sa736917
2015,Franklin Guzman,BOS,A+,23,49,151,166,35,22,5,0,8,16,21,11,0,44,0,3,1,3,6,3,0.231788079,sa736919
2016,Franklin Guzman,BOS,A+,24,21,64,72,13,10,2,1,0,4,6,7,0,14,1,0,0,4,9,2,0.203125,sa736919
2019,Isaias Lucena,BOS,A+,24,16,49,55,8,3,5,0,0,5,2,6,0,11,0,0,0,2,0,0,0.163265306,sa736921
2017,Jhon Nunez,BOS,A+,22,55,182,202,52,39,9,1,3,23,32,9,1,34,4,3,4,1,4,5,0.285714285,sa736923
2018,Jhon Nunez,BOS,A+,23,13,42,50,12,10,2,0,0,3,7,6,0,10,0,2,0,1,4,0,0.285714285,sa736923
2016,Carlos Diaz,KCR,A+,23,50,158,172,38,31,7,0,0,10,9,4,0,29,1,1,8,4,3,7,0.240506329,sa736959
2017,Carlos Diaz,KCR,A+,24,13,22,29,2,2,0,0,0,0,1,2,0,4,1,1,3,0,0,1,0.09090909,sa736959
2017,Jose Sanchez,KCR,A+,22,17,48,54,10,8,2,0,0,6,2,6,0,11,0,0,0,0,0,0,0.208333333,sa736964
2017,Carlos Arroyo,TEX,A+,24,29,104,107,18,17,1,0,0,8,6,1,0,23,1,0,1,2,0,3,0.173076923,sa736998
2017,Brallan Perez,TEX,A+,21,46,158,178,37,34,2,0,1,16,8,15,0,21,2,0,3,2,8,5,0.234177215,sa736999
2017,Brallan Perez,BAL,A+,21,19,57,67,21,17,2,1,1,13,4,7,0,2,2,0,1,4,1,1,0.368421052,sa736999
2018,Luis Payano,HOU,A+,22,46,145,165,39,33,4,0,2,16,13,15,0,43,3,0,1,2,3,4,0.268965517,sa737026
2018,Kristian Trompiz,HOU,A+,22,55,179,197,33,28,4,1,0,17,16,17,0,33,1,0,0,2,11,5,0.184357541,sa737029
2018,Erlin Cerda,CLE,A+,24,32,99,110,22,14,8,0,0,12,5,8,0,27,0,0,3,2,1,1,0.222222222,sa737222
2017,Edwin Lora,WSN,A+,21,111,353,408,81,58,18,2,3,49,27,33,1,100,7,2,13,2,12,5,0.229461756,sa737245
2018,Edwin Lora,WSN,A+,22,64,178,206,32,22,10,0,0,20,15,13,0,68,6,2,7,3,4,1,0.17977528,sa737245
2016,Daniel Gonzalez,CHW,A+,20,7,23,24,11,8,3,0,0,5,5,1,0,4,0,0,0,0,0,0,0.478260869,sa737255
2017,Daniel Gonzalez,CHW,A+,21,35,123,126,29,22,6,0,1,12,10,2,0,20,1,0,0,4,2,1,0.235772357,sa737255
2018,Daniel Gonzalez,CHW,A+,22,25,54,62,13,12,0,0,1,10,5,6,1,14,1,0,1,3,1,0,0.24074074,sa737255
2019,Daniel Gonzalez,CHW,A+,23,10,28,31,5,4,1,0,0,3,1,2,0,9,0,1,0,1,0,0,0.178571428,sa737255
2015,Josh Hart,BAL,A+,20,104,424,445,108,89,15,3,1,43,28,11,0,81,6,3,1,7,30,15,0.254716981,sa737536
2016,Josh Hart,BAL,A+,21,97,337,373,75,52,17,2,4,34,31,25,2,78,4,3,4,6,9,5,0.222551928,sa737536
2017,Josh Hart,BAL,A+,22,25,80,88,21,11,9,0,1,9,7,6,0,24,2,0,0,1,2,1,0.2625,sa737536
2018,Tucker Neuhaus,MIL,A+,23,79,306,338,71,40,18,5,8,35,39,26,2,106,3,3,0,2,5,0,0.232026143,sa737623
2015,Drew Ward,WSN,A+,20,111,377,426,94,67,19,2,6,47,47,39,0,110,6,3,1,8,2,1,0.24933687,sa737690
2016,Drew Ward,WSN,A+,21,64,230,268,64,37,16,0,11,36,32,34,2,70,3,1,0,3,0,1,0.278260869,sa737690
2016,Charcer Burks,CHC,A+,21,124,445,531,110,66,28,5,11,71,43,66,1,116,11,3,6,1,23,7,0.247191011,sa737838
2015,Forrestt Allday,BOS,A+,24,79,249,316,62,53,7,0,2,36,20,48,0,52,8,3,8,4,7,9,0.248995983,sa737849
2017,Alex Murphy,BAL,A+,22,90,306,349,73,41,21,0,11,41,38,36,0,85,7,0,0,10,2,1,0.238562091,sa737854
2018,Alex Murphy,BAL,A+,23,6,21,24,1,1,0,0,0,2,1,2,0,3,1,0,0,0,0,0,0.047619047,sa737854
2014,Trey Michalczewski,CHW,A+,19,19,72,84,14,12,2,0,0,5,5,9,0,21,1,0,2,0,1,0,0.194444444,sa737859
2015,Trey Michalczewski,CHW,A+,20,127,474,532,123,77,35,4,7,59,75,50,3,114,5,3,0,7,4,3,0.25949367,sa737859
2017,Trey Michalczewski,CHW,A+,22,19,68,76,20,11,4,1,4,12,12,6,0,19,0,2,0,2,1,0,0.294117647,sa737859
2014,Daniel Rockett,KCR,A+,23,116,351,384,72,50,14,5,3,38,28,21,0,87,5,2,5,8,7,1,0.205128205,sa737868
2015,Daniel Rockett,KCR,A+,24,27,85,99,12,6,4,1,1,8,6,11,0,23,1,1,1,2,0,2,0.14117647,sa737868
2017,Brandon Diaz,MIL,A+,22,8,27,28,5,3,1,0,1,2,4,0,0,13,0,0,1,0,0,0,0.185185185,sa737872
2016,Tanner Murphy,ATL,A+,21,90,281,334,60,45,9,0,6,34,28,42,0,55,4,4,3,4,0,1,0.213523131,sa737877
2017,Brandon Dulin,CHW,A+,24,43,139,162,24,10,6,2,6,18,13,18,2,48,4,0,1,3,0,1,0.17266187,sa737912
2015,Jimmy Yezzo,WSN,A+,23,49,156,172,30,22,7,0,1,17,10,13,0,36,0,3,0,1,0,1,0.192307692,sa737918
2018,Xavier Fernandez,KCR,A+,22,36,135,144,34,19,13,0,2,12,10,7,0,19,1,1,0,4,1,1,0.251851851,sa737922
2015,Sicnarf Loopstok,CLE,A+,22,28,87,102,19,8,7,0,4,8,12,8,0,26,3,4,0,2,2,0,0.218390804,sa737949
2016,Sicnarf Loopstok,CLE,A+,23,55,178,206,50,34,11,3,2,27,17,15,0,39,9,2,2,3,10,3,0.280898876,sa737949
2017,Sicnarf Loopstok,CLE,A+,24,119,421,494,105,56,28,4,17,67,65,52,6,132,13,6,2,6,11,8,0.249406175,sa737949
2016,Bryan Hudson,BOS,A+,21,82,249,313,67,53,12,2,0,45,26,59,0,60,1,1,3,6,26,6,0.269076305,sa738118
2017,Bryan Hudson,BOS,A+,22,80,249,290,58,53,5,0,0,37,15,38,1,72,0,2,1,2,22,6,0.232931726,sa738118
2016,Joseph Monge,BOS,A+,21,78,329,361,90,63,19,4,4,45,36,23,0,81,6,1,2,4,19,8,0.273556231,sa738151
2019,Joseph Monge,BOS,A+,24,11,39,41,10,8,2,0,0,4,5,2,0,13,0,0,0,1,1,0,0.256410256,sa738151
2016,Ryan Gebhardt,ATL,A+,24,57,197,216,51,39,10,1,1,15,19,14,0,23,1,4,0,3,0,2,0.258883248,sa738165
2017,Randolph Gassaway,BAL,A+,22,114,431,462,114,89,19,1,5,48,58,23,1,82,3,5,0,15,3,3,0.26450116,sa738195
2018,Randolph Gassaway,BAL,A+,23,103,379,428,103,69,27,1,6,45,41,43,0,81,3,3,0,6,0,0,0.27176781,sa738195
2015,Nolan Earley,CHW,A+,24,94,315,353,81,59,19,1,2,27,34,35,2,65,2,1,0,9,1,2,0.257142857,sa738292
2015,Connor Oliver,ATL,A+,21,33,109,123,19,15,0,3,1,9,6,14,0,22,0,0,0,1,2,2,0.174311926,sa738298
2014,Cody Dent,WSN,A+,22,13,41,47,5,5,0,0,0,2,4,4,0,12,0,0,2,0,1,0,0.121951219,sa738316
2015,Cody Dent,WSN,A+,23,9,24,28,0,0,0,0,0,2,0,4,0,5,0,0,0,0,0,0,0,sa738316
2017,Tyler Alamo,CHC,A+,22,114,427,453,120,84,24,0,12,61,42,21,3,108,5,0,0,20,0,1,0.281030444,sa738319
2018,Tyler Alamo,CHC,A+,23,71,245,273,52,35,9,0,8,24,34,15,1,66,4,8,1,7,0,1,0.212244897,sa738319
2014,Jantzen Witte,BOS,A+,24,65,257,282,76,48,20,4,4,21,39,18,1,41,2,5,0,7,2,1,0.295719844,sa738324
2016,Marcus Davis,CHW,A+,24,123,489,513,128,93,24,4,7,54,60,19,0,95,3,2,0,16,2,0,0.261758691,sa738329
2017,Stephen Wrenn,HOU,A+,22,83,306,353,74,59,7,4,4,36,25,32,1,66,3,4,8,5,10,5,0.241830065,sa738419
2015,Reed Harper,ATL,A+,24,82,234,271,51,41,9,0,1,30,21,20,0,30,2,5,10,3,1,0,0.217948717,sa738433
2016,Nick Longhi,BOS,A+,20,123,471,535,133,88,40,3,2,56,77,50,2,106,3,9,2,11,2,3,0.282377919,sa738434
2017,Luis Aviles Jr.,MIL,A+,22,132,492,529,114,90,16,2,6,58,46,27,1,141,5,5,0,15,38,8,0.231707317,sa738445
2018,Luis Aviles Jr.,MIL,A+,23,67,238,258,61,46,11,2,2,30,15,14,0,71,2,2,2,5,17,4,0.256302521,sa738445
2017,Chris Madera,BOS,A+,24,59,219,248,51,44,5,2,0,19,14,22,0,35,1,0,6,6,9,6,0.232876712,sa738486
2015,Conor Bierfeldt,BAL,A+,24,56,178,202,36,17,14,0,5,15,29,19,0,58,3,1,1,2,1,1,0.202247191,sa738591
2018,Ronnie Gideon,MIL,A+,23,58,213,238,48,29,12,0,7,23,27,20,0,86,3,2,0,7,1,2,0.225352112,sa738630
2015,Toby Thomas,CHW,A+,21,30,102,113,22,12,7,1,2,10,10,5,0,25,2,1,3,3,0,0,0.215686274,sa738704
2016,Toby Thomas,CHW,A+,22,126,469,516,126,80,33,6,7,64,43,33,0,78,4,2,7,14,0,0,0.268656716,sa738704
2017,Toby Thomas,CHW,A+,23,68,211,244,55,35,18,2,0,28,19,25,0,47,0,3,4,4,5,1,0.260663507,sa738704
2014,Jake Romanski,BOS,A+,23,17,55,56,16,7,7,0,2,8,9,1,0,5,0,0,0,0,1,1,0.29090909,sa738897
2015,Jake Romanski,BOS,A+,24,47,164,186,43,34,9,0,0,19,21,16,0,21,3,2,1,2,4,3,0.262195121,sa738897
2018,Trever Morrison,MIL,A+,23,19,62,73,12,8,2,0,2,10,6,10,0,23,0,1,0,2,1,0,0.193548387,sa738906
2019,Trever Morrison,MIL,A+,24,34,113,126,16,10,5,1,0,9,5,8,0,44,3,2,0,4,2,1,0.14159292,sa738906
2016,Jesse Hodges,CHC,A+,22,29,102,114,19,13,5,0,1,12,11,7,1,33,2,2,1,4,0,1,0.186274509,sa739560
2017,Jesse Hodges,CHC,A+,23,124,447,506,120,78,26,3,13,58,63,45,1,105,8,2,4,8,4,3,0.268456375,sa739560
2016,Samir Duenez,KCR,A+,20,56,213,235,64,42,13,2,7,30,42,19,2,34,2,0,1,1,10,2,0.300469483,sa739574
2017,Wendell Rijo,MIL,A+,21,36,114,137,29,19,7,0,3,12,17,13,0,20,7,1,2,4,4,2,0.254385964,sa739597
2015,Wendell Rijo,BOS,A+,19,108,404,455,105,70,27,2,6,47,47,34,1,94,6,4,7,7,15,7,0.25990099,sa739597
2016,Wendell Rijo,BOS,A+,20,11,37,46,10,8,2,0,0,9,3,6,0,11,0,1,2,1,2,0,0.27027027,sa739597
2017,Jairo Beras,TEX,A+,22,43,141,151,32,19,9,0,4,15,20,9,0,52,1,0,0,2,1,1,0.226950354,sa740444
2017,Robert Garcia,CHC,A+,23,108,339,378,84,73,6,3,2,42,31,26,1,100,5,4,4,1,16,12,0.24778761,sa742871
2016,Erison Mendez,ATL,A+,24,69,198,218,50,37,12,0,1,24,9,1,0,38,11,0,8,5,3,4,0.252525252,sa743080
2019,Offerman Collado,KCR,A+,23,12,30,33,7,6,1,0,0,3,1,2,0,4,1,0,0,2,0,0,0.233333333,sa745014
2014,Michael De Leon,TEX,A+,17,7,24,28,7,3,3,0,1,5,6,3,0,4,0,0,1,1,0,0,0.291666666,sa823925
2018,Luis Ayala,CHC,A+,22,71,207,234,38,33,4,1,0,17,12,25,0,54,1,0,1,4,7,5,0.183574879,sa826649
2018,Wladimir Galindo,CHC,A+,21,114,403,440,87,60,21,0,6,40,35,31,0,124,3,1,0,14,0,2,0.215880893,sa826652
2019,Wladimir Galindo,CHC,A+,22,51,169,184,38,29,7,0,2,14,13,14,0,51,1,0,0,0,2,2,0.224852071,sa826652
2016,David Armendariz,CLE,A+,24,31,103,111,26,13,8,1,4,18,13,5,0,24,2,1,0,0,0,1,0.252427184,sa827133
2016,Austin Bailey,KCR,A+,23,106,363,398,93,73,14,4,2,41,31,28,1,65,3,4,0,8,3,4,0.256198347,sa827134
2016,Mitchell Gunsolus,BOS,A+,23,7,23,30,1,0,1,0,0,1,2,6,1,5,0,0,1,0,1,0,0.04347826,sa827150
2017,Jake Fincher,CHW,A+,24,44,121,131,26,16,8,0,2,15,9,6,0,29,2,0,2,0,3,5,0.214876033,sa827166
2016,Ben Moore,BOS,A+,23,48,154,170,34,25,7,0,2,12,17,7,0,30,5,2,2,4,2,3,0.22077922,sa827201
2017,Tyler Spoon,BOS,A+,24,41,144,162,29,21,5,1,2,12,17,15,0,33,1,1,1,5,2,0,0.201388888,sa827327
2015,Jordan Betts,BOS,A+,23,113,387,427,82,56,21,1,4,40,33,33,0,121,4,3,0,10,5,1,0.211886304,sa827329
2016,Jordan Betts,BOS,A+,24,77,270,303,65,36,24,1,4,31,42,28,1,67,0,3,2,8,1,1,0.24074074,sa827329
2017,Franklin Rollin,TEX,A+,21,9,36,39,5,3,2,0,0,4,1,3,0,7,0,0,0,1,1,0,0.138888888,sa827951
2018,Franklin Rollin,TEX,A+,22,58,189,216,42,31,6,1,4,23,13,20,0,34,3,3,1,4,4,3,0.222222222,sa827951
2019,Franklin Rollin,TEX,A+,23,23,68,73,12,11,0,1,0,3,4,3,0,16,0,1,1,1,1,5,0.176470588,sa827951
2018,Melvin Novoa,TEX,A+,22,64,223,236,41,31,6,0,4,15,15,7,0,56,2,2,2,8,1,0,0.183856502,sa827953
2019,Melvin Novoa,TEX,A+,23,17,63,67,9,7,2,0,0,3,7,2,0,11,2,0,0,0,0,0,0.142857142,sa827953
2018,Joantgel Segovia,MIL,A+,21,62,228,261,53,45,5,2,1,20,10,24,1,42,2,2,5,10,2,1,0.23245614,sa827979
2019,Joantgel Segovia,MIL,A+,22,43,169,194,51,37,9,0,5,28,22,22,2,35,2,0,0,0,8,2,0.301775147,sa827979
2018,Oliver Nunez,KCR,A+,23,45,125,141,25,20,3,0,2,15,14,11,0,30,2,1,2,1,4,4,0.2,sa828147
2017,Yeison Melo,KCR,A+,21,12,37,39,3,1,2,0,0,2,0,2,0,9,0,0,0,1,0,0,0.081081081,sa828150
2017,Jose Medina,CLE,A+,22,10,31,35,9,5,4,0,0,3,9,3,0,9,0,1,0,0,0,1,0.29032258,sa828205
2018,Jose Medina,CLE,A+,23,30,100,113,25,17,5,1,2,9,7,13,0,20,0,0,0,1,1,3,0.25,sa828205
2019,Jason Rodriguez,CLE,A+,24,23,72,77,21,14,7,0,0,4,6,3,0,24,1,0,1,1,0,0,0.291666666,sa828209
2019,Gabriel Mejia,CLE,A+,23,14,48,54,12,12,0,0,0,6,3,5,0,17,0,0,1,1,2,2,0.25,sa828213
2019,Jean Carrillo,BAL,A+,22,64,210,238,43,38,5,0,0,18,19,23,0,68,3,1,1,8,1,0,0.204761904,sa828250
2017,Yeyson Yrizarri,TEX,A+,20,8,29,34,6,2,2,0,2,5,7,1,0,8,2,2,0,2,0,0,0.206896551,sa828293
2017,Yeyson Yrizarri,CHW,A+,20,31,112,117,33,31,1,0,1,12,11,2,0,21,0,1,2,2,1,4,0.294642857,sa828293
2018,Yeyson Yrizarri,CHW,A+,21,101,372,404,92,63,21,2,6,44,46,18,0,75,9,3,2,8,16,7,0.247311827,sa828293
2019,Yeyson Yrizarri,CHW,A+,22,107,358,382,78,57,17,1,3,33,36,17,0,90,5,1,1,9,5,1,0.217877094,sa828293
2017,Osvaldo Duarte,HOU,A+,21,28,100,108,19,14,3,2,0,7,8,7,0,38,1,0,0,1,3,4,0.19,sa828299
2018,Osvaldo Duarte,HOU,A+,22,132,486,535,134,96,22,9,7,68,52,44,1,120,2,3,0,5,21,19,0.275720164,sa828299
2018,Carlos Tovar,BOS,A+,22,38,99,108,22,20,1,1,0,11,4,6,0,24,2,0,1,5,0,0,0.222222222,sa828311
2018,Roldani Baldwin,BOS,A+,22,53,202,220,47,33,7,0,7,21,27,10,0,44,5,3,0,5,2,0,0.232673267,sa828313
2019,Samuel Miranda,BOS,A+,21,8,24,24,5,2,1,1,1,2,3,0,0,10,0,0,0,0,0,0,0.208333333,sa828316
2017,Telmito Agustin,WSN,A+,20,33,102,114,21,16,4,0,1,12,14,6,0,27,1,0,5,3,3,2,0.205882352,sa828321
2018,Telmito Agustin,WSN,A+,21,63,205,233,62,44,10,3,5,31,30,20,1,43,3,3,2,5,7,3,0.302439024,sa828321
2019,Telmito Agustin,WSN,A+,22,112,394,432,93,62,19,3,9,39,42,30,0,107,1,4,3,15,9,6,0.236040609,sa828321
2021,Telmito Agustin,WSN,A,24,11,41,47,9,7,2,0,0,5,3,5,0,12,1,0,0,1,4,0,0.219512195,sa828321
2019,Anderson Franco,WSN,A+,21,53,174,201,38,30,8,0,0,17,16,24,0,41,0,2,1,3,1,0,0.218390804,sa828322
2018,Carlos Canelon,HOU,A+,23,72,226,264,47,37,7,0,3,23,23,28,0,62,3,5,2,5,1,2,0.207964601,sa828522
2016,Braxton Davidson,ATL,A+,20,128,428,516,96,60,24,2,10,53,63,71,3,184,10,5,2,7,4,4,0.224299065,sa828679
2017,Chase Vallot,KCR,A+,20,89,281,355,65,31,22,0,12,34,37,64,0,127,6,4,0,4,0,0,0.231316725,sa828684
2018,Chase Vallot,KCR,A+,21,47,148,185,16,5,4,0,7,19,24,31,0,80,5,1,0,0,0,0,0.108108108,sa828684
2017,Jake Gatewood,MIL,A+,21,111,420,470,113,65,36,1,11,66,53,43,2,132,4,3,0,4,7,5,0.269047619,sa828685
2017,Ti'Quan Forbes,TEX,A+,20,51,185,201,42,33,6,0,3,20,11,13,0,54,1,1,1,5,2,4,0.227027027,sa828696
2018,Ti'Quan Forbes,CHW,A+,21,119,432,462,118,85,21,6,6,59,51,21,0,74,5,2,2,16,4,9,0.273148148,sa828696
2017,Josh Morgan,TEX,A+,21,106,408,445,110,80,21,3,6,56,45,26,0,54,5,4,2,14,3,0,0.269607843,sa828797
2019,Jose Vicente,CLE,A+,23,27,91,96,19,12,4,0,3,9,8,4,0,15,1,0,0,1,0,0,0.208791208,sa828860
2017,D.J. Burt,KCR,A+,21,103,365,445,83,59,19,5,0,52,29,64,1,101,5,4,7,9,32,13,0.22739726,sa828876
2018,D.J. Burt,KCR,A+,22,111,410,486,115,91,14,7,3,72,46,59,1,98,0,5,12,8,32,10,0.280487804,sa828876
2015,Logan Moon,KCR,A+,23,121,386,429,98,82,12,4,0,39,28,35,0,93,0,3,5,12,12,7,0.25388601,sa829029
2015,Keith Curcio,ATL,A+,22,101,382,427,92,69,14,5,4,43,38,29,2,61,4,4,6,1,20,10,0.240837696,sa829045
2016,Keith Curcio,ATL,A+,23,124,458,534,124,84,29,8,3,67,54,54,3,64,7,7,4,5,24,6,0.270742358,sa829045
2016,Danny Mars,BOS,A+,22,108,409,455,120,90,18,10,2,60,54,36,2,84,4,4,2,3,31,13,0.293398533,sa829046
2018,Kevonte Mitchell,CHC,A+,22,80,262,298,57,39,13,1,4,23,24,27,0,78,3,5,1,3,4,4,0.217557251,sa829059
2019,Kevonte Mitchell,CHC,A+,23,104,342,393,72,44,14,0,14,38,49,41,1,104,7,3,0,8,7,9,0.210526315,sa829059
2015,Chesny Young,CHC,A+,22,102,402,452,129,107,18,3,1,65,30,45,2,44,4,1,0,12,12,5,0.320895522,sa829085
2014,Jake Peter,CHW,A+,21,23,89,94,21,16,4,1,0,8,5,4,0,13,1,0,0,1,1,0,0.235955056,sa829115
2015,Jake Peter,CHW,A+,22,130,497,562,129,96,25,5,3,76,57,53,1,89,2,6,4,6,23,3,0.259557344,sa829115
2016,Matthew Page,WSN,A+,24,30,104,115,24,21,1,1,1,14,14,8,1,28,1,1,1,3,0,0,0.23076923,sa829167
2018,Alexis Pantoja,CLE,A+,22,76,259,281,53,44,8,1,0,24,21,13,0,46,1,3,5,8,7,3,0.204633204,sa829182
2016,Jordan Edgerton,ATL,A+,22,121,451,480,97,63,27,2,5,37,55,20,1,131,2,7,0,7,2,1,0.215077605,sa829189
2018,Blaine Prescott,TEX,A+,22,37,113,127,25,12,7,0,6,23,12,9,0,40,3,1,1,0,5,0,0.221238938,sa829215
2015,Alec Keller,WSN,A+,23,53,180,198,51,41,9,1,0,23,17,15,1,25,0,3,0,7,3,3,0.283333333,sa829219
2016,Alec Keller,WSN,A+,24,117,438,478,125,97,20,5,3,57,63,35,1,78,1,2,2,4,14,2,0.285388127,sa829219
2017,Jeremy Rivera,BOS,A+,22,84,325,358,80,56,22,0,2,28,24,15,1,66,3,2,13,7,3,4,0.246153846,sa829240
2016,Ryan Leonards,CHW,A+,24,28,87,106,20,16,2,1,1,13,7,13,0,15,6,0,0,2,1,0,0.229885057,sa829252
2019,Tate Blackman,CHW,A+,24,87,275,328,53,38,11,0,4,35,28,39,0,108,6,5,3,7,1,1,0.192727272,sa829257
2018,Gianpaul Gonzalez,CLE,A+,22,6,23,26,5,3,2,0,0,3,1,2,0,9,1,0,0,0,0,0,0.217391304,sa829276
2019,Ruben Castro,HOU,A+,22,25,67,82,17,14,1,0,2,10,7,13,0,24,1,0,1,2,2,0,0.253731343,sa829293
2015,Bobby Ison,CLE,A+,21,14,50,54,12,9,2,1,0,3,4,1,0,5,0,1,2,0,1,1,0.24,sa829295
2016,Bobby Ison,CLE,A+,22,6,20,21,5,2,3,0,0,3,4,0,0,4,0,0,1,0,0,0,0.25,sa829295
2018,Alejandro Juvier,BAL,A+,22,74,219,239,48,41,6,0,1,26,14,15,0,56,4,0,1,9,0,2,0.219178082,sa829317
2017,Jonathan Oquendo,MIL,A+,21,11,29,32,4,4,0,0,0,3,2,3,0,12,0,0,0,0,0,0,0.137931034,sa829319
2016,Corey Toups,KCR,A+,23,41,155,179,39,22,10,5,2,21,11,22,0,35,2,0,0,1,6,1,0.251612903,sa829321
2016,Joseph Daris,ATL,A+,24,74,239,266,54,37,13,2,2,29,17,22,0,67,3,1,1,2,5,5,0.225941422,sa829344
2015,Jordan Procyshen,BOS,A+,22,38,129,151,27,22,5,0,0,9,11,18,0,22,1,1,2,6,1,2,0.209302325,sa829345
2016,Jordan Procyshen,BOS,A+,23,60,221,244,55,35,16,0,4,29,29,14,1,56,4,3,2,4,3,0,0.248868778,sa829345
2017,Trenton Kemp,BOS,A+,21,33,117,130,37,22,10,3,2,22,15,11,0,34,0,2,0,0,4,1,0.316239316,sa829348
2018,Trenton Kemp,BOS,A+,22,59,183,205,37,17,9,2,9,24,25,21,0,68,1,0,0,3,2,2,0.202185792,sa829348
2018,Rudy Martin Jr.,KCR,A+,22,75,259,314,60,39,13,4,4,42,37,39,0,93,6,0,10,3,29,6,0.231660231,sa829374
2019,Rudy Martin Jr.,KCR,A+,23,62,183,210,30,25,3,1,1,19,7,19,0,68,3,0,5,1,16,5,0.163934426,sa829374
2017,Josh Ockimey,BOS,A+,21,100,349,425,96,63,20,2,11,56,63,66,9,110,3,7,0,11,1,4,0.275071633,sa829375
2019,K.J. Harrison,WSN,A+,22,101,357,413,87,54,21,1,11,49,47,51,0,98,4,1,0,6,2,1,0.243697478,sa829382
2015,Tanner Krietemeier,ATL,A+,23,29,97,105,23,16,7,0,0,6,5,6,0,17,2,0,0,0,0,1,0.237113402,sa829422
2015,Derek Miller,BOS,A+,22,14,43,54,8,7,1,0,0,10,2,10,0,12,1,0,0,2,2,0,0.186046511,sa829424
2017,Derek Miller,BOS,A+,24,8,22,29,2,1,1,0,0,5,1,6,0,8,1,0,0,1,1,0,0.09090909,sa829424
2016,Mike Hill,KCR,A+,24,30,108,121,26,14,8,0,4,11,11,10,0,39,2,0,1,0,2,0,0.24074074,sa829474
2016,Daniel Salters,CLE,A+,23,48,167,192,47,36,7,0,4,22,17,20,0,35,2,1,2,4,1,0,0.281437125,sa829475
2017,Daniel Salters,CLE,A+,24,90,314,349,62,43,13,1,5,36,30,24,0,86,4,4,3,8,0,0,0.197452229,sa829475
2018,Tyler Hill,BOS,A+,22,124,426,498,108,86,20,1,1,67,38,54,0,60,10,4,4,10,27,10,0.253521126,sa829481
2019,Tyler Hill,KCR,A+,23,21,72,84,29,23,4,1,1,14,9,7,1,5,1,2,0,1,2,4,0.402777777,sa829481
2015,Sean Godfrey,ATL,A+,23,62,240,253,73,55,12,1,5,37,22,8,0,41,2,1,2,6,10,6,0.304166666,sa829487
2016,Sean Godfrey,ATL,A+,24,14,52,56,14,9,3,1,1,5,7,2,0,11,0,0,2,1,1,0,0.269230769,sa829487
2014,Sean Godfrey,ATL,A+,22,11,42,47,14,9,4,1,0,3,6,1,0,9,3,0,1,0,4,2,0.333333333,sa829487
2016,Daniel Spingola,CHC,A+,23,49,156,185,36,23,12,0,1,20,17,20,1,35,3,4,2,0,4,1,0.23076923,sa829496
2017,Daniel Spingola,CHC,A+,24,64,221,253,63,40,15,6,2,27,27,27,2,66,3,2,0,6,5,0,0.285067873,sa829496
2017,Jodd Carter,CLE,A+,20,115,385,443,92,60,18,3,11,51,46,47,3,125,4,2,5,5,9,5,0.238961038,sa829534
2018,Jodd Carter,CLE,A+,21,103,365,423,89,56,20,3,10,54,52,47,0,96,4,3,4,3,11,6,0.243835616,sa829534
2019,Jodd Carter,CLE,A+,22,103,342,403,83,53,18,1,11,48,33,52,0,96,4,2,3,2,9,5,0.242690058,sa829534
2017,Dexture McCall,HOU,A+,23,54,186,223,43,29,9,1,4,20,22,35,0,57,1,1,0,5,2,2,0.231182795,sa829535
2015,Sal Giardina,ATL,A+,23,42,146,158,27,22,5,0,0,8,7,5,0,40,4,0,3,7,1,1,0.184931506,sa829575
2016,Sal Giardina,ATL,A+,24,67,228,248,56,42,9,2,3,20,19,9,1,56,10,1,0,9,1,1,0.245614035,sa829575
2016,Joshua Banuelos,KCR,A+,24,26,79,98,14,10,3,0,1,12,4,16,0,12,3,0,0,3,0,1,0.177215189,sa829579
2016,Andrew Ely,CHC,A+,23,60,211,244,50,42,7,0,1,19,16,23,0,55,3,3,4,4,2,3,0.236966824,sa829591
2017,Louis Silverio,CHW,A+,23,89,321,340,86,58,22,2,4,30,46,11,0,73,3,2,3,6,0,5,0.267912772,sa829617
2019,Mike Rivera,CLE,A+,23,62,199,229,40,23,13,1,3,22,23,20,0,44,6,2,2,8,1,1,0.201005025,sa829667
2015,Michael Danner,CHW,A+,23,21,69,75,22,18,4,0,0,6,7,6,0,13,0,0,0,1,1,0,0.318840579,sa829678
2016,Michael Danner,CHW,A+,24,9,36,40,6,5,1,0,0,4,2,4,0,14,0,0,0,0,0,0,0.166666666,sa829678
2015,Tad Gold,BAL,A+,24,47,134,149,34,29,4,0,1,12,10,13,0,28,1,0,1,2,3,4,0.253731343,sa829683
2019,Evan Skoug,CHW,A+,23,44,133,154,22,9,7,1,5,15,21,21,0,52,0,0,0,0,1,0,0.165413533,sa829713
2019,Kirvin Moesquit,BAL,A+,24,53,177,198,42,28,11,3,0,19,11,17,0,52,1,2,1,0,11,5,0.237288135,sa829715
2018,Nathan Rodriguez,MIL,A+,22,36,104,122,21,16,3,0,2,11,9,16,1,17,2,0,0,1,1,0,0.201923076,sa829785
2019,Nathan Rodriguez,MIL,A+,23,11,35,40,2,1,1,0,0,2,1,4,0,8,1,0,0,1,0,0,0.057142857,sa829785
2018,Travis Jones,KCR,A+,22,67,205,258,61,54,4,1,2,31,18,29,0,54,22,0,2,3,17,5,0.297560975,sa829805
2016,Cody Jones,KCR,A+,23,78,287,351,62,51,10,1,0,36,12,57,0,71,4,1,2,1,22,5,0.216027874,sa829826
2017,Cody Jones,KCR,A+,24,52,157,187,37,28,4,2,3,26,10,22,1,34,3,2,3,1,7,2,0.235668789,sa829826
2019,Scott Manea,HOU,A+,23,102,328,389,77,51,14,0,12,41,49,36,1,83,22,3,0,6,1,4,0.234756097,sa829837
2015,T.J. Olesczuk,BAL,A+,23,7,19,21,3,2,1,0,0,3,0,1,0,5,1,0,0,2,0,0,0.157894736,sa829847
2016,T.J. Olesczuk,BAL,A+,24,37,100,109,21,17,3,0,1,6,4,6,0,25,2,0,1,3,1,4,0.21,sa829847
2018,Andretty Cordero,TEX,A+,21,119,450,472,118,79,27,2,10,39,57,18,0,88,4,0,0,16,1,1,0.262222222,sa830037
2019,Marten Gasparini,KCR,A+,22,16,49,50,6,5,0,1,0,5,0,1,0,26,0,0,0,0,0,0,0.122448979,sa830181
2016,Jomar Reyes,BAL,A+,19,126,464,498,106,78,16,2,10,53,51,25,0,102,4,5,0,13,3,0,0.228448275,sa830204
2017,Jomar Reyes,BAL,A+,20,50,182,193,55,40,10,1,4,28,21,8,2,31,1,1,1,8,1,0,0.302197802,sa830204
2018,Jomar Reyes,BAL,A+,21,116,431,464,113,78,27,0,8,42,48,26,1,84,4,3,0,15,0,1,0.262180974,sa830204
2019,Jomar Reyes,BAL,A+,22,100,389,410,110,78,24,0,8,35,47,11,0,73,10,0,0,17,1,1,0.282776349,sa830204
2019,Yeltsin Gudino,BAL,A+,22,76,250,276,64,55,8,0,1,27,23,22,0,40,2,1,1,4,1,0,0.256,sa830208
2018,Kungkuan Giljegiljaw,CLE,A+,24,81,295,336,82,53,20,1,8,33,45,32,0,68,4,5,0,9,1,0,0.277966101,sa830277
2018,Micker Adolfo,CHW,A+,21,79,291,336,82,52,18,1,11,48,50,34,0,92,8,3,0,3,2,1,0.281786941,sa830303
2019,Eric Gonzalez,CHC,A+,22,10,25,26,5,4,1,0,0,1,1,1,0,3,0,0,0,0,1,0,0.2,sa831146
2018,Orlando Marquez,HOU,A+,22,10,36,39,4,2,1,0,1,2,4,2,0,10,0,1,0,0,2,0,0.111111111,sa831745
2015,Derek Peterson,BAL,A+,24,15,53,55,12,10,1,1,0,6,9,2,0,13,0,0,0,3,0,0,0.226415094,sa832558
2015,Ramon Ramirez,BAL,A+,23,7,21,23,3,3,0,0,0,5,2,1,0,6,0,0,1,0,0,0,0.142857142,sa832924
2019,Julio Garcia,MIL,A+,21,53,154,166,22,17,5,0,0,12,7,6,0,58,3,1,2,6,0,2,0.142857142,sa837670
2016,Stephen Gaylor,ATL,A+,24,59,191,220,46,41,4,1,0,29,9,24,0,38,2,1,2,2,14,5,0.240837696,sa842226
2017,Gavin Collins,CLE,A+,21,40,142,162,39,19,16,0,4,18,35,13,0,45,3,4,0,1,1,1,0.274647887,sa857219
2018,Gavin Collins,CLE,A+,22,62,228,252,53,27,20,1,5,28,36,14,1,46,6,1,3,4,1,2,0.23245614,sa857219
2019,Gavin Collins,CLE,A+,23,100,347,389,91,61,21,2,7,39,61,30,0,52,5,6,1,12,1,2,0.262247838,sa857219
2017,Travis Maezes,KCR,A+,23,77,227,260,46,30,9,1,6,28,28,28,0,80,2,3,0,6,3,1,0.202643171,sa857704
2018,Nick Sciortino,BOS,A+,22,42,117,143,23,18,5,0,0,12,5,20,0,49,1,2,3,3,1,2,0.196581196,sa857749
2019,Nick Sciortino,BOS,A+,23,56,166,193,27,20,4,1,2,13,13,20,0,73,4,2,1,10,0,2,0.162650602,sa857749
2017,Kyri Washington,BOS,A+,22,18,60,66,15,11,3,0,1,5,8,4,0,24,1,0,1,1,1,1,0.25,sa857813
2018,Kyri Washington,BOS,A+,23,25,83,97,21,11,6,0,4,10,10,10,0,35,4,0,0,2,1,2,0.253012048,sa857813
2018,Preston Palmeiro,BAL,A+,23,131,494,543,125,87,19,2,17,62,64,39,1,105,4,4,2,13,0,1,0.253036437,sa857823
2016,Anderson Miller,KCR,A+,22,38,144,160,29,15,8,3,3,18,16,12,0,50,1,1,2,0,5,0,0.201388888,sa857824
2017,Anderson Miller,KCR,A+,23,70,269,307,78,56,11,4,7,37,37,36,3,60,2,0,0,3,15,2,0.289962825,sa857824
2016,Connor Marabell,CLE,A+,22,35,128,134,34,19,13,1,1,11,19,4,0,17,0,2,0,4,1,1,0.265625,sa858026
2017,Connor Marabell,CLE,A+,23,97,362,399,86,64,15,1,6,43,45,31,0,57,1,3,2,8,8,5,0.23756906,sa858026
2017,Anthony Hermelyn,HOU,A+,23,74,264,303,64,46,15,0,3,23,32,38,0,55,0,1,0,8,0,2,0.242424242,sa858027
2016,Donnie Dewees,CHC,A+,22,35,149,167,43,29,10,2,2,25,19,10,0,36,3,3,2,1,14,0,0.288590604,sa858802
2019,Wilbis Santiago,CLE,A+,23,67,239,253,74,54,15,4,1,22,20,6,0,21,6,2,0,3,1,3,0.30962343,sa862819
2019,Jhonny Bethencourt,CHC,A+,22,51,157,182,31,25,6,0,0,15,14,19,1,40,0,3,3,11,7,8,0.197452229,sa871485
2019,Irving Ortega,BAL,A+,22,6,20,21,5,4,1,0,0,1,0,1,0,4,0,0,0,1,1,0,0.25,sa872446
2019,Marino Campana,BOS,A+,21,11,36,40,5,3,1,0,1,4,4,4,0,19,0,0,0,0,0,1,0.138888888,sa872486
2018,Yeiler Peguero,CHC,A+,20,60,167,177,35,32,3,0,0,12,9,7,0,45,0,1,2,1,1,1,0.209580838,sa872515
2019,Yeiler Peguero,CHC,A+,21,41,112,125,20,15,3,2,0,8,5,7,0,33,0,0,6,3,6,3,0.178571428,sa872515
2019,Miguelangel Sierra,HOU,A+,21,112,369,413,75,51,10,1,13,45,46,37,1,146,4,3,0,9,3,3,0.203252032,sa872750
2019,Omar Meregildo,WSN,A+,21,60,184,212,42,25,11,1,5,26,23,24,0,59,3,0,1,4,0,1,0.228260869,sa872765
2021,Cristopher Cespedes,BAL,A,23,70,259,287,60,33,15,0,12,40,51,24,1,73,2,1,0,11,5,2,0.231660231,sa872783
2022,Cristopher Cespedes,BAL,A,24,5,18,22,6,6,0,0,0,6,1,4,0,7,0,0,0,0,0,1,0.333333333,sa872783
2019,Jose Marquez,KCR,A+,21,6,22,24,6,6,0,0,0,0,2,0,0,7,0,1,1,1,0,0,0.272727272,sa873155
2021,Jose Marquez,KCR,A,23,19,61,69,10,7,1,0,2,7,6,5,0,23,2,0,1,0,3,2,0.163934426,sa873155
2021,Raymond Pena,CHC,A,24,14,32,32,3,2,1,0,0,0,1,0,0,19,0,0,0,2,0,0,0.09375,sa873196
2018,T.J. Nichting,BAL,A+,23,97,356,373,90,60,26,0,4,41,32,13,0,56,1,3,0,7,4,7,0.252808988,sa873681
2018,Cole Billingsley,BAL,A+,24,121,432,497,90,61,22,3,4,53,43,53,0,79,3,3,6,7,16,4,0.208333333,sa873699
2018,Nick Banks,WSN,A+,23,64,232,253,61,44,11,2,4,27,30,14,0,52,3,3,1,5,1,0,0.262931034,sa873982
2019,Nick Banks,WSN,A+,24,69,280,304,76,46,21,0,9,41,35,19,0,54,4,0,1,6,2,2,0.271428571,sa873982
2018,C.J. Chatham,BOS,A+,23,95,362,392,114,96,14,1,3,42,43,21,1,72,4,5,0,11,10,4,0.314917127,sa873984
2017,Kort Peterson,KCR,A+,23,11,39,41,13,7,3,2,1,7,1,2,0,8,0,0,0,1,0,0,0.333333333,sa874104
2018,Kort Peterson,KCR,A+,24,62,219,246,64,37,17,2,8,34,33,17,0,59,8,0,2,1,5,1,0.292237442,sa874104
2017,Sam Dexter,CHW,A+,23,25,67,76,18,15,1,0,2,5,7,6,0,17,2,1,0,1,1,1,0.268656716,sa874136
2017,Mitch Longo,CLE,A+,22,5,16,20,9,7,2,0,0,8,3,4,0,2,0,0,0,0,2,0,0.5625,sa874178
2018,Mitch Longo,CLE,A+,23,119,461,512,127,86,28,5,8,73,52,41,0,97,4,4,2,3,18,8,0.275488069,sa874178
2017,Ryne Birk,HOU,A+,22,81,314,355,86,58,15,5,8,47,47,29,2,62,5,5,1,7,5,4,0.27388535,sa874211
2018,Eric Jenkins,TEX,A+,21,85,274,301,61,50,6,4,1,36,14,21,1,79,2,1,3,1,19,5,0.222627737,sa874775
2019,Eric Jenkins,TEX,A+,22,87,255,295,45,32,4,5,4,30,17,30,0,95,3,1,6,2,21,7,0.176470588,sa874775
2018,D.J. Wilson,CHC,A+,21,64,237,272,52,40,9,2,1,27,13,32,1,71,1,0,2,2,10,6,0.219409282,sa875023
2019,D.J. Wilson,CHC,A+,22,46,140,169,20,12,3,1,4,18,15,25,1,56,2,1,1,0,9,5,0.142857142,sa875023
2018,Demi Orimoloye,MIL,A+,21,65,253,280,60,41,11,1,7,30,32,19,0,76,6,2,0,5,7,5,0.23715415,sa875027
2018,Jagger Rusconi,BOS,A+,21,24,78,85,17,10,7,0,0,7,13,6,0,28,0,0,1,1,3,1,0.217948717,sa875030
2019,Jagger Rusconi,BOS,A+,22,107,377,407,74,53,16,2,3,47,29,20,0,112,4,2,4,8,6,5,0.196286472,sa875030
2021,Jagger Rusconi,CHW,A,24,5,17,20,4,3,1,0,0,2,1,2,0,6,1,0,0,0,0,0,0.235294117,sa875030
2016,Kade Scivicque,ATL,A+,23,8,28,31,5,5,0,0,0,1,1,3,0,5,0,0,0,2,0,0,0.178571428,sa875053
2016,Roman Collins,KCR,A+,22,21,72,78,16,13,3,0,0,6,5,5,0,10,0,1,0,0,2,0,0.222222222,sa875081
2017,Roman Collins,KCR,A+,23,131,480,530,109,72,24,5,8,48,53,44,2,117,2,4,0,5,4,2,0.227083333,sa875081
2018,Gabriel Cancel,KCR,A+,21,120,455,507,118,78,31,1,8,54,73,35,2,91,7,9,1,9,7,4,0.259340659,sa875231
2019,Sean Miller,BAL,A+,24,96,333,359,90,74,12,4,0,25,22,15,0,68,1,4,6,10,0,1,0.27027027,sa875243
2017,Justin Pacchioli,BOS,A+,24,5,15,21,0,0,0,0,0,1,0,4,0,2,2,0,0,1,1,0,0,sa875252
2018,Luke Wakamatsu,CLE,A+,21,55,193,225,38,27,9,1,1,30,16,29,0,65,1,1,1,2,1,3,0.196891191,sa875259
2019,Luke Wakamatsu,CLE,A+,22,98,314,347,47,23,16,2,6,31,26,28,0,123,0,0,5,2,7,0,0.149681528,sa875259
2017,Josh Altmann,TEX,A+,22,118,397,450,97,64,22,1,10,51,38,42,0,88,8,0,3,4,14,5,0.244332493,sa875314
2018,Josh Altmann,TEX,A+,23,109,356,414,79,42,16,1,20,49,62,45,1,90,13,0,0,13,6,0,0.221910112,sa875314
2019,Josh Altmann,TEX,A+,24,53,149,194,29,21,5,0,3,17,14,35,0,40,7,2,1,3,8,3,0.194630872,sa875314
2019,Garrett Benge,BOS,A+,23,94,336,383,85,61,16,2,6,40,35,42,0,106,1,3,1,6,6,4,0.25297619,sa875340
2016,Colton Frabasilio,KCR,A+,23,10,36,39,6,2,3,1,0,3,3,3,0,8,0,0,0,2,0,0,0.166666666,sa875382
2017,Colton Frabasilio,KCR,A+,24,40,105,126,21,17,3,0,1,9,12,19,0,27,1,1,0,5,0,0,0.2,sa875382
2017,Jonathan McCray,KCR,A+,22,35,102,112,19,11,6,0,2,10,8,7,0,23,1,2,0,3,0,0,0.186274509,sa875408
2017,LeDarious Clark,TEX,A+,23,119,404,464,92,52,24,3,13,55,48,52,1,143,3,2,3,11,20,8,0.227722772,sa875568
2018,LeDarious Clark,TEX,A+,24,62,216,268,49,30,8,2,9,37,21,43,1,74,6,2,1,5,20,4,0.226851851,sa875568
2017,Pat Porter,HOU,A+,24,53,190,217,43,31,9,0,3,20,12,22,1,51,3,1,1,3,3,5,0.226315789,sa875624
2017,Max McDowell,MIL,A+,23,79,257,306,54,37,12,1,4,33,33,31,1,52,12,5,1,8,6,4,0.210116731,sa875626
2018,Max McDowell,MIL,A+,24,47,153,176,34,25,6,1,2,16,12,14,0,36,5,1,3,2,2,1,0.222222222,sa875626
2018,Jerry Downs,BOS,A+,24,116,407,471,95,63,15,2,15,50,52,34,1,92,26,3,1,10,3,4,0.233415233,sa875630
2017,Ian Sagdal,WSN,A+,24,123,473,516,122,79,29,4,10,51,69,33,1,116,3,6,1,8,7,1,0.257928118,sa875695
2017,Tyler Sanchez,TEX,A+,24,23,75,90,14,9,3,0,2,5,11,10,1,18,4,0,1,0,0,0,0.186666666,sa875721
2017,Drew Turbin,BAL,A+,24,80,216,249,41,31,5,1,4,24,18,21,0,59,9,0,3,5,1,0,0.189814814,sa875724
2017,Chad De La Guerra,BOS,A+,24,58,218,250,64,40,16,3,5,47,36,25,0,40,2,2,3,6,5,2,0.293577981,sa875729
2017,Anthony Miller,CLE,A+,22,61,194,214,47,29,15,0,3,17,28,18,0,83,1,1,0,3,0,0,0.242268041,sa875767
2018,Anthony Miller,CLE,A+,23,76,250,293,66,41,16,1,8,38,30,32,0,101,8,2,1,2,0,1,0.264,sa875767
2016,Grant Massey,CHW,A+,23,6,19,21,3,3,0,0,0,1,2,1,0,5,0,0,1,0,0,0,0.157894736,sa875816
2017,Steve Laurino,BAL,A+,24,49,153,170,29,21,5,0,3,12,17,12,0,48,2,1,2,9,0,1,0.189542483,sa875830
2017,Stuart Levy,BAL,A+,24,39,122,142,30,17,11,0,2,14,19,15,0,27,3,0,2,0,2,2,0.245901639,sa875870
2019,Delvin Zinn,CHC,A+,22,53,198,222,48,38,10,0,0,27,13,12,2,40,5,4,3,1,16,5,0.242424242,sa875884
2017,Mitch Ghelfi,MIL,A+,24,17,56,61,17,11,5,1,0,5,5,5,0,11,0,0,0,0,2,2,0.303571428,sa875890
2018,Dillon Persinger,CLE,A+,22,99,342,396,87,62,19,1,5,44,33,35,0,100,11,4,4,11,2,6,0.254385964,sa876069
2019,Dillon Persinger,CLE,A+,23,21,80,88,13,10,2,0,1,9,7,6,0,34,1,1,0,0,0,1,0.1625,sa876069
2016,Brian Bien,KCR,A+,23,63,183,204,45,43,2,0,0,13,13,10,0,30,2,4,5,3,10,4,0.245901639,sa876071
2017,Tanner Stanley,KCR,A+,23,19,49,56,7,4,2,0,1,1,3,5,0,11,0,0,0,1,0,0,0.142857142,sa876268
2021,Ricardo Rodriguez,ATL,A,23,48,160,185,41,28,9,0,4,17,19,19,1,34,5,1,0,4,0,1,0.25625,sa877334
2019,Gilbert Lara,WSN,A+,21,52,185,193,43,28,10,1,4,20,19,3,0,52,1,2,2,5,1,0,0.232432432,sa877337
2017,Carlos Sepulveda,CHC,A+,20,28,112,125,22,20,2,0,0,13,7,11,0,19,1,1,0,1,0,1,0.196428571,sa877338
2019,Carlos Sepulveda,CHC,A+,22,112,379,448,92,78,12,2,0,48,36,57,1,75,3,5,4,5,14,5,0.242744063,sa877338
2019,Ricky Aracena,KCR,A+,21,83,257,294,51,41,8,1,1,32,13,21,0,73,3,2,11,2,12,6,0.198443579,sa877365
2017,Christian Correa,HOU,A+,24,16,48,54,10,4,5,0,1,4,4,4,0,9,2,0,0,2,0,0,0.208333333,sa877549
2015,Tanner Witt,BAL,A+,24,49,147,173,36,26,7,2,1,15,11,20,0,24,2,0,4,4,3,3,0.244897959,sa878031
2017,Anibal Sierra,HOU,A+,23,104,357,402,70,51,10,3,6,39,31,26,1,118,10,3,6,5,2,4,0.196078431,sa908626
2018,Anibal Sierra,HOU,A+,24,35,106,124,26,15,7,0,4,17,14,15,0,38,3,0,0,6,2,5,0.245283018,sa908626
2017,Jack Sundberg,WSN,A+,23,110,393,462,109,93,14,1,1,56,28,52,1,110,2,4,11,4,24,8,0.277353689,sa913277
2018,Jack Sundberg,WSN,A+,24,99,322,389,84,70,10,1,3,47,34,51,0,85,3,6,7,3,8,9,0.260869565,sa913277
2018,Logan Ice,CLE,A+,23,43,144,166,28,21,5,1,1,15,21,18,0,46,2,2,0,1,0,0,0.194444444,sa913305
2018,Dallas Carroll,MIL,A+,24,134,508,587,114,82,24,1,7,54,53,65,2,113,4,6,4,16,9,4,0.224409448,sa913370
2017,Eddy Martinez,CHC,A+,22,127,464,502,113,86,11,2,14,59,61,31,1,78,5,2,0,9,6,6,0.243534482,sa914203
2018,Devin Hairston,MIL,A+,22,58,215,234,42,32,8,1,1,21,10,17,0,80,0,0,2,8,0,2,0.195348837,sa915575
2019,Devin Hairston,MIL,A+,23,111,352,391,68,52,13,2,1,38,28,29,0,108,3,2,5,13,2,4,0.193181818,sa915575
2019,Willy Yahn,BAL,A+,23,56,216,227,64,46,13,0,5,22,35,5,0,30,2,3,1,6,1,5,0.296296296,sa915589
2018,Tyler Friis,CLE,A+,22,20,59,69,9,6,3,0,0,8,6,8,0,9,0,0,2,1,0,0,0.152542372,sa915593
2019,Tyler Friis,CLE,A+,23,37,133,157,30,19,9,1,1,11,17,23,1,26,0,1,0,4,5,4,0.225563909,sa915593
2018,Rob Henry,MIL,A+,23,48,124,161,25,16,6,1,2,15,15,31,0,40,3,1,2,2,6,1,0.201612903,sa915595
2019,Rob Henry,MIL,A+,24,99,325,390,74,52,14,2,6,36,46,53,0,122,12,0,0,10,12,5,0.227692307,sa915595
2019,Brett Cumberland,BAL,A+,24,15,44,56,12,5,6,0,1,7,3,7,0,9,5,0,0,1,0,0,0.272727272,sa915611
2019,Michael Gigliotti,KCR,A+,23,24,87,99,16,13,2,1,0,8,5,8,0,23,2,0,2,2,5,3,0.183908045,sa915700
2019,Zach Clark,MIL,A+,23,84,267,293,51,37,13,1,0,23,22,18,0,112,4,0,4,5,9,3,0.191011235,sa915718
2019,Cole Freeman,WSN,A+,24,123,453,534,141,108,27,3,3,82,48,53,1,60,11,3,14,8,31,6,0.311258278,sa915838
2018,Colton Shaver,HOU,A+,22,12,37,45,8,6,1,0,1,3,5,6,0,7,2,0,0,0,0,0,0.216216216,sa915847
2019,Colton Shaver,HOU,A+,23,58,211,244,57,28,23,0,6,25,33,29,0,56,3,1,0,3,0,1,0.27014218,sa915847
2019,Tyler Frost,CHW,A+,23,104,413,467,102,61,26,3,12,56,47,35,0,146,11,5,3,2,11,7,0.246973365,sa915857
2018,Matt Whatley,TEX,A+,22,45,143,162,25,16,5,2,2,11,13,12,0,48,4,2,1,1,1,1,0.174825174,sa915868
2021,Jose Bermudez,ATL,A,23,23,65,69,13,10,3,0,0,7,2,2,0,24,1,0,1,1,5,2,0.2,sa916720
2021,Harvin Mendoza,CHW,A,22,71,261,297,82,62,15,2,3,35,31,32,3,41,1,3,0,4,0,1,0.314176245,sa916997
2021,Rubendy Jaquez,KCR,A,22,57,180,201,36,26,8,2,0,28,10,17,0,41,2,2,0,3,13,3,0.2,sa917022
2022,Rubendy Jaquez,KCR,A,23,27,97,105,26,20,3,2,1,8,12,7,0,16,1,0,0,4,7,2,0.268041237,sa917022
2019,Cristian Perez,KCR,A+,20,117,389,424,98,86,11,1,0,37,42,20,0,48,3,5,7,13,5,10,0.25192802,sa917025
2019,Seuly Matias,KCR,A+,20,57,189,221,28,10,10,4,4,23,22,25,0,98,4,2,1,2,2,4,0.148148148,sa917039
2019,Pedro Castellanos,BOS,A+,21,117,446,486,123,89,23,2,9,61,71,22,0,71,11,7,0,11,10,7,0.275784753,sa917074
2022,Jose Sibrian,MIL,A,23,68,217,245,53,38,13,0,2,33,26,21,0,36,7,0,0,7,0,0,0.244239631,sa917196
2023,Jose Sibrian,MIL,A,24,61,212,244,59,34,16,0,9,28,51,18,0,41,10,3,0,11,0,0,0.278301886,sa917196
2021,Cristian Inoa,TEX,A,21,89,322,363,94,60,22,1,11,46,58,28,0,51,5,5,3,2,9,3,0.291925465,sa917277
2021,Yeuris Ramirez,HOU,A,22,43,152,174,39,27,7,2,3,24,28,16,0,54,6,0,0,3,18,5,0.256578947,sa917291
2022,Yeuris Ramirez,HOU,A,23,70,216,254,43,30,6,1,6,25,25,25,0,97,11,2,0,2,12,4,0.199074074,sa917291
2021,Ronaldo Urdaneta,HOU,A,22,52,179,208,41,29,6,1,5,33,19,24,0,60,3,2,0,0,23,2,0.229050279,sa917292
2018,Jose Gutierrez,CHC,A+,19,14,46,54,11,6,3,2,0,5,1,5,0,15,0,0,3,0,0,1,0.239130434,sa917301
2019,Jose Gutierrez,CHC,A+,20,26,68,74,12,11,1,0,0,8,4,1,0,18,0,1,4,0,1,0,0.176470588,sa917301
2021,Jonathan Sierra,CHC,A,22,77,273,313,68,51,13,1,3,34,43,34,1,61,4,1,1,10,1,1,0.249084249,sa917303
2018,Alfredo Angarita,HOU,A+,21,32,112,121,26,22,4,0,0,18,10,9,0,31,0,0,0,3,6,1,0.232142857,sa917326
2019,Alfredo Angarita,HOU,A+,22,28,82,102,13,10,3,0,0,11,5,16,0,22,2,1,1,0,2,0,0.158536585,sa917326
2018,Aramis Ademan,CHC,A+,19,114,396,452,81,64,11,3,3,49,38,38,1,95,9,1,8,12,9,5,0.204545454,sa917352
2019,Aramis Ademan,CHC,A+,20,112,362,422,80,57,10,8,5,40,39,47,2,92,5,1,7,3,16,9,0.220994475,sa917352
2019,Dennicher Carrasco,KCR,A+,23,120,411,451,101,61,29,2,9,47,58,34,2,127,1,4,1,10,7,4,0.245742092,sa917459
2021,Luis Leon,TBR,A,22,42,142,163,31,22,7,0,2,19,15,18,0,40,2,1,0,4,0,0,0.218309859,sa917463
2022,Luis Leon,TBR,A,23,39,134,155,37,26,6,1,4,19,23,17,0,29,1,3,0,7,0,0,0.276119402,sa917463
2021,Miguel Jerez,CLE,A,23,51,164,193,29,13,8,1,7,24,23,21,0,63,5,2,1,0,0,0,0.176829268,sa917754
2016,J.B. Moss,ATL,A+,23,25,77,89,15,11,4,0,0,8,7,8,0,18,0,2,2,0,0,0,0.194805194,sa918029
2018,Ryan Scott,BOS,A+,24,96,324,365,63,38,15,4,6,38,38,35,0,90,1,2,3,4,2,4,0.194444444,sa918042
2018,Michael Cruz,CHC,A+,22,12,39,42,5,3,1,0,1,3,3,1,0,9,1,1,0,0,0,0,0.128205128,sa918049
2018,Nate Nolan,CHW,A+,23,50,162,179,28,17,7,1,3,16,20,16,0,78,1,0,0,2,0,0,0.172839506,sa918101
2021,Alan Marrero,BOS,A,23,18,58,69,8,5,3,0,0,7,5,9,0,23,0,0,2,1,0,0,0.137931034,sa918102
2017,Chris DeVito,KCR,A+,22,103,387,414,93,60,21,2,10,38,53,23,2,91,3,1,0,11,0,0,0.240310077,sa918117
2018,Chris DeVito,KCR,A+,23,65,221,255,40,32,7,0,1,22,23,29,0,67,2,2,1,6,0,0,0.180995475,sa918117
2021,Hosea Nelson,CLE,A,24,18,67,73,13,8,5,0,0,6,5,5,0,20,0,0,1,1,2,1,0.19402985,sa918155
2019,Armond Upshaw,WSN,A+,23,36,103,130,20,17,1,2,0,18,5,19,0,38,5,0,3,1,9,5,0.194174757,sa918220
2018,Mitch Roman,CHW,A+,23,90,297,342,87,69,14,1,3,47,41,34,0,70,2,7,2,4,15,6,0.292929292,sa918259
2019,Mitch Roman,CHW,A+,24,69,268,294,72,59,11,1,1,29,21,21,0,75,2,1,2,9,9,7,0.268656716,sa918259
2017,Carmen Benedetti,HOU,A+,22,23,82,93,22,13,7,1,1,9,9,9,0,21,0,0,2,2,1,0,0.268292682,sa918269
2018,Alex Kowalczyk,TEX,A+,24,102,364,413,90,57,20,1,12,44,44,41,0,122,6,2,0,12,5,0,0.247252747,sa918272
2021,Mike Wilson,MIL,A,23,25,69,83,13,6,3,1,3,13,11,14,0,39,0,0,0,0,0,1,0.188405797,sa918332
2017,Spencer Johnson,HOU,A+,23,55,192,217,38,22,6,4,6,25,18,22,0,70,2,1,0,1,1,2,0.197916666,sa918351
2017,Tyler Beckwith,WSN,A+,22,10,29,32,6,4,0,1,1,4,3,2,0,11,0,1,0,0,0,0,0.206896551,sa918376
2017,Chris Clare,BAL,A+,22,42,127,152,33,29,2,0,2,19,9,19,1,26,3,2,1,1,3,1,0.259842519,sa918466
2018,Chris Clare,BAL,A+,23,120,401,477,90,60,23,2,5,48,35,60,0,76,9,4,3,11,5,2,0.224438902,sa918466
2019,Chris Clare,BAL,A+,24,18,52,61,12,10,2,0,0,5,5,7,0,12,2,0,0,4,0,0,0.23076923,sa918466
2017,Joel Booker,CHW,A+,23,52,189,208,44,36,6,0,2,23,15,10,0,41,4,1,4,4,9,3,0.232804232,sa918497
2018,Joel Booker,CHW,A+,24,53,192,223,57,36,14,2,5,39,21,22,1,42,7,0,2,1,14,9,0.296875,sa918497
2017,Granger Studdard,BOS,A+,22,10,36,41,8,8,0,0,0,2,3,2,0,9,3,0,0,1,0,0,0.222222222,sa918499
2017,Brady Conlan,CHW,A+,23,116,413,443,85,63,16,1,5,41,44,20,0,106,6,2,2,10,0,3,0.205811138,sa918530
2018,Troy Sieber,HOU,A+,23,46,149,173,34,21,11,0,2,14,19,20,0,43,2,1,1,1,1,3,0.228187919,sa918544
2019,Charlie Madden,BOS,A+,23,40,134,147,29,22,6,0,1,14,22,7,0,50,3,2,1,3,1,0,0.21641791,sa918568
2019,Jonathan Laureano,CLE,A+,23,96,340,375,73,52,16,2,3,37,30,27,0,98,2,4,2,4,1,2,0.214705882,sa918576
2018,Branden Boggetto,WSN,A+,24,18,49,59,6,4,2,0,0,3,0,7,0,20,3,0,0,1,0,1,0.122448979,sa918584
2018,Nick Roscetti,MIL,A+,24,47,140,165,34,29,4,1,0,9,10,19,2,32,2,2,2,4,2,1,0.242857142,sa918590
2017,John Brontsema,KCR,A+,22,22,62,68,14,11,2,0,1,5,2,5,0,19,0,0,1,0,0,1,0.225806451,sa918625
2017,Connor Myers,CHC,A+,23,95,298,332,56,41,13,2,0,29,24,16,0,97,3,3,12,4,7,3,0.187919463,sa918641
2018,Connor Myers,CHC,A+,24,72,247,271,64,46,14,2,2,27,24,18,0,69,2,2,2,4,14,6,0.259109311,sa918641
2021,Ramon Rodriguez,BAL,A,22,26,91,102,20,14,5,0,1,10,15,8,0,18,2,1,0,0,0,0,0.219780219,sa918698
2017,Aaron Schnurbusch,CHW,A+,23,35,131,137,22,14,2,4,2,13,13,5,0,53,0,0,1,3,2,0,0.167938931,sa918721
2018,Jake Ring,BAL,A+,23,74,224,269,44,30,11,0,3,31,21,37,0,54,2,3,3,4,5,1,0.196428571,sa918728
2019,Jake Ring,BAL,A+,24,53,167,192,34,21,5,2,6,26,15,21,0,58,3,0,1,1,1,1,0.203592814,sa918728
2017,Stijn van der Meer,HOU,A+,24,6,19,20,3,2,1,0,0,2,0,1,0,4,0,0,0,1,1,0,0.157894736,sa918800
2017,Preston Scott,TEX,A+,23,73,238,275,61,40,14,2,5,32,24,23,0,54,10,1,3,5,5,3,0.256302521,sa918805
2018,Preston Scott,TEX,A+,24,24,81,90,16,11,2,2,1,7,12,6,0,39,3,0,0,2,1,1,0.197530864,sa918805
2019,Craig Dedelow,CHW,A+,24,127,479,528,118,69,21,10,18,61,63,37,0,133,7,4,1,4,3,6,0.246346555,sa918840
2018,Zach Davis,CHC,A+,24,38,113,129,27,23,3,0,1,12,6,8,1,36,7,1,0,1,7,3,0.238938053,sa918888
2018,Collin Woody,BAL,A+,23,79,242,284,53,24,18,1,10,39,33,31,0,72,8,2,0,6,1,1,0.219008264,sa919011
2021,Braulio Vasquez,ATL,A,22,74,214,258,47,32,8,1,6,39,23,29,0,66,11,2,2,3,40,13,0.219626168,sa924858
2022,Braulio Vasquez,ATL,A,23,65,228,265,60,39,16,3,2,36,25,30,0,49,4,1,2,2,26,5,0.263157894,sa924858
2021,Victor De Hoyos,ATL,A,23,28,101,106,26,18,3,0,5,14,13,2,0,27,3,0,0,0,0,0,0.257425742,sa930082
2022,Victor De Hoyos,ATL,A,24,22,70,77,14,9,3,0,2,11,10,6,0,23,1,0,0,1,1,0,0.2,sa930082
2017,Yanio Perez,TEX,A+,21,74,281,312,71,50,14,2,5,31,36,20,0,66,6,5,0,7,3,1,0.252669039,sa975161
2018,Yanio Perez,TEX,A+,22,43,163,178,36,29,3,0,4,12,18,13,1,41,1,1,0,4,0,1,0.220858895,sa975161
2019,Yanio Perez,TEX,A+,23,110,384,421,100,74,17,2,7,38,44,29,1,88,5,3,0,9,9,8,0.260416666,sa975161
