Season,Name,Team,Level,Age,G,AB,PA,H,1B,2B,3B,HR,R,RBI,BB,IBB,SO,HBP,SF,SH,GDP,SB,CS,AVG,PlayerId
2009,Christian Bethancourt,ATL,R,17,32,116,131,33,21,9,1,2,22,19,11,0,22,1,3,0,4,7,0,0.284482758,10028
2009,Jonathan Villar,PHI,R,18,31,94,111,26,18,7,1,0,14,14,13,0,24,1,2,1,1,11,2,0.276595744,10071
2008,Donald Lutz,CIN,R,19,34,108,120,27,17,9,0,1,22,19,9,0,21,2,1,0,2,4,1,0.25,10154
2009,Donald Lutz,CIN,R,20,16,59,65,10,6,1,2,1,9,10,5,0,14,1,0,0,3,2,1,0.169491525,10154
2009,Billy Hamilton,CIN,R,18,43,166,180,34,25,6,3,0,19,11,11,0,47,0,1,2,0,14,3,0.204819277,10199
2009,Tucker Barnhart,CIN,R,18,14,48,55,10,8,2,0,0,5,6,6,1,9,0,1,0,1,0,0,0.208333333,10200
2008,Francisco Arcia,NYY,R,18,22,47,53,6,4,1,0,1,5,2,2,0,6,2,1,1,3,0,1,0.127659574,10286
2009,Francisco Arcia,NYY,R,19,31,97,112,24,15,7,0,2,10,13,11,0,16,2,2,0,4,0,0,0.24742268,10286
2008,Adrian Nieto,WSN,R,18,8,23,26,5,2,3,0,0,1,3,2,0,7,1,0,0,0,0,0,0.217391304,10294
2009,Adrian Nieto,WSN,R,19,42,136,163,31,24,6,1,0,22,17,20,1,30,4,3,0,5,1,2,0.227941176,10294
2012,Adrian Nieto,WSN,R,22,8,26,31,4,2,1,0,1,3,3,5,0,7,0,0,0,1,0,0,0.153846153,10294
2009,Eury Perez,WSN,R,19,47,181,205,69,58,3,5,3,38,24,15,0,20,5,0,4,3,16,8,0.381215469,10299
2012,Eury Perez,WSN,R,22,5,22,23,9,8,1,0,0,4,2,1,0,0,0,0,0,1,5,0,0.409090909,10299
2009,Oswaldo Arcia,MIN,R,18,44,167,187,46,28,11,2,5,20,24,15,0,18,2,3,0,3,8,0,0.275449101,10306
2008,Danny Ortiz,MIN,R,18,48,186,205,51,33,11,5,2,22,27,11,1,30,5,2,1,3,4,0,0.274193548,10317
2009,Danny Santana,MIN,R,18,44,170,185,45,30,7,5,3,30,25,8,0,27,2,2,3,2,12,1,0.264705882,10322
2009,Marcell Ozuna,FLA,R,18,55,214,244,67,40,22,0,5,32,39,22,1,52,3,5,0,3,4,2,0.313084112,10324
2009,Ramon Cabrera,PIT,R,19,37,127,147,37,24,11,1,1,15,16,16,1,16,1,1,2,4,2,1,0.291338582,10327
2009,Rey Fuentes,BOS,R,18,40,145,159,42,33,6,2,1,16,14,7,1,24,3,2,2,3,9,5,0.289655172,10329
2012,Slade Heathcott,NYY,R,21,5,17,22,4,2,2,0,0,3,2,5,0,4,0,0,0,0,2,0,0.235294117,10336
2009,Gift Ngoepe,PIT,R,19,47,160,193,38,33,4,0,1,24,9,21,0,52,4,0,8,2,13,9,0.2375,10340
2009,John Ryan Murphy,NYY,R,18,9,33,37,11,8,2,0,1,4,7,3,0,8,1,0,0,1,0,0,0.333333333,10346
2012,Mike Ohlman,BAL,R,21,8,29,31,8,4,3,0,1,5,3,2,0,10,0,0,0,0,1,0,0.275862068,10347
2009,Domingo Santana,PHI,R,16,37,118,139,34,21,6,1,6,17,28,15,0,44,5,1,0,3,3,1,0.288135593,10348
2014,Tommy Joseph,PHI,R,22,6,20,23,5,4,1,0,0,1,1,1,0,5,2,0,0,1,0,0,0.25,10349
2015,Tommy Joseph,PHI,R,23,13,33,41,16,10,3,0,3,6,10,7,0,0,1,0,0,1,0,0,0.484848484,10349
2009,Wilfredo Tovar,NYM,R,17,38,148,161,36,28,5,3,0,21,14,8,0,19,3,1,1,5,16,8,0.243243243,10416
2010,Mychal Givens,BAL,R,20,7,29,29,6,4,2,0,0,2,2,0,0,4,0,0,0,1,0,0,0.206896551,10430
2009,Jon Singleton,PHI,R,17,31,100,119,29,18,9,0,2,12,12,18,0,13,0,1,0,2,1,0,0.29,10441
2009,Enrique Hernandez,HOU,R,17,53,207,225,61,45,12,3,1,35,27,10,0,28,4,2,2,8,8,2,0.29468599,10472
2009,Cesar Hernandez,PHI,R,19,41,150,175,40,34,5,1,0,21,18,17,0,20,4,3,1,1,13,5,0.266666666,10556
2009,Carlos Perez,TOR,R,18,43,141,163,41,26,11,3,1,17,21,16,0,23,2,3,1,2,2,5,0.290780141,10642
2009,Ramon Flores,NYY,R,17,51,158,187,31,25,5,1,0,14,14,22,1,35,3,2,2,4,7,5,0.196202531,11165
2010,Ramon Flores,NYY,R,18,43,158,189,52,36,10,4,2,33,22,28,0,22,2,0,1,2,4,1,0.329113924,11165
2011,Yhonathan Barrios,PIT,R,19,25,97,111,29,21,4,3,1,20,11,11,0,24,2,0,1,0,8,1,0.298969072,11166
2010,Oscar Taveras,STL,R,18,7,30,31,5,4,1,0,0,1,2,1,0,5,0,0,0,0,1,0,0.166666666,11173
2010,Jonathan Schoop,BAL,R,18,17,60,70,15,8,4,0,3,11,16,7,1,7,1,2,0,0,0,0,0.25,11265
2013,Jonathan Schoop,BAL,R,21,8,25,32,9,4,2,0,3,9,9,6,0,6,0,1,0,2,0,0,0.36,11265
2009,Aaron Altherr,PHI,R,18,28,84,92,18,14,3,0,1,10,11,8,0,15,0,0,0,1,6,1,0.214285714,11270
2010,Aaron Altherr,PHI,R,19,27,115,121,35,27,6,1,1,12,15,3,0,22,2,1,0,2,10,3,0.304347826,11270
2009,Adrian Sanchez,WSN,R,18,24,65,74,16,9,7,0,0,13,5,3,0,6,0,2,4,2,3,0,0.246153846,11338
2010,Adrian Sanchez,WSN,R,19,29,119,127,45,32,10,0,3,23,21,2,0,15,2,1,3,0,4,2,0.37815126,11338
2010,Jake Marisnick,TOR,R,19,35,122,142,35,20,12,0,3,17,14,13,0,18,5,2,0,2,14,1,0.286885245,11339
2006,Carlos Rivero,CLE,R,18,37,133,147,38,30,6,0,2,17,22,10,0,20,2,2,0,6,0,0,0.285714285,1136
2010,Matthew den Dekker,NYM,R,22,5,18,21,5,3,2,0,0,2,5,2,0,5,0,0,1,1,0,0,0.277777777,11385
2010,Gary Sanchez,NYY,R,17,31,119,136,42,25,11,0,6,25,36,11,1,28,4,2,0,2,1,1,0.352941176,11442
2010,Mark Canha,FLA,R,21,6,17,21,3,3,0,0,0,3,1,2,0,1,1,1,0,0,1,1,0.176470588,11445
2010,Dixon Machado,DET,R,18,43,165,183,43,36,4,3,0,22,11,14,0,27,0,2,2,4,12,3,0.26060606,11472
2013,Dixon Machado,DET,R,21,7,28,30,9,7,2,0,0,3,2,1,0,5,0,0,1,0,0,0,0.321428571,11472
2010,Christian Yelich,FLA,R,18,6,24,26,9,7,1,1,0,3,3,2,0,7,0,0,0,3,1,0,0.375,11477
2010,Henry Ramos,BOS,R,18,43,136,156,42,30,8,1,3,18,26,12,0,28,3,3,2,2,12,6,0.308823529,11481
2015,Henry Ramos,BOS,R,23,8,24,30,7,7,0,0,0,4,2,5,0,3,1,0,0,1,2,0,0.291666666,11481
2010,Michael A. Taylor,WSN,R,19,38,128,149,25,17,4,3,1,14,12,14,0,31,1,5,1,2,1,2,0.1953125,11489
2008,Lendy Castillo,PHI,R,19,45,170,179,36,24,8,1,3,23,19,7,0,36,0,0,2,4,7,0,0.211764705,11562
2009,Lendy Castillo,PHI,R,20,27,78,86,14,11,3,0,0,3,7,6,0,15,0,1,1,1,4,6,0.179487179,11562
2010,Brandon Drury,ATL,R,17,52,192,207,38,27,7,1,3,20,17,9,1,50,4,1,1,4,2,2,0.197916666,11615
2010,Elias Diaz,PIT,R,19,41,142,157,31,23,5,1,2,20,20,10,0,28,3,2,0,0,0,2,0.218309859,11680
2010,Nick Castellanos,DET,R,18,7,24,29,8,6,2,0,0,5,3,4,0,5,0,1,0,1,0,1,0.333333333,11737
2010,J.T. Realmuto,FLA,R,19,12,40,47,7,7,0,0,0,2,4,7,0,11,0,0,0,2,0,1,0.175,11739
2010,Carlos Ramirez,TOR,R,19,47,151,173,31,24,4,1,2,14,12,16,0,48,5,1,0,1,2,1,0.205298013,11743
2011,Tyler Austin,NYY,R,19,20,82,89,32,20,8,1,3,13,22,5,0,16,2,0,0,0,11,0,0.390243902,11850
2010,Steven Moya,DET,R,18,40,137,144,26,17,5,2,2,12,11,6,0,64,1,0,0,1,0,0,0.189781021,11854
2010,Yefri Perez,FLA,R,19,30,93,104,27,25,2,0,0,12,8,7,0,18,0,2,2,1,8,2,0.29032258,12090
2011,Yefri Perez,FLA,R,20,14,47,51,15,12,2,1,0,8,8,3,0,8,0,0,1,1,1,0,0.319148936,12090
2010,Niko Goodrum,MIN,R,18,36,118,128,19,15,4,0,0,10,5,9,0,34,0,1,0,0,4,2,0.161016949,12092
2009,Kennys Vargas,MIN,R,18,35,109,131,28,18,7,0,3,12,18,17,1,34,3,1,0,3,2,0,0.256880733,12101
2010,Kennys Vargas,MIN,R,19,39,142,161,46,27,15,1,3,24,26,13,0,40,3,2,0,0,1,0,0.323943661,12101
2009,David Washington,STL,R,18,28,85,92,14,14,0,0,0,3,5,6,0,29,1,0,0,2,1,0,0.164705882,12110
2010,David Washington,STL,R,19,33,95,108,27,17,8,0,2,10,18,12,0,27,1,0,0,0,1,1,0.284210526,12110
2010,Ryan Brett,TBR,R,18,27,89,99,27,20,5,2,0,8,9,8,0,17,1,1,0,1,12,3,0.303370786,12138
2010,Juniel Querecuto,TBR,R,17,46,167,188,42,37,4,1,0,20,11,13,0,26,3,1,4,7,11,2,0.251497005,12140
2010,Max Kepler,MIN,R,17,37,140,153,40,33,6,1,0,15,11,13,0,27,0,0,0,1,6,1,0.285714285,12144
2010,Eddie Rosario,MIN,R,18,51,194,213,57,41,9,2,5,34,26,16,0,28,0,3,0,3,22,5,0.293814432,12155
2012,Eddie Rosario,MIN,R,20,5,19,20,7,3,3,0,1,2,4,1,0,2,0,0,0,0,0,0,0.368421052,12155
2010,Ben Gamel,NYY,R,18,7,25,28,7,6,1,0,0,3,0,3,0,8,0,0,0,0,1,2,0.28,12160
2010,Miguel Sano,MIN,R,17,41,148,161,43,25,14,0,4,23,19,10,1,43,1,1,1,2,2,2,0.29054054,12164
2010,Maikel Franco,PHI,R,17,51,194,217,43,28,11,2,2,23,29,16,0,46,4,2,1,2,0,0,0.221649484,12179
2011,Eugenio Suarez,DET,R,19,12,44,50,15,6,7,0,2,11,9,3,0,4,2,0,1,1,2,0,0.34090909,12552
2011,Breyvic Valera,STL,R,19,28,110,125,28,20,5,2,1,23,13,10,0,17,3,2,0,1,7,1,0.254545454,12758
2011,Andy Burns,TOR,R,20,5,16,20,10,9,0,0,1,5,7,2,0,0,1,1,0,0,0,1,0.625,12779
2010,Dalton Pompey,TOR,R,17,11,47,51,9,7,0,0,2,4,5,3,0,10,1,0,0,1,4,1,0.191489361,12797
2011,Dalton Pompey,TOR,R,18,42,158,184,41,28,7,2,4,34,12,24,0,35,1,0,1,2,19,0,0.25949367,12797
2010,Gregory Polanco,PIT,R,18,53,188,200,38,29,5,1,3,21,23,9,0,41,2,1,0,3,19,2,0.202127659,12907
2011,Gregory Polanco,PIT,R,19,48,169,203,40,29,4,4,3,34,34,24,0,33,3,5,2,0,18,0,0.23668639,12907
2011,Alen Hanson,PIT,R,18,52,198,234,52,30,13,7,2,42,35,21,0,34,7,1,7,1,24,6,0.262626262,12926
2011,Brandon Nimmo,NYM,R,18,7,29,32,7,5,0,0,2,5,4,3,0,9,0,0,0,0,0,0,0.24137931,12927
2011,Jose Osuna,PIT,R,18,48,178,203,59,38,14,3,4,28,32,18,0,21,3,1,3,2,3,2,0.331460674,12937
2011,Willy Garcia,PIT,R,18,47,177,201,47,29,9,4,5,26,35,11,0,49,6,4,3,4,7,5,0.265536723,12956
2012,Teoscar Hernandez,HOU,R,19,51,177,200,43,26,11,2,4,25,18,19,0,54,3,1,0,3,10,1,0.242937853,13066
2010,Jorge Polanco,MIN,R,16,34,103,119,23,17,5,0,1,12,12,12,0,9,0,2,2,2,2,4,0.22330097,13152
2011,Jorge Polanco,MIN,R,17,51,172,193,43,31,8,3,1,21,16,15,0,24,3,1,2,4,6,4,0.25,13152
2011,Jordan Weems,BOS,R,18,14,44,52,8,6,2,0,0,4,8,7,0,16,1,0,0,1,0,0,0.181818181,13190
2010,Ildemaro Vargas,STL,R,18,34,88,104,21,12,7,2,0,17,15,8,0,10,3,2,3,2,2,3,0.238636363,13324
2011,Ildemaro Vargas,STL,R,19,43,152,187,44,31,11,1,1,21,18,23,0,17,5,4,3,5,4,0,0.289473684,13324
2011,Omar Narvaez,TBR,R,19,47,140,159,31,27,4,0,0,11,15,16,1,16,1,1,1,8,1,1,0.221428571,13338
2014,Andrew Toles,TBR,R,22,6,24,25,7,6,0,1,0,4,2,0,0,6,1,0,0,0,6,0,0.291666666,13414
2012,Cameron Perkins,PHI,R,21,5,19,20,3,3,0,0,0,0,3,0,0,2,0,1,0,0,0,0,0.157894736,13444
2010,Sam Tuivailala,STL,R,17,42,129,162,23,17,4,0,2,23,9,29,1,35,2,1,1,2,0,4,0.178294573,13485
2011,Sam Tuivailala,STL,R,18,44,158,179,40,30,9,0,1,19,15,12,0,39,7,1,1,4,2,2,0.253164556,13485
2016,Roman Quinn,PHI,R,23,6,22,24,11,9,2,0,0,6,0,1,0,3,0,0,1,0,5,1,0.5,13546
2012,Jose Peraza,ATL,R,18,21,85,92,27,21,3,3,0,17,10,4,0,6,0,0,3,0,10,3,0.317647058,13593
2012,Rio Ruiz,HOU,R,18,23,85,97,23,13,8,2,0,13,11,12,0,22,0,0,0,1,2,0,0.270588235,14103
2012,Greg Bird,NYY,R,19,17,49,62,14,11,2,1,0,9,5,11,0,13,1,1,0,0,0,0,0.285714285,14131
2012,Byron Buxton,MIN,R,18,27,88,102,19,8,4,3,4,17,14,11,0,26,3,0,0,0,4,3,0.21590909,14161
2012,Carlos Correa,HOU,R,17,39,155,163,36,22,11,1,2,23,9,7,0,36,1,0,0,1,5,1,0.232258064,14162
2011,Alfredo Gonzalez,HOU,R,18,30,93,102,16,10,3,3,0,8,9,3,0,20,1,2,3,1,3,3,0.17204301,14267
2012,Alfredo Gonzalez,HOU,R,19,27,90,98,22,18,3,1,0,13,6,3,0,10,4,0,1,1,5,0,0.244444444,14267
2011,Wilmer Difo,WSN,R,19,25,88,104,24,17,4,3,0,10,8,10,0,8,0,1,5,0,5,3,0.272727272,14320
2012,Wilmer Difo,WSN,R,20,54,198,235,52,42,7,3,0,33,13,34,0,35,2,1,0,2,19,5,0.262626262,14320
2013,Wilmer Difo,WSN,R,21,6,19,23,4,2,1,0,1,6,3,4,0,3,0,0,0,0,2,0,0.210526315,14320
2012,Anthony Alford,TOR,R,17,5,18,20,3,2,0,0,1,1,1,2,0,4,0,0,0,0,4,0,0.166666666,14329
2013,Anthony Alford,TOR,R,18,6,22,30,5,2,2,1,0,4,2,6,0,6,1,0,1,0,2,0,0.227272727,14329
2006,Wilson Ramos,MIN,R,18,46,154,172,44,28,12,1,3,18,26,12,0,14,2,3,1,5,4,2,0.285714285,1433
2012,Dilson Herrera,PIT,R,18,53,199,227,56,34,11,4,7,41,27,18,0,41,0,0,10,2,11,4,0.281407035,14335
2011,Williams Jerez,BOS,R,19,32,129,142,32,27,2,3,0,12,12,6,0,33,1,1,4,6,5,3,0.248062015,14338
2012,Joey Meneses,ATL,R,20,41,145,159,44,34,5,5,0,13,14,9,0,29,3,2,0,4,2,4,0.303448275,14366
2012,Harold Ramirez,PIT,R,17,39,135,146,35,28,5,1,1,18,12,6,0,20,4,0,1,3,9,5,0.259259259,14387
2011,Dereck Rodriguez,MIN,R,19,29,90,98,14,10,4,0,0,4,5,5,0,35,2,0,1,2,2,0,0.155555555,14509
2012,Dereck Rodriguez,MIN,R,20,30,99,112,26,15,8,0,3,13,12,11,0,31,2,0,0,1,6,2,0.262626262,14509
2011,Pedro Severino,WSN,R,17,32,115,130,21,14,4,1,2,16,9,10,0,27,2,0,2,4,0,0,0.182608695,14523
2012,Pedro Severino,WSN,R,18,38,109,125,24,20,3,1,0,9,8,9,0,9,4,1,2,3,0,0,0.220183486,14523
2012,Wyatt Mathisen,PIT,R,18,45,139,167,41,32,8,0,1,24,15,16,0,19,7,3,2,0,10,8,0.294964028,14555
2013,Wyatt Mathisen,PIT,R,19,8,22,29,9,8,1,0,0,5,3,7,0,2,0,0,0,0,0,0,0.409090909,14555
2012,Max Moroff,PIT,R,19,23,67,89,23,19,3,0,1,17,7,17,0,11,1,2,2,2,7,3,0.343283582,14556
2012,Carlos Tocci,PHI,R,16,38,97,107,27,25,2,0,0,13,9,6,0,18,2,1,1,2,9,2,0.278350515,14558
2012,Rowan Wick,STL,R,19,23,77,86,12,6,4,1,1,9,8,5,0,21,3,1,0,1,1,1,0.155844155,14646
2012,Tzu-Wei Lin,BOS,R,18,29,110,130,28,22,5,1,0,21,16,16,0,28,0,3,1,0,4,2,0.254545454,14678
2012,Harold Castro,DET,R,18,51,193,216,60,43,14,2,1,24,21,10,1,25,1,3,9,2,15,3,0.310880829,14691
2012,Dawel Lugo,TOR,R,17,47,170,183,38,29,2,5,2,20,20,7,0,25,5,0,1,4,5,1,0.223529411,14713
2012,Brett Phillips,HOU,R,18,54,175,219,44,31,7,6,0,26,13,28,1,48,4,4,8,1,7,5,0.251428571,14735
2012,Zach Green,PHI,R,18,47,169,183,48,31,13,1,3,20,21,8,0,43,5,1,0,8,2,2,0.284023668,14973
2012,Dylan Cozens,PHI,R,18,50,161,183,41,23,11,2,5,24,24,21,0,44,0,0,1,3,8,2,0.254658385,15115
2013,Engelb Vielma,MIN,R,19,42,131,152,31,28,3,0,0,20,11,15,0,23,2,2,2,0,7,3,0.236641221,15481
2013,Victor Reyes,ATL,R,18,31,112,129,40,31,8,1,0,22,21,12,0,20,1,3,1,1,5,1,0.357142857,15487
2013,J.P. Crawford,PHI,R,18,39,142,168,49,37,8,3,1,24,19,25,0,25,0,0,1,0,12,5,0.345070422,15491
2013,Abiatal Avelino,NYY,R,18,17,58,67,15,12,2,1,0,14,4,7,0,7,1,0,1,2,9,3,0.258620689,15496
2014,Abiatal Avelino,NYY,R,19,8,31,33,11,5,6,0,0,7,3,2,0,4,0,0,0,1,0,0,0.354838709,15496
2013,Abiatal Avelino,NYY,R,18,17,70,81,28,19,5,4,0,21,13,9,0,4,2,0,0,2,17,1,0.4,15496
2013,Franklin Barreto,TOR,R,17,44,174,194,52,26,16,6,4,30,19,13,0,42,6,0,1,1,10,4,0.298850574,15519
2013,Joseph Odom,ATL,R,21,16,32,40,8,6,2,0,0,6,3,7,0,9,1,0,0,2,1,0,0.25,15535
2013,Tyler White,HOU,R,22,18,63,78,23,13,9,0,1,11,15,7,0,7,7,1,0,0,0,2,0.365079365,15564
2012,Willians Astudillo,PHI,R,20,45,148,153,47,32,15,0,0,15,21,1,0,5,2,2,0,4,2,0,0.317567567,15608
2013,Dominic Smith,NYM,R,18,48,167,198,48,35,9,1,3,23,22,24,5,37,4,3,0,4,2,4,0.287425149,15653
2013,Austin Meadows,PIT,R,18,43,160,189,47,26,11,5,5,29,20,24,0,42,4,0,1,3,3,2,0.29375,15672
2013,Reese McGuire,PIT,R,18,46,176,198,58,47,11,0,0,30,21,15,2,18,3,2,2,5,5,1,0.329545454,15674
2017,Reese McGuire,TOR,R,22,8,22,26,9,7,2,0,0,4,7,3,0,1,0,1,0,0,0,1,0.409090909,15674
2013,Rowdy Tellez,TOR,R,18,34,124,141,29,19,5,3,2,10,20,15,1,26,1,1,0,3,1,0,0.233870967,15679
2013,Chance Sisco,BAL,R,18,31,97,118,36,30,4,1,1,15,11,17,0,21,3,1,0,2,1,1,0.37113402,15694
2013,Gosuke Katoh,NYY,R,18,50,184,215,57,35,11,5,6,28,25,27,0,44,2,1,1,2,4,2,0.309782608,15697
2015,Allen Cordoba,STL,R,19,53,202,229,69,59,6,2,2,40,20,15,0,20,7,3,2,4,11,3,0.341584158,15722
2013,Tyler Wade,NYY,R,18,46,162,198,50,40,10,0,0,37,12,32,0,42,2,0,2,3,11,1,0.308641975,15730
2013,Raudy Read,WSN,R,19,40,147,158,37,30,5,0,2,9,17,6,0,17,2,2,1,4,2,6,0.25170068,15766
2013,Jose Marmolejos,WSN,R,20,43,141,158,44,31,11,0,2,27,21,14,1,27,1,2,0,1,1,1,0.312056737,15767
2013,Rafael Bautista,WSN,R,20,52,202,235,65,55,7,2,1,44,27,18,0,34,9,1,5,2,26,7,0.321782178,15769
2017,Rafael Bautista,WSN,R,24,13,44,52,13,10,2,1,0,7,3,5,0,5,3,0,0,0,2,1,0.295454545,15769
2013,Jose Godoy,STL,R,18,36,114,133,30,25,5,0,0,15,13,14,0,18,5,0,0,5,1,0,0.263157894,15808
2012,Miguel Andujar,NYY,R,17,50,177,191,41,31,9,0,1,21,19,13,0,37,1,0,0,3,1,3,0.231638418,15878
2013,Miguel Andujar,NYY,R,18,34,133,144,43,28,11,0,4,18,25,7,1,21,3,1,0,5,4,1,0.32330827,15878
2013,Luis Torrens,NYY,R,17,48,174,204,42,34,7,0,1,17,14,27,1,40,2,1,0,8,2,0,0.24137931,15905
2013,Deivy Grullon,PHI,R,17,41,121,132,33,24,8,0,1,13,14,10,0,18,1,0,0,3,0,0,0.272727272,15988
2013,Kean Wong,TBR,R,18,46,177,194,58,49,7,2,0,27,22,11,0,22,3,0,3,3,7,1,0.327683615,15994
2013,Nick Ciuffo,TBR,R,18,43,159,169,41,34,6,1,0,11,25,9,1,40,0,1,0,5,0,0,0.257861635,16291
2013,Oscar Mercado,STL,R,18,42,163,186,34,24,5,4,1,18,14,17,0,39,3,3,0,0,12,4,0.208588957,16375
2013,Brian Navarreto,MIN,R,18,42,137,158,31,18,10,0,3,15,16,15,0,35,4,1,1,6,3,1,0.226277372,16398
2013,Richard Urena,TOR,R,17,7,27,31,9,7,2,0,0,3,3,3,0,6,0,0,1,1,0,0,0.333333333,16411
2014,Thairo Estrada,NYY,R,18,6,22,23,6,4,2,0,0,2,4,1,0,4,0,0,0,1,0,0,0.272727272,16426
2013,Thairo Estrada,NYY,R,17,50,176,199,49,31,11,5,2,28,17,12,0,30,8,1,2,3,7,5,0.27840909,16426
2013,Jason Martin,HOU,R,17,50,179,214,45,33,8,4,0,35,17,29,0,31,1,1,4,1,11,7,0.251396648,16429
2013,Jacob Nottingham,HOU,R,18,44,146,173,36,23,10,2,1,23,20,21,0,38,3,3,0,2,4,2,0.246575342,16448
2013,Luis Guillorme,NYM,R,18,41,159,182,41,37,4,0,0,22,11,17,0,17,2,0,4,2,6,4,0.257861635,16451
2013,Mauricio Dubon,BOS,R,18,20,53,58,13,10,3,0,0,8,4,1,0,12,3,0,1,1,6,2,0.245283018,16530
2013,Danny Jansen,TOR,R,18,36,114,140,28,24,4,0,0,19,18,21,0,10,2,3,0,6,0,0,0.245614035,16535
2015,Danny Jansen,TOR,R,20,7,21,23,5,3,1,0,1,4,3,2,0,5,0,0,0,0,0,0,0.238095238,16535
2014,Ozzie Albies,ATL,R,17,19,63,78,24,21,3,0,0,16,5,11,1,6,2,1,1,1,7,2,0.38095238,16556
2017,Kevin Padlo,TBR,R,20,5,17,21,2,1,0,1,0,3,1,3,0,1,1,0,0,2,1,0,0.117647058,16593
2013,Jonah Heim,BAL,R,18,27,81,91,15,10,5,0,0,8,4,10,0,13,0,0,0,5,1,1,0.185185185,16930
2014,Jonah Heim,BAL,R,19,26,78,86,19,10,9,0,0,8,5,6,0,9,1,0,1,1,3,0,0.243589743,16930
2014,Lane Thomas,TOR,R,18,34,131,152,34,22,8,4,0,21,11,21,0,33,0,0,0,4,7,3,0.259541984,16939
2016,Lane Thomas,TOR,R,20,6,21,23,9,3,5,0,1,8,4,2,0,6,0,0,0,0,2,1,0.428571428,16939
2014,Derek Hill,DET,R,18,28,99,119,21,15,2,2,2,13,11,16,0,19,2,1,1,1,9,1,0.212121212,16947
2017,Derek Hill,DET,R,21,14,49,61,8,5,1,1,1,11,7,10,0,15,0,1,1,1,7,0,0.163265306,16947
2014,Edmundo Sosa,STL,R,18,52,207,233,57,43,8,5,1,37,23,18,0,29,4,3,1,3,8,5,0.275362318,17022
2017,Edmundo Sosa,STL,R,21,6,22,23,8,6,1,0,1,7,2,1,0,2,0,0,0,0,0,0,0.363636363,17022
2014,Magneuris Sierra,STL,R,18,52,202,223,78,61,12,3,2,42,30,16,2,30,2,1,2,2,13,3,0.386138613,17023
2013,Dustin Fowler,NYY,R,18,30,112,117,27,15,8,4,0,8,9,4,1,23,1,0,0,1,3,1,0.241071428,17098
2014,Jorge Mateo,NYY,R,19,15,58,65,16,10,5,1,0,14,1,7,0,17,0,0,0,0,11,1,0.275862068,17273
2014,Javy Guerra,BOS,R,18,51,201,207,54,34,14,4,2,21,26,5,0,42,0,0,1,3,1,5,0.268656716,17292
2014,Michael Chavis,BOS,R,18,39,134,150,36,20,12,3,1,21,16,15,0,38,1,0,0,6,5,3,0.268656716,17321
2014,Cole Tucker,PIT,R,17,48,180,217,48,38,6,2,2,39,13,26,0,38,3,0,8,2,13,5,0.266666666,17326
2014,Rafael Devers,BOS,R,17,42,157,174,49,32,11,2,4,21,36,14,0,30,2,1,0,3,1,0,0.31210191,17350
2014,Kelvin Gutierrez,WSN,R,19,53,192,218,55,46,6,3,0,27,25,23,2,29,1,2,0,3,4,6,0.286458333,17468
2017,Kelvin Gutierrez,WSN,R,22,10,33,37,7,3,3,1,0,6,1,4,0,7,0,0,0,3,2,0,0.212121212,17468
2015,Christin Stewart,DET,R,21,6,22,26,8,4,2,1,1,5,2,3,0,5,1,0,0,0,2,1,0.363636363,17714
2015,Josh Lester,DET,R,20,6,23,26,9,4,4,0,1,5,7,2,0,2,1,0,0,1,0,0,0.391304347,17737
2014,Jakson Reetz,WSN,R,18,43,117,155,32,24,6,1,1,20,15,26,0,30,8,3,1,2,6,3,0.273504273,17837
2014,Luis Alexander Basabe,BOS,R,17,32,105,123,26,20,5,0,1,15,13,13,0,23,1,3,1,0,2,4,0.247619047,17839
2012,Austin Dean,MIA,R,18,47,148,182,33,20,11,0,2,15,15,24,0,35,3,3,4,2,2,2,0.222972972,18288
2015,Kyle Tucker,HOU,R,18,33,120,133,25,18,3,2,2,19,13,9,0,14,1,1,2,1,4,2,0.208333333,18345
2015,Daz Cameron,HOU,R,18,21,72,87,16,14,2,0,0,14,6,9,1,18,3,2,1,1,13,4,0.222222222,18353
2015,Austin Riley,ATL,R,18,30,106,121,27,15,5,0,7,18,21,12,0,37,1,2,0,3,2,1,0.254716981,18360
2018,Austin Riley,ATL,R,21,6,18,22,5,1,3,0,1,3,3,3,1,6,1,0,0,1,0,0,0.277777777,18360
2015,Victor Robles,WSN,R,18,23,73,94,27,18,6,1,2,19,11,10,1,12,7,1,3,0,12,1,0.369863013,18363
2016,Victor Robles,WSN,R,19,5,20,21,3,2,0,0,1,3,1,0,0,7,1,0,0,0,0,1,0.15,18363
2018,Victor Robles,WSN,R,21,8,18,27,6,5,1,0,0,7,1,7,0,4,2,0,0,3,4,1,0.333333333,18363
2015,Lewin Diaz,MIN,R,18,33,111,127,29,20,7,1,1,12,15,14,0,24,2,0,0,0,2,0,0.261261261,18365
2015,Jermaine Palacios,MIN,R,18,26,95,106,40,28,9,2,1,13,14,9,1,11,1,1,0,2,4,2,0.421052631,18371
2015,Ryan Mountcastle,BAL,R,18,43,163,175,51,41,7,0,3,21,14,9,0,36,1,2,0,3,10,4,0.312883435,18373
2015,Travis Blankenhorn,MIN,R,18,14,49,58,12,6,4,2,0,6,3,7,1,11,2,0,0,1,2,0,0.244897959,18395
2015,Juan Yepez,ATL,R,17,31,98,117,30,19,9,1,1,12,17,16,0,26,1,2,0,3,3,2,0.306122448,18400
2015,Ronald Acuna Jr.,ATL,R,17,37,132,157,34,20,9,2,3,31,11,18,0,23,7,0,0,4,11,3,0.257575757,18401
2015,Trey Amburgey,NYY,R,20,37,135,151,45,36,5,4,0,28,12,12,0,20,4,0,0,1,14,3,0.333333333,18425
2015,Chris Gittens,NYY,R,21,41,124,146,45,27,9,1,8,25,29,17,1,33,4,1,0,1,2,2,0.362903225,18482
2014,Chris Gittens,NYY,R,20,11,35,45,10,6,4,0,0,6,5,7,1,10,1,2,0,1,0,0,0.285714285,18482
2015,Ali Sanchez,NYM,R,18,46,162,177,45,39,6,0,0,20,17,12,2,26,3,0,0,4,2,0,0.277777777,18551
2015,Luis Arraez,MIN,R,18,57,207,233,64,48,15,1,0,23,19,19,1,10,4,1,2,5,8,8,0.309178743,18568
2015,Ke'Bryan Hayes,PIT,R,18,44,144,175,48,43,4,1,0,24,13,22,1,24,5,2,2,0,7,1,0.333333333,18577
2015,Donny Sands,NYY,R,19,48,162,190,50,41,9,0,0,27,26,24,0,15,3,1,0,1,7,4,0.308641975,18603
2016,Donny Sands,NYY,R,20,13,48,50,13,10,3,0,0,3,3,1,0,3,1,0,0,4,1,0,0.270833333,18603
2015,Nick Plummer,STL,R,18,51,180,228,41,27,8,5,1,43,22,39,0,56,6,2,1,3,8,6,0.227777777,18690
2015,Jose Azocar,DET,R,19,51,194,211,63,48,10,5,0,29,29,7,0,31,2,3,5,2,6,4,0.324742268,18821
2015,Josh Naylor,MIA,R,18,25,98,105,32,26,4,1,1,8,16,4,0,11,1,2,0,1,1,0,0.326530612,18839
2014,Stone Garrett,MIA,R,18,40,148,156,35,31,3,1,0,17,11,7,0,31,0,1,0,2,4,1,0.236486486,19273
2019,Luke Raley,MIN,R,24,5,19,20,7,6,0,0,1,1,2,0,0,2,0,1,0,0,0,0,0.368421052,19354
2016,Andrew Young,STL,R,22,11,31,43,10,7,2,1,0,7,5,7,0,3,4,0,1,0,0,0,0.322580645,19521
2016,Jacob Robson,DET,R,21,28,101,118,27,21,4,2,0,16,5,16,0,22,0,0,1,1,14,4,0.267326732,19528
2017,Simon Muzziotti,PHI,R,18,33,134,141,36,26,4,6,0,20,14,7,1,8,0,0,0,1,8,3,0.268656716,19553
2018,Simon Muzziotti,PHI,R,19,6,22,24,2,2,0,0,0,2,2,2,0,1,0,0,0,0,1,0,0.09090909,19553
2015,Bryan De La Cruz,HOU,R,18,44,149,169,36,33,2,1,0,16,12,14,0,41,2,1,3,1,2,6,0.241610738,19600
2017,Otto Lopez,TOR,R,18,51,178,203,49,39,6,3,1,30,15,19,0,23,5,0,1,8,7,3,0.275280898,19608
2016,Bo Bichette,TOR,R,18,22,82,91,35,20,9,2,4,21,36,6,0,17,0,3,0,1,3,0,0.426829268,19612
2018,Daniel Johnson,WSN,R,22,7,20,24,6,5,0,0,1,3,4,2,0,2,2,0,0,1,1,0,0.3,19643
2016,Mike Brosseau,TBR,R,22,35,113,142,36,23,12,1,0,20,21,15,2,19,8,3,3,5,7,3,0.31858407,19683
2015,Edward Olivares,TOR,R,19,38,116,142,23,11,8,1,3,21,10,11,0,27,15,0,0,3,14,2,0.198275862,19698
2016,Jake Noll,WSN,R,22,7,25,34,6,4,1,0,1,3,6,6,0,2,1,1,1,0,0,0,0.24,19703
2017,Carlos Narvaez,NYY,R,18,32,106,124,27,25,1,0,1,13,11,15,0,22,2,1,0,2,0,0,0.254716981,19722
2017,Joe Dunand,MIA,R,21,5,16,21,6,2,3,0,1,4,3,3,0,4,1,1,0,0,0,0,0.375,19727
2016,Joshua Palacios,TOR,R,20,13,49,53,13,10,3,0,0,10,4,3,0,6,1,0,0,2,4,1,0.265306122,19818
2016,Rene Pinto,TBR,R,19,22,81,88,18,14,2,0,2,9,13,4,0,21,2,1,0,1,0,0,0.222222222,19859
2016,Diego Castillo,NYY,R,18,44,165,184,44,36,7,0,1,14,8,14,0,21,3,2,0,8,5,3,0.266666666,19906
2016,Jesus Sanchez,TBR,R,18,42,164,173,53,35,6,8,4,25,31,6,0,31,0,3,0,4,1,5,0.323170731,19913
2015,Blake Perkins,WSN,R,18,49,166,185,35,27,5,2,1,21,12,13,0,36,1,5,0,1,4,5,0.210843373,19921
2015,Ryan McKenna,BAL,R,18,10,34,41,9,8,0,1,0,5,3,6,0,6,0,1,0,0,1,1,0.264705882,19928
2015,Luke Williams,PHI,R,18,38,118,141,34,29,5,0,0,12,12,21,0,23,1,0,1,3,9,2,0.288135593,19931
2015,Aaron Whitefield,MIN,R,18,7,18,20,3,3,0,0,0,1,1,2,0,4,0,0,0,0,1,0,0.166666666,19938
2016,Aaron Whitefield,MIN,R,19,51,191,217,57,48,7,0,2,30,17,19,1,47,4,2,1,4,31,9,0.298429319,19938
2018,Aaron Whitefield,MIN,R,21,5,16,20,4,3,1,0,0,2,2,4,0,4,0,0,0,0,0,0,0.25,19938
2016,Cristian Pache,ATL,R,17,27,106,114,30,24,2,4,0,16,11,6,0,11,1,1,0,5,7,3,0.283018867,19948
2016,Josh Lowe,TBR,R,18,28,93,114,24,15,6,1,2,14,15,20,1,27,0,1,0,0,1,1,0.258064516,19953
2016,Mickey Moniak,PHI,R,18,46,176,194,50,34,11,4,1,27,28,11,0,35,5,2,0,3,10,4,0.284090909,19956
2016,Blake Rutherford,NYY,R,19,8,25,30,6,4,1,0,1,3,3,4,0,6,0,1,0,0,0,0,0.24,19957
2016,Carter Kieboom,WSN,R,18,36,135,155,33,17,8,4,4,22,25,12,0,43,5,3,0,4,1,2,0.244444444,19958
2017,Bobby Dalbec,BOS,R,22,7,27,32,7,6,1,0,0,3,2,5,0,9,0,0,0,1,1,0,0.259259259,19966
2016,Santiago Espinal,BOS,R,21,26,86,99,21,19,2,0,0,8,10,10,0,11,1,0,2,2,1,0,0.244186046,19997
2017,J.C. Escarra,BAL,R,22,58,192,243,43,23,18,0,2,23,34,40,2,40,9,2,0,2,0,1,0.223958333,20084
2016,Juan Soto,WSN,R,17,45,169,183,61,42,11,3,5,25,31,14,0,25,0,0,0,1,5,2,0.360946745,20123
2017,Juan Soto,WSN,R,18,9,25,27,8,6,1,1,0,3,4,2,0,1,0,0,0,1,0,0,0.32,20123
2016,Dylan Carlson,STL,R,17,50,183,201,46,27,13,3,3,30,22,16,0,52,1,1,0,5,4,2,0.25136612,20126
2016,Gilberto Celestino,HOU,R,17,18,55,65,11,7,3,1,0,7,2,8,0,16,1,1,0,1,6,1,0.2,20233
2023,Mario Feliciano,DET,CPX,24,6,23,24,9,7,2,0,0,5,6,0,0,4,1,0,0,1,0,0,0.391304347,20263
2015,Jonathan Arauz,PHI,R,16,44,173,188,44,30,10,2,2,21,18,13,0,29,1,1,0,2,2,0,0.25433526,20275
2016,Ben Rortvedt,MIN,R,18,20,59,66,12,9,3,0,0,3,3,5,0,8,1,0,1,1,0,0,0.20338983,20287
2017,Luis Garcia Jr.,WSN,R,17,49,199,211,60,48,8,3,1,25,22,9,0,32,0,1,2,4,11,2,0.301507537,20391
2017,Royce Lewis,MIN,R,18,36,133,159,36,25,6,2,3,38,17,19,0,17,7,0,0,2,15,2,0.270676691,20437
2018,Scott Hurst,STL,R,22,5,15,20,6,3,3,0,0,5,2,5,0,2,0,0,0,0,2,0,0.4,20501
2016,William Contreras,ATL,R,18,30,72,82,19,13,5,0,1,8,8,7,0,15,2,0,1,3,0,1,0.263888888,20503
2017,Drew Waters,ATL,R,18,14,49,58,17,11,3,1,2,13,10,7,0,11,2,0,0,1,2,1,0.346938775,20505
2016,Vidal Brujan,TBR,R,18,49,202,223,57,39,12,5,1,41,8,14,1,15,5,0,1,1,8,5,0.282178217,20536
2016,Jose Miranda,MIN,R,18,55,185,213,42,33,7,1,1,14,20,19,2,36,4,3,2,2,4,5,0.227027027,20538
2019,Jose Devers,MIA,R,19,11,40,46,11,7,3,1,0,7,2,4,0,4,2,0,0,1,3,1,0.275,20540
2024,Jose Devers,MIA,CPX,24,6,17,20,3,3,0,0,0,1,2,1,0,7,1,1,0,0,1,0,0.176470588,20540
2017,Jose Devers,NYY,R,17,42,138,169,34,24,7,2,1,17,9,18,1,21,8,3,2,3,15,3,0.246376811,20540
2017,Elehuris Montero,STL,R,18,52,173,208,48,26,16,1,5,30,36,22,1,33,7,6,0,6,0,2,0.277456647,20543
2018,CJ Alexander,ATL,R,21,9,34,40,14,11,0,2,1,6,8,6,0,4,0,0,0,0,0,0,0.411764705,20557
2018,Ivan Herrera,STL,R,18,28,112,130,39,28,6,4,1,23,25,11,0,20,5,2,0,2,1,1,0.348214285,20599
2015,Dermis Garcia,NYY,R,17,23,69,78,11,9,2,0,0,7,6,9,0,25,0,0,0,0,0,1,0.159420289,20926
2015,Rodolfo Duran,PHI,R,17,36,81,86,15,11,3,1,0,11,10,3,0,17,1,1,0,1,1,2,0.185185185,20958
2016,Rodolfo Duran,PHI,R,18,32,73,78,23,17,2,1,3,14,14,4,0,14,0,1,0,4,1,1,0.315068493,20958
2015,Trey Cabbage,MIN,R,18,33,119,129,30,28,2,0,0,8,13,7,0,37,2,1,0,2,1,5,0.25210084,21078
2017,Dalton Guthrie,PHI,R,21,9,22,28,4,2,1,0,1,5,3,5,0,1,0,0,1,0,1,1,0.181818181,21293
2018,Brandon Lockridge,NYY,R,21,10,30,37,11,7,2,2,0,8,2,4,0,6,2,1,0,0,3,0,0.366666666,21496
2018,Luken Baker,STL,R,21,8,24,28,12,9,2,0,1,10,7,3,0,4,0,1,0,0,0,0,0.5,21497
2018,Nick Fortes,MIA,R,21,11,35,45,7,5,2,0,0,8,7,6,0,4,1,3,0,1,0,0,0.2,21538
2018,Alec Bohm,PHI,R,21,7,23,27,9,7,1,1,0,8,3,2,0,0,2,0,0,1,2,0,0.391304347,21618
2021,Jeremy Pena,HOU,CPX,23,7,23,27,8,6,1,1,0,3,2,2,0,6,2,0,0,0,1,0,0.347826086,21636
2017,Rafael Marchan,PHI,R,18,30,84,93,20,15,5,0,0,10,10,4,0,8,3,2,0,2,1,0,0.238095238,21646
2017,Luis De Los Santos,TOR,R,19,49,184,200,53,38,11,3,1,26,28,6,0,42,6,3,1,3,7,0,0.288043478,21682
2016,Oswaldo Cabrera,NYY,R,17,7,33,34,15,7,6,0,2,9,6,1,0,2,0,0,0,1,1,1,0.454545454,21707
2017,Enmanuel Valdez,HOU,R,18,42,145,169,33,16,10,3,4,23,15,20,0,31,2,2,0,3,4,2,0.227586206,21716
2017,Jonathan Aranda,TBR,R,19,49,174,193,51,41,9,1,0,24,15,14,0,28,3,2,0,4,14,4,0.293103448,21837
2017,Jerar Encarnacion,MIA,R,19,42,154,167,41,26,7,3,5,25,26,10,0,51,3,0,0,4,3,3,0.266233766,21871
2017,Rodolfo Castro,PIT,R,18,53,188,211,52,30,12,4,6,27,32,16,1,47,4,1,2,2,4,3,0.276595744,21987
2017,Hagen Danner,TOR,R,18,34,125,136,20,13,5,0,2,10,20,5,0,36,3,2,1,3,3,1,0.16,22116
2016,Akil Baddoo,MIN,R,17,38,107,128,19,15,0,2,2,15,15,18,0,36,1,1,0,2,8,1,0.177570093,22168
2017,Akil Baddoo,MIN,R,18,20,75,86,20,12,4,3,1,18,10,9,0,13,2,0,0,0,4,0,0.266666666,22168
2017,Cal Mitchell,PIT,R,18,43,159,185,39,26,11,0,2,17,20,24,4,35,2,0,0,2,2,3,0.245283018,22169
2017,Mark Vientos,NYM,R,17,47,174,193,45,29,12,0,4,22,24,14,0,42,2,3,0,4,0,2,0.258620689,22184
2016,Sean Reynolds,MIA,R,18,42,148,173,23,19,2,2,0,17,11,22,0,64,0,2,1,3,3,3,0.155405405,22253
2017,Sean Reynolds,MIA,R,19,31,103,119,22,15,5,1,1,19,14,14,0,44,0,2,0,1,1,1,0.213592233,22253
2022,Joe Perez,HOU,CPX,22,7,26,26,8,7,1,0,0,2,2,0,0,7,0,0,0,0,0,0,0.307692307,22254
2018,Cal Stevenson,TOR,R,21,6,19,31,9,7,2,0,0,12,2,11,0,3,0,1,0,0,1,0,0.47368421,22411
2017,Livan Soto,ATL,R,17,47,173,208,39,34,5,0,0,24,14,27,0,26,2,3,3,3,7,3,0.225433526,22471
2018,Jarred Kelenic,NYM,R,18,12,46,51,19,14,2,2,1,9,9,4,0,11,0,1,0,0,4,0,0.413043478,22558
2018,Gabriel Moreno,TOR,R,18,23,92,101,38,22,12,2,2,14,22,4,1,7,4,1,0,3,1,1,0.413043478,22664
2017,Gustavo Campero,NYY,R,19,30,96,124,28,15,7,3,3,20,16,26,0,21,1,1,0,3,11,0,0.291666666,22707
2018,Steward Berroa,TOR,R,19,39,142,167,40,30,9,1,0,30,11,23,0,36,1,0,1,1,17,6,0.28169014,22766
2017,Oswald Peraza,NYY,R,17,48,184,213,49,38,10,1,0,34,24,16,0,36,12,0,1,2,12,2,0.266304347,22823
2018,Wenceel Perez,DET,R,18,20,81,93,31,22,7,0,2,20,14,12,0,14,0,0,0,0,2,1,0.382716049,22857
2017,Israel Pineda,WSN,R,17,17,59,65,17,10,5,2,0,10,12,4,0,13,0,2,0,1,0,0,0.288135593,22906
2007,Dusty Ryan,DET,R,22,6,16,20,1,1,0,0,0,1,1,4,0,5,0,0,0,2,0,0,0.0625,2312
2017,Canaan Smith-Njigba,NYY,R,18,57,187,237,54,39,10,0,5,29,28,46,0,44,2,2,0,3,5,3,0.288770053,23264
2017,Davis Schneider,TOR,R,18,50,168,210,40,23,12,1,4,30,23,36,1,36,2,4,0,4,3,1,0.238095238,23565
2018,Ronny Mauricio,NYM,R,17,49,197,212,55,36,13,3,3,26,31,10,0,31,0,5,0,2,1,6,0.279187817,23698
2018,Wilyer Abreu,HOU,R,19,41,139,160,31,20,11,0,0,22,16,18,0,32,0,1,2,2,8,4,0.223021582,23772
2018,Leo Jimenez,TOR,R,17,37,132,150,33,23,8,2,0,13,19,16,0,17,1,1,0,3,0,0,0.25,23782
2021,Leo Jimenez,TOR,CPX,20,5,13,20,5,3,2,0,0,6,2,3,0,1,4,0,0,1,1,0,0.384615384,23782
2018,Will Banfield,MIA,R,18,24,82,94,21,12,8,1,0,7,13,7,0,28,3,2,0,2,0,1,0.25609756,23790
2018,Jordan Groshans,TOR,R,18,37,142,159,47,31,12,0,4,17,39,13,0,29,2,2,0,3,0,0,0.330985915,23794
2018,Parker Meadows,DET,R,18,22,74,85,21,14,2,1,4,16,8,8,1,25,3,0,0,0,3,1,0.283783783,23800
2018,Anthony Seigler,NYY,R,19,12,36,42,12,9,2,0,1,7,4,6,0,7,0,0,0,0,0,0,0.333333333,23802
2018,Ji Hwan Bae,PIT,R,18,35,129,152,35,27,6,2,0,24,13,15,2,16,5,3,0,0,10,4,0.271317829,23818
2024,Osleivis Basabe,TBR,CPX,23,12,37,47,10,6,0,2,2,8,8,9,0,1,0,1,0,1,2,2,0.27027027,23985
2019,Curtis Mead,PHI,R,18,44,158,175,45,27,12,2,4,26,19,13,0,23,3,0,1,6,4,3,0.284810126,23986
2019,Ceddanne Rafaela,BOS,R,18,41,153,176,38,27,1,4,6,30,17,14,0,28,5,1,3,3,9,2,0.248366013,24262
2019,Johan Rojas,PHI,R,18,18,74,84,23,12,6,5,0,13,4,9,0,12,1,0,0,3,3,2,0.31081081,24336
2018,Tyler Cropley,WSN,R,22,10,30,39,11,10,1,0,0,3,8,8,0,2,1,0,0,1,1,0,0.366666666,24485
2018,Addison Barger,TOR,R,18,49,180,214,35,20,10,2,3,28,18,25,1,38,8,1,0,0,0,0,0.194444444,24598
2018,Logan O'Hoppe,PHI,R,18,34,109,124,40,27,10,1,2,19,21,10,0,28,1,4,0,2,2,1,0.366972477,24729
2019,Endy Rodriguez,NYM,R,19,22,75,90,22,11,10,1,0,14,6,10,0,13,3,1,0,0,4,0,0.293333333,25332
2022,Omar Martinez,NYY,CPX,20,20,71,87,20,14,2,1,3,15,17,13,0,14,2,1,0,1,1,1,0.28169014,25369
2019,Omar Martinez,NYY,R,17,34,93,114,22,17,4,0,1,8,15,18,0,21,0,3,0,2,0,0,0.236559139,25369
2006,Chris Parmelee,MIN,R,18,45,154,179,43,24,7,4,8,29,32,23,1,47,0,2,0,5,3,3,0.279220779,2554
2019,Michael Harris II,ATL,R,18,31,109,119,38,27,6,3,2,15,16,9,0,20,1,0,0,2,5,2,0.348623853,25931
2019,Kerry Carpenter,DET,R,21,43,160,191,51,23,16,3,9,33,34,22,0,18,5,4,0,3,6,0,0.31875,25961
2019,Orelvis Martinez,TOR,R,17,40,142,163,39,19,8,5,7,20,32,14,0,29,4,2,0,4,2,0,0.274647887,25967
2019,Kevin Alcantara,NYY,R,16,32,123,128,32,24,5,2,1,19,13,3,0,27,2,0,0,3,3,3,0.260162601,25971
2021,Kevin Alcantara,NYY,CPX,18,9,27,31,10,8,1,0,1,5,3,4,0,8,0,0,0,0,2,0,0.37037037,25971
2019,Riley Greene,DET,R,18,9,37,43,13,8,3,0,2,9,8,5,0,12,1,0,0,1,0,0,0.351351351,25976
2019,Nasim Nunez,MIA,R,18,48,175,214,37,31,5,1,0,37,12,34,0,43,1,2,2,0,28,2,0.211428571,25979
2019,Matthew Lugo,BOS,R,18,39,136,157,35,28,5,1,1,19,12,15,0,36,3,1,2,3,3,0,0.257352941,25980
2019,Victor Mesa Jr.,MIA,R,17,47,176,207,50,36,9,4,1,39,24,24,0,29,1,4,1,1,7,4,0.284090909,25999
2019,Vaughn Grissom,ATL,R,18,44,160,184,46,35,7,1,3,22,23,16,0,27,4,3,1,1,3,0,0.2875,26031
2019,Francisco Alvarez,NYM,R,17,7,26,31,12,6,4,0,2,8,10,4,0,4,1,0,0,0,0,1,0.461538461,26121
2019,Brett Baty,NYM,R,19,5,20,25,7,3,3,0,1,5,8,5,0,6,0,0,0,0,0,0,0.35,26123
2019,Darell Hernaiz,BAL,R,17,29,99,116,26,21,2,1,2,19,8,17,0,26,0,0,0,2,5,0,0.262626262,26224
2019,Kenedy Corona,NYM,R,19,42,151,181,47,32,9,1,5,35,21,17,0,25,7,2,4,6,11,2,0.311258278,26244
2019,Gunnar Henderson,BAL,R,18,29,108,121,28,20,5,2,1,21,11,11,0,28,1,1,0,2,2,2,0.259259259,26289
2019,Kameron Misner,MIA,R,21,8,29,38,7,5,2,0,0,2,4,9,0,7,0,0,0,0,3,0,0.24137931,26374
2021,Agustin Ramirez,NYY,CPX,19,32,91,109,20,6,10,0,4,19,15,15,0,33,0,3,0,1,0,1,0.219780219,26546
2022,Agustin Ramirez,NYY,CPX,20,44,168,197,51,30,14,1,6,34,51,23,0,31,2,4,0,4,13,2,0.303571428,26546
2022,Jesus Rodriguez,NYY,CPX,20,37,132,152,46,28,10,4,4,29,24,15,0,14,5,0,0,2,8,3,0.348484848,26991
2007,Tony Cruz,STL,R,20,7,32,34,12,7,5,0,0,8,4,1,0,7,0,1,0,0,1,0,0.375,2802
2021,Jasson Dominguez,NYY,CPX,18,7,20,27,4,4,0,0,0,5,1,6,0,6,1,0,0,0,2,0,0.2,28080
2022,Jhostynxon Garcia,BOS,CPX,19,31,101,125,19,9,5,2,3,18,17,18,0,38,4,2,0,2,4,2,0.188118811,28142
2022,Junior Caminero,TBR,CPX,18,36,132,154,43,32,5,1,5,18,31,15,0,21,4,3,0,1,7,1,0.325757575,28163
2024,Junior Caminero,TBR,CPX,20,6,17,22,4,0,1,0,3,4,5,5,0,2,0,0,0,0,0,0,0.235294117,28163
2022,Javier Sanoja,MIA,CPX,19,28,107,124,34,20,10,1,3,27,19,13,0,6,0,3,1,3,9,3,0.317757009,28253
2021,Coby Mayo,BAL,CPX,19,23,71,84,23,14,6,0,3,17,13,11,0,13,2,0,0,1,6,0,0.323943661,28312
2008,Rafael Ynoa,LAD,R,20,43,124,153,38,32,5,1,0,24,16,21,0,21,1,1,6,4,7,4,0.306451612,2832
2021,Tsung-Che Cheng,PIT,CPX,19,38,122,157,38,25,8,1,4,32,31,30,0,14,2,2,1,2,16,6,0.311475409,28344
2006,Joe Benson,MIN,R,18,52,196,221,51,30,11,5,5,30,28,21,0,41,2,2,0,3,9,10,0.260204081,2845
2006,Chris Marrero,WSN,R,17,22,81,91,25,16,9,0,0,10,16,8,1,19,1,1,0,0,0,0,0.308641975,2852
2021,Felix Reyes,PHI,CPX,20,7,17,20,5,2,1,0,2,4,9,1,0,2,2,0,0,0,0,1,0.294117647,28763
2022,Felix Reyes,PHI,CPX,21,42,137,143,33,22,6,1,4,26,26,4,0,31,1,1,0,5,2,2,0.240875912,28763
2022,Samuel Basallo,BAL,CPX,17,43,158,180,44,33,5,0,6,22,32,15,0,37,4,3,0,6,1,0,0.278481012,28824
2024,Gabriel Gonzalez,MIN,CPX,20,5,20,22,5,4,0,0,1,2,2,1,0,0,1,0,0,2,0,1,0.25,28833
2021,Tanner Murray,TBR,CPX,21,9,33,39,12,3,6,1,2,7,12,4,0,3,2,0,0,1,2,0,0.363636363,28848
2022,Esmerlyn Valdez,PIT,CPX,18,33,99,124,23,13,7,0,3,25,20,18,1,29,5,2,0,3,0,1,0.232323232,29005
2023,Esmerlyn Valdez,PIT,CPX,19,40,141,159,43,28,10,1,4,22,28,15,0,37,1,2,0,4,3,2,0.304964539,29005
2021,Billy Cook,BAL,CPX,22,7,21,25,6,4,2,0,0,3,4,1,0,8,1,2,0,0,3,0,0.285714285,29573
2021,Colton Cowser,BAL,CPX,21,7,22,25,11,7,3,0,1,8,8,3,0,4,0,0,0,0,3,2,0.5,29591
2021,Connor Norby,BAL,CPX,21,7,22,24,4,2,2,0,0,3,2,1,0,7,0,1,0,1,1,0,0.181818181,29592
2023,Will Wagner,HOU,CPX,24,6,16,25,5,4,1,0,0,5,2,7,0,1,1,0,0,1,1,0,0.3125,29634
2021,Caleb Durbin,ATL,CPX,21,17,56,62,15,14,0,1,0,8,6,5,0,3,1,0,0,0,12,1,0.267857142,29646
2021,Marcelo Mayer,BOS,CPX,18,26,91,107,25,17,4,1,3,25,17,15,0,27,0,0,0,1,7,1,0.274725274,29668
2021,Joe Mack,MIA,CPX,18,19,53,75,7,5,1,0,1,9,2,20,0,22,1,1,0,0,0,1,0.132075471,29780
2022,Joe Mack,MIA,CPX,19,9,27,31,8,6,0,0,2,2,3,4,0,7,0,0,0,1,0,0,0.296296296,29780
2021,Niko Kavadas,BOS,CPX,22,8,22,29,5,2,2,0,1,4,2,7,0,6,0,0,0,0,0,0,0.227272727,29782
2021,Kyle Manzardo,TBR,CPX,20,13,43,50,15,8,5,0,2,10,8,4,0,6,3,0,0,0,0,0,0.348837209,29794
2021,Bubba Chandler,PIT,CPX,18,11,30,37,5,3,1,0,1,3,2,5,0,16,2,0,0,0,0,0,0.166666666,29868
2022,Bubba Chandler,PIT,CPX,19,14,26,36,6,2,0,1,3,8,9,9,0,6,1,0,0,0,1,0,0.23076923,29868
2021,Brady House,WSN,CPX,18,16,59,66,19,12,3,0,4,14,12,7,0,13,0,0,0,2,0,0,0.322033898,29993
2021,Daylen Lile,WSN,CPX,18,19,64,80,14,12,2,0,0,16,10,15,0,20,0,1,0,0,2,1,0.21875,29995
2021,Bob Seymour,TBR,CPX,22,8,30,33,10,5,3,0,2,5,10,2,0,13,0,1,0,0,1,0,0.333333333,30028
2021,Carson Williams,TBR,CPX,18,11,39,47,11,6,4,1,0,8,8,6,0,13,2,0,0,0,2,2,0.282051282,30038
2021,Hao-Yu  Lee,PHI,CPX,18,9,22,25,8,3,2,2,1,9,5,3,0,5,0,0,0,0,0,0,0.363636363,30080
2006,Kenley Jansen,LAD,R,18,35,117,138,29,25,2,1,1,14,10,19,0,32,2,0,0,1,1,0,0.247863247,3096
2006,Domonic Brown,PHI,R,18,34,117,131,25,21,3,0,1,13,7,12,0,30,1,0,1,2,13,3,0.213675213,3154
2012,Domonic Brown,PHI,R,24,5,19,22,11,4,7,0,0,4,4,3,1,3,0,0,0,1,1,0,0.578947368,3154
2024,Zach Dezenzo,HOU,CPX,24,5,20,22,9,6,3,0,0,3,4,2,0,3,0,0,0,0,0,0,0.45,31562
2024,Zach Cole,HOU,CPX,23,6,22,26,6,3,1,1,1,4,2,3,0,8,1,0,0,0,1,0,0.272727272,31583
2022,Zach Cole,HOU,CPX,21,5,20,20,3,2,1,0,0,3,1,0,0,6,0,0,0,0,2,0,0.15,31583
2024,Brooks Lee,MIN,CPX,23,5,20,21,9,7,2,0,0,5,2,1,0,2,0,0,0,0,0,0,0.45,31595
2022,Nacho Alvarez Jr.,ATL,CPX,19,15,43,51,12,9,1,1,1,11,5,7,0,6,1,0,0,0,4,0,0.279069767,31765
2022,Jackson Holliday,BAL,CPX,18,8,22,33,9,7,1,0,1,6,3,10,0,2,0,1,0,0,3,0,0.409090909,31781
2022,Justin Crawford,PHI,CPX,18,11,37,43,11,10,0,1,0,6,5,5,0,6,1,0,0,0,8,3,0.297297297,31791
2022,Rhylan Thomas,NYM,CPX,22,10,35,41,9,8,1,0,0,5,2,5,0,2,1,0,0,0,2,1,0.257142857,31793
2022,Roman Anthony,BOS,CPX,18,10,35,40,15,13,2,0,0,5,7,4,0,4,0,1,0,1,1,0,0.428571428,31812
2022,Chandler Simpson,TBR,CPX,21,8,27,34,10,7,3,0,0,5,3,6,0,4,0,1,0,0,8,0,0.37037037,31912
2008,Tyler Ladendorf,MIN,R,20,45,147,175,30,20,8,1,1,17,13,17,0,29,6,2,3,3,6,0,0.204081632,3211
2022,Nick Morabito,NYM,CPX,19,6,22,24,2,1,1,0,0,1,2,2,0,14,0,0,0,0,1,0,0.09090909,32119
2023,Nick Morabito,NYM,CPX,20,30,111,135,36,28,5,2,1,22,18,20,0,22,3,1,0,2,11,1,0.324324324,32119
2008,Robinzon Diaz,TOR,R,24,15,44,50,17,12,3,0,2,9,10,2,0,4,2,2,0,2,0,0,0.386363636,3248
2023,Kevin McGonigle,DET,CPX,18,9,33,45,9,7,2,0,0,11,1,11,0,5,1,0,0,0,6,3,0.272727272,33572
2023,Kristian Campbell,BOS,CPX,21,8,23,29,9,6,2,1,0,4,2,3,0,5,3,0,0,0,2,1,0.391304347,33644
2023,A.J. Ewing,NYM,CPX,18,7,14,21,4,3,1,0,0,3,3,5,0,6,2,0,0,0,1,0,0.285714285,33656
2024,A.J. Ewing,NYM,CPX,19,19,63,83,16,7,3,1,5,20,14,19,0,22,0,1,0,1,5,1,0.253968253,33656
2006,Alejandro De Aza,FLA,R,22,7,24,28,11,10,1,0,0,7,4,4,0,2,0,0,0,0,3,2,0.458333333,3371
2007,Nolan Reimold,BAL,R,23,9,30,39,7,2,4,1,0,4,8,6,0,4,3,0,0,0,0,0,0.233333333,3441
2007,Anthony Rizzo,BOS,R,17,6,21,24,6,5,0,0,1,6,3,1,0,2,2,0,0,1,0,0,0.285714285,3473
2006,Kevin Russo,NYY,R,21,45,150,181,41,28,10,0,3,23,23,20,1,18,8,2,1,1,6,2,0.273333333,3630
2009,Eric Thames,TOR,R,22,7,21,25,6,3,3,0,0,4,1,3,0,5,0,1,0,0,0,0,0.285714285,3711
2007,Che-Hsuan Lin,BOS,R,18,43,175,200,46,26,10,6,4,33,22,17,0,42,3,5,0,4,14,3,0.262857142,3734
2010,Zach Lutz,NYM,R,24,5,19,20,6,4,1,0,1,2,4,1,0,4,0,0,0,0,0,0,0.315789473,3735
2006,Ozzie Martinez,FLA,R,18,49,171,194,45,39,4,1,1,21,21,19,0,21,0,1,3,4,7,4,0.263157894,3900
2008,Jerry Sands,LAD,R,20,46,146,185,30,16,4,0,10,29,33,29,0,43,5,5,0,4,5,0,0.205479452,4016
2006,Gorkys Hernandez,DET,R,18,50,205,217,67,51,9,2,5,41,23,10,1,27,0,1,1,1,20,4,0.326829268,4146
2006,Daniel Murphy,NYM,R,21,8,18,22,1,1,0,0,0,2,0,4,0,3,0,0,0,0,0,0,0.055555555,4316
2006,Melky Mesa,NYY,R,19,40,145,159,30,18,7,2,3,20,22,11,0,45,1,1,1,0,3,3,0.206896551,447
2007,Melky Mesa,NYY,R,20,49,153,169,36,21,10,2,3,27,13,9,0,55,4,1,2,2,5,3,0.235294117,447
2007,James Beresford,MIN,R,18,45,139,158,40,38,2,0,0,22,14,12,0,23,1,0,6,3,7,2,0.287769784,4626
2007,Ben Revere,MIN,R,19,50,191,216,62,46,6,10,0,46,29,13,0,20,8,2,2,1,21,9,0.324607329,4712
2007,Brent Clevlen,DET,R,23,14,48,52,15,12,1,0,2,10,8,3,0,8,0,1,0,2,1,0,0.3125,4863
2007,Matt Dominguez,FLA,R,17,5,20,22,2,2,0,0,0,0,2,1,0,2,0,1,0,0,0,0,0.1,4903
2007,Engel Beltre,BOS,R,17,34,125,145,26,15,3,3,5,20,13,12,0,44,7,1,0,1,6,3,0.208,4918
2007,Jason Heyward,ATL,R,17,8,27,31,8,3,4,0,1,1,5,2,0,4,1,1,0,1,1,1,0.296296296,4940
2007,Giancarlo Stanton,FLA,R,17,8,26,28,7,5,2,0,0,6,1,1,0,6,1,0,0,0,0,0,0.269230769,4949
2006,Diory Hernandez,ATL,R,22,8,30,35,8,6,1,0,1,6,2,3,0,5,2,0,0,0,0,0,0.266666666,4950
2008,Anthony Gose,PHI,R,17,11,39,41,10,7,2,1,0,4,3,1,0,12,1,0,0,0,3,1,0.256410256,5097
2008,Jordany Valdespin,NYM,R,20,34,134,145,38,26,6,3,3,23,22,7,0,10,1,2,1,3,9,2,0.283582089,5098
2009,Jordany Valdespin,NYM,R,21,6,23,24,4,4,0,0,0,0,0,1,0,3,0,0,0,0,1,0,0.173913043,5098
2008,Jefry Marte,NYM,R,17,44,154,177,50,29,14,3,4,29,24,13,0,30,7,2,1,3,2,0,0.324675324,5107
2008,Isaac Galloway,FLA,R,18,48,199,211,57,38,13,5,1,29,23,4,0,33,2,3,3,8,4,2,0.28643216,5238
2008,Robbie Grossman,PIT,R,18,5,16,21,3,2,1,0,0,3,1,4,0,7,1,0,0,0,1,0,0.1875,5254
2007,Sandy Leon,WSN,R,18,31,94,115,19,19,0,0,0,10,11,17,1,15,0,0,4,2,0,0,0.202127659,5273
2008,Sandy Leon,WSN,R,19,26,74,86,14,12,1,1,0,12,11,9,0,18,2,0,1,0,1,2,0.189189189,5273
2008,Aaron Hicks,MIN,R,18,45,173,204,55,37,10,4,4,32,27,28,2,32,0,2,1,5,12,2,0.317919075,5297
2008,Kyle Skipworth,FLA,R,18,43,159,176,33,22,6,0,5,22,21,13,0,46,0,3,1,2,2,2,0.207547169,5298
2006,Kristopher Negron,BOS,R,20,41,142,162,37,27,6,2,2,19,16,12,0,20,5,0,3,3,10,0,0.26056338,5306
2007,Yangervis Solarte,MIN,R,19,52,175,203,53,45,4,3,1,25,33,11,0,18,2,5,10,1,7,3,0.302857142,5352
2009,Yangervis Solarte,MIN,R,21,9,28,37,5,5,0,0,0,4,4,5,0,1,1,2,1,4,0,0,0.178571428,5352
2010,Yangervis Solarte,MIN,R,22,7,23,24,4,4,0,0,0,3,0,1,0,4,0,0,0,0,0,0,0.173913043,5352
2007,Freddie Freeman,ATL,R,17,59,224,234,60,47,7,0,6,24,30,7,0,33,2,1,0,3,1,2,0.267857142,5361
2009,Juan Lagares,NYM,R,20,6,24,25,5,4,1,0,0,1,1,1,0,4,0,0,0,1,1,0,0.208333333,5384
2007,Andrew Lambo,LAD,R,18,54,181,218,62,41,15,1,5,38,32,29,0,34,5,3,0,5,1,2,0.342541436,5386
2012,Andrew Lambo,PIT,R,23,9,33,40,16,11,4,0,1,10,6,5,0,5,1,1,0,0,1,0,0.484848484,5386
2007,Jake Smolinski,WSN,R,18,28,105,119,32,23,8,0,1,18,16,13,0,24,1,0,0,5,7,2,0.304761904,5408
2007,Pedro Baez,LAD,R,19,53,201,229,55,36,14,2,3,35,39,17,0,40,6,5,0,10,3,1,0.27363184,5420
2008,Steve Lombardozzi Jr.,WSN,R,19,48,152,184,43,38,4,1,0,23,24,21,0,32,2,3,6,1,4,1,0.282894736,5422
2008,Carson Blair,BOS,R,18,6,22,23,9,7,1,0,1,2,9,0,0,5,0,1,0,0,0,0,0.409090909,5429
2009,Carson Blair,BOS,R,19,39,124,147,26,16,8,0,2,15,20,16,0,46,0,7,0,1,0,1,0.209677419,5429
2010,Carson Blair,BOS,R,20,8,26,30,7,5,1,0,1,7,3,4,0,10,0,0,0,2,0,0,0.269230769,5429
2006,Elian Herrera,LAD,R,21,36,110,137,36,31,4,0,1,19,17,19,0,17,1,2,5,1,2,3,0.327272727,5432
2007,Brandon Laird,NYY,R,19,45,168,178,57,34,14,1,8,27,29,6,0,26,2,1,1,4,0,0,0.339285714,5476
2008,Jimmy Paredes,NYY,R,19,47,161,175,45,33,9,2,1,23,15,8,1,20,4,1,1,4,6,0,0.279503105,5481
2008,Jose Pirela,NYY,R,18,35,141,153,33,28,4,1,0,19,10,8,0,19,3,1,0,3,4,2,0.234042553,5485
2007,Abraham Almonte,NYY,R,18,49,160,185,46,36,4,3,3,29,16,21,0,34,1,1,2,0,8,9,0.2875,5486
2012,Abraham Almonte,NYY,R,23,7,18,20,4,2,2,0,0,2,0,2,0,4,0,0,0,0,2,0,0.222222222,5486
2012,Austin Romine,NYY,R,23,9,24,30,5,2,3,0,0,3,5,5,0,3,1,0,0,1,0,0,0.208333333,5491
2008,Corban Joseph,NYY,R,19,49,159,183,44,25,15,2,2,25,18,20,0,24,1,1,2,1,2,5,0.276729559,5503
2007,Jesus Montero,NYY,R,17,33,107,123,30,21,6,0,3,13,19,12,0,18,3,1,0,7,0,0,0.280373831,5514
2008,Kyle Higashioka,NYY,R,18,18,46,50,12,10,1,0,1,5,3,2,0,8,1,1,0,3,0,0,0.260869565,5517
2014,Kyle Higashioka,NYY,R,24,8,23,27,5,4,1,0,0,3,1,3,0,7,0,1,0,0,0,0,0.217391304,5517
2007,Ruben Tejada,NYM,R,17,35,120,150,34,27,4,3,0,13,16,19,0,16,6,2,2,4,2,1,0.283333333,5519
2007,Neftali Soto,CIN,R,18,40,152,167,46,32,7,5,2,18,28,11,0,31,2,1,1,6,2,0,0.302631578,5663
2007,Devin Mesoraco,CIN,R,19,40,137,155,30,25,4,0,1,16,8,15,0,26,3,0,0,7,2,0,0.218978102,5666
2007,Steven Souza Jr.,WSN,R,18,44,144,167,28,15,9,0,4,17,19,18,0,46,4,1,0,2,4,1,0.194444444,5667
2009,Hernan Perez,DET,R,18,21,81,86,18,7,9,1,1,9,9,3,0,14,1,0,1,1,2,0,0.222222222,5751
2007,Jesus Sucre,ATL,R,19,40,104,114,23,18,5,0,0,8,14,7,0,10,0,2,1,4,1,1,0.221153846,5942
2008,Didi Gregorius,CIN,R,18,31,97,109,15,15,0,0,0,6,9,10,0,10,1,0,1,3,2,1,0.154639175,6012
2007,Moises Sierra,TOR,R,18,43,143,156,29,18,5,1,5,17,15,5,0,39,4,1,1,1,2,2,0.202797202,6050
2010,Moises Sierra,TOR,R,21,10,34,38,9,6,2,0,1,4,3,4,0,8,0,0,0,2,0,0,0.264705882,6050
2006,Argenis Diaz,BOS,R,19,37,133,142,35,32,2,1,0,16,11,6,0,23,1,0,2,2,3,1,0.263157894,6403
2006,James Adduci,FLA,R,21,12,35,40,10,6,2,1,1,3,5,5,0,8,0,0,0,1,1,1,0.285714285,6448
2008,Andy Dirks,DET,R,22,10,34,38,14,9,3,2,0,10,7,3,1,6,0,1,0,0,2,0,0.411764705,6453
2009,Freddy Galvis,PHI,R,19,7,29,30,8,7,1,0,0,6,0,1,0,4,0,0,0,3,1,1,0.275862068,6609
2008,L.J. Hoes,BAL,R,18,48,159,191,49,41,4,3,1,36,18,30,0,22,0,1,1,8,10,0,0.3081761,6656
2007,Zoilo Almonte,NYY,R,18,50,190,205,51,35,11,2,3,25,24,9,0,35,2,1,3,6,2,2,0.268421052,6732
2008,Zoilo Almonte,NYY,R,19,57,180,200,43,30,7,1,5,24,20,13,0,35,2,4,1,8,3,0,0.238888888,6732
2008,Tyler Pastornicky,TOR,R,18,50,160,186,42,32,6,3,1,32,17,21,0,21,2,3,0,1,27,5,0.2625,6777
2008,Josmil Pinto,MIN,R,19,24,85,94,28,15,9,3,1,14,14,9,0,14,0,0,0,3,1,0,0.329411764,6806
2007,Derek Norris,WSN,R,18,37,123,151,25,13,6,2,4,16,15,25,1,38,2,1,0,1,2,1,0.203252032,6867
2006,Eddy Rodriguez,CIN,R,20,7,17,20,4,1,2,0,1,1,4,1,0,5,1,1,0,0,0,0,0.235294117,6870
2006,Ryan Kalish,BOS,R,18,6,20,21,6,3,2,0,1,6,2,1,0,2,0,0,0,1,0,0,0.3,6962
2006,Denis Phipps,CIN,R,20,43,164,176,46,32,10,1,3,21,22,8,0,31,3,1,0,0,6,6,0.280487804,6968
2006,Juan Francisco,CIN,R,19,45,182,190,51,34,14,0,3,24,30,6,1,35,1,1,0,6,2,0,0.28021978,6978
2008,A.J. Jimenez,TOR,R,18,19,47,52,9,7,2,0,0,5,5,3,0,16,1,0,1,1,5,2,0.191489361,7077
2007,Juan Centeno,NYM,R,17,12,41,45,6,6,0,0,0,4,2,3,0,6,1,0,0,0,0,0,0.146341463,7168
2008,Juan Centeno,NYM,R,18,24,63,75,13,12,1,0,0,10,1,8,0,8,2,0,2,0,0,0,0.206349206,7168
2008,Cesar Puello,NYM,R,17,40,151,163,46,39,6,0,1,24,17,5,0,32,6,1,0,1,13,5,0.304635761,7216
2011,David Adams,NYY,R,24,17,56,64,24,14,9,0,1,13,11,5,0,10,1,2,0,1,2,1,0.428571428,7389
2006,Jhonatan Solano,WSN,R,20,37,129,144,33,30,3,0,0,16,11,6,0,15,3,2,4,2,3,1,0.255813953,7515
2009,Neil Walker,PIT,R,23,8,30,32,5,2,2,0,1,2,1,1,0,5,1,0,0,0,0,1,0.166666666,7539
2013,Travis d'Arnaud,NYM,R,24,6,22,23,7,4,3,0,0,4,5,1,0,2,0,0,0,0,0,0,0.318181818,7739
2007,Travis d'Arnaud,PHI,R,18,41,141,151,34,27,3,0,4,18,20,4,0,23,4,2,0,7,4,2,0.241134751,7739
2014,Tim Beckham,TBR,R,24,6,21,25,10,6,2,1,1,5,4,3,0,4,0,1,0,0,1,0,0.476190476,7949
2009,Henry Alejandro Rodriguez,CIN,R,19,42,152,161,49,37,10,1,1,24,19,7,0,18,1,1,0,6,9,0,0.322368421,7983
2010,Francisco Pena,NYM,R,20,10,32,39,10,9,1,0,0,4,2,6,0,6,1,0,0,0,0,0,0.3125,8298
2009,Michael Brady,FLA,R,22,11,29,39,1,1,0,0,0,6,2,8,0,7,1,1,0,0,0,0,0.034482758,8461
2008,Xavier Avery,BAL,R,18,47,175,192,49,40,8,1,0,27,7,10,0,51,4,0,3,1,13,3,0.28,8471
2007,Ezequiel Carrera,NYM,R,20,45,179,209,61,49,8,3,1,41,26,26,0,29,2,0,2,0,16,5,0.340782122,9048
2008,Casey Kelly,BOS,R,18,27,98,109,17,11,5,0,1,10,9,6,0,34,2,3,0,2,1,0,0.173469387,9174
2009,Casey Kelly,BOS,R,19,8,28,31,6,3,1,0,2,4,6,3,0,10,0,0,0,0,1,0,0.214285714,9174
2006,Logan Morrison,FLA,R,18,26,89,99,24,19,4,0,1,10,7,10,0,12,0,0,0,3,1,0,0.269662921,9205
2010,Starling Marte,PIT,R,21,8,26,28,9,4,3,0,2,6,5,1,0,6,1,0,0,0,4,1,0.346153846,9241
2009,Jason Donald,PHI,R,24,9,26,28,6,4,1,1,0,4,1,2,0,5,0,0,0,1,1,0,0.23076923,9331
2008,Matt McBride,CLE,R,23,17,50,60,19,9,7,1,2,13,9,6,0,5,4,0,0,0,3,0,0.38,9373
2006,Adrian Cardenas,PHI,R,18,41,154,177,49,38,5,4,2,22,21,17,1,28,2,4,0,3,13,3,0.318181818,9514
2008,Christian Vazquez,BOS,R,17,21,58,65,11,10,1,0,0,7,5,6,0,17,0,0,1,1,0,0,0.189655172,9774
2009,Christian Vazquez,BOS,R,18,10,36,41,10,5,5,0,0,5,7,4,0,7,1,0,0,3,0,0,0.277777777,9774
2009,Bryan Anderson,STL,R,22,5,16,20,5,4,0,0,1,3,2,4,0,4,0,0,0,0,1,0,0.3125,9871
2006,Trayvon Robinson,LAD,R,18,39,134,155,34,23,7,2,2,24,20,16,0,48,2,1,2,0,5,1,0.253731343,9875
2008,Destin Hood,WSN,R,18,25,86,98,22,15,6,1,0,18,14,8,0,19,2,0,2,5,5,2,0.255813953,9887
2009,Destin Hood,WSN,R,19,25,88,99,29,13,10,3,3,18,24,8,0,19,1,1,0,4,3,0,0.329545454,9887
2009,Yorman Rodriguez,CIN,R,16,22,84,95,23,20,2,1,0,9,2,10,0,23,0,1,0,0,5,0,0.273809523,9922
2009,Darin Ruf,PHI,R,22,20,43,50,14,11,3,0,0,5,6,3,0,8,3,1,0,2,0,0,0.325581395,9929
2021,Anthony Prato,MIN,CPX,23,5,18,23,4,4,0,0,0,4,2,3,0,5,2,0,0,0,1,0,0.222222222,sa1052903
2019,Ryan Fineman,TBR,R,22,18,38,43,6,3,3,0,0,4,5,3,0,10,2,0,0,4,0,0,0.157894736,sa1054436
2019,Dean Miller,BOS,R,22,37,128,147,37,20,10,3,4,20,24,15,0,40,2,1,1,7,1,0,0.2890625,sa1056110
2021,Logan Allen,TBR,CPX,22,10,30,36,6,6,0,0,0,10,5,6,0,5,0,0,0,1,4,0,0.2,sa1169956
2019,Javeon Cody,MIA,R,19,31,93,116,16,11,5,0,0,18,6,22,0,29,0,0,1,0,12,2,0.17204301,sa1169970
2021,Javeon Cody,MIA,CPX,21,12,41,51,9,8,0,1,0,9,3,8,0,13,2,0,0,0,8,2,0.219512195,sa1169970
2019,Matt O'Neill,NYM,R,21,25,70,95,20,15,3,1,1,9,8,18,0,23,4,2,1,0,0,1,0.285714285,sa1170279
2019,Leon Paulino,BOS,R,18,25,72,84,11,7,4,0,0,8,4,11,0,36,1,0,0,0,1,1,0.152777777,sa1170427
2019,Casey Combs,MIA,R,22,13,27,35,6,6,0,0,0,5,2,4,0,4,2,0,2,0,1,0,0.222222222,sa1170432
2019,Kyle MacDonald,NYY,R,23,15,48,58,17,10,4,1,2,5,11,8,0,7,1,1,0,0,0,0,0.354166666,sa1170553
2019,Dylan Shockley,PIT,R,22,26,82,96,15,13,2,0,0,5,10,6,0,28,3,4,1,2,1,0,0.182926829,sa1170874
2021,Dylan Shockley,PIT,CPX,24,8,18,27,4,2,1,0,1,8,6,7,0,6,1,1,0,1,0,0,0.222222222,sa1170874
2019,Javier Reynoso,NYY,R,18,38,126,148,27,23,3,0,1,14,14,14,0,48,5,3,0,1,0,1,0.214285714,sa1170909
2019,Patrick Causa,NYM,R,22,31,60,74,12,8,3,1,0,10,4,12,0,21,1,1,0,2,0,1,0.2,sa1172803
2006,Josh Burrus,ATL,R,22,8,26,28,4,3,1,0,0,4,1,2,0,7,0,0,0,1,2,1,0.153846153,sa200288
2006,Ryan Carter,LAD,R,23,7,23,26,8,3,4,0,1,8,5,3,0,5,0,0,0,0,2,0,0.347826086,sa201087
2008,Victor Sanchez,PIT,R,21,34,102,122,29,25,2,2,0,14,10,13,0,14,2,0,5,3,7,7,0.284313725,sa210508
2012,Jose Gomez,STL,R,20,23,57,65,11,9,2,0,0,6,7,6,0,14,1,1,0,2,0,1,0.192982456,sa212944
2013,Jose Gomez,STL,R,21,20,50,56,16,14,1,1,0,4,4,3,0,11,1,2,0,1,0,0,0.32,sa212944
2006,Cody Collet,DET,R,21,22,49,53,9,7,1,0,1,2,8,2,0,15,1,0,1,2,1,0,0.183673469,sa236456
2006,Luis Soto,BOS,R,20,7,25,27,4,1,2,1,0,2,0,1,0,4,1,0,0,2,0,0,0.16,sa243491
2006,Euvi Solano,PIT,R,24,13,45,46,11,9,1,0,1,2,8,1,0,9,0,0,0,1,2,0,0.244444444,sa244170
2006,Agustin Septimo,FLA,R,22,5,18,21,6,4,2,0,0,3,1,2,0,1,1,0,0,0,0,0,0.333333333,sa244307
2006,Lopez Patino,DET,R,20,27,74,80,20,18,2,0,0,12,4,5,0,7,1,0,0,1,0,3,0.27027027,sa244333
2010,Ryan Royster,TBR,R,23,7,21,22,8,6,1,1,0,2,5,1,0,4,0,0,0,0,0,0,0.38095238,sa253299
2006,Matt Van Der Bosch,BOS,R,24,5,19,23,5,3,0,0,2,3,6,3,0,3,1,0,0,0,1,1,0.263157894,sa253703
2006,A.J. Johnson,PIT,R,22,12,38,44,13,10,1,1,1,5,6,6,0,5,0,0,0,0,0,0,0.342105263,sa253934
2006,Grant Plumley,NYY,R,24,9,29,32,8,7,0,1,0,4,3,2,0,2,0,1,0,4,0,0,0.275862068,sa253960
2007,David Hernandez,MIN,R,22,11,31,35,10,6,4,0,0,4,2,3,0,7,1,0,0,0,1,0,0.322580645,sa254444
2008,Brahiam Maldonado,NYM,R,22,5,18,20,6,3,3,0,0,4,3,2,0,1,0,0,0,0,1,0,0.333333333,sa254474
2006,Rubi Koko,ATL,R,20,42,110,126,29,21,6,0,2,18,14,13,0,39,1,0,2,0,10,2,0.263636363,sa254498
2006,Jesus Mora,LAD,R,22,15,48,53,15,11,2,1,1,8,7,3,0,8,0,0,2,0,0,0,0.3125,sa254537
2006,Issael Gonzalez,PIT,R,19,21,53,60,12,9,2,1,0,4,3,5,0,10,2,0,0,1,2,1,0.226415094,sa254601
2006,David Munoz,PIT,R,21,6,16,22,3,2,1,0,0,2,0,5,0,2,0,0,1,0,0,1,0.1875,sa254626
2009,Greg Picart,PIT,R,23,5,20,20,6,5,1,0,0,0,1,0,0,3,0,0,0,1,0,1,0.3,sa254628
2006,Jon Mark Owings,ATL,R,21,13,38,46,14,10,4,0,0,5,6,6,1,6,1,1,0,0,2,0,0.368421052,sa254697
2006,Nathan Messner,FLA,R,20,11,41,48,15,14,1,0,0,9,7,6,0,7,1,0,0,2,2,1,0.365853658,sa254906
2006,Curt Miaso,PHI,R,20,27,75,93,15,11,2,1,1,5,11,14,1,13,2,1,0,0,0,3,0.2,sa268668
2006,Adam Parliament,ATL,R,20,45,167,191,39,26,8,1,4,18,21,18,0,45,5,1,0,3,3,0,0.233532934,sa276659
2006,Jay Nilsson,CLE,R,18,22,76,90,21,12,6,0,3,15,15,7,0,18,5,1,1,3,3,0,0.276315789,sa283193
2007,Jay Nilsson,CLE,R,19,26,83,98,19,11,6,0,2,21,9,4,0,27,10,0,1,1,0,0,0.228915662,sa283193
2006,Jean Luc Blaquiere,NYM,R,20,27,74,82,19,15,3,0,1,7,8,5,0,13,2,0,1,0,0,1,0.256756756,sa284807
2006,Matthew Lawman,MIN,R,19,28,86,98,22,20,2,0,0,9,4,8,0,20,1,0,3,0,2,3,0.255813953,sa286039
2006,Trevion Griffin,ATL,R,21,31,65,75,13,10,2,0,1,8,9,8,0,18,2,0,0,2,2,1,0.2,sa288762
2006,Michael Jones,BOS,R,21,34,122,137,38,20,9,0,9,24,28,9,0,25,4,1,0,6,0,0,0.311475409,sa288768
2010,Matt Fields,TBR,R,24,6,22,26,5,3,0,0,2,3,5,3,1,9,1,0,0,0,3,0,0.227272727,sa289014
2007,Brandon Monk,ATL,R,20,8,22,25,4,3,1,0,0,2,1,3,0,8,0,0,0,0,0,0,0.181818181,sa290207
2006,Matthew Betsill,MIN,R,21,10,34,37,4,4,0,0,0,1,2,1,0,10,0,1,1,0,0,1,0.117647058,sa290222
2006,Matthew Spath,NYM,R,19,27,96,109,22,17,3,2,0,10,13,11,0,28,1,0,1,2,0,1,0.229166666,sa290229
2010,Jose Martinez,STL,R,24,6,20,22,5,3,2,0,0,1,4,1,0,1,1,0,0,1,0,0,0.25,sa291098
2006,Cristo Arnal,CLE,R,20,44,140,160,32,25,5,1,1,19,16,15,0,21,2,1,2,2,11,3,0.228571428,sa291124
2006,Juan Montero,NYM,R,20,45,185,192,47,35,4,6,2,22,20,2,0,36,3,2,0,0,6,2,0.254054054,sa291131
2007,Ben Blumenthal,NYY,R,24,26,63,75,21,13,3,2,3,11,5,8,0,20,1,0,3,1,0,0,0.333333333,sa291142
2006,Gregory Cain,NYM,R,19,28,86,108,16,12,2,2,0,13,12,16,0,29,3,2,1,1,3,2,0.186046511,sa291483
2006,Jermaine Williams,PHI,R,19,23,76,79,6,5,1,0,0,4,1,2,0,21,1,0,0,4,2,0,0.078947368,sa291526
2006,Michael Jones,CIN,R,19,43,136,154,24,18,6,0,0,11,6,10,0,24,3,1,4,3,3,3,0.176470588,sa291698
2006,Steven Garcia,ATL,R,19,29,82,89,17,12,3,0,2,8,5,4,0,25,3,0,0,2,0,0,0.207317073,sa291729
2006,Courtney Billingslea,NYM,R,20,27,96,104,12,6,3,0,3,8,6,6,0,47,2,0,0,0,3,1,0.125,sa291736
2006,Cody Allen,FLA,R,19,43,133,155,20,18,2,0,0,15,4,15,0,40,3,1,3,4,4,1,0.150375939,sa291746
2006,Albert Laboy,PIT,R,19,19,75,83,20,14,3,2,1,10,9,6,0,14,0,1,1,1,4,4,0.266666666,sa292362
2006,Kyle Padgett,FLA,R,23,18,58,66,10,9,1,0,0,2,7,6,0,16,1,1,0,0,0,2,0.172413793,sa293094
2006,Daniel Rios,PIT,R,20,17,53,62,12,9,3,0,0,10,8,8,0,10,0,1,0,1,0,1,0.226415094,sa293101
2007,Luis Rivera,NYM,R,23,7,29,30,6,5,0,1,0,4,3,0,0,1,1,0,0,1,1,1,0.206896551,sa293191
2006,Juan Mesa,PIT,R,21,20,57,63,15,12,2,1,0,6,7,3,0,16,3,0,0,1,0,1,0.263157894,sa293547
2006,Brett Dalton,PHI,R,23,17,56,64,11,9,1,0,1,11,3,7,0,10,1,0,0,3,2,2,0.196428571,sa293728
2006,Alberto Cambero,PHI,R,20,27,98,115,20,13,6,0,1,18,8,12,0,22,3,1,1,0,12,1,0.204081632,sa293846
2007,Ryan Roberson,DET,R,23,7,17,22,4,4,0,0,0,2,0,4,0,5,1,0,0,1,1,0,0.235294117,sa294015
2006,Victor Igsema,PIT,R,20,39,133,152,38,25,7,1,5,17,26,13,0,34,4,1,1,3,5,2,0.285714285,sa294039
2006,Smelin Perez,PIT,R,20,47,190,206,56,44,8,3,1,27,13,12,0,23,1,1,2,4,13,5,0.294736842,sa294043
2006,Willman Roman,PIT,R,21,20,60,65,10,7,3,0,0,4,2,4,0,14,0,1,0,2,0,1,0.166666666,sa294053
2006,Audy Ciriaco,DET,R,19,50,175,187,38,26,7,1,4,26,19,9,0,30,1,1,1,2,9,1,0.217142857,sa294300
2006,Angel Fermin,NYY,R,20,25,81,97,18,12,4,1,1,9,9,8,0,23,5,0,2,2,1,0,0.222222222,sa294326
2006,Jonathan Egan,BOS,R,19,37,127,140,43,26,10,3,4,22,19,13,0,36,0,0,0,1,0,0,0.338582677,sa294358
2007,Jonathan Egan,BOS,R,20,8,28,34,3,2,1,0,0,1,4,4,0,15,0,2,0,1,0,0,0.107142857,sa294358
2006,Michael Durant,PHI,R,19,11,31,36,7,5,2,0,0,3,2,3,0,14,2,0,0,0,2,1,0.225806451,sa294377
2006,Kevyn Feiner,CIN,R,19,28,88,92,20,17,2,0,1,4,6,3,0,14,0,0,1,2,0,2,0.227272727,sa294419
2007,Kevyn Feiner,CIN,R,20,10,35,37,10,8,2,0,0,3,1,1,0,6,0,0,1,1,3,1,0.285714285,sa294419
2006,Reid Engel,BOS,R,19,6,20,23,4,3,0,1,0,2,0,3,0,5,0,0,0,0,1,0,0.2,sa294503
2006,Christopher Haupt,FLA,R,19,19,26,35,2,2,0,0,0,3,1,6,0,9,2,0,1,0,1,0,0.076923076,sa294681
2006,Roman Pena,CLE,R,19,43,151,180,47,29,12,1,5,27,23,22,0,48,4,2,1,1,6,3,0.311258278,sa294705
2006,Eliazar Carmona,ATL,R,20,45,139,151,32,28,2,1,1,10,10,10,0,22,1,1,0,2,9,1,0.230215827,sa295112
2006,Deivis Rivadeneira,ATL,R,20,16,47,54,13,11,2,0,0,5,7,5,0,4,2,0,0,1,0,0,0.276595744,sa295113
2006,Rigoberto Silverio,FLA,R,19,44,162,179,37,32,5,0,0,13,8,12,0,30,1,0,4,0,3,2,0.228395061,sa295114
2006,Emilio Linares,BOS,R,20,25,62,64,15,11,3,1,0,7,6,2,0,24,0,0,0,3,0,0,0.241935483,sa295117
2006,Angel Flores,DET,R,19,21,47,56,11,9,1,0,1,2,8,7,0,5,0,0,2,1,2,0,0.234042553,sa295121
2006,Johan Figuereo,WSN,R,20,48,165,185,33,24,8,0,1,17,12,15,0,39,1,1,3,2,1,1,0.2,sa295172
2006,Agustin German,WSN,R,20,14,38,45,8,5,2,1,0,3,6,6,0,9,0,0,1,1,0,1,0.210526315,sa295173
2006,Jonathan Martinez,WSN,R,21,28,98,120,21,19,1,1,0,15,7,17,0,24,2,0,3,0,1,2,0.214285714,sa295175
2009,Ernesto Mejia,ATL,R,23,10,28,34,6,4,1,0,1,3,3,3,0,5,2,1,0,0,0,0,0.214285714,sa295188
2006,Yossandy Garcia,LAD,R,18,33,111,121,27,16,7,1,3,17,19,8,0,36,1,0,1,1,3,1,0.243243243,sa295196
2007,Yossandy Garcia,LAD,R,19,38,127,145,32,18,6,0,8,24,26,16,0,40,1,1,0,3,4,1,0.251968503,sa295196
2006,Eloy Gutierrez,LAD,R,21,19,65,77,17,12,4,0,1,13,6,11,0,17,0,0,1,2,7,0,0.261538461,sa295198
2007,Amauri Guzman,LAD,R,20,20,58,68,18,14,1,1,2,12,13,7,0,20,2,1,0,1,0,1,0.310344827,sa295199
2006,Jean Alvarez,WSN,R,19,48,146,180,32,28,2,0,2,26,8,25,0,46,5,1,3,2,0,3,0.219178082,sa295210
2006,Jorge De la Cruz,WSN,R,20,46,164,187,36,23,11,0,2,15,26,13,0,43,2,7,1,3,0,1,0.219512195,sa295211
2006,Cristian Ogando,WSN,R,19,8,21,22,7,6,1,0,0,4,2,0,0,6,1,0,0,0,0,0,0.333333333,sa295212
2006,Javier Rumbos,CIN,R,20,16,35,41,10,8,2,0,0,1,3,4,1,6,0,1,1,1,0,0,0.285714285,sa295219
2006,Daniel Sandoval,DET,R,21,14,33,37,3,1,2,0,0,0,3,4,0,5,0,0,0,1,0,1,0.09090909,sa295220
2006,Miguel Barrientos,MIN,R,19,8,28,31,4,4,0,0,0,1,2,2,0,8,0,0,1,1,0,0,0.142857142,sa295221
2006,Juan Delgado,MIN,R,19,40,136,147,31,23,4,3,1,17,15,9,1,40,2,0,0,1,5,4,0.227941176,sa295224
2006,J.T. Lafountain,NYY,R,24,11,29,41,5,3,1,1,0,5,2,10,0,4,2,0,0,2,2,2,0.172413793,sa295225
2006,Juan Agustin,FLA,R,21,21,72,77,16,10,2,0,4,11,9,4,0,21,0,1,0,1,2,2,0.222222222,sa295505
2006,John Walk,PIT,R,23,10,19,23,1,0,1,0,0,2,0,3,0,9,1,0,0,2,0,0,0.052631578,sa295506
2008,Hank Sanchez,MIN,R,21,7,20,23,1,0,1,0,0,1,0,3,0,14,0,0,0,0,0,0,0.05,sa295515
2006,Manuel Arambarris,BOS,R,20,19,64,72,21,16,4,1,0,9,10,5,0,3,0,1,2,1,0,0,0.328125,sa295621
2006,Luis Ramos,FLA,R,19,25,63,77,10,8,1,1,0,8,0,10,0,15,1,0,3,2,2,2,0.158730158,sa295640
2006,Derrick Mitchell,PHI,R,19,32,108,120,23,15,6,0,2,12,12,8,0,21,3,0,1,2,6,4,0.212962962,sa295726
2006,Rodolfo Palacios,MIN,R,21,37,111,127,31,26,5,0,0,14,16,16,0,13,0,0,0,1,0,1,0.279279279,sa297502
2010,Tony Bryant,STL,R,18,35,97,121,18,14,2,0,2,13,14,17,0,41,2,1,4,1,8,0,0.18556701,sa3001881
2011,Tony Bryant,STL,R,19,36,106,126,22,17,2,2,1,17,13,15,0,40,3,1,1,2,11,3,0.207547169,sa3001881
2012,Tony Bryant,STL,R,20,38,119,140,33,22,7,0,4,21,19,19,0,36,1,1,0,3,18,8,0.277310924,sa3001881
2018,Caldioli Sanfler,WSN,R,20,23,86,96,19,15,1,3,0,14,6,7,0,23,1,1,1,1,7,2,0.220930232,sa3002621
2019,Jesus Feliz,MIN,R,19,42,149,161,34,18,9,3,4,19,18,8,1,33,4,0,0,3,2,2,0.228187919,sa3002624
2021,Jesus Feliz,MIN,CPX,21,6,22,23,8,4,2,0,2,7,3,1,0,6,0,0,0,0,0,0,0.363636363,sa3002624
2019,Victor Heredia,MIN,R,19,40,136,157,35,29,5,0,1,17,18,16,0,31,3,2,0,1,1,1,0.257352941,sa3002625
2019,Wander Valdez,MIN,R,19,29,93,102,30,20,6,0,4,15,13,9,0,29,0,0,0,0,1,1,0.322580645,sa3002626
2021,Wander Valdez,MIN,CPX,21,40,122,145,30,19,8,0,3,25,11,17,1,45,5,1,0,4,4,0,0.245901639,sa3002626
2018,Estamy Urena,MIN,R,19,41,147,162,43,35,6,2,0,18,21,11,1,13,1,3,0,5,5,1,0.292517006,sa3002628
2019,Francisco Martinez,MIN,R,20,43,135,152,27,12,7,3,5,20,20,16,0,57,1,0,0,0,3,0,0.2,sa3002630
2018,Ronaldy Sosa,WSN,R,19,35,114,124,21,15,6,0,0,11,12,8,0,24,1,1,0,1,0,0,0.184210526,sa3002631
2018,Alberoni Nunez,MIN,R,19,46,164,176,31,23,6,1,1,17,19,9,0,53,0,1,2,4,2,2,0.18902439,sa3002633
2018,Wilmer Perez,WSN,R,20,29,100,113,31,24,6,0,1,21,21,6,1,14,2,5,0,2,2,0,0.31,sa3002634
2019,Geraldi Diaz,WSN,R,18,24,75,95,21,16,4,0,1,16,7,13,0,11,5,1,1,0,1,2,0.28,sa3002635
2018,Julio Francisco,PHI,R,20,44,167,182,49,36,9,4,0,28,11,12,0,18,3,0,0,2,14,4,0.293413173,sa3002694
2019,Jean Selmo,STL,R,19,23,66,73,12,8,3,0,1,5,9,6,0,31,0,1,0,2,1,0,0.181818181,sa3002704
2019,Jose Tortolero,PHI,R,19,30,103,113,22,16,3,1,2,16,15,4,0,20,1,4,1,0,3,1,0.213592233,sa3002708
2018,Juan Aparicio,PHI,R,18,39,112,119,38,25,9,1,3,24,15,4,0,26,3,0,0,2,0,1,0.339285714,sa3002710
2018,Nicolas Torres,PHI,R,18,39,139,151,42,32,8,1,1,19,19,8,0,27,0,0,4,4,7,1,0.302158273,sa3002711
2021,Albert Suarez,NYM,CPX,21,25,60,65,10,5,4,1,0,4,6,3,0,18,1,0,1,1,1,1,0.166666666,sa3002855
2017,Chris Hess,NYY,R,22,16,49,59,12,8,3,1,0,6,8,7,0,9,1,1,1,0,0,1,0.244897959,sa3002877
2018,Brandon Benson,STL,R,22,11,28,33,7,4,1,0,2,8,5,4,0,7,1,0,0,0,0,2,0.25,sa3002879
2017,Yunior Severino,ATL,R,17,48,189,206,54,32,17,2,3,27,27,16,0,61,1,0,0,2,0,1,0.285714285,sa3003185
2019,Yunior Severino,MIN,R,19,6,22,22,5,2,1,1,1,2,2,0,0,6,0,0,0,0,0,0,0.227272727,sa3003185
2017,Robert Javier,NYY,R,18,53,191,222,50,40,6,3,1,28,26,19,0,55,6,1,5,4,10,9,0.261780104,sa3003187
2018,Luidemid Rojas,ATL,R,19,25,74,84,16,15,1,0,0,12,4,9,0,27,0,0,1,0,1,1,0.216216216,sa3003188
2019,Luidemid Rojas,ATL,R,20,20,55,60,14,9,4,1,0,6,3,2,0,16,2,0,1,3,0,0,0.254545454,sa3003188
2018,Freudis Nova,HOU,R,18,41,146,157,45,35,3,1,6,21,28,6,0,21,1,4,0,1,9,5,0.308219178,sa3003195
2018,Victor Garcia,STL,R,18,33,125,139,38,31,4,2,1,25,19,7,0,24,7,0,0,4,0,0,0.304,sa3003196
2018,Miguel Pena,MIA,R,20,6,18,20,6,4,1,1,0,3,1,2,0,3,0,0,0,0,0,0,0.333333333,sa3003201
2018,Charles Reyes,ATL,R,18,34,115,122,29,23,4,1,1,10,11,3,0,29,1,1,2,3,0,1,0.252173913,sa3003202
2021,Charles Reyes,ATL,CPX,21,12,41,43,12,7,3,1,1,8,3,2,0,11,0,0,0,1,2,0,0.292682926,sa3003202
2019,Pablo Gomez,STL,R,19,44,124,154,26,16,6,1,3,15,16,21,0,30,5,3,1,4,0,3,0.209677419,sa3003203
2019,Freddy De Jesus,STL,R,19,38,122,144,22,15,4,0,3,15,10,16,2,37,5,1,0,3,0,0,0.180327868,sa3003205
2018,Jhoander Saez,NYM,R,20,41,139,150,32,26,5,1,0,20,11,11,0,54,0,0,0,2,11,2,0.230215827,sa3003206
2019,Amador Arias,TBR,R,18,13,44,51,10,8,1,0,1,6,4,3,0,11,1,1,1,0,0,0,0.227272727,sa3003216
2018,Rafael Lantigua,TOR,R,20,8,33,37,7,3,3,1,0,7,3,3,0,7,1,0,0,0,1,0,0.212121212,sa3003219
2018,Aldenis Sanchez,TBR,R,19,47,185,205,52,46,4,2,0,27,22,16,1,34,1,1,2,1,16,4,0.281081081,sa3003222
2019,Johan Lopez,TBR,R,18,34,111,130,31,22,6,2,1,20,12,12,0,8,2,2,3,4,2,1,0.279279279,sa3003228
2018,Jhon Torres,STL,R,18,17,63,75,25,15,6,0,4,11,14,8,0,13,4,0,0,1,1,1,0.396825396,sa3003233
2018,Wilfred Astudillo,NYM,R,18,14,50,54,13,9,4,0,0,7,5,3,0,5,1,0,0,1,2,0,0.26,sa3003236
2018,Warnel Valdez,TOR,R,19,33,121,124,29,17,9,1,2,14,15,2,0,32,0,1,0,3,2,0,0.239669421,sa3003241
2018,Edgar Made,PHI,R,18,29,83,90,21,15,3,1,2,13,15,4,0,18,2,1,0,1,2,3,0.253012048,sa3003244
2021,Edgar Made,PHI,CPX,21,17,33,47,6,4,1,0,1,10,5,12,0,8,1,1,0,0,3,1,0.181818181,sa3003244
2019,Edgar Made,PHI,R,19,42,165,184,55,36,12,4,3,31,34,13,0,26,4,2,0,1,5,5,0.333333333,sa3003244
2018,Alexander Santana,NYY,R,17,40,133,147,26,16,9,1,0,13,8,10,0,54,4,0,0,1,0,2,0.195488721,sa3003247
2018,Jose Villa,NYY,R,19,33,116,121,43,30,8,3,2,12,21,1,0,27,4,0,0,1,5,3,0.370689655,sa3003253
2018,Hector Guerrero,TOR,R,20,15,45,52,18,13,2,2,1,15,7,7,0,6,0,0,0,0,1,1,0.4,sa3003254
2021,Claudio Finol,PIT,CPX,21,21,58,66,16,8,6,1,1,7,10,5,0,16,2,1,0,0,1,0,0.275862068,sa3003256
2019,Frank Veliz,DET,R,19,27,87,102,18,14,3,1,0,13,9,8,0,18,4,2,1,0,5,1,0.206896551,sa3003257
2022,Frank Veliz,DET,CPX,22,15,37,43,7,6,0,0,1,4,4,5,0,11,1,0,0,0,0,0,0.189189189,sa3003257
2021,Frank Veliz,DET,CPX,21,49,158,178,36,26,6,2,2,22,13,18,0,48,1,1,0,2,4,3,0.227848101,sa3003257
2019,Jimmy Mojica,DET,R,19,39,140,155,38,30,7,1,0,19,14,9,0,26,3,3,0,3,3,3,0.271428571,sa3003260
2021,Jimmy Mojica,DET,CPX,21,46,150,176,36,27,3,2,4,21,19,16,0,33,8,2,0,1,3,6,0.24,sa3003260
2022,Jimmy Mojica,DET,CPX,22,21,50,59,14,12,1,0,1,9,3,7,0,18,2,0,0,0,2,0,0.28,sa3003260
2018,Eliezer Alfonzo,DET,R,18,22,69,80,15,13,1,0,1,7,12,9,0,9,0,2,0,1,3,1,0.217391304,sa3003262
2018,Miguel Torres,NYY,R,18,11,19,20,1,1,0,0,0,1,1,1,0,8,0,0,0,0,0,0,0.052631578,sa3003265
2019,Miguel Torres,NYY,R,19,20,31,39,5,4,1,0,0,2,3,6,0,9,1,1,0,2,0,0,0.161290322,sa3003265
2019,Esney Chacon,DET,R,19,24,94,104,19,17,2,0,0,11,8,7,0,15,0,2,1,3,4,4,0.202127659,sa3003267
2019,Esney Chacon,DET,R,19,14,57,68,9,6,3,0,0,9,5,10,0,11,0,1,0,3,4,0,0.157894736,sa3003267
2021,Esney Chacon,DET,CPX,21,18,51,61,15,11,2,2,0,7,6,8,0,11,2,0,0,3,1,1,0.294117647,sa3003267
2019,Yerjeni Perez,DET,R,19,13,39,45,9,6,3,0,0,9,2,4,0,14,1,0,1,1,0,0,0.23076923,sa3003269
2021,Yerjeni Perez,DET,CPX,21,35,92,105,17,15,2,0,0,11,7,12,0,40,0,1,0,2,1,0,0.184782608,sa3003269
2019,Yerjeni Perez,DET,R,19,18,58,66,13,11,1,0,1,10,8,8,0,13,0,0,0,0,3,0,0.224137931,sa3003269
2018,Diego Infante,TBR,R,18,34,125,133,29,23,4,1,1,16,21,8,0,34,0,0,0,1,6,0,0.232,sa3003280
2018,Luis Arcendo,TBR,R,18,32,95,112,15,12,3,0,0,12,10,14,0,23,0,1,2,0,8,6,0.157894736,sa3003281
2019,Luis Arcendo,TBR,R,19,12,25,28,9,8,1,0,0,5,2,2,0,7,0,0,1,0,3,0,0.36,sa3003281
2019,Abiezel Ramirez,TBR,R,19,37,135,150,39,27,8,2,2,19,24,13,0,38,0,0,2,2,7,0,0.288888888,sa3003282
2018,Jose Peroza,NYM,R,18,24,87,95,16,12,3,1,0,4,7,8,0,25,0,0,0,3,2,2,0.183908045,sa3003288
2019,Jose Peroza,NYM,R,19,16,64,72,21,7,6,2,6,14,20,4,0,15,3,1,0,2,1,0,0.328125,sa3003288
2018,Francisco Acuna,PIT,R,18,36,113,130,26,20,6,0,0,22,9,10,0,23,4,2,1,3,1,0,0.230088495,sa3003291
2019,Joyser Garcia,STL,R,19,21,58,66,14,11,3,0,0,6,6,6,0,16,0,1,0,3,0,0,0.24137931,sa3003293
2018,Asdrubal Alvarez,NYY,R,18,42,118,135,31,25,6,0,0,11,13,15,1,35,0,1,1,1,5,3,0.262711864,sa3003294
2019,Asdrubal Alvarez,NYY,R,19,22,59,72,8,6,2,0,0,9,5,11,0,14,2,0,0,1,4,1,0.13559322,sa3003294
2019,Luis Montano,STL,R,19,40,141,158,27,13,11,3,0,17,19,13,0,60,3,1,0,2,1,2,0.191489361,sa3003297
2021,Luis Montano,STL,CPX,21,35,120,132,33,17,10,2,4,21,17,12,0,37,0,0,0,2,2,0,0.275,sa3003297
2019,Yhon Perez,TOR,R,19,37,96,113,29,21,8,0,0,13,15,14,0,14,2,0,1,2,7,3,0.302083333,sa3003306
2021,Yhon Perez,TOR,CPX,21,19,38,49,10,10,0,0,0,7,3,9,0,7,2,0,0,2,1,0,0.263157894,sa3003306
2018,Christian Valerio,PHI,R,18,38,126,144,34,23,10,0,1,15,18,13,0,22,1,1,3,2,6,2,0.269841269,sa3003308
2019,Christian Valerio,PHI,R,19,28,93,107,18,14,3,0,1,12,11,11,0,23,0,1,2,0,2,3,0.193548387,sa3003308
2018,Sean Mendoza,HOU,R,18,34,115,134,31,24,6,1,0,14,10,18,0,17,0,0,1,1,6,1,0.269565217,sa3003312
2019,Sean Mendoza,HOU,R,19,40,132,157,31,25,6,0,0,18,9,19,0,17,4,2,0,2,10,2,0.234848484,sa3003312
2018,Luis Rojas,PHI,R,18,33,110,122,25,24,1,0,0,19,7,8,1,10,0,2,2,6,3,3,0.227272727,sa3003315
2019,Luis Rojas,PHI,R,19,34,105,119,25,22,1,0,2,17,13,9,0,16,1,3,1,1,4,5,0.238095238,sa3003315
2018,Jesus Severino,NYY,R,18,45,137,163,34,23,5,3,3,24,18,14,0,54,12,0,0,0,18,5,0.248175182,sa3003318
2019,Jesus Severino,NYY,R,19,7,19,24,1,1,0,0,0,3,1,4,0,7,1,0,0,0,0,0,0.052631578,sa3003318
2018,Carlos Soler,STL,R,18,15,57,61,14,7,4,3,0,8,9,2,0,17,2,0,0,0,1,1,0.245614035,sa3003320
2018,Nerio Rodriguez,HOU,R,18,40,106,120,20,12,8,0,0,13,8,14,0,38,0,0,0,0,0,0,0.188679245,sa3003325
2019,Nerio Rodriguez,HOU,R,19,31,95,115,25,14,8,0,3,17,13,19,1,29,1,0,0,1,0,0,0.263157894,sa3003325
2019,Franklin Soto,STL,R,19,41,146,171,33,20,9,2,2,24,12,20,0,33,5,0,0,3,6,4,0.226027397,sa3003328
2018,Deury Carrasco,HOU,R,18,38,120,138,29,20,3,5,1,17,8,16,0,34,1,0,1,0,17,6,0.241666666,sa3003330
2019,Hugo Cardona,TOR,R,19,41,153,182,35,27,6,2,0,34,12,20,0,40,5,1,3,0,21,3,0.228758169,sa3003339
2019,Yowelfy Rosario,STL,R,19,40,140,157,29,21,5,2,1,7,18,13,0,50,2,1,1,3,3,4,0.207142857,sa3003346
2018,Sebastian Espino,NYM,R,18,46,150,169,40,26,13,1,0,20,18,15,0,39,0,2,2,1,4,3,0.266666666,sa3003347
2018,Christopher Rodriguez,MIA,R,18,39,129,151,24,14,6,1,3,12,21,14,0,37,4,3,1,0,1,0,0.186046511,sa3003349
2019,Christopher Rodriguez,MIA,R,19,14,50,55,14,9,4,0,1,2,4,4,0,18,1,0,0,0,1,0,0.28,sa3003349
2018,Jorge Caballero,MIA,R,18,45,160,194,48,39,8,1,0,19,21,29,0,49,1,1,3,2,2,2,0.3,sa3003360
2021,Jorge Caballero,MIA,CPX,21,15,46,55,16,11,2,1,2,12,13,8,0,15,1,0,0,0,0,0,0.347826086,sa3003360
2018,Omar Lebron,MIA,R,19,42,151,175,34,19,9,0,6,23,17,14,1,38,6,2,2,1,5,4,0.225165562,sa3003365
2019,Omar Lebron,MIA,R,20,39,125,152,28,17,7,3,1,16,23,20,0,30,5,2,0,0,5,2,0.224,sa3003365
2018,John Lantigua,PIT,R,20,30,82,93,19,16,2,1,0,9,8,4,1,22,3,1,3,1,2,3,0.231707317,sa3003370
2017,Malvin Del Orbe,NYY,R,20,22,64,67,12,8,4,0,0,3,5,2,0,14,0,1,0,2,0,0,0.1875,sa3003376
2019,Jose Alvarez,HOU,R,19,38,127,141,35,27,5,2,1,15,17,11,0,25,2,1,0,5,1,0,0.275590551,sa3003377
2021,Jose Alvarez,HOU,CPX,21,17,44,51,14,11,2,1,0,5,6,5,0,10,1,1,0,1,3,1,0.318181818,sa3003377
2019,Luis Matos,PHI,R,19,35,131,141,34,25,5,4,0,21,12,9,0,36,1,0,0,1,6,3,0.259541984,sa3003378
2018,Luis Matos,PHI,R,18,36,111,122,30,28,2,0,0,13,11,5,0,29,1,2,3,1,8,5,0.27027027,sa3003378
2018,Daniel Paulino,MIA,R,19,25,73,83,19,14,4,1,0,14,7,7,0,16,1,1,1,2,5,1,0.260273972,sa3003380
2019,Daniel Paulino,MIA,R,20,21,55,57,12,8,3,1,0,7,1,1,0,16,1,0,0,0,2,0,0.218181818,sa3003380
2018,Walner Espinal,MIA,R,18,45,151,171,38,26,8,1,3,17,26,11,1,46,3,4,2,3,0,2,0.251655629,sa3003392
2019,Walner Espinal,MIA,R,19,38,115,124,22,13,6,0,3,10,17,7,0,37,0,1,1,4,1,0,0.191304347,sa3003392
2021,Maicol Sosa,MIA,CPX,22,24,68,83,13,11,2,0,0,9,9,12,0,28,2,1,0,0,0,1,0.19117647,sa3003403
2018,Christian Andrade,NYY,R,19,36,110,124,21,14,3,0,4,13,11,12,0,51,2,0,0,1,3,2,0.19090909,sa3003405
2019,Cristhian Longa,STL,R,19,28,102,110,23,16,7,0,0,7,8,4,0,28,4,0,0,0,2,2,0.225490196,sa3003408
2021,Jose Palma,ATL,CPX,22,34,93,113,24,21,3,0,0,21,9,16,0,17,2,0,2,3,13,4,0.258064516,sa3003411
2018,Wiston Cerrato,ATL,R,19,21,44,49,7,6,1,0,0,4,0,4,0,13,1,0,0,0,0,1,0.159090909,sa3003412
2019,Wiston Cerrato,ATL,R,20,26,81,93,19,12,5,1,1,8,12,5,0,13,3,1,3,2,1,0,0.234567901,sa3003412
2019,Freddvil Chevez,TBR,R,19,26,98,102,24,21,2,1,0,9,8,2,0,19,1,1,0,3,0,0,0.244897959,sa3003413
2021,Freddvil Chevez,TBR,CPX,21,32,120,139,35,25,7,0,3,23,19,11,0,28,3,4,1,4,0,0,0.291666666,sa3003413
2019,Jevi Hernandez,PHI,R,20,37,125,142,30,24,4,2,0,18,7,12,1,34,4,0,1,2,12,3,0.24,sa3003415
2018,Jean Eusebio,PIT,R,17,31,106,116,25,17,5,2,1,15,15,6,0,27,1,1,2,0,4,4,0.235849056,sa3003416
2018,Jose Rivera,PHI,R,19,35,101,119,28,22,5,1,0,13,19,12,0,19,2,4,0,3,0,0,0.277227722,sa3003420
2019,Jose Rivera,PHI,R,20,31,81,104,16,10,5,0,1,14,15,20,0,25,1,2,0,0,7,2,0.197530864,sa3003420
2019,Julio Meza,TBR,R,20,39,139,154,33,28,4,1,0,11,16,5,0,28,5,4,1,4,0,0,0.237410071,sa3003423
2021,Julio Meza,TBR,CPX,22,8,18,25,4,3,1,0,0,4,4,5,0,8,0,1,0,0,1,0,0.222222222,sa3003423
2021,Brhayan Campos,MIA,CPX,22,12,28,35,4,3,1,0,0,1,3,5,0,9,2,0,0,0,0,1,0.142857142,sa3003424
2019,Edidson Rojas,BAL,R,20,30,83,100,19,13,4,1,1,13,12,13,0,22,3,0,1,0,6,2,0.228915662,sa3003427
2018,Starlin Paulino,NYY,R,18,38,114,132,20,13,6,0,1,16,8,12,0,27,6,0,0,2,1,0,0.175438596,sa3003431
2019,Starlin Paulino,NYY,R,19,29,78,96,20,13,6,0,1,10,13,12,1,13,3,3,0,0,2,0,0.256410256,sa3003431
2018,Andrew Miller,TBR,R,21,6,22,24,3,2,1,0,0,2,1,2,0,8,0,0,0,0,0,0,0.136363636,sa3003435
2018,Teddy Hoffman,DET,R,21,21,72,90,20,11,0,3,6,15,15,11,2,29,5,2,0,1,4,1,0.277777777,sa3003947
2018,Teddy Hoffman,DET,R,21,7,18,24,4,3,1,0,0,7,2,3,0,7,3,0,0,0,1,0,0.222222222,sa3003947
2017,Cameron Knight,STL,R,22,15,42,50,8,6,2,0,0,3,2,7,0,16,1,0,0,1,0,0,0.19047619,sa3004131
2017,Robbie Coman,STL,R,23,18,51,55,18,11,6,0,1,8,9,2,0,5,1,1,0,1,0,0,0.352941176,sa3004236
2017,Robbie Thorburn,BAL,R,22,38,117,133,22,19,2,1,0,16,5,14,0,28,1,0,1,2,8,2,0.188034188,sa3004240
2017,Ryan Karstetter,DET,R,20,31,93,104,21,17,2,1,1,9,15,8,0,19,1,1,1,2,2,0,0.225806451,sa3004249
2017,Ben Fisher,MIA,R,22,12,41,48,11,8,3,0,0,6,2,6,0,11,1,0,0,0,0,0,0.268292682,sa3004257
2017,Abrahan Gutierrez,ATL,R,17,35,129,141,34,24,9,0,1,15,12,10,1,21,1,1,0,6,0,0,0.263565891,sa3004263
2018,Abrahan Gutierrez,PHI,R,18,41,162,178,51,39,10,1,1,24,30,10,0,16,3,2,0,3,2,2,0.314814814,sa3004263
2017,Terry Fuller,STL,R,18,37,118,132,19,12,3,1,3,13,11,12,0,49,1,1,0,1,3,0,0.161016949,sa3004265
2018,Terry Fuller,STL,R,19,11,37,49,9,5,1,0,3,11,5,9,0,14,3,0,0,0,2,0,0.243243243,sa3004265
2017,Nicholas Vizcaino,ATL,R,20,40,135,152,35,24,10,1,0,11,11,12,0,37,3,2,0,4,0,0,0.259259259,sa3004267
2017,Joseph Reyes,TOR,R,19,48,158,187,38,31,5,2,0,16,20,23,0,55,1,5,0,1,2,0,0.240506329,sa3004269
2018,Joseph Reyes,TOR,R,20,38,132,164,36,20,9,1,6,26,27,27,1,45,3,2,0,2,1,3,0.272727272,sa3004269
2017,Davis Tavarez,BAL,R,18,7,21,23,3,3,0,0,0,1,1,2,0,8,0,0,0,0,0,0,0.142857142,sa3004271
2018,Davis Tavarez,BAL,R,19,31,107,113,20,18,1,1,0,6,2,4,0,21,2,0,0,5,0,1,0.186915887,sa3004271
2019,Davis Tavarez,BAL,R,20,30,86,98,27,18,6,1,2,13,21,11,0,16,1,0,0,4,6,1,0.313953488,sa3004271
2021,Davis Tavarez,BAL,CPX,22,36,117,130,38,27,10,0,1,15,22,10,0,20,2,1,0,6,7,5,0.324786324,sa3004271
2017,Sam McMillan,DET,R,18,37,111,143,32,23,5,1,3,24,25,19,0,17,12,1,0,1,1,1,0.288288288,sa3004277
2017,Cameron Baranek,MIA,R,22,29,111,124,26,17,6,2,1,14,22,9,0,30,3,1,0,4,6,3,0.234234234,sa3004281
2017,Jared Akins,MIN,R,20,33,99,112,25,16,5,1,3,18,16,11,0,35,1,1,0,2,5,2,0.252525252,sa3004284
2017,Colton Burns,MIN,R,21,27,78,98,22,16,5,0,1,14,7,16,2,23,3,0,1,0,8,3,0.282051282,sa3004287
2017,Will Robertson,BAL,R,22,53,211,231,64,43,19,0,2,32,40,11,2,26,4,4,1,12,7,1,0.303317535,sa3004294
2017,Ben Rodriguez,MIN,R,22,50,162,193,47,30,11,2,4,27,40,22,3,43,8,1,0,1,4,2,0.290123456,sa3004301
2017,Jake Stone,TBR,R,22,45,146,170,44,29,11,2,2,24,14,19,2,34,3,2,0,2,10,3,0.301369863,sa3004305
2017,Bryndan Arredondo,BAL,R,22,13,35,47,10,9,0,0,1,5,7,10,0,7,2,0,0,1,0,0,0.285714285,sa3004369
2017,Jackson Cramer,WSN,R,22,34,115,135,27,19,6,0,2,20,8,18,0,38,2,0,0,1,1,0,0.234782608,sa3004370
2017,Zack Soria,ATL,R,23,29,78,96,20,13,7,0,0,7,11,12,0,14,5,0,1,3,0,0,0.256410256,sa3004373
2017,Kevin Markham,PHI,R,23,41,140,168,35,24,8,2,1,32,17,22,2,9,5,1,0,0,7,2,0.25,sa3004374
2018,Ulrich Bojarski,DET,R,19,29,98,115,22,11,6,1,4,12,14,12,0,31,4,1,0,2,3,2,0.224489795,sa3004381
2017,Ulrich Bojarski,DET,R,18,38,111,124,25,16,7,1,1,14,13,7,0,35,5,1,0,1,1,0,0.225225225,sa3004381
2017,Jose Sanchez,WSN,R,16,48,158,178,33,29,3,0,1,22,20,14,0,26,2,1,3,3,0,2,0.208860759,sa3004382
2017,Ricardo Mendez,WSN,R,17,44,151,170,38,29,6,2,1,20,19,13,0,43,2,0,4,1,7,3,0.251655629,sa3004383
2017,Brayan Gonzalez,PHI,R,17,38,134,152,36,24,10,0,2,23,24,12,0,33,2,3,1,2,6,0,0.268656716,sa3004384
2019,Brayan Gonzalez,PHI,R,19,24,75,89,16,12,4,0,0,4,4,12,0,20,1,0,1,1,2,1,0.213333333,sa3004384
2017,Shao-Pin Ho,MIA,R,23,15,49,55,12,10,2,0,0,10,5,6,0,5,0,0,0,0,2,0,0.244897959,sa3004386
2017,Carlos Baerga,ATL,R,21,40,120,144,25,18,7,0,0,17,6,15,0,12,4,0,5,6,0,1,0.208333333,sa3004387
2017,Demetrius Sims,MIA,R,21,20,69,84,20,19,1,0,0,12,8,11,0,12,4,0,0,4,3,1,0.289855072,sa3004390
2017,Ricky Surum,NYY,R,22,21,58,72,15,15,0,0,0,9,6,5,0,13,6,2,1,0,3,2,0.258620689,sa3004391
2017,Jacob Brown,BAL,R,18,43,153,170,37,24,6,2,5,16,22,11,0,46,3,1,1,2,2,0,0.241830065,sa3004392
2018,Jacob Brown,BAL,R,19,32,116,128,22,16,2,0,4,12,14,8,0,44,2,1,1,2,0,0,0.189655172,sa3004392
2017,Yahir Gurrola,PHI,R,21,35,105,126,35,29,6,0,0,25,18,14,0,18,6,1,0,0,12,5,0.333333333,sa3004394
2017,Jamori Blash,WSN,R,21,28,95,109,24,19,3,1,1,18,8,11,0,26,2,1,0,3,2,3,0.252631578,sa3004396
2018,Jesus Azuaje,PHI,R,20,28,65,77,11,9,2,0,0,14,4,6,0,8,4,0,1,2,7,0,0.169230769,sa3004397
2017,Tyler Coolbaugh,BAL,R,23,14,47,55,6,5,1,0,0,4,0,7,0,12,1,0,0,1,1,0,0.127659574,sa3004400
2017,Adam Groesbeck,ATL,R,22,15,29,39,2,1,1,0,0,7,1,7,0,11,1,0,2,0,0,0,0.068965517,sa3004401
2017,Kipp Moore,PHI,R,21,32,56,64,14,10,3,1,0,13,7,3,0,16,5,0,0,0,0,0,0.25,sa3004404
2017,Ricky De La Torre,MIN,R,17,42,153,170,41,34,3,1,3,25,12,16,1,39,1,0,0,3,5,6,0.267973856,sa3004503
2017,Michael Brdar,STL,R,23,31,85,98,20,16,4,0,0,9,10,10,0,12,2,0,1,1,1,2,0.235294117,sa3004504
2017,Erik Ostberg,TBR,R,21,28,85,106,16,13,3,0,0,12,4,15,1,30,3,2,1,3,1,0,0.188235294,sa3004505
2017,Jecorrah Arnold,BOS,R,18,25,66,84,13,12,0,0,1,6,12,7,0,19,8,2,1,0,1,0,0.196969696,sa3004508
2018,Jecorrah Arnold,BOS,R,19,42,147,174,36,27,8,0,1,25,14,19,0,35,8,0,0,3,0,0,0.244897959,sa3004508
2017,Andre Colon,BOS,R,18,34,99,128,26,22,4,0,0,14,10,14,0,22,14,1,0,2,1,2,0.262626262,sa3004511
2019,Andre Colon,BOS,R,20,24,71,86,11,9,2,0,0,10,5,9,0,15,3,1,2,5,4,1,0.154929577,sa3004511
2017,Jose Montanez,BAL,R,18,27,73,83,21,16,5,0,0,8,4,8,0,12,1,1,0,2,1,2,0.287671232,sa3004514
2018,Jose Montanez,BAL,R,19,34,116,131,29,24,5,0,0,12,11,12,0,23,2,1,0,5,1,0,0.25,sa3004514
2017,Jordyn Muffley,TBR,R,20,14,40,49,6,4,2,0,0,6,2,3,0,5,5,0,1,2,2,1,0.15,sa3004515
2017,Manny Bejerano,PIT,R,20,30,85,97,16,13,1,0,2,10,5,9,0,24,3,0,0,3,0,0,0.188235294,sa3004516
2017,Max Hogan,BAL,R,23,40,129,167,40,22,11,5,2,32,28,32,1,17,3,2,0,2,2,1,0.310077519,sa3004521
2017,Trey Ganns,BOS,R,21,13,33,38,8,7,1,0,0,3,3,4,0,12,1,0,0,3,2,1,0.242424242,sa3004522
2017,Allen Smoot,TBR,R,23,37,112,126,25,20,2,3,0,11,7,9,0,24,4,1,0,2,1,3,0.223214285,sa3004523
2017,Nick DiBenedetto,BAL,R,23,19,44,55,8,6,1,0,1,7,5,8,0,11,3,0,0,0,0,0,0.181818181,sa3004525
2017,Gunnar Buhner,PHI,R,22,24,49,56,6,4,2,0,0,6,3,5,0,15,2,0,0,1,2,0,0.122448979,sa3004527
2017,Taylor Bryant,STL,R,22,43,136,165,44,31,11,1,1,22,21,27,0,27,1,1,0,5,2,0,0.323529411,sa3004607
2018,Anthony Peroni,WSN,R,21,28,79,98,14,8,5,0,1,10,9,16,0,19,2,1,0,2,1,0,0.177215189,sa3004612
2017,Cole Brannen,BOS,R,18,39,134,168,31,29,2,0,0,23,7,30,0,37,3,0,1,2,9,1,0.231343283,sa3004616
2017,Shane Cooper,DET,R,22,21,47,54,12,8,3,0,1,10,5,6,0,7,0,1,0,1,3,0,0.255319148,sa3004623
2017,Xavier LeGrant,BOS,R,20,11,26,30,3,2,1,0,0,2,0,3,0,10,1,0,0,0,0,0,0.115384615,sa3004689
2017,Jesse Medrano,PIT,R,22,20,58,69,15,11,2,2,0,8,8,5,0,10,0,1,5,1,0,0,0.258620689,sa3004697
2017,Zach Jackson,STL,R,19,14,41,52,4,4,0,0,0,2,5,10,0,20,0,1,0,2,0,0,0.097560975,sa3004721
2019,Alvaro Montero,MIA,R,19,22,65,76,13,11,1,0,1,7,3,11,0,23,0,0,0,0,1,2,0.2,sa3004725
2017,Tyler Esplin,BOS,R,17,22,85,94,23,17,4,0,2,16,11,7,1,26,2,0,0,1,1,0,0.270588235,sa3004727
2017,Nathan Perry,HOU,R,17,27,70,83,16,11,3,0,2,4,11,10,0,14,1,2,0,2,0,0,0.228571428,sa3004756
2018,Nathan Perry,HOU,R,18,33,90,104,22,14,6,2,0,5,13,12,0,20,1,1,0,1,1,1,0.244444444,sa3004756
2017,Carlos Diaz,HOU,R,17,19,67,70,13,11,0,1,1,8,3,3,0,19,0,0,0,2,1,0,0.19402985,sa3004757
2018,Carlos Diaz,HOU,R,18,29,104,115,21,19,2,0,0,14,7,11,0,36,0,0,0,0,6,1,0.201923076,sa3004757
2017,Robby Kidwell,NYM,R,19,21,64,69,11,10,1,0,0,3,4,5,0,22,0,0,0,0,0,0,0.171875,sa3004759
2018,Robby Kidwell,NYM,R,20,8,26,30,2,2,0,0,0,1,2,2,0,15,1,1,0,0,0,0,0.076923076,sa3004759
2019,Frank Tolentino,BAL,R,19,27,74,89,18,12,3,2,1,10,14,12,1,28,1,2,0,1,5,1,0.243243243,sa3004781
2021,Frank Tolentino,BAL,CPX,21,8,20,24,4,3,0,1,0,2,4,4,0,10,0,0,0,0,0,0,0.2,sa3004781
2021,Frank Tolentino,BAL,CPX,21,14,37,43,5,3,2,0,0,4,7,5,0,21,1,0,0,0,1,3,0.135135135,sa3004781
2017,Logan Warmoth,TOR,R,21,6,22,23,6,5,0,0,1,3,3,1,0,2,0,0,0,1,1,0,0.272727272,sa3004813
2017,Jake Holmes,PHI,R,18,32,107,122,27,20,5,0,2,19,14,11,0,17,2,1,1,1,5,1,0.252336448,sa3004815
2018,Jake Holmes,PHI,R,19,31,116,129,41,30,5,2,4,18,29,10,0,19,0,3,0,1,4,1,0.353448275,sa3004815
2017,Quincy Nieporte,PHI,R,22,41,154,172,46,27,13,1,5,19,35,12,1,17,3,3,0,4,0,0,0.298701298,sa3004819
2017,Austin Guibor,WSN,R,22,7,21,25,5,3,0,2,0,7,1,4,0,3,0,0,0,0,0,1,0.238095238,sa3004820
2017,Alex Dunlap,WSN,R,22,24,71,86,17,13,1,0,3,10,12,8,0,12,6,1,0,0,0,1,0.239436619,sa3004878
2017,Justin Connell,WSN,R,18,30,96,113,31,27,4,0,0,17,7,14,0,10,1,2,0,2,5,2,0.322916666,sa3004884
2018,Justin Connell,WSN,R,19,25,78,93,19,17,1,0,1,17,7,11,0,12,1,1,2,2,7,2,0.243589743,sa3004884
2017,Mason Martin,PIT,R,18,39,127,166,39,20,8,0,11,37,22,32,4,41,4,1,2,1,2,2,0.307086614,sa3004885
2017,Philip Caulfield,WSN,R,22,18,56,65,14,13,1,0,0,6,6,7,0,12,1,1,0,1,2,0,0.25,sa3004886
2017,Lamar Sparks,BAL,R,18,42,145,181,35,26,7,2,0,31,9,33,0,39,1,0,2,1,11,3,0.24137931,sa3004932
2019,Lamar Sparks,BAL,R,20,36,104,120,25,21,4,0,0,14,5,14,0,31,2,0,0,3,14,5,0.240384615,sa3004932
2019,Francisco Hernandez,STL,R,19,40,146,165,33,18,8,0,7,20,21,14,0,31,4,1,0,4,4,2,0.226027397,sa3004942
2017,Donivan Williams,STL,R,17,33,98,115,20,16,1,2,1,17,16,11,0,25,3,3,0,1,2,3,0.204081632,sa3004950
2017,Adalberto Carrillo,WSN,R,22,11,22,26,2,2,0,0,0,0,0,3,0,9,1,0,0,3,0,0,0.09090909,sa3004967
2019,Kimberling Encarnacion,ATL,R,19,6,20,23,5,4,1,0,0,1,2,2,0,3,1,0,0,0,0,0,0.25,sa3004980
2018,Joel Reyes,ATL,R,18,31,94,104,11,5,5,0,1,12,5,7,0,36,0,2,1,3,2,0,0.117021276,sa3004981
2019,Joel Reyes,ATL,R,19,30,83,92,20,15,5,0,0,13,8,8,0,18,0,0,1,2,5,1,0.240963855,sa3004981
2017,David Metzgar,NYY,R,22,20,54,57,15,12,2,1,0,9,8,3,0,5,0,0,0,2,2,1,0.277777777,sa3004982
2017,Michael Smith,TBR,R,20,6,21,25,8,5,2,1,0,5,5,3,1,3,1,0,0,0,0,1,0.38095238,sa3004997
2017,Andres Santana,HOU,R,18,25,73,75,12,10,2,0,0,3,6,1,0,19,1,0,0,0,0,0,0.164383561,sa3004998
2018,Andres Santana,HOU,R,19,35,114,124,20,10,9,0,1,7,9,7,0,28,2,1,0,1,1,0,0.175438596,sa3004998
2017,PK Morris,TOR,R,18,18,54,61,14,11,3,0,0,3,4,6,0,15,0,1,0,1,0,0,0.259259259,sa3005037
2017,J.D. Osborne,MIA,R,21,26,84,100,19,15,4,0,0,12,10,12,0,13,2,2,0,2,0,0,0.226190476,sa3005053
2017,David Durden,BOS,R,18,30,91,106,20,19,1,0,0,7,9,6,0,33,7,2,0,1,1,0,0.219780219,sa3005055
2017,Pedro Diaz,NYY,R,19,19,50,58,9,3,2,1,3,7,9,5,0,12,2,1,0,0,1,0,0.18,sa3005056
2018,Pedro Diaz,NYY,R,20,24,62,73,14,9,4,0,1,5,8,9,0,28,0,2,0,1,1,0,0.225806451,sa3005056
2022,Pedro Diaz,NYY,CPX,24,9,28,34,10,7,2,1,0,9,6,5,0,13,0,1,0,0,2,0,0.357142857,sa3005056
2019,Pedro Diaz,NYY,R,21,30,66,87,17,14,3,0,0,6,7,19,0,30,0,2,0,1,2,0,0.257575757,sa3005056
2022,Adam Hall,BAL,CPX,23,9,26,30,10,8,2,0,0,6,5,1,0,4,1,2,0,0,1,1,0.384615384,sa3005077
2023,Adam Hall,BAL,CPX,24,5,21,23,5,3,1,1,0,3,1,2,0,8,0,0,0,0,0,0,0.238095238,sa3005077
2018,Luis Santos,NYY,R,18,40,115,134,24,18,3,3,0,17,8,15,0,19,3,0,1,3,12,1,0.208695652,sa3005080
2017,Tyler Dearden,BOS,R,18,28,74,94,19,12,5,0,2,9,15,14,1,28,5,0,1,3,1,1,0.256756756,sa3005103
2017,Evan McDonald,TOR,R,23,6,16,21,2,2,0,0,0,1,1,4,0,7,0,0,1,1,3,0,0.125,sa3005105
2017,Hemmanuel Rosario,NYY,R,16,14,27,40,3,2,1,0,0,3,1,9,0,15,3,0,1,0,1,1,0.111111111,sa3005130
2019,Hemmanuel Rosario,NYY,R,18,29,93,101,14,8,5,0,1,6,10,5,0,30,2,1,0,0,0,0,0.150537634,sa3005130
2021,Hemmanuel Rosario,NYY,CPX,20,13,30,32,7,5,1,0,1,5,8,2,0,12,0,0,0,1,0,0,0.233333333,sa3005130
2018,Hemmanuel Rosario,NYY,R,17,28,84,92,13,10,2,0,1,3,5,6,0,31,2,0,0,5,0,0,0.154761904,sa3005130
2017,Jared Barnes,MIA,R,21,10,30,35,10,5,3,1,1,7,4,4,0,7,0,0,1,0,0,1,0.333333333,sa3005149
2018,Jared Barnes,MIA,R,22,5,19,22,2,2,0,0,0,2,1,2,0,7,1,0,0,1,0,0,0.105263157,sa3005149
2017,Jan Mercado,MIA,R,17,11,38,42,3,3,0,0,0,1,2,4,0,15,0,0,0,0,0,1,0.078947368,sa3005152
2019,Jan Mercado,MIA,R,19,10,30,34,7,5,1,0,1,4,4,3,0,6,1,0,0,1,1,0,0.233333333,sa3005152
2017,D.J. Stewart,PHI,R,18,16,41,45,8,6,1,0,1,4,5,4,0,12,0,0,0,1,1,0,0.195121951,sa3005181
2018,D.J. Stewart,PHI,R,19,36,114,129,32,24,8,0,0,18,16,11,0,31,2,1,1,2,1,1,0.280701754,sa3005181
2018,Jonathan Diaz,BOS,R,18,27,92,101,24,16,4,3,1,6,14,8,0,23,0,1,0,2,0,0,0.260869565,sa3005290
2021,Jonathan Diaz,BOS,CPX,21,6,16,20,4,0,4,0,0,0,8,3,0,4,0,0,1,1,0,1,0.25,sa3005290
2017,Ricky Negron,TOR,R,22,8,26,28,1,1,0,0,0,2,0,2,0,12,0,0,0,1,0,0,0.038461538,sa3005296
2017,Taylor Grzelakowski,MIN,R,23,12,36,41,8,5,2,0,1,3,7,3,0,7,0,1,1,1,1,0,0.222222222,sa3005298
2017,Jack Zoellner,PHI,R,22,11,31,34,8,7,1,0,0,4,1,3,0,6,0,0,0,1,0,1,0.258064516,sa3005329
2018,Jack Zoellner,PHI,R,23,47,161,195,38,24,5,2,7,31,26,32,1,42,1,1,0,5,1,0,0.236024844,sa3005329
2019,Jeferson Morales,MIN,R,20,36,110,134,26,13,7,3,3,24,16,20,1,18,4,0,0,0,0,1,0.236363636,sa3005472
2019,Danny Diaz,BOS,R,18,26,105,113,22,10,11,0,1,15,12,5,1,30,2,1,0,0,0,0,0.209523809,sa3005483
2021,Danny Diaz,BOS,CPX,20,22,75,87,13,6,5,0,2,10,12,9,0,25,1,2,0,1,1,1,0.173333333,sa3005483
2021,Roberto Chirinos,NYY,CPX,20,10,25,30,6,3,1,1,1,4,3,5,0,7,0,0,0,0,4,0,0.24,sa3005484
2018,Roberto Chirinos,NYY,R,17,41,155,169,34,26,6,0,2,18,14,9,0,40,3,1,1,4,5,2,0.219354838,sa3005484
2018,Miguel Hiraldo,TOR,R,17,10,39,40,9,5,4,0,0,3,3,1,0,12,0,0,0,1,3,0,0.23076923,sa3005486
2021,Antoni Flores,BOS,CPX,20,8,27,33,6,6,0,0,0,4,2,6,0,9,0,0,0,0,0,0,0.222222222,sa3005489
2018,Robinson Ramos,PIT,R,20,21,51,56,8,7,1,0,0,3,1,3,0,3,2,0,0,1,0,0,0.156862745,sa3005493
2018,Joseivin Medina,PIT,R,18,18,67,68,11,9,1,1,0,8,7,0,0,17,1,0,0,1,3,0,0.164179104,sa3005502
2023,Gilberto Jimenez,BOS,CPX,22,8,28,29,11,5,3,1,2,5,10,1,0,6,0,0,0,0,1,1,0.392857142,sa3005507
2021,Ricardo Castro,BAL,CPX,21,22,70,75,12,11,1,0,0,5,1,4,0,16,1,0,0,0,3,0,0.171428571,sa3005508
2019,Jhon Solarte,TOR,R,18,49,171,204,47,38,4,2,3,25,28,26,1,41,3,4,0,2,11,9,0.274853801,sa3005510
2021,Jhon Solarte,TOR,CPX,20,34,92,118,18,13,4,0,1,22,14,20,0,35,3,2,0,0,11,1,0.195652173,sa3005510
2019,Pedro Hurtado,TOR,R,19,28,78,91,12,9,2,1,0,4,6,11,0,18,0,1,1,0,3,0,0.153846153,sa3005517
2021,Daniel Rivero,PIT,CPX,20,11,37,42,10,9,0,1,0,5,9,2,0,7,1,2,0,1,1,0,0.27027027,sa3005525
2019,Rainier Rivas,HOU,R,18,10,37,41,13,12,1,0,0,1,6,4,0,10,0,0,0,1,0,0,0.351351351,sa3005527
2021,Rainier Rivas,HOU,CPX,20,40,121,133,36,22,11,1,2,10,22,10,0,37,2,0,0,3,0,2,0.297520661,sa3005527
2022,Ronny Rojas,NYY,CPX,20,32,95,119,16,7,5,0,4,16,13,21,0,38,2,1,0,1,3,1,0.168421052,sa3005530
2019,Ronny Rojas,NYY,R,17,43,129,167,17,6,7,0,4,17,18,36,1,65,1,1,0,2,2,2,0.131782945,sa3005530
2019,Juan Pie,PIT,R,18,38,121,139,28,21,2,3,2,14,16,13,1,27,2,1,2,0,6,5,0.231404958,sa3005531
2021,Edgardo Rodriguez,STL,CPX,20,13,39,45,11,9,0,0,2,3,8,3,0,9,1,2,0,2,0,1,0.282051282,sa3005532
2022,Edgardo Rodriguez,STL,CPX,21,18,40,43,8,6,2,0,0,3,4,3,0,9,0,0,0,1,0,0,0.2,sa3005532
2019,Edgardo Rodriguez,TBR,R,18,10,25,28,10,8,1,1,0,3,6,1,0,6,1,1,0,0,0,0,0.4,sa3005532
2019,Emilson Rosado,PIT,R,18,38,128,144,29,18,7,2,2,11,13,14,1,43,1,1,0,2,0,1,0.2265625,sa3005543
2022,Nelson Medina,NYY,CPX,21,19,45,54,14,7,2,3,2,11,8,7,0,17,2,0,0,1,2,1,0.311111111,sa3005549
2019,Nelson Medina,NYY,R,18,39,122,141,24,14,5,2,3,15,16,15,0,32,3,1,0,3,5,2,0.196721311,sa3005549
2019,Rainer Nunez,TOR,R,18,39,133,153,23,14,6,0,3,21,20,12,0,32,3,5,0,2,0,4,0.17293233,sa3005551
2021,Rainer Nunez,TOR,CPX,20,36,124,146,34,18,11,0,5,25,31,20,0,22,0,2,0,3,0,0,0.274193548,sa3005551
2019,Angel Maita,BOS,R,18,41,135,162,28,21,6,1,0,18,7,22,0,42,3,0,2,0,8,4,0.207407407,sa3005556
2018,Jose Rivas,TOR,R,17,6,21,21,9,6,1,2,0,3,2,0,0,3,0,0,0,0,2,0,0.428571428,sa3005561
2019,Jose Rivas,TOR,R,18,32,109,125,31,21,8,0,2,21,13,11,0,24,4,1,0,0,5,3,0.284403669,sa3005561
2021,Jose Rivas,TOR,CPX,20,23,53,78,17,12,3,2,0,21,10,20,0,10,5,0,0,3,4,0,0.320754716,sa3005561
2022,Carlos Santiago,MIA,CPX,20,16,67,73,23,11,10,1,1,14,10,5,0,17,0,1,0,0,1,0,0.343283582,sa3005565
2019,Eduardo Salazar,NYM,R,18,19,58,67,14,12,1,0,1,9,7,3,0,14,4,2,0,4,1,1,0.24137931,sa3005569
2021,Eduardo Salazar,NYM,CPX,20,25,78,90,24,16,7,0,1,11,11,5,0,15,6,1,0,2,2,0,0.307692307,sa3005569
2022,Eduardo Salazar,NYM,CPX,21,11,37,40,10,8,0,1,1,4,4,3,0,6,0,0,0,0,1,0,0.27027027,sa3005569
2019,Federico Polanco,NYM,R,18,14,34,41,6,5,1,0,0,7,3,5,0,8,0,1,1,0,3,0,0.176470588,sa3005571
2019,Erickvi Celedonio,TOR,R,18,33,76,91,15,12,3,0,0,11,4,11,0,23,3,0,0,0,7,5,0.197368421,sa3005572
2019,Miguel Marte,NYY,R,18,20,65,73,12,9,2,1,0,9,5,7,0,14,0,1,0,1,2,0,0.184615384,sa3005573
2021,Miguel Marte,NYY,CPX,20,10,37,39,10,9,1,0,0,4,3,1,0,11,0,1,0,1,1,0,0.27027027,sa3005573
2019,Norkis Marcos,PIT,R,18,43,142,156,34,27,3,2,2,22,11,11,0,50,1,0,2,3,12,4,0.239436619,sa3005575
2021,Norkis Marcos,PIT,CPX,20,38,108,136,21,16,4,1,0,22,8,24,0,38,4,0,0,4,8,4,0.194444444,sa3005575
2021,Carlos Arroyo,MIA,CPX,19,8,18,22,3,3,0,0,0,4,3,3,0,2,1,0,0,0,1,0,0.166666666,sa3005576
2021,Josue Cruz,BAL,CPX,20,37,116,132,23,11,5,2,5,16,20,13,1,55,1,2,0,0,3,0,0.198275862,sa3005577
2019,Angel Rojas,NYY,R,18,18,64,69,18,12,3,3,0,5,6,3,0,16,1,1,0,0,1,1,0.28125,sa3005578
2021,Angel Rojas,NYY,CPX,20,28,74,81,17,11,3,1,2,16,9,7,0,31,0,0,0,2,6,2,0.229729729,sa3005578
2019,Angel Rojas,NYY,R,18,23,73,82,15,10,5,0,0,12,4,6,0,26,2,1,0,2,5,0,0.205479452,sa3005578
2019,Alberto Figuereo,TBR,R,19,36,105,117,28,24,3,1,0,12,3,8,0,21,2,0,2,2,4,2,0.266666666,sa3005583
2021,Alberto Figuereo,TBR,CPX,21,12,31,36,5,5,0,0,0,1,3,3,0,10,1,0,1,1,2,1,0.161290322,sa3005583
2019,Mariano Dotel,PIT,R,19,10,29,31,3,3,0,0,0,3,0,2,0,8,0,0,0,0,1,0,0.103448275,sa3005589
2019,Edgar Barrios,PIT,R,18,19,41,48,6,6,0,0,0,5,1,5,0,13,0,1,1,1,1,1,0.146341463,sa3005591
2019,Juan Crisp,NYY,R,19,36,107,140,21,13,6,1,1,17,18,27,0,30,6,0,0,2,5,2,0.196261682,sa3005592
2019,Oscar Rangel,BOS,R,21,21,61,75,18,13,4,1,0,8,16,11,0,15,2,1,0,0,1,0,0.295081967,sa3005593
2021,Raimfer Salinas,NYY,CPX,20,45,152,176,38,21,8,3,6,33,28,13,0,46,8,3,0,3,10,3,0.25,sa3005597
2018,Raimfer Salinas,NYY,R,17,5,16,20,2,2,0,0,0,0,0,2,0,5,2,0,0,0,0,1,0.125,sa3005597
2019,Raimfer Salinas,NYY,R,18,42,159,173,43,28,10,2,3,25,15,7,0,45,7,0,0,1,11,5,0.270440251,sa3005597
2018,Antonio Cabello,NYY,R,17,40,137,162,44,26,9,4,5,21,20,21,0,34,4,0,0,0,5,5,0.321167883,sa3005600
2019,Alberto Rodriguez,TOR,R,18,47,173,195,52,36,13,1,2,19,29,19,1,32,0,3,0,2,13,2,0.300578034,sa3005603
2019,Jesus Hernandez,TOR,R,19,14,25,35,4,3,1,0,0,5,1,7,0,8,1,0,2,0,0,0,0.16,sa3005606
2019,Saul Fortuna,TBR,R,18,11,44,46,9,5,2,1,1,7,6,1,0,13,0,1,0,0,0,0,0.204545454,sa3005609
2021,Stir Candelario,TBR,CPX,20,15,48,56,6,5,0,1,0,3,1,8,0,19,0,0,0,0,0,0,0.125,sa3005611
2021,Darwin Baez,PIT,CPX,20,18,37,43,7,5,0,1,1,4,5,4,0,10,0,1,1,0,1,1,0.189189189,sa3005614
2019,Tilsaimy Melfor,PIT,R,18,28,59,67,14,14,0,0,0,7,3,4,0,20,3,1,0,1,1,0,0.237288135,sa3005616
2021,Darlin Moquete,STL,CPX,21,24,73,84,24,20,4,0,0,12,10,9,0,20,2,0,0,0,1,1,0.328767123,sa3005617
2021,Darlin Guzman,TOR,CPX,20,19,51,57,11,5,4,0,2,8,7,6,0,21,0,0,0,0,0,0,0.215686274,sa3005619
2021,Fleury Nova,PIT,CPX,20,18,33,36,6,5,0,1,0,4,4,2,0,12,0,0,1,0,0,0,0.181818181,sa3005620
2018,Stanley Consuegra,NYM,R,17,51,189,212,41,24,12,3,2,23,26,17,0,41,5,1,0,2,4,4,0.216931216,sa3005628
2021,Stanley Consuegra,NYM,CPX,20,20,74,83,20,8,9,1,2,10,10,4,0,21,3,2,0,0,3,3,0.27027027,sa3005628
2019,Hanley Acevedo,TOR,R,19,24,58,72,11,8,3,0,0,8,6,9,0,25,2,2,1,2,4,1,0.189655172,sa3005633
2019,Alvaro Gonzalez,DET,R,18,25,95,103,19,13,5,0,1,8,5,5,0,20,1,2,0,0,1,1,0.2,sa3005715
2022,Alvaro Gonzalez,DET,CPX,21,8,23,29,4,1,3,0,0,4,1,5,0,10,1,0,0,0,0,0,0.173913043,sa3005715
2019,Alvaro Gonzalez,DET,R,18,15,42,60,11,8,3,0,0,11,9,13,0,8,3,2,0,1,4,1,0.261904761,sa3005715
2018,Ynmanol Marinez,MIA,R,17,11,53,54,9,9,0,0,0,3,6,1,0,9,0,0,0,3,2,2,0.16981132,sa3005716
2019,Ynmanol Marinez,MIA,R,18,7,23,24,7,5,2,0,0,2,7,0,0,8,0,1,0,1,0,0,0.304347826,sa3005716
2019,Adonis Giron,HOU,R,18,23,84,89,16,10,4,1,1,8,4,2,0,30,3,0,0,3,1,1,0.19047619,sa3005719
2021,Adonis Giron,HOU,CPX,20,14,41,54,11,7,1,1,2,10,8,10,0,13,3,0,0,5,0,0,0.268292682,sa3005719
2022,Adonis Giron,HOU,CPX,21,28,86,95,17,13,4,0,0,5,9,5,0,22,3,1,0,3,2,1,0.197674418,sa3005719
2021,Adanson Cruz,STL,CPX,20,34,103,124,28,22,3,1,2,15,15,19,0,43,2,0,0,3,3,0,0.27184466,sa3005722
2019,Joerlin De Los Santos,STL,R,18,30,72,84,12,12,0,0,0,9,2,9,0,11,1,1,1,2,2,0,0.166666666,sa3005723
2021,Joerlin De Los Santos,STL,CPX,20,22,59,77,13,11,2,0,0,12,6,15,0,14,3,0,0,1,6,3,0.220338983,sa3005723
2021,Darlyn Del Villar,STL,CPX,20,10,34,39,8,4,3,0,1,2,4,5,0,14,0,0,0,0,1,0,0.235294117,sa3005724
2021,Jesus Orecchia,STL,CPX,20,23,48,58,11,8,2,0,1,7,9,8,0,12,0,2,0,0,0,0,0.229166666,sa3005725
2021,Luis Rodriguez,STL,CPX,21,22,49,57,17,15,2,0,0,7,11,8,0,18,0,0,0,1,0,1,0.346938775,sa3005727
2019,Andry Arias,WSN,R,19,32,113,134,22,15,4,0,3,19,10,19,0,39,2,0,0,2,7,0,0.194690265,sa3005735
2021,Andry Arias,WSN,CPX,21,42,143,166,37,22,10,0,5,19,20,17,0,40,4,2,0,4,2,3,0.258741258,sa3005735
2019,Martin Olivas,DET,R,17,24,77,87,14,10,3,0,1,7,8,8,0,15,2,0,0,5,0,1,0.181818181,sa3005737
2021,Martin Olivas,DET,CPX,19,33,83,93,17,10,4,1,2,11,7,6,0,23,4,0,0,2,2,0,0.204819277,sa3005737
2019,Yimmi Cortabarria,HOU,R,18,22,75,89,20,11,6,0,3,12,15,11,2,27,2,0,1,0,1,1,0.266666666,sa3005738
2021,Yimmi Cortabarria,HOU,CPX,20,10,31,35,6,5,1,0,0,4,1,3,0,19,1,0,0,0,0,0,0.193548387,sa3005738
2019,Yefri Carrillo,HOU,R,18,24,67,79,10,7,2,0,1,11,5,8,0,33,3,1,0,0,6,1,0.149253731,sa3005739
2021,Diowill Burgos,MIA,CPX,20,30,93,112,19,7,8,2,2,14,12,18,0,27,1,0,0,2,0,0,0.204301075,sa3005740
2022,Diowill Burgos,MIA,CPX,21,29,86,98,19,10,6,1,2,9,15,12,0,28,0,0,0,0,0,0,0.220930232,sa3005740
2019,Diowill Burgos,STL,R,18,22,78,90,16,10,4,0,2,11,8,11,0,27,1,0,0,1,2,2,0.205128205,sa3005740
2021,Cesar Rodriguez,ATL,CPX,20,10,27,30,7,4,2,0,1,7,3,1,0,4,2,0,0,0,0,0,0.259259259,sa3005741
2022,Cesar Rodriguez,ATL,CPX,21,21,68,71,17,15,2,0,0,5,6,3,0,14,0,0,0,1,0,0,0.25,sa3005741
2019,Cesar Rodriguez,PHI,R,18,30,87,99,15,10,4,0,1,10,10,10,0,11,0,2,0,3,0,0,0.172413793,sa3005741
2019,Carlos Irigoyen,DET,R,18,31,99,110,26,22,4,0,0,12,10,7,0,14,1,2,1,1,2,2,0.262626262,sa3005745
2022,Carlos Irigoyen,DET,CPX,21,11,36,38,5,3,1,1,0,3,4,0,0,17,2,0,0,0,2,0,0.138888888,sa3005745
2021,Carlos Irigoyen,DET,CPX,20,14,47,53,7,5,2,0,0,7,5,4,0,19,2,0,0,1,0,2,0.14893617,sa3005745
2023,Carlos Hurtado,HOU,CPX,22,9,26,28,7,5,1,0,1,3,4,0,0,5,2,0,0,1,1,0,0.269230769,sa3005746
2022,Carlos Hurtado,HOU,CPX,21,31,93,97,22,17,5,0,0,11,6,3,0,11,1,0,0,5,3,0,0.236559139,sa3005746
2021,Luis Baez,MIN,CPX,20,28,84,96,25,19,3,3,0,14,4,8,0,22,4,0,0,1,3,3,0.297619047,sa3005747
2019,Abraham Castillo,HOU,R,18,28,81,97,14,11,2,0,1,10,9,14,1,29,1,1,0,0,1,1,0.172839506,sa3005748
2019,Jorge Hurtado,WSN,R,18,31,114,126,31,16,12,2,1,15,14,10,2,40,1,1,0,3,4,2,0.271929824,sa3005749
2021,Jorge Hurtado,WSN,CPX,20,20,61,71,10,2,3,2,3,11,11,8,0,20,2,0,0,2,3,0,0.163934426,sa3005749
2019,Braian Fernandez,WSN,R,20,30,102,113,25,19,4,1,1,10,12,11,0,24,0,0,0,2,5,2,0.245098039,sa3005751
2022,Braian Fernandez,WSN,CPX,23,17,42,49,10,8,1,0,1,7,5,7,0,10,0,0,0,3,1,0,0.238095238,sa3005751
2019,Jim Caceres,MIN,R,18,31,87,104,15,13,2,0,0,9,7,11,0,22,3,1,2,1,4,1,0.172413793,sa3005752
2019,Victor Mascai,HOU,R,18,7,21,27,4,2,1,0,1,2,3,6,0,10,0,0,0,0,1,0,0.19047619,sa3005754
2021,Victor Mascai,HOU,CPX,20,12,40,45,9,5,2,0,2,8,9,5,0,15,0,0,0,0,0,0,0.225,sa3005754
2021,Carlos Aguiar,MIN,CPX,19,29,97,107,21,11,1,1,8,11,20,9,0,40,0,1,0,0,2,1,0.216494845,sa3005755
2021,Carlos Paraguate,ATL,CPX,20,16,47,54,9,7,2,0,0,2,4,5,0,17,2,0,0,0,1,0,0.191489361,sa3005757
2021,Adonis Figuereo,DET,CPX,20,27,67,87,10,6,3,0,1,9,10,15,0,26,2,3,0,1,0,1,0.149253731,sa3005758
2022,Adonis Figuereo,DET,CPX,21,22,50,62,6,1,2,0,3,5,9,10,0,23,2,0,0,2,0,2,0.12,sa3005758
2019,Jose Mendoza,HOU,R,18,26,85,100,19,18,1,0,0,8,5,14,0,25,1,0,0,0,3,2,0.223529411,sa3005761
2021,Pedro Garcia,DET,CPX,20,22,57,67,10,7,2,1,0,5,6,7,0,22,1,2,0,1,0,0,0.175438596,sa3005762
2022,Iverson Leonardo,DET,CPX,20,31,109,122,27,16,6,0,5,15,17,11,0,28,1,1,0,3,4,2,0.247706422,sa3005766
2023,Iverson Leonardo,DET,CPX,21,29,98,127,26,14,11,0,1,16,16,24,0,43,5,0,0,0,2,2,0.265306122,sa3005766
2021,Iverson Leonardo,DET,CPX,19,44,131,162,30,16,7,2,5,20,22,24,1,47,7,0,0,2,5,2,0.229007633,sa3005766
2018,Wilfrido Matos,WSN,R,17,11,41,45,8,8,0,0,0,5,3,2,0,12,0,1,1,0,0,0,0.195121951,sa3005772
2019,Wilfrido Matos,WSN,R,18,30,93,108,19,12,6,0,1,10,17,12,0,18,3,0,0,4,6,3,0.204301075,sa3005772
2021,Wilfrido Matos,WSN,CPX,20,11,21,32,3,3,0,0,0,4,1,9,0,9,2,0,0,0,5,1,0.142857142,sa3005772
2022,Wilfrido Matos,WSN,CPX,21,8,21,24,4,3,1,0,0,2,0,2,0,5,1,0,0,1,0,1,0.19047619,sa3005772
2019,Eliezel Stevens,ATL,R,18,37,130,141,31,23,6,0,2,9,19,9,0,44,0,2,0,2,7,2,0.238461538,sa3005773
2021,Eliezel Stevens,ATL,CPX,20,28,90,96,22,16,5,0,1,5,10,4,0,26,1,1,0,1,1,1,0.244444444,sa3005773
2022,Eliezel Stevens,ATL,CPX,21,18,57,65,14,9,5,0,0,6,10,8,0,21,0,0,0,0,2,1,0.245614035,sa3005773
2019,Rolando Espinosa,HOU,R,18,42,129,151,26,15,8,2,1,18,14,16,0,43,5,1,0,0,9,3,0.201550387,sa3005774
2022,Rolando Espinosa,HOU,CPX,21,45,140,175,34,24,3,1,6,31,32,29,0,50,3,3,0,1,32,5,0.242857142,sa3005774
2019,Viandel Pena,WSN,R,18,37,131,154,47,34,10,3,0,27,15,21,0,31,2,0,0,0,6,3,0.358778625,sa3005775
2021,Oscar Gonzalez,PHI,CPX,20,20,31,37,6,5,1,0,0,6,4,5,0,8,1,0,0,2,0,0,0.193548387,sa3005776
2022,Oscar Gonzalez,PHI,CPX,21,28,76,86,20,15,3,0,2,15,12,10,0,13,0,0,0,3,0,0,0.263157894,sa3005776
2021,Christopher De La Cruz,WSN,CPX,20,29,61,86,11,9,0,1,1,14,10,21,1,13,2,2,0,0,3,0,0.180327868,sa3005777
2022,Christopher De La Cruz,WSN,CPX,21,21,80,92,23,18,4,0,1,22,13,11,1,14,0,1,0,2,3,3,0.2875,sa3005777
2021,Jandel Paulino,MIA,CPX,20,11,25,25,9,6,1,0,2,6,7,0,0,9,0,0,0,0,0,0,0.36,sa3005779
2019,Jose Cedeno,PHI,R,18,37,116,130,21,20,1,0,0,15,6,12,0,37,1,1,0,0,7,2,0.181034482,sa3005789
2021,Jose Cedeno,PHI,CPX,20,14,30,38,3,1,2,0,0,7,3,6,0,13,1,1,0,0,2,0,0.1,sa3005789
2021,Wilson Valdez,PHI,CPX,21,31,44,52,10,7,1,2,0,5,4,4,0,8,3,1,0,1,0,3,0.227272727,sa3005792
2019,Guarner Dipre,PHI,R,18,31,103,117,31,22,7,1,1,15,12,9,0,22,2,1,2,3,6,1,0.300970873,sa3005793
2021,Guarner Dipre,PHI,CPX,20,23,38,48,5,4,0,1,0,8,5,8,0,17,1,1,0,1,0,2,0.131578947,sa3005793
2021,Freddy Francisco,PHI,CPX,20,17,29,35,3,1,2,0,0,2,1,4,0,10,1,1,0,0,0,1,0.103448275,sa3005794
2019,Freddy Francisco,PHI,R,18,13,29,31,8,3,4,0,1,6,5,2,0,5,0,0,0,0,0,0,0.275862068,sa3005794
2023,Pedro Martinez,PHI,CPX,22,9,27,33,13,9,2,1,1,5,11,5,0,5,1,0,0,0,1,0,0.481481481,sa3005795
2019,Pedro Martinez Jr.,DET,R,18,31,106,118,23,14,7,0,2,14,12,10,0,27,2,0,0,2,0,0,0.216981132,sa3005797
2021,Pedro Martinez Jr.,DET,CPX,20,36,101,117,17,7,9,0,1,12,15,8,0,31,5,3,0,4,0,1,0.168316831,sa3005797
2019,Edangel Tovar,WSN,R,18,33,115,124,23,18,4,0,1,13,10,7,0,38,1,0,0,3,4,0,0.2,sa3005902
2022,Ricardo Toro,HOU,CPX,21,47,134,160,33,23,5,0,5,22,21,14,0,23,10,2,0,2,3,1,0.246268656,sa3005904
2019,Geyber Jimenez,TOR,R,18,15,24,32,7,4,3,0,0,2,4,5,0,5,0,1,2,1,0,0,0.291666666,sa3005906
2019,Enyerberth Ascanio,NYY,R,18,17,42,58,7,6,0,1,0,8,0,12,0,14,3,0,1,3,2,1,0.166666666,sa3005908
2021,Yoneiry Acevedo,DET,CPX,20,47,150,180,29,14,9,4,2,26,15,25,0,49,3,1,1,4,7,1,0.193333333,sa3005909
2022,Yoneiry Acevedo,DET,CPX,21,27,62,73,12,11,1,0,0,14,3,10,0,23,1,0,0,0,5,0,0.193548387,sa3005909
2022,Jose Reina,DET,CPX,21,42,135,155,34,22,11,0,1,21,19,15,0,41,3,1,1,1,8,2,0.251851851,sa3005911
2023,Jose Reina,DET,CPX,22,26,82,97,22,14,4,3,1,12,12,13,0,24,1,1,0,1,1,3,0.268292682,sa3005911
2021,Jose Reina,DET,CPX,20,33,93,108,17,14,2,0,1,11,8,12,0,35,2,1,0,0,1,2,0.182795698,sa3005911
2021,Wilfri Castro,MIN,CPX,20,29,58,69,15,8,2,2,3,8,18,9,0,20,2,0,0,0,0,1,0.258620689,sa3005917
2022,Wilfri Castro,MIN,CPX,21,19,54,62,12,9,1,0,2,9,7,8,0,14,0,0,0,0,0,0,0.222222222,sa3005917
2019,Jose Zepeda,TOR,R,18,27,71,98,16,11,4,0,1,15,15,21,0,14,2,2,2,1,6,0,0.225352112,sa3005922
2021,Anthony Garcia,NYY,CPX,20,23,66,85,21,12,1,0,8,19,21,18,0,25,0,1,0,2,10,1,0.318181818,sa3005924
2018,Anthony Garcia,NYY,R,17,44,156,175,38,19,6,3,10,18,20,18,2,73,0,1,0,1,3,0,0.243589743,sa3005924
2021,Edward Barboza,PHI,CPX,20,9,24,27,7,2,3,2,0,4,1,3,0,7,0,0,0,1,2,0,0.291666666,sa3005937
2019,Yoyner Fajardo,PIT,R,20,28,104,119,35,32,3,0,0,14,10,9,0,11,3,3,0,2,16,4,0.336538461,sa3005938
2021,Arturo De Freitas,PHI,CPX,20,8,20,22,5,2,3,0,0,5,5,2,0,3,0,0,0,0,1,0,0.25,sa3005939
2019,Oneill Manzueta,TBR,R,18,31,99,109,20,10,8,2,0,13,8,7,0,26,2,1,0,4,2,1,0.202020202,sa3005942
2021,Oneill Manzueta,TBR,CPX,20,18,54,65,15,13,2,0,0,10,8,9,0,15,1,1,0,2,1,0,0.277777777,sa3005942
2021,Jeremy Jimenez,DET,CPX,20,11,28,33,6,5,1,0,0,5,3,4,0,7,0,1,0,0,0,0,0.214285714,sa3005944
2021,Luis Gomez,MIN,CPX,20,30,70,92,17,12,5,0,0,8,3,20,0,21,2,0,0,2,1,1,0.242857142,sa3005947
2019,Juan Loyo,NYM,R,20,30,81,97,17,12,3,1,1,10,8,10,0,20,5,0,1,2,0,0,0.209876543,sa3005948
2021,Juan Loyo,NYM,CPX,22,16,37,43,12,11,1,0,0,4,4,4,0,13,2,0,0,2,0,1,0.324324324,sa3005948
2021,Jose Zapata,STL,CPX,20,10,28,30,7,4,3,0,0,4,4,2,0,11,0,0,0,0,0,0,0.25,sa3006179
2022,Jose Zapata,STL,CPX,21,16,32,33,6,5,0,0,1,3,2,0,0,13,1,0,0,0,0,0,0.1875,sa3006179
2021,Randy Romero,PIT,CPX,21,40,151,170,38,29,5,4,0,30,15,11,0,24,2,2,4,0,15,2,0.251655629,sa3006185
2019,Brandol Mezquita,ATL,R,17,34,118,140,29,27,1,0,1,14,12,17,0,40,2,0,3,1,6,2,0.245762711,sa3006201
2021,Brandol Mezquita,ATL,CPX,19,43,146,171,45,32,8,2,3,18,25,19,0,50,4,0,0,1,15,4,0.308219178,sa3006201
2022,Manuel Garcia,DET,CPX,22,23,59,77,15,9,5,0,1,10,5,10,0,10,8,0,0,2,2,3,0.254237288,sa3006202
2021,Madison Santos,NYY,CPX,21,15,44,57,17,6,5,3,3,15,19,11,0,15,1,1,0,0,9,0,0.386363636,sa3006206
2021,Wilkin Grullon,BAL,CPX,21,14,35,42,7,5,2,0,0,3,2,4,0,11,3,0,0,0,0,0,0.2,sa3006222
2019,Yoandy Rea,DET,R,19,29,95,106,38,24,9,0,5,21,25,7,0,10,3,1,0,1,1,0,0.4,sa3006224
2021,Yoandy Rea,DET,CPX,21,23,66,73,21,15,5,0,1,8,8,5,1,11,2,0,0,3,0,1,0.318181818,sa3006224
2019,Jhoiner Rodriguez,NYY,R,19,19,40,46,6,5,1,0,0,2,2,5,0,12,0,1,0,2,0,0,0.15,sa3006425
2021,Ivan Murzi,WSN,CPX,20,16,34,50,6,5,0,0,1,7,2,13,0,16,2,0,0,1,1,0,0.176470588,sa3006426
2022,Ivan Murzi,WSN,CPX,21,9,26,29,5,3,1,1,0,3,3,2,0,12,1,0,0,0,0,0,0.192307692,sa3006426
2023,Ivan Murzi,WSN,CPX,22,11,29,33,0,0,0,0,0,1,0,3,0,13,0,0,1,2,0,0,0,sa3006426
2019,Angel Basabe,PIT,R,18,36,119,134,25,17,5,3,0,9,11,9,0,30,3,2,1,1,4,2,0.210084033,sa3006432
2021,Angel Basabe,PIT,CPX,20,38,117,139,25,17,5,3,0,18,16,11,0,28,7,2,2,1,5,0,0.213675213,sa3006432
2021,Jhan Polanco,PIT,CPX,20,13,32,53,6,2,3,0,1,7,9,19,0,10,2,0,0,0,0,0,0.1875,sa3006531
2021,Sander Mora,STL,CPX,20,27,82,97,13,8,2,1,2,18,9,12,0,27,3,0,0,2,1,0,0.158536585,sa3006578
2019,Luis Milla,MIN,R,20,27,71,78,14,11,2,1,0,9,7,4,0,22,1,2,0,1,2,0,0.197183098,sa3006592
2021,Nelson Roberto,MIN,CPX,20,24,57,63,9,6,1,0,2,10,5,5,0,25,1,0,0,0,2,2,0.157894736,sa3006595
2019,Daniel Angulo,PIT,R,20,27,74,85,17,14,3,0,0,8,5,8,0,11,2,0,1,1,1,3,0.229729729,sa3006596
2019,Wilfredo Flores,PHI,R,19,32,120,130,41,33,6,2,0,20,11,4,0,16,1,1,4,1,9,4,0.341666666,sa3006606
2021,Wilfredo Flores,PHI,CPX,21,12,27,30,6,4,0,0,2,6,6,2,0,5,1,0,0,1,1,0,0.222222222,sa3006606
2021,Eduardo Valencia,DET,CPX,21,14,44,51,10,8,2,0,0,5,6,4,0,9,2,0,1,0,0,0,0.227272727,sa3006622
2019,Eduardo Valencia,DET,R,19,31,114,126,25,19,6,0,0,17,17,8,0,13,1,3,0,6,1,0,0.219298245,sa3006622
2021,Eduardo Valencia,DET,CPX,21,15,47,60,19,14,4,0,1,13,8,7,0,4,5,1,0,1,1,0,0.404255319,sa3006622
2018,Stoney O'Brien,PHI,R,24,37,123,145,40,28,8,1,3,27,26,15,0,33,4,3,0,4,2,2,0.325203252,sa3006717
2018,Jack Conley,PHI,R,21,33,76,94,25,19,4,0,2,18,11,14,1,17,3,1,0,4,0,0,0.328947368,sa3006857
2018,Daniel Reyes,DET,R,21,47,161,189,46,23,15,1,7,29,27,22,1,33,2,3,0,2,12,5,0.285714285,sa3006859
2019,Daniel Reyes,DET,R,22,6,17,21,5,3,2,0,0,3,2,4,0,1,0,0,0,1,0,0,0.294117647,sa3006859
2018,Jordan Verdon,DET,R,21,12,42,54,16,8,5,2,1,10,16,8,0,4,1,3,0,2,0,0,0.38095238,sa3006862
2018,Avery Tuck,DET,R,20,4,14,20,3,2,0,0,1,4,1,5,0,5,1,0,0,0,0,0,0.214285714,sa3006864
2018,Avery Tuck,DET,R,20,33,95,115,15,7,6,0,2,7,11,14,1,50,4,2,0,0,5,1,0.157894736,sa3006864
2018,Pablo O'Connor,WSN,R,22,10,34,37,11,7,4,0,0,5,6,2,0,7,0,1,0,0,3,0,0.323529411,sa3006865
2018,Kendall Simmons,PHI,R,18,32,95,113,22,12,7,0,3,21,11,9,0,30,8,1,0,2,2,4,0.231578947,sa3006867
2023,Kendall Simmons,PHI,CPX,23,8,26,33,9,4,4,0,1,4,5,4,0,6,2,1,0,0,2,0,0.346153846,sa3006867
2018,Blake Chisolm,WSN,R,21,40,125,157,37,21,11,3,2,20,25,21,0,31,9,2,0,1,3,1,0.296,sa3006870
2018,Ian Evans,BAL,R,21,46,167,189,37,30,7,0,0,14,15,14,0,25,6,2,0,7,0,1,0.221556886,sa3006874
2018,Trey Harris,ATL,R,22,31,105,132,33,21,9,2,1,24,18,21,1,13,5,0,1,3,4,3,0.314285714,sa3006876
2018,Trey Truitt,BAL,R,22,40,137,153,22,13,7,1,1,7,8,8,0,53,3,3,2,3,0,0,0.160583941,sa3006878
2018,Luke Miller,PHI,R,21,32,109,126,31,24,5,0,2,17,21,17,0,18,0,0,0,4,1,0,0.284403669,sa3006879
2018,Gabe Snyder,MIN,R,23,48,147,176,39,29,7,0,3,17,25,20,2,36,4,5,0,1,3,3,0.265306122,sa3006880
2018,Jelfry Marte,TBR,R,17,43,153,165,43,39,3,1,0,16,14,6,0,26,2,0,4,0,7,4,0.281045751,sa3006886
2019,Jelfry Marte,TBR,R,18,6,19,21,6,3,0,3,0,2,7,2,0,7,0,0,0,0,0,0,0.315789473,sa3006886
2021,Jelfry Marte,TBR,CPX,20,26,74,96,14,12,0,2,0,14,7,16,0,22,4,1,1,1,5,4,0.189189189,sa3006886
2021,Jose Martinez,NYY,CPX,22,28,61,78,13,8,0,1,4,16,17,15,0,28,0,2,0,0,0,1,0.213114754,sa3006890
2018,Jose Martinez,NYY,R,19,33,106,127,21,11,4,1,5,15,16,18,0,23,1,2,0,2,2,1,0.198113207,sa3006890
2019,Jose Martinez,NYY,R,20,19,58,70,19,6,7,2,4,8,14,8,0,13,4,0,0,1,1,1,0.327586206,sa3006890
2018,Leandro Emiliani,WSN,R,18,43,151,165,37,21,12,1,3,21,23,9,1,32,2,2,1,4,0,0,0.245033112,sa3006897
2019,Leandro Emiliani,WSN,R,19,39,127,167,38,23,11,0,4,20,28,33,2,42,7,0,0,2,0,1,0.299212598,sa3006897
2021,Leandro Emiliani,WSN,CPX,21,12,36,41,7,5,2,0,0,1,3,4,0,8,0,1,0,3,0,0,0.194444444,sa3006897
2021,Stanley Rosario,NYY,CPX,20,19,37,46,8,3,0,2,3,6,10,8,0,13,1,0,0,0,0,0,0.216216216,sa3006898
2018,Stanley Rosario,NYY,R,17,50,168,191,35,20,10,1,4,23,18,19,1,45,3,1,0,3,2,2,0.208333333,sa3006898
2019,Stanley Rosario,NYY,R,18,37,109,131,22,16,4,0,2,16,16,21,0,46,1,0,0,1,2,0,0.201834862,sa3006898
2018,Darling Florentino,ATL,R,17,37,138,146,30,20,6,1,3,16,15,5,0,40,2,1,0,3,1,2,0.217391304,sa3006901
2019,Darling Florentino,ATL,R,18,32,104,116,21,12,3,0,6,16,21,7,0,47,2,3,0,2,0,0,0.201923076,sa3006901
2018,Carlos De La Cruz,PHI,R,18,43,148,165,42,28,8,0,6,20,21,11,0,56,4,2,0,2,2,1,0.283783783,sa3006903
2021,Carlos De La Cruz,PHI,CPX,21,9,20,30,4,4,0,0,0,3,1,8,0,8,2,0,0,0,3,0,0.2,sa3006903
2018,Ray Hernandez,ATL,R,21,38,138,154,39,22,11,1,5,21,25,15,1,30,1,0,0,4,1,0,0.282608695,sa3006904
2018,Ben Aklinski,PHI,R,22,10,30,39,8,7,1,0,0,4,4,8,0,3,0,1,0,1,0,1,0.266666666,sa3006906
2018,Kelvin Smith,DET,R,18,34,124,136,25,18,4,1,2,17,9,8,1,51,3,1,0,1,9,2,0.201612903,sa3006914
2019,Kelvin Smith,DET,R,19,20,61,68,14,10,1,0,3,9,11,5,0,22,2,0,0,2,2,0,0.229508196,sa3006914
2018,Nick Ames,DET,R,21,12,46,52,14,3,6,0,5,9,19,5,0,11,0,1,0,0,0,0,0.304347826,sa3006919
2018,Connor Grant,MIA,R,21,35,114,129,28,21,6,0,1,23,8,12,0,23,1,1,1,0,16,3,0.245614035,sa3006922
2018,John Valente,DET,R,23,33,128,134,44,33,8,1,2,19,21,5,1,7,0,1,0,2,10,4,0.34375,sa3006923
2018,Harrison Dinicola,MIA,R,21,16,57,74,15,10,5,0,0,10,5,15,0,14,2,0,0,3,5,1,0.263157894,sa3006928
2018,Jared Denning,BAL,R,21,18,53,66,7,5,1,0,1,4,3,12,0,12,1,0,0,0,0,0,0.132075471,sa3006929
2018,Russ Olive,TBR,R,22,49,176,212,54,36,15,3,0,26,24,28,1,45,4,4,0,1,4,2,0.306818181,sa3006930
2018,Colton Pogue,WSN,R,22,42,135,150,38,30,6,1,1,15,11,11,0,25,3,1,0,6,4,1,0.281481481,sa3006931
2018,Tre Vickers,WSN,R,22,30,98,110,24,21,2,1,0,15,13,9,0,24,2,0,1,2,0,1,0.244897959,sa3006932
2018,Clark Brinkman,DET,R,22,17,59,77,16,11,4,1,0,11,11,16,0,5,2,0,0,1,7,2,0.27118644,sa3006934
2019,Clark Brinkman,DET,R,23,18,65,80,17,10,5,1,1,17,8,10,0,14,1,4,0,1,5,1,0.261538461,sa3006934
2018,Kaleo Johnson,TBR,R,21,47,167,195,52,30,13,2,7,32,25,13,0,33,13,2,0,5,4,3,0.311377245,sa3006935
2018,Logan Brown,ATL,R,21,37,114,127,31,23,5,0,3,13,16,11,0,16,2,0,0,7,0,1,0.271929824,sa3006938
2018,Matthew Jarecki,DET,R,22,37,133,156,32,15,12,2,3,23,17,14,0,31,8,1,0,1,5,5,0.240601503,sa3006940
2018,Matthew Jarecki,DET,R,22,5,18,21,5,3,1,0,1,5,3,1,0,3,1,0,1,0,5,1,0.277777777,sa3006940
2019,Matthew Jarecki,DET,R,23,43,154,188,45,24,15,2,4,29,31,22,0,29,7,5,0,5,3,2,0.292207792,sa3006940
2018,Tyler Webb,MIN,R,22,31,102,123,30,25,4,0,1,22,11,12,1,15,7,2,0,0,8,2,0.294117647,sa3007001
2018,David Noworyta,DET,R,22,29,63,75,17,16,1,0,0,3,8,11,0,12,1,0,0,1,0,0,0.269841269,sa3007002
2019,David Noworyta,DET,R,23,10,23,27,2,2,0,0,0,1,1,3,0,3,0,1,0,0,0,0,0.086956521,sa3007002
2018,Jeremiah Burks,DET,R,21,13,50,58,13,6,5,1,1,10,8,7,0,11,1,0,0,1,1,0,0.26,sa3007004
2019,Jeremiah Burks,DET,R,22,35,117,147,30,22,4,1,3,22,19,22,0,40,6,2,0,2,3,1,0.256410256,sa3007004
2018,Michael Berglund,TBR,R,20,34,105,133,27,20,7,0,0,16,14,24,0,18,2,2,0,3,2,2,0.257142857,sa3007016
2018,Kingston Liniak,DET,R,18,37,156,166,35,28,7,0,0,14,9,7,0,51,1,2,0,0,5,4,0.224358974,sa3007020
2022,Kingston Liniak,DET,CPX,22,9,27,31,8,4,2,0,2,6,2,4,0,5,0,0,0,2,0,0,0.296296296,sa3007020
2018,Kingston Liniak,DET,R,18,8,32,34,9,8,1,0,0,5,4,0,0,7,2,0,0,1,2,0,0.28125,sa3007020
2018,Nelson Mompierre,NYM,R,22,23,70,87,12,6,3,1,2,9,7,14,0,28,2,1,0,2,3,1,0.171428571,sa3007021
2018,Zach Malis,DET,R,21,6,22,24,6,4,1,1,0,2,3,2,0,5,0,0,0,0,1,0,0.272727272,sa3007025
2018,Zach Malis,DET,R,21,25,67,80,12,11,1,0,0,13,4,12,0,17,0,1,0,1,0,1,0.179104477,sa3007025
2018,Mason Berne,ATL,R,22,33,100,114,16,9,7,0,0,4,7,13,0,26,0,1,0,3,1,1,0.16,sa3007029
2019,Mason Berne,ATL,R,23,24,65,73,17,13,1,0,3,10,12,8,0,12,0,0,0,3,0,0,0.261538461,sa3007029
2018,Davis Bradshaw,MIA,R,20,27,93,106,35,28,4,3,0,18,13,10,1,13,3,0,0,1,15,1,0.376344086,sa3007031
2018,Andrew Turner,MIA,R,22,33,105,126,18,11,6,0,1,17,7,14,0,22,6,0,1,4,1,2,0.171428571,sa3007032
2018,Kevin Vargas,STL,R,18,31,87,104,19,15,4,0,0,17,7,11,0,32,5,0,1,0,1,3,0.218390804,sa3007035
2018,Christian Zamora,ATL,R,16,30,108,123,15,10,3,0,2,10,8,14,0,40,1,0,0,6,0,2,0.138888888,sa3007038
2019,Christian Zamora,ATL,R,17,19,63,70,13,7,4,2,0,7,2,6,0,30,1,0,0,2,0,0,0.206349206,sa3007038
2018,Troy Squires,TOR,R,23,35,123,152,26,25,0,1,0,10,8,22,1,14,5,0,2,4,2,0,0.211382113,sa3007041
2018,Mateo Gil,STL,R,17,45,171,194,43,35,6,1,1,27,20,20,0,51,3,0,0,4,2,2,0.251461988,sa3007050
2018,Reece Hampton,DET,R,21,10,37,42,14,10,2,2,0,10,2,5,0,5,0,0,0,0,4,1,0.378378378,sa3007055
2018,Josh Shaw,STL,R,21,46,177,197,47,36,7,2,2,31,30,14,0,14,2,3,1,6,6,2,0.265536723,sa3007056
2019,Dionys Vallejo,NYY,R,19,18,49,65,9,3,3,1,2,10,5,12,0,16,2,1,1,0,2,0,0.183673469,sa3007058
2021,Dionys Vallejo,NYY,CPX,21,19,25,37,4,2,1,0,1,9,3,12,0,8,0,0,0,0,3,0,0.16,sa3007058
2019,Dionys Vallejo,NYY,R,19,18,56,67,8,5,2,1,0,9,6,10,0,18,1,0,0,1,1,1,0.142857142,sa3007058
2021,Daneurys De La Cruz,DET,CPX,20,40,127,162,36,19,8,2,7,28,26,31,0,38,3,1,0,2,3,2,0.283464566,sa3007059
2022,Daneurys De La Cruz,DET,CPX,21,7,19,21,4,2,2,0,0,1,5,0,0,7,1,1,0,1,0,0,0.210526315,sa3007059
2023,Daneurys De La Cruz,DET,CPX,22,24,68,77,16,7,5,1,3,13,11,7,0,28,1,0,0,2,2,1,0.235294117,sa3007059
2018,Willie Joe Garry Jr.,MIN,R,18,33,81,95,13,9,4,0,0,13,5,8,1,28,4,1,1,1,5,2,0.160493827,sa3007065
2022,Willie Joe Garry Jr.,MIN,CPX,22,5,20,22,3,3,0,0,0,1,2,2,0,8,0,0,0,0,2,0,0.15,sa3007065
2018,Keegan Fish,MIA,R,18,16,38,49,7,5,2,0,0,3,3,9,0,15,1,1,0,0,0,0,0.184210526,sa3007068
2021,Keegan Fish,MIA,CPX,21,8,20,28,10,8,2,0,0,7,3,4,0,4,3,1,0,0,1,0,0.5,sa3007068
2018,Andrew Jayne,BAL,R,18,20,52,65,11,9,2,0,0,4,2,6,0,21,7,0,0,2,0,0,0.211538461,sa3007072
2019,Andrew Jayne,BAL,R,19,32,72,81,7,4,3,0,0,15,4,3,0,36,5,0,1,1,2,0,0.097222222,sa3007072
2018,Milton Smith II,MIA,R,20,31,105,122,37,31,6,0,0,23,2,14,0,21,1,0,2,1,7,3,0.352380952,sa3007076
2018,Trey Whitley,BAL,R,18,31,81,94,13,9,3,1,0,6,6,9,0,29,1,1,2,1,0,1,0.160493827,sa3007079
2018,Gunnar Schubert,MIA,R,22,8,26,30,7,4,2,1,0,4,3,3,0,9,1,0,0,2,1,1,0.269230769,sa3007080
2018,Brandon Purcell,STL,R,23,21,61,68,16,10,3,0,3,8,20,7,0,13,0,0,0,0,1,0,0.262295081,sa3007084
2018,Justin Childers,DET,R,22,14,51,62,13,8,2,0,3,14,11,8,0,19,1,2,0,0,1,0,0.25490196,sa3007085
2018,Justin Childers,DET,R,22,26,74,93,12,7,5,0,0,11,3,17,0,22,2,0,0,2,1,0,0.162162162,sa3007085
2018,Zach McLeod,BAL,R,22,15,55,60,17,13,3,0,1,8,7,5,0,10,0,0,0,2,0,0,0.309090909,sa3007086
2019,Zach McLeod,BAL,R,23,24,68,82,16,13,2,1,0,12,3,10,0,22,2,0,2,0,1,0,0.235294117,sa3007086
2018,Vinny Esposito,DET,R,22,5,17,20,4,2,2,0,0,3,2,3,0,9,0,0,0,0,0,0,0.235294117,sa3007088
2018,Vinny Esposito,DET,R,22,40,124,152,40,24,12,0,4,31,24,22,0,33,4,2,0,2,10,2,0.322580645,sa3007088
2019,Vinny Esposito,DET,R,23,7,22,28,4,2,0,1,1,6,2,4,0,7,2,0,0,1,1,0,0.181818181,sa3007088
2018,Matt Beaird,BAL,R,22,23,66,79,10,7,2,0,1,3,10,8,0,25,3,2,0,2,0,0,0.151515151,sa3007090
2018,Kevynn Arias,DET,R,21,20,40,45,6,6,0,0,0,4,3,5,1,11,0,0,0,1,0,0,0.15,sa3007094
2018,Andrew Warner,STL,R,22,31,114,136,39,18,16,1,4,24,27,13,0,26,8,1,0,1,3,1,0.342105263,sa3007095
2019,Sergio Toribio,MIN,R,20,23,56,65,9,6,2,1,0,6,7,7,0,24,0,1,1,1,0,1,0.160714285,sa3007096
2018,Justin Qiang,BOS,R,17,17,37,43,5,4,1,0,0,2,2,5,0,9,1,0,0,0,0,0,0.135135135,sa3007097
2018,Brandon Chapman,ATL,R,22,19,36,46,9,8,1,0,0,5,0,9,0,13,1,0,0,1,0,0,0.25,sa3007098
2018,Luis Garcia,PHI,R,17,43,168,187,62,47,11,3,1,33,32,15,1,21,4,0,0,1,12,8,0.369047619,sa3007295
2021,Rixon Wingrove,PHI,CPX,21,7,19,25,3,3,0,0,0,3,2,5,0,6,1,0,0,0,1,0,0.157894736,sa3007298
2018,Rixon Wingrove,PHI,R,18,23,79,87,19,13,5,0,1,12,8,8,0,22,0,0,0,0,1,1,0.240506329,sa3007298
2019,Rixon Wingrove,PHI,R,19,48,178,203,53,29,17,2,5,28,37,22,0,38,1,2,0,3,0,2,0.297752808,sa3007298
2019,Daiwer Castellanos,TBR,R,18,35,128,142,35,33,1,1,0,19,11,11,0,12,2,1,0,1,4,3,0.2734375,sa3007302
2021,Daiwer Castellanos,TBR,CPX,20,29,98,116,23,18,3,1,1,18,9,15,0,28,2,0,1,0,7,3,0.234693877,sa3007302
2022,Daiwer Castellanos,TBR,CPX,21,8,24,26,7,7,0,0,0,4,2,2,0,2,0,0,0,0,0,0,0.291666666,sa3007302
2018,Jose Mercado,PHI,R,18,26,85,89,14,10,2,0,2,8,5,3,0,26,1,0,0,3,1,1,0.164705882,sa3007305
2019,Jose Mercado,PHI,R,19,30,101,107,17,13,3,1,0,10,8,3,0,23,2,0,1,2,3,2,0.168316831,sa3007305
2018,Adrian Ramos,TOR,R,20,44,154,194,41,32,5,3,1,31,23,26,0,43,11,3,0,1,23,8,0.266233766,sa3007313
2018,Francisco Ruiz,TOR,R,18,19,65,69,9,6,3,0,0,5,4,4,0,32,0,0,0,0,0,0,0.138461538,sa3007314
2019,Francisco Ruiz,TOR,R,19,15,32,39,7,3,4,0,0,6,1,4,0,12,2,0,1,1,0,0,0.21875,sa3007314
2018,Kevin Melendez,TBR,R,18,31,97,115,21,16,4,0,1,17,12,12,0,29,4,2,0,1,2,2,0.216494845,sa3007319
2018,Corbin Williams,PHI,R,20,29,83,95,24,22,1,1,0,17,9,7,0,27,1,1,3,1,12,4,0.289156626,sa3007324
2018,Hunter Lee,MIN,R,22,23,63,75,17,13,3,0,1,9,7,9,0,15,3,0,0,2,0,4,0.269841269,sa3007325
2021,Gionti Turner,TBR,CPX,20,29,81,98,22,17,4,0,1,12,8,11,0,16,3,1,2,1,8,4,0.271604938,sa3007326
2022,Gionti Turner,TBR,CPX,21,6,19,24,5,3,1,0,1,4,4,2,0,3,3,0,0,0,1,1,0.263157894,sa3007326
2018,Dawson Dimon,TBR,R,19,13,31,40,6,5,1,0,0,1,4,4,0,7,4,0,1,3,0,0,0.193548387,sa3007331
2019,Dawson Dimon,TBR,R,20,11,29,29,4,3,1,0,0,0,2,0,0,10,0,0,0,1,1,0,0.137931034,sa3007331
2018,Justin Harrer,PIT,R,21,33,104,128,19,9,3,2,5,19,18,16,2,39,7,0,1,2,2,1,0.182692307,sa3007504
2018,Ryan Haug,PIT,R,23,17,37,49,12,9,2,0,1,5,4,1,0,4,10,1,0,1,1,2,0.324324324,sa3007506
2019,Ramon Mendoza,STL,R,18,33,102,123,29,19,9,0,1,19,9,14,0,27,4,1,2,1,0,4,0.284313725,sa3007513
2021,Ramon Mendoza,STL,CPX,20,24,70,84,19,13,5,1,0,15,6,11,0,16,2,1,0,3,1,1,0.271428571,sa3007513
2018,Nick Patten,PIT,R,21,37,118,144,23,13,5,2,3,19,16,15,0,30,7,1,3,2,0,0,0.194915254,sa3007520
2018,Michael Mateja,ATL,R,21,16,44,61,16,9,6,0,1,17,9,13,1,9,3,0,1,0,1,2,0.363636363,sa3007525
2018,Nick Matera,PHI,R,21,25,76,92,17,11,6,0,0,13,5,13,0,17,2,1,0,0,0,1,0.22368421,sa3007528
2018,Trent Bowles,PHI,R,23,39,133,151,34,24,8,1,1,22,16,11,0,33,1,4,2,1,9,3,0.255639097,sa3007529
2018,Patrick Dorrian,PIT,R,22,40,137,165,45,28,10,6,1,28,34,24,0,24,1,2,0,2,2,1,0.328467153,sa3007629
2018,Jon Rosoff,DET,R,23,21,46,57,13,10,2,1,0,9,6,9,0,4,1,0,1,3,3,2,0.282608695,sa3007635
2018,Nick Schnell,TBR,R,18,19,67,82,16,10,4,1,1,8,4,14,1,23,1,0,0,1,2,6,0.23880597,sa3007639
2019,Nick Schnell,TBR,R,19,4,21,21,4,2,0,2,0,4,1,0,0,9,0,0,0,0,0,0,0.19047619,sa3007639
2018,Nicholas Northcut,BOS,R,19,41,142,163,33,23,9,0,1,13,20,15,0,45,4,2,0,0,0,0,0.232394366,sa3007640
2018,Fernando Villegas,PIT,R,20,25,88,110,26,16,7,3,0,16,16,12,0,15,7,3,0,0,4,3,0.295454545,sa3007642
2018,Matt Morrow,PIT,R,22,33,98,115,28,24,4,0,0,20,8,15,0,11,0,0,2,2,5,1,0.285714285,sa3007644
2018,Austin Hale,MIN,R,22,26,56,64,13,8,4,0,1,7,5,4,0,13,1,1,2,1,0,0,0.232142857,sa3007647
2018,Lane Milligan,BOS,R,23,20,76,89,25,18,6,0,1,11,12,9,0,16,2,1,1,2,0,1,0.328947368,sa3007648
2018,John Ham,BAL,R,21,38,132,153,27,19,6,1,1,23,11,16,0,32,3,2,0,5,1,1,0.204545454,sa3007653
2018,Kyle Mottice,PIT,R,22,35,106,148,30,26,3,1,0,26,9,24,0,12,14,0,4,1,16,0,0.283018867,sa3007655
2018,Brandon Howlett,BOS,R,18,39,137,163,42,22,15,0,5,24,25,22,1,38,2,2,0,2,0,1,0.306569343,sa3007745
2018,Steven Kraft,PIT,R,21,31,109,126,35,23,9,1,2,18,29,13,0,11,3,1,0,1,3,2,0.321100917,sa3007751
2018,Jimmy Smith,PHI,R,22,44,132,149,37,24,8,2,3,27,22,13,0,23,2,1,1,2,1,0,0.28030303,sa3007752
2018,Cole Kreuter,STL,R,22,34,98,121,15,10,5,0,0,12,15,11,0,39,10,2,0,0,2,1,0.153061224,sa3007790
2019,Cole Kreuter,STL,R,23,7,18,22,4,1,3,0,0,5,0,2,0,3,1,0,1,2,0,0,0.222222222,sa3007790
2018,Liam Sabino,STL,R,22,23,73,81,14,7,7,0,0,10,10,7,0,31,1,0,0,1,2,0,0.191780821,sa3007821
2018,Elih Marrero,BOS,R,21,26,83,100,24,20,3,1,0,14,9,14,1,14,1,2,0,2,0,0,0.289156626,sa3007822
2018,Mitchell Robinson,NYY,R,22,31,96,111,26,18,7,0,1,6,12,10,0,23,3,2,0,1,0,0,0.270833333,sa3007865
2018,Joe Freiday,STL,R,22,13,33,44,7,7,0,0,0,5,4,8,0,12,1,2,0,0,0,0,0.212121212,sa3007866
2018,Alex Guerrero,NYY,R,18,23,61,67,10,10,0,0,0,1,2,6,1,16,0,0,0,0,2,1,0.163934426,sa3007873
2019,Alex Guerrero,NYY,R,19,27,58,65,10,10,0,0,0,4,4,4,0,21,2,0,0,2,0,0,0.172413793,sa3007873
2021,Alex Guerrero,NYY,CPX,21,26,59,69,24,12,8,1,3,14,19,8,0,17,1,1,0,1,1,1,0.406779661,sa3007873
2022,Alex Guerrero,NYY,CPX,22,8,22,27,6,3,1,0,2,5,4,5,0,9,0,0,0,0,0,0,0.272727272,sa3007873
2018,Ryder Green,NYY,R,18,26,79,95,16,9,2,2,3,11,10,11,0,35,3,2,0,2,3,2,0.202531645,sa3007875
2021,Ryder Green,NYY,CPX,21,7,14,26,4,2,2,0,0,5,0,11,0,5,1,0,0,0,2,0,0.285714285,sa3007875
2018,Jack Herman,PIT,R,18,37,141,169,48,34,9,3,2,28,22,23,1,24,2,2,1,1,2,2,0.340425531,sa3007877
2021,Jack Herman,PIT,CPX,21,8,25,29,9,4,3,0,2,7,9,4,1,7,0,0,0,0,0,0,0.36,sa3007877
2018,Matt McGarry,NYY,R,22,33,97,123,26,21,4,1,0,15,8,18,1,15,8,0,0,0,2,1,0.268041237,sa3007881
2019,Franklin Pinto,HOU,R,18,36,112,128,31,22,5,2,2,21,21,10,0,15,3,2,1,3,4,0,0.276785714,sa3007913
2021,Franklin Pinto,HOU,CPX,20,7,16,20,4,4,0,0,0,4,5,4,0,2,0,0,0,0,0,2,0.25,sa3007913
2018,Jonathan Quintana,WSN,R,23,28,67,82,15,12,2,1,0,10,4,13,0,16,2,0,0,2,1,3,0.223880597,sa3007916
2018,Zack Gahagan,STL,R,22,35,108,131,30,24,4,1,1,16,14,18,1,21,4,1,0,2,5,2,0.277777777,sa3008001
2018,Onix Vega,WSN,R,19,21,58,71,16,14,2,0,0,7,5,9,0,4,3,0,1,0,2,1,0.275862068,sa3008007
2018,Connor Scott,MIA,R,18,27,103,119,23,18,1,4,0,15,8,14,0,29,1,1,0,1,8,5,0.22330097,sa3008080
2018,Caleb Ramsey,BOS,R,18,29,85,102,13,12,1,0,0,12,3,15,0,26,1,0,1,0,2,4,0.152941176,sa3008081
2019,Caleb Ramsey,BOS,R,19,17,50,61,9,7,2,0,0,5,6,9,0,24,1,1,0,0,3,0,0.18,sa3008081
2021,Sincere Smith,NYY,CPX,21,19,45,51,10,9,1,0,0,6,3,5,0,16,1,0,0,1,2,2,0.222222222,sa3008082
2022,Sincere Smith,NYY,CPX,22,10,23,26,6,5,1,0,0,3,2,2,0,10,1,0,0,1,3,0,0.260869565,sa3008082
2018,Sincere Smith,NYY,R,18,12,31,34,5,4,0,1,0,1,1,3,0,5,0,0,0,1,2,1,0.161290322,sa3008082
2019,Sincere Smith,NYY,R,19,26,66,74,17,12,3,1,1,13,8,6,0,15,1,1,0,1,6,2,0.257575757,sa3008082
2021,Kelvin Pena,ATL,CPX,20,27,57,67,9,7,1,0,1,3,3,6,0,24,3,0,1,2,1,0,0.157894736,sa3008083
2018,K.V. Edwards,TBR,R,20,24,77,90,19,14,4,1,0,11,8,8,1,25,3,0,2,3,4,1,0.246753246,sa3008109
2021,K.V. Edwards,TBR,CPX,23,6,18,25,5,3,0,0,2,6,7,6,0,7,1,0,0,1,0,1,0.277777777,sa3008109
2018,Osiris Johnson,MIA,R,17,25,103,111,31,20,8,2,1,12,13,4,0,19,2,2,0,2,7,2,0.300970873,sa3008110
2021,Osiris Johnson,MIA,CPX,20,27,96,108,27,9,9,1,8,21,26,11,0,24,1,0,0,0,2,0,0.28125,sa3008110
2018,Isaiah Pasteur,NYY,R,22,19,59,64,19,10,4,0,5,12,12,3,0,18,0,2,0,0,5,2,0.322033898,sa3008138
2018,Matt Pita,NYY,R,21,27,85,94,18,13,3,2,0,9,5,7,0,20,2,0,0,1,3,1,0.211764705,sa3008146
2018,Erick Rivera,MIN,R,17,23,69,82,17,13,4,0,0,6,7,11,1,22,1,0,1,0,1,2,0.246376811,sa3008187
2019,Erick Rivera,MIN,R,18,39,110,129,18,14,3,1,0,8,12,15,0,33,3,1,0,3,2,2,0.163636363,sa3008187
2018,Juan Paulino,HOU,R,20,24,54,71,7,3,2,1,1,6,5,13,0,23,3,1,0,1,1,2,0.129629629,sa3008190
2021,Beau Brundage,TBR,CPX,24,8,22,28,4,2,0,1,1,6,3,4,0,12,2,0,0,0,1,0,0.181818181,sa3008246
2018,Charles Mack,MIN,R,18,30,102,118,22,17,4,1,0,13,3,13,1,23,2,1,0,3,1,1,0.215686274,sa3008250
2018,Drew Fregia,BAL,R,21,31,108,122,24,17,3,2,2,10,11,8,0,28,6,0,0,3,0,1,0.222222222,sa3008295
2018,Jaylen Palmer,NYM,R,17,25,87,100,27,21,4,1,1,13,11,8,0,27,4,0,1,2,5,2,0.310344827,sa3008297
2018,LaRon Smith,MIN,R,17,13,39,46,8,6,2,0,0,3,2,7,0,9,0,0,0,1,1,0,0.205128205,sa3008307
2019,LaRon Smith,MIN,R,18,9,32,35,9,4,5,0,0,1,1,2,0,11,1,0,0,0,0,0,0.28125,sa3008307
2021,LaRon Smith,MIN,CPX,20,28,70,86,12,4,2,1,5,10,12,13,0,26,3,0,0,0,1,1,0.171428571,sa3008307
2019,Breiner Licona,BOS,R,19,15,43,52,8,6,1,0,1,5,1,8,0,19,0,0,1,1,0,0,0.186046511,sa3008363
2018,Jared Gates,BAL,R,22,28,90,96,26,20,5,0,1,9,11,4,0,21,1,1,0,5,0,1,0.288888888,sa3008366
2021,Albert Jerez,PHI,CPX,20,15,28,35,4,3,1,0,0,6,8,5,0,9,2,0,0,0,3,0,0.142857142,sa3008378
2018,Mitchell Edwards,PHI,R,18,16,36,39,9,5,3,0,1,5,3,3,0,11,0,0,0,1,0,1,0.25,sa3008407
2019,Mitchell Edwards,PHI,R,19,13,31,37,7,5,1,0,1,3,7,5,0,10,0,1,0,0,0,0,0.225806451,sa3008407
2021,Mitchell Edwards,PHI,CPX,21,11,32,35,11,8,3,0,0,5,4,2,0,7,0,1,0,1,0,0,0.34375,sa3008407
2022,Alan Mejia,NYY,CPX,20,34,108,128,23,15,5,1,2,12,14,16,0,42,1,3,0,3,1,1,0.212962962,sa3008420
2019,Alan Mejia,NYY,R,17,37,130,156,23,15,3,2,3,19,13,20,0,40,3,3,0,0,6,3,0.176923076,sa3008420
2018,Bramdon Perez,BOS,R,18,11,41,43,9,8,1,0,0,2,1,2,0,11,0,0,0,1,0,1,0.219512195,sa3008475
2019,Bramdon Perez,BOS,R,19,34,119,134,33,27,5,0,1,16,20,13,0,35,2,0,0,0,2,2,0.277310924,sa3008475
2018,Justin Morris,PIT,R,22,9,18,20,4,3,1,0,0,4,5,2,0,3,0,0,0,0,0,1,0.222222222,sa3008506
2021,Arquimedes Cumana,MIA,CPX,21,25,47,61,8,5,2,0,1,6,7,10,0,24,3,1,0,0,0,1,0.170212765,sa3008576
2022,Arquimedes Cumana,MIA,CPX,22,22,42,51,10,9,1,0,0,5,6,6,0,14,3,0,0,3,1,0,0.238095238,sa3008576
2021,Junior Ortega,PHI,CPX,21,20,43,54,10,7,1,1,1,10,7,5,0,12,5,1,0,2,3,0,0.232558139,sa3008736
2022,Felix Negueis,NYY,CPX,21,32,101,121,29,10,13,2,4,22,29,17,0,36,1,2,0,2,7,1,0.287128712,sa3008739
2019,Cesar Berbesi,NYM,R,19,17,52,65,9,6,2,1,0,6,6,7,0,17,2,1,3,0,1,3,0.173076923,sa3008740
2021,Cesar Berbesi,NYM,CPX,21,11,34,46,13,8,3,1,1,11,6,10,0,9,1,1,0,0,5,1,0.382352941,sa3008740
2022,Misael Urbina,MIN,CPX,20,10,40,46,10,6,4,0,0,3,5,2,0,9,3,1,0,1,1,1,0.25,sa3008743
2019,Antonio Gomez,NYY,R,17,14,47,51,12,7,4,0,1,9,7,3,0,7,1,0,0,1,0,0,0.255319148,sa3008746
2021,Antonio Gomez,NYY,CPX,19,29,95,113,29,18,8,1,2,18,16,16,0,31,2,0,0,5,4,0,0.305263157,sa3008746
2024,Antonio Gomez,NYY,CPX,22,6,20,25,5,3,2,0,0,3,1,5,0,4,0,0,0,2,0,0,0.25,sa3008746
2021,Jose De La Cruz,DET,CPX,19,44,159,183,43,29,9,1,4,20,15,17,1,58,6,1,0,2,7,7,0.270440251,sa3008747
2022,Jose De La Cruz,DET,CPX,20,6,21,23,5,2,2,0,1,5,3,1,0,11,1,0,0,0,1,0,0.238095238,sa3008747
2025,Jose De La Cruz,DET,CPX,23,13,48,51,10,5,5,0,0,8,4,2,0,20,1,0,0,0,1,0,0.208333333,sa3008747
2021,Adinso Reyes,DET,CPX,19,12,41,46,10,6,2,0,2,5,6,4,0,13,1,0,0,0,0,1,0.243902439,sa3008750
2022,Adinso Reyes,DET,CPX,20,32,117,132,39,28,6,0,5,19,21,12,0,32,1,2,0,4,1,3,0.333333333,sa3008750
2023,Adinso Reyes,DET,CPX,21,11,40,43,13,9,3,0,1,9,6,3,0,11,0,0,0,1,1,2,0.325,sa3008750
2021,Adinso Reyes,DET,CPX,19,36,122,138,20,10,5,0,5,16,12,8,1,60,7,1,0,1,1,0,0.163934426,sa3008750
2021,Alejandro Pie,TBR,CPX,19,32,122,134,29,25,4,0,0,16,9,8,0,47,3,1,0,2,10,4,0.237704918,sa3008754
2022,Alejandro Pie,TBR,CPX,20,16,57,66,10,8,2,0,0,10,8,6,0,24,3,0,0,1,5,1,0.175438596,sa3008754
2021,Estanli Castillo,TBR,CPX,19,18,54,69,14,9,5,0,0,13,9,14,0,13,0,1,0,2,1,1,0.259259259,sa3008763
2022,Estanli Castillo,TBR,CPX,20,24,87,103,27,17,9,1,0,17,18,15,0,31,0,1,0,1,4,1,0.310344827,sa3008763
2022,Daury Del Rosario,TBR,CPX,20,32,86,113,19,14,3,1,1,22,9,24,0,35,3,0,0,1,5,4,0.220930232,sa3008764
2021,Cristian Gonzalez,HOU,CPX,19,13,42,47,13,9,2,0,2,8,13,5,0,10,0,0,0,0,3,0,0.309523809,sa3008771
2023,Cristian Gonzalez,HOU,CPX,21,7,25,27,7,3,2,0,2,6,5,2,0,1,0,0,0,1,0,0,0.28,sa3008771
2021,Frank Perez,HOU,CPX,19,21,39,55,4,4,0,0,0,10,1,11,0,19,5,0,0,0,1,2,0.102564102,sa3008772
2022,Frank Perez,HOU,CPX,20,44,121,148,23,12,5,2,4,22,17,14,0,57,13,0,0,1,3,2,0.190082644,sa3008772
2021,Jesus Liranzo,HOU,CPX,19,11,23,25,4,3,1,0,0,0,2,1,0,14,1,0,0,1,0,0,0.173913043,sa3008773
2022,Yohander Martinez,HOU,CPX,20,46,136,177,32,29,0,1,2,18,19,30,0,22,9,2,0,6,5,5,0.235294117,sa3008775
2022,Jhonny Melenciano,MIA,CPX,20,39,87,106,25,18,5,1,1,9,16,15,0,23,0,1,3,1,9,4,0.287356321,sa3008776
2021,Yoelvis Sanchez,MIA,CPX,19,32,86,107,13,8,1,2,2,20,10,17,0,46,3,0,1,0,10,2,0.15116279,sa3008777
2021,Yeuri Amparo,WSN,CPX,19,32,79,88,20,17,2,0,1,10,10,7,0,17,1,1,0,2,4,1,0.253164556,sa3008778
2022,Yeuri Amparo,WSN,CPX,20,13,27,29,1,0,1,0,0,3,0,1,0,4,0,0,1,0,1,0,0.037037037,sa3008778
2022,Isan Castillo,WSN,CPX,20,20,39,45,5,5,0,0,0,5,1,4,0,17,1,0,1,1,0,2,0.128205128,sa3008779
2021,Raymi Gomez,WSN,CPX,21,12,35,40,9,7,0,1,1,6,6,4,0,12,1,0,0,0,1,1,0.257142857,sa3008780
2021,Daniel Marte,WSN,CPX,19,45,137,172,28,20,4,1,3,22,20,24,0,59,10,0,1,2,10,5,0.204379562,sa3008781
2022,Daniel Marte,WSN,CPX,20,13,35,42,7,5,1,0,1,3,6,6,0,10,0,1,0,1,1,0,0.2,sa3008781
2021,Yoander Rivero,WSN,CPX,19,32,89,113,24,18,2,1,3,17,22,19,0,17,2,0,3,1,8,2,0.269662921,sa3008782
2024,Yoander Rivero,WSN,CPX,22,41,132,163,22,15,5,0,2,18,13,24,1,29,1,3,3,5,3,1,0.166666666,sa3008782
2022,Erick Tejeda,WSN,CPX,20,32,110,130,26,17,6,1,2,18,13,18,0,31,2,0,0,6,0,0,0.236363636,sa3008783
2023,Erick Tejeda,WSN,CPX,21,10,31,35,6,6,0,0,0,5,1,4,0,13,0,0,0,0,0,0,0.193548387,sa3008783
2021,Isaac De Leon,BAL,CPX,19,43,138,159,39,28,9,1,1,25,21,18,0,37,3,0,0,1,5,1,0.282608695,sa3008784
2021,Cristhian Rodriguez,MIA,CPX,19,46,156,174,34,20,12,2,0,20,18,15,0,59,2,0,0,4,3,1,0.217948717,sa3008785
2022,Cristhian Rodriguez,MIA,CPX,20,22,79,86,12,9,3,0,0,12,6,6,0,26,1,0,0,0,1,0,0.151898734,sa3008785
2021,Albert Feliz,BOS,CPX,19,21,50,60,9,4,5,0,0,4,5,10,0,22,0,0,0,0,0,1,0.18,sa3008799
2022,Albert Feliz,BOS,CPX,20,19,36,44,7,5,0,1,1,4,4,8,0,13,0,0,0,1,0,0,0.194444444,sa3008799
2023,Victor Diaz,HOU,CPX,21,29,93,106,21,10,6,0,5,12,23,9,0,27,1,3,0,1,2,0,0.225806451,sa3008801
2024,Victor Diaz,HOU,CPX,22,13,35,37,13,9,2,0,2,9,6,1,0,7,0,1,0,3,0,0,0.371428571,sa3008801
2021,Naysbel Marcano,BOS,CPX,19,13,27,29,8,6,2,0,0,4,2,1,1,9,1,0,0,0,0,0,0.296296296,sa3008804
2022,Naysbel Marcano,BOS,CPX,20,18,30,36,6,4,1,0,1,3,3,5,0,14,1,0,0,0,0,0,0.2,sa3008804
2021,Bryan Gonzalez,BOS,CPX,19,39,139,161,32,21,5,1,5,28,27,19,0,54,1,2,0,0,8,0,0.230215827,sa3008805
2022,Bryan Gonzalez,BOS,CPX,20,9,28,34,2,2,0,0,0,4,2,4,0,12,1,1,0,0,1,2,0.071428571,sa3008805
2021,Noelberth Romero,BAL,CPX,19,38,126,143,30,19,8,0,3,21,15,12,0,27,3,1,1,5,3,2,0.238095238,sa3008808
2021,Eduardo Vaughan,BOS,CPX,19,28,84,105,19,10,6,0,3,16,18,18,0,24,1,2,0,1,5,0,0.226190476,sa3008810
2022,Eduardo Vaughan,BOS,CPX,20,21,50,58,6,4,2,0,0,5,1,8,0,22,0,0,0,1,3,0,0.12,sa3008810
2022,Alex Zapete,BOS,CPX,20,26,65,79,16,10,6,0,0,10,10,10,0,17,1,3,0,1,1,0,0.246153846,sa3008811
2021,Omar Diaz,HOU,CPX,19,29,74,92,24,19,4,0,1,12,10,14,0,23,3,0,0,0,1,0,0.324324324,sa3008813
2022,Omar Diaz,HOU,CPX,20,46,119,140,25,18,4,2,1,13,7,20,0,40,1,0,0,4,2,1,0.210084033,sa3008813
2021,Lazaro Benitez,DET,CPX,21,37,112,129,34,22,7,3,2,20,18,12,1,25,5,0,0,2,1,2,0.303571428,sa3008819
2022,Lazaro Benitez,DET,CPX,22,6,21,22,7,3,3,1,0,2,7,0,0,4,1,0,0,0,0,1,0.333333333,sa3008819
2021,Jose Dilone,ATL,CPX,20,30,87,98,17,14,3,0,0,7,4,7,0,27,3,1,0,0,3,0,0.195402298,sa3008820
2022,Jose Dilone,ATL,CPX,21,36,112,140,21,15,3,1,2,20,14,25,0,41,3,0,0,1,11,3,0.1875,sa3008820
2023,Jose Dilone,ATL,CPX,22,10,34,43,14,9,1,2,2,9,14,8,0,12,1,0,0,0,2,0,0.411764705,sa3008820
2021,Francisco Floyd,ATL,CPX,19,26,67,77,14,10,2,0,2,10,8,9,0,29,0,1,0,0,2,1,0.208955223,sa3008821
2022,Francisco Floyd,ATL,CPX,20,24,88,99,18,13,2,1,2,18,8,10,0,34,1,0,0,2,9,2,0.204545454,sa3008821
2023,Francisco Floyd,ATL,CPX,21,7,20,24,5,4,1,0,0,5,1,4,0,10,0,0,0,0,2,0,0.25,sa3008821
2022,Alexander Then,ATL,CPX,20,28,81,93,20,17,3,0,0,14,7,9,0,25,2,0,1,0,5,2,0.24691358,sa3008822
2023,Alexander Then,ATL,CPX,21,8,22,25,2,2,0,0,0,2,1,2,0,13,1,0,0,0,0,0,0.09090909,sa3008822
2022,Jauri Custodio,PIT,CPX,20,21,58,70,20,11,4,3,2,7,10,6,0,8,6,0,0,0,1,2,0.344827586,sa3008823
2023,Jauri Custodio,PIT,CPX,21,25,80,96,20,11,5,4,0,16,9,12,0,17,4,0,0,0,7,2,0.25,sa3008823
2021,Mishael Deson,BAL,CPX,18,32,103,114,38,31,2,2,3,19,16,9,0,23,0,1,1,2,11,2,0.368932038,sa3008828
2021,Cristian Calzadilla,DET,CPX,19,17,44,56,15,11,3,1,0,5,7,10,0,6,2,0,0,4,0,1,0.34090909,sa3008830
2024,Angel Cruz,DET,CPX,22,21,62,68,16,11,2,1,2,14,8,3,0,17,2,1,0,3,5,1,0.258064516,sa3008831
2021,Andres Monzon,HOU,CPX,19,9,20,21,6,3,3,0,0,4,3,1,0,7,0,0,0,1,1,1,0.3,sa3008833
2021,Ricardo Balogh,HOU,CPX,18,46,135,145,25,18,4,1,2,15,13,8,0,48,1,1,0,4,2,2,0.185185185,sa3008835
2022,Ricardo Balogh,HOU,CPX,19,52,177,191,49,41,5,3,0,14,34,11,0,50,0,3,0,5,3,1,0.276836158,sa3008835
2021,Brainer Bonaci,BOS,CPX,18,36,139,162,35,19,13,1,2,27,17,21,0,37,2,0,0,2,12,0,0.251798561,sa3008836
2019,Alexander Vargas,NYY,R,17,40,155,173,34,23,5,5,1,23,16,14,0,22,4,0,0,6,13,0,0.219354838,sa3008851
2021,Alexander Vargas,NYY,CPX,19,42,150,174,41,30,7,1,3,37,26,20,1,40,2,2,0,0,17,8,0.273333333,sa3008851
2021,Angel Gomez,BAL,CPX,20,13,32,35,6,6,0,0,0,6,1,1,0,16,2,0,0,0,2,1,0.1875,sa3008854
2021,Angel Gomez,BAL,CPX,20,27,66,80,6,5,1,0,0,6,2,13,0,38,1,0,0,0,4,3,0.09090909,sa3008854
2021,Gabriel Martinez,TOR,CPX,18,31,100,125,33,25,8,0,0,16,14,21,0,18,2,2,0,2,7,2,0.33,sa3008865
2021,Amell Brazoban,TOR,CPX,19,38,101,120,32,16,11,3,2,24,20,14,0,28,2,1,0,2,8,5,0.316831683,sa3008869
2022,Amell Brazoban,TOR,CPX,20,9,23,24,5,3,1,0,1,3,3,0,0,8,1,0,0,0,1,0,0.217391304,sa3008869
2021,Willfrann Astudillo,TOR,CPX,19,21,23,32,3,2,0,0,1,4,4,7,0,3,0,2,0,2,2,0,0.130434782,sa3008872
2019,J.J. D'Orazio,TOR,R,17,34,116,121,28,23,5,0,0,8,11,3,0,36,1,1,0,4,2,4,0.24137931,sa3008876
2021,J.J. D'Orazio,TOR,CPX,19,15,46,50,17,14,1,1,1,10,9,3,0,15,0,1,0,1,0,0,0.369565217,sa3008876
2021,Deivis Nadal,PIT,CPX,19,36,109,126,18,18,0,0,0,12,13,7,0,31,7,1,2,1,7,4,0.165137614,sa3008879
2022,Mauro Bonifacio,NYY,CPX,20,11,20,27,0,0,0,0,0,2,0,6,0,15,1,0,0,0,0,0,0,sa3008881
2022,Alexander Mojica,PIT,CPX,19,11,32,39,5,2,1,0,2,4,6,6,0,17,1,0,0,0,0,0,0.15625,sa3008889
2021,Marcos Cabrera,NYY,CPX,19,42,129,166,28,17,3,0,8,36,23,29,0,38,7,1,0,2,12,4,0.217054263,sa3008890
2021,Angel Geraldo,WSN,CPX,20,32,100,110,19,15,4,0,0,10,11,6,0,22,2,2,0,1,0,0,0.19,sa3008891
2022,Angel Geraldo,WSN,CPX,21,35,110,125,31,25,5,0,1,16,23,10,1,25,3,2,0,1,1,1,0.281818181,sa3008891
2023,Angel Geraldo,WSN,CPX,22,19,54,58,10,7,2,1,0,8,6,2,0,7,2,0,0,0,1,0,0.185185185,sa3008891
2021,Juan Jerez,PIT,CPX,19,43,152,181,45,28,9,2,6,26,28,24,0,46,2,2,1,4,10,4,0.296052631,sa3008892
2023,Juan Jerez,PIT,CPX,21,14,44,63,12,5,4,1,2,16,12,14,0,16,2,3,0,1,8,2,0.272727272,sa3008892
2021,Franrielis Bastardo,PIT,CPX,18,36,107,118,23,14,6,0,3,11,16,8,0,33,3,0,0,0,0,0,0.214953271,sa3008894
2022,Franrielis Bastardo,PIT,CPX,19,12,23,27,4,2,1,0,1,3,4,2,0,13,1,1,0,0,0,0,0.173913043,sa3008894
2021,Jose Berroa,BAL,CPX,19,36,119,132,33,27,5,0,1,22,9,13,0,32,0,0,0,2,9,5,0.277310924,sa3008896
2021,Leandro Pineda,PHI,CPX,19,33,69,93,9,5,3,0,1,14,9,20,0,23,2,2,0,1,3,3,0.130434782,sa3008905
2021,Rodolfo Nolasco,PIT,CPX,19,42,134,164,38,20,8,2,8,27,32,26,0,43,3,1,0,1,0,0,0.283582089,sa3008907
2021,Emmanuel Sanchez,TOR,CPX,20,33,102,107,26,22,4,0,0,11,11,4,0,23,1,0,0,3,2,3,0.25490196,sa3008909
2022,Emmanuel Sanchez,TOR,CPX,21,15,47,50,16,13,2,1,0,5,11,1,0,5,2,0,0,2,2,1,0.340425531,sa3008909
2021,Adrian Montero,TOR,CPX,19,12,20,24,7,6,0,1,0,2,5,2,1,3,1,1,0,1,0,0,0.35,sa3008911
2022,Leonel Callez,ATL,CPX,21,13,37,41,5,4,1,0,0,4,0,3,0,12,1,0,0,0,0,0,0.135135135,sa3008912
2021,Luis Tejeda,PIT,CPX,18,37,112,131,22,13,7,0,2,16,19,15,0,33,1,3,0,1,2,1,0.196428571,sa3008913
2022,Luis Tejeda,PIT,CPX,19,13,26,40,8,7,1,0,0,10,2,13,0,8,0,0,1,0,1,0,0.307692307,sa3008913
2023,Luis Tejeda,PIT,CPX,20,11,15,22,2,2,0,0,0,2,1,5,0,3,2,0,0,1,1,0,0.133333333,sa3008913
2022,Felix Salguera,TBR,CPX,20,21,66,75,14,12,0,1,1,10,12,4,0,15,5,0,0,1,4,1,0.212121212,sa3008914
2022,Ronny Sanchez,PIT,CPX,19,36,98,108,15,9,3,1,2,10,16,4,0,36,4,2,0,3,1,1,0.153061224,sa3008922
2022,Jesus Bolivar,DET,CPX,20,29,83,92,14,10,4,0,0,8,5,5,0,30,3,1,0,2,2,2,0.168674698,sa3008923
2022,Adony Mejia,PHI,CPX,21,30,52,65,11,7,1,0,3,10,9,9,0,22,4,0,0,1,3,1,0.211538461,sa3008924
2021,Smith Vargas,STL,CPX,19,18,34,38,3,1,0,2,0,9,0,4,0,17,0,0,0,1,2,1,0.088235294,sa3008928
2021,Jose  Estrada,MIA,CPX,21,22,62,68,17,9,8,0,0,8,9,6,0,10,0,0,0,3,0,0,0.274193548,sa3008933
2022,Jose  Estrada,MIA,CPX,22,14,45,49,9,4,4,0,1,6,5,4,0,5,0,0,0,3,0,0,0.2,sa3008933
2022,Jeremy Celedonio,ATL,CPX,20,13,34,46,6,3,0,1,2,5,8,8,0,14,4,0,0,0,5,0,0.176470588,sa3008936
2024,Jeremy Celedonio,ATL,CPX,22,6,19,24,3,2,1,0,0,4,3,5,0,9,0,0,0,0,0,0,0.157894736,sa3008936
2022,Dyron Campos,NYM,CPX,21,11,37,41,5,3,0,0,2,5,6,3,0,11,1,0,0,1,1,0,0.135135135,sa3008937
2023,Dyron Campos,NYM,CPX,22,7,20,24,4,3,1,0,0,3,2,3,0,7,1,0,0,0,2,0,0.2,sa3008937
2021,Omar De Los Santos,NYM,CPX,21,7,28,29,12,8,0,1,3,6,8,1,0,3,0,0,0,0,2,0,0.428571428,sa3008938
2021,Darel Belen,BOS,CPX,21,25,78,95,17,11,6,0,0,11,8,14,0,34,2,1,0,1,4,2,0.217948717,sa3008939
2021,Geraldo Quintero,ATL,CPX,19,40,121,142,25,20,2,3,0,23,6,17,0,26,2,1,0,0,12,5,0.20661157,sa3008942
2022,Jose Hernandez,NYM,CPX,20,13,37,45,3,2,1,0,0,1,0,5,0,18,3,0,0,0,1,0,0.081081081,sa3008943
2021,Carlos Mendoza,DET,CPX,21,26,65,95,27,23,2,1,1,25,10,25,0,9,4,1,0,3,12,0,0.415384615,sa3008944
2021,Albert Inoa,STL,CPX,19,27,73,89,10,10,0,0,0,9,3,16,0,33,0,0,0,2,3,2,0.136986301,sa3008948
2022,Albert Inoa,STL,CPX,20,14,32,37,3,2,0,0,1,5,1,5,0,12,0,0,0,0,0,0,0.09375,sa3008948
2021,Michael Mantecon,BAL,CPX,19,14,36,39,7,5,1,0,1,3,2,1,0,12,2,0,0,2,1,0,0.194444444,sa3008949
2021,Michael Mantecon,BAL,CPX,19,13,40,43,5,3,1,0,1,5,5,3,0,13,0,0,0,0,1,0,0.125,sa3008949
2021,Stiven Acevedo,BAL,CPX,18,38,127,141,32,27,3,0,2,20,21,11,0,34,2,1,0,5,9,0,0.251968503,sa3008952
2022,Stiven Acevedo,BAL,CPX,19,16,52,63,14,7,5,0,2,8,10,10,0,13,1,0,0,2,5,1,0.269230769,sa3008952
2021,Rubel Cespedes,MIN,CPX,20,39,127,143,20,12,3,2,3,13,15,13,0,42,2,1,0,0,3,1,0.157480314,sa3008953
2021,Freddy Valdez,BOS,CPX,19,31,96,118,22,14,6,2,0,18,16,18,0,27,2,2,0,1,0,0,0.229166666,sa3009190
2022,Freddy Valdez,BOS,CPX,20,22,52,63,10,7,2,0,1,7,9,6,0,14,2,3,0,0,0,0,0.192307692,sa3009190
2021,Carlos Dominguez,NYM,CPX,21,46,145,164,38,20,7,1,10,27,28,9,0,57,10,0,0,0,7,3,0.262068965,sa3009191
2021,Miguel Palma,HOU,CPX,19,21,46,66,9,4,2,0,3,11,9,17,0,11,1,2,0,1,0,1,0.195652173,sa3009279
2023,Miguel Palma,HOU,CPX,21,7,26,28,10,7,2,0,1,5,8,0,0,4,0,2,0,1,0,0,0.384615384,sa3009279
2024,Miguel Palma,HOU,CPX,22,6,21,24,7,6,1,0,0,1,5,2,0,6,1,0,0,0,1,1,0.333333333,sa3009279
2025,Miguel Palma,HOU,CPX,23,8,19,26,3,2,0,0,1,5,4,6,0,8,1,0,0,1,0,0,0.157894736,sa3009279
2021,Jeisel Acosta,WSN,CPX,19,15,41,48,8,8,0,0,0,2,3,3,0,7,3,0,1,0,0,0,0.195121951,sa3009281
2022,Jeisel Acosta,WSN,CPX,20,17,50,58,11,10,0,0,1,3,5,6,0,15,2,0,0,2,0,2,0.22,sa3009281
2023,Jeisel Acosta,WSN,CPX,21,16,38,41,5,2,2,0,1,3,7,2,0,13,1,0,0,1,0,0,0.131578947,sa3009281
2021,Alexeis Azuaje,PHI,CPX,19,19,45,56,18,7,6,0,5,17,16,4,0,5,6,0,1,2,4,0,0.4,sa3009286
2022,Moises Ramirez,BAL,CPX,20,13,33,36,8,6,2,0,0,4,1,1,0,11,2,0,0,0,0,0,0.242424242,sa3009296
2021,Moises Ramirez,BAL,CPX,19,32,115,120,36,21,8,2,5,13,26,4,0,23,1,0,0,3,7,3,0.313043478,sa3009296
2021,Freddy Guilamo,HOU,CPX,20,28,65,79,15,5,5,0,5,11,15,11,0,20,1,2,0,1,2,1,0.23076923,sa3009297
2022,Freddy Guilamo,HOU,CPX,21,9,19,23,4,3,0,0,1,3,2,3,0,8,1,0,0,0,1,1,0.210526315,sa3009297
2022,Dayro Perez,NYY,CPX,20,38,136,167,34,23,8,0,3,35,15,28,0,54,3,0,0,0,16,4,0.25,sa3009299
2023,Dayro Perez,NYY,CPX,21,28,89,107,16,13,3,0,0,15,4,12,0,30,4,2,0,1,8,2,0.17977528,sa3009299
2021,Eliazer Montero,PIT,CPX,20,26,61,74,12,8,3,0,1,15,8,10,1,20,1,1,1,2,4,1,0.196721311,sa3009300
2021,Alexander Pena,MIN,CPX,19,26,84,92,27,21,6,0,0,11,10,7,0,25,1,0,0,1,3,1,0.321428571,sa3009302
2022,Alexander Pena,MIN,CPX,20,25,82,91,26,15,7,1,3,12,15,5,0,29,3,1,0,2,0,1,0.31707317,sa3009302
2021,Jose Colmenares,NYY,CPX,19,11,28,34,7,5,0,1,1,7,2,6,0,7,0,0,0,0,2,0,0.25,sa3009309
2019,Jose Colmenares,NYY,R,17,40,137,161,29,21,4,1,3,20,16,19,0,28,3,1,1,3,6,3,0.211678832,sa3009309
2021,Rayber Romero,PIT,CPX,19,39,111,153,30,27,1,1,1,31,13,31,0,22,6,2,3,1,7,1,0.27027027,sa3009316
2021,Luis Hernandez,PIT,CPX,20,29,76,91,14,11,3,0,0,12,13,6,0,29,6,3,0,0,0,0,0.184210526,sa3009318
2022,Luis Hernandez,PIT,CPX,21,14,37,42,7,7,0,0,0,7,2,5,0,14,0,0,0,0,0,0,0.189189189,sa3009318
2021,Miguel Angel Vallejo,MIN,CPX,19,10,21,24,3,0,3,0,0,3,2,0,0,8,3,0,0,1,0,0,0.142857142,sa3009320
2022,Kelvin Espino,NYY,CPX,20,17,38,45,12,8,0,0,4,7,4,7,0,9,0,0,0,0,0,1,0.315789473,sa3009321
2023,Kelvin Espino,NYY,CPX,21,20,55,72,11,6,5,0,0,7,6,16,0,22,0,1,0,1,1,0,0.2,sa3009321
2022,Rafael Escalante,PIT,CPX,20,36,93,121,21,11,8,2,0,14,14,24,0,23,4,0,0,1,0,1,0.225806451,sa3009322
2023,Rafael Escalante,PIT,CPX,21,34,90,115,23,17,4,0,2,22,16,23,0,15,1,1,0,2,1,1,0.255555555,sa3009322
2021,Yorberto Mejicano,BOS,CPX,20,18,41,50,17,12,2,0,3,11,13,6,0,10,0,3,0,0,0,1,0.414634146,sa3009328
2022,Geovanny Planchart,PIT,CPX,20,25,70,89,14,10,3,1,0,13,6,15,0,15,2,2,0,2,1,0,0.2,sa3009334
2021,Geovanny Planchart,PIT,CPX,19,26,84,98,27,18,7,1,1,12,15,12,0,23,0,2,0,1,1,0,0.321428571,sa3009334
2022,Fernando Diaz,STL,CPX,20,26,80,86,16,11,2,1,2,7,11,5,0,34,1,0,0,2,2,0,0.2,sa3009338
2023,Fernando Diaz,STL,CPX,21,11,30,33,4,3,0,0,1,2,4,3,0,12,0,0,0,0,0,0,0.133333333,sa3009338
2021,Hansel Otamendi,STL,CPX,19,28,98,108,29,22,4,2,1,15,15,9,0,22,1,0,0,4,7,3,0.295918367,sa3009340
2022,Hansel Otamendi,STL,CPX,20,14,37,44,4,4,0,0,0,4,2,7,0,12,0,0,0,0,0,0,0.108108108,sa3009340
2021,Roblin Heredia,STL,CPX,18,38,114,139,19,14,5,0,0,9,10,23,1,45,1,1,0,0,3,0,0.166666666,sa3009341
2022,Roblin Heredia,STL,CPX,19,21,47,55,6,3,2,1,0,4,6,6,0,25,2,0,0,0,0,0,0.127659574,sa3009341
2023,Roblin Heredia,STL,CPX,20,12,18,23,1,1,0,0,0,1,1,4,0,9,0,1,0,0,0,0,0.055555555,sa3009341
2022,Cesar Calderon,DET,CPX,20,22,60,69,11,5,3,0,3,11,7,8,0,21,1,0,0,5,3,0,0.183333333,sa3009344
2023,Cesar Calderon,DET,CPX,21,20,53,63,9,7,1,0,1,5,8,8,0,22,2,0,0,1,0,0,0.16981132,sa3009344
2021,Cesar Calderon,DET,CPX,19,29,80,96,17,13,2,0,2,8,8,12,0,33,3,1,0,3,1,2,0.2125,sa3009344
2021,Eddinson Paulino,BOS,CPX,18,36,113,133,38,18,16,4,0,25,13,15,0,21,5,0,0,0,5,2,0.336283185,sa3009538
2021,Isaac Bellony,BAL,CPX,19,37,103,120,26,15,8,0,3,20,8,17,0,33,0,0,0,1,2,5,0.252427184,sa3009542
2021,Yonathan Pierre,TBR,CPX,22,8,20,27,3,3,0,0,0,4,5,5,0,9,1,1,0,0,2,0,0.15,sa3009555
2021,Yorkislandy Alvarez,BAL,CPX,22,17,39,45,7,7,0,0,0,4,1,5,0,5,1,0,0,0,1,0,0.179487179,sa3009570
2022,Luis Castillo,NYM,CPX,20,23,59,84,8,3,2,0,3,12,9,24,0,24,1,0,0,1,0,0,0.13559322,sa3009761
2023,Luis Castillo,NYM,CPX,21,22,32,41,7,5,1,1,0,7,0,9,0,9,0,0,0,1,2,0,0.21875,sa3009761
2021,Sergio Tapia,DET,CPX,18,13,32,41,9,8,1,0,0,11,4,6,0,5,2,1,0,0,1,0,0.28125,sa3009763
2022,Sergio Tapia,DET,CPX,19,23,66,78,19,12,5,1,1,12,12,10,0,10,0,2,0,4,2,1,0.287878787,sa3009763
2024,Sergio Tapia,DET,CPX,21,31,89,102,21,13,4,1,3,14,13,11,0,14,1,0,1,1,0,0,0.235955056,sa3009763
2022,Juan Pizarro,TOR,CPX,20,11,28,36,3,3,0,0,0,1,1,6,0,11,1,1,0,2,3,1,0.107142857,sa3009793
2023,Juan Pizarro,TOR,CPX,21,15,34,44,5,4,1,0,0,4,1,7,0,9,1,0,2,0,4,1,0.147058823,sa3009793
2021,Angeudis Santos,MIA,CPX,19,14,47,54,12,9,2,1,0,9,5,7,0,16,0,0,0,0,5,1,0.255319148,sa3009794
2022,Angeudis Santos,MIA,CPX,20,13,38,44,8,5,0,1,2,6,5,6,0,13,0,0,0,0,2,1,0.210526315,sa3009794
2022,Jose Colmenares,WSN,CPX,19,12,33,37,8,4,2,0,2,5,8,3,0,6,0,1,0,1,0,0,0.242424242,sa3009817
2023,Jose Colmenares,WSN,CPX,20,12,39,45,12,5,4,0,3,6,19,4,0,8,1,1,0,1,0,0,0.307692307,sa3009817
2023,Sergio Campana,PIT,CPX,21,9,24,33,4,2,2,0,0,9,2,7,0,7,2,0,0,0,6,0,0.166666666,sa3009834
2021,Sergio Campana,PIT,CPX,19,30,92,111,25,17,3,4,1,20,18,14,0,30,4,0,1,3,7,3,0.27173913,sa3009834
2021,Brandon Hernandez,STL,CPX,19,29,89,100,16,11,4,1,0,11,10,8,0,33,1,2,0,1,3,2,0.17977528,sa3009835
2022,Brandon Hernandez,STL,CPX,20,22,56,70,16,14,2,0,0,9,2,13,0,13,1,0,0,2,3,0,0.285714285,sa3009835
2021,Trevor Schwecke,TOR,CPX,23,5,12,20,3,2,1,0,0,5,3,5,0,5,2,0,0,0,2,0,0.25,sa3009874
2019,Zach Ashford,NYM,R,22,37,129,156,38,22,13,1,2,19,23,23,0,26,3,0,1,7,2,3,0.294573643,sa3009886
2019,Nic Gaddis,NYM,R,22,25,71,90,14,10,1,1,2,9,9,12,0,13,3,2,2,1,2,0,0.197183098,sa3009888
2019,Jordan Cannon,BAL,R,22,11,27,33,6,3,2,0,1,6,5,4,0,4,2,0,0,1,0,0,0.222222222,sa3010020
2022,Alex Garcia,NYY,CPX,20,8,22,25,6,5,1,0,0,4,4,3,0,6,0,0,0,1,2,1,0.272727272,sa3010156
2021,Glenn Santiago,TOR,CPX,20,25,71,89,18,13,3,0,2,18,19,11,0,9,2,5,0,1,3,1,0.253521126,sa3010341
2019,Duke Kinamon,TBR,R,22,9,23,26,3,3,0,0,0,3,2,2,0,8,1,0,0,0,0,0,0.130434782,sa3010396
2021,Gianfranco Pena,ATL,CPX,21,28,55,66,14,12,2,0,0,4,7,5,0,21,4,2,0,0,0,0,0.254545454,sa3010400
2021,Jake Ortega,NYM,CPX,24,19,52,60,14,10,4,0,0,8,2,6,0,10,2,0,0,0,3,0,0.269230769,sa3010402
2019,Tucker Maxwell,PHI,R,22,20,61,75,15,12,1,0,2,9,5,13,0,32,1,0,0,0,3,0,0.245901639,sa3010589
2019,Elliott Cary,DET,R,23,24,79,95,14,12,2,0,0,11,2,12,0,27,4,0,0,0,3,1,0.177215189,sa3010676
2019,Lorenzo Hampton,MIA,R,21,45,161,194,45,36,7,0,2,26,31,24,1,30,6,3,0,1,5,2,0.279503105,sa3010678
2019,Herbert Iser,PHI,R,21,5,16,20,8,4,2,2,0,5,3,3,0,2,1,0,0,0,0,1,0.5,sa3010679
2019,Jake Farrell,NYY,R,23,8,28,31,8,5,2,0,1,4,4,2,0,7,0,1,0,0,0,1,0.285714285,sa3010680
2019,Jake Hirabayashi,MIN,R,22,29,78,103,18,13,2,1,2,15,17,18,0,24,6,1,0,1,7,2,0.23076923,sa3010681
2019,Cole Zabowski,DET,R,21,45,157,187,40,28,10,0,2,26,20,19,0,28,7,4,0,2,1,0,0.25477707,sa3010682
2019,Nilo Rijo,BOS,R,20,27,56,74,12,9,3,0,0,10,6,14,0,24,4,0,0,1,3,4,0.214285714,sa3010683
2019,Mason Janvrin,BAL,R,21,26,91,98,31,29,2,0,0,16,12,6,0,22,0,1,0,0,14,1,0.34065934,sa3010685
2019,Chase Illig,NYY,R,22,14,36,40,9,6,2,0,1,6,6,3,0,10,0,1,0,1,0,0,0.25,sa3010687
2019,Zachary Owings,MIA,R,21,35,107,121,30,22,4,3,1,11,19,8,0,14,4,2,0,0,3,1,0.280373831,sa3010688
2019,Trevor Putzig,BAL,R,23,30,93,116,27,19,5,2,1,15,16,22,0,22,1,0,0,0,4,0,0.29032258,sa3010690
2019,Andrew Martinez,BAL,R,22,28,74,94,12,10,0,0,2,13,8,18,0,26,1,1,0,0,0,3,0.162162162,sa3010691
2019,Andrick Nava,PHI,R,17,44,156,166,49,42,6,0,1,25,20,8,0,20,1,1,0,3,1,1,0.314102564,sa3010693
2019,Colin Barber,HOU,R,18,28,99,119,26,18,5,1,2,19,6,19,0,29,1,0,0,1,2,1,0.262626262,sa3010696
2019,D'Vaughn Knowles,NYY,R,18,27,84,94,15,11,4,0,0,10,12,6,0,22,2,1,1,2,1,0,0.178571428,sa3010697
2021,D'Vaughn Knowles,NYY,CPX,20,10,23,26,3,2,0,1,0,3,2,2,0,10,1,0,0,0,1,0,0.130434782,sa3010697
2019,Carlos Canache,PIT,R,18,34,91,108,19,14,3,1,1,8,3,12,0,22,2,1,2,0,3,4,0.208791208,sa3010698
2021,Carlos Canache,PIT,CPX,20,30,83,100,20,11,7,2,0,18,7,15,0,24,1,0,0,2,10,0,0.240963855,sa3010698
2019,Denzel Bryson,ATL,R,18,27,62,71,4,2,2,0,0,7,0,7,0,31,2,0,0,0,1,0,0.064516129,sa3010699
2019,Jaylen Hubbard,WSN,R,22,24,67,83,12,9,1,1,1,14,12,13,1,17,3,0,0,2,5,0,0.179104477,sa3010701
2019,Cade Bunnell,ATL,R,22,26,64,92,9,7,1,0,1,17,4,25,0,27,1,1,1,3,0,0,0.140625,sa3010702
2019,Andrew Navigato,DET,R,21,15,45,54,6,4,2,0,0,7,1,5,0,12,4,0,0,1,0,1,0.133333333,sa3010703
2019,Sammy Siani,PIT,R,18,39,133,164,32,26,3,3,0,21,9,26,0,41,3,2,0,4,5,0,0.240601503,sa3010704
2019,Keoni Cavaco,MIN,R,18,25,87,92,15,10,4,0,1,9,6,4,0,35,1,0,0,0,1,1,0.172413793,sa3010706
2019,Kyle Schmidt,MIN,R,21,9,30,34,5,4,1,0,0,4,5,2,0,7,1,1,0,0,1,0,0.166666666,sa3010707
2019,Sal Gozzo,PHI,R,21,39,129,152,24,16,5,2,1,19,14,22,0,29,1,0,0,3,5,0,0.186046511,sa3010708
2019,Tre Fletcher,STL,R,18,9,37,42,11,6,3,0,2,6,8,4,0,17,0,1,0,0,0,0,0.297297297,sa3010709
2021,Tre Fletcher,STL,CPX,20,7,27,29,6,3,2,0,1,3,2,2,0,11,0,0,0,1,0,0,0.222222222,sa3010709
2022,Tre Fletcher,STL,CPX,21,21,47,53,4,4,0,0,0,6,1,6,0,28,0,0,0,0,3,0,0.085106382,sa3010709
2019,Andres Alvarez,PIT,R,22,38,132,153,31,23,5,2,1,15,21,15,0,29,5,0,1,4,3,2,0.234848484,sa3010710
2019,Vito Friscia,PHI,R,22,43,142,165,39,26,9,1,3,19,18,19,1,33,1,3,0,1,1,0,0.274647887,sa3010712
2019,Luis Guerrero,HOU,R,20,11,39,45,11,7,3,0,1,2,4,4,0,11,2,0,0,2,0,1,0.282051282,sa3010713
2019,Keaton Greenwalt,PHI,R,21,45,169,180,44,25,13,1,5,23,22,8,0,26,1,2,0,3,4,2,0.260355029,sa3010714
2019,Parker Phillips,MIN,R,22,15,57,65,20,16,2,1,1,8,8,4,0,13,2,2,0,1,1,0,0.350877192,sa3010715
2019,Jared Mang,DET,R,22,43,151,171,32,19,9,3,1,20,22,15,0,29,3,2,0,4,0,1,0.211920529,sa3010716
2019,Craig Lewis,BAL,R,22,18,48,53,20,18,2,0,0,7,6,4,0,7,0,1,0,0,4,2,0.416666666,sa3010717
2021,Craig Lewis,BAL,CPX,24,14,46,56,20,14,4,0,2,14,10,9,0,7,1,0,0,0,1,0,0.434782608,sa3010717
2019,Jack Kenley,DET,R,21,4,16,20,7,6,0,0,1,5,2,4,0,3,0,0,0,0,1,0,0.4375,sa3010718
2019,Harris Yett,BAL,R,23,34,100,119,34,21,11,0,2,18,19,17,0,8,0,2,0,6,1,0,0.34,sa3010719
2019,Stephen Paolini,ATL,R,18,35,120,143,23,17,6,0,0,15,8,22,0,37,0,1,0,4,2,1,0.191666666,sa3010720
2019,Kaleb Foster,PIT,R,22,32,88,119,16,9,6,0,1,8,8,17,0,34,12,1,1,2,1,0,0.181818181,sa3010722
2019,Patrick Romeri,STL,R,18,41,138,162,34,19,6,3,6,23,20,19,0,46,3,2,0,1,4,0,0.246376811,sa3010723
2022,Patrick Romeri,STL,CPX,21,7,21,24,5,3,1,1,0,2,4,2,0,7,0,1,0,0,1,0,0.238095238,sa3010723
2019,Bryson Gandy,MIN,R,20,27,75,93,18,13,4,1,0,11,8,13,0,32,2,2,1,0,6,4,0.24,sa3010725
2019,Pavin Parks,DET,R,22,11,19,25,0,0,0,0,0,2,0,6,0,7,0,0,0,0,0,0,0,sa3010790
2019,Paul Russo,WSN,R,23,15,52,57,13,10,3,0,0,8,6,5,0,16,0,0,0,1,0,1,0.25,sa3010842
2019,Parker Quinn,WSN,R,22,16,43,48,7,5,2,0,0,5,1,4,0,12,1,0,0,3,1,0,0.162790697,sa3010843
2019,Nick Conti,NYM,R,22,27,84,110,20,14,5,0,1,18,12,21,0,13,5,0,0,2,7,1,0.238095238,sa3010844
2019,Cordell Dunn,DET,R,20,24,77,88,11,7,4,0,0,7,5,9,0,24,2,0,0,0,1,0,0.142857142,sa3010854
2019,Frailin Turbi,WSN,R,18,20,67,78,17,15,2,0,0,7,12,4,0,12,6,0,1,2,1,0,0.253731343,sa3010855
2021,Frailin Turbi,WSN,CPX,20,9,29,32,2,2,0,0,0,1,2,2,0,8,1,0,0,1,0,0,0.068965517,sa3010855
2019,Trevor Kehe,BAL,R,22,23,52,69,13,9,3,0,1,12,7,12,0,15,3,0,2,0,5,1,0.25,sa3010856
2019,Ryan Shinn,NYM,R,22,46,149,188,36,25,8,0,3,24,20,24,0,48,12,2,1,2,6,4,0.241610738,sa3010857
2019,Kevin Strohschein,WSN,R,21,14,53,59,16,12,2,1,1,7,7,6,0,11,0,0,0,0,1,1,0.301886792,sa3010859
2019,Kevin Escalante,PHI,R,19,15,28,34,2,2,0,0,0,3,1,1,0,14,5,0,0,0,0,0,0.071428571,sa3010860
2019,Kadon Morton,ATL,R,18,32,99,113,15,7,5,2,1,14,9,12,0,45,2,0,0,0,1,2,0.151515151,sa3010870
2021,Kadon Morton,ATL,CPX,20,45,148,177,29,15,10,3,1,23,17,25,0,62,4,0,0,5,14,3,0.195945945,sa3010870
2019,Bruce Wang,PHI,R,19,23,51,62,10,8,2,0,0,6,7,8,0,13,0,2,1,2,0,0,0.196078431,sa3010871
2019,William Lugo,NYM,R,17,43,146,176,23,16,6,0,1,14,14,21,0,46,5,3,1,7,1,4,0.157534246,sa3010876
2021,William Lugo,NYM,CPX,19,46,156,183,34,22,6,0,6,28,22,23,0,52,3,1,0,2,5,1,0.217948717,sa3010876
2021,Kevin Infante,BAL,CPX,20,11,24,27,6,5,1,0,0,3,4,3,0,9,0,0,0,2,0,0,0.25,sa3010877
2019,Nick Garland,PIT,R,23,6,16,23,1,1,0,0,0,0,2,3,0,3,3,0,1,0,0,0,0.0625,sa3010880
2019,Connor Perry,DET,R,22,37,110,145,26,19,4,1,2,25,15,30,1,36,2,1,1,0,18,2,0.236363636,sa3010884
2021,Luis Sena,BAL,CPX,19,12,35,36,6,5,1,0,0,3,1,1,0,6,0,0,0,0,3,0,0.171428571,sa3010885
2021,Luis Sena,BAL,CPX,19,16,40,50,9,8,1,0,0,6,0,10,0,11,0,0,0,0,2,2,0.225,sa3010885
2019,Zach Huffins,TBR,R,20,28,92,98,25,19,3,3,0,15,7,6,0,24,0,0,0,0,7,1,0.27173913,sa3010891
2021,Zach Huffins,TBR,CPX,22,14,38,43,10,3,4,1,2,10,9,4,0,15,1,0,0,0,3,0,0.263157894,sa3010891
2021,Julio Herrera,BAL,CPX,20,26,70,79,15,12,2,1,0,6,8,7,0,31,2,0,0,2,1,2,0.214285714,sa3010894
2022,Julio Herrera,BAL,CPX,21,18,46,51,13,6,5,0,2,8,11,5,0,13,0,0,0,1,2,1,0.282608695,sa3010894
2019,Shayne Fontana,BAL,R,22,15,43,56,15,13,0,1,1,11,7,9,1,6,3,1,0,0,6,3,0.348837209,sa3010897
2019,Junior Martina,WSN,R,21,39,136,168,46,33,6,3,4,33,20,20,2,28,11,0,0,5,4,2,0.338235294,sa3010898
2019,Dominic D'Alessandro,BOS,R,22,39,130,159,38,29,5,1,3,18,20,27,0,36,2,0,0,4,0,0,0.292307692,sa3010900
2019,Zade Richardson,STL,R,19,22,68,82,13,8,4,0,1,8,4,12,0,27,2,0,0,0,1,1,0.19117647,sa3010901
2019,Javier Valdes,ATL,R,20,23,57,73,5,3,2,0,0,3,3,11,0,13,3,0,2,1,1,0,0.087719298,sa3010902
2019,Micah Yonamine,PHI,R,18,29,69,77,11,9,2,0,0,8,9,8,0,22,0,0,0,1,1,1,0.159420289,sa3010905
2019,Anthony Gomez,WSN,R,22,21,59,67,13,10,3,0,0,8,2,8,0,13,0,0,0,1,1,2,0.220338983,sa3010908
2019,LT Struble,NYM,R,22,18,52,65,12,11,1,0,0,14,5,11,1,20,0,0,2,0,4,0,0.23076923,sa3010910
2021,Fernando Villalobos,NYM,CPX,19,14,38,42,5,3,1,0,1,3,3,3,0,13,1,0,0,0,0,0,0.131578947,sa3011114
2021,Patrick Merino,TBR,CPX,22,13,35,51,9,4,1,0,4,13,13,10,0,13,5,1,0,0,3,2,0.257142857,sa3011119
2022,Patrick Merino,TBR,CPX,23,33,92,120,24,13,4,1,6,26,24,26,0,39,1,1,0,1,9,1,0.260869565,sa3011119
2019,Allan Berrios,WSN,R,21,12,38,44,9,7,2,0,0,7,2,4,0,6,1,0,1,1,1,0,0.236842105,sa3011153
2019,Mason Doolittle,WSN,R,20,13,42,50,11,4,6,0,1,6,8,7,2,18,1,0,0,1,1,0,0.261904761,sa3011154
2019,Tevin Mitchell,MIA,R,22,29,80,108,19,15,3,1,0,16,12,19,0,21,4,2,3,1,5,1,0.2375,sa3011157
2019,Jacob Herbert,BOS,R,19,21,56,64,8,8,0,0,0,4,4,5,0,25,3,0,0,0,0,0,0.142857142,sa3011158
2021,Kervin Pichardo,PHI,CPX,19,15,30,42,12,5,4,2,1,11,8,8,0,12,4,0,0,0,0,0,0.4,sa3011260
2019,Jase Bowen,PIT,R,18,36,130,147,29,21,4,4,0,15,7,14,0,35,1,1,1,3,5,2,0.223076923,sa3011267
2021,Jake Pries,NYY,CPX,24,24,54,69,14,9,3,0,2,9,12,13,0,12,2,0,0,1,1,0,0.259259259,sa3011307
2019,Christopher Burgess,BAL,R,22,22,56,69,16,12,2,0,2,9,11,10,0,16,2,0,1,2,1,0,0.285714285,sa3011310
2021,Christopher Burgess,BAL,CPX,24,9,17,22,6,3,3,0,0,1,3,5,0,6,0,0,0,1,1,1,0.352941176,sa3011310
2019,Jeremy De La Rosa,WSN,R,17,26,82,99,19,14,1,2,2,14,10,12,0,29,3,2,0,1,3,2,0.231707317,sa3011329
2019,Christian Johnson,TBR,R,18,23,65,69,11,10,1,0,0,3,4,1,0,18,1,1,1,1,2,3,0.169230769,sa3011331
2021,Christian Johnson,TBR,CPX,20,18,47,52,8,4,2,2,0,5,6,1,0,11,2,2,0,0,0,1,0.170212765,sa3011331
2022,Christian Johnson,TBR,CPX,21,18,45,52,8,5,3,0,0,4,5,2,0,16,2,2,1,1,0,2,0.177777777,sa3011331
2019,Cameron Barstad,MIA,R,18,15,36,45,6,5,0,0,1,3,5,6,0,15,3,0,0,0,0,0,0.166666666,sa3011350
2019,Leonel Hernandez,NYY,R,21,33,88,103,18,12,4,1,1,15,11,11,0,20,3,1,0,1,6,1,0.204545454,sa3011352
2019,Jimmy Kerr,DET,R,22,25,90,103,25,12,7,0,6,16,19,13,0,20,0,0,0,0,0,0,0.277777777,sa3011380
2019,Cole MacLaren,DET,R,22,15,30,37,8,8,0,0,0,6,2,6,0,3,1,0,0,1,0,0,0.266666666,sa3011402
2019,Warren Saunders,NYM,R,20,33,127,147,41,35,5,0,1,25,20,10,0,23,7,2,1,10,3,0,0.322834645,sa3011405
2021,Jake Wright,PIT,CPX,23,7,13,20,2,2,0,0,0,3,1,6,0,7,1,0,0,0,0,0,0.153846153,sa3011406
2021,James Rolle,BAL,CPX,19,18,42,46,6,4,2,0,0,4,2,2,0,16,1,1,0,1,0,0,0.142857142,sa3011425
2019,Dexter Jordan,HOU,R,19,22,66,80,8,5,2,0,1,10,4,12,0,24,2,0,0,0,1,0,0.121212121,sa3011442
2022,Dexter Jordan,HOU,CPX,22,22,55,68,11,6,3,0,2,9,7,11,0,22,2,0,0,2,9,2,0.2,sa3011442
2019,Marcus Lee Sang,PHI,R,18,36,125,138,28,22,2,2,2,8,16,11,0,42,0,2,0,3,6,4,0.224,sa3011445
2021,Marcus Lee Sang,PHI,CPX,20,26,88,96,24,12,6,1,5,18,17,7,1,25,1,0,0,0,11,3,0.272727272,sa3011445
2021,Jamari Baylor,PHI,CPX,20,25,89,110,27,13,8,1,5,24,16,18,0,33,3,0,0,0,11,5,0.303370786,sa3011446
2021,Richard Roman,MIA,CPX,19,23,64,70,8,5,2,0,1,3,3,5,0,33,1,0,0,2,0,1,0.125,sa3011447
2022,Richard Roman,MIA,CPX,20,12,38,44,7,5,2,0,0,3,5,5,0,9,1,0,0,1,0,0,0.184210526,sa3011447
2019,Alec Craig,MIN,R,22,30,81,108,19,18,1,0,0,18,6,26,0,16,0,1,0,3,6,3,0.234567901,sa3011470
2019,Julian Infante,MIA,R,22,12,36,50,9,7,0,1,1,9,4,13,0,13,1,0,0,0,3,1,0.25,sa3011483
2021,Ben Troike,TBR,CPX,23,15,36,46,10,9,1,0,0,8,8,7,0,10,1,2,0,1,4,0,0.277777777,sa3011541
2019,Tyler Krabbe,HOU,R,22,24,90,98,24,17,6,0,1,12,8,7,0,23,1,0,0,5,0,0,0.266666666,sa3011561
2019,Jasiah Dixon,PIT,R,17,22,73,84,24,18,5,1,0,12,7,10,0,11,1,0,0,1,8,3,0.328767123,sa3011590
2021,Jasiah Dixon,PIT,CPX,19,27,82,105,20,17,2,0,1,22,9,19,1,26,4,0,0,1,4,2,0.243902439,sa3011590
2019,Mahki Backstrom,ATL,R,17,23,70,82,21,14,5,0,2,8,8,12,0,27,0,0,0,1,1,0,0.3,sa3011599
2021,Mahki Backstrom,ATL,CPX,19,41,122,146,21,11,5,2,3,19,12,22,0,56,1,1,0,1,1,0,0.172131147,sa3011599
2021,Uziel Viloria,PHI,CPX,19,22,39,49,8,6,2,0,0,6,7,10,0,13,0,0,0,0,3,1,0.205128205,sa3011603
2019,Tyler Reichenborn,STL,R,20,21,68,84,17,9,2,3,3,9,8,10,0,15,3,3,0,0,1,5,0.25,sa3011628
2021,Jadiel Sanchez,PHI,CPX,20,7,23,27,5,5,0,0,0,2,4,3,0,5,0,1,0,0,1,0,0.217391304,sa3011629
2019,Jadiel Sanchez,PHI,R,18,10,36,38,6,5,0,0,1,3,4,2,0,9,0,0,0,0,0,1,0.166666666,sa3011629
2021,Francisco Quintero,PIT,CPX,20,22,45,54,13,9,3,0,1,7,4,8,0,18,1,0,0,0,1,2,0.288888888,sa3011631
2023,Elias Petiyan,TBR,CPX,21,17,35,42,6,5,1,0,0,3,0,7,0,15,0,0,0,0,0,1,0.171428571,sa3011645
2021,Ronis Aybar,NYM,CPX,21,32,98,105,26,14,7,1,4,16,18,6,0,38,1,0,0,0,6,0,0.265306122,sa3011663
2022,Ronis Aybar,NYM,CPX,22,31,100,118,18,10,3,3,2,11,18,14,0,45,3,1,0,1,6,4,0.18,sa3011663
2021,Justin Ammons,TOR,CPX,23,15,26,32,8,5,3,0,0,9,3,5,0,8,1,0,0,0,3,0,0.307692307,sa3011664
2019,Blaine McIntosh,NYM,R,18,24,92,103,21,21,0,0,0,13,4,11,0,22,0,0,0,0,5,3,0.228260869,sa3011665
2021,Blaine McIntosh,NYM,CPX,20,17,33,42,4,2,1,1,0,5,4,9,0,19,0,0,0,0,1,0,0.121212121,sa3011665
2022,Blaine McIntosh,NYM,CPX,21,33,104,130,24,15,5,1,3,17,14,21,0,26,5,0,0,1,7,5,0.23076923,sa3011665
2019,Cole Donaldson,MIN,R,23,7,19,23,3,3,0,0,0,2,0,2,0,4,2,0,0,1,1,0,0.157894736,sa3011666
2021,Roilan Machandy,HOU,CPX,20,46,135,170,34,26,3,2,3,27,20,22,0,49,12,1,0,1,30,7,0.251851851,sa3011667
2022,Roilan Machandy,HOU,CPX,21,48,146,172,36,25,8,2,1,36,13,16,0,57,10,0,0,0,23,9,0.246575342,sa3011667
2021,Erison Placencia,BAL,CPX,19,33,92,108,20,17,3,0,0,12,12,14,0,42,0,1,1,1,1,1,0.217391304,sa3011669
2021,Mario Fernandez,TBR,CPX,20,30,82,95,18,8,7,0,3,16,14,7,0,21,6,0,0,2,0,0,0.219512195,sa3011692
2019,Deion Walker,PIT,R,17,22,74,83,20,11,5,3,1,5,9,5,0,18,2,1,1,1,0,1,0.27027027,sa3011693
2021,Deion Walker,PIT,CPX,19,33,80,97,16,12,1,2,1,18,8,15,0,23,2,0,0,1,9,2,0.2,sa3011693
2022,Deion Walker,PIT,CPX,20,14,26,41,6,5,1,0,0,5,4,9,0,10,4,2,0,0,1,1,0.23076923,sa3011693
2019,James Nix,HOU,R,21,8,23,28,6,5,0,0,1,3,1,3,0,13,2,0,0,0,0,0,0.260869565,sa3011705
2019,Dasan Brown,TOR,R,17,14,45,63,10,6,2,2,0,8,5,9,0,17,9,0,0,0,6,2,0.222222222,sa3011717
2022,Dasan Brown,TOR,CPX,20,6,16,22,3,2,1,0,0,5,1,2,0,7,4,0,0,0,2,1,0.1875,sa3011717
2019,Karson Simas,BOS,R,18,11,38,44,8,8,0,0,0,2,4,4,0,8,2,0,0,1,0,0,0.210526315,sa3011739
2021,Karson Simas,BOS,CPX,20,30,87,98,27,18,6,2,1,17,18,8,0,22,2,0,1,1,4,0,0.310344827,sa3011739
2019,Shane Sasaki,TBR,R,18,13,44,47,8,6,2,0,0,6,1,3,0,18,0,0,0,0,1,0,0.181818181,sa3011754
2021,Shane Sasaki,TBR,CPX,20,33,124,144,36,28,4,2,2,33,16,18,0,37,1,1,0,0,22,2,0.29032258,sa3011754
2022,Christopher Familia,NYY,CPX,22,21,74,96,22,11,5,0,6,25,20,18,0,12,4,0,0,1,0,1,0.297297297,sa3011776
2024,Christopher Familia,NYY,CPX,24,6,20,23,11,7,3,0,1,3,3,3,0,3,0,0,0,0,0,0,0.55,sa3011776
2022,Angel Galarraga,TBR,CPX,19,15,45,49,7,6,1,0,0,4,5,4,0,13,0,0,0,3,0,1,0.155555555,sa3011810
2023,Angel Galarraga,TBR,CPX,20,17,45,51,13,9,4,0,0,5,5,5,0,8,0,1,0,3,1,0,0.288888888,sa3011810
2021,Willy Vasquez,TBR,CPX,19,40,146,173,42,31,6,3,2,26,31,20,0,27,4,3,0,3,14,6,0.287671232,sa3011821
2021,Marcos De La Rosa,TOR,CPX,19,29,71,84,14,11,2,1,0,13,7,10,0,26,3,0,0,1,11,6,0.197183098,sa3011851
2022,Marcos De La Rosa,TOR,CPX,20,43,111,136,23,10,5,2,6,23,17,17,0,45,5,1,2,2,21,3,0.207207207,sa3011851
2023,Marcos De La Rosa,TOR,CPX,21,24,70,89,12,9,3,0,0,15,6,18,0,25,1,0,0,1,13,4,0.171428571,sa3011851
2024,Marcos De La Rosa,TOR,CPX,22,6,18,22,2,2,0,0,0,1,1,3,0,5,1,0,0,0,1,0,0.111111111,sa3011851
2019,Eric Jones,MIN,R,23,5,16,20,2,2,0,0,0,0,1,4,0,2,0,0,0,0,0,0,0.125,sa3011883
2023,Baron Radcliff,PHI,CPX,24,5,15,22,4,2,1,0,1,3,3,7,0,5,0,0,0,0,0,0,0.266666666,sa3014424
2021,Alerick Soularie,MIN,CPX,21,6,20,25,7,5,1,0,1,3,3,4,0,6,1,0,0,2,0,0,0.35,sa3014436
2022,Anthony Servideo,BAL,CPX,23,15,42,57,5,4,1,0,0,5,1,15,0,16,0,0,0,0,0,0,0.119047619,sa3014472
2021,Blaze Jordan,BOS,CPX,18,19,69,76,25,13,7,1,4,12,19,6,1,13,0,1,0,2,1,0,0.36231884,sa3014537
2022,Juan Chacon,BOS,CPX,19,41,138,171,31,20,10,0,1,21,25,26,0,53,3,4,0,3,21,3,0.224637681,sa3014676
2021,Roberto Campos,DET,CPX,18,39,136,155,31,18,5,0,8,20,19,17,0,41,1,1,0,3,3,0,0.227941176,sa3014683
2021,Dauri Lorenzo,HOU,CPX,18,41,141,157,35,28,6,0,1,15,12,14,0,35,0,0,0,4,5,1,0.24822695,sa3014685
2022,Dauri Lorenzo,HOU,CPX,19,34,100,120,25,20,4,0,1,14,12,17,0,21,0,3,0,2,0,4,0.25,sa3014685
2021,Jose Salas,MIA,CPX,18,28,92,107,34,23,10,0,1,14,11,11,0,23,4,0,0,1,8,5,0.369565217,sa3014690
2021,Ian Lewis Jr.,MIA,CPX,18,43,149,161,45,27,10,5,3,24,27,11,0,24,1,0,0,1,9,4,0.302013422,sa3014691
2021,Emmanuel Rodriguez,MIN,CPX,18,37,126,153,27,10,5,2,10,31,23,23,0,56,3,1,0,0,9,4,0.214285714,sa3014693
2022,Jhon Diaz,TBR,CPX,19,41,151,165,34,21,7,4,2,24,19,12,0,52,1,1,0,1,9,4,0.225165562,sa3014710
2021,Rikelbin De Castro,TOR,CPX,18,39,126,156,30,17,8,3,2,19,23,24,0,40,4,2,0,2,3,5,0.238095238,sa3014714
2021,Sammy Infante,WSN,CPX,20,37,121,143,26,16,5,2,3,19,15,17,0,43,4,1,0,0,3,4,0.214876033,sa3014717
2021,Roismar Quintana,WSN,CPX,18,7,13,20,4,1,2,0,1,3,5,6,0,5,1,0,0,0,0,0,0.307692307,sa3014718
2022,Roismar Quintana,WSN,CPX,19,50,180,199,52,36,10,1,5,41,28,9,0,46,7,3,0,1,3,1,0.288888888,sa3014718
2021,Zach Cornell,WSN,CPX,23,9,29,33,8,4,3,1,0,5,2,2,0,4,2,0,0,0,0,0,0.275862068,sa3014835
2021,Landon Dieterich,WSN,CPX,23,26,61,70,14,8,4,1,1,1,7,5,0,23,4,0,0,1,0,1,0.229508196,sa3014841
2022,Landon Dieterich,WSN,CPX,24,14,38,48,4,2,1,0,1,3,5,8,0,15,0,1,1,0,0,0,0.105263157,sa3014841
2021,Chris Burke,PHI,CPX,19,13,28,31,10,9,1,0,0,3,1,3,0,5,0,0,0,0,4,1,0.357142857,sa3014939
2022,Paul Witt,WSN,CPX,24,21,61,75,18,12,4,1,1,9,10,9,0,14,3,0,2,0,0,0,0.295081967,sa3014949
2021,Jackson Coutts,WSN,CPX,22,21,73,89,30,20,9,0,1,17,14,13,0,9,2,1,0,2,1,1,0.410958904,sa3015081
2022,Jackson Coutts,WSN,CPX,23,27,80,98,19,12,4,2,1,10,8,16,0,15,2,0,0,3,0,0,0.2375,sa3015081
2023,Yhoswar Garcia,PHI,CPX,21,35,136,151,32,23,7,1,1,27,22,9,0,26,4,1,1,3,11,3,0.235294117,sa3015117
2021,Brian Klein,WSN,CPX,23,25,51,65,14,8,4,0,2,13,11,9,0,9,4,1,0,1,0,0,0.274509803,sa3015164
2021,Ethan Workinger,ATL,CPX,19,35,102,122,19,11,3,3,2,12,15,11,0,33,3,6,0,2,2,1,0.186274509,sa3015166
2022,Ethan Workinger,ATL,CPX,20,42,155,172,37,20,10,3,4,20,27,13,0,31,3,1,0,4,2,5,0.238709677,sa3015166
2021,Luis Gonzalez,BAL,CPX,18,25,73,85,13,6,5,1,1,8,5,9,0,29,3,0,0,1,1,3,0.178082191,sa3015172
2022,Luis Gonzalez,BAL,CPX,19,43,137,174,29,21,3,3,2,23,20,29,0,66,6,2,0,0,8,3,0.211678832,sa3015172
2021,Luis Gonzalez,BAL,CPX,18,16,58,64,10,9,0,0,1,4,5,5,0,28,0,1,0,2,2,0,0.172413793,sa3015172
2021,Roberto Martinez,BAL,CPX,18,22,59,67,13,11,2,0,0,14,2,6,0,16,2,0,0,0,4,1,0.220338983,sa3015173
2023,Roberto Martinez,BAL,CPX,20,14,27,33,8,5,3,0,0,3,3,6,0,7,0,0,0,0,1,2,0.296296296,sa3015173
2021,Roberto Martinez,BAL,CPX,18,14,35,38,4,4,0,0,0,5,2,2,0,15,1,0,0,0,1,0,0.114285714,sa3015173
2021,Ricardo Rivera,BAL,CPX,18,35,85,105,19,15,3,1,0,7,13,17,1,20,2,1,0,1,1,1,0.223529411,sa3015174
2021,Leonel Sanchez,BAL,CPX,18,18,41,47,3,3,0,0,0,5,1,4,0,27,2,0,0,0,2,0,0.073170731,sa3015175
2021,Manuel Sequera,DET,CPX,18,46,171,194,42,19,12,0,11,31,40,15,0,57,4,4,0,0,1,1,0.245614035,sa3015179
2023,Manuel Sequera,DET,CPX,20,6,22,26,10,7,1,0,2,8,6,3,0,4,1,0,0,0,0,0,0.454545454,sa3015179
2024,Manuel Sequera,DET,CPX,21,7,26,28,7,5,1,0,1,3,4,2,0,6,0,0,0,0,0,0,0.269230769,sa3015179
2021,Juan Santander,HOU,CPX,18,24,72,78,14,11,3,0,0,12,7,2,0,24,3,1,0,1,6,0,0.194444444,sa3015180
2022,Juan Santander,HOU,CPX,19,38,107,123,18,13,4,0,1,9,9,14,0,28,2,0,0,7,1,1,0.168224299,sa3015180
2023,Juan Santander,HOU,CPX,20,27,71,84,17,8,5,0,4,10,16,11,0,16,1,1,0,1,1,0,0.239436619,sa3015180
2021,Malfrin Sosa,MIN,CPX,18,18,55,60,12,6,4,0,2,6,11,4,0,22,1,0,0,1,1,0,0.218181818,sa3015184
2022,Malfrin Sosa,MIN,CPX,19,21,71,80,14,9,4,0,1,15,5,8,0,30,1,0,0,1,0,0,0.197183098,sa3015184
2021,Yonardy Soto,MIN,CPX,18,31,92,108,21,16,4,0,1,9,7,15,0,32,1,0,0,1,3,1,0.228260869,sa3015185
2022,Yonardy Soto,MIN,CPX,19,39,108,126,22,11,8,0,3,17,15,18,0,42,0,0,0,0,2,2,0.203703703,sa3015185
2025,Yeral Martinez,MIA,CPX,22,26,79,96,16,12,1,0,3,9,13,15,0,29,2,0,0,1,5,2,0.202531645,sa3015186
2021,Yeral Martinez,NYM,CPX,18,33,95,113,11,4,5,0,2,11,9,17,0,58,0,1,0,3,1,0,0.115789473,sa3015186
2022,Yeral Martinez,NYM,CPX,19,27,87,99,20,13,2,0,5,15,13,7,0,37,2,3,0,0,0,0,0.229885057,sa3015186
2021,Junior Tilien,NYM,CPX,18,32,103,112,17,10,7,0,0,11,7,6,0,24,2,1,0,1,0,0,0.165048543,sa3015187
2025,Junior Tilien,DET,CPX,22,11,37,40,8,3,4,0,1,4,8,3,0,10,0,0,0,0,0,0,0.216216216,sa3015187
2021,Vincent Perozo,NYM,CPX,18,18,52,66,9,6,2,0,1,7,6,10,0,21,4,0,0,2,0,2,0.173076923,sa3015188
2022,Vincent Perozo,NYM,CPX,19,36,120,142,34,21,7,2,4,22,22,11,0,32,10,1,0,1,1,0,0.283333333,sa3015188
2024,Donovan Antonia,NYM,CPX,20,22,71,77,12,7,4,0,1,8,8,6,0,21,0,0,0,3,3,4,0.169014084,sa3015189
2021,Jake Burns,STL,CPX,18,35,112,133,23,16,5,0,2,14,13,18,0,36,1,2,0,1,2,1,0.205357142,sa3015192
2021,Jeremy Rivas,STL,CPX,18,48,177,200,48,40,7,1,0,22,16,15,0,32,6,2,0,2,6,5,0.27118644,sa3015193
2021,Peniel Brito,TOR,CPX,18,30,75,99,15,9,6,0,0,12,9,22,0,28,2,0,0,2,0,1,0.2,sa3015194
2022,Peniel Brito,TOR,CPX,19,20,38,50,5,5,0,0,0,3,3,10,0,20,1,1,0,0,1,1,0.131578947,sa3015194
2024,Angel Del Rosario,MIN,CPX,21,5,17,20,2,1,1,0,0,2,0,3,0,6,0,0,0,1,3,1,0.117647058,sa3015195
2021,Angel Del Rosario,TOR,CPX,18,41,116,138,28,25,2,0,1,29,10,15,0,28,6,1,0,1,27,2,0.24137931,sa3015195
2022,Angel Del Rosario,TOR,CPX,19,7,18,21,5,4,0,0,1,6,3,2,0,5,0,0,0,0,8,0,0.277777777,sa3015195
2021,Victor Mesia,TOR,CPX,18,21,59,70,17,10,5,0,2,15,14,6,0,12,3,2,0,3,0,0,0.288135593,sa3015196
2022,Victor Mesia,TOR,CPX,19,15,38,45,9,4,3,1,1,9,5,5,0,13,2,0,0,1,1,1,0.236842105,sa3015196
2023,Victor Mesia,TOR,CPX,20,7,22,23,3,2,1,0,0,1,1,1,0,8,0,0,0,0,1,0,0.136363636,sa3015196
2021,Solomon Maguire,PIT,CPX,18,17,48,59,7,4,1,0,2,6,6,10,0,15,0,1,0,0,0,1,0.145833333,sa3015198
2022,Solomon Maguire,PIT,CPX,19,37,115,133,25,20,3,2,0,19,11,14,0,25,2,1,1,0,3,1,0.217391304,sa3015198
2021,Kala'i Rosario,MIN,CPX,18,51,188,208,52,33,10,4,5,32,40,19,0,66,0,1,0,5,4,0,0.276595744,sa3015199
2021,Antonio Barranca,ATL,CPX,19,23,68,88,12,9,2,0,1,13,12,12,0,32,5,3,0,0,1,0,0.176470588,sa3015201
2022,Antonio Barranca,ATL,CPX,20,34,100,133,16,9,5,0,2,14,16,26,0,41,5,2,0,4,6,2,0.16,sa3015201
2021,Narbe Cruz,HOU,CPX,20,34,86,108,19,15,3,0,1,17,7,14,1,24,6,2,0,2,2,2,0.220930232,sa3015205
2022,Narbe Cruz,HOU,CPX,21,30,97,105,22,16,5,0,1,8,9,7,0,16,1,0,0,0,1,3,0.226804123,sa3015205
2022,Narbe Cruz,HOU,CPX,21,19,59,63,19,10,8,0,1,8,12,3,0,12,1,0,0,0,4,0,0.322033898,sa3015205
2021,Frank Nigro,MIN,CPX,23,16,25,30,3,3,0,0,0,1,3,3,0,12,1,0,1,0,0,0,0.12,sa3015228
2021,Richi Gonzalez,HOU,CPX,18,42,131,150,21,14,4,0,3,17,12,14,0,68,5,0,0,2,3,1,0.160305343,sa3015233
2023,Richi Gonzalez,HOU,CPX,20,21,58,74,13,8,4,0,1,8,5,12,0,17,3,1,0,1,0,2,0.224137931,sa3015233
2022,Richi Gonzalez,HOU,CPX,19,50,136,157,34,25,7,0,2,24,18,17,0,47,3,1,0,0,15,6,0.25,sa3015233
2021,Ricardo Olivar,MIN,CPX,19,34,49,59,10,6,2,1,1,5,5,8,0,17,2,0,0,0,3,0,0.204081632,sa3015234
2022,Ricardo Olivar,MIN,CPX,20,40,129,154,45,25,12,3,5,16,23,18,1,33,5,2,0,1,5,5,0.348837209,sa3015234
2021,Breilin Ramirez,MIN,CPX,18,14,36,44,2,1,1,0,0,4,2,7,0,26,1,0,0,0,0,0,0.055555555,sa3015235
2022,Breilin Ramirez,MIN,CPX,19,35,99,119,17,11,4,0,2,9,10,17,0,40,2,0,1,3,0,0,0.171717171,sa3015235
2022,Carlos Pelegrin,DET,CPX,22,36,110,126,26,19,4,1,2,17,9,15,0,35,1,0,0,1,3,1,0.236363636,sa3015238
2023,Carlos Pelegrin,DET,CPX,23,5,20,20,7,3,2,0,2,3,4,0,0,7,0,0,0,0,0,0,0.35,sa3015238
2021,Carlos Pelegrin,DET,CPX,21,37,114,144,27,16,7,0,4,17,16,26,0,42,3,0,1,1,2,2,0.236842105,sa3015238
2021,Ray Torres,WSN,CPX,21,12,36,41,7,6,0,1,0,6,4,3,0,12,1,1,0,0,0,0,0.194444444,sa3015290
2022,Ray Torres,WSN,CPX,22,19,48,59,12,11,1,0,0,7,0,7,0,19,4,0,0,2,0,0,0.25,sa3015290
2021,Miguel Ugueto,BOS,CPX,18,35,127,135,42,23,15,2,2,26,20,7,0,26,1,0,0,0,7,1,0.330708661,sa3015293
2021,Quade Tomlin,WSN,CPX,19,22,60,72,6,2,4,0,0,13,4,7,0,22,5,0,0,3,0,0,0.1,sa3015295
2022,Quade Tomlin,WSN,CPX,20,32,91,102,16,10,5,0,1,6,9,10,0,28,0,1,0,0,1,0,0.175824175,sa3015295
2021,Adriel Sotolongo,TOR,CPX,23,27,83,97,32,21,4,0,7,22,28,12,0,21,1,1,0,1,1,1,0.385542168,sa3015296
2021,Juan Montero,BOS,CPX,19,16,39,50,7,3,3,0,1,6,9,11,0,13,0,0,0,0,1,1,0.179487179,sa3015314
2022,Juan Montero,BOS,CPX,20,18,31,39,8,3,5,0,0,2,10,3,0,12,4,1,0,1,0,0,0.258064516,sa3015314
2021,Jose Garcia,BOS,CPX,23,19,53,66,14,8,4,1,1,9,12,9,0,17,3,1,0,0,0,0,0.264150943,sa3015337
2021,Joseph Fernando,ATL,CPX,24,32,95,100,19,17,2,0,0,7,5,4,0,16,0,0,1,2,6,1,0.2,sa3015338
2021,Brayan Hernandez,BAL,CPX,19,32,93,103,21,13,5,0,3,16,17,8,0,34,2,0,0,2,1,1,0.225806451,sa3015354
2022,Brayan Hernandez,BAL,CPX,20,15,39,45,9,3,4,0,2,5,4,5,0,13,1,0,0,1,0,0,0.23076923,sa3015354
2021,Cuba Bess,BOS,CPX,23,21,52,69,13,4,5,2,2,12,13,13,0,20,3,1,0,0,1,0,0.25,sa3015374
2022,Yiddi Cappe,MIA,CPX,19,30,118,132,36,23,7,0,6,23,25,9,0,19,3,2,0,2,6,4,0.305084745,sa3015515
2022,Rolphy Cruz,BAL,CPX,19,31,89,99,19,14,5,0,0,10,13,7,0,25,1,2,0,1,2,4,0.213483146,sa3015521
2023,Rolphy Cruz,BAL,CPX,20,8,26,32,13,5,2,2,4,8,9,6,0,3,0,0,0,0,3,0,0.5,sa3015521
2022,Dax Stubbs,BAL,CPX,19,10,19,23,2,1,0,0,1,3,1,4,0,12,0,0,0,0,1,0,0.105263157,sa3015522
2022,Lyonell James,BOS,CPX,19,34,100,120,34,26,7,1,0,19,19,17,0,17,2,1,0,0,2,1,0.34,sa3015524
2022,Ronald Rosario,BOS,CPX,19,20,41,51,10,8,2,0,0,5,5,7,0,11,3,0,0,1,0,0,0.243902439,sa3015525
2023,Adrian Pinto,TOR,CPX,20,6,15,20,2,1,1,0,0,2,1,4,0,2,1,0,0,1,0,0,0.133333333,sa3015542
2022,Everette Cooper,HOU,CPX,19,25,58,68,5,5,0,0,0,4,3,4,0,27,6,0,0,3,1,1,0.086206896,sa3015544
2022,Raudy De Los Santos,DET,CPX,19,33,121,131,24,18,4,2,0,16,4,9,0,25,1,0,0,1,7,1,0.198347107,sa3015546
2023,Raudy De Los Santos,DET,CPX,20,37,97,124,14,6,4,3,1,25,8,24,0,18,2,1,0,0,10,7,0.144329896,sa3015546
2024,Raudy De Los Santos,DET,CPX,21,42,119,136,29,23,5,1,0,18,17,11,1,16,3,1,2,0,9,4,0.243697478,sa3015546
2023,Fernando Caldera,HOU,CPX,20,22,53,62,15,10,3,0,2,10,8,8,0,15,1,0,0,3,1,0,0.283018867,sa3015547
2025,Fernando Caldera,HOU,CPX,22,8,20,23,6,4,1,1,0,3,2,2,0,7,1,0,0,0,0,0,0.3,sa3015547
2022,Fernando Caldera,HOU,CPX,19,36,87,105,25,16,4,1,4,19,20,12,0,37,3,3,0,1,3,1,0.287356321,sa3015547
2022,Luis Encarnacion,HOU,CPX,19,40,140,158,37,23,9,0,5,32,29,14,0,19,3,1,0,1,1,1,0.264285714,sa3015548
2022,Christopher Morales,HOU,CPX,19,13,35,42,5,3,2,0,0,3,0,4,0,20,3,0,0,1,0,0,0.142857142,sa3015549
2022,Christopher Morales,HOU,CPX,19,14,34,40,6,5,0,1,0,5,1,4,0,18,2,0,0,1,0,2,0.176470588,sa3015549
2022,Josue Payano,HOU,CPX,19,23,63,70,14,12,1,0,1,8,4,3,0,29,4,0,0,1,4,5,0.222222222,sa3015550
2022,Josue Payano,HOU,CPX,19,11,30,34,8,7,1,0,0,3,0,3,0,12,1,0,0,0,1,3,0.266666666,sa3015550
2022,Luis Perez,HOU,CPX,19,49,143,176,30,18,7,2,3,19,18,32,1,54,0,1,0,1,17,2,0.209790209,sa3015551
2022,Brenny Escanio,NYY,CPX,19,39,116,145,25,13,8,2,2,20,20,26,0,28,2,1,0,1,9,2,0.215517241,sa3015565
2022,Jefrey De Los Santos,NYM,CPX,19,43,132,150,27,18,4,2,3,20,14,15,0,41,1,2,0,1,5,4,0.204545454,sa3015574
2023,Jefrey De Los Santos,NYM,CPX,20,7,22,26,9,5,4,0,0,3,7,2,0,5,1,1,0,0,1,0,0.409090909,sa3015574
2022,Victor Gonzalez,BAL,CPX,19,17,25,36,3,2,0,0,1,9,4,10,0,9,1,0,0,0,3,0,0.12,sa3015576
2023,Victor Gonzalez,BAL,CPX,20,26,68,75,15,8,4,1,2,5,11,3,0,28,3,1,0,1,3,0,0.220588235,sa3015576
2023,Fabian Machado,NYM,CPX,20,14,25,37,3,2,1,0,0,7,3,11,0,7,1,0,0,1,0,0,0.12,sa3015578
2024,Fabian Machado,NYM,CPX,21,30,94,110,21,17,4,0,0,11,13,10,0,29,3,3,0,4,2,0,0.223404255,sa3015578
2022,Jared Serna,NYY,CPX,20,37,129,160,39,23,9,1,6,40,28,25,0,24,6,0,0,2,16,4,0.302325581,sa3015579
2022,Diego Gonzalez,PHI,CPX,19,39,123,140,34,26,8,0,0,14,9,16,0,27,1,0,0,6,4,4,0.276422764,sa3015583
2023,Diego Gonzalez,PHI,CPX,20,30,89,100,23,17,4,0,2,19,10,10,0,19,1,0,0,1,0,0,0.258426966,sa3015583
2024,Diego Gonzalez,PHI,CPX,21,9,17,22,3,1,2,0,0,4,3,2,0,4,1,2,0,1,0,0,0.176470588,sa3015583
2022,Jackie Pertuz,PHI,CPX,19,30,56,63,14,8,6,0,0,7,6,4,0,19,3,0,0,0,0,0,0.25,sa3015584
2023,Jackie Pertuz,PHI,CPX,20,18,33,38,9,6,3,0,0,2,8,3,0,11,2,0,0,1,0,0,0.272727272,sa3015584
2022,Jehisbert Sevilla,PHI,CPX,19,43,114,134,22,18,2,2,0,12,11,18,0,21,2,0,0,2,5,3,0.192982456,sa3015585
2023,Jehisbert Sevilla,PHI,CPX,20,27,66,76,12,8,4,0,0,13,5,6,0,13,4,0,0,0,0,2,0.181818181,sa3015585
2022,Randy Vasquez,PHI,CPX,19,38,113,133,23,10,10,3,0,21,16,18,0,36,2,0,0,1,6,1,0.203539823,sa3015586
2023,Randy Vasquez,PHI,CPX,20,10,15,27,1,0,0,1,0,5,2,10,0,7,0,1,1,0,0,0,0.066666666,sa3015586
2022,Jesus Castillo,PIT,CPX,18,42,128,150,45,41,4,0,0,23,21,17,0,18,3,0,2,3,9,6,0.3515625,sa3015587
2023,Ewry Espinal,PIT,CPX,20,23,66,83,15,13,2,0,0,15,7,15,0,27,1,0,1,0,8,1,0.227272727,sa3015588
2024,Ewry Espinal,PIT,CPX,21,25,58,74,5,3,1,0,1,9,5,14,0,28,2,0,0,0,6,0,0.086206896,sa3015588
2022,Javier Rivas,PIT,CPX,19,46,155,175,41,27,9,0,5,24,29,10,0,43,8,2,0,3,4,1,0.264516129,sa3015589
2023,Javier Rivas,PIT,CPX,20,40,165,188,47,33,11,1,2,17,31,14,0,43,7,2,0,0,7,6,0.284848484,sa3015589
2022,Jeral Toledo,PIT,CPX,19,35,98,123,17,10,5,2,0,21,11,20,0,31,4,1,0,2,5,4,0.173469387,sa3015590
2023,Jeral Toledo,PIT,CPX,20,38,121,151,37,23,9,3,2,26,21,24,0,25,1,4,1,0,11,4,0.305785123,sa3015590
2022,Enmanuel Terrero,PIT,CPX,19,35,106,130,35,28,3,3,1,22,10,23,0,17,0,1,0,2,9,7,0.330188679,sa3015591
2024,Enmanuel Terrero,PIT,CPX,21,7,24,27,10,8,1,1,0,5,2,3,0,3,0,0,0,0,5,1,0.416666666,sa3015591
2022,Lizandro Espinoza,STL,CPX,19,29,104,121,25,15,5,4,1,17,15,12,0,29,2,3,0,0,4,1,0.240384615,sa3015611
2022,Jose Cordoba,STL,CPX,19,38,106,125,25,15,5,0,5,18,21,15,0,33,2,2,0,6,5,4,0.235849056,sa3015614
2023,Jose Cordoba,STL,CPX,20,24,79,87,29,20,6,2,1,14,13,7,0,15,0,1,0,0,4,2,0.367088607,sa3015614
2025,Jose Cordoba,STL,CPX,22,6,20,21,1,1,0,0,0,3,1,1,0,6,0,0,0,3,0,0,0.05,sa3015614
2023,Justin Guerrero,STL,CPX,20,18,45,54,11,7,2,0,2,6,7,7,0,12,1,1,0,1,1,0,0.244444444,sa3015615
2024,Justin Guerrero,STL,CPX,21,21,60,68,8,7,0,0,1,2,8,5,0,19,2,1,0,2,0,0,0.133333333,sa3015615
2022,Jeremy Ramos,STL,CPX,19,29,78,80,13,10,2,1,0,7,3,1,0,31,1,0,0,4,4,0,0.166666666,sa3015618
2023,Jeremy Ramos,STL,CPX,20,21,44,51,7,3,2,0,2,11,4,5,0,23,2,0,0,0,3,0,0.159090909,sa3015618
2022,Francis Reynoso,STL,CPX,19,25,71,82,13,6,4,2,1,11,11,8,0,34,2,1,0,2,0,1,0.183098591,sa3015619
2022,Raul Guzman,STL,CPX,19,24,54,61,9,6,3,0,0,4,1,3,0,28,4,0,0,1,1,1,0.166666666,sa3015620
2023,Raul Guzman,STL,CPX,20,23,48,67,10,6,1,0,3,12,6,16,0,22,2,1,0,2,2,0,0.208333333,sa3015620
2024,Raul Guzman,STL,CPX,21,25,61,72,10,9,1,0,0,6,4,9,0,31,2,0,0,0,1,0,0.163934426,sa3015620
2022,Felix Taveras,STL,CPX,19,21,56,65,11,6,3,2,0,4,6,7,0,28,1,0,0,0,2,0,0.196428571,sa3015621
2023,Felix Taveras,STL,CPX,20,28,96,112,29,21,5,2,1,17,16,13,0,22,3,0,0,2,3,1,0.302083333,sa3015621
2024,Felix Taveras,STL,CPX,21,40,125,147,23,15,2,3,3,17,15,21,0,46,0,0,0,2,7,1,0.184,sa3015621
2022,Edwin Barragan,TBR,CPX,18,24,64,77,18,18,0,0,0,8,12,10,0,11,1,2,0,1,3,5,0.28125,sa3015622
2023,Edwin Barragan,TBR,CPX,19,10,22,31,2,2,0,0,0,5,1,7,0,5,2,0,0,0,1,1,0.09090909,sa3015622
2022,Christian Cerda,TBR,CPX,19,20,54,69,17,10,5,0,2,15,12,15,0,12,0,0,0,1,5,0,0.314814814,sa3015623
2024,Willmer De La Cruz,ATL,CPX,21,13,32,39,9,7,2,0,0,3,5,7,0,6,0,0,0,0,4,1,0.28125,sa3015624
2022,Willmer De La Cruz,TBR,CPX,19,37,106,127,30,25,3,1,1,22,12,19,0,28,1,0,1,0,9,4,0.283018867,sa3015624
2023,Willmer De La Cruz,TBR,CPX,20,22,58,76,10,9,1,0,0,6,9,13,0,18,2,2,1,2,6,1,0.172413793,sa3015624
2023,Arison Jimenez,TBR,CPX,20,41,106,126,19,11,5,1,2,14,13,16,0,35,3,1,0,3,2,1,0.179245283,sa3015625
2022,Odalys Peguero,TBR,CPX,19,39,131,161,34,27,3,3,1,30,23,28,0,39,0,2,0,4,10,2,0.259541984,sa3015626
2023,Odalys Peguero,TBR,CPX,20,5,19,21,2,1,1,0,0,2,0,2,0,6,0,0,0,0,0,0,0.105263157,sa3015626
2023,Roylems Rangel,TBR,CPX,20,10,17,20,4,3,1,0,0,1,2,2,0,6,1,0,0,0,0,0,0.235294117,sa3015629
2023,Juan Garcia,WSN,CPX,20,15,43,51,13,12,0,0,1,6,5,7,0,12,1,0,0,0,2,0,0.302325581,sa3015632
2024,Juan Garcia,WSN,CPX,21,13,42,46,11,8,0,0,3,6,6,3,0,15,1,0,0,1,0,1,0.261904761,sa3015632
2022,Eliesel Santana,WSN,CPX,19,23,65,77,16,13,2,0,1,9,5,11,0,21,1,0,0,1,0,1,0.246153846,sa3015635
2023,Eliesel Santana,WSN,CPX,20,33,99,116,24,19,3,0,2,15,21,14,0,25,2,1,0,1,0,1,0.242424242,sa3015635
2023,Victor Arias,TOR,CPX,19,41,117,152,26,15,6,1,4,19,19,30,0,39,4,1,0,3,15,1,0.222222222,sa3015636
2022,Cristian Feliz,TOR,CPX,19,38,120,141,20,9,6,1,4,13,14,16,0,51,5,0,0,3,2,0,0.166666666,sa3015637
2023,Cristian Feliz,TOR,CPX,20,37,107,135,21,12,3,0,6,18,16,15,0,47,11,2,0,2,3,0,0.196261682,sa3015637
2022,Francisco Veracierto,TOR,CPX,20,20,50,52,10,6,3,0,1,6,3,2,0,15,0,0,0,1,0,1,0.2,sa3015638
2022,Robert Robertis,TOR,CPX,19,34,107,119,31,22,6,3,0,18,11,11,0,24,0,1,0,0,3,1,0.289719626,sa3015639
2023,Robert Robertis,TOR,CPX,20,13,28,35,5,4,1,0,0,4,2,6,0,9,0,1,0,1,0,0,0.178571428,sa3015639
2022,Alexis Hernandez,BOS,CPX,19,26,78,92,17,12,4,0,1,15,6,10,0,17,3,1,0,0,5,3,0.217948717,sa3015642
2022,Johnfrank Salazar,BOS,CPX,18,32,101,122,33,23,8,2,0,21,16,17,0,9,3,1,0,5,3,0,0.326732673,sa3015643
2023,Johnfrank Salazar,BOS,CPX,19,25,91,103,34,20,11,0,3,22,20,5,0,12,3,4,0,3,2,0,0.373626373,sa3015643
2025,Johnfrank Salazar,STL,CPX,21,10,34,38,6,2,2,0,2,7,10,3,0,7,1,0,0,2,6,0,0.176470588,sa3015643
2025,Newremberg Rondon,DET,CPX,21,30,86,96,16,14,2,0,0,9,6,9,0,19,0,1,0,2,0,1,0.186046511,sa3015653
2023,Manuel Palencia,NYY,CPX,20,22,70,79,19,16,3,0,0,6,6,7,0,3,2,0,0,1,0,1,0.271428571,sa3015659
2025,Manuel Palencia,NYY,CPX,22,29,109,121,34,25,7,1,1,15,14,10,0,17,2,0,0,5,1,0,0.311926605,sa3015659
2023,Enger Castellano,NYY,CPX,20,26,95,101,26,18,7,0,1,13,11,4,0,23,1,1,0,0,5,0,0.27368421,sa3015660
2023,Jorge Mendez,PHI,CPX,19,25,46,60,10,5,4,0,1,9,11,7,0,1,5,2,0,3,0,0,0.217391304,sa3015662
2024,Jorge Mendez,PHI,CPX,20,11,28,31,6,5,0,0,1,3,2,1,0,5,2,0,0,3,0,0,0.214285714,sa3015662
2022,Omar Alfonzo,PIT,CPX,18,33,104,123,15,11,3,0,1,9,9,17,0,28,2,0,0,3,0,0,0.144230769,sa3015665
2023,Omar Alfonzo,PIT,CPX,19,8,21,31,6,3,2,0,1,5,5,9,0,5,1,0,0,1,1,1,0.285714285,sa3015665
2023,Jhonson Pena,PIT,CPX,20,41,121,144,29,21,4,3,1,27,11,18,0,28,4,0,1,2,20,2,0.239669421,sa3015666
2024,Jhonson Pena,PIT,CPX,21,47,122,146,30,21,7,1,1,23,16,12,0,28,4,1,7,3,9,6,0.245901639,sa3015666
2024,Kelvin Diaz,WSN,CPX,21,35,94,109,14,8,6,0,0,14,7,12,0,40,2,0,1,0,7,2,0.14893617,sa3015670
2025,Kelvin Diaz,WSN,CPX,22,9,21,26,4,3,1,0,0,3,1,5,0,11,0,0,0,0,2,0,0.19047619,sa3015670
2023,Kelvin Diaz,PIT,CPX,20,36,90,109,22,14,4,2,2,17,16,16,0,28,2,0,1,1,11,1,0.244444444,sa3015670
2023,Victor Valera,TBR,CPX,20,10,30,33,10,9,1,0,0,4,4,3,0,6,0,0,0,0,5,1,0.333333333,sa3015671
2022,Kevin Villavicencio,NYM,CPX,18,41,140,166,35,27,7,0,1,19,12,21,0,30,5,0,0,0,7,4,0.25,sa3015673
2023,Joel Mendez,NYY,CPX,20,29,99,113,29,21,4,3,1,15,10,11,0,35,1,2,0,2,1,0,0.292929292,sa3015682
2024,Joel Mendez,NYY,CPX,21,46,130,158,38,18,10,4,6,28,30,26,0,42,0,2,0,4,2,1,0.292307692,sa3015682
2022,Daury Arias,NYY,CPX,20,48,171,217,39,24,10,0,5,39,28,34,0,39,9,3,0,1,5,4,0.228070175,sa3015685
2022,Albert Rodriguez,PHI,CPX,19,32,77,89,16,12,3,0,1,15,13,9,0,33,3,0,0,1,6,1,0.207792207,sa3015687
2023,Albert Rodriguez,PHI,CPX,20,24,47,56,9,7,1,0,1,10,4,7,0,16,1,1,0,0,1,2,0.191489361,sa3015687
2023,Carlos Vicioso,BAL,CPX,20,14,24,31,1,1,0,0,0,0,0,6,0,11,1,0,0,1,1,1,0.041666666,sa3015690
2023,Nomar Fana,DET,CPX,20,33,87,104,22,18,2,0,2,16,10,15,0,23,1,1,0,1,5,1,0.252873563,sa3015691
2024,Nomar Fana,DET,CPX,21,53,182,228,53,34,8,1,10,44,37,44,0,57,1,0,0,2,15,4,0.291208791,sa3015691
2025,Nomar Fana,DET,CPX,22,36,94,125,22,17,2,1,2,10,15,24,0,27,3,3,1,1,7,3,0.234042553,sa3015691
2022,Armando Cruz,WSN,CPX,18,52,207,226,57,45,8,2,2,41,20,11,0,39,3,1,4,3,6,5,0.275362318,sa3015695
2024,Cristian Santana,DET,CPX,20,6,15,22,3,2,0,0,1,4,6,3,0,5,3,1,0,0,0,0,0.2,sa3015697
2022,Danny De Andrade,MIN,CPX,18,48,178,204,43,29,9,1,4,27,23,19,0,34,6,1,0,0,4,2,0.241573033,sa3015698
2022,Shalin Polanco,PIT,CPX,18,37,132,148,33,23,7,0,3,24,17,12,0,40,3,1,0,1,7,4,0.25,sa3015699
2022,Rickardo Perez,PHI,CPX,18,30,83,93,29,27,1,0,1,5,14,7,0,13,0,3,0,2,0,1,0.34939759,sa3015701
2024,Rickardo Perez,PHI,CPX,20,32,111,125,33,24,3,0,6,17,26,11,0,18,2,1,0,3,0,1,0.297297297,sa3015701
2025,Rickardo Perez,PHI,CPX,21,19,64,69,15,11,3,1,0,4,8,4,0,12,0,1,0,2,0,1,0.234375,sa3015701
2022,Jhonny Piron,TBR,CPX,18,41,131,157,27,22,2,0,3,26,18,23,0,42,2,1,0,1,3,3,0.20610687,sa3015702
2023,Jhonny Piron,TBR,CPX,19,36,116,132,22,16,5,1,0,10,12,11,0,34,4,1,0,3,6,4,0.189655172,sa3015702
2022,Abel Bastidas,DET,CPX,18,44,154,180,40,25,10,2,3,18,26,24,0,33,1,1,0,2,4,6,0.259740259,sa3015709
2024,Abel Bastidas,DET,CPX,20,23,81,94,15,10,4,0,1,8,8,11,1,25,0,2,0,3,1,0,0.185185185,sa3015709
2022,Manuel Beltre,TOR,CPX,18,49,171,206,40,30,8,1,1,25,23,22,0,41,10,2,0,3,9,4,0.233918128,sa3015710
2022,Maikol Hernandez,BAL,CPX,18,42,148,175,23,16,7,0,0,20,10,19,0,59,7,1,0,4,7,2,0.155405405,sa3015712
2023,Maikol Hernandez,BAL,CPX,19,38,134,159,24,16,6,0,2,25,10,17,0,33,8,0,0,2,1,3,0.179104477,sa3015712
2024,Maikol Hernandez,BAL,CPX,20,14,41,48,6,3,2,1,0,5,3,3,0,11,3,1,0,4,0,0,0.146341463,sa3015712
2022,Yemal Flores,PHI,CPX,18,34,100,116,16,10,2,1,3,9,13,12,0,46,2,2,0,1,3,1,0.16,sa3015717
2023,Yemal Flores,PHI,CPX,19,14,39,48,11,5,4,1,1,9,8,8,0,16,1,0,0,0,0,2,0.282051282,sa3015717
2024,Yemal Flores,PHI,CPX,20,23,68,81,18,10,3,1,4,10,18,10,0,31,2,1,0,0,0,1,0.264705882,sa3015717
2023,Martin Gimenez,TOR,CPX,19,25,55,68,16,14,1,0,1,7,8,10,0,21,3,0,0,0,0,1,0.29090909,sa3015724
2022,Andre Arthur,MIA,CPX,19,15,26,34,5,4,0,1,0,5,2,4,0,13,4,0,0,0,1,0,0.192307692,sa3015733
2022,Jesus Hernandez,MIA,CPX,18,18,53,60,13,11,0,2,0,9,3,7,0,15,0,0,0,0,5,0,0.245283018,sa3015736
2023,Jesus Hernandez,MIA,CPX,19,50,168,211,44,31,9,1,3,36,26,40,0,37,1,2,0,1,10,2,0.261904761,sa3015736
2022,Kevin Guerrero,BAL,CPX,18,37,110,140,16,14,1,0,1,12,15,29,0,48,0,1,0,2,5,2,0.145454545,sa3015737
2023,Kevin Guerrero,BAL,CPX,19,33,119,130,33,25,3,1,4,20,19,9,0,38,0,2,0,2,4,3,0.277310924,sa3015737
2022,Ronald Hernandez,MIA,CPX,18,41,140,161,33,26,4,1,2,14,22,14,0,32,6,1,0,2,2,1,0.235714285,sa3015738
2023,Ronald Hernandez,MIA,CPX,19,31,104,138,31,22,5,1,3,27,25,32,0,27,1,1,0,1,3,0,0.298076923,sa3015738
2023,Ronald Hernandez,NYM,CPX,19,14,35,53,10,5,4,0,1,6,11,15,0,10,2,1,0,0,1,1,0.285714285,sa3015738
2023,Yasmil Bucce,BAL,CPX,18,23,63,74,19,13,4,1,1,11,8,10,0,20,1,0,0,1,0,0,0.301587301,sa3015739
2024,Yasmil Bucce,BAL,CPX,19,33,65,94,12,9,2,0,1,7,11,23,0,21,4,2,0,3,1,0,0.184615384,sa3015739
2022,Eruviel Castillo,BAL,CPX,18,29,79,93,10,8,2,0,0,7,4,10,0,23,3,0,0,6,0,0,0.126582278,sa3015740
2023,Eruviel Castillo,BAL,CPX,19,12,23,29,3,3,0,0,0,1,2,5,0,10,1,0,0,0,0,0,0.130434782,sa3015740
2023,Aneudis Mordan,BAL,CPX,19,38,117,141,32,19,6,0,7,25,24,19,1,29,4,1,0,2,2,0,0.273504273,sa3015741
2022,Junior Lara,BAL,CPX,18,26,66,73,16,12,3,1,0,10,1,6,0,17,0,0,1,0,6,1,0.242424242,sa3015742
2023,Junior Lara,BAL,CPX,19,11,27,28,6,6,0,0,0,2,0,0,0,6,1,0,0,1,4,2,0.222222222,sa3015742
2022,Angel Tejada,BAL,CPX,18,30,89,98,25,17,4,1,3,12,13,3,0,18,5,1,0,5,5,3,0.280898876,sa3015744
2022,Teudis Cortorreal,BAL,CPX,18,23,53,61,8,7,1,0,0,5,0,7,0,15,1,0,0,0,0,1,0.150943396,sa3015746
2023,Teudis Cortorreal,BAL,CPX,19,27,59,67,12,6,5,1,0,4,3,7,0,20,0,1,0,2,1,0,0.20338983,sa3015746
2022,Anderson De Los Santos,BAL,CPX,18,39,124,153,30,17,11,0,2,20,17,23,0,23,4,2,0,5,5,3,0.241935483,sa3015747
2022,Carlos Rodriguez,BAL,CPX,18,28,56,77,12,8,2,0,2,7,16,17,0,18,2,2,0,0,1,0,0.214285714,sa3015748
2023,Carlos Rodriguez,BAL,CPX,19,23,63,79,14,12,1,0,1,9,8,13,0,25,2,1,0,2,2,0,0.222222222,sa3015748
2024,Carlos Rodriguez,BAL,CPX,20,26,65,74,22,17,5,0,0,9,14,8,0,19,0,1,0,0,1,1,0.338461538,sa3015748
2023,Enmanuel Ramirez,WSN,CPX,19,12,27,35,7,6,0,1,0,5,4,5,0,4,2,1,0,1,1,1,0.259259259,sa3015763
2024,Enmanuel Ramirez,WSN,CPX,20,42,144,160,37,29,6,2,0,18,19,15,0,30,0,1,0,4,0,1,0.256944444,sa3015763
2025,Enmanuel Ramirez,WSN,CPX,21,16,53,64,15,10,3,1,1,8,10,10,0,8,1,0,0,3,4,1,0.283018867,sa3015763
2023,Winder Diaz,WSN,CPX,20,25,68,82,19,16,3,0,0,9,6,11,0,27,2,0,1,5,2,2,0.279411764,sa3015764
2024,Winder Diaz,WSN,CPX,21,39,109,141,23,17,4,0,2,18,9,24,0,43,6,1,1,0,4,1,0.211009174,sa3015764
2023,Wesley Zapata,PIT,CPX,19,32,85,114,23,19,3,1,0,22,15,25,0,19,0,3,1,1,5,2,0.270588235,sa3015770
2022,Adari Grant,STL,CPX,18,37,97,118,20,17,2,1,0,14,7,18,0,39,3,0,0,0,6,6,0.206185567,sa3015771
2023,Adari Grant,STL,CPX,19,33,97,124,23,16,6,1,0,16,6,18,0,17,8,1,0,3,3,3,0.237113402,sa3015771
2023,Yancel Guerrero,STL,CPX,19,31,98,112,21,14,5,2,0,21,8,8,0,37,5,1,0,1,4,1,0.214285714,sa3015774
2024,Yancel Guerrero,STL,CPX,20,42,134,158,34,22,3,3,6,26,27,11,0,56,11,2,0,2,8,0,0.253731343,sa3015774
2025,Yancel Guerrero,STL,CPX,21,48,146,176,32,23,7,0,2,23,19,17,0,49,10,2,1,0,26,6,0.219178082,sa3015774
2022,Romtres Cabrera,STL,CPX,18,29,60,71,6,5,1,0,0,8,2,10,0,28,1,0,0,0,5,2,0.1,sa3015775
2023,Romtres Cabrera,STL,CPX,19,32,73,94,15,10,4,0,1,7,11,15,0,28,5,1,0,2,5,0,0.205479452,sa3015775
2024,Romtres Cabrera,STL,CPX,20,12,31,36,4,4,0,0,0,4,1,4,0,16,0,1,0,0,2,1,0.129032258,sa3015775
2025,Romtres Cabrera,STL,CPX,21,19,49,63,9,6,3,0,0,8,10,11,0,19,2,1,0,0,9,0,0.183673469,sa3015775
2022,Richel Del Rosario,HOU,CPX,18,38,98,122,24,18,5,1,0,18,8,14,0,27,9,1,0,2,6,4,0.244897959,sa3015780
2023,Richel Del Rosario,HOU,CPX,19,33,88,114,14,13,0,0,1,11,9,18,0,38,6,2,0,1,1,4,0.159090909,sa3015780
2022,Yamal Encarnacion,HOU,CPX,18,52,176,201,48,38,7,2,1,21,13,22,0,32,3,0,0,5,9,9,0.272727272,sa3015781
2023,Yamal Encarnacion,HOU,CPX,19,12,35,43,11,11,0,0,0,8,3,5,0,7,1,1,0,0,4,2,0.314285714,sa3015781
2025,Yamal Encarnacion,HOU,CPX,21,9,24,31,5,4,1,0,0,3,2,7,0,7,0,0,0,1,4,3,0.208333333,sa3015781
2023,Luis Ariza,TBR,CPX,19,21,64,69,18,12,5,0,1,8,8,4,0,14,1,0,0,2,0,0,0.28125,sa3015791
2024,Luis Ariza,TBR,CPX,20,21,60,70,13,7,4,1,1,7,9,9,0,15,0,1,0,0,1,0,0.216666666,sa3015791
2025,Luis Ariza,TBR,CPX,21,21,52,65,9,7,2,0,0,6,5,8,0,16,5,0,0,1,0,0,0.173076923,sa3015791
2022,Yhoangel Aponte,TOR,CPX,18,44,146,165,31,21,6,1,3,21,22,13,0,48,4,2,0,4,6,3,0.212328767,sa3015792
2023,Yhoangel Aponte,TOR,CPX,19,44,156,183,36,17,10,1,8,24,27,21,0,60,6,0,0,5,4,3,0.23076923,sa3015792
2024,Yhoangel Aponte,TOR,CPX,20,12,36,42,5,3,1,0,1,3,4,2,0,15,3,1,0,1,2,1,0.138888888,sa3015792
2023,Nathanael Rodriguez,TBR,CPX,19,8,20,21,6,5,1,0,0,5,1,1,0,8,0,0,0,0,0,0,0.3,sa3015793
2022,Jonathan Peguero,TOR,CPX,17,18,49,54,9,8,1,0,0,3,4,5,0,24,0,0,0,1,1,0,0.183673469,sa3015794
2023,Jonathan Peguero,TOR,CPX,18,18,41,47,8,5,2,0,1,5,5,6,0,15,0,0,0,0,0,0,0.195121951,sa3015794
2024,Jonathan Peguero,TOR,CPX,19,19,50,56,9,6,2,0,1,1,8,4,0,16,1,1,0,2,0,0,0.18,sa3015794
2022,Yeuni Munoz,TOR,CPX,18,9,22,28,7,5,0,1,1,2,6,6,0,7,0,0,0,1,1,0,0.318181818,sa3015795
2023,Yeuni Munoz,TOR,CPX,19,28,96,106,22,13,8,0,1,12,14,6,0,40,3,1,0,2,1,0,0.229166666,sa3015795
2025,Gregory Barrios,TBR,CPX,21,11,29,35,8,6,2,0,0,9,4,3,0,1,3,0,0,1,8,0,0.275862068,sa3015800
2023,Armando Sierra,BOS,CPX,19,30,98,113,26,17,7,0,2,13,12,14,0,30,1,0,0,2,0,1,0.265306122,sa3015805
2024,Armando Sierra,BOS,CPX,20,34,104,114,28,19,4,2,3,13,15,6,0,29,1,2,1,3,0,0,0.269230769,sa3015805
2025,Samuel Escudero,PIT,CPX,21,25,60,73,10,8,1,0,1,4,10,10,0,15,1,2,0,1,0,0,0.166666666,sa3015807
2022,Rafael Cruz,MIN,CPX,18,18,59,68,12,6,3,1,2,8,11,6,0,17,3,0,0,2,0,1,0.20338983,sa3015819
2022,Fredy Michel,MIN,CPX,17,40,129,158,21,16,3,0,2,21,7,26,0,59,3,0,0,3,15,6,0.162790697,sa3015821
2023,Fredy Michel,MIN,CPX,18,22,46,59,7,5,1,0,1,12,5,8,0,18,5,0,0,1,3,0,0.152173913,sa3015821
2022,Andres Centeno,MIN,CPX,18,42,123,151,28,19,6,2,1,22,21,24,0,52,2,2,0,2,4,2,0.227642276,sa3015822
2023,Andres Centeno,MIN,CPX,19,35,104,131,24,19,2,1,2,16,10,24,0,46,3,0,0,3,4,2,0.23076923,sa3015822
2023,Reynaldo Madrigal,MIN,CPX,19,7,15,21,1,0,1,0,0,6,0,2,0,12,4,0,0,0,4,0,0.066666666,sa3015823
2022,Giovanny Rivero,MIN,CPX,18,17,28,32,2,2,0,0,0,2,0,4,0,12,0,0,0,1,0,0,0.071428571,sa3015824
2023,Giovanny Rivero,MIN,CPX,19,19,43,51,8,8,0,0,0,6,2,6,0,12,2,0,0,1,1,0,0.186046511,sa3015824
2024,Giovanny Rivero,MIN,CPX,20,15,27,33,4,2,2,0,0,3,0,4,0,9,2,0,0,0,0,0,0.148148148,sa3015824
2023,Yohairo Cuevas,NYM,CPX,19,23,71,90,22,13,3,2,4,13,15,18,1,21,0,1,0,1,7,1,0.309859154,sa3015826
2022,Hector Rodriguez,NYM,CPX,18,27,106,113,37,26,4,4,3,19,16,6,0,10,0,1,0,0,12,3,0.349056603,sa3015828
2024,Sebastian Castro,NYM,CPX,19,30,84,95,9,6,1,1,1,9,4,8,0,30,3,0,0,2,3,2,0.107142857,sa3015832
2024,Yemil Rosario,PHI,CPX,20,34,77,95,11,10,1,0,0,12,10,12,0,26,4,2,0,1,4,1,0.142857142,sa3015838
2023,Leonardo Rondon,PHI,CPX,19,27,77,92,22,18,2,1,1,16,12,11,0,11,2,0,2,1,4,2,0.285714285,sa3015839
2024,Leonardo Rondon,PHI,CPX,20,14,28,33,5,4,0,0,1,5,9,4,0,7,0,1,0,0,1,1,0.178571428,sa3015839
2024,Fidel Montero,NYY,CPX,20,20,55,66,12,6,4,0,2,8,5,10,0,27,0,1,0,0,6,3,0.218181818,sa3015856
2023,Jhoan Contreras,WSN,CPX,19,17,27,36,4,4,0,0,0,4,2,8,0,8,1,0,0,2,0,1,0.148148148,sa3015859
2022,Luis Pino,STL,CPX,18,31,97,112,21,13,5,0,3,17,17,12,0,35,3,0,0,0,4,2,0.216494845,sa3015866
2023,Luis Pino,STL,CPX,19,27,78,100,16,9,5,0,2,14,14,14,0,31,7,1,0,2,5,0,0.205128205,sa3015866
2024,Luis Pino,STL,CPX,20,23,72,90,24,14,7,0,3,13,17,12,0,22,4,2,0,0,3,1,0.333333333,sa3015866
2023,Willy Montero,NYY,CPX,18,47,181,203,60,47,9,2,2,30,43,16,0,36,3,3,0,3,5,4,0.331491712,sa3015869
2025,Willy Montero,NYY,CPX,20,10,33,34,7,7,0,0,0,2,1,1,0,6,0,0,0,0,1,0,0.212121212,sa3015869
2024,Luis Valdez,BAL,CPX,24,9,30,34,8,7,1,0,0,9,3,4,0,6,0,0,0,0,7,1,0.266666666,sa3016076
2022,Jesus Alvarado,BAL,CPX,19,21,47,58,12,11,1,0,0,9,4,10,0,20,1,0,0,0,1,2,0.255319148,sa3016083
2022,Allan Castro,BOS,CPX,19,39,122,141,34,23,4,4,3,19,17,13,0,32,3,3,0,0,8,2,0.278688524,sa3016084
2024,Samuel Rojas,DET,CPX,21,22,56,76,8,6,1,0,1,8,7,17,0,13,2,1,0,3,1,1,0.142857142,sa3016088
2022,Renny Hidalgo,MIA,CPX,19,43,151,171,35,25,9,0,1,24,15,17,0,37,3,0,0,3,6,3,0.231788079,sa3016097
2023,Renny Hidalgo,MIA,CPX,20,7,17,20,3,3,0,0,0,3,1,2,0,5,1,0,0,0,0,1,0.176470588,sa3016097
2023,Miguel Rodriguez,MIA,CPX,20,7,23,27,3,1,1,0,1,4,4,4,0,7,0,0,0,1,0,0,0.130434782,sa3016098
2022,Amilcar Vasquez,MIN,CPX,20,15,31,39,6,5,1,0,0,4,2,4,0,4,4,0,0,1,0,0,0.193548387,sa3016101
2024,Amilcar Vasquez,MIN,CPX,22,22,60,67,19,16,3,0,0,8,10,4,0,8,2,0,1,6,1,0,0.316666666,sa3016101
2023,Maikel Hernandez,STL,CPX,20,25,56,73,15,12,3,0,0,5,7,14,0,10,1,2,0,1,0,0,0.267857142,sa3016113
2022,Jean Arnaez,TOR,CPX,19,23,49,54,10,8,2,0,0,6,5,4,0,8,1,0,0,0,3,0,0.204081632,sa3016120
2022,Endri Garcia,TOR,CPX,19,31,96,106,28,18,8,1,1,12,11,8,0,34,2,0,0,1,5,2,0.291666666,sa3016121
2023,Endri Garcia,TOR,CPX,20,18,44,54,5,4,0,0,1,8,2,9,0,13,1,0,0,1,0,0,0.113636363,sa3016121
2023,Kelvin Diaz,BOS,CPX,20,47,137,178,29,21,4,2,2,30,16,34,0,49,5,1,1,0,21,4,0.211678832,sa3016122
2024,Kelvin Diaz,BOS,CPX,21,47,114,135,34,22,10,0,2,26,17,13,1,39,4,4,0,0,20,2,0.298245614,sa3016122
2022,Moises Valero,DET,CPX,20,37,112,126,32,24,5,1,2,18,11,12,0,35,2,0,0,4,4,3,0.285714285,sa3016128
2023,Moises Valero,DET,CPX,21,8,22,26,10,6,2,1,1,3,6,2,0,7,1,1,0,0,1,0,0.454545454,sa3016128
2022,Enderso Lira,BOS,CPX,18,21,62,71,8,7,1,0,0,4,6,7,0,20,2,0,0,1,0,0,0.129032258,sa3016145
2023,Eddy Rodriguez,PIT,CPX,19,42,129,159,38,27,7,0,4,22,24,19,1,26,8,3,0,3,8,2,0.294573643,sa3016154
2022,Samil De La Rosa,STL,CPX,18,46,141,165,34,18,9,1,6,25,21,13,0,33,10,1,0,0,3,4,0.241134751,sa3016155
2023,Samil De La Rosa,STL,CPX,19,18,56,72,14,11,2,0,1,4,8,10,0,12,5,1,0,3,2,1,0.25,sa3016155
2024,Samil De La Rosa,STL,CPX,20,34,108,126,20,15,3,0,2,17,11,12,0,26,4,1,1,3,9,3,0.185185185,sa3016155
2023,Jose Suarez,STL,CPX,18,33,115,131,23,16,2,1,4,18,21,12,0,42,3,1,0,3,1,2,0.2,sa3016156
2024,Jose Suarez,STL,CPX,19,37,140,154,38,25,8,1,4,23,18,11,0,43,3,0,0,2,3,2,0.271428571,sa3016156
2023,Anyelo Encarnacion,STL,CPX,19,36,112,136,23,14,5,2,2,19,14,19,0,36,3,1,1,3,6,1,0.205357142,sa3016157
2024,Anyelo Encarnacion,STL,CPX,20,14,47,57,12,8,1,0,3,10,7,10,0,23,0,0,0,0,4,0,0.255319148,sa3016157
2024,Jose Perez,TBR,CPX,20,41,105,138,31,19,7,3,2,31,20,29,0,22,4,0,0,1,3,0,0.295238095,sa3016162
2022,Luis Garcia,TOR,CPX,18,43,139,162,28,19,5,3,1,21,12,18,0,41,2,3,0,2,11,1,0.201438848,sa3016164
2023,Luis Garcia,TOR,CPX,19,44,139,170,24,14,6,3,1,23,14,24,0,41,5,2,0,4,5,4,0.17266187,sa3016164
2023,Karim Ayubi,BOS,CPX,19,28,65,92,13,10,3,0,0,16,7,24,0,23,3,0,0,2,3,2,0.2,sa3016170
2024,Karim Ayubi,BOS,CPX,20,38,96,128,19,12,3,1,3,17,14,28,0,42,4,0,0,1,3,1,0.197916666,sa3016170
2022,Luis Ravelo,BOS,CPX,18,31,107,125,20,17,1,2,0,19,6,17,0,31,0,0,1,2,6,3,0.186915887,sa3016171
2022,Ahbram Liendo,BOS,CPX,18,45,146,179,32,20,11,1,0,26,19,30,0,47,3,0,0,2,12,5,0.219178082,sa3016173
2022,Jefferson De La Cruz,MIN,CPX,18,30,87,100,18,16,0,1,1,11,7,9,0,31,4,0,0,2,5,0,0.206896551,sa3016175
2022,Steven Adderley,MIA,CPX,19,18,29,32,1,1,0,0,0,2,1,3,0,11,0,0,0,0,3,1,0.034482758,sa3016189
2023,Miguel Vargas,STL,CPX,19,31,81,99,10,6,3,0,1,7,9,18,0,32,0,0,0,2,2,0,0.12345679,sa3016193
2024,Miguel Vargas,STL,CPX,20,23,62,74,10,6,3,1,0,5,7,10,0,24,0,2,0,1,3,1,0.161290322,sa3016193
2023,Alejandro Loaiza,STL,CPX,19,14,23,25,3,1,0,0,2,3,2,2,0,14,0,0,0,1,0,0,0.130434782,sa3016195
2024,Alejandro Loaiza,STL,CPX,20,26,68,78,7,4,0,1,2,7,9,6,0,29,3,1,0,2,1,0,0.102941176,sa3016195
2025,Alejandro Loaiza,STL,CPX,21,14,34,38,9,5,3,0,1,4,6,4,0,10,0,0,0,0,0,0,0.264705882,sa3016195
2022,Diego Viloria,BOS,CPX,19,12,29,32,4,4,0,0,0,3,0,1,0,4,2,0,0,3,0,0,0.137931034,sa3016299
2023,Diego Viloria,BOS,CPX,20,20,58,65,17,13,4,0,0,8,5,4,0,6,3,0,0,0,0,0,0.293103448,sa3016299
2022,Ricardo Rosario,PHI,CPX,19,35,100,116,24,17,5,1,1,14,7,13,0,22,2,1,0,1,4,3,0.24,sa3016306
2023,Santiago Torres,PHI,CPX,20,36,93,112,23,19,3,0,1,18,12,15,0,32,1,3,0,1,6,2,0.247311827,sa3016307
2023,Rivaldo Avila,BOS,CPX,20,13,32,38,7,5,1,1,0,4,1,6,0,17,0,0,0,0,0,0,0.21875,sa3016313
2025,Isaias Dipre,PHI,CPX,22,46,119,137,30,15,13,0,2,15,13,12,0,27,4,2,0,0,3,0,0.25210084,sa3016314
2023,Hans Montero,NYY,CPX,19,53,183,234,47,33,6,3,5,41,23,44,0,48,7,0,0,5,17,1,0.256830601,sa3016321
2023,Miguel Sosa,PIT,CPX,19,34,69,103,19,14,3,0,2,23,9,30,0,23,2,2,0,2,0,1,0.275362318,sa3016325
2024,Miguel Sosa,PIT,CPX,20,29,85,101,27,22,5,0,0,14,8,15,0,31,1,0,0,1,1,2,0.317647058,sa3016325
2022,Carlos Linarez,STL,CPX,20,35,113,120,25,19,5,0,1,11,10,6,0,29,1,0,0,4,5,2,0.221238938,sa3016346
2023,Kenny Baez,BAL,CPX,20,11,28,33,3,3,0,0,0,4,1,1,0,5,4,0,0,1,0,0,0.107142857,sa3016530
2021,Gregory Duran,MIN,CPX,18,13,30,36,8,6,1,1,0,3,2,5,0,13,1,0,0,1,1,0,0.266666666,sa3016533
2022,Gregory Duran,MIN,CPX,19,41,117,143,22,12,6,1,3,17,12,24,1,49,2,0,0,3,2,3,0.188034188,sa3016533
2024,Gregory Duran,MIN,CPX,21,14,33,43,1,1,0,0,0,2,4,7,1,13,1,2,0,0,0,0,0.03030303,sa3016533
2021,Argenis Jimenez,MIN,CPX,18,28,81,89,11,6,2,2,1,5,5,7,0,28,1,0,0,2,3,1,0.135802469,sa3016534
2021,Endy Rodriguez,MIN,CPX,18,23,48,65,11,6,2,2,1,11,4,15,0,21,1,1,0,0,1,1,0.229166666,sa3016535
2023,Endy Rodriguez,MIN,CPX,20,16,41,53,12,3,6,1,2,7,10,10,0,20,2,0,0,0,1,1,0.292682926,sa3016535
2024,Juan Machado,PIT,CPX,21,32,57,83,7,7,0,0,0,17,6,23,0,23,2,0,1,1,10,0,0.122807017,sa3016545
2024,John Zorrilla,PIT,CPX,20,12,26,30,4,4,0,0,0,5,1,4,0,13,0,0,0,0,2,0,0.153846153,sa3016550
2022,Ismael Perez,MIN,CPX,18,40,107,126,22,14,6,2,0,17,16,18,0,32,0,1,0,1,3,1,0.205607476,sa3016555
2023,Edinson Duran,NYY,CPX,20,32,105,121,33,24,5,2,2,24,17,9,0,16,7,0,0,4,2,0,0.314285714,sa3016561
2023,Eybert Escalona,PIT,CPX,20,21,63,71,15,10,3,1,1,6,11,3,0,21,3,2,0,2,0,0,0.238095238,sa3016636
2023,Albertson Asigen,BOS,CPX,21,14,42,50,14,10,3,1,0,12,5,6,0,5,2,0,0,1,7,2,0.333333333,sa3016639
2023,Edward Duran,TOR,CPX,19,17,50,61,17,13,3,0,1,13,8,11,0,7,0,0,0,1,0,1,0.34,sa3016719
2022,Francis De Leon,NYM,CPX,18,18,46,54,5,5,0,0,0,9,3,4,0,23,3,1,0,1,3,1,0.108695652,sa3016723
2023,Francis De Leon,NYM,CPX,19,15,23,29,4,4,0,0,0,3,1,5,0,7,1,0,0,2,7,1,0.173913043,sa3016723
2024,Ramiro Altagracia,NYY,CPX,20,24,42,46,14,12,1,0,1,4,10,2,0,9,1,1,0,2,0,1,0.333333333,sa3016778
2023,Mike Rothenberg,DET,CPX,24,7,23,29,9,2,0,0,7,11,14,5,0,8,1,0,0,0,0,0,0.391304347,sa3016786
2023,Diego Mosquera,NYM,CPX,19,31,114,127,31,28,2,1,0,18,11,9,0,15,2,2,0,4,1,3,0.271929824,sa3016825
2023,Raylin Heredia,PHI,CPX,19,35,141,164,46,29,9,4,4,30,25,17,0,42,5,1,0,1,7,3,0.326241134,sa3016826
2025,Raylin Heredia,PHI,CPX,21,10,35,37,12,9,2,0,1,5,4,1,0,6,0,1,0,2,2,0,0.342857142,sa3016826
2022,Miguel Bleis,BOS,CPX,18,40,153,167,46,23,14,4,5,28,27,10,0,45,3,1,0,2,18,3,0.300653594,sa3016834
2023,Raudelis Martinez,TBR,CPX,21,19,61,79,11,7,4,0,0,8,10,17,0,10,0,1,0,0,0,0,0.180327868,sa3016835
2024,Junior Marin,PHI,CPX,20,30,97,107,28,18,6,1,3,18,18,6,0,19,2,2,0,1,5,3,0.288659793,sa3016837
2021,Zach Zubia,MIA,CPX,23,24,72,85,12,10,2,0,0,4,7,11,0,32,1,1,0,2,0,0,0.166666666,sa3016861
2022,Eric Santana,NYM,CPX,19,31,86,102,13,10,1,0,2,11,13,16,0,41,0,0,0,2,3,0,0.15116279,sa3016867
2023,Marco Soto,PHI,CPX,19,35,115,130,29,21,7,0,1,19,13,7,0,22,5,3,0,4,0,0,0.252173913,sa3016872
2021,Chris Meyers,DET,CPX,22,9,32,37,6,4,1,0,1,3,4,5,0,6,0,0,0,0,5,0,0.1875,sa3016956
2025,Tyler Tolve,ATL,CPX,24,6,18,21,5,5,0,0,0,2,2,2,0,9,0,1,0,0,0,0,0.277777777,sa3016960
2021,Grant Richardson,NYY,CPX,21,27,93,109,25,11,8,3,3,24,18,14,0,28,2,0,0,0,10,1,0.268817204,sa3016964
2021,J.D. McLaughlin,DET,CPX,20,28,106,118,29,24,5,0,0,16,8,12,1,29,0,0,0,2,5,0,0.273584905,sa3016965
2022,J.D. McLaughlin,DET,CPX,21,14,44,49,12,9,2,0,1,6,9,3,0,12,1,1,0,0,4,1,0.272727272,sa3016965
2021,Kyle Battle,NYY,CPX,23,20,53,71,16,9,4,0,3,16,15,13,0,11,3,2,0,1,5,0,0.301886792,sa3016968
2021,Izaac Pacheco,DET,CPX,18,30,106,125,24,17,4,2,1,16,7,18,0,43,0,0,0,0,1,0,0.226415094,sa3016969
2021,Justice Bigbie,DET,CPX,22,8,28,34,5,4,0,0,1,5,4,6,0,9,0,0,0,1,0,0,0.178571428,sa3016971
2021,Justice Bigbie,DET,CPX,22,21,71,84,20,14,4,1,1,9,14,11,1,16,1,1,0,3,0,0,0.28169014,sa3016971
2023,Ryan Holgate,PHI,CPX,23,7,22,25,2,2,0,0,0,0,1,3,0,4,0,0,0,1,0,0,0.09090909,sa3016998
2022,Ryan Holgate,STL,CPX,22,12,23,37,4,3,1,0,0,3,1,11,0,9,2,0,1,1,1,0,0.173913043,sa3016998
2021,Jacob Teter,BAL,CPX,22,7,23,25,6,4,1,1,0,1,2,2,0,5,0,0,0,1,0,0,0.260869565,sa3017016
2021,Joshua Baez,STL,CPX,18,23,76,95,12,6,3,1,2,18,8,14,2,28,3,2,0,3,5,0,0.157894736,sa3017022
2022,Joshua Baez,STL,CPX,19,12,38,43,9,5,3,0,1,4,5,5,0,14,0,0,0,1,6,1,0.236842105,sa3017022
2021,Drake Osborn,NYM,CPX,22,16,45,54,8,6,2,0,0,9,3,7,0,18,1,1,0,0,0,0,0.177777777,sa3017077
2021,Wyatt Young,NYM,CPX,21,26,92,101,34,25,8,1,0,15,13,9,0,21,0,0,0,0,4,2,0.369565217,sa3017081
2021,Justin Guerrera,NYM,CPX,21,11,39,46,16,11,3,0,2,8,10,5,0,11,1,1,0,0,1,0,0.41025641,sa3017082
2021,Tyler Miller,BOS,CPX,21,18,62,72,19,12,5,1,1,9,12,7,0,16,3,0,0,1,2,0,0.306451612,sa3017109
2021,Phillip Sikes,BOS,CPX,22,24,74,84,29,18,8,0,3,18,18,8,0,24,2,0,0,1,5,1,0.391891891,sa3017113
2023,Daniel Familia,HOU,CPX,20,13,27,34,6,2,2,1,1,4,4,5,0,9,2,0,0,0,0,0,0.222222222,sa3017119
2022,Wilfredo Lara,NYM,CPX,18,42,136,157,32,21,7,3,1,19,13,17,0,34,4,0,0,0,8,3,0.235294117,sa3017123
2021,Coltyn Kessler,MIA,CPX,22,17,40,51,6,6,0,0,0,4,3,9,0,12,2,0,0,2,0,1,0.15,sa3017153
2023,Connor Pavolony,BAL,CPX,23,5,13,20,1,1,0,0,0,2,0,6,0,6,1,0,0,0,0,0,0.076923076,sa3017156
2021,J.C. Masson,TOR,CPX,18,15,46,55,13,7,4,0,2,10,12,8,0,25,0,1,0,0,2,1,0.282608695,sa3017159
2022,J.C. Masson,TOR,CPX,19,23,66,85,19,12,5,2,0,11,7,13,0,23,4,2,0,1,0,1,0.287878787,sa3017159
2021,Wyatt Hendrie,PIT,CPX,22,15,38,46,9,5,2,1,1,6,6,7,0,8,0,1,0,0,0,0,0.236842105,sa3017163
2021,Juan Gonzalez,TOR,CPX,20,16,34,42,6,4,1,1,0,3,6,4,0,7,2,2,0,1,0,1,0.176470588,sa3017166
2022,Juan Gonzalez,TOR,CPX,21,14,36,43,8,6,2,0,0,2,4,4,0,9,3,0,0,2,0,0,0.222222222,sa3017166
2021,Tyler Collins,ATL,CPX,18,23,75,85,26,20,4,2,0,16,7,7,0,23,3,0,0,0,12,4,0.346666666,sa3017168
2024,Josue Gonzalez,NYY,CPX,20,36,121,154,29,16,7,0,6,20,22,22,0,30,10,1,0,2,4,0,0.239669421,sa3017175
2023,Collin Burns,BAL,CPX,23,10,33,41,2,2,0,0,0,5,3,5,0,10,2,1,0,1,3,0,0.06060606,sa3017176
2021,Jaden Rudd,TOR,CPX,18,20,55,71,12,7,4,0,1,11,8,11,0,14,4,0,0,0,5,1,0.218181818,sa3017178
2022,Jaden Rudd,TOR,CPX,19,46,128,162,26,17,5,2,2,24,16,28,1,31,4,0,1,0,8,4,0.203125,sa3017178
2021,Trendon Craig,BAL,CPX,20,20,60,69,19,13,5,0,1,12,8,7,0,13,2,0,0,0,7,3,0.316666666,sa3017181
2021,B.J. Vela,BOS,CPX,21,11,32,34,7,6,0,0,1,5,4,2,0,10,0,0,0,1,1,0,0.21875,sa3017182
2022,B.J. Vela,BOS,CPX,22,21,38,50,13,9,4,0,0,8,6,7,0,8,4,1,0,0,2,0,0.342105263,sa3017182
2021,Noah Williamson,MIA,CPX,20,23,75,84,11,7,4,0,0,8,7,3,0,40,5,0,1,1,1,1,0.146666666,sa3017184
2022,Noah Williamson,MIA,CPX,21,41,143,171,31,13,13,3,2,27,20,16,0,71,10,2,0,0,6,4,0.216783216,sa3017184
2023,Noah Williamson,MIA,CPX,22,6,20,24,6,5,1,0,0,4,5,3,0,7,1,0,0,0,1,1,0.3,sa3017184
2021,Anderson De Los Santos,ATL,CPX,18,14,45,50,8,7,1,0,0,3,3,1,0,11,3,0,1,0,1,0,0.177777777,sa3017222
2022,Anderson De Los Santos,ATL,CPX,19,37,103,118,19,14,3,0,2,15,11,13,0,19,2,0,0,2,4,5,0.184466019,sa3017222
2021,Jordan McCants,MIA,CPX,19,23,76,85,17,16,1,0,0,10,4,6,0,22,1,1,1,1,1,2,0.22368421,sa3017294
2022,Jordan McCants,MIA,CPX,20,50,196,224,48,34,9,5,0,32,11,24,0,57,1,2,1,1,8,2,0.244897959,sa3017294
2021,Kier Meredith,BOS,CPX,21,18,45,54,7,7,0,0,0,8,0,8,0,10,1,0,0,0,5,1,0.155555555,sa3017325
2021,Damiano Palmegiani,TOR,CPX,21,17,39,48,13,9,2,0,2,11,9,7,0,9,2,0,0,1,1,0,0.333333333,sa3017326
2021,Dru Baker,TBR,CPX,21,12,45,49,13,9,2,2,0,8,10,3,0,9,1,0,0,0,6,0,0.288888888,sa3017331
2021,Luke Brown,PIT,CPX,22,17,45,53,7,6,0,1,0,5,5,5,0,11,0,3,0,1,1,0,0.155555555,sa3017333
2021,Matt Rudick,NYM,CPX,22,21,76,89,23,17,2,3,1,17,12,12,0,11,1,0,0,1,6,0,0.302631578,sa3017334
2021,Daniel McElveny,BOS,CPX,18,9,23,31,4,3,1,0,0,5,1,3,0,10,4,0,1,1,0,0,0.173913043,sa3017340
2022,Daniel McElveny,BOS,CPX,19,21,64,80,16,5,10,1,0,13,6,15,0,26,1,0,0,1,5,0,0.25,sa3017340
2021,Kyler Castillo,MIA,CPX,23,18,60,68,19,14,5,0,0,7,6,8,0,8,0,0,0,2,1,4,0.316666666,sa3017373
2021,Hector Nieves,HOU,CPX,17,26,85,93,19,10,4,3,2,5,10,5,0,26,1,2,0,0,1,2,0.223529411,sa3017375
2023,Hector Nieves,HOU,CPX,19,20,54,70,11,7,3,0,1,7,5,12,0,16,3,1,0,1,5,0,0.203703703,sa3017375
2024,Hector Nieves,HOU,CPX,20,29,70,95,11,5,4,1,1,11,8,23,0,41,1,1,0,0,7,4,0.157142857,sa3017375
2022,Hector Nieves,HOU,CPX,18,32,99,116,21,19,1,0,1,11,9,11,0,29,3,3,0,0,4,2,0.212121212,sa3017375
2021,Tyler Whitaker,HOU,CPX,18,29,104,114,21,15,2,1,3,16,6,9,0,40,0,1,0,1,8,1,0.201923076,sa3017376
2021,Brenden Dixon,PIT,CPX,20,12,32,43,10,6,1,1,2,6,6,10,0,12,1,0,0,0,2,0,0.3125,sa3017397
2021,Nathan Hickey,BOS,CPX,21,8,20,28,5,3,2,0,0,4,1,6,0,8,1,1,0,0,0,0,0.25,sa3017398
2021,Mike Jarvis,PIT,CPX,23,13,42,49,15,8,3,2,2,16,8,3,0,4,4,0,0,0,8,0,0.357142857,sa3017401
2021,Jordan Viars,PHI,CPX,17,22,47,64,12,8,1,0,3,13,18,11,0,12,3,3,0,0,2,0,0.255319148,sa3017429
2022,Jordan Viars,PHI,CPX,18,44,154,179,37,28,6,1,2,28,20,17,0,40,5,3,0,2,5,0,0.24025974,sa3017429
2021,Anthony Quirion,PHI,CPX,23,11,16,20,5,2,0,1,2,5,5,3,0,3,1,0,0,0,1,0,0.3125,sa3017477
2022,Anthony Quirion,PHI,CPX,24,6,22,24,5,5,0,0,0,1,1,1,0,6,1,0,0,0,0,0,0.227272727,sa3017477
2022,Carlos Colmenarez,TBR,CPX,18,35,126,153,32,21,7,3,1,36,19,17,0,41,9,1,0,1,13,2,0.253968253,sa3017480
2023,Carlos Colmenarez,TBR,CPX,19,5,21,24,7,5,2,0,0,4,5,3,0,6,0,0,0,0,0,0,0.333333333,sa3017480
2025,Carlos Colmenarez,TBR,CPX,21,6,25,27,8,6,1,0,1,6,3,1,0,8,1,0,0,0,0,0,0.32,sa3017480
2021,Noah Miller,MIN,CPX,18,22,84,96,20,14,3,1,2,11,14,9,0,26,1,1,1,3,1,1,0.238095238,sa3017512
2021,Kahlil Watson,MIA,CPX,18,9,33,42,13,8,3,2,0,13,5,8,0,7,1,0,0,1,4,1,0.393939393,sa3017513
2021,Will Frizzell,WSN,CPX,22,9,32,34,10,6,3,0,1,4,6,1,0,6,1,0,0,0,0,0,0.3125,sa3017555
2022,Will Frizzell,WSN,CPX,23,11,32,39,14,10,4,0,0,7,14,6,0,6,1,0,0,0,0,0,0.4375,sa3017555
2022,Jaden Fein,WSN,CPX,21,16,43,49,9,6,2,0,1,6,4,5,0,12,1,0,0,2,0,1,0.209302325,sa3017557
2021,Braylon Bishop,PIT,CPX,18,8,26,28,5,5,0,0,0,3,2,2,0,8,0,0,0,0,3,0,0.192307692,sa3017559
2022,Braylon Bishop,PIT,CPX,19,36,109,134,24,19,3,1,1,18,12,22,0,36,2,1,0,0,10,2,0.220183486,sa3017559
2023,Braylon Bishop,PIT,CPX,20,31,92,113,21,14,4,2,1,18,10,18,0,30,2,1,0,0,10,1,0.228260869,sa3017559
2021,Creed Willems,BAL,CPX,18,9,22,25,4,3,1,0,0,3,1,2,0,7,1,0,0,0,0,1,0.181818181,sa3017562
2021,Gunner Halter,WSN,CPX,23,9,25,26,6,4,1,0,1,6,1,1,0,6,0,0,0,1,0,0,0.24,sa3017603
2021,Noah Cardenas,MIN,CPX,21,13,20,25,6,4,1,0,1,3,4,3,0,3,1,1,0,1,0,0,0.3,sa3017624
2021,Liam McGill,ATL,CPX,23,12,35,40,8,3,4,0,1,4,6,4,1,15,1,0,0,0,1,0,0.228571428,sa3017625
2021,Lonnie White Jr.,PIT,CPX,18,9,31,33,8,4,2,0,2,6,5,2,0,14,0,0,0,1,0,0,0.258064516,sa3017628
2023,Lonnie White Jr.,PIT,CPX,20,17,63,76,20,14,5,0,1,13,10,11,1,19,2,0,0,1,6,2,0.317460317,sa3017628
2021,Logan Cerny,PHI,CPX,21,8,20,26,5,3,1,1,0,6,2,6,0,8,0,0,0,0,6,1,0.25,sa3017661
2022,Javier Bolivar,STL,CPX,19,37,74,92,13,8,2,0,3,12,9,17,0,37,1,0,0,1,4,0,0.175675675,sa3017663
2021,Kenny Piper,TBR,CPX,22,6,15,20,8,5,2,0,1,4,2,2,0,1,2,1,0,0,3,2,0.533333333,sa3017664
2021,Gavin Tonkel,PHI,CPX,18,11,23,31,6,5,1,0,0,5,2,4,0,8,3,1,0,0,2,1,0.260869565,sa3017668
2023,Gavin Tonkel,PHI,CPX,20,15,43,49,14,9,3,0,2,14,8,1,0,16,5,0,0,0,1,0,0.325581395,sa3017668
2021,T.J. White,WSN,CPX,17,15,53,59,15,9,2,0,4,11,12,5,0,14,1,0,0,0,1,0,0.283018867,sa3017697
2021,RobertAnthony Cruz,WSN,CPX,22,7,23,24,3,2,1,0,0,1,1,1,0,7,0,0,0,0,0,0,0.130434782,sa3017702
2022,Nicolas Deschamps,TOR,CPX,19,13,24,38,6,2,2,1,1,9,3,11,0,7,2,1,0,0,0,0,0.25,sa3017732
2021,Mason Auer,TBR,CPX,20,11,34,41,9,7,2,0,0,7,3,6,1,7,1,0,0,1,10,1,0.264705882,sa3017791
2021,Ryan Spikes,TBR,CPX,18,11,40,47,10,6,3,0,1,9,5,6,0,13,1,0,0,1,4,1,0.25,sa3017792
2021,Cooper Kinney,TBR,CPX,18,11,35,47,10,8,1,1,0,9,5,10,0,9,2,0,0,0,2,0,0.285714285,sa3017793
2024,Jorge Garcia,PHI,CPX,20,14,32,41,0,0,0,0,0,3,1,7,0,16,1,1,0,0,0,0,0,sa3017853
2021,Matt Goodheart,PHI,CPX,22,8,21,24,8,7,1,0,0,5,2,2,0,4,1,0,0,0,1,1,0.38095238,sa3017883
2021,Ernie Yake,MIN,CPX,23,7,21,26,5,3,2,0,0,4,3,5,0,4,0,0,0,2,3,0,0.238095238,sa3017902
2025,Jose Aular,NYM,CPX,21,19,44,58,8,8,0,0,0,9,4,10,0,13,3,1,0,2,0,0,0.181818181,sa3017954
2022,Tommy Gomez,NYM,CPX,18,14,42,49,8,4,3,0,1,6,7,5,0,14,1,1,0,2,2,0,0.19047619,sa3017994
2022,Deivy De Castro,ATL,CPX,19,11,24,30,3,2,0,1,0,6,0,6,0,11,0,0,0,0,0,1,0.125,sa3018378
2022,Luis Moreno,ATL,CPX,19,39,115,138,16,14,0,2,0,17,10,13,0,33,9,1,0,0,6,0,0.139130434,sa3018379
2023,Luis Moreno,ATL,CPX,20,10,21,29,6,5,1,0,0,6,5,5,0,8,2,0,0,1,1,0,0.285714285,sa3018379
2023,Elis Barreat,TBR,CPX,20,14,34,39,7,7,0,0,0,4,2,4,0,7,0,1,0,1,0,1,0.205882352,sa3018383
2022,Clayton Campbell,DET,CPX,18,37,101,129,15,9,5,0,1,10,9,21,0,33,5,2,0,2,0,2,0.148514851,sa3018386
2023,Clayton Campbell,DET,CPX,19,33,109,137,31,12,16,0,3,21,25,21,0,30,5,2,0,2,4,0,0.284403669,sa3018386
2025,Clayton Campbell,DET,CPX,21,30,91,104,23,18,2,0,3,13,9,7,0,18,5,1,0,3,4,0,0.252747252,sa3018386
2023,Willy Fanas,NYM,CPX,19,39,137,152,34,19,9,3,3,20,25,14,0,43,0,1,0,1,4,1,0.248175182,sa3018389
2024,Willy Fanas,NYM,CPX,20,11,39,47,11,4,5,1,1,8,6,7,0,8,1,0,0,0,0,0,0.282051282,sa3018389
2023,Diego Benitez,ATL,CPX,18,46,176,196,46,30,11,3,2,22,19,17,0,44,2,1,0,5,3,3,0.261363636,sa3018391
2024,Diego Benitez,ATL,CPX,19,27,85,98,14,11,1,0,2,12,11,13,0,24,0,0,0,3,1,0,0.164705882,sa3018391
2025,Diego Benitez,ATL,CPX,20,43,126,153,27,21,4,0,2,19,20,17,0,26,10,0,0,4,2,0,0.214285714,sa3018391
2022,Jair Casanova,ATL,CPX,18,45,149,179,43,36,5,1,1,18,16,24,0,34,3,3,0,1,0,1,0.288590604,sa3018392
2024,Jair Casanova,ATL,CPX,20,9,25,27,1,1,0,0,0,1,2,2,0,12,0,0,0,2,0,0,0.04,sa3018392
2023,Yimmy Diaz,DET,CPX,19,35,110,139,21,18,2,0,1,23,11,24,0,27,4,1,0,3,7,1,0.19090909,sa3018394
2024,Yimmy Diaz,DET,CPX,20,35,95,119,16,11,4,0,1,19,10,13,0,27,9,2,0,1,0,1,0.168421052,sa3018394
2023,Keiner Delgado,NYY,CPX,19,49,198,239,58,37,12,1,8,54,31,36,0,31,5,0,0,2,36,7,0.292929292,sa3018397
2023,Cristhian Vaquero,WSN,CPX,18,42,140,182,39,27,9,2,1,34,16,29,1,35,5,4,4,1,15,8,0.278571428,sa3018403
2023,Yordany De Los Santos,PIT,CPX,18,17,66,78,21,14,6,0,1,17,15,7,0,11,3,2,0,3,13,1,0.318181818,sa3018408
2024,Yordany De Los Santos,PIT,CPX,19,57,192,216,66,49,8,4,5,36,34,17,0,39,4,1,2,4,24,6,0.34375,sa3018408
2025,Javier Osorio,DET,CPX,20,38,125,146,38,25,8,0,5,27,27,11,0,34,7,2,0,1,20,4,0.304,sa3018410
2023,Jonathan Mejia,STL,CPX,18,30,104,131,18,13,0,3,2,16,8,24,0,37,1,1,0,4,7,1,0.173076923,sa3018411
2024,Jonathan Mejia,STL,CPX,19,49,174,205,52,38,9,2,3,35,20,25,0,52,4,2,0,1,18,4,0.298850574,sa3018411
2023,Simon Juan,NYM,CPX,17,40,132,147,29,22,5,0,2,9,17,12,0,39,2,1,0,1,1,2,0.219696969,sa3018412
2024,Simon Juan,NYM,CPX,18,50,183,202,50,31,11,1,7,30,29,17,0,48,1,1,0,4,4,1,0.273224043,sa3018412
2023,Freili Encarnacion,BOS,CPX,18,8,33,39,6,5,1,0,0,4,1,2,0,8,4,0,0,2,2,0,0.181818181,sa3018414
2024,Jhonny Severino,PIT,CPX,19,56,189,220,55,30,12,3,10,39,41,26,0,35,1,4,0,0,12,3,0.291005291,sa3018415
2023,Braylin Tavera,BAL,CPX,18,35,107,133,28,19,5,0,4,15,20,22,0,23,2,2,0,3,13,5,0.261682242,sa3018416
2023,Luis Rodriguez,STL,CPX,18,29,95,107,21,12,9,0,0,10,12,9,0,32,3,0,0,5,0,1,0.221052631,sa3018419
2023,Luis Meza,TOR,CPX,18,19,52,59,10,9,1,0,0,4,5,3,0,12,3,0,0,3,0,0,0.192307692,sa3018423
2024,Luis Meza,TOR,CPX,19,24,62,72,17,16,1,0,0,7,7,6,0,17,3,1,0,6,1,0,0.274193548,sa3018423
2025,Luis Meza,TOR,CPX,20,14,43,50,8,7,1,0,0,7,5,5,0,12,1,1,0,1,0,0,0.186046511,sa3018423
2023,Johanfran Garcia,BOS,CPX,18,42,149,179,45,28,10,2,5,21,32,19,0,37,9,2,0,3,3,1,0.302013422,sa3018424
2025,Johanfran Garcia,BOS,CPX,20,12,38,42,12,6,3,0,3,10,13,1,0,8,1,2,0,0,0,0,0.315789473,sa3018424
2024,Yilber Herrera,MIN,CPX,19,45,106,140,24,18,3,1,2,16,14,31,0,35,2,1,0,1,7,6,0.226415094,sa3018425
2025,Yilber Herrera,MIN,CPX,20,39,78,113,10,6,2,0,2,15,9,30,0,28,3,2,0,1,7,6,0.128205128,sa3018425
2026,Yilber Herrera,MIN,CPX,21,15,29,45,4,3,0,1,0,6,3,15,0,12,1,0,0,0,6,0,0.137931034,sa3018425
2023,Bryan Acuna,MIN,CPX,17,40,119,147,22,19,2,0,1,8,14,25,0,39,1,2,0,0,4,4,0.184873949,sa3018427
2024,Bryan Acuna,MIN,CPX,18,37,106,137,27,21,6,0,0,14,9,27,0,36,4,0,0,0,5,3,0.254716981,sa3018427
2025,Bryan Acuna,MIN,CPX,19,21,63,81,16,11,4,0,1,19,8,15,0,14,3,0,0,1,2,1,0.253968253,sa3018427
2023,Kenni Gomez,HOU,CPX,18,16,53,61,11,9,0,0,2,8,12,6,0,12,2,0,0,0,8,3,0.207547169,sa3018430
2026,Kenni Gomez,HOU,CPX,21,11,33,43,7,1,2,2,2,11,4,10,0,15,0,0,0,0,6,1,0.212121212,sa3018430
2023,Leandro Arias,BAL,CPX,18,44,140,162,38,26,7,2,3,17,19,20,0,20,2,0,0,3,12,2,0.271428571,sa3018433
2024,Leandro Arias,BAL,CPX,19,7,19,26,7,1,3,1,2,5,10,4,0,3,2,1,0,0,1,0,0.368421052,sa3018433
2023,Fraymi De Leon,BOS,CPX,18,29,61,73,18,16,2,0,0,17,4,9,0,18,3,0,0,1,9,2,0.295081967,sa3018436
2023,Carlos Oviedo,NYM,CPX,18,25,63,79,12,5,4,0,3,15,12,15,0,20,1,0,0,1,0,0,0.19047619,sa3018437
2024,Carlos Oviedo,NYM,CPX,19,11,26,32,4,3,1,0,0,1,2,4,0,13,1,0,1,0,0,0,0.153846153,sa3018437
2024,Victor Ortega,MIA,CPX,20,37,109,141,31,24,7,0,0,12,24,27,0,16,0,3,2,3,4,0,0.284403669,sa3018439
2023,Enzo Paulino,TBR,CPX,19,31,100,110,23,15,6,0,2,14,18,8,0,24,2,0,0,1,0,0,0.23,sa3018440
2024,Enzo Paulino,TBR,CPX,20,13,53,57,19,11,3,1,4,14,15,4,0,9,0,0,0,1,2,2,0.358490566,sa3018440
2025,David Beckles,TOR,CPX,21,57,207,237,63,43,11,1,8,36,42,24,0,63,5,1,0,8,2,1,0.304347826,sa3018441
2023,Gregori Cano,TOR,CPX,18,32,98,116,18,11,5,0,2,8,13,17,0,33,1,0,0,4,1,0,0.183673469,sa3018442
2024,Gregori Cano,TOR,CPX,19,33,92,106,17,12,5,0,0,10,8,12,1,33,2,0,0,2,3,2,0.184782608,sa3018442
2024,Jerffson Pena,PHI,CPX,20,41,131,151,35,21,10,1,3,29,10,16,0,48,4,0,0,2,12,3,0.267175572,sa3018443
2024,Javier Roman,MIN,CPX,21,31,96,105,29,22,6,1,0,9,11,7,0,21,2,0,0,7,0,0,0.302083333,sa3018446
2025,Javier Roman,MIN,CPX,22,10,28,32,6,3,1,0,2,5,4,4,0,14,0,0,0,1,0,0,0.214285714,sa3018446
2022,Andriel Lantigua,NYM,CPX,18,22,56,67,7,5,2,0,0,7,3,7,0,25,4,0,0,1,0,0,0.125,sa3018447
2023,Andriel Lantigua,NYM,CPX,19,15,35,49,9,7,2,0,0,8,6,11,0,8,1,2,0,2,0,0,0.257142857,sa3018447
2023,Claudio Simon,BOS,CPX,21,10,25,30,5,4,1,0,0,5,0,4,0,7,1,0,0,0,5,0,0.2,sa3018448
2024,Eduardo Oviedo,PIT,CPX,19,25,69,78,12,9,2,1,0,8,8,9,0,41,0,0,0,1,0,0,0.173913043,sa3018451
2025,Eduardo Oviedo,PIT,CPX,20,20,63,71,14,13,1,0,0,11,9,6,0,22,1,1,0,0,5,1,0.222222222,sa3018451
2023,Kendry Chirinos,TOR,CPX,18,37,96,138,19,17,0,0,2,16,16,37,0,46,4,1,0,2,2,1,0.197916666,sa3018453
2024,Kendry Chirinos,TOR,CPX,19,43,140,164,42,29,8,3,2,19,18,16,0,41,8,0,0,3,7,2,0.3,sa3018453
2024,Yosander Asencio,BOS,CPX,19,43,118,145,32,20,7,2,3,23,27,25,0,48,0,2,0,0,6,1,0.27118644,sa3018456
2023,Misael Mojica,WSN,CPX,18,23,55,73,11,8,2,1,0,15,8,17,0,20,1,0,0,0,0,1,0.2,sa3018462
2024,Misael Mojica,WSN,CPX,19,34,79,103,14,12,2,0,0,10,6,20,0,30,2,2,0,2,2,2,0.177215189,sa3018462
2024,Aroon Escobar,PHI,CPX,19,24,77,104,26,21,2,0,3,24,17,21,0,10,4,1,1,2,9,0,0.337662337,sa3018463
2025,Angel Mata,PHI,CPX,20,44,142,162,29,18,10,0,1,15,20,15,0,33,3,1,1,5,0,0,0.204225352,sa3018464
2024,Nolan Beltran,PHI,CPX,19,34,94,113,22,15,4,0,3,16,14,17,0,22,2,0,0,2,2,2,0.234042553,sa3018466
2024,Richard Ramirez,PIT,CPX,18,50,153,174,44,29,8,2,5,27,25,18,0,56,3,0,0,1,2,0,0.287581699,sa3018474
2025,Richard Ramirez,PIT,CPX,19,29,98,115,27,14,12,0,1,12,23,13,0,36,1,3,0,1,0,0,0.275510204,sa3018474
2025,Rafael Ramirez Jr.,WSN,CPX,19,10,19,29,4,3,1,0,0,5,0,9,0,8,1,0,0,0,1,3,0.210526315,sa3018476
2024,Jancel Santana,BOS,CPX,18,11,22,25,1,1,0,0,0,3,0,3,0,15,0,0,0,0,0,0,0.045454545,sa3018478
2023,Axiel Plaz,PIT,CPX,17,33,97,131,14,8,4,1,1,18,13,21,0,41,12,1,0,1,0,1,0.144329896,sa3018480
2024,Axiel Plaz,PIT,CPX,18,8,19,25,3,2,1,0,0,4,6,4,0,5,1,1,0,2,0,0,0.157894736,sa3018480
2023,Estuar Suero,PIT,CPX,17,13,46,58,10,8,0,1,1,7,6,12,0,12,0,0,0,0,2,2,0.217391304,sa3018481
2024,Estuar Suero,PIT,CPX,18,25,75,88,16,10,5,1,0,9,8,11,0,31,1,1,0,0,2,2,0.213333333,sa3018481
2025,Estuar Suero,PIT,CPX,19,40,125,151,26,14,7,2,3,23,16,24,0,57,0,2,0,0,8,2,0.208,sa3018481
2023,Luis Baez,HOU,CPX,19,17,59,76,16,7,2,0,7,10,15,16,0,14,1,0,0,0,1,1,0.27118644,sa3018482
2024,Engelth Urena,NYY,CPX,19,40,133,162,40,21,11,0,8,34,31,24,0,19,4,1,0,5,5,2,0.300751879,sa3018484
2024,Arfeni Batista,STL,CPX,19,39,129,137,24,16,4,0,4,14,12,5,0,60,3,0,0,0,4,1,0.186046511,sa3018485
2023,Natanael Yuten,BOS,CPX,18,38,149,164,50,36,9,2,3,28,32,11,0,36,4,0,0,2,8,4,0.335570469,sa3018486
2023,Yonatan Henriquez,NYM,CPX,18,43,140,173,31,22,8,0,1,25,22,29,0,34,1,3,0,2,7,6,0.221428571,sa3018487
2024,Yonatan Henriquez,NYM,CPX,19,40,114,151,33,25,6,2,0,27,10,34,0,23,3,0,0,3,15,4,0.289473684,sa3018487
2024,Yordalin Pena,STL,CPX,19,47,165,194,40,27,9,2,2,24,18,26,0,42,3,0,0,5,11,5,0.242424242,sa3018489
2024,Rafael Ramirez,HOU,CPX,19,30,70,86,13,9,2,0,2,10,8,12,0,33,3,1,0,0,5,2,0.185714285,sa3018491
2024,Manolfi Jimenez,PHI,CPX,19,31,92,101,24,19,2,0,3,17,13,6,0,22,2,1,0,1,3,3,0.260869565,sa3018492
2025,Manolfi Jimenez,PHI,CPX,20,46,157,171,48,26,13,5,4,27,20,6,0,26,4,4,0,2,3,4,0.305732484,sa3018492
2024,Juan Villavicencio,PHI,CPX,19,47,159,187,42,31,7,3,1,29,18,22,0,44,4,2,0,2,5,3,0.264150943,sa3018494
2025,Juan Villavicencio,PHI,CPX,20,7,21,22,6,3,2,0,1,2,3,1,0,7,0,0,0,0,2,1,0.285714285,sa3018494
2023,Enmanuel Tejeda,NYY,CPX,18,50,166,217,51,39,4,3,5,37,30,44,0,44,6,1,0,2,24,6,0.307228915,sa3018497
2025,Enmanuel Tejeda,NYY,CPX,20,9,27,32,8,5,3,0,0,3,1,4,0,7,1,0,0,1,2,2,0.296296296,sa3018497
2023,Dangelo Sarmiento,NYM,CPX,18,14,36,43,5,5,0,0,0,3,0,7,0,12,0,0,0,1,0,0,0.138888888,sa3018499
2025,Dangelo Sarmiento,NYM,CPX,20,39,103,124,17,13,1,2,1,16,6,19,0,40,2,0,0,3,5,2,0.165048543,sa3018499
2023,Waner Luciano,HOU,CPX,18,45,166,194,41,23,8,0,10,33,29,22,0,36,4,2,0,2,5,0,0.246987951,sa3018501
2024,Diomedes Hernandez,NYY,CPX,19,14,41,44,10,10,0,0,0,6,5,2,0,9,1,0,0,3,1,0,0.243902439,sa3018504
2023,Leiker Figueroa,ATL,CPX,18,45,149,176,32,23,7,1,1,27,19,22,0,42,5,0,0,4,7,3,0.2147651,sa3018506
2023,Jesus  Baez,NYM,CPX,18,40,138,160,29,17,9,1,2,18,17,19,0,28,1,2,0,4,5,2,0.210144927,sa3018507
2024,Orangel Rodriguez,NYM,CPX,19,14,39,40,11,7,4,0,0,6,6,1,0,5,0,0,0,1,0,0,0.282051282,sa3018512
2024,Elian Garcia,ATL,CPX,19,24,37,52,3,1,1,0,1,4,6,8,0,12,3,1,3,0,2,0,0.081081081,sa3018515
2023,Alexander Martinez,ATL,CPX,18,37,129,147,22,19,3,0,0,22,8,17,0,38,1,0,0,4,0,0,0.170542635,sa3018517
2024,Alexander Martinez,ATL,CPX,19,22,75,81,11,9,2,0,0,7,1,5,0,17,0,0,1,2,1,0,0.146666666,sa3018517
2025,Alexander Martinez,ATL,CPX,20,24,58,68,8,6,2,0,0,9,3,8,0,8,2,0,0,2,0,0,0.137931034,sa3018517
2024,Francisco Toledo,NYM,CPX,19,30,89,104,20,19,1,0,0,10,8,14,0,22,1,0,0,2,1,0,0.224719101,sa3018519
2025,Francisco Toledo,NYM,CPX,20,25,68,80,15,12,3,0,0,6,3,12,0,13,0,0,0,4,0,1,0.220588235,sa3018519
2024,Yirber Ruiz,BAL,CPX,19,24,41,49,8,8,0,0,0,4,2,6,0,16,1,0,1,0,2,4,0.195121951,sa3018523
2023,Jose Sanabria,TBR,CPX,18,19,60,70,9,8,1,0,0,5,3,9,0,21,1,0,0,3,1,2,0.15,sa3018524
2024,Jose Sanabria,TBR,CPX,19,37,114,139,19,13,4,1,1,24,14,18,0,36,4,3,0,5,9,1,0.166666666,sa3018524
2023,Edwin Amparo,BAL,CPX,18,25,74,99,15,9,6,0,0,12,11,21,0,18,2,2,0,1,11,5,0.202702702,sa3018526
2024,Edwin Amparo,BAL,CPX,19,52,151,195,37,24,9,0,4,29,23,39,1,37,2,3,0,1,25,9,0.245033112,sa3018526
2025,Edwin Amparo,BAL,CPX,20,10,38,44,8,6,2,0,0,2,4,6,0,16,0,0,0,1,3,2,0.210526315,sa3018526
2024,Franyer Noria,BOS,CPX,19,42,83,112,23,21,1,1,0,19,13,21,0,22,7,1,0,1,11,3,0.277108433,sa3018528
2025,Franyer Noria,BOS,CPX,20,23,52,65,9,6,3,0,0,9,4,9,0,5,3,1,0,2,5,1,0.173076923,sa3018528
2023,Ricardo Gonzalez,TBR,CPX,18,46,155,186,38,30,7,0,1,21,15,29,0,35,2,0,0,3,4,8,0.24516129,sa3018529
2024,Reminton Batista,MIA,CPX,19,20,33,35,6,4,1,0,1,9,3,2,0,6,0,0,0,0,3,0,0.181818181,sa3018530
2023,Cristian Benavides,BAL,CPX,18,32,82,96,14,10,2,0,2,14,8,12,0,29,0,2,0,4,3,1,0.170731707,sa3018535
2024,Cristian Benavides,BAL,CPX,19,32,71,81,16,12,2,0,2,13,10,8,0,24,1,1,0,0,2,1,0.225352112,sa3018535
2023,Angel Mateo,TBR,CPX,18,48,172,197,44,31,7,2,4,31,27,14,0,36,10,1,0,5,12,0,0.255813953,sa3018540
2024,Nicandro Aybar,TBR,CPX,19,51,177,205,48,37,8,3,0,29,29,24,1,28,1,0,3,2,13,5,0.27118644,sa3018544
2025,Nicandro Aybar,TBR,CPX,20,35,99,114,32,29,2,1,0,15,12,13,0,11,1,1,0,1,6,1,0.323232323,sa3018544
2023,Robert Gonzalez,ATL,CPX,18,46,166,187,40,33,5,2,0,19,14,17,0,44,2,2,0,0,11,2,0.240963855,sa3018545
2025,Robert Gonzalez,ATL,CPX,20,28,70,86,13,11,1,0,1,6,10,15,0,23,0,1,0,0,5,1,0.185714285,sa3018545
2024,Fernando Peguero,BAL,CPX,19,56,159,184,38,32,5,0,1,27,21,20,0,24,1,3,1,2,32,7,0.23899371,sa3018546
2025,Roosbert Tapia,TBR,CPX,20,35,115,121,31,25,5,1,0,12,10,4,0,21,1,1,0,3,3,0,0.269565217,sa3018547
2024,Edrei Campos,BAL,CPX,19,33,84,94,22,14,4,2,2,10,14,7,0,11,2,1,0,0,5,1,0.261904761,sa3018550
2023,Aron Estrada,BAL,CPX,18,23,63,81,13,7,3,2,1,16,6,15,0,11,3,0,0,0,5,0,0.206349206,sa3018552
2023,Anderson Nova,MIN,CPX,18,30,85,103,17,11,5,0,1,8,13,16,0,32,2,0,0,2,0,1,0.2,sa3018553
2024,Anderson Nova,MIN,CPX,19,29,71,80,15,10,2,2,1,8,7,8,0,15,1,0,0,4,0,1,0.211267605,sa3018553
2024,Faruk De La Cruz,TOR,CPX,19,28,78,89,13,9,4,0,0,10,9,11,0,29,0,0,0,2,2,0,0.166666666,sa3018554
2023,Jose Rodriguez,MIN,CPX,18,49,187,209,49,33,10,0,6,28,23,18,0,41,1,3,0,5,0,2,0.262032085,sa3018555
2023,Alfredo Velasquez,BAL,CPX,18,28,87,95,20,13,5,0,2,20,17,7,0,16,1,0,0,0,7,0,0.229885057,sa3018556
2024,Alfredo Velasquez,BAL,CPX,19,13,31,33,9,7,1,1,0,10,3,1,0,5,1,0,0,0,4,0,0.29032258,sa3018556
2023,Marvin Alcantara,BOS,CPX,18,40,150,176,36,28,7,0,1,26,21,23,0,35,2,1,0,3,6,5,0.24,sa3018558
2023,Raylin Ramos,BAL,CPX,18,11,35,35,12,8,3,1,0,7,3,0,0,9,0,0,0,1,2,1,0.342857142,sa3018561
2024,Raylin Ramos,BAL,CPX,19,17,55,59,12,9,3,0,0,7,4,4,0,11,0,0,0,5,0,1,0.218181818,sa3018561
2024,Andres Nolaya,BAL,CPX,19,39,91,114,20,16,2,2,0,19,16,17,0,24,2,4,0,2,9,3,0.219780219,sa3018563
2023,Narciso Polanco,TBR,CPX,18,44,157,180,33,27,2,3,1,19,15,19,0,35,2,2,0,3,3,3,0.210191082,sa3018564
2023,Thomas Sosa,BAL,CPX,18,39,124,143,36,22,7,3,4,26,25,17,0,31,2,0,0,4,5,4,0.29032258,sa3018566
2024,Jose Contreras,TBR,CPX,19,50,160,187,40,25,10,3,2,29,33,18,0,40,7,1,1,4,6,4,0.25,sa3018567
2025,Jose Contreras,TBR,CPX,20,11,35,39,10,6,3,0,1,5,4,2,0,9,2,0,0,0,2,1,0.285714285,sa3018567
2023,Jean Joseph,TOR,CPX,18,34,89,108,19,13,5,0,1,15,10,17,0,29,2,0,0,2,6,5,0.213483146,sa3018568
2026,Jean Joseph,TOR,CPX,21,6,18,23,4,2,1,0,1,1,2,4,0,5,1,0,0,1,0,0,0.222222222,sa3018568
2023,Maximo Maria,ATL,CPX,18,19,50,58,7,5,1,0,1,4,6,6,0,32,1,1,0,1,4,0,0.14,sa3018570
2025,John Cruz,MIA,CPX,19,35,109,134,23,17,5,0,1,10,12,24,0,21,1,0,0,1,14,1,0.211009174,sa3018573
2026,John Cruz,MIA,CPX,20,17,46,53,11,5,4,0,2,7,9,5,0,11,2,0,0,1,2,1,0.239130434,sa3018573
2023,John Cruz,NYY,CPX,17,48,177,202,52,33,6,3,10,28,47,22,0,44,2,1,0,4,9,4,0.29378531,sa3018573
2023,Harold Grant,MIN,CPX,18,36,124,139,31,21,5,1,4,17,23,12,0,37,1,2,0,2,2,1,0.25,sa3018574
2024,Harold Grant,MIN,CPX,19,25,67,78,10,8,2,0,0,9,8,11,0,23,0,0,0,0,2,1,0.149253731,sa3018574
2026,Enderson Delgado,DET,CPX,21,16,47,57,12,10,1,0,1,4,9,6,0,6,2,2,0,0,0,0,0.255319148,sa3018576
2023,Enderson Delgado,TBR,CPX,18,36,129,151,21,14,2,2,3,16,10,19,0,36,3,0,0,2,1,1,0.162790697,sa3018576
2024,Enderson Delgado,TBR,CPX,19,9,28,34,8,4,3,1,0,0,9,4,0,5,1,1,0,0,0,0,0.285714285,sa3018576
2024,Carlos Tirado,PIT,CPX,19,29,75,87,14,5,9,0,0,9,10,10,0,18,2,0,0,1,1,0,0.186666666,sa3018577
2025,Carlos Tirado,PIT,CPX,20,25,74,82,14,7,5,0,2,10,10,7,0,21,1,0,0,0,0,0,0.189189189,sa3018577
2023,Luis Sanchez,ATL,CPX,19,46,150,187,36,29,4,2,1,28,22,34,0,28,2,1,0,5,7,4,0.24,sa3018578
2024,Franyerber Montilla,DET,CPX,19,48,172,216,47,29,12,0,6,37,29,38,0,40,3,2,0,1,24,7,0.273255813,sa3018580
2023,Jose Fernandez,TOR,CPX,18,14,35,45,4,3,1,0,0,4,2,8,0,12,1,0,1,1,0,1,0.114285714,sa3018581
2023,Alberto Hernandez,HOU,CPX,19,40,140,169,36,19,14,1,2,23,20,24,0,31,3,1,1,4,9,2,0.257142857,sa3018582
2023,Josue Briceno,DET,CPX,18,44,169,198,55,33,13,2,7,40,37,23,0,28,2,4,0,6,3,1,0.325443786,sa3018584
2023,Toby Simmons,MIA,CPX,18,39,119,152,26,18,5,2,1,31,14,27,0,34,5,1,0,3,18,1,0.218487394,sa3018586
2024,Toby Simmons,MIA,CPX,19,19,43,53,10,7,2,1,0,9,6,10,0,19,0,0,0,0,14,2,0.232558139,sa3018586
2023,Angel Pierre,BOS,CPX,19,35,92,123,22,14,6,2,0,16,9,21,0,38,8,2,0,2,8,5,0.239130434,sa3018590
2023,Miguel Tamares,TBR,CPX,18,13,51,59,8,6,1,0,1,8,3,7,0,18,1,0,0,0,5,0,0.156862745,sa3018592
2024,Miguel Tamares,TBR,CPX,19,41,124,157,25,21,2,2,0,21,16,28,0,42,5,0,0,0,14,3,0.201612903,sa3018592
2024,Ricardo Pena,MIN,CPX,19,33,86,106,31,22,8,0,1,10,12,18,0,21,2,0,0,0,1,0,0.360465116,sa3018593
2025,Ricardo Pena,MIN,CPX,20,10,18,31,4,3,0,0,1,5,2,11,0,9,2,0,0,0,0,0,0.222222222,sa3018593
2026,Ricardo Pena,MIN,CPX,21,9,22,26,5,5,0,0,0,3,1,3,0,8,1,0,0,3,0,0,0.227272727,sa3018593
2024,Cherif Neymour,MIA,CPX,19,32,102,113,29,22,4,3,0,24,12,8,0,29,1,1,0,1,20,5,0.284313725,sa3018596
2025,Cherif Neymour,MIA,CPX,20,28,70,83,10,9,1,0,0,9,4,12,0,28,1,0,0,0,8,2,0.142857142,sa3018596
2023,Danny Gonzalez,MIA,CPX,18,19,49,60,10,9,0,0,1,6,7,9,0,16,0,2,0,2,2,0,0.204081632,sa3018603
2024,Danny Gonzalez,MIA,CPX,19,35,112,131,25,15,6,0,4,23,19,14,0,41,5,0,0,0,11,3,0.223214285,sa3018603
2025,Danny Gonzalez,MIA,CPX,20,33,105,116,27,21,4,0,2,13,8,8,0,27,3,0,0,1,3,2,0.257142857,sa3018603
2025,Wilton Lara,HOU,CPX,21,35,102,116,20,10,4,0,6,17,20,9,0,43,3,1,1,1,2,0,0.196078431,sa3018604
2024,Juan Matheus,NYY,CPX,20,49,162,196,52,36,10,1,5,30,40,29,0,28,3,2,0,3,10,7,0.320987654,sa3018611
2024,Maykel Minoso,TOR,CPX,18,33,101,117,20,15,3,1,1,14,12,13,0,15,1,2,0,1,6,0,0.198019801,sa3018612
2025,Maykel Minoso,TOR,CPX,19,36,105,128,17,13,4,0,0,18,7,21,0,18,1,1,0,1,0,1,0.161904761,sa3018612
2023,Carlos Sanchez,MIA,CPX,18,36,128,149,28,24,3,0,1,14,24,18,1,21,0,3,0,3,1,1,0.21875,sa3018613
2024,Carlos Sanchez,MIA,CPX,19,35,109,130,21,13,7,0,1,16,16,15,0,30,5,1,0,2,1,0,0.19266055,sa3018613
2023,Chris Suero,NYM,CPX,19,22,64,83,18,13,1,1,3,15,9,14,0,18,3,2,0,1,3,0,0.28125,sa3018614
2024,Santiago Gomez,NYY,CPX,20,36,81,95,26,22,2,0,2,16,16,7,0,22,7,0,0,0,9,7,0.320987654,sa3018616
2025,Santiago Gomez,NYY,CPX,21,40,114,140,29,25,2,0,2,22,15,10,0,31,13,2,0,1,20,4,0.254385964,sa3018616
2023,Elian Cortorreal,ATL,CPX,18,25,59,82,13,9,3,0,1,17,7,20,0,15,3,0,0,1,3,1,0.220338983,sa3018618
2023,Yaisel Ramos,STL,CPX,20,37,114,132,24,16,4,1,3,13,18,13,0,42,3,1,1,1,4,1,0.210526315,sa3018620
2024,Yaisel Ramos,STL,CPX,21,36,100,123,14,13,1,0,0,12,7,17,0,47,4,1,1,1,7,1,0.14,sa3018620
2025,Yaisel Ramos,STL,CPX,22,32,76,90,11,7,2,1,1,7,5,12,0,31,1,1,0,2,2,2,0.144736842,sa3018620
2023,Julio Henriquez,MIA,CPX,18,37,124,144,29,23,6,0,0,18,14,13,0,20,6,0,0,5,4,1,0.233870967,sa3018622
2024,Julio Henriquez,MIA,CPX,19,48,153,190,46,33,9,1,3,33,32,28,2,29,9,0,0,2,28,8,0.300653594,sa3018622
2025,Julio Henriquez,MIA,CPX,20,5,14,20,6,3,2,0,1,7,3,5,0,2,1,0,0,0,2,0,0.428571428,sa3018622
2023,Antony Peguero,MIA,CPX,18,43,156,180,35,28,5,2,0,24,21,17,0,42,4,3,0,4,6,3,0.224358974,sa3018630
2024,Antony Peguero,MIA,CPX,19,11,31,37,5,3,1,0,1,9,8,5,0,8,0,1,0,0,2,0,0.161290322,sa3018630
2023,Rabel Colon,HOU,CPX,19,38,123,144,20,13,4,0,3,19,16,17,1,47,4,0,0,1,9,2,0.162601626,sa3018631
2024,Rabel Colon,HOU,CPX,20,34,83,108,21,14,3,1,3,23,8,23,0,36,2,0,0,0,11,3,0.253012048,sa3018631
2023,Marco Vargas,MIA,CPX,18,33,120,162,34,20,11,1,2,32,19,38,1,22,2,2,0,1,8,2,0.283333333,sa3018632
2023,Marco Vargas,NYM,CPX,18,15,47,57,11,8,3,0,0,9,5,10,0,9,0,0,0,1,2,0,0.234042553,sa3018632
2023,Daniel Pena,MIN,CPX,18,34,97,117,27,18,4,0,5,14,23,15,0,14,2,3,0,5,0,0,0.278350515,sa3018634
2024,Daniel Pena,MIN,CPX,19,9,26,32,8,5,2,0,1,5,5,6,0,6,0,0,0,2,0,0,0.307692307,sa3018634
2026,Daniel Pena,MIN,CPX,21,9,17,25,3,3,0,0,0,4,2,8,0,4,0,0,0,0,1,0,0.176470588,sa3018634
2024,Karniel Pratt,HOU,CPX,19,24,48,61,13,9,2,1,1,10,5,11,0,22,1,0,1,0,10,3,0.270833333,sa3018636
2025,Karniel Pratt,HOU,CPX,20,20,46,62,13,11,2,0,0,10,6,12,0,9,3,1,0,2,11,4,0.282608695,sa3018636
2023,Byron Chourio,MIN,CPX,18,24,84,106,22,19,3,0,0,11,11,20,0,19,2,0,0,3,4,2,0.261904761,sa3018644
2023,Jose Gerardo,MIA,CPX,18,49,182,226,35,23,6,1,5,40,29,37,0,96,6,1,0,2,17,5,0.192307692,sa3018645
2024,Jose Gerardo,MIA,CPX,19,34,109,126,18,7,10,0,1,19,12,13,0,60,4,0,0,0,21,3,0.165137614,sa3018645
2023,Jose Monserrate,MIA,CPX,18,25,27,35,7,7,0,0,0,12,6,7,0,3,0,1,0,1,4,1,0.259259259,sa3018646
2024,Jose Monserrate,MIA,CPX,19,38,87,106,32,27,4,1,0,16,8,17,0,20,2,0,0,0,18,5,0.367816091,sa3018646
2025,Jose Monserrate,MIA,CPX,20,44,139,171,31,23,7,1,0,20,10,28,0,41,3,1,0,3,22,1,0.223021582,sa3018646
2022,Wilfrank Graciano,ATL,CPX,19,19,50,55,4,4,0,0,0,4,2,2,0,24,3,0,0,3,2,0,0.08,sa3018913
2023,Yorfran Nieves,ATL,CPX,20,15,46,52,6,5,1,0,0,2,2,3,0,13,3,0,0,0,3,1,0.130434782,sa3018914
2024,Jesus Machado,DET,CPX,21,44,114,148,20,15,2,0,3,25,18,29,0,50,4,1,0,1,9,3,0.175438596,sa3018915
2023,Andri Leon,DET,CPX,20,25,77,80,12,10,2,0,0,7,5,3,0,29,0,0,0,3,1,2,0.155844155,sa3018916
2022,Adrian Rubio,NYM,CPX,19,9,22,28,5,3,2,0,0,3,1,4,0,11,2,0,0,0,1,1,0.227272727,sa3018917
2023,Juan Sanchez,NYY,CPX,20,16,47,49,12,7,2,1,2,6,12,0,0,8,1,1,0,0,0,0,0.255319148,sa3018920
2024,Luis Ogando,NYY,CPX,20,31,80,97,20,15,1,1,3,16,18,9,0,17,6,2,0,4,10,1,0.25,sa3018924
2023,Isaac Pena,MIN,CPX,19,44,139,165,39,30,5,3,1,28,17,24,0,28,1,1,0,1,11,0,0.280575539,sa3018926
2025,Isaac Pena,MIN,CPX,21,22,48,65,10,9,1,0,0,9,6,14,0,11,1,2,0,1,5,2,0.208333333,sa3018926
2023,Carlos Vasquez,TOR,CPX,18,29,81,102,15,13,2,0,0,10,6,19,0,20,1,0,1,2,3,1,0.185185185,sa3018939
2024,Carlos Vasquez,TOR,CPX,19,46,135,163,29,22,6,1,0,15,20,22,0,42,2,3,1,2,4,4,0.214814814,sa3018939
2022,Lou Helmig,PHI,CPX,19,33,87,105,17,13,3,1,0,6,13,14,0,32,3,1,0,3,4,2,0.195402298,sa3018940
2023,Lou Helmig,PHI,CPX,20,16,47,60,7,3,2,1,1,12,6,9,0,17,1,1,2,0,2,0,0.14893617,sa3018940
2024,Jeffry Rosa,NYM,CPX,19,15,45,57,8,7,0,0,1,6,1,11,0,20,1,0,0,0,2,0,0.177777777,sa3018941
2025,Jeffry Rosa,NYM,CPX,20,45,128,147,23,12,7,0,4,19,10,10,0,43,8,1,0,2,0,1,0.1796875,sa3018941
2024,Abrahan Ramirez,NYY,CPX,19,49,158,189,55,36,14,3,2,32,24,29,0,30,0,1,0,6,6,1,0.348101265,sa3018943
2024,Helder Rosario,WSN,CPX,19,19,47,63,6,4,2,0,0,10,2,14,0,20,0,0,2,1,3,0,0.127659574,sa3018948
2025,Helder Rosario,WSN,CPX,20,14,28,39,4,4,0,0,0,5,3,9,0,16,1,0,1,1,1,0,0.142857142,sa3018948
2022,Nikau Pouaka-Grego,PHI,CPX,17,35,103,125,31,21,6,1,3,20,16,16,0,16,6,0,0,0,2,2,0.300970873,sa3018959
2023,Samuel Gil,DET,CPX,18,44,161,192,48,37,7,2,2,34,18,29,0,32,1,1,0,7,7,4,0.298136645,sa3018963
2023,Alen Pineda,ATL,CPX,18,25,62,71,10,8,1,1,0,7,4,5,0,22,2,2,0,3,1,1,0.161290322,sa3018965
2024,Alen Pineda,ATL,CPX,19,17,45,53,3,1,0,1,1,4,2,5,0,18,3,0,0,1,0,0,0.066666666,sa3018965
2022,Karell Paz,NYM,CPX,22,18,56,64,16,7,4,2,3,14,8,5,0,11,2,1,0,0,2,1,0.285714285,sa3018969
2023,Alejandro Nunez,HOU,CPX,18,40,135,164,35,24,10,0,1,21,17,25,0,24,4,0,0,4,16,3,0.259259259,sa3018977
2024,Aneudi Escanio,TOR,CPX,19,35,85,108,10,6,2,2,0,8,4,22,0,37,0,1,0,2,3,4,0.117647058,sa3019094
2022,Junior Sanchez,MIA,CPX,19,24,62,73,10,9,0,1,0,6,4,10,0,6,1,0,0,3,2,0,0.161290322,sa3019199
2023,Junior Sanchez,MIA,CPX,20,45,149,179,36,27,7,2,0,22,21,27,0,20,0,1,2,1,6,2,0.241610738,sa3019199
2024,Junior Sanchez,MIA,CPX,21,19,58,66,16,12,4,0,0,10,8,6,0,11,2,0,0,2,9,1,0.275862068,sa3019199
2023,Ricardo Hurtado,DET,CPX,20,23,76,93,17,9,4,1,3,11,15,9,0,25,5,2,1,2,1,0,0.22368421,sa3019200
2024,Ricardo Hurtado,DET,CPX,21,42,116,161,27,15,9,0,3,25,20,33,0,40,9,2,0,4,2,1,0.23275862,sa3019200
2023,Reylin Perez,DET,CPX,18,35,105,123,16,11,1,2,2,24,15,16,0,42,1,0,1,0,8,2,0.152380952,sa3019204
2024,Reylin Perez,DET,CPX,19,48,148,178,32,22,6,1,3,27,20,25,0,54,1,3,1,0,15,2,0.216216216,sa3019204
2024,Yohander Linarez,BOS,CPX,19,35,107,116,22,18,3,0,1,9,12,8,0,32,1,0,0,0,2,0,0.205607476,sa3019212
2025,Yohander Linarez,BOS,CPX,20,14,36,42,12,9,2,0,1,7,9,6,0,4,0,0,0,1,4,2,0.333333333,sa3019212
2025,Johan Contreras,NYY,CPX,20,25,66,72,12,8,3,0,1,7,7,4,0,31,2,0,0,1,0,0,0.181818181,sa3019217
2024,Josnaider Orellana,ATL,CPX,19,22,58,65,9,9,0,0,0,3,5,7,0,17,0,0,0,0,1,0,0.155172413,sa3019404
2025,Josnaider Orellana,ATL,CPX,20,6,14,21,4,3,1,0,0,1,4,3,0,2,2,2,0,1,0,0,0.285714285,sa3019404
2026,Josnaider Orellana,BAL,CPX,21,10,19,21,7,6,1,0,0,1,5,1,0,6,0,1,0,0,0,0,0.368421052,sa3019404
2024,Roinny Aguiar,PIT,CPX,19,37,87,104,21,18,2,1,0,12,10,13,0,27,0,1,3,1,7,3,0.24137931,sa3019439
2025,Roinny Aguiar,PIT,CPX,20,23,39,54,7,7,0,0,0,9,4,13,0,9,0,0,2,0,4,1,0.179487179,sa3019439
2023,Jorgelys Mota,WSN,CPX,18,28,85,98,27,19,5,2,1,22,21,9,0,31,3,1,0,0,1,2,0.317647058,sa3019465
2024,Jorgelys Mota,WSN,CPX,19,43,162,181,31,25,3,0,3,17,17,13,0,60,5,1,0,3,12,5,0.191358024,sa3019465
2022,Luis Jose,ATL,CPX,19,24,64,73,10,7,3,0,0,2,5,9,0,29,0,0,0,0,1,1,0.15625,sa3019493
2022,Albert Millan,TOR,CPX,17,11,20,25,1,1,0,0,0,1,0,3,0,6,2,0,0,0,0,0,0.05,sa3019496
2022,Alex Rodriguez,MIN,CPX,23,10,21,26,2,1,0,0,1,4,2,4,0,10,1,0,0,0,0,0,0.095238095,sa3019507
2024,Elis Cuevas,BAL,CPX,19,56,159,195,43,31,5,1,6,37,23,21,0,25,9,2,1,0,33,7,0.270440251,sa3019509
2025,Roiner Quintana,HOU,CPX,20,24,66,79,18,13,4,1,0,15,9,11,0,14,2,0,0,1,3,4,0.272727272,sa3019510
2026,Roiner Quintana,HOU,CPX,21,12,28,34,5,4,0,0,1,4,5,4,0,9,1,1,0,2,5,0,0.178571428,sa3019510
2022,Won-Bin Cho,STL,CPX,18,26,76,100,16,11,3,1,1,10,3,20,0,27,4,0,0,0,6,4,0.210526315,sa3019526
2023,Enmanuel Martinez,BOS,CPX,19,12,26,30,4,3,0,1,0,1,4,3,0,4,0,1,0,1,1,0,0.153846153,sa3019543
2024,Larry Martinez,TBR,CPX,18,44,149,176,44,35,7,2,0,25,24,16,0,10,10,1,0,6,3,1,0.295302013,sa3019551
2023,Yasser Mercedes,MIN,CPX,18,25,97,105,19,10,4,1,4,14,17,6,0,23,1,1,0,2,6,1,0.195876288,sa3019557
2024,Yasser Mercedes,MIN,CPX,19,51,169,195,56,30,18,2,6,34,24,24,0,39,2,0,0,2,18,5,0.331360946,sa3019557
2025,Yasser Mercedes,MIN,CPX,20,5,17,21,8,4,3,0,1,4,6,2,0,4,2,0,0,1,2,2,0.470588235,sa3019557
2024,Greyber Altamirano,MIA,CPX,19,36,93,106,11,6,2,3,0,9,15,11,0,27,2,0,0,0,2,0,0.118279569,sa3019570
2024,Gregory Mota,MIA,CPX,19,10,19,20,3,3,0,0,0,3,1,0,0,12,1,0,0,0,1,0,0.157894736,sa3019602
2024,Yoffry Solano,MIA,CPX,19,40,149,165,40,27,10,3,0,22,19,12,0,17,2,2,0,2,12,4,0.268456375,sa3019638
2025,Yoffry Solano,MIA,CPX,20,39,136,159,38,30,4,3,1,25,13,18,0,26,5,0,0,1,8,2,0.279411764,sa3019638
2025,Darwin De Leon,HOU,CPX,21,19,48,62,13,9,3,1,0,11,7,12,0,10,0,0,0,0,2,2,0.270833333,sa3019665
2023,Roderick Arias,NYY,CPX,18,27,101,130,27,17,2,2,6,32,26,27,0,29,1,1,0,0,17,6,0.267326732,sa3019674
2023,Douglas Glod,ATL,CPX,18,47,161,207,36,20,9,2,5,29,25,38,0,64,6,2,0,4,6,3,0.223602484,sa3019685
2024,Douglas Glod,ATL,CPX,19,46,135,171,26,18,4,2,2,17,16,34,0,62,1,1,0,3,0,3,0.192592592,sa3019685
2024,Railin Tejada,TOR,CPX,19,30,73,94,11,9,1,1,0,13,2,15,0,27,5,1,0,1,1,0,0.150684931,sa3019686
2024,Tony Blanco Jr.,PIT,CPX,19,30,95,109,29,19,5,1,4,10,17,12,0,31,1,1,0,2,1,0,0.305263157,sa3019722
2024,Carlos Cauro,HOU,CPX,19,40,110,125,28,20,4,0,4,9,17,12,1,30,2,1,0,4,2,2,0.254545454,sa3019763
2024,Keduar Trujillo,HOU,CPX,20,34,81,94,22,14,7,0,1,10,9,10,0,14,2,1,0,1,0,0,0.271604938,sa3019764
2024,Andrews Sosa,HOU,CPX,19,16,37,42,6,5,1,0,0,2,4,2,0,9,2,1,0,1,0,0,0.162162162,sa3019765
2025,Andrews Sosa,HOU,CPX,20,27,69,80,15,9,4,1,1,9,10,9,0,27,1,1,0,1,1,0,0.217391304,sa3019765
2024,Luis Colon,HOU,CPX,20,24,65,71,9,7,1,1,0,12,1,5,0,26,0,0,1,0,5,0,0.138461538,sa3019798
2023,Zion Pettigrew,WSN,CPX,24,10,32,39,10,7,2,0,1,7,5,6,0,7,1,0,0,0,4,0,0.3125,sa3019822
2022,Cory Acton,ATL,CPX,23,12,32,40,7,5,2,0,0,7,3,8,0,14,0,0,0,0,0,2,0.21875,sa3019887
2022,Kevin Kilpatrick Jr.,ATL,CPX,21,10,25,29,8,6,2,0,0,3,0,4,0,7,0,0,0,0,3,0,0.32,sa3019891
2022,Ambioris Tavarez,ATL,CPX,18,17,65,69,18,13,4,0,1,12,8,3,0,28,0,1,0,0,3,1,0.276923076,sa3019895
2022,Bryson Worrell,ATL,CPX,23,10,27,33,9,5,2,2,0,1,8,5,0,9,1,0,0,0,0,1,0.333333333,sa3019897
2022,Christian Jackson,ATL,CPX,18,9,27,30,4,3,1,0,0,2,3,2,0,14,0,0,0,0,1,0,0.148148148,sa3019898
2023,Christian Jackson,ATL,CPX,19,18,43,53,5,5,0,0,0,2,2,6,0,15,2,1,0,1,3,0,0.116279069,sa3019898
2022,Noah Williams,ATL,CPX,18,10,30,34,7,6,1,0,0,1,1,4,0,13,0,0,0,0,2,0,0.233333333,sa3019909
2023,Noah Williams,ATL,CPX,19,32,91,112,15,12,3,0,0,10,8,16,0,24,3,2,0,1,4,2,0.164835164,sa3019909
2024,Noah Williams,ATL,CPX,20,8,21,26,4,2,0,1,1,3,5,4,0,6,1,0,0,0,0,0,0.19047619,sa3019909
2022,Brett Roberts,MIA,CPX,21,13,43,48,11,7,1,0,3,7,9,5,0,8,0,0,0,1,1,0,0.255813953,sa3019926
2022,John McHenry,WSN,CPX,21,9,26,31,4,4,0,0,0,4,1,4,0,5,1,0,0,0,1,0,0.153846153,sa3019938
2022,Andrew Jenkins,DET,CPX,21,9,32,40,8,5,2,1,0,3,3,5,0,6,3,0,0,0,0,0,0.25,sa3019979
2024,Anthony Hall,NYY,CPX,23,8,30,35,12,8,2,0,2,7,8,5,0,9,0,0,0,0,2,0,0.4,sa3019987
2023,Carmine Lane,MIA,CPX,22,23,58,77,20,18,2,0,0,15,4,17,0,9,1,0,0,1,0,0,0.344827586,sa3019989
2022,Maxwell Costes,BAL,CPX,22,9,25,34,6,6,0,0,0,4,0,9,0,2,0,0,0,3,1,0,0.24,sa3020001
2022,Beau Brewer,NYY,CPX,20,9,29,31,6,4,2,0,0,2,5,2,0,2,0,0,0,1,0,0,0.206896551,sa3020013
2022,Ty Penner,PHI,CPX,22,10,31,34,4,2,1,0,1,5,3,3,0,7,0,0,0,0,0,0,0.129032258,sa3020086
2023,Ty Penner,PHI,CPX,23,14,42,58,12,9,2,0,1,9,5,13,0,10,2,1,0,0,0,0,0.285714285,sa3020086
2022,Cole Moore,PHI,CPX,23,12,34,41,7,3,3,0,1,4,7,7,0,8,0,0,0,0,0,0,0.205882352,sa3020088
2022,Gustavo Sosa,PHI,CPX,20,9,15,22,2,1,1,0,0,2,2,4,0,3,1,2,0,0,0,0,0.133333333,sa3020089
2023,Gustavo Sosa,PHI,CPX,21,22,67,74,16,10,3,0,3,8,13,6,0,24,1,0,0,2,1,0,0.23880597,sa3020089
2022,Josh Zamora,MIA,CPX,23,7,16,22,3,3,0,0,0,1,5,4,0,3,2,0,0,0,0,1,0.1875,sa3020092
2022,Harrison Spohn,MIA,CPX,23,9,28,32,4,1,2,0,1,3,2,4,0,7,0,0,0,0,0,0,0.142857142,sa3020093
2022,Dakota Kotowski,PHI,CPX,22,11,31,35,15,10,4,1,0,8,7,3,0,10,1,0,0,1,1,0,0.483870967,sa3020094
2023,Dakota Kotowski,PHI,CPX,23,42,150,179,43,19,8,1,15,38,34,22,0,50,6,1,0,1,7,1,0.286666666,sa3020094
2025,Daniel Silva,NYM,CPX,20,29,69,92,13,7,4,0,2,10,9,21,0,24,2,0,0,0,0,0,0.188405797,sa3020098
2022,Jordan Dissin,PHI,CPX,20,10,17,24,6,6,0,0,0,3,0,5,0,6,2,0,0,0,0,0,0.352941176,sa3020100
2024,Jancel Villarroel,HOU,CPX,19,22,67,82,19,12,3,2,2,11,13,11,0,14,4,0,0,1,4,3,0.283582089,sa3020102
2022,Ryan Clifford,HOU,CPX,18,13,36,50,8,4,3,0,1,8,5,12,0,16,2,0,0,1,2,0,0.222222222,sa3020126
2022,Tucker Toman,TOR,CPX,18,11,38,46,11,8,3,0,0,4,5,7,0,12,0,1,0,0,0,0,0.289473684,sa3020132
2022,Jett Williams,NYM,CPX,18,10,32,41,8,5,1,1,1,7,6,4,0,6,3,2,0,0,6,0,0.25,sa3020134
2023,Sammy Hernandez,STL,CPX,19,6,16,21,4,1,0,1,2,4,4,5,0,2,0,0,0,0,0,0,0.25,sa3020141
2023,Sammy Hernandez,TOR,CPX,19,14,46,55,12,5,5,1,1,14,8,3,0,14,6,0,0,0,1,0,0.260869565,sa3020141
2022,Brock Jones,TBR,CPX,21,6,19,24,4,4,0,0,0,4,2,5,0,6,0,0,0,0,2,2,0.210526315,sa3020190
2022,Tim Borden II,HOU,CPX,22,11,27,37,7,6,1,0,0,9,4,7,0,8,2,1,0,1,3,0,0.259259259,sa3020193
2022,Dom Keegan,TBR,CPX,21,6,17,20,7,3,4,0,0,2,5,3,0,4,0,0,0,0,1,0,0.411764705,sa3020194
2025,Dom Keegan,TBR,CPX,24,8,24,32,7,3,2,0,2,7,4,8,0,6,0,0,0,1,0,1,0.291666666,sa3020194
2022,Blake Klassen,WSN,CPX,21,7,24,27,5,4,1,0,0,5,3,3,0,7,0,0,0,0,0,1,0.208333333,sa3020198
2023,Blake Klassen,WSN,CPX,22,21,65,84,22,10,9,1,2,17,18,16,1,7,2,1,0,2,1,1,0.338461538,sa3020198
2022,Kamren James,TBR,CPX,22,7,20,25,4,4,0,0,0,3,3,2,0,6,1,2,0,1,2,0,0.2,sa3020201
2022,Ryan Cermak,TBR,CPX,21,7,22,24,6,3,0,1,2,5,5,1,0,9,1,0,0,0,3,0,0.272727272,sa3020204
2024,Ryan Cermak,TBR,CPX,23,7,20,29,6,2,3,0,1,9,3,7,0,6,2,0,0,0,3,1,0.3,sa3020204
2025,Ryan Cermak,TBR,CPX,24,5,19,22,9,1,5,0,3,10,8,2,0,1,1,0,0,0,1,0,0.47368421,sa3020204
2022,Jalen Battles,TBR,CPX,22,5,20,20,4,4,0,0,0,3,1,0,0,2,0,0,0,1,1,0,0.2,sa3020205
2022,Nathaniel Ochoa Leyva,WSN,CPX,18,6,18,24,3,3,0,0,0,3,1,5,0,8,1,0,0,0,0,0,0.166666666,sa3020207
2023,Nathaniel Ochoa Leyva,WSN,CPX,19,28,93,107,27,22,3,2,0,18,9,12,0,34,0,0,2,3,2,0,0.29032258,sa3020207
2022,Elijah Green,WSN,CPX,18,12,43,52,13,7,4,0,2,9,9,6,0,21,2,1,0,0,1,0,0.302325581,sa3020210
2023,Elijah Green,WSN,CPX,19,8,22,29,7,4,1,1,1,9,3,7,0,11,0,0,0,1,1,0,0.318181818,sa3020210
2025,Elijah Green,WSN,CPX,21,20,64,78,20,11,4,0,5,16,8,14,0,24,0,0,0,1,6,0,0.3125,sa3020210
2022,Harry Owen,ATL,CPX,20,7,18,22,4,3,0,0,1,2,1,4,0,2,0,0,0,2,0,0,0.222222222,sa3020213
2023,Harry Owen,ATL,CPX,21,20,57,75,13,11,2,0,0,6,11,12,0,16,5,1,0,1,1,0,0.228070175,sa3020213
2024,Harry Owen,ATL,CPX,22,7,25,26,3,3,0,0,0,1,3,1,0,6,0,0,0,0,0,0,0.12,sa3020213
2022,Termarr Johnson,PIT,CPX,18,9,23,29,3,1,2,0,0,0,0,6,0,8,0,0,0,0,2,0,0.130434782,sa3020214
2022,Mikey Romero,BOS,CPX,18,10,36,43,9,5,3,0,1,5,6,7,0,4,0,0,0,1,1,0,0.25,sa3020216
2023,Mikey Romero,BOS,CPX,19,8,24,29,6,5,1,0,0,4,4,5,0,4,0,0,0,1,0,0,0.25,sa3020216
2022,Brenner Cox,WSN,CPX,18,10,35,42,10,8,1,0,1,4,5,5,0,14,0,1,0,0,2,0,0.285714285,sa3020217
2023,Brenner Cox,WSN,CPX,19,24,75,93,11,8,1,2,0,14,7,15,0,36,3,0,0,0,4,1,0.146666666,sa3020217
2023,Everett Cooper III,WSN,CPX,19,28,75,87,28,26,2,0,0,18,9,9,0,10,3,0,0,3,6,3,0.373333333,sa3020218
2022,Bryan Rincon,PHI,CPX,18,12,34,42,6,2,2,0,2,7,9,6,0,7,1,0,1,0,4,0,0.176470588,sa3020221
2022,Ezra Farmer,PHI,CPX,19,8,18,21,2,1,1,0,0,3,3,2,0,11,1,0,0,2,1,1,0.111111111,sa3020245
2023,Ezra Farmer,PHI,CPX,20,12,30,41,5,3,2,0,0,7,4,9,0,13,2,0,0,1,1,0,0.166666666,sa3020245
2024,Ezra Farmer,PHI,CPX,21,26,63,77,18,16,2,0,0,6,9,13,0,24,0,1,0,3,3,2,0.285714285,sa3020245
2023,Maxwell Romero Jr.,WSN,CPX,22,9,28,33,8,5,3,0,0,2,8,4,0,9,0,1,0,2,0,0,0.285714285,sa3020271
2023,Murphy Stehly,WSN,CPX,24,7,21,26,5,4,1,0,0,5,3,4,0,4,1,0,0,0,2,1,0.238095238,sa3020276
2022,Cutter Coffey,BOS,CPX,18,11,32,40,4,3,1,0,0,7,0,7,0,11,1,0,0,0,1,0,0.125,sa3020280
2022,Emaarion Boyd,PHI,CPX,18,9,29,36,10,9,1,0,0,6,2,5,0,5,2,0,0,0,7,2,0.344827586,sa3020281
2024,Juanfel Peguero,TBR,CPX,19,46,129,161,29,26,3,0,0,26,23,27,0,41,2,1,2,3,7,8,0.224806201,sa3020282
2025,Juanfel Peguero,TBR,CPX,20,23,62,75,17,15,2,0,0,9,10,10,0,9,2,0,1,4,0,1,0.274193548,sa3020282
2026,Juanfel Peguero,TBR,CPX,21,9,27,32,6,6,0,0,0,6,5,4,0,4,0,0,1,2,2,1,0.222222222,sa3020282
2023,Tyler Baca,WSN,CPX,23,18,39,50,10,9,1,0,0,9,5,8,0,9,2,1,0,1,0,0,0.256410256,sa3020347
2022,Jacob Reimer,NYM,CPX,18,7,23,29,6,4,0,1,1,5,7,6,0,3,0,0,0,1,0,0,0.260869565,sa3020416
2023,Brooks Brannon,BOS,CPX,19,11,48,52,12,5,3,1,3,8,14,3,0,12,0,0,1,1,0,0,0.25,sa3020417
2024,Brooks Brannon,BOS,CPX,20,8,23,27,4,4,0,0,0,3,1,4,0,10,0,0,0,0,1,0,0.173913043,sa3020417
2022,John Garcia,HOU,CPX,21,8,22,27,0,0,0,0,0,1,0,3,0,7,2,0,0,1,0,1,0,sa3020419
2023,Jankel Ortiz,MIN,CPX,19,34,79,98,14,9,2,1,2,16,5,13,0,31,4,1,1,1,2,2,0.177215189,sa3020496
2022,Xavier Isaac,TBR,CPX,18,5,19,21,4,1,3,0,0,4,5,2,0,3,0,0,0,0,0,0,0.210526315,sa3020498
2022,Dom Johnson,DET,CPX,21,5,22,24,1,1,0,0,0,1,0,1,0,8,1,0,0,1,0,0,0.045454545,sa3020537
2023,Tyler Johnson,DET,CPX,23,14,34,40,7,2,3,0,2,4,10,5,0,17,1,0,0,1,1,0,0.205882352,sa3020539
2023,Alonzo Rubalcaba,DET,CPX,23,12,34,42,8,5,2,0,1,6,8,7,0,11,1,0,0,0,0,0,0.235294117,sa3020602
2024,Brando Mayea,NYY,CPX,18,35,135,154,38,34,2,2,0,23,9,16,0,43,3,0,0,4,19,3,0.281481481,sa3020679
2025,Brando Mayea,NYY,CPX,19,20,74,84,22,14,4,1,3,19,9,6,0,19,3,0,0,2,4,3,0.297297297,sa3020679
2024,Enmanuel Bonilla,TOR,CPX,18,53,194,214,36,24,6,2,4,26,21,13,0,76,6,1,0,4,3,2,0.18556701,sa3020684
2025,Enmanuel Bonilla,TOR,CPX,19,55,188,217,35,26,4,1,4,25,22,17,0,59,4,6,1,6,9,4,0.186170212,sa3020684
2024,Gabriel Rincones Jr.,PHI,CPX,23,9,30,36,5,4,1,0,0,6,3,4,0,8,1,1,0,0,3,0,0.166666666,sa3020758
2024,Luis Guanipa,ATL,CPX,18,20,71,81,20,14,2,2,2,14,9,7,0,10,1,2,0,2,4,0,0.28169014,sa3020884
2025,Luis Guanipa,ATL,CPX,19,6,18,24,4,2,2,0,0,4,2,5,0,6,1,0,0,0,0,0,0.222222222,sa3020884
2023,Josiah Sightler,PIT,CPX,23,6,22,27,5,4,0,0,1,7,4,4,0,3,1,0,0,0,0,0,0.227272727,sa3021047
2023,Omari Daniel,MIN,CPX,19,17,44,60,9,5,4,0,0,11,8,14,0,12,2,0,0,1,4,2,0.204545454,sa3021050
2024,Omari Daniel,MIN,CPX,20,27,62,73,12,8,3,0,1,18,6,9,0,24,1,1,0,1,7,1,0.193548387,sa3021050
2025,Xavier Guillen,TBR,CPX,20,22,42,55,12,9,1,2,0,10,5,11,0,13,1,1,0,0,5,1,0.285714285,sa3021060
2025,Luis Escudero,NYY,CPX,19,52,156,189,33,25,3,2,3,31,20,30,0,28,0,3,0,3,13,5,0.211538461,sa3021063
2026,Luis Escudero,NYY,CPX,20,6,18,25,4,3,0,0,1,3,2,6,0,5,1,0,0,0,4,0,0.222222222,sa3021063
2025,Yoerny Junco,STL,CPX,20,33,99,118,22,15,6,1,0,14,14,18,0,28,1,0,0,3,7,4,0.222222222,sa3021065
2024,Starlyn Caba,PHI,CPX,18,52,173,225,44,35,6,1,2,44,17,51,0,34,1,0,0,0,37,8,0.25433526,sa3021070
2024,Ariel Castro,MIN,CPX,18,36,113,134,23,15,4,0,4,16,25,16,0,41,4,1,0,0,5,3,0.203539823,sa3021071
2025,Ariel Castro,MIN,CPX,19,41,96,117,10,3,2,2,3,10,14,13,0,43,7,1,0,1,3,2,0.104166666,sa3021071
2024,Brailer Guerrero,TBR,CPX,18,28,103,126,34,26,4,2,2,17,18,22,0,32,1,0,0,1,13,3,0.330097087,sa3021072
2024,Camilo Diaz,HOU,CPX,18,43,138,168,26,18,2,4,2,22,9,28,0,69,2,0,0,1,16,3,0.188405797,sa3021074
2024,Luis Almeyda,BAL,CPX,18,53,155,190,31,24,1,1,5,20,23,31,0,49,2,2,0,0,12,5,0.2,sa3021081
2025,Luis Almeyda,BAL,CPX,19,20,61,71,15,8,6,1,0,10,18,8,0,14,2,0,0,2,6,1,0.245901639,sa3021081
2024,Esmil Valencia,HOU,CPX,18,41,149,160,43,36,3,2,2,21,18,5,0,28,5,1,0,2,16,5,0.288590604,sa3021082
2024,Yoeilin Cespedes,BOS,CPX,18,25,91,105,29,13,10,1,5,20,24,12,0,19,1,1,0,2,3,1,0.318681318,sa3021085
2024,Daiverson Gutierrez,NYM,CPX,18,15,41,54,13,8,3,0,2,7,6,9,0,4,3,1,0,2,0,0,0.31707317,sa3021086
2025,Carlos Silva,MIN,CPX,19,16,37,54,6,3,2,0,1,4,8,10,0,11,3,3,1,0,0,0,0.162162162,sa3021090
2024,Enrique Jimenez,DET,CPX,18,43,149,183,36,23,9,1,3,23,22,28,0,44,3,3,0,3,5,2,0.241610738,sa3021091
2025,Enrique Jimenez,DET,CPX,19,48,168,192,42,24,10,2,6,27,32,23,0,42,0,1,0,0,4,1,0.25,sa3021091
2024,German Ramirez,HOU,CPX,17,48,164,187,37,31,4,1,1,21,18,19,0,53,2,2,0,4,10,10,0.225609756,sa3021092
2025,German Ramirez,HOU,CPX,18,48,163,191,40,22,11,4,3,26,29,20,1,41,5,3,0,7,4,2,0.245398773,sa3021092
2024,Hendry Chivilli,MIN,CPX,18,46,135,159,28,18,10,0,0,23,11,17,0,48,5,2,0,0,15,6,0.207407407,sa3021095
2025,Manuel Cabrera,WSN,CPX,19,37,100,115,22,19,2,0,1,9,13,11,0,41,4,0,0,0,2,0,0.22,sa3021096
2025,Maikol Orozco,DET,CPX,19,36,106,132,24,14,6,2,2,17,19,17,0,37,6,3,0,5,2,1,0.226415094,sa3021098
2026,Maikol Orozco,DET,CPX,20,19,56,65,18,15,3,0,0,8,9,7,0,16,1,1,0,2,1,1,0.321428571,sa3021098
2024,Andy Acevedo,WSN,CPX,18,29,82,97,14,13,1,0,0,6,4,12,0,23,2,0,1,0,11,0,0.170731707,sa3021099
2025,Andy Acevedo,WSN,CPX,19,40,85,115,16,14,2,0,0,14,12,19,0,37,7,0,4,1,9,6,0.188235294,sa3021099
2024,Jeremy Rodriguez,NYM,CPX,17,50,195,217,55,40,10,2,3,25,20,21,0,37,1,0,0,3,17,8,0.282051282,sa3021101
2026,Jeremy Rodriguez,NYM,CPX,19,8,30,34,9,7,0,1,1,3,7,4,0,7,0,0,0,0,3,1,0.3,sa3021101
2024,Anibal Salas,DET,CPX,18,39,133,160,26,18,3,1,4,23,18,23,0,48,4,0,0,1,3,0,0.195488721,sa3021102
2025,Anibal Salas,DET,CPX,19,47,151,182,35,21,7,3,4,29,19,23,0,49,6,2,0,2,8,2,0.231788079,sa3021102
2025,Randy Guzman,NYM,CPX,20,49,156,178,44,28,9,0,7,18,33,15,0,33,7,0,0,2,0,3,0.282051282,sa3021106
2024,Daniel Perez,TOR,CPX,22,12,31,36,5,3,1,0,1,4,2,5,0,14,0,0,0,0,1,2,0.161290322,sa3021117
2025,Juan Rosas,TOR,CPX,19,27,71,81,12,9,3,0,0,3,3,8,0,25,2,0,0,1,0,1,0.169014084,sa3021125
2024,Adrian Meza,TOR,CPX,19,37,106,128,19,17,2,0,0,15,5,15,0,20,7,0,0,3,3,2,0.179245283,sa3021127
2024,David Guzman,TOR,CPX,18,34,94,115,21,16,5,0,0,6,8,18,0,20,1,2,0,1,0,0,0.223404255,sa3021135
2025,Wilian Trinidad,TBR,CPX,19,19,54,59,11,9,2,0,0,5,6,4,0,17,0,0,1,2,2,0,0.203703703,sa3021139
2025,Sandro Pereira,HOU,CPX,19,19,56,76,12,9,2,1,0,15,14,12,0,15,7,1,0,1,7,4,0.214285714,sa3021140
2025,Juan Sierra,HOU,CPX,19,31,97,122,28,21,5,0,2,17,18,19,1,26,2,4,0,1,1,2,0.288659793,sa3021146
2025,Jonathan Rivero,PIT,CPX,19,42,128,156,23,17,4,1,1,15,11,23,0,43,3,2,0,1,2,1,0.1796875,sa3021150
2026,Jonathan Rivero,PIT,CPX,20,11,39,45,10,6,3,1,0,7,10,6,0,5,0,0,0,2,0,0,0.256410256,sa3021150
2024,Juan Hernandez,DET,CPX,18,48,153,176,37,28,5,1,3,26,22,17,1,41,6,0,0,3,3,1,0.241830065,sa3021152
2025,Juan Hernandez,DET,CPX,19,44,136,159,36,31,5,0,0,18,13,15,0,35,5,3,0,2,9,3,0.264705882,sa3021152
2024,Luis Vicioso,BAL,CPX,21,33,73,83,16,14,1,1,0,9,5,9,0,22,1,0,0,4,2,2,0.219178082,sa3021157
2024,Branny De Oleo,NYM,CPX,19,42,139,155,29,22,3,2,2,16,14,11,0,35,4,1,0,1,4,4,0.208633093,sa3021160
2025,Branny De Oleo,NYM,CPX,20,44,124,141,24,16,5,2,1,18,13,16,0,26,1,0,0,2,16,2,0.193548387,sa3021160
2025,Vladi Gomez,NYM,CPX,19,46,122,152,21,18,1,1,1,28,8,26,0,33,2,1,1,0,19,3,0.172131147,sa3021165
2026,Vladi Gomez,NYM,CPX,20,14,26,37,8,4,2,2,0,10,4,7,0,7,4,0,0,0,8,1,0.307692307,sa3021165
2025,Jose Mejia,BAL,CPX,19,47,124,158,34,22,9,1,2,22,23,26,0,16,6,2,0,3,6,5,0.274193548,sa3021169
2024,Andruw Musett,BOS,CPX,18,46,137,172,35,25,8,0,2,25,20,30,0,23,3,2,0,3,1,1,0.255474452,sa3021175
2025,Gabriel Lara,NYY,CPX,19,35,101,109,28,20,5,1,2,17,15,5,0,26,1,2,0,3,4,5,0.277227722,sa3021177
2026,Gabriel Lara,NYY,CPX,20,6,18,24,4,2,1,0,1,5,3,5,0,9,1,0,0,0,2,1,0.222222222,sa3021177
2025,Hancel Almonte,STL,CPX,19,42,124,145,18,13,5,0,0,10,14,14,0,63,4,3,0,1,6,0,0.14516129,sa3021179
2025,Felix Amparo,BAL,CPX,19,41,104,122,27,22,3,1,1,25,20,17,0,15,0,0,1,1,10,2,0.259615384,sa3021180
2025,Bracewell Taveras,STL,CPX,19,51,177,195,45,36,8,0,1,24,18,14,0,46,3,1,0,2,13,0,0.254237288,sa3021193
2026,Bracewell Taveras,STL,CPX,20,18,55,59,8,3,4,0,1,7,5,2,0,17,2,0,0,0,1,0,0.145454545,sa3021193
2024,Joshua Liranzo,BAL,CPX,17,31,91,109,20,16,4,0,0,12,5,18,0,30,0,0,0,2,4,1,0.219780219,sa3021198
2025,Joshua Liranzo,BAL,CPX,18,24,72,94,21,16,2,2,1,13,10,18,0,19,3,0,1,2,3,5,0.291666666,sa3021198
2024,Raimundo De Los Santos,BOS,CPX,19,46,151,182,35,28,7,0,0,27,7,30,0,49,1,0,0,2,28,8,0.231788079,sa3021202
2025,Raimundo De Los Santos,TOR,CPX,20,50,144,170,39,33,5,1,0,26,14,26,0,33,0,0,0,2,11,5,0.270833333,sa3021202
2025,Omar Urbina,BAL,CPX,19,26,61,74,16,12,2,1,1,14,5,10,0,15,1,2,0,0,0,0,0.262295081,sa3021204
2025,Alfredo Rodriguez,TBR,CPX,19,24,61,68,13,8,3,0,2,9,12,7,0,17,0,0,0,2,0,1,0.213114754,sa3021207
2026,Alfredo Rodriguez,TBR,CPX,20,8,17,21,3,2,1,0,0,3,4,2,0,8,2,0,0,0,0,0,0.176470588,sa3021207
2024,Carlos Tavares,WSN,CPX,18,30,87,115,24,10,13,0,1,15,18,23,0,22,0,5,0,4,0,0,0.275862068,sa3021209
2026,Carlos Tavares,WSN,CPX,20,15,41,48,7,2,3,0,2,6,7,6,0,13,0,1,0,1,0,0,0.170731707,sa3021209
2024,Yirer Garcia,TBR,CPX,18,48,155,192,37,29,7,0,1,35,16,27,0,25,6,2,1,3,4,2,0.238709677,sa3021211
2025,Yirer Garcia,TBR,CPX,19,11,23,35,11,10,1,0,0,3,9,8,0,2,2,1,1,0,3,1,0.478260869,sa3021211
2024,Gabriel Terrero,NYY,CPX,18,46,125,158,32,24,5,1,2,29,20,28,0,27,2,3,0,7,14,0,0.256,sa3021213
2025,Gabriel Terrero,NYY,CPX,19,36,101,111,28,19,5,1,3,9,21,8,0,26,1,1,0,1,9,1,0.277227722,sa3021213
2024,Starlyn Nunez,BOS,CPX,18,35,114,134,26,13,8,2,3,20,25,15,0,24,2,3,0,1,5,1,0.228070175,sa3021216
2024,Carlos Batista,WSN,CPX,18,37,100,123,14,11,0,0,3,16,11,18,0,53,1,2,2,0,12,2,0.14,sa3021217
2025,Carlos Batista,WSN,CPX,19,35,86,105,12,10,2,0,0,12,3,11,0,39,5,1,2,0,2,1,0.139534883,sa3021217
2026,Kleiver Chauran,TBR,CPX,20,20,66,83,16,11,1,3,1,19,12,16,0,18,1,0,0,0,6,1,0.242424242,sa3021221
2024,Jose Monzon,TBR,CPX,18,54,190,225,48,37,8,2,1,36,18,34,0,38,1,0,0,1,11,5,0.252631578,sa3021222
2025,Jose Tovar,TBR,CPX,19,39,120,146,20,12,6,2,0,21,12,24,0,34,0,0,2,3,2,1,0.166666666,sa3021223
2026,Jose Tovar,TBR,CPX,20,11,25,31,4,2,2,0,0,3,5,5,0,6,0,0,1,2,0,0,0.16,sa3021223
2024,Carlos Monteverde,ATL,CPX,18,10,30,37,12,8,4,0,0,3,4,7,0,4,0,0,0,1,0,0,0.4,sa3021224
2025,Carlos Monteverde,ATL,CPX,19,35,104,127,21,17,3,0,1,10,16,19,1,30,4,0,0,4,1,0,0.201923076,sa3021224
2025,Alfonzo Martinez,TBR,CPX,19,45,173,189,41,34,5,1,1,27,26,10,0,37,3,3,0,5,7,6,0.236994219,sa3021225
2026,Alfonzo Martinez,TBR,CPX,20,13,26,36,3,1,2,0,0,4,2,7,0,7,3,0,0,3,1,0,0.115384615,sa3021225
2024,Miguel Rodriguez,BAL,CPX,18,49,133,162,41,32,6,0,3,26,15,20,0,18,6,1,1,3,3,4,0.308270676,sa3021226
2026,Miguel Rodriguez,BAL,CPX,20,8,26,29,5,2,3,0,0,3,3,3,0,1,0,0,0,0,0,0,0.192307692,sa3021226
2025,Facundo Velasquez,STL,CPX,19,49,152,191,28,19,7,2,0,30,9,37,0,73,2,0,0,2,12,6,0.184210526,sa3021227
2024,Elian Soto,WSN,CPX,18,41,114,146,20,15,4,1,0,17,8,27,0,51,4,1,0,3,0,0,0.175438596,sa3021228
2025,Elian Soto,WSN,CPX,19,49,144,179,20,10,6,0,4,25,19,30,0,59,5,0,0,3,2,2,0.138888888,sa3021228
2026,Elian Soto,WSN,CPX,20,10,23,30,3,1,1,0,1,4,3,6,0,9,1,0,0,2,0,0,0.130434782,sa3021228
2025,Victor Cardoza,PHI,CPX,19,46,158,174,35,23,8,1,3,18,15,13,0,55,2,1,0,1,6,2,0.221518987,sa3021230
2026,Victor Cardoza,PHI,CPX,20,11,40,46,14,11,0,1,2,4,13,3,0,5,0,3,0,0,0,1,0.35,sa3021230
2025,Cristian Jauregui,PIT,CPX,19,39,98,121,21,15,4,2,0,15,9,18,0,25,5,0,0,1,10,1,0.214285714,sa3021231
2024,Julio Zayas,NYM,CPX,18,35,109,131,26,19,3,1,3,16,17,18,0,22,2,1,0,1,0,0,0.23853211,sa3021234
2025,Julio Zayas,NYM,CPX,19,48,141,173,40,30,9,0,1,14,18,22,0,24,6,1,0,3,0,0,0.283687943,sa3021234
2026,Heriberto Rincon,NYM,CPX,20,18,61,66,16,11,2,0,3,9,14,3,0,14,1,1,0,1,9,1,0.262295081,sa3021238
2025,Juan Ortega,BAL,CPX,19,41,110,136,29,20,3,2,4,22,19,21,0,30,4,1,0,1,11,4,0.263636363,sa3021239
2024,Kleyver Salazar,BOS,CPX,18,49,155,183,35,22,7,2,4,22,31,25,0,40,1,2,0,2,2,1,0.225806451,sa3021241
2024,Moises Lopez,MIN,CPX,18,26,52,68,6,4,0,0,2,9,9,15,0,26,1,0,0,0,0,2,0.115384615,sa3021247
2025,Jorge Julio,PHI,CPX,18,26,83,91,21,17,4,0,0,4,10,6,0,18,0,2,0,3,2,0,0.253012048,sa3021252
2025,Adriander Mejia,BAL,CPX,18,35,97,122,26,20,5,0,1,17,15,17,0,27,4,3,1,4,3,0,0.268041237,sa3021253
2026,Adriander Mejia,BAL,CPX,19,15,43,49,9,6,2,0,1,4,7,3,0,12,2,1,0,1,0,0,0.209302325,sa3021253
2026,Martin Tamara,DET,CPX,22,13,35,38,7,5,2,0,0,3,2,1,0,9,1,0,0,0,0,0,0.2,sa3021257
2026,Santiago Pinto,DET,CPX,20,16,47,50,11,8,2,0,1,8,5,3,0,15,0,0,0,0,3,0,0.234042553,sa3021265
2024,Roiber Niazoa,ATL,CPX,19,30,73,91,17,13,3,1,0,10,7,13,0,23,5,0,0,1,1,0,0.232876712,sa3021269
2025,Jaeden Calderon,PHI,CPX,19,12,34,41,8,5,3,0,0,4,1,7,0,9,0,0,0,0,3,0,0.235294117,sa3021274
2024,Carlos Cordero,ATL,CPX,18,18,47,51,8,7,0,1,0,3,5,3,0,13,1,0,0,1,1,1,0.170212765,sa3021275
2024,Fabian Lopez,MIA,CPX,18,50,196,214,40,27,8,3,2,32,19,16,0,56,1,1,0,0,20,3,0.204081632,sa3021276
2025,Fabian Lopez,MIA,CPX,19,44,134,151,29,20,7,1,1,12,19,12,0,56,3,2,0,1,6,1,0.21641791,sa3021276
2026,Fabian Lopez,MIA,CPX,20,9,18,21,2,1,1,0,0,3,3,2,0,5,0,0,1,0,0,0,0.111111111,sa3021276
2025,Andru Arthur,STL,CPX,19,41,117,156,21,16,4,0,1,21,9,30,0,48,9,0,0,0,13,3,0.179487179,sa3021277
2026,Andru Arthur,STL,CPX,20,12,21,26,2,1,1,0,0,1,4,4,0,7,0,1,0,1,0,1,0.095238095,sa3021277
2024,Andres Valor,MIA,CPX,18,54,197,227,57,40,10,5,2,42,28,20,0,57,8,2,0,0,35,4,0.289340101,sa3021278
2025,Jancory De La Cruz,MIA,CPX,19,39,130,156,27,20,3,1,3,19,15,24,1,49,1,1,0,3,4,3,0.207692307,sa3021280
2026,Jancory De La Cruz,MIA,CPX,20,13,32,36,2,1,1,0,0,4,1,4,0,17,0,0,0,0,0,1,0.0625,sa3021280
2024,John Gil,ATL,CPX,18,51,175,211,50,38,9,0,3,42,20,28,0,34,7,1,0,2,26,6,0.285714285,sa3021284
2025,Joseph Tailor,MIA,CPX,19,32,98,115,13,11,2,0,0,10,11,12,0,29,5,0,0,1,8,4,0.132653061,sa3021285
2026,Joseph Tailor,MIA,CPX,20,9,19,21,5,3,0,1,1,5,5,1,0,4,1,0,0,1,0,0,0.263157894,sa3021285
2024,Mario Baez,ATL,CPX,17,51,173,193,35,29,5,1,0,20,20,15,0,36,2,1,1,2,16,2,0.202312138,sa3021286
2025,Mario Baez,ATL,CPX,18,44,106,134,22,19,3,0,0,15,12,20,0,15,7,0,0,1,13,4,0.207547169,sa3021286
2026,Mario Baez,ATL,CPX,19,7,23,25,6,4,2,0,0,2,2,2,0,3,0,0,0,0,1,1,0.260869565,sa3021286
2024,John Estevez,ATL,CPX,18,52,150,196,30,18,8,3,1,24,21,38,0,49,4,4,0,3,7,3,0.2,sa3021287
2025,John Estevez,ATL,CPX,19,43,127,152,23,16,5,1,1,13,14,23,0,32,1,0,1,1,3,3,0.181102362,sa3021287
2026,John Estevez,ATL,CPX,20,7,13,23,2,1,1,0,0,3,1,8,0,4,1,1,0,0,2,0,0.153846153,sa3021287
2024,Frederik Jimenez,BOS,CPX,19,29,78,94,24,15,5,2,2,18,17,12,0,22,2,2,0,1,6,1,0.307692307,sa3021288
2024,Angel Nieblas,ATL,CPX,18,36,101,119,21,14,7,0,0,11,10,12,0,28,3,2,1,2,5,2,0.207920792,sa3021289
2025,Angel Nieblas,ATL,CPX,19,31,73,82,12,11,1,0,0,9,3,8,0,19,0,0,0,4,9,0,0.164383561,sa3021289
2025,Breyias Dean,MIA,CPX,19,38,123,137,27,16,6,1,4,13,21,10,0,42,3,1,0,3,2,2,0.219512195,sa3021294
2026,Breyias Dean,MIA,CPX,20,14,44,52,15,10,3,1,1,6,10,5,0,13,2,1,0,0,2,0,0.34090909,sa3021294
2026,Adrian Bello,MIA,CPX,20,9,26,30,9,7,1,0,1,4,4,4,0,7,0,0,0,1,4,0,0.346153846,sa3021303
2026,Luis Quesada,HOU,CPX,21,13,35,40,7,4,1,0,2,5,6,4,1,16,1,0,0,1,0,1,0.2,sa3021308
2025,Luis Puello,NYY,CPX,19,39,119,131,27,17,7,0,3,24,19,7,0,46,4,1,0,1,4,0,0.226890756,sa3021309
2026,Luis Puello,NYY,CPX,20,7,24,26,7,4,1,0,2,6,4,1,0,5,1,0,0,0,2,1,0.291666666,sa3021309
2025,Dashyll Tejeda,WSN,CPX,19,41,127,153,34,30,2,1,1,31,20,18,0,26,4,0,4,4,29,4,0.267716535,sa3021315
2024,Heriberto Caraballo,STL,CPX,19,36,114,134,17,13,2,0,2,16,8,13,0,27,6,1,0,3,0,0,0.149122807,sa3021317
2025,Heriberto Caraballo,STL,CPX,20,14,39,50,10,7,3,0,0,8,5,8,0,9,3,0,0,0,3,1,0.256410256,sa3021317
2024,Jayson Bass,MIN,CPX,18,51,156,174,43,33,7,2,1,25,26,17,0,36,0,1,0,3,8,5,0.275641025,sa3021323
2025,Jayson Bass,MIN,CPX,19,20,51,62,16,10,4,1,1,6,12,9,0,15,1,1,0,0,6,1,0.31372549,sa3021323
2026,Justin Ramirez,NYM,CPX,21,12,27,39,7,5,1,0,1,9,2,10,0,3,1,1,0,0,1,1,0.259259259,sa3021324
2024,Carlos Caro,PIT,CPX,19,42,131,156,40,28,8,2,2,31,17,22,0,24,2,1,0,0,9,3,0.305343511,sa3021325
2025,Carlos Caro,PIT,CPX,20,31,92,116,21,15,6,0,0,18,10,20,0,23,3,0,1,0,13,3,0.228260869,sa3021325
2025,Kevin Verde,NYY,CPX,19,45,136,146,26,19,5,0,2,14,21,7,0,25,1,2,0,6,6,0,0.19117647,sa3021326
2024,Edgleen Perez,NYY,CPX,18,51,166,216,47,36,8,1,2,35,24,45,0,35,4,1,0,9,4,1,0.28313253,sa3021330
2023,Bryant Zayas,BOS,CPX,19,31,91,103,22,17,3,1,1,16,14,8,0,34,0,3,1,2,13,3,0.241758241,sa3021580
2023,Deundre Jones,BOS,CPX,19,28,68,89,13,10,1,0,2,11,10,19,0,32,1,1,0,1,1,0,0.19117647,sa3021581
2023,Nick Peoples,WSN,CPX,18,32,87,104,15,9,2,0,4,12,16,10,1,44,5,2,0,0,1,0,0.172413793,sa3021582
2024,Nick Peoples,WSN,CPX,19,18,51,63,9,2,5,1,1,7,8,9,0,24,3,0,0,1,1,1,0.176470588,sa3021582
2024,Guillermo Rosario,PHI,CPX,19,51,169,201,40,25,9,2,4,29,27,24,0,55,4,4,0,5,2,1,0.23668639,sa3021586
2025,Guillermo Rosario,PHI,CPX,20,19,50,63,9,7,1,0,1,5,7,10,0,11,2,1,0,3,2,0,0.18,sa3021586
2026,Guillermo Rosario,PHI,CPX,21,13,41,52,9,5,3,0,1,5,8,9,0,16,2,0,0,0,0,0,0.219512195,sa3021586
2026,Esterling Rodriguez,PHI,CPX,20,14,44,52,12,9,2,1,0,7,6,5,0,12,1,1,1,1,0,2,0.272727272,sa3021599
2025,Junior Aybar,BAL,CPX,18,29,85,101,25,20,4,1,0,19,11,15,0,23,0,0,1,0,5,6,0.294117647,sa3021607
2025,Daniel Rojas,STL,CPX,19,40,126,139,27,24,1,0,2,14,10,10,0,34,1,1,0,2,14,5,0.214285714,sa3021613
2024,Gerardo Rodriguez,BOS,CPX,18,24,54,70,14,12,1,0,1,15,7,16,0,12,0,0,0,2,3,1,0.259259259,sa3021614
2025,Gerardo Rodriguez,BOS,CPX,19,47,154,170,43,27,16,0,0,17,32,10,0,23,3,3,0,4,7,0,0.279220779,sa3021614
2025,Liosward Marin,BOS,CPX,19,11,24,25,6,2,4,0,0,3,2,1,0,6,0,0,0,0,0,0,0.25,sa3021619
2026,Liosward Marin,BOS,CPX,20,10,30,34,6,5,0,0,1,3,5,3,0,8,1,0,0,0,3,0,0.2,sa3021619
2024,Agustin Marcano,WSN,CPX,18,7,17,25,3,3,0,0,0,4,2,8,0,5,0,0,0,1,0,0,0.176470588,sa3021621
2025,Agustin Marcano,WSN,CPX,19,14,26,35,4,4,0,0,0,3,2,5,0,10,1,1,1,1,0,0,0.153846153,sa3021621
2024,Dameury Pena,MIN,CPX,18,36,117,140,33,25,4,1,3,25,18,19,0,9,2,2,0,3,4,2,0.282051282,sa3021624
2025,Jeremy Almonte,MIA,CPX,19,25,86,96,24,21,1,0,2,12,12,4,0,14,4,2,0,0,4,3,0.279069767,sa3021632
2024,Luis Parababire,ATL,CPX,18,24,61,83,16,5,11,0,0,14,7,18,0,15,4,0,0,3,0,0,0.262295081,sa3021634
2025,Luis Parababire,ATL,CPX,19,15,30,40,6,6,0,0,0,4,4,7,0,15,3,0,0,0,1,0,0.2,sa3021634
2024,Jermaine Maricuto,WSN,CPX,18,9,30,35,8,7,1,0,0,4,3,5,0,7,0,0,0,0,0,0,0.266666666,sa3021641
2024,Chris Lopez,STL,CPX,19,12,31,33,3,2,1,0,0,2,3,1,0,12,0,1,0,1,0,0,0.096774193,sa3021648
2025,Chris Lopez,STL,CPX,20,13,30,35,7,5,1,0,1,3,4,5,0,9,0,0,0,1,0,0,0.233333333,sa3021648
2024,Franklin Arias,BOS,CPX,18,51,166,206,59,35,16,2,6,41,28,34,0,36,4,2,0,1,30,4,0.355421686,sa3021845
2025,Paulo Asprilla,STL,CPX,19,34,107,123,21,19,2,0,0,10,14,14,0,22,1,0,0,1,1,1,0.196261682,sa3021859
2024,Brian Sanchez,NYY,CPX,19,49,173,198,53,29,16,4,4,40,32,23,0,41,2,0,0,5,16,3,0.306358381,sa3021860
2024,Felix Cotes,TBR,CPX,18,7,26,29,7,6,1,0,0,3,2,2,0,5,0,0,1,0,2,0,0.269230769,sa3022053
2025,Felix Cotes,TBR,CPX,19,49,157,200,40,35,4,1,0,19,21,32,1,29,5,3,3,4,14,8,0.25477707,sa3022053
2023,Robert Brooks,TBR,CPX,24,9,18,21,4,4,0,0,0,1,0,3,0,6,0,0,0,0,0,0,0.222222222,sa3022160
2024,Eduardo Tait,PHI,CPX,17,51,184,212,59,39,13,1,6,29,49,13,0,31,8,7,0,5,5,0,0.320652173,sa3022162
2024,Nixon Chirinos,MIA,CPX,18,11,21,26,3,3,0,0,0,2,1,5,0,10,0,0,0,0,0,0,0.142857142,sa3022164
2025,Nixon Chirinos,MIA,CPX,19,33,104,121,26,17,7,0,2,12,8,13,0,38,3,1,0,1,6,2,0.25,sa3022164
2025,Jose Perez,BAL,CPX,20,24,72,99,18,9,8,0,1,23,13,24,0,24,3,0,0,0,6,3,0.25,sa3022198
2026,Jose Castro,NYY,CPX,20,10,29,44,10,7,0,1,2,10,8,13,0,10,2,0,0,0,11,3,0.344827586,sa3022235
2025,Dariel Ramon,TOR,CPX,19,50,155,200,38,29,7,2,0,39,17,35,0,29,9,1,0,1,14,2,0.24516129,sa3022236
2026,Juan Obispo,WSN,CPX,20,12,33,40,9,5,3,0,1,7,4,5,0,12,1,1,0,2,3,2,0.272727272,sa3022255
2023,Yordis Perera,NYM,CPX,21,14,40,43,7,6,0,0,1,3,6,2,0,15,0,1,0,2,0,0,0.175,sa3022263
2024,Junior Garcia,ATL,CPX,18,42,139,169,44,34,5,2,3,26,22,22,0,41,7,1,0,2,12,4,0.316546762,sa3022283
2025,Junior Garcia,ATL,CPX,19,43,145,161,29,17,8,1,3,16,13,15,0,39,1,0,0,4,2,1,0.2,sa3022283
2024,Alirio Ferrebus,PHI,CPX,18,10,37,41,12,10,2,0,0,5,6,0,0,6,3,1,0,0,1,2,0.324324324,sa3022306
2025,Alirio Ferrebus,PHI,CPX,19,25,90,106,24,14,5,1,4,15,18,11,0,17,4,1,0,2,0,1,0.266666666,sa3022306
2024,Erick Lara,TBR,CPX,18,33,108,132,18,13,4,1,0,14,13,20,0,30,0,3,1,2,5,2,0.166666666,sa3022307
2025,Erick Lara,TBR,CPX,19,32,82,106,15,10,3,2,0,14,11,21,0,35,0,3,0,1,2,2,0.182926829,sa3022307
2026,Cristian Perez,DET,CPX,19,17,50,60,14,5,4,1,4,11,10,8,0,13,1,1,0,0,0,0,0.28,sa3022320
2025,Yosweld Vasquez,HOU,CPX,20,36,105,124,26,19,3,0,4,22,14,12,0,27,6,1,0,1,0,0,0.247619047,sa3022361
2025,Aldo Gaxiola,TOR,CPX,19,58,198,225,51,41,7,1,2,25,17,25,0,40,1,0,0,5,3,1,0.257575757,sa3022373
2023,Johnny Olmstead,MIA,CPX,22,12,37,46,8,6,1,0,1,7,7,5,0,8,3,1,0,0,2,1,0.216216216,sa3022494
2023,Drew Compton,ATL,CPX,22,6,19,20,5,1,2,0,2,3,5,1,0,6,0,0,0,1,0,0,0.263157894,sa3022495
2023,Jace Grady,ATL,CPX,22,6,12,20,3,1,2,0,0,3,5,7,0,2,0,1,0,1,4,1,0.25,sa3022505
2023,Isaiah Drake,ATL,CPX,17,18,68,77,15,13,0,2,0,9,8,8,0,29,1,0,0,0,9,2,0.220588235,sa3022507
2025,Kade Kern,ATL,CPX,23,13,38,45,4,3,1,0,0,3,2,7,0,10,0,0,0,0,0,2,0.105263157,sa3022508
2023,Will King,ATL,CPX,19,11,29,37,9,7,1,0,1,7,5,6,0,6,0,2,0,2,1,0,0.310344827,sa3022510
2023,Will Verdung,ATL,CPX,20,9,28,34,7,3,3,0,1,5,4,5,0,6,1,0,0,0,1,0,0.25,sa3022512
2026,Will Verdung,ATL,CPX,23,6,16,23,4,2,1,0,1,4,3,5,0,3,1,1,0,0,1,0,0.25,sa3022512
2025,Jeron Williams,HOU,CPX,24,8,26,29,6,5,1,0,0,5,2,2,0,1,0,1,0,1,2,0,0.23076923,sa3022566
2023,Angelo DiSpigna,MIA,CPX,23,17,51,68,19,10,5,4,0,13,11,14,0,12,2,1,0,2,0,0,0.372549019,sa3022571
2023,Nehomar Ochoa Jr.,HOU,CPX,17,12,36,42,8,3,2,0,3,10,9,3,0,7,2,1,0,0,1,0,0.222222222,sa3022572
2025,Nehomar Ochoa Jr.,HOU,CPX,19,6,21,22,3,3,0,0,0,2,3,1,0,8,0,0,0,1,0,0,0.142857142,sa3022572
2023,Ryan Ignoffo,MIA,CPX,22,19,67,79,20,16,3,0,1,10,16,10,0,4,0,2,0,2,3,1,0.298507462,sa3022573
2023,Anthony Sherwin,HOU,CPX,21,9,23,33,9,6,3,0,0,8,5,9,0,7,0,1,0,0,2,1,0.391304347,sa3022575
2023,Jared Thomas,PHI,CPX,22,11,18,27,3,1,2,0,0,0,3,7,0,6,2,0,0,0,0,0,0.166666666,sa3022589
2023,A.J. Shaver,PHI,CPX,21,11,30,38,4,3,0,0,1,6,4,4,0,16,4,0,0,0,3,1,0.133333333,sa3022595
2024,A.J. Shaver,PHI,CPX,22,11,26,36,5,2,3,0,0,7,4,8,0,12,2,0,0,0,6,0,0.192307692,sa3022595
2023,Bryson Ware,PHI,CPX,22,5,16,20,2,2,0,0,0,4,0,3,0,4,1,0,0,1,2,0,0.125,sa3022597
2023,Avery Owusu-Asiedu,PHI,CPX,20,13,46,55,10,6,3,0,1,8,14,7,0,10,1,1,0,1,2,0,0.217391304,sa3022604
2023,Trent Farquhar,PHI,CPX,22,10,34,41,11,9,2,0,0,7,4,5,0,4,2,0,0,0,5,0,0.323529411,sa3022606
2023,Keaton Anthony,PHI,CPX,22,9,29,35,11,8,1,0,2,7,9,2,0,6,4,0,0,1,0,0,0.379310344,sa3022608
2023,Aidan Miller,PHI,CPX,19,10,29,36,12,10,2,0,0,6,2,6,0,5,1,0,0,0,0,0,0.413793103,sa3022609
2026,Aidan Smith,TBR,CPX,21,7,23,28,4,3,0,1,0,2,3,4,0,4,0,1,0,1,2,0,0.173913043,sa3022611
2023,Brandon Winokur,MIN,CPX,18,17,66,71,19,10,5,0,4,14,17,4,0,23,1,0,0,2,0,1,0.287878787,sa3022613
2023,Jace Bohrofen,TOR,CPX,21,7,15,20,4,3,0,0,1,3,2,4,0,6,1,0,0,0,1,0,0.266666666,sa3022653
2024,Braden Barry,TOR,CPX,22,5,18,20,6,5,1,0,0,4,2,1,0,5,0,1,0,0,1,0,0.333333333,sa3022659
2024,Elijah Nunez,WSN,CPX,22,8,22,27,2,0,2,0,0,3,4,5,0,3,0,0,0,0,2,0,0.09090909,sa3022674
2023,Brandon Pimentel,WSN,CPX,23,10,35,41,13,7,4,1,1,8,15,4,0,8,2,0,0,1,0,0,0.371428571,sa3022678
2023,Phillip Glasser,WSN,CPX,23,13,39,50,10,8,1,0,1,12,6,9,0,4,1,1,0,1,4,1,0.256410256,sa3022680
2023,Xavier Casserilla,HOU,CPX,20,10,33,38,7,3,3,0,1,10,4,5,0,5,0,0,0,0,2,1,0.212121212,sa3022681
2023,Max Clark,DET,CPX,18,12,46,56,13,6,4,1,2,13,12,9,0,10,1,0,0,0,4,1,0.282608695,sa3022683
2024,Cam Fisher,HOU,CPX,23,11,36,46,7,3,2,0,2,6,3,8,0,18,2,0,0,1,2,1,0.194444444,sa3022687
2023,Anthony Huezo,HOU,CPX,17,12,41,51,7,6,0,0,1,10,5,9,0,11,1,0,0,0,1,0,0.170731707,sa3022691
2024,Anthony Huezo,HOU,CPX,18,40,119,142,18,9,4,1,4,15,12,16,0,57,5,2,0,2,6,2,0.151260504,sa3022691
2025,Anthony Huezo,HOU,CPX,19,43,130,160,30,12,9,3,6,28,26,19,0,51,10,0,0,1,12,3,0.23076923,sa3022691
2023,Ryan Snell,WSN,CPX,23,7,18,21,2,1,0,0,1,5,3,3,0,4,0,0,0,1,0,0,0.111111111,sa3022696
2023,Will Bush,HOU,CPX,19,9,23,32,7,4,2,0,1,11,7,7,0,8,2,0,0,0,0,0,0.304347826,sa3022698
2023,Chase Jaworsky,HOU,CPX,18,9,32,38,9,9,0,0,0,4,2,6,0,6,0,0,0,1,0,0,0.28125,sa3022700
2023,Cole Elvis,MIN,CPX,23,6,16,21,3,2,1,0,0,2,2,3,0,3,1,1,0,0,0,1,0.1875,sa3022747
2024,Cole Elvis,MIN,CPX,24,8,23,26,4,3,1,0,0,3,2,2,0,8,0,1,0,0,0,0,0.173913043,sa3022747
2023,Kellum Clark,NYM,CPX,22,11,26,38,8,7,0,1,0,14,3,10,0,7,1,1,0,1,2,0,0.307692307,sa3022749
2023,Roc Riggio,NYY,CPX,21,5,16,21,3,3,0,0,0,2,0,4,0,6,1,0,0,0,0,0,0.1875,sa3022750
2023,Poncho Ruiz,MIN,CPX,21,9,28,32,3,2,1,0,0,4,1,3,0,6,0,1,0,1,0,0,0.107142857,sa3022752
2025,Edrick Felix,TOR,CPX,23,18,58,64,14,10,2,1,1,9,6,4,0,15,1,1,0,1,5,0,0.24137931,sa3022754
2023,Wilson Rodriguez,NYY,CPX,18,12,41,50,9,4,3,0,2,5,11,8,0,13,1,0,0,2,0,1,0.219512195,sa3022760
2024,Wilson Rodriguez,NYY,CPX,19,11,33,40,5,5,0,0,0,6,4,7,0,15,0,0,0,2,1,2,0.151515151,sa3022760
2025,Wilson Rodriguez,NYY,CPX,20,26,80,93,21,16,3,0,2,10,13,10,0,14,2,0,0,0,8,2,0.2625,sa3022760
2023,Pier-Olivier Boucher,ATL,CPX,23,5,17,20,4,4,0,0,0,3,4,3,0,3,0,0,0,1,2,0,0.235294117,sa3022761
2023,Cole Gabrielson,NYY,CPX,22,6,15,20,5,2,0,1,2,4,5,1,0,5,4,0,0,0,0,0,0.333333333,sa3022811
2023,Kehden Hettiger,PHI,CPX,19,10,21,27,4,3,1,0,0,5,3,6,0,7,0,0,0,0,0,1,0.19047619,sa3022812
2023,Pierce Bennett,PHI,CPX,22,8,21,30,4,3,1,0,0,5,5,6,0,3,2,1,0,2,0,0,0.19047619,sa3022816
2023,Stanley Tucker,BOS,CPX,21,12,41,47,8,4,2,1,1,6,5,6,0,12,0,0,0,0,3,0,0.195121951,sa3022818
2024,Garret Forrester,PIT,CPX,22,7,18,25,2,2,0,0,0,2,2,2,0,5,4,1,0,0,0,0,0.111111111,sa3022822
2023,Devin Saltiban,PHI,CPX,18,10,42,46,14,11,2,0,1,10,7,3,0,7,1,0,0,0,5,1,0.333333333,sa3022827
2025,Devin Saltiban,PHI,CPX,20,10,37,41,2,0,1,0,1,4,1,2,0,10,2,0,0,1,0,0,0.054054054,sa3022827
2023,Dylan Jasso,NYY,CPX,20,17,61,74,23,14,7,1,1,15,20,11,0,5,2,0,0,1,0,0,0.37704918,sa3022830
2023,Nate LaRue,TOR,CPX,21,9,27,31,2,2,0,0,0,0,4,4,0,11,0,0,0,1,1,0,0.074074074,sa3022883
2023,Wooyeoul Shin,TBR,CPX,21,7,21,26,3,1,1,1,0,4,6,3,0,3,0,2,0,1,0,0,0.142857142,sa3022888
2023,Sam Shaw,TOR,CPX,18,9,29,40,6,4,2,0,0,4,0,10,0,6,1,0,0,0,0,2,0.206896551,sa3022889
2024,Sam Shaw,TOR,CPX,19,51,168,209,37,28,6,1,2,22,14,35,0,21,3,2,0,2,10,8,0.220238095,sa3022889
2026,Sam Shaw,TOR,CPX,21,5,15,21,4,1,2,0,1,6,2,4,0,5,2,0,0,0,1,0,0.266666666,sa3022889
2023,Adrian Santana,TBR,CPX,17,10,39,47,8,6,2,0,0,6,3,7,0,9,1,0,0,1,3,0,0.205128205,sa3022890
2023,Arjun Nimmala,TOR,CPX,17,9,25,40,5,3,1,1,0,7,3,14,0,8,1,0,0,0,1,0,0.2,sa3022892
2024,Arjun Nimmala,TOR,CPX,18,8,21,30,5,1,2,1,1,4,1,9,0,7,0,0,0,2,0,0,0.238095238,sa3022892
2023,Nazzan Zanetello,BOS,CPX,18,12,36,45,5,2,3,0,0,6,1,9,0,15,0,0,0,0,5,1,0.138888888,sa3022893
2023,Walker Jenkins,MIN,CPX,18,14,54,59,18,12,3,1,2,6,12,5,0,8,0,0,0,1,4,2,0.333333333,sa3022894
2024,Walker Jenkins,MIN,CPX,19,9,28,37,11,7,3,1,0,7,7,8,0,2,0,1,0,0,3,0,0.392857142,sa3022894
2023,John Peck,DET,CPX,20,9,24,35,3,3,0,0,0,4,1,9,0,6,2,0,0,0,5,2,0.125,sa3022896
2023,Cole Turney,DET,CPX,24,11,37,49,16,9,4,1,2,11,15,6,0,12,6,0,0,0,2,0,0.432432432,sa3022916
2023,Hunter Haas,TBR,CPX,21,5,16,21,4,1,2,0,1,2,2,5,0,3,0,0,0,0,0,1,0.25,sa3022918
2025,Alberth Palma,TBR,CPX,19,44,129,171,41,36,1,4,0,27,24,33,0,17,4,3,2,4,15,9,0.317829457,sa3022924
2025,David Smith,DET,CPX,24,11,33,43,10,9,0,0,1,7,8,7,1,8,1,2,0,0,3,0,0.303030303,sa3022925
2023,Carson Rucker,DET,CPX,18,9,33,41,8,6,1,0,1,5,9,6,0,9,2,0,0,0,4,1,0.242424242,sa3022926
2023,Brett Callahan,DET,CPX,21,10,36,45,14,11,2,0,1,9,9,9,0,11,0,0,0,0,5,2,0.388888888,sa3022927
2025,Brett Callahan,DET,CPX,23,7,25,29,8,6,2,0,0,5,4,3,0,8,1,0,0,0,2,1,0.32,sa3022927
2026,Brady Cerkownyk,WSN,CPX,23,12,25,33,10,4,5,0,1,6,4,6,0,9,1,1,0,0,2,0,0.4,sa3022929
2025,Brady Cerkownyk,DET,CPX,22,24,73,82,16,13,1,0,2,8,15,6,0,22,3,0,0,2,1,0,0.219178082,sa3022929
2023,Boston Baro,NYM,CPX,18,7,19,24,6,4,2,0,0,4,2,5,0,1,0,0,0,0,0,0,0.315789473,sa3022962
2023,Colin Houck,NYM,CPX,18,9,29,36,7,6,0,1,0,6,4,7,0,8,0,0,0,1,0,1,0.24137931,sa3022964
2024,John Lopez,PIT,CPX,18,9,21,24,5,3,2,0,0,2,4,3,0,6,0,0,0,0,0,0,0.238095238,sa3022965
2023,Jake Zitella,NYM,CPX,18,6,18,21,3,2,1,0,0,3,0,3,0,4,0,0,0,0,0,0,0.166666666,sa3022968
2024,Jake Zitella,NYM,CPX,19,45,147,172,37,25,9,1,2,22,16,17,0,41,7,1,0,4,1,1,0.25170068,sa3022968
2025,TJayy Walton,PHI,CPX,20,11,36,42,11,9,1,1,0,7,5,5,0,15,0,1,0,0,5,0,0.305555555,sa3023090
2026,TJayy Walton,PHI,CPX,21,10,35,36,8,6,1,1,0,4,3,1,0,13,0,0,0,0,0,0,0.228571428,sa3023090
2025,Raymond Mola,PIT,CPX,19,12,31,37,8,7,0,0,1,5,5,3,0,9,1,2,0,1,3,0,0.258064516,sa3023109
2026,Raymond Mola,PIT,CPX,20,8,23,29,4,3,1,0,0,5,2,4,0,8,2,0,0,1,5,0,0.173913043,sa3023109
2023,Jackson Castillo,NYY,CPX,20,9,29,42,8,6,1,1,0,12,6,11,0,10,2,0,0,0,1,0,0.275862068,sa3023111
2024,Luke Scherrer,PIT,CPX,19,43,110,139,30,22,8,0,0,22,13,18,0,21,8,2,1,1,4,2,0.272727272,sa3023140
2025,Luke Scherrer,PIT,CPX,20,26,72,92,14,12,1,0,1,8,4,12,0,15,7,1,0,2,7,2,0.194444444,sa3023140
2024,Luis Arias,WSN,CPX,18,35,99,113,19,13,6,0,0,12,15,13,0,27,0,0,1,0,5,3,0.191919191,sa3023259
2025,Luis Arias,WSN,CPX,19,34,116,132,34,27,5,0,2,19,12,13,0,28,2,1,0,4,4,0,0.293103448,sa3023259
2026,Luis Arias,WSN,CPX,20,16,41,47,7,6,0,0,1,8,5,6,0,18,0,0,0,0,0,0,0.170731707,sa3023259
2013,Adam Pendleton,TBR,R,22,14,43,48,6,5,1,0,0,2,2,5,0,8,0,0,0,0,0,1,0.139534883,sa3023344
2006,Nate Weidenaar,ATL,R,19,29,51,58,5,4,1,0,0,6,2,5,0,11,1,0,1,0,2,1,0.098039215,sa302346
2024,Nate Rombach,WSN,CPX,23,29,101,114,29,17,8,1,3,20,9,12,0,29,1,0,0,1,2,0,0.287128712,sa3023620
2024,Luis Rives,HOU,CPX,19,40,121,132,28,22,4,0,2,19,15,10,0,27,0,0,1,3,12,3,0.231404958,sa3023624
2025,Luis Rives,HOU,CPX,20,34,87,117,18,10,2,3,3,20,18,25,0,33,3,2,0,1,9,0,0.206896551,sa3023624
2026,Luis Rives,HOU,CPX,21,11,19,28,3,2,0,0,1,4,3,9,0,6,0,0,0,0,4,1,0.157894736,sa3023624
2024,Travis Honeyman,STL,CPX,22,6,17,22,7,3,4,0,0,4,2,5,0,3,0,0,0,0,1,1,0.411764705,sa3023679
2025,Isael Arias,NYY,CPX,19,56,192,217,35,27,6,1,1,26,20,19,0,45,2,3,1,5,26,2,0.182291666,sa3023713
2026,Isael Arias,NYY,CPX,20,13,36,38,7,5,1,0,1,7,1,2,0,10,0,0,0,0,6,0,0.194444444,sa3023713
2026,Diover De Aza,NYM,CPX,18,10,25,33,6,4,0,0,2,6,6,6,0,7,2,0,0,0,3,0,0.24,sa3023715
2025,Justin Barry,BOS,CPX,18,26,82,91,18,9,6,0,3,16,16,7,0,31,1,1,0,0,7,0,0.219512195,sa3023716
2026,Yovanny Rodriguez,NYM,CPX,19,16,56,62,15,8,1,1,5,12,15,5,0,18,1,0,0,0,1,1,0.267857142,sa3023720
2025,Leonardo Pineda,TBR,CPX,18,38,131,161,24,19,5,0,0,19,11,22,0,47,5,2,1,4,5,3,0.183206106,sa3023721
2026,Leonardo Pineda,TBR,CPX,19,17,49,69,6,5,0,1,0,11,3,17,0,18,3,0,0,0,2,0,0.122448979,sa3023721
2026,Luis Cova,MIA,CPX,19,17,60,72,19,12,5,0,2,18,8,11,0,12,1,0,0,0,12,3,0.316666666,sa3023723
2025,Bralyn Brazoban,PIT,CPX,18,13,39,45,8,5,1,2,0,4,5,4,0,10,1,1,0,0,2,0,0.205128205,sa3023725
2026,Bralyn Brazoban,PIT,CPX,19,14,53,60,16,9,1,4,2,12,19,5,0,19,1,1,0,0,2,0,0.301886792,sa3023725
2025,Bohan Adderley,NYM,CPX,18,49,160,189,28,21,3,1,3,19,15,25,0,59,3,1,0,2,21,6,0.175,sa3023728
2026,Bohan Adderley,NYM,CPX,19,18,61,66,16,11,2,0,3,13,10,5,0,19,0,0,0,1,11,0,0.262295081,sa3023728
2025,Alexander Mambel,BOS,CPX,18,17,44,53,11,5,4,0,2,7,9,4,0,15,4,1,0,0,0,1,0.25,sa3023730
2026,Justin Capellan,NYY,CPX,19,17,58,62,13,5,4,1,3,9,11,1,0,21,3,0,0,2,1,1,0.224137931,sa3023731
2025,Michell Ojeda,PIT,CPX,18,32,108,122,20,14,2,1,3,18,13,12,0,34,2,0,0,0,4,3,0.185185185,sa3023737
2026,Yordani Martinez,MIA,CPX,19,15,33,40,5,3,1,1,0,9,5,7,0,11,0,0,0,0,8,0,0.151515151,sa3023738
2025,Dexters Peralta,NYY,CPX,17,42,140,162,22,17,3,0,2,18,8,18,0,50,1,3,0,2,10,3,0.157142857,sa3023745
2026,Dexters Peralta,NYY,CPX,18,21,69,87,13,7,1,2,3,12,11,16,0,33,1,1,0,0,6,0,0.188405797,sa3023745
2026,Javier Acevedo,PIT,CPX,19,10,29,35,7,3,3,0,1,8,4,6,0,12,0,0,0,0,0,0,0.24137931,sa3023747
2026,Richard Matic,NYY,CPX,18,21,79,99,26,17,6,1,2,28,9,18,0,18,2,0,0,1,7,3,0.329113924,sa3023749
2025,Jhoan Peguero,BOS,CPX,19,32,71,81,14,11,1,0,2,14,7,8,0,30,2,0,0,0,14,1,0.197183098,sa3023754
2026,Jhoan Peguero,BOS,CPX,20,15,41,51,12,8,3,0,1,9,7,8,0,11,2,0,0,0,12,5,0.292682926,sa3023754
2025,Anderson Fermin,BOS,CPX,18,48,138,185,39,29,7,3,0,32,14,42,0,35,3,2,0,4,25,6,0.282608695,sa3023759
2025,Edwin Brito,BOS,CPX,18,32,99,115,14,7,7,0,0,8,12,10,0,38,5,1,0,6,3,2,0.141414141,sa3023760
2025,Avinson Pinto,BOS,CPX,18,43,153,179,36,26,5,4,1,29,15,21,0,37,1,4,0,0,21,6,0.235294117,sa3023761
2025,Tavano Baker,BOS,CPX,18,33,92,117,20,11,6,2,1,17,12,21,0,27,3,0,0,0,14,0,0.217391304,sa3023762
2026,Tavano Baker,BOS,CPX,19,16,47,60,11,7,3,1,0,7,8,12,1,14,1,0,0,0,11,1,0.234042553,sa3023762
2026,Josue Brito,BOS,CPX,19,15,52,62,12,5,4,0,3,9,14,8,0,11,1,1,0,1,2,3,0.23076923,sa3023763
2025,Enddy Azocar,BOS,CPX,18,14,52,58,20,12,7,1,0,6,5,6,0,11,0,0,0,0,4,1,0.384615384,sa3023764
2025,Ilan Fernandez,BOS,CPX,18,38,111,130,26,20,4,1,1,21,9,15,0,27,2,2,0,1,13,2,0.234234234,sa3023766
2025,Efren Teran,BOS,CPX,18,28,83,97,17,16,1,0,0,11,6,13,0,13,1,0,0,0,2,3,0.204819277,sa3023769
2026,Deinys Gonzalez,TBR,CPX,19,14,44,52,15,9,5,0,1,7,6,4,0,9,2,2,0,1,1,0,0.34090909,sa3023774
2025,Kendrick Herrera,PIT,CPX,18,52,175,208,41,34,5,1,1,26,18,28,0,42,4,0,1,2,5,1,0.234285714,sa3023776
2026,Kendrick Herrera,PIT,CPX,19,9,21,28,4,3,0,1,0,7,2,6,0,4,1,0,0,2,2,0,0.19047619,sa3023776
2026,Andres Torres,TBR,CPX,19,19,67,81,23,20,3,0,0,16,11,13,0,11,0,0,1,2,2,0,0.343283582,sa3023781
2026,Edwin Darville,BOS,CPX,19,9,22,25,4,3,0,1,0,4,3,3,0,6,0,0,0,1,6,1,0.181818181,sa3023790
2025,Eyeksson Rojas,WSN,CPX,19,41,131,151,33,28,2,1,2,20,25,13,0,25,4,2,1,3,4,1,0.251908396,sa3023872
2026,Jalvin Arias,PHI,CPX,19,17,49,57,7,6,1,0,0,2,4,5,0,22,1,2,0,0,0,0,0.142857142,sa3023875
2026,Maylerson Casanova,PHI,CPX,19,8,27,29,7,6,1,0,0,5,3,2,0,10,0,0,0,0,0,0,0.259259259,sa3023876
2025,Meylin De Leon,PHI,CPX,18,40,112,125,13,9,3,0,1,9,7,10,0,29,2,1,0,1,1,0,0.116071428,sa3023878
2025,Jose Familia,PHI,CPX,17,46,146,160,24,20,4,0,0,8,8,12,0,61,2,0,0,1,3,1,0.164383561,sa3023879
2026,Jose Familia,PHI,CPX,18,12,37,43,4,2,1,0,1,7,4,5,0,13,0,1,0,0,0,0,0.108108108,sa3023879
2025,Cesar Mujica,PHI,CPX,18,31,91,104,16,12,4,0,0,6,5,11,0,28,2,0,0,5,0,2,0.175824175,sa3023880
2025,Daiber De Los Santos,MIN,CPX,18,48,156,186,26,10,10,2,4,29,17,21,0,89,8,1,0,0,15,7,0.166666666,sa3023885
2026,Daiber De Los Santos,MIN,CPX,19,15,43,52,10,6,0,2,2,6,5,7,0,24,1,1,0,1,2,1,0.232558139,sa3023885
2026,Victor Hurtado,WSN,CPX,19,10,21,28,7,3,1,0,3,7,6,6,0,4,0,1,0,0,3,2,0.333333333,sa3023888
2025,Angel Feliz,WSN,CPX,18,53,193,228,51,39,7,4,1,37,28,30,0,44,2,2,1,3,10,7,0.264248704,sa3023892
2026,Angel Guzman,TOR,CPX,19,20,78,90,22,17,2,2,1,13,15,8,0,17,1,3,0,1,4,2,0.282051282,sa3023895
2025,Irvin Nunez,MIN,CPX,19,43,116,152,27,21,4,1,1,25,14,29,0,33,6,1,0,0,3,0,0.23275862,sa3023899
2025,Jose Dickson,DET,CPX,18,44,148,171,31,23,4,1,3,23,21,20,0,42,1,2,0,4,9,2,0.209459459,sa3023907
2026,Christofer Reyes,NYY,CPX,18,5,17,20,8,7,1,0,0,4,3,1,0,5,1,1,0,0,6,1,0.470588235,sa3023909
2026,Estivenzon Montero,NYY,CPX,19,16,60,64,18,14,4,0,0,7,4,4,0,21,0,0,0,1,4,1,0.3,sa3023916
2025,Feldi Tavarez,WSN,CPX,18,37,110,122,17,13,3,0,1,9,7,9,0,39,3,0,0,1,4,3,0.154545454,sa3023918
2026,Feldi Tavarez,WSN,CPX,19,10,22,28,4,3,1,0,0,4,2,5,0,5,0,1,0,0,1,1,0.181818181,sa3023918
2026,Queni Pineda,NYY,CPX,19,18,59,81,14,12,0,0,2,11,6,19,0,24,2,1,0,1,5,1,0.237288135,sa3023920
2025,Merphy Hernandez,MIN,CPX,18,16,43,54,7,4,2,1,0,8,5,8,0,13,3,0,0,0,8,5,0.162790697,sa3023921
2026,Merphy Hernandez,MIN,CPX,19,10,26,36,7,5,0,1,1,8,7,9,0,6,1,0,0,0,6,0,0.269230769,sa3023921
2025,Yairo Padilla,STL,CPX,18,38,120,148,34,27,4,3,0,21,10,18,0,21,5,1,4,3,24,4,0.283333333,sa3023925
2026,Josmir Reyes,NYM,CPX,19,16,43,55,10,7,2,0,1,8,4,10,0,9,1,1,0,0,3,2,0.232558139,sa3023929
2025,Francisco Loreto,PHI,CPX,18,47,169,193,40,24,10,1,5,28,16,19,0,46,5,0,0,4,2,0,0.23668639,sa3023937
2026,Francisco Loreto,PIT,CPX,19,10,29,36,6,5,1,0,0,6,1,7,0,10,0,0,0,0,2,0,0.206896551,sa3023937
2025,Edward Florentino,PIT,CPX,18,29,95,113,33,19,6,2,6,23,23,16,1,22,1,1,0,0,6,1,0.347368421,sa3023944
2026,Pascual Archila,TOR,CPX,19,20,59,82,15,10,3,0,2,18,11,19,1,23,2,0,2,1,7,0,0.254237288,sa3023946
2025,Victor Leal,MIN,CPX,18,30,62,84,10,10,0,0,0,7,8,17,0,12,2,3,0,3,1,2,0.161290322,sa3023948
2026,Victor Leal,MIN,CPX,19,10,32,35,6,5,1,0,0,3,3,2,0,7,1,0,0,1,0,0,0.1875,sa3023948
2026,Steven Madero,DET,CPX,19,17,53,56,9,5,3,0,1,2,4,2,0,16,0,0,0,4,0,0,0.16981132,sa3023950
2025,Luis Fragoza,MIN,CPX,18,49,138,169,30,21,8,0,1,25,16,17,0,40,12,2,0,3,14,3,0.217391304,sa3023955
2026,Luis Fragoza,MIN,CPX,19,10,29,36,8,4,4,0,0,7,1,4,0,7,3,0,0,1,4,0,0.275862068,sa3023955
2025,Ricardo Paez,MIN,CPX,18,39,95,124,23,19,3,1,0,20,10,19,0,30,7,2,1,0,13,3,0.242105263,sa3023961
2026,Ricardo Paez,MIN,CPX,19,12,27,32,6,2,2,1,1,7,3,5,0,7,0,0,0,0,4,0,0.222222222,sa3023961
2025,Jesus Pinto,DET,CPX,18,21,83,91,17,11,3,0,3,15,11,7,0,17,1,0,0,2,6,3,0.204819277,sa3023973
2025,Jorge Rodriguez,BOS,CPX,19,28,83,92,24,20,1,0,3,10,17,8,0,17,1,0,0,2,8,5,0.289156626,sa3023974
2026,Jorge Rodriguez,BOS,CPX,20,9,25,34,6,2,2,0,2,7,4,4,0,10,5,0,0,0,3,0,0.24,sa3023974
2025,Ramiro Dominguez,MIN,CPX,18,49,145,172,36,18,15,0,3,26,24,20,0,18,7,0,0,3,16,2,0.248275862,sa3023985
2025,Adrian Garcia,PHI,CPX,18,44,130,143,34,24,6,4,0,13,8,10,0,28,3,0,0,2,3,2,0.261538461,sa3023986
2025,Rainiel Rodriguez,STL,CPX,18,20,59,80,22,9,6,0,7,23,16,16,0,15,3,2,0,0,1,1,0.372881355,sa3023987
2025,Yandro Hernandez,MIN,CPX,20,37,92,117,19,11,6,0,2,16,16,21,0,29,3,1,0,1,7,3,0.206521739,sa3023989
2025,Yorman Licourt,TOR,CPX,21,55,187,225,43,20,15,2,6,29,41,35,0,67,2,1,0,3,0,4,0.229946524,sa3023990
2026,Emilio Sanchez,BAL,CPX,19,13,23,30,3,1,1,1,0,6,1,5,0,6,1,1,0,0,1,1,0.130434782,sa3024110
2025,Jordan Sanchez,BAL,CPX,19,54,157,195,46,22,16,3,5,32,45,31,1,57,5,2,0,1,3,2,0.29299363,sa3024112
2026,Israfell Bautista,TBR,CPX,19,20,53,71,14,13,0,1,0,14,17,11,0,18,3,4,0,1,11,1,0.264150943,sa3024116
2026,Christian Astudillo,BAL,CPX,19,12,26,33,3,3,0,0,0,4,1,4,0,4,3,0,0,2,0,0,0.115384615,sa3024144
2025,Elvin Garcia,BAL,CPX,18,31,94,115,22,16,4,1,1,12,13,17,1,42,3,1,0,2,1,2,0.234042553,sa3024147
2026,Elvin Garcia,BAL,CPX,19,12,38,42,14,12,2,0,0,8,3,3,0,9,1,0,0,1,0,0,0.368421052,sa3024147
2026,Hector Campusano,BAL,CPX,19,19,49,63,17,15,1,1,0,10,12,13,0,9,1,0,0,1,6,0,0.346938775,sa3024148
2026,Saul Gomez,BAL,CPX,18,11,19,23,4,4,0,0,0,1,3,2,0,7,0,1,1,0,0,0,0.210526315,sa3024152
2025,Hector Salas,HOU,CPX,21,22,74,97,21,15,4,1,1,25,10,23,0,16,0,0,0,1,3,0,0.283783783,sa3024156
2025,Haniel German,NYM,CPX,19,47,125,145,24,17,7,0,0,16,11,16,1,51,3,1,0,2,1,1,0.192,sa3024299
2026,Cristofer Lebron,STL,CPX,19,19,63,71,19,10,5,1,3,14,10,7,0,14,0,0,0,0,7,2,0.301587301,sa3024314
2026,Juan Espinal,ATL,CPX,19,15,42,52,6,6,0,0,0,6,2,9,0,18,1,0,0,1,7,1,0.142857142,sa3024315
2026,Browm Martinez,WSN,CPX,19,7,19,22,3,0,1,0,2,3,3,3,0,9,0,0,0,0,1,1,0.157894736,sa3024323
2025,Jesus Lugo,BOS,CPX,18,7,20,24,4,3,0,1,0,2,4,4,0,5,0,0,0,0,2,0,0.2,sa3024324
2026,Yaxson Lucena,STL,CPX,18,17,51,65,5,4,0,1,0,8,6,13,0,11,1,0,0,0,1,1,0.098039215,sa3024326
2026,Christopher Alvarado,BOS,CPX,19,12,29,42,7,6,0,1,0,5,2,12,0,8,1,0,0,1,12,1,0.24137931,sa3024337
2026,Edgardo De Leon,MIA,CPX,19,16,42,53,12,6,4,0,2,10,12,9,0,12,1,1,0,2,1,1,0.285714285,sa3024339
2025,Juan Mateo,ATL,CPX,18,51,188,210,52,44,8,0,0,22,18,21,0,34,1,0,0,2,10,7,0.276595744,sa3024340
2025,Manuel Dos Passos,ATL,CPX,18,41,126,155,28,17,10,0,1,22,13,22,0,34,6,1,0,3,4,2,0.222222222,sa3024344
2026,Manuel Dos Passos,ATL,CPX,19,12,36,46,10,7,3,0,0,4,3,10,0,11,0,0,0,0,0,0,0.277777777,sa3024344
2026,Angel Garcia,BAL,CPX,19,10,28,29,4,2,2,0,0,4,2,1,0,6,0,0,0,0,0,0,0.142857142,sa3024352
2026,Jemone Nuel,BAL,CPX,19,18,45,62,11,6,3,1,1,14,3,15,0,12,2,0,0,1,7,1,0.244444444,sa3024356
2025,Ronald Ramirez,DET,CPX,18,42,124,145,30,25,5,0,0,26,12,17,1,31,3,1,0,1,7,5,0.241935483,sa3024368
2026,Ronald Ramirez,DET,CPX,19,9,22,31,10,6,1,1,2,3,4,8,0,4,0,1,0,1,4,0,0.454545454,sa3024368
2026,Luis Aguilera,DET,CPX,19,17,37,41,8,8,0,0,0,6,4,4,0,4,0,0,0,2,0,0,0.216216216,sa3024374
2025,Edward Lantigua,NYM,CPX,18,49,153,194,44,34,6,1,3,23,27,33,0,29,7,1,0,7,13,10,0.287581699,sa3024476
2025,Stiven Martinez,BAL,CPX,17,49,152,191,33,20,7,3,3,29,20,33,0,54,4,1,1,2,2,4,0.217105263,sa3024627
2026,Almen Tolentino,MIA,CPX,19,9,27,32,5,4,0,0,1,3,4,5,1,11,0,0,0,0,1,0,0.185185185,sa3024628
2026,Gabriel Cesa,ATL,CPX,19,18,56,66,11,10,1,0,0,7,7,7,0,21,1,2,0,4,3,0,0.196428571,sa3024630
2026,J.P. Cabrera,STL,CPX,19,13,36,46,6,5,1,0,0,4,3,5,0,7,3,1,0,2,0,0,0.166666666,sa3024651
2025,Michael Martinez,ATL,CPX,18,11,38,42,9,4,3,0,2,8,9,1,0,7,3,0,0,0,1,0,0.236842105,sa3024654
2026,Michael Martinez,ATL,CPX,19,11,32,46,12,7,1,0,4,10,10,10,0,5,2,2,0,1,2,1,0.375,sa3024654
2025,Eduardo Beltre,MIN,CPX,18,52,165,195,34,18,10,1,5,33,32,21,0,46,6,3,0,4,19,3,0.206060606,sa3024928
2026,Franklin Rojas,TOR,CPX,19,16,57,68,18,13,4,0,1,10,15,10,0,13,1,0,0,1,0,0,0.315789473,sa3025018
2026,Wilberson De Pena,NYY,CPX,19,20,81,91,32,17,7,1,7,16,32,7,0,16,2,1,0,2,11,4,0.395061728,sa3025019
2025,Drew Jemison,TOR,CPX,24,37,99,130,24,16,5,1,2,18,16,22,0,24,7,1,1,3,1,2,0.242424242,sa3025044
2026,Adolfo Miranda,NYM,CPX,19,11,26,27,5,2,3,0,0,4,3,1,0,9,0,0,0,0,0,1,0.192307692,sa3025062
2024,Justin Riemer,BOS,CPX,22,10,27,39,8,6,1,1,0,6,4,10,0,5,0,2,0,0,1,0,0.296296296,sa3025086
2025,Jose Perdomo,ATL,CPX,18,54,215,233,48,40,7,0,1,20,18,14,0,45,2,2,0,12,4,2,0.223255813,sa3025104
2025,Andres Arias,TOR,CPX,18,49,156,183,26,17,3,1,5,21,21,21,0,57,6,0,0,3,9,2,0.166666666,sa3025145
2026,Andres Arias,TOR,CPX,19,20,64,74,15,11,0,1,3,10,8,7,0,15,2,0,0,2,2,1,0.234375,sa3025145
2025,Christian Martin,STL,CPX,22,6,14,22,3,2,1,0,0,3,0,4,0,3,4,0,0,1,1,0,0.214285714,sa3025155
2025,Brock Tibbitts,TOR,CPX,22,6,13,21,4,3,1,0,0,2,1,7,0,3,1,0,0,0,0,0,0.307692307,sa3025171
2026,Brock Tibbitts,TOR,CPX,23,10,33,39,10,6,1,0,3,11,11,6,0,5,0,0,0,1,1,0,0.303030303,sa3025171
2025,John Spikerman,PHI,CPX,22,10,26,36,5,4,1,0,0,8,1,9,0,10,1,0,0,0,3,0,0.192307692,sa3025197
2025,PJ Morlando,MIA,CPX,20,6,15,26,1,1,0,0,0,5,0,10,0,9,1,0,0,0,2,0,0.066666666,sa3025199
2025,J.R. Freethy,TOR,CPX,22,10,30,40,5,4,0,1,0,4,3,7,0,11,3,0,0,0,1,0,0.166666666,sa3025310
2025,Will Turner,BOS,CPX,22,9,23,37,3,2,0,0,1,9,6,13,0,8,0,1,0,0,1,1,0.130434782,sa3025313
2025,Caden Powell,HOU,CPX,21,6,12,20,1,1,0,0,0,1,1,5,1,7,2,1,0,0,0,0,0.083333333,sa3025361
2025,Griffin Burkholder,PHI,CPX,19,15,58,64,11,5,4,0,2,5,8,5,0,17,1,0,0,2,1,0,0.189655172,sa3025418
2025,Andrew Patrick,PIT,CPX,22,12,36,45,5,4,1,0,0,5,3,7,0,17,0,2,0,1,3,0,0.138888888,sa3025439
2026,Brady Marget,TBR,CPX,23,15,54,65,21,16,4,0,1,13,16,8,0,6,2,1,0,0,0,0,0.388888888,sa3025513
2025,Zach MacDonald,DET,CPX,21,13,40,52,10,6,2,2,0,11,1,9,0,15,3,0,0,1,6,0,0.25,sa3025604
2025,Sam Petersen,WSN,CPX,22,11,31,42,12,10,1,0,1,11,7,6,0,9,4,1,0,0,4,1,0.387096774,sa3025609
2025,Tyler Herron,TBR,CPX,22,24,72,88,13,12,1,0,0,6,6,10,0,19,6,0,0,3,0,3,0.180555555,sa3025662
2025,Teo Banks,WSN,CPX,21,10,30,33,6,4,1,1,0,4,1,2,0,8,1,0,0,1,1,1,0.2,sa3026520
2026,Jake Cook,TOR,CPX,22,5,16,20,3,3,0,0,0,2,2,4,0,3,0,0,0,0,1,1,0.1875,sa3029303
2025,Ian Farrow,PIT,CPX,22,9,29,36,5,3,1,0,1,6,6,6,0,12,1,0,0,0,0,0,0.172413793,sa3031177
2025,Dub Gleed,MIA,CPX,22,12,32,46,8,4,4,0,0,7,6,12,0,4,2,0,0,1,2,0,0.25,sa3032302
2025,Dalton McIntyre,ATL,CPX,21,37,127,150,33,30,2,1,0,22,10,23,0,30,0,0,0,1,17,2,0.259842519,sa3037634
2025,Cody Schrier,MIA,CPX,22,6,21,28,8,5,2,0,1,7,5,7,0,4,0,0,0,0,5,0,0.38095238,sa3041782
2026,Brendan Summerhill,TBR,CPX,22,5,18,22,6,4,2,0,0,3,6,3,0,2,0,1,0,0,3,0,0.333333333,sa3043325
2026,Brent Iredale,PIT,CPX,22,5,15,21,7,4,1,1,1,5,6,5,0,5,0,1,0,0,1,0,0.466666666,sa3059570
2026,Diego Tornes,ATL,CPX,17,12,50,53,10,9,1,0,0,5,8,2,0,13,1,0,0,0,6,3,0.2,sa3066458
2026,Cris Rodriguez,DET,CPX,18,18,68,74,18,10,3,2,3,12,10,4,0,25,1,1,0,0,3,1,0.264705882,sa3066593
2025,Eddie Rynders,PIT,CPX,19,51,168,201,35,28,4,2,1,31,24,30,0,50,2,1,0,1,7,1,0.208333333,sa3066663
2025,Wyatt Sanford,PIT,CPX,19,20,54,79,14,11,1,1,1,17,6,15,0,15,9,0,1,1,13,1,0.259259259,sa3066665
2026,Johan De Los Santos,PIT,CPX,17,16,56,72,18,12,0,4,2,22,8,13,0,4,2,0,1,0,12,4,0.321428571,sa3066666
2026,Darell Morel,PIT,CPX,18,17,56,73,13,5,3,4,1,13,9,14,0,21,3,0,0,0,5,0,0.232142857,sa3066667
2025,Jack Lines,TBR,CPX,19,6,15,21,5,4,1,0,0,3,0,5,0,6,1,0,0,0,3,1,0.333333333,sa3066763
2025,Ethan Wagner,HOU,CPX,19,41,131,153,30,20,5,1,4,25,21,19,0,37,2,1,0,4,2,3,0.229007633,sa3066860
2026,Ethan Wagner,HOU,CPX,20,17,49,65,12,5,3,3,1,13,15,13,0,12,3,0,0,1,6,1,0.244897959,sa3066860
2025,Luke Davis,PHI,CPX,22,12,30,42,8,4,2,0,2,5,2,12,0,7,0,0,0,2,0,0,0.266666666,sa3067039
2025,Eric Hartman,ATL,CPX,19,6,20,27,2,2,0,0,0,4,1,5,0,7,1,1,0,0,4,1,0.1,sa3067040
2025,Nate George,BAL,CPX,19,23,81,92,31,25,1,2,3,20,14,9,0,14,1,0,1,2,13,6,0.382716049,sa3067128
2025,Sir Jamison Jones,WSN,CPX,19,40,120,153,28,18,6,0,4,16,25,26,0,38,4,3,0,1,2,0,0.233333333,sa3067322
2025,D'Angelo Ortiz,BOS,CPX,20,51,154,185,42,38,3,1,0,22,18,27,0,34,2,2,0,5,12,2,0.272727272,sa3067324
2025,Andrew Tess,BAL,CPX,18,54,133,188,34,25,5,2,2,33,27,34,0,39,18,3,0,6,17,4,0.255639097,sa3067325
2025,Yan Cruz,BOS,CPX,18,43,129,164,20,13,4,1,2,14,12,34,0,79,1,0,0,0,11,4,0.155038759,sa3067328
2025,Luke Dickerson,WSN,CPX,19,6,22,26,6,5,0,0,1,5,10,4,0,4,0,0,0,0,1,1,0.272727272,sa3067329
2025,Ediel Rivera,NYY,CPX,19,48,153,185,35,22,10,1,2,27,16,17,0,49,12,3,0,2,12,4,0.228758169,sa3067330
2025,DJ Layton,BAL,CPX,18,40,104,135,19,14,5,0,0,28,5,25,0,37,5,0,1,0,10,1,0.182692307,sa3067333
2025,Derek Datil,TBR,CPX,19,50,161,203,44,35,7,1,1,32,20,33,0,33,3,1,5,1,11,1,0.273291925,sa3067337
2025,Jude Warwick,DET,CPX,19,47,145,192,38,27,8,0,3,35,20,26,0,30,15,5,1,0,22,5,0.262068965,sa3067338
2025,Arturo Flores,HOU,CPX,19,13,36,44,11,7,2,2,0,9,8,7,0,11,0,1,0,3,0,0,0.305555555,sa3067342
2025,Hunter Dobbins,DET,CPX,22,19,49,58,7,3,3,0,1,5,4,7,0,19,2,0,0,3,1,0,0.142857142,sa3067393
2025,Jessada Brown,MIA,CPX,22,21,69,84,12,11,0,0,1,13,7,11,0,26,3,1,0,0,5,1,0.173913043,sa3067394
2025,Luis Leon,MIA,CPX,18,24,73,88,8,4,4,0,0,9,2,13,0,41,2,0,0,0,10,2,0.109589041,sa3067401
2026,Luis Leon,MIA,CPX,19,18,51,65,16,8,6,1,1,13,11,12,1,15,0,1,1,0,10,1,0.31372549,sa3067401
2025,Gabriel Rosado,DET,CPX,19,20,46,56,12,10,1,0,1,8,7,10,0,22,0,0,0,0,3,1,0.260869565,sa3067423
2025,Carl Calixte,PIT,CPX,18,27,65,77,10,6,2,2,0,8,6,10,0,32,1,1,0,0,1,3,0.153846153,sa3067444
2026,Carl Calixte,PIT,CPX,19,11,30,32,11,8,1,1,1,6,9,2,0,6,0,0,0,0,3,0,0.366666666,sa3067444
2025,Hayden Travinski,HOU,CPX,24,15,32,43,6,6,0,0,0,7,2,10,0,12,1,0,0,1,2,0,0.1875,sa3067496
2026,Kennew Blanco,TOR,CPX,20,18,59,67,10,8,2,0,0,11,4,7,0,14,1,0,0,1,4,0,0.169491525,sa3067640
2026,Andreimi Antunez,TBR,CPX,19,18,71,86,16,11,3,0,2,10,12,10,0,11,4,0,1,5,3,0,0.225352112,sa3067643
2026,Luis De Leon,HOU,CPX,19,10,27,34,12,8,4,0,0,8,2,7,0,3,0,0,0,1,1,0,0.444444444,sa3067652
2026,Edgar Walker,PIT,CPX,18,11,31,35,6,4,2,0,0,5,1,3,0,6,0,1,0,0,1,0,0.193548387,sa3067660
2026,Anderson Araujo,PHI,CPX,18,17,63,76,16,12,2,2,0,15,5,12,0,9,1,0,0,1,5,0,0.253968253,sa3067663
2026,Dorian Soto,BOS,CPX,18,17,67,73,17,14,3,0,0,10,5,6,0,19,0,0,0,0,6,1,0.253731343,sa3067678
2026,Wilfri De La Cruz,BAL,CPX,18,18,47,60,12,7,2,1,2,11,9,12,0,13,1,0,0,0,2,4,0.255319148,sa3067682
2026,Brayan Cortesia,WSN,CPX,18,15,48,53,8,6,2,0,0,4,5,5,0,18,0,0,0,1,4,1,0.166666666,sa3067686
2026,Haritzon Castillo,MIN,CPX,18,5,17,21,2,2,0,0,0,2,0,3,0,9,1,0,0,0,3,1,0.117647058,sa3067692
2026,Jhomnardo Reyes,MIN,CPX,18,13,37,47,14,5,3,2,4,12,15,9,0,7,1,0,0,1,3,2,0.378378378,sa3067700
2026,Kenly Hunter,STL,CPX,18,12,36,48,6,4,2,0,0,7,3,11,0,9,1,0,0,1,6,1,0.166666666,sa3067701
2026,Teilon Serrano,MIN,CPX,18,17,49,69,10,6,1,2,1,8,8,16,0,22,3,1,0,0,4,3,0.204081632,sa3067703
2026,Romeli Espinosa,PHI,CPX,18,19,77,86,20,14,3,2,1,11,11,5,0,18,2,2,0,0,0,2,0.259740259,sa3067704
2026,Harold Rivas,BOS,CPX,18,16,56,65,14,8,3,2,1,14,8,8,0,19,1,0,0,1,11,0,0.25,sa3067705
2026,Juan Alva,MIA,CPX,20,11,23,33,7,6,1,0,0,7,7,10,0,2,0,0,0,1,5,1,0.304347826,sa3067708
2026,Franklin Primera,BOS,CPX,19,16,47,65,18,14,2,0,2,10,6,14,0,7,3,1,0,1,1,1,0.382978723,sa3067709
2026,Marconi German,WSN,CPX,18,17,41,58,8,5,0,1,2,10,8,13,0,15,3,1,0,0,2,2,0.195121951,sa3067715
2026,Emmanuel Cedeno,TBR,CPX,18,19,71,91,17,11,4,2,0,17,10,16,0,11,3,1,0,1,4,1,0.239436619,sa3067717
2026,Fredderick Ovalle,PIT,CPX,19,13,39,50,12,10,1,1,0,6,7,7,0,5,2,2,0,0,7,2,0.307692307,sa3067718
2026,Gabriel Rodriguez,PIT,CPX,18,17,56,65,11,8,1,0,2,8,8,6,0,16,2,1,0,2,3,1,0.196428571,sa3067720
2026,Jose Barrios,MIN,CPX,18,12,32,39,10,8,2,0,0,10,9,5,0,4,2,0,0,2,3,1,0.3125,sa3067730
2026,Sebastian Dos Santos,STL,CPX,18,19,60,78,18,7,6,1,4,17,11,15,0,20,3,0,0,0,8,2,0.3,sa3067732
2026,Daniel Hernandez,WSN,CPX,18,9,28,29,5,4,1,0,0,1,3,1,0,4,0,0,0,0,0,0,0.178571428,sa3067734
2026,Hyun Seung Lee,PIT,CPX,18,14,50,62,16,9,2,3,2,13,20,9,0,14,2,1,0,0,1,3,0.32,sa3067735
2026,Angel De Los Santos,DET,CPX,18,19,76,79,19,12,3,1,3,12,11,2,0,21,1,0,0,1,5,1,0.25,sa3067737
2026,Malvin Fernandez,ATL,CPX,17,13,40,50,4,3,1,0,0,5,4,8,0,14,0,2,0,0,2,0,0.1,sa3067745
2026,Yovanny Duran,MIN,CPX,18,17,61,70,18,12,2,1,3,14,13,7,0,17,1,1,0,1,7,2,0.295081967,sa3067747
2026,Miguel Hernandez,STL,CPX,18,18,61,68,12,7,2,1,2,10,13,6,0,17,1,0,0,0,4,3,0.196721311,sa3067750
2026,Juan Rujano,STL,CPX,18,18,57,64,13,10,2,0,1,7,9,4,0,20,3,0,0,2,0,0,0.228070175,sa3067752
2026,Miguel Caraballo,MIN,CPX,17,17,48,61,13,6,5,0,2,10,8,9,0,17,2,1,0,1,5,1,0.270833333,sa3067756
2026,Joyner Perez,MIN,CPX,18,9,24,32,5,3,2,0,0,3,3,5,0,9,2,1,0,1,0,0,0.208333333,sa3067762
2026,Luis Arana,MIA,CPX,18,16,52,63,21,19,1,1,0,11,5,9,0,5,1,1,0,0,14,3,0.403846153,sa3067767
2026,Juan Rojas,HOU,CPX,18,16,39,59,14,10,4,0,0,8,6,16,0,9,2,0,2,0,7,2,0.358974358,sa3067771
2026,Anderson Areinamo,HOU,CPX,19,17,49,63,7,4,2,0,1,10,7,10,0,15,2,2,0,2,7,0,0.142857142,sa3067775
2026,Hector Ramos,BOS,CPX,18,12,42,52,8,5,3,0,0,3,6,8,0,15,0,2,0,1,6,1,0.19047619,sa3067783
2026,Jhorman Bravo,BOS,CPX,18,15,49,58,12,8,3,0,1,8,7,8,0,7,0,1,0,0,8,1,0.244897959,sa3067799
2026,Manuel Campos,ATL,CPX,18,21,73,90,20,15,2,2,1,14,4,17,0,15,0,0,0,0,13,1,0.273972602,sa3067815
2026,Yoelvis Betancourt,ATL,CPX,18,11,42,46,11,8,3,0,0,9,8,4,0,8,0,0,0,3,0,0,0.261904761,sa3067847
2026,Leni Done,NYY,CPX,19,21,78,93,22,15,2,2,3,17,19,11,0,22,2,2,0,1,8,2,0.282051282,sa3067859
2026,Johan Rodriguez,ATL,CPX,18,17,57,66,14,9,4,0,1,10,7,6,0,17,2,1,0,3,3,0,0.245614035,sa3067860
2026,Arlenn Manzanillo,ATL,CPX,18,11,30,34,4,2,2,0,0,0,3,3,0,12,0,1,0,1,0,0,0.133333333,sa3067872
2026,Nauris De La Cruz,WSN,CPX,18,17,49,65,12,11,0,0,1,10,8,13,0,15,2,1,0,1,11,3,0.244897959,sa3067878
2026,Starlin Mieses,BAL,CPX,18,12,23,31,1,1,0,0,0,0,2,7,0,13,0,0,1,1,0,0,0.04347826,sa3067884
2026,Yeider Mindiola,NYM,CPX,19,15,36,45,8,6,0,2,0,9,3,8,0,15,0,1,0,2,3,1,0.222222222,sa3067885
2026,Royelny Strop,STL,CPX,18,19,58,70,13,8,3,0,2,10,12,11,0,15,0,1,0,1,3,1,0.224137931,sa3068180
2026,Darwin Almanzar,MIN,CPX,18,12,32,44,7,5,2,0,0,7,8,10,0,9,1,1,0,3,1,0,0.21875,sa3068186
2026,Juan Elejandro,ATL,CPX,18,10,32,38,10,8,2,0,0,1,5,3,0,7,2,1,0,2,0,0,0.3125,sa3068191
2026,Gabriel Flores,PHI,CPX,18,7,17,20,2,1,1,0,0,2,2,2,0,8,1,0,0,0,0,0,0.117647058,sa3068396
2025,Dylan Leach,TOR,CPX,22,19,49,58,8,6,2,0,0,6,3,8,0,15,0,1,0,1,0,0,0.163265306,sa3068669
2026,Louis Andujar,BOS,CPX,18,15,52,60,21,10,8,0,3,14,12,7,0,14,1,0,0,0,6,1,0.403846153,sa3068889
2026,Jonathan Alcantara,PHI,CPX,18,16,42,44,11,7,1,0,3,9,10,2,0,12,0,0,0,0,0,1,0.261904761,sa3068969
2026,Jack Barker,PHI,CPX,21,20,70,85,22,12,8,0,2,14,11,13,1,29,0,1,1,0,5,0,0.314285714,sa3069173
2026,Logan Dawson,PHI,CPX,20,19,56,76,11,3,7,0,1,11,9,15,0,25,4,0,1,0,1,0,0.196428571,sa3069204
2026,Gustavo Melendez,PIT,CPX,18,14,45,60,7,3,4,0,0,11,4,14,0,15,1,0,0,1,4,0,0.155555555,sa3069270
2026,Tim Piasentin,TOR,CPX,19,19,64,80,12,7,4,0,1,11,6,14,0,21,2,0,0,0,2,0,0.1875,sa3069278
2026,Jaiden Lo Re,BAL,CPX,19,19,62,72,20,17,2,0,1,9,12,8,0,6,0,2,0,0,7,1,0.322580645,sa3069280
2026,Conor Essenburg,ATL,CPX,19,5,17,20,3,3,0,0,0,0,1,3,0,7,0,0,0,1,0,1,0.176470588,sa3069281
2026,Jase Mitchell,HOU,CPX,19,16,35,61,5,2,2,1,0,14,5,24,0,19,2,0,0,0,6,2,0.142857142,sa3069286
2026,Anthony Frobose,NYM,CPX,18,13,43,54,8,7,0,0,1,12,4,7,0,18,3,1,0,1,4,1,0.186046511,sa3069292
2026,Wyatt Vincent,NYM,CPX,19,11,28,40,8,4,2,2,0,11,4,11,0,8,1,0,0,2,4,2,0.285714285,sa3069295
2026,Carter Gwost,PIT,CPX,19,6,18,26,1,1,0,0,0,4,1,6,0,12,2,0,0,0,1,0,0.055555555,sa3069309
2026,Landon Arroyos,HOU,CPX,19,15,40,53,6,6,0,0,0,9,4,11,0,15,2,0,0,2,11,0,0.15,sa3069314
2026,Cam Lee,BAL,CPX,20,8,22,27,6,6,0,0,0,5,1,4,0,1,1,0,0,1,6,0,0.272727272,sa3069381
2026,Joephillip Guzman,BAL,CPX,19,16,36,40,5,2,3,0,0,2,3,4,0,7,0,0,0,1,0,3,0.138888888,sa3075625
2026,Caden Merritt,ATL,CPX,19,7,21,29,5,3,1,1,0,4,2,6,0,8,1,1,0,0,5,0,0.238095238,sa3076054
2026,Yamvier Carrero,ATL,CPX,19,14,49,61,15,12,3,0,0,7,4,8,0,12,4,0,0,0,5,1,0.306122448,sa3076211
2026,Sam White,TOR,CPX,22,20,58,72,19,11,4,0,4,15,13,10,0,18,3,1,0,0,1,1,0.327586206,sa3076280
2026,Owen Gregg,TOR,CPX,19,10,26,31,10,9,0,1,0,9,8,4,0,5,1,0,0,2,3,0,0.384615384,sa3076281
2026,Gavin Smith,TOR,CPX,20,9,27,31,6,5,0,1,0,5,2,3,0,8,1,0,0,1,0,0,0.222222222,sa3076312
2026,August Cuneo,HOU,CPX,18,7,17,24,6,3,3,0,0,5,5,5,0,6,2,0,0,0,0,0,0.352941176,sa3076335
2026,Danandres Colon,DET,CPX,19,12,27,38,8,7,1,0,0,9,1,7,0,7,2,0,2,0,4,1,0.296296296,sa3076360
2026,David McCann,NYY,CPX,22,6,21,24,6,3,1,0,2,3,5,0,0,6,2,1,0,1,1,0,0.285714285,sa3076393
2006,Walter Ibarra,NYY,R,18,24,72,86,19,17,2,0,0,4,7,12,0,8,1,0,1,2,3,2,0.263888888,sa314143
2007,Walter Ibarra,NYY,R,19,16,39,46,8,6,2,0,0,6,4,4,0,8,2,1,0,2,0,1,0.205128205,sa314143
2012,Walter Ibarra,NYY,R,24,7,22,22,4,2,2,0,0,1,0,0,0,3,0,0,0,2,0,0,0.181818181,sa314143
2006,Maxwell Leon,DET,R,22,17,49,57,9,5,3,0,1,9,5,6,0,13,0,0,0,0,0,0,0.183673469,sa326041
2006,Cole Miles,ATL,R,19,32,114,140,35,28,4,2,1,23,10,22,0,20,3,0,1,0,18,2,0.307017543,sa326096
2006,Brian Mathews,LAD,R,18,44,156,179,39,24,11,1,3,26,26,21,0,30,1,0,1,3,2,1,0.25,sa326098
2008,Brian Mathews,LAD,R,20,9,25,31,5,4,1,0,0,4,3,5,0,5,1,0,0,0,3,0,0.2,sa326098
2006,Milton Loo,CIN,R,20,14,43,46,16,9,6,0,1,10,7,1,0,5,2,0,0,1,0,1,0.372093023,sa326100
2006,Levi Tapia,BOS,R,19,15,43,49,8,6,1,0,1,6,3,5,0,16,0,1,0,1,0,0,0.186046511,sa326112
2006,Matt Sheely,BOS,R,19,41,106,122,31,27,1,3,0,16,14,12,0,18,0,1,3,0,4,4,0.29245283,sa326113
2006,Jake Long,CIN,R,20,27,84,90,28,22,6,0,0,12,8,5,0,14,1,0,0,1,0,0,0.333333333,sa326119
2006,Angel Cabrera,CIN,R,20,48,166,196,49,29,15,2,3,31,17,24,0,30,2,2,2,4,2,1,0.295180722,sa326120
2006,Adam Howard,FLA,R,20,49,161,177,33,25,5,3,0,7,15,13,0,40,2,0,1,7,3,1,0.204968944,sa326124
2007,Joshua Short,FLA,R,20,35,102,126,23,14,4,1,4,15,18,15,0,33,7,1,1,2,0,3,0.225490196,sa326125
2006,Justin Byler,PIT,R,20,42,147,164,45,26,13,1,5,22,28,9,0,24,5,3,0,5,5,0,0.306122448,sa326259
2011,Billy Rowell,BAL,R,22,17,66,71,18,10,6,1,1,9,7,3,1,11,1,1,0,3,1,0,0.272727272,sa326471
2006,Cody Johnson,ATL,R,17,32,114,127,21,13,6,1,1,13,16,12,0,49,0,1,0,1,2,0,0.184210526,sa326488
2010,Cody Johnson,ATL,R,21,6,20,22,5,3,0,0,2,5,4,2,0,8,0,0,0,0,1,1,0.25,sa326488
2006,Jason Place,BOS,R,18,33,113,132,33,25,3,1,4,14,21,17,0,35,1,1,0,5,3,3,0.292035398,sa326496
2010,Jason Place,BOS,R,22,9,26,26,3,0,2,0,1,3,3,0,0,12,0,0,0,0,0,0,0.115384615,sa326496
2008,Fabio Murakami,PHI,R,20,29,94,102,27,21,5,0,1,14,10,6,0,17,1,0,1,1,1,1,0.287234042,sa326499
2006,Preston Mattingly,LAD,R,18,47,186,199,54,38,12,3,1,22,29,9,0,39,1,3,0,3,12,3,0.29032258,sa326504
2006,Thomas Hickman,FLA,R,18,50,175,207,46,28,12,4,2,28,20,30,0,43,2,0,0,2,4,5,0.262857142,sa326537
2009,Thomas Hickman,FLA,R,21,6,22,24,6,3,2,0,1,5,4,1,0,9,1,0,0,0,0,0,0.272727272,sa326537
2006,Stephen Englund,WSN,R,18,35,115,138,21,17,3,0,1,16,12,17,0,41,4,1,1,2,5,1,0.182608695,sa326544
2007,Stephen Englund,WSN,R,19,24,79,108,20,17,3,0,0,18,2,28,0,24,1,0,0,2,13,4,0.253164556,sa326544
2006,Jared Keel,PIT,R,21,21,74,84,32,23,6,1,2,15,13,7,0,10,1,2,0,1,5,1,0.432432432,sa326581
2006,Tom Hagan,PIT,R,22,38,112,136,30,25,3,1,1,18,7,17,2,18,6,0,1,2,6,2,0.267857142,sa326584
2007,Tom Hagan,PIT,R,23,37,122,146,42,31,7,2,2,22,24,16,1,22,6,1,1,2,1,3,0.344262295,sa326584
2006,Torre Langley,FLA,R,18,25,77,77,13,12,1,0,0,2,1,0,0,12,0,0,0,3,0,0,0.168831168,sa326679
2007,Stephen King,WSN,R,19,42,161,179,40,24,6,1,9,20,30,12,0,47,4,1,1,1,1,2,0.248447204,sa326680
2007,Kyle Orr,LAD,R,18,48,158,182,36,26,7,0,3,25,19,19,0,47,5,0,0,1,1,1,0.227848101,sa326702
2006,Justin Reed,CIN,R,18,44,161,187,29,20,2,6,1,17,16,19,0,45,1,0,6,3,6,5,0.180124223,sa326703
2007,Justin Reed,CIN,R,19,32,129,146,40,30,5,4,1,20,11,13,0,31,3,0,1,0,9,3,0.310077519,sa326703
2006,Johnni Turbo,PHI,R,17,31,128,136,40,30,7,1,2,20,13,7,0,32,1,0,0,1,11,4,0.3125,sa326716
2008,Devin Shepherd,STL,R,20,34,114,127,31,25,6,0,0,16,7,10,0,33,3,0,0,2,2,1,0.271929824,sa326747
2006,Justin Jacobs,FLA,R,17,31,95,111,27,25,1,0,1,14,8,11,0,15,2,0,3,2,8,2,0.284210526,sa326789
2006,Austin McClune,PIT,R,18,42,148,157,43,36,7,0,0,17,10,5,0,32,2,1,1,2,2,3,0.29054054,sa326816
2007,Corteze Armstrong,CLE,R,23,37,113,131,30,25,5,0,0,12,14,12,0,33,5,1,0,0,10,1,0.265486725,sa326821
2006,Jaime Ortiz,LAD,R,17,50,181,204,42,34,5,1,2,21,22,18,0,45,3,1,1,2,1,2,0.232044198,sa326826
2006,Daniel Stegall,NYM,R,18,40,145,171,31,25,5,1,0,18,18,23,0,42,1,1,1,4,5,2,0.213793103,sa326842
2007,Jon Waltenbury,MIN,R,19,41,123,144,30,21,6,0,3,19,16,18,0,31,2,1,0,3,1,1,0.243902439,sa326844
2006,Adam Coe,ATL,R,18,43,156,175,42,25,9,1,7,23,32,16,1,39,2,1,0,4,0,1,0.269230769,sa326848
2006,Robert Alcombrack,CLE,R,18,32,101,109,20,15,5,0,0,9,9,5,0,31,0,2,1,3,0,0,0.198019801,sa326849
2007,Robert Alcombrack,CLE,R,19,38,127,148,31,14,10,0,7,20,23,14,0,41,6,1,0,2,2,0,0.244094488,sa326849
2006,Alan Robbins,PHI,R,22,17,45,51,8,4,4,0,0,3,4,3,0,10,2,1,0,3,1,1,0.177777777,sa326866
2006,Mike Deveaux,PHI,R,22,21,78,91,21,16,4,0,1,5,12,8,0,18,0,2,3,3,0,1,0.269230769,sa326867
2006,Michael Sullivan,DET,R,22,47,164,190,47,36,7,4,0,28,14,19,0,35,1,0,6,4,10,0,0.286585365,sa326948
2006,Michael Bertram,DET,R,22,44,164,176,41,29,10,1,1,22,25,3,1,26,3,4,2,1,8,1,0.25,sa326953
2006,J.R. Voyles,NYM,R,22,45,160,192,40,34,6,0,0,27,19,22,0,31,1,1,8,3,2,1,0.25,sa326958
2006,Sean Rooney,WSN,R,20,44,170,186,41,31,5,2,3,19,26,14,2,25,1,0,1,3,2,2,0.24117647,sa327039
2006,Daniel Garcia,FLA,R,18,33,125,133,27,16,6,3,2,21,12,8,0,28,0,0,0,1,1,1,0.216,sa327043
2009,Daniel Garcia,FLA,R,21,10,36,41,8,6,1,1,0,6,2,3,0,8,2,0,0,2,0,0,0.222222222,sa327043
2006,T.J. Warren,PHI,R,17,39,136,153,28,21,6,0,1,13,16,11,0,50,0,3,3,0,5,1,0.205882352,sa327045
2007,T.J. Warren,PHI,R,18,36,109,120,23,19,3,0,1,8,4,9,0,42,1,0,1,0,4,1,0.211009174,sa327045
2006,Rafael Cabreja,BOS,R,19,24,66,77,10,7,3,0,0,8,5,7,0,14,0,2,2,1,2,0,0.151515151,sa327051
2010,Christopher Duffy,PHI,R,22,47,169,203,46,28,12,0,6,29,32,29,0,40,3,2,0,1,0,0,0.272189349,sa327090
2011,Christopher Duffy,PHI,R,23,38,123,148,36,22,8,0,6,21,27,21,0,32,2,2,0,1,0,0,0.292682926,sa327090
2006,Thomas Cowgill,MIN,R,22,35,119,144,22,12,6,2,2,20,13,19,0,37,2,4,0,1,0,3,0.184873949,sa327104
2006,Hayden Parrott,DET,R,18,10,35,40,15,10,4,1,0,5,3,3,0,6,1,1,0,0,2,0,0.428571428,sa327140
2007,Hayden Parrott,DET,R,19,52,196,208,57,49,6,0,2,21,21,8,0,30,1,1,2,3,2,2,0.290816326,sa327140
2006,Joe Bowen,DET,R,18,35,84,100,22,19,2,1,0,13,8,15,1,27,1,0,0,1,6,1,0.261904761,sa327653
2007,Joe Bowen,DET,R,19,40,126,144,30,21,4,1,4,13,16,14,0,38,3,0,1,3,1,0,0.238095238,sa327653
2006,Brett Logan,WSN,R,23,14,22,28,8,7,1,0,0,3,2,5,0,2,0,0,1,1,0,0,0.363636363,sa327665
2006,Herman Demmink,PHI,R,22,18,64,71,18,15,2,1,0,16,8,4,0,6,0,0,3,2,9,0,0.28125,sa327679
2006,Nicholas Giarraputo,NYM,R,18,47,181,197,39,32,7,0,0,16,11,13,0,40,1,1,1,4,1,1,0.215469613,sa327709
2006,Kevin Harrington,MIN,R,18,36,110,131,15,13,2,0,0,13,6,16,1,31,3,0,2,0,4,2,0.136363636,sa327711
2007,Kevin Harrington,MIN,R,19,9,25,27,4,1,2,1,0,5,4,1,0,10,1,0,0,0,0,0,0.16,sa327711
2006,Darin McDonald,PHI,R,18,37,128,142,34,27,7,0,0,13,15,7,0,31,6,1,0,1,5,3,0.265625,sa327712
2007,Darin McDonald,PHI,R,19,42,134,148,25,21,2,0,2,16,12,12,0,38,1,1,0,3,2,5,0.186567164,sa327712
2007,Joseph Tucker,DET,R,23,9,35,37,9,6,3,0,0,3,3,2,0,5,0,0,0,0,2,0,0.257142857,sa327747
2006,Gregory Smith,PIT,R,22,11,31,36,7,5,2,0,0,2,2,4,0,5,0,1,0,0,1,0,0.225806451,sa327782
2007,Ryan Wehrle,NYY,R,22,30,107,122,30,20,7,0,3,14,13,13,0,12,1,1,0,4,0,1,0.280373831,sa327786
2006,D.J. Hollingsworth,NYY,R,21,31,88,130,19,17,2,0,0,24,8,30,0,16,9,2,1,0,11,8,0.21590909,sa327812
2007,Griff Erickson,LAD,R,19,18,49,61,8,8,0,0,0,10,5,8,0,16,3,1,0,1,0,1,0.163265306,sa327827
2008,Griff Erickson,LAD,R,20,29,92,106,24,17,5,0,2,11,7,12,0,17,1,1,0,0,0,1,0.260869565,sa327827
2006,Rafael Sanchez,CIN,R,19,37,116,140,24,21,2,1,0,10,11,20,0,22,4,0,0,3,0,2,0.206896551,sa327828
2007,Rafael Sanchez,CIN,R,20,24,80,89,13,9,3,0,1,10,1,8,0,18,1,0,0,3,1,1,0.1625,sa327828
2006,Mark Dolenc,MIN,R,21,51,189,212,40,33,4,2,1,28,26,16,0,43,1,3,3,3,10,4,0.211640211,sa327853
2007,John Martin,LAD,R,23,12,29,35,6,6,0,0,0,4,3,6,0,7,0,0,0,0,1,0,0.206896551,sa327865
2006,Brock Ungricht,NYY,R,21,14,27,34,5,4,1,0,0,0,2,7,0,6,0,0,0,1,0,0,0.185185185,sa327871
2006,Brian Baisley,NYY,R,23,14,55,60,19,15,3,0,1,10,8,4,0,8,0,0,1,1,0,1,0.345454545,sa327893
2007,Stephen Douglas,CLE,R,22,9,33,35,11,8,2,1,0,4,6,1,0,10,0,1,0,0,5,1,0.333333333,sa327976
2006,Charles Hargis,CLE,R,22,27,85,93,21,20,1,0,0,9,8,7,0,20,0,1,0,1,6,1,0.247058823,sa327978
2006,Adam Carr,WSN,R,22,25,35,40,12,6,4,0,2,5,10,5,0,5,0,0,0,0,0,0,0.342857142,sa328035
2006,Matthew Clarkson,PIT,R,22,25,81,91,29,24,4,0,1,6,13,5,0,10,4,1,0,2,0,1,0.358024691,sa328036
2006,Daryl King,CLE,R,18,23,73,80,14,12,1,1,0,10,7,7,0,22,0,0,0,2,1,0,0.191780821,sa328052
2007,Daryl King,CLE,R,19,21,47,53,7,4,2,0,1,7,5,6,0,30,0,0,0,0,0,0,0.14893617,sa328052
2007,Jon Del Campo,TOR,R,19,27,95,108,32,19,11,1,1,19,17,12,0,28,0,1,0,1,2,0,0.336842105,sa328104
2006,Gilbert Buenrostro,MIN,R,20,13,32,39,9,6,3,0,0,5,0,3,0,9,4,0,0,1,1,1,0.28125,sa328113
2008,Kyle Gilligan,TOR,R,20,36,131,143,37,29,7,0,1,15,15,6,0,23,3,2,1,2,9,1,0.282442748,sa328120
2006,Christopher French,WSN,R,22,34,76,90,13,12,0,0,1,8,4,10,0,28,1,1,2,3,2,1,0.171052631,sa328129
2006,Eric Santiago,MIN,R,18,35,92,121,23,21,2,0,0,15,8,12,0,21,14,1,2,1,8,6,0.25,sa328135
2006,Esteban Lopez,LAD,R,22,13,43,51,12,11,1,0,0,4,5,4,0,5,3,0,1,2,0,0,0.279069767,sa328146
2006,Robert Jacobsen,WSN,R,21,51,193,219,48,40,8,0,0,24,16,18,0,53,3,1,4,3,14,1,0.248704663,sa328156
2007,B.J. Hubbert,NYM,R,21,35,128,145,26,18,5,0,3,19,12,9,0,52,7,1,0,1,4,3,0.203125,sa328172
2008,Matthew McCarney,NYM,R,19,10,28,35,3,2,1,0,0,1,5,1,0,6,5,1,0,2,0,1,0.107142857,sa328177
2007,Tony Brown,CIN,R,19,51,171,197,42,27,8,0,7,26,23,20,0,56,5,1,0,2,1,2,0.245614035,sa328188
2006,Nicholas Diyorio,NYY,R,22,36,133,152,38,30,7,1,0,22,12,16,0,17,0,2,1,1,7,2,0.285714285,sa328189
2006,James Lasala,NYY,R,22,11,16,20,1,1,0,0,0,0,2,4,0,2,0,0,0,0,0,0,0.0625,sa328200
2006,Chase Odenreider,NYY,R,22,21,67,73,17,15,2,0,0,8,4,2,0,11,4,0,0,2,2,0,0.253731343,sa328203
2006,Valentin Ramos,NYM,R,17,5,19,20,1,1,0,0,0,0,0,1,0,7,0,0,0,0,0,0,0.052631578,sa328231
2007,Valentin Ramos,NYM,R,18,13,40,53,10,9,1,0,0,12,3,12,0,17,1,0,0,1,1,0,0.25,sa328231
2007,Nicholas Papasan,MIN,R,19,9,28,31,8,7,1,0,0,3,0,1,0,6,2,0,0,0,2,0,0.285714285,sa328234
2007,Chris Nash,CLE,R,20,47,166,188,52,33,16,0,3,28,21,17,0,35,1,4,0,5,4,1,0.313253012,sa328237
2010,Rafael Valenzuela,HOU,R,22,16,51,59,14,6,5,2,1,10,7,6,0,6,1,0,1,0,2,1,0.274509803,sa328241
2007,Luis Fernandez,TOR,R,19,27,67,73,18,15,3,0,0,7,4,6,0,4,0,0,0,4,0,1,0.268656716,sa328250
2008,Luis Fernandez,TOR,R,20,27,93,104,23,16,6,0,1,15,7,5,0,18,5,1,0,4,5,0,0.247311827,sa328250
2007,D'Marcus Ingram,STL,R,19,39,120,143,39,35,4,0,0,22,10,19,0,15,3,0,1,2,17,5,0.325,sa328262
2008,Lenell McGee,LAD,R,19,34,108,124,24,17,5,0,2,15,21,10,0,25,5,0,1,6,0,0,0.222222222,sa328280
2008,Chad Gross,NYY,R,20,46,143,154,34,25,7,0,2,16,20,6,0,45,4,1,0,3,5,1,0.237762237,sa328283
2006,Kel Jones,CIN,R,20,28,78,94,20,15,4,1,0,20,2,12,0,15,3,1,0,1,6,1,0.256410256,sa328291
2006,Tyler Hauschild,CIN,R,20,23,43,49,9,9,0,0,0,0,5,2,0,9,4,0,0,2,0,0,0.209302325,sa328316
2006,Chris Carlson,DET,R,22,49,177,209,55,28,16,0,11,27,47,24,0,31,5,3,0,4,3,1,0.310734463,sa328421
2006,Michael Fuentes,PHI,R,22,14,43,48,7,3,4,0,0,4,4,3,0,12,1,1,0,0,1,0,0.162790697,sa328434
2006,Tony De La Cruz,ATL,R,19,20,63,73,12,10,2,0,0,12,3,6,0,10,3,0,1,2,5,4,0.19047619,sa328450
2006,Javier Dominguez,ATL,R,20,29,69,87,15,13,2,0,0,11,7,6,0,12,10,2,0,3,1,0,0.217391304,sa328451
2007,Scott Thomas,STL,R,22,10,26,27,10,9,1,0,0,3,6,1,0,7,0,0,0,0,0,0,0.384615384,sa328453
2007,David Berres,ATL,R,20,45,118,135,20,20,0,0,0,14,3,11,0,36,3,0,3,0,6,3,0.169491525,sa328476
2006,Yonelvy Canal,PIT,R,21,39,125,140,25,16,6,1,2,14,12,10,0,47,1,1,3,2,2,2,0.2,sa328484
2007,Yonelvy Canal,PIT,R,22,28,86,95,23,11,6,1,5,12,22,7,0,32,0,1,0,2,4,3,0.26744186,sa328484
2006,Carlos Fernandez-Oliva,BOS,R,19,43,155,181,46,29,12,2,3,33,23,20,0,26,1,2,3,0,9,5,0.296774193,sa328486
2006,Roberto Sosa,BOS,R,21,28,89,101,19,11,6,0,2,8,8,11,1,26,1,0,0,2,0,0,0.213483146,sa328487
2006,Luis Sumoza,BOS,R,17,38,117,130,24,17,5,1,1,13,14,10,0,38,0,3,0,1,7,2,0.205128205,sa328488
2007,Luis Sumoza,BOS,R,18,53,190,210,48,24,17,4,3,21,31,17,0,58,1,1,1,5,2,1,0.252631578,sa328488
2006,Pedro Vasquez,BOS,R,20,33,113,133,29,23,4,0,2,19,12,15,0,23,4,0,1,2,6,4,0.256637168,sa328489
2006,Jason Winkler,CIN,R,22,18,47,53,8,5,2,0,1,3,4,5,0,10,0,1,0,1,0,0,0.170212765,sa328490
2006,Ryan Brown,CIN,R,23,7,23,25,8,6,2,0,0,3,7,1,0,3,0,1,0,1,1,0,0.347826086,sa328491
2006,Enmanuel Cabrera,CIN,R,20,35,120,130,35,33,0,2,0,15,5,6,0,29,2,0,2,4,11,6,0.291666666,sa328492
2006,David Scott,CIN,R,21,31,99,116,20,14,5,0,1,8,9,13,0,29,1,3,0,0,1,1,0.202020202,sa328495
2007,David Scott,CIN,R,22,43,140,156,41,31,7,1,2,14,22,15,0,34,0,1,0,4,1,1,0.292857142,sa328495
2006,Orlando Rodriguez,DET,R,20,35,95,102,19,14,2,0,3,14,14,5,0,18,1,1,0,1,3,0,0.2,sa328500
2007,Orlando Rodriguez,DET,R,21,32,113,120,32,25,5,0,2,15,12,6,0,22,0,0,1,3,3,4,0.28318584,sa328500
2006,Carlos Ramirez,DET,R,20,25,76,81,15,11,3,0,1,9,6,1,0,32,3,0,1,0,1,0,0.197368421,sa328502
2007,Carlos Ramirez,DET,R,21,46,148,165,40,24,9,3,4,24,26,13,0,52,4,0,0,3,1,1,0.27027027,sa328502
2006,Estarlin De Los Santos,MIN,R,19,24,82,94,16,13,1,2,0,12,2,8,0,18,3,0,1,3,8,2,0.195121951,sa328503
2011,Estarlin De Los Santos,MIN,R,24,11,42,43,6,5,1,0,0,2,1,0,0,6,0,0,1,1,1,1,0.142857142,sa328503
2006,Deibinson Romero,MIN,R,19,50,176,197,55,39,10,2,4,37,38,13,0,37,4,4,0,4,6,3,0.3125,sa328505
2006,Josue Calzado,NYY,R,20,47,172,197,43,30,7,3,3,31,26,21,3,26,0,4,0,2,10,4,0.25,sa328507
2006,Yang Carlos Perez,NYY,R,21,38,110,128,21,17,2,0,2,18,12,12,0,28,3,1,2,2,0,2,0.19090909,sa328509
2006,Wady Rufino,NYY,R,21,19,71,76,13,6,6,0,1,9,9,4,0,12,0,1,0,3,0,0,0.183098591,sa328510
2007,Wady Rufino,NYY,R,22,38,116,135,40,25,8,1,6,25,24,13,1,19,4,2,0,6,0,1,0.344827586,sa328510
2006,Jesus Sanchez,PHI,R,18,8,26,29,5,3,2,0,0,1,1,1,0,8,1,1,0,2,1,0,0.192307692,sa328511
2007,Jesus Sanchez,PHI,R,19,34,96,111,20,16,4,0,0,12,3,15,0,29,0,0,0,3,3,1,0.208333333,sa328511
2006,Jesus Sanchez,NYY,R,18,24,93,104,25,20,5,0,0,10,10,9,0,19,2,0,0,5,3,0,0.268817204,sa328511
2006,James Newman,NYM,R,22,12,42,50,11,11,0,0,0,4,6,6,0,7,0,0,2,0,0,1,0.261904761,sa328573
2006,Richard Martinez,CLE,R,19,11,30,33,9,6,3,0,0,5,5,1,0,4,0,1,1,2,0,0,0.3,sa328579
2007,Richard Martinez,CLE,R,20,27,88,103,22,20,2,0,0,11,14,12,0,18,2,1,0,2,1,0,0.25,sa328579
2006,Luis Rincon,CLE,R,19,25,89,92,23,21,1,0,1,8,14,2,0,13,1,0,0,2,0,0,0.258426966,sa328580
2007,Luis Rincon,CLE,R,20,34,127,132,29,21,4,0,4,12,20,4,0,20,0,0,1,4,2,1,0.228346456,sa328580
2006,Janel Arias,CLE,R,20,39,144,154,36,25,8,2,1,13,19,6,0,26,2,2,0,2,6,0,0.25,sa328582
2006,Ramon Hernandez,CLE,R,19,47,164,176,42,38,4,0,0,22,13,10,1,39,0,0,2,1,16,4,0.25609756,sa328583
2007,Ramon Hernandez,CLE,R,20,51,163,189,36,25,7,1,3,26,23,17,0,38,3,3,3,3,8,2,0.220858895,sa328583
2006,Lucas Montero,CLE,R,21,45,171,197,45,30,7,2,6,35,26,18,0,32,5,1,2,3,23,7,0.263157894,sa328584
2006,Rene Arias,FLA,R,19,21,54,58,14,14,0,0,0,8,4,4,0,9,0,0,0,0,1,2,0.259259259,sa328588
2007,Rene Arias,FLA,R,20,26,64,66,14,12,2,0,0,9,6,1,0,13,0,0,1,2,0,0,0.21875,sa328588
2008,Rene Arias,FLA,R,21,21,57,66,16,12,4,0,0,11,8,5,0,7,1,1,2,2,1,0,0.280701754,sa328588
2007,Yhonson Lopez,WSN,R,18,36,112,131,32,25,5,0,2,16,18,17,0,28,0,1,1,0,4,4,0.285714285,sa328596
2008,Yhonson Lopez,WSN,R,19,11,34,44,7,5,2,0,0,4,6,8,0,12,1,0,1,2,2,2,0.205882352,sa328596
2006,Francisco Lizarraga,LAD,R,20,47,172,199,47,37,9,0,1,25,20,12,0,19,0,4,11,5,5,3,0.273255813,sa328616
2006,Jovanny Rosario,LAD,R,21,46,180,201,51,39,9,2,1,34,15,15,0,28,2,0,4,1,7,2,0.283333333,sa328617
2006,Dustin Kaats,FLA,R,19,30,92,115,18,11,5,0,2,9,15,18,0,28,3,2,0,1,0,4,0.195652173,sa328740
2006,Richard Pena,NYM,R,18,39,141,165,35,22,10,1,2,21,13,19,0,38,2,2,1,0,8,1,0.24822695,sa328743
2006,Jonathan Santos,NYM,R,20,41,150,179,39,33,5,1,0,24,8,23,0,19,3,0,3,4,10,2,0.26,sa328744
2006,Fernando Encarnacion,CIN,R,20,20,45,47,15,11,3,1,0,2,5,0,0,9,1,1,0,0,0,0,0.333333333,sa328750
2006,Juan Martinez,CIN,R,22,30,84,91,27,23,3,1,0,12,6,2,0,18,3,2,0,0,2,3,0.321428571,sa328751
2006,Luis Arlet,DET,R,21,44,160,171,48,35,4,3,6,33,20,9,0,54,1,1,0,2,20,1,0.3,sa328761
2007,Luis Arlet,DET,R,22,30,109,116,34,25,2,2,5,22,16,3,0,26,4,0,0,5,2,3,0.311926605,sa328761
2006,Jose Felix,NYY,R,20,23,52,63,9,6,2,0,1,5,9,9,0,25,0,2,0,2,3,1,0.173076923,sa328769
2006,Geraldo Rodriguez,NYY,R,18,38,137,152,39,23,13,0,3,18,28,11,1,34,2,2,0,2,2,1,0.284671532,sa328771
2007,Geraldo Rodriguez,NYY,R,19,32,86,101,20,12,6,0,2,15,12,7,0,31,8,0,0,0,1,2,0.232558139,sa328771
2009,Jose Mojica,NYY,R,20,55,198,213,55,41,11,2,1,18,22,10,1,20,3,1,1,4,4,1,0.277777777,sa328848
2007,Johermyn Chavez,TOR,R,18,50,176,203,53,33,12,2,6,29,21,20,0,50,6,1,0,3,7,2,0.301136363,sa328855
2006,John Cherry,NYM,R,23,12,29,33,7,6,1,0,0,3,5,4,0,13,0,0,0,0,1,0,0.24137931,sa328903
2006,Jose De Los Santos,PIT,R,21,45,159,181,44,38,6,0,0,29,11,13,0,22,3,1,5,1,18,5,0.276729559,sa328907
2006,Alex Castillo,CLE,R,20,33,106,116,30,22,6,0,2,16,7,8,0,27,2,0,0,0,3,1,0.283018867,sa328910
2007,Rafael Gil,BOS,R,21,25,75,83,15,10,3,0,2,8,8,2,0,18,6,0,0,5,1,0,0.2,sa328919
2006,Chih-Hsien Chiang,BOS,R,18,33,122,130,35,24,8,2,1,12,12,4,0,11,2,1,1,3,2,0,0.286885245,sa328920
2006,Jeff Beachum,NYY,R,22,15,46,57,9,7,1,0,1,8,2,10,0,4,0,0,0,2,2,0,0.195652173,sa328936
2006,Chih-Hsiang Huang,BOS,R,18,26,72,79,9,5,3,0,1,5,5,6,0,22,0,1,0,2,0,0,0.125,sa328956
2007,Chih-Hsiang Huang,BOS,R,19,34,116,128,24,16,8,0,0,11,9,10,0,27,1,1,0,1,1,1,0.206896551,sa328956
2008,Chih-Hsiang Huang,BOS,R,20,42,133,157,33,19,12,0,2,16,14,20,0,38,1,3,0,5,1,0,0.2481203,sa328956
2006,Jorge Casso,ATL,R,22,33,81,85,14,12,2,0,0,5,7,3,0,26,1,0,0,4,0,0,0.172839506,sa328971
2006,Victor Hernandez,ATL,R,21,13,27,28,8,5,2,1,0,2,0,1,0,6,0,0,0,1,0,0,0.296296296,sa328972
2007,Edgar Lara,STL,R,18,49,160,178,41,22,7,4,8,25,32,15,1,55,2,1,0,5,0,2,0.25625,sa328986
2006,Luis Ramon Arzeno,PHI,R,21,18,59,62,10,9,1,0,0,3,3,3,0,18,0,0,0,1,2,0,0.169491525,sa329001
2007,Luis Ramon Arzeno,PHI,R,22,24,53,61,15,5,9,0,1,7,9,3,0,11,3,1,1,1,0,0,0.283018867,sa329001
2008,Luis Ramon Arzeno,PHI,R,23,11,42,43,8,6,1,0,1,3,7,0,0,9,1,0,0,0,0,0,0.19047619,sa329001
2006,Matthew Reed,PHI,R,23,25,74,82,16,8,5,1,2,8,10,7,0,22,1,0,0,0,3,1,0.216216216,sa329004
2006,Takumi Hamaoka,ATL,R,19,33,83,91,21,17,4,0,0,6,8,6,0,17,2,0,0,2,0,1,0.253012048,sa329070
2007,Takumi Hamaoka,ATL,R,20,41,85,90,18,15,3,0,0,11,6,3,0,20,0,1,1,4,1,0,0.211764705,sa329070
2006,Felix Fermin,CLE,R,21,20,53,63,13,10,3,0,0,10,6,8,0,8,1,1,0,0,2,1,0.245283018,sa329090
2006,Agustin Montanez,PHI,R,19,13,34,38,6,6,0,0,0,2,2,3,0,11,0,1,0,1,1,1,0.176470588,sa329110
2007,Jose Bastardo,CIN,R,21,37,114,132,25,13,6,3,3,21,13,11,0,30,5,0,2,2,3,3,0.219298245,sa329123
2006,Michael Trapani,DET,R,23,12,29,33,1,0,1,0,0,1,0,3,0,6,1,0,0,1,0,0,0.034482758,sa329129
2006,Collin Martin,CLE,R,23,37,122,141,27,20,3,1,3,21,16,15,0,33,1,1,1,5,2,3,0.221311475,sa329205
2006,Aaron Garcia,NYM,R,22,16,38,48,9,8,1,0,0,6,4,7,0,8,0,1,2,0,1,1,0.236842105,sa329216
2006,Jason Schwab,LAD,R,22,30,97,109,23,18,4,1,0,14,9,9,0,11,1,1,1,2,5,6,0.237113402,sa329230
2006,Travis Vetters,LAD,R,22,14,41,46,6,6,0,0,0,2,1,2,0,13,2,0,1,1,2,2,0.146341463,sa329231
2006,Frank Cruz,WSN,R,17,23,48,62,5,3,1,1,0,7,3,11,0,20,0,1,2,0,0,0,0.104166666,sa329233
2007,Frank Cruz,WSN,R,18,24,54,71,6,5,1,0,0,7,1,16,0,24,0,0,1,0,3,1,0.111111111,sa329233
2006,Angel De Castro,WSN,R,21,18,46,54,11,10,1,0,0,7,2,7,0,11,0,0,1,2,0,0,0.239130434,sa329234
2007,Angel De Castro,WSN,R,22,50,177,213,42,34,6,1,1,27,24,29,0,42,4,2,1,5,5,1,0.237288135,sa329234
2006,Richard Hidalgo,WSN,R,18,32,110,116,19,11,6,0,2,9,9,3,0,35,2,1,0,2,0,0,0.172727272,sa329307
2007,Richard Hidalgo,WSN,R,19,31,89,96,15,12,3,0,0,8,2,5,0,41,2,0,0,1,0,0,0.168539325,sa329307
2006,Francisco Vizcaino,WSN,R,21,17,36,45,6,6,0,0,0,3,2,6,0,13,0,0,3,1,5,3,0.166666666,sa329308
2006,Rogelio Del Campo,NYM,R,19,12,26,30,5,3,1,0,1,4,4,4,0,5,0,0,0,0,0,0,0.192307692,sa329327
2007,Rogelio Del Campo,NYM,R,20,14,30,34,9,4,3,0,2,7,7,4,0,5,0,0,0,0,1,0,0.3,sa329327
2006,John Alexander,ATL,R,22,11,16,20,3,3,0,0,0,2,2,3,0,5,1,0,0,0,0,0,0.1875,sa329342
2006,Victor Alvarez,PIT,R,23,17,54,61,9,7,2,0,0,12,6,7,0,6,0,0,0,0,0,1,0.166666666,sa329368
2007,Victor Alvarez,PIT,R,24,36,99,129,21,19,2,0,0,18,7,26,0,19,0,1,3,2,3,0,0.212121212,sa329368
2006,Robert Moron,PHI,R,20,13,45,49,9,8,0,1,0,3,5,4,0,9,0,0,0,1,4,2,0.2,sa329390
2007,Jason Smit,CLE,R,17,35,117,132,25,18,6,0,1,10,15,10,0,35,4,1,0,1,0,0,0.213675213,sa329393
2008,Jason Smit,CLE,R,18,23,55,66,13,8,3,1,1,10,8,8,0,18,3,0,0,2,2,0,0.236363636,sa329393
2006,Steve Malvagna,NYM,R,20,11,25,28,5,5,0,0,0,2,2,2,0,7,1,0,0,1,0,0,0.2,sa329433
2006,Joaquin Rodriguez,NYM,R,21,30,106,125,31,23,4,3,1,19,14,16,0,17,1,2,0,2,1,3,0.29245283,sa329434
2006,Ben Saylor,NYM,R,24,39,142,167,38,26,10,0,2,17,20,22,0,37,3,0,0,3,0,0,0.267605633,sa329435
2006,Jason Anthony,LAD,R,22,10,35,38,10,7,2,0,1,4,3,2,0,3,1,0,0,2,1,0,0.285714285,sa329639
2006,Lyndon Poole,LAD,R,19,17,42,49,10,6,1,3,0,7,6,5,0,16,1,1,0,0,1,0,0.238095238,sa329640
2007,Lyndon Poole,LAD,R,20,36,88,117,18,10,7,1,0,17,17,15,0,22,8,2,4,1,4,3,0.204545454,sa329640
2008,Lyndon Poole,LAD,R,21,20,42,51,11,9,0,0,2,6,6,7,1,18,2,0,0,0,4,0,0.261904761,sa329640
2006,Todd Martin,CLE,R,23,11,23,26,5,3,2,0,0,4,2,3,0,10,0,0,0,0,0,0,0.217391304,sa329986
2006,Nicholas Stillwagon,PIT,R,23,16,49,55,13,10,1,0,2,7,6,5,0,10,0,0,1,0,0,0,0.265306122,sa330854
2006,Mike Marbry,ATL,R,21,10,23,27,3,2,1,0,0,4,0,4,0,10,0,0,0,1,0,0,0.130434782,sa331348
2006,Chad Lundahl,ATL,R,21,11,27,31,12,9,3,0,0,5,4,4,0,2,0,0,0,1,1,0,0.444444444,sa331349
2006,Wangel Baez,NYY,R,18,15,52,61,13,9,4,0,0,8,4,6,0,13,1,0,2,0,3,0,0.25,sa331350
2007,Balbino Fuenmayor,TOR,R,17,48,178,197,31,23,5,2,1,13,12,12,0,68,5,2,0,5,0,0,0.174157303,sa356978
2008,Balbino Fuenmayor,TOR,R,18,50,179,197,55,36,14,2,3,25,26,11,2,48,5,2,0,7,0,3,0.307262569,sa356978
2007,John Fitzpatrick,PIT,R,22,42,127,165,30,14,6,1,9,30,31,29,0,21,4,5,0,3,1,1,0.236220472,sa376320
2007,Emilio Ontiveros,FLA,R,22,7,18,22,2,2,0,0,0,2,1,3,0,5,0,1,0,0,0,0,0.111111111,sa381344
2007,Andres Perez,NYY,R,23,32,107,124,30,20,5,0,5,15,11,13,0,17,2,1,1,1,4,2,0.280373831,sa381978
2007,Kevin Denis-Fortier,TOR,R,19,23,75,89,18,12,3,2,1,9,5,9,0,20,3,1,1,0,1,0,0.24,sa386156
2008,Kevin Denis-Fortier,TOR,R,20,13,40,41,10,3,6,0,1,3,3,1,0,22,0,0,0,0,0,0,0.25,sa386156
2009,Kevin Denis-Fortier,TOR,R,21,30,75,86,14,11,2,1,0,4,4,4,0,21,5,1,1,3,0,0,0.186666666,sa386156
2007,Luis Castillo,WSN,R,17,10,25,30,3,3,0,0,0,3,1,4,0,9,1,0,0,1,0,1,0.12,sa386980
2007,Prilys Cuello,NYY,R,18,47,166,188,47,32,7,2,6,28,24,18,0,39,1,0,3,5,5,5,0.28313253,sa388362
2007,Robbie Minor,NYY,R,22,10,25,25,6,6,0,0,0,2,3,0,0,4,0,0,0,0,1,0,0.24,sa388830
2007,Rich Prall,PHI,R,22,12,26,29,2,1,1,0,0,1,1,2,1,7,0,0,1,1,1,0,0.076923076,sa388840
2007,Juan Garcia,PIT,R,18,22,64,73,7,7,0,0,0,6,4,6,0,20,0,1,2,0,2,1,0.109375,sa388969
2008,Juan Garcia,PIT,R,19,17,53,56,10,5,3,1,1,6,5,0,0,11,0,1,2,2,3,1,0.188679245,sa388969
2007,Brandon Harrigan,DET,R,22,28,78,93,14,13,1,0,0,12,7,11,0,23,2,2,0,3,1,1,0.179487179,sa388983
2008,Brandon Harrigan,DET,R,23,29,87,97,19,13,5,1,0,8,5,6,1,18,3,1,0,3,1,0,0.218390804,sa388983
2007,Chad Rice,PIT,R,22,41,113,145,18,16,2,0,0,22,11,20,0,21,11,0,1,1,3,1,0.159292035,sa388987
2007,Mike McDade,TOR,R,18,39,136,151,30,23,6,0,1,11,17,13,1,29,1,1,0,4,0,0,0.220588235,sa389194
2007,Jon Talley,TOR,R,18,25,75,80,17,13,3,0,1,3,10,4,0,21,1,0,0,0,0,1,0.226666666,sa389199
2008,Jon Talley,TOR,R,19,42,140,155,42,28,7,1,6,18,29,9,1,48,3,3,0,3,1,0,0.3,sa389199
2012,Adalberto Santos,PIT,R,24,10,38,44,11,6,4,1,0,6,5,4,0,5,2,0,0,1,2,0,0.289473684,sa389203
2007,Chris Jacobs,LAD,R,18,30,96,107,24,17,5,0,2,14,11,11,0,36,0,0,0,2,0,0,0.25,sa389213
2008,Chris Jacobs,LAD,R,19,43,144,171,39,29,5,2,3,23,26,24,0,35,2,1,0,8,1,2,0.270833333,sa389213
2007,Richard Lucas,NYM,R,18,52,212,231,56,44,8,2,2,27,30,15,0,66,3,1,0,3,2,1,0.264150943,sa389215
2009,Richard Lucas,NYM,R,20,5,18,20,6,3,3,0,0,1,3,2,0,5,0,0,0,0,1,0,0.333333333,sa389215
2007,Travis Mattair,PHI,R,18,54,200,219,47,33,10,1,3,19,21,12,1,58,6,1,0,6,3,1,0.235,sa389235
2007,Karl Bolt,PHI,R,21,57,207,233,53,31,10,4,8,28,31,18,1,34,7,0,1,4,1,1,0.256038647,sa389251
2007,Brett Bartles,CIN,R,20,9,29,32,11,10,0,1,0,6,2,2,0,5,1,0,0,1,0,0,0.379310344,sa389254
2007,Manny Solano,BOS,R,24,28,95,105,26,22,4,0,0,11,9,6,0,15,1,3,0,0,6,6,0.27368421,sa389256
2007,Peter Gilardo,BOS,R,21,20,55,60,14,11,2,0,1,5,3,5,0,14,0,0,0,0,2,1,0.254545454,sa389257
2008,Peter Gilardo,BOS,R,22,9,17,22,5,4,1,0,0,5,2,4,0,5,1,0,0,0,2,0,0.294117647,sa389257
2007,Kevin Ahrens,TOR,R,18,48,165,192,38,29,6,0,3,19,21,25,1,47,2,0,0,4,3,0,0.23030303,sa389281
2007,Danny Bomback,PIT,R,22,43,137,162,35,23,10,1,1,20,19,19,0,13,4,1,1,3,0,4,0.255474452,sa389382
2007,Justin Martin,BAL,R,22,12,37,44,8,4,3,0,1,6,6,4,0,5,2,1,0,0,0,0,0.216216216,sa389387
2008,Justin Martin,BAL,R,23,28,71,79,17,16,1,0,0,7,6,4,0,9,1,2,1,0,1,1,0.239436619,sa389387
2007,Charles Kingrey,STL,R,22,9,20,24,3,3,0,0,0,2,3,2,0,9,0,2,0,0,0,0,0.15,sa389402
2007,Joseph Hage,STL,R,18,7,28,31,11,7,1,1,2,8,6,2,0,1,1,0,0,0,0,0,0.392857142,sa389440
2009,Joseph Hage,STL,R,20,16,45,50,14,9,5,0,0,7,7,3,1,7,1,1,0,0,0,0,0.311111111,sa389440
2007,Brian Buck,STL,R,21,32,70,87,18,13,4,1,0,17,9,11,0,22,4,0,2,2,5,1,0.257142857,sa389442
2007,Andrew Schmiesing,MIN,R,21,35,109,134,35,31,4,0,0,19,13,18,0,17,3,3,1,4,5,2,0.321100917,sa389664
2007,Dan Rohlfing,MIN,R,18,22,56,65,13,12,1,0,0,3,7,7,0,11,0,1,1,1,0,2,0.232142857,sa389665
2008,Dan Rohlfing,MIN,R,19,25,70,80,14,9,3,1,1,10,8,7,0,17,3,0,0,4,0,0,0.2,sa389665
2007,Caleb Fields,PIT,R,21,43,163,183,44,31,8,3,2,30,18,17,0,25,0,1,2,4,6,5,0.26993865,sa389675
2007,Quincy Latimore,PIT,R,18,45,171,196,44,30,9,2,3,29,17,16,0,25,9,0,0,0,13,4,0.257309941,sa389676
2007,Butch Biela,PIT,R,18,34,106,126,32,23,6,3,0,18,17,13,0,24,6,0,1,2,2,3,0.301886792,sa389677
2007,Christopher Blackwood,WSN,R,19,35,102,118,23,23,0,0,0,18,10,11,0,34,3,0,2,0,5,4,0.225490196,sa389700
2008,Christopher Blackwood,WSN,R,20,19,30,35,11,10,1,0,0,5,7,4,0,11,0,0,1,0,4,1,0.366666666,sa389700
2007,Ricky Nolan,WSN,R,21,17,55,62,14,12,2,0,0,9,2,5,0,17,0,1,1,2,1,2,0.254545454,sa389704
2009,Andrew Walker,PIT,R,23,25,79,98,20,6,10,1,3,13,17,11,0,20,7,0,1,2,0,2,0.253164556,sa389720
2010,Damon Sublett,NYY,R,24,5,19,22,3,2,0,0,1,3,3,3,0,3,0,0,0,1,0,1,0.157894736,sa389777
2008,Josh Workman,DET,R,22,18,56,70,15,11,1,1,2,17,8,6,0,15,7,1,0,0,4,2,0.267857142,sa389780
2007,Joshua Tarnow,BAL,R,22,22,68,79,15,11,4,0,0,7,8,9,0,12,1,0,1,3,1,1,0.220588235,sa389827
2007,Kenneth Roque,BOS,R,17,24,62,77,9,9,0,0,0,8,4,11,0,21,0,1,3,0,2,4,0.14516129,sa389845
2008,Kenneth Roque,BOS,R,18,37,106,121,25,18,5,1,1,6,12,11,0,28,1,0,2,0,4,3,0.235849056,sa389845
2009,Kenneth Roque,BOS,R,19,40,123,140,39,23,9,5,2,17,23,17,0,23,0,0,0,2,5,4,0.31707317,sa389845
2010,Kenneth Roque,BOS,R,20,12,39,42,9,7,1,0,1,6,3,2,0,9,0,1,0,0,2,0,0.23076923,sa389845
2007,Darren Blocker,BOS,R,20,34,113,134,29,14,13,0,2,25,17,13,0,21,8,0,0,3,2,0,0.256637168,sa389852
2007,Alex Oliveras,CIN,R,18,47,162,177,31,24,4,3,0,14,13,10,0,45,1,2,2,2,1,0,0.191358024,sa389880
2008,Alex Oliveras,CIN,R,19,39,154,171,43,33,5,4,1,28,16,14,0,45,2,1,0,4,3,5,0.279220779,sa389880
2007,Jordan Wideman,CIN,R,18,21,61,70,13,11,2,0,0,8,5,6,0,14,3,0,0,3,0,1,0.213114754,sa389881
2008,Eli Rimes,CIN,R,23,15,41,48,8,7,1,0,0,2,3,6,0,11,0,0,1,0,0,0,0.195121951,sa389885
2007,Chadwick Maddox,ATL,R,21,35,102,113,19,16,3,0,0,4,5,8,0,21,2,1,0,1,1,1,0.186274509,sa389890
2008,Chadwick Maddox,ATL,R,22,44,151,161,38,18,16,0,4,19,22,4,0,27,4,1,1,2,2,1,0.251655629,sa389890
2007,John Tolisano,TOR,R,18,49,183,211,45,30,5,0,10,35,33,26,0,40,0,2,0,3,7,1,0.245901639,sa389891
2013,John Tolisano,TOR,R,24,6,20,25,6,4,1,0,1,6,2,5,0,4,0,0,0,0,0,0,0.3,sa389891
2007,Eric Eiland,TOR,R,18,51,176,203,38,29,7,1,1,22,14,22,0,62,4,1,0,1,16,1,0.21590909,sa389892
2007,Steven Condotta,TOR,R,22,6,17,20,3,2,1,0,0,1,1,2,0,1,1,0,0,0,1,0,0.176470588,sa389895
2012,Michael Main,MIA,R,23,11,47,51,16,13,2,1,0,10,7,4,0,4,0,0,0,0,1,2,0.340425531,sa389900
2008,Brian Friday,PIT,R,22,7,22,25,4,3,0,1,0,2,3,2,0,3,1,0,0,0,0,0,0.181818181,sa389902
2010,Brian Friday,PIT,R,24,5,17,21,6,4,1,0,1,4,3,3,0,2,1,0,0,0,0,0,0.352941176,sa389902
2008,Tyler Henley,STL,R,23,5,19,21,7,2,3,1,1,6,2,1,0,2,1,0,0,0,0,0,0.368421052,sa389904
2007,Jon Gilmore,ATL,R,18,43,162,169,46,39,5,1,1,11,29,4,0,28,0,3,0,1,0,0,0.283950617,sa389913
2007,Justin Jackson,TOR,R,18,42,166,188,31,27,1,1,2,20,13,20,0,44,0,0,2,3,7,4,0.186746987,sa389926
2007,Michael Burgess,WSN,R,18,36,128,154,43,26,6,3,8,22,32,25,1,37,0,1,0,0,1,2,0.3359375,sa389928
2007,Ryan Dent,BOS,R,18,10,35,42,13,9,1,2,1,7,2,5,0,5,1,0,1,1,4,3,0.371428571,sa389941
2007,Christopher White,DET,R,19,50,183,207,51,37,9,2,3,25,22,20,0,36,2,0,2,1,15,4,0.278688524,sa390182
2007,Zach Booker,WSN,R,22,17,47,60,14,12,2,0,0,9,8,9,0,14,4,0,0,0,1,2,0.29787234,sa390285
2007,Chais Fuller,ATL,R,22,36,97,109,17,12,5,0,0,11,4,7,0,24,4,0,1,2,1,3,0.175257731,sa390292
2007,Randy Gress,ATL,R,22,25,58,66,6,4,1,0,1,6,6,4,0,15,2,2,0,1,1,0,0.103448275,sa390293
2007,Matt Kennelly,ATL,R,18,39,107,115,23,17,4,0,2,10,10,5,0,19,3,0,0,2,0,0,0.214953271,sa390294
2007,Dennis Winn,PHI,R,22,29,105,110,39,26,9,2,2,13,13,4,0,21,1,0,0,1,1,2,0.371428571,sa390310
2007,Daniel Rams,MIN,R,18,27,97,106,25,16,8,1,0,13,13,5,0,22,3,1,0,4,0,0,0.257731958,sa390353
2007,Angel Morales,MIN,R,17,38,121,143,31,20,6,3,2,18,15,12,0,44,8,2,0,0,11,5,0.256198347,sa390382
2008,Reggie Williams,MIN,R,19,23,84,96,24,14,7,3,0,12,13,9,0,10,1,1,1,1,1,1,0.285714285,sa390431
2007,Dennis Dixon,ATL,R,22,24,64,79,12,10,1,1,0,7,6,14,0,18,1,0,0,1,5,0,0.1875,sa390437
2007,Chris Dunn,FLA,R,23,21,83,93,23,21,2,0,0,12,8,4,0,19,3,0,3,0,5,2,0.277108433,sa390450
2007,Marcus Crockett,FLA,R,20,27,101,118,27,12,10,2,3,20,16,16,0,33,0,0,1,0,5,3,0.267326732,sa390456
2007,Michael Pasek,FLA,R,17,43,140,158,30,26,4,0,0,14,13,11,0,42,4,1,2,2,6,1,0.214285714,sa390461
2008,Michael Pasek,FLA,R,18,37,119,135,24,19,4,1,0,19,15,7,0,24,7,2,0,0,2,1,0.201680672,sa390461
2007,Ray White,FLA,R,20,37,104,130,23,12,10,0,1,20,7,21,0,30,3,0,2,0,5,3,0.221153846,sa390468
2007,Brett Lawler,FLA,R,22,20,52,61,13,12,1,0,0,10,1,7,0,13,2,0,0,1,0,1,0.25,sa390481
2007,Bo Greenwell,CLE,R,18,37,144,161,31,26,5,0,0,12,8,16,0,24,1,0,0,5,5,4,0.215277777,sa390607
2008,Bo Greenwell,CLE,R,19,46,160,184,42,29,8,3,2,18,14,23,0,17,1,0,0,4,4,4,0.2625,sa390607
2008,Chase Weems,NYY,R,19,28,75,90,17,11,5,0,1,7,10,11,0,27,3,0,1,1,2,0,0.226666666,sa390613
2007,David Mailman,BOS,R,18,6,22,25,5,4,0,0,1,5,2,3,0,6,0,0,0,0,0,1,0.227272727,sa390620
2007,Londell Taylor,DET,R,18,17,45,47,7,6,1,0,0,2,3,2,0,12,0,0,0,2,2,1,0.155555555,sa390665
2008,Londell Taylor,DET,R,19,35,112,126,23,14,6,1,2,20,11,12,0,32,2,0,0,1,9,0,0.205357142,sa390665
2009,Londell Taylor,DET,R,20,41,101,116,14,10,2,0,2,10,6,11,0,47,2,0,2,0,5,1,0.138613861,sa390665
2007,Wade Lamont,DET,R,23,32,106,121,20,16,3,0,1,17,7,12,0,29,2,0,1,0,1,0,0.188679245,sa390684
2007,Shawn Roof,DET,R,22,15,40,53,10,9,1,0,0,7,5,9,0,6,3,0,1,0,5,2,0.25,sa390686
2010,Kyle Peter,DET,R,24,16,57,65,17,13,4,0,0,8,5,5,0,11,1,1,1,0,3,2,0.298245614,sa390687
2007,Roger Tomas,DET,R,21,32,111,122,27,18,6,1,2,14,13,9,0,18,1,1,0,2,1,0,0.243243243,sa390690
2007,Mark McBratney,DET,R,22,44,115,139,36,28,5,2,1,17,12,20,0,24,0,0,4,3,4,1,0.313043478,sa390691
2007,Kuyaunnis Miles,ATL,R,20,43,109,116,14,11,2,1,0,4,3,3,0,57,3,1,0,1,8,2,0.128440366,sa390692
2007,Camilo Parra,ATL,R,20,41,92,101,20,16,1,0,3,16,7,5,0,31,4,0,0,0,2,0,0.217391304,sa390693
2008,Camilo Parra,ATL,R,21,31,94,101,24,18,3,0,3,18,11,3,0,24,2,1,1,0,6,1,0.255319148,sa390693
2007,Samuel Sime,ATL,R,20,56,217,230,64,44,15,0,5,35,33,7,0,28,1,5,0,0,10,2,0.294930875,sa390694
2007,Joseph Spiers,ATL,R,21,39,102,123,23,22,1,0,0,18,4,18,0,21,2,0,1,1,9,3,0.225490196,sa390695
2007,Tyler Kolodny,BAL,R,19,43,151,176,48,30,10,2,6,33,30,15,1,30,8,1,1,2,6,0,0.317880794,sa392074
2007,Tim Binkoski,PHI,R,22,30,96,112,21,14,4,2,1,10,16,12,0,23,1,2,1,2,4,1,0.21875,sa392089
2007,Joris Bert,LAD,R,20,12,28,38,6,6,0,0,0,2,3,6,0,10,1,1,2,0,0,2,0.214285714,sa392107
2008,Joris Bert,LAD,R,21,28,68,87,17,14,2,1,0,11,6,16,0,19,3,0,0,1,3,4,0.25,sa392107
2007,Ernesto Gonzalez,NYM,R,20,26,103,113,27,22,5,0,0,12,9,5,0,11,4,0,1,3,5,1,0.262135922,sa392108
2007,Sam Deluca,NYM,R,21,14,39,44,11,8,2,0,1,6,7,4,0,2,1,0,0,0,1,0,0.282051282,sa392122
2008,Mitchell Delaney,NYY,R,19,25,76,80,18,16,2,0,0,5,7,3,0,23,1,0,0,2,0,0,0.236842105,sa392128
2009,Mitchell Delaney,NYY,R,20,40,101,122,18,8,6,1,3,8,15,17,0,41,3,1,0,1,0,1,0.178217821,sa392128
2007,Joe Becker,LAD,R,21,51,201,235,57,42,13,1,1,39,20,28,0,41,5,0,1,1,10,4,0.283582089,sa392145
2007,Keyter Collado,LAD,R,21,36,95,118,29,24,5,0,0,13,9,16,0,14,3,0,4,5,1,1,0.305263157,sa392148
2008,Keyter Collado,LAD,R,22,19,52,62,15,12,3,0,0,5,5,7,0,7,2,0,1,4,0,1,0.288461538,sa392148
2011,Kevin Patterson,TOR,R,22,15,54,59,20,10,5,0,5,11,11,5,0,13,0,0,0,1,2,0,0.37037037,sa392161
2007,Daniel Elorriaga-Matra,ATL,R,18,17,42,46,6,5,1,0,0,1,3,2,0,9,1,1,0,0,1,0,0.142857142,sa392182
2008,Daniel Elorriaga-Matra,ATL,R,19,17,60,63,21,15,5,0,1,11,11,1,0,6,1,1,0,2,1,0,0.35,sa392182
2007,Gary Gattis,NYY,R,22,16,49,58,14,9,4,0,1,7,6,5,0,8,3,1,0,0,3,1,0.285714285,sa392189
2009,Virgil Hill,STL,R,19,51,162,188,35,24,6,4,1,28,22,20,0,58,6,0,0,1,11,7,0.216049382,sa392208
2007,Rashod Henry,ATL,R,18,21,61,63,17,16,1,0,0,6,2,0,0,13,0,0,2,0,7,4,0.278688524,sa392209
2008,Rashod Henry,ATL,R,19,23,49,55,8,6,0,2,0,4,8,3,0,11,2,0,1,1,5,3,0.163265306,sa392209
2011,Nathan Woods,FLA,R,22,24,87,105,29,13,13,1,2,17,16,10,0,12,8,0,0,1,0,0,0.333333333,sa392213
2011,Chris Epps,HOU,R,22,35,112,136,34,24,3,3,4,17,25,22,0,36,2,0,0,1,6,5,0.303571428,sa392214
2010,Brian Harrison,NYM,R,21,8,27,30,8,3,3,1,1,3,3,2,0,5,1,0,0,1,0,0,0.296296296,sa392219
2013,Brian Harrison,NYM,R,24,7,28,31,5,4,1,0,0,1,4,1,0,1,0,1,1,0,0,1,0.178571428,sa392219
2007,Johan Garcia,LAD,R,20,27,78,94,23,18,5,0,0,20,10,10,0,20,1,1,4,1,6,1,0.294871794,sa392354
2008,Johan Garcia,LAD,R,21,38,124,140,30,26,3,1,0,16,13,12,1,15,1,1,2,2,7,0,0.241935483,sa392354
2007,Alfredo Silverio,LAD,R,20,51,193,212,72,54,9,3,6,38,46,11,0,32,3,5,0,3,5,3,0.373056994,sa392355
2007,Ron Rivas,CLE,R,19,26,98,110,24,19,4,0,1,15,11,8,0,19,3,1,0,1,6,2,0.244897959,sa392358
2007,Angel Rodriguez,CLE,R,19,41,153,166,44,37,5,2,0,15,17,11,1,29,1,1,0,4,7,3,0.287581699,sa392359
2008,Angel Rodriguez,CLE,R,20,41,143,166,37,28,6,0,3,20,16,17,0,19,3,1,2,3,10,1,0.258741258,sa392359
2007,Karexon Sanchez,CLE,R,19,48,176,195,48,38,7,0,3,29,21,16,0,42,2,1,0,2,10,1,0.272727272,sa392360
2007,Isaias Velasquez,CLE,R,19,47,159,181,44,36,8,0,0,33,18,16,0,29,4,1,1,1,22,3,0.276729559,sa392362
2012,Isaias Velasquez,TBR,R,24,9,31,33,9,6,3,0,0,4,0,2,0,3,0,0,0,2,4,1,0.29032258,sa392362
2007,Milciades Alcantara,FLA,R,17,11,29,34,4,3,1,0,0,2,2,4,0,7,0,0,1,0,0,2,0.137931034,sa392363
2007,Jose Ceballos,FLA,R,18,29,74,85,11,9,2,0,0,5,5,7,0,22,1,2,1,0,0,0,0.148648648,sa392364
2008,Jose Ceballos,FLA,R,19,27,93,103,24,19,3,2,0,9,15,4,0,25,4,2,0,2,1,0,0.258064516,sa392364
2012,Jose Ceballos,MIA,R,23,16,55,60,19,16,1,0,2,7,10,2,0,11,2,1,0,5,0,0,0.345454545,sa392364
2007,Raul Escalona,FLA,R,19,50,181,206,50,38,9,0,3,24,25,17,0,23,5,3,0,3,2,1,0.276243093,sa392365
2008,Raul Escalona,FLA,R,20,8,20,24,5,5,0,0,0,2,2,4,0,2,0,0,0,1,0,1,0.25,sa392365
2007,Mitch MacDonald,FLA,R,20,22,57,79,14,7,7,0,0,10,6,17,1,17,4,1,0,2,0,0,0.245614035,sa392366
2007,Jesus Rojas,FLA,R,20,52,181,212,63,45,14,0,4,33,30,27,1,32,0,4,0,7,1,0,0.348066298,sa392367
2007,Luis Aguayo,NYM,R,23,25,79,89,13,12,1,0,0,6,7,7,1,34,2,1,0,1,0,1,0.164556962,sa392369
2007,Samuel Martinez,NYM,R,19,19,52,65,8,6,1,1,0,8,6,9,0,15,3,1,0,2,1,0,0.153846153,sa392371
2007,Ignacio Medrano,NYM,R,20,37,136,158,40,29,11,0,0,15,17,16,0,22,2,3,1,3,4,3,0.294117647,sa392372
2007,Stefan Welch,NYM,R,18,36,139,156,40,31,9,0,0,16,12,11,0,22,3,3,0,3,1,2,0.287769784,sa392373
2007,Gabriel Zavala,NYM,R,20,49,165,187,47,30,8,3,6,22,30,10,0,54,11,1,0,2,3,0,0.284848484,sa392374
2007,Francisco Murillo,PHI,R,20,51,178,204,43,20,16,0,7,22,36,21,0,57,2,3,0,3,2,1,0.241573033,sa392376
2007,Arlon Quiroz,PHI,R,20,53,195,231,53,40,10,1,2,38,17,33,0,45,1,1,1,2,20,5,0.271794871,sa392378
2008,Arlon Quiroz,PHI,R,21,6,21,23,4,4,0,0,0,2,2,1,0,5,0,1,0,1,1,0,0.19047619,sa392378
2007,Ambiorix Rincon,PHI,R,20,43,159,179,41,25,15,1,0,20,21,14,0,27,3,2,1,3,7,3,0.257861635,sa392379
2007,Alan Schoenberger,PHI,R,18,6,18,24,3,2,1,0,0,8,0,6,0,5,0,0,0,0,0,1,0.166666666,sa392380
2008,Alan Schoenberger,PHI,R,19,32,94,109,18,11,6,1,0,7,1,14,1,25,0,0,1,1,2,1,0.191489361,sa392380
2007,Joe Munoz,PIT,R,21,34,109,125,22,12,8,1,1,15,11,9,0,18,4,2,1,2,2,1,0.201834862,sa392381
2008,Joe Munoz,PIT,R,22,20,70,76,21,18,3,0,0,10,9,3,0,12,2,1,0,2,3,1,0.3,sa392381
2007,Ciro Rosero,PIT,R,20,36,113,129,33,25,4,0,4,17,14,11,0,19,4,0,1,1,10,4,0.292035398,sa392382
2007,Carlos Silva,PIT,R,20,19,67,70,19,15,3,0,1,6,9,1,0,14,2,0,0,1,1,0,0.283582089,sa392383
2008,Carlos Silva,PIT,R,21,23,73,84,24,15,8,0,1,12,12,7,0,10,3,0,1,2,4,0,0.328767123,sa392383
2007,Ricardo Burgos,BOS,R,20,42,138,164,37,22,8,0,7,27,23,23,1,39,1,2,0,3,1,0,0.268115942,sa392386
2007,Mitchell Dening,BOS,R,18,47,176,199,53,43,8,1,1,21,18,19,0,26,2,2,0,4,11,6,0.301136363,sa392404
2007,Oscar Tejeda,BOS,R,17,45,173,193,51,36,13,1,1,23,21,15,0,27,0,4,1,8,6,2,0.294797687,sa392406
2007,Jose Gualdron,CIN,R,19,41,147,159,39,29,8,0,2,24,12,4,0,18,5,1,2,6,2,4,0.265306122,sa392407
2007,Carlos Mendez,CIN,R,20,40,132,148,30,25,3,0,2,12,14,12,1,8,1,3,0,3,2,1,0.227272727,sa392408
2007,Radhames Moreta,CIN,R,20,43,154,165,35,29,6,0,0,17,14,7,0,27,1,2,1,6,2,4,0.227272727,sa392410
2007,Joaquin Guzman,DET,R,20,44,151,169,31,24,4,1,2,17,25,12,0,31,0,2,4,6,5,3,0.205298013,sa392418
2007,Kelvin Castro,NYY,R,19,49,177,188,49,35,10,3,1,25,22,6,0,42,2,0,3,5,6,1,0.276836158,sa392421
2007,Andres Dionicio,NYY,R,19,10,33,35,4,3,0,1,0,2,4,1,0,11,1,0,0,0,0,1,0.121212121,sa392422
2007,Ryohei Shimabukuro,ATL,R,17,34,81,83,16,10,3,0,3,10,8,0,0,14,2,0,0,2,0,0,0.197530864,sa392825
2008,Ryohei Shimabukuro,ATL,R,18,47,150,163,38,31,6,0,1,14,19,8,0,18,4,1,0,5,0,0,0.253333333,sa392825
2009,Paul Vasquez,STL,R,24,9,33,35,8,6,2,0,0,4,3,2,0,8,0,0,0,1,0,0,0.242424242,sa392834
2007,Johancy Guzman,LAD,R,20,25,56,68,13,12,0,1,0,10,5,7,0,20,0,0,5,0,3,1,0.232142857,sa392865
2008,Johancy Guzman,LAD,R,21,30,52,64,10,8,2,0,0,10,2,9,0,12,1,1,1,0,4,2,0.192307692,sa392865
2007,Felix Martinez,FLA,R,22,33,87,99,19,14,5,0,0,10,8,9,1,20,1,1,1,2,5,1,0.218390804,sa392889
2007,Luis Mercedes,FLA,R,18,37,100,120,18,17,1,0,0,16,9,13,0,25,2,3,2,2,2,4,0.18,sa392890
2007,Ketnold Noel,FLA,R,19,36,108,123,19,8,9,1,1,10,17,9,0,42,3,3,0,7,1,1,0.175925925,sa392891
2008,Darren Clark,NYM,R,23,10,28,32,10,9,1,0,0,1,2,3,0,4,0,1,0,1,0,0,0.357142857,sa392892
2007,Maxime Bouchard,NYM,R,22,11,30,38,5,3,0,1,1,7,3,7,0,6,0,1,0,1,1,0,0.166666666,sa392918
2007,Clint Pridmore,WSN,R,20,32,77,92,12,10,1,0,1,10,9,8,0,29,6,1,0,0,1,0,0.155844155,sa392920
2007,Robert Tolan,WSN,R,21,6,22,26,4,3,1,0,0,4,4,3,0,8,0,1,0,0,0,1,0.181818181,sa392921
2008,Michael Gioioso,BAL,R,23,27,60,79,12,10,1,0,1,10,7,13,0,12,4,1,1,1,1,0,0.2,sa392923
2007,Jaime Morales,PHI,R,23,31,102,116,26,21,5,0,0,13,2,9,0,13,2,0,3,2,2,3,0.25490196,sa392934
2007,Jesus Villegas,PHI,R,20,32,98,112,18,12,4,2,0,9,8,6,0,18,7,0,1,5,3,1,0.183673469,sa392935
2007,Michael Mayer,PIT,R,23,15,33,38,7,7,0,0,0,4,5,5,0,11,0,0,0,0,1,0,0.212121212,sa392937
2007,Josue Peley,PIT,R,19,31,115,124,29,22,4,2,1,14,16,5,0,16,2,2,0,0,3,0,0.252173913,sa392938
2007,Ronald Pena,PIT,R,20,17,52,59,16,9,5,1,1,8,11,5,0,12,2,0,0,1,0,1,0.307692307,sa392939
2007,Alex Vargas,PIT,R,21,25,80,86,24,14,6,2,2,12,19,5,0,13,0,0,1,3,2,1,0.3,sa392940
2008,Alex Vargas,PIT,R,22,39,144,159,41,31,8,1,1,15,15,12,1,13,0,2,1,5,4,1,0.284722222,sa392940
2007,Victor Serrano,BOS,R,21,34,123,129,32,26,6,0,0,13,9,1,0,22,1,2,2,6,11,5,0.260162601,sa392979
2007,Petr Cech,CIN,R,19,12,26,27,8,5,3,0,0,3,3,1,0,7,0,0,0,0,0,1,0.307692307,sa392982
2008,Petr Cech,CIN,R,20,14,34,38,8,7,1,0,0,7,1,4,0,3,0,0,0,0,1,0,0.235294117,sa392982
2009,Petr Cech,CIN,R,21,17,39,43,6,6,0,0,0,0,4,3,0,5,0,1,0,1,0,0,0.153846153,sa392982
2007,Todd Waller,CIN,R,20,21,48,54,7,7,0,0,0,3,1,6,0,12,0,0,0,1,1,0,0.145833333,sa392983
2008,Todd Waller,CIN,R,21,17,51,61,8,6,2,0,0,6,6,6,0,18,4,0,0,1,0,0,0.156862745,sa392983
2009,Astin Jacobo,TBR,R,20,31,60,65,8,5,2,1,0,5,3,3,0,30,0,1,1,2,1,3,0.133333333,sa392993
2007,Nick Biagini,MIN,R,22,23,66,77,17,12,5,0,0,11,7,10,0,23,0,0,0,1,2,0,0.257575757,sa392999
2007,Jeanfred Brito,MIN,R,19,51,210,229,61,49,7,4,1,40,21,10,0,22,3,2,4,4,8,8,0.29047619,sa393000
2007,Wang-Wei Lin,MIN,R,19,24,62,70,12,7,4,1,0,10,4,6,0,25,0,0,2,1,4,3,0.193548387,sa393001
2009,Wang-Wei Lin,MIN,R,21,10,33,37,12,8,3,0,1,6,7,4,0,3,0,0,0,2,2,0,0.363636363,sa393001
2007,Juan Richardson,MIN,R,20,54,202,220,64,51,10,2,1,33,33,13,0,16,3,2,0,5,14,10,0.316831683,sa393002
2007,Alexander Soto,MIN,R,20,22,66,75,18,11,5,0,2,9,10,4,0,20,3,1,1,1,1,0,0.272727272,sa393005
2007,Larry Day,NYY,R,22,21,47,56,10,7,3,0,0,4,8,3,0,2,4,2,0,2,0,0,0.212765957,sa393017
2007,Gerson Manzanillo,NYY,R,21,26,71,75,18,17,1,0,0,10,5,2,0,15,0,1,1,0,5,4,0.253521126,sa393018
2007,Freuny Parra,NYY,R,19,9,18,20,3,2,1,0,0,1,2,0,0,3,1,1,0,1,0,0,0.166666666,sa393019
2009,Freuny Parra,BAL,R,21,12,37,42,12,10,2,0,0,4,2,5,0,9,0,0,0,0,0,0,0.324324324,sa393019
2011,Nick Lobanov,ATL,R,22,22,63,71,16,12,4,0,0,4,6,6,0,19,2,0,0,2,1,1,0.253968253,sa393302
2007,Curt Bradley,LAD,R,22,20,49,64,13,13,0,0,0,15,4,13,0,7,0,0,2,0,5,2,0.265306122,sa393387
2007,Elvin Vargas,FLA,R,23,26,50,63,7,5,2,0,0,6,7,5,0,8,8,0,0,1,1,0,0.14,sa393389
2007,Carlos Guzman,NYM,R,21,38,130,159,28,16,6,1,5,19,24,24,0,37,5,0,0,8,6,0,0.215384615,sa393390
2007,Patrick Maat,NYM,R,19,19,42,54,8,6,2,0,0,4,3,10,0,12,1,1,0,1,0,0,0.19047619,sa393392
2007,Brodie Pullen,CIN,R,18,32,95,105,20,17,3,0,0,8,10,10,0,29,0,0,0,3,0,1,0.210526315,sa393393
2008,Brodie Pullen,CIN,R,19,26,73,85,14,10,4,0,0,5,7,12,0,23,0,0,0,1,1,0,0.191780821,sa393393
2007,Craig Maddox,DET,R,22,25,75,85,18,14,1,0,3,12,13,8,0,20,1,0,1,1,1,0,0.24,sa393407
2007,Kevin Rucker,CLE,R,17,11,32,38,9,8,1,0,0,3,8,4,1,8,0,0,2,0,0,0,0.28125,sa393422
2008,Kevin Rucker,CLE,R,18,39,105,122,22,16,4,0,2,19,9,16,1,44,0,0,1,3,5,2,0.209523809,sa393422
2007,Derek Lehrman,DET,R,22,24,80,88,18,13,3,1,1,6,8,7,0,23,0,0,1,1,0,1,0.225,sa393426
2008,Derek Lehrman,DET,R,23,40,124,141,26,13,11,0,2,15,17,12,0,30,3,1,1,2,0,0,0.209677419,sa393426
2007,Matthew Cooney,BOS,R,21,19,61,64,9,8,0,0,1,2,7,1,0,17,1,0,1,3,0,0,0.147540983,sa395347
2008,Andury Acevedo,PIT,R,17,45,153,173,33,28,3,2,0,18,11,10,1,42,6,2,2,3,9,2,0.215686274,sa395471
2009,Andury Acevedo,PIT,R,18,8,23,23,4,1,3,0,0,3,2,0,0,9,0,0,0,1,0,0,0.173913043,sa395471
2007,Chris House,TOR,R,18,23,56,74,10,7,1,1,1,9,10,15,0,26,1,2,0,0,3,0,0.178571428,sa396221
2007,Bartolo Nicolas,TOR,R,22,40,156,169,42,33,7,0,2,17,12,11,0,28,1,0,1,5,4,2,0.269230769,sa396222
2007,Jeff Paquette,TOR,R,22,10,22,26,3,3,0,0,0,0,0,2,0,7,1,0,1,1,0,0,0.136363636,sa396223
2007,Hector Alvarez,STL,R,20,12,24,26,3,3,0,0,0,2,3,2,0,10,0,0,0,0,2,0,0.125,sa396225
2007,Jairo Martinez,STL,R,20,31,92,103,25,19,4,1,1,10,17,6,0,34,5,0,0,2,3,0,0.27173913,sa396226
2007,Guillermo Toribio,STL,R,20,53,171,212,44,39,5,0,0,29,14,34,0,49,3,0,4,1,8,5,0.257309941,sa396227
2007,Osvaldo Morales,STL,R,19,39,131,152,38,21,9,0,8,17,29,20,0,43,0,0,1,1,2,1,0.290076335,sa396228
2007,Frederick Parejo,STL,R,16,39,118,133,24,21,3,0,0,14,5,11,0,23,3,1,0,3,3,1,0.20338983,sa396229
2007,Luis De La Cruz,STL,R,18,39,96,105,27,19,6,2,0,10,9,7,0,16,1,0,1,3,3,3,0.28125,sa396230
2007,Romulo Ruiz,STL,R,17,43,137,154,26,21,3,2,0,13,13,9,0,26,2,2,4,1,4,2,0.189781021,sa396231
2007,Braulio Hiraldo,STL,R,18,30,84,96,17,14,1,1,1,8,5,11,0,22,0,0,1,1,4,0,0.202380952,sa396232
2008,Braulio Hiraldo,STL,R,19,41,126,141,32,19,8,3,2,12,13,12,0,34,1,2,0,3,3,4,0.253968253,sa396232
2007,Ivan Castro,STL,R,19,20,59,62,12,10,2,0,0,1,2,1,0,8,0,2,0,3,1,2,0.20338983,sa396233
2007,Juan Cabrera,STL,R,19,27,66,72,15,12,3,0,0,6,4,4,0,29,2,0,0,0,1,1,0.227272727,sa396234
2007,Edwin Conde,STL,R,20,27,75,84,13,7,4,1,1,7,11,7,0,32,1,1,0,0,1,1,0.173333333,sa396235
2007,Roberto Espinoza,STL,R,18,7,19,23,1,1,0,0,0,2,0,4,0,5,0,0,0,0,1,0,0.052631578,sa396236
2007,Joe DiGeronimo,BAL,R,22,32,111,119,31,30,1,0,0,11,12,4,0,14,3,1,0,5,9,4,0.279279279,sa396237
2007,Rainel Rosario,STL,R,18,28,52,59,5,3,1,1,0,4,2,6,0,26,1,0,0,0,1,0,0.096153846,sa396238
2008,Rainel Rosario,STL,R,19,51,169,201,41,22,12,2,5,34,20,26,0,50,5,1,0,2,9,7,0.24260355,sa396238
2007,Nicholas Ray,BAL,R,21,52,179,217,44,33,8,2,1,30,13,31,0,65,4,3,0,1,9,5,0.245810055,sa396239
2007,Carlos Schonenberg,STL,R,20,16,42,49,6,4,1,0,1,3,2,4,0,13,2,0,1,1,0,0,0.142857142,sa396240
2007,Elvin Polanco,BAL,R,20,54,217,237,69,46,18,0,5,35,37,14,1,39,4,2,0,10,3,0,0.31797235,sa396241
2007,Calvin Lester,BAL,R,23,51,191,239,40,31,9,0,0,36,8,43,0,43,1,0,4,3,16,7,0.209424083,sa396243
2007,Arthur Bonevacia,BAL,R,19,21,81,92,22,17,4,0,1,10,10,8,0,15,2,1,0,3,0,0,0.271604938,sa396244
2007,Rodolfo Cardona,BAL,R,20,40,159,180,45,28,12,3,2,25,30,12,0,35,4,3,2,4,8,2,0.283018867,sa396247
2007,Luis Bernardo,BAL,R,19,32,102,119,23,17,6,0,0,10,8,7,0,16,7,1,2,1,1,2,0.225490196,sa396248
2007,Ralph Tropiano,BAL,R,22,15,30,39,5,4,1,0,0,3,3,7,0,9,0,1,1,1,2,0,0.166666666,sa396249
2007,Levi Carolus,BAL,R,19,47,167,183,37,20,11,2,4,23,26,10,0,44,2,1,3,5,6,2,0.221556886,sa396250
2007,Robert Vasquez,BAL,R,20,40,135,153,31,24,6,0,1,13,16,16,0,32,1,0,1,2,2,1,0.229629629,sa396251
2007,Lee Ellis,BAL,R,22,55,210,236,46,33,8,3,2,33,18,19,0,58,5,2,0,6,2,2,0.219047619,sa396252
2007,Ramon Santana,MIN,R,21,18,57,66,12,7,3,1,1,10,9,4,0,14,3,2,0,2,4,3,0.210526315,sa396254
2007,Joel Collins,TOR,R,21,22,70,85,18,7,4,0,7,13,16,9,0,17,5,1,0,1,0,0,0.257142857,sa397030
2007,Matthew Willard,CLE,R,21,26,90,103,22,18,4,0,0,14,6,9,0,25,3,0,1,3,12,0,0.244444444,sa397842
2008,Matthew Willard,CLE,R,22,22,71,81,11,6,2,2,1,8,7,7,0,24,0,0,2,0,1,3,0.154929577,sa397842
2007,Ernie Banks,FLA,R,21,22,74,81,24,20,4,0,0,8,10,6,0,11,1,0,0,1,2,0,0.324324324,sa397843
2007,Terry Johnson,NYM,R,22,19,52,59,10,8,1,0,1,6,5,5,0,6,2,0,0,3,0,0,0.192307692,sa397844
2007,Gerard Haran,STL,R,21,12,31,38,6,3,2,0,1,3,3,7,0,6,0,0,0,0,0,0,0.193548387,sa397998
2007,D'Andrea Vaughn,DET,R,18,12,30,34,5,3,2,0,0,7,2,2,0,8,2,0,0,1,1,0,0.166666666,sa398079
2008,D'Andrea Vaughn,DET,R,19,30,92,107,10,8,1,1,0,12,6,14,0,32,1,0,0,0,3,0,0.108695652,sa398079
2007,Eric Harryman,DET,R,22,22,69,78,9,7,1,0,1,6,7,3,0,23,3,2,1,4,1,0,0.130434782,sa399075
2008,Andres Diaz,MIN,R,19,32,114,127,28,17,8,0,3,23,9,12,0,18,1,0,0,7,1,0,0.245614035,sa400981
2007,Jered Stanley,BOS,R,22,8,23,27,7,2,3,0,2,4,9,3,0,7,0,1,0,0,0,0,0.304347826,sa401626
2009,Jan Baldee,HOU,R,18,18,41,43,1,1,0,0,0,0,0,2,0,24,0,0,0,1,0,1,0.024390243,sa412979
2008,Gustavo Nunez,DET,R,20,13,40,43,8,5,3,0,0,5,5,2,0,6,0,1,0,2,1,1,0.2,sa446859
2009,Gustavo Nunez,DET,R,21,6,21,24,4,3,0,0,1,5,4,1,0,5,1,0,1,0,3,0,0.19047619,sa446859
2008,Edward Garcia,PIT,R,20,45,163,180,34,24,5,3,2,18,18,15,0,47,1,1,0,4,15,0,0.208588957,sa447186
2008,Humberto Sosa,CIN,R,22,42,158,172,48,35,10,0,3,17,22,14,1,34,0,0,0,7,0,0,0.303797468,sa454224
2008,Luis Salas,DET,R,19,45,150,171,38,25,8,1,4,17,11,16,0,58,3,2,0,1,4,1,0.253333333,sa454333
2008,Anthony Hewitt,PHI,R,19,33,117,129,23,14,7,1,1,14,9,7,0,55,3,2,0,0,2,0,0.196581196,sa454381
2008,Zach Collier,PHI,R,17,37,129,150,35,25,9,1,0,15,19,17,1,28,0,4,0,0,5,0,0.271317829,sa454396
2008,Kenny Wilson,TOR,R,18,51,162,192,34,26,6,2,0,25,12,20,0,60,7,2,1,0,25,3,0.209876543,sa454437
2009,Kenny Wilson,TOR,R,19,8,25,29,5,2,2,1,0,6,0,3,0,8,1,0,0,0,3,1,0.2,sa454437
2008,Javier Rodriguez,NYM,R,18,38,135,152,26,22,3,0,1,17,20,10,0,27,3,3,1,1,0,2,0.192592592,sa454442
2009,Javier Rodriguez,NYM,R,19,36,139,151,32,22,7,1,2,9,19,10,0,39,1,1,0,2,2,1,0.230215827,sa454442
2015,Ty Morrison,TBR,R,24,7,27,30,8,6,2,0,0,2,3,1,0,8,1,0,0,0,4,1,0.296296296,sa454513
2008,Braeden Schlehuber,ATL,R,20,41,123,142,33,29,4,0,0,18,11,10,0,27,8,1,0,3,7,2,0.268292682,sa454529
2008,Peter Hissey,BOS,R,18,6,21,26,5,4,1,0,0,6,3,4,0,4,1,0,0,0,3,0,0.238095238,sa454542
2008,Adam Abraham,CLE,R,21,40,131,153,28,16,7,0,5,21,22,17,1,29,3,2,0,3,1,0,0.213740458,sa454574
2008,Alden Carrithers,DET,R,23,39,114,152,36,28,5,1,2,21,17,28,0,19,6,3,1,1,16,1,0.315789473,sa454577
2008,Garett Green,LAD,R,23,37,95,122,24,17,4,2,1,14,13,17,0,18,5,4,1,4,2,2,0.252631578,sa454582
2009,Chris Solis,WSN,R,23,23,53,68,12,5,6,0,1,11,11,9,0,13,5,1,0,2,0,0,0.226415094,sa454605
2008,Ronnie Labrie,WSN,R,21,42,139,170,45,32,10,2,1,34,26,23,0,27,3,3,2,6,9,4,0.323741007,sa454606
2008,Jeremy Hamilton,PHI,R,21,16,49,55,16,14,2,0,0,5,7,4,0,16,0,1,1,1,1,0,0.326530612,sa454616
2008,Christopher Smith,NYY,R,18,36,106,116,15,9,5,0,1,13,12,4,0,31,5,1,0,3,1,0,0.141509433,sa454625
2009,Christopher Smith,NYY,R,19,17,44,54,4,2,1,0,1,5,1,8,0,17,2,0,0,4,1,0,0.09090909,sa454625
2008,Daniel Killian,WSN,R,19,40,132,158,25,18,4,2,1,17,28,15,0,37,7,1,3,3,3,0,0.189393939,sa454694
2008,Kyle Morgan,PIT,R,21,6,27,28,4,3,0,1,0,0,2,0,0,5,0,1,0,1,0,0,0.148148148,sa454702
2008,Jason Peacock,FLA,R,22,27,90,99,26,22,4,0,0,9,9,8,0,20,0,0,1,3,0,1,0.288888888,sa454726
2008,Markus Brisker,TOR,R,17,32,108,120,33,29,4,0,0,16,6,11,0,22,0,0,1,1,13,4,0.305555555,sa454740
2008,Michael Jones,NYY,R,21,15,49,55,9,4,5,0,0,0,2,5,0,18,1,0,0,2,1,0,0.183673469,sa454759
2008,Bengie Gonzalez,PIT,R,18,37,121,151,25,23,2,0,0,17,14,22,0,28,1,1,5,2,8,1,0.20661157,sa454764
2009,Bengie Gonzalez,PIT,R,19,49,159,184,46,40,5,1,0,23,13,17,0,33,2,1,5,2,7,5,0.289308176,sa454764
2013,Aaron King,BOS,R,24,7,26,30,7,5,0,2,0,2,3,4,0,7,0,0,0,0,0,0,0.269230769,sa454767
2008,Jim Murphy,PHI,R,22,28,93,109,33,24,6,1,2,16,17,11,1,20,2,3,0,1,0,0,0.354838709,sa454769
2008,Michael Crouse,TOR,R,17,7,15,20,2,1,0,1,0,2,0,3,0,7,1,0,1,1,1,1,0.133333333,sa454895
2009,Michael Crouse,TOR,R,18,55,188,214,41,26,9,4,2,28,17,23,1,53,2,1,0,5,25,5,0.218085106,sa454895
2010,Michael Crouse,TOR,R,19,28,96,107,32,18,7,3,4,17,20,9,0,32,2,0,0,1,9,6,0.333333333,sa454895
2008,Jonnathan Valdez,TOR,R,17,17,39,41,6,4,1,0,1,4,1,2,0,23,0,0,0,0,0,0,0.153846153,sa454896
2009,Jonnathan Valdez,TOR,R,18,24,63,74,9,6,3,0,0,6,4,9,0,26,1,0,1,0,0,0,0.142857142,sa454896
2010,Jonnathan Valdez,TOR,R,19,17,40,48,6,5,1,0,0,4,2,8,0,13,0,0,0,0,0,0,0.15,sa454896
2008,Brad McElroy,TOR,R,22,26,79,97,19,14,3,1,1,10,8,15,1,12,3,0,0,2,5,0,0.240506329,sa454908
2008,Justin McClanahan,TOR,R,22,47,163,190,46,28,8,2,8,33,32,16,0,40,5,4,0,3,17,8,0.282208588,sa454918
2008,Nate Nelson,TOR,R,23,26,70,82,12,6,4,0,2,6,11,6,0,31,4,2,0,0,0,1,0.171428571,sa454921
2008,Albie Goulder,LAD,R,22,34,96,119,22,17,4,0,1,13,6,16,0,27,5,2,0,0,2,0,0.229166666,sa454937
2008,Cody Puckett,CIN,R,21,18,67,78,18,15,1,0,2,11,10,10,0,19,1,0,0,0,6,1,0.268656716,sa454975
2008,J.R. Higley,WSN,R,20,35,107,142,37,25,12,0,0,17,16,21,0,32,11,3,0,2,6,3,0.345794392,sa455010
2008,Luis Mateo,STL,R,18,33,124,139,34,28,3,1,2,19,21,13,0,30,0,2,0,2,7,1,0.274193548,sa455015
2008,Joe Babrick,STL,R,18,34,77,88,11,7,4,0,0,5,2,6,0,45,4,1,0,0,0,0,0.142857142,sa455034
2009,Joe Babrick,STL,R,19,46,137,159,28,15,5,4,4,18,18,18,0,68,4,0,0,0,4,2,0.204379562,sa455034
2008,Mike Gonzales,MIN,R,20,41,133,150,44,30,10,1,3,14,23,10,0,36,4,3,0,2,0,1,0.330827067,sa455046
2008,Brandon Douglas,DET,R,22,7,27,31,9,6,2,0,1,7,5,3,0,2,0,1,0,0,3,0,0.333333333,sa455065
2008,Sean Conner,CIN,R,20,41,142,165,31,19,8,1,3,15,19,19,0,42,1,3,0,1,2,1,0.218309859,sa455107
2008,J.C. Rodriguez,PHI,R,19,17,51,62,9,7,2,0,0,8,4,9,0,20,0,0,2,0,0,0,0.176470588,sa455117
2008,Spencer Lucian,NYY,R,22,28,72,83,18,12,5,0,1,7,8,10,0,19,0,0,1,1,0,0,0.25,sa455139
2008,Chris Curran,WSN,R,20,55,209,243,65,52,8,4,1,55,22,28,0,36,2,0,4,1,14,3,0.311004784,sa455157
2011,Chris Curran,WSN,R,23,8,34,38,13,10,0,2,1,7,4,3,0,4,0,0,1,0,2,0,0.382352941,sa455157
2008,Bryan Peterson,BOS,R,18,38,137,158,38,27,7,3,1,20,24,18,1,31,1,2,0,4,7,2,0.277372262,sa455177
2009,Bryan Peterson,BOS,R,19,20,70,80,15,10,3,1,1,6,9,10,0,8,0,0,0,1,3,1,0.214285714,sa455177
2008,Edwin Roman,PIT,R,18,42,131,152,29,21,5,1,2,22,13,15,0,36,3,0,3,0,12,7,0.221374045,sa455182
2009,Edwin Roman,PIT,R,19,41,110,132,21,18,3,0,0,9,8,17,0,38,3,1,1,1,4,5,0.19090909,sa455182
2008,Jeff Flagg,NYM,R,22,45,139,163,31,16,8,2,5,17,25,21,0,35,2,1,0,1,7,0,0.223021582,sa455192
2008,Michael Swinson,STL,R,18,29,99,112,19,14,4,1,0,11,5,11,0,30,2,0,0,1,6,2,0.191919191,sa455197
2010,Michael Swinson,STL,R,20,9,16,20,1,1,0,0,0,2,1,3,0,3,0,1,0,0,2,1,0.0625,sa455197
2008,Brett Anderson,DET,R,17,39,118,122,21,18,3,0,0,7,6,3,0,32,1,0,0,5,0,2,0.177966101,sa455203
2009,Brett Anderson,DET,R,18,30,102,111,22,20,1,0,1,9,7,5,0,25,2,2,0,2,1,2,0.215686274,sa455203
2008,Daniel Pertusati,FLA,R,18,46,176,199,52,41,7,2,2,33,23,12,0,22,5,5,1,2,4,6,0.295454545,sa455260
2008,Travis Adair,ATL,R,20,51,197,221,57,49,6,2,0,27,20,19,0,42,1,0,4,0,10,3,0.289340101,sa455263
2008,Shan Sullivan,LAD,R,22,18,46,54,3,1,1,0,1,4,3,4,0,16,4,0,0,0,1,0,0.065217391,sa455273
2008,Jake Hanson,ATL,R,18,54,171,205,42,33,6,0,3,36,17,26,0,51,8,0,0,3,6,1,0.245614035,sa455274
2009,Jake Hanson,ATL,R,19,44,129,153,36,22,9,2,3,26,14,19,0,39,5,0,0,2,4,2,0.279069767,sa455274
2008,Tyler Yockey,BOS,R,18,27,92,96,15,10,4,0,1,7,10,4,0,42,0,0,0,3,2,0,0.163043478,sa455279
2009,Tyler Yockey,BOS,R,19,26,77,85,20,12,3,3,2,16,12,6,0,33,0,2,0,1,1,0,0.259740259,sa455279
2008,Ricky Orton,FLA,R,21,43,138,160,34,25,6,2,1,20,19,22,0,27,0,0,0,3,1,0,0.246376811,sa455293
2008,Damarii Saunderson,PHI,R,18,13,29,39,3,1,1,1,0,4,2,8,0,15,2,0,0,0,0,2,0.103448275,sa455302
2008,Layton Hiller,ATL,R,20,44,133,152,27,14,7,1,5,13,18,10,0,36,8,1,0,1,1,0,0.203007518,sa455311
2009,Layton Hiller,ATL,R,21,53,197,209,54,29,17,0,8,25,45,5,0,62,7,0,0,5,2,1,0.274111675,sa455311
2008,Wes Freeman,PIT,R,18,6,22,24,4,3,1,0,0,1,2,1,0,4,1,0,0,0,0,1,0.181818181,sa455318
2009,Wes Freeman,PIT,R,19,50,157,172,33,20,9,0,4,18,12,14,0,59,0,0,1,1,6,4,0.210191082,sa455318
2010,Wes Freeman,PIT,R,20,21,75,83,14,10,3,0,1,7,11,6,0,35,2,0,0,1,3,0,0.186666666,sa455318
2009,Carter Morrison,CIN,R,19,36,131,146,27,22,4,1,0,13,15,9,0,21,2,3,1,6,2,0,0.20610687,sa455322
2008,Adam Frost,DET,R,21,32,112,124,31,21,8,0,2,13,15,6,0,18,3,1,2,2,3,0,0.276785714,sa455334
2008,Carmelo Jaime,DET,R,22,6,15,20,4,2,1,1,0,4,1,2,0,2,1,1,1,0,2,2,0.266666666,sa455336
2008,Billy Nowlin,DET,R,21,6,21,23,6,3,2,0,1,2,5,2,0,7,0,0,0,1,0,0,0.285714285,sa455337
2008,Craig Parry,PIT,R,22,19,62,72,17,10,6,1,0,4,14,8,0,8,2,0,0,2,1,1,0.274193548,sa455363
2008,Jarek Cunningham,PIT,R,18,43,148,174,47,30,11,1,5,20,22,14,0,26,6,6,0,4,2,1,0.317567567,sa455364
2008,Andrew Frezza,BOS,R,22,36,118,128,31,21,7,2,1,19,8,8,0,26,1,0,1,1,10,0,0.262711864,sa455397
2008,Thomas Di Benedetto,BOS,R,22,11,27,38,7,5,2,0,0,4,2,8,0,6,2,1,0,1,1,0,0.259259259,sa455399
2008,Frank Pfister,CIN,R,21,38,140,154,33,25,8,0,0,20,14,7,0,16,3,3,0,6,0,1,0.235714285,sa455407
2008,Robert Brooks,ATL,R,20,47,155,183,51,36,7,5,3,30,20,15,0,27,12,1,0,6,12,1,0.329032258,sa455437
2008,Theo Bowe,CIN,R,17,31,105,119,21,18,2,1,0,16,6,12,0,29,1,0,1,3,6,0,0.2,sa455442
2009,Theo Bowe,CIN,R,18,31,101,121,29,23,5,1,0,15,9,14,0,21,2,3,1,0,15,4,0.287128712,sa455442
2008,Tyler Barnett,ATL,R,22,33,94,103,17,14,2,1,0,10,4,7,0,26,1,1,0,3,1,2,0.180851063,sa455445
2008,Edwin Cintron,BAL,R,18,21,62,65,14,13,1,0,0,7,4,2,0,20,0,1,0,1,2,1,0.225806451,sa455461
2009,Edwin Cintron,BAL,R,19,43,161,181,37,30,4,3,0,19,10,10,0,31,6,1,3,7,11,7,0.229813664,sa455461
2008,Derrick Phillips,WSN,R,17,15,37,43,3,3,0,0,0,3,2,3,0,19,2,1,0,0,1,0,0.081081081,sa455463
2009,Derrick Phillips,WSN,R,18,32,91,103,22,18,2,1,1,11,13,8,0,37,2,0,0,2,5,3,0.241758241,sa455463
2010,Derrick Phillips,WSN,R,19,9,25,28,7,3,4,0,0,2,4,2,0,8,1,0,0,0,0,1,0.28,sa455463
2008,Zach Moore,FLA,R,19,32,95,110,27,23,4,0,0,13,12,11,0,16,1,2,1,1,7,3,0.284210526,sa455471
2008,Kevin Fontanez,CLE,R,18,26,90,106,23,18,4,0,1,9,8,13,0,16,1,1,1,1,2,2,0.255555555,sa455476
2009,Xavier Lopez,BAL,R,19,23,72,83,15,12,2,1,0,9,8,9,0,14,2,0,0,0,9,0,0.208333333,sa455481
2010,Xavier Lopez,BAL,R,20,22,50,60,9,8,1,0,0,5,10,6,0,13,2,1,1,0,3,0,0.18,sa455481
2008,Calvin Culver,ATL,R,19,58,218,233,55,35,14,4,2,24,25,13,1,35,0,2,0,7,4,2,0.252293577,sa455501
2008,Moises Montero,CLE,R,18,9,24,29,1,1,0,0,0,2,2,3,1,10,1,0,1,0,0,1,0.041666666,sa455505
2009,Luis Marchena,TBR,R,19,26,68,79,18,17,1,0,0,7,5,11,0,11,0,0,0,2,1,1,0.264705882,sa455507
2008,Garrison Lassiter,NYY,R,18,6,23,24,6,6,0,0,0,2,2,1,0,6,0,0,0,0,1,0,0.260869565,sa455519
2008,Kyle Saukko,PIT,R,19,23,66,83,14,14,0,0,0,10,5,13,0,25,2,0,2,1,2,1,0.212121212,sa455522
2008,Dennis Perez,BAL,R,19,34,89,100,19,14,5,0,0,6,11,10,0,11,0,1,0,3,2,1,0.213483146,sa455539
2009,Dennis Perez,BAL,R,20,24,72,86,17,14,3,0,0,9,6,13,0,6,0,0,1,3,2,0,0.236111111,sa455539
2008,Roy Gomez,NYY,R,23,11,25,28,9,5,3,1,0,6,6,2,0,4,0,1,0,0,0,0,0.36,sa455580
2009,Kody Hinze,HOU,R,21,32,103,128,27,17,7,2,1,21,14,19,0,26,4,2,0,0,0,0,0.262135922,sa455593
2006,Yoel Campusano,ATL,R,19,39,124,135,22,18,4,0,0,15,5,10,1,16,1,0,0,3,1,0,0.177419354,sa455599
2008,Jordan Lennerton,DET,R,22,36,115,135,28,17,9,1,1,11,22,18,0,36,1,1,0,1,2,1,0.24347826,sa455610
2008,Tyler Howe,NYM,R,22,15,36,45,11,6,5,0,0,4,6,4,0,13,5,0,0,0,0,0,0.305555555,sa455706
2008,Mark McGonigle,NYM,R,22,38,111,131,33,25,5,3,0,23,15,18,1,29,1,1,0,4,4,0,0.297297297,sa455708
2009,Wilton Infante,HOU,R,21,7,25,26,8,6,1,1,0,4,3,1,0,6,0,0,0,0,0,0,0.32,sa455711
2008,Yensy Perez,TOR,R,20,33,97,106,22,18,3,0,1,13,13,3,0,22,4,1,1,1,13,2,0.226804123,sa455713
2008,Welinton Ramirez,TOR,R,21,47,176,190,46,33,7,2,4,24,25,11,0,56,2,1,0,2,4,4,0.261363636,sa455714
2008,Henry Rodriguez,TOR,R,20,18,42,47,5,2,2,0,1,4,2,2,0,19,3,0,0,0,0,0,0.119047619,sa455715
2009,Henry Rodriguez,TOR,R,21,19,40,48,9,6,2,0,1,1,5,3,1,10,3,0,2,2,0,0,0.225,sa455715
2008,Anthony Feliz,ATL,R,20,48,144,148,40,29,9,0,2,17,14,1,0,23,3,0,0,5,6,1,0.277777777,sa455717
2009,Anthony Feliz,ATL,R,21,46,142,154,37,24,9,2,2,20,10,8,0,26,2,0,2,3,4,2,0.26056338,sa455717
2008,Osman Marval,ATL,R,21,36,75,84,16,13,2,1,0,9,5,6,0,12,2,0,1,1,1,0,0.213333333,sa455718
2008,Ryan Voelkel,ATL,R,20,33,62,75,12,8,2,0,2,6,12,10,0,14,1,2,0,4,0,0,0.193548387,sa455719
2008,Juan Castillo,STL,R,18,27,75,87,22,17,3,1,1,9,5,6,0,13,5,0,1,0,0,2,0.293333333,sa455720
2008,Yunior Castillo,STL,R,19,40,129,137,33,28,3,1,1,16,12,6,0,29,0,2,0,3,5,3,0.255813953,sa455721
2008,David Medina,STL,R,19,51,150,175,29,16,8,2,3,24,16,18,0,53,3,3,1,2,3,1,0.193333333,sa455722
2009,David Medina,STL,R,20,43,144,164,39,29,6,1,3,22,18,18,1,40,1,0,1,1,0,2,0.270833333,sa455722
2008,Juan Mosquera,STL,R,20,24,74,90,12,12,0,0,0,9,2,13,0,17,1,1,1,2,3,4,0.162162162,sa455723
2009,Juan Mosquera,STL,R,21,43,125,149,29,25,3,1,0,15,7,17,1,17,1,0,5,2,5,1,0.232,sa455723
2008,Ted Obregon,STL,R,18,46,126,156,17,14,2,0,1,9,17,23,1,34,1,1,5,2,5,3,0.134920634,sa455724
2008,Carlos Pupo,STL,R,22,10,34,39,10,3,3,1,3,4,13,5,0,14,0,0,0,1,1,0,0.294117647,sa455725
2008,Ryde Rodriguez,STL,R,20,41,143,155,47,38,9,0,0,19,28,8,0,32,3,1,0,1,7,4,0.328671328,sa455726
2008,Kleininger Teran,STL,R,18,26,56,70,13,13,0,0,0,9,3,12,0,7,1,0,1,2,0,0,0.232142857,sa455727
2009,Kleininger Teran,STL,R,19,25,86,93,33,25,8,0,0,16,11,6,0,8,1,0,0,4,2,2,0.38372093,sa455727
2008,Pedro Guerrero,LAD,R,19,32,118,132,31,22,7,0,2,17,13,8,0,33,2,2,2,4,2,3,0.262711864,sa455728
2008,Ramon Asencio,FLA,R,21,32,79,97,23,13,3,4,3,18,14,9,0,30,6,2,1,0,4,3,0.29113924,sa455732
2008,Nestor Castillo,FLA,R,18,39,113,132,26,23,2,1,0,15,12,13,0,30,1,1,4,1,3,3,0.230088495,sa455733
2010,Nestor Castillo,FLA,R,20,38,136,142,47,36,8,1,2,18,23,3,0,21,1,2,0,1,1,2,0.345588235,sa455733
2009,Matt Lokken,FLA,R,19,16,38,48,9,8,1,0,0,5,3,8,0,9,2,0,0,2,0,0,0.236842105,sa455734
2008,Ernesto Manzanillo,FLA,R,19,40,118,145,41,27,6,6,2,21,21,25,0,29,0,2,0,2,11,6,0.347457627,sa455735
2008,Jose Torres,FLA,R,17,36,107,123,27,24,3,0,0,10,12,9,0,13,4,1,2,3,1,1,0.252336448,sa455736
2008,Ruben Martinez,NYM,R,21,46,169,186,34,25,4,5,0,16,20,11,0,42,3,1,2,1,7,4,0.201183431,sa455739
2009,Ruben Martinez,NYM,R,22,12,23,30,2,1,0,1,0,2,4,5,0,11,1,1,0,1,1,1,0.086956521,sa455739
2008,Luis Nieves,NYM,R,19,26,88,89,18,14,3,1,0,9,8,0,0,19,0,0,1,0,2,1,0.204545454,sa455740
2008,Miguel Tejada,NYM,R,17,29,100,109,22,19,3,0,0,8,7,6,0,37,2,1,0,3,2,1,0.22,sa455742
2009,Miguel Tejada,NYM,R,18,26,71,81,10,7,2,1,0,6,7,6,1,33,3,1,0,0,2,1,0.14084507,sa455742
2010,Miguel Tejada,NYM,R,19,32,87,102,20,10,8,0,2,11,9,7,0,35,2,0,6,0,1,0,0.229885057,sa455742
2008,Leandro Castro,PHI,R,19,44,161,168,48,35,9,1,3,25,19,4,0,25,1,1,1,3,9,4,0.298136645,sa455746
2008,Vladimir De Los Santos,PHI,R,21,51,187,200,47,25,11,1,10,32,45,9,1,41,2,2,0,6,1,1,0.251336898,sa455747
2008,Harold Garcia,PHI,R,21,50,174,210,52,30,12,5,5,35,21,20,1,32,12,3,1,1,17,2,0.298850574,sa455748
2008,Yonderman Rodriguez,PHI,R,21,43,129,159,39,31,8,0,0,27,13,27,1,24,1,2,0,2,6,0,0.302325581,sa455749
2008,Sebastian Valle,PHI,R,17,48,167,185,47,30,15,0,2,27,18,12,0,31,4,2,0,6,0,0,0.281437125,sa455750
2008,Adenson Chourio,PIT,R,21,49,185,220,62,59,3,0,0,35,13,22,0,30,3,2,8,0,30,8,0.335135135,sa455751
2008,Miguel Mendez,PIT,R,20,15,54,65,22,14,3,0,5,13,14,6,0,12,3,1,1,1,1,0,0.407407407,sa455752
2008,Keith Hernandez,DET,R,23,32,90,108,16,13,3,0,0,5,5,14,0,25,4,0,0,1,2,0,0.177777777,sa455753
2008,Tim Atherton,MIN,R,18,5,16,21,6,4,2,0,0,4,4,3,0,3,2,0,0,0,0,0,0.375,sa455754
2008,Jakub Hajtmar,MIN,R,21,33,85,96,21,18,3,0,0,7,2,5,0,20,1,0,5,1,5,2,0.247058823,sa455755
2008,Anderson Hidalgo,MIN,R,19,26,88,107,32,25,6,0,1,15,17,15,0,13,1,2,1,3,1,1,0.363636363,sa455756
2008,Herbert Lara,MIN,R,20,42,146,163,41,33,7,0,1,26,18,10,0,12,2,1,4,1,6,3,0.280821917,sa455757
2008,Juan Sanchez,MIN,R,21,42,137,156,43,27,13,1,2,25,17,11,0,22,4,0,4,3,3,1,0.313868613,sa455758
2008,Neall French,NYY,R,24,35,84,100,29,22,4,0,3,15,15,10,0,13,4,1,1,1,2,1,0.345238095,sa455906
2008,Emerson Landoni,NYY,R,19,36,100,112,31,26,2,2,1,15,8,9,0,18,2,0,1,0,2,1,0.31,sa455907
2008,Tommy Baldridge,NYY,R,21,19,66,77,19,13,4,0,2,10,10,10,1,16,1,0,0,1,1,0,0.287878787,sa455909
2008,Kevin Moscatel,STL,R,17,26,66,75,9,8,1,0,0,5,2,4,0,21,4,0,1,0,0,2,0.136363636,sa455921
2009,Kevin Moscatel,STL,R,18,28,66,76,14,11,3,0,0,4,13,8,0,13,0,1,1,1,0,0,0.212121212,sa455921
2010,Kevin Moscatel,STL,R,19,28,92,107,26,19,6,0,1,10,17,11,0,19,3,1,0,5,0,1,0.282608695,sa455921
2008,Luis Hurtado,TOR,R,19,16,24,28,3,2,1,0,0,3,1,3,0,4,0,0,1,0,0,0,0.125,sa455948
2008,Ramon Jean,LAD,R,20,33,111,125,31,20,7,0,4,20,16,9,0,27,2,0,3,5,10,2,0.279279279,sa455950
2008,Jake New,LAD,R,22,35,110,127,26,21,5,0,0,14,8,13,0,17,3,0,1,4,6,0,0.236363636,sa455951
2008,Walter Diaz,CLE,R,22,5,19,22,8,6,2,0,0,2,1,3,0,7,0,0,0,0,2,0,0.421052631,sa455952
2008,Rafael Vera,CLE,R,20,38,148,166,38,29,6,0,3,19,19,14,0,32,2,2,0,3,9,1,0.256756756,sa455953
2008,Chun-Hsiu Chen,CLE,R,19,38,115,128,30,21,4,2,3,11,15,13,0,29,0,0,0,5,1,1,0.260869565,sa455954
2008,Abner Abreu,CLE,R,18,51,199,211,50,19,16,4,11,32,37,9,0,52,2,1,0,3,4,1,0.251256281,sa455955
2008,Juan Aponte,CLE,R,20,24,71,82,13,7,6,0,0,4,10,8,0,17,1,1,1,5,0,0,0.183098591,sa455956
2008,Jose Camargo,CLE,R,18,31,92,108,22,16,5,0,1,12,9,11,0,26,2,2,1,1,1,3,0.239130434,sa455958
2008,Lurvin Basabe,CLE,R,18,35,91,108,15,12,1,1,1,14,10,11,0,22,2,1,3,1,9,1,0.164835164,sa455959
2008,Delvi Cid,CLE,R,18,35,127,148,38,35,3,0,0,17,11,17,0,28,1,1,2,0,14,3,0.299212598,sa455960
2008,John Allman,CLE,R,23,27,73,90,23,18,3,0,2,14,10,12,0,22,3,1,1,2,3,0,0.315068493,sa455961
2008,Juan Torres,NYM,R,19,21,58,60,17,12,4,0,1,12,8,0,0,14,1,1,0,2,0,1,0.293103448,sa455963
2009,Juan Torres,NYM,R,20,8,29,32,10,6,3,1,0,5,2,2,0,3,1,0,0,1,0,1,0.344827586,sa455963
2008,Alonzo Harris,NYM,R,19,33,104,117,32,21,6,0,5,23,10,9,0,23,3,0,1,2,7,2,0.307692307,sa455964
2008,Yeurys Tejeda,WSN,R,20,18,50,58,9,7,2,0,0,8,9,4,0,12,1,2,1,1,0,0,0.18,sa455968
2009,Yeurys Tejeda,WSN,R,21,35,118,128,29,20,5,1,3,22,23,7,0,25,1,2,0,2,2,1,0.245762711,sa455968
2008,Brett Newsome,WSN,R,21,24,53,63,10,8,1,1,0,7,7,5,0,18,3,0,2,2,2,0,0.188679245,sa455969
2009,Brett Newsome,WSN,R,22,51,168,206,55,28,17,4,6,36,35,31,1,42,2,2,1,2,3,2,0.327380952,sa455969
2008,Luis Ramirez,BAL,R,20,30,109,116,35,26,8,0,1,15,7,5,0,17,1,0,1,2,2,1,0.321100917,sa455971
2008,Javier Santana,BAL,R,20,31,84,97,20,18,2,0,0,6,6,8,0,22,1,2,2,1,2,0,0.238095238,sa455972
2008,Omar Casamayor,BAL,R,21,40,128,143,36,27,8,1,0,12,16,9,0,17,3,0,3,4,2,4,0.28125,sa455973
2008,Dashenko Ricardo,BAL,R,18,39,136,142,23,19,4,0,0,8,8,4,0,33,1,0,1,4,0,0,0.169117647,sa455974
2008,Edinho Meyer,BAL,R,20,42,139,157,44,32,9,0,3,17,17,12,0,30,4,1,1,3,0,0,0.316546762,sa455976
2008,Jose Kianes,BAL,R,21,11,40,42,7,4,1,1,1,3,2,2,0,17,0,0,0,0,0,0,0.175,sa455977
2008,Garabez Rosa,BAL,R,18,49,185,192,61,46,8,3,4,24,29,1,0,26,2,1,3,2,4,2,0.329729729,sa455978
2008,Grolmann Gonzalez,BAL,R,19,36,90,111,20,19,1,0,0,11,8,12,0,21,5,3,1,4,1,1,0.222222222,sa455979
2009,Grolmann Gonzalez,BAL,R,20,45,155,180,35,20,6,7,2,25,16,20,0,40,1,1,3,5,5,2,0.225806451,sa455979
2010,Grolmann Gonzalez,BAL,R,21,35,109,125,32,22,6,2,2,18,7,13,2,26,1,0,2,3,2,3,0.293577981,sa455979
2008,Francisco Mejia,BAL,R,22,39,97,107,20,14,4,0,2,7,15,3,0,22,2,1,4,5,1,2,0.206185567,sa455980
2008,Ferrel Gomez,PHI,R,21,26,71,76,17,13,4,0,0,6,10,3,1,16,0,2,0,3,1,1,0.239436619,sa455982
2008,Freizer Pedron,PIT,R,21,17,59,77,15,12,3,0,0,13,6,12,0,15,2,0,4,1,2,4,0.254237288,sa455984
2008,Jesus Aguilera,PIT,R,20,25,72,77,21,18,2,1,0,8,8,5,0,21,0,0,0,1,0,0,0.291666666,sa455986
2009,Jesus Aguilera,PIT,R,21,15,28,34,4,3,1,0,0,0,4,3,0,9,2,1,0,0,0,1,0.142857142,sa455986
2008,Chia-Chu Chen,BOS,R,19,18,51,57,13,9,4,0,0,2,4,6,0,14,0,0,0,1,0,0,0.25490196,sa455990
2008,Roberto Feliz,BOS,R,20,40,142,160,33,19,6,1,7,16,25,13,0,39,4,1,0,3,5,0,0.232394366,sa455991
2008,Michael Almanzar,BOS,R,17,23,89,99,31,23,6,1,1,16,11,8,0,15,2,0,0,1,3,3,0.348314606,sa455994
2008,Wilfred Pichardo,BOS,R,18,52,203,226,60,54,4,2,0,36,11,18,0,47,1,0,4,1,42,9,0.295566502,sa455997
2010,Wilfred Pichardo,BOS,R,20,13,46,47,11,9,1,0,1,5,5,1,0,15,0,0,0,1,4,0,0.239130434,sa455997
2008,Joantoni Garcia,BOS,R,17,46,146,168,37,28,8,0,1,19,11,17,0,34,0,3,2,5,5,0,0.253424657,sa455999
2008,Eddie Lora,BOS,R,19,10,32,35,0,0,0,0,0,1,0,2,0,12,1,0,0,0,0,0,0,sa456004
2009,Eddie Lora,BOS,R,20,34,99,108,22,11,6,2,3,9,7,9,0,34,0,0,0,2,0,0,0.222222222,sa456004
2008,Maykol Sanchez,BOS,R,20,18,39,47,8,6,2,0,0,3,5,4,0,7,3,1,0,2,0,0,0.205128205,sa456005
2009,Maykol Sanchez,BOS,R,21,17,40,46,12,12,0,0,0,3,3,5,0,10,1,0,0,0,0,0,0.3,sa456005
2010,Maykol Sanchez,BOS,R,22,12,23,29,7,4,3,0,0,3,1,4,0,3,1,0,1,0,0,0,0.304347826,sa456005
2008,Samuel Vasquez,CIN,R,21,46,166,171,43,28,9,4,2,22,15,2,0,39,3,0,0,3,8,0,0.259036144,sa456007
2008,Yen-Wen Kuo,CIN,R,19,25,96,108,27,22,5,0,0,13,15,7,0,14,1,3,1,1,0,1,0.28125,sa456008
2008,Efrain Contreras,CIN,R,21,37,129,153,35,22,11,1,1,19,30,10,0,20,8,4,2,0,3,0,0.271317829,sa456010
2008,Luis Palacios,DET,R,18,43,147,165,36,20,13,0,3,15,17,12,1,37,4,0,2,2,0,0,0.244897959,sa456012
2008,Chao-Ting Tang,DET,R,20,38,126,139,28,18,7,2,1,13,15,9,0,29,2,2,0,4,3,1,0.222222222,sa456014
2009,Chao-Ting Tang,DET,R,21,22,75,83,23,17,5,0,1,13,11,8,0,8,0,0,0,1,2,0,0.306666666,sa456014
2008,Alexis Espinoza,DET,R,19,39,124,130,33,24,6,0,3,14,11,2,1,33,1,2,1,5,7,1,0.266129032,sa456016
2008,Hyeong-rok Choi,MIN,R,18,23,85,94,20,15,4,0,1,11,7,8,0,15,1,0,0,3,0,2,0.235294117,sa456019
2009,Hyeong-rok Choi,MIN,R,19,31,111,128,31,22,6,1,2,13,14,13,0,24,2,2,0,2,2,1,0.279279279,sa456019
2008,Hyun-wook Choi,MIN,R,18,23,64,71,19,17,1,0,1,6,7,3,0,6,0,2,2,1,1,0,0.296875,sa456020
2009,Hyun-wook Choi,MIN,R,19,31,107,121,23,17,4,1,1,14,10,10,0,15,0,2,1,2,2,1,0.214953271,sa456020
2008,Jae-Hyung Jang,MIN,R,21,15,48,56,12,8,3,1,0,2,10,5,0,12,0,3,0,2,0,0,0.25,sa456021
2008,Derrik Gibson,BOS,R,18,27,94,113,29,22,6,1,0,15,9,14,0,18,3,1,1,0,14,0,0.308510638,sa456041
2008,Andrick Villalobos,LAD,R,22,25,70,79,16,14,2,0,0,8,3,4,0,6,3,0,2,4,0,1,0.228571428,sa456096
2008,Carlos Paulino,FLA,R,18,17,46,49,7,3,3,1,0,5,2,1,0,3,2,0,0,3,1,0,0.152173913,sa456100
2008,Brian Schultz,FLA,R,23,22,71,85,27,19,4,3,1,15,15,12,0,11,1,0,1,3,3,4,0.38028169,sa456101
2008,Francisco Soriano,WSN,R,21,30,58,85,10,9,1,0,0,20,5,21,0,14,1,0,5,2,4,3,0.172413793,sa456102
2008,Luis Grullon,DET,R,20,27,70,77,13,9,4,0,0,5,6,1,0,28,4,2,0,0,0,0,0.185714285,sa456105
2009,Luis Grullon,DET,R,21,17,60,63,16,10,5,0,1,6,8,2,0,21,0,1,0,0,0,0,0.266666666,sa456105
2008,Kevin Coddington,CIN,R,20,31,102,117,28,22,6,0,0,11,7,10,0,19,4,0,1,2,0,0,0.274509803,sa456348
2008,Mauricio Pimentel,CIN,R,19,37,123,147,33,25,5,2,1,18,19,19,0,32,1,3,1,0,5,5,0.268292682,sa456350
2009,Mauricio Pimentel,CIN,R,20,9,26,30,8,8,0,0,0,3,2,4,0,4,0,0,0,0,2,0,0.307692307,sa456350
2008,Kai Gronauer,NYM,R,21,16,45,50,16,15,1,0,0,4,10,2,0,6,2,0,1,1,0,1,0.355555555,sa456436
2011,Kai Gronauer,NYM,R,24,6,21,24,5,2,3,0,0,2,6,3,0,4,0,0,0,2,0,0,0.238095238,sa456436
2008,Juan Padron,WSN,R,22,41,120,157,23,15,8,0,0,19,20,27,0,36,4,3,3,5,6,1,0.191666666,sa456437
2008,Jhon Goncalves,MIN,R,19,31,88,110,23,18,4,1,0,19,10,17,0,16,2,2,1,0,7,1,0.261363636,sa456464
2008,Alvaro Ramirez,NYY,R,22,39,105,115,25,18,4,1,2,14,9,7,0,15,1,2,0,2,4,3,0.238095238,sa456468
2008,Ismael Cardona,STL,R,19,13,39,41,8,6,0,2,0,4,7,2,0,8,0,0,0,0,0,0,0.205128205,sa456509
2008,Brett Sellers,WSN,R,22,29,83,100,18,14,4,0,0,15,8,14,0,25,1,1,1,2,2,0,0.216867469,sa456510
2008,Roberto Ramos,BOS,R,19,18,46,52,12,8,4,0,0,3,5,3,0,10,0,0,3,0,2,1,0.260869565,sa456602
2009,Roberto Ramos,BOS,R,20,38,83,92,21,16,5,0,0,12,10,4,0,18,0,2,3,1,7,2,0.253012048,sa456602
2010,Roberto Ramos,BOS,R,21,14,40,43,9,8,0,1,0,3,4,2,0,7,0,0,1,1,2,2,0.225,sa456602
2008,Yunior Tabares,NYY,R,22,19,48,54,7,4,2,0,1,5,1,3,0,13,3,0,0,1,0,0,0.145833333,sa456603
2009,Yunior Tabares,NYY,R,23,30,87,96,20,16,3,1,0,9,6,7,0,21,1,1,0,3,0,0,0.229885057,sa456603
2009,Wilfri Pena,WSN,R,22,25,61,72,15,9,5,0,1,14,12,9,0,11,1,0,1,6,1,0,0.245901639,sa456607
2008,Charles Hinojosa,NYM,R,19,19,53,54,12,8,3,0,1,6,6,1,0,10,0,0,0,1,0,0,0.226415094,sa457149
2009,Charles Hinojosa,NYM,R,20,38,127,143,41,28,12,0,1,10,15,9,0,30,5,1,1,0,1,4,0.322834645,sa457149
2008,Giovanni Ortiz,NYM,R,20,15,40,48,14,14,0,0,0,7,3,4,0,10,3,0,1,0,0,0,0.35,sa457150
2009,Giovanni Ortiz,NYM,R,21,21,66,75,11,7,4,0,0,4,6,7,0,22,1,0,1,3,0,0,0.166666666,sa457150
2009,Orlando Rodriguez,NYM,R,20,16,47,56,14,9,5,0,0,11,8,7,0,9,2,0,0,1,1,1,0.29787234,sa457151
2008,Janensis Guerrero,BAL,R,19,19,52,53,8,5,2,1,0,4,0,1,0,11,0,0,0,0,0,0,0.153846153,sa457152
2010,Janensis Guerrero,BAL,R,21,8,21,23,5,4,1,0,0,0,2,2,0,6,0,0,0,1,0,0,0.238095238,sa457152
2008,Moko Moanaroa,BOS,R,18,11,36,40,4,3,1,0,0,4,3,4,0,11,0,0,0,1,0,0,0.111111111,sa458865
2009,Moko Moanaroa,BOS,R,19,16,44,49,12,10,2,0,0,3,4,4,0,6,1,0,0,1,1,0,0.272727272,sa458865
2010,Moko Moanaroa,BOS,R,20,32,108,123,32,25,7,0,0,13,15,8,0,18,6,1,0,0,1,0,0.296296296,sa458865
2008,Javier Brown,MIN,R,21,17,47,58,11,11,0,0,0,2,2,6,0,14,3,1,1,0,2,2,0.234042553,sa458867
2008,Melvin Ray,LAD,R,19,15,37,40,6,6,0,0,0,3,2,3,0,14,0,0,0,1,0,2,0.162162162,sa460145
2008,Matt Kramer,ATL,R,22,13,29,33,6,3,2,0,1,3,4,2,0,2,1,1,0,1,0,0,0.206896551,sa462328
2009,Matt Kramer,ATL,R,23,29,63,70,16,9,3,0,4,11,10,1,0,14,4,1,1,3,0,0,0.253968253,sa462328
2008,Cristofher Dumont,STL,R,21,13,34,38,4,3,1,0,0,4,1,3,0,10,1,0,0,0,0,0,0.117647058,sa462358
2008,Derek Gianakas,BAL,R,22,11,33,38,5,4,1,0,0,4,4,3,0,4,2,0,0,1,0,0,0.151515151,sa463210
2008,Darrick Hale,CIN,R,23,15,50,58,12,9,2,1,0,4,2,8,0,15,0,0,0,1,0,0,0.24,sa463211
2008,Larry Rivera,BAL,R,22,14,33,39,8,7,1,0,0,4,4,3,0,9,1,0,2,0,4,1,0.242424242,sa463883
2009,Frederic Hanvi,MIN,R,20,19,52,64,9,8,1,0,0,5,2,9,0,12,1,0,2,2,0,0,0.173076923,sa472883
2010,Frederic Hanvi,MIN,R,21,23,61,71,8,6,2,0,0,5,5,3,0,26,3,3,1,0,0,2,0.13114754,sa472883
2009,Ryan Doran,CIN,R,22,16,37,39,5,5,0,0,0,4,0,2,0,14,0,0,0,0,4,1,0.135135135,sa491879
2009,Elevys Gonzalez,PIT,R,19,35,107,118,29,25,1,2,1,17,9,5,0,21,0,0,6,1,6,3,0.271028037,sa495744
2009,Kelly Dugan,PHI,R,18,45,150,167,35,26,8,1,0,18,8,12,0,30,2,1,2,7,9,5,0.233333333,sa500838
2010,Kelly Dugan,PHI,R,19,9,33,42,19,13,4,1,1,12,4,4,0,4,3,0,2,0,2,2,0.575757575,sa500838
2011,Tyler Townsend,BAL,R,23,5,17,21,4,1,2,0,1,3,8,3,0,4,0,1,0,0,0,0,0.235294117,sa501202
2012,Tyler Townsend,BAL,R,24,10,33,36,5,1,1,0,3,3,8,3,0,12,0,0,0,1,0,0,0.151515151,sa501202
2009,Telvin Nash,HOU,R,18,40,142,157,31,19,10,1,1,15,20,12,0,45,1,2,0,6,1,2,0.218309859,sa501240
2009,Edwin Gomez,DET,R,17,45,153,170,29,25,4,0,0,12,12,9,0,31,0,1,7,1,1,1,0.189542483,sa501242
2010,Edwin Gomez,DET,R,18,46,168,183,38,34,2,2,0,11,19,11,0,49,1,3,0,6,5,1,0.226190476,sa501242
2012,Edwin Gomez,HOU,R,20,31,96,104,25,16,7,1,1,10,12,5,1,25,1,0,2,1,0,1,0.260416666,sa501242
2010,Robbie Shields,NYM,R,22,23,82,94,20,14,5,0,1,11,7,11,1,10,0,1,0,4,3,1,0.243902439,sa501250
2009,Kyrell Hudson,PHI,R,18,10,37,40,6,4,2,0,0,3,6,3,0,9,0,0,0,1,2,0,0.162162162,sa501256
2011,Todd Glaesmann,TBR,R,20,11,37,45,8,7,1,0,0,7,0,5,0,10,2,0,1,1,6,1,0.216216216,sa501261
2010,Luke Bailey,TBR,R,19,42,137,161,25,12,8,0,5,18,14,17,1,47,6,1,0,1,0,0,0.182481751,sa501447
2009,Seth Schwindenhammer,BOS,R,17,36,124,135,24,16,6,2,0,11,10,8,0,41,2,1,0,2,0,1,0.193548387,sa501487
2009,Jeff Malm,TBR,R,18,7,25,27,6,6,0,0,0,2,0,1,0,4,1,0,0,1,1,0,0.24,sa501489
2010,Cody Rogers,TBR,R,21,9,24,30,6,3,1,1,1,3,5,4,0,1,2,0,0,0,1,0,0.25,sa501523
2009,Roberto Perez,WSN,R,18,11,36,39,6,6,0,0,0,3,4,2,0,13,0,0,1,0,0,1,0.166666666,sa501528
2010,Roberto Perez,WSN,R,19,36,113,137,35,27,6,0,2,20,11,13,1,19,3,1,7,4,11,1,0.309734513,sa501528
2010,K.C. Hobson,TOR,R,19,35,129,136,36,27,5,0,4,17,17,7,0,17,0,0,0,2,1,5,0.279069767,sa501541
2009,Matt Weaver,ATL,R,19,11,22,24,3,2,0,1,0,4,2,1,0,6,1,0,0,0,1,0,0.136363636,sa501548
2009,Kyle Rose,ATL,R,20,47,142,169,40,34,4,1,1,26,10,20,0,21,6,1,0,5,26,4,0.28169014,sa501561
2009,Juan Silva,CIN,R,18,43,143,166,40,23,9,7,1,26,16,21,1,45,0,0,2,1,7,4,0.279720279,sa501563
2009,Jobduan Morales,FLA,R,18,34,110,133,25,20,5,0,0,14,6,18,0,24,1,3,1,3,0,0,0.227272727,sa501573
2010,Jobduan Morales,FLA,R,19,38,116,135,36,28,7,1,0,21,13,15,0,20,0,2,2,2,0,0,0.310344827,sa501573
2010,Joey Schoenfeld,PIT,R,19,23,64,75,18,15,2,1,0,3,3,10,0,21,1,0,0,0,3,2,0.28125,sa501582
2011,Joey Schoenfeld,PIT,R,20,7,21,26,4,4,0,0,0,1,6,2,0,7,2,1,0,1,1,0,0.19047619,sa501582
2009,Nick Lockwood,MIN,R,18,30,88,99,22,20,2,0,0,8,5,6,0,10,2,0,3,6,2,1,0.25,sa501585
2010,Nick Lockwood,MIN,R,19,8,31,33,10,8,2,0,0,4,4,2,0,0,0,0,0,2,1,1,0.322580645,sa501585
2010,Jeff Glenn,NYM,R,18,24,78,85,18,13,4,0,1,7,4,6,0,19,1,0,0,0,1,0,0.23076923,sa501590
2009,Chris Lovett,ATL,R,20,35,104,122,24,15,7,1,1,12,12,13,0,16,2,0,3,2,2,3,0.23076923,sa501643
2010,Jason Thompson,BOS,R,19,50,172,192,39,23,10,1,5,18,23,13,1,50,2,3,2,1,9,1,0.226744186,sa501662
2009,Brandon Jacobs,BOS,R,18,8,24,27,6,4,2,0,0,1,0,2,0,8,1,0,0,0,0,0,0.25,sa501670
2009,Bryson Namba,TOR,R,18,27,77,86,13,7,2,0,4,9,8,6,0,28,2,1,0,3,1,1,0.168831168,sa501672
2010,Bryson Namba,TOR,R,19,35,117,124,24,13,5,2,4,9,15,5,0,53,1,1,0,3,0,1,0.205128205,sa501672
2009,Naoya Washiya,WSN,R,20,40,118,136,29,22,6,1,0,21,14,13,0,23,2,0,3,1,12,0,0.245762711,sa501687
2009,Walker Gourley,PIT,R,18,18,50,60,11,9,2,0,0,6,2,6,0,11,1,1,2,0,3,1,0.22,sa501688
2010,William Holmes,BOS,R,22,36,124,145,29,15,8,0,6,21,27,14,0,37,5,2,0,1,0,0,0.233870967,sa501752
2010,Sean Nicol,WSN,R,23,5,18,22,3,3,0,0,0,3,1,3,0,0,1,0,0,0,1,0,0.166666666,sa501900
2010,Tillman Pugh,NYM,R,21,23,61,82,14,9,4,1,0,11,5,15,0,16,2,0,4,0,6,3,0.229508196,sa501901
2009,David Peters,FLA,R,18,26,86,95,7,7,0,0,0,5,6,5,0,22,2,1,1,4,1,1,0.081395348,sa501931
2010,David Peters,FLA,R,19,14,31,38,4,3,0,0,1,3,2,6,0,10,1,0,0,2,0,0,0.129032258,sa501931
2009,Ronald Sanchez,HOU,R,17,43,138,164,29,24,5,0,0,13,16,18,1,33,6,0,2,2,3,1,0.210144927,sa501934
2010,Ronald Sanchez,HOU,R,18,31,106,115,14,11,3,0,0,1,4,7,0,31,1,1,0,2,0,0,0.132075471,sa501934
2009,Chase Greene,NYM,R,19,22,63,72,18,11,7,0,0,8,5,7,0,10,1,1,0,1,2,0,0.285714285,sa501937
2009,Jace Whitmer,ATL,R,21,10,32,35,5,3,1,1,0,3,2,2,0,9,0,1,0,0,0,0,0.15625,sa501950
2009,Brent Keys,FLA,R,18,50,163,198,47,42,5,0,0,23,19,28,0,20,2,2,3,2,13,4,0.288343558,sa501959
2015,Brent Keys,MIA,R,24,5,17,20,2,2,0,0,0,2,2,3,0,2,0,0,0,1,0,0,0.117647058,sa501959
2009,Nick Tindall,MIN,R,17,17,54,62,10,6,4,0,0,8,8,2,0,20,5,0,1,0,0,0,0.185185185,sa501963
2010,Nick Tindall,MIN,R,18,12,33,41,5,2,3,0,0,3,2,7,0,9,1,0,0,0,1,1,0.151515151,sa501963
2009,Alexander Diaz,TBR,R,17,42,145,149,26,21,5,0,0,9,8,3,0,40,0,1,0,2,2,1,0.179310344,sa501978
2010,Alexander Diaz,TBR,R,18,42,135,154,41,31,8,2,0,16,11,17,0,39,2,0,0,2,1,2,0.303703703,sa501978
2009,Jakob Dalfonso,ATL,R,19,41,139,152,36,29,7,0,0,19,19,10,0,20,3,0,0,1,7,2,0.258992805,sa501990
2012,Stephen Perez,WSN,R,21,7,21,23,4,2,2,0,0,1,0,1,0,10,0,0,1,0,0,2,0.19047619,sa501997
2009,Anthony Garcia,STL,R,17,23,51,57,12,8,3,1,0,12,3,4,0,10,2,0,0,1,2,1,0.235294117,sa502038
2010,Anthony Garcia,STL,R,18,39,116,143,33,24,3,1,5,20,20,19,0,17,6,2,0,4,2,0,0.284482758,sa502038
2009,Nelfi Zapata,NYM,R,18,35,119,135,31,22,6,2,1,18,13,11,0,26,4,1,0,6,0,1,0.260504201,sa502056
2009,Cody Holliday,NYM,R,21,15,40,49,7,3,4,0,0,7,0,9,0,15,0,0,0,0,1,0,0.175,sa502068
2009,David Stewart,CIN,R,20,7,19,20,3,3,0,0,0,1,2,0,0,4,1,0,0,0,0,0,0.157894736,sa502091
2009,Terrence Dayleg,FLA,R,21,35,130,154,35,23,9,2,1,24,19,16,1,18,6,1,1,3,0,1,0.269230769,sa502108
2009,Derrick Lowery,CIN,R,21,15,50,56,13,12,1,0,0,6,3,6,0,13,0,0,0,0,0,0,0.26,sa502127
2009,Matt Nuzzo,TOR,R,22,34,92,107,22,15,4,2,1,8,7,9,0,30,2,2,2,1,1,0,0.239130434,sa502172
2009,Kevin Mahoney,NYY,R,22,57,190,229,43,19,17,1,6,28,30,24,0,70,7,3,5,3,3,2,0.226315789,sa502179
2009,Josh Dunn,NYM,R,18,11,30,34,3,2,1,0,0,2,3,3,0,8,0,0,1,2,0,0,0.1,sa502187
2010,Josh Dunn,NYM,R,19,11,36,40,9,8,1,0,0,4,5,2,0,12,2,0,0,0,0,0,0.25,sa502187
2009,Issac Harrow,NYY,R,22,30,86,97,16,10,4,1,1,7,8,10,0,25,0,1,0,0,0,1,0.186046511,sa502199
2009,Trey Manz,CIN,R,21,13,38,43,12,5,5,0,2,7,4,5,0,7,0,0,0,0,0,1,0.315789473,sa502308
2009,Edgar Corcino,DET,R,17,8,25,30,4,2,1,0,1,2,4,4,0,10,0,0,1,0,0,0,0.16,sa502309
2010,Edgar Corcino,DET,R,18,27,87,96,19,16,3,0,0,8,9,8,0,27,0,0,1,2,2,1,0.218390804,sa502309
2011,Edgar Corcino,DET,R,19,51,174,200,35,21,9,0,5,23,15,20,0,51,4,1,1,0,3,2,0.201149425,sa502309
2009,Pat McKenna,DET,R,22,30,82,97,16,15,0,0,1,8,8,10,0,27,2,1,2,0,4,3,0.195121951,sa502323
2010,Pat McKenna,DET,R,23,15,46,55,15,8,4,1,2,8,5,7,0,15,0,0,2,1,2,3,0.326086956,sa502323
2009,Kurt Steinhauer,NYM,R,23,12,45,53,12,9,2,1,0,8,7,7,0,7,1,0,0,0,2,1,0.266666666,sa502336
2009,Marlon  Mitchell,PHI,R,18,28,52,62,11,9,1,0,1,6,5,5,0,13,3,1,1,1,0,0,0.211538461,sa502339
2010,Marlon  Mitchell,PHI,R,19,26,66,78,18,14,4,0,0,10,6,6,0,17,6,0,0,2,1,1,0.272727272,sa502339
2009,Brent Weaver,FLA,R,24,53,186,208,50,38,9,0,3,32,33,16,0,37,5,1,0,4,4,1,0.268817204,sa502407
2009,Garen Wright,HOU,R,18,34,108,126,20,17,2,1,0,10,7,15,0,35,1,0,2,2,4,1,0.185185185,sa502429
2010,Garen Wright,HOU,R,19,40,130,147,30,27,2,0,1,18,15,14,0,31,2,1,0,4,14,6,0.23076923,sa502429
2009,ZeErika McQueen,NYM,R,21,38,111,135,33,24,9,0,0,23,10,21,0,25,2,0,0,1,5,1,0.297297297,sa502432
2009,Jonathan Fernandez,TOR,R,21,11,26,35,5,3,2,0,0,4,4,7,0,8,1,1,0,2,2,0,0.192307692,sa502519
2009,Jack Murphy,TOR,R,21,28,88,99,23,14,8,0,1,12,14,11,1,17,0,0,0,2,1,1,0.261363636,sa502520
2013,Jiwan James,PHI,R,24,8,28,31,9,6,1,1,1,5,5,2,0,9,0,0,1,0,0,1,0.321428571,sa502525
2008,Jimmy Gonzalez,TOR,R,20,31,90,97,21,16,5,0,0,12,9,5,0,24,1,0,1,4,6,3,0.233333333,sa502568
2010,Rolando Petit,BAL,R,20,18,59,63,12,9,2,0,1,4,5,4,0,16,0,0,0,0,0,0,0.20338983,sa502608
2009,Brenden Webb,BAL,R,19,13,43,54,8,6,2,0,0,7,1,10,0,14,1,0,0,0,2,0,0.186046511,sa502672
2009,Yovan Gonzalez,CIN,R,19,26,48,56,10,9,1,0,0,3,5,4,0,5,2,1,1,2,0,0,0.208333333,sa502678
2009,James Robbins,DET,R,18,9,36,39,13,10,0,1,2,4,7,2,0,9,1,0,0,0,0,0,0.361111111,sa502680
2009,Harold Brantley,FLA,R,21,24,39,48,6,5,1,0,0,8,2,5,0,9,1,1,2,0,8,0,0.153846153,sa502690
2009,Trayvone Johnson,MIN,R,21,19,55,60,10,6,3,0,1,5,2,5,0,20,0,0,0,1,0,1,0.181818181,sa502693
2012,Zach Taylor,PHI,R,21,10,36,40,6,4,0,0,2,6,3,4,0,11,0,0,0,0,0,0,0.166666666,sa502711
2009,Tyler Bighames,STL,R,18,33,88,100,19,12,5,1,1,15,8,10,0,23,1,1,0,7,1,2,0.21590909,sa502728
2009,Judd Golsan,NYY,R,18,39,98,115,22,19,3,0,0,16,5,13,0,34,3,1,0,0,4,2,0.224489795,sa502734
2010,Judd Golsan,NYY,R,19,35,101,112,19,15,4,0,0,9,9,8,0,35,2,0,1,3,9,3,0.188118811,sa502734
2012,Cody Keefer,MIA,R,21,13,45,54,13,9,2,1,1,6,9,9,0,10,0,0,0,0,1,0,0.288888888,sa502776
2009,Nick Freitas,MIN,R,22,32,118,134,29,20,8,0,1,13,10,13,0,38,3,0,0,1,6,0,0.245762711,sa502784
2013,Alex Gonzalez,HOU,R,21,41,146,161,34,27,6,0,1,22,8,10,0,22,3,0,2,8,8,6,0.232876712,sa502796
2009,Brian Gump,PHI,R,22,37,126,140,40,28,7,1,4,21,19,14,0,25,0,0,0,3,6,5,0.317460317,sa502920
2010,Brian Gump,PHI,R,23,5,21,22,5,3,1,1,0,2,2,1,0,6,0,0,0,0,2,0,0.238095238,sa502920
2009,Miles Head,BOS,R,18,10,29,32,3,3,0,0,0,1,0,3,0,8,0,0,0,1,0,0,0.103448275,sa502921
2009,Marquise Cooper,FLA,R,17,39,140,170,27,22,3,1,1,19,14,18,0,27,8,1,3,2,6,4,0.192857142,sa503011
2010,Marquise Cooper,FLA,R,18,43,148,181,35,30,2,2,1,29,15,25,0,45,6,1,1,0,13,5,0.236486486,sa503011
2009,Rony Peralta,FLA,R,18,43,167,188,34,28,5,1,0,20,9,15,0,31,1,1,4,0,3,4,0.203592814,sa503012
2010,Rony Peralta,FLA,R,19,47,126,146,33,22,9,2,0,19,14,11,0,22,3,2,4,3,3,2,0.261904761,sa503012
2009,Aury Diaz,FLA,R,19,33,119,133,29,24,4,0,1,23,18,12,1,19,1,1,0,2,0,1,0.243697478,sa503014
2009,Gerardo Mambell,STL,R,19,45,144,173,32,28,4,0,0,19,10,15,0,15,12,1,1,5,2,2,0.222222222,sa503019
2009,Cesar Valera,STL,R,17,54,186,208,45,32,10,2,1,32,22,10,0,55,8,3,1,3,8,3,0.241935483,sa503020
2009,Jonathan Rodriguez,STL,R,19,30,97,117,34,25,8,1,0,12,15,18,0,14,2,0,0,6,3,0,0.350515463,sa503023
2009,Roberto De La Cruz,STL,R,17,49,165,180,37,28,9,0,0,17,17,10,0,59,1,4,0,5,0,3,0.224242424,sa503024
2010,Roberto De La Cruz,STL,R,18,46,162,175,39,24,6,2,7,20,21,7,0,46,5,1,0,4,0,2,0.24074074,sa503024
2010,Dylan Brown,NYM,R,22,45,139,164,24,16,2,2,4,17,9,16,0,55,7,0,2,2,3,2,0.17266187,sa503025
2009,Melvin De La Cruz,PIT,R,19,36,112,121,23,20,3,0,0,8,3,7,0,43,2,0,0,1,11,8,0.205357142,sa503028
2009,Gerlis Rodriguez,PIT,R,21,54,199,214,53,38,12,0,3,22,28,9,1,32,0,4,2,5,1,3,0.266331658,sa503031
2009,Rogelio Noris,PIT,R,19,41,136,156,34,16,10,2,6,16,24,11,0,51,5,2,2,1,2,1,0.25,sa503032
2009,Cam Maron,NYM,R,18,12,41,49,12,9,2,0,1,8,7,7,0,7,1,0,0,2,1,0,0.292682926,sa503041
2010,Cam Maron,NYM,R,19,20,48,59,15,12,1,1,1,8,7,7,0,8,1,0,3,3,0,0,0.3125,sa503041
2009,Oliver Santos,CIN,R,22,24,70,82,15,13,0,1,1,11,9,9,0,13,3,0,0,3,3,1,0.214285714,sa503055
2009,Phillip Aviola,PHI,R,22,25,35,41,6,3,2,0,1,4,3,2,0,6,4,0,0,2,2,0,0.171428571,sa503071
2009,Yeico Aponte,TOR,R,20,38,94,105,19,16,0,2,1,11,2,9,0,34,2,0,0,0,5,2,0.202127659,sa503152
2009,Jhonatan Arias,MIN,R,20,27,82,97,20,14,6,0,0,12,7,10,0,12,2,0,3,7,2,0,0.243902439,sa503157
2009,Matthew McConnell,PHI,R,22,30,102,120,25,21,4,0,0,8,8,9,0,15,4,4,1,1,3,2,0.245098039,sa503160
2009,Elys Blanco,ATL,R,20,34,75,94,18,17,1,0,0,17,3,13,0,20,4,1,1,3,9,4,0.24,sa503219
2009,Justin Milo,NYY,R,22,7,15,20,4,2,1,0,1,2,3,4,0,2,1,0,0,0,2,0,0.266666666,sa503226
2010,Luis Bryan,FLA,R,19,28,93,101,22,16,4,2,0,14,13,2,0,26,5,1,0,2,0,2,0.236559139,sa503227
2009,Luis Bryan,HOU,R,18,31,106,111,36,26,6,2,2,16,19,0,0,20,2,2,1,3,3,0,0.339622641,sa503227
2009,David Calderon,BAL,R,19,15,44,52,9,7,2,0,0,7,6,6,0,6,1,1,0,2,0,0,0.204545454,sa503228
2009,Luis Castillo,DET,R,20,52,178,196,39,32,6,0,1,17,14,13,0,25,1,1,3,5,7,1,0.219101123,sa503229
2010,Luis Castillo,DET,R,21,19,65,68,21,18,3,0,0,5,6,2,0,9,0,0,1,1,3,2,0.323076923,sa503229
2009,Moises Ciriaco,BAL,R,20,51,188,207,49,40,7,1,1,26,19,8,0,28,6,1,4,4,14,6,0.260638297,sa503230
2011,Moises Ciriaco,BAL,R,22,32,109,122,20,18,1,0,1,9,12,6,1,9,2,0,5,3,6,2,0.183486238,sa503230
2009,Julio Concepcion,NYM,R,19,45,160,178,49,43,4,2,0,21,12,10,0,34,4,4,0,4,11,4,0.30625,sa503234
2010,Julio Concepcion,NYM,R,20,50,174,191,49,30,10,5,4,21,28,7,0,34,6,3,1,6,2,2,0.281609195,sa503234
2009,Luis Contreras,ATL,R,18,44,77,93,14,12,2,0,0,9,8,13,0,19,1,0,2,4,3,1,0.181818181,sa503236
2009,Ruben Contreras,TBR,R,21,50,159,174,36,24,6,3,3,21,15,13,0,38,0,1,1,2,11,5,0.226415094,sa503238
2009,Jordan Cruz,DET,R,23,48,166,195,44,20,15,3,6,28,29,24,2,37,4,0,1,3,7,2,0.26506024,sa503244
2009,Juan Cuello,TBR,R,20,44,138,151,33,26,6,0,1,17,12,8,0,21,3,1,0,6,4,2,0.239130434,sa503245
2009,Kelvin De Leon,NYY,R,18,56,201,222,54,34,13,0,7,28,31,16,3,61,3,1,0,2,5,1,0.268656716,sa503247
2009,Fernando De Los Santos,ATL,R,19,36,105,120,24,17,4,2,1,15,12,7,0,25,1,2,5,2,1,1,0.228571428,sa503248
2010,Fernando De Los Santos,ATL,R,20,49,140,154,35,26,7,2,0,20,8,10,0,35,3,0,1,4,2,3,0.25,sa503248
2009,Edgar Duran,PHI,R,18,32,86,95,19,14,5,0,0,10,7,6,0,15,1,2,0,2,5,2,0.220930232,sa503253
2009,Juan Duran,CIN,R,17,45,164,174,29,18,7,4,0,15,17,8,0,52,1,1,0,2,0,0,0.176829268,sa503255
2009,Daniel Falcon,ATL,R,20,45,148,156,38,26,7,2,3,13,15,7,0,42,0,1,0,1,2,2,0.256756756,sa503257
2010,Daniel Falcon,ATL,R,21,34,133,139,36,24,9,0,3,18,18,6,0,28,0,0,0,2,9,0,0.270676691,sa503257
2009,Pedro Feliz,HOU,R,18,43,132,157,27,20,5,2,0,21,17,24,0,38,1,0,0,1,5,4,0.204545454,sa503258
2009,Bo Ford,BAL,R,24,13,41,43,11,8,3,0,0,4,5,2,0,10,0,0,0,1,2,0,0.268292682,sa503263
2009,Claudio Fukunaga,TBR,R,21,20,62,67,10,10,0,0,0,5,5,3,0,11,0,0,1,5,1,1,0.161290322,sa503264
2009,Ricardo Garcia,HOU,R,20,8,26,32,4,4,0,0,0,4,0,3,0,6,2,0,1,0,1,1,0.153846153,sa503265
2009,Ernesto Genoves,HOU,R,18,31,107,117,25,16,6,2,1,15,13,5,0,23,4,1,0,6,0,0,0.233644859,sa503266
2010,Ernesto Genoves,HOU,R,19,23,72,83,20,16,4,0,0,7,10,7,0,11,3,0,1,2,0,0,0.277777777,sa503266
2009,Hector Gomez,TBR,R,21,43,142,152,29,15,10,3,1,13,16,9,0,35,1,0,0,1,1,2,0.204225352,sa503267
2009,Felix Gonzalez,TBR,R,19,46,168,179,38,28,7,3,0,17,15,7,0,44,0,0,4,7,8,2,0.226190476,sa503269
2009,Jorge Guerra,PHI,R,21,19,45,48,7,5,1,1,0,5,2,2,0,8,1,0,0,0,0,0,0.155555555,sa503272
2009,Matej Hejma,MIN,R,19,31,96,102,26,20,5,1,0,10,9,3,0,29,3,0,0,3,5,1,0.270833333,sa503273
2010,Matej Hejma,MIN,R,20,21,62,70,19,12,6,0,1,12,7,5,0,11,2,1,0,2,1,1,0.306451612,sa503273
2009,Yudelmis Hernandez,TOR,R,22,26,69,80,7,5,2,0,0,2,2,8,0,35,0,2,1,1,0,0,0.101449275,sa503284
2011,Yudelmis Hernandez,TOR,R,24,28,92,108,14,6,6,0,2,13,10,15,0,50,1,0,0,3,1,0,0.152173913,sa503284
2009,Emilio King,HOU,R,19,42,138,173,35,22,9,3,1,22,20,18,0,31,16,1,0,4,8,1,0.253623188,sa503289
2009,In Kyun Kang,MIN,R,20,24,81,88,16,13,1,1,1,3,5,5,0,15,1,1,0,1,0,1,0.197530864,sa503292
2010,In Kyun Kang,MIN,R,21,21,68,74,17,14,2,1,0,2,5,5,0,14,0,1,0,1,0,1,0.25,sa503292
2009,Jim Linger,ATL,R,18,41,132,142,36,29,4,1,2,15,8,9,0,11,1,0,0,4,3,4,0.272727272,sa503295
2009,Francisco Martinez,DET,R,18,43,153,168,34,23,9,0,2,21,23,5,0,38,3,3,4,2,11,1,0.222222222,sa503297
2009,Cory Wine,PHI,R,22,34,74,92,14,12,2,0,0,5,7,13,0,11,3,2,0,3,1,0,0.189189189,sa503299
2009,Jaynnertt Melenciano,BAL,R,21,46,158,187,40,28,8,3,1,19,24,18,0,38,7,1,3,3,3,4,0.253164556,sa503300
2010,Jaynnertt Melenciano,BAL,R,22,41,144,159,37,27,9,0,1,14,14,11,0,25,1,0,2,3,5,6,0.256944444,sa503300
2009,Alexander Nunez,DET,R,19,41,143,155,44,27,7,5,5,18,17,7,1,31,3,0,2,2,4,3,0.307692307,sa503308
2009,Alberto Odreman,ATL,R,20,55,195,210,49,36,3,1,9,24,29,12,0,47,3,0,0,10,1,0,0.251282051,sa503313
2009,Gerardo Olivares,TBR,R,20,51,179,196,46,33,12,1,0,16,21,11,0,24,4,2,0,5,0,0,0.25698324,sa503314
2009,Travis Ozga,NYM,R,22,32,93,104,18,15,3,0,0,7,2,10,0,31,1,0,0,2,4,3,0.193548387,sa503315
2009,Luis Paulino,PHI,R,20,41,149,161,30,15,11,2,2,13,15,7,0,43,3,2,0,4,0,1,0.201342281,sa503316
2009,Gustavo Pierre,TOR,R,17,48,174,182,45,27,10,4,4,22,22,3,0,45,1,2,2,3,8,5,0.258620689,sa503319
2009,Adolfo Reina,DET,R,19,23,70,83,12,5,4,0,3,8,7,9,0,18,2,2,0,1,0,0,0.171428571,sa503320
2011,Adolfo Reina,DET,R,21,28,90,97,19,10,4,0,5,10,13,6,0,19,0,1,0,1,1,0,0.211111111,sa503320
2009,Rory Rhodes,MIN,R,17,35,116,129,23,16,6,1,0,11,7,9,0,28,2,2,0,4,0,0,0.198275862,sa503321
2010,Rory Rhodes,MIN,R,18,27,91,105,29,22,6,1,0,13,13,11,0,17,3,0,0,1,3,1,0.318681318,sa503321
2009,John Roberts,TOR,R,22,45,137,162,33,20,6,2,5,21,21,23,0,34,1,1,0,2,2,0,0.240875912,sa503322
2010,Art Charles,TOR,R,19,37,123,142,30,15,11,0,4,17,13,16,0,48,1,2,0,2,5,0,0.243902439,sa503326
2011,Drew Hillman,PHI,R,22,25,91,100,23,16,5,2,0,11,6,5,0,10,3,1,0,0,1,1,0.252747252,sa503329
2011,Jerome Pena,BAL,R,22,49,177,212,47,35,8,3,1,36,21,26,0,40,3,3,3,4,3,5,0.265536723,sa503393
2013,Ivory Thomas,MIN,R,21,16,51,62,13,10,3,0,0,6,3,8,0,13,2,0,1,1,5,1,0.25490196,sa503426
2011,Trey Ford,PHI,R,20,39,120,142,29,21,4,1,3,14,13,17,0,27,3,0,2,0,2,4,0.241666666,sa503436
2012,Andrew Allen,DET,R,22,17,47,54,10,8,2,0,0,7,4,4,0,15,2,0,0,0,0,0,0.212765957,sa503445
2013,Andrew Allen,DET,R,23,19,58,63,14,11,1,2,0,4,10,4,0,16,1,0,0,3,1,0,0.24137931,sa503445
2009,Cristobal Rodriguez,CIN,R,19,25,87,90,27,24,2,1,0,10,10,2,0,16,0,1,0,3,1,3,0.310344827,sa503456
2010,Seth Henry,TBR,R,23,21,41,52,9,6,2,0,1,8,6,7,0,12,1,0,3,1,5,0,0.219512195,sa503462
2009,Garis Pena,TOR,R,17,33,99,106,19,12,4,1,2,7,9,2,0,28,5,0,0,0,1,0,0.191919191,sa503465
2010,Garis Pena,TOR,R,18,44,147,159,30,24,4,0,2,12,15,6,0,40,3,3,0,0,1,1,0.204081632,sa503465
2009,Luis Polanco,STL,R,19,22,57,64,11,7,2,2,0,4,1,6,0,15,0,0,1,0,0,0,0.192982456,sa503466
2009,Nick Zaleski,TOR,R,22,48,147,167,41,27,13,0,1,19,21,17,0,31,1,2,0,3,1,0,0.278911564,sa503472
2009,Isaiah Brown,NYY,R,19,20,36,48,6,4,1,0,1,5,4,8,0,14,3,1,0,0,2,1,0.166666666,sa503533
2011,Derrick Hudgins,DET,R,20,32,108,115,20,19,1,0,0,9,8,5,0,29,1,1,0,1,5,1,0.185185185,sa503556
2009,David Rivera,BAL,R,18,40,142,158,28,22,3,2,1,12,10,11,0,34,0,2,3,4,1,1,0.197183098,sa503598
2010,David Rivera,BAL,R,19,23,73,82,16,14,0,1,1,6,9,6,0,24,0,1,2,1,1,1,0.219178082,sa503598
2009,Nestor Santana,HOU,R,19,35,101,119,29,24,5,0,0,16,9,13,0,27,3,1,1,1,5,4,0.287128712,sa503661
2009,Geber Suniaga,HOU,R,18,38,145,159,28,23,2,2,1,18,20,11,0,47,1,1,0,2,4,1,0.193103448,sa503664
2010,Geber Suniaga,HOU,R,19,23,65,74,13,10,2,1,0,9,8,3,0,17,4,2,0,1,4,0,0.2,sa503664
2009,Alberto Rivero,STL,R,20,36,85,99,19,15,3,1,0,8,8,9,0,12,1,2,2,1,2,1,0.223529411,sa503668
2009,Samuel Bautista,FLA,R,20,7,23,26,4,2,2,0,0,3,3,1,0,12,0,1,0,0,0,0,0.173913043,sa503676
2009,Ray Van Gurp,NYM,R,20,45,151,181,38,31,6,1,0,25,21,27,0,22,0,2,1,5,16,5,0.251655629,sa503682
2009,Marinus Vernooij,NYM,R,20,27,76,83,15,13,2,0,0,7,7,4,0,24,2,1,0,2,1,1,0.197368421,sa503684
2010,Marinus Vernooij,NYM,R,21,26,70,78,15,11,4,0,0,11,9,7,0,21,1,0,0,1,1,1,0.214285714,sa503684
2010,Randolph Oduber,WSN,R,21,39,153,175,56,36,13,3,4,38,30,13,0,38,6,1,2,1,18,1,0.366013071,sa503718
2013,Juan Avila,MIA,R,21,42,143,157,27,21,4,1,1,12,11,9,0,23,5,0,0,6,1,1,0.188811188,sa503731
2009,Ryan Bollinger,PHI,R,18,7,23,26,4,3,1,0,0,2,0,2,0,7,0,0,0,2,0,0,0.173913043,sa503763
2009,Jordan Sallis,BOS,R,20,28,45,65,7,6,1,0,0,11,2,15,0,22,2,0,3,1,3,0,0.155555555,sa503767
2010,Jordan Sallis,BOS,R,21,8,17,20,5,4,1,0,0,3,2,3,0,4,0,0,0,0,1,1,0.294117647,sa503767
2010,Wander Nunez,WSN,R,20,40,125,139,29,21,3,5,0,15,13,8,0,25,5,1,0,4,6,3,0.232,sa503768
2010,Tanner Biagini,TBR,R,21,20,68,77,16,11,5,0,0,8,11,7,0,16,0,2,0,1,0,0,0.235294117,sa503786
2010,Ronnie Melendez,TOR,R,20,36,112,132,29,18,8,3,0,18,5,11,1,23,2,1,6,2,11,5,0.258928571,sa503787
2011,Ronnie Melendez,TOR,R,21,10,34,38,9,7,2,0,0,6,5,3,0,3,0,0,1,0,3,0,0.264705882,sa503787
2009,David Hissey,PHI,R,23,22,53,64,12,12,0,0,0,5,2,6,0,11,4,1,0,1,2,0,0.226415094,sa503802
2009,Angelberth Montilla,WSN,R,20,47,127,146,26,22,3,0,1,23,18,12,0,32,3,1,3,1,3,4,0.204724409,sa503843
2010,Angelberth Montilla,WSN,R,21,51,193,222,55,41,10,3,1,33,24,20,0,36,1,3,5,5,17,4,0.284974093,sa503843
2009,Hendry Jimenez,WSN,R,19,50,162,203,54,41,10,2,1,39,25,28,0,24,4,2,7,2,12,3,0.333333333,sa503845
2009,Justino Cuevas,WSN,R,20,54,183,206,42,30,10,0,2,28,26,11,1,30,5,2,5,4,7,5,0.229508196,sa503847
2009,Anyi Tejeda,BAL,R,20,48,193,211,46,40,6,0,0,26,12,13,1,38,2,1,2,6,4,1,0.238341968,sa503848
2010,Anyi Tejeda,BAL,R,21,40,123,135,27,25,2,0,0,14,7,4,0,29,4,1,3,0,2,1,0.219512195,sa503848
2009,Miguel Alvarez,PHI,R,19,24,73,78,19,12,6,1,0,5,7,5,0,16,0,0,0,5,5,2,0.260273972,sa503849
2009,Winder Torres,PHI,R,18,20,55,60,6,5,1,0,0,5,2,2,0,16,3,0,0,2,3,0,0.109090909,sa503852
2009,Gemmy Gonzalez,PIT,R,21,26,75,82,12,9,2,0,1,7,11,4,0,32,1,1,1,0,2,1,0.16,sa503854
2009,Cristian Vasquez,TBR,R,19,46,146,165,25,20,4,0,1,15,6,10,0,53,5,0,4,2,10,2,0.171232876,sa503855
2010,Cristian Vasquez,TBR,R,20,13,30,34,4,4,0,0,0,1,2,2,0,10,0,0,2,0,1,1,0.133333333,sa503855
2009,Juan Bonifacio,BOS,R,20,30,77,85,16,9,5,1,1,9,1,5,0,19,2,0,1,1,2,1,0.207792207,sa503856
2009,Jose Garcia,BOS,R,18,49,168,188,36,25,8,1,2,21,16,15,0,39,4,1,0,4,5,6,0.214285714,sa503857
2009,Boss Moanaroa,BOS,R,17,29,97,110,28,24,4,0,0,8,7,12,0,26,0,1,0,4,0,0,0.288659793,sa503858
2010,Boss Moanaroa,BOS,R,18,18,56,67,15,10,3,0,2,8,9,9,0,14,1,1,0,6,0,0,0.267857142,sa503858
2009,Felix Sanchez,BOS,R,19,40,138,150,34,23,7,3,1,17,11,9,0,39,0,1,2,1,10,4,0.246376811,sa503859
2009,Danny Vicioso,CIN,R,20,23,52,55,15,9,4,0,2,5,8,2,0,6,1,0,0,3,0,0,0.288461538,sa503860
2009,Jefry Sierra,CIN,R,19,34,107,120,36,31,3,2,0,9,12,7,1,25,1,4,1,0,8,5,0.336448598,sa503861
2009,Elvin Soto,DET,R,20,47,149,182,29,18,4,3,4,29,15,27,0,57,3,0,3,2,3,1,0.194630872,sa503871
2009,Julio Rodriguez,DET,R,19,38,121,131,24,16,7,0,1,11,12,4,0,11,3,1,2,1,0,1,0.198347107,sa503872
2009,Brian Bistagne,MIN,R,21,35,114,127,26,20,5,1,0,12,10,5,0,20,4,3,1,2,2,1,0.228070175,sa503873
2009,Jhorge Liccien,NYY,R,18,29,80,90,8,8,0,0,0,6,1,7,0,18,1,0,2,0,0,0,0.1,sa503876
2010,Jhorge Liccien,NYY,R,19,27,79,88,17,10,5,1,1,9,14,7,0,22,0,0,2,2,0,1,0.215189873,sa503876
2009,Eduardo Sosa,NYY,R,18,49,165,187,33,23,7,1,2,24,14,16,0,47,3,2,1,0,11,4,0.2,sa503877
2009,Jose Toussen,NYY,R,19,58,202,237,45,30,12,1,2,27,15,27,0,36,3,5,0,7,8,3,0.222772277,sa503878
2010,Jose Toussen,NYY,R,20,45,148,168,41,36,4,0,1,24,15,11,0,20,3,3,3,1,9,1,0.277027027,sa503878
2009,Oliver Dominguez,TOR,R,20,49,142,160,32,23,6,0,3,17,16,15,0,32,0,1,2,1,13,0,0.225352112,sa503884
2009,Wilder Parra,HOU,R,18,17,55,58,10,6,4,0,0,8,7,2,0,15,1,0,0,2,1,2,0.181818181,sa503892
2010,Wilder Parra,HOU,R,19,18,55,58,7,4,2,0,1,4,4,0,0,16,2,0,1,3,0,0,0.127272727,sa503892
2009,Jose Vargas,HOU,R,18,25,69,80,16,11,3,0,2,8,14,7,0,22,3,1,0,2,0,0,0.231884057,sa503893
2010,Jose Vargas,HOU,R,19,41,160,172,36,20,12,2,2,16,23,10,0,33,1,1,0,5,1,1,0.225,sa503893
2009,Amauris Valdez,NYM,R,20,20,54,56,15,11,3,1,0,7,2,1,0,11,1,0,0,3,0,1,0.277777777,sa503895
2009,Jairo Marquez,PIT,R,21,29,96,103,27,19,6,1,1,8,14,6,0,11,1,0,0,3,3,2,0.28125,sa503943
2009,Hunter Pace,TBR,R,22,47,163,183,35,31,3,1,0,16,12,15,0,27,4,1,0,0,11,4,0.214723926,sa503944
2009,Sergio Guerrero,CIN,R,21,17,40,45,8,6,2,0,0,5,4,5,0,11,0,0,0,1,0,0,0.2,sa503945
2009,Brandon Wilkerson,HOU,R,21,41,111,128,19,11,8,0,0,19,6,11,0,27,4,1,1,1,2,4,0.171171171,sa504048
2009,Wilfredo Gimenez,FLA,R,18,35,104,122,29,21,7,0,1,17,22,14,0,9,0,2,2,1,1,1,0.278846153,sa504051
2009,Jose Nunez,FLA,R,23,22,62,83,12,7,3,1,1,12,6,17,0,17,2,1,1,1,2,2,0.193548387,sa504052
2009,Ricardo Martinez,WSN,R,20,15,50,56,15,9,5,1,0,9,10,2,0,7,4,0,0,0,2,0,0.3,sa504054
2009,David Anderson,BAL,R,21,50,181,221,49,31,11,3,4,28,35,36,0,32,2,2,0,5,0,1,0.270718232,sa504055
2009,Chase Childers,BAL,R,22,40,150,173,32,24,6,2,0,19,16,18,0,39,1,3,1,2,5,0,0.213333333,sa504056
2009,Lucas Nakandakare,TBR,R,19,27,64,74,11,11,0,0,0,3,7,7,0,13,2,0,1,3,0,1,0.171875,sa504057
2009,Travis Simas,TBR,R,21,32,89,107,17,12,5,0,0,11,3,13,0,26,4,1,0,4,0,0,0.191011235,sa504058
2009,Alexander Romero,WSN,R,19,26,48,52,12,9,3,0,0,5,4,3,0,18,1,0,0,0,2,2,0.25,sa504179
2009,Leonel Escobar,BOS,R,18,21,53,63,12,9,3,0,0,9,7,8,0,9,2,0,0,2,0,1,0.226415094,sa504182
2010,Leonel Escobar,BOS,R,19,27,54,68,14,14,0,0,0,5,6,8,0,9,4,1,1,2,1,0,0.259259259,sa504182
2009,Danny Hernandez,CIN,R,20,29,94,111,19,14,4,0,1,15,9,10,0,23,5,2,0,3,1,1,0.202127659,sa504183
2009,Billy Alvino,DET,R,21,12,34,42,6,6,0,0,0,4,2,3,0,3,3,1,1,0,0,0,0.176470588,sa504424
2009,Jairo Perez,MIN,R,21,37,120,142,26,17,7,1,1,14,8,17,2,12,3,2,0,1,4,1,0.216666666,sa504599
2010,Anthony Fonseca,STL,R,21,39,90,109,19,17,2,0,0,14,5,9,0,28,6,2,2,2,1,2,0.211111111,sa504700
2010,Hector Garcia,STL,R,20,33,100,120,22,14,7,1,0,14,11,16,0,17,2,2,0,6,0,0,0.22,sa504702
2011,Hector Garcia,STL,R,21,21,78,84,25,21,3,0,1,11,13,5,0,12,0,1,0,1,0,0,0.32051282,sa504702
2011,Jem Argenal,STL,R,19,45,150,164,39,27,6,3,3,24,18,6,1,29,3,4,1,3,1,4,0.26,sa504704
2012,Jem Argenal,STL,R,20,45,157,164,38,28,5,2,3,21,22,3,0,27,3,1,0,2,1,0,0.242038216,sa504704
2011,Gerwuins Velazco,STL,R,19,30,98,117,24,19,4,0,1,14,13,18,0,17,1,0,0,0,0,0,0.244897959,sa504715
2010,Breiner Soto,NYM,R,20,10,21,24,7,7,0,0,0,8,0,2,0,8,1,0,0,0,1,1,0.333333333,sa504813
2011,Breiner Soto,NYM,R,21,26,95,105,21,17,4,0,0,11,9,10,0,16,0,0,0,5,2,3,0.221052631,sa504813
2010,Nestor Moreno,NYM,R,22,22,70,81,22,16,5,1,0,8,9,11,0,10,0,0,0,2,1,1,0.314285714,sa504821
2011,Hector Alvarez,NYM,R,20,27,83,95,19,14,5,0,0,6,6,12,0,13,0,0,0,0,0,0,0.228915662,sa504823
2011,Sneider Batista,NYM,R,20,47,171,190,41,31,9,1,0,19,17,13,0,19,2,0,4,6,3,3,0.239766081,sa504829
2011,Dimas Ponce,NYM,R,20,35,112,130,22,16,3,2,1,14,9,14,0,30,2,2,0,2,1,0,0.196428571,sa504835
2010,Luis Unda,PHI,R,20,44,155,167,38,27,9,2,0,18,16,8,0,17,2,2,0,1,2,4,0.24516129,sa504864
2010,Carlos Perdomo,PHI,R,20,15,47,56,12,9,1,1,1,4,5,5,0,2,3,1,0,1,4,1,0.255319148,sa504867
2011,Bernardo Solarte,PHI,R,19,38,101,123,19,14,3,0,2,15,11,10,0,30,9,1,2,1,4,3,0.188118811,sa504870
2010,Nerio Rios,PHI,R,18,30,101,110,25,19,6,0,0,6,9,6,0,15,1,0,2,1,3,0,0.247524752,sa504872
2011,Francisco Aponte,PIT,R,20,28,65,87,17,12,5,0,0,16,8,15,0,11,3,2,2,1,9,2,0.261538461,sa504935
2010,Jorge Bishop,PIT,R,19,50,183,201,47,29,10,4,4,27,30,11,0,32,2,1,4,3,12,4,0.256830601,sa504936
2011,Jorge Bishop,PIT,R,20,26,86,98,16,13,2,0,1,12,11,9,0,9,1,1,1,2,1,3,0.186046511,sa504936
2012,Jorge Bishop,PIT,R,21,30,71,83,12,8,2,0,2,14,9,8,0,16,2,0,2,1,12,1,0.169014084,sa504936
2010,Michaelangel Trinidad,PIT,R,21,27,86,92,21,9,6,2,4,9,19,4,0,14,1,1,0,0,1,0,0.244186046,sa504938
2010,Junior Sosa,PIT,R,19,44,142,165,42,38,3,0,1,29,11,18,0,20,1,0,3,1,20,6,0.295774647,sa504939
2011,Junior Sosa,PIT,R,20,15,42,48,10,10,0,0,0,7,1,5,0,6,0,0,1,0,5,2,0.238095238,sa504939
2010,Exicardo Cayones,PIT,R,18,46,152,181,40,27,11,2,0,25,22,15,1,34,11,1,2,3,7,5,0.263157894,sa504941
2011,Exicardo Cayones,PIT,R,19,27,82,98,24,16,5,3,0,14,12,11,0,21,2,0,3,0,2,3,0.292682926,sa504941
2011,Ashley Ponce,PIT,R,20,9,27,35,8,8,0,0,0,5,3,6,0,5,2,0,0,1,0,0,0.296296296,sa504945
2009,Alejandro Segovia,TBR,R,19,23,69,82,13,8,5,0,0,3,9,6,0,6,5,2,0,1,0,1,0.188405797,sa504965
2011,Ismel Antunez,TBR,R,20,46,132,152,31,21,10,0,0,19,10,12,0,41,3,1,3,0,7,7,0.234848484,sa504983
2012,Wilmer Dominguez,TBR,R,21,25,80,81,22,20,1,1,0,2,7,1,0,17,0,0,0,1,0,0,0.275,sa504988
2012,Leopoldo Correa,TBR,R,20,39,121,139,31,25,5,1,0,6,7,15,0,29,0,1,2,5,1,1,0.256198347,sa504990
2010,Alexander Moreno,DET,R,20,19,55,62,13,10,2,1,0,5,6,4,0,14,2,1,0,1,2,1,0.236363636,sa505031
2011,Alexander Moreno,DET,R,21,9,28,32,6,3,2,1,0,4,1,3,0,7,0,0,1,0,2,0,0.214285714,sa505031
2010,Gabriel Purroy,DET,R,18,26,93,96,24,19,2,1,2,7,15,2,0,17,1,0,0,0,0,1,0.258064516,sa505034
2011,Gabriel Purroy,DET,R,19,28,79,92,21,14,5,0,2,12,14,9,0,11,2,1,1,1,1,0,0.265822784,sa505034
2010,Gilbert Gomez,DET,R,20,36,107,116,26,18,5,1,2,13,8,4,0,39,1,1,3,1,1,2,0.242990654,sa505037
2012,Jose Soledad,DET,R,19,26,79,84,21,15,4,1,1,6,7,4,0,18,0,0,1,3,3,2,0.265822784,sa505039
2011,Luis Cortez,DET,R,19,28,102,116,28,17,9,1,1,19,6,7,0,21,3,0,4,2,7,2,0.274509803,sa505040
2012,Luis Cortez,DET,R,20,6,23,23,5,3,1,0,1,4,4,0,0,9,0,0,0,0,0,0,0.217391304,sa505040
2009,Francisco Diaz,PHI,R,19,29,54,62,12,12,0,0,0,6,4,8,0,11,0,0,0,2,0,0,0.222222222,sa505229
2010,Francisco Diaz,PHI,R,20,29,75,86,23,17,6,0,0,14,11,9,1,9,0,1,1,0,1,0,0.306666666,sa505229
2012,Luis De La Rosa,HOU,R,20,27,47,58,7,3,1,2,1,9,6,6,0,15,2,2,1,0,2,0,0.14893617,sa505292
2013,Luis De La Rosa,HOU,R,21,28,82,94,11,7,2,1,1,8,8,3,0,28,8,0,1,3,3,2,0.134146341,sa505292
2010,Jose Monzon,HOU,R,18,35,128,146,32,23,6,0,3,24,11,14,0,32,3,0,1,1,9,5,0.25,sa505293
2011,Max Ayarza,HOU,R,19,23,54,61,8,5,1,2,0,6,3,5,0,14,0,1,1,1,1,2,0.148148148,sa505303
2009,Henry Henry,PIT,R,22,29,91,101,20,18,0,1,1,13,3,7,0,8,1,0,2,3,7,2,0.219780219,sa505443
2009,Eddie Rush,DET,R,22,31,110,114,31,24,7,0,0,11,5,3,0,23,1,0,0,1,6,2,0.281818181,sa505444
2010,Reymond Nunez,NYY,R,19,27,108,114,24,16,4,1,3,10,20,5,0,30,1,0,0,5,1,0,0.222222222,sa505516
2010,Henry Pena,NYY,R,19,26,86,102,26,15,7,1,3,12,7,14,0,25,1,0,1,1,3,0,0.302325581,sa505518
2011,Henry Pena,NYY,R,20,24,53,64,13,7,4,1,1,10,8,10,0,27,0,1,0,0,0,0,0.245283018,sa505518
2010,Kelvin Duran,NYY,R,19,35,136,155,30,23,5,0,2,18,10,17,1,35,0,2,0,0,10,4,0.220588235,sa505519
2012,Kelvin Duran,NYY,R,21,26,95,105,19,15,3,0,1,10,10,7,0,22,0,1,2,1,4,1,0.2,sa505519
2011,Ravel Santana,NYY,R,19,41,162,185,48,25,11,3,9,43,29,17,0,40,1,3,2,1,10,3,0.296296296,sa505525
2010,Anderson Feliz,NYY,R,18,47,198,213,54,35,9,6,4,33,27,15,0,44,0,0,0,3,11,7,0.272727272,sa505526
2011,Jackson Valera,NYY,R,19,35,131,145,32,22,8,0,2,14,22,7,0,13,6,1,0,4,0,1,0.244274809,sa505529
2009,Daniel Coury,ATL,R,22,9,24,27,3,1,2,0,0,0,2,3,0,6,0,0,0,0,0,0,0.125,sa505578
2009,Mike Payne,ATL,R,23,17,39,41,11,10,1,0,0,4,3,1,0,8,0,1,0,0,0,0,0.282051282,sa505579
2009,Taylor Krick,FLA,R,21,8,23,30,4,2,1,1,0,6,1,5,0,0,1,0,1,1,0,0,0.173913043,sa505580
2009,Marshal Davis,NYM,R,23,13,20,30,3,3,0,0,0,7,4,5,0,9,4,0,1,0,0,0,0.15,sa505581
2015,Teodoro Martinez,NYY,R,23,13,33,37,4,3,1,0,0,2,0,2,0,3,1,0,1,1,1,2,0.121212121,sa505946
2011,Ariel Soriano,TBR,R,19,53,191,212,42,26,11,2,3,24,22,14,1,26,4,1,2,7,10,5,0.219895287,sa506091
2010,Edward Dorville,TBR,R,21,52,157,180,31,21,4,4,2,25,14,12,0,63,5,3,2,1,7,5,0.197452229,sa506092
2011,Edward Dorville,TBR,R,22,44,139,154,27,18,3,3,3,16,14,9,0,57,2,0,2,1,16,3,0.194244604,sa506092
2011,Hector Rodriguez,TBR,R,21,32,103,116,20,16,3,0,1,10,13,9,0,22,1,3,0,5,1,1,0.194174757,sa506116
2012,Adderly Rosa,TBR,R,20,40,123,134,28,23,4,1,0,14,10,10,0,22,0,0,1,5,2,1,0.227642276,sa506119
2013,Adderly Rosa,TBR,R,21,12,29,44,9,7,2,0,0,5,3,12,0,9,2,1,0,0,6,2,0.310344827,sa506119
2010,Julian Morillo,TBR,R,18,41,124,144,27,25,2,0,0,16,16,17,0,17,2,0,1,5,4,2,0.217741935,sa506133
2011,Julian Morillo,TBR,R,19,41,124,145,24,17,4,3,0,13,12,17,0,30,1,1,2,2,3,3,0.193548387,sa506133
2010,Joel Caminero,TBR,R,20,52,187,202,47,35,8,4,0,17,20,10,0,41,0,1,3,2,2,5,0.251336898,sa506134
2010,Jhonatan Gomez,TBR,R,21,37,99,106,15,8,5,1,1,10,5,6,0,28,1,0,0,2,0,0,0.151515151,sa506139
2011,Alexys Rodriguez,TOR,R,22,29,90,103,21,16,3,0,2,9,11,4,0,14,5,1,3,3,0,0,0.233333333,sa506144
2012,Alexys Rodriguez,TOR,R,23,7,18,23,1,1,0,0,0,1,0,5,0,4,0,0,0,0,0,1,0.055555555,sa506144
2011,Sony Javier,TOR,R,20,23,79,83,16,14,1,0,1,6,8,3,0,17,0,0,1,1,2,0,0.202531645,sa506152
2010,Dan Arcila,TOR,R,19,29,94,102,17,10,2,2,3,7,9,5,0,21,1,0,2,1,1,0,0.180851063,sa506161
2010,Oscar Perez,BOS,R,18,30,84,90,21,20,1,0,0,7,6,6,0,23,0,0,0,3,2,0,0.25,sa506222
2011,Oscar Perez,BOS,R,19,36,108,120,21,16,3,1,1,8,9,8,0,24,0,2,2,2,2,1,0.194444444,sa506222
2010,Keury De La Cruz,BOS,R,18,51,198,219,52,29,10,7,6,35,31,17,0,50,1,3,0,3,8,6,0.262626262,sa506223
2011,Dreily Guerrero,BOS,R,20,35,98,110,17,10,4,3,0,12,8,7,0,34,0,1,4,2,3,1,0.173469387,sa506225
2010,Heiker Meneses,BOS,R,18,56,208,226,52,38,8,3,3,27,24,12,0,47,4,0,2,6,17,6,0.25,sa506229
2016,Heiker Meneses,MIN,R,24,13,35,43,9,9,0,0,0,6,4,6,0,8,2,0,0,0,1,1,0.257142857,sa506229
2010,Edison Sanchez,ATL,R,19,30,89,109,21,14,6,0,1,9,11,17,0,28,3,0,0,2,0,1,0.235955056,sa506234
2010,Wilson Rivera,ATL,R,20,51,151,174,33,22,7,3,1,15,17,15,0,37,6,2,0,1,6,4,0.218543046,sa506238
2011,Aris Alcantara,ATL,R,21,49,178,205,46,32,9,1,4,27,23,18,0,25,3,3,3,0,9,1,0.258426966,sa506239
2011,Felix Marte,ATL,R,20,46,160,183,43,28,9,1,5,23,21,20,0,58,1,0,2,2,7,1,0.26875,sa506244
2010,Elmer Reyes,ATL,R,19,6,22,27,8,7,0,0,1,8,5,2,0,5,3,0,0,0,3,0,0.363636363,sa506274
2010,Ramon De Los Santos,ATL,R,20,26,70,75,11,6,3,0,2,9,6,3,0,16,2,0,0,3,1,1,0.157142857,sa506278
2011,Gerardo Reyes,ATL,R,20,41,145,171,39,32,7,0,0,28,14,16,0,10,7,2,1,2,17,3,0.268965517,sa506524
2010,Victor Cadette,ATL,R,19,48,151,169,34,26,5,1,2,18,10,16,0,34,1,0,1,1,7,2,0.225165562,sa506526
2010,Carlos Franco,ATL,R,18,23,65,78,8,5,1,0,2,9,5,8,0,24,4,1,0,0,1,0,0.123076923,sa506528
2011,Carlos Franco,ATL,R,19,44,155,170,37,26,9,1,1,22,21,15,0,38,0,0,0,0,10,0,0.238709677,sa506528
2011,Ronald Luna,ATL,R,18,36,141,153,38,33,4,1,0,18,17,5,0,20,1,3,3,6,9,3,0.269503546,sa506532
2011,Hector Garcia,ATL,R,19,42,125,143,25,17,7,1,0,13,5,13,0,36,4,1,0,2,11,2,0.2,sa506534
2012,Hector Garcia,ATL,R,20,21,66,74,19,16,3,0,0,5,7,7,0,16,1,0,0,2,2,1,0.287878787,sa506534
2013,Hector Garcia,ATL,R,21,19,59,67,17,15,2,0,0,8,8,6,0,13,0,1,1,1,8,3,0.288135593,sa506534
2011,Anthony Nunez,ATL,R,21,27,82,90,19,17,2,0,0,8,10,6,0,14,1,1,0,2,1,2,0.231707317,sa506536
2012,Anthony Nunez,ATL,R,22,23,40,44,11,8,3,0,0,5,4,4,0,12,0,0,0,2,2,0,0.275,sa506536
2010,Luis Pimentel,STL,R,21,46,153,170,46,35,8,0,3,23,29,10,0,27,4,3,0,3,1,1,0.300653594,sa506569
2010,Wader Perez,STL,R,20,29,84,96,18,16,2,0,0,11,7,7,0,10,2,2,1,0,4,2,0.214285714,sa506570
2010,Jesus Montero,STL,R,19,24,69,82,14,12,2,0,0,10,7,8,0,16,5,0,0,0,1,1,0.20289855,sa506571
2011,Luis Perez,STL,R,19,32,115,131,34,20,10,1,3,19,20,9,0,15,4,1,2,4,3,0,0.295652173,sa506572
2012,Luis Perez,STL,R,20,41,149,166,46,27,11,4,4,21,24,11,0,25,2,3,1,3,7,1,0.308724832,sa506572
2010,Yorbel Alcala,STL,R,20,10,20,22,6,5,0,1,0,1,3,1,0,4,1,0,0,0,0,1,0.3,sa506577
2009,Juan B Cabrera,STL,R,21,7,18,20,3,2,1,0,0,0,0,2,0,3,0,0,0,1,0,0,0.166666666,sa506579
2011,Victor Encarnacion,STL,R,21,33,83,93,18,12,2,1,3,16,12,9,0,26,0,1,0,0,2,1,0.216867469,sa506582
2011,Jonathan Quinonez,TBR,R,20,40,123,143,36,31,2,2,1,18,18,12,0,22,3,2,3,3,11,2,0.292682926,sa506672
2010,Juaner Aguasvivas,DET,R,20,52,186,198,42,23,14,0,5,19,27,8,0,66,3,1,0,4,1,0,0.225806451,sa506694
2011,Juaner Aguasvivas,DET,R,21,48,178,198,56,34,9,3,10,26,37,12,1,47,4,4,0,4,3,0,0.314606741,sa506694
2010,Javier Azcona,DET,R,18,52,176,189,45,29,9,4,3,21,14,7,0,51,3,0,3,3,9,2,0.255681818,sa506697
2010,Samir Rijo,DET,R,20,15,52,57,12,8,3,1,0,4,1,5,0,16,0,0,0,0,0,1,0.23076923,sa506702
2010,Yorby Martinez,MIN,R,21,8,29,34,6,6,0,0,0,2,2,1,0,5,3,0,1,1,1,2,0.206896551,sa506753
2011,Romy Jimenez,MIN,R,20,8,28,30,9,6,3,0,0,3,4,2,0,3,0,0,0,0,1,0,0.321428571,sa506754
2010,Kelvin Silvania,MIN,R,19,28,99,104,27,19,5,1,2,13,12,4,0,18,1,0,0,3,0,2,0.272727272,sa506755
2011,Kelvin Silvania,MIN,R,20,27,87,99,24,18,5,0,1,5,9,6,0,18,3,1,2,4,0,1,0.275862068,sa506755
2010,Candido Pimentel,MIN,R,19,46,155,177,41,33,7,1,0,27,12,21,0,33,0,0,1,2,13,5,0.264516129,sa506756
2011,Candido Pimentel,MIN,R,20,45,136,157,34,32,1,1,0,16,6,21,1,31,0,0,0,4,8,5,0.25,sa506756
2011,Kelvin Ortiz,MIN,R,19,45,111,128,21,11,7,0,3,14,12,13,2,37,2,0,2,1,1,3,0.189189189,sa506783
2012,Kelvin Ortiz,MIN,R,20,42,113,137,25,15,6,2,2,18,8,14,0,37,8,1,1,2,8,2,0.221238938,sa506783
2009,Austin Markel,FLA,R,22,7,16,23,4,3,1,0,0,5,2,5,0,5,1,0,0,0,2,0,0.25,sa506818
2010,Juancito Martinez,FLA,R,21,26,59,63,14,11,2,1,0,10,4,1,0,11,1,0,2,0,2,3,0.237288135,sa506822
2011,Juancito Martinez,FLA,R,22,38,109,116,30,20,8,2,0,22,10,2,0,25,2,1,2,2,6,3,0.275229357,sa506822
2013,Juancito Martinez,MIA,R,24,12,40,45,7,6,1,0,0,6,4,4,0,16,1,0,0,0,1,2,0.175,sa506822
2010,Pedro Mendoza,FLA,R,19,53,193,217,49,38,10,1,0,28,22,15,0,17,0,2,7,6,2,1,0.25388601,sa506823
2011,Luis Ortiz,FLA,R,19,47,149,182,36,31,4,0,1,28,9,20,0,23,4,2,6,2,11,0,0.241610738,sa506824
2012,Luis Ortiz,MIA,R,20,42,153,172,39,30,6,1,2,26,10,14,0,23,2,0,3,1,18,0,0.25490196,sa506824
2010,Marc Ramirez,FLA,R,18,30,67,69,9,6,2,0,1,10,6,1,0,19,0,1,0,1,1,0,0.134328358,sa506825
2010,Mayobanex Soto,FLA,R,19,28,73,86,14,8,4,0,2,8,13,9,1,22,2,2,0,1,1,0,0.191780821,sa506827
2011,Mayobanex Soto,FLA,R,20,15,37,46,8,5,2,0,1,5,5,8,0,2,1,0,0,0,0,0,0.216216216,sa506827
2011,Felix Munoz,FLA,R,19,50,200,216,58,47,9,1,1,21,31,14,1,26,0,2,0,9,0,1,0.29,sa506830
2011,Yeison Hernandez,FLA,R,19,51,180,214,54,47,6,1,0,30,17,15,0,28,6,2,11,1,13,8,0.3,sa506831
2013,Yeison Hernandez,MIA,R,21,16,51,55,11,7,3,1,0,4,6,3,0,10,0,0,1,1,1,0,0.215686274,sa506831
2011,Jesus Solorzano,FLA,R,20,51,194,217,58,38,13,4,3,34,31,13,0,30,5,2,0,3,18,7,0.298969072,sa506837
2013,Joel Jimenez,MIA,R,21,14,38,42,9,6,3,0,0,2,3,3,0,3,1,0,0,1,0,1,0.236842105,sa506839
2010,Alex Sanchez,NYM,R,19,47,175,191,47,28,16,1,2,23,23,6,0,23,8,2,0,8,2,0,0.268571428,sa506903
2010,Randoll Santana,NYM,R,19,44,155,176,39,31,6,2,0,23,13,10,0,29,9,1,1,2,14,5,0.251612903,sa506905
2011,Randoll Santana,NYM,R,20,32,107,117,23,15,5,1,2,10,11,6,0,22,3,0,1,3,3,2,0.214953271,sa506905
2010,Jeyckol De Leon,NYM,R,19,17,54,60,11,10,0,0,1,8,6,1,0,12,2,1,2,2,0,0,0.203703703,sa506907
2011,Jeyckol De Leon,NYM,R,20,33,111,122,26,20,5,1,0,10,17,7,0,27,4,0,0,1,0,0,0.234234234,sa506907
2011,Thomas De Wolf,NYM,R,21,15,39,49,7,6,1,0,0,5,2,6,0,15,3,1,0,0,1,1,0.179487179,sa506908
2011,Eudy Pina,NYM,R,20,52,202,221,45,33,7,3,2,30,16,12,1,60,6,1,0,3,4,4,0.222772277,sa506909
2010,Yucary De La Cruz,NYM,R,19,40,138,154,29,25,2,0,2,16,9,10,0,28,0,2,4,1,5,4,0.210144927,sa506910
2010,Gilbert Gomez,NYM,R,18,45,157,174,36,22,11,2,1,25,15,9,0,31,5,2,1,2,7,2,0.229299363,sa506916
2011,Gilbert Gomez,NYM,R,19,38,141,158,35,24,9,0,2,16,22,13,0,39,3,1,0,1,4,2,0.24822695,sa506916
2010,Andruth Ramirez,WSN,R,21,22,66,75,13,10,2,0,1,8,4,8,0,15,1,0,0,0,0,1,0.196969696,sa507021
2011,Andruth Ramirez,WSN,R,22,23,71,78,18,15,2,1,0,7,14,5,0,4,1,1,0,1,0,0,0.253521126,sa507021
2007,Carlos Alvarez,WSN,R,21,33,106,131,26,21,3,2,0,13,11,19,0,18,5,1,0,0,4,2,0.245283018,sa507022
2008,Carlos Alvarez,WSN,R,22,51,181,213,62,45,12,3,2,42,33,23,0,19,5,0,4,3,9,2,0.342541436,sa507022
2010,Estarlin Martinez,WSN,R,18,32,92,106,22,13,8,1,0,13,14,10,0,22,2,2,0,0,1,1,0.239130434,sa507023
2011,Estarlin Martinez,WSN,R,19,50,187,219,54,36,8,4,6,36,28,29,1,36,0,3,0,2,11,2,0.288770053,sa507023
2010,Wander Ramos,WSN,R,20,25,91,99,23,18,5,0,0,12,11,6,0,24,1,1,0,1,2,1,0.252747252,sa507032
2011,Wander Ramos,WSN,R,21,43,147,172,46,21,12,1,12,32,37,19,0,45,4,2,0,0,7,4,0.31292517,sa507032
2010,Dudley Leonora,BAL,R,18,20,73,90,21,17,2,2,0,12,12,7,0,6,2,3,5,1,0,1,0.287671232,sa507108
2009,Jose Nivar,BAL,R,20,16,49,54,5,3,2,0,0,4,3,3,0,12,0,0,1,3,1,1,0.102040816,sa507118
2010,Jose Nivar,BAL,R,21,24,60,71,10,6,2,2,0,8,8,10,0,14,1,0,0,1,0,1,0.166666666,sa507118
2010,Martin Serrata,BAL,R,21,42,156,174,46,40,5,1,0,19,10,10,1,24,2,2,4,1,7,3,0.294871794,sa507119
2010,Gino Moranci,BAL,R,20,33,102,110,23,19,4,0,0,8,7,7,1,26,0,0,1,2,0,0,0.225490196,sa507126
2011,Gino Moranci,BAL,R,21,7,19,23,1,1,0,0,0,2,0,4,0,6,0,0,0,0,0,0,0.052631578,sa507126
2011,Yeicok Calderon,NYY,R,19,40,151,163,34,14,11,3,6,18,25,8,0,54,1,3,0,4,5,2,0.225165562,sa507137
2012,Yeicok Calderon,NYY,R,20,44,159,181,43,29,3,3,8,24,22,21,0,52,0,1,0,1,0,2,0.270440251,sa507137
2010,Damian Taveras,NYY,R,20,31,107,125,27,20,5,0,2,14,14,10,0,30,5,3,0,1,2,0,0.252336448,sa507142
2011,Damian Taveras,NYY,R,21,28,82,99,25,14,11,0,0,9,13,13,0,20,3,1,0,2,0,0,0.304878048,sa507142
2011,Pedro Perez,BAL,R,20,18,52,59,14,11,3,0,0,4,8,5,0,1,0,1,1,2,0,0,0.269230769,sa507149
2010,Rojean Cleofa,BAL,R,19,35,107,122,24,16,7,0,1,21,13,9,0,20,4,0,2,1,6,2,0.224299065,sa507153
2011,Rojean Cleofa,BAL,R,20,29,72,88,11,6,5,0,0,5,4,6,0,17,3,1,6,2,0,1,0.152777777,sa507153
2012,Jerison Lopez,NYY,R,20,48,159,179,51,37,13,1,0,26,15,15,0,26,3,2,0,7,3,1,0.320754716,sa507154
2012,Ericson Leonora,NYY,R,19,55,198,223,45,28,10,0,7,24,30,19,0,41,4,1,1,3,5,0,0.227272727,sa507157
2014,Ericson Leonora,NYY,R,21,17,66,73,23,12,5,2,4,9,11,7,0,16,0,0,0,0,0,0,0.348484848,sa507157
2010,Jose Rosario,NYY,R,18,36,110,125,27,20,4,1,2,22,7,8,0,22,5,2,0,0,6,0,0.245454545,sa507166
2011,Jose Rosario,NYY,R,19,43,172,185,57,40,6,5,6,38,28,6,0,28,5,0,2,1,11,4,0.331395348,sa507166
2014,Jose Rosario,NYY,R,22,5,20,22,6,3,0,2,1,6,4,1,0,2,1,0,0,1,1,0,0.3,sa507166
2010,Eric Avila,PIT,R,20,54,195,214,54,31,15,1,7,34,29,12,0,33,4,3,0,3,9,3,0.276923076,sa507189
2011,Gavi Nivar,PIT,R,21,32,97,107,24,21,2,1,0,12,11,7,0,14,1,1,1,3,3,5,0.24742268,sa507196
2012,Gavi Nivar,PIT,R,22,14,34,35,10,5,4,1,0,2,6,1,0,7,0,0,0,2,2,2,0.294117647,sa507196
2012,Jesus Vasquez,PIT,R,20,23,65,77,16,11,3,0,2,11,16,5,0,17,4,2,1,0,4,5,0.246153846,sa507197
2011,Jodaneli Carvajal,PIT,R,19,50,194,219,52,41,8,3,0,44,12,16,0,25,2,1,6,1,15,1,0.268041237,sa507198
2010,Geancarlo Mendez,PHI,R,20,52,193,219,51,26,15,4,6,35,40,15,0,25,5,3,3,7,7,2,0.264248704,sa507247
2011,Jorge Castillo,PHI,R,20,35,103,112,20,14,5,0,1,10,9,3,0,26,2,4,0,1,2,1,0.194174757,sa507251
2010,Luis Beltre,PHI,R,18,24,74,78,14,7,5,1,1,8,6,2,0,26,1,1,0,1,0,0,0.189189189,sa507259
2011,Carlos Valenzuela,PHI,R,20,43,160,174,53,41,9,1,2,20,18,11,0,31,2,1,0,7,2,0,0.33125,sa507262
2012,Carlos Valenzuela,PHI,R,21,45,155,170,29,16,9,2,2,20,17,10,0,40,4,1,0,2,1,0,0.187096774,sa507262
2009,Carlos Reyes,HOU,R,21,23,52,58,8,7,1,0,0,6,3,6,0,22,0,0,0,2,0,1,0.153846153,sa507425
2009,Tyler Stampone,BAL,R,22,36,141,158,44,29,10,2,3,19,26,8,0,18,8,1,0,4,5,1,0.312056737,sa507865
2010,Pedro Rodriguez,BAL,R,20,33,103,113,28,22,6,0,0,21,8,6,0,14,0,0,4,2,8,2,0.27184466,sa507872
2011,Pedro Rodriguez,BAL,R,21,31,94,103,18,17,0,1,0,17,4,6,0,16,0,0,3,2,7,7,0.191489361,sa507872
2011,Gregory Lorenzo,BAL,R,20,48,164,185,38,24,8,6,0,25,8,14,0,46,2,1,4,2,8,5,0.231707317,sa507882
2012,Gregory Lorenzo,BAL,R,21,25,76,84,24,15,4,3,2,9,7,3,0,15,5,0,0,0,4,3,0.315789473,sa507882
2010,Starlin Rodriguez,STL,R,20,47,151,168,43,33,6,4,0,28,13,9,0,32,8,0,0,0,14,5,0.284768211,sa508116
2010,Wander Guillen,MIN,R,17,34,99,109,17,14,3,0,0,6,9,6,0,27,2,2,0,1,1,2,0.171717171,sa508126
2011,Wander Guillen,MIN,R,18,14,41,48,13,12,0,1,0,6,5,4,0,3,1,1,1,1,1,0,0.31707317,sa508126
2010,Jorge Alcantara,NYY,R,18,10,35,36,8,5,3,0,0,2,2,0,0,10,0,0,1,3,0,1,0.228571428,sa508779
2011,Jorge Alcantara,NYY,R,19,27,72,86,19,11,7,0,1,11,6,12,0,24,1,0,1,2,6,1,0.263888888,sa508779
2012,Jorge Alcantara,NYY,R,20,26,72,86,16,11,2,1,2,12,8,12,0,20,2,0,0,1,4,2,0.222222222,sa508779
2013,Jorge Alcantara,NYY,R,21,47,135,162,29,13,14,0,2,20,28,22,0,38,2,2,1,3,15,5,0.214814814,sa508779
2011,Daniel Lopez,NYY,R,19,47,168,189,51,33,11,4,3,31,16,14,0,27,5,1,1,1,22,3,0.303571428,sa509491
2011,Pedro Acosta,FLA,R,20,7,21,23,5,4,1,0,0,1,0,1,0,6,0,0,1,0,1,0,0.238095238,sa510259
2012,Pedro Acosta,MIA,R,21,33,100,113,28,21,5,1,1,10,13,10,2,15,2,1,0,3,0,0,0.28,sa510259
2009,Aderlin Rodriguez,NYM,R,17,17,62,72,18,14,3,0,1,5,10,9,1,15,1,0,0,2,1,1,0.29032258,sa511026
2011,Matt Gedman,BOS,R,22,31,117,132,33,25,5,1,2,14,15,12,0,17,2,0,1,4,1,0,0.282051282,sa526187
2013,Trent Mummey,BAL,R,24,8,30,33,4,3,1,0,0,0,2,2,0,8,0,1,0,0,0,1,0.133333333,sa526209
2011,Edward Rohan,NYM,R,22,18,45,62,10,8,2,0,0,8,4,7,0,9,8,1,1,2,0,0,0.222222222,sa526283
2011,Riccio Torrez,TBR,R,21,13,52,54,12,9,1,0,2,4,3,1,0,12,1,0,0,0,1,1,0.23076923,sa526366
2013,Cory Vaughn,NYM,R,24,9,29,40,5,2,1,2,0,4,1,9,1,9,0,1,1,0,2,0,0.172413793,sa526822
2011,George Carroll,TOR,R,23,16,41,46,4,2,2,0,0,3,3,3,0,15,1,0,1,2,0,0,0.097560975,sa526845
2012,George Carroll,TOR,R,24,26,77,87,14,9,5,0,0,9,4,7,0,21,2,0,1,2,1,1,0.181818181,sa526845
2012,Dean Green,DET,R,23,9,32,37,3,3,0,0,0,1,5,4,0,5,0,1,0,1,0,0,0.09375,sa526876
2013,Dean Green,DET,R,24,8,22,27,6,3,2,0,1,5,4,4,0,4,1,0,0,0,2,0,0.272727272,sa526876
2011,Jarrod McKinney,HOU,R,21,35,121,133,22,17,4,1,0,19,7,6,0,42,3,3,0,1,4,2,0.181818181,sa532459
2014,Edward Salcedo,ATL,R,22,5,19,20,4,1,1,0,2,2,7,1,0,2,0,0,0,0,1,0,0.210526315,sa539932
2010,Garrett Maines,TOR,R,23,15,36,41,6,4,2,0,0,3,1,3,0,13,0,1,1,0,0,0,0.166666666,sa540435
2011,Juan Carlos Gamboa,NYM,R,20,17,53,62,18,14,4,0,0,10,3,9,0,15,0,0,0,1,0,0,0.339622641,sa542553
2010,Adalberto Ibarra,BOS,R,23,5,16,21,3,2,1,0,0,4,6,4,0,3,0,1,0,1,0,0,0.1875,sa544481
2011,Adalberto Ibarra,BOS,R,24,9,26,31,11,10,1,0,0,2,3,4,0,4,1,0,0,0,0,0,0.423076923,sa544481
2010,Gregg Glime,FLA,R,22,23,38,49,11,9,2,0,0,8,4,8,1,5,2,0,1,1,0,0,0.289473684,sa545063
2010,James Meador,DET,R,22,25,75,87,18,13,5,0,0,7,6,4,0,12,5,0,3,3,3,1,0.24,sa545217
2010,Jonathan Pigott,ATL,R,22,14,33,38,11,8,3,0,0,3,3,2,0,7,1,0,1,0,0,0,0.333333333,sa545816
2012,Jhohan Acevedo,STL,R,19,45,123,144,39,35,2,2,0,21,19,11,0,26,3,6,1,4,5,2,0.31707317,sa546473
2013,Jhohan Acevedo,STL,R,20,28,100,114,25,19,5,0,1,16,6,12,0,15,1,1,0,4,3,4,0.25,sa546473
2013,Jose Mayorga,PHI,R,20,30,51,62,10,8,2,0,0,3,2,9,0,5,2,0,0,3,0,0,0.196078431,sa546526
2011,Jorge Miranda,PHI,R,20,20,52,59,5,5,0,0,0,5,4,5,0,17,2,0,0,1,1,2,0.096153846,sa546529
2013,Jose Paez,TBR,R,19,45,182,195,43,30,6,6,1,20,14,9,0,48,3,0,1,1,9,6,0.236263736,sa546564
2012,Ronnierd Garcia,STL,R,19,31,95,111,20,14,4,0,2,11,12,12,0,36,3,0,1,2,1,1,0.210526315,sa546566
2012,Jesus Ustariz,DET,R,19,50,163,196,46,30,13,1,2,21,20,26,0,25,2,4,1,1,1,1,0.282208588,sa546572
2013,Jesus Ustariz,DET,R,20,42,129,157,39,24,11,0,4,26,21,19,0,16,6,2,1,4,5,3,0.302325581,sa546572
2013,Chad Wright,DET,R,23,7,18,22,3,3,0,0,0,1,1,3,0,2,1,0,0,0,1,0,0.166666666,sa546600
2011,Stephen Wickens,MIN,R,22,36,106,130,26,17,8,1,0,13,10,17,0,15,4,0,3,2,1,4,0.245283018,sa546622
2011,Michael Marshall,PHI,R,22,23,83,96,19,11,7,0,1,9,12,11,0,15,1,1,0,0,0,0,0.228915662,sa546691
2011,Zach Maxfield,DET,R,23,28,81,101,22,13,5,0,4,11,15,13,0,19,6,0,1,2,1,2,0.271604938,sa546699
2012,Will Piwnica-Worms,WSN,R,22,46,166,194,38,27,9,1,1,24,18,23,0,27,4,1,0,3,5,0,0.228915662,sa546827
2013,Lance Ray,MIN,R,23,7,26,31,6,5,1,0,0,4,2,4,0,6,1,0,0,0,1,0,0.23076923,sa546832
2012,Bryan Haar,MIN,R,22,44,148,166,37,26,9,1,1,12,14,13,0,35,3,2,0,6,3,3,0.25,sa547007
2010,Preston Hale,BAL,R,22,53,201,226,54,36,14,3,1,19,29,12,1,32,9,4,0,7,1,1,0.268656716,sa547093
2011,Kevin Gonzalez,HOU,R,23,13,32,37,8,6,2,0,0,2,2,4,0,6,0,0,1,0,0,0,0.25,sa547444
2010,Angel Chavarin,PHI,R,19,11,26,27,5,3,2,0,0,2,1,1,0,10,0,0,0,1,0,0,0.192307692,sa547724
2011,Angel Chavarin,PHI,R,20,24,44,48,4,1,3,0,0,2,0,4,0,13,0,0,0,0,0,0,0.09090909,sa547724
2012,Angel Chavarin,PHI,R,21,32,63,69,13,9,3,0,1,7,4,4,0,16,2,0,0,1,0,1,0.206349206,sa547724
2011,Luis Urena,PIT,R,18,30,85,100,20,12,5,3,0,10,10,15,0,31,0,0,0,1,4,4,0.235294117,sa547736
2012,Luis Urena,PIT,R,19,47,145,162,29,13,7,4,5,18,20,12,0,65,3,0,2,2,4,5,0.2,sa547736
2013,Luis Urena,PIT,R,20,19,69,75,20,14,4,1,1,6,6,4,0,23,1,0,1,1,1,1,0.289855072,sa547736
2013,Maximo Rivera,PIT,R,20,31,86,102,21,16,2,3,0,14,7,9,0,21,3,2,2,0,6,2,0.244186046,sa547738
2012,Alwin Delgado,DET,R,19,31,110,122,26,16,6,2,2,16,11,9,0,25,1,0,2,2,2,3,0.236363636,sa547769
2011,Carlos De Los Santos,DET,R,20,46,167,175,32,23,6,3,0,16,11,3,0,36,2,1,2,4,4,1,0.191616766,sa547773
2012,Carlos De Los Santos,DET,R,21,8,29,30,8,8,0,0,0,5,2,0,0,5,0,0,1,0,1,1,0.275862068,sa547773
2012,Rafael Medina,STL,R,20,36,111,123,29,23,5,0,1,14,14,11,0,22,1,0,0,4,1,0,0.261261261,sa547779
2013,Rafael Medina,STL,R,21,51,177,201,50,37,10,1,2,29,24,19,2,20,1,4,0,7,2,2,0.282485875,sa547779
2012,Daniel Barbuena,STL,R,19,26,60,66,13,9,4,0,0,9,1,4,0,21,2,0,0,1,0,1,0.216666666,sa547781
2012,Emmanuel Daniel,ATL,R,20,29,73,76,14,12,1,0,1,4,5,1,0,16,1,0,1,5,2,3,0.191780821,sa547786
2011,Santiago Nessy,TOR,R,18,35,134,144,41,31,7,0,3,12,19,8,0,29,1,1,0,2,0,2,0.305970149,sa547792
2012,Carlos Duran,MIA,R,20,10,25,28,4,4,0,0,0,2,0,1,0,2,1,0,1,1,0,0,0.16,sa547817
2013,Carlos Duran,MIA,R,21,45,171,181,44,29,12,1,2,13,20,8,0,13,2,0,0,6,0,0,0.257309941,sa547817
2012,Rodrigo Vigil,MIA,R,19,11,40,42,8,6,2,0,0,2,3,1,0,6,1,0,0,1,1,0,0.2,sa547818
2013,Rodrigo Vigil,MIA,R,20,24,78,86,22,18,2,1,1,12,2,4,0,8,4,0,0,1,0,0,0.282051282,sa547818
2012,Victor Castro,MIA,R,20,23,79,83,16,11,4,0,1,10,7,2,0,20,0,2,0,3,0,0,0.202531645,sa547820
2013,Victor Castro,MIA,R,21,35,119,132,34,19,11,0,4,12,20,9,1,27,3,1,0,2,0,1,0.285714285,sa547820
2011,Witer Jimenez,PHI,R,22,23,85,94,20,12,5,2,1,12,5,7,0,15,0,2,0,2,6,3,0.235294117,sa547824
2011,Claudio Custodio,NYY,R,20,39,157,189,51,40,9,1,1,46,19,22,0,40,8,0,2,1,26,2,0.324840764,sa547829
2011,Ariel Mercedes,NYM,R,19,30,100,111,24,20,3,1,0,9,9,7,0,26,2,0,2,0,2,1,0.24,sa547832
2012,Jose Solano,HOU,R,20,24,59,68,10,7,1,1,1,6,2,4,0,20,2,0,3,0,2,2,0.169491525,sa547835
2013,Jose Solano,HOU,R,21,41,140,152,42,26,9,1,6,27,28,11,0,30,0,1,0,0,9,3,0.3,sa547835
2011,Yonathan Mejia,HOU,R,18,40,146,155,48,40,8,0,0,15,25,3,0,29,4,1,0,1,2,0,0.328767123,sa547836
2012,Yonathan Mejia,HOU,R,19,52,188,204,45,39,4,0,2,16,23,12,1,33,0,1,2,4,3,2,0.239361702,sa547836
2013,Yonathan Mejia,HOU,R,20,59,222,240,72,51,19,0,2,27,32,12,0,28,1,4,1,0,6,2,0.324324324,sa547836
2012,Franny Polanco,HOU,R,20,18,41,44,5,4,1,0,0,0,3,2,0,8,1,0,0,0,0,1,0.121951219,sa547837
2013,Mesac Laguna,HOU,R,21,27,84,90,18,9,7,1,1,7,14,4,0,25,1,1,0,2,1,0,0.214285714,sa547838
2011,Ydarqui Marte,HOU,R,18,17,41,48,5,4,1,0,0,6,7,6,0,10,0,1,0,0,3,2,0.121951219,sa547839
2012,Ydarqui Marte,HOU,R,19,33,62,66,13,9,3,0,1,11,5,1,0,17,0,0,3,1,1,0,0.209677419,sa547839
2013,Ydarqui Marte,HOU,R,20,49,146,169,36,25,9,0,2,17,15,14,0,30,2,2,5,5,3,1,0.246575342,sa547839
2012,Armando Araiza,TBR,R,19,34,109,124,31,25,5,1,0,13,10,11,0,22,1,3,0,3,0,2,0.284403669,sa547843
2012,Jiminson Natera,TBR,R,20,49,162,177,40,26,6,5,3,20,17,12,0,64,3,0,0,1,7,4,0.24691358,sa547844
2014,Carlos Marquez,PIT,R,21,13,38,42,3,2,1,0,0,0,3,4,0,19,0,0,0,0,0,0,0.078947368,sa547894
2011,Roderick Bernadina,BAL,R,18,51,184,219,44,23,14,3,4,30,28,22,0,26,8,3,2,2,6,2,0.239130434,sa547986
2011,Manny Hernandez,BAL,R,18,49,171,194,47,31,11,4,1,23,24,17,1,52,5,1,0,5,1,2,0.274853801,sa547987
2012,Manny Hernandez,BAL,R,19,46,154,173,36,26,6,1,3,17,19,12,0,36,5,2,0,4,1,2,0.233766233,sa547987
2012,Alex Mercedes,BAL,R,20,7,27,31,5,5,0,0,0,3,0,2,0,2,0,0,2,3,3,1,0.185185185,sa547992
2014,Alex Mercedes,BAL,R,22,45,138,156,28,17,8,3,0,22,11,13,0,21,3,0,2,3,8,2,0.20289855,sa547992
2011,Narciso Mesa,WSN,R,19,40,168,179,48,33,10,4,1,19,19,8,1,29,1,2,0,1,6,1,0.285714285,sa548036
2012,Narciso Mesa,WSN,R,20,32,118,134,27,20,6,1,0,15,12,2,0,21,4,2,8,5,5,4,0.228813559,sa548036
2011,Jean Carlos Valdez,WSN,R,18,37,132,148,36,28,4,3,1,14,16,9,0,23,3,2,1,4,4,1,0.272727272,sa548037
2012,Jean Carlos Valdez,WSN,R,19,44,147,168,33,24,9,0,0,12,14,11,1,34,7,1,2,5,1,0,0.224489795,sa548037
2012,Byron Capellan,BAL,R,18,42,133,146,27,21,6,0,0,15,6,6,0,13,2,1,4,7,2,1,0.203007518,sa548046
2012,Oswill Lartiguez,BAL,R,19,16,47,50,8,7,1,0,0,4,2,3,0,7,0,0,0,1,0,0,0.170212765,sa548047
2013,Oswill Lartiguez,BAL,R,20,33,102,108,29,24,3,2,0,12,12,4,0,18,0,2,0,4,4,4,0.284313725,sa548047
2011,Gabriel Lino,BAL,R,18,28,78,89,22,13,6,1,2,10,11,8,0,13,3,0,0,2,1,0,0.282051282,sa548048
2010,Hector Taveras,WSN,R,21,39,127,145,37,30,7,0,0,14,24,8,0,12,6,3,1,2,1,1,0.291338582,sa548064
2011,Jesus Loya,BOS,R,19,48,191,211,51,40,9,0,2,25,8,12,0,34,5,1,2,5,13,3,0.267015706,sa548065
2012,Jesus Loya,BOS,R,20,12,40,40,17,14,3,0,0,4,7,0,0,2,0,0,0,1,4,0,0.425,sa548065
2013,Jesus Loya,BOS,R,21,8,27,30,8,4,3,1,0,3,4,1,0,4,1,0,1,0,2,0,0.296296296,sa548065
2012,David Sopilka,BOS,R,18,31,107,116,21,19,2,0,0,9,8,8,0,17,1,0,0,4,0,0,0.196261682,sa548066
2010,Eladio Moronta,NYY,R,21,9,28,32,3,3,0,0,0,1,3,2,0,10,1,1,0,0,1,1,0.107142857,sa548071
2013,Eladio Moronta,NYY,R,24,24,58,66,12,9,3,0,0,5,6,6,0,22,1,1,0,3,1,2,0.206896551,sa548071
2013,Jose Javier,NYY,R,20,45,158,175,39,24,10,3,2,22,21,10,0,29,0,4,3,5,11,1,0.246835443,sa548072
2013,Sandy Brito,NYY,R,20,22,75,84,10,4,5,0,1,7,3,7,0,30,0,0,2,1,2,0,0.133333333,sa548074
2013,Sandy Brito,NYY,R,20,18,49,59,10,7,1,1,1,10,3,10,0,24,0,0,0,0,2,0,0.204081632,sa548074
2013,Adonis Pacheco,MIN,R,21,46,142,158,32,21,6,4,1,16,12,14,0,19,0,2,0,0,5,2,0.225352112,sa548089
2013,Alex Machillanda,NYM,R,21,8,28,28,10,7,3,0,0,2,2,0,0,8,0,0,0,1,0,1,0.357142857,sa548094
2013,Samuel Crafort,DET,R,19,19,59,69,20,12,4,0,4,14,12,9,0,20,0,1,0,2,1,1,0.33898305,sa548104
2014,Samuel Crafort,DET,R,20,34,82,107,15,10,4,0,1,12,8,22,0,28,1,1,1,0,4,0,0.182926829,sa548104
2012,Fernando Perez,NYY,R,21,18,51,54,10,10,0,0,0,2,2,2,0,19,0,0,1,1,0,0,0.196078431,sa548120
2010,Matt Lipka,ATL,R,18,48,192,210,58,45,8,4,1,33,24,14,0,22,3,1,0,0,20,3,0.302083333,sa548175
2012,Stetson Allie,PIT,R,21,42,150,173,32,21,6,2,3,23,19,21,0,50,1,0,1,1,2,0,0.213333333,sa548192
2010,Rick Hague,WSN,R,21,10,40,50,11,10,1,0,0,7,6,8,0,9,0,2,0,0,3,0,0.275,sa548193
2010,Chris Hawkins,TOR,R,18,46,157,174,40,28,9,3,0,29,15,15,0,37,1,0,1,1,8,3,0.25477707,sa548221
2010,Kellen Sweeney,TOR,R,18,16,45,61,12,7,3,1,1,7,7,15,0,12,0,0,1,0,0,1,0.266666666,sa548265
2013,Sean Coyle,BOS,R,21,6,20,24,3,2,0,0,1,3,3,3,0,6,1,0,0,0,1,1,0.15,sa548268
2015,Sean Coyle,BOS,R,23,10,38,42,11,6,4,0,1,10,8,3,0,19,1,0,0,0,0,0,0.289473684,sa548268
2010,Angelo Gumbs,NYY,R,17,7,26,27,5,4,1,0,0,1,0,1,0,3,0,0,0,1,3,0,0.192307692,sa548279
2010,Justin O'Conner,TBR,R,18,48,161,187,34,18,13,0,3,18,29,18,0,46,4,3,1,3,1,0,0.211180124,sa548314
2016,Justin O'Conner,TBR,R,24,12,40,45,13,9,2,0,2,8,5,5,0,7,0,0,0,1,0,0,0.325,sa548314
2010,Cito Culver,NYY,R,17,41,160,179,43,33,7,1,2,21,18,13,0,41,0,2,4,1,6,3,0.26875,sa548315
2010,Connor Narron,BAL,R,18,11,34,40,7,7,0,0,0,0,4,2,0,11,2,1,1,1,1,0,0.205882352,sa548331
2011,Kendrick Perkins,BOS,R,19,49,171,200,44,29,11,1,3,24,19,27,1,62,1,0,1,6,1,2,0.257309941,sa548348
2011,Dickie Joe Thon,TOR,R,19,45,121,151,27,21,3,0,3,23,15,23,0,44,5,0,2,1,6,2,0.223140495,sa548351
2010,Roberto Pena,HOU,R,18,23,78,86,20,15,4,1,0,5,11,5,0,10,0,2,1,2,0,0,0.256410256,sa548359
2010,Wynston Sawyer,BAL,R,18,9,26,27,6,5,0,0,1,1,1,0,0,2,1,0,0,2,0,0,0.23076923,sa548430
2010,David Rohm,ATL,R,20,19,75,83,24,19,3,1,1,10,15,8,0,7,0,0,0,3,1,1,0.32,sa548456
2010,Deshun Dixon,TBR,R,18,16,50,55,11,8,1,1,1,9,3,3,0,13,0,1,1,0,4,0,0.22,sa548481
2010,J.D. Williams,MIN,R,19,37,112,124,24,18,4,1,1,8,9,10,0,43,0,0,2,1,5,1,0.214285714,sa548483
2010,Pat Leyland,DET,R,18,41,146,160,32,29,3,0,0,10,12,6,0,17,3,3,2,11,0,1,0.219178082,sa548548
2010,Kurt Fleming,ATL,R,18,44,164,176,43,33,4,2,4,23,15,9,0,20,3,0,0,3,8,4,0.262195121,sa548549
2010,Stephen Malcolm,PHI,R,20,27,87,100,22,19,3,0,0,10,10,8,0,25,4,0,1,0,7,2,0.252873563,sa548552
2014,Miguel Leal,NYM,R,22,12,33,43,9,7,2,0,0,4,0,6,0,4,3,0,1,2,0,0,0.272727272,sa548641
2013,Robinson Torres,PHI,R,21,46,159,178,45,33,9,1,2,26,20,13,1,19,5,0,1,4,10,1,0.283018867,sa548643
2010,Kyle Redinger,HOU,R,18,47,155,177,34,28,4,2,0,16,13,15,0,41,3,2,1,2,2,1,0.219354838,sa549068
2011,Kyle Redinger,HOU,R,19,41,122,138,18,12,6,0,0,10,8,10,0,42,5,1,0,3,0,1,0.147540983,sa549068
2010,Shane Opitz,TOR,R,18,10,33,36,10,6,3,1,0,3,3,2,0,5,1,0,0,0,1,0,0.303030303,sa549070
2010,Riley Hornback,BAL,R,20,16,51,63,9,7,2,0,0,8,2,9,0,7,0,1,2,4,1,0,0.176470588,sa549087
2013,Ulises Montilla,PIT,R,21,43,155,181,45,26,16,2,1,18,33,16,0,25,3,2,5,1,0,0,0.29032258,sa549116
2010,Michael Mosby,BAL,R,20,34,111,128,23,18,4,1,0,8,9,8,1,26,8,1,0,3,1,1,0.207207207,sa549119
2011,Michael Mosby,BAL,R,21,50,174,205,40,25,7,1,7,24,30,23,0,36,5,1,2,2,3,0,0.229885057,sa549119
2010,Jordan Scott,HOU,R,18,42,146,165,44,36,6,2,0,19,10,14,1,33,3,1,1,3,6,4,0.301369863,sa549122
2010,Chace Numata,PHI,R,17,31,45,53,10,9,1,0,0,8,6,8,0,12,0,0,0,0,1,1,0.222222222,sa549139
2014,Chace Numata,PHI,R,21,11,26,27,6,5,1,0,0,5,5,1,0,4,0,0,0,1,0,0,0.23076923,sa549139
2010,Kentrell Dewitt,FLA,R,19,36,93,109,17,11,3,1,2,15,10,11,0,32,3,1,1,0,8,3,0.182795698,sa549171
2011,Kentrell Dewitt,FLA,R,20,16,54,62,19,15,2,2,0,7,4,6,0,14,1,1,0,0,2,1,0.351851851,sa549171
2010,Cory Brownsten,ATL,R,22,34,94,115,27,20,3,2,2,17,14,16,0,11,3,0,1,0,1,1,0.287234042,sa549187
2010,Corderious Dodd,STL,R,18,19,43,54,5,5,0,0,0,5,4,6,0,22,5,0,0,1,0,0,0.116279069,sa549285
2011,Corderious Dodd,STL,R,19,18,53,57,12,9,2,0,1,4,3,2,0,18,2,0,0,2,0,0,0.226415094,sa549285
2012,Corderious Dodd,STL,R,20,37,100,115,19,15,3,0,1,7,8,9,0,43,5,1,0,5,0,0,0.19,sa549285
2011,Chad Mozingo,WSN,R,22,20,61,68,16,11,5,0,0,10,7,5,0,14,0,1,1,1,2,0,0.262295081,sa549307
2010,Craige Lyerly,TBR,R,21,32,102,120,23,17,3,1,2,22,11,11,0,28,5,0,2,3,9,2,0.225490196,sa549352
2010,Auburn Donaldson,BAL,R,22,14,36,44,7,7,0,0,0,4,3,7,0,14,0,0,1,0,3,1,0.194444444,sa549353
2010,Joshua Magee,HOU,R,18,46,176,196,40,33,4,2,1,21,18,13,0,35,2,1,4,4,7,4,0.227272727,sa549377
2010,Rick Hughes,WSN,R,20,17,58,65,17,11,4,1,1,12,8,5,0,20,1,0,1,3,2,1,0.293103448,sa549379
2011,Rick Hughes,WSN,R,21,9,22,31,4,3,1,0,0,2,0,8,0,11,1,0,0,1,1,1,0.181818181,sa549379
2010,Alfredo Lopez,FLA,R,20,11,27,30,6,6,0,0,0,3,2,2,0,4,1,0,0,0,0,0,0.222222222,sa549427
2010,Trevor Martin,STL,R,18,23,79,92,20,15,5,0,0,8,6,10,0,29,3,0,0,2,0,1,0.253164556,sa549480
2010,William Beckwith,ATL,R,19,21,70,85,17,11,4,0,2,8,18,12,0,13,2,1,0,3,4,0,0.242857142,sa549500
2010,Les Smith,DET,R,20,5,19,20,7,4,2,0,1,5,7,0,0,2,0,1,0,0,0,0,0.368421052,sa549514
2010,Ryan Query,ATL,R,22,28,82,84,20,11,3,1,5,11,16,1,0,18,1,0,0,0,0,1,0.243902439,sa549515
2010,Tanner Murphy,BAL,R,17,16,45,50,9,9,0,0,0,2,4,4,0,10,0,0,1,1,0,0,0.2,sa549519
2011,Tanner Murphy,BAL,R,18,18,60,65,13,8,4,1,0,1,7,2,0,16,2,1,0,1,1,0,0.216666666,sa549519
2012,Tanner Murphy,BAL,R,19,22,69,78,13,11,2,0,0,4,6,7,0,9,0,0,2,3,0,0,0.188405797,sa549519
2010,Andy Fermin,TOR,R,20,7,26,31,12,9,3,0,0,4,5,4,0,2,1,0,0,0,0,0,0.461538461,sa549520
2010,Pierce Rankin,TOR,R,21,41,136,160,36,20,11,1,4,17,22,15,0,33,7,1,1,3,2,1,0.264705882,sa549523
2011,Aaron Westlake,DET,R,22,5,18,20,3,1,1,0,1,2,4,2,0,6,0,0,0,0,0,0,0.166666666,sa549527
2013,Aaron Westlake,DET,R,24,6,22,24,4,2,1,0,1,4,4,1,0,10,1,0,0,1,0,0,0.181818181,sa549527
2010,Matt Payton,PHI,R,22,42,158,178,36,27,6,3,0,24,10,14,0,35,4,0,1,2,9,0,0.227848101,sa549528
2010,Patrick Murray,PHI,R,23,52,192,218,60,43,15,0,2,27,26,17,0,33,7,2,0,3,4,1,0.3125,sa549531
2010,Cesar Perez,TBR,R,17,43,144,166,25,20,4,0,1,15,11,17,0,33,1,2,2,6,0,2,0.173611111,sa549535
2011,Cesar Perez,TBR,R,18,44,150,164,22,22,0,0,0,8,12,11,0,40,1,2,0,3,1,0,0.146666666,sa549535
2012,Cesar Perez,TBR,R,19,33,103,115,18,12,6,0,0,7,12,8,0,27,0,2,2,1,0,2,0.174757281,sa549535
2010,Trygg Danforth,BOS,R,23,42,145,171,37,25,10,0,2,20,15,23,0,39,1,1,1,1,1,1,0.255172413,sa549537
2010,Jose Vinicio,BOS,R,16,43,158,170,40,29,4,6,1,23,22,7,0,26,2,2,1,5,13,1,0.253164556,sa549538
2011,Jose Vinicio,BOS,R,17,50,179,194,52,38,7,5,2,22,18,7,0,33,6,1,1,2,19,10,0.290502793,sa549538
2014,Jose Vinicio,BOS,R,20,5,14,23,6,4,1,1,0,3,2,7,0,2,0,1,1,0,4,3,0.428571428,sa549538
2010,Luke Yoder,BOS,R,22,50,156,198,40,22,9,5,4,43,14,28,0,45,12,1,1,2,13,2,0.256410256,sa549539
2010,James Kang,BOS,R,22,9,34,37,8,6,1,0,1,9,2,1,0,10,2,0,0,0,2,0,0.235294117,sa549540
2010,Kevin Mort,PIT,R,22,55,176,204,50,41,7,2,0,28,20,20,0,16,3,2,3,6,6,1,0.284090909,sa549549
2010,Chih-Wei Hsu,PIT,R,18,16,39,43,6,4,2,0,0,6,0,3,0,16,0,0,1,1,0,0,0.153846153,sa549551
2010,Luis Solano,PIT,R,22,31,94,105,20,14,4,1,1,11,14,7,0,19,4,0,0,2,4,2,0.212765957,sa549552
2010,Daan Cornelissen,PIT,R,18,32,83,95,10,6,4,0,0,9,5,10,0,38,0,1,1,0,3,0,0.120481927,sa549553
2010,Fu-Lin Kuo,NYY,R,19,42,136,159,33,25,4,0,4,21,23,15,0,34,4,3,1,1,0,0,0.242647058,sa549556
2011,Fu-Lin Kuo,NYY,R,20,34,108,130,27,17,6,1,3,20,22,18,0,26,2,2,0,3,1,3,0.25,sa549556
2010,Viosergy Rosa,FLA,R,20,32,89,107,18,10,7,0,1,15,12,15,0,26,3,0,0,1,0,1,0.202247191,sa549558
2010,Eddie Rodriguez,FLA,R,21,14,36,36,7,7,0,0,0,1,5,0,0,4,0,0,0,3,0,0,0.194444444,sa549560
2010,Tyler Oliver,WSN,R,21,37,113,134,23,15,6,0,2,13,21,15,0,28,4,1,0,3,1,0,0.203539823,sa549563
2014,Jake Hernandez,NYY,R,22,52,194,213,54,35,12,1,6,26,25,12,0,32,4,3,0,4,0,1,0.278350515,sa549572
2010,Steven Ramos,STL,R,19,40,138,156,39,29,6,3,1,26,10,9,0,26,4,2,3,1,15,2,0.282608695,sa549577
2014,Jorge Martinez,HOU,R,21,15,51,56,14,6,5,0,3,8,10,3,0,16,0,2,0,0,4,1,0.274509803,sa549648
2011,Jared Lakind,PIT,R,19,34,108,131,16,9,3,0,4,15,20,17,0,43,1,3,2,2,1,1,0.148148148,sa549657
2010,Angel Gomez,TOR,R,18,15,27,30,2,2,0,0,0,1,1,1,0,7,2,0,0,0,0,1,0.074074074,sa549663
2011,Angel Gomez,TOR,R,19,36,114,126,26,22,3,1,0,11,6,7,0,24,2,2,1,2,5,3,0.228070175,sa549663
2014,Angel Gomez,TOR,R,22,30,97,113,31,24,5,2,0,12,7,13,0,16,2,0,1,1,7,4,0.319587628,sa549663
2010,Justin Howard,PIT,R,22,15,44,50,15,9,6,0,0,3,3,6,0,12,0,0,0,0,1,0,0.34090909,sa549676
2010,Pete Miller,DET,R,23,40,115,141,33,27,5,1,0,18,6,20,1,34,4,0,2,0,2,2,0.286956521,sa549683
2010,Ryan McCrann,TBR,R,24,45,137,152,39,34,4,0,1,14,12,9,1,27,3,1,2,3,7,2,0.284671532,sa549691
2010,Vincent Zazueta,BAL,R,19,23,81,89,15,14,1,0,0,6,4,5,0,26,0,1,2,2,2,2,0.185185185,sa549694
2010,Brian McConkey,FLA,R,21,53,181,210,55,38,14,2,1,24,30,21,0,25,6,2,0,3,1,0,0.303867403,sa549695
2012,Brian McConkey,MIA,R,23,12,39,50,8,6,2,0,0,4,3,9,0,14,2,0,0,0,0,2,0.205128205,sa549695
2010,Jose Fernandez,HOU,R,17,48,177,188,41,27,7,6,1,16,22,9,0,49,0,1,1,4,4,3,0.231638418,sa549697
2011,Jose Fernandez,HOU,R,18,43,159,181,39,30,6,3,0,21,15,14,0,54,3,0,5,1,11,3,0.245283018,sa549697
2013,Jose Fernandez,HOU,R,20,16,66,71,17,10,4,2,1,10,7,5,0,17,0,0,0,2,3,2,0.257575757,sa549697
2010,Ryan Ditthardt,HOU,R,21,42,135,154,37,29,6,1,1,18,12,9,1,23,10,0,0,3,0,1,0.274074074,sa549698
2010,Johan Rodriguez,WSN,R,19,32,104,114,24,22,2,0,0,12,3,7,0,12,1,0,2,1,1,1,0.23076923,sa549701
2011,Johan Rodriguez,WSN,R,20,34,109,119,23,21,2,0,0,11,10,4,0,10,3,1,2,1,8,1,0.211009174,sa549701
2010,Rashad Hatcher,WSN,R,20,32,55,60,11,10,1,0,0,8,6,3,0,20,0,0,1,3,2,2,0.2,sa549702
2010,Matt Abraham,TOR,R,23,33,83,90,16,16,0,0,0,9,4,6,0,19,1,0,0,1,0,1,0.192771084,sa549710
2011,Matt Abraham,TOR,R,24,14,29,37,3,3,0,0,0,5,4,3,0,7,3,1,1,1,0,0,0.103448275,sa549710
2010,Ping-Hung Chi,PIT,R,18,21,58,76,8,7,0,1,0,10,3,15,0,23,2,0,1,4,4,3,0.137931034,sa549719
2011,Kelly Cross,MIN,R,19,29,93,109,12,10,2,0,0,3,2,15,1,31,0,0,0,0,0,0,0.129032258,sa549738
2012,Kelly Cross,MIN,R,20,23,76,82,15,13,1,0,1,7,4,5,0,26,0,1,0,1,0,0,0.197368421,sa549738
2011,Eric Arce,TOR,R,19,49,153,206,41,18,6,3,14,34,40,38,2,48,11,4,0,0,1,1,0.267973856,sa549762
2012,Jacoby Almaraz,STL,R,20,20,57,70,14,9,3,0,2,7,9,9,0,15,3,0,0,0,0,0,0.245614035,sa549781
2013,Jacoby Almaraz,STL,R,21,29,81,83,11,8,3,0,0,4,8,1,0,37,1,0,0,1,0,0,0.135802469,sa549781
2011,Michael Quesada,MIN,R,21,41,133,157,28,16,7,2,3,20,15,18,0,27,3,1,2,1,4,0,0.210526315,sa549786
2011,Brian Pointer,PHI,R,19,47,169,191,47,25,12,4,6,30,25,17,0,47,3,1,1,1,8,0,0.278106508,sa549828
2010,Jeremy Mayo,WSN,R,22,35,109,133,31,17,10,1,3,20,19,20,0,33,1,1,2,1,1,1,0.284403669,sa549840
2010,Bryce Lane,HOU,R,20,8,30,35,10,9,1,0,0,3,3,5,0,7,0,0,0,1,0,1,0.333333333,sa549873
2010,Melvin Garcia,TOR,R,18,19,43,49,9,5,3,1,0,5,5,5,0,17,1,0,0,0,0,1,0.209302325,sa549880
2011,Melvin Garcia,TOR,R,19,11,42,46,10,7,1,0,2,7,7,3,0,14,1,0,0,0,0,0,0.238095238,sa549880
2010,Nathan Aron,NYY,R,19,9,25,33,6,5,1,0,0,5,2,5,0,8,2,1,0,2,0,0,0.24,sa549925
2011,Justin Schafer,NYM,R,23,8,31,35,7,5,2,0,0,2,3,2,0,5,0,1,1,1,0,1,0.225806451,sa549946
2010,Dylan Child,PIT,R,19,24,61,70,11,10,1,0,0,7,2,5,0,11,2,0,2,1,1,0,0.180327868,sa549982
2011,Dylan Child,PIT,R,20,20,47,54,11,11,0,0,0,5,5,2,0,10,2,1,2,1,0,1,0.234042553,sa549982
2012,Dylan Child,PIT,R,21,15,33,40,5,3,1,1,0,4,2,3,0,9,3,0,1,1,1,0,0.151515151,sa549982
2010,Bo McClendon,DET,R,22,15,39,49,7,7,0,0,0,5,3,9,0,10,1,0,0,1,1,1,0.179487179,sa549990
2010,Mills Rogers,WSN,R,22,37,130,154,33,24,8,1,0,22,22,23,0,25,1,0,0,4,3,1,0.253846153,sa550001
2014,R.J. Johnson,NYY,R,22,23,71,87,16,11,3,0,2,10,15,15,0,24,0,1,0,0,0,2,0.225352112,sa550009
2010,Kelvin Mention,MIN,R,18,6,18,23,3,3,0,0,0,2,1,3,0,3,1,0,1,1,3,0,0.166666666,sa550016
2010,Cody Lassley,TOR,R,23,9,26,28,5,3,1,1,0,2,2,0,0,8,2,0,0,1,0,0,0.192307692,sa550050
2010,Ivan Marin,ATL,R,21,32,64,73,19,16,2,0,1,13,9,7,0,15,1,0,0,3,3,2,0.296875,sa550053
2011,Philip Cerreto,STL,R,23,9,32,40,4,2,2,0,0,4,4,5,0,7,1,2,0,2,2,0,0.125,sa550120
2011,Nick Robinson,BOS,R,23,25,76,86,16,14,2,0,0,5,6,8,0,20,0,2,0,5,0,2,0.210526315,sa550129
2011,Seth Conner,TOR,R,19,50,174,212,48,33,9,2,4,29,23,30,1,37,5,1,2,5,4,2,0.275862068,sa550142
2012,Seth Conner,TOR,R,20,5,16,20,4,3,1,0,0,2,2,2,0,3,1,1,0,0,0,0,0.25,sa550142
2014,J.J. Franco,ATL,R,22,31,101,115,35,32,2,0,1,17,14,10,0,16,3,0,1,1,1,4,0.346534653,sa550147
2013,Miles Williams,MIA,R,20,42,134,157,21,13,7,0,1,13,12,12,0,51,11,0,0,2,0,2,0.156716417,sa550170
2010,Donnie Tabb,NYM,R,19,23,69,78,15,11,3,1,0,13,6,5,0,12,3,1,0,0,2,1,0.217391304,sa550177
2011,Donnie Tabb,NYM,R,20,21,45,48,11,8,3,0,0,4,7,1,0,12,1,1,0,1,1,0,0.244444444,sa550177
2011,Ryan Hornback,PIT,R,19,25,77,88,17,13,3,1,0,13,7,9,0,8,0,0,2,2,1,1,0.22077922,sa550189
2011,Patrick Smith,DET,R,19,54,207,226,48,33,8,1,6,17,26,13,0,47,1,1,4,4,5,4,0.231884057,sa550208
2011,Zach Kapstein,BOS,R,19,22,60,67,24,19,4,0,1,4,6,5,0,13,2,0,0,0,0,1,0.4,sa550218
2015,Philip Diedrick,WSN,R,22,30,89,96,13,8,1,0,4,7,13,6,0,33,1,0,0,2,0,0,0.146067415,sa550253
2011,Erick Fernandez,WSN,R,22,28,102,109,25,20,4,0,1,12,11,5,0,11,1,1,0,2,1,0,0.245098039,sa550270
2014,Matt Reida,TBR,R,22,42,156,178,46,32,8,3,3,29,20,16,0,26,5,0,1,4,9,2,0.294871794,sa550310
2013,Hector Montes,TBR,R,21,25,79,89,18,14,3,0,1,7,9,8,0,14,2,0,0,4,0,1,0.227848101,sa550313
2014,Austen Smith,MIA,R,22,47,153,187,44,31,5,1,7,25,34,20,0,41,12,2,0,5,0,0,0.287581699,sa550329
2010,Matt Parker,MIN,R,22,23,71,83,16,15,1,0,0,8,6,8,0,12,1,1,2,0,0,0,0.225352112,sa550341
2010,Kyle Perkins,NYY,R,19,13,24,31,2,2,0,0,0,1,1,6,0,9,0,1,0,1,0,0,0.083333333,sa550343
2011,Kenny Diaz,HOU,R,19,13,32,37,9,6,2,0,1,6,8,4,0,8,1,0,0,0,0,0,0.28125,sa550376
2012,Kenny Diaz,HOU,R,20,19,31,36,6,6,0,0,0,2,2,1,0,6,1,0,3,3,0,0,0.193548387,sa550376
2014,Eric Jagielo,NYY,R,22,7,23,26,5,3,0,0,2,3,4,3,0,1,0,0,0,1,0,0,0.217391304,sa550383
2014,Damek Tomscha,PHI,R,22,54,181,220,44,24,17,1,2,31,24,25,0,32,13,1,0,5,3,1,0.243093922,sa550391
2012,Dan Pellegrino,BAL,R,23,17,36,42,7,5,2,0,0,1,4,3,0,9,2,1,0,0,0,0,0.194444444,sa550407
2010,Luca Martone,HOU,R,17,20,52,57,9,9,0,0,0,4,3,4,0,14,1,0,0,0,0,0,0.173076923,sa550417
2011,Luca Martone,HOU,R,18,29,70,79,22,17,5,0,0,9,2,8,0,17,0,0,1,0,3,1,0.314285714,sa550417
2010,Chan Jong Moon,HOU,R,19,33,93,112,20,18,2,0,0,15,6,19,0,36,0,0,0,0,6,5,0.215053763,sa550461
2010,Alejandro Sanchez,ATL,R,18,13,23,25,4,3,0,1,0,5,2,2,0,4,0,0,0,0,2,0,0.173913043,sa550466
2011,Alejandro Sanchez,ATL,R,19,11,25,27,5,5,0,0,0,4,1,2,0,7,0,0,0,1,2,0,0.2,sa550466
2010,Byron Aird,DET,R,19,14,33,40,6,5,1,0,0,4,2,4,0,12,0,0,3,1,0,0,0.181818181,sa550482
2013,Wilmer Oberto,PHI,R,20,51,187,212,59,39,10,4,6,31,45,16,1,37,7,2,0,3,0,0,0.315508021,sa550501
2011,Isaias Tejeda,NYY,R,19,39,148,166,49,29,11,3,6,34,27,11,0,20,7,0,0,4,5,3,0.331081081,sa550534
2012,Felix Castillo,MIA,R,21,29,76,89,15,14,1,0,0,10,1,8,0,8,4,0,1,2,0,0,0.197368421,sa550543
2010,Marcus Jones,BAL,R,23,7,22,25,5,1,4,0,0,3,1,2,0,9,1,0,0,0,0,0,0.227272727,sa550569
2010,Kyle Lusson,TBR,R,22,18,38,54,6,4,2,0,0,7,1,11,0,12,5,0,0,1,4,1,0.157894736,sa550571
2013,Jonatan Hinojosa,MIN,R,20,48,140,158,33,24,4,5,0,24,15,14,1,28,1,0,3,0,10,2,0.235714285,sa550597
2011,Aderling Mejia,MIN,R,19,38,119,136,25,24,1,0,0,14,11,14,0,11,0,1,2,1,2,6,0.210084033,sa550598
2012,Aderling Mejia,MIN,R,20,48,170,192,55,41,13,0,1,27,20,14,0,13,1,4,3,2,11,7,0.323529411,sa550598
2013,Ronarsy Ledesma,BAL,R,20,53,190,211,49,29,15,3,2,23,28,10,0,35,8,2,1,4,7,4,0.257894736,sa550605
2014,Ronarsy Ledesma,BAL,R,21,50,166,184,48,31,10,2,5,21,21,14,1,32,2,1,1,3,3,3,0.289156626,sa550605
2014,Rainiero Coa,NYY,R,21,31,63,73,10,9,1,0,0,6,1,8,0,10,1,1,0,2,0,1,0.158730158,sa550608
2012,Amauris Capellan,STL,R,19,36,103,123,24,18,4,0,2,17,13,13,0,25,6,1,0,4,2,2,0.233009708,sa550625
2012,Luis Madrid,ATL,R,19,39,111,124,24,20,4,0,0,12,8,6,0,12,6,0,1,5,0,0,0.216216216,sa550742
2010,Josh Hendricks,MIN,R,18,13,44,45,4,3,1,0,0,2,2,0,0,17,0,1,0,4,0,0,0.09090909,sa550926
2011,Josh Hendricks,MIN,R,19,47,160,171,44,34,8,2,0,19,18,10,1,30,0,1,0,8,2,1,0.275,sa550926
2012,Adderling Ruiz,WSN,R,21,11,25,28,5,5,0,0,0,3,0,2,0,6,1,0,0,0,0,0,0.2,sa551002
2013,Adderling Ruiz,WSN,R,22,26,86,103,26,19,6,0,1,13,15,12,0,17,4,0,1,0,4,3,0.302325581,sa551002
2011,Kelvin Vizcaino,HOU,R,18,29,82,94,20,15,2,1,2,14,5,8,0,23,1,0,3,4,3,5,0.243902439,sa551276
2012,Kelvin Vizcaino,HOU,R,19,10,23,24,2,2,0,0,0,2,0,1,0,9,0,0,0,0,2,1,0.086956521,sa551276
2013,Jose Lopez,NYY,R,21,19,44,49,5,5,0,0,0,0,4,4,0,5,0,1,0,0,0,0,0.113636363,sa551285
2012,Darwin Rivera,HOU,R,20,57,200,225,62,44,14,0,4,24,29,19,0,44,3,3,0,2,0,2,0.31,sa551313
2012,Jose Ramirez,MIN,R,20,50,145,165,34,30,3,1,0,18,13,10,0,33,3,2,5,4,3,5,0.234482758,sa551331
2012,Mikeson Oliberto,NYY,R,21,48,172,192,48,26,13,6,3,21,22,15,0,42,2,1,2,3,8,2,0.279069767,sa551380
2010,Brendan Rowland,ATL,R,22,9,26,32,4,3,1,0,0,2,2,3,0,6,1,2,0,0,0,0,0.153846153,sa553049
2010,Bill Rice,PHI,R,21,22,61,74,14,9,1,1,3,10,9,10,0,7,1,1,1,1,3,1,0.229508196,sa554787
2011,Bill Rice,PHI,R,22,11,36,37,11,8,2,1,0,6,5,0,0,4,0,1,0,0,2,1,0.305555555,sa554787
2010,Cale Owen,PHI,R,23,21,53,60,11,11,0,0,0,8,3,6,0,17,0,0,1,1,1,0,0.207547169,sa554947
2011,Alejandro Villalobos,PHI,R,19,44,165,181,47,39,4,4,0,17,14,10,0,5,4,0,2,3,7,5,0.284848484,sa554987
2010,Roberto Reyes,BOS,R,19,9,19,22,5,3,1,0,1,2,1,3,0,8,0,0,0,0,0,1,0.263157894,sa555253
2011,Roberto Reyes,BOS,R,20,31,102,106,22,14,2,0,6,11,13,3,0,33,1,0,0,3,1,0,0.215686274,sa555253
2014,Dubal Baez,MIN,R,21,40,121,139,34,28,6,0,0,21,9,10,0,20,3,0,4,0,12,5,0.280991735,sa556873
2011,Christian Frias,TOR,R,21,33,70,92,10,9,1,0,0,6,5,15,0,13,3,1,3,2,1,2,0.142857142,sa561375
2011,Tony Caldwell,FLA,R,22,32,98,118,30,26,3,0,1,11,10,12,0,16,6,1,1,5,2,0,0.306122448,sa577017
2013,Tony Caldwell,MIA,R,24,6,17,20,8,5,3,0,0,4,2,2,0,3,1,0,0,0,0,0,0.470588235,sa577017
2014,Barrett Barnes,PIT,R,22,7,16,25,5,1,2,0,2,5,5,6,0,3,3,0,0,1,1,0,0.3125,sa577859
2012,Jake Davies,BOS,R,22,20,68,78,19,11,7,0,1,12,9,9,0,9,1,0,0,2,1,0,0.279411764,sa578218
2013,Jake Davies,BOS,R,23,43,125,134,27,20,6,0,1,12,11,7,0,30,0,1,1,2,2,1,0.216,sa578218
2012,Patrick Claussen,MIA,R,22,31,94,115,20,15,4,0,1,12,5,12,0,20,7,1,1,4,0,1,0.212765957,sa578913
2011,John Schultz,FLA,R,22,46,158,194,44,34,6,4,0,40,30,29,0,33,3,4,0,3,4,2,0.278481012,sa579042
2011,Cody Koback,BOS,R,21,19,55,68,16,12,3,0,1,11,8,6,0,14,7,0,0,0,0,1,0.29090909,sa579327
2012,Bryan Lippincott,WSN,R,22,43,139,161,39,27,11,1,0,9,18,16,0,29,2,1,2,3,5,2,0.280575539,sa579484
2014,Jose Salazar,PIT,R,19,17,50,56,11,9,2,0,0,2,3,2,0,11,1,0,3,2,0,0,0.22,sa596025
2013,Jair Morelos,PHI,R,19,39,127,137,37,32,5,0,0,15,8,7,0,11,0,0,3,5,1,3,0.291338582,sa596038
2013,Erick Vasquez,TBR,R,19,35,123,136,22,17,5,0,0,6,14,7,0,41,4,2,0,0,5,1,0.178861788,sa596219
2012,Douglas Duran,TBR,R,19,40,110,131,18,16,2,0,0,10,8,16,0,34,0,1,4,3,4,0,0.163636363,sa596220
2012,David Gonzalez,DET,R,18,39,136,162,33,27,5,1,0,19,16,22,0,20,0,0,4,2,6,2,0.242647058,sa596234
2014,David Gonzalez,DET,R,20,51,183,212,60,45,12,1,2,26,24,22,0,20,1,3,3,5,6,5,0.327868852,sa596234
2013,Orvin Tovar,DET,R,19,50,156,177,37,28,8,0,1,25,16,15,0,23,3,1,2,2,2,1,0.237179487,sa596235
2014,Orvin Tovar,DET,R,20,33,98,108,29,22,7,0,0,17,14,8,0,13,1,1,0,4,2,2,0.295918367,sa596235
2014,Bealyn Chourio,PIT,R,20,31,86,113,21,16,4,1,0,10,6,23,0,26,0,0,4,1,5,3,0.244186046,sa596372
2013,Leobaldo Pina,STL,R,19,48,176,190,48,40,3,5,0,29,13,12,0,30,2,0,0,3,8,2,0.272727272,sa596837
2012,Gabriel Cenas,TOR,R,18,49,172,192,33,24,7,0,2,15,15,13,0,46,6,1,0,3,3,1,0.191860465,sa596839
2013,Gabriel Cenas,TOR,R,19,44,139,164,36,22,9,2,3,16,32,17,0,32,4,4,0,1,0,2,0.258992805,sa596839
2015,Felix G. Santana,DET,R,20,37,126,137,38,27,9,0,2,12,21,5,0,23,3,0,3,4,0,0,0.301587301,sa596846
2016,Felix G. Santana,DET,R,21,10,30,33,5,2,1,1,1,3,3,2,0,6,1,0,0,2,0,0,0.166666666,sa596846
2012,Robinson Arno,ATL,R,19,31,96,109,23,12,7,0,4,7,15,10,0,34,2,1,0,0,1,0,0.239583333,sa596852
2013,Robinson Arno,ATL,R,20,36,114,133,21,11,6,2,2,19,22,13,0,43,5,0,1,1,2,0,0.184210526,sa596852
2013,Ibrahim McKenzie,ATL,R,19,30,104,113,22,17,3,1,1,12,14,4,0,29,5,0,0,2,0,2,0.211538461,sa596854
2012,Carlos Sanchez,ATL,R,18,28,78,87,19,14,5,0,0,7,6,7,0,14,1,1,0,2,2,2,0.243589743,sa596855
2013,Jose Morel,ATL,R,19,40,132,148,37,31,6,0,0,20,21,13,0,19,1,2,0,2,13,1,0.28030303,sa596856
2014,Jose Morel,ATL,R,20,19,61,69,17,11,5,1,0,13,8,7,0,8,1,0,0,1,3,0,0.278688524,sa596856
2012,Juan Santana,HOU,R,17,56,194,211,52,40,12,0,0,16,24,10,1,22,2,1,4,5,5,1,0.268041237,sa596860
2012,Yoel Silfa,HOU,R,18,12,32,37,9,8,1,0,0,7,6,4,0,7,0,0,1,0,0,0,0.28125,sa596863
2013,Yoel Silfa,HOU,R,19,24,66,70,14,13,0,0,1,6,5,2,0,12,1,1,0,2,2,1,0.212121212,sa596863
2013,Pedro Coa,HOU,R,20,26,60,70,8,6,2,0,0,4,5,5,0,12,3,1,1,2,0,0,0.133333333,sa596865
2013,Alexander Simon,TBR,R,20,58,208,230,61,50,6,5,0,25,22,19,0,50,1,1,0,3,12,8,0.29326923,sa596866
2012,Edwin Espinal,PIT,R,18,41,131,138,32,24,6,1,1,11,14,3,0,26,0,0,4,1,0,1,0.244274809,sa596971
2011,Jorge Rivero,NYM,R,22,26,95,108,22,19,1,1,1,9,7,13,0,12,0,0,0,1,0,6,0.231578947,sa596986
2013,Leon Canelon,NYM,R,21,47,151,170,42,33,6,2,1,25,21,11,0,32,2,4,2,5,7,1,0.278145695,sa596987
2014,Manuel Hilario,NYM,R,22,33,99,110,23,19,3,0,1,14,12,7,0,20,3,1,0,2,4,2,0.232323232,sa596988
2013,Elvis Sanchez,NYM,R,19,20,55,69,6,3,1,0,2,5,4,12,0,22,2,0,0,0,0,0,0.109090909,sa596989
2014,Natanael Ramos,NYM,R,21,33,106,118,23,19,4,0,0,8,8,8,0,14,2,1,1,7,2,2,0.216981132,sa596990
2012,Cleuluis Rondon,BOS,R,18,47,182,199,42,26,10,6,0,19,16,9,0,42,2,3,3,4,2,2,0.23076923,sa596998
2013,Aneudis Peralta,BOS,R,19,44,153,168,44,32,12,0,0,20,20,11,0,22,2,2,0,0,1,2,0.287581699,sa597000
2013,Alixon Suarez,BOS,R,18,31,109,118,23,17,6,0,0,11,13,5,0,22,2,2,0,3,1,0,0.211009174,sa597001
2013,Luis Cruz,STL,R,20,17,56,64,18,12,3,0,3,10,5,5,0,10,2,1,0,0,0,2,0.321428571,sa597025
2013,Jose Augusto Figueroa,NYY,R,20,51,159,188,40,32,5,2,1,25,17,23,0,31,1,3,2,1,13,3,0.251572327,sa597028
2014,Jose Augusto Figueroa,NYY,R,21,53,186,204,54,38,11,2,3,34,18,16,0,46,2,0,0,1,13,5,0.29032258,sa597028
2013,Vicente Lupo,NYM,R,19,37,109,126,24,15,4,1,4,13,15,13,0,50,2,2,0,3,4,3,0.220183486,sa597034
2012,Jairo Cardozo,PHI,R,18,34,86,101,18,14,4,0,0,11,4,13,0,19,1,1,0,2,2,4,0.209302325,sa597047
2012,Hector Veloz,BAL,R,18,34,121,133,34,20,9,2,3,14,18,8,0,30,3,1,0,2,0,0,0.280991735,sa597048
2014,Alfredo Reyes,NYM,R,20,46,157,170,37,30,7,0,0,22,18,8,0,38,0,1,4,3,9,2,0.235668789,sa597093
2013,J.C. Rodriguez,NYM,R,20,46,155,174,32,25,6,1,0,19,17,13,0,36,0,2,4,3,4,2,0.206451612,sa597094
2012,Diomedes Eusebio,WSN,R,19,43,141,151,39,26,11,2,0,7,18,5,0,27,3,0,2,7,0,1,0.276595744,sa597097
2013,Diomedes Eusebio,WSN,R,20,36,100,113,33,25,6,0,2,17,16,7,0,18,2,1,3,4,2,2,0.33,sa597097
2014,Dionicio Rosario,WSN,R,20,50,162,183,36,21,12,1,2,29,25,14,1,30,7,0,0,3,3,2,0.222222222,sa597098
2013,Bryan Mejia,WSN,R,19,44,168,179,44,31,6,7,0,30,20,3,0,25,5,1,2,3,10,2,0.261904761,sa597100
2011,Javier Pimentel,MIN,R,17,28,102,111,17,9,5,2,1,10,10,5,0,19,3,0,1,1,1,1,0.166666666,sa597114
2012,Javier Pimentel,MIN,R,18,36,121,126,24,16,7,0,1,10,13,2,0,34,2,1,0,2,1,1,0.198347107,sa597114
2013,Joel Polanco,MIN,R,20,25,79,93,16,9,6,1,0,5,12,8,0,24,4,2,0,1,0,1,0.202531645,sa597115
2014,Joel Polanco,MIN,R,21,32,117,125,29,21,6,0,2,16,14,6,1,30,2,0,0,3,4,0,0.247863247,sa597115
2013,Christopher Tamarez,NYY,R,19,33,102,114,24,17,7,0,0,12,11,6,0,24,2,1,3,1,0,1,0.235294117,sa597118
2014,Wilmer Romero,NYY,R,20,32,108,119,24,18,4,0,2,7,10,10,0,30,0,1,0,5,0,0,0.222222222,sa597120
2013,Renzo Martini,NYY,R,20,28,98,110,22,15,5,0,2,11,13,9,0,17,2,1,0,1,0,0,0.224489795,sa597121
2013,Renzo Martini,NYY,R,20,25,93,104,29,19,9,0,1,13,11,8,0,15,1,2,0,5,1,1,0.311827956,sa597121
2015,Renzo Martini,NYY,R,22,54,185,221,53,30,17,1,5,32,34,31,0,31,2,2,0,5,0,0,0.286486486,sa597121
2012,Deiner Lopez,BOS,R,18,37,116,131,31,23,8,0,0,17,12,10,0,25,3,0,2,0,7,2,0.267241379,sa597152
2013,Deiner Lopez,BOS,R,19,25,88,97,25,17,4,4,0,11,7,4,0,20,4,0,1,0,8,5,0.284090909,sa597152
2012,Angelo Mora,PHI,R,19,40,155,165,42,33,7,2,0,20,8,9,0,32,0,1,0,4,14,5,0.270967741,sa597177
2014,Marlon Avea,HOU,R,20,21,68,82,19,14,5,0,0,11,12,8,0,9,4,1,1,1,1,1,0.279411764,sa597181
2013,Carlos Torres,STL,R,20,45,147,162,33,25,3,1,4,14,22,10,0,35,1,3,1,4,6,3,0.224489795,sa597191
2015,Carlos Torres,STL,R,22,35,102,114,24,16,4,2,2,16,10,9,0,24,1,2,0,1,3,1,0.235294117,sa597191
2012,Rehiner Cordova,MIA,R,18,32,102,118,29,26,3,0,0,16,9,11,0,20,2,0,3,2,4,1,0.284313725,sa597192
2013,Rehiner Cordova,MIA,R,19,6,22,24,2,2,0,0,0,1,1,2,0,5,0,0,0,1,0,1,0.09090909,sa597192
2015,Rehiner Cordova,MIA,R,21,6,15,24,4,3,1,0,0,2,5,7,0,5,2,0,0,0,0,0,0.266666666,sa597192
2015,Victor Moscote,NYM,R,21,42,141,167,27,19,8,0,0,19,12,18,0,29,5,3,0,8,0,1,0.191489361,sa597198
2016,Victor Moscote,NYM,R,22,40,147,169,43,34,8,0,1,19,16,15,0,26,7,0,0,4,1,2,0.292517006,sa597198
2014,Jose Rojas,TBR,R,21,39,128,138,33,21,11,0,1,14,16,6,1,21,2,2,0,2,2,4,0.2578125,sa597210
2013,Oswald Caraballo,NYM,R,20,44,123,139,24,12,9,3,0,13,12,9,0,19,3,4,0,8,1,2,0.195121951,sa597213
2014,Miguel Mojica,NYY,R,21,43,121,142,26,18,6,2,0,21,7,18,0,34,3,0,0,2,5,1,0.214876033,sa597236
2012,Emilio Guerrero,TOR,R,19,24,82,95,20,10,7,1,2,14,9,12,0,20,1,0,0,1,3,3,0.243902439,sa597507
2014,Jorge Tillero,WSN,R,20,33,90,97,27,23,4,0,0,5,10,6,0,8,1,0,0,7,2,1,0.3,sa597511
2015,Wilman Rodriguez,WSN,R,24,6,19,21,4,3,1,0,0,1,3,1,0,7,1,0,0,0,0,1,0.210526315,sa597512
2012,Eduardo de Oleo,NYY,R,19,20,47,53,9,6,2,0,1,7,9,5,0,17,1,0,0,2,0,1,0.191489361,sa597686
2013,Eduardo de Oleo,NYY,R,20,37,138,152,39,25,10,1,3,15,26,10,0,25,4,0,0,2,1,1,0.282608695,sa597686
2013,Daniel Arribas,PIT,R,20,50,166,200,51,41,8,2,0,32,19,23,1,36,3,1,7,5,5,3,0.307228915,sa597735
2014,Gustavo Martinez,PHI,R,20,32,107,116,30,25,5,0,0,14,8,7,0,11,0,1,1,3,2,3,0.280373831,sa597739
2012,Herlis Rodriguez,PHI,R,18,38,95,103,21,15,4,1,1,12,7,6,0,23,0,1,1,0,0,2,0.221052631,sa597740
2013,Herlis Rodriguez,PHI,R,19,28,90,104,35,26,7,0,2,17,15,10,0,15,0,3,1,2,4,5,0.388888888,sa597740
2011,Jacob Anderson,TOR,R,18,9,37,42,15,11,2,0,2,9,7,4,0,8,1,0,0,1,2,0,0.405405405,sa597752
2011,Brandon Martin,TBR,R,17,19,47,57,12,10,1,0,1,10,3,7,0,12,3,0,0,0,5,3,0.255319148,sa597756
2011,Dante Bichette Jr.,NYY,R,18,52,196,240,67,44,17,3,3,33,47,30,0,41,10,4,0,8,3,3,0.341836734,sa597776
2011,Granden Goetzman,TBR,R,18,25,75,84,13,10,3,0,0,8,8,8,0,17,1,0,0,2,6,1,0.173333333,sa597785
2017,Granden Goetzman,TBR,R,24,10,30,39,7,5,2,0,0,3,6,7,0,6,1,1,0,0,3,0,0.233333333,sa597785
2012,Kes Carter,TBR,R,22,7,21,27,8,6,1,1,0,5,3,4,0,7,2,0,0,0,0,3,0.38095238,sa597800
2011,James Harris,TBR,R,17,45,158,180,26,20,6,0,0,17,8,13,0,39,7,1,1,4,13,4,0.164556962,sa597804
2011,C.J. McElroy,STL,R,18,23,79,89,18,15,2,1,0,10,7,7,0,15,2,1,0,0,8,2,0.227848101,sa597861
2011,Johnny Eierman,TBR,R,18,16,59,67,15,9,3,2,1,7,5,5,0,17,2,1,0,0,1,1,0.254237288,sa597869
2012,Johnny Eierman,TBR,R,19,46,160,182,37,25,10,2,0,16,10,14,0,32,2,1,5,5,6,4,0.23125,sa597869
2014,Roybell Herrera,NYY,R,23,31,63,72,11,6,5,0,0,9,10,4,0,16,2,0,3,1,0,0,0.174603174,sa597928
2013,Roybell Herrera,NYY,R,22,24,37,42,7,2,4,0,1,4,5,3,0,11,1,1,0,0,0,0,0.189189189,sa597928
2012,Yoel Araujo,TBR,R,18,30,105,116,30,21,6,2,1,9,11,6,0,35,3,1,1,2,4,3,0.285714285,sa597940
2014,Tyler Palmer,NYY,R,21,16,48,56,16,10,3,3,0,9,3,7,0,9,0,0,1,0,9,0,0.333333333,sa597955
2014,Tyler Palmer,NYY,R,21,36,102,125,23,14,3,3,3,18,21,15,0,25,2,3,3,1,8,1,0.225490196,sa597955
2011,Kenny Peoples-Walls,STL,R,17,28,88,99,21,20,1,0,0,8,7,9,0,24,1,1,0,3,4,4,0.238636363,sa597960
2012,Kenny Peoples-Walls,STL,R,18,43,150,164,39,30,4,3,2,19,21,7,0,35,6,1,0,3,4,5,0.26,sa597960
2011,Matt Duran,NYY,R,18,23,83,96,25,15,6,1,3,13,17,9,0,21,1,3,0,0,0,0,0.301204819,sa597964
2013,Matt Duran,NYY,R,20,6,20,23,4,4,0,0,0,0,4,2,0,6,0,1,0,1,0,0,0.2,sa597964
2011,Dan Gamache,PIT,R,20,6,20,26,7,7,0,0,0,6,4,3,0,5,1,1,0,0,0,0,0.35,sa597966
2011,Joe Tuschak,NYM,R,18,32,108,129,22,20,2,0,0,15,12,15,1,34,4,2,0,2,2,0,0.203703703,sa597974
2011,Adam Ehrlich,STL,R,18,19,59,69,14,10,3,0,1,3,6,7,0,16,2,1,0,1,1,0,0.237288135,sa597980
2012,Adam Ehrlich,STL,R,19,22,74,87,21,16,4,1,0,12,6,12,0,17,0,0,1,1,0,0,0.283783783,sa597980
2011,Lance Jeffries,STL,R,18,44,125,147,32,21,8,2,1,20,19,15,0,48,6,0,1,2,12,5,0.256,sa598090
2011,Logan Robbins,ATL,R,21,36,129,148,27,14,5,2,6,26,16,14,0,48,5,0,0,0,12,1,0.209302325,sa598093
2011,John Alexander,TBR,R,18,12,51,53,16,9,4,1,2,4,11,0,0,12,1,1,0,0,0,0,0.31372549,sa598166
2014,Alvin Maracaro,NYM,R,21,37,105,124,22,18,3,0,1,16,12,13,0,19,3,2,1,5,4,1,0.209523809,sa598179
2011,Logan Moore,PHI,R,20,30,71,75,16,15,0,0,1,6,9,2,0,17,0,1,1,3,0,0,0.225352112,sa598265
2011,Deion Williams,WSN,R,18,30,102,111,16,16,0,0,0,6,7,8,0,44,0,1,0,6,3,1,0.156862745,sa598271
2011,Ismael Salgado,DET,R,18,38,111,115,16,12,4,0,0,14,6,1,0,20,2,0,1,1,2,1,0.144144144,sa598291
2012,Ismael Salgado,DET,R,19,44,129,144,27,17,8,2,0,15,8,9,0,33,1,0,4,2,5,2,0.209302325,sa598291
2013,Ismael Salgado,DET,R,20,41,107,117,22,17,5,0,0,11,9,6,0,25,0,3,1,1,1,2,0.205607476,sa598291
2014,Ismael Salgado,DET,R,21,46,160,176,48,39,6,3,0,25,17,11,0,26,1,3,1,5,6,3,0.3,sa598291
2011,Seth Moranda,ATL,R,18,25,80,100,16,13,3,0,0,13,6,15,0,20,5,0,0,3,2,3,0.2,sa598423
2012,Seth Moranda,ATL,R,19,27,86,104,21,20,1,0,0,11,5,12,0,22,6,0,0,1,2,1,0.244186046,sa598423
2011,Tyler Greene,PHI,R,18,17,58,70,16,10,6,0,0,9,4,11,0,23,0,1,0,2,5,1,0.275862068,sa598427
2012,Candon Myles,PIT,R,19,34,111,127,31,27,2,2,0,15,11,15,0,24,0,0,1,2,12,5,0.279279279,sa598428
2013,Candon Myles,PIT,R,20,37,141,161,41,39,2,0,0,22,10,15,0,29,2,0,3,1,8,4,0.290780141,sa598428
2011,Jose Behar,FLA,R,22,20,46,56,9,7,1,0,1,11,7,8,0,12,1,1,0,1,1,0,0.195652173,sa598557
2011,Glynn Davis,BAL,R,19,6,23,27,10,7,2,0,1,4,2,4,0,3,0,0,0,0,1,1,0.434782608,sa598601
2016,Glynn Davis,BAL,R,24,6,25,26,5,4,0,0,1,1,5,1,0,7,0,0,0,1,1,0,0.2,sa598601
2011,Drew Leachman,MIN,R,22,44,135,160,32,26,4,1,1,15,20,19,1,19,2,2,2,4,2,2,0.237037037,sa598602
2011,Jacob Younis,MIN,R,17,34,105,122,23,21,2,0,0,15,9,11,0,26,2,2,2,3,7,3,0.219047619,sa598603
2012,Jacob Younis,MIN,R,18,12,36,40,5,5,0,0,0,4,2,2,0,6,2,0,0,1,0,1,0.138888888,sa598603
2011,Jean Batista,HOU,R,19,38,144,153,35,24,7,3,1,18,18,6,0,25,0,2,1,4,6,1,0.243055555,sa598610
2013,Jean Batista,HOU,R,21,24,93,95,26,14,3,6,3,17,15,1,0,16,1,0,0,2,1,0,0.279569892,sa598610
2011,Justin Shults,HOU,R,23,51,174,199,39,23,10,1,5,24,29,22,1,51,2,1,0,2,2,2,0.224137931,sa598611
2011,Javaris Reynolds,HOU,R,18,46,158,194,36,33,3,0,0,25,4,19,0,40,12,0,5,3,15,8,0.227848101,sa598612
2012,Javaris Reynolds,HOU,R,19,11,28,33,6,6,0,0,0,3,0,4,0,7,1,0,0,0,1,2,0.214285714,sa598612
2013,Javaris Reynolds,HOU,R,20,49,152,178,30,27,0,2,1,22,15,14,0,53,5,0,7,0,9,5,0.197368421,sa598612
2011,Joe Witkowski,HOU,R,22,18,50,57,11,9,1,1,0,2,4,3,0,10,2,0,2,2,0,0,0.22,sa598613
2011,Jonathan Myers,FLA,R,23,29,78,95,20,15,3,1,1,9,11,12,0,15,2,3,0,2,0,0,0.256410256,sa598615
2011,Will Skinner,ATL,R,22,24,80,86,24,14,6,0,4,14,18,3,0,18,1,1,1,2,2,1,0.3,sa598620
2011,Troy Snitker,ATL,R,22,36,110,124,22,12,7,0,3,9,14,8,0,25,5,1,0,3,0,1,0.2,sa598621
2011,Christopher Bullard,ATL,R,21,42,133,155,33,25,4,2,2,14,19,12,0,51,6,4,0,1,7,4,0.2481203,sa598622
2011,Kirk Walker,ATL,R,22,25,69,76,20,16,2,2,0,13,6,6,0,10,0,0,1,1,3,1,0.289855072,sa598623
2011,Jake Anderson,NYY,R,19,33,93,105,20,12,6,2,0,12,8,9,0,32,1,0,2,0,6,0,0.215053763,sa598626
2012,Jake Anderson,NYY,R,20,10,28,33,5,3,2,0,0,4,0,5,0,10,0,0,0,1,1,1,0.178571428,sa598626
2013,Jake Anderson,NYY,R,21,20,55,64,13,9,4,0,0,10,9,6,0,21,0,2,1,0,3,3,0.236363636,sa598626
2014,Jake Anderson,NYY,R,22,15,46,52,10,7,2,0,1,2,3,5,0,12,0,0,1,1,3,1,0.217391304,sa598626
2011,Ryan Hutson,NYM,R,22,46,151,186,31,19,10,0,2,24,18,34,0,30,0,1,0,0,1,1,0.205298013,sa598636
2011,Trey Karlen,WSN,R,23,27,64,83,12,8,1,2,1,11,9,11,0,22,4,1,3,1,5,0,0.1875,sa598640
2011,Arialdi Peguero,WSN,R,18,42,140,159,29,22,2,0,5,13,13,14,0,52,3,2,0,2,1,0,0.207142857,sa598641
2011,Peter Lavin,PHI,R,23,32,134,143,40,26,10,2,2,22,19,6,0,20,0,2,1,3,8,1,0.298507462,sa598644
2011,Gustavo Gonzalez,PHI,R,20,26,91,104,25,23,1,0,1,12,5,7,0,15,2,2,2,1,2,0,0.274725274,sa598645
2012,Gustavo Gonzalez,PHI,R,21,14,34,40,6,5,1,0,0,4,4,1,0,2,4,1,0,2,0,0,0.176470588,sa598645
2011,Danry Vasquez,DET,R,17,54,206,224,56,45,8,1,2,25,30,7,0,34,4,2,5,4,3,2,0.27184466,sa598653
2011,Brandon Eckerle,DET,R,22,45,166,201,59,54,5,0,0,34,12,28,0,16,4,0,3,0,18,4,0.355421686,sa598656
2011,Jonathan Schwind,PIT,R,21,38,124,151,43,23,14,2,4,31,25,13,0,24,12,0,2,0,4,1,0.346774193,sa598663
2012,Jonathan Schwind,PIT,R,22,9,25,29,6,4,2,0,0,3,5,3,0,6,1,0,0,0,0,2,0.24,sa598663
2011,Nico Taylor,TOR,R,21,30,91,108,29,18,8,0,3,17,13,15,0,24,1,0,1,1,2,2,0.318681318,sa598665
2011,Jorge Vega-Rosado,TOR,R,19,51,183,210,58,40,12,2,4,39,30,19,0,40,2,4,2,3,22,4,0.31693989,sa598671
2012,Jorge Vega-Rosado,TOR,R,20,9,21,26,3,1,2,0,0,3,2,4,0,3,1,0,0,0,4,1,0.142857142,sa598671
2011,Jose Colorado,BOS,R,20,41,147,164,38,21,10,6,1,17,17,15,1,44,1,0,1,3,3,5,0.258503401,sa598678
2012,Jose Colorado,BOS,R,21,53,185,221,53,34,17,1,1,33,30,28,0,35,3,4,1,4,15,6,0.286486486,sa598678
2013,Jose Colorado,BOS,R,22,15,48,55,9,7,2,0,0,4,4,3,0,12,1,1,2,2,4,1,0.1875,sa598678
2011,David Chester,BOS,R,22,46,169,187,41,24,8,0,9,19,23,9,1,42,7,2,0,12,0,0,0.24260355,sa598680
2011,Aneury Tavarez,BOS,R,19,33,100,114,22,16,1,2,3,10,8,8,0,40,4,1,1,1,3,3,0.22,sa598684
2011,Jeremias Pineda,BOS,R,20,16,43,51,6,6,0,0,0,5,0,5,0,16,2,0,1,0,2,1,0.139534883,sa598687
2012,Jeremias Pineda,BOS,R,21,36,133,142,56,44,9,3,0,20,22,5,0,22,2,1,1,2,14,7,0.421052631,sa598687
2012,Jeremias Pineda,MIN,R,21,16,59,66,14,12,0,1,1,8,3,6,0,16,1,0,0,1,9,2,0.237288135,sa598687
2011,Matt Johnson,TBR,R,22,32,104,124,23,20,1,0,2,21,10,17,0,23,1,2,0,0,13,1,0.221153846,sa598692
2011,Darryl George,TBR,R,18,24,74,89,18,15,3,0,0,11,7,10,0,9,4,1,0,3,4,2,0.243243243,sa598695
2013,Randy Encarnacion,WSN,R,18,34,109,126,38,26,8,1,3,22,12,16,0,25,1,0,0,1,5,3,0.348623853,sa598754
2014,Randy Encarnacion,WSN,R,19,23,74,81,16,11,4,0,1,5,14,6,0,25,0,1,0,2,1,3,0.216216216,sa598754
2011,Dutch Deol,STL,R,18,21,56,66,5,4,1,0,0,5,1,8,0,21,1,1,0,0,0,0,0.089285714,sa598912
2011,Nick Popescu,ATL,R,22,25,60,66,12,10,1,1,0,6,4,5,0,7,1,0,0,1,4,0,0.2,sa598952
2011,Wes Thigpen,DET,R,22,31,92,102,23,17,4,0,2,13,7,6,0,7,1,0,3,4,0,0,0.25,sa598994
2011,Chretien Matz,DET,R,21,22,66,71,16,14,2,0,0,6,2,2,0,18,2,0,1,1,1,1,0.242424242,sa599002
2011,John Hill,PHI,R,22,33,62,75,14,12,2,0,0,5,12,8,0,16,1,2,2,1,2,0,0.225806451,sa599014
2011,Matthew Holland,PHI,R,23,35,110,125,26,15,7,0,4,19,15,9,0,26,3,1,0,6,1,0,0.236363636,sa599021
2011,Michael Knox,STL,R,22,37,123,149,26,14,7,0,5,16,18,21,0,46,3,2,0,1,0,1,0.211382113,sa599042
2011,Jacob Meskin,HOU,R,22,22,30,36,2,2,0,0,0,1,4,2,0,10,2,2,0,0,0,1,0.066666666,sa599048
2011,Chris Peters,TOR,R,22,42,118,138,29,20,5,3,1,13,17,14,0,26,0,2,4,1,3,0,0.245762711,sa599056
2011,Justin James,NYY,R,20,25,74,89,17,11,6,0,0,15,10,10,0,19,4,1,0,0,2,2,0.229729729,sa599079
2012,Justin James,NYY,R,21,12,29,36,4,4,0,0,0,3,0,7,0,10,0,0,0,0,1,0,0.137931034,sa599079
2011,Wes Schill,WSN,R,21,43,157,177,40,33,5,2,0,24,16,16,0,19,1,1,2,1,10,5,0.25477707,sa599087
2011,Brett Harrison,DET,R,19,6,21,24,5,5,0,0,0,1,1,2,1,4,0,1,0,2,0,0,0.238095238,sa599115
2012,Brett Harrison,DET,R,20,32,98,110,17,11,3,0,3,10,11,7,0,39,4,0,1,1,0,1,0.173469387,sa599115
2012,D.J. Jones,TOR,R,19,24,73,89,14,11,3,0,0,8,4,5,0,29,8,0,3,1,5,6,0.191780821,sa599226
2011,Jhiomar Veras,FLA,R,21,32,101,111,24,16,4,1,3,17,15,7,0,24,3,0,0,2,2,2,0.237623762,sa599254
2014,Dominic Jose,NYY,R,21,42,130,144,39,23,12,3,1,17,17,10,0,43,3,0,1,1,7,4,0.3,sa599268
2015,Dominic Jose,NYY,R,22,48,144,164,41,32,7,1,1,26,10,10,0,22,4,1,5,1,10,1,0.284722222,sa599268
2011,Jalen Simmons,BAL,R,18,22,65,76,11,7,4,0,0,4,4,3,0,29,5,2,1,1,1,1,0.169230769,sa599275
2012,Jalen Simmons,BAL,R,19,38,116,128,20,13,5,1,1,11,9,8,0,52,3,1,0,4,2,2,0.172413793,sa599275
2011,Brian Stamps,ATL,R,22,43,97,108,20,17,1,0,2,15,8,5,0,40,3,0,3,2,6,2,0.206185567,sa599296
2011,Justin Atkinson,TOR,R,17,12,43,48,12,8,3,1,0,6,6,2,0,3,0,2,1,0,0,0,0.279069767,sa599300
2012,Justin Atkinson,TOR,R,18,52,185,203,48,46,1,0,1,14,23,13,0,29,4,0,1,2,1,2,0.259459459,sa599300
2011,Nick Moore,BOS,R,18,15,49,61,9,6,1,1,1,8,6,11,0,17,1,0,0,1,0,2,0.183673469,sa599326
2012,Nick Moore,BOS,R,19,50,175,212,44,33,6,2,3,33,24,32,0,46,1,2,1,1,7,1,0.251428571,sa599326
2012,Jackson Laumann,ATL,R,18,34,119,127,30,24,5,0,1,9,10,7,0,27,1,0,0,4,0,1,0.25210084,sa599347
2011,Derrick Loveless,TOR,R,18,5,17,21,1,1,0,0,0,2,1,3,0,7,0,0,1,0,0,0,0.058823529,sa599355
2012,Derrick Loveless,TOR,R,19,37,115,133,19,9,5,4,1,15,11,16,0,38,2,0,0,0,2,0,0.165217391,sa599355
2011,Phillip Chapman,MIN,R,22,33,104,125,32,19,12,1,0,18,21,11,0,21,6,4,0,1,1,1,0.307692307,sa599467
2011,Cameron Edman,BAL,R,23,26,77,92,23,13,7,2,1,11,13,10,0,9,4,0,1,2,0,0,0.298701298,sa599478
2011,Nick Natoli,BOS,R,23,8,19,26,5,3,2,0,0,1,0,6,0,3,1,0,0,0,0,0,0.263157894,sa599480
2011,Connor Burke,FLA,R,18,28,69,80,10,9,1,0,0,5,5,10,0,21,1,0,0,1,0,0,0.144927536,sa599482
2012,Connor Burke,MIA,R,19,24,68,78,12,9,2,1,0,8,3,7,0,24,1,0,2,2,0,0,0.176470588,sa599482
2015,Blake Grant-Parks,TBR,R,21,17,54,55,14,9,5,0,0,5,5,0,0,15,1,0,0,1,0,0,0.259259259,sa599505
2016,Ryan Krill,NYY,R,23,17,54,65,20,14,4,0,2,11,12,8,0,11,2,1,0,1,1,0,0.37037037,sa599530
2011,Michael Bourdon,TBR,R,22,23,55,65,13,11,2,0,0,6,3,3,0,20,6,0,1,0,1,1,0.236363636,sa599705
2011,Carlos Coste,BOS,R,18,16,19,20,3,3,0,0,0,0,0,0,0,9,0,0,1,0,0,0,0.157894736,sa599741
2012,Carlos Coste,BOS,R,19,12,22,24,3,3,0,0,0,2,2,0,0,11,2,0,0,0,0,0,0.136363636,sa599741
2013,Carlos Coste,BOS,R,20,18,36,39,7,4,3,0,0,2,5,1,0,8,2,0,0,0,1,1,0.194444444,sa599741
2011,Brandon Choate,TBR,R,22,24,51,63,14,8,5,0,1,4,3,7,0,12,3,0,2,1,0,0,0.274509803,sa599880
2012,Cody Bartlett,TOR,R,23,14,46,49,6,4,2,0,0,5,2,3,0,7,0,0,0,1,0,0,0.130434782,sa600134
2011,Julio Torres,MIN,R,17,31,84,96,18,18,0,0,0,8,4,7,0,17,3,0,2,0,1,2,0.214285714,sa600601
2011,Kevin Quaranto,PHI,R,23,16,25,32,6,2,3,1,0,3,1,5,0,8,2,0,0,1,0,0,0.24,sa600606
2011,Kenny Jackson,FLA,R,21,37,99,117,20,16,4,0,0,14,14,16,0,22,0,2,0,0,3,1,0.202020202,sa600736
2011,Doug Bream,BAL,R,22,48,183,193,49,38,10,1,0,24,19,9,2,13,1,0,0,2,1,1,0.267759562,sa600737
2012,Tyler Gibson,DET,R,19,52,186,221,31,21,6,2,2,30,16,30,0,68,4,0,1,0,18,7,0.166666666,sa600814
2011,Tom Winegardner,BAL,R,21,41,155,173,29,25,3,1,0,16,11,11,2,40,1,3,3,2,4,2,0.187096774,sa600896
2011,Leandro Mateo,STL,R,21,29,91,110,20,15,4,1,0,16,11,12,0,18,6,1,0,1,8,3,0.219780219,sa601040
2012,Francisco Silva,PHI,R,21,33,79,98,19,15,2,1,1,13,9,11,0,13,6,0,2,0,6,0,0.240506329,sa601311
2014,Max Pentecost,TOR,R,21,6,22,22,8,6,2,0,0,2,3,0,0,3,0,0,0,0,0,1,0.363636363,sa601924
2011,Bubba Jones,NYY,R,18,15,50,55,13,12,1,0,0,3,2,5,0,17,0,0,0,0,0,0,0.26,sa601928
2012,Bubba Jones,NYY,R,19,46,148,166,33,22,11,0,0,23,12,17,0,39,1,0,0,5,0,0,0.222972972,sa601928
2012,Derrick Bleeker,BAL,R,21,14,42,46,10,7,2,1,0,3,2,4,0,9,0,0,0,2,2,0,0.238095238,sa602386
2012,Eric Wood,PIT,R,19,36,122,142,35,22,8,1,4,21,24,14,0,25,3,1,2,2,2,4,0.286885245,sa602394
2015,Cody Semler,TBR,R,22,28,72,84,7,6,1,0,0,10,2,8,0,19,2,0,2,0,2,1,0.097222222,sa602399
2011,Wallace Gonzalez,HOU,R,18,18,62,68,15,13,1,1,0,3,5,5,0,16,1,0,0,0,1,0,0.241935483,sa602430
2012,Wallace Gonzalez,HOU,R,19,41,125,133,32,22,6,2,2,15,19,5,0,40,2,0,1,4,1,0,0.256,sa602430
2014,Carlos Munoz,PIT,R,20,54,197,230,56,37,15,0,4,20,38,30,0,16,0,1,2,5,0,2,0.284263959,sa602498
2015,Blaise Salter,DET,R,22,36,133,143,39,28,8,1,2,22,21,6,0,23,3,1,0,4,0,0,0.293233082,sa602523
2012,Tony Nix,WSN,R,23,38,121,135,26,15,9,0,2,14,12,6,1,18,4,0,4,1,5,1,0.214876033,sa602605
2015,Jack Graham,BAL,R,22,11,33,37,4,4,0,0,0,2,0,2,0,10,2,0,0,1,0,0,0.121212121,sa602626
2015,Joey Hawkins,STL,R,22,7,19,23,4,4,0,0,0,1,1,3,0,2,0,0,1,1,0,1,0.210526315,sa602648
2012,Cody Livesay,ATL,R,18,27,79,94,18,17,1,0,0,14,5,13,0,24,0,1,1,0,5,2,0.227848101,sa602664
2013,Cody Livesay,ATL,R,19,41,157,174,45,40,5,0,0,25,13,14,0,25,1,1,1,3,18,2,0.286624203,sa602664
2014,Cody Livesay,ATL,R,20,14,39,52,9,7,2,0,0,12,0,13,0,6,0,0,0,0,4,2,0.23076923,sa602664
2013,Kevin Cornelius,NYY,R,20,24,84,93,23,15,8,0,0,9,6,7,0,17,0,1,1,1,1,0,0.273809523,sa602665
2015,Kevin Cornelius,NYY,R,22,25,82,100,25,15,3,0,7,16,20,18,0,20,0,0,0,2,1,0,0.304878048,sa602665
2015,Alexander Fernandez Jr.,MIA,R,22,8,31,35,7,4,2,0,1,5,2,3,0,14,0,0,1,1,1,0,0.225806451,sa602819
2016,Alexander Fernandez Jr.,DET,R,23,30,84,105,20,12,6,0,2,11,10,17,1,24,1,2,1,2,7,0,0.238095238,sa602819
2015,Scott Tomassetti,PHI,R,21,34,91,103,24,18,5,0,1,8,12,7,0,26,3,2,0,3,0,1,0.263736263,sa602862
2012,Johnathan Knight,PHI,R,19,26,43,47,8,4,1,1,2,9,2,3,0,25,1,0,0,0,1,0,0.186046511,sa603123
2013,Johnathan Knight,PHI,R,20,28,55,63,6,4,1,0,1,3,2,8,0,21,0,0,0,1,2,1,0.109090909,sa603123
2011,Bryan Johns,BOS,R,22,19,53,57,8,7,1,0,0,6,3,2,0,14,1,1,0,1,1,1,0.150943396,sa603945
2013,Tomas Morales,PIT,R,21,15,33,35,10,7,3,0,0,4,4,0,0,3,1,0,0,1,1,0,0.303030303,sa605888
2014,Junior Valera,NYY,R,21,38,136,161,43,32,6,3,2,24,14,21,0,25,0,1,3,2,14,2,0.31617647,sa606880
2012,Hunter Bailey,WSN,R,23,26,73,84,18,12,6,0,0,12,4,8,1,12,3,0,0,1,1,0,0.246575342,sa621466
2012,Kevin Mager,BOS,R,23,32,117,131,24,17,6,1,0,7,17,9,0,22,4,0,1,0,0,1,0.205128205,sa621502
2013,Chris Diaz,PIT,R,22,9,25,30,6,3,2,1,0,5,5,2,0,3,1,0,2,1,1,0,0.24,sa621581
2013,Alex Swim,MIN,R,22,37,122,142,35,28,7,0,0,16,12,14,1,14,1,3,2,0,0,0,0.286885245,sa621599
2012,Eric Garcia,ATL,R,21,24,87,104,22,14,5,0,3,14,13,15,0,22,2,0,0,3,2,3,0.252873563,sa621634
2012,Willie Carmona,PHI,R,21,25,92,102,32,22,5,3,2,13,20,8,0,13,0,2,0,1,0,2,0.347826086,sa621672
2012,Brian Compton,MIN,R,22,8,23,25,3,2,1,0,0,2,1,1,0,3,0,0,1,0,0,0,0.130434782,sa629410
2010,Jairo Rodriguez,MIN,R,21,25,91,96,19,12,7,0,0,10,10,3,0,10,0,0,2,2,0,0,0.208791208,sa634679
2012,Jin-De Jhang,PIT,R,19,43,128,145,39,31,5,2,1,12,23,14,1,16,2,0,1,3,1,1,0.3046875,sa653546
2014,Nelson Jorge,PIT,R,18,42,140,165,21,15,3,3,0,15,8,19,0,61,2,1,3,1,5,1,0.15,sa653950
2015,Nelson Jorge,PIT,R,19,24,68,83,13,12,1,0,0,7,3,15,0,23,0,0,0,0,3,1,0.19117647,sa653950
2016,Nelson Jorge,PIT,R,20,33,106,123,29,18,5,4,2,16,13,10,0,36,5,1,1,0,9,2,0.273584905,sa653950
2013,Javier Betancourt,DET,R,18,50,177,205,59,46,9,2,2,28,22,12,0,14,4,5,7,3,5,3,0.333333333,sa655912
2013,Franklin Navarro,DET,R,18,33,97,111,25,20,1,2,2,13,15,6,0,25,5,2,1,3,0,1,0.257731958,sa655913
2013,Steven Fuentes,DET,R,18,46,151,174,41,27,10,2,2,26,24,12,0,41,8,2,1,1,5,0,0.271523178,sa655914
2016,Steven Fuentes,DET,R,21,17,45,52,6,4,2,0,0,5,2,5,0,14,1,1,0,2,2,2,0.133333333,sa655914
2013,Jose Zambrano,DET,R,19,43,154,179,35,26,5,1,3,21,32,14,0,10,1,6,4,6,3,6,0.227272727,sa655915
2014,William Cuicas,PHI,R,19,42,116,143,36,26,6,4,0,22,14,23,0,19,2,0,2,1,3,4,0.310344827,sa655916
2014,Carlos Duran,PHI,R,19,35,107,125,32,23,8,1,0,20,11,16,0,23,0,0,2,2,9,3,0.29906542,sa655917
2014,Arvicent Perez,DET,R,20,27,81,88,25,15,6,1,3,14,20,1,0,7,1,4,1,2,3,0,0.308641975,sa655950
2013,Omar Obregon,ATL,R,19,33,110,130,25,24,0,1,0,11,11,13,0,13,3,0,4,1,5,1,0.227272727,sa657232
2013,Luis Monasterio,ATL,R,18,12,28,34,6,4,2,0,0,5,5,4,0,7,1,0,1,0,1,1,0.214285714,sa657243
2014,Luis Monasterio,ATL,R,19,16,53,65,15,12,3,0,0,10,5,11,0,10,0,1,0,1,1,1,0.283018867,sa657243
2013,Eliezer Alvarez,STL,R,18,20,67,73,14,8,2,3,1,12,7,4,0,14,1,0,1,0,6,2,0.208955223,sa657261
2014,Eliezer Alvarez,STL,R,19,21,68,75,24,12,6,5,1,11,15,6,0,7,1,0,0,0,3,1,0.352941176,sa657261
2017,Eliezer Alvarez,STL,R,22,7,24,27,6,3,2,0,1,4,2,2,0,3,0,1,0,1,1,0,0.25,sa657261
2015,Bladimil Franco,STL,R,21,52,202,216,65,52,11,2,0,26,29,10,0,17,3,1,0,8,3,0,0.321782178,sa657265
2013,Cristian Toribio,TBR,R,18,44,139,160,37,30,4,3,0,21,4,18,0,39,1,0,2,2,10,2,0.26618705,sa657281
2015,Javier Lopez,MIA,R,20,31,108,119,27,21,4,2,0,10,13,7,0,20,1,2,1,3,2,3,0.25,sa657314
2015,Erwin Almonte,MIA,R,20,29,92,102,21,20,0,0,1,7,7,8,1,9,1,1,0,2,0,1,0.228260869,sa657315
2013,Wildert Pujols,MIA,R,19,25,80,90,19,15,3,1,0,8,7,9,1,17,1,0,0,1,1,1,0.2375,sa657316
2015,Daniel Barrios,NYY,R,20,13,36,42,10,8,2,0,0,7,3,2,0,11,2,0,1,4,0,2,0.277777777,sa657319
2016,Daniel Barrios,NYY,R,21,33,100,114,22,15,6,0,1,10,9,11,0,29,2,0,1,2,1,3,0.22,sa657319
2017,Daniel Barrios,NYY,R,22,13,31,42,7,6,0,0,1,6,1,8,0,8,1,0,2,0,0,1,0.225806451,sa657319
2013,Bryan Cuevas,NYY,R,19,26,100,112,24,17,4,1,2,16,13,9,0,20,0,2,1,5,4,0,0.24,sa657320
2014,Bryan Cuevas,NYY,R,20,40,149,163,53,34,9,8,2,25,23,13,0,28,0,1,0,0,8,5,0.355704697,sa657320
2015,Bryan Cuevas,NYY,R,21,44,143,156,36,25,8,2,1,22,21,7,0,28,4,2,0,3,11,4,0.251748251,sa657320
2013,Bryan Cuevas,NYY,R,19,21,86,93,26,20,3,2,1,17,4,6,0,22,1,0,0,2,2,3,0.302325581,sa657320
2014,Alvaro Noriega,NYY,R,19,43,145,153,36,30,6,0,0,15,8,6,0,17,1,1,0,4,0,0,0.248275862,sa657322
2015,Alvaro Noriega,NYY,R,20,9,23,25,4,3,1,0,0,1,1,1,0,1,0,1,0,0,0,0,0.173913043,sa657322
2013,Alvaro Noriega,NYY,R,18,33,95,104,28,21,6,0,1,8,16,4,0,13,3,2,0,7,1,0,0.294736842,sa657322
2014,Angel Aguilar,NYY,R,19,39,151,167,47,28,11,1,7,34,31,14,0,28,1,0,1,4,8,2,0.311258278,sa657323
2015,Victor Rey,NYY,R,20,42,122,151,34,21,12,1,0,21,19,24,0,37,3,1,1,2,1,0,0.278688524,sa657325
2013,Jose Garcia,NYM,R,18,39,118,133,27,26,1,0,0,11,12,12,0,23,2,0,1,7,1,0,0.228813559,sa657393
2014,Hengelbert Rojas,NYM,R,20,36,116,140,26,18,7,0,1,12,14,17,0,29,7,0,0,2,0,1,0.224137931,sa657394
2014,Gregory Valencia,NYM,R,21,8,26,29,8,5,3,0,0,6,4,3,0,9,0,0,0,0,2,1,0.307692307,sa657395
2013,Osvaldo Abreu,WSN,R,19,44,147,171,42,29,12,1,0,24,24,19,0,24,1,1,3,1,16,6,0.285714285,sa657398
2015,Andres Martinez,WSN,R,19,34,97,107,22,14,7,1,0,12,9,7,0,25,3,0,0,4,5,0,0.226804123,sa657399
2013,Oscar Vasquez,BAL,R,19,30,49,58,7,6,1,0,0,6,4,7,0,11,0,0,2,2,2,3,0.142857142,sa657403
2014,Oscar Vasquez,BAL,R,20,10,26,29,7,5,2,0,0,1,1,3,0,6,0,0,0,0,0,0,0.269230769,sa657403
2014,Daniel Fajardo,BAL,R,19,15,38,40,5,5,0,0,0,1,5,2,0,7,0,0,0,1,0,0,0.131578947,sa657408
2015,Daniel Fajardo,BAL,R,20,21,67,72,27,24,3,0,0,7,11,3,0,9,2,0,0,0,0,1,0.402985074,sa657408
2013,Carlos Ozuna,PIT,R,19,39,142,162,29,23,4,2,0,16,20,10,0,36,1,2,7,2,2,3,0.204225352,sa657434
2013,Henrry Rosario,PIT,R,20,14,45,54,8,8,0,0,0,6,1,5,0,10,0,0,4,0,2,1,0.177777777,sa657435
2014,Henrry Rosario,PIT,R,21,48,173,199,52,33,10,6,3,25,20,20,0,28,3,0,3,1,3,5,0.300578034,sa657435
2016,Henrry Rosario,PIT,R,23,29,117,134,43,24,8,6,5,25,20,14,1,18,1,1,1,1,7,3,0.367521367,sa657435
2013,Raymel Flores,BOS,R,18,49,135,165,25,16,5,4,0,15,13,22,0,41,4,3,1,0,9,6,0.185185185,sa657503
2013,Jhoan Urena,NYM,R,18,47,157,171,47,38,6,3,0,19,20,13,1,34,0,1,0,4,4,1,0.299363057,sa657511
2014,Dionis Rodriguez,NYM,R,19,25,78,91,16,11,4,0,1,14,9,7,0,26,2,2,2,1,2,0,0.205128205,sa657512
2014,Arturo Michelena,HOU,R,19,45,153,180,36,29,5,1,1,11,20,20,1,31,0,2,5,2,5,1,0.235294117,sa657523
2013,Luis Reynoso,HOU,R,18,43,146,171,34,27,3,3,1,20,18,18,0,35,3,3,1,1,6,6,0.232876712,sa657525
2013,Edwin Fuentes,TOR,R,18,51,165,188,34,29,5,0,0,24,9,16,0,29,4,1,2,2,7,1,0.206060606,sa657534
2014,Edwin Fuentes,TOR,R,19,48,158,175,32,23,6,2,1,10,21,8,0,24,4,5,0,6,2,0,0.202531645,sa657534
2014,Deiferson Barreto,TOR,R,19,51,170,179,49,32,15,0,2,21,16,5,0,14,1,2,1,4,2,3,0.288235294,sa657537
2014,Juan Kelly,TOR,R,19,54,188,212,54,40,10,4,0,22,21,21,0,36,2,1,0,1,1,0,0.287234042,sa657541
2014,Randy Cesar,HOU,R,19,49,184,197,50,37,11,0,2,19,12,9,0,42,1,2,1,5,0,2,0.27173913,sa657542
2014,Juan Tejada,TOR,R,20,47,174,188,42,25,8,4,5,18,21,10,0,60,3,1,0,1,9,0,0.24137931,sa657545
2013,Andres Sotillo,TOR,R,19,18,63,71,19,17,1,1,0,8,3,3,0,15,4,1,0,2,0,0,0.301587301,sa657546
2014,Andres Sotillo,TOR,R,20,9,28,32,3,2,1,0,0,4,1,1,0,7,3,0,0,0,0,0,0.107142857,sa657546
2015,Ignacio Valdez,DET,R,19,33,108,124,15,11,2,0,2,13,10,13,0,44,2,1,0,2,1,0,0.138888888,sa657563
2016,Ignacio Valdez,DET,R,20,46,160,180,35,15,7,2,11,25,26,17,0,48,3,0,0,4,0,1,0.21875,sa657563
2017,Ignacio Valdez,DET,R,21,20,55,68,14,7,3,0,4,10,18,10,0,21,2,1,0,1,0,1,0.254545454,sa657563
2015,Jorge Andrade,MIN,R,20,45,105,118,17,16,1,0,0,12,6,11,0,31,2,0,0,0,11,3,0.161904761,sa657586
2016,Jorge Andrade,MIN,R,21,14,46,58,11,6,4,1,0,8,6,9,0,16,0,1,2,0,5,2,0.239130434,sa657586
2014,Rafael P Valera,MIN,R,19,47,138,166,35,25,8,2,0,23,14,21,1,17,5,1,1,2,13,2,0.253623188,sa657593
2014,John Mora,NYM,R,21,32,110,135,35,26,6,3,0,29,12,20,0,13,3,1,1,3,14,4,0.318181818,sa657676
2015,Jose Maria,NYM,R,20,12,32,36,7,5,2,0,0,4,1,3,0,6,0,0,1,1,0,1,0.21875,sa657681
2014,Tito Polo,PIT,R,19,44,158,187,46,29,8,6,3,30,25,17,0,34,5,2,4,2,8,4,0.29113924,sa657705
2014,Younaifred Aguero,WSN,R,21,38,95,104,26,16,9,0,1,11,5,6,0,10,2,0,1,6,1,1,0.27368421,sa657759
2014,Allen Valerio,NYY,R,21,43,144,171,42,23,14,3,2,20,24,24,0,40,3,0,0,2,4,2,0.291666666,sa657761
2014,Angel Reyes,MIA,R,19,26,79,90,16,8,6,1,1,13,9,10,0,24,1,0,0,3,1,0,0.202531645,sa657775
2015,Angel Reyes,MIA,R,20,23,90,95,22,16,2,2,2,12,13,4,0,16,0,1,0,3,1,0,0.244444444,sa657775
2014,Bill Pujols,TBR,R,19,57,184,208,44,29,12,2,1,19,25,18,1,38,4,1,1,0,1,3,0.239130434,sa657777
2014,Reggie Cerda,PIT,R,19,13,45,52,8,8,0,0,0,3,3,6,0,9,0,1,0,1,0,0,0.177777777,sa657783
2015,Reggie Cerda,PIT,R,20,9,24,27,0,0,0,0,0,1,1,3,0,5,0,0,0,0,0,0,0,sa657783
2013,Jesus Aparicio,NYY,R,18,10,25,31,5,4,0,1,0,3,1,5,1,7,1,0,0,0,0,0,0.2,sa657789
2014,Jesus Aparicio,NYY,R,19,47,121,148,17,14,3,0,0,10,9,20,0,38,3,2,2,3,2,1,0.140495867,sa657789
2014,Brayan Serrata,WSN,R,20,22,42,44,10,8,1,0,1,3,4,1,0,15,0,1,0,1,0,0,0.238095238,sa657793
2015,Rodrigo Ayarza,HOU,R,20,16,46,49,9,7,1,0,1,4,4,1,0,5,1,0,1,0,1,0,0.195652173,sa657802
2014,Brian Pena,HOU,R,20,17,50,55,13,11,2,0,0,4,4,3,0,17,1,0,1,0,0,0,0.26,sa657841
2015,Brian Pena,HOU,R,21,12,20,26,4,3,1,0,0,1,5,3,0,4,1,1,1,0,0,0,0.2,sa657841
2012,Elvis Escobar,PIT,R,17,54,190,220,52,41,5,4,2,29,18,18,0,46,1,1,10,1,6,5,0.27368421,sa657855
2016,Mitch Nay,TOR,R,22,8,22,23,2,2,0,0,0,1,0,0,0,9,1,0,0,0,0,0,0.09090909,sa657873
2012,Steve Bean,STL,R,18,15,50,59,16,12,4,0,0,8,7,8,0,11,1,0,0,0,0,0,0.32,sa657874
2012,D.J. Davis,TOR,R,17,43,163,190,38,25,7,2,4,30,12,18,0,54,8,0,1,1,18,7,0.233128834,sa657912
2014,Alexander De La Cruz,BAL,R,22,11,19,24,6,5,1,0,0,2,4,3,0,4,0,1,1,1,0,0,0.315789473,sa657928
2012,Adrian Marin,BAL,R,18,47,178,193,51,41,7,3,0,24,13,11,0,34,3,0,1,4,6,1,0.286516853,sa657939
2012,Avery Romero,MIA,R,19,33,121,139,27,18,6,0,3,8,15,10,0,21,6,2,0,8,0,1,0.223140495,sa657944
2012,Bryan De La Rosa,ATL,R,18,29,68,73,11,9,1,0,1,5,3,2,0,30,1,1,1,3,0,1,0.161764705,sa657964
2012,Spencer Edwards,TBR,R,19,33,128,141,24,16,5,2,1,14,7,9,0,42,2,1,1,1,8,4,0.1875,sa657967
2012,Austin Schotts,DET,R,18,40,155,177,48,33,11,1,3,31,21,12,0,41,2,3,5,0,15,4,0.309677419,sa657968
2012,Austin Aune,NYY,R,18,39,139,163,38,24,10,3,1,19,20,19,0,45,1,3,1,2,6,4,0.273381294,sa657969
2013,Austin Aune,NYY,R,19,41,156,165,30,20,9,1,0,13,12,8,1,72,0,1,0,4,0,2,0.192307692,sa657969
2012,Nathan Mikolas,NYY,R,18,31,87,105,13,12,0,0,1,7,5,12,0,35,6,0,0,1,1,1,0.149425287,sa657972
2013,Nathan Mikolas,NYY,R,19,56,195,231,50,32,12,1,5,27,35,25,0,50,7,4,0,2,6,2,0.256410256,sa657972
2012,Kolby Copeland,MIA,R,18,56,217,237,62,42,14,6,0,34,34,16,1,27,0,3,1,5,2,6,0.285714285,sa657975
2013,Branden Kaupe,NYM,R,19,41,131,162,28,28,0,0,0,20,3,29,0,33,0,1,1,1,8,1,0.213740458,sa657988
2012,Justin Black,ATL,R,19,41,132,157,24,19,2,1,2,15,7,19,0,54,2,1,3,1,3,4,0.181818181,sa657994
2012,Bralin Jackson,TBR,R,18,39,146,154,37,28,5,4,0,16,11,6,0,39,1,1,0,2,5,3,0.253424657,sa658012
2016,Bralin Jackson,TBR,R,22,6,22,24,8,5,3,0,0,4,1,2,0,4,0,0,0,1,0,2,0.363636363,sa658012
2012,Andrew Pullin,PHI,R,18,41,140,160,45,33,10,0,2,15,13,12,0,32,7,0,1,2,3,5,0.321428571,sa658016
2012,J.J. Fernandez,MIN,R,18,30,99,105,26,24,2,0,0,9,10,3,0,27,1,1,1,2,1,0,0.262626262,sa658021
2013,J.J. Fernandez,MIN,R,19,36,123,134,29,17,7,2,3,14,19,6,0,19,2,3,0,2,2,1,0.235772357,sa658021
2012,Hayden Jennings,WSN,R,19,47,156,170,30,26,2,2,0,18,3,11,0,70,2,0,1,1,17,2,0.192307692,sa658023
2013,Hayden Jennings,WSN,R,20,44,137,154,34,24,7,3,0,22,17,11,0,48,2,0,4,0,12,3,0.248175182,sa658023
2015,Roger Avello,MIA,R,20,28,76,86,20,17,3,0,0,8,9,6,0,19,1,2,1,1,3,2,0.263157894,sa658089
2015,Chase Patterson,MIA,R,21,9,22,26,2,1,1,0,0,3,1,4,0,12,0,0,0,2,1,0,0.09090909,sa658101
2012,Kevin Ross,PIT,R,18,21,73,79,17,13,3,0,1,9,11,2,0,10,3,0,1,0,2,4,0.232876712,sa658113
2012,Yoenny Gonzalez,STL,R,20,41,132,149,30,26,4,0,0,22,6,13,0,28,3,0,1,2,14,3,0.227272727,sa658123
2012,Nathan Minnich,BOS,R,21,27,95,120,22,16,5,1,0,13,17,21,0,34,1,3,0,0,0,0,0.231578947,sa658124
2013,Nathan Minnich,BOS,R,22,21,60,75,16,5,10,1,0,5,7,10,1,17,4,1,0,2,0,1,0.266666666,sa658124
2012,Ron Miller,MIA,R,18,40,132,142,24,11,7,2,4,14,14,6,0,51,2,2,0,3,0,0,0.181818181,sa658148
2013,Ron Miller,MIA,R,19,44,154,170,28,19,6,1,2,12,8,11,0,52,5,0,0,3,1,0,0.181818181,sa658148
2012,Mike Dodig,ATL,R,18,37,132,143,23,15,5,1,2,10,11,8,0,37,1,2,0,1,2,0,0.174242424,sa658157
2013,Mike Dodig,ATL,R,19,12,40,44,12,9,3,0,0,6,8,2,0,8,2,0,0,0,1,0,0.3,sa658157
2013,Trey Williams,PHI,R,19,39,125,144,26,20,3,0,3,20,9,13,0,27,5,1,0,4,0,0,0.208,sa658173
2014,Trey Williams,PHI,R,20,37,124,142,23,13,8,0,2,14,13,11,0,32,5,2,0,8,1,0,0.18548387,sa658173
2012,Clayton Henning,TBR,R,18,37,113,132,19,18,1,0,0,12,7,14,0,38,1,2,2,2,1,2,0.168141592,sa658175
2013,Clayton Henning,TBR,R,19,33,96,112,25,20,4,1,0,6,8,12,0,36,0,1,3,2,10,2,0.260416666,sa658175
2012,Christian Rivera,MIA,R,18,29,79,105,17,12,5,0,0,14,4,20,0,24,3,1,2,2,4,2,0.215189873,sa658186
2013,Christian Rivera,MIA,R,19,29,81,99,12,9,2,0,1,11,8,17,0,26,1,0,0,2,1,0,0.148148148,sa658186
2012,Connor Lien,ATL,R,18,48,149,180,34,28,4,2,0,30,11,19,0,49,10,1,1,2,15,3,0.228187919,sa658195
2012,Mike Meyers,BOS,R,18,30,92,100,31,20,10,0,1,12,10,7,0,36,0,0,1,1,2,0,0.336956521,sa658197
2013,Mike Meyers,BOS,R,19,26,86,99,22,16,6,0,0,10,6,8,0,24,0,1,4,1,3,3,0.255813953,sa658197
2012,Taylor Hawkins,TBR,R,18,16,55,59,10,8,2,0,0,5,5,2,0,24,0,0,2,0,1,0,0.181818181,sa658198
2013,Taylor Hawkins,TBR,R,19,38,123,139,21,13,7,0,1,13,12,11,0,37,4,1,0,2,4,1,0.170731707,sa658198
2012,Chris Breen,NYY,R,18,25,84,91,23,16,6,1,0,12,7,3,0,17,2,2,0,2,0,1,0.273809523,sa658201
2013,Chris Breen,NYY,R,19,53,201,226,43,25,10,3,5,31,34,19,0,56,4,2,0,4,3,0,0.213930348,sa658201
2012,John Silviano,TOR,R,17,39,116,141,19,11,4,2,2,11,17,22,0,21,1,2,0,4,0,3,0.163793103,sa658243
2014,John Silviano,TOR,R,19,7,26,28,4,4,0,0,0,2,1,2,0,10,0,0,0,0,0,0,0.153846153,sa658243
2012,Brett Wiley,STL,R,20,40,140,162,42,27,11,3,1,20,16,19,1,27,2,1,0,0,3,0,0.3,sa658245
2012,Steven Golden,PHI,R,17,26,62,66,11,9,1,1,0,4,3,3,0,19,0,0,1,0,2,2,0.177419354,sa658250
2013,Steven Golden,PHI,R,18,23,65,71,12,8,4,0,0,6,1,4,0,16,0,0,2,2,1,3,0.184615384,sa658250
2012,William Hurt,MIN,R,18,27,78,87,11,11,0,0,0,5,3,7,0,23,1,0,1,2,1,2,0.141025641,sa658277
2013,William Hurt,MIN,R,19,26,74,93,18,16,1,1,0,11,6,16,0,17,2,1,0,0,7,1,0.243243243,sa658277
2012,Will Dupont,TOR,R,18,15,42,52,9,7,1,1,0,9,3,8,0,15,2,0,0,0,4,1,0.214285714,sa658288
2013,Will Dupont,TOR,R,19,26,61,69,16,13,3,0,0,13,10,6,1,13,1,0,0,1,3,2,0.262295081,sa658288
2014,Will Dupont,HOU,R,20,6,17,21,4,3,0,1,0,4,3,3,1,7,1,0,0,0,0,0,0.235294117,sa658288
2012,Fernelys Sanchez,ATL,R,18,17,58,67,9,7,1,0,1,6,5,9,0,32,0,0,0,1,3,1,0.155172413,sa658293
2013,Fernelys Sanchez,ATL,R,19,46,162,182,38,27,7,2,2,20,18,18,0,73,1,0,1,2,8,4,0.234567901,sa658293
2012,Michael Vaughn,MIA,R,21,26,83,91,23,19,4,0,0,9,9,5,0,27,2,1,0,2,1,0,0.277108433,sa658296
2014,Hayden Hurst,PIT,R,20,15,53,60,13,13,0,0,0,4,2,3,0,26,4,0,0,0,1,0,0.245283018,sa658315
2012,Jordan Poole,WSN,R,20,8,25,27,6,5,1,0,0,2,0,1,0,11,1,0,0,0,0,1,0.24,sa658317
2012,Tyler Tewell,ATL,R,20,35,93,99,29,19,6,1,3,12,24,3,0,13,0,3,0,2,1,1,0.311827956,sa658346
2012,Shaq Thompson,BOS,R,18,13,39,47,0,0,0,0,0,3,1,8,0,37,0,0,0,0,1,1,0,sa658398
2014,Brauly Mejia,HOU,R,19,49,161,199,44,29,7,6,2,29,25,26,0,35,8,3,1,8,9,10,0.273291925,sa658469
2012,Jon Murphy,MIN,R,22,52,171,192,37,25,9,1,2,29,22,15,0,41,3,2,1,3,13,7,0.216374269,sa658472
2012,Iseha Conklin,BOS,R,19,38,112,129,23,16,5,1,1,13,13,8,0,44,5,2,2,3,2,1,0.205357142,sa658487
2013,Iseha Conklin,BOS,R,20,36,77,94,15,12,2,1,0,10,5,11,0,23,3,1,2,0,3,1,0.194805194,sa658487
2012,Miguel Beltran,TBR,R,22,25,74,87,13,13,0,0,0,6,6,9,0,17,2,1,1,1,0,0,0.175675675,sa658488
2012,Zack Larson,MIN,R,18,15,40,45,10,8,1,1,0,4,2,3,0,10,1,0,1,2,3,0,0.25,sa658498
2013,Zack Larson,MIN,R,19,35,120,137,38,28,6,0,4,25,19,10,1,23,4,2,1,2,9,0,0.316666666,sa658498
2014,Zack Larson,MIN,R,20,9,25,31,8,7,1,0,0,2,3,5,1,3,0,1,0,0,1,0,0.32,sa658498
2014,Ryan Ripken,WSN,R,20,16,51,55,8,6,1,0,1,5,6,4,0,10,0,0,0,0,0,0,0.156862745,sa658502
2015,Ryan Ripken,WSN,R,21,28,92,98,23,14,6,2,1,4,8,5,1,15,1,0,0,4,0,1,0.25,sa658502
2012,James Brooks,WSN,R,23,28,99,113,27,21,4,2,0,14,13,8,2,25,3,0,3,2,1,0,0.272727272,sa658515
2012,Josh Almonte,TOR,R,18,20,69,71,11,9,1,1,0,5,2,2,0,30,0,0,0,0,0,1,0.159420289,sa658538
2013,Josh Almonte,TOR,R,19,48,144,159,24,17,6,0,1,16,10,8,0,58,4,1,2,2,5,3,0.166666666,sa658538
2012,D.J. Driggers,DET,R,20,28,94,104,15,9,5,1,0,11,5,6,0,35,4,0,0,0,3,2,0.159574468,sa658545
2012,Cameron Flynn,MIA,R,22,10,32,39,12,8,2,2,0,3,7,5,0,6,1,1,0,2,1,0,0.375,sa658558
2012,Trey Pascazi,TOR,R,18,14,31,36,5,4,1,0,0,3,4,5,0,19,0,0,0,0,0,0,0.161290322,sa658563
2013,Trey Pascazi,TOR,R,19,19,36,37,3,3,0,0,0,2,1,1,0,24,0,0,0,1,0,1,0.083333333,sa658563
2014,Trey Pascazi,TOR,R,20,30,78,88,11,10,0,0,1,4,3,10,0,34,0,0,0,0,1,0,0.141025641,sa658563
2012,Tommy Richards,BAL,R,22,34,113,123,25,20,5,0,0,14,6,5,0,16,2,3,0,4,0,1,0.221238938,sa658574
2012,Keaton Briscoe,BOS,R,21,33,100,124,16,13,2,1,0,18,14,19,0,40,0,3,2,1,3,1,0.16,sa658589
2012,Chad Carman,PHI,R,23,25,49,54,15,10,4,1,0,2,4,2,0,4,3,0,0,3,0,1,0.306122448,sa658594
2012,Joel Licon,MIN,R,21,49,160,186,40,28,8,2,2,19,21,17,0,42,5,2,2,4,5,2,0.25,sa658597
2012,Austin Chubb,WSN,R,23,23,67,73,14,7,5,0,2,4,12,3,0,11,2,1,0,2,0,0,0.208955223,sa658599
2012,Miguel Paulino,DET,R,18,12,26,29,4,4,0,0,0,2,1,3,0,13,0,0,0,0,0,0,0.153846153,sa658647
2013,Miguel Paulino,DET,R,19,22,47,53,13,7,5,1,0,3,7,6,0,19,0,0,0,0,2,0,0.276595744,sa658647
2012,K.C. Clabough,ATL,R,23,28,65,81,16,12,4,0,0,13,4,6,0,11,9,1,0,0,7,1,0.246153846,sa658666
2014,Olvy Marte,PHI,R,19,37,128,150,32,24,7,1,0,22,16,16,0,30,3,2,1,1,7,3,0.25,sa658689
2014,Thomas Alvarez,WSN,R,19,48,137,173,31,17,8,5,1,27,6,26,0,35,2,0,7,2,4,3,0.226277372,sa658690
2015,Thomas Alvarez,WSN,R,20,21,39,43,5,5,0,0,0,8,2,3,0,6,0,0,1,2,1,1,0.128205128,sa658690
2012,Jimmy Rider,PIT,R,22,22,71,83,17,12,5,0,0,15,6,9,0,13,2,1,0,0,2,1,0.239436619,sa658768
2012,Nathan DeSouza,TOR,R,17,9,29,32,7,5,0,1,1,7,3,3,0,6,0,0,0,1,0,0,0.24137931,sa658784
2013,Nathan DeSouza,TOR,R,18,29,73,81,14,8,2,2,2,6,12,6,0,14,0,2,0,0,0,0,0.191780821,sa658784
2014,Nathan DeSouza,TOR,R,19,17,57,64,15,9,6,0,0,7,5,6,0,18,1,0,0,0,0,0,0.263157894,sa658784
2012,Rashad Brown,DET,R,18,30,100,110,25,19,3,3,0,16,10,7,0,29,2,0,1,1,4,2,0.25,sa658792
2013,Rashad Brown,DET,R,19,42,144,168,45,42,1,2,0,16,13,12,0,25,8,1,3,0,6,2,0.3125,sa658792
2012,Bryan Santy,MIN,R,22,19,54,68,16,11,5,0,0,7,7,9,0,9,3,1,1,0,1,3,0.296296296,sa658800
2012,David Cruz,MIA,R,20,20,46,56,7,6,1,0,0,5,6,7,0,20,3,0,0,0,1,2,0.152173913,sa658806
2013,David Cruz,MIA,R,21,13,37,44,10,7,0,0,3,6,8,4,0,10,2,1,0,1,0,0,0.27027027,sa658806
2012,Steel Russell,BAL,R,21,39,128,140,23,20,2,1,0,7,11,9,0,22,1,2,0,6,0,0,0.1796875,sa658894
2012,Jorge Saez,TOR,R,21,36,110,134,22,14,5,0,3,19,21,23,0,19,0,1,0,0,4,1,0.2,sa658909
2012,Ben Kline,TBR,R,23,36,124,135,43,36,6,0,1,14,16,7,0,15,3,1,0,2,10,5,0.346774193,sa658914
2012,Mike McQuillan,WSN,R,22,19,56,68,21,19,1,1,0,6,5,11,0,10,0,0,1,0,0,3,0.375,sa658928
2013,Mike McQuillan,WSN,R,23,5,12,20,5,2,3,0,0,8,2,8,0,3,0,0,0,0,3,1,0.416666666,sa658928
2012,Raymond Hunnicutt,BAL,R,18,27,94,112,16,14,1,0,1,10,6,13,0,23,4,1,0,1,9,2,0.170212765,sa658944
2013,Raymond Hunnicutt,BAL,R,19,16,29,36,4,3,1,0,0,2,4,5,0,8,0,0,2,1,5,1,0.137931034,sa658944
2012,Kevin Heller,BOS,R,22,12,38,44,10,7,3,0,0,11,2,6,0,8,0,0,0,0,0,1,0.263157894,sa658970
2016,Charles Vazquez,NYY,R,22,17,19,25,7,5,2,0,0,5,1,4,0,4,2,0,0,0,1,0,0.368421052,sa658977
2013,Chad Christensen,MIN,R,22,47,162,186,38,25,7,3,3,23,21,13,0,21,4,4,2,3,4,2,0.234567901,sa659001
2012,Jacob Kapstein,DET,R,18,14,33,37,5,3,2,0,0,4,0,4,0,13,0,0,0,0,1,1,0.151515151,sa659015
2013,Jacob Kapstein,DET,R,19,31,85,95,21,16,3,1,1,13,5,9,0,24,1,0,0,2,1,1,0.247058823,sa659015
2012,Miguel Rodriguez,BOS,R,21,31,93,103,17,11,6,0,0,9,10,7,0,23,1,1,1,2,1,0,0.182795698,sa659046
2012,Dalton Smith,NYY,R,18,8,24,28,5,4,1,0,0,0,4,4,0,5,0,0,0,0,0,0,0.208333333,sa659050
2014,Dalton Smith,NYY,R,20,52,184,211,45,30,11,0,4,21,26,19,0,44,5,3,0,4,1,1,0.244565217,sa659050
2013,Dalton Smith,NYY,R,19,26,83,89,14,10,3,0,1,12,5,4,0,23,1,1,0,7,0,1,0.168674698,sa659050
2012,Edward Sappelt,MIA,R,17,12,18,21,2,2,0,0,0,4,1,2,0,6,0,0,1,0,3,0,0.111111111,sa659058
2013,Edward Sappelt,MIA,R,18,10,16,27,7,6,1,0,0,6,3,10,0,1,1,0,0,0,1,1,0.4375,sa659058
2012,Daniel Devonshire,TOR,R,20,11,27,34,4,4,0,0,0,4,1,5,0,12,2,0,0,0,0,0,0.148148148,sa659064
2013,Daniel Devonshire,TOR,R,21,21,39,47,6,5,1,0,0,2,4,6,0,10,1,0,1,0,0,0,0.153846153,sa659064
2012,Jack Graham,BAL,R,22,17,34,39,4,4,0,0,0,0,0,4,0,16,1,0,0,0,0,0,0.117647058,sa659081
2012,Logan Wade,MIN,R,20,39,124,138,29,18,6,4,1,12,10,12,0,29,0,0,2,8,2,2,0.233870967,sa659188
2014,Logan Wade,MIN,R,22,10,38,41,5,3,2,0,0,3,1,3,0,8,0,0,0,1,2,0,0.131578947,sa659188
2012,Nik Balog,BAL,R,22,28,85,93,32,19,12,1,0,9,10,6,0,10,2,0,0,3,0,0,0.376470588,sa659190
2012,Tim Remes,DET,R,20,24,77,98,17,9,7,0,1,15,10,17,0,23,1,1,2,2,0,0,0.22077922,sa659193
2013,Tim Remes,DET,R,21,25,81,98,22,13,4,0,5,15,19,13,0,20,3,1,0,2,0,0,0.271604938,sa659193
2012,Jiandido Tromp,PHI,R,18,29,88,100,18,8,5,3,2,14,11,9,0,30,1,1,1,4,1,4,0.204545454,sa659194
2012,Jesus Gonzalez,TOR,R,17,51,194,209,40,28,8,1,3,16,19,14,0,58,1,0,0,3,3,2,0.206185567,sa659204
2013,Wuilmer Becerra,NYM,R,18,52,173,206,42,35,6,0,1,21,25,20,0,60,10,2,1,1,5,6,0.242774566,sa659205
2012,Wuilmer Becerra,TOR,R,17,11,32,39,8,4,4,0,0,5,4,4,0,7,2,1,0,0,0,1,0.25,sa659205
2012,Shaun Valeriote,TOR,R,22,27,88,101,20,14,4,0,2,17,12,12,0,25,1,0,0,0,0,1,0.227272727,sa659295
2017,Justin Morhardt,ATL,R,23,26,77,92,14,12,2,0,0,4,5,12,0,27,0,2,1,2,1,0,0.181818181,sa659297
2012,Andres Aguilar,BAL,R,18,37,111,123,26,21,5,0,0,14,6,6,0,25,4,0,2,3,2,1,0.234234234,sa659310
2013,Andres Aguilar,BAL,R,19,32,90,96,21,17,3,1,0,13,4,3,0,21,1,1,1,1,4,1,0.233333333,sa659310
2012,Cory Jensen,DET,R,22,29,90,110,16,11,4,0,1,7,11,12,0,14,3,3,2,1,4,1,0.177777777,sa659312
2012,Beau Te Wera Bishop,BOS,R,18,16,53,56,10,9,1,0,0,9,6,3,0,16,0,0,0,2,0,0,0.188679245,sa659313
2012,Blake Barber,MIA,R,22,23,78,82,30,23,2,1,4,6,10,2,0,10,1,0,1,5,3,1,0.384615384,sa659318
2012,Liam Bedford,PHI,R,19,19,23,25,3,3,0,0,0,1,4,1,0,4,1,0,0,0,0,0,0.130434782,sa659406
2012,Angel Vargas,ATL,R,24,17,43,54,6,5,1,0,0,4,2,7,0,24,2,1,1,0,3,0,0.139534883,sa659409
2012,Ryan McChesney,TBR,R,22,17,44,54,9,7,2,0,0,4,3,9,0,7,0,1,0,0,0,0,0.204545454,sa659410
2016,Ozzie Liranzo,NYY,R,23,15,47,53,19,16,2,0,1,8,8,4,0,3,0,1,1,1,0,1,0.404255319,sa659449
2015,Ozzie Liranzo,NYY,R,22,25,41,46,10,7,2,0,1,4,7,3,0,7,0,2,0,3,0,0,0.243902439,sa659449
2016,Ozzie Liranzo,NYY,R,23,20,49,54,12,8,4,0,0,2,9,3,0,3,0,2,0,1,0,0,0.244897959,sa659449
2013,Andres De Aza,TOR,R,18,39,119,130,28,20,6,0,2,11,17,9,0,39,1,1,0,3,1,1,0.235294117,sa659467
2014,Andres De Aza,TOR,R,19,27,83,90,16,12,3,1,0,5,11,5,0,24,1,1,0,4,0,0,0.192771084,sa659467
2012,David Popkins,STL,R,22,21,51,58,18,12,5,1,0,6,7,3,0,11,4,0,0,0,0,2,0.352941176,sa659491
2012,Matt Foat,WSN,R,22,43,162,183,54,46,6,1,1,20,20,14,1,18,6,1,0,10,2,2,0.333333333,sa659492
2013,Rolando Segovia,TOR,R,18,22,64,73,14,11,1,1,1,12,8,8,0,16,1,0,0,4,1,2,0.21875,sa659562
2012,Drew Longley,DET,R,23,33,106,121,25,14,8,1,2,9,17,7,0,30,6,0,1,1,1,0,0.235849056,sa659756
2013,Drew Longley,DET,R,24,24,73,80,14,10,3,0,1,6,5,5,0,26,1,1,0,0,0,0,0.191780821,sa659756
2012,Kris Richards,BAL,R,22,37,118,142,15,10,4,0,1,11,14,14,0,39,4,2,4,5,4,1,0.127118644,sa659864
2014,Victor Padron,DET,R,19,38,106,139,24,21,3,0,0,21,13,28,0,19,0,1,4,3,5,3,0.226415094,sa659905
2012,Michael Albaladejo,WSN,R,22,17,47,52,11,11,0,0,0,5,4,3,0,7,1,0,1,1,2,0,0.234042553,sa660585
2012,Francisco Rosario,NYY,R,21,21,44,51,12,11,1,0,0,2,0,5,0,14,1,0,1,1,3,0,0.272727272,sa660901
2013,Hector Roa,HOU,R,18,6,21,24,3,2,0,1,0,2,2,3,0,8,0,0,0,0,0,0,0.142857142,sa679482
2014,Hector Roa,HOU,R,19,26,100,108,28,13,11,1,3,16,14,7,0,31,0,1,0,4,2,1,0.28,sa679482
2014,Luis Benitez,PIT,R,20,36,123,133,31,29,0,2,0,13,6,5,0,23,0,1,4,0,12,4,0.25203252,sa688600
2015,Luis Benitez,PIT,R,21,31,75,85,14,13,1,0,0,8,3,7,0,18,0,0,3,1,6,3,0.186666666,sa688600
2016,Luis Benitez,PIT,R,22,37,104,123,26,19,3,4,0,14,11,11,1,23,7,0,1,1,27,4,0.25,sa688600
2012,Jon Carnahan,HOU,R,22,13,36,38,9,7,2,0,0,3,2,2,0,4,0,0,0,1,0,1,0.25,sa691813
2013,Yariel Vargas,BAL,R,18,45,149,168,32,28,4,0,0,11,14,15,0,37,2,2,0,8,0,0,0.2147651,sa700757
2014,Yariel Vargas,BAL,R,19,29,78,92,22,16,5,1,0,5,8,10,1,15,2,1,1,4,1,0,0.282051282,sa700757
2013,Cory Segui,BAL,R,21,33,90,106,19,15,4,0,0,4,8,10,0,25,4,2,0,3,4,2,0.211111111,sa700975
2013,Enyel Vallejo,PIT,R,22,29,111,118,34,24,5,2,3,19,20,2,0,14,2,2,1,2,4,1,0.306306306,sa702762
2014,Nick Merullo,BAL,R,22,10,22,27,1,1,0,0,0,1,2,3,0,6,1,0,1,0,0,0,0.045454545,sa707784
2014,Clint Harwick,BAL,R,22,26,72,88,14,12,2,0,0,6,7,8,1,13,5,0,3,2,2,0,0.194444444,sa707796
2014,Derek Toadvine,NYY,R,22,13,26,33,2,2,0,0,0,6,2,4,0,9,1,0,2,0,2,1,0.076923076,sa708431
2013,Sam Dove,PHI,R,22,9,21,22,3,1,1,0,1,3,3,0,0,3,1,0,0,0,0,1,0.142857142,sa708481
2013,Brett Booth,HOU,R,22,16,52,65,16,11,3,1,1,6,11,8,0,11,4,1,0,1,1,0,0.307692307,sa709013
2014,Blake Austin,ATL,R,21,18,34,40,6,4,1,0,1,4,6,4,0,13,2,0,0,0,0,1,0.176470588,sa709594
2014,David Rodriguez,TBR,R,18,38,128,146,35,23,10,2,0,15,23,9,0,31,6,3,0,1,3,0,0.2734375,sa735825
2015,Adrian Alfaro,DET,R,19,46,178,205,50,38,10,1,1,25,12,20,0,24,2,2,3,4,6,4,0.280898876,sa735837
2015,Mario Sanjur,DET,R,19,31,95,106,19,15,3,0,1,13,7,8,0,13,2,0,1,3,3,0,0.2,sa735840
2014,Gregori Rivero,PHI,R,18,26,60,65,13,10,2,0,1,5,11,2,0,9,1,2,0,1,0,0,0.216666666,sa735842
2014,Grenny Cumana,PHI,R,18,33,113,126,28,18,8,1,1,15,10,7,0,10,3,2,1,1,6,1,0.24778761,sa735846
2015,Junnell Ledezma,DET,R,19,44,140,160,46,35,10,0,1,24,13,10,0,18,7,1,2,4,2,2,0.328571428,sa735849
2015,Oscar Rojas,TBR,R,18,50,180,202,50,33,12,3,2,23,22,14,0,35,4,2,2,1,16,6,0.277777777,sa735873
2016,Ariel Serrano,DET,R,20,42,124,136,22,19,3,0,0,12,4,9,0,20,1,1,1,3,6,3,0.177419354,sa735884
2015,Andres Sthormes,DET,R,18,32,100,116,24,20,2,1,1,9,21,8,0,18,4,1,3,1,0,1,0.24,sa736554
2016,Andres Sthormes,DET,R,19,20,59,65,15,10,3,1,1,7,11,3,0,7,0,3,0,3,1,0,0.254237288,sa736554
2014,Frank Frias,NYY,R,20,41,134,150,42,35,4,3,0,18,9,14,1,22,1,0,1,6,11,2,0.313432835,sa736660
2015,Greidy Encarnacion,NYY,R,21,39,106,115,22,18,2,2,0,14,5,8,0,20,1,0,0,0,8,1,0.207547169,sa736661
2014,Brian Reyes,NYY,R,19,34,62,77,9,6,3,0,0,9,4,14,0,17,0,0,1,2,0,0,0.14516129,sa736666
2015,Brian Reyes,NYY,R,20,34,75,83,21,16,4,1,0,7,10,5,0,22,1,1,1,1,1,0,0.28,sa736666
2014,Kelvin Estevez,ATL,R,18,47,145,160,29,20,7,1,1,16,22,10,1,35,2,1,2,6,3,0,0.2,sa736820
2015,Kelvin Estevez,ATL,R,19,13,48,51,18,15,2,0,1,5,10,3,0,8,0,0,0,0,1,1,0.375,sa736820
2014,Franklin Azuaje,ATL,R,19,13,45,53,13,9,4,0,0,11,6,4,0,7,4,0,0,1,2,0,0.288888888,sa736821
2014,Alejandro Flores,ATL,R,18,38,92,106,23,14,4,1,4,17,15,12,0,20,2,0,0,1,0,0,0.25,sa736822
2014,Ray-Patrick Didder,ATL,R,19,45,157,184,43,32,6,5,0,22,16,15,0,33,5,1,6,2,4,4,0.27388535,sa736824
2013,Michael De La Cruz,TOR,R,20,13,30,34,4,3,0,1,0,3,3,4,0,8,0,0,0,1,0,0,0.133333333,sa736830
2015,Javier Hernandez,TOR,R,18,39,85,97,17,13,2,0,2,10,14,4,0,29,4,2,2,2,0,0,0.2,sa736831
2014,Dean Bell,TOR,R,21,21,68,71,13,12,1,0,0,7,5,3,0,21,0,0,0,1,0,0,0.19117647,sa736832
2014,Rony Cabrera,MIA,R,18,47,155,160,41,32,9,0,0,10,14,2,0,26,0,3,0,5,4,1,0.264516129,sa736836
2014,Enmanuel Zabala,NYM,R,19,55,196,223,59,49,7,3,0,33,20,13,0,23,6,4,4,1,13,12,0.301020408,sa736841
2016,Carlos Sanchez,NYM,R,20,38,142,157,45,33,8,2,2,16,16,12,0,23,3,0,0,3,2,1,0.316901408,sa736845
2016,Miguel Patino,NYM,R,20,40,149,164,40,33,5,2,0,16,18,5,0,27,4,2,4,9,3,1,0.268456375,sa736846
2014,Aldrem Corredor,WSN,R,18,32,85,113,20,17,3,0,0,15,19,25,0,18,1,1,1,0,2,2,0.235294117,sa736852
2016,Aldrem Corredor,WSN,R,20,42,169,194,49,38,8,2,1,18,26,21,0,28,0,4,0,4,1,1,0.289940828,sa736852
2014,Darryl Florentino,WSN,R,18,44,128,137,25,18,5,1,1,14,12,3,0,26,2,2,2,1,8,3,0.1953125,sa736856
2015,Darryl Florentino,WSN,R,19,26,76,82,25,18,5,2,0,6,10,3,0,12,0,2,1,2,2,3,0.328947368,sa736856
2016,Darryl Florentino,WSN,R,20,27,103,112,35,32,2,1,0,18,8,6,0,11,1,2,0,2,7,6,0.339805825,sa736856
2015,Luis Bandes,STL,R,19,38,138,146,44,34,6,0,4,23,24,6,0,13,1,1,0,3,3,0,0.318840579,sa736862
2014,Joshua Lopez,STL,R,18,36,108,124,21,13,6,1,1,9,12,16,0,25,0,0,0,2,0,2,0.194444444,sa736864
2015,Joshua Lopez,STL,R,19,37,136,149,32,21,10,0,1,14,24,9,0,21,2,2,0,7,2,0,0.235294117,sa736864
2015,Franklin Correa,NYM,R,19,47,143,167,33,26,6,0,1,21,15,16,1,49,3,1,4,3,4,4,0.23076923,sa736869
2014,Guillermo Salas,BAL,R,20,24,60,61,12,11,1,0,0,9,0,1,0,8,0,0,0,1,1,4,0.2,sa736882
2014,Rainis Silva,MIN,R,18,41,152,160,41,31,9,1,0,11,20,6,0,25,0,2,0,3,0,0,0.269736842,sa736892
2014,Joel Ramirez,MIN,R,20,43,108,125,19,17,2,0,0,16,5,12,0,32,2,1,2,2,10,2,0.175925925,sa736893
2015,Jhoan Herrera,PIT,R,20,46,162,180,43,28,13,1,1,15,22,13,0,40,1,3,1,8,0,1,0.265432098,sa736902
2014,Michael De La Cruz,PIT,R,17,32,91,112,15,14,0,0,1,10,7,15,0,25,1,1,4,0,4,1,0.164835164,sa736903
2015,Michael De La Cruz,PIT,R,18,55,195,230,50,35,8,5,2,32,19,23,0,50,3,2,7,1,6,7,0.256410256,sa736903
2014,Yoel Gonzalez,PIT,R,17,40,150,169,33,25,7,0,1,14,12,14,0,30,0,1,4,6,1,2,0.22,sa736904
2015,Yoel Gonzalez,PIT,R,18,36,111,129,17,16,0,0,1,9,12,14,1,15,1,0,3,4,1,1,0.153153153,sa736904
2014,Daniel Franco,BAL,R,19,44,144,158,30,27,2,1,0,22,5,10,0,44,1,0,3,1,15,4,0.208333333,sa736907
2015,Daniel Franco,BAL,R,20,42,123,138,29,25,3,0,1,16,10,5,0,28,3,1,5,0,8,4,0.235772357,sa736907
2016,Daniel Franco,BAL,R,21,17,62,70,17,13,4,0,0,10,5,6,0,11,0,1,1,5,2,2,0.274193548,sa736907
2014,Ademar Rifaela,BAL,R,19,34,99,116,24,17,3,0,4,17,11,14,0,17,0,0,3,1,0,0,0.242424242,sa736911
2014,Victor Acosta,BOS,R,18,42,149,170,40,27,11,0,2,31,21,14,0,30,4,1,2,3,13,1,0.268456375,sa736917
2014,Darwin Pena,BOS,R,21,39,105,123,21,19,2,0,0,10,13,12,0,24,1,5,0,3,0,1,0.2,sa736918
2015,Darwin Pena,BOS,R,22,27,81,94,17,13,3,1,0,7,9,11,0,12,0,0,0,1,0,0,0.209876543,sa736918
2015,Raiwinson Lameda,BOS,R,19,12,28,36,11,8,2,1,0,3,5,8,0,4,0,0,0,0,0,2,0.392857142,sa736920
2016,Raiwinson Lameda,BOS,R,20,54,193,213,46,35,9,2,0,16,21,14,2,40,3,1,2,1,3,2,0.238341968,sa736920
2015,Isaias Lucena,BOS,R,20,19,50,60,14,11,3,0,0,7,2,10,0,12,0,0,0,1,0,0,0.28,sa736921
2014,Jhon Nunez,BOS,R,19,16,41,48,12,8,4,0,0,6,4,6,0,8,0,1,0,1,0,1,0.292682926,sa736923
2015,Luis Alejandro Basabe,BOS,R,18,28,100,124,26,21,5,0,0,22,6,21,0,33,1,2,0,0,8,4,0.26,sa736924
2015,Miguel Hernandez,TBR,R,19,39,135,143,28,18,8,1,1,11,12,5,0,33,0,0,2,4,8,6,0.207407407,sa736935
2014,Julio De La Cruz,PIT,R,18,41,156,168,38,29,7,0,2,10,20,6,0,32,3,2,1,3,1,0,0.243589743,sa736957
2016,Johan De Jesus,PIT,R,19,48,173,193,32,20,9,2,1,18,10,9,0,57,3,2,6,2,6,1,0.184971098,sa736958
2014,Jesus Posso,PHI,R,19,39,94,106,23,16,6,0,1,12,22,8,0,15,2,1,1,3,0,1,0.244680851,sa737004
2014,Luis Payano,HOU,R,18,42,140,159,36,23,6,2,5,18,18,12,0,47,0,1,6,0,4,9,0.257142857,sa737026
2013,Jean Estrella,HOU,R,17,8,28,31,3,3,0,0,0,1,0,3,0,9,0,0,0,1,1,1,0.107142857,sa737028
2014,Jean Estrella,HOU,R,18,24,78,93,17,15,2,0,0,9,4,12,0,18,0,0,3,2,4,5,0.217948717,sa737028
2014,Kristian Trompiz,HOU,R,18,19,63,76,20,12,7,0,1,14,8,8,0,11,2,1,2,0,5,1,0.317460317,sa737029
2015,Israel Mota,WSN,R,19,32,86,92,19,13,6,0,0,12,10,6,0,25,0,0,0,1,1,1,0.220930232,sa737047
2016,Israel Mota,WSN,R,20,32,97,117,21,11,7,0,3,18,9,13,0,29,5,2,0,1,2,1,0.216494845,sa737047
2014,Ronald Soto,BAL,R,19,14,39,42,8,6,1,0,1,2,2,3,0,12,0,0,0,1,0,1,0.205128205,sa737057
2015,Ronald Soto,BAL,R,20,30,86,97,19,11,7,0,1,6,9,7,0,23,2,2,0,2,3,0,0.220930232,sa737057
2016,Ronald Soto,BAL,R,21,25,89,94,16,11,3,0,2,6,8,2,0,28,2,1,0,4,0,0,0.17977528,sa737057
2014,Alexis Bastardo,PIT,R,20,19,64,70,22,17,4,0,1,5,7,1,0,14,3,0,2,1,6,1,0.34375,sa737058
2015,Cesar Gonzalez,DET,R,20,35,117,133,31,26,4,1,0,12,12,11,0,39,1,0,4,0,2,2,0.264957264,sa737085
2017,Cesar Gonzalez,DET,R,22,26,90,97,26,19,4,1,2,13,14,7,0,23,0,0,0,1,2,1,0.288888888,sa737085
2016,Jhon Alvarez,MIN,R,20,25,58,70,15,13,2,0,0,6,3,11,0,11,0,1,0,0,0,0,0.258620689,sa737087
2017,Jhon Alvarez,MIN,R,21,18,39,48,8,8,0,0,0,3,1,7,0,9,1,0,1,0,0,0,0.205128205,sa737087
2014,Jonathan Richards,MIA,R,19,26,85,86,21,19,2,0,0,7,2,1,0,15,0,0,0,2,1,0,0.247058823,sa737208
2014,Juan Puello,ATL,R,22,11,17,21,2,2,0,0,0,1,0,4,0,8,0,0,0,0,0,0,0.117647058,sa737213
2014,Carlos Martinez,ATL,R,19,32,74,83,18,14,4,0,0,9,2,4,0,7,2,0,3,2,1,0,0.243243243,sa737214
2014,Edwin Lora,WSN,R,18,52,181,198,53,45,8,0,0,27,15,11,0,37,0,0,6,4,13,6,0.292817679,sa737245
2016,Bryan Tejada,DET,R,20,25,94,100,27,16,10,1,0,11,15,2,0,23,2,1,1,1,0,0,0.287234042,sa737261
2017,Bryan Tejada,DET,R,21,28,81,91,18,13,4,0,1,7,11,7,0,19,3,0,0,1,1,0,0.222222222,sa737261
2016,Pedro Urena,NYY,R,21,18,59,66,15,9,5,0,1,5,6,5,0,15,1,1,0,0,0,0,0.254237288,sa737323
2015,Pedro Urena,NYY,R,20,46,141,166,33,19,9,2,3,15,17,22,1,34,1,2,0,2,0,2,0.234042553,sa737323
2017,Juan Hernandez,BOS,R,21,13,24,27,4,3,1,0,0,5,1,2,0,6,0,0,1,0,0,0,0.166666666,sa737365
2018,Juan Hernandez,BOS,R,22,37,117,140,34,25,8,0,1,25,5,16,0,18,5,0,2,3,5,1,0.29059829,sa737365
2013,Josh Hart,BAL,R,18,33,123,139,28,21,5,2,0,14,9,13,0,23,2,0,1,4,11,3,0.227642276,sa737536
2014,Josh Hart,BAL,R,19,6,24,25,4,3,0,1,0,2,0,1,0,2,0,0,0,0,2,0,0.166666666,sa737536
2017,Josh Hart,BAL,R,22,6,20,23,4,2,1,1,0,3,4,1,0,3,2,0,0,0,1,0,0.2,sa737536
2013,Amaurys Minier,MIN,R,17,31,112,119,24,11,5,2,6,10,17,6,0,29,0,1,0,3,1,1,0.214285714,sa737540
2014,Amaurys Minier,MIN,R,18,53,171,205,50,29,11,2,8,25,33,29,1,52,4,1,0,1,2,2,0.29239766,sa737540
2013,Riley Unroe,TBR,R,17,46,167,202,41,30,7,3,1,34,15,33,0,43,2,0,0,1,7,2,0.245508982,sa737614
2013,Ivan Wilson,NYM,R,18,47,160,184,35,27,4,3,1,16,15,22,0,65,2,0,0,3,13,2,0.21875,sa737624
2015,Ivan Wilson,NYM,R,20,12,35,42,9,4,3,1,1,2,8,6,0,15,1,0,0,0,1,1,0.257142857,sa737624
2013,Jon Denney,BOS,R,18,26,74,96,15,12,3,0,0,9,2,18,0,29,3,0,1,1,2,0,0.202702702,sa737627
2013,Cord Sandberg,PHI,R,18,48,169,196,35,29,3,1,2,23,14,24,1,36,2,0,1,7,4,3,0.207100591,sa737636
2013,Jan Hernandez,PHI,R,18,39,124,141,26,16,6,1,3,16,14,12,0,50,3,2,0,2,7,2,0.209677419,sa737639
2013,Thomas Milone,TBR,R,18,40,142,153,27,21,2,4,0,18,4,7,0,38,3,0,1,3,5,1,0.190140845,sa737640
2013,Drew Ward,WSN,R,18,49,168,199,49,35,13,0,1,24,28,25,0,44,6,0,0,6,2,4,0.291666666,sa737690
2013,K.J. Woods,MIA,R,17,43,144,168,29,24,4,0,1,15,6,17,0,53,6,1,0,3,3,1,0.201388888,sa737777
2014,K.J. Woods,MIA,R,18,15,50,54,12,10,1,0,1,5,9,4,0,20,0,0,0,0,0,1,0.24,sa737777
2013,Jake Sweaney,PHI,R,18,31,73,83,12,10,2,0,0,7,3,5,0,31,4,0,1,3,2,0,0.164383561,sa737784
2014,Jake Sweaney,PHI,R,19,25,55,62,14,11,3,0,0,6,6,6,0,15,0,1,0,0,4,3,0.254545454,sa737784
2013,Ryan Aper,MIA,R,20,31,113,128,17,13,2,1,1,10,6,12,0,35,3,0,0,0,4,1,0.150442477,sa737820
2013,Jordon Austin,BOS,R,18,40,116,139,23,15,7,1,0,15,6,21,0,55,1,1,0,0,12,0,0.198275862,sa737822
2014,Jordon Austin,BOS,R,19,31,86,101,14,9,4,1,0,14,7,11,0,43,3,0,1,0,5,0,0.162790697,sa737822
2013,Trae Arbet,PIT,R,18,42,144,158,25,15,7,3,0,16,10,4,0,43,7,0,3,0,4,2,0.173611111,sa737823
2013,Iramis Olivencia,MIA,R,18,44,148,160,21,12,3,4,2,13,14,8,0,47,2,1,1,4,0,0,0.141891891,sa737847
2014,Iramis Olivencia,MIA,R,19,14,32,40,5,3,1,1,0,2,4,8,0,9,0,0,0,1,1,0,0.15625,sa737847
2013,Alex Murphy,BAL,R,18,31,91,107,21,12,7,1,1,11,9,12,0,16,2,1,1,2,3,1,0.23076923,sa737854
2013,Aaron Blanton,MIA,R,19,47,136,167,34,29,5,0,0,13,6,27,0,35,2,2,0,3,2,2,0.25,sa737862
2013,Chris Rivera,STL,R,18,39,133,145,26,15,6,0,5,18,19,9,0,33,2,1,0,1,1,1,0.195488721,sa737864
2013,Tanner Murphy,ATL,R,18,32,97,113,22,19,3,0,0,7,8,12,0,34,1,2,1,3,5,0,0.226804123,sa737877
2013,Nelson Molina,MIN,R,18,36,109,120,12,11,1,0,0,13,3,6,0,15,3,0,2,1,2,3,0.110091743,sa737886
2014,Nelson Molina,MIN,R,19,45,136,155,33,30,0,3,0,15,12,13,0,19,0,2,4,2,12,2,0.242647058,sa737886
2013,Malik Collymore,STL,R,18,19,57,60,13,9,3,0,1,2,3,3,0,23,0,0,0,1,0,1,0.228070175,sa737908
2014,Malik Collymore,STL,R,19,54,177,201,59,43,7,8,1,33,34,18,0,43,4,2,0,4,8,5,0.333333333,sa737908
2013,Dylan Manwaring,ATL,R,18,37,107,123,14,13,1,0,0,10,6,15,0,37,0,0,1,5,2,3,0.130841121,sa737924
2014,Dylan Manwaring,ATL,R,19,39,115,142,23,16,7,0,0,15,16,18,0,43,4,2,3,4,0,2,0.2,sa737924
2014,Kendall Coleman,NYY,R,19,8,23,31,3,3,0,0,0,4,2,8,0,8,0,0,0,0,0,0,0.130434782,sa737944
2013,Kendall Coleman,NYY,R,18,10,28,30,4,3,1,0,0,1,0,2,0,11,0,0,0,0,0,0,0.142857142,sa737944
2013,Bryan Hudson,BOS,R,18,43,135,163,41,35,6,0,0,18,15,23,0,39,1,1,2,0,6,1,0.303703703,sa738118
2013,DeAndre Asbury-Heath,STL,R,17,43,117,135,21,15,5,1,0,4,7,9,1,36,6,0,3,2,2,2,0.179487179,sa738134
2014,DeAndre Asbury-Heath,STL,R,18,43,111,127,26,21,3,2,0,17,8,9,0,35,1,0,6,2,0,4,0.234234234,sa738134
2013,Joseph Monge,BOS,R,18,39,111,124,25,20,5,0,0,18,10,9,0,31,3,0,1,3,7,6,0.225225225,sa738151
2014,Joseph Monge,BOS,R,19,19,64,77,17,10,4,1,2,19,17,9,0,14,4,0,0,0,5,1,0.265625,sa738151
2019,Joseph Monge,BOS,R,24,7,19,22,2,2,0,0,0,2,0,2,0,5,1,0,0,0,0,0,0.105263157,sa738151
2013,Jordan Barnes,NYY,R,19,48,150,169,30,28,2,0,0,13,9,14,0,30,3,0,2,3,7,5,0.2,sa738155
2015,Jordan Barnes,NYY,R,21,37,99,114,22,17,3,1,1,12,12,12,0,26,1,1,1,4,4,0,0.222222222,sa738155
2014,Jordan Barnes,NYY,R,20,45,122,142,22,17,3,1,1,15,9,15,0,39,3,0,2,1,9,1,0.180327868,sa738155
2013,Steven Negron,DET,R,20,22,68,84,18,9,5,2,2,15,10,13,0,21,2,1,0,1,5,1,0.264705882,sa738174
2014,Steven Negron,DET,R,21,31,86,106,11,9,1,1,0,8,8,13,1,25,2,4,1,2,4,3,0.127906976,sa738174
2014,Duncan McAlpine,DET,R,23,10,27,38,7,4,2,0,1,5,2,8,0,7,3,0,0,1,1,0,0.259259259,sa738193
2013,Randolph Gassaway,BAL,R,18,36,122,132,30,21,8,1,0,13,8,10,0,19,0,0,0,9,3,1,0.245901639,sa738195
2014,Randolph Gassaway,BAL,R,19,13,48,49,8,5,2,0,1,5,3,1,0,13,0,0,0,2,3,0,0.166666666,sa738195
2016,Daniel Pinero,DET,R,22,7,24,29,8,4,2,0,2,6,6,5,0,2,0,0,0,1,0,2,0.333333333,sa738204
2013,Jason Kanzler,MIN,R,22,44,159,176,35,20,6,6,3,19,15,13,0,50,2,1,1,3,13,1,0.220125786,sa738209
2014,Ryan Lindemuth,NYY,R,23,16,32,39,7,4,1,1,1,7,4,5,0,11,2,0,0,0,0,0,0.21875,sa738231
2013,Connor Oliver,ATL,R,19,37,129,143,27,22,3,2,0,17,5,11,0,27,0,1,2,3,5,2,0.209302325,sa738298
2013,Garrett Gordon,WSN,R,20,37,101,119,26,21,4,1,0,16,13,12,0,27,4,1,1,1,6,2,0.257425742,sa738302
2013,Jantzen Witte,BOS,R,23,13,41,47,10,7,2,1,0,2,7,6,0,9,0,0,0,0,1,0,0.243902439,sa738324
2013,Sean Hurley,TOR,R,21,49,139,165,30,19,7,2,2,21,12,23,0,42,2,0,1,4,1,0,0.215827338,sa738326
2013,Jeremy Hadley,TBR,R,18,33,112,116,23,19,2,2,0,9,8,4,0,32,0,0,0,3,2,1,0.205357142,sa738338
2014,Jeremy Hadley,TBR,R,19,18,57,65,10,7,1,1,1,10,5,7,0,20,1,0,0,1,0,1,0.175438596,sa738338
2013,Orrin Sears,ATL,R,22,32,81,89,20,11,5,3,1,9,16,7,0,22,0,1,0,0,2,1,0.24691358,sa738343
2013,Justin Maffei,PIT,R,21,22,76,85,18,12,4,2,0,6,7,4,0,13,3,1,1,2,0,0,0.236842105,sa738359
2013,Andrew Florides,TOR,R,18,17,33,37,5,5,0,0,0,4,0,3,0,12,1,0,0,0,0,0,0.151515151,sa738367
2015,Andrew Florides,TOR,R,20,22,59,65,4,4,0,0,0,8,3,5,0,21,0,0,1,1,1,0,0.06779661,sa738367
2013,Jake Stone,STL,R,22,41,131,150,39,25,11,2,1,15,20,14,0,22,3,2,0,3,0,1,0.297709923,sa738381
2015,Owen Spiwak,TOR,R,20,31,82,89,24,23,0,0,1,5,9,4,0,14,2,1,0,0,1,1,0.292682926,sa738385
2016,Owen Spiwak,TOR,R,21,24,55,69,9,6,2,0,1,6,2,14,0,25,0,0,0,0,0,0,0.163636363,sa738385
2013,Reed Harper,ATL,R,22,54,189,218,56,41,13,1,1,26,16,22,1,18,5,1,1,3,4,3,0.296296296,sa738433
2013,Nick Longhi,BOS,R,17,16,45,50,8,2,5,0,1,4,4,3,0,12,1,0,1,3,1,0,0.177777777,sa738434
2013,Venn Biter,PHI,R,18,18,59,65,17,12,3,2,0,9,2,4,0,19,0,1,1,1,0,1,0.288135593,sa738444
2014,Venn Biter,PHI,R,19,45,157,174,33,22,6,5,0,19,14,10,0,45,4,0,3,1,13,1,0.210191082,sa738444
2013,Adrian Castano,DET,R,17,19,47,59,6,4,2,0,0,7,0,11,0,24,1,0,0,0,0,1,0.127659574,sa738466
2014,Adrian Castano,DET,R,18,19,59,66,16,14,2,0,0,6,7,6,0,11,0,0,1,1,1,0,0.27118644,sa738466
2015,Adrian Castano,DET,R,19,14,35,41,12,10,2,0,0,7,5,5,0,9,0,0,1,1,0,0,0.342857142,sa738466
2015,Chris Madera,BOS,R,22,28,91,103,24,21,2,0,1,13,13,9,0,16,2,1,0,1,6,2,0.263736263,sa738486
2018,Angel Moreno,STL,R,21,8,30,34,7,3,2,1,1,4,3,3,0,5,0,0,1,1,0,1,0.233333333,sa738494
2015,Edgar Cabral,PHI,R,19,38,96,107,27,19,6,0,2,13,14,8,0,6,3,0,0,2,0,0,0.28125,sa738507
2014,Drew Bridges,NYY,R,19,52,189,225,42,20,15,2,5,31,29,29,0,65,3,4,0,1,1,1,0.222222222,sa738556
2013,Drew Bridges,NYY,R,18,22,72,85,11,8,1,1,1,9,9,11,0,24,1,1,0,3,1,0,0.152777777,sa738556
2013,Beau Wallace,PIT,R,20,27,87,104,13,12,1,0,0,11,3,12,0,24,4,0,1,2,3,1,0.149425287,sa738568
2013,Ricardo Bautista,STL,R,17,34,102,124,26,19,7,0,0,14,13,15,0,28,2,4,1,3,0,2,0.25490196,sa738574
2014,Ricardo Bautista,STL,R,18,43,115,140,32,24,5,1,2,13,19,22,0,20,2,0,1,3,4,1,0.278260869,sa738574
2014,Rafael Oliveras,BOS,R,19,39,127,153,33,29,4,0,0,23,14,17,0,18,4,1,4,5,3,1,0.259842519,sa738642
2015,Rafael Oliveras,BOS,R,20,42,153,182,38,35,2,0,1,20,11,24,2,34,2,2,1,4,2,1,0.248366013,sa738642
2016,Rafael Oliveras,BOS,R,21,45,182,201,50,44,6,0,0,20,9,14,1,26,5,0,0,7,0,0,0.274725274,sa738642
2013,Brandon Brosher,NYM,R,18,22,61,74,11,7,1,0,3,10,6,12,0,23,1,0,0,1,1,2,0.180327868,sa738646
2013,Nick Ferdinand,PHI,R,23,39,142,156,37,22,9,1,5,14,22,10,0,26,3,0,1,5,2,1,0.26056338,sa738660
2013,Willie Medina,WSN,R,22,39,114,130,26,25,1,0,0,21,12,9,0,24,6,1,0,4,10,4,0.228070175,sa738661
2013,Anthony Ray,STL,R,18,43,129,140,30,25,3,2,0,16,5,7,0,30,2,1,1,0,6,3,0.232558139,sa738665
2015,Angel Perez,ATL,R,20,41,134,146,30,29,1,0,0,13,17,10,0,32,1,0,1,4,0,1,0.223880597,sa738689
2016,Conner Simonetti,WSN,R,21,42,157,171,44,31,6,1,6,21,24,13,0,54,0,1,0,1,0,0,0.280254777,sa738691
2013,Adam Landecker,PIT,R,22,36,123,144,27,17,8,2,0,19,17,15,0,19,4,1,1,2,1,3,0.219512195,sa738699
2015,Levi Scott,TOR,R,22,48,161,190,33,24,8,0,1,19,18,27,1,41,0,2,0,4,2,0,0.204968944,sa738711
2013,Justin Viele,BAL,R,22,49,161,203,44,35,7,0,2,29,14,31,0,28,5,0,6,2,9,4,0.273291925,sa738726
2013,Elier Rodriguez,STL,R,18,37,107,122,30,24,6,0,0,14,11,10,0,27,2,2,1,3,0,1,0.280373831,sa738889
2014,Elier Rodriguez,STL,R,19,50,176,195,42,29,13,0,0,26,18,15,0,31,3,1,0,2,1,0,0.238636363,sa738889
2013,Nick Buckner,PIT,R,17,40,147,164,36,25,8,2,1,11,31,8,0,41,3,4,2,3,4,3,0.244897959,sa738891
2013,Danny Bethea,BOS,R,23,14,43,51,6,4,2,0,0,1,6,6,0,3,0,2,0,3,0,0,0.139534883,sa738923
2014,Connor Goedert,HOU,R,20,21,78,87,14,11,3,0,0,7,4,6,1,22,1,0,2,0,0,1,0.179487179,sa738933
2016,Brandon Wagner,NYY,R,20,29,106,120,30,17,7,1,5,16,17,12,0,18,2,0,0,5,0,3,0.283018867,sa738979
2013,Ty Afenir,NYY,R,21,11,22,29,3,3,0,0,0,1,0,3,0,5,3,0,1,0,3,0,0.136363636,sa738997
2013,Taylor Johnson,DET,R,22,17,39,46,6,2,3,0,1,6,6,2,0,10,3,2,0,0,1,1,0.153846153,sa739008
2013,Ryan Henley,TBR,R,21,28,83,90,18,13,3,1,1,9,11,4,0,12,1,2,0,3,1,3,0.216867469,sa739010
2013,Ian Hagenmiller,ATL,R,18,41,133,148,30,24,5,1,0,14,12,13,0,49,2,0,0,3,1,3,0.225563909,sa739037
2014,Ian Hagenmiller,ATL,R,19,41,125,141,21,15,4,1,1,6,7,10,1,40,4,1,1,2,2,0,0.168,sa739037
2014,Manuel Guzman,MIN,R,19,47,145,173,41,34,5,2,0,26,13,22,0,19,2,0,4,5,18,8,0.28275862,sa739471
2016,Manuel Guzman,MIN,R,21,11,35,39,7,7,0,0,0,4,1,3,0,4,1,0,0,1,5,4,0.2,sa739471
2014,Alexander Palma,NYY,R,18,52,213,220,65,45,13,3,4,22,45,3,0,15,2,2,0,5,9,0,0.305164319,sa739541
2019,Alexander Palma,NYY,R,23,10,34,36,13,7,6,0,0,3,5,2,0,5,0,0,0,2,0,0,0.382352941,sa739541
2013,Jimmy Falla,NYY,R,22,35,121,135,26,19,7,0,0,16,17,10,1,32,3,1,0,5,0,1,0.214876033,sa739594
2013,Wendell Rijo,BOS,R,17,49,170,203,46,31,15,0,0,28,20,22,0,29,6,3,2,5,15,5,0.270588235,sa739597
2013,Nathan Hass,ATL,R,19,18,32,37,4,4,0,0,0,4,1,2,0,8,3,0,0,1,0,0,0.125,sa739603
2013,Luis Guzman,WSN,R,17,36,117,126,26,22,3,1,0,15,10,5,0,32,4,0,0,1,3,1,0.222222222,sa739608
2014,Luis Guzman,WSN,R,18,50,165,186,42,31,8,2,1,27,17,14,0,23,4,1,2,1,3,4,0.254545454,sa739608
2013,Andrickson Zorrilla,BAL,R,22,49,169,201,34,22,8,1,3,23,18,30,0,60,1,1,0,0,8,1,0.201183431,sa739611
2013,Jesus Martinez,BAL,R,22,38,135,142,31,23,4,2,2,11,21,6,0,29,1,0,0,2,2,0,0.229629629,sa739612
2013,Aaron Sayers,DET,R,19,25,69,82,11,9,1,1,0,9,5,11,0,25,1,0,1,2,2,0,0.159420289,sa739621
2014,Aaron Sayers,DET,R,20,32,110,124,28,25,1,1,1,10,15,10,0,20,2,0,2,0,2,4,0.254545454,sa739621
2015,Aaron Sayers,DET,R,21,29,99,112,26,19,6,0,1,12,6,10,0,19,2,0,1,2,1,3,0.262626262,sa739621
2013,Mattia Mercuri,ATL,R,18,26,75,81,8,7,1,0,0,5,3,3,0,16,3,0,0,2,0,0,0.106666666,sa739657
2013,Boomer Collins,TOR,R,24,52,187,215,57,39,13,3,2,36,25,23,0,29,4,1,0,5,6,0,0.304812834,sa739659
2013,Jose Pujols,PHI,R,17,45,160,181,30,15,7,2,6,27,18,19,0,56,1,0,1,5,1,3,0.1875,sa739662
2014,Jose Pujols,PHI,R,18,41,151,166,35,20,8,2,5,21,28,12,0,54,1,1,1,2,1,2,0.231788079,sa739662
2013,Koby Kraemer,TOR,R,23,29,105,117,20,16,4,0,0,9,9,10,0,17,2,0,0,1,1,0,0.19047619,sa739664
2013,Jordan Allen,DET,R,21,14,45,47,14,11,1,2,0,6,2,1,0,7,0,0,1,0,1,0,0.311111111,sa739669
2013,Ricky Schwarz,MIN,R,18,26,81,93,12,10,2,0,0,5,6,6,0,23,3,2,1,1,1,0,0.148148148,sa739670
2014,Frankie Rodriguez,STL,R,18,29,79,97,21,17,4,0,0,18,10,16,0,18,1,0,1,2,2,0,0.265822784,sa739688
2015,Frankie Rodriguez,STL,R,19,19,51,60,3,2,0,1,0,2,0,7,0,16,0,0,2,1,0,1,0.058823529,sa739688
2013,Kyle Attl,WSN,R,21,16,28,33,8,8,0,0,0,5,3,2,0,4,1,1,1,1,3,1,0.285714285,sa739758
2014,Chris Taladay,DET,R,23,16,45,52,13,9,1,2,1,8,11,5,0,8,1,0,1,1,1,0,0.288888888,sa739769
2013,Wilson Agramonte,NYY,R,18,16,38,47,5,4,1,0,0,7,3,9,0,11,0,0,0,0,1,1,0.131578947,sa739771
2013,Pita Rona,BAL,R,18,19,35,38,5,3,1,0,1,3,4,3,0,12,0,0,0,2,0,0,0.142857142,sa739789
2014,Pita Rona,BAL,R,19,16,39,44,8,7,1,0,0,5,1,2,0,17,3,0,0,0,0,0,0.205128205,sa739789
2013,Radley Haddad,NYY,R,23,13,34,40,4,4,0,0,0,3,1,6,0,13,0,0,0,0,0,0,0.117647058,sa739791
2013,Andrew Parker,ATL,R,22,18,25,33,1,1,0,0,0,0,1,6,0,9,0,0,2,0,0,0,0.04,sa740102
2014,Frank Encarnacion,MIN,R,18,26,81,88,16,13,3,0,0,3,3,4,0,23,1,0,2,1,6,2,0.197530864,sa740127
2016,Yeison Corredera,NYY,R,22,40,140,151,29,22,4,1,2,15,13,9,0,30,1,1,0,2,3,2,0.207142857,sa740136
2014,Alexander Melendez,HOU,R,19,30,97,116,34,30,3,1,0,17,11,8,0,22,5,0,6,0,17,3,0.350515463,sa740143
2013,Brandon Brown,MIA,R,22,12,36,40,7,6,1,0,0,1,4,3,0,1,0,1,0,1,0,0,0.194444444,sa740410
2015,Carlos Talavera,STL,R,18,38,101,117,19,16,2,1,0,15,4,15,1,28,1,0,0,2,4,4,0.188118811,sa740415
2016,Carlos Talavera,STL,R,19,40,95,103,21,18,2,1,0,12,8,7,0,22,0,0,1,2,2,2,0.221052631,sa740415
2013,Ryan Tufts,MIN,R,24,28,88,97,17,12,5,0,0,5,4,6,0,25,3,0,0,1,0,1,0.193181818,sa740518
2013,Luis Arrizurieta,NYM,R,21,18,44,47,11,8,3,0,0,5,4,2,0,5,1,0,0,2,3,0,0.25,sa740529
2017,Luis Montero,NYM,R,21,46,150,167,35,25,6,4,0,12,15,15,0,22,2,0,0,7,2,1,0.233333333,sa740607
2015,Luis Crisostomo,NYM,R,21,42,135,147,24,20,3,1,0,11,8,10,0,27,0,0,2,6,1,2,0.177777777,sa740608
2014,Galvi Moscat,MIA,R,20,27,86,94,18,16,1,0,1,7,7,6,0,7,1,1,0,4,0,0,0.209302325,sa741337
2015,Yunior Reyes,PHI,R,20,45,132,140,27,23,3,1,0,11,14,5,0,23,3,0,0,6,3,3,0.204545454,sa742869
2014,Erison Mendez,ATL,R,22,45,137,155,38,31,7,0,0,23,29,6,0,17,9,0,3,5,9,4,0.277372262,sa743080
2014,Oliver Ortiz,WSN,R,18,51,146,167,32,20,7,3,2,16,24,17,0,46,2,2,0,0,1,1,0.219178082,sa743087
2015,Oliver Ortiz,WSN,R,19,31,94,103,23,17,2,3,1,11,11,8,1,32,0,1,0,1,2,0,0.244680851,sa743087
2016,Oliver Ortiz,WSN,R,20,8,32,33,9,7,1,0,1,5,8,1,0,7,0,0,0,1,0,0,0.28125,sa743087
2015,Joseph Astacio,TBR,R,21,42,151,164,42,40,2,0,0,22,3,6,0,22,3,0,4,3,14,4,0.278145695,sa744255
2014,Ariel Montesino,MIN,R,18,43,109,121,18,13,4,1,0,15,10,10,0,24,0,1,1,1,10,3,0.165137614,sa745012
2015,Ariel Montesino,MIN,R,19,28,74,90,18,14,3,0,1,17,10,11,0,6,1,2,2,3,3,2,0.243243243,sa745012
2013,Brady Steiger,NYY,R,22,18,60,78,14,10,4,0,0,8,5,14,1,9,4,0,0,1,1,2,0.233333333,sa746252
2015,Joshual Ramirez,WSN,R,19,26,79,88,17,13,4,0,0,10,11,7,0,17,1,1,0,1,3,2,0.215189873,sa753429
2016,Joshual Ramirez,WSN,R,20,39,122,137,26,15,7,3,1,19,15,9,1,26,2,1,3,4,3,2,0.213114754,sa753429
2015,Luis Vilorio,WSN,R,21,40,118,127,23,20,2,1,0,13,9,4,0,15,3,1,1,5,5,1,0.194915254,sa754679
2015,Walter Rasquin,NYM,R,19,36,103,126,31,25,5,0,1,14,14,11,1,21,3,3,6,2,5,3,0.300970873,sa754712
2018,Walter Rasquin,NYM,R,22,6,21,26,11,8,1,1,1,3,8,4,0,4,1,0,0,0,5,1,0.523809523,sa754712
2013,Brett Clements,HOU,R,22,20,45,53,10,9,1,0,0,5,2,5,0,16,3,0,0,0,1,0,0.222222222,sa797676
2014,Jack Barrie,MIN,R,18,25,73,81,15,13,2,0,0,1,4,7,0,26,1,0,0,1,2,1,0.205479452,sa822170
2015,Jesus Alastre,PHI,R,18,24,82,93,22,18,3,1,0,14,8,4,0,10,3,0,4,1,3,2,0.268292682,sa826646
2016,Jesus Alastre,PHI,R,19,4,19,20,6,5,1,0,0,1,2,1,0,2,0,0,0,0,0,1,0.315789473,sa826646
2016,Alexander Alvarez,TBR,R,19,32,89,100,15,12,1,1,1,7,9,7,0,28,1,2,1,2,1,0,0.168539325,sa826656
2017,Alexander Alvarez,TBR,R,20,18,50,59,9,4,4,0,1,9,9,7,0,10,1,1,0,2,2,2,0.18,sa826656
2015,Anthony Pereira,DET,R,18,48,155,179,34,27,2,1,4,20,21,15,0,29,3,2,4,5,7,1,0.219354838,sa826663
2016,Franklin Arias,DET,R,19,44,136,159,32,23,9,0,0,20,11,16,1,22,2,2,3,1,6,6,0.235294117,sa826664
2017,Franklin Arias,DET,R,20,42,132,161,29,23,5,1,0,25,14,25,0,17,1,1,2,3,7,3,0.219696969,sa826664
2016,Luis Torrealba,DET,R,19,37,90,111,16,14,1,1,0,10,9,17,0,22,1,0,3,3,5,0,0.177777777,sa826665
2015,Anthony Cantillo,TBR,R,19,21,63,70,15,14,1,0,0,2,7,4,0,6,2,1,0,4,1,2,0.238095238,sa826667
2018,Jheyser Azuaje,DET,R,21,15,51,54,6,6,0,0,0,1,1,2,0,6,0,1,0,1,0,0,0.117647058,sa826670
2016,Jheyser Azuaje,DET,R,19,27,75,82,19,15,4,0,0,5,6,1,0,16,5,0,1,1,4,2,0.253333333,sa826670
2017,Jheyser Azuaje,DET,R,20,29,89,94,27,26,1,0,0,7,6,1,1,13,3,0,1,1,4,1,0.303370786,sa826670
2018,Jheyser Azuaje,DET,R,21,11,27,29,6,5,1,0,0,2,1,0,0,7,1,0,1,0,1,0,0.222222222,sa826670
2015,Jose Antequera,PHI,R,19,41,134,147,33,23,8,1,1,22,10,11,0,15,0,0,2,4,15,3,0.246268656,sa826778
2016,Jose Antequera,PHI,R,20,33,117,129,35,20,13,2,0,21,7,9,0,12,2,0,1,3,8,1,0.299145299,sa826778
2016,Elys Escobar,DET,R,19,44,135,145,34,26,8,0,0,15,11,9,1,23,1,0,0,3,0,0,0.251851851,sa827077
2018,Elys Escobar,DET,R,21,12,30,32,9,8,1,0,0,0,5,2,0,9,0,0,0,0,0,0,0.3,sa827077
2016,Hector Hernandez,DET,R,20,41,101,123,18,14,2,2,0,13,7,16,0,39,1,3,2,1,5,1,0.178217821,sa827078
2014,Richard Gonzalez,HOU,R,20,29,84,104,18,12,5,0,1,8,8,10,0,26,6,1,3,1,0,0,0.214285714,sa827128
2015,Joseph Chavez,MIA,R,22,27,80,94,27,21,4,0,2,12,15,13,0,23,0,0,1,1,2,3,0.3375,sa827135
2014,Isias Alcantar,TBR,R,22,32,105,116,18,14,3,0,1,8,17,2,1,15,6,3,0,2,4,0,0.171428571,sa827174
2014,Gunnar Heidt,TOR,R,21,6,22,25,6,4,1,1,0,5,4,3,0,6,0,0,0,0,0,0,0.272727272,sa827195
2014,Ben Moore,BOS,R,21,28,80,98,23,18,4,1,0,20,16,12,0,12,5,1,0,2,1,0,0.2875,sa827201
2016,Keyder Aristigueta,DET,R,20,49,159,185,39,31,6,1,1,16,18,19,0,35,4,2,1,2,1,1,0.245283018,sa827213
2018,Keyder Aristigueta,DET,R,22,18,51,70,10,7,2,0,1,6,2,15,0,9,3,0,1,1,2,1,0.196078431,sa827213
2017,Keyder Aristigueta,DET,R,21,47,154,181,41,34,6,0,1,20,17,18,0,36,7,2,0,2,8,1,0.266233766,sa827213
2015,Tyler Spoon,BOS,R,22,13,35,39,5,5,0,0,0,5,3,3,0,6,1,0,0,2,0,0,0.142857142,sa827327
2016,Carl Anderson,PIT,R,23,9,24,27,2,2,0,0,0,1,1,3,0,5,0,0,0,0,2,1,0.083333333,sa827354
2014,T.J. White,MIN,R,22,8,27,33,4,4,0,0,0,2,1,4,0,4,1,1,0,1,0,0,0.148148148,sa827369
2015,Elias Arias,ATL,R,21,14,46,51,6,4,2,0,0,7,5,4,0,11,0,1,0,1,1,1,0.130434782,sa827936
2015,Alejandro Salazar,ATL,R,18,51,194,219,55,46,5,2,2,36,25,20,0,32,1,1,3,4,8,3,0.283505154,sa827937
2015,Jesus Severino,TOR,R,18,33,96,115,19,14,4,1,0,13,15,13,0,30,4,1,1,1,1,1,0.197916666,sa827943
2015,Bryan Lizardo,TOR,R,17,43,140,153,27,20,6,1,0,13,17,12,0,53,0,1,0,6,3,0,0.192857142,sa827944
2016,Francisco Rodriguez,TOR,R,21,35,122,141,28,14,10,1,3,19,20,13,0,42,6,0,0,1,1,0,0.229508196,sa827946
2015,Miguel Almonte,TOR,R,18,29,79,89,10,9,1,0,0,3,5,7,0,31,2,0,1,1,0,1,0.126582278,sa827947
2016,Miguel Almonte,TOR,R,19,28,78,87,15,11,1,1,2,8,11,7,0,29,2,0,0,3,3,2,0.192307692,sa827947
2016,Rigoberto Terrazas,NYM,R,20,42,150,167,33,29,3,1,0,16,17,13,1,23,0,1,3,4,0,1,0.22,sa827958
2015,Anthony Dirocie,NYM,R,18,6,24,24,2,0,1,1,0,3,0,0,0,14,0,0,0,0,0,0,0.083333333,sa827959
2016,Anthony Dirocie,NYM,R,19,44,162,194,41,24,10,5,2,32,18,25,1,52,4,2,1,2,7,2,0.253086419,sa827959
2016,Luis Carpio,NYM,R,18,8,31,34,9,7,1,1,0,3,2,1,0,11,2,0,0,0,0,0,0.29032258,sa827960
2016,Yancarlos Baez,NYY,R,20,14,49,53,7,7,0,0,0,3,2,3,0,20,0,1,0,1,3,0,0.142857142,sa827962
2014,Yancarlos Baez,NYY,R,18,14,49,52,8,7,0,1,0,3,2,2,0,18,0,0,1,2,3,0,0.163265306,sa827962
2015,Yancarlos Baez,NYY,R,19,54,204,229,48,37,5,2,4,27,22,20,0,49,0,3,1,2,8,5,0.235294117,sa827962
2015,Jose Infante,NYY,R,21,10,26,33,5,3,2,0,0,4,4,5,0,10,1,1,0,0,1,0,0.192307692,sa827964
2015,Jose Infante,NYY,R,21,33,86,102,16,10,3,3,0,13,8,12,0,23,4,0,0,1,4,1,0.186046511,sa827964
2015,Jerry Seitz,NYY,R,20,33,96,105,30,24,5,0,1,8,7,7,0,17,2,0,0,2,3,1,0.3125,sa827965
2016,Hector Martinez,DET,R,19,42,145,160,45,40,4,1,0,17,10,8,0,35,5,0,2,1,7,7,0.310344827,sa827974
2018,Hector Martinez,DET,R,21,29,101,104,37,20,11,3,3,12,20,2,0,27,1,0,0,3,5,1,0.366336633,sa827974
2016,Randel Alcantara,DET,R,19,42,144,159,27,15,6,1,5,13,22,8,0,30,4,2,1,3,2,1,0.1875,sa827975
2015,Marcos Almonte,HOU,R,19,19,77,81,23,20,2,0,1,7,8,3,0,13,0,1,0,1,4,3,0.298701298,sa828122
2014,Nestor Tejada,HOU,R,17,19,59,68,10,8,2,0,0,3,4,4,0,19,3,0,2,0,3,1,0.169491525,sa828124
2015,Nestor Tejada,HOU,R,18,34,102,119,18,13,4,1,0,11,4,10,0,31,2,1,4,1,4,2,0.176470588,sa828124
2015,Wander Franco,HOU,R,18,50,185,205,43,29,11,0,3,23,26,15,0,38,1,2,2,2,4,1,0.232432432,sa828125
2016,Wander Franco,HOU,R,19,24,75,91,19,12,5,1,1,6,9,14,0,19,0,1,1,1,1,1,0.253333333,sa828125
2017,Wander Franco,HOU,R,20,12,46,53,15,7,5,0,3,9,11,6,0,12,0,1,0,2,1,0,0.326086956,sa828125
2016,Yonauris Rodriguez,NYY,R,19,44,131,138,23,17,5,1,0,8,6,5,0,32,1,0,1,2,5,3,0.175572519,sa828127
2015,Yonauris Rodriguez,NYY,R,18,42,149,168,25,20,5,0,0,24,3,18,0,50,0,0,1,1,5,4,0.167785234,sa828127
2015,Connor MacDonald,HOU,R,19,48,154,183,32,22,9,0,1,11,17,20,0,65,5,4,0,5,1,1,0.207792207,sa828128
2014,Cesar Diaz,NYY,R,21,10,27,31,11,9,2,0,0,5,6,3,0,3,0,1,0,0,2,1,0.407407407,sa828129
2015,Cesar Diaz,NYY,R,22,36,114,146,35,22,6,6,1,34,11,28,0,9,1,2,1,0,27,4,0.307017543,sa828129
2014,Joan Mauricio,HOU,R,17,22,71,85,9,4,4,1,0,11,4,14,0,25,0,0,0,0,4,1,0.126760563,sa828130
2015,Joan Mauricio,HOU,R,18,34,105,115,19,15,2,2,0,7,7,8,0,32,1,0,1,1,2,0,0.18095238,sa828130
2016,Joan Mauricio,HOU,R,19,43,132,150,24,19,3,2,0,3,16,10,1,22,0,2,6,4,3,5,0.181818181,sa828130
2015,Jonathan Matute,HOU,R,18,24,64,77,13,11,2,0,0,5,1,10,0,15,0,0,3,3,1,1,0.203125,sa828132
2016,Jonathan Matute,HOU,R,19,24,71,91,15,11,4,0,0,13,4,11,0,19,3,2,4,2,2,0,0.211267605,sa828132
2017,Jonathan Matute,HOU,R,20,40,107,140,27,21,4,1,1,19,6,28,0,26,3,1,1,3,4,1,0.252336448,sa828132
2015,Andy Diaz,NYY,R,19,48,128,152,33,20,10,1,2,15,15,18,0,41,3,0,3,0,4,3,0.2578125,sa828133
2016,Edgar Lorenzo,HOU,R,19,27,61,71,11,8,1,1,1,10,4,7,0,26,2,0,1,0,5,2,0.180327868,sa828139
2015,Robert Molina,MIN,R,18,37,119,128,28,23,4,0,1,11,15,7,3,16,2,0,0,3,4,0,0.235294117,sa828146
2017,Edgar Herrera,MIN,R,20,12,33,35,5,4,1,0,0,1,6,0,0,7,0,2,0,0,0,2,0.151515151,sa828149
2018,Edgar Herrera,MIN,R,21,17,50,56,11,9,2,0,0,5,5,4,0,10,0,1,1,2,1,0,0.22,sa828149
2015,Ronny Guillermo,ATL,R,18,37,103,115,16,14,2,0,0,6,5,7,0,34,2,1,2,0,4,1,0.155339805,sa828159
2015,Victor Fernandez,PIT,R,20,42,129,150,31,21,8,1,1,20,12,9,0,32,5,2,5,1,16,2,0.240310077,sa828162
2015,Edison Lantigua,PIT,R,18,37,121,128,25,17,6,0,2,11,11,7,0,27,0,0,0,1,1,0,0.20661157,sa828163
2016,Edison Lantigua,PIT,R,19,45,165,187,43,31,5,7,0,15,19,21,0,40,1,0,0,2,5,2,0.26060606,sa828163
2015,Adrian Valerio,PIT,R,18,56,188,214,41,26,12,2,1,19,17,13,0,36,1,2,10,0,7,0,0.218085106,sa828164
2015,Raul Siri,PIT,R,20,44,149,175,35,25,8,1,1,21,19,16,0,24,4,4,2,6,10,2,0.234899328,sa828166
2016,Felix Vinicio,PIT,R,21,36,138,152,36,32,4,0,0,13,12,10,0,6,1,2,1,3,2,2,0.260869565,sa828167
2017,Felix Vinicio,PIT,R,22,32,113,125,22,15,5,2,0,5,10,6,0,15,1,4,1,2,1,2,0.194690265,sa828167
2016,Emmanuel Morel,MIN,R,19,32,86,104,10,8,2,0,0,7,4,13,0,36,0,1,4,0,4,3,0.116279069,sa828178
2017,Emmanuel Morel,MIN,R,20,38,131,151,34,24,10,0,0,29,7,15,0,37,4,0,1,3,12,4,0.259541984,sa828178
2015,Juan Carlos Arias,TBR,R,19,37,125,139,26,18,6,0,2,12,10,9,1,32,3,1,1,3,0,0,0.208,sa828184
2016,Juan Carlos Arias,TBR,R,20,26,89,101,19,15,2,0,2,9,15,11,0,39,0,1,0,1,2,1,0.213483146,sa828184
2015,Juan Rodriguez,TBR,R,18,32,96,114,14,12,2,0,0,4,2,14,0,28,3,0,1,2,1,2,0.145833333,sa828185
2015,Gilbert Marrero,TBR,R,18,35,103,117,12,8,4,0,0,6,2,12,0,38,2,0,0,1,1,1,0.116504854,sa828187
2016,Gilbert Marrero,TBR,R,19,28,94,102,19,13,6,0,0,9,7,7,0,35,0,0,1,2,1,0,0.202127659,sa828187
2016,Oliver Pascual,NYM,R,19,40,133,150,32,25,7,0,0,21,9,14,0,24,1,1,1,2,1,2,0.240601503,sa828196
2015,Ricardo Cespedes,NYM,R,17,44,165,185,37,32,3,2,0,16,15,13,0,29,1,2,4,5,7,3,0.224242424,sa828197
2016,Grabiel Jimenez,NYM,R,21,37,126,142,26,21,4,1,0,13,12,13,0,32,1,1,1,4,1,1,0.206349206,sa828200
2015,Carlos Diaz,BAL,R,18,41,133,154,24,15,6,0,3,9,19,19,1,36,2,0,0,5,0,1,0.180451127,sa828235
2016,Carlos Diaz,BAL,R,19,38,127,140,27,23,2,0,2,10,25,9,1,31,2,2,0,4,0,1,0.212598425,sa828235
2016,Alfredo Gonzalez,BAL,R,20,18,49,51,13,12,1,0,0,7,6,1,0,3,0,1,0,0,1,0,0.265306122,sa828238
2017,Alfredo Gonzalez,BAL,R,21,24,74,79,12,8,3,0,1,9,4,4,0,7,0,0,1,3,0,0,0.162162162,sa828238
2016,Edwin Rodriguez,PHI,R,19,25,76,90,20,14,3,0,3,12,11,12,0,15,0,1,0,4,0,0,0.263157894,sa828243
2017,Edwin Rodriguez,PHI,R,20,33,95,105,20,12,5,0,3,15,20,5,0,12,2,3,0,5,0,0,0.210526315,sa828243
2016,Jean Carrillo,BAL,R,19,30,97,101,21,15,4,1,1,7,16,3,0,9,1,0,0,0,0,0,0.216494845,sa828250
2019,Josue Herrera,BAL,R,22,36,103,122,25,12,8,1,4,16,25,18,1,31,0,1,0,0,2,0,0.242718446,sa828287
2014,Osvaldo Duarte,HOU,R,18,20,75,88,21,17,3,1,0,13,6,8,0,16,0,2,3,1,9,4,0.28,sa828299
2015,Vicente Sanchez,HOU,R,18,27,92,114,20,16,4,0,0,19,4,18,0,38,1,1,2,0,6,3,0.217391304,sa828300
2017,Vicente Sanchez,HOU,R,20,22,71,79,12,7,3,1,1,9,5,7,0,23,0,1,0,0,1,0,0.169014084,sa828300
2016,Cristopher Luciano,HOU,R,20,28,81,103,9,7,1,0,1,5,5,20,0,29,1,0,1,3,0,0,0.111111111,sa828301
2015,Ihan Bernal,HOU,R,18,29,54,69,9,8,1,0,0,5,3,13,0,16,1,1,0,2,0,1,0.166666666,sa828302
2017,Ihan Bernal,HOU,R,20,16,26,34,2,1,1,0,0,2,2,6,0,15,1,0,1,1,0,0,0.076923076,sa828302
2014,Frankeny Fernandez,HOU,R,17,19,68,81,17,15,1,1,0,9,5,9,0,23,0,2,2,1,5,4,0.25,sa828303
2015,Frankeny Fernandez,HOU,R,18,43,122,143,18,12,4,1,1,11,10,19,0,44,0,2,0,1,7,6,0.147540983,sa828303
2015,Garvis Lara,MIA,R,19,53,192,220,54,46,3,5,0,27,16,17,0,41,0,2,9,0,13,2,0.28125,sa828305
2016,Wilson Amador,HOU,R,19,38,127,143,34,24,6,3,1,18,14,8,0,35,4,1,3,1,7,5,0.267716535,sa828306
2016,Andy Pineda,HOU,R,19,38,141,155,37,32,5,0,0,17,6,9,1,24,2,0,3,1,16,5,0.262411347,sa828307
2015,Pablo Garcia,MIA,R,18,42,135,146,33,31,1,0,1,14,14,7,0,15,3,1,0,2,5,1,0.244444444,sa828309
2017,Pablo Garcia,MIA,R,20,27,88,98,21,16,3,1,1,12,10,6,0,13,1,0,3,1,5,1,0.238636363,sa828309
2015,Carlos Tovar,BOS,R,19,18,60,65,15,12,3,0,0,7,5,3,0,16,0,1,1,0,5,1,0.25,sa828311
2015,Roldani Baldwin,BOS,R,19,47,156,185,45,34,8,0,3,18,25,14,0,19,8,7,0,3,1,1,0.288461538,sa828313
2015,Jhonny Santos,MIA,R,18,53,186,203,56,49,6,0,1,24,21,14,0,16,2,1,0,3,6,4,0.301075268,sa828314
2016,Samuel Miranda,BOS,R,18,27,86,96,25,17,6,0,2,5,16,5,1,16,3,1,1,3,0,0,0.290697674,sa828316
2014,Gilberto Ramirez,WSN,R,21,32,91,105,24,22,1,1,0,13,6,10,0,22,1,0,3,1,7,5,0.263736263,sa828319
2015,Gilberto Ramirez,WSN,R,22,25,79,83,23,19,3,1,0,9,4,1,0,19,2,0,1,1,6,6,0.29113924,sa828319
2015,Telmito Agustin,WSN,R,18,38,130,141,43,32,8,2,1,13,18,9,0,17,0,1,1,3,9,2,0.33076923,sa828321
2015,Anderson Franco,WSN,R,17,46,153,170,43,32,6,1,4,19,19,14,0,26,2,1,0,4,2,3,0.281045751,sa828322
2016,Anderson Franco,WSN,R,18,24,83,88,23,19,3,0,1,9,9,4,0,11,0,1,0,3,1,0,0.277108433,sa828322
2018,Anderson Franco,WSN,R,20,12,43,48,15,11,1,1,2,7,12,4,0,3,0,1,0,2,0,0,0.348837209,sa828322
2015,Jonathan Rivera,STL,R,18,32,107,116,23,19,3,1,0,6,12,5,0,28,1,3,0,2,0,2,0.214953271,sa828378
2017,Andres Luna,STL,R,19,18,59,66,17,13,2,1,1,7,6,6,0,13,1,0,0,0,3,0,0.288135593,sa828379
2016,Alexis Wilson,STL,R,19,30,94,109,21,15,6,0,0,9,11,10,0,23,4,1,0,5,0,0,0.223404255,sa828380
2016,Dennis Ortega,STL,R,19,36,115,133,41,35,4,2,0,23,16,15,0,13,2,0,1,5,7,4,0.356521739,sa828381
2018,Juan Montes,BAL,R,23,29,93,109,28,21,5,0,2,12,13,7,0,22,7,1,1,3,2,1,0.301075268,sa828387
2015,Davinson Pimentel,WSN,R,18,24,72,74,12,9,2,1,0,1,7,2,0,16,0,0,0,2,2,1,0.166666666,sa828410
2016,Davinson Pimentel,WSN,R,19,16,49,54,14,13,1,0,0,4,5,3,0,8,1,0,1,0,0,0,0.285714285,sa828410
2016,Jeyner Baez,WSN,R,20,6,20,24,11,7,4,0,0,4,4,3,0,1,0,1,0,1,1,0,0.55,sa828411
2015,Roni Tapia,MIN,R,18,32,81,87,13,13,0,0,0,7,5,5,0,25,0,0,1,1,1,1,0.160493827,sa828419
2016,Roni Tapia,MIN,R,19,20,55,58,7,3,1,0,3,5,5,3,0,29,0,0,0,2,0,1,0.127272727,sa828419
2017,Roni Tapia,MIN,R,20,24,82,88,14,6,6,1,1,6,11,3,0,31,2,0,1,2,1,1,0.170731707,sa828419
2016,Jose Tonton,TBR,R,20,39,135,157,27,19,5,1,2,18,15,13,0,56,7,1,1,0,4,2,0.2,sa828430
2018,Rafelin Lorenzo,PIT,R,21,9,26,27,8,4,3,0,1,3,3,1,0,6,0,0,0,0,0,0,0.307692307,sa828432
2015,Rafelin Lorenzo,TBR,R,18,40,131,142,25,15,8,0,2,9,15,8,1,25,2,1,0,3,6,1,0.190839694,sa828432
2015,Eduardo Navas,NYY,R,19,29,55,69,12,10,1,0,1,6,6,10,0,15,2,1,1,4,1,0,0.218181818,sa828438
2016,Jeremias Portorreal,PIT,R,18,8,29,32,5,2,1,2,0,3,4,3,0,7,0,0,0,1,0,0,0.172413793,sa828441
2017,Jeremias Portorreal,PIT,R,19,52,190,213,50,34,6,5,5,23,31,21,1,59,2,0,0,2,0,3,0.263157894,sa828441
2016,Mikell Granberry,PIT,R,20,32,119,128,31,19,9,1,2,14,19,5,0,38,2,2,0,3,3,3,0.260504201,sa828487
2017,Mikell Granberry,PIT,R,21,40,129,153,27,14,8,5,0,13,16,17,0,31,3,3,1,5,2,2,0.209302325,sa828487
2016,Yefry Reyes,MIA,R,19,29,89,103,14,12,2,0,0,8,9,9,0,9,0,2,3,3,0,3,0.15730337,sa828492
2016,Carlos Rodriguez,STL,R,19,28,95,109,23,17,2,3,1,12,7,14,0,30,0,0,0,1,0,1,0.242105263,sa828502
2016,Luis Flores,STL,R,19,33,76,86,20,16,4,0,0,11,5,6,0,23,1,1,2,0,1,2,0.263157894,sa828503
2017,Luis Flores,STL,R,20,34,99,113,19,13,3,2,1,16,9,9,0,19,2,2,1,3,4,2,0.191919191,sa828503
2015,Dionis Paulino,NYM,R,21,17,47,51,13,9,4,0,0,6,5,4,0,12,0,0,0,0,2,2,0.276595744,sa828542
2015,Luis Sanchez,NYY,R,18,15,27,30,6,5,1,0,0,4,2,2,0,8,1,0,0,0,0,0,0.222222222,sa828550
2016,Luis Perdomo,WSN,R,19,15,57,65,15,11,3,1,0,5,11,7,0,10,1,0,0,0,6,2,0.263157894,sa828582
2016,Antony Fuentes,TOR,R,20,36,114,123,28,18,4,4,2,14,16,5,0,10,4,0,0,4,7,1,0.245614035,sa828599
2014,Braxton Davidson,ATL,R,18,37,111,140,27,19,7,1,0,23,8,22,0,32,7,0,0,1,0,0,0.243243243,sa828679
2014,Blake Anderson,MIA,R,18,26,74,94,8,6,2,0,0,6,5,12,0,33,7,1,0,1,0,1,0.108108108,sa828683
2014,Justin Twine,MIA,R,18,44,166,179,38,24,8,5,1,19,16,6,0,52,7,0,0,1,5,1,0.228915662,sa828686
2016,Algeni Mateo,NYY,R,20,31,95,99,22,17,4,1,0,4,10,3,0,7,1,0,0,3,0,2,0.231578947,sa828735
2015,Luis Martinez,MIN,R,19,39,107,122,15,11,4,0,0,7,9,9,0,28,5,0,1,1,3,1,0.140186915,sa828745
2014,Milton Ramos,NYM,R,18,51,166,185,40,26,9,5,0,20,29,14,1,34,1,3,1,1,6,6,0.240963855,sa828792
2015,Milton Ramos,NYM,R,19,11,36,39,7,6,1,0,0,3,3,1,0,9,2,0,0,1,1,2,0.194444444,sa828792
2014,Brian Schales,MIA,R,18,49,173,200,42,33,8,0,1,24,23,16,0,28,5,4,2,5,2,5,0.242774566,sa828808
2017,Dario Unda,NYY,R,21,16,52,55,12,5,4,1,2,7,13,3,0,12,0,0,0,1,1,0,0.23076923,sa828819
2016,Manuel Herazo,TOR,R,21,38,70,78,18,14,3,0,1,7,10,2,0,17,3,1,1,1,0,0,0.257142857,sa828826
2016,Isrrael De La Cruz,DET,R,19,51,166,194,41,32,3,6,0,27,13,22,0,51,3,1,2,1,22,6,0.246987951,sa828863
2017,Isrrael De La Cruz,DET,R,20,46,128,139,38,31,5,2,0,23,8,8,0,33,1,1,1,2,16,10,0.296875,sa828863
2015,Ruben Perez,ATL,R,19,37,88,107,13,11,1,0,1,9,9,12,1,43,3,4,0,0,1,1,0.147727272,sa828864
2016,Ruben Perez,ATL,R,20,15,20,25,4,0,4,0,0,4,2,3,0,5,1,0,1,1,0,0,0.2,sa828864
2015,Jose Miguel Medina,NYM,R,18,31,84,97,22,18,4,0,0,8,8,13,0,16,0,0,0,1,3,5,0.261904761,sa828865
2015,Yeffry De Aza,NYM,R,18,31,99,109,31,24,7,0,0,10,13,5,0,26,1,3,1,1,2,2,0.313131313,sa828866
2014,Matt Morgan,TOR,R,18,39,119,133,11,8,2,0,1,8,7,14,0,56,0,0,0,0,0,2,0.092436974,sa828869
2014,Casey Soltis,MIA,R,19,33,121,139,32,29,3,0,0,13,8,14,0,33,3,0,0,2,2,1,0.264462809,sa828959
2015,Bryan Martelo,PHI,R,18,45,123,145,27,19,6,0,2,19,7,19,0,35,2,0,1,1,0,2,0.219512195,sa828971
2014,Roy Morales,MIA,R,19,25,76,89,17,14,3,0,0,11,7,6,0,2,4,2,1,5,0,2,0.22368421,sa829030
2015,Danny Mars,BOS,R,21,9,32,37,4,3,1,0,0,4,3,3,0,6,1,1,0,0,2,0,0.125,sa829046
2014,Bo Thompson,NYY,R,21,22,67,91,14,11,2,0,1,11,10,18,0,21,5,1,0,4,0,0,0.208955223,sa829069
2014,Zach Sullivan,MIA,R,18,30,93,113,26,20,3,1,2,12,11,16,0,19,2,2,0,0,9,1,0.279569892,sa829083
2015,Yoan Aybar,BOS,R,17,45,157,169,42,34,5,3,0,19,16,7,1,46,1,3,1,2,6,6,0.267515923,sa829086
2014,Anfernee Seymour,MIA,R,19,26,98,112,24,23,0,1,0,24,3,12,0,27,1,0,1,2,11,2,0.244897959,sa829114
2014,Dash Winningham,NYM,R,18,52,169,199,39,23,10,1,5,23,36,17,0,39,8,5,0,4,2,1,0.23076923,sa829127
2014,Luke Dykstra,ATL,R,18,44,149,166,39,26,11,0,2,16,28,9,0,12,4,3,1,8,7,2,0.261744966,sa829151
2014,Roberto Gonzalez,MIN,R,19,13,43,48,10,7,3,0,0,3,6,5,0,19,0,0,0,0,4,1,0.232558139,sa829184
2015,Roberto Gonzalez,MIN,R,20,38,117,132,31,28,3,0,0,13,7,13,0,31,2,0,0,2,8,3,0.264957264,sa829184
2014,Corey Baptist,DET,R,19,42,153,164,41,26,14,0,1,19,23,9,0,19,1,1,0,3,4,2,0.267973856,sa829232
2014,Raphael Ramirez,NYM,R,18,41,125,140,32,24,4,4,0,24,16,10,0,43,1,3,1,0,18,3,0.256,sa829239
2014,Jeremy Rivera,BOS,R,19,14,45,51,8,6,2,0,0,9,6,5,1,9,1,0,0,2,2,0,0.177777777,sa829240
2014,Tim Zier,PHI,R,22,41,142,164,46,36,8,2,0,23,17,20,0,14,2,0,0,0,6,5,0.323943661,sa829264
2014,Wigberto Nevarez,ATL,R,22,10,26,28,8,6,2,0,0,3,3,1,0,5,1,0,0,0,0,0,0.307692307,sa829283
2014,Devon Fisher,BOS,R,18,22,62,77,13,12,1,0,0,8,6,15,0,13,0,0,0,1,0,0,0.209677419,sa829287
2015,Devon Fisher,BOS,R,19,31,73,100,14,10,4,0,0,9,9,22,0,30,1,3,1,0,0,0,0.191780821,sa829287
2014,Jaime Ayende,TBR,R,18,30,76,93,8,6,2,0,0,9,1,15,0,39,0,0,2,1,0,2,0.105263157,sa829292
2015,Jaime Ayende,TBR,R,19,33,78,91,16,15,1,0,0,8,1,8,0,28,1,0,4,1,6,1,0.205128205,sa829292
2014,Ruben Castro,HOU,R,17,20,54,64,13,12,1,0,0,4,5,7,0,10,2,0,1,0,0,1,0.24074074,sa829293
2015,Ruben Castro,HOU,R,18,19,38,44,10,10,0,0,0,1,3,6,0,3,0,0,0,1,4,0,0.263157894,sa829293
2014,Eric Thomas,PIT,R,19,29,97,112,22,21,1,0,0,9,11,11,0,23,1,0,2,4,5,4,0.226804123,sa829300
2015,Eric Thomas,PIT,R,20,30,86,99,19,18,1,0,0,9,5,10,0,24,1,0,2,1,2,3,0.220930232,sa829300
2014,Jarrard Poteete,MIN,R,20,34,109,121,24,17,6,0,1,6,17,9,0,25,2,0,1,5,0,0,0.220183486,sa829301
2014,Cliff Brantley,TOR,R,21,25,82,89,19,16,1,2,0,11,4,4,0,14,2,0,1,2,3,1,0.231707317,sa829306
2015,Cliff Brantley,TOR,R,22,36,111,121,28,21,3,1,3,18,11,7,0,27,2,0,1,1,5,1,0.252252252,sa829306
2014,Chase Harris,PHI,R,22,7,27,30,9,7,1,1,0,4,1,1,0,3,1,1,0,0,4,0,0.333333333,sa829309
2014,Alejandro Juvier,BAL,R,18,40,118,128,21,16,4,1,0,16,9,8,0,32,2,0,0,0,5,0,0.177966101,sa829317
2015,Alejandro Juvier,BAL,R,19,29,103,111,30,24,4,2,0,14,10,5,1,22,2,0,1,1,4,1,0.291262135,sa829317
2014,Darryl Knight,NYM,R,21,14,44,50,12,7,3,2,0,4,5,3,1,14,2,1,0,2,2,1,0.272727272,sa829318
2014,Gerrion Grim,BAL,R,20,26,76,89,15,11,3,1,0,4,6,11,0,27,1,1,0,6,2,5,0.197368421,sa829326
2015,Gerrion Grim,BAL,R,21,49,162,181,39,27,6,1,5,25,16,15,1,46,2,2,0,2,7,3,0.24074074,sa829326
2015,Isiah Gilliam,NYY,R,18,42,135,153,40,27,11,1,1,12,23,15,0,23,0,3,0,6,2,2,0.296296296,sa829343
2014,Joseph Daris,ATL,R,22,14,43,48,15,13,2,0,0,8,4,3,0,8,1,0,1,0,4,0,0.348837209,sa829344
2014,Trenton Kemp,BOS,R,18,38,120,135,27,16,8,0,3,21,20,12,1,36,3,0,0,2,3,2,0.225,sa829348
2015,Trenton Kemp,BOS,R,19,40,124,154,29,19,6,4,0,20,14,24,0,33,4,1,1,3,8,3,0.233870967,sa829348
2014,Joel Fisher,PHI,R,21,29,63,67,18,11,6,0,1,6,5,2,0,13,1,0,1,1,0,0,0.285714285,sa829352
2014,Shane Zeile,DET,R,21,21,63,70,14,10,1,1,2,10,6,4,0,14,1,1,1,3,0,1,0.222222222,sa829366
2017,Shane Zeile,DET,R,24,9,36,39,11,9,2,0,0,5,6,3,0,8,0,0,0,2,2,0,0.305555555,sa829366
2014,Josh Ockimey,BOS,R,18,36,112,130,21,17,3,1,0,17,10,14,0,37,3,1,0,2,1,0,0.1875,sa829375
2015,Blake Schmit,MIN,R,23,10,37,39,11,8,2,0,1,5,6,2,0,8,0,0,0,0,3,1,0.297297297,sa829394
2014,Cade Gotta,TBR,R,22,49,159,195,39,23,11,3,2,34,21,30,1,39,3,2,1,2,16,3,0.245283018,sa829411
2014,Zac Law,TBR,R,17,29,102,116,26,19,5,2,0,20,10,8,1,18,3,3,0,2,5,0,0.25490196,sa829413
2019,Zac Law,TBR,R,22,7,23,25,5,4,1,0,0,5,3,2,0,3,0,0,0,0,0,0,0.217391304,sa829413
2014,Derek Miller,BOS,R,21,54,192,225,54,41,12,0,1,31,24,27,0,34,6,0,0,1,15,5,0.28125,sa829424
2014,Gabriel Ojeda,MIN,R,18,25,71,80,12,10,2,0,0,4,8,8,0,18,1,0,0,6,2,1,0.169014084,sa829429
2016,Juan Barriento,BOS,R,20,49,178,195,53,43,8,0,2,21,21,13,0,41,2,2,0,5,2,2,0.297752808,sa829438
2014,Griff Gordon,NYY,R,22,24,68,79,15,12,3,0,0,15,4,10,0,13,1,0,0,4,2,1,0.220588235,sa829441
2014,Griff Gordon,NYY,R,22,11,32,40,8,7,1,0,0,3,7,7,0,8,0,1,0,0,1,0,0.25,sa829441
2014,Conor Keniry,WSN,R,22,40,106,124,25,21,4,0,0,14,11,14,0,24,1,1,2,2,5,2,0.235849056,sa829443
2015,Tyler Hill,BOS,R,19,39,132,151,33,29,4,0,0,16,16,16,0,22,3,0,0,2,11,2,0.25,sa829481
2015,Michea Thomas,DET,R,24,22,54,63,9,7,1,0,1,6,2,7,0,12,0,0,2,0,0,0,0.166666666,sa829485
2016,Sean Godfrey,ATL,R,24,6,20,22,5,3,1,0,1,2,3,2,0,5,0,0,0,0,0,0,0.25,sa829487
2014,Dexture McCall,HOU,R,20,50,178,201,46,35,8,2,1,17,29,21,0,40,1,1,0,5,1,0,0.258426966,sa829535
2017,Denis Karas,MIA,R,21,38,129,148,22,15,5,0,2,20,15,14,0,42,4,1,0,2,3,0,0.170542635,sa829540
2014,Dave Pepe,TOR,R,22,27,69,86,21,17,4,0,0,11,11,14,0,6,2,1,0,6,2,2,0.304347826,sa829546
2016,Dominic Blanco,MIN,R,20,7,20,23,6,5,1,0,0,0,3,3,1,8,0,0,0,0,0,0,0.3,sa829563
2014,Alex McKeon,BOS,R,21,26,56,61,14,9,5,0,0,6,6,3,0,9,2,0,0,2,0,0,0.25,sa829577
2014,Julian Barzilli,STL,R,23,46,147,173,31,19,8,1,3,19,19,21,0,46,2,2,1,4,0,2,0.210884353,sa829578
2014,Will Kengor,DET,R,21,48,162,191,45,34,9,2,0,30,21,21,0,31,1,4,3,4,6,3,0.277777777,sa829584
2014,Edwin Medina,HOU,R,21,27,83,106,22,18,3,1,0,20,6,16,0,15,1,1,5,1,18,2,0.26506024,sa829616
2016,Brody Westmoreland,HOU,R,20,40,135,154,25,17,2,4,2,16,18,14,0,57,3,2,0,3,1,0,0.185185185,sa829671
2015,Kirvin Moesquit,BAL,R,20,18,73,80,23,19,4,0,0,13,10,5,0,11,2,0,0,0,8,4,0.315068493,sa829715
2014,Christian Knott,TBR,R,21,39,125,149,31,18,9,4,0,20,15,18,0,31,5,1,0,1,4,3,0.248,sa829719
2014,Alexander Lee,BAL,R,23,36,103,126,22,19,3,0,0,11,7,20,1,29,2,0,1,0,1,0,0.213592233,sa829730
2014,Tyree Davis,MIN,R,18,38,103,119,9,5,2,2,0,11,3,14,0,43,2,0,0,0,7,1,0.08737864,sa829751
2015,Tyree Davis,MIN,R,19,10,19,21,3,2,1,0,0,5,0,2,0,5,0,0,0,0,2,0,0.157894736,sa829751
2016,Tyree Davis,MIN,R,20,34,97,107,21,12,6,2,1,10,4,9,1,44,1,0,0,0,4,5,0.216494845,sa829751
2014,Arnaldo Berrios,NYM,R,18,31,103,112,28,21,7,0,0,13,12,8,0,26,0,0,1,3,5,2,0.27184466,sa829788
2014,Hector Lorenzana,BOS,R,22,8,24,29,4,4,0,0,0,5,1,4,0,6,1,0,0,0,0,1,0.166666666,sa829798
2016,L.P. Pelletier,HOU,R,20,24,78,85,15,14,0,0,1,9,4,4,0,25,2,0,1,2,5,0,0.192307692,sa829816
2014,Chris DeMorais,TBR,R,22,30,91,100,23,20,3,0,0,7,8,8,0,24,1,0,0,5,0,0,0.252747252,sa829825
2014,Magglio Ordonez,DET,R,18,15,34,41,4,4,0,0,0,2,3,5,0,14,0,0,2,1,0,0,0.117647058,sa829828
2015,Magglio Ordonez,DET,R,19,19,37,42,4,4,0,0,0,3,3,5,0,15,0,0,0,1,0,0,0.108108108,sa829828
2014,Dale Burdick,NYM,R,18,40,94,122,16,13,2,0,1,19,8,19,0,23,5,1,3,0,3,4,0.170212765,sa829841
2015,Dale Burdick,NYM,R,19,14,39,51,10,6,2,1,1,3,9,9,0,10,2,1,0,0,0,0,0.256410256,sa829841
2014,T.J. Olesczuk,BAL,R,22,34,102,108,27,18,8,1,0,8,12,2,0,26,3,1,0,4,3,2,0.264705882,sa829847
2015,Luis Perez,PIT,R,21,26,80,89,17,16,1,0,0,4,6,2,0,16,2,0,4,0,2,2,0.2125,sa830025
2015,Kevin Josephina,ATL,R,18,22,81,85,22,20,1,1,0,11,3,3,0,18,0,0,1,2,2,2,0.271604938,sa830120
2016,Jose Benjamin,HOU,R,20,21,72,77,22,14,6,2,0,9,9,2,0,17,1,0,2,0,6,6,0.305555555,sa830142
2017,Jose Benjamin,HOU,R,21,19,69,77,26,15,3,5,3,17,17,3,0,13,3,2,0,1,5,1,0.376811594,sa830142
2014,Matt Ford,TBR,R,23,48,170,186,37,25,11,1,0,15,15,12,0,36,3,1,0,5,1,3,0.217647058,sa830202
2014,Zach Marberry,TBR,R,23,11,24,27,4,3,0,0,1,4,3,2,0,10,1,0,0,0,0,0,0.166666666,sa830203
2014,Jomar Reyes,BAL,R,17,53,186,207,53,37,10,2,4,23,29,15,4,38,1,5,0,2,1,0,0.284946236,sa830204
2017,Jomar Reyes,BAL,R,20,7,28,31,13,12,1,0,0,6,4,1,0,3,1,1,0,0,0,0,0.464285714,sa830204
2014,Luis Encarnacion,PHI,R,16,40,140,154,32,21,8,1,2,18,15,9,0,39,4,0,1,5,1,0,0.228571428,sa830207
2015,Luis Encarnacion,PHI,R,17,54,192,211,52,42,5,1,4,21,36,12,0,38,2,5,0,5,1,0,0.270833333,sa830207
2014,Yeltsin Gudino,TOR,R,17,40,138,155,20,17,3,0,0,17,12,13,0,28,1,3,0,1,0,1,0.144927536,sa830208
2014,Freddy Rodriguez,TOR,R,17,34,113,129,27,20,4,2,1,12,6,10,0,30,1,0,5,1,1,1,0.238938053,sa830209
2016,Freddy Rodriguez,TOR,R,19,7,25,27,6,5,1,0,0,4,4,2,0,6,0,0,0,1,0,0,0.24,sa830209
2014,Michael Pritchard,STL,R,22,55,182,216,60,52,7,1,0,36,22,24,0,10,4,5,1,9,10,1,0.329670329,sa830215
2014,Derek Gibson,STL,R,23,42,143,165,43,32,5,4,2,15,22,17,0,18,3,2,0,3,3,3,0.3006993,sa830216
2014,Isael Soto,MIA,R,17,50,183,199,46,29,9,1,7,26,23,10,0,47,4,2,0,5,1,2,0.25136612,sa830217
2015,Isael Soto,MIA,R,18,7,26,32,9,5,2,1,1,3,5,5,1,6,0,1,0,0,0,1,0.346153846,sa830217
2014,Jose Pina,ATL,R,18,15,44,52,12,7,3,1,1,7,6,7,0,17,0,1,0,1,2,2,0.272727272,sa830220
2015,Jose Pina,ATL,R,19,32,100,107,28,22,5,0,1,10,12,4,0,19,0,2,0,1,5,1,0.28,sa830220
2014,Zac Shepherd,DET,R,18,51,173,201,52,31,12,5,4,34,29,21,0,44,2,5,0,2,5,1,0.300578034,sa830224
2014,Leonardo Molina,NYY,R,16,53,193,218,37,26,10,0,1,18,21,19,0,51,2,4,0,2,6,1,0.191709844,sa830227
2015,Leonardo Molina,NYY,R,17,48,162,178,40,27,9,2,2,15,17,10,0,37,1,3,2,5,6,5,0.24691358,sa830227
2014,Sam Kennelly,PIT,R,18,30,102,123,29,23,6,0,0,12,14,16,0,17,2,1,2,3,0,2,0.284313725,sa830230
2015,Sam Kennelly,PIT,R,19,46,159,175,41,31,7,2,1,10,23,11,0,37,2,3,0,3,1,1,0.257861635,sa830230
2016,Sam Kennelly,PIT,R,20,16,58,66,12,10,0,0,2,9,4,8,0,13,0,0,0,4,2,1,0.206896551,sa830230
2014,Jake Bowey,HOU,R,17,6,18,21,4,1,2,1,0,3,4,2,0,5,0,1,0,0,0,0,0.222222222,sa830328
2015,Jake Bowey,HOU,R,18,29,79,84,17,11,5,1,0,8,7,3,0,16,0,0,2,1,0,0,0.215189873,sa830328
2014,Jared Cruz,ATL,R,19,24,66,75,12,10,2,0,0,4,4,7,0,14,1,1,0,3,1,0,0.181818181,sa830329
2015,Jared Cruz,HOU,R,20,25,72,80,14,11,3,0,0,5,8,6,0,25,0,1,1,1,1,1,0.194444444,sa830329
2014,Michael Massi,STL,R,22,34,105,129,22,16,5,1,0,11,8,16,0,14,6,2,0,3,2,1,0.209523809,sa830331
2014,Giancarlo Brugnoni,DET,R,23,37,112,135,31,17,7,0,7,22,16,21,0,33,2,0,0,0,5,0,0.276785714,sa830334
2015,Giancarlo Brugnoni,DET,R,24,33,92,117,22,9,4,0,9,18,21,21,0,31,3,1,0,2,0,1,0.239130434,sa830334
2014,James Philibossian,DET,R,18,15,25,29,3,2,1,0,0,5,2,3,0,8,1,0,0,1,0,0,0.12,sa830336
2014,Ruar Verkerk,MIN,R,17,25,68,76,10,10,0,0,0,7,3,5,0,20,1,0,2,2,0,2,0.147058823,sa830340
2015,Ruar Verkerk,MIN,R,18,22,66,69,13,12,1,0,0,4,2,2,0,17,0,0,1,1,1,1,0.196969696,sa830340
2014,Brett Wellman,TOR,R,22,17,26,35,2,2,0,0,0,3,1,6,0,11,2,0,1,1,0,0,0.076923076,sa830342
2014,Jonathan Freemyer,TBR,R,23,14,51,56,13,11,2,0,0,7,5,3,1,12,2,0,0,1,3,0,0.25490196,sa830354
2014,Jamie Mitchell,TBR,R,24,18,44,48,11,8,3,0,0,5,3,2,0,3,1,0,1,1,0,1,0.25,sa830355
2014,Karl Hoschke,ATL,R,18,10,25,31,3,2,0,1,0,5,1,4,0,14,1,1,0,1,0,0,0.12,sa830472
2014,Josh Rapacz,TBR,R,23,30,72,78,10,8,1,1,0,4,4,3,0,9,3,0,0,7,0,0,0.138888888,sa830475
2014,Oscar Sanay,TBR,R,22,43,146,165,48,40,8,0,0,15,11,15,0,17,1,3,0,1,3,2,0.328767123,sa830476
2014,K.J. Alexander,NYY,R,22,33,56,76,17,14,2,0,1,7,8,15,0,17,4,1,0,0,0,0,0.303571428,sa830539
2017,David Vergel,NYY,R,20,21,40,52,6,5,1,0,0,10,3,9,0,12,2,1,0,2,0,0,0.15,sa830767
2016,Ronaldo Suarez,NYY,R,18,14,22,25,1,0,1,0,0,1,1,1,0,8,1,0,1,0,0,0,0.045454545,sa830832
2015,Ronaldo Suarez,NYY,R,17,24,41,44,5,3,2,0,0,2,2,2,0,15,1,0,0,0,2,1,0.121951219,sa830832
2017,Orlando Marquez,HOU,R,21,28,71,81,19,13,5,0,1,7,8,6,0,10,3,1,0,2,0,0,0.267605633,sa831745
2016,Oscar Campos,HOU,R,19,19,47,55,12,11,1,0,0,4,3,1,0,8,1,1,5,2,1,0,0.255319148,sa831986
2014,Derek Peterson,BAL,R,23,31,97,106,28,17,8,3,0,7,18,7,1,23,1,1,0,1,1,2,0.288659793,sa832558
2018,Yeison Perez,MIN,R,22,35,88,97,24,15,8,0,1,6,16,7,1,15,1,0,0,0,0,0,0.272727272,sa832883
2015,Ramon Ramirez,BAL,R,23,15,41,46,6,5,1,0,0,1,2,3,0,6,0,0,2,0,3,0,0.146341463,sa832924
2015,Reiny Beltre,HOU,R,18,17,54,66,10,8,1,1,0,7,5,7,0,7,3,0,2,0,0,2,0.185185185,sa833000
2016,Reiny Beltre,HOU,R,19,15,55,61,23,18,5,0,0,11,7,4,0,9,2,0,0,0,1,0,0.418181818,sa833000
2016,Moises Bello,DET,R,19,40,126,137,31,26,4,0,1,18,11,5,0,20,4,1,1,2,9,2,0.246031746,sa833333
2017,Moises Bello,DET,R,20,39,129,142,36,31,3,1,1,19,13,9,0,9,1,0,3,6,7,4,0.279069767,sa833333
2018,Moises Bello,DET,R,21,45,165,184,33,27,6,0,0,19,21,11,0,33,5,2,1,6,9,1,0.2,sa833333
2017,Luis Lebron,NYM,R,20,17,53,59,12,10,2,0,0,8,3,3,0,10,0,1,2,1,0,2,0.226415094,sa833404
2018,Luis Lebron,NYM,R,21,10,29,32,9,6,0,0,3,5,6,2,0,8,1,0,0,0,2,1,0.310344827,sa833404
2017,Hansel Moreno,NYM,R,20,16,62,72,24,19,3,2,0,16,8,7,0,9,0,1,2,1,5,1,0.387096774,sa833676
2016,Erick Mendez,NYY,R,20,26,98,110,29,15,10,1,3,15,26,9,0,31,3,0,0,2,2,2,0.295918367,sa833764
2015,Cecilio Aybar,NYM,R,21,32,84,92,20,16,3,1,0,9,8,4,0,28,2,1,1,0,1,3,0.238095238,sa834828
2014,Jake Gronsky,STL,R,22,24,80,92,23,16,5,1,1,9,15,8,0,10,3,1,0,2,0,0,0.2875,sa836176
2014,Billy Fleming,NYY,R,21,22,72,88,27,20,6,1,0,15,11,11,0,8,3,2,0,2,1,0,0.375,sa836204
2014,Connor Obrochta,ATL,R,21,19,64,74,14,10,2,2,0,6,10,7,0,16,1,2,0,1,2,0,0.21875,sa837580
2016,Jose Polonia,NYY,R,20,23,78,80,16,15,1,0,0,4,4,2,0,12,0,0,0,3,4,0,0.205128205,sa837662
2017,Jose Polonia,NYY,R,21,7,21,22,1,1,0,0,0,0,1,1,0,3,0,0,0,0,0,0,0.047619047,sa837662
2014,Graham Ramos,NYY,R,23,17,41,54,10,9,0,0,1,5,3,11,0,7,1,1,0,0,2,1,0.243902439,sa837926
2015,Griffin Garabito,NYY,R,17,48,164,184,43,38,5,0,0,21,14,15,1,29,1,2,2,3,2,1,0.262195121,sa839988
2016,Griffin Garabito,NYY,R,18,36,121,131,22,17,5,0,0,7,7,6,0,31,3,0,1,4,6,3,0.181818181,sa839988
2017,Griffin Garabito,NYY,R,19,52,190,204,48,31,11,1,5,26,32,10,0,44,3,1,0,3,2,0,0.252631578,sa839988
2014,Travis Brewster,MIA,R,22,9,23,25,5,5,0,0,0,2,1,2,0,8,0,0,0,0,4,0,0.217391304,sa840092
2014,Stephen Gaylor,ATL,R,22,9,40,43,13,11,1,1,0,7,2,1,0,8,1,0,1,0,2,0,0.325,sa842226
2016,Norberto Obeso,TOR,R,20,44,152,188,48,36,11,0,1,31,18,29,2,15,6,1,0,3,4,1,0.315789473,sa852308
2017,Michael Donadio,MIA,R,22,31,97,118,27,19,6,1,1,17,13,16,0,23,5,0,0,1,2,1,0.278350515,sa857712
2015,Dalton DiNatale,WSN,R,22,31,82,95,19,13,4,1,1,3,7,10,0,23,2,1,0,1,2,0,0.231707317,sa857720
2015,Ryan Hissey,TOR,R,21,10,31,39,11,7,3,0,1,6,6,5,1,7,2,1,0,2,1,0,0.354838709,sa857726
2016,Joe Cronin,MIN,R,22,24,81,97,16,14,1,0,1,6,7,9,0,17,5,1,1,0,7,3,0.197530864,sa857761
2015,Kyri Washington,BOS,R,20,11,38,44,10,8,1,0,1,6,7,6,0,11,0,0,0,0,0,1,0.263157894,sa857813
2015,Blair Beck,TBR,R,22,14,47,55,7,5,2,0,0,4,5,6,0,8,0,2,0,0,1,0,0.14893617,sa857830
2016,Danny Zardon,PHI,R,21,36,123,140,32,17,13,1,1,16,17,16,0,21,0,1,0,3,0,0,0.260162601,sa858049
2016,Dalton Britt,DET,R,22,28,85,98,23,16,5,1,1,4,9,10,1,13,0,2,1,3,3,2,0.270588235,sa858063
2016,Bernardo Heras,HOU,R,20,7,18,20,5,5,0,0,0,1,2,2,0,3,0,0,0,0,0,0,0.277777777,sa868882
2017,Bernardo Heras,HOU,R,21,19,42,47,13,10,3,0,0,8,7,3,0,4,1,0,1,1,0,1,0.309523809,sa868882
2016,Raul Rivas,PHI,R,19,33,100,110,24,23,1,0,0,13,8,3,0,15,3,1,3,3,1,1,0.24,sa871433
2017,Jesus Henriquez,PHI,R,19,28,89,101,23,21,2,0,0,10,9,7,0,12,1,3,1,2,1,0,0.258426966,sa871434
2016,Lenin Rodriguez,PHI,R,18,24,53,64,18,14,3,0,1,6,5,9,0,8,1,1,0,0,0,0,0.339622641,sa871435
2017,Lenin Rodriguez,PHI,R,19,32,61,76,16,13,2,0,1,11,7,14,0,6,1,0,0,3,1,1,0.262295081,sa871435
2021,Gustavo Polanco,PIT,CPX,24,18,56,62,13,12,1,0,0,6,9,4,0,7,1,0,1,2,1,0,0.232142857,sa871442
2016,Jose Salas,DET,R,19,48,158,178,35,28,5,2,0,19,14,11,1,25,5,1,3,5,1,6,0.221518987,sa871446
2017,Jose Salas,DET,R,20,34,103,115,28,24,3,0,1,15,5,8,0,16,4,0,0,3,4,2,0.27184466,sa871446
2018,Jose Salas,DET,R,21,25,84,91,15,9,3,0,3,9,11,5,0,14,0,2,0,2,0,3,0.178571428,sa871446
2016,Jose Gonzalez,DET,R,17,43,133,149,28,24,3,1,0,12,6,9,0,35,4,1,2,3,5,3,0.210526315,sa871447
2017,Jose Gonzalez,DET,R,18,11,35,42,6,5,1,0,0,9,1,3,0,8,3,0,1,1,2,0,0.171428571,sa871447
2016,Johandry Cortez,DET,R,18,24,58,68,12,8,3,0,1,6,5,4,0,20,4,0,2,4,2,0,0.206896551,sa871448
2017,Johandry Cortez,DET,R,19,29,80,86,19,17,1,0,1,6,9,5,0,18,1,0,0,1,1,0,0.2375,sa871448
2016,Carlos Guzman,DET,R,18,16,28,32,3,2,1,0,0,2,4,2,0,7,1,0,1,0,1,1,0.107142857,sa871477
2016,Alexander Rodriguez,DET,R,18,31,55,67,10,10,0,0,0,7,2,7,1,16,2,1,2,0,4,3,0.181818181,sa872127
2016,Irving Ortega,BAL,R,19,40,134,148,36,28,7,1,0,25,12,11,0,25,2,0,1,1,4,0,0.268656716,sa872446
2018,Irving Ortega,BAL,R,21,23,85,97,21,20,1,0,0,14,8,10,0,11,1,0,1,2,2,1,0.247058823,sa872446
2016,Kevin Vicuna,TOR,R,18,48,178,204,46,40,5,1,0,31,14,12,0,39,11,0,2,3,11,3,0.258426966,sa872466
2016,Jesus Navarro,TOR,R,18,18,55,60,10,8,2,0,0,4,2,3,0,13,1,0,1,0,0,0,0.181818181,sa872468
2016,Sterling Guzman,TOR,R,18,36,126,144,27,17,6,0,4,16,19,13,0,33,3,0,2,4,1,1,0.214285714,sa872469
2017,Brian Sanchez,STL,R,21,33,100,112,20,13,4,2,1,10,11,10,0,30,1,1,0,2,0,0,0.2,sa872475
2016,Sanel Rosendo,STL,R,19,24,62,76,11,8,2,0,1,4,5,10,0,21,3,1,0,1,0,0,0.177419354,sa872476
2017,Sanel Rosendo,STL,R,20,37,104,126,21,13,4,0,4,19,16,20,0,34,1,1,0,1,1,3,0.201923076,sa872476
2016,Starlin Balbuena,STL,R,18,45,154,169,39,25,9,2,3,16,23,9,0,45,3,0,3,6,2,2,0.253246753,sa872478
2017,Eduard Conde,BOS,R,19,10,29,32,6,4,2,0,0,4,4,2,0,5,0,0,1,1,0,0,0.206896551,sa872484
2016,Marino Campana,BOS,R,18,12,43,44,8,7,0,0,1,4,1,0,0,15,0,0,0,1,0,2,0.186046511,sa872486
2017,Marino Campana,BOS,R,19,9,36,42,9,7,2,0,0,3,4,4,1,6,1,1,0,0,0,0,0.25,sa872486
2016,Ronny Jimenez,HOU,R,21,5,19,21,5,4,1,0,0,2,0,2,0,5,0,0,0,0,1,1,0.263157894,sa872492
2017,Ozziel Sanchez-Galan,HOU,R,19,35,109,128,30,19,9,1,1,18,10,14,0,27,4,0,1,2,2,2,0.275229357,sa872493
2016,Randy Ventura,ATL,R,18,53,194,227,55,48,2,4,1,34,32,25,1,31,1,6,1,4,15,6,0.283505154,sa872499
2016,Alex Aquino,ATL,R,19,43,135,154,37,25,11,0,1,17,19,9,0,25,3,2,5,2,5,1,0.274074074,sa872500
2016,Anthony Concepcion,ATL,R,21,53,180,212,49,30,12,3,4,25,36,22,0,35,5,5,0,6,5,2,0.272222222,sa872502
2016,Marcos Rivera,MIA,R,19,43,123,143,25,21,3,1,0,17,7,19,0,41,1,0,0,2,2,1,0.203252032,sa872509
2016,Sleyter Soto,MIA,R,18,33,98,106,27,24,2,1,0,9,11,4,1,12,2,2,0,2,0,1,0.275510204,sa872511
2017,Jose Lizarraga,BAL,R,19,25,76,85,21,11,7,1,2,15,13,6,0,12,3,0,0,4,0,0,0.276315789,sa872512
2018,Jose Lizarraga,BAL,R,20,21,63,70,17,16,1,0,0,4,5,5,0,4,1,0,1,1,0,0,0.269841269,sa872512
2019,Jose Lizarraga,BAL,R,21,29,58,62,13,10,3,0,0,4,12,4,0,8,0,0,0,0,1,0,0.224137931,sa872512
2017,Pedro Ventura,NYM,R,20,30,93,108,18,13,3,0,2,9,5,10,0,22,2,0,3,1,1,0,0.193548387,sa872521
2016,Kenny Hernandez,NYM,R,17,16,59,65,12,9,2,0,1,5,3,5,0,20,0,1,0,0,0,0,0.20338983,sa872522
2017,Kenny Hernandez,NYM,R,18,51,183,211,38,31,6,0,1,15,20,22,1,40,3,2,1,3,3,3,0.207650273,sa872522
2016,Ranfy Adon,NYM,R,18,40,133,153,26,20,4,0,2,22,12,16,0,37,2,1,1,1,9,4,0.195488721,sa872525
2017,Ranfy Adon,NYM,R,19,11,50,54,14,8,4,2,0,9,1,4,0,16,0,0,0,1,1,0,0.28,sa872525
2016,Pablo Olivares,NYY,R,18,47,158,186,45,30,13,2,0,26,20,15,0,25,10,2,1,6,7,2,0.284810126,sa872547
2015,Wilkerman Garcia,NYY,R,17,37,121,150,34,27,6,1,0,20,18,24,0,19,1,3,1,2,6,8,0.280991735,sa872548
2016,Lisandro Blanco,NYY,R,19,26,81,99,9,5,3,0,1,7,6,17,0,36,0,0,1,2,1,1,0.111111111,sa872549
2017,Lisandro Blanco,NYY,R,20,33,109,122,22,15,4,1,2,10,8,9,0,38,3,1,0,2,2,0,0.201834862,sa872549
2016,Frederick Cuevas,NYY,R,18,9,26,27,6,5,1,0,0,3,1,1,0,5,0,0,0,1,0,1,0.23076923,sa872550
2016,Frederick Cuevas,NYY,R,18,21,60,63,16,14,0,1,1,8,8,3,0,12,0,0,0,0,5,1,0.266666666,sa872550
2016,Leobaldo Cabrera,NYY,R,18,43,143,158,28,26,1,0,1,13,11,11,0,32,2,1,1,2,3,4,0.195804195,sa872551
2016,Jason Lopez,NYY,R,18,11,26,30,5,3,1,0,1,2,7,1,0,8,2,1,0,0,1,0,0.192307692,sa872552
2016,Luis Hernandez,BAL,R,18,14,25,26,3,3,0,0,0,2,0,1,0,2,0,0,0,1,0,0,0.12,sa872553
2016,Melvin Jimenez,PIT,R,20,24,89,104,21,19,2,0,0,12,10,10,0,13,0,2,1,3,3,3,0.235955056,sa872557
2016,Yondry Contreras,PIT,R,18,47,181,204,32,24,7,0,1,16,8,12,0,63,5,1,5,2,5,3,0.17679558,sa872558
2017,Eddy Vizcaino,PIT,R,20,22,60,70,14,11,2,1,0,4,3,10,1,7,0,0,0,3,5,2,0.233333333,sa872559
2015,Danienger Perez,NYY,R,18,46,155,177,34,20,12,1,1,16,23,18,0,37,0,4,0,3,4,0,0.219354838,sa872563
2016,Danienger Perez,NYY,R,19,16,59,62,16,8,7,1,0,8,7,1,0,20,0,0,2,0,4,1,0.27118644,sa872563
2016,Brayan Emery,NYY,R,18,32,106,125,22,19,2,0,1,8,5,18,0,32,1,0,0,1,3,3,0.207547169,sa872564
2016,Juan De Leon,NYY,R,18,12,33,39,7,4,2,0,1,4,4,4,0,12,1,1,0,0,0,0,0.212121212,sa872565
2017,Juan De Leon,NYY,R,19,47,157,190,36,29,4,0,3,21,20,19,0,59,13,1,0,3,3,4,0.229299363,sa872565
2016,Miguel Flames,NYY,R,18,47,160,172,42,33,7,1,1,19,16,9,0,16,2,0,1,8,0,0,0.2625,sa872566
2017,Miguel Flames,NYY,R,19,53,190,218,47,34,9,2,2,25,25,19,0,40,4,5,0,3,0,3,0.247368421,sa872566
2016,Juan Uriarte,NYM,R,18,37,123,140,29,23,5,0,1,9,13,8,0,29,5,2,2,1,3,0,0.235772357,sa872569
2017,Domingo Martinez,NYM,R,22,37,127,147,31,23,7,0,1,14,16,16,0,31,2,2,0,2,0,2,0.244094488,sa872570
2016,Allan Santos,DET,R,18,48,144,157,25,19,4,0,2,10,20,8,0,42,4,0,0,7,1,1,0.173611111,sa872581
2017,Allan Santos,DET,R,19,40,128,149,22,11,9,1,1,10,12,16,1,40,1,3,1,6,2,1,0.171875,sa872581
2016,Moises Nunez,DET,R,19,22,75,85,24,18,3,0,3,15,18,9,1,18,1,0,0,3,1,0,0.32,sa872582
2017,Moises Nunez,DET,R,20,37,113,136,21,17,4,0,0,12,8,15,0,27,5,2,1,5,3,0,0.185840707,sa872582
2016,Moises Nunez,DET,R,19,16,34,38,6,4,1,0,1,4,6,4,0,16,0,0,0,0,0,0,0.176470588,sa872582
2017,Julio Martinez,DET,R,19,49,158,175,41,27,9,2,3,19,15,11,0,39,4,1,1,1,3,0,0.25949367,sa872583
2016,Julio Martinez,DET,R,18,42,140,152,32,23,7,1,1,15,9,10,0,47,1,1,0,4,2,0,0.228571428,sa872583
2018,Julio Martinez,DET,R,20,31,95,105,23,20,3,0,0,15,14,7,0,31,2,1,0,0,3,1,0.242105263,sa872583
2017,Jorge Ynirio,DET,R,19,35,106,111,24,22,1,1,0,9,5,3,0,21,0,0,2,2,4,3,0.226415094,sa872585
2018,Jorge Ynirio,DET,R,20,37,124,133,31,22,7,0,2,14,7,7,0,27,2,0,0,1,6,1,0.25,sa872585
2017,Dariel Gomez,STL,R,20,35,104,126,25,19,4,0,2,16,12,17,0,30,3,2,0,2,0,0,0.240384615,sa872729
2016,Edwin Figuera,STL,R,18,40,118,140,32,29,3,0,0,12,10,10,0,19,7,0,5,1,0,2,0.27118644,sa872730
2016,Daniel Brito,PHI,R,18,47,190,215,54,37,10,5,2,35,25,21,0,27,1,2,1,2,7,2,0.284210526,sa872732
2015,Miguelangel Sierra,HOU,R,17,24,75,88,12,9,2,1,0,6,1,8,0,33,3,0,2,0,4,3,0.16,sa872750
2016,Randy Vasquez,HOU,R,20,28,76,83,18,15,2,1,0,3,6,6,0,17,1,0,0,2,0,2,0.236842105,sa872753
2017,Ronny Rafael,HOU,R,19,28,72,87,9,5,2,1,1,6,9,12,0,32,1,2,0,0,0,0,0.125,sa872754
2016,Carlos Machado,HOU,R,18,26,98,101,32,28,3,1,0,13,12,2,0,13,1,0,0,3,4,5,0.326530612,sa872756
2017,Carlos Machado,HOU,R,19,33,116,132,37,27,4,4,2,18,14,10,1,17,4,2,0,1,5,2,0.318965517,sa872756
2017,Angel Tejeda,HOU,R,20,17,55,61,11,9,1,1,0,10,4,4,0,14,1,1,0,1,1,1,0.2,sa872757
2016,Juan Evangelista,WSN,R,18,16,54,59,16,11,4,1,0,11,4,3,0,9,1,1,0,1,1,0,0.296296296,sa872761
2017,Juan Evangelista,WSN,R,19,33,104,117,25,16,6,0,3,20,12,8,0,18,3,2,0,3,0,1,0.240384615,sa872761
2017,Santo Falcon,WSN,R,20,29,79,90,20,13,7,0,0,9,11,4,0,19,4,1,2,3,0,2,0.253164556,sa872762
2016,Omar Meregildo,WSN,R,18,28,74,81,11,10,1,0,0,7,4,6,0,16,0,1,0,0,2,1,0.148648648,sa872765
2017,Edwin Ventura,WSN,R,19,35,109,115,21,18,3,0,0,9,7,3,0,18,1,0,2,4,2,0,0.19266055,sa872772
2017,Jose Cabello,WSN,R,20,20,49,65,12,9,1,1,1,8,10,15,0,12,1,0,0,4,1,0,0.244897959,sa872773
2018,Jesus Morales,WSN,R,20,45,156,170,41,36,5,0,0,22,11,11,0,29,1,2,0,1,6,2,0.262820512,sa872776
2017,Sabriel Polanco,TBR,R,22,22,82,85,20,15,2,3,0,7,9,2,0,8,1,0,0,3,3,3,0.243902439,sa872788
2016,Yerson Santana,TBR,R,19,7,20,25,2,2,0,0,0,0,1,2,0,11,3,0,0,0,0,1,0.1,sa872792
2017,Yerson Santana,TBR,R,20,33,97,117,23,16,5,1,1,11,11,13,0,48,4,2,1,0,5,3,0.237113402,sa872792
2016,Juan Pineda,HOU,R,18,27,86,95,20,14,5,1,0,5,11,4,0,15,5,0,0,2,2,1,0.232558139,sa872798
2017,Juan Pineda,HOU,R,19,36,134,144,35,22,8,3,2,12,20,3,0,19,4,3,0,0,2,1,0.261194029,sa872798
2016,Gorge Munoz,MIN,R,20,54,199,224,51,35,13,1,2,23,18,13,1,37,6,5,1,6,13,3,0.256281407,sa872810
2016,Jean Carlos Arias,MIN,R,18,45,124,139,25,19,4,2,0,14,9,10,0,28,1,1,3,1,7,3,0.201612903,sa872811
2017,Jean Carlos Arias,MIN,R,19,48,168,185,50,34,7,4,5,30,32,14,0,42,2,0,1,0,10,3,0.297619047,sa872811
2017,Darling Cuesto,MIN,R,19,7,22,25,3,2,1,0,0,1,2,3,0,6,0,0,0,2,0,1,0.136363636,sa872812
2016,Yorman Rodriguez,TOR,R,18,21,54,68,16,13,0,1,2,12,5,7,0,5,6,0,1,1,6,1,0.296296296,sa872817
2018,Yorman Rodriguez,TOR,R,20,5,19,20,3,2,1,0,0,1,4,0,0,2,0,1,0,0,0,0,0.157894736,sa872817
2016,Angel Manzanarez,NYM,R,19,28,90,100,21,18,3,0,0,11,4,7,0,15,1,0,2,0,1,2,0.233333333,sa872832
2017,Ronal Reynoso,MIA,R,19,32,118,132,19,15,2,2,0,12,8,9,0,40,0,1,4,0,3,1,0.161016949,sa872842
2018,Ronal Reynoso,MIA,R,20,36,113,132,32,26,3,2,1,15,13,11,0,30,3,2,3,1,4,3,0.28318584,sa872842
2019,Ronal Reynoso,MIA,R,21,9,22,25,7,5,1,0,1,2,5,2,0,8,1,0,0,0,2,0,0.318181818,sa872842
2016,Lorenzo Cedrola,BOS,R,18,53,214,238,62,45,14,1,2,33,21,11,0,28,10,2,1,1,9,4,0.289719626,sa872850
2016,Imeldo Diaz,BOS,R,18,46,171,181,40,35,4,1,0,11,14,5,1,24,2,1,2,6,0,3,0.233918128,sa872851
2016,Stanley Espinal,BOS,R,19,53,203,226,44,30,12,0,2,24,20,16,1,38,5,2,0,4,2,2,0.216748768,sa872852
2017,Ramfis Berroa,BOS,R,21,27,95,107,26,19,3,1,3,11,16,9,1,38,2,1,0,2,3,0,0.27368421,sa872853
2018,Freiberg Marin,BOS,R,20,23,66,74,13,12,1,0,0,2,5,5,0,13,2,1,0,0,1,2,0.196969696,sa872855
2017,Carlos Pulido,BOS,R,19,11,20,27,2,2,0,0,0,2,4,6,0,4,1,0,0,0,0,0,0.1,sa872863
2018,Carlos Pulido,BOS,R,20,20,75,80,16,12,4,0,0,6,4,4,0,14,1,0,0,2,0,0,0.213333333,sa872863
2016,Raul Hernandez,PIT,R,20,25,90,105,20,15,2,0,3,13,16,10,1,11,2,0,3,2,4,4,0.222222222,sa873181
2016,Sander Boeldak,ATL,R,19,23,56,63,14,9,2,2,1,10,9,3,0,15,0,0,3,0,1,1,0.25,sa873191
2016,Luis Mejia,ATL,R,19,35,120,130,29,26,2,1,0,14,11,5,0,18,0,1,4,3,3,1,0.241666666,sa873192
2017,Nelson B Alvarez,NYY,R,21,48,144,180,26,23,2,1,0,12,9,31,0,37,4,1,0,3,5,1,0.180555555,sa873204
2018,Nelson B Alvarez,NYY,R,22,33,87,111,9,7,1,0,1,13,6,22,0,20,0,1,1,2,1,0,0.103448275,sa873204
2017,Carlos Gallardo,NYY,R,20,25,69,91,12,10,0,1,1,10,7,18,0,26,2,1,1,4,0,0,0.173913043,sa873206
2016,Carlos Gallardo,NYY,R,19,27,54,59,7,7,0,0,0,3,2,1,0,24,3,1,0,5,1,0,0.129629629,sa873206
2017,Jonathan Amundaray,NYY,R,19,15,57,59,8,7,1,0,0,3,3,1,1,15,1,0,0,1,1,1,0.140350877,sa873212
2017,Jonathan Amundaray,NYY,R,19,20,57,61,14,11,2,0,1,8,8,4,0,11,0,0,0,3,0,2,0.245614035,sa873212
2021,Nelson Gomez,NYY,CPX,23,25,70,82,17,7,7,0,3,11,20,7,0,22,4,1,0,1,2,0,0.242857142,sa873303
2016,Nelson Gomez,NYY,R,18,54,191,213,37,16,11,1,9,24,37,8,0,55,8,6,0,5,0,0,0.193717277,sa873303
2017,Leandro Cedeno,STL,R,18,9,37,39,13,5,4,0,4,8,12,1,0,7,0,1,0,1,0,0,0.351351351,sa873307
2018,Keibert Petit,BOS,R,19,34,103,124,23,13,7,2,1,9,15,19,0,40,1,0,1,4,0,0,0.22330097,sa873312
2017,Andres Guerra,TOR,R,20,14,44,50,5,2,3,0,0,5,2,5,0,13,0,0,1,0,0,0,0.113636363,sa873330
2018,Antonio Arias,NYY,R,20,36,89,100,14,12,2,0,0,4,11,7,0,23,0,4,0,8,1,1,0.15730337,sa873482
2017,Gabriel Brito,PIT,R,19,35,112,127,29,21,6,2,0,13,16,9,0,28,4,2,0,2,0,1,0.258928571,sa873561
2017,Michael Hernandez,MIA,R,22,10,31,38,10,6,0,1,3,10,9,4,0,11,2,1,0,0,0,0,0.322580645,sa873626
2017,Cristopher Perez,PIT,R,19,43,140,152,35,30,5,0,0,9,10,6,0,25,4,0,2,2,1,2,0.25,sa873730
2017,Richard Slenker,HOU,R,22,9,22,28,6,2,2,0,2,4,4,5,0,3,1,0,0,0,0,1,0.272727272,sa873973
2016,C.J. Chatham,BOS,R,21,8,24,25,4,1,2,0,1,2,2,0,0,7,1,0,0,2,0,0,0.166666666,sa873984
2015,Frank Crinella,BAL,R,21,40,123,150,32,23,3,5,1,24,12,19,0,27,5,2,1,2,5,6,0.260162601,sa873985
2017,Alex Robles,MIN,R,21,50,182,199,59,50,6,0,3,30,29,8,1,14,6,2,1,7,10,4,0.324175824,sa874040
2017,Stephen Alemais,PIT,R,22,8,27,31,7,4,3,0,0,6,2,4,1,5,0,0,0,0,0,0,0.259259259,sa874070
2015,Cornelius Randolph,PHI,R,18,53,172,212,52,33,15,3,1,34,24,32,0,32,6,2,0,3,6,5,0.302325581,sa874241
2015,Garrett Whitley,TBR,R,18,30,96,116,18,9,4,2,3,12,13,16,0,25,2,2,0,2,5,4,0.1875,sa874244
2016,Chris Betts,TBR,R,19,16,42,55,9,6,2,1,0,5,6,10,0,13,1,2,0,0,2,0,0.214285714,sa874791
2015,Desmond Lindsay,NYM,R,18,21,69,81,21,14,4,2,1,10,6,11,1,21,0,0,1,2,3,2,0.304347826,sa874792
2018,Desmond Lindsay,NYM,R,21,6,20,25,6,4,2,0,0,4,3,3,0,7,1,1,0,0,2,0,0.3,sa874792
2015,Bryce Denton,STL,R,17,44,155,169,30,26,1,2,1,21,14,11,0,32,2,1,0,3,3,0,0.193548387,sa874798
2017,Carlos Tatis,NYY,R,20,24,88,98,22,17,3,0,2,8,13,5,0,15,2,3,0,2,1,0,0.25,sa874814
2015,Zeek White,MIA,R,18,35,126,132,37,28,7,2,0,19,8,3,0,44,2,0,1,0,13,0,0.293650793,sa874992
2015,Jagger Rusconi,BOS,R,18,16,53,58,9,5,2,2,0,7,7,2,0,11,2,1,0,1,1,0,0.16981132,sa875030
2016,Jagger Rusconi,BOS,R,19,7,24,25,7,5,2,0,0,1,3,1,0,3,0,0,0,0,1,0,0.291666666,sa875030
2017,Jagger Rusconi,BOS,R,20,7,26,30,8,5,3,0,0,5,3,4,0,10,0,0,0,0,2,0,0.307692307,sa875030
2018,Jagger Rusconi,BOS,R,21,6,20,22,6,6,0,0,0,3,1,1,0,6,0,0,0,0,0,0,0.3,sa875030
2015,Nestor Muriel,HOU,R,17,36,79,96,10,7,2,0,1,9,3,11,0,38,1,0,5,0,2,1,0.126582278,sa875061
2016,Nestor Muriel,HOU,R,18,24,60,71,9,7,2,0,0,4,1,5,0,28,4,0,2,2,1,3,0.15,sa875061
2015,Jason Heinrich,BAL,R,19,45,152,178,41,30,7,2,2,14,23,16,0,40,7,3,0,2,0,1,0.269736842,sa875092
2015,Justin Cohen,MIA,R,18,18,56,63,18,12,4,0,2,10,12,5,0,24,0,1,1,2,1,0,0.321428571,sa875134
2017,Justin Cohen,MIA,R,20,28,90,108,22,19,1,2,0,14,6,16,0,31,1,1,0,1,1,1,0.244444444,sa875134
2016,Moises Gomez,TBR,R,17,47,168,183,37,24,9,3,1,20,10,12,0,37,1,2,0,3,4,3,0.220238095,sa875163
2015,Kolton Kendrick,MIN,R,18,24,70,89,14,10,3,1,0,7,5,18,0,24,1,0,0,4,0,0,0.2,sa875191
2016,Kolton Kendrick,MIN,R,19,14,41,49,3,2,0,0,1,1,1,7,1,24,1,0,0,0,0,1,0.073170731,sa875191
2015,Greg Pickett,PHI,R,18,29,84,97,15,8,6,0,1,5,4,12,0,31,1,0,0,2,0,0,0.178571428,sa875193
2018,Greg Pickett,PHI,R,21,7,20,25,1,0,1,0,0,1,3,5,0,8,0,0,0,1,0,0,0.05,sa875193
2015,Seamus Curran,BAL,R,17,40,138,156,32,20,10,1,1,16,18,15,1,29,1,1,1,2,0,1,0.231884057,sa875212
2016,Seamus Curran,BAL,R,18,43,145,167,41,26,9,1,5,22,30,20,3,33,2,0,0,5,0,1,0.28275862,sa875212
2015,Connor Panas,TOR,R,22,6,23,26,9,7,1,0,1,5,4,2,0,3,1,0,0,0,1,0,0.391304347,sa875228
2016,Nick Shumpert,ATL,R,19,26,74,80,14,8,5,0,1,12,7,4,0,25,1,1,0,4,3,1,0.189189189,sa875232
2015,Yomar Valentin,BOS,R,17,24,86,99,20,16,3,1,0,15,7,9,0,12,1,0,3,3,1,0,0.232558139,sa875244
2016,Yomar Valentin,BOS,R,18,33,91,107,20,14,4,1,1,13,10,12,1,19,0,3,1,2,2,2,0.219780219,sa875244
2015,Cole Bauml,DET,R,22,37,103,117,22,20,2,0,0,10,7,6,0,25,2,3,3,2,2,1,0.213592233,sa875277
2015,Andrew Brodbeck,STL,R,22,48,134,161,31,19,8,4,0,26,12,18,0,31,6,2,1,1,6,3,0.231343283,sa875312
2017,Andrew Brodbeck,STL,R,24,7,18,23,6,4,1,1,0,2,2,3,0,3,1,1,0,0,2,1,0.333333333,sa875312
2015,Jaylen Ferguson,BAL,R,17,48,158,175,37,29,4,3,1,23,18,14,0,43,1,0,2,2,10,1,0.234177215,sa875317
2017,Hector Martinez,HOU,R,18,43,134,163,36,29,5,0,2,21,16,21,0,47,7,1,0,2,3,1,0.268656716,sa875333
2018,Hector Martinez,HOU,R,19,40,121,144,25,16,7,0,2,21,14,19,1,52,3,1,0,0,5,2,0.20661157,sa875333
2018,Yeltsin Encarnacion,MIN,R,20,21,88,96,27,23,2,1,1,22,11,7,0,12,0,0,1,0,4,0,0.306818181,sa875336
2015,Kerby Camacho,MIN,R,17,19,54,59,5,3,1,0,1,2,5,4,0,13,1,0,0,2,0,0,0.092592592,sa875339
2017,Kerby Camacho,MIN,R,19,21,61,74,15,10,5,0,0,6,10,13,1,10,0,0,0,5,3,0,0.245901639,sa875339
2015,Nicholos Hamilton,BOS,R,17,18,49,57,5,4,1,0,0,3,2,6,0,29,2,0,0,1,7,0,0.102040816,sa875344
2016,Nicholos Hamilton,BOS,R,18,14,42,54,8,5,3,0,0,10,1,7,0,11,3,0,1,1,3,1,0.19047619,sa875344
2016,Hunter Newman,STL,R,22,21,74,87,22,15,4,1,2,11,11,8,0,13,4,1,0,3,0,0,0.297297297,sa875349
2016,Tristan Graham,BAL,R,20,54,196,215,45,35,8,1,1,22,26,13,0,60,5,1,0,2,4,2,0.229591836,sa875350
2015,Kenneth Bautista,NYM,R,17,33,107,116,20,16,2,1,1,9,11,6,0,36,2,1,0,1,3,1,0.186915887,sa875366
2016,Kenneth Bautista,NYM,R,18,25,88,100,14,9,5,0,0,4,9,6,1,38,3,2,1,1,0,0,0.159090909,sa875366
2017,Kenneth Bautista,NYM,R,19,43,129,154,34,17,13,1,3,18,20,22,0,43,3,0,0,0,1,1,0.263565891,sa875366
2015,Juandy Mendoza,TOR,R,20,43,119,146,23,16,6,0,1,12,13,15,0,42,7,1,4,3,10,1,0.19327731,sa875369
2018,Eric Senior,WSN,R,20,34,113,125,31,23,8,0,0,13,14,9,0,19,1,1,1,0,3,2,0.274336283,sa875381
2015,Reggie Pruitt,TOR,R,18,36,121,144,27,20,6,1,0,23,12,12,0,37,4,2,5,0,15,2,0.223140495,sa875404
2015,Terry Bennett,MIA,R,18,31,88,96,17,13,3,1,0,15,6,5,0,33,2,1,0,4,0,1,0.193181818,sa875578
2016,Terry Bennett,MIA,R,19,33,110,122,23,17,3,1,2,14,10,7,1,31,2,1,2,1,3,2,0.209090909,sa875578
2015,Justin Ellison,ATL,R,20,27,98,108,25,17,5,1,2,11,17,9,0,22,0,1,0,1,5,0,0.25510204,sa875581
2015,Terrance Robertson,NYY,R,18,38,125,138,18,16,1,1,0,13,8,7,0,39,4,1,1,3,4,3,0.144,sa875582
2016,Terrance Robertson,NYY,R,19,22,62,80,16,12,2,2,0,22,5,18,0,18,0,0,0,0,10,3,0.258064516,sa875582
2016,Terrance Robertson,NYY,R,19,16,54,62,13,13,0,0,0,8,4,6,0,15,2,0,0,0,3,4,0.24074074,sa875582
2017,Terrance Robertson,NYY,R,20,42,144,174,38,25,12,1,0,25,16,24,0,43,4,1,1,4,10,4,0.263888888,sa875582
2015,Jerry Downs,BOS,R,21,42,131,163,36,26,8,0,2,23,24,23,1,27,6,3,0,2,5,2,0.27480916,sa875630
2017,Jerry Downs,BOS,R,23,11,32,43,6,3,3,0,0,7,3,3,0,8,6,2,0,0,0,0,0.1875,sa875630
2015,Lean Marrero,MIN,R,17,24,63,71,10,8,0,1,1,4,3,7,0,16,0,0,1,1,5,2,0.158730158,sa875650
2016,Lean Marrero,MIN,R,18,36,107,115,31,22,6,1,2,10,12,5,0,16,0,1,2,0,5,3,0.289719626,sa875650
2015,Bradley Keller,ATL,R,18,44,143,162,35,26,6,0,3,22,17,13,0,50,4,2,0,1,7,4,0.244755244,sa875660
2016,James Nelson,MIA,R,18,43,161,180,45,34,10,0,1,25,24,14,0,30,2,3,0,3,7,3,0.279503105,sa875753
2015,Branden Becker,BAL,R,18,42,151,170,33,30,3,0,0,17,12,15,0,20,2,0,1,4,1,4,0.218543046,sa875755
2016,Branden Becker,BAL,R,19,37,124,131,28,24,4,0,0,10,7,4,0,22,2,1,0,5,0,2,0.225806451,sa875755
2015,Greg Brodzinski,PHI,R,23,16,29,30,10,9,1,0,0,1,2,1,0,1,0,0,0,0,0,0,0.344827586,sa875756
2015,Jorge Martinez,HOU,R,18,19,31,36,4,2,2,0,0,2,3,5,0,8,0,0,0,0,0,0,0.129032258,sa875787
2016,Jorge Martinez,HOU,R,19,16,28,34,1,1,0,0,0,3,0,5,0,15,0,0,1,1,0,0,0.035714285,sa875787
2015,Andrew Noviello,BOS,R,18,18,38,46,5,3,2,0,0,7,1,7,0,15,0,0,1,1,0,0,0.131578947,sa875790
2016,Andrew Noviello,BOS,R,19,14,35,38,6,5,1,0,0,2,3,1,0,18,2,0,0,0,1,0,0.171428571,sa875790
2015,Clayton Brandt,WSN,R,22,34,88,104,17,12,4,1,0,18,7,10,0,28,4,0,2,1,2,3,0.193181818,sa875801
2015,Devin Davis,TBR,R,18,36,115,136,30,25,3,0,2,13,5,16,0,32,4,0,0,1,2,0,0.260869565,sa875805
2015,Jonathan Morales,ATL,R,20,46,135,152,41,27,7,0,7,24,22,14,0,14,2,0,1,2,2,2,0.303703703,sa875808
2018,Jonathan Morales,ATL,R,23,8,27,31,7,5,1,0,1,2,3,2,0,2,2,0,0,0,0,0,0.259259259,sa875808
2015,Robert Nesovic,ATL,R,21,31,99,122,24,19,5,0,0,17,7,19,0,22,3,1,0,1,6,2,0.242424242,sa875858
2015,Jake Thomas,TOR,R,21,47,156,193,41,33,3,2,3,25,20,28,0,34,6,1,2,2,6,2,0.262820512,sa875859
2015,Stuart Levy,BAL,R,22,18,55,67,14,11,3,0,0,10,7,4,0,14,6,1,1,2,1,1,0.254545454,sa875870
2016,Wagner Lagrange,NYM,R,20,46,186,199,43,32,10,0,1,16,21,11,1,25,1,1,0,3,1,1,0.231182795,sa875875
2015,Anthony Dimino,NYM,R,21,30,105,122,31,26,5,0,0,15,10,15,0,16,0,1,1,2,2,1,0.295238095,sa875888
2015,Collin Yelich,ATL,R,21,43,124,150,30,24,5,0,1,13,13,23,0,15,2,0,1,3,2,2,0.241935483,sa875989
2016,Collin Yelich,ATL,R,22,10,19,24,4,4,0,0,0,2,2,3,0,5,1,1,0,1,0,0,0.210526315,sa875989
2015,Kris Goodman,MIA,R,22,30,72,86,17,15,1,0,1,5,4,8,0,16,5,0,1,2,2,5,0.236111111,sa876084
2017,DJ Neal,TOR,R,20,42,155,167,46,34,7,2,3,23,20,8,0,26,3,1,0,2,8,2,0.296774193,sa876087
2015,Kalik May,TOR,R,22,42,138,165,36,24,6,4,2,24,12,19,0,42,7,1,0,1,10,3,0.260869565,sa876110
2015,Angelo La Bruna,WSN,R,23,32,93,102,25,18,6,1,0,9,5,3,0,15,2,1,3,0,1,1,0.268817204,sa876118
2015,Brian Olson,MIN,R,22,17,55,70,15,13,1,1,0,11,3,12,0,10,2,1,0,2,0,0,0.272727272,sa876130
2016,Brian Olson,MIN,R,23,10,23,28,5,2,3,0,0,1,0,5,0,9,0,0,0,1,0,0,0.217391304,sa876130
2017,Brian Olson,MIN,R,24,11,32,35,5,3,1,1,0,1,6,2,0,7,1,0,0,0,0,0,0.15625,sa876130
2016,Ben Pelletier,PHI,R,17,27,83,89,18,15,2,1,0,14,5,5,0,25,1,0,0,2,1,0,0.216867469,sa876134
2017,Ben Pelletier,PHI,R,18,46,171,180,57,40,13,1,3,21,26,8,0,30,0,1,0,2,1,0,0.333333333,sa876134
2021,Ben Pelletier,PHI,CPX,22,7,17,23,9,4,4,0,1,5,6,4,0,3,1,1,0,0,0,0,0.529411764,sa876134
2015,Ryan Caldwell,TBR,R,19,29,97,106,19,16,2,1,0,8,3,7,0,20,1,0,1,2,2,3,0.195876288,sa876144
2016,Ryan Caldwell,TBR,R,20,26,73,81,11,11,0,0,0,5,9,6,0,30,0,0,2,0,3,1,0.150684931,sa876144
2016,Jonathon Arrowood,TBR,R,22,41,143,162,42,30,9,1,2,18,22,14,2,40,5,0,0,6,3,1,0.293706293,sa876175
2015,Matthew Foley,MIA,R,21,13,23,25,3,3,0,0,0,2,3,2,0,9,0,0,0,0,0,0,0.130434782,sa876176
2016,Matthew Foley,MIA,R,22,12,28,36,7,7,0,0,0,6,2,5,0,7,2,1,0,1,0,1,0.25,sa876176
2017,Matthew Foley,NYM,R,23,23,69,75,20,12,7,0,1,11,7,6,0,20,0,0,0,0,0,0,0.289855072,sa876176
2015,Robert Lucido,TOR,R,22,16,27,37,7,4,2,1,0,8,1,10,0,8,0,0,0,0,1,0,0.259259259,sa876181
2015,Cameron Newell,MIA,R,23,19,55,63,17,15,2,0,0,6,3,7,0,13,0,0,1,0,4,3,0.309090909,sa876203
2015,Lance Jones,TOR,R,22,36,117,150,35,28,3,3,1,19,16,26,0,25,5,0,2,1,6,2,0.299145299,sa876262
2015,Dylan Tice,STL,R,22,41,150,167,42,34,3,1,4,20,22,14,0,18,1,2,0,2,1,2,0.28,sa876269
2015,Stephen Zavala,STL,R,22,14,40,52,11,7,4,0,0,4,5,9,0,8,3,0,0,0,0,0,0.275,sa876307
2016,Kevin Santiago,TBR,R,18,35,114,137,23,16,5,0,2,15,11,11,0,36,7,1,4,2,2,1,0.201754385,sa876308
2016,Mike Garzillo,MIA,R,22,9,32,38,10,8,1,1,0,4,2,5,0,7,1,0,0,0,1,2,0.3125,sa876360
2015,Orlando Olivera,STL,R,24,10,44,48,14,9,3,0,2,5,10,3,0,7,1,0,0,1,0,0,0.318181818,sa876376
2015,Nash Knight,TOR,R,22,47,140,172,29,22,5,0,2,17,18,28,0,39,0,4,0,8,2,1,0.207142857,sa876814
2016,Shean Michel,ATL,R,18,26,87,96,17,16,1,0,0,12,8,7,0,18,0,0,2,3,3,1,0.195402298,sa877018
2017,Shean Michel,ATL,R,19,5,22,24,5,4,1,0,0,3,2,2,0,3,0,0,0,0,2,0,0.227272727,sa877018
2015,Paul Brands,PIT,R,18,16,45,54,10,8,1,1,0,3,4,6,0,19,3,0,0,0,0,0,0.222222222,sa877022
2016,Paul Brands,PIT,R,19,31,107,124,27,23,3,1,0,11,9,11,0,37,4,1,1,1,3,1,0.252336448,sa877022
2016,Alexis Garcia,DET,R,18,36,88,103,22,18,4,0,0,12,10,10,0,22,1,1,3,2,4,2,0.25,sa877124
2017,Alexis Garcia,DET,R,19,39,125,148,26,18,4,4,0,19,16,17,1,39,2,3,1,0,8,4,0.208,sa877124
2016,Ricardo Rodriguez,ATL,R,18,29,80,88,18,14,4,0,0,9,7,5,0,10,2,1,0,3,0,0,0.225,sa877334
2017,Ricardo Rodriguez,ATL,R,19,29,105,112,25,17,6,1,1,8,12,3,2,11,1,3,0,3,0,0,0.238095238,sa877334
2015,Samuel Castro,MIA,R,17,54,200,227,53,44,6,3,0,36,13,14,0,41,7,2,4,1,10,6,0.265,sa877486
2015,Rowan Ebersohn,MIN,R,19,27,83,87,16,12,4,0,0,6,3,3,0,16,0,1,0,2,2,1,0.192771084,sa877491
2015,Bryant Hayman,MIN,R,22,33,99,115,22,11,7,2,2,16,11,11,0,33,4,1,0,0,0,0,0.222222222,sa877492
2015,Hernys Blanco,BAL,R,20,27,36,46,8,5,3,0,0,10,2,5,0,12,4,0,1,1,3,0,0.222222222,sa877493
2016,Hernys Blanco,BAL,R,21,7,15,20,2,1,1,0,0,2,0,4,0,6,1,0,0,1,0,0,0.133333333,sa877493
2015,Arquimedes Gamboa,PHI,R,17,50,190,206,36,26,7,3,0,23,16,15,1,50,1,0,0,3,8,2,0.189473684,sa877497
2015,Juan Luis,PHI,R,19,39,123,142,30,20,5,3,2,26,10,9,0,30,6,2,2,0,14,1,0.243902439,sa877499
2015,Izzy Wilson,ATL,R,17,48,144,173,32,16,5,1,10,29,22,26,0,56,2,0,1,1,3,4,0.222222222,sa877504
2015,Adrian Rondon,TBR,R,16,43,145,164,24,15,8,1,0,3,11,17,0,57,1,1,0,3,0,2,0.165517241,sa877519
2015,Christian Correa,HOU,R,22,11,17,22,1,1,0,0,0,0,2,2,0,3,2,0,1,1,0,0,0.058823529,sa877549
2015,Allen Staton,STL,R,22,11,40,46,12,7,3,1,1,4,8,6,0,4,0,0,0,2,2,0,0.3,sa877550
2015,Jovany Felipe,TBR,R,22,15,33,42,6,6,0,0,0,5,4,7,0,13,1,1,0,0,0,0,0.181818181,sa877554
2015,Will Barring,NYM,R,22,44,135,152,21,15,2,3,1,16,9,12,0,44,3,1,1,0,5,2,0.155555555,sa877580
2015,Luis Munoz,MIA,R,20,20,56,63,12,11,1,0,0,7,2,3,0,23,4,0,0,0,2,0,0.214285714,sa877581
2016,Nerluis Martinez,PHI,R,20,39,101,115,25,20,4,1,0,12,18,11,0,12,1,2,0,2,0,0,0.247524752,sa877612
2015,Luis Espiritu Jr.,PHI,R,18,13,42,47,7,6,1,0,0,2,5,3,1,9,1,1,0,1,2,0,0.166666666,sa877839
2015,Samm Wiggins,TBR,R,22,19,50,61,14,10,4,0,0,5,4,9,0,9,2,0,0,0,1,0,0.28,sa877928
2015,Garrett Russini,PIT,R,22,21,57,65,15,14,1,0,0,7,2,6,0,7,1,0,1,0,1,0,0.263157894,sa877931
2017,Eddy Reynoso,BOS,R,22,9,27,31,5,1,3,0,1,3,5,4,0,1,0,0,0,1,0,0,0.185185185,sa878527
2016,Brayan Rodriguez,NYY,R,19,27,63,67,14,10,4,0,0,3,4,2,0,18,2,0,0,2,0,0,0.222222222,sa878529
2016,Malvin Matos,PHI,R,19,48,157,185,38,24,11,1,2,19,15,19,0,30,6,1,2,4,10,5,0.242038216,sa878742
2015,Manny Argomaniz,NYY,R,22,24,49,55,6,5,1,0,0,1,2,5,0,23,1,0,0,0,1,0,0.122448979,sa879273
2015,Dylan Becker,STL,R,22,36,109,127,33,23,10,0,0,15,16,13,0,12,3,2,0,2,3,3,0.302752293,sa879517
2018,Sandy Mota,NYY,R,21,39,124,144,26,20,4,2,0,14,13,14,0,29,3,2,1,2,9,7,0.209677419,sa879801
2019,Sandy Mota,NYY,R,22,31,89,102,22,14,3,2,3,14,12,11,0,29,1,1,0,1,6,1,0.247191011,sa879801
2016,Jeremy Fernandez,ATL,R,18,36,123,134,30,26,3,1,0,15,8,4,0,20,4,0,3,2,7,0,0.243902439,sa880735
2017,Jeremy Fernandez,ATL,R,19,24,82,88,25,18,4,0,3,16,16,0,0,11,4,2,0,1,3,1,0.304878048,sa880735
2018,Jeremy Fernandez,ATL,R,20,47,185,199,52,32,9,3,8,28,29,11,1,24,1,2,0,5,5,2,0.281081081,sa880735
2017,Carlos Baez,BAL,R,19,47,180,187,48,34,11,0,3,21,24,3,1,50,2,1,1,4,3,1,0.266666666,sa880736
2018,Carlos Baez,BAL,R,20,43,137,144,28,25,3,0,0,9,5,4,0,45,2,0,1,4,2,2,0.204379562,sa880736
2019,Carlos Baez,BAL,R,21,35,109,116,27,19,5,1,2,13,15,5,0,28,1,1,0,1,3,1,0.247706422,sa880736
2015,Andy Perez,BOS,R,22,26,93,110,33,29,3,1,0,14,18,12,0,8,2,2,1,0,3,3,0.354838709,sa880781
2018,Jose Abel Hernandez,TOR,R,22,24,77,87,16,11,5,0,0,9,5,7,0,26,2,0,1,2,2,1,0.207792207,sa881592
2015,Christian Cavaness,MIN,R,21,20,54,63,18,9,6,3,0,11,8,7,0,13,2,0,0,0,5,2,0.333333333,sa882090
2018,Christian Cavaness,MIN,R,24,8,25,28,4,3,0,0,1,5,2,3,0,11,0,0,0,0,0,0,0.16,sa882090
2015,Robert Llera,MIA,R,21,14,36,42,9,8,1,0,0,3,2,3,0,10,2,1,0,1,1,0,0.25,sa882891
2018,Anderson Bohorquez,NYM,R,20,37,112,127,28,20,4,4,0,14,12,10,0,35,3,1,1,3,9,4,0.25,sa883288
2019,Anderson Bohorquez,NYM,R,21,33,96,109,22,17,5,0,0,12,18,8,0,16,0,4,1,3,5,3,0.229166666,sa883288
2017,Raymundo Moreno,NYY,R,19,49,161,186,40,27,12,0,1,16,15,18,0,31,6,1,0,5,3,4,0.248447204,sa885129
2018,Raymundo Moreno,NYY,R,20,32,86,103,19,13,3,2,1,11,8,11,0,21,5,1,0,1,6,1,0.220930232,sa885129
2019,Raymundo Moreno,NYY,R,21,25,60,71,18,13,4,1,0,9,7,9,0,12,1,1,0,0,0,0,0.3,sa885129
2017,Carlos Soto,STL,R,18,35,113,125,27,25,2,0,0,11,12,11,1,20,1,0,0,4,0,0,0.238938053,sa900974
2018,Carlos Soto,STL,R,19,11,40,46,8,3,2,0,3,7,10,5,0,9,1,0,0,0,0,0,0.2,sa900974
2016,Jack Sundberg,WSN,R,22,6,27,33,7,5,0,1,1,7,2,6,0,6,0,0,0,1,3,1,0.259259259,sa913277
2016,Branden Berry,MIA,R,23,22,80,92,25,18,5,0,2,11,19,9,0,10,3,0,0,1,2,2,0.3125,sa913295
2017,Jose Carrera,NYY,R,22,41,123,150,34,26,6,1,1,20,19,20,0,15,5,1,1,4,11,3,0.276422764,sa913365
2017,Willy Yahn,BAL,R,21,56,209,234,58,46,12,0,0,18,33,12,0,16,12,1,0,4,9,4,0.277511961,sa915589
2018,Patrick Mathis,HOU,R,22,6,21,23,4,1,2,0,1,5,3,2,0,8,0,0,0,0,0,0,0.19047619,sa915666
2017,Jake Bivens,DET,R,22,24,45,62,12,12,0,0,0,5,5,10,1,6,5,0,2,0,4,0,0.266666666,sa915683
2017,Jordan Pearce,DET,R,21,13,38,45,13,11,0,0,2,6,10,5,0,7,0,1,1,0,0,1,0.342105263,sa915690
2019,Jordan Pearce,DET,R,23,23,60,83,13,11,1,0,1,12,7,18,0,11,5,0,0,2,2,0,0.216666666,sa915690
2018,Dylan Busby,PIT,R,22,8,22,23,2,0,1,0,1,1,3,0,0,11,1,0,0,1,0,0,0.09090909,sa915789
2016,Derian Cruz,ATL,R,17,26,110,117,34,24,7,1,2,11,16,2,0,16,3,1,1,1,4,1,0.309090909,sa916719
2017,Jose Bermudez,ATL,R,19,39,150,169,37,30,5,1,1,17,15,14,0,41,3,0,2,1,7,4,0.246666666,sa916720
2019,Meure Rodriguez,NYY,R,20,11,14,21,3,2,0,0,1,4,1,7,0,5,0,0,0,0,0,0,0.214285714,sa916952
2018,Meure Rodriguez,NYY,R,19,18,41,47,10,7,3,0,0,4,5,6,0,15,0,0,0,0,0,0,0.243902439,sa916952
2017,Jhon Moronta,NYY,R,18,51,184,208,48,38,9,1,0,19,27,21,0,38,1,1,1,8,2,2,0.260869565,sa916957
2018,Brayan Jimenez,NYY,R,19,32,96,103,25,23,2,0,0,12,8,6,1,14,0,1,0,2,3,4,0.260416666,sa916978
2017,Brayan Jimenez,NYY,R,18,14,48,50,15,13,1,1,0,5,7,1,0,2,1,0,0,1,0,0,0.3125,sa916978
2017,Luis Martinez,NYY,R,18,30,99,110,19,11,4,1,3,12,8,10,0,38,1,0,0,1,3,2,0.191919191,sa916981
2018,Janigson Villalobos,MIN,R,21,31,84,91,26,21,3,2,0,8,15,7,0,11,0,0,0,3,1,1,0.309523809,sa916988
2018,Agustin Marte,MIN,R,19,33,111,122,27,21,4,0,2,17,9,8,0,25,0,1,2,3,4,1,0.243243243,sa916999
2018,Gustavo Figueroa,DET,R,19,15,29,32,7,7,0,0,0,2,8,1,0,5,0,2,0,0,0,0,0.24137931,sa917002
2018,Gustavo Figueroa,DET,R,19,13,30,34,9,7,2,0,0,4,0,4,0,6,0,0,0,2,0,0,0.3,sa917002
2017,Pedro Hurtado,DET,R,18,32,96,109,18,13,2,2,1,7,9,9,0,22,1,0,3,1,0,1,0.1875,sa917003
2018,Pedro Hurtado,DET,R,19,23,57,64,13,9,3,0,1,7,9,7,0,12,0,0,0,1,0,0,0.228070175,sa917003
2019,Pedro Hurtado,DET,R,20,16,51,55,11,10,0,0,1,3,7,3,0,14,0,1,0,2,1,0,0.215686274,sa917003
2017,Gresuan Silverio,DET,R,18,42,136,161,45,34,8,1,2,10,29,22,2,23,1,2,0,3,1,1,0.330882352,sa917004
2017,Ildemaro Escalona,DET,R,18,47,149,159,37,31,4,2,0,8,12,8,0,29,1,1,0,4,2,3,0.248322147,sa917005
2018,Ildemaro Escalona,DET,R,19,23,85,92,25,18,7,0,0,8,7,3,0,19,3,1,0,0,0,1,0.294117647,sa917005
2019,Ildemaro Escalona,DET,R,20,14,41,54,10,7,3,0,0,6,7,12,0,12,0,1,0,1,2,0,0.243902439,sa917005
2018,Luis Laurencio,DET,R,19,48,181,204,43,30,7,2,4,27,21,22,1,89,1,0,0,3,7,1,0.23756906,sa917009
2019,Luis Laurencio,DET,R,20,21,68,73,11,11,0,0,0,3,6,4,0,25,1,0,0,1,3,1,0.161764705,sa917009
2017,Melvin Ramos,DET,R,18,34,97,116,20,17,1,1,1,15,7,15,0,34,1,2,1,0,4,3,0.206185567,sa917010
2017,Mike Torres,DET,R,19,31,78,91,14,13,1,0,0,7,4,8,0,21,4,0,1,0,2,4,0.179487179,sa917012
2018,Mike Torres,DET,R,20,38,110,123,27,22,5,0,0,18,4,11,0,34,1,1,0,0,6,3,0.245454545,sa917012
2019,Darwin Alvarado,DET,R,20,40,141,158,31,24,5,1,1,16,19,14,0,25,1,2,0,2,8,3,0.219858156,sa917013
2017,Darwin Alvarado,DET,R,18,44,140,159,28,24,3,0,1,17,11,14,0,38,2,2,1,2,5,3,0.2,sa917013
2019,Jose Quero,DET,R,20,31,107,125,30,16,9,1,4,8,26,16,3,18,0,2,0,2,2,0,0.280373831,sa917017
2017,Jose Quero,DET,R,18,40,156,173,40,28,6,0,6,25,26,13,1,32,2,2,0,1,0,1,0.256410256,sa917017
2018,Jose Quero,DET,R,19,6,20,24,3,2,1,0,0,6,2,4,0,2,0,0,0,0,0,0,0.15,sa917017
2018,Juan Ramirez,HOU,R,19,38,133,148,33,22,8,3,0,13,16,12,0,21,1,1,1,1,3,5,0.2481203,sa917018
2017,Juan Ramirez,DET,R,18,46,163,188,49,41,6,2,0,30,10,20,0,14,3,1,1,4,11,7,0.300613496,sa917018
2017,Santiago Vital,DET,R,18,51,175,187,41,30,7,2,2,28,16,8,0,44,2,0,2,3,8,3,0.234285714,sa917019
2019,Kleiber Rodriguez,BOS,R,20,13,28,33,7,5,2,0,0,2,9,4,0,11,1,0,0,0,0,0,0.25,sa917072
2017,Pedro Castellanos,BOS,R,19,52,186,208,63,46,14,1,2,27,30,10,1,15,7,5,0,11,0,0,0.338709677,sa917074
2017,Everlouis Lozada,BOS,R,18,44,159,180,50,39,9,2,0,26,20,18,0,27,1,2,0,4,6,4,0.314465408,sa917077
2019,Fabian Andrade,BOS,R,20,27,63,75,13,13,0,0,0,8,4,7,0,9,4,0,1,2,1,0,0.206349206,sa917083
2017,Albert Guaimaro,MIA,R,18,41,154,172,36,22,8,5,1,24,16,14,0,32,0,4,0,2,8,4,0.233766233,sa917084
2017,Ricardo Cubillan,BOS,R,19,34,96,131,26,26,0,0,0,21,11,30,0,20,0,0,4,3,6,1,0.270833333,sa917089
2018,Ricardo Cubillan,BOS,R,20,46,147,187,32,28,3,1,0,18,16,29,0,25,3,1,7,1,3,1,0.217687074,sa917089
2017,Kervin Suarez,BOS,R,18,47,190,210,52,40,9,1,2,33,13,17,0,47,1,1,1,0,11,1,0.27368421,sa917093
2018,Raider Brito,TBR,R,19,29,95,100,23,16,5,1,1,12,9,3,0,24,2,0,0,2,1,4,0.242105263,sa917105
2019,Juan Garcia,TBR,R,20,27,77,90,14,11,3,0,0,6,7,9,1,18,1,1,2,1,4,0,0.181818181,sa917106
2017,Roberto Alvarez,TBR,R,17,39,136,150,30,24,5,1,0,15,13,7,0,22,4,1,2,1,2,0,0.220588235,sa917107
2021,Roberto Alvarez,TBR,CPX,21,6,21,25,3,3,0,0,0,4,1,4,0,7,0,0,0,0,0,0,0.142857142,sa917107
2019,Johampher Arrendoll,TBR,R,20,32,92,107,18,15,1,1,1,9,4,11,0,35,4,0,0,0,1,1,0.195652173,sa917108
2017,Cristhian Pedroza,TBR,R,18,26,79,92,16,12,4,0,0,11,10,11,0,19,2,0,0,0,5,1,0.202531645,sa917110
2018,Cristhian Pedroza,TBR,R,19,27,71,82,19,14,5,0,0,10,9,8,0,17,3,0,0,0,2,1,0.267605633,sa917110
2017,Edinson Valdez,NYM,R,18,25,79,83,17,14,3,0,0,9,6,3,0,21,1,0,0,1,1,2,0.215189873,sa917115
2018,Edinson Valdez,NYM,R,19,32,114,119,31,25,4,1,1,13,11,3,0,17,2,0,0,2,1,4,0.271929824,sa917115
2017,Raul Beracierta,NYM,R,18,49,162,176,41,32,8,0,1,14,16,11,0,42,2,1,0,6,2,3,0.253086419,sa917116
2021,Raul Beracierta,NYM,CPX,22,39,128,143,36,14,16,1,5,20,23,13,0,38,2,0,0,7,5,1,0.28125,sa917116
2017,Wilmer Reyes,NYM,R,19,13,54,62,18,13,5,0,0,7,7,6,0,8,0,1,1,4,7,2,0.333333333,sa917118
2018,Wilmer Reyes,NYM,R,20,32,119,124,32,22,5,2,3,18,10,3,0,17,2,0,0,1,2,5,0.268907563,sa917118
2021,Wilmer Reyes,NYM,CPX,23,7,23,26,6,5,1,0,0,2,1,2,0,3,1,0,0,0,0,1,0.260869565,sa917118
2022,Wilmer Reyes,NYM,CPX,24,10,33,38,8,3,3,0,2,6,6,4,0,9,0,0,1,2,0,0,0.242424242,sa917118
2018,David Lozano,NYM,R,20,30,85,98,20,17,3,0,0,21,7,9,0,10,0,1,3,0,7,3,0.235294117,sa917120
2017,Jonathan Guzman,PHI,R,17,38,153,165,38,31,4,2,1,17,13,11,0,24,0,0,1,3,5,1,0.248366013,sa917127
2017,Keudy Bocio,PHI,R,18,39,115,139,32,24,8,0,0,22,18,18,0,21,2,4,0,2,7,1,0.278260869,sa917128
2018,Raffy Ozuna,STL,R,19,35,133,152,24,16,4,4,0,24,14,17,0,70,2,0,0,4,2,0,0.180451127,sa917133
2018,William Jimenez,STL,R,22,41,143,163,47,35,6,4,2,27,25,17,0,33,1,1,1,1,3,2,0.328671328,sa917134
2019,William Jimenez,STL,R,23,21,73,86,25,18,3,1,3,14,17,10,0,17,1,2,0,2,5,2,0.342465753,sa917134
2017,Moises Castillo,STL,R,17,37,109,125,27,19,6,1,1,19,11,10,0,27,4,0,2,3,2,0,0.247706422,sa917135
2016,Jesus Graterol,NYY,R,19,37,133,146,35,28,6,1,0,17,9,8,0,33,4,1,0,2,3,4,0.263157894,sa917138
2017,Jesus Graterol,NYY,R,20,38,113,124,17,13,3,1,0,9,6,7,0,29,1,0,3,5,6,2,0.150442477,sa917138
2018,Jesus Graterol,NYY,R,21,32,90,106,23,18,3,1,1,8,9,9,0,27,3,1,3,2,2,3,0.255555555,sa917138
2018,Juan Morales,ATL,R,19,38,129,150,26,22,4,0,0,15,8,9,1,45,6,2,4,0,0,1,0.201550387,sa917152
2017,Yoeli Lopez,ATL,R,19,35,108,124,26,17,6,2,1,21,7,9,0,40,6,0,1,5,7,3,0.24074074,sa917153
2017,Juan Pascal,WSN,R,19,30,92,105,18,14,4,0,0,9,10,7,0,17,1,2,3,4,3,0,0.195652173,sa917155
2018,Luis Aquino,WSN,R,19,29,76,84,13,13,0,0,0,6,4,8,0,27,0,0,0,2,7,0,0.171052631,sa917157
2017,Humberto Maldonado,MIN,R,19,26,73,81,17,9,6,1,1,7,10,7,1,32,1,0,0,3,0,2,0.232876712,sa917169
2017,Victor Tademo,MIN,R,17,47,151,169,30,22,4,2,2,20,22,11,1,53,3,3,1,2,5,2,0.198675496,sa917171
2018,Victor Tademo,MIN,R,18,44,157,172,40,35,5,0,0,11,15,10,0,32,2,2,1,3,2,2,0.25477707,sa917171
2018,Samuel Vasquez,MIN,R,21,36,100,118,24,18,6,0,0,23,9,14,0,21,1,1,2,0,3,1,0.24,sa917173
2017,Jonelvy Molina,TOR,R,20,23,75,80,18,12,4,0,2,8,9,4,0,11,0,0,1,2,0,0,0.24,sa917179
2018,Jonelvy Molina,TOR,R,21,10,27,36,8,7,1,0,0,5,2,7,0,8,1,1,0,1,0,0,0.296296296,sa917179
2017,Yhordegny Kelly,TOR,R,20,35,109,129,26,17,7,1,1,11,14,18,0,44,2,0,0,2,1,0,0.23853211,sa917180
2018,Yhordegny Kelly,TOR,R,21,20,73,83,21,11,6,2,2,12,8,5,1,27,5,0,0,2,1,0,0.287671232,sa917180
2017,Jose King,DET,R,18,28,112,118,36,32,3,1,0,18,6,6,0,29,0,0,0,1,8,9,0.321428571,sa917184
2018,Jose King,DET,R,19,24,86,95,27,20,2,3,2,20,12,4,0,21,4,0,1,0,5,4,0.313953488,sa917184
2017,Cesar Cortez,HOU,R,18,29,98,112,21,16,4,0,1,11,13,11,0,24,0,1,2,2,3,2,0.214285714,sa917242
2017,Ramiro Rodriguez,HOU,R,19,9,30,34,9,6,3,0,0,4,1,3,0,5,1,0,0,0,0,0,0.3,sa917287
2018,Yeuris Ramirez,HOU,R,19,39,128,150,22,12,4,3,3,13,18,13,1,42,6,2,1,4,4,2,0.171875,sa917291
2019,Yeuris Ramirez,HOU,R,20,14,38,51,7,3,2,0,2,9,5,8,0,15,5,0,0,0,4,1,0.184210526,sa917291
2018,Ronaldo Urdaneta,HOU,R,19,37,124,139,34,22,9,1,2,19,16,14,1,31,1,0,0,1,15,2,0.274193548,sa917292
2022,Ronaldo Urdaneta,HOU,CPX,23,29,80,106,12,10,1,1,0,15,4,21,0,24,5,0,0,0,10,0,0.15,sa917292
2016,Luis Ovando,ATL,R,17,11,36,39,11,10,1,0,0,7,4,1,0,8,0,0,2,1,1,0,0.305555555,sa917293
2017,Luis Ovando,ATL,R,18,29,91,110,16,13,1,1,1,16,15,13,0,31,3,2,1,1,5,1,0.175824175,sa917293
2018,Luis Ovando,ATL,R,19,25,59,63,13,12,0,0,1,5,7,3,0,19,0,1,0,2,3,1,0.220338983,sa917293
2017,Gregory Guerrero,NYM,R,18,38,143,154,31,27,3,1,0,17,12,7,0,27,1,1,2,3,1,3,0.216783216,sa917296
2021,Gregory Guerrero,NYM,CPX,22,35,100,109,22,13,6,0,3,13,9,9,2,31,0,0,0,2,0,2,0.22,sa917296
2022,Gregory Guerrero,NYM,CPX,23,8,24,31,4,3,1,0,0,6,1,7,0,8,0,0,0,0,0,0,0.166666666,sa917296
2017,Guillermo Granadillo,NYM,R,20,42,156,177,47,36,8,2,1,26,11,16,0,23,4,1,0,2,17,4,0.301282051,sa917297
2018,Cristopher Pujols,NYM,R,20,42,146,168,32,22,8,1,1,23,13,17,0,35,0,5,0,2,6,3,0.219178082,sa917299
2017,Alfredo Angarita,HOU,R,20,32,88,98,24,20,4,0,0,16,8,10,0,20,0,0,0,1,6,1,0.272727272,sa917326
2019,Alfredo Angarita,HOU,R,22,8,31,34,8,8,0,0,0,2,2,3,0,6,0,0,0,1,1,0,0.258064516,sa917326
2017,Carlos Vargas,TBR,R,18,54,188,212,46,28,13,0,5,21,27,19,2,37,5,0,0,4,2,2,0.244680851,sa917349
2017,Francisco Mepris,PIT,R,19,28,85,95,18,13,3,1,1,7,7,8,0,18,0,0,2,0,5,1,0.211764705,sa917363
2018,Samuel Inoa,PIT,R,19,28,97,108,28,18,2,5,3,18,17,4,0,17,2,2,3,2,2,1,0.288659793,sa917365
2017,Luis Leon,TBR,R,18,49,185,200,38,27,8,2,1,24,14,12,1,28,0,0,3,5,7,1,0.205405405,sa917463
2018,Luis Leon,TBR,R,19,40,148,170,34,27,5,0,2,17,14,21,0,26,1,0,0,4,2,3,0.229729729,sa917463
2017,Pedro Diaz,TBR,R,18,48,158,176,28,18,5,0,5,18,14,7,0,50,10,0,1,4,8,4,0.177215189,sa917465
2018,Carlos Oropeza,PHI,R,19,34,89,99,25,20,5,0,0,11,8,8,0,20,1,0,1,1,2,2,0.280898876,sa917487
2017,Gerardo Nunez,MIA,R,19,37,136,149,39,33,5,1,0,19,14,9,0,32,3,1,0,2,16,3,0.286764705,sa917491
2018,Luis Arcaya,MIA,R,19,19,39,43,9,7,2,0,0,5,5,3,0,8,1,0,0,2,0,1,0.23076923,sa917492
2019,Luis Arcaya,MIA,R,20,17,51,56,11,6,4,0,1,6,12,3,0,11,2,0,0,1,0,0,0.215686274,sa917492
2021,Julio E. Rodriguez,STL,CPX,24,7,14,22,4,4,0,0,0,2,2,5,0,3,2,1,0,0,0,0,0.285714285,sa917669
2018,Yerwin Trejo,PHI,R,21,52,196,229,59,52,6,1,0,40,20,23,0,31,6,1,3,2,23,9,0.301020408,sa917750
2017,Lolo Sanchez,PIT,R,18,51,204,234,58,41,11,2,4,42,20,21,1,19,4,2,3,3,14,7,0.284313725,sa917767
2018,Yunior Martinez,TBR,R,19,41,149,163,38,28,7,2,1,24,10,10,1,39,2,0,2,3,8,5,0.255033557,sa917787
2019,Luis Perez,TBR,R,22,18,47,53,8,7,1,0,0,4,4,4,0,16,2,0,0,0,0,0,0.170212765,sa917790
2016,Delvin Perez,STL,R,17,43,163,180,48,36,8,4,0,19,19,12,1,28,3,1,1,1,12,1,0.294478527,sa917935
2017,Delvin Perez,STL,R,18,11,42,50,10,7,1,2,0,7,5,5,0,10,1,2,0,0,2,1,0.238095238,sa917935
2016,Cole Stobbe,PHI,R,18,44,148,168,40,28,8,0,4,23,13,14,0,30,2,2,2,0,3,6,0.27027027,sa917956
2016,Thomas Jones,MIA,R,18,19,64,80,15,11,3,1,0,11,6,11,0,20,4,0,1,3,6,2,0.234375,sa917968
2016,Alexis Torres,BAL,R,18,37,115,133,21,15,5,0,1,14,12,15,0,30,3,0,0,2,3,1,0.182608695,sa918010
2017,Alexis Torres,BAL,R,19,28,97,114,23,14,6,3,0,17,10,16,1,26,0,1,0,5,0,0,0.237113402,sa918010
2016,Walker Robbins,STL,R,18,30,108,115,20,19,1,0,0,8,6,5,0,31,1,1,0,3,3,0,0.185185185,sa918023
2017,Samuel De La Cruz,NYY,R,19,17,40,48,11,8,3,0,0,3,3,8,0,12,0,0,0,0,0,0,0.275,sa918035
2016,D.J. Daniels,TOR,R,18,36,120,131,12,11,0,0,1,8,11,8,0,48,3,0,0,3,3,0,0.1,sa918092
2017,D.J. Daniels,TOR,R,19,44,140,157,22,16,5,0,1,14,6,8,1,57,9,0,0,4,1,2,0.157142857,sa918092
2016,Alan Marrero,BOS,R,18,22,54,70,5,4,0,0,1,5,3,14,0,30,2,0,0,1,0,0,0.092592592,sa918102
2017,Alan Marrero,BOS,R,19,24,75,85,15,10,3,0,2,12,8,6,0,28,4,0,0,2,0,0,0.2,sa918102
2018,Shane Carrier,MIN,R,22,9,31,35,12,8,3,0,1,6,7,2,0,6,2,0,0,0,1,1,0.387096774,sa918107
2016,Joey Harris,WSN,R,22,26,73,88,22,20,2,0,0,7,10,9,0,15,5,0,1,3,1,1,0.301369863,sa918157
2016,Tim Lynch,NYY,R,23,18,56,67,16,7,7,1,1,9,9,10,0,8,1,0,0,0,0,0,0.285714285,sa918167
2016,Josh Stephen,PHI,R,18,44,162,184,41,29,7,3,2,21,26,18,0,39,3,0,1,4,6,6,0.253086419,sa918203
2016,Armond Upshaw,WSN,R,20,13,40,48,13,11,1,1,0,6,2,2,0,12,3,1,2,1,3,2,0.325,sa918220
2016,Danny Woodrow,DET,R,21,18,57,69,20,13,7,0,0,10,9,9,0,12,1,1,1,0,5,0,0.350877192,sa918257
2016,Zach Featherstone,MIN,R,20,34,99,113,21,15,5,1,0,9,6,9,0,42,3,1,1,1,1,1,0.212121212,sa918266
2016,Brady Whalen,STL,R,18,25,73,83,13,10,2,0,1,7,11,8,0,9,1,1,0,0,0,1,0.178082191,sa918278
2021,Brady Whalen,STL,CPX,23,7,25,30,4,3,1,0,0,2,5,3,0,2,0,2,0,0,1,1,0.16,sa918278
2016,Brady Policelli,DET,R,21,10,27,31,9,5,4,0,0,6,2,3,0,7,1,0,0,1,0,2,0.333333333,sa918279
2016,Jordan Scott,NYY,R,19,46,163,188,34,23,5,1,5,19,17,18,0,40,5,1,1,1,9,5,0.208588957,sa918325
2017,Jordan Scott,NYY,R,20,32,104,128,27,16,2,2,7,25,19,24,0,26,0,0,0,1,7,0,0.259615384,sa918325
2016,Alberto Schmidt,BOS,R,19,15,41,54,8,5,3,0,0,3,8,10,0,14,1,0,2,0,0,0,0.195121951,sa918345
2017,Alberto Schmidt,BOS,R,20,16,37,52,4,4,0,0,0,2,4,10,0,11,4,0,1,2,0,0,0.108108108,sa918345
2016,Tyler Lancaster,STL,R,21,19,54,64,8,4,1,0,3,9,6,8,0,9,1,1,0,3,0,0,0.148148148,sa918359
2016,Kidany Salva,MIN,R,17,18,56,60,10,8,1,1,0,4,6,3,0,13,0,1,0,0,1,0,0.178571428,sa918375
2017,Kidany Salva,MIN,R,18,17,44,52,7,6,1,0,0,5,0,8,0,10,0,0,0,1,2,2,0.159090909,sa918375
2018,Kidany Salva,MIN,R,19,36,104,117,25,20,5,0,0,16,9,8,0,17,4,1,0,3,2,0,0.240384615,sa918375
2016,Tyler Beckwith,WSN,R,21,35,126,143,34,27,5,1,1,23,10,14,0,32,3,0,0,2,4,0,0.269841269,sa918376
2016,Dustin Frailey,DET,R,22,41,87,120,17,16,1,0,0,23,3,15,0,17,16,1,1,0,12,4,0.195402298,sa918405
2016,Caleb Eldridge,PHI,R,20,12,44,54,7,5,2,0,0,6,4,9,0,18,1,0,0,3,0,0,0.159090909,sa918407
2016,Gabe Howell,ATL,R,18,7,20,24,3,3,0,0,0,4,0,2,0,11,2,0,0,0,1,0,0.15,sa918409
2016,David Gauntt,MIA,R,23,32,93,113,15,8,4,1,2,7,8,14,0,37,6,0,0,0,0,0,0.161290322,sa918419
2016,Niko Buentello,DET,R,21,52,174,204,41,23,13,0,5,23,17,23,1,46,5,2,0,1,4,0,0.235632183,sa918428
2016,Stefan Trosclair,STL,R,21,40,129,153,36,25,6,0,5,20,22,13,1,25,8,3,0,3,2,2,0.279069767,sa918442
2016,Evan Alexander,NYY,R,18,32,87,106,22,19,1,1,1,15,5,14,0,33,2,2,0,0,6,0,0.252873563,sa918444
2017,Evan Alexander,NYY,R,19,25,87,101,23,15,4,1,3,15,10,12,0,25,1,1,0,1,5,2,0.264367816,sa918444
2016,Luis Pintor,MIA,R,21,31,110,130,28,23,5,0,0,11,12,12,0,19,3,3,2,2,6,1,0.254545454,sa918456
2016,Granger Studdard,BOS,R,21,13,35,44,5,4,1,0,0,5,1,7,0,15,1,1,0,0,1,0,0.142857142,sa918499
2019,Malique Ziegler,MIN,R,22,10,28,33,5,5,0,0,0,3,2,4,0,15,1,0,0,0,0,0,0.178571428,sa918507
2018,Ian Strom,NYM,R,23,6,21,21,5,5,0,0,0,2,2,0,0,7,0,0,0,1,0,0,0.238095238,sa918511
2016,Griffin Benson,ATL,R,18,50,166,185,37,31,5,0,1,16,13,14,0,40,2,2,1,4,0,0,0.222891566,sa918512
2016,Bryan Torres,DET,R,18,24,55,67,3,2,1,0,0,6,1,12,0,30,0,0,0,2,0,1,0.054545454,sa918524
2017,Bryan Torres,DET,R,19,17,30,36,1,1,0,0,0,1,2,2,0,13,2,2,0,1,0,0,0.033333333,sa918524
2016,Juan Carlos Abreu,BOS,R,19,34,105,115,23,17,5,1,0,13,13,7,0,31,2,0,1,3,2,1,0.219047619,sa918527
2017,Juan Carlos Abreu,BOS,R,20,33,100,126,24,17,3,4,0,15,11,19,0,38,3,2,2,1,5,2,0.24,sa918527
2018,Juan Carlos Abreu,BOS,R,21,45,171,195,60,45,6,8,1,38,12,21,0,28,1,1,1,2,4,5,0.350877192,sa918527
2016,Troy Sieber,HOU,R,21,12,38,49,11,7,2,1,1,8,12,9,0,7,2,0,0,1,0,0,0.289473684,sa918544
2016,Dom Abbadessa,TOR,R,18,14,26,29,5,5,0,0,0,3,1,1,0,3,1,0,1,1,2,2,0.192307692,sa918557
2017,Dom Abbadessa,TOR,R,19,39,147,164,50,43,4,3,0,30,10,7,0,14,9,1,0,3,11,6,0.340136054,sa918557
2016,Alan Crowley,ATL,R,20,26,52,56,17,16,0,0,1,7,3,4,0,9,0,0,0,0,0,0,0.326923076,sa918573
2016,Branden Boggetto,WSN,R,22,32,107,117,30,22,5,0,3,16,16,6,0,13,2,1,1,1,2,2,0.280373831,sa918584
2016,Edel Luaces,NYY,R,22,50,174,200,42,20,11,6,5,23,26,23,1,79,3,0,0,0,4,3,0.24137931,sa918588
2016,Gunner Pollman,MIA,R,21,14,32,40,8,7,1,0,0,4,7,6,0,10,2,0,0,0,0,0,0.25,sa918593
2016,Jaime Estrada,BAL,R,20,30,92,107,23,17,6,0,0,16,4,14,0,19,0,0,1,0,0,0,0.25,sa918606
2017,Jaime Estrada,BAL,R,21,23,50,65,12,11,0,0,1,11,3,14,1,11,1,0,0,2,1,0,0.24,sa918606
2016,Chad Sedio,DET,R,22,43,153,176,42,25,10,5,2,15,29,11,0,29,8,3,1,0,8,1,0.274509803,sa918611
2019,Daniel Bakst,BOS,R,21,27,98,116,30,18,8,4,0,14,15,15,0,19,1,2,0,1,0,0,0.306122448,sa918616
2016,Ryan Gold,TOR,R,18,29,82,92,23,16,5,1,1,14,10,10,1,18,0,0,0,0,0,0,0.280487804,sa918639
2016,Colby Lusignan,MIA,R,23,31,113,136,35,24,8,1,2,15,17,20,0,35,1,1,1,3,1,2,0.309734513,sa918648
2016,Jackson Pokorney,ATL,R,18,28,85,97,22,18,3,1,0,9,8,9,0,28,2,1,0,3,1,2,0.258823529,sa918651
2016,Walker Olis,MIA,R,22,28,102,124,26,21,3,2,0,18,12,15,0,13,4,1,2,1,9,2,0.25490196,sa918654
2016,Dane Hutcheon,MIN,R,21,34,97,115,21,19,2,0,0,15,6,14,0,21,1,0,3,0,5,2,0.216494845,sa918664
2017,Dane Hutcheon,MIN,R,22,14,30,36,6,4,1,1,0,8,7,4,0,8,1,1,0,2,1,1,0.2,sa918664
2017,Elliott Barzilli,MIA,R,22,19,63,67,16,9,4,1,2,8,8,4,0,7,0,0,0,0,1,0,0.253968253,sa918668
2017,Vincent Byrd,TBR,R,19,34,113,133,29,21,7,0,1,10,19,14,1,52,2,4,0,2,2,0,0.256637168,sa918677
2016,Garrett Copeland,BAL,R,21,44,141,171,32,24,7,0,1,27,14,22,0,34,4,3,1,3,4,2,0.226950354,sa918688
2016,Joey Roach,TBR,R,22,14,41,45,7,5,1,1,0,5,7,2,0,4,1,0,1,0,1,1,0.170731707,sa918726
2016,Jake Ring,BAL,R,21,51,169,200,47,38,8,1,0,24,21,22,0,45,3,3,3,2,15,3,0.278106508,sa918728
2016,Juan Gamez,MIN,R,22,10,20,24,3,3,0,0,0,2,1,2,0,3,1,0,1,1,1,0,0.15,sa918731
2016,Daniel Garner,PHI,R,22,15,29,33,9,7,2,0,0,4,4,2,0,10,2,0,0,0,0,0,0.310344827,sa918733
2016,J.D. Murders,STL,R,18,24,73,79,16,11,4,1,0,7,7,6,0,20,0,0,0,3,0,0,0.219178082,sa918759
2017,Trenton Hill,MIA,R,23,7,25,33,10,6,3,1,0,4,8,7,0,6,0,1,0,0,0,0,0.4,sa918779
2016,Gerardo Gonzalez,DET,R,17,30,67,77,13,12,1,0,0,13,5,8,0,17,2,0,0,1,2,1,0.19402985,sa918781
2017,Gerardo Gonzalez,DET,R,18,37,114,133,25,18,6,1,0,11,10,9,0,40,2,1,7,1,1,3,0.219298245,sa918781
2016,Deion Tansel,TBR,R,22,21,70,81,19,15,4,0,0,8,6,4,0,3,6,0,1,1,1,2,0.271428571,sa918795
2016,Matt Brooks,MIA,R,20,42,142,168,28,24,4,0,0,24,12,18,0,45,3,1,4,2,2,2,0.197183098,sa918863
2016,Chad Hardy,BOS,R,19,27,86,90,14,12,0,0,2,6,5,3,0,32,0,0,1,0,1,0,0.162790697,sa918864
2018,Chad Hardy,BOS,R,21,41,144,156,31,14,10,1,6,13,27,7,0,53,3,2,0,2,1,1,0.215277777,sa918864
2016,David Jacob,TOR,R,21,46,161,189,49,34,9,0,6,28,29,21,0,24,4,3,0,2,3,0,0.304347826,sa918875
2016,Markel Jones,BAL,R,21,39,134,152,25,18,6,1,0,21,6,18,0,41,0,0,0,1,6,6,0.186567164,sa918877
2018,Markel Jones,BAL,R,23,27,92,110,23,18,4,1,0,16,8,17,0,22,0,0,0,0,4,3,0.25,sa918877
2016,Tanner Kirk,BAL,R,22,34,106,118,26,16,7,1,2,13,15,9,0,20,0,2,1,3,3,1,0.245283018,sa918907
2016,Zachary Daly,MIA,R,22,28,109,117,20,11,4,3,2,14,14,8,0,31,0,0,0,1,7,2,0.183486238,sa918945
2016,Chavez Young,TOR,R,18,21,73,81,20,10,8,2,0,9,6,6,0,26,2,0,0,1,6,1,0.273972602,sa918963
2017,Danny Mayer,PHI,R,22,31,106,120,27,16,9,0,2,15,18,12,0,33,2,0,0,2,1,0,0.254716981,sa918984
2017,Borinquen Mendez,NYY,R,19,24,72,85,17,14,2,1,0,12,6,11,1,15,1,0,1,0,7,1,0.236111111,sa919019
2018,Borinquen Mendez,NYY,R,20,45,133,152,30,22,5,3,0,15,12,16,0,17,1,1,1,0,19,4,0.225563909,sa919019
2017,Borinquen Mendez,NYY,R,19,19,41,48,7,5,1,0,1,10,3,6,0,10,0,1,0,0,6,0,0.170731707,sa919019
2016,Joseph Burton,NYY,R,20,36,126,138,30,18,10,0,2,20,11,10,0,48,2,0,0,1,1,1,0.238095238,sa919163
2017,Aldo Ovando,TOR,R,20,46,166,182,30,24,2,3,1,18,18,10,0,59,4,2,0,3,1,0,0.180722891,sa919376
2018,Aldo Ovando,TOR,R,21,28,105,117,22,18,2,2,0,7,7,6,0,37,3,3,0,1,1,1,0.209523809,sa919376
2016,Steven Reveles,BOS,R,23,10,33,37,10,10,0,0,0,6,4,3,0,4,1,0,0,1,3,0,0.303030303,sa919393
2018,Jose Mena,NYM,R,21,23,78,85,23,19,4,0,0,8,2,6,0,14,1,0,0,0,1,0,0.294871794,sa919893
2019,Juan Carlos Smith,PHI,R,21,42,149,163,42,29,9,2,2,25,16,11,0,38,2,1,0,1,7,1,0.281879194,sa919974
2018,Gerry Castillo,HOU,R,20,19,25,28,4,3,1,0,0,3,1,3,0,7,0,0,0,0,0,0,0.16,sa920033
2019,Gerry Castillo,HOU,R,21,23,69,82,21,15,5,0,1,16,10,12,0,11,1,0,0,1,3,0,0.304347826,sa920033
2016,Victor Ngoepe,PIT,R,18,44,151,170,33,27,4,2,0,18,10,14,0,39,4,0,1,2,9,5,0.218543046,sa920171
2017,Victor Ngoepe,PIT,R,19,51,179,203,42,36,4,1,1,22,16,16,1,52,3,2,3,4,5,2,0.234636871,sa920171
2016,Jhailyn Ortiz,PHI,R,17,47,173,197,40,22,9,1,8,29,27,17,0,53,7,0,0,4,8,2,0.231213872,sa920180
2016,Javier Monzon,TOR,R,23,22,69,85,16,8,3,2,3,12,11,11,1,18,3,2,0,0,4,1,0.231884057,sa920264
2016,Guiyuan Xu,BAL,R,20,33,81,85,20,17,3,0,0,11,9,2,0,20,1,1,0,0,2,1,0.24691358,sa920269
2017,Guiyuan Xu,BAL,R,21,15,39,45,7,5,1,1,0,4,7,4,0,14,1,1,0,1,3,0,0.179487179,sa920269
2016,Ryan Calloway,TBR,R,22,21,63,69,15,14,1,0,0,6,6,3,0,10,3,0,0,1,2,1,0.238095238,sa920276
2016,Reed Gamache,NYM,R,22,6,22,27,10,8,1,1,0,6,3,3,0,6,0,2,0,1,0,1,0.454545454,sa920299
2016,Chance Shepard,WSN,R,21,28,80,97,15,10,2,0,3,14,9,12,0,33,1,4,0,1,0,0,0.1875,sa920915
2016,Aaron Bossi,NYY,R,22,22,57,64,19,13,5,0,1,9,4,6,0,6,0,1,0,1,0,0,0.333333333,sa920929
2017,Nick King,PIT,R,23,20,57,73,11,9,2,0,0,9,3,11,0,12,2,1,2,1,5,0,0.192982456,sa921190
2018,Diomedes Del Rio,STL,R,20,37,129,145,33,20,7,5,1,27,17,10,0,32,1,2,3,2,5,4,0.255813953,sa921439
2016,Andrew Walker,PIT,R,22,35,100,122,19,14,4,1,0,16,8,16,0,17,2,3,1,2,8,1,0.19,sa921552
2017,JC Encarnacion,ATL,R,19,27,103,107,36,22,8,4,2,16,16,4,0,22,0,0,0,1,4,2,0.349514563,sa921562
2016,Kevin Hall,NYM,R,22,16,38,45,6,5,1,0,0,1,1,6,0,15,1,0,0,0,0,0,0.157894736,sa921645
2016,David Parrett,TBR,R,22,9,25,27,3,2,1,0,0,3,2,0,0,13,2,0,0,1,0,0,0.12,sa922035
2016,J.C. Millan,MIA,R,20,24,79,89,15,11,3,1,0,8,8,5,0,9,3,1,1,2,2,1,0.189873417,sa922148
2017,Jose Theran,TOR,R,19,46,163,187,44,33,10,1,0,18,15,18,1,35,2,2,2,5,3,0,0.26993865,sa922167
2017,Rosandel Reyna,MIA,R,20,26,82,96,13,10,3,0,0,10,9,9,0,17,2,2,1,1,5,2,0.158536585,sa922364
2017,Tony Pena,TBR,R,19,33,94,108,13,10,3,0,0,5,6,11,0,39,2,0,1,3,2,3,0.138297872,sa922560
2017,Jefrey Ramos,ATL,R,18,30,117,131,38,24,7,1,6,22,30,8,0,27,3,3,0,3,1,0,0.324786324,sa923039
2018,Landerson Pena,WSN,R,20,41,107,120,20,15,2,1,2,10,9,11,0,41,1,1,0,1,4,2,0.186915887,sa923122
2018,Saul Torres,NYY,R,19,13,41,43,3,2,1,0,0,3,0,2,0,15,0,0,0,2,0,0,0.073170731,sa923363
2016,Boomer Synek,PIT,R,23,23,81,100,21,15,4,2,0,14,9,13,0,10,4,1,1,1,3,0,0.259259259,sa923828
2017,Jonatan Machado,STL,R,18,35,124,139,40,30,8,0,2,27,20,8,0,13,5,2,0,1,8,2,0.322580645,sa924310
2018,Ivan Houellemont,BOS,R,19,22,61,73,10,9,1,0,0,5,9,5,0,22,5,2,0,0,2,0,0.163934426,sa924722
2017,Braulio Vasquez,ATL,R,18,47,152,179,41,35,3,3,0,22,16,21,0,36,4,1,1,0,12,3,0.269736842,sa924858
2018,Braulio Vasquez,ATL,R,19,45,167,183,45,32,7,2,4,31,20,12,0,40,1,3,0,2,5,6,0.269461077,sa924858
2016,Justin Hazard,MIN,R,22,25,93,96,26,19,6,0,1,9,8,1,0,16,0,1,1,2,1,1,0.279569892,sa925012
2018,Victor De Hoyos,ATL,R,20,29,92,102,27,20,3,0,4,13,15,4,0,22,5,1,0,4,3,0,0.29347826,sa930082
2018,Rhandall Sanchez,HOU,R,19,26,76,82,13,11,2,0,0,6,3,6,1,20,0,0,0,2,0,1,0.171052631,sa943517
2019,Enmanuel Guitian,ATL,R,20,18,35,40,5,5,0,0,0,3,5,4,0,10,0,1,0,0,0,0,0.142857142,sa945803
2018,Yorbin Ceuta,HOU,R,18,34,107,124,22,18,2,2,0,10,8,15,1,13,0,1,1,1,1,1,0.205607476,sa956378
2019,Yorbin Ceuta,HOU,R,19,38,125,145,29,19,7,1,2,10,19,8,1,23,4,7,1,2,1,1,0.232,sa956378
2021,Yorbin Ceuta,HOU,CPX,21,22,60,70,17,12,4,0,1,13,4,8,0,7,2,0,0,2,6,1,0.283333333,sa956378
2017,Yasel Antuna,WSN,R,17,48,173,199,52,40,8,3,1,25,17,23,2,29,1,2,0,2,5,5,0.300578034,sa962601
2023,Yasel Antuna,WSN,CPX,23,8,25,28,6,2,1,1,2,4,9,2,0,3,1,0,0,2,2,0,0.24,sa962601
2017,Kevin Maitan,ATL,R,17,9,35,37,11,8,3,0,0,5,3,2,0,10,0,0,0,1,1,0,0.314285714,sa969045
