Season,Name,Team,Level,Age,G,AB,PA,H,1B,2B,3B,HR,R,RBI,BB,IBB,SO,HBP,SF,SH,GDP,SB,CS,AVG,PlayerId
2014,Christian Bethancourt,ATL,AAA,22,91,343,365,97,71,17,1,8,33,48,13,0,61,2,6,1,10,7,1,0.282798833,10028
2015,Christian Bethancourt,ATL,AAA,23,52,202,218,66,43,19,0,4,25,31,12,2,31,0,3,1,4,5,0,0.326732673,10028
2013,Wil Myers,TBR,AAA,22,64,252,289,72,43,13,2,14,44,57,29,1,71,2,6,0,6,7,1,0.285714285,10047
2014,Wil Myers,TBR,AAA,23,7,24,31,6,3,1,0,2,3,6,7,2,7,0,0,0,0,3,0,0.25,10047
2014,Nick Franklin,TBR,AAA,23,27,100,113,21,17,2,0,2,8,9,10,0,34,1,0,2,0,2,0,0.21,10166
2015,Nick Franklin,TBR,AAA,24,57,192,221,51,29,10,1,11,26,30,27,0,48,0,2,0,2,4,3,0.265625,10166
2013,Billy Hamilton,CIN,AAA,22,123,504,547,129,101,18,4,6,75,41,38,0,102,0,1,4,4,75,15,0.25595238,10199
2014,Tucker Barnhart,CIN,AAA,23,78,256,292,63,50,9,3,1,18,29,28,1,34,1,3,4,6,0,1,0.24609375,10200
2011,Jose Iglesias,BOS,AAA,21,101,357,387,84,74,9,0,1,35,31,21,0,58,4,0,5,18,12,4,0.235294117,10231
2012,Jose Iglesias,BOS,AAA,22,88,353,396,94,83,9,1,1,46,23,27,0,46,2,5,9,9,12,3,0.266288951,10231
2013,Jose Iglesias,BOS,AAA,23,33,119,133,24,18,2,0,4,17,15,9,0,18,1,1,3,6,5,3,0.201680672,10231
2014,Francisco Arcia,NYY,AAA,24,38,128,137,31,26,5,0,0,12,9,5,0,26,3,1,0,6,0,0,0.2421875,10286
2012,Eury Perez,WSN,AAA,22,40,159,173,53,45,7,1,0,21,10,8,0,26,2,0,4,3,20,5,0.333333333,10299
2013,Eury Perez,WSN,AAA,23,96,403,433,121,91,18,5,7,55,28,13,0,64,9,0,8,7,23,8,0.300248138,10299
2014,Eury Perez,WSN,AAA,24,57,212,238,66,50,13,2,1,30,11,13,0,35,8,1,4,3,20,3,0.311320754,10299
2013,Oswaldo Arcia,MIN,AAA,22,38,128,155,40,24,6,0,10,25,30,22,0,37,4,1,0,1,2,1,0.3125,10306
2014,Oswaldo Arcia,MIN,AAA,23,22,77,85,24,12,7,0,5,16,18,5,0,17,2,1,0,3,1,0,0.311688311,10306
2015,Oswaldo Arcia,MIN,AAA,24,79,282,311,56,31,13,0,12,31,41,18,0,82,6,5,0,4,0,1,0.19858156,10306
2014,Danny Ortiz,MIN,AAA,24,73,242,254,62,38,13,3,8,36,33,9,0,51,1,2,0,5,0,0,0.256198347,10317
2014,Danny Santana,MIN,AAA,23,24,97,105,26,17,7,2,0,15,7,6,0,28,0,0,2,1,4,1,0.268041237,10322
2015,Danny Santana,MIN,AAA,24,35,152,162,49,32,10,4,3,24,15,7,0,25,0,2,1,3,6,3,0.322368421,10322
2013,Ramon Cabrera,DET,AAA,23,39,149,165,36,25,9,1,1,13,15,14,0,21,1,0,1,8,0,1,0.241610738,10327
2015,Slade Heathcott,NYY,AAA,24,64,251,271,67,55,7,3,2,25,27,18,0,61,0,1,1,5,6,5,0.26693227,10336
2013,John Ryan Murphy,NYY,AAA,22,59,230,257,62,37,19,0,6,26,21,23,1,41,3,1,0,8,0,1,0.269565217,10346
2014,John Ryan Murphy,NYY,AAA,23,51,179,196,44,29,9,0,6,17,28,13,0,42,0,3,1,3,0,0,0.245810055,10346
2013,Tommy Joseph,PHI,AAA,21,21,67,72,14,10,1,0,3,6,14,4,0,15,1,0,0,2,0,1,0.208955223,10349
2015,Tommy Joseph,PHI,AAA,23,45,166,175,32,20,9,0,3,9,18,3,0,33,3,1,2,6,0,0,0.192771084,10349
2016,Tommy Joseph,PHI,AAA,24,27,95,100,33,20,7,0,6,11,17,4,0,12,0,1,0,5,0,1,0.347368421,10349
2014,Daniel Fields,DET,AAA,23,75,274,299,60,41,10,3,6,29,26,15,0,76,6,2,2,2,8,2,0.218978102,10390
2015,Daniel Fields,DET,AAA,24,122,447,526,102,62,25,8,7,59,41,66,2,146,7,3,3,13,17,7,0.228187919,10390
2016,Wilfredo Tovar,MIN,AAA,24,125,450,494,112,83,24,4,1,49,35,32,0,59,3,4,5,12,29,9,0.248888888,10416
2009,Danny Dorn,CIN,AAA,24,112,357,396,98,62,21,1,14,45,47,30,1,78,5,3,1,11,2,1,0.274509803,1050
2012,Cesar Hernandez,PHI,AAA,22,30,121,129,30,25,4,1,0,13,6,4,0,11,0,1,3,1,5,3,0.247933884,10556
2013,Cesar Hernandez,PHI,AAA,23,104,391,440,121,98,12,9,2,59,34,41,0,81,1,2,5,4,32,8,0.309462915,10556
2014,Cesar Hernandez,PHI,AAA,24,40,156,171,40,31,6,3,0,23,10,15,0,34,0,0,0,4,7,4,0.256410256,10556
2012,Joey Terdoslavich,ATL,AAA,23,53,194,215,35,27,4,0,4,19,20,19,0,50,0,1,1,3,3,0,0.180412371,10593
2013,Joey Terdoslavich,ATL,AAA,24,85,321,351,102,59,24,1,18,48,58,23,1,65,1,6,0,7,3,6,0.317757009,10593
2013,Bryce Brentz,BOS,AAA,24,82,326,349,86,52,16,1,17,36,56,20,1,86,3,0,0,11,1,0,0.26380368,10607
2014,Zach Walters,CLE,AAA,24,7,31,31,12,6,4,0,2,4,8,0,0,5,0,0,0,0,0,0,0.387096774,10622
2012,Zach Walters,WSN,AAA,22,29,98,105,21,16,4,0,1,9,6,6,0,28,0,0,1,2,0,0,0.214285714,10622
2013,Zach Walters,WSN,AAA,23,134,487,521,123,57,32,5,29,69,77,20,2,134,5,6,3,7,4,3,0.252566735,10622
2014,Zach Walters,WSN,AAA,24,60,237,261,71,33,18,5,15,38,48,20,0,62,2,1,1,6,0,2,0.299578059,10622
2012,Rob Brantly,DET,AAA,22,36,130,139,33,29,4,0,0,11,6,7,0,25,1,1,0,5,0,0,0.253846153,10655
2014,Gio Urshela,CLE,AAA,22,104,395,430,109,63,27,6,13,63,65,30,1,51,3,1,1,11,0,2,0.275949367,10681
2015,Gio Urshela,CLE,AAA,23,22,81,84,22,13,5,1,3,12,9,3,0,12,0,0,0,4,0,0,0.271604938,10681
2016,Gio Urshela,CLE,AAA,24,117,468,491,128,95,24,1,8,54,57,15,0,58,1,6,1,11,0,0,0.273504273,10681
2012,Tyler Saladino,CHW,AAA,22,15,49,55,11,9,2,0,0,9,6,4,0,16,1,0,1,1,1,0,0.224489795,10807
2014,Tyler Saladino,CHW,AAA,24,82,294,325,91,62,16,4,9,41,43,27,0,50,1,2,1,4,7,1,0.309523809,10807
2013,Todd Cunningham,ATL,AAA,24,116,427,487,113,93,13,5,2,60,38,41,0,62,10,1,8,5,20,7,0.264637002,10822
2013,Phil Gosselin,ATL,AAA,24,58,207,228,55,48,4,1,2,17,15,12,0,38,1,1,7,1,1,0,0.265700483,10953
2013,Kevin Kiermaier,TBR,AAA,23,39,137,154,36,22,7,6,1,24,13,14,0,26,2,1,0,0,7,1,0.262773722,11038
2014,Kevin Kiermaier,TBR,AAA,24,34,128,143,39,27,7,2,3,28,13,12,0,23,0,1,2,1,11,1,0.3046875,11038
2013,Cameron Rupp,PHI,AAA,24,53,182,194,49,33,10,0,6,19,24,10,0,54,1,1,0,5,1,1,0.269230769,11146
2014,Ramon Flores,NYY,AAA,22,63,235,271,58,30,17,4,7,30,23,33,0,45,1,2,0,5,3,2,0.24680851,11165
2015,Ramon Flores,NYY,AAA,23,73,276,321,79,59,11,2,7,43,34,39,1,43,3,3,0,5,3,2,0.286231884,11165
2013,Andy Wilkins,CHW,AAA,24,58,215,234,57,37,13,0,7,25,30,14,1,52,2,3,0,1,2,1,0.265116279,11251
2013,Jonathan Schoop,BAL,AAA,21,70,270,289,69,49,11,0,9,30,34,13,1,55,5,1,0,7,1,2,0.255555555,11265
2015,Aaron Altherr,PHI,AAA,24,51,204,229,60,37,13,2,8,36,38,21,2,44,2,2,0,7,8,1,0.294117647,11270
2012,Bryan Holaday,DET,AAA,24,75,250,282,60,45,12,1,2,18,25,22,0,43,5,2,3,7,2,0,0.24,11287
2014,Jesus Aguilar,CLE,AAA,24,118,427,499,130,80,31,0,19,69,77,64,5,96,3,5,0,11,0,0,0.304449648,11342
2012,Carlos Rivero,WSN,AAA,24,126,455,498,138,99,28,1,10,57,64,33,1,87,1,6,3,15,6,5,0.303296703,1136
2011,Carlos Rivero,PHI,AAA,23,7,27,30,5,1,2,1,1,1,5,1,0,6,1,1,0,1,0,0,0.185185185,1136
2012,Matthew den Dekker,NYM,AAA,24,77,295,317,65,42,10,4,9,37,47,14,1,90,2,5,1,2,11,2,0.220338983,11385
2015,Kyle Waldrop,CIN,AAA,23,55,205,213,38,31,6,0,1,8,13,7,1,54,0,1,0,4,0,1,0.185365853,11402
2016,Kyle Waldrop,CIN,AAA,24,96,325,355,82,56,21,0,5,37,27,20,4,58,4,4,0,9,4,2,0.252307692,11402
2015,Gary Sanchez,NYY,AAA,22,35,132,146,39,24,9,0,6,17,26,11,0,28,1,2,0,7,1,2,0.295454545,11442
2016,Gary Sanchez,NYY,AAA,23,71,284,313,80,48,21,1,10,39,50,21,0,45,5,3,0,4,7,1,0.28169014,11442
2015,Dixon Machado,DET,AAA,23,127,509,567,133,106,22,1,4,61,48,36,0,85,4,3,15,16,15,3,0.26129666,11472
2016,Dixon Machado,DET,AAA,24,131,492,569,131,97,28,2,4,59,48,58,0,75,6,3,10,14,17,5,0.266260162,11472
2016,Henry Ramos,BOS,AAA,24,57,190,209,47,31,8,3,5,18,29,11,1,44,1,5,2,5,4,2,0.247368421,11481
2014,Michael A. Taylor,WSN,AAA,23,12,44,52,10,5,3,1,1,7,3,7,0,14,0,0,1,0,3,1,0.227272727,11489
2015,Michael A. Taylor,WSN,AAA,24,8,26,32,10,8,1,0,1,4,4,4,0,10,0,1,1,0,2,1,0.384615384,11489
2012,Bryce Harper,WSN,AAA,19,21,74,84,18,12,4,1,1,8,3,9,0,14,0,0,1,0,1,1,0.243243243,11579
2012,Yolmer Sanchez,CHW,AAA,20,11,39,39,10,8,2,0,0,4,1,0,0,6,0,0,0,1,0,0,0.256410256,11602
2013,Yolmer Sanchez,CHW,AAA,21,112,432,479,104,82,20,2,0,50,28,29,1,76,4,3,11,9,16,7,0.24074074,11602
2014,Yolmer Sanchez,CHW,AAA,22,110,437,494,128,96,19,6,7,60,57,36,0,84,5,6,10,15,16,4,0.292906178,11602
2015,Yolmer Sanchez,CHW,AAA,23,29,131,137,45,33,10,0,2,17,17,4,0,28,1,0,1,1,5,2,0.34351145,11602
2016,Yolmer Sanchez,CHW,AAA,24,61,235,260,60,39,11,2,8,31,29,17,0,55,2,2,4,6,10,4,0.255319148,11602
2014,Garin Cecchini,BOS,AAA,23,114,407,458,107,78,21,1,7,52,57,44,2,99,5,1,1,17,11,1,0.262899262,11608
2015,Garin Cecchini,BOS,AAA,24,117,422,469,90,69,14,0,7,34,28,40,2,100,4,2,1,15,9,0,0.213270142,11608
2009,Chris Valaika,CIN,AAA,23,95,366,392,86,59,20,1,6,32,36,16,1,76,4,5,1,7,1,0,0.234972677,1165
2010,Chris Valaika,CIN,AAA,24,118,424,459,129,95,28,2,4,49,53,19,0,72,2,10,4,13,3,3,0.304245283,1165
2014,Elias Diaz,PIT,AAA,23,10,33,37,5,4,1,0,0,4,0,3,0,6,1,0,0,2,0,1,0.151515151,11680
2015,Elias Diaz,PIT,AAA,24,93,325,363,88,64,16,4,4,33,47,29,0,47,2,5,2,9,1,4,0.27076923,11680
2013,Nick Castellanos,DET,AAA,21,134,533,595,147,91,37,1,18,81,76,54,2,100,3,5,0,12,4,1,0.275797373,11737
2015,Tyler Austin,NYY,AAA,23,73,264,299,62,50,8,0,4,33,27,26,0,81,4,4,1,15,8,1,0.234848484,11850
2016,Tyler Austin,NYY,AAA,24,57,201,234,65,28,24,0,13,39,49,32,0,59,0,1,0,9,5,0,0.323383084,11850
2015,Steven Moya,DET,AAA,23,126,500,535,120,70,30,0,20,53,74,27,0,162,4,3,1,12,5,4,0.24,11854
2016,Steven Moya,DET,AAA,24,97,409,426,116,70,23,3,20,60,66,15,2,96,1,1,0,10,3,0,0.283618581,11854
2015,Mason Williams,NYY,AAA,23,20,81,91,26,18,7,1,0,12,11,8,1,6,0,0,2,3,2,1,0.320987654,11859
2016,Mason Williams,NYY,AAA,24,31,125,138,37,28,8,1,0,19,23,5,0,21,0,4,4,0,1,1,0.296,11859
2016,Ronny Rodriguez,CLE,AAA,24,116,450,488,116,77,24,5,10,58,59,22,1,88,2,4,10,5,4,4,0.257777777,11875
2014,Travis Shaw,BOS,AAA,24,81,313,346,82,50,21,1,10,43,41,28,2,76,1,4,0,8,2,0,0.26198083,11982
2013,Cody Asche,PHI,AAA,23,104,404,446,119,76,24,4,15,52,68,35,1,95,3,4,0,7,11,3,0.294554455,11997
2015,Kennys Vargas,MIN,AAA,24,38,122,151,34,22,6,0,6,20,22,26,1,39,2,1,0,2,0,0,0.278688524,12101
2015,Ryan Brett,TBR,AAA,23,84,328,354,81,57,18,1,5,48,30,15,0,64,6,5,0,5,4,3,0.246951219,12138
2016,Juniel Querecuto,TBR,AAA,23,36,120,129,29,21,8,0,0,11,11,6,1,31,2,0,1,4,3,1,0.241666666,12140
2016,Max Kepler,MIN,AAA,23,30,110,128,31,20,4,6,1,16,19,16,1,14,0,2,0,4,1,1,0.281818181,12144
2015,Eddie Rosario,MIN,AAA,23,23,95,100,23,17,2,1,3,11,12,5,0,17,0,0,0,2,1,1,0.242105263,12155
2016,Eddie Rosario,MIN,AAA,24,41,160,169,51,30,14,0,7,26,25,7,1,25,0,2,0,4,5,3,0.31875,12155
2015,Ben Gamel,NYY,AAA,23,129,500,551,150,98,28,14,10,77,64,46,5,108,1,3,1,9,13,5,0.3,12160
2016,Ben Gamel,NYY,AAA,24,116,483,533,149,112,26,5,6,80,51,43,3,94,2,4,1,7,19,8,0.308488612,12160
2013,Xander Bogaerts,BOS,AAA,20,60,225,256,64,44,11,0,9,32,32,28,1,44,2,0,1,8,2,2,0.284444444,12161
2016,Miguel Sano,MIN,AAA,23,8,25,30,4,1,1,0,2,3,2,5,1,10,0,0,0,3,0,0,0.16,12164
2014,Maikel Franco,PHI,AAA,21,133,521,556,134,81,33,4,16,64,78,30,0,81,2,3,0,16,3,1,0.257197696,12179
2015,Maikel Franco,PHI,AAA,22,33,141,151,50,33,12,1,4,15,24,8,1,25,0,2,0,3,2,0,0.354609929,12179
2017,Jorge Alfaro,PHI,AAA,24,84,324,350,78,56,13,2,7,34,43,16,1,113,8,2,0,12,1,1,0.24074074,12180
2016,Jake Hager,TBR,AAA,23,71,272,293,62,41,18,1,2,28,21,16,2,60,0,2,3,5,3,2,0.227941176,12198
2017,Jake Hager,TBR,AAA,24,73,271,291,62,46,9,3,4,29,26,13,0,43,5,2,0,10,3,4,0.228782287,12198
2013,Kevin Pillar,TOR,AAA,24,52,201,218,60,33,19,4,4,30,27,12,0,39,2,2,1,4,8,5,0.298507462,12434
2013,Marcus Semien,CHW,AAA,22,32,125,142,33,17,11,1,4,20,17,14,0,24,1,2,0,6,4,0,0.264,12533
2014,Marcus Semien,CHW,AAA,23,83,303,366,81,43,20,3,15,57,52,53,2,59,5,5,0,4,7,2,0.267326732,12533
2015,Eugenio Suarez,CIN,AAA,23,57,203,238,52,33,9,2,8,30,25,26,1,40,3,1,5,5,3,4,0.256157635,12552
2014,Eugenio Suarez,DET,AAA,22,12,43,52,13,7,4,0,2,6,7,6,0,9,2,1,0,2,2,0,0.302325581,12552
2014,Tyler Collins,DET,AAA,24,121,468,526,123,86,17,2,18,63,62,49,2,116,4,5,0,6,12,4,0.262820512,12723
2015,Andy Burns,TOR,AAA,24,126,478,527,140,110,26,0,4,60,45,38,0,69,5,1,5,17,6,9,0.292887029,12779
2014,Dalton Pompey,TOR,AAA,21,12,53,56,19,14,5,0,0,15,5,3,0,10,0,0,0,0,6,0,0.358490566,12797
2015,Dalton Pompey,TOR,AAA,22,65,253,295,72,60,7,4,1,44,18,36,2,41,1,3,2,5,16,7,0.28458498,12797
2016,Dalton Pompey,TOR,AAA,23,93,337,383,91,72,14,1,4,48,28,40,0,72,2,2,1,7,18,7,0.270029673,12797
2014,Brian Goodwin,WSN,AAA,23,81,274,329,60,42,10,4,4,31,32,50,0,95,1,0,4,6,6,4,0.218978102,12858
2014,James McCann,DET,AAA,24,109,417,460,123,82,34,0,7,49,54,25,0,90,9,7,2,11,9,2,0.294964028,12859
2014,Gregory Polanco,PIT,AAA,22,69,274,305,90,61,17,5,7,51,51,28,2,49,1,2,0,3,16,6,0.328467153,12907
2014,Francisco Lindor,CLE,AAA,20,38,165,180,45,36,4,0,5,24,14,9,1,36,0,2,4,3,3,7,0.272727272,12916
2015,Francisco Lindor,CLE,AAA,21,59,229,262,65,47,11,5,2,26,22,25,0,38,0,3,5,1,9,7,0.283842794,12916
2015,Alen Hanson,PIT,AAA,22,117,475,529,125,90,17,12,6,66,43,37,1,91,0,5,12,9,35,12,0.263157894,12926
2016,Alen Hanson,PIT,AAA,23,110,432,478,115,85,15,7,8,58,32,32,1,78,2,2,10,7,36,15,0.266203703,12926
2016,Jose Osuna,PIT,AAA,23,63,220,234,64,37,19,1,7,27,31,13,1,36,1,0,0,10,2,3,0.29090909,12937
2017,Jose Osuna,PIT,AAA,24,10,36,41,9,4,5,0,0,6,1,5,1,9,0,0,0,0,1,1,0.25,12937
2015,Willy Garcia,PIT,AAA,22,71,276,291,68,43,11,4,10,36,38,12,0,76,3,0,0,4,1,4,0.246376811,12956
2016,Willy Garcia,PIT,AAA,23,129,462,499,113,73,30,4,6,53,43,31,1,131,2,3,1,21,5,9,0.244588744,12956
2017,Willy Garcia,CHW,AAA,24,31,112,134,32,21,6,0,5,20,20,18,0,38,3,1,0,1,1,0,0.285714285,12956
2014,Steve Selsky,CIN,AAA,24,55,121,145,29,20,7,1,1,15,11,21,0,47,2,1,0,1,0,0,0.239669421,12957
2013,Jackie Bradley Jr.,BOS,AAA,23,80,320,374,88,49,26,3,10,57,35,41,2,75,10,1,2,3,7,7,0.275,12984
2014,Jackie Bradley Jr.,BOS,AAA,24,14,66,69,14,12,1,0,1,6,5,3,0,18,0,0,0,0,0,1,0.212121212,12984
2017,Teoscar Hernandez,TOR,AAA,24,26,99,109,22,8,6,2,6,14,22,8,0,30,2,0,0,0,4,1,0.222222222,13066
2014,Mikie Mahtook,TBR,AAA,24,132,489,550,143,92,33,6,12,56,68,46,4,137,10,5,0,9,18,5,0.292433537,13130
2015,Josh Bell,PIT,AAA,22,35,121,145,42,30,7,3,2,20,18,21,2,15,1,2,0,4,2,0,0.347107438,13145
2016,Josh Bell,PIT,AAA,23,114,421,484,124,83,23,4,14,57,60,57,8,74,4,2,0,17,3,7,0.294536817,13145
2015,Jorge Polanco,MIN,AAA,21,22,88,94,25,19,6,0,0,7,6,4,0,10,0,2,0,3,1,0,0.284090909,13152
2016,Jorge Polanco,MIN,AAA,22,75,293,325,81,52,14,6,9,32,39,27,1,51,1,4,0,5,5,4,0.276450511,13152
2017,Luis Sardinas,BAL,AAA,24,83,310,331,99,81,10,3,5,34,30,12,0,39,2,1,6,11,6,4,0.319354838,13153
2015,Marco Hernandez,BOS,AAA,22,46,181,190,49,34,9,2,4,27,22,8,2,39,0,1,0,1,1,0,0.270718232,13154
2016,Marco Hernandez,BOS,AAA,23,57,223,237,69,53,7,4,5,26,29,12,0,51,0,1,1,4,4,2,0.30941704,13154
2016,Nicky Delmonico,CHW,AAA,23,72,260,295,64,41,16,0,7,32,30,29,0,74,1,4,1,3,2,0,0.246153846,13157
2017,Nicky Delmonico,CHW,AAA,24,99,378,429,99,66,18,3,12,55,45,46,3,73,4,1,0,6,4,2,0.261904761,13157
2014,Blake Swihart,BOS,AAA,22,18,69,71,18,13,3,1,1,6,9,2,0,15,0,0,0,1,1,0,0.260869565,13176
2015,Blake Swihart,BOS,AAA,23,20,74,80,23,20,3,0,0,7,11,6,0,14,0,0,0,2,1,1,0.31081081,13176
2016,Blake Swihart,BOS,AAA,24,29,103,122,25,20,4,0,1,13,8,17,1,17,0,2,0,5,2,1,0.242718446,13176
2017,Tyler Goeddel,CIN,AAA,24,55,191,214,53,41,9,2,1,23,15,19,0,40,3,0,1,2,7,2,0.27748691,13180
2015,Richie Shaffer,TBR,AAA,24,69,244,282,66,29,17,1,19,42,45,31,3,74,3,4,0,3,1,1,0.270491803,13271
2015,Joey Rickard,TBR,AAA,24,29,89,104,32,24,6,2,0,16,11,10,0,20,3,1,1,0,1,0,0.359550561,13277
2014,Deven Marrero,BOS,AAA,23,50,186,202,39,27,11,0,1,23,20,12,0,37,1,1,2,6,4,1,0.209677419,13325
2015,Deven Marrero,BOS,AAA,24,102,375,419,96,76,13,1,6,49,29,33,0,87,2,4,5,10,12,5,0.256,13325
2016,Omar Narvaez,CHW,AAA,24,41,143,156,35,27,6,0,2,14,11,9,0,17,1,1,2,7,0,0,0.244755244,13338
2015,Luke Maile,TBR,AAA,24,89,294,337,61,46,9,1,5,38,29,35,0,50,4,3,1,11,1,1,0.207482993,13355
2015,Tyler Naquin,CLE,AAA,24,50,186,218,49,30,13,0,6,34,17,25,2,49,2,2,3,3,6,2,0.26344086,13359
2015,Erik Gonzalez,CLE,AAA,23,65,238,261,53,41,6,3,3,32,23,15,0,47,3,0,5,7,8,2,0.222689075,13369
2016,Erik Gonzalez,CLE,AAA,24,104,429,460,127,84,31,1,11,62,53,19,2,88,3,2,7,8,12,10,0.296037296,13369
2014,Christian Walker,BAL,AAA,23,44,166,188,43,27,10,0,6,15,19,18,1,49,2,2,0,4,0,0,0.259036144,13419
2015,Christian Walker,BAL,AAA,24,138,534,592,137,85,33,1,18,68,74,49,2,136,6,3,0,20,1,3,0.256554307,13419
2014,Cameron Perkins,PHI,AAA,23,74,255,272,55,41,9,3,2,17,17,13,1,49,2,0,2,6,3,3,0.215686274,13444
2017,Christian Lopes,TOR,AAA,24,92,333,384,87,54,25,2,6,48,40,43,0,52,4,4,0,5,18,4,0.261261261,13472
2017,Dwight Smith Jr.,TOR,AAA,24,108,395,449,108,78,21,1,8,56,46,47,2,71,2,4,1,9,8,8,0.273417721,13473
2018,Oscar Hernandez,BOS,AAA,24,47,151,171,31,23,7,0,1,16,14,14,0,37,3,1,2,1,1,0,0.205298013,13490
2014,Jose Ramirez,CLE,AAA,21,60,245,277,74,52,15,2,5,37,29,25,2,30,0,5,2,3,19,11,0.302040816,13510
2015,Jose Ramirez,CLE,AAA,22,44,174,195,51,35,13,2,1,29,12,17,1,9,0,1,3,3,15,4,0.293103448,13510
2017,Roman Quinn,PHI,AAA,24,45,175,197,48,35,8,3,2,24,13,18,0,49,1,1,2,2,10,4,0.274285714,13546
2016,Jesse Winker,CIN,AAA,22,106,380,448,115,90,22,0,3,39,45,59,6,59,4,5,0,10,0,0,0.302631578,13590
2017,Jesse Winker,CIN,AAA,23,85,299,347,94,70,22,0,2,33,41,38,3,46,5,5,0,9,2,4,0.31438127,13590
2016,Jose Peraza,CIN,AAA,22,71,288,322,81,61,15,3,2,40,21,21,0,43,2,1,10,4,10,7,0.28125,13593
2015,Jose Peraza,ATL,AAA,21,96,391,427,115,95,10,7,3,52,37,15,3,35,2,7,12,7,26,7,0.294117647,13593
2016,Robert Stephenson,CIN,AAA,23,24,18,20,0,0,0,0,0,0,0,0,0,9,0,0,2,0,0,0,0,13594
2017,Mallex Smith,TBR,AAA,24,45,186,205,49,35,7,4,3,26,10,17,1,45,0,0,2,3,21,8,0.26344086,13608
2015,Mallex Smith,ATL,AAA,22,69,278,307,78,60,12,6,0,49,13,24,0,44,1,1,3,1,34,7,0.280575539,13608
2014,Mookie Betts,BOS,AAA,21,45,185,211,62,43,12,2,5,31,31,26,0,30,0,0,0,2,11,4,0.335135135,13611
2017,Jeimer Candelario,DET,AAA,23,29,121,128,32,19,9,1,3,13,19,5,0,32,1,1,0,1,1,0,0.264462809,13621
2017,Clay Holmes,PIT,AAA,24,25,21,24,1,1,0,0,0,1,3,1,0,13,0,0,2,0,0,0,0.047619047,13649
2017,Christopher Bostick,PIT,AAA,24,126,486,549,143,100,33,3,7,75,57,45,1,97,8,3,7,8,8,9,0.294238683,13718
2016,Christopher Bostick,WSN,AAA,23,64,222,242,45,30,11,2,2,27,18,16,1,67,2,1,1,4,3,2,0.202702702,13718
2014,Rob Refsnyder,NYY,AAA,23,77,287,333,86,58,19,1,8,47,33,41,0,67,2,2,1,8,4,4,0.299651567,13770
2015,Rob Refsnyder,NYY,AAA,24,117,450,525,122,83,28,2,9,66,56,56,1,73,9,6,1,12,12,2,0.271111111,13770
2016,Eric Stamets,CLE,AAA,24,22,73,83,12,10,0,1,1,7,9,3,0,28,3,3,1,0,1,0,0.164383561,13795
2014,Micah Johnson,CHW,AAA,23,65,273,302,75,58,10,5,2,30,28,16,0,42,1,3,9,4,12,6,0.274725274,13809
2015,Micah Johnson,CHW,AAA,24,78,311,353,98,70,17,3,8,54,36,32,0,63,0,4,4,4,28,7,0.31511254,13809
2015,Devon Travis,TOR,AAA,24,8,32,38,7,6,1,0,0,5,0,6,0,9,0,0,0,0,1,0,0.21875,13862
2016,Rio Ruiz,ATL,AAA,22,133,465,533,126,89,24,3,10,52,62,61,3,116,2,5,0,10,1,4,0.270967741,14103
2017,Rio Ruiz,ATL,AAA,23,103,388,432,96,53,25,2,16,48,56,42,1,110,1,1,0,16,1,2,0.24742268,14103
2018,Rio Ruiz,ATL,AAA,24,130,498,541,134,96,25,4,9,72,72,40,3,90,0,3,0,15,2,1,0.269076305,14103
2015,Greg Bird,NYY,AAA,22,34,136,150,41,27,7,1,6,15,23,11,0,27,1,2,0,1,0,0,0.301470588,14131
2017,Greg Bird,NYY,AAA,24,15,47,59,14,7,4,0,3,12,7,11,0,9,0,1,0,2,0,0,0.29787234,14131
2018,Tim Lopes,TOR,AAA,24,104,354,385,98,74,19,3,2,41,29,26,0,58,1,4,0,7,18,8,0.276836158,14137
2018,Jose Rondon,CHW,AAA,24,80,313,336,78,41,15,4,18,41,38,16,0,82,3,3,1,10,5,6,0.249201277,14140
2016,Daniel Robertson,TBR,AAA,22,118,436,511,113,84,21,3,5,50,43,58,0,100,11,4,2,9,2,1,0.259174311,14145
2017,Daniel Robertson,TBR,AAA,23,11,43,47,16,13,2,0,1,7,1,3,0,7,1,0,0,2,0,1,0.372093023,14145
2015,Byron Buxton,MIN,AAA,21,13,55,59,22,17,3,1,1,11,8,4,0,12,0,0,0,0,2,1,0.4,14161
2016,Byron Buxton,MIN,AAA,22,49,190,209,58,33,11,3,11,41,24,14,1,58,3,2,0,2,7,0,0.305263157,14161
2018,Byron Buxton,MIN,AAA,24,35,136,148,37,21,11,1,4,22,14,9,0,42,3,0,0,0,4,1,0.272058823,14161
2018,Andrew Velazquez,TBR,AAA,23,117,423,461,109,75,16,6,12,63,41,34,0,124,3,0,1,2,29,3,0.257683215,14196
2019,Andrew Velazquez,TBR,AAA,24,34,129,141,35,21,9,1,4,20,16,10,0,30,1,0,1,3,2,4,0.271317829,14196
2019,Andrew Velazquez,CLE,AAA,24,12,45,46,11,6,4,1,0,5,5,0,0,9,1,0,0,3,1,1,0.244444444,14196
2018,Anthony Alford,TOR,AAA,23,105,375,417,90,62,22,1,5,52,34,30,0,112,10,2,0,5,17,7,0.24,14329
2019,Anthony Alford,TOR,AAA,24,76,282,319,73,47,16,3,7,46,37,31,0,94,5,0,1,4,22,8,0.258865248,14329
2010,Wilson Ramos,MIN,AAA,22,71,278,295,67,48,14,0,5,25,30,12,0,49,3,0,2,8,1,2,0.241007194,1433
2010,Wilson Ramos,WSN,AAA,22,20,79,82,25,18,3,1,3,14,8,3,2,12,0,0,0,2,0,0,0.316455696,1433
2016,Nick Williams,PHI,AAA,22,125,497,527,128,76,33,6,13,78,64,19,1,136,4,6,1,12,6,4,0.257545271,14330
2017,Nick Williams,PHI,AAA,23,78,282,306,79,46,16,2,15,43,44,16,1,90,5,2,1,7,5,4,0.280141843,14330
2016,Dilson Herrera,CIN,AAA,22,24,64,80,17,13,0,2,2,10,9,11,0,15,1,2,2,1,1,2,0.265625,14335
2017,Dilson Herrera,CIN,AAA,23,68,239,265,63,46,9,1,7,31,42,15,0,61,3,3,4,4,2,4,0.263598326,14335
2018,Dilson Herrera,CIN,AAA,24,50,185,208,55,38,10,0,7,23,27,19,1,50,2,1,1,5,0,1,0.297297297,14335
2015,Jake Cave,NYY,AAA,22,7,24,29,11,7,3,1,0,4,2,3,0,8,1,1,0,1,0,0,0.458333333,14477
2016,Jake Cave,NYY,AAA,23,89,322,354,84,55,18,6,5,47,38,26,2,78,4,1,1,7,3,3,0.260869565,14477
2017,Jake Cave,NYY,AAA,24,72,278,297,90,59,13,3,15,47,38,18,1,82,1,0,0,1,1,3,0.323741007,14477
2018,Renato Nunez,BAL,AAA,24,56,201,228,58,38,14,1,5,25,25,23,0,49,1,2,0,4,1,0,0.288557213,14503
2018,Luis Marte,ATL,AAA,24,45,188,195,50,39,8,1,2,20,21,5,0,33,1,0,1,4,5,2,0.265957446,14515
2016,Pedro Severino,WSN,AAA,22,82,291,317,79,64,13,0,2,25,21,19,0,45,2,4,1,9,3,4,0.271477663,14523
2017,Pedro Severino,WSN,AAA,23,59,211,227,51,42,4,0,5,17,29,15,0,43,0,1,0,7,1,1,0.241706161,14523
2018,Pedro Severino,WSN,AAA,24,33,130,136,35,23,5,1,6,14,13,5,0,23,0,1,0,4,0,0,0.269230769,14523
2018,Gabriel Guerrero,CIN,AAA,24,104,404,432,118,82,15,4,17,64,65,23,1,97,0,5,0,16,1,3,0.292079207,14528
2016,Jesmuel Valentin,PHI,AAA,22,36,105,123,26,20,2,0,4,17,14,12,0,24,0,0,6,6,0,1,0.247619047,14548
2017,Jesmuel Valentin,PHI,AAA,23,29,96,104,22,18,3,0,1,9,7,6,0,16,1,0,1,2,0,0,0.229166666,14548
2018,Jesmuel Valentin,PHI,AAA,24,37,129,154,31,23,5,1,2,17,13,19,0,27,3,2,1,4,3,0,0.240310077,14548
2018,Anthony Santander,BAL,AAA,23,11,44,47,8,3,3,0,2,3,7,2,0,9,0,1,0,0,0,0,0.181818181,14551
2019,Anthony Santander,BAL,AAA,24,48,193,209,50,30,15,0,5,30,28,13,1,38,2,1,0,3,3,2,0.259067357,14551
2018,Wyatt Mathisen,PIT,AAA,24,78,242,282,60,38,13,0,9,34,45,23,0,59,9,5,3,6,2,2,0.247933884,14555
2016,Max Moroff,PIT,AAA,23,133,421,520,97,67,18,4,8,61,45,90,1,129,2,2,5,6,9,7,0.2304038,14556
2017,Max Moroff,PIT,AAA,24,51,185,228,47,24,10,0,13,31,37,41,2,59,1,1,0,1,5,2,0.254054054,14556
2017,Carlos Tocci,PHI,AAA,21,17,53,54,10,9,0,0,1,2,4,1,0,11,0,0,0,1,0,0,0.188679245,14558
2017,Tzu-Wei Lin,BOS,AAA,23,35,141,154,32,24,5,1,2,12,9,11,0,28,0,0,2,2,2,4,0.226950354,14678
2018,Tzu-Wei Lin,BOS,AAA,24,68,277,302,85,58,20,2,5,33,25,23,1,64,1,0,1,0,3,4,0.306859205,14678
2018,Harold Castro,DET,AAA,24,74,241,251,62,52,8,0,2,24,19,5,0,47,0,2,3,8,3,3,0.25726141,14691
2018,Dawel Lugo,DET,AAA,23,123,509,523,137,105,26,3,3,56,59,9,0,66,2,3,0,10,12,4,0.269155206,14713
2019,Dawel Lugo,DET,AAA,24,68,282,303,94,64,21,4,5,46,41,15,1,52,3,3,0,8,6,3,0.333333333,14713
2017,Phillip Ervin,CIN,AAA,24,99,363,408,93,64,20,2,7,46,40,37,0,83,2,0,5,13,23,6,0.256198347,14738
2018,Yu Chang,CLE,AAA,22,127,457,518,117,74,28,2,13,56,62,44,1,144,9,5,3,9,4,3,0.256017505,14773
2019,Yu Chang,CLE,AAA,23,68,253,283,64,39,15,1,9,45,39,26,1,67,1,3,0,4,4,1,0.252964426,14773
2016,JaCoby Jones,DET,AAA,24,79,292,324,71,49,14,5,3,33,23,25,1,97,4,3,0,7,11,4,0.243150684,14818
2016,Jacob May,CHW,AAA,24,83,301,321,80,58,19,2,1,38,24,15,0,72,4,0,1,2,19,8,0.26578073,14876
2016,Daniel Palka,MIN,AAA,24,54,203,223,47,22,12,0,13,31,25,18,1,86,1,1,0,1,2,1,0.231527093,14897
2016,Andrew Knapp,PHI,AAA,24,107,403,443,107,74,24,1,8,55,46,37,1,107,2,1,0,9,2,2,0.265508684,14942
2017,Johan Camargo,ATL,AAA,23,33,129,142,38,24,9,1,4,17,20,8,1,22,2,2,1,4,1,0,0.294573643,14950
2018,Johan Camargo,ATL,AAA,24,8,33,36,10,5,2,0,3,6,7,3,0,9,0,0,0,3,0,0,0.303030303,14950
2018,Zach Green,PHI,AAA,24,37,125,138,31,15,12,1,3,16,22,10,0,49,2,1,0,1,0,2,0.248,14973
2016,Johnny Field,TBR,AAA,24,69,255,285,70,38,23,4,5,34,27,21,1,64,5,3,1,4,3,6,0.274509803,15048
2016,Adam Engel,CHW,AAA,24,41,149,161,36,25,6,2,3,19,16,10,0,50,2,0,0,1,8,5,0.241610738,15082
2015,Boog Powell,TBR,AAA,22,56,206,246,53,38,10,3,2,22,18,32,0,41,2,2,4,3,7,6,0.257281553,15103
2017,Dylan Cozens,PHI,AAA,23,135,476,542,100,58,12,3,27,68,75,58,1,194,5,3,0,3,8,3,0.210084033,15115
2018,Dylan Cozens,PHI,AAA,24,88,297,348,73,33,17,2,21,49,58,46,3,124,1,4,0,2,9,6,0.245791245,15115
2016,Trey Mancini,BAL,AAA,24,125,483,536,135,95,22,5,13,60,54,48,1,123,4,1,0,13,2,2,0.279503105,15149
2018,Josh VanMeter,CIN,AAA,23,98,332,362,84,42,25,6,11,40,45,28,1,73,0,2,0,7,5,3,0.253012048,15170
2019,Josh VanMeter,CIN,AAA,24,49,181,211,63,34,14,1,14,43,43,24,0,37,3,2,1,3,8,3,0.348066298,15170
2016,Tim Anderson,CHW,AAA,23,55,247,256,75,59,10,2,4,39,20,8,0,58,0,0,1,5,11,4,0.303643724,15172
2017,Dustin Peterson,ATL,AAA,22,87,314,346,78,59,17,1,1,35,30,27,0,78,5,0,0,8,1,2,0.248407643,15189
2018,Dustin Peterson,ATL,AAA,23,107,406,442,109,75,23,0,11,46,55,30,0,96,4,1,1,8,3,0,0.268472906,15189
2019,Dustin Peterson,DET,AAA,24,79,301,319,86,62,13,0,11,31,49,14,0,78,1,3,0,11,1,1,0.285714285,15189
2017,Jake Bauers,TBR,AAA,21,132,486,575,128,83,31,1,13,79,63,78,2,112,5,5,1,12,20,3,0.263374485,15194
2018,Jake Bauers,TBR,AAA,22,52,197,222,55,36,14,0,5,31,24,23,0,47,1,0,1,2,10,6,0.279187817,15194
2019,Jake Bauers,CLE,AAA,23,24,89,103,22,12,7,0,3,13,15,14,0,26,0,0,0,2,8,2,0.247191011,15194
2016,Adam Frazier,PIT,AAA,24,68,261,299,87,67,16,4,0,34,22,29,0,27,2,2,5,2,17,15,0.333333333,15223
2017,Zack Granite,MIN,AAA,24,71,284,313,96,71,16,4,5,46,29,24,1,34,1,0,4,2,15,6,0.338028169,15343
2015,Daniel Castro,ATL,AAA,22,89,310,345,83,74,9,0,0,19,36,22,0,32,1,5,7,7,1,1,0.267741935,15450
2016,Daniel Castro,ATL,AAA,23,61,214,229,55,42,10,0,3,29,20,8,0,25,0,4,3,2,0,1,0.257009345,15450
2017,Engelb Vielma,MIN,AAA,23,87,296,314,61,47,12,2,0,36,17,11,0,72,1,5,1,6,2,5,0.206081081,15481
2018,Engelb Vielma,BAL,AAA,24,12,38,43,7,4,2,1,0,3,3,4,0,9,0,1,0,0,0,0,0.184210526,15481
2019,Victor Reyes,DET,AAA,24,74,289,308,88,58,19,1,10,50,58,14,1,50,1,4,0,6,10,6,0.304498269,15487
2018,Justin Williams,TBR,AAA,22,94,356,386,92,66,18,0,8,41,46,25,0,81,3,0,2,14,4,3,0.258426966,15490
2016,J.P. Crawford,PHI,AAA,21,87,336,385,82,66,11,1,4,40,30,42,0,59,1,2,4,5,7,4,0.244047619,15491
2017,J.P. Crawford,PHI,AAA,22,127,474,556,115,74,20,6,15,75,63,79,1,97,1,1,1,10,5,4,0.242616033,15491
2018,J.P. Crawford,PHI,AAA,23,16,58,68,15,11,2,1,1,6,7,5,0,17,4,0,1,0,1,0,0.258620689,15491
2017,Abiatal Avelino,NYY,AAA,22,20,61,68,13,11,1,1,0,5,6,5,0,10,1,0,1,2,3,1,0.213114754,15496
2018,Abiatal Avelino,NYY,AAA,23,74,274,290,69,52,6,6,5,33,38,14,1,61,1,0,1,4,10,2,0.251824817,15496
2017,Mike Ford,NYY,AAA,24,25,94,115,25,13,5,0,7,19,21,18,0,16,1,2,0,4,0,0,0.265957446,15585
2015,Aaron Judge,NYY,AAA,23,61,228,260,51,33,10,0,8,27,28,29,0,74,0,3,0,6,6,2,0.22368421,15640
2016,Aaron Judge,NYY,AAA,24,93,352,410,95,57,18,1,19,62,65,47,0,98,8,3,0,7,5,0,0.269886363,15640
2018,Billy McKinney,TOR,AAA,23,20,64,72,13,5,3,2,3,10,8,8,0,16,0,0,0,1,0,0,0.203125,15654
2019,Billy McKinney,TOR,AAA,24,36,129,154,35,19,8,4,4,17,20,22,1,25,2,1,0,1,1,1,0.271317829,15654
2017,Billy McKinney,NYY,AAA,22,55,209,224,64,38,13,3,10,32,35,9,0,49,2,3,1,5,0,0,0.306220095,15654
2018,Billy McKinney,NYY,AAA,23,56,212,234,48,22,8,5,13,27,32,21,0,56,1,0,0,4,0,0,0.226415094,15654
2018,Austin Meadows,TBR,AAA,23,27,96,106,33,12,11,0,10,19,22,8,0,13,1,1,0,1,1,1,0.34375,15672
2016,Austin Meadows,PIT,AAA,21,37,126,145,27,11,7,3,6,16,24,15,0,34,1,3,0,0,8,2,0.214285714,15672
2017,Austin Meadows,PIT,AAA,22,72,284,312,71,48,19,0,4,48,36,24,2,50,2,2,0,2,11,3,0.25,15672
2018,Austin Meadows,PIT,AAA,23,42,165,179,46,31,13,0,2,27,21,9,0,24,1,1,3,1,11,1,0.278787878,15672
2018,Reese McGuire,TOR,AAA,23,96,322,369,75,57,9,2,7,31,37,33,0,77,6,4,4,8,3,2,0.232919254,15674
2019,Reese McGuire,TOR,AAA,24,72,243,277,60,42,12,1,5,30,29,25,2,44,2,5,2,5,4,0,0.24691358,15674
2017,Rowdy Tellez,TOR,AAA,22,122,445,501,99,63,29,1,6,45,56,47,3,94,2,7,0,10,6,1,0.22247191,15679
2018,Rowdy Tellez,TOR,AAA,23,112,393,444,106,71,22,0,13,43,50,40,2,74,5,6,0,8,7,4,0.269720101,15679
2019,Rowdy Tellez,TOR,AAA,24,26,93,109,34,18,9,0,7,20,21,14,0,25,1,1,0,1,0,0,0.365591397,15679
2017,Chance Sisco,BAL,AAA,22,97,344,388,92,62,23,0,7,47,47,32,0,99,8,4,0,9,2,2,0.26744186,15694
2018,Chance Sisco,BAL,AAA,23,38,128,151,31,23,5,0,3,22,12,16,1,36,5,2,0,4,0,0,0.2421875,15694
2019,Chance Sisco,BAL,AAA,24,45,168,196,49,29,10,0,10,31,37,20,0,44,7,1,0,4,0,0,0.291666666,15694
2019,Gosuke Katoh,NYY,AAA,24,83,262,307,73,52,10,0,11,45,39,42,1,82,2,0,1,2,8,4,0.278625954,15697
2017,Tyler Wade,NYY,AAA,22,85,339,388,105,72,22,4,7,68,31,38,0,75,4,4,1,3,26,5,0.309734513,15730
2018,Tyler Wade,NYY,AAA,23,91,364,408,93,67,18,4,4,46,27,37,2,82,3,2,2,3,11,8,0.255494505,15730
2019,Tyler Wade,NYY,AAA,24,79,301,335,89,62,19,4,4,51,38,23,1,76,4,2,4,2,13,5,0.295681063,15730
2018,Raudy Read,WSN,AAA,24,13,50,52,13,11,2,0,0,2,2,1,1,8,0,1,0,0,0,0,0.26,15766
2017,Rafael Bautista,WSN,AAA,24,43,176,188,44,34,9,1,0,23,11,9,0,26,1,0,2,2,7,4,0.25,15769
2017,Miguel Andujar,NYY,AAA,22,58,227,250,72,49,13,1,9,36,30,17,1,33,2,4,0,6,3,0,0.317180616,15878
2019,Travis Demeritte,ATL,AAA,24,96,339,399,97,47,28,2,20,68,73,51,0,106,6,2,1,5,4,3,0.286135693,15958
2016,Clint Frazier,CLE,AAA,21,5,21,21,5,4,0,1,0,2,0,0,0,6,0,0,0,0,0,0,0.238095238,15983
2016,Clint Frazier,NYY,AAA,21,25,101,108,23,15,2,3,3,17,7,7,0,30,0,0,0,1,0,0,0.227722772,15983
2017,Clint Frazier,NYY,AAA,22,74,273,320,70,37,19,2,12,46,42,37,2,69,3,7,0,4,9,2,0.256410256,15983
2018,Clint Frazier,NYY,AAA,23,48,190,216,59,32,14,3,10,38,21,23,0,52,2,1,0,5,4,2,0.310526315,15983
2019,Clint Frazier,NYY,AAA,24,61,247,269,61,32,20,1,8,35,26,17,0,56,4,1,0,5,1,2,0.246963562,15983
2017,Willy Adames,TBR,AAA,21,130,506,578,140,95,30,5,10,74,62,65,0,132,3,3,1,15,11,5,0.276679841,15986
2018,Willy Adames,TBR,AAA,22,64,245,278,70,52,9,5,4,36,34,27,2,66,1,5,0,6,3,3,0.285714285,15986
2019,Deivy Grullon,PHI,AAA,23,108,407,457,115,70,24,0,21,55,77,45,0,133,2,3,0,5,1,0,0.282555282,15988
2017,Kean Wong,TBR,AAA,22,105,377,417,100,74,21,0,5,44,44,34,0,78,2,2,2,6,14,9,0.265251989,15994
2018,Kean Wong,TBR,AAA,23,116,451,502,127,92,23,3,9,65,50,40,3,112,5,3,3,8,7,3,0.281596452,15994
2019,Kean Wong,TBR,AAA,24,113,453,506,139,94,29,6,10,71,63,42,1,112,8,1,2,6,6,3,0.306843267,15994
2016,Bradley Zimmer,CLE,AAA,23,37,128,150,31,25,5,0,1,18,9,21,0,56,0,0,1,1,5,1,0.2421875,16221
2017,Bradley Zimmer,CLE,AAA,24,33,126,144,37,19,11,2,5,22,14,14,1,43,2,1,1,0,9,3,0.293650793,16221
2015,Trea Turner,WSN,AAA,22,48,188,205,59,46,7,3,3,31,15,13,0,41,0,3,1,2,14,2,0.313829787,16252
2016,Trea Turner,WSN,AAA,23,83,331,371,100,64,22,8,6,61,33,37,1,72,0,2,1,3,25,2,0.302114803,16252
2016,Sam Travis,BOS,AAA,22,47,173,190,47,31,10,0,6,26,29,15,0,40,1,1,0,3,1,0,0.2716763,16263
2017,Sam Travis,BOS,AAA,23,82,304,342,82,62,14,0,6,40,24,37,0,57,1,0,0,6,6,2,0.269736842,16263
2018,Sam Travis,BOS,AAA,24,97,361,398,93,72,13,0,8,35,43,29,0,89,4,4,0,5,1,2,0.257617728,16263
2017,Alex Blandino,CIN,AAA,24,63,196,237,53,32,14,1,6,29,20,32,1,37,7,1,1,5,1,3,0.270408163,16271
2018,Nick Ciuffo,TBR,AAA,23,60,221,236,58,42,11,0,5,26,28,13,0,62,0,2,0,5,0,0,0.262443438,16291
2019,Nick Ciuffo,TBR,AAA,24,34,123,134,28,18,7,1,2,14,16,9,0,37,0,2,0,2,1,1,0.227642276,16291
2019,Nick Ciuffo,CIN,AAA,24,7,20,25,5,1,3,0,1,4,3,5,0,6,0,0,0,0,0,0,0.25,16291
2018,Nick Gordon,MIN,AAA,22,99,382,410,81,62,13,4,2,40,29,23,0,82,3,1,1,7,13,3,0.212041884,16337
2019,Nick Gordon,MIN,AAA,23,70,292,319,87,51,29,3,4,49,40,18,0,65,4,5,0,6,14,4,0.297945205,16337
2018,Pablo Reyes,PIT,AAA,24,110,356,398,103,71,20,4,8,52,36,28,1,71,2,4,8,9,13,7,0.289325842,16357
2018,Oscar Mercado,CLE,AAA,23,32,103,119,26,20,5,1,0,12,5,13,0,23,1,0,2,4,6,4,0.252427184,16375
2019,Oscar Mercado,CLE,AAA,24,30,119,140,35,20,10,1,4,24,15,16,0,32,4,0,1,1,14,3,0.294117647,16375
2018,Francisco Mejia,CLE,AAA,22,79,305,336,85,55,22,1,7,32,45,18,2,58,6,3,4,9,0,0,0.278688524,16403
2018,Richard Urena,TOR,AAA,22,65,250,268,54,35,11,3,5,28,29,12,1,48,0,2,4,4,2,3,0.216,16411
2019,Richard Urena,TOR,AAA,23,98,369,403,101,73,18,4,6,43,52,23,1,85,1,5,4,11,3,2,0.273712737,16411
2021,Sergio Alcantara,CHC,AAA,24,25,82,103,25,19,3,0,3,19,9,21,1,23,0,0,0,0,3,0,0.304878048,16417
2017,Jordan Luplow,PIT,AAA,23,44,160,182,52,37,7,1,7,29,19,16,1,36,5,1,0,1,4,1,0.325,16424
2018,Jordan Luplow,PIT,AAA,24,88,314,357,90,54,25,3,8,41,49,39,2,64,2,2,0,7,7,2,0.286624203,16424
2018,Thairo Estrada,NYY,AAA,22,8,33,34,5,4,1,0,0,1,3,0,0,8,1,0,0,1,0,0,0.151515151,16426
2019,Thairo Estrada,NYY,AAA,23,60,241,259,64,37,17,2,8,39,32,14,0,50,3,1,0,3,3,1,0.265560165,16426
2018,Jason Martin,PIT,AAA,22,59,213,234,45,33,5,3,4,20,21,17,0,52,0,0,4,4,5,4,0.211267605,16429
2019,Jason Martin,PIT,AAA,23,101,370,406,96,58,25,5,8,47,50,29,1,79,1,4,2,3,9,6,0.259459459,16429
2018,Christian Arroyo,TBR,AAA,23,46,170,182,40,26,12,0,2,19,20,8,1,32,4,0,0,6,2,3,0.235294117,16434
2019,Christian Arroyo,TBR,AAA,24,33,121,134,38,20,9,1,8,21,29,12,0,26,1,0,0,5,1,0,0.314049586,16434
2019,Luis Guillorme,NYM,AAA,24,69,228,278,70,51,12,0,7,33,32,39,0,42,4,3,3,5,4,4,0.307017543,16451
2017,Rhys Hoskins,PHI,AAA,24,115,401,475,114,57,24,4,29,78,91,64,0,75,5,5,0,8,4,2,0.284289276,16472
2019,Forrest Wall,TOR,AAA,23,14,47,53,12,7,3,0,2,9,4,6,1,14,0,0,0,0,1,0,0.255319148,16496
2017,Danny Jansen,TOR,AAA,22,21,67,78,22,14,4,1,3,8,10,11,1,7,0,0,0,0,0,0,0.328358208,16535
2018,Danny Jansen,TOR,AAA,23,88,298,360,82,48,21,1,12,45,58,44,1,49,14,3,1,7,5,1,0.275167785,16535
2016,Ozzie Albies,ATL,AAA,19,56,222,247,55,39,11,3,2,27,20,19,0,39,1,2,3,0,9,4,0.247747747,16556
2017,Ozzie Albies,ATL,AAA,20,97,411,448,117,79,21,8,9,67,41,28,1,90,2,4,3,2,21,2,0.284671532,16556
2006,Rocco Baldelli,TBD,AAA,24,12,47,51,19,14,5,0,0,7,4,4,0,10,0,0,0,1,0,1,0.404255319,1656
2016,Yandy Diaz,CLE,AAA,24,95,360,416,117,85,22,3,7,53,44,47,1,70,1,6,2,7,5,1,0.325,16578
2019,Kevin Padlo,TBR,AAA,22,40,131,155,38,17,11,1,9,25,27,21,0,46,3,0,0,3,1,0,0.290076335,16593
2021,Kevin Padlo,TBR,AAA,24,69,253,282,49,26,11,0,12,40,37,25,1,93,2,2,0,1,5,1,0.193675889,16593
2018,Chadwick Tromp,CIN,AAA,23,53,174,195,46,35,8,1,2,20,14,15,0,24,4,2,0,2,2,2,0.264367816,16953
2019,Chadwick Tromp,CIN,AAA,24,26,77,90,22,12,2,1,7,15,21,11,0,25,2,0,0,1,0,1,0.285714285,16953
2017,Gleyber Torres,NYY,AAA,20,23,81,96,25,18,4,1,2,9,16,13,0,26,1,1,0,1,2,2,0.308641975,16997
2018,Gleyber Torres,NYY,AAA,21,14,49,56,17,12,3,1,1,6,11,5,0,10,0,2,0,1,1,1,0.346938775,16997
2017,Dustin Fowler,NYY,AAA,22,70,297,313,87,47,19,8,13,49,43,15,1,63,1,0,0,2,13,5,0.292929292,17098
2021,Meibrys Viloria,KCR,AAA,24,54,172,212,40,25,9,1,5,19,18,32,1,68,5,1,2,1,2,2,0.232558139,17109
2017,Yoan Moncada,CHW,AAA,22,80,309,361,87,63,9,3,12,57,36,49,3,102,0,3,0,4,17,8,0.281553398,17232
2019,Yoan Moncada,CHW,AAA,24,5,22,22,9,6,1,0,2,6,6,0,0,3,0,0,0,0,0,0,0.409090909,17232
2018,Alex Jackson,ATL,AAA,22,35,108,125,22,6,11,2,3,15,17,12,1,42,3,2,0,4,0,0,0.203703703,17276
2019,Alex Jackson,ATL,AAA,23,85,306,345,70,33,9,0,28,52,65,20,0,118,18,1,0,6,1,0,0.228758169,17276
2018,Bobby Bradley,CLE,AAA,22,32,114,128,29,17,7,2,3,11,19,11,1,43,1,1,1,0,0,0,0.254385964,17278
2019,Bobby Bradley,CLE,AAA,23,107,402,453,106,50,23,0,33,65,74,46,2,153,4,1,0,8,0,0,0.263681592,17278
2018,Michael Chavis,BOS,AAA,22,8,33,34,9,4,3,0,2,8,7,1,0,12,0,0,0,0,0,0,0.272727272,17321
2019,Michael Chavis,BOS,AAA,23,21,70,79,18,7,4,0,7,11,11,8,0,21,0,1,0,1,0,0,0.257142857,17321
2019,Cole Tucker,PIT,AAA,22,77,310,353,81,54,15,4,8,51,28,38,1,73,2,0,3,6,11,3,0.261290322,17326
2021,Cole Tucker,PIT,AAA,24,61,220,263,49,30,11,2,6,33,20,41,0,58,2,0,0,4,9,3,0.222727272,17326
2018,Willi Castro,DET,AAA,21,5,21,21,6,6,0,0,0,0,2,0,0,5,0,0,0,0,1,0,0.285714285,17338
2019,Willi Castro,DET,AAA,22,119,465,525,140,93,28,8,11,75,62,37,0,110,14,6,3,4,17,4,0.301075268,17338
2021,Willi Castro,DET,AAA,24,5,23,23,9,6,2,0,1,7,2,0,0,2,0,0,0,0,2,0,0.391304347,17338
2017,Rafael Devers,BOS,AAA,20,9,35,38,14,11,1,0,2,6,4,3,0,8,0,0,0,0,0,0,0.4,17350
2018,Rafael Devers,BOS,AAA,21,6,21,22,7,4,2,0,1,3,2,1,0,6,0,0,0,0,0,0,0.333333333,17350
2019,Jose Siri,CIN,AAA,23,30,102,112,19,14,4,1,0,10,3,9,1,39,0,0,1,1,5,2,0.186274509,17452
2019,Narciso Crook,CIN,AAA,23,84,275,298,75,43,16,6,10,38,35,19,0,84,4,0,0,0,9,2,0.272727272,17473
2018,Eloy Jimenez,CHW,AAA,21,55,211,228,75,49,13,1,12,28,33,14,2,30,2,1,0,8,0,1,0.355450236,17484
2019,Eloy Jimenez,CHW,AAA,22,5,22,22,7,5,1,0,1,3,1,0,0,5,0,0,0,1,0,0,0.318181818,17484
2021,Eloy Jimenez,CHW,AAA,24,10,38,41,10,7,2,0,1,3,2,2,0,14,0,1,0,0,0,0,0.263157894,17484
2018,Blake Trahan,CIN,AAA,24,129,444,510,109,89,17,1,2,55,31,49,2,104,5,0,12,12,6,3,0.245495495,17588
2018,Kevin Kramer,PIT,AAA,24,129,476,527,148,95,35,3,15,73,59,38,1,127,5,5,3,4,13,5,0.310924369,17689
2017,Kevin Newman,PIT,AAA,23,40,166,178,47,34,11,2,0,23,11,7,1,22,1,1,3,2,7,1,0.28313253,17696
2018,Kevin Newman,PIT,AAA,24,109,437,477,132,96,30,2,4,74,35,31,3,50,2,1,5,6,28,11,0.302059496,17696
2018,Christin Stewart,DET,AAA,24,122,444,522,117,70,21,3,23,69,77,67,2,108,6,5,0,6,0,0,0.263513513,17714
2019,Josh Lester,DET,AAA,24,18,72,88,17,10,5,0,2,7,14,11,2,26,1,4,0,0,0,0,0.236111111,17737
2018,DJ Stewart,BAL,AAA,24,116,421,490,99,61,24,2,12,59,55,54,4,103,8,7,0,7,11,4,0.235154394,17766
2021,Tyler Nevin,BAL,AAA,24,111,401,453,91,57,18,0,16,45,52,42,0,91,5,5,0,13,1,1,0.226932668,17893
2021,Marcus Wilson,BOS,AAA,24,64,219,265,53,30,10,3,10,34,30,41,0,88,4,1,0,3,10,1,0.242009132,17910
2018,Cedric Mullins,BAL,AAA,23,60,242,269,65,39,17,3,6,41,19,22,1,39,2,1,2,2,12,0,0.268595041,17929
2019,Cedric Mullins,BAL,AAA,24,66,268,306,55,40,8,2,5,40,24,25,0,51,1,4,6,4,13,4,0.20522388,17929
2017,Andrew Stevenson,WSN,AAA,23,79,309,331,78,65,7,4,2,38,26,19,0,72,1,0,2,5,10,1,0.252427184,17932
2018,Andrew Stevenson,WSN,AAA,24,77,293,331,69,52,10,1,6,40,28,31,1,75,5,1,1,6,12,6,0.23549488,17932
2017,Scott Kingery,PHI,AAA,23,63,265,286,78,56,11,3,8,41,21,13,1,58,5,2,1,4,10,2,0.294339622,17975
2019,Mark Mathias,CLE,AAA,24,115,412,478,111,66,31,2,12,62,59,51,0,91,7,6,2,8,13,2,0.269417475,18032
2018,Jake Cronenworth,TBR,AAA,24,7,25,26,6,3,3,0,0,4,2,1,0,5,0,0,0,0,1,0,0.24,18036
2018,Sam Haggerty,CLE,AAA,24,7,17,21,3,3,0,0,0,3,2,2,0,6,1,0,1,0,2,0,0.176470588,18054
2019,Nathan Lukes,TBR,AAA,24,91,260,295,57,42,8,3,4,26,31,26,0,56,3,4,2,8,7,3,0.219230769,18123
2018,LaMonte Wade Jr.,MIN,AAA,24,74,253,294,58,42,9,3,4,24,21,38,1,54,3,0,0,7,5,1,0.229249011,18126
2017,Dansby Swanson,ATL,AAA,23,11,38,45,9,7,1,0,1,5,5,6,0,9,1,0,0,1,1,0,0.236842105,18314
2018,Daz Cameron,DET,AAA,21,15,57,62,12,7,4,1,0,8,6,2,0,15,1,1,1,2,2,2,0.210526315,18353
2019,Daz Cameron,DET,AAA,22,120,448,528,96,55,22,6,13,68,43,62,0,152,16,2,0,6,17,8,0.214285714,18353
2021,Daz Cameron,DET,AAA,24,39,162,181,48,29,11,2,6,33,23,15,0,39,3,1,0,2,7,3,0.296296296,18353
2018,Austin Riley,ATL,AAA,21,75,291,324,82,53,17,0,12,41,47,26,2,95,4,3,0,3,1,0,0.281786941,18360
2019,Austin Riley,ATL,AAA,22,44,174,194,51,23,13,0,15,39,41,20,0,39,0,0,0,6,0,0,0.293103448,18360
2017,Thomas Eshelman,PHI,AAA,23,19,19,22,7,7,0,0,0,4,1,0,0,9,0,0,3,0,0,0,0.368421052,18361
2021,Victor Robles,WSN,AAA,24,23,83,93,25,12,8,1,4,14,8,7,0,26,2,0,1,0,6,1,0.301204819,18363
2018,Victor Robles,WSN,AAA,21,40,158,182,44,32,9,1,2,25,10,18,2,26,2,2,1,0,14,6,0.278481012,18363
2021,Lewin Diaz,MIA,AAA,24,74,278,312,69,34,15,0,20,52,51,26,2,60,7,1,0,7,2,0,0.248201438,18365
2019,Ryan Mountcastle,BAL,AAA,22,127,520,553,162,101,35,1,25,81,83,24,1,130,4,5,0,10,2,1,0.311538461,18373
2021,Travis Blankenhorn,NYM,AAA,24,48,161,193,41,22,10,0,9,22,30,29,1,53,2,1,0,1,3,2,0.254658385,18395
2018,Joe McCarthy,TBR,AAA,24,47,160,191,43,21,13,1,8,31,25,25,0,43,4,2,0,2,3,1,0.26875,18399
2021,Juan Yepez,STL,AAA,23,92,304,357,88,41,25,0,22,56,63,42,1,69,6,4,0,5,1,3,0.289473684,18400
2022,Juan Yepez,STL,AAA,24,50,188,208,52,27,9,0,16,34,53,17,0,46,2,1,0,4,0,0,0.276595744,18400
2017,Ronald Acuna Jr.,ATL,AAA,19,54,221,243,76,51,14,2,9,38,33,17,0,48,2,2,1,7,11,6,0.343891402,18401
2018,Ronald Acuna Jr.,ATL,AAA,20,23,90,101,19,16,2,0,1,9,3,11,0,25,0,0,0,0,5,1,0.211111111,18401
2022,Ronald Acuna Jr.,ATL,AAA,24,6,19,25,7,6,1,0,0,4,1,6,1,6,0,0,0,0,3,0,0.368421052,18401
2019,Trey Amburgey,NYY,AAA,24,124,470,510,129,73,31,3,22,73,62,32,1,112,6,0,2,12,6,2,0.274468085,18425
2021,Ali Sanchez,STL,AAA,24,70,251,270,69,55,10,0,4,24,22,18,0,47,0,1,0,14,0,2,0.274900398,18551
2019,Ali Sanchez,NYM,AAA,22,21,56,65,10,6,4,0,0,5,3,5,0,11,3,1,0,2,0,1,0.178571428,18551
2019,Luis Arraez,MIN,AAA,22,16,66,73,23,19,4,0,0,8,8,6,0,2,0,1,0,2,1,0,0.348484848,18568
2019,Ke'Bryan Hayes,PIT,AAA,22,110,427,480,113,71,30,2,10,64,53,43,0,90,5,4,1,8,12,1,0.264637002,18577
2021,Ke'Bryan Hayes,PIT,AAA,24,7,24,26,6,2,2,0,2,6,3,2,0,7,0,0,0,1,0,0,0.25,18577
2022,Brendon Davis,DET,AAA,24,103,367,430,85,50,19,2,14,54,47,55,2,104,7,1,0,5,6,4,0.231607629,18587
2021,Nick Plummer,STL,AAA,24,27,75,102,20,13,3,2,2,19,8,20,0,18,6,0,0,0,4,1,0.266666666,18690
2006,Sean Burnett,PIT,AAA,23,27,17,22,5,5,0,0,0,2,2,4,0,8,0,0,1,0,0,0,0.294117647,1886
2021,Jahmai Jones,BAL,AAA,23,70,255,295,62,39,9,3,11,34,37,35,0,68,2,2,0,9,11,3,0.243137254,18872
2022,Jahmai Jones,BAL,AAA,24,27,99,118,21,13,5,1,2,15,7,14,0,23,5,0,0,2,2,1,0.212121212,18872
2018,Brandon Lowe,TBR,AAA,23,46,181,205,55,27,14,0,14,36,35,22,0,47,1,1,0,1,0,1,0.303867403,18882
2018,Seby Zavala,CHW,AAA,24,48,181,191,44,27,15,0,2,18,20,6,0,44,1,3,0,6,0,2,0.243093922,18887
2019,Lucius Fox,TBR,AAA,21,15,42,49,6,5,0,1,0,6,1,6,0,15,0,0,1,1,2,0,0.142857142,18899
2022,Lucius Fox,WSN,AAA,24,55,206,231,47,34,7,2,4,28,25,22,1,61,1,0,2,4,12,4,0.228155339,18899
2021,Lucius Fox,KCR,AAA,23,57,215,252,52,34,14,0,4,41,21,33,0,61,2,1,1,6,19,2,0.241860465,18899
2021,Yusniel Diaz,BAL,AAA,24,54,191,209,30,21,4,1,4,19,16,14,0,69,3,1,0,7,1,2,0.157068062,18905
2021,Estevan Florial,NYY,AAA,23,78,312,362,68,37,17,1,13,65,41,42,0,112,3,2,3,2,13,7,0.217948717,19151
2022,Estevan Florial,NYY,AAA,24,101,403,461,114,66,31,2,15,66,46,54,3,140,1,1,2,0,39,10,0.282878411,19151
2019,Zack Collins,CHW,AAA,24,88,294,367,83,44,19,1,19,56,74,62,1,98,3,8,0,2,0,0,0.282312925,19181
2018,Lourdes Gurriel Jr.,TOR,AAA,24,37,147,156,43,30,8,0,5,20,30,4,0,34,3,2,0,4,3,2,0.292517006,19238
2019,Chris Okey,CIN,AAA,24,9,33,33,4,3,1,0,0,2,3,0,0,13,0,0,0,1,0,0,0.121212121,19245
2019,Cavan Biggio,TOR,AAA,24,43,138,174,43,28,8,1,6,23,27,34,0,28,1,1,0,1,5,1,0.311594202,19252
2019,Will Craig,PIT,AAA,24,131,494,556,123,77,23,0,23,69,78,44,1,146,14,4,0,15,2,3,0.248987854,19267
2019,Armando Alvarez,NYY,AAA,24,66,238,260,66,42,18,0,6,31,44,18,0,39,1,3,0,14,1,2,0.277310924,19292
2018,Nick Senzel,CIN,AAA,23,44,171,193,53,33,12,2,6,23,25,19,1,39,1,2,0,2,8,2,0.30994152,19293
2019,Nick Senzel,CIN,AAA,24,8,35,38,9,7,1,0,1,7,2,3,0,13,0,0,0,0,0,0,0.257142857,19293
2019,Nick Solak,TBR,AAA,24,85,301,349,80,49,13,1,17,56,47,39,0,80,4,4,0,8,3,2,0.26578073,19294
2019,Bryan Reynolds,PIT,AAA,24,13,49,57,18,11,1,1,5,10,11,7,0,11,0,0,0,1,3,2,0.367346938,19326
2019,Luke Raley,MIN,AAA,24,33,126,138,38,25,6,0,7,28,21,7,1,42,5,0,0,0,4,0,0.301587301,19354
2019,Austin Hays,BAL,AAA,23,59,240,257,61,34,16,1,10,43,27,11,0,61,6,0,0,5,6,4,0.254166666,19363
2019,Jake Rogers,DET,AAA,24,48,166,191,37,17,10,1,9,29,31,18,0,53,6,0,1,2,0,0,0.222891566,19452
2021,Andruw Monasterio,CLE,AAA,24,33,111,130,31,18,12,0,1,23,10,18,0,37,1,0,0,2,1,0,0.279279279,19455
2018,Jacob Robson,DET,AAA,23,57,220,245,67,49,13,1,4,36,15,23,0,62,0,1,1,3,7,6,0.304545454,19528
2019,Jacob Robson,DET,AAA,24,112,409,473,109,76,21,3,9,61,52,53,1,132,3,4,4,2,25,10,0.266503667,19528
2019,Jaylin Davis,MIN,AAA,24,41,154,173,51,24,11,1,15,39,42,15,1,46,4,0,0,6,2,0,0.331168831,19552
2021,Simon Muzziotti,PHI,AAA,22,8,25,32,5,5,0,0,0,2,2,5,0,4,0,0,2,1,2,0,0.2,19553
2023,Simon Muzziotti,PHI,AAA,24,124,473,524,140,107,22,4,7,67,61,45,2,81,2,3,1,12,26,12,0.295983086,19553
2018,Nathaniel Lowe,TBR,AAA,22,28,100,110,26,15,6,1,4,18,16,8,1,27,2,0,0,0,0,0,0.26,19566
2019,Nathaniel Lowe,TBR,AAA,23,93,329,406,95,55,24,0,16,63,63,72,1,82,4,1,0,11,1,0,0.288753799,19566
2021,Otto Lopez,TOR,AAA,22,43,173,194,50,37,8,3,2,36,25,13,1,26,4,3,1,5,15,1,0.289017341,19608
2022,Otto Lopez,TOR,AAA,23,91,340,391,101,73,19,6,3,53,34,41,2,61,5,3,2,10,14,5,0.297058823,19608
2023,Otto Lopez,TOR,AAA,24,84,318,346,82,65,9,6,2,48,35,23,0,55,3,1,1,4,13,4,0.257861635,19608
2021,Keibert Ruiz,WSN,AAA,22,20,78,85,24,13,6,0,5,11,14,7,1,6,0,0,0,1,0,0,0.307692307,19610
2018,Vladimir Guerrero Jr.,TOR,AAA,19,30,110,128,37,24,7,0,6,15,16,15,0,10,1,2,0,4,0,0,0.336363636,19611
2019,Vladimir Guerrero Jr.,TOR,AAA,20,9,30,34,11,7,1,0,3,7,8,4,0,2,0,0,0,1,1,0,0.366666666,19611
2019,Bo Bichette,TOR,AAA,21,56,222,244,61,35,16,2,8,34,32,19,0,48,1,1,1,2,15,5,0.274774774,19612
2019,Brent Rooker,MIN,AAA,24,65,228,274,64,34,16,0,14,41,47,35,0,95,10,1,0,4,2,0,0.280701754,19627
2019,Daniel Johnson,CLE,AAA,23,84,337,380,103,62,27,5,9,51,44,34,1,79,4,5,0,4,6,7,0.305637982,19643
2009,Desmond Jennings,TBR,AAA,22,32,114,137,37,26,6,2,3,23,17,19,0,16,1,2,1,3,15,2,0.324561403,1965
2010,Desmond Jennings,TBR,AAA,23,109,399,458,111,77,25,6,3,82,36,47,1,67,6,1,5,8,37,4,0.278195488,1965
2011,Desmond Jennings,TBR,AAA,24,89,338,397,93,59,19,3,12,68,39,45,3,78,9,1,4,4,17,1,0.275147928,1965
2023,Carlos Narvaez,NYY,AAA,24,84,292,359,70,47,13,0,10,41,39,57,2,91,7,3,0,11,5,1,0.239726027,19722
2019,Rylan Bannon,BAL,AAA,23,20,82,90,26,13,10,0,3,18,17,3,0,14,2,3,0,1,0,1,0.31707317,19768
2009,Danny Worth,DET,AAA,23,41,151,162,32,27,4,1,0,9,4,11,0,40,0,0,0,2,3,1,0.211920529,198
2010,Danny Worth,DET,AAA,24,45,164,177,47,40,5,0,2,18,18,10,0,29,2,1,0,1,12,2,0.286585365,198
2019,Caleb Hamilton,MIN,AAA,24,11,39,39,8,5,2,0,1,4,4,0,0,15,0,0,0,1,0,0,0.205128205,19842
2021,Rene Pinto,TBR,AAA,24,52,201,211,60,37,11,0,12,25,35,7,0,58,2,1,0,2,2,1,0.298507462,19859
2019,Adam Haseley,PHI,AAA,23,18,68,78,20,12,6,0,2,8,9,8,1,14,1,0,1,1,1,1,0.294117647,19878
2021,Diego Castillo,PIT,AAA,23,18,54,70,15,9,3,0,3,18,7,13,0,13,1,2,0,2,0,0,0.277777777,19906
2022,Diego Castillo,PIT,AAA,24,35,134,151,33,24,6,0,3,21,12,14,0,33,3,0,0,7,2,1,0.246268656,19906
2019,Jesus Sanchez,TBR,AAA,21,18,63,71,13,9,2,1,1,6,5,6,0,20,1,1,0,5,0,0,0.206349206,19913
2021,Jesus Sanchez,MIA,AAA,23,37,141,155,49,30,5,4,10,23,31,12,1,29,2,0,0,2,1,0,0.34751773,19913
2022,Jesus Sanchez,MIA,AAA,24,42,159,183,49,36,7,0,6,30,27,21,0,39,3,0,0,5,4,1,0.3081761,19913
2021,Ryan McKenna,BAL,AAA,24,27,101,123,31,16,3,1,11,25,23,21,0,33,0,1,0,0,7,3,0.306930693,19928
2021,Luke Williams,PHI,AAA,24,32,126,143,34,27,5,2,0,21,15,12,0,29,1,4,0,5,7,3,0.269841269,19931
2019,Cristian Pache,ATL,AAA,20,26,95,105,26,16,8,1,1,13,8,9,0,18,0,0,1,3,0,0,0.27368421,19948
2021,Cristian Pache,ATL,AAA,22,89,321,353,85,59,15,0,11,50,44,30,0,97,1,0,1,3,9,7,0.264797507,19948
2023,Cristian Pache,PHI,AAA,24,13,51,60,12,9,2,0,1,10,6,8,0,13,1,0,0,3,3,1,0.235294117,19948
2021,Andres Gimenez,CLE,AAA,22,52,209,233,60,36,13,1,10,30,31,12,1,55,6,1,5,1,8,4,0.287081339,19950
2021,Khalil Lee,NYM,AAA,23,102,292,388,80,44,20,2,14,67,37,71,0,115,24,1,0,7,8,10,0.273972602,19952
2022,Khalil Lee,NYM,AAA,24,100,355,418,75,40,25,0,10,48,37,47,0,139,14,1,0,4,14,3,0.211267605,19952
2021,Josh Lowe,TBR,AAA,23,111,402,470,117,65,28,2,22,76,78,61,1,123,1,6,0,4,26,0,0.291044776,19953
2022,Josh Lowe,TBR,AAA,24,80,302,351,95,52,27,2,14,51,67,44,1,115,2,3,0,4,25,2,0.314569536,19953
2021,Mickey Moniak,PHI,AAA,23,99,365,409,87,49,15,8,15,42,65,31,4,101,4,8,1,3,5,2,0.238356164,19956
2022,Mickey Moniak,PHI,AAA,24,20,83,91,23,13,5,0,5,14,8,8,0,22,0,0,0,0,5,3,0.277108433,19956
2021,Blake Rutherford,CHW,AAA,24,115,448,476,112,68,30,3,11,59,54,21,1,119,3,4,0,10,4,1,0.25,19957
2021,Carter Kieboom,WSN,AAA,23,44,148,181,35,23,7,0,5,26,23,26,0,31,7,0,0,7,1,1,0.236486486,19958
2019,Bobby Dalbec,BOS,AAA,24,30,113,123,29,18,4,0,7,12,16,5,0,29,3,2,0,3,0,2,0.256637168,19966
2021,Conner Capel,STL,AAA,24,114,357,407,93,58,17,4,14,55,51,43,1,79,3,4,0,5,6,4,0.260504201,19983
2019,Santiago Espinal,TOR,AAA,24,28,104,112,33,25,6,0,2,11,14,7,0,23,0,0,1,1,2,2,0.317307692,19997
2021,Keston Hiura,MIL,AAA,24,51,172,206,44,24,12,0,8,22,24,29,0,69,4,1,0,3,2,1,0.255813953,20003
2022,Isaac Paredes,TBR,AAA,23,25,95,113,25,13,7,1,4,15,18,13,0,19,2,3,0,0,0,1,0.263157894,20036
2021,Isaac Paredes,DET,AAA,22,72,253,315,67,44,10,2,11,39,42,56,0,47,2,4,0,11,0,0,0.264822134,20036
2019,Luis Robert Jr.,CHW,AAA,21,47,202,223,60,29,10,5,16,44,39,11,0,55,5,5,0,6,7,3,0.297029702,20043
2021,Luis Robert Jr.,CHW,AAA,23,8,29,36,8,6,1,0,1,4,3,5,0,9,2,0,0,0,2,0,0.275862068,20043
2021,Kyle Muller,ATL,AAA,23,17,20,20,5,4,1,0,0,1,2,0,0,11,0,0,0,0,0,0,0.25,20167
2019,Brendan McKay,TBR,AAA,23,27,67,78,16,9,2,0,5,11,11,10,0,24,1,0,0,1,1,0,0.23880597,20186
2021,Gilberto Celestino,MIN,AAA,22,49,183,211,53,35,13,0,5,27,24,24,1,43,4,0,0,4,4,0,0.289617486,20233
2023,Gilberto Celestino,MIN,AAA,24,55,185,233,45,28,11,2,4,31,31,42,0,37,4,1,1,12,4,2,0.243243243,20233
2021,Kevin Smith,TOR,AAA,24,94,355,410,101,49,27,4,21,65,69,46,1,97,4,3,2,5,18,3,0.284507042,20242
2021,Mario Feliciano,MIL,AAA,22,32,105,114,22,17,2,0,3,12,19,4,0,26,2,3,0,4,1,0,0.209523809,20263
2022,Mario Feliciano,MIL,AAA,23,77,285,311,78,58,14,0,6,31,38,18,0,52,5,2,0,13,2,2,0.27368421,20263
2021,Jonathan Arauz,BOS,AAA,22,68,233,267,57,42,8,1,6,32,30,30,0,45,0,4,0,7,2,0,0.244635193,20275
2022,Jonathan Arauz,BOS,AAA,23,24,92,99,17,12,5,0,0,11,3,7,0,13,0,0,0,2,1,0,0.184782608,20275
2023,Jonathan Arauz,NYM,AAA,24,100,352,415,84,53,14,3,14,59,53,55,0,90,2,6,0,6,2,0,0.238636363,20275
2022,Jonathan Arauz,BAL,AAA,23,11,40,45,10,7,3,0,0,4,6,4,0,9,1,0,0,2,1,0,0.25,20275
2022,Ben Rortvedt,NYY,AAA,24,42,154,177,34,19,9,0,6,21,20,18,0,57,2,2,1,3,0,0,0.22077922,20287
2021,Ben Rortvedt,MIN,AAA,23,34,122,136,31,20,6,0,5,18,22,10,0,35,3,1,0,3,0,0,0.25409836,20287
2022,Alex Kirilloff,MIN,AAA,24,35,131,157,47,30,7,0,10,33,32,22,0,26,4,0,0,2,1,0,0.358778625,20325
2021,Luis Garcia Jr.,WSN,AAA,21,37,142,159,43,27,3,0,13,26,25,15,0,26,1,1,0,4,1,1,0.302816901,20391
2022,Luis Garcia Jr.,WSN,AAA,22,45,185,205,57,38,7,4,8,39,32,18,2,36,0,2,0,2,3,0,0.308108108,20391
2023,Luis Garcia Jr.,WSN,AAA,23,25,97,108,26,17,8,0,1,15,13,8,0,13,0,3,0,4,2,0,0.268041237,20391
2022,Royce Lewis,MIN,AAA,23,34,131,153,41,23,12,1,5,30,14,18,0,32,3,1,0,1,12,2,0.312977099,20437
2023,Royce Lewis,MIN,AAA,24,12,45,51,16,9,1,0,6,11,13,5,0,13,0,1,0,1,3,1,0.355555555,20437
2021,William Contreras,ATL,AAA,23,44,155,171,45,28,8,0,9,26,29,13,0,36,3,0,0,3,0,0,0.29032258,20503
2022,William Contreras,ATL,AAA,24,13,48,51,14,11,3,0,0,2,8,3,0,10,0,0,0,0,0,0,0.291666666,20503
2019,Drew Waters,ATL,AAA,20,26,107,119,29,22,5,0,2,17,11,11,0,43,0,1,0,3,3,0,0.271028037,20505
2021,Drew Waters,ATL,AAA,22,103,404,459,97,63,22,1,11,70,37,47,0,142,7,1,0,5,28,9,0.240099009,20505
2022,Drew Waters,ATL,AAA,23,49,191,210,47,32,7,3,5,26,16,16,0,57,1,2,0,7,5,1,0.246073298,20505
2022,Drew Waters,KCR,AAA,23,31,122,143,36,22,5,2,7,29,17,20,0,41,1,0,0,2,13,0,0.295081967,20505
2023,Drew Waters,KCR,AAA,24,13,52,58,17,7,6,2,2,12,6,6,0,13,0,0,0,3,2,0,0.326923076,20505
2019,Nick Madrigal,CHW,AAA,22,29,118,134,39,31,6,1,1,26,12,13,0,5,1,1,1,3,4,3,0.330508474,20521
2021,Nolan Jones,CLE,AAA,23,99,341,407,81,42,25,1,13,60,48,59,1,122,5,2,0,7,10,2,0.237536656,20529
2022,Nolan Jones,CLE,AAA,24,55,214,248,59,38,11,1,9,44,43,31,0,64,1,1,1,5,4,1,0.275700934,20529
2021,Vidal Brujan,TBR,AAA,23,103,389,441,102,58,31,1,12,77,56,49,0,68,1,1,1,7,44,8,0.262210796,20536
2022,Vidal Brujan,TBR,AAA,24,63,257,290,75,52,14,3,6,56,21,27,0,48,5,1,0,5,26,13,0.291828793,20536
2021,Jose Miranda,MIN,AAA,23,80,341,373,117,76,24,0,17,61,56,25,1,49,6,1,0,7,0,2,0.343108504,20538
2022,Jose Miranda,MIN,AAA,24,21,86,95,22,10,10,0,2,10,12,5,0,14,1,3,0,1,0,0,0.255813953,20538
2021,Jose Devers,MIA,AAA,21,12,39,41,9,7,1,1,0,4,3,1,0,5,0,0,1,0,0,0,0.23076923,20540
2024,Jose Devers,MIA,AAA,24,54,188,208,45,31,8,3,3,28,17,15,0,35,3,1,1,4,3,1,0.239361702,20540
2022,Ivan Herrera,STL,AAA,22,65,235,278,63,46,10,1,6,41,34,38,0,52,3,2,0,12,5,1,0.268085106,20599
2023,Ivan Herrera,STL,AAA,23,83,290,375,86,48,27,1,10,66,60,75,0,77,8,2,0,4,11,2,0.296551724,20599
2024,Ivan Herrera,STL,AAA,24,27,93,112,26,19,1,1,5,18,16,19,0,20,0,0,0,2,3,0,0.279569892,20599
2006,Alejandro Machado,BOS,AAA,24,116,373,438,97,77,12,4,4,46,32,52,0,51,5,3,4,10,21,6,0.260053619,2082
2021,Oscar Gonzalez,CLE,AAA,23,72,290,305,78,47,12,1,18,39,42,11,0,76,4,0,0,4,0,1,0.268965517,20970
2022,Oscar Gonzalez,CLE,AAA,24,41,174,182,49,30,8,2,9,21,33,6,2,26,1,1,0,4,0,0,0.281609195,20970
2022,Leo Rivas,CIN,AAA,24,39,140,164,34,25,7,0,2,19,12,23,0,46,0,0,1,3,8,0,0.242857142,21009
2006,Delmon Young,TBD,AAA,20,86,342,370,108,74,22,4,8,50,59,15,1,65,3,10,0,12,22,4,0.315789473,2140
2021,Lars Nootbaar,STL,AAA,23,35,117,136,36,27,2,1,6,21,19,17,3,25,2,0,0,0,1,3,0.307692307,21454
2022,Lars Nootbaar,STL,AAA,24,17,63,77,14,6,4,0,4,13,14,10,0,19,1,3,0,1,2,0,0.222222222,21454
2006,Brandon Watson,CIN,AAA,24,42,137,152,37,34,3,0,0,16,8,11,1,12,0,0,4,1,6,2,0.270072992,2146
2021,Nico Hoerner,CHC,AAA,24,8,26,28,7,6,1,0,0,3,2,0,0,6,2,0,0,0,0,0,0.269230769,21479
2021,Trevor Larnach,MIN,AAA,24,14,51,62,9,5,1,0,3,13,7,6,0,21,5,0,0,2,0,0,0.176470588,21501
2006,Edwin Encarnacion,CIN,AAA,23,10,36,39,11,7,3,0,1,6,1,2,0,11,0,0,0,1,0,0,0.305555555,2151
2007,Edwin Encarnacion,CIN,AAA,24,11,46,50,19,13,3,0,3,12,7,1,0,4,0,0,0,0,1,0,0.413043478,2151
2006,William Bergolla,CIN,AAA,23,114,416,455,116,91,21,2,2,46,33,22,2,47,2,2,13,16,14,8,0.278846153,2152
2021,Nick Fortes,MIA,AAA,24,38,135,152,32,21,7,0,4,16,21,10,1,18,7,0,0,11,0,0,0.237037037,21538
2021,Matt Vierling,PHI,AAA,24,55,206,236,51,39,6,1,5,25,31,24,0,46,3,3,0,3,5,1,0.247572815,21558
2021,Alfonso Rivas III,CHC,AAA,24,58,197,237,56,39,13,0,4,22,32,35,1,49,5,0,0,9,0,1,0.284263959,21560
2021,Romy Gonzalez,CHW,AAA,24,15,54,60,20,10,6,0,4,9,14,5,0,15,0,1,0,1,3,0,0.37037037,21562
2006,Jason Kubel,MIN,AAA,24,30,120,134,34,21,7,2,4,18,22,12,3,23,0,2,0,5,2,0,0.283333333,2161
2021,Kyle Isbel,KCR,AAA,24,105,394,451,106,70,18,3,15,62,55,45,2,91,10,2,0,7,22,5,0.269035532,21614
2021,Alec Bohm,PHI,AAA,24,15,59,68,16,10,5,0,1,8,6,7,0,15,1,1,0,0,3,1,0.27118644,21618
2021,Nick Maton,PHI,AAA,24,63,206,252,41,23,11,2,5,29,27,38,0,60,4,2,2,3,3,2,0.199029126,21635
2021,Rafael Marchan,PHI,AAA,22,67,237,265,48,41,7,0,0,28,19,23,0,45,4,1,0,10,1,0,0.202531645,21646
2022,Rafael Marchan,PHI,AAA,23,66,232,263,54,33,17,0,4,26,29,20,0,24,9,2,0,8,1,0,0.23275862,21646
2023,Rafael Marchan,PHI,AAA,24,51,175,207,52,34,13,3,2,27,30,24,0,20,5,3,0,3,1,2,0.297142857,21646
2023,Miguel Amaya,CHC,AAA,24,15,48,60,15,9,5,0,1,5,10,11,1,14,1,0,0,0,0,0,0.3125,21693
2021,Oswaldo Cabrera,NYY,AAA,22,9,30,36,15,7,2,1,5,11,11,5,0,9,1,0,0,0,1,0,0.5,21707
2022,Oswaldo Cabrera,NYY,AAA,23,47,183,208,48,25,12,3,8,29,29,19,0,55,3,1,2,2,10,3,0.262295081,21707
2023,Oswaldo Cabrera,NYY,AAA,24,10,40,46,9,6,1,0,2,7,6,5,0,9,1,0,0,0,2,1,0.225,21707
2021,Oneil Cruz,PIT,AAA,22,6,21,29,11,5,1,0,5,11,7,8,0,5,0,0,0,0,1,0,0.523809523,21711
2022,Oneil Cruz,PIT,AAA,23,55,211,247,49,30,7,3,9,40,35,30,0,56,4,2,0,1,11,6,0.232227488,21711
2022,Enmanuel Valdez,BOS,AAA,23,44,173,195,41,24,9,1,7,26,30,19,0,48,0,2,0,1,3,0,0.236994219,21716
2023,Enmanuel Valdez,BOS,AAA,24,57,189,232,48,28,8,2,10,38,41,41,1,48,1,1,0,2,4,3,0.253968253,21716
2023,Jair Camargo,MIN,AAA,23,90,332,368,86,48,16,1,21,56,63,29,0,119,4,3,0,13,2,1,0.259036144,21730
2024,Jair Camargo,MIN,AAA,24,74,283,317,60,31,16,1,12,36,51,25,2,94,7,2,0,9,2,1,0.212014134,21730
2023,Sebastian Rivero,CHW,AAA,24,58,194,213,45,29,11,1,4,17,26,9,0,42,5,5,0,6,0,1,0.231958762,21735
2021,Sebastian Rivero,KCR,AAA,22,42,150,163,39,28,7,1,3,18,26,10,1,45,3,0,0,3,2,1,0.26,21735
2023,Jose Fermin,STL,AAA,24,20,66,81,15,7,3,1,4,16,7,12,0,5,2,1,0,1,1,0,0.227272727,21746
2022,Jose Fermin,CLE,AAA,23,90,270,330,58,41,11,0,6,60,31,42,0,46,9,3,6,3,9,4,0.214814814,21746
2022,Esteury Ruiz,MIL,AAA,23,37,146,167,48,35,10,0,3,30,19,14,0,29,4,0,3,3,25,5,0.328767123,21780
2023,Andres Chaparro,NYY,AAA,24,137,523,601,129,78,24,2,25,82,89,65,2,131,5,8,0,14,4,0,0.246653919,21797
2022,Jonathan Aranda,TBR,AAA,24,104,403,465,128,83,26,1,18,71,85,45,0,100,10,7,0,10,4,0,0.317617866,21837
2021,Will Benson,CLE,AAA,23,27,93,107,15,6,5,1,3,7,9,14,1,42,0,0,0,2,0,2,0.161290322,21853
2022,Will Benson,CLE,AAA,24,89,316,401,88,48,20,3,17,75,45,75,3,91,7,1,2,5,16,4,0.278481012,21853
2022,Bo Naylor,CLE,AAA,22,66,245,290,63,32,14,2,15,44,47,37,0,75,6,2,0,5,9,1,0.257142857,21865
2023,Bo Naylor,CLE,AAA,23,60,217,270,55,29,12,1,13,45,48,49,2,52,2,2,0,5,2,2,0.253456221,21865
2022,Jerar Encarnacion,MIA,AAA,24,68,264,297,70,44,12,0,14,43,40,29,1,87,0,4,0,4,0,1,0.265151515,21871
2021,Christopher Morel,CHC,AAA,22,9,35,39,9,7,1,0,1,6,2,4,0,10,0,0,0,1,2,0,0.257142857,21897
2023,Christopher Morel,CHC,AAA,24,29,115,134,38,16,9,2,11,31,31,17,0,41,2,0,0,0,4,1,0.330434782,21897
2021,Rodolfo Castro,PIT,AAA,22,8,35,38,10,3,4,0,3,7,8,3,0,11,0,0,0,1,0,0,0.285714285,21987
2022,Rodolfo Castro,PIT,AAA,23,75,272,314,67,40,13,2,12,37,40,32,0,86,6,4,0,6,6,3,0.246323529,21987
2023,Rodolfo Castro,PIT,AAA,24,12,52,57,10,6,2,0,2,7,10,3,0,21,1,1,0,1,0,0,0.192307692,21987
2006,Ivan Ochoa,CLE,AAA,23,16,39,47,8,5,2,1,0,4,2,4,0,5,3,0,1,0,4,0,0.205128205,2199
2006,Josh Kroeger,PHI,AAA,23,119,441,469,102,63,26,4,9,41,41,23,2,104,1,2,2,7,6,3,0.231292517,2205
2021,Nick Pratto,KCR,AAA,22,63,224,270,58,19,15,3,21,54,55,37,0,77,4,5,0,0,5,0,0.258928571,22117
2022,Nick Pratto,KCR,AAA,23,82,303,374,69,39,10,3,17,57,47,59,1,114,10,2,0,7,8,2,0.227722772,22117
2023,Nick Pratto,KCR,AAA,24,31,111,131,20,11,4,1,4,14,17,16,2,37,2,2,0,3,0,0,0.18018018,22117
2021,Payton Henry,MIL,AAA,24,19,61,71,16,12,3,0,1,7,9,4,0,17,4,2,0,0,0,0,0.262295081,22164
2021,Payton Henry,MIA,AAA,24,22,69,80,13,7,2,0,4,7,8,10,0,26,1,0,0,4,0,1,0.188405797,22164
2023,Ryan Vilade,PIT,AAA,24,122,440,511,119,86,23,4,6,64,56,64,0,127,6,1,0,16,7,4,0.270454545,22165
2022,Akil Baddoo,DET,AAA,23,30,110,131,33,19,9,2,3,14,15,19,0,26,1,1,0,0,7,4,0.3,22168
2023,Akil Baddoo,DET,AAA,24,11,40,49,11,6,3,1,1,6,7,8,0,10,0,1,0,0,2,1,0.275,22168
2021,Cal Mitchell,PIT,AAA,22,7,20,21,5,4,1,0,0,1,1,0,0,4,1,0,0,1,0,0,0.25,22169
2022,Cal Mitchell,PIT,AAA,23,63,236,261,80,51,18,2,9,33,49,17,1,38,5,3,0,3,8,1,0.33898305,22169
2023,Cal Mitchell,PIT,AAA,24,78,280,316,73,48,16,0,9,46,55,29,0,93,3,3,1,8,6,2,0.260714285,22169
2021,Hunter Greene,CIN,AAA,21,14,19,20,3,3,0,0,0,0,1,0,0,6,0,0,1,0,0,0,0.157894736,22182
2021,Mark Vientos,NYM,AAA,21,11,36,43,10,5,2,0,3,9,4,7,0,13,0,0,0,1,0,1,0.277777777,22184
2022,Mark Vientos,NYM,AAA,22,101,378,427,106,65,16,1,24,66,72,44,2,122,3,2,0,15,0,2,0.28042328,22184
2023,Mark Vientos,NYM,AAA,23,61,232,269,71,33,21,1,16,38,50,29,0,58,4,4,0,3,0,0,0.306034482,22184
2024,Mark Vientos,NYM,AAA,24,31,116,133,33,21,5,1,6,21,30,16,0,38,1,0,0,1,0,0,0.284482758,22184
2021,Brice Turang,MIL,AAA,21,44,143,176,35,27,7,0,1,19,14,32,1,35,0,1,0,1,9,2,0.244755244,22186
2022,Brice Turang,MIL,AAA,22,131,532,603,152,113,24,2,13,89,78,65,0,118,0,6,0,11,34,2,0.285714285,22186
2023,Brice Turang,MIL,AAA,23,15,57,63,17,8,6,0,3,10,15,6,0,10,0,0,0,0,2,0,0.298245614,22186
2021,MJ Melendez,KCR,AAA,22,44,150,184,44,24,4,3,13,37,38,32,0,39,0,2,0,0,1,2,0.293333333,22197
2022,MJ Melendez,KCR,AAA,23,21,78,91,13,7,4,0,2,7,6,13,0,22,0,0,0,1,3,0,0.166666666,22197
2021,Jeter Downs,BOS,AAA,22,99,357,405,68,45,9,0,14,39,39,38,0,131,4,5,1,7,18,3,0.19047619,22202
2022,Jeter Downs,BOS,AAA,23,81,284,335,56,28,11,1,16,56,33,38,0,99,12,1,0,3,18,4,0.197183098,22202
2023,Jeter Downs,WSN,AAA,24,51,161,193,38,22,12,1,3,29,18,27,0,47,4,1,0,2,11,3,0.236024844,22202
2006,Angel Chavez,PHI,AAA,24,60,210,231,58,29,22,1,6,27,28,13,2,41,0,1,7,6,6,0,0.276190476,2224
2022,Jack Suwinski,PIT,AAA,23,31,117,130,25,14,5,0,6,19,18,11,0,49,1,1,0,2,1,0,0.213675213,22244
2023,Joe Perez,PIT,AAA,23,9,35,38,9,6,0,0,3,4,7,3,0,12,0,0,0,0,0,1,0.257142857,22254
2024,Joe Perez,PIT,AAA,24,7,20,22,2,2,0,0,0,2,1,2,0,10,0,0,0,1,0,0,0.1,22254
2021,Nolan Gorman,STL,AAA,21,76,303,328,83,54,14,1,14,45,48,20,1,63,2,3,0,5,3,1,0.273927392,22263
2022,Nolan Gorman,STL,AAA,22,43,171,188,47,26,5,0,16,35,26,14,0,69,1,2,0,0,3,0,0.274853801,22263
2024,Nolan Gorman,STL,AAA,24,23,88,98,18,7,4,0,7,16,16,9,0,23,0,1,0,1,0,0,0.204545454,22263
2022,Xavier Edwards,TBR,AAA,22,93,349,400,86,61,19,1,5,48,33,43,1,75,0,1,7,8,7,4,0.246418338,22266
2023,Xavier Edwards,MIA,AAA,23,93,370,433,130,107,14,2,7,80,47,52,1,30,2,5,4,7,32,4,0.351351351,22266
2024,Xavier Edwards,MIA,AAA,24,26,109,119,36,26,8,1,1,11,6,8,0,11,0,0,2,1,5,1,0.330275229,22266
2022,Samad Taylor,TOR,AAA,23,70,244,280,63,42,10,2,9,41,45,28,1,62,3,4,1,2,23,5,0.258196721,22274
2023,Samad Taylor,KCR,AAA,24,89,335,414,101,66,23,4,8,65,55,66,0,85,6,7,0,10,43,10,0.301492537,22274
2021,Matthew Liberatore,STL,AAA,21,22,29,31,0,0,0,0,0,2,1,2,0,25,0,0,0,0,0,0,0,22294
2006,Kelly Johnson,ATL,AAA,24,10,39,47,13,8,4,0,1,3,7,6,1,6,1,1,0,0,1,0,0.333333333,2234
2006,Scott Thorman,ATL,AAA,24,81,309,344,92,59,16,2,15,38,48,31,6,48,1,3,0,6,4,2,0.297734627,2238
2021,Taylor Walls,TBR,AAA,24,52,178,222,44,26,9,1,8,41,29,40,2,58,2,2,0,1,10,5,0.247191011,22458
2024,Livan Soto,CIN,AAA,24,67,247,290,70,55,12,0,3,24,34,38,1,53,3,2,0,3,3,1,0.283400809,22471
2024,Livan Soto,BAL,AAA,24,12,40,45,13,8,3,1,1,3,5,3,0,4,1,1,0,0,0,0,0.325,22471
2021,Triston Casas,BOS,AAA,21,9,33,42,8,3,3,1,1,6,7,8,0,8,0,1,0,1,1,0,0.242424242,22514
2022,Triston Casas,BOS,AAA,22,72,264,317,72,40,20,1,11,45,38,46,4,68,3,4,0,4,0,0,0.272727272,22514
2024,Triston Casas,BOS,AAA,24,12,42,49,12,4,7,0,1,5,7,6,0,14,1,0,0,0,0,0,0.285714285,22514
2023,Johnathan Rodriguez,CLE,AAA,23,47,175,202,49,24,12,2,11,32,33,25,0,66,2,0,0,4,0,0,0.28,22530
2024,Johnathan Rodriguez,CLE,AAA,24,118,439,508,132,85,18,0,29,84,94,64,1,128,2,3,0,13,8,2,0.300683371,22530
2022,Tyler Freeman,CLE,AAA,23,72,297,343,83,70,7,0,6,51,44,25,0,32,19,1,1,14,6,2,0.279461279,22532
2023,Tyler Freeman,CLE,AAA,24,24,91,116,29,21,5,1,2,24,17,15,0,16,9,1,0,0,10,0,0.318681318,22532
2022,George Valera,CLE,AAA,21,42,154,179,34,17,8,0,9,25,23,22,0,45,2,1,0,3,0,0,0.22077922,22541
2023,George Valera,CLE,AAA,22,73,256,312,54,33,10,1,10,40,35,50,1,85,3,3,0,9,1,2,0.2109375,22541
2024,George Valera,CLE,AAA,23,90,323,374,80,48,15,0,17,51,50,45,0,101,1,5,0,6,6,2,0.247678018,22541
2025,George Valera,CLE,AAA,24,28,94,107,24,13,6,2,3,11,10,13,0,27,0,0,0,1,0,0,0.255319148,22541
2023,Michael Siani,STL,AAA,23,10,31,39,7,5,2,0,0,6,1,7,0,8,1,0,0,0,1,0,0.225806451,22557
2022,Michael Siani,CIN,AAA,22,8,36,38,9,7,0,0,2,6,6,1,0,5,0,1,0,0,3,0,0.25,22557
2023,Michael Siani,CIN,AAA,23,108,378,454,86,59,15,3,9,63,47,69,1,109,0,4,3,4,22,4,0.227513227,22557
2021,Gabriel Arias,CLE,AAA,21,115,436,483,124,79,29,3,13,64,55,39,0,110,5,3,0,10,5,1,0.284403669,22563
2022,Gabriel Arias,CLE,AAA,22,77,288,323,69,47,9,0,13,46,36,25,0,78,6,4,0,6,5,1,0.239583333,22563
2024,Gabriel Arias,CLE,AAA,24,43,167,178,53,32,10,5,6,24,20,8,1,40,3,0,0,7,11,0,0.317365269,22563
2021,Alejandro Kirk,TOR,AAA,22,14,49,56,17,12,3,0,2,7,13,5,0,9,0,2,0,0,0,0,0.346938775,22581
2022,Gabriel Moreno,TOR,AAA,22,62,238,267,75,56,16,0,3,35,39,24,0,45,4,1,0,7,7,1,0.31512605,22664
2022,Maikel Garcia,KCR,AAA,22,40,164,186,45,28,10,0,7,41,28,17,1,42,1,3,1,3,12,5,0.274390243,22715
2023,Maikel Garcia,KCR,AAA,23,24,95,112,23,15,7,0,1,11,17,16,0,22,0,1,0,2,4,3,0.242105263,22715
2023,Steward Berroa,TOR,AAA,24,22,45,54,7,4,3,0,0,8,8,7,0,13,1,0,1,1,4,0,0.155555555,22766
2009,Matt LaPorta,CLE,AAA,24,93,338,394,101,59,23,2,17,63,60,42,1,56,9,3,1,11,1,3,0.298816568,2280
2021,Oswald Peraza,NYY,AAA,21,8,28,31,8,7,0,0,1,5,2,2,0,5,0,1,0,0,2,1,0.285714285,22823
2022,Oswald Peraza,NYY,AAA,22,99,386,429,100,65,16,0,19,57,50,34,0,100,7,1,1,2,33,5,0.259067357,22823
2023,Oswald Peraza,NYY,AAA,23,63,261,300,70,45,9,2,14,48,36,29,0,55,8,2,0,5,16,4,0.268199233,22823
2024,Oswald Peraza,NYY,AAA,24,92,350,406,86,60,13,0,13,62,60,43,1,85,9,3,1,9,24,7,0.245714285,22823
2022,Alexander Canario,CHC,AAA,22,20,65,84,15,7,2,0,6,16,14,13,0,21,4,1,1,2,3,0,0.23076923,22842
2023,Alexander Canario,CHC,AAA,23,36,145,161,40,20,12,0,8,23,35,15,0,45,0,1,0,2,2,0,0.275862068,22842
2024,Alexander Canario,CHC,AAA,24,64,247,283,60,29,13,0,18,46,47,32,0,86,3,1,0,4,5,2,0.242914979,22842
2023,Wenceel Perez,DET,AAA,23,35,129,160,34,14,13,4,3,29,19,27,0,29,2,2,0,0,6,5,0.263565891,22857
2024,Wenceel Perez,DET,AAA,24,15,55,63,9,3,2,2,2,10,8,8,0,15,0,0,0,4,4,0,0.163636363,22857
2021,Tucupita Marcano,PIT,AAA,21,48,183,210,42,36,4,1,1,29,12,26,0,33,0,0,1,2,8,1,0.229508196,22871
2022,Tucupita Marcano,PIT,AAA,22,25,101,115,29,21,5,0,3,16,9,13,0,16,0,1,0,2,1,5,0.287128712,22871
2023,Tucupita Marcano,PIT,AAA,23,11,45,48,19,10,7,1,1,8,10,3,0,8,0,0,0,1,3,0,0.422222222,22871
2022,Lenyn Sosa,CHW,AAA,22,57,226,247,67,46,12,0,9,30,31,18,0,43,2,1,0,7,3,4,0.296460176,22896
2023,Lenyn Sosa,CHW,AAA,23,71,288,308,78,44,17,0,17,41,44,18,0,75,0,1,1,9,0,1,0.270833333,22896
2024,Lenyn Sosa,CHW,AAA,24,24,102,113,28,14,8,0,6,18,18,9,0,20,0,1,1,3,2,1,0.274509803,22896
2022,Israel Pineda,WSN,AAA,22,6,21,26,2,0,1,0,1,3,5,5,0,7,0,0,0,0,0,0,0.095238095,22906
2008,Dusty Ryan,DET,AAA,23,20,73,81,23,12,7,2,2,12,13,6,0,27,1,1,0,2,0,0,0.315068493,2312
2009,Dusty Ryan,DET,AAA,24,63,202,235,52,33,8,1,10,25,35,29,0,64,3,0,1,4,2,0,0.257425742,2312
2021,David Banuelos,MIN,AAA,24,30,90,96,19,9,5,2,3,13,14,5,0,34,0,1,0,2,0,0,0.211111111,23250
2021,Canaan Smith-Njigba,PIT,AAA,22,7,21,23,2,2,0,0,0,1,2,2,0,9,0,0,0,0,0,0,0.095238095,23264
2022,Canaan Smith-Njigba,PIT,AAA,23,52,184,218,51,32,15,3,1,31,19,33,0,52,0,0,1,2,8,3,0.277173913,23264
2023,Canaan Smith-Njigba,PIT,AAA,24,105,389,445,109,65,28,1,15,57,74,53,2,118,1,2,0,10,21,5,0.280205655,23264
2023,Jacob Amaya,MIA,AAA,24,128,484,566,122,79,26,2,15,85,65,70,0,106,3,9,0,18,6,2,0.252066115,23296
2022,Nelson Velazquez,CHC,AAA,23,34,123,138,26,13,7,0,6,21,15,13,0,50,1,1,0,4,7,2,0.211382113,23359
2023,Nelson Velazquez,CHC,AAA,24,74,292,330,74,43,15,0,16,48,44,32,1,97,4,2,0,8,7,3,0.253424657,23359
2023,Nelson Velazquez,KCR,AAA,24,6,22,23,1,1,0,0,0,1,0,1,0,6,0,0,0,3,2,0,0.045454545,23359
2021,Jose Barrero,CIN,AAA,23,45,170,200,52,29,10,0,13,31,38,20,1,44,6,3,1,6,8,3,0.305882352,23378
2022,Jose Barrero,CIN,AAA,24,55,220,237,46,28,8,1,9,27,24,11,0,89,5,1,0,5,5,2,0.209090909,23378
2022,Luis Vazquez,CHC,AAA,22,27,84,92,15,10,4,0,1,7,7,4,0,21,0,2,2,3,2,0,0.178571428,23442
2023,Luis Vazquez,CHC,AAA,23,66,222,270,57,37,11,0,9,34,40,38,0,56,8,2,0,3,6,3,0.256756756,23442
2024,Luis Vazquez,CHC,AAA,24,64,236,273,62,38,16,0,8,33,24,25,0,60,6,1,5,10,1,2,0.262711864,23442
2022,Davis Schneider,TOR,AAA,23,17,60,75,14,8,4,0,2,18,9,14,0,20,1,0,0,0,1,1,0.233333333,23565
2023,Davis Schneider,TOR,AAA,24,87,309,392,85,42,21,1,21,61,64,72,0,86,6,5,0,5,9,3,0.275080906,23565
2021,Wander Franco,TBR,AAA,20,40,163,180,51,27,11,6,7,31,35,14,0,21,2,1,0,1,5,4,0.312883435,23667
2022,Wander Franco,TBR,AAA,21,7,21,25,9,7,2,0,0,3,2,4,0,3,0,0,0,1,0,1,0.428571428,23667
2022,Brayan Rocchio,CLE,AAA,21,33,137,152,32,21,6,0,5,21,16,12,0,21,1,1,1,5,2,3,0.233576642,23690
2023,Brayan Rocchio,CLE,AAA,22,116,468,537,131,85,33,6,7,81,65,60,0,66,6,3,0,9,25,7,0.279914529,23690
2025,Brayan Rocchio,CLE,AAA,24,41,159,188,40,19,12,2,7,28,30,23,0,27,3,2,1,4,7,3,0.251572327,23690
2022,Jose Tena,CLE,AAA,21,5,19,23,7,4,2,0,1,7,2,4,0,4,0,0,0,0,0,0,0.368421052,23691
2023,Jose Tena,CLE,AAA,22,15,60,66,21,11,5,1,4,9,11,4,0,17,1,1,0,0,0,1,0.35,23691
2024,Jose Tena,CLE,AAA,23,90,369,405,110,74,17,2,17,54,63,30,0,102,2,1,3,8,14,8,0.298102981,23691
2024,Jose Tena,WSN,AAA,23,10,39,43,7,2,4,0,1,6,5,4,0,13,0,0,0,1,1,0,0.179487179,23691
2025,Jose Tena,WSN,AAA,24,52,209,240,60,41,13,1,5,27,24,30,0,59,0,0,1,3,21,5,0.287081339,23691
2025,Everson Pereira,TBR,AAA,24,8,29,34,8,5,1,0,2,3,5,5,0,10,0,0,0,0,0,1,0.275862068,23695
2023,Everson Pereira,NYY,AAA,22,35,138,158,43,27,7,1,8,29,33,13,0,44,5,2,0,4,4,0,0.311594202,23695
2024,Everson Pereira,NYY,AAA,23,40,162,182,43,24,8,1,10,33,27,16,0,59,4,0,0,2,5,2,0.265432098,23695
2025,Everson Pereira,NYY,AAA,24,70,268,314,68,39,9,1,19,68,52,38,0,90,6,2,0,5,9,1,0.253731343,23695
2023,Ronny Mauricio,NYM,AAA,22,116,490,532,143,87,30,3,23,76,71,35,3,97,6,1,0,9,24,7,0.291836734,23698
2025,Ronny Mauricio,NYM,AAA,24,9,33,39,17,13,1,0,3,10,8,5,2,5,0,1,0,0,4,1,0.515151515,23698
2023,Wilyer Abreu,BOS,AAA,24,86,299,363,82,48,11,1,22,67,65,59,1,74,1,4,0,3,8,1,0.274247491,23772
2023,Leo Jimenez,TOR,AAA,22,18,63,77,12,9,3,0,0,8,3,9,0,15,5,0,0,3,0,0,0.19047619,23782
2024,Leo Jimenez,TOR,AAA,23,57,181,226,49,34,8,0,7,40,23,30,0,34,15,0,0,6,3,1,0.270718232,23782
2025,Leo Jimenez,TOR,AAA,24,19,56,71,17,13,4,0,0,12,4,11,0,13,3,1,0,3,0,1,0.303571428,23782
2024,Will Banfield,MIA,AAA,24,93,340,371,84,59,14,2,9,40,41,24,0,105,2,5,0,8,0,0,0.247058823,23790
2022,Jordan Groshans,TOR,AAA,22,67,240,279,60,51,8,0,1,30,24,35,0,46,2,2,0,6,2,0,0.25,23794
2024,Jordan Groshans,NYY,AAA,24,17,57,63,13,10,2,0,1,8,7,6,0,11,0,0,0,2,0,1,0.228070175,23794
2022,Jordan Groshans,MIA,AAA,22,31,113,133,34,25,7,0,2,14,10,19,0,19,0,1,0,0,1,0,0.300884955,23794
2023,Jordan Groshans,MIA,AAA,23,125,460,528,112,85,20,1,6,60,60,66,1,92,1,1,0,10,0,0,0.24347826,23794
2023,Parker Meadows,DET,AAA,23,113,449,517,115,62,27,7,19,78,65,57,0,123,2,8,1,3,19,2,0.256124721,23800
2024,Parker Meadows,DET,AAA,24,51,202,237,59,37,11,3,8,39,25,30,1,45,3,2,0,1,19,5,0.292079207,23800
2025,Brandon Valenzuela,TOR,AAA,24,26,92,105,19,10,6,0,3,9,12,12,1,32,0,1,0,2,0,0,0.206521739,23813
2022,Ji Hwan Bae,PIT,AAA,22,108,419,473,121,84,23,6,8,81,53,48,1,80,2,3,1,5,30,8,0.288782816,23818
2023,Ji Hwan Bae,PIT,AAA,23,9,32,39,11,7,3,0,1,9,1,7,0,10,0,0,0,1,2,0,0.34375,23818
2024,Ji Hwan Bae,PIT,AAA,24,66,246,293,84,62,11,4,7,49,41,41,2,63,1,3,1,0,14,3,0.341463414,23818
2024,Jorbit Vivas,NYY,AAA,23,93,347,422,78,49,18,2,9,57,45,58,0,70,9,4,0,4,20,5,0.224783861,23917
2025,Jorbit Vivas,NYY,AAA,24,100,374,459,101,75,21,1,4,59,43,64,1,45,11,4,1,3,12,9,0.270053475,23917
2010,Carlos Santana,CLE,AAA,24,57,196,246,62,34,14,1,13,39,51,45,4,39,3,2,0,5,6,0,0.31632653,2396
2023,Osleivis Basabe,TBR,AAA,22,94,385,426,114,79,24,7,4,45,58,31,0,66,4,5,1,11,16,6,0.296103896,23985
2024,Osleivis Basabe,TBR,AAA,23,66,262,283,65,52,8,0,5,26,29,14,0,51,4,3,0,3,4,3,0.248091603,23985
2022,Curtis Mead,TBR,AAA,21,20,72,85,20,11,6,0,3,8,14,11,0,17,1,1,0,4,1,0,0.277777777,23986
2023,Curtis Mead,TBR,AAA,22,61,235,278,69,37,21,2,9,41,45,35,1,48,3,5,0,3,4,2,0.293617021,23986
2024,Curtis Mead,TBR,AAA,23,91,364,410,105,67,19,6,13,60,41,29,1,64,13,4,0,6,11,6,0.288461538,23986
2025,Curtis Mead,TBR,AAA,24,14,53,59,14,9,2,0,3,10,7,4,0,15,2,0,0,3,0,0,0.264150943,23986
2009,Jose Tabata,PIT,AAA,20,32,134,148,37,26,7,1,3,21,10,10,1,18,2,1,1,2,4,2,0.276119402,2411
2010,Jose Tabata,PIT,AAA,21,53,224,252,69,51,13,2,3,42,19,23,1,35,2,3,0,5,25,6,0.308035714,2411
2011,Jose Tabata,PIT,AAA,22,9,33,38,11,5,6,0,0,6,2,5,0,4,0,0,0,1,0,2,0.333333333,2411
2012,Jose Tabata,PIT,AAA,23,41,158,173,47,38,9,0,0,21,15,10,0,20,4,1,0,4,5,2,0.297468354,2411
2013,Jose Tabata,PIT,AAA,24,9,28,32,5,4,1,0,0,1,0,3,0,7,1,0,0,2,1,0,0.178571428,2411
2023,Jhonkensy Noel,CLE,AAA,21,138,519,585,114,64,23,0,27,81,85,49,0,145,14,3,0,10,1,3,0.219653179,24257
2024,Jhonkensy Noel,CLE,AAA,22,65,258,284,76,41,15,2,18,41,59,19,0,60,7,0,0,5,1,0,0.294573643,24257
2025,Jhonkensy Noel,CLE,AAA,23,61,227,252,62,36,14,0,12,22,39,21,0,67,2,2,0,5,1,1,0.273127753,24257
2026,Jhonkensy Noel,BAL,AAA,24,30,107,120,13,6,4,0,3,10,14,10,0,36,3,0,0,4,0,0,0.121495327,24257
2023,Ceddanne Rafaela,BOS,AAA,22,48,199,219,62,32,13,3,14,40,42,12,0,48,7,1,0,5,6,5,0.311557788,24262
2023,Liover Peguero,PIT,AAA,22,7,27,30,7,4,0,1,2,4,5,3,0,3,0,0,0,3,2,0,0.259259259,24273
2024,Liover Peguero,PIT,AAA,23,128,495,555,127,81,29,4,13,68,79,46,0,139,3,8,3,11,14,3,0.256565656,24273
2025,Liover Peguero,PIT,AAA,24,75,267,303,66,45,14,1,6,39,40,27,0,59,1,5,3,10,8,3,0.247191011,24273
2024,Johan Rojas,PHI,AAA,23,8,34,38,13,11,1,0,1,7,3,2,0,6,0,0,2,0,6,0,0.382352941,24336
2025,Johan Rojas,PHI,AAA,24,35,147,161,41,32,7,1,1,18,13,13,0,32,0,0,1,6,8,2,0.278911564,24336
2023,Jose Rodriguez,CHW,AAA,22,19,87,89,22,17,2,0,3,11,8,2,0,13,0,0,0,0,3,3,0.252873563,24388
2021,Travis Swaggerty,PIT,AAA,23,12,41,48,9,6,0,0,3,6,7,6,0,8,1,0,0,0,3,0,0.219512195,24491
2022,Travis Swaggerty,PIT,AAA,24,107,398,458,101,69,15,8,9,55,55,57,0,117,1,1,1,1,20,5,0.253768844,24491
2021,Richie Palacios,CLE,AAA,24,37,113,145,33,22,9,1,1,19,12,25,0,28,4,1,2,1,10,0,0.292035398,24589
2022,Addison Barger,TOR,AAA,22,8,31,36,11,7,1,0,3,8,9,5,0,5,0,0,0,0,0,1,0.354838709,24598
2023,Addison Barger,TOR,AAA,23,88,340,397,85,51,25,0,9,53,46,52,1,86,3,2,0,11,5,3,0.25,24598
2024,Addison Barger,TOR,AAA,24,57,204,249,53,29,15,0,9,41,38,40,0,48,4,0,0,3,4,1,0.259803921,24598
2021,Steven Kwan,CLE,AAA,23,26,103,120,32,23,3,1,5,23,13,14,0,8,1,0,2,1,2,0,0.310679611,24610
2021,Jarren Duran,BOS,AAA,24,60,244,283,63,34,11,2,16,46,36,30,0,66,8,1,0,1,16,3,0.258196721,24617
2021,Ryan Jeffers,MIN,AAA,24,24,83,103,18,9,4,0,5,13,16,16,0,26,1,3,0,4,0,0,0.216867469,24618
2021,Owen Miller,CLE,AAA,24,48,182,206,54,34,12,1,7,25,22,21,0,52,2,1,0,6,0,0,0.296703296,24655
2021,Cody Wilson,WSN,AAA,24,33,102,117,13,10,2,1,0,10,7,12,0,38,1,0,2,2,7,2,0.12745098,24671
2021,Brendan Donovan,STL,AAA,24,33,111,131,32,21,5,0,6,23,25,15,0,23,4,1,0,0,4,2,0.288288288,24679
2021,Logan O'Hoppe,PHI,AAA,21,6,21,23,4,2,1,0,1,2,3,2,0,4,0,0,0,0,0,0,0.19047619,24729
2021,Bryan Lavastida,CLE,AAA,22,7,19,21,3,2,0,0,1,2,3,2,0,10,0,0,0,1,0,0,0.157894736,24765
2022,Bryan Lavastida,CLE,AAA,23,39,147,168,33,21,6,2,4,24,16,16,0,35,4,1,0,5,2,1,0.224489795,24765
2023,Bryan Lavastida,CLE,AAA,24,52,189,218,44,27,9,0,8,32,37,22,1,47,1,4,2,5,7,1,0.232804232,24765
2024,Heriberto Hernandez,TBR,AAA,24,44,150,183,28,14,4,1,9,26,20,27,0,49,4,2,0,3,2,0,0.186666666,24878
2010,Pedro Alvarez,PIT,AAA,23,66,242,278,67,35,15,4,13,42,53,32,2,68,2,2,0,4,4,4,0.276859504,2495
2011,Pedro Alvarez,PIT,AAA,24,35,125,148,32,21,5,1,5,16,19,22,3,42,0,1,0,3,0,1,0.256,2495
2010,Lucas Duda,NYM,AAA,24,70,264,298,83,41,23,2,17,44,53,31,3,57,2,1,0,4,0,0,0.314393939,2502
2010,Josh Bell,BAL,AAA,23,81,316,345,88,50,25,0,13,43,50,23,3,78,2,3,0,3,2,4,0.278481012,2510
2011,Josh Bell,BAL,AAA,24,101,395,438,99,67,12,2,18,61,56,40,3,120,0,3,0,11,4,0,0.250632911,2510
2010,Yonder Alonso,CIN,AAA,23,101,406,445,120,75,31,2,12,50,56,37,2,76,1,1,0,12,9,1,0.295566502,2530
2011,Yonder Alonso,CIN,AAA,24,91,358,409,106,66,24,4,12,46,56,46,6,60,1,4,0,13,6,5,0.296089385,2530
2022,Endy Rodriguez,PIT,AAA,22,6,22,23,10,6,2,1,1,2,8,0,0,3,0,1,0,3,0,0,0.454545454,25332
2023,Endy Rodriguez,PIT,AAA,23,67,272,315,73,48,16,3,6,54,38,36,0,47,3,4,0,5,4,0,0.268382352,25332
2023,Ronny Simon,TBR,AAA,23,32,117,137,33,22,8,0,3,19,12,18,0,28,1,1,0,1,5,2,0.282051282,25346
2024,Ronny Simon,TBR,AAA,24,130,466,527,132,88,30,4,10,72,56,47,0,99,7,3,4,9,20,7,0.283261802,25346
2025,Omar Martinez,NYY,AAA,23,23,75,88,15,12,1,1,1,10,9,11,0,37,1,1,0,1,0,0,0.2,25369
2021,Peyton Burdick,MIA,AAA,24,8,28,31,4,1,3,0,0,5,1,3,0,11,0,0,0,2,0,0,0.142857142,25459
2022,Nick Sogard,BOS,AAA,24,65,201,237,52,38,13,1,0,26,21,30,0,45,2,3,1,5,9,1,0.258706467,25483
2022,Joey Ortiz,BAL,AAA,23,26,104,115,36,23,7,2,4,22,14,9,0,17,1,1,0,1,6,1,0.346153846,25493
2023,Joey Ortiz,BAL,AAA,24,88,349,389,112,69,30,4,9,66,58,32,0,69,3,5,0,15,11,4,0.320916905,25493
2012,Chris Parmelee,MIN,AAA,24,64,228,282,77,42,17,1,17,45,49,51,7,52,1,2,0,2,1,1,0.337719298,2554
2023,Korey Lee,CHW,AAA,24,14,51,55,13,12,1,0,0,2,4,3,0,22,1,0,0,1,1,0,0.25490196,25543
2026,Marco Luciano,NYY,AAA,24,11,41,49,10,7,2,0,1,6,5,6,0,8,1,1,0,1,2,1,0.243902439,25616
2024,Bryan Ramos,CHW,AAA,22,64,243,279,64,43,13,0,8,34,33,24,0,58,5,2,0,5,6,3,0.263374485,25621
2025,Bryan Ramos,CHW,AAA,23,105,371,431,80,46,17,1,16,60,51,42,0,96,10,4,1,8,13,4,0.215633423,25621
2026,Bryan Ramos,BAL,AAA,24,41,123,157,23,18,4,0,1,8,5,25,0,38,5,0,0,0,5,4,0.186991869,25621
2022,Will Brennan,CLE,AAA,24,93,393,433,124,84,28,3,9,53,68,33,0,53,2,5,0,7,15,1,0.315521628,25660
2021,Bobby Witt Jr.,KCR,AAA,21,62,253,285,72,31,24,0,17,55,46,26,1,64,2,3,1,0,15,3,0.28458498,25764
2022,CJ Abrams,WSN,AAA,21,8,31,35,9,7,2,0,0,7,2,2,0,8,1,1,0,0,4,1,0.29032258,25768
2022,Pedro Pages,STL,AAA,23,44,153,170,34,22,8,0,4,16,16,14,0,46,0,3,0,11,0,0,0.222222222,25782
2022,Blake Sabol,PIT,AAA,24,25,81,101,24,15,3,1,5,13,15,17,0,22,2,1,0,0,1,0,0.296296296,25805
2022,Braden Shewmake,ATL,AAA,24,76,278,307,72,49,14,2,7,37,25,23,0,57,2,4,0,7,9,0,0.258992805,25817
2022,Andre Lipcius,DET,AAA,24,46,159,188,48,31,13,1,3,18,24,25,1,33,0,4,0,5,1,3,0.301886792,25822
2021,Ryan Kreidler,DET,AAA,23,41,135,162,41,26,8,0,7,28,22,24,1,39,1,2,0,1,5,2,0.303703703,25867
2022,Ryan Kreidler,DET,AAA,24,56,202,250,43,21,12,2,8,29,22,36,0,72,9,3,0,0,15,1,0.212871287,25867
2021,Connor Thomas,STL,AAA,23,24,21,23,1,1,0,0,0,1,0,1,0,6,0,0,1,1,0,0,0.047619047,25873
2009,Michael Taylor,PHI,AAA,23,30,110,130,31,19,6,1,5,15,19,13,0,19,2,3,0,3,3,1,0.281818181,2591
2021,Zack Thompson,STL,AAA,23,23,19,23,3,1,1,1,0,2,3,1,0,10,0,0,3,0,0,0,0.157894736,25918
2024,Michael Harris II,ATL,AAA,23,6,23,26,10,9,0,0,1,2,2,3,1,3,0,0,0,2,0,0,0.434782608,25931
2022,Kerry Carpenter,DET,AAA,24,35,118,138,39,19,11,1,8,17,27,17,0,17,2,1,0,3,2,7,0.330508474,25961
2023,Orelvis Martinez,TOR,AAA,21,55,209,246,55,27,16,1,11,37,48,26,0,66,2,7,0,3,2,0,0.263157894,25967
2024,Orelvis Martinez,TOR,AAA,22,74,281,319,75,38,19,1,17,54,49,27,2,76,8,2,0,7,0,0,0.266903914,25967
2025,Orelvis Martinez,TOR,AAA,23,99,336,394,59,28,17,1,13,38,32,47,0,112,7,3,0,13,2,0,0.175595238,25967
2024,Kevin Alcantara,CHC,AAA,21,35,130,148,38,25,8,0,5,23,22,17,0,43,1,0,0,2,7,1,0.292307692,25971
2025,Kevin Alcantara,CHC,AAA,22,102,379,430,101,58,26,0,17,55,69,48,0,128,1,2,0,10,10,4,0.266490765,25971
2026,Kevin Alcantara,CHC,AAA,23,41,157,180,38,17,6,0,15,27,32,22,0,60,1,0,0,2,3,1,0.242038216,25971
2021,Riley Greene,DET,AAA,20,40,159,185,49,29,9,3,8,36,30,22,1,51,3,1,0,3,4,0,0.3081761,25976
2022,Riley Greene,DET,AAA,21,15,62,68,17,12,4,0,1,10,6,6,0,14,0,0,0,1,3,0,0.274193548,25976
2025,Nasim Nunez,WSN,AAA,24,63,201,232,51,43,6,0,2,37,29,25,0,58,2,2,2,2,36,6,0.253731343,25979
2024,Matthew Lugo,BOS,AAA,23,35,124,141,31,16,10,0,5,21,19,12,0,38,5,0,0,3,7,0,0.25,25980
2026,Victor Mesa Jr.,TBR,AAA,24,18,70,81,23,13,7,1,2,13,7,11,0,17,0,0,0,0,1,6,0.328571428,25999
2024,Victor Mesa Jr.,MIA,AAA,22,80,321,355,83,55,14,1,13,47,51,28,0,77,2,3,1,6,5,2,0.258566978,25999
2025,Victor Mesa Jr.,MIA,AAA,23,42,153,171,46,29,9,1,7,19,30,17,0,28,0,1,0,2,4,1,0.300653594,25999
2023,Vaughn Grissom,ATL,AAA,22,102,397,468,131,83,36,4,8,74,61,56,1,66,8,4,0,8,13,2,0.329974811,26031
2024,Vaughn Grissom,BOS,AAA,23,55,193,234,50,40,4,0,6,27,34,36,0,45,4,1,0,7,10,1,0.259067357,26031
2025,Vaughn Grissom,BOS,AAA,24,96,370,418,100,63,24,0,13,69,48,37,0,73,6,5,0,11,9,2,0.27027027,26031
2022,Francisco Alvarez,NYM,AAA,20,45,158,199,37,22,6,0,9,31,31,34,2,52,5,2,0,4,0,0,0.234177215,26121
2025,Francisco Alvarez,NYM,AAA,23,26,93,107,24,8,4,0,12,19,28,11,0,33,3,0,0,4,0,0,0.258064516,26121
2022,Brett Baty,NYM,AAA,22,6,22,26,8,8,0,0,0,3,1,3,0,6,1,0,0,1,0,1,0.363636363,26123
2023,Brett Baty,NYM,AAA,23,26,104,121,31,17,4,0,10,20,31,16,0,29,0,1,0,3,2,2,0.298076923,26123
2024,Brett Baty,NYM,AAA,24,62,230,269,58,32,10,0,16,37,45,33,0,57,3,3,0,3,1,0,0.252173913,26123
2021,Kyle Stowers,BAL,AAA,23,22,81,93,22,17,2,0,3,10,11,12,0,32,0,0,0,2,1,0,0.271604938,26151
2022,Kyle Stowers,BAL,AAA,24,95,349,407,92,41,29,3,19,54,78,45,1,104,8,4,1,6,3,2,0.263610315,26151
2010,Zack Cozart,CIN,AAA,24,136,553,610,141,90,30,4,17,91,67,40,0,107,6,5,6,15,30,4,0.254972875,2616
2022,John Rave,KCR,AAA,24,11,41,43,8,4,2,0,2,6,6,2,0,13,0,0,0,1,1,0,0.195121951,26284
2021,Adley Rutschman,BAL,AAA,23,43,157,185,49,33,9,2,5,25,20,24,0,33,2,2,0,1,2,2,0.31210191,26288
2022,Adley Rutschman,BAL,AAA,24,12,43,53,10,7,0,0,3,5,7,7,0,6,3,0,0,2,0,0,0.232558139,26288
2022,Gunnar Henderson,BAL,AAA,21,65,250,295,72,44,13,4,11,60,41,38,0,78,5,2,0,0,10,1,0.288,26289
2025,Gunnar Henderson,BAL,AAA,24,5,19,20,5,3,0,0,2,2,4,1,0,4,0,0,0,0,0,0,0.263157894,26289
2021,Bryson Stott,PHI,AAA,23,10,33,41,10,9,0,0,1,4,3,8,0,8,0,0,0,0,1,0,0.303030303,26294
2022,Bryson Stott,PHI,AAA,24,9,36,40,12,7,2,1,2,11,7,3,0,10,0,1,0,1,2,0,0.333333333,26294
2022,Spencer Steer,CIN,AAA,24,23,92,104,27,17,7,0,3,14,13,9,0,23,3,0,0,2,1,0,0.29347826,26323
2022,Spencer Steer,MIN,AAA,24,48,198,232,48,25,10,1,12,39,32,28,1,43,4,2,0,8,2,0,0.242424242,26323
2022,JJ Bleday,MIA,AAA,24,85,302,367,69,36,13,0,20,54,52,60,0,99,5,0,0,2,1,1,0.228476821,26368
2022,Matt Wallner,MIN,AAA,24,50,190,229,47,21,17,3,6,29,31,35,1,63,4,0,0,0,1,0,0.247368421,26466
2026,Luis Matos,MIL,AAA,24,13,44,52,13,10,2,0,1,5,7,7,0,6,1,0,0,1,1,2,0.295454545,26467
2022,Spencer Horwitz,TOR,AAA,24,44,171,202,42,26,14,0,2,31,12,30,0,41,1,0,0,3,4,1,0.245614035,26477
2023,Noelvi Marte,CIN,AAA,21,39,143,167,40,24,10,3,3,31,20,20,0,31,1,3,0,0,8,2,0.279720279,26517
2024,Noelvi Marte,CIN,AAA,22,12,53,53,8,7,1,0,0,3,2,0,0,15,0,0,0,5,1,0,0.150943396,26517
2025,Noelvi Marte,CIN,AAA,23,12,43,53,14,7,6,0,1,8,10,8,0,7,1,1,0,1,3,1,0.325581395,26517
2026,Noelvi Marte,CIN,AAA,24,38,152,167,57,42,6,1,8,30,26,12,0,26,1,2,0,0,9,1,0.375,26517
2023,Angel Martinez,CLE,AAA,21,37,142,154,38,26,8,1,3,17,19,10,1,36,1,0,1,2,1,0,0.267605633,26540
2024,Angel Martinez,CLE,AAA,22,55,215,249,59,35,16,1,7,36,27,25,0,40,4,3,2,7,5,4,0.274418604,26540
2025,Angel Martinez,CLE,AAA,23,8,32,34,11,5,6,0,0,7,8,0,0,9,0,2,0,0,1,0,0.34375,26540
2024,Agustin Ramirez,NYY,AAA,22,29,107,125,24,17,3,0,4,14,20,14,0,23,3,1,0,4,5,1,0.224299065,26546
2024,Agustin Ramirez,MIA,AAA,22,39,141,162,37,22,9,1,5,20,24,19,0,36,2,0,0,4,4,0,0.262411347,26546
2025,Agustin Ramirez,MIA,AAA,23,19,71,80,18,8,7,0,3,13,12,7,0,19,0,2,0,1,5,0,0.253521126,26546
2026,Agustin Ramirez,MIA,AAA,24,18,69,80,20,13,3,0,4,14,11,8,0,16,2,1,0,3,5,2,0.289855072,26546
2024,Luisangel Acuna,NYM,AAA,22,131,547,587,141,108,20,6,7,90,50,32,0,96,2,4,2,12,40,14,0.257769652,26548
2025,Luisangel Acuna,NYM,AAA,23,28,109,122,33,25,7,1,0,16,10,9,0,19,0,3,1,4,8,2,0.302752293,26548
2024,Jonatan Clase,TOR,AAA,22,35,135,146,33,21,10,0,2,19,11,9,0,38,0,2,0,3,12,4,0.244444444,26599
2025,Jonatan Clase,TOR,AAA,23,87,310,352,79,47,25,0,7,41,21,35,0,90,3,1,3,2,30,4,0.254838709,26599
2026,Jonatan Clase,TOR,AAA,24,28,92,112,17,11,3,1,2,12,9,17,1,30,0,1,2,3,8,1,0.184782608,26599
2025,Yohendrick Pinango,TOR,AAA,23,84,293,341,69,42,19,1,7,39,47,43,0,65,2,2,0,11,1,0,0.23549488,26664
2026,Yohendrick Pinango,TOR,AAA,24,22,80,92,23,13,7,0,3,10,13,10,1,22,1,1,0,1,2,0,0.2875,26664
2023,Elly De La Cruz,CIN,AAA,21,38,158,186,47,21,11,3,12,38,36,26,0,50,1,1,0,1,11,6,0.297468354,26668
2023,Juan Brito,CLE,AAA,21,5,14,20,3,2,1,0,0,1,1,6,0,4,0,0,0,0,1,0,0.214285714,26693
2024,Juan Brito,CLE,AAA,22,144,551,652,141,80,40,0,21,92,84,88,1,105,8,3,2,5,13,5,0.255898366,26693
2025,Juan Brito,CLE,AAA,23,24,82,99,21,11,6,1,3,15,15,13,1,21,1,2,1,0,4,2,0.25609756,26693
2026,Juan Brito,CLE,AAA,24,35,138,165,35,20,10,1,4,20,26,23,1,25,1,2,1,0,3,0,0.253623188,26693
2025,Jesus Rodriguez,NYY,AAA,23,78,309,362,98,76,14,3,5,54,41,46,1,55,4,3,0,3,16,8,0.317152103,26991
2023,Austin Martin,MIN,AAA,24,59,205,252,54,37,11,0,6,33,28,36,0,43,7,3,1,2,16,4,0.263414634,27462
2023,Dillon Dingler,DET,AAA,24,26,99,109,20,9,7,1,3,14,9,8,0,34,1,1,0,3,0,0,0.202020202,27464
2021,Spencer Torkelson,DET,AAA,21,40,147,177,35,15,8,1,11,35,27,23,1,36,4,3,0,5,1,0,0.238095238,27465
2022,Spencer Torkelson,DET,AAA,22,35,131,155,30,19,6,0,5,18,18,23,1,41,1,0,0,1,1,1,0.229007633,27465
2024,Spencer Torkelson,DET,AAA,24,58,226,275,54,30,13,0,11,41,43,42,1,85,2,5,0,3,1,0,0.238938053,27465
2023,Jordan Walker,STL,AAA,21,29,113,135,27,17,6,0,4,14,16,16,0,32,4,2,0,2,4,0,0.238938053,27475
2024,Jordan Walker,STL,AAA,22,84,342,377,90,55,23,3,9,37,37,31,0,73,2,2,0,8,4,3,0.263157894,27475
2023,Masyn Winn,STL,AAA,21,105,445,498,128,88,15,7,18,99,61,44,0,83,7,2,0,8,17,2,0.287640449,27479
2024,Robert Hassell III,WSN,AAA,22,17,64,69,8,6,2,0,0,5,3,5,0,17,0,0,0,0,3,0,0.125,27482
2025,Robert Hassell III,WSN,AAA,23,76,294,330,91,68,13,0,10,45,49,35,1,57,0,0,1,2,16,3,0.309523809,27482
2026,Robert Hassell III,WSN,AAA,24,42,155,176,35,26,8,0,1,20,15,19,1,49,1,0,1,2,5,3,0.225806451,27482
2023,Nick Gonzales,PIT,AAA,24,99,377,443,106,57,27,8,14,75,49,53,1,118,9,4,0,5,4,3,0.281167108,27490
2024,Rece Hinds,CIN,AAA,23,99,380,422,79,45,18,2,14,48,47,37,1,160,3,2,0,7,20,3,0.207894736,27493
2025,Rece Hinds,CIN,AAA,24,107,391,436,118,66,26,2,24,79,83,33,0,113,5,6,0,9,21,5,0.301790281,27493
2024,Owen Caissie,CHC,AAA,21,127,472,549,131,80,29,3,19,69,75,71,3,156,4,2,0,3,11,2,0.277542372,27496
2025,Owen Caissie,CHC,AAA,22,99,370,433,106,54,28,2,22,74,55,57,0,121,4,2,0,0,5,4,0.286486486,27496
2024,Tyler Callihan,CIN,AAA,24,4,14,20,5,2,2,0,1,5,2,6,0,4,0,0,0,0,1,0,0.357142857,27497
2024,Nick Yorke,PIT,AAA,22,40,152,175,54,35,17,0,2,26,26,18,2,33,3,1,0,5,7,4,0.355263157,27504
2025,Nick Yorke,PIT,AAA,23,103,401,440,115,84,21,3,7,55,59,36,0,97,2,1,0,9,17,6,0.286783042,27504
2026,Nick Yorke,PIT,AAA,24,14,50,57,7,6,0,1,0,8,3,5,0,14,2,0,0,3,3,0,0.14,27504
2024,Nick Yorke,BOS,AAA,22,38,145,169,45,31,8,0,6,32,19,24,0,32,0,0,0,3,6,1,0.310344827,27504
2023,Edouard Julien,MIN,AAA,24,38,133,170,39,22,12,0,5,29,22,32,1,42,3,2,0,1,3,0,0.293233082,27534
2022,Garrett Mitchell,MIL,AAA,23,20,73,85,25,18,6,0,1,15,9,10,0,18,2,0,0,0,9,0,0.342465753,27555
2023,Garrett Mitchell,MIL,AAA,24,8,32,35,6,5,0,1,0,3,0,2,0,6,1,0,0,2,3,0,0.1875,27555
2023,Austin Wells,NYY,AAA,23,33,126,146,32,17,10,0,5,16,20,16,0,34,3,1,0,3,2,1,0.253968253,27562
2022,Alika Williams,TBR,AAA,23,6,17,21,3,2,1,0,0,1,2,4,0,7,0,0,0,0,0,1,0.176470588,27604
2023,Alika Williams,PIT,AAA,24,36,128,148,39,24,8,0,7,25,20,15,0,22,2,1,2,6,3,1,0.3046875,27604
2021,Alec Burleson,STL,AAA,22,45,154,172,36,25,7,0,4,19,22,17,0,27,0,0,0,4,0,1,0.233766233,27615
2022,Alec Burleson,STL,AAA,23,109,432,470,143,97,25,1,20,68,87,29,0,67,3,6,0,13,4,0,0.331018518,27615
2022,Nick Loftin,KCR,AAA,23,38,153,168,33,21,7,0,5,26,19,10,0,41,4,1,0,4,5,2,0.215686274,27630
2023,Nick Loftin,KCR,AAA,24,82,315,358,85,58,13,0,14,41,56,34,0,47,4,5,0,15,6,4,0.269841269,27630
2022,Anthony Volpe,NYY,AAA,21,22,89,99,21,13,4,1,3,15,5,8,0,30,2,0,0,1,6,1,0.235955056,27647
2022,Vinnie Pasquantino,KCR,AAA,24,73,264,313,73,36,17,2,18,52,70,40,2,39,3,6,0,7,3,1,0.276515151,27676
2022,Michael Massey,KCR,AAA,24,33,126,143,41,21,13,0,7,21,29,13,0,35,2,2,0,3,4,0,0.325396825,27684
2022,Joey Wiemer,MIL,AAA,23,43,150,174,43,21,15,1,6,24,30,21,0,34,0,3,0,3,6,2,0.286666666,27690
2023,Joey Wiemer,MIL,AAA,24,5,19,21,2,1,0,0,1,3,3,1,0,3,0,1,0,0,0,0,0.105263157,27690
2022,Eric Yang,CIN,AAA,24,13,39,43,12,10,2,0,0,3,5,3,0,14,0,0,1,0,0,0,0.307692307,27698
2022,Brett Wisely,TBR,AAA,23,5,21,23,5,3,2,0,0,3,2,1,0,6,0,1,0,1,1,0,0.238095238,27735
2026,Drew Romo,CHW,AAA,24,17,57,68,17,10,3,0,4,11,11,7,0,18,1,0,3,1,1,1,0.298245614,27763
2023,Pete Crow-Armstrong,CHC,AAA,21,34,140,158,38,23,7,2,6,30,22,15,0,47,2,0,1,0,10,2,0.271428571,27769
2024,Pete Crow-Armstrong,CHC,AAA,22,26,110,117,28,12,9,2,5,22,14,6,1,32,1,0,0,0,10,0,0.254545454,27769
2023,Tyler Gentry,KCR,AAA,24,129,475,572,120,74,28,2,16,69,71,81,0,127,10,5,1,8,14,3,0.252631578,27784
2022,Jordan Westburg,BAL,AAA,23,91,362,413,99,53,25,3,18,64,74,44,0,90,6,1,0,7,9,3,0.273480662,27815
2023,Jordan Westburg,BAL,AAA,24,67,268,301,79,44,15,2,18,57,54,29,0,64,4,0,0,6,6,0,0.294776119,27815
2022,Matt Mervis,CHC,AAA,24,57,209,240,62,31,15,1,15,41,39,25,2,35,5,1,0,1,0,0,0.296650717,27845
2023,Thomas Saggese,STL,AAA,21,13,58,63,12,6,5,0,1,9,4,3,0,14,2,0,0,0,1,0,0.206896551,27883
2024,Thomas Saggese,STL,AAA,22,125,479,528,121,75,23,3,20,75,67,31,0,122,13,4,1,19,9,4,0.252609603,27883
2025,Thomas Saggese,STL,AAA,23,42,164,189,52,41,6,0,5,34,24,23,0,45,1,1,0,5,5,4,0.31707317,27883
2023,Colt Keith,DET,AAA,21,67,261,301,75,41,20,1,13,45,51,35,1,58,1,4,0,6,1,1,0.287356321,27899
2025,Petey Halpin,CLE,AAA,23,126,493,553,123,75,29,5,14,86,44,51,0,156,3,5,0,2,15,3,0.2494929,27931
2026,Petey Halpin,CLE,AAA,24,26,112,128,28,19,6,1,2,19,14,13,0,29,1,2,0,0,9,0,0.25,27931
2025,Maximo Acosta,MIA,AAA,22,115,410,465,92,63,13,3,13,56,50,50,0,123,4,1,0,9,33,9,0.224390243,27963
2026,Maximo Acosta,MIA,AAA,23,17,65,72,13,6,6,0,1,13,7,6,0,20,1,0,0,2,10,1,0.2,27963
2024,Deyvison De Los Santos,MIA,AAA,21,50,196,211,47,28,7,0,12,28,36,11,1,60,2,2,0,7,0,0,0.239795918,27969
2025,Deyvison De Los Santos,MIA,AAA,22,106,399,444,96,72,11,1,12,54,54,36,1,99,6,3,0,7,16,6,0.240601503,27969
2026,Deyvison De Los Santos,MIA,AAA,23,40,156,173,39,26,8,0,5,21,26,13,0,32,2,2,0,3,8,2,0.25,27969
2024,Edgar Quero,CHW,AAA,21,26,95,110,28,20,4,0,4,13,17,13,0,21,1,1,0,2,0,0,0.294736842,28022
2025,Edgar Quero,CHW,AAA,22,15,51,63,17,15,1,0,1,9,4,11,0,14,0,1,0,1,0,0,0.333333333,28022
2023,Jasson Dominguez,NYY,AAA,20,9,31,37,13,9,3,1,0,6,10,6,1,3,0,0,0,1,3,1,0.419354838,28080
2024,Jasson Dominguez,NYY,AAA,21,44,175,193,54,39,7,1,7,33,25,16,0,36,1,1,0,5,15,1,0.308571428,28080
2026,Jasson Dominguez,NYY,AAA,23,24,92,106,30,22,5,0,3,15,15,13,1,16,1,0,0,1,8,1,0.326086956,28080
2026,Jhostynxon Garcia,PIT,AAA,23,19,73,78,15,10,2,0,3,9,7,5,0,23,0,0,0,2,0,0,0.205479452,28142
2025,Jhostynxon Garcia,BOS,AAA,22,81,317,351,86,53,12,3,18,60,58,27,0,102,4,2,1,9,3,0,0.271293375,28142
2024,Junior Caminero,TBR,AAA,20,53,217,236,60,38,9,0,13,33,34,16,0,50,2,1,0,6,1,1,0.276497695,28163
2024,Javier Sanoja,MIA,AAA,21,111,436,492,127,84,31,6,6,51,58,44,0,30,2,7,3,13,14,6,0.291284403,28253
2025,Jeferson Quero,MIL,AAA,22,58,216,250,55,34,14,1,6,32,44,25,0,35,4,5,0,7,2,0,0.254629629,28272
2026,Jeferson Quero,MIL,AAA,23,46,162,190,41,26,9,0,6,23,34,20,0,42,3,4,1,11,2,1,0.253086419,28272
2008,Travis Snider,TOR,AAA,20,18,64,70,22,15,5,0,2,9,17,4,0,16,1,1,0,0,1,0,0.34375,2830
2023,Coby Mayo,BAL,AAA,21,62,217,267,58,30,15,1,12,36,55,42,0,62,5,3,0,3,1,0,0.267281105,28312
2024,Coby Mayo,BAL,AAA,22,89,345,390,99,51,23,3,22,61,67,40,2,97,3,2,0,4,4,4,0.286956521,28312
2025,Coby Mayo,BAL,AAA,23,45,168,195,38,18,10,2,8,24,28,23,0,53,1,3,0,3,1,1,0.226190476,28312
2025,Tsung-Che Cheng,PIT,AAA,23,107,340,397,71,55,12,3,1,36,36,47,0,99,3,4,3,3,18,7,0.208823529,28344
2026,Tsung-Che Cheng,BOS,AAA,24,44,137,167,32,20,6,2,4,24,11,27,0,41,0,2,1,1,5,5,0.233576642,28344
2010,Joe Savery,PHI,AAA,24,36,46,48,16,12,3,0,1,5,6,0,0,10,0,0,2,1,0,0,0.347826086,2835
2012,Joe Benson,MIN,AAA,24,28,95,108,17,10,3,2,2,9,8,11,0,27,1,1,0,3,4,0,0.178947368,2845
2011,Chris Marrero,WSN,AAA,22,127,483,546,145,101,30,0,14,59,69,58,2,97,2,3,0,14,3,2,0.300207039,2852
2012,Chris Marrero,WSN,AAA,23,37,127,144,31,24,6,1,0,13,12,16,0,28,1,0,0,6,0,0,0.244094488,2852
2013,Chris Marrero,WSN,AAA,24,111,408,450,110,80,17,2,11,48,59,36,2,67,3,3,0,15,0,1,0.269607843,2852
2026,Yanquiel Fernandez,NYY,AAA,23,45,181,196,48,28,6,1,13,26,37,13,0,38,1,1,0,1,1,1,0.26519337,28552
2006,Gustavo Molina,CHW,AAA,24,10,30,31,5,5,0,0,0,0,0,1,0,5,0,0,0,3,0,0,0.166666666,2861
2025,Felix Reyes,PHI,AAA,24,6,23,26,6,5,0,0,1,2,2,2,0,5,0,0,0,0,0,0,0.260869565,28763
2023,Jackson Chourio,MIL,AAA,19,6,21,24,7,4,3,0,0,4,2,2,0,1,0,1,0,1,1,0,0.333333333,28806
2025,Jackson Chourio,MIL,AAA,21,5,19,21,1,0,1,0,0,1,0,2,0,8,0,0,0,1,0,0,0.052631578,28806
2009,Scott Sizemore,DET,AAA,24,71,292,330,90,59,22,1,8,49,33,29,0,49,4,0,5,6,14,1,0.308219178,2881
2024,Moises Ballesteros,CHC,AAA,20,68,260,285,73,48,15,0,10,30,35,23,0,60,1,1,0,3,0,1,0.28076923,28820
2025,Moises Ballesteros,CHC,AAA,21,114,446,509,141,98,29,1,13,62,76,49,2,67,6,8,0,19,5,2,0.316143497,28820
2024,Samuel Basallo,BAL,AAA,19,21,81,86,18,12,3,0,3,11,10,5,0,27,0,0,0,1,1,0,0.222222222,28824
2025,Samuel Basallo,BAL,AAA,20,76,270,321,73,33,17,0,23,49,67,44,2,76,4,3,0,10,0,0,0.27037037,28824
2025,Gabriel Gonzalez,MIN,AAA,21,34,133,148,42,29,7,0,6,14,23,9,0,28,2,4,0,7,2,2,0.315789473,28833
2026,Gabriel Gonzalez,MIN,AAA,22,49,197,219,44,28,6,2,8,30,23,19,0,46,2,1,0,8,0,4,0.223350253,28833
2023,Tanner Murray,TBR,AAA,23,6,20,20,4,0,4,0,0,0,3,0,0,6,0,0,0,0,0,0,0.2,28848
2013,Roberto Perez,CLE,AAA,24,67,187,222,33,21,12,0,0,16,24,22,0,59,3,4,6,6,0,1,0.176470588,2900
2026,Esmerlyn Valdez,PIT,AAA,22,48,164,203,41,20,11,0,10,27,31,36,0,43,1,2,0,4,0,1,0.25,29005
2006,Eider Torres,CLE,AAA,23,11,44,48,9,9,0,0,0,5,2,2,0,4,0,0,2,1,3,1,0.204545454,2905
2007,Eider Torres,BAL,AAA,24,108,393,436,105,85,16,0,4,38,41,24,0,56,1,5,12,7,22,11,0.267175572,2905
2026,Pedro Ramirez,CHC,AAA,22,43,170,196,53,32,11,1,9,34,40,21,1,32,3,1,1,6,19,2,0.311764705,29218
2012,Jeff Locke,PIT,AAA,24,24,21,26,2,2,0,0,0,2,0,1,0,10,0,0,4,0,0,0,0.095238095,2929
2025,Carter Jensen,KCR,AAA,21,43,153,184,44,18,11,1,14,32,39,30,1,52,0,0,1,5,3,0,0.287581699,29478
2024,James Wood,WSN,AAA,21,52,190,231,67,41,16,0,10,44,37,40,1,42,0,1,0,3,10,1,0.352631578,29518
2024,Trey Sweeney,DET,AAA,24,11,42,47,16,8,6,0,2,9,9,5,0,12,0,0,0,2,4,1,0.38095238,29575
2022,Colton Cowser,BAL,AAA,22,27,105,124,23,11,7,0,5,23,11,13,0,38,6,0,0,5,0,0,0.219047619,29591
2023,Colton Cowser,BAL,AAA,23,87,323,399,97,61,18,1,17,72,62,64,2,107,5,6,1,4,9,3,0.300309597,29591
2024,Connor Norby,MIA,AAA,24,14,59,65,16,12,3,0,1,7,3,6,0,19,0,0,0,0,0,0,0.27118644,29592
2022,Connor Norby,BAL,AAA,22,9,39,42,14,8,2,0,4,7,7,3,0,5,0,0,0,0,0,1,0.358974358,29592
2023,Connor Norby,BAL,AAA,23,138,565,633,164,100,40,3,21,104,92,57,1,137,6,5,0,15,10,4,0.290265486,29592
2024,Connor Norby,BAL,AAA,24,80,320,375,95,57,21,1,16,71,57,47,0,104,4,4,0,7,13,3,0.296875,29592
2022,Justyn-Henry Malloy,ATL,AAA,22,8,25,33,7,5,1,0,1,5,6,7,0,5,0,1,0,0,2,0,0.28,29606
2023,Justyn-Henry Malloy,DET,AAA,23,135,487,611,135,86,25,1,23,89,83,110,1,152,10,4,0,17,5,1,0.277207392,29606
2024,Justyn-Henry Malloy,DET,AAA,24,55,186,236,48,25,16,0,7,27,31,43,0,66,4,3,0,2,3,3,0.258064516,29606
2023,Henry Davis,PIT,AAA,23,14,48,63,18,12,3,1,2,7,5,13,1,13,1,0,1,2,3,1,0.375,29617
2024,Henry Davis,PIT,AAA,24,57,218,254,67,39,15,0,13,44,43,23,1,57,11,0,0,5,8,1,0.307339449,29617
2022,Sal Frelick,MIL,AAA,22,46,189,217,69,52,11,2,4,38,25,19,0,16,5,1,1,5,9,3,0.365079365,29622
2023,Sal Frelick,MIL,AAA,23,40,158,183,39,29,7,1,2,25,18,19,0,18,2,1,0,1,8,4,0.246835443,29622
2024,Caleb Durbin,NYY,AAA,24,82,310,375,89,54,23,2,10,57,60,47,1,37,11,3,4,2,29,3,0.287096774,29646
2025,Marcelo Mayer,BOS,AAA,22,43,170,193,46,31,5,1,9,31,43,20,1,38,1,2,0,1,2,0,0.270588235,29668
2023,Matt McLain,CIN,AAA,23,40,144,180,49,24,12,1,12,30,40,30,1,37,5,1,0,2,10,5,0.340277777,29695
2024,Colson Montgomery,CHW,AAA,22,130,485,573,104,62,21,3,18,66,63,69,1,164,15,3,0,9,8,2,0.214432989,29712
2025,Colson Montgomery,CHW,AAA,23,55,216,242,47,24,10,2,11,27,30,19,0,82,6,1,0,5,2,1,0.217592592,29712
2025,Joe Mack,MIA,AAA,22,99,364,412,91,53,18,2,18,58,53,35,0,115,6,7,0,4,8,3,0.25,29780
2026,Joe Mack,MIA,AAA,23,24,82,103,20,15,2,0,3,10,9,20,0,22,0,1,0,2,1,0,0.243902439,29780
2023,Niko Kavadas,BOS,AAA,24,48,148,187,31,15,8,0,8,27,27,35,0,62,2,2,0,2,0,0,0.209459459,29782
2023,Kyle Manzardo,TBR,AAA,22,73,265,313,63,32,19,1,11,33,38,42,0,65,2,4,0,3,1,1,0.237735849,29794
2023,Kyle Manzardo,CLE,AAA,22,21,78,92,20,6,8,0,6,16,16,12,0,14,0,2,0,1,0,0,0.256410256,29794
2024,Kyle Manzardo,CLE,AAA,23,83,292,364,78,37,20,1,20,65,49,61,2,67,6,5,0,4,3,1,0.267123287,29794
2024,TJ Rumfield,NYY,AAA,24,114,421,474,123,82,26,0,15,72,71,43,1,78,7,3,0,17,3,3,0.29216152,29805
2023,Darren Baker,WSN,AAA,24,99,403,448,110,93,10,4,3,49,41,39,0,76,1,1,4,5,19,5,0.272952853,29912
2023,Tyler Black,MIL,AAA,22,39,142,173,44,27,9,4,4,35,25,27,0,23,3,1,0,3,8,3,0.309859154,29949
2024,Tyler Black,MIL,AAA,23,102,387,462,100,67,14,5,14,61,67,61,1,87,12,2,0,3,20,3,0.258397932,29949
2025,Tyler Black,MIL,AAA,24,61,222,268,54,38,10,2,4,33,34,43,0,71,2,1,0,4,22,3,0.243243243,29949
2026,Harry Ford,WSN,AAA,23,36,138,164,29,21,7,0,1,18,10,23,0,44,2,1,0,3,0,3,0.210144927,29958
2024,Brady House,WSN,AAA,21,54,224,236,56,40,10,0,6,30,32,7,0,68,3,2,0,7,1,1,0.25,29993
2025,Brady House,WSN,AAA,22,65,260,283,79,50,15,1,13,42,41,20,1,75,1,2,0,8,0,1,0.303846153,29993
2026,Brady House,WSN,AAA,23,8,32,33,9,6,1,0,2,4,5,1,0,8,0,0,0,0,1,0,0.28125,29993
2025,Daylen Lile,WSN,AAA,22,26,104,119,35,24,7,2,2,18,15,11,0,20,2,1,0,0,6,2,0.336538461,29995
2023,Christian Encarnacion-Strand,CIN,AAA,23,67,278,316,92,49,21,2,20,65,62,33,1,69,3,2,0,8,2,0,0.330935251,30011
2025,Carson Williams,TBR,AAA,22,111,389,451,83,43,12,5,23,72,55,56,0,154,4,1,1,7,22,6,0.213367609,30038
2026,Carson Williams,TBR,AAA,23,33,127,146,31,18,7,1,5,25,24,17,0,43,1,1,0,2,6,3,0.244094488,30038
2024,Tristan Peters,TBR,AAA,24,123,408,478,97,59,21,5,12,67,46,63,1,94,4,2,1,2,8,7,0.237745098,30063
2025,Hao-Yu  Lee,DET,AAA,22,126,497,579,121,76,23,8,14,81,61,65,1,121,12,5,0,13,22,5,0.243460764,30080
2026,Hao-Yu  Lee,DET,AAA,23,6,26,27,4,3,0,0,1,1,4,1,0,7,0,0,0,2,0,1,0.153846153,30080
2022,Oscar Colas,CHW,AAA,23,7,31,33,12,8,2,0,2,5,4,2,0,12,0,0,0,0,1,1,0.387096774,30162
2023,Oscar Colas,CHW,AAA,24,54,213,238,58,35,14,0,9,36,29,22,1,53,2,1,0,6,2,0,0.272300469,30162
2023,Cesar Prieto,STL,AAA,24,38,163,176,44,34,5,1,4,24,20,7,0,25,4,1,1,4,2,0,0.26993865,30163
2023,Cesar Prieto,BAL,AAA,24,27,104,115,33,22,8,1,2,16,20,8,0,10,1,2,0,4,2,1,0.317307692,30163
2023,Heston Kjerstad,BAL,AAA,24,76,295,337,88,54,19,5,10,57,32,27,1,69,9,3,0,6,2,1,0.298305084,31166
2006,Gregor Blanco,ATL,AAA,22,73,269,327,79,66,12,1,0,43,19,52,1,53,0,0,6,3,14,9,0.293680297,3123
2007,Gregor Blanco,ATL,AAA,23,124,464,545,131,105,18,5,3,81,35,63,0,85,2,2,14,5,23,18,0.282327586,3123
2006,Alex Romero,MIN,AAA,22,71,236,262,59,49,8,2,0,20,26,15,2,22,3,3,5,11,6,2,0.25,3129
2024,Victor Scott II,STL,AAA,23,81,314,362,66,51,7,2,6,39,30,36,0,57,3,4,5,2,30,5,0.210191082,31349
2025,Jimmy Crooks,STL,AAA,23,98,390,430,107,71,21,1,14,61,79,36,0,114,2,2,0,6,0,0,0.274358974,31354
2026,Jimmy Crooks,STL,AAA,24,39,141,177,37,20,4,0,13,35,29,30,2,52,6,0,0,0,1,0,0.262411347,31354
2025,Nathan Church,STL,AAA,24,53,215,242,72,50,11,4,7,43,30,24,0,25,0,1,1,5,9,4,0.33488372,31357
2024,Graham Pauley,MIA,AAA,23,5,18,20,3,1,0,0,2,3,4,0,0,10,2,0,0,1,1,0,0.166666666,31363
2025,Graham Pauley,MIA,AAA,24,37,137,155,36,18,10,0,8,19,21,14,0,18,3,1,0,2,5,0,0.262773722,31363
2024,Jakob Marsee,MIA,AAA,23,22,80,93,22,17,4,0,1,14,5,12,0,20,0,0,1,0,7,0,0.275,31370
2025,Jakob Marsee,MIA,AAA,24,98,345,429,85,52,14,5,14,56,37,68,0,81,7,2,7,3,47,13,0.246376811,31370
2024,Brooks Baldwin,CHW,AAA,23,8,29,35,10,5,3,0,2,6,4,5,0,2,0,0,1,0,1,1,0.344827586,31394
2025,Brooks Baldwin,CHW,AAA,24,29,117,132,43,24,5,2,12,29,25,12,0,22,1,1,1,4,4,4,0.367521367,31394
2024,Jace Jung,DET,AAA,23,91,339,415,87,49,23,1,14,50,60,67,0,93,2,6,0,5,2,2,0.256637168,31437
2025,Jace Jung,DET,AAA,24,110,412,495,104,59,27,1,17,69,74,78,0,125,1,4,0,6,4,4,0.252427184,31437
2025,Sal Stewart,CIN,AAA,21,38,143,165,45,20,15,0,10,27,36,19,0,26,1,2,0,2,4,1,0.314685314,31505
2025,Spencer Jones,NYY,AAA,24,67,263,298,72,37,15,1,19,60,48,26,0,109,4,5,0,2,19,4,0.273764258,31532
2024,Drake Baldwin,ATL,AAA,23,72,275,334,82,56,13,1,12,40,55,52,0,54,2,5,0,12,1,0,0.298181818,31539
2010,Domonic Brown,PHI,AAA,22,28,107,118,37,25,6,1,5,15,21,8,0,23,1,2,0,4,5,1,0.345794392,3154
2011,Domonic Brown,PHI,AAA,23,41,138,174,36,27,6,0,3,22,15,28,0,33,4,4,0,3,12,4,0.260869565,3154
2012,Domonic Brown,PHI,AAA,24,60,220,239,63,43,13,2,5,33,28,17,1,42,0,2,0,6,4,6,0.286363636,3154
2024,Drew Gilbert,NYM,AAA,23,56,214,247,46,28,8,0,10,24,32,25,0,51,6,1,0,2,3,1,0.214953271,31545
2025,Drew Gilbert,NYM,AAA,24,82,305,361,74,43,17,2,12,45,47,41,0,60,10,4,0,8,4,3,0.24262295,31545
2024,Alan Roden,TOR,AAA,24,71,245,286,77,50,15,3,9,41,48,35,1,41,4,2,0,5,8,0,0.314285714,31564
2024,Trey Lipscomb,WSN,AAA,24,65,240,264,68,50,14,0,4,31,35,22,0,50,1,0,0,2,8,5,0.283333333,31567
2025,Chase Meidroth,CHW,AAA,23,9,30,40,8,4,1,0,3,11,4,8,0,5,2,0,0,1,2,0,0.266666666,31580
2024,Chase Meidroth,BOS,AAA,22,122,437,558,128,98,20,3,7,87,57,105,0,71,11,5,0,7,13,6,0.292906178,31580
2023,Brooks Lee,MIN,AAA,22,38,152,168,36,20,8,3,5,20,23,15,0,28,0,1,0,8,1,0,0.236842105,31595
2024,Brooks Lee,MIN,AAA,23,25,104,114,32,17,7,0,8,22,25,10,0,16,0,0,0,4,1,0,0.307692307,31595
2024,Dylan Beavers,BAL,AAA,22,6,20,22,5,4,1,0,0,3,4,1,0,10,1,0,0,0,0,0,0.25,31695
2025,Dylan Beavers,BAL,AAA,23,94,342,418,104,70,14,2,18,78,51,68,1,76,3,4,1,3,23,5,0.304093567,31695
2007,Shin-Soo Choo,CLE,AAA,24,59,208,238,54,38,11,2,3,34,26,21,0,40,3,6,0,6,10,3,0.259615384,3174
2024,Nacho Alvarez Jr.,ATL,AAA,21,64,246,289,73,53,9,1,10,47,42,37,1,45,5,1,0,12,10,2,0.296747967,31765
2025,Nacho Alvarez Jr.,ATL,AAA,22,18,63,79,16,12,3,0,1,10,7,11,0,15,5,0,0,3,0,1,0.253968253,31765
2026,Nacho Alvarez Jr.,ATL,AAA,23,37,144,169,34,25,7,0,2,22,21,21,1,30,2,2,0,4,4,1,0.236111111,31765
2023,Jackson Holliday,BAL,AAA,19,18,75,91,20,14,4,0,2,18,9,16,0,17,0,0,0,0,1,1,0.266666666,31781
2024,Jackson Holliday,BAL,AAA,20,73,266,346,72,37,25,0,10,75,38,75,1,77,2,3,0,4,8,1,0.270676691,31781
2026,Jackson Holliday,BAL,AAA,22,17,60,67,11,7,2,1,1,4,4,6,1,20,1,0,0,0,1,0,0.183333333,31781
2025,Justin Crawford,PHI,AAA,21,112,440,506,147,113,23,4,7,88,47,58,0,91,1,2,5,6,46,11,0.334090909,31791
2024,Otto Kemp,PHI,AAA,24,13,45,54,9,7,2,0,0,5,2,5,0,18,4,0,0,0,1,1,0.2,31792
2024,Rhylan Thomas,NYM,AAA,24,49,183,196,43,27,11,0,5,35,18,13,0,24,0,0,0,1,5,2,0.234972677,31793
2024,Roman Anthony,BOS,AAA,20,35,131,164,45,29,12,1,3,33,20,31,0,31,0,2,0,0,5,2,0.34351145,31812
2025,Roman Anthony,BOS,AAA,21,58,212,265,61,40,9,2,10,45,29,51,0,56,0,2,0,6,3,3,0.287735849,31812
2008,Luis Alfonso Cruz,PIT,AAA,24,32,120,127,39,26,10,0,3,19,15,3,1,14,1,0,3,4,2,4,0.325,3188
2025,Chandler Simpson,TBR,AAA,24,33,144,156,48,42,3,3,0,24,14,9,0,15,0,1,2,1,19,3,0.333333333,31912
2025,Rafael Flores Jr.,PIT,AAA,24,36,135,157,38,27,4,1,6,17,28,15,0,41,4,3,0,3,0,0,0.281481481,31991
2025,Rafael Flores Jr.,NYY,AAA,24,10,38,49,8,7,0,0,1,3,4,11,0,13,0,0,0,2,0,0,0.210526315,31991
2006,Andy Marte,CLE,AAA,22,96,357,394,93,55,23,0,15,49,46,34,1,81,0,3,0,11,1,0,0.260504201,3203
2007,Andy Marte,CLE,AAA,23,96,352,379,94,60,17,1,16,47,60,21,2,64,2,4,0,13,0,0,0.267045454,3203
2006,Luis Hernandez,ATL,AAA,22,19,73,74,14,9,4,0,1,3,5,0,0,8,0,0,1,0,0,1,0.191780821,3206
2007,Luis Hernandez,BAL,AAA,23,9,33,34,9,9,0,0,0,4,3,0,0,5,0,0,1,1,0,0,0.272727272,3206
2008,Luis Hernandez,BAL,AAA,24,57,205,216,38,31,7,0,0,18,11,8,0,27,0,0,3,8,2,2,0.185365853,3206
2007,Pedro Lopez,CIN,AAA,23,34,124,143,42,34,6,1,1,20,17,13,1,12,0,2,4,2,3,0,0.338709677,3207
2006,Pedro Lopez,CHW,AAA,22,59,208,228,56,39,12,0,5,32,25,11,1,28,3,0,6,5,5,0,0.269230769,3207
2007,Pedro Lopez,CHW,AAA,23,41,161,181,39,30,7,0,2,20,11,15,0,26,0,0,5,4,1,3,0.242236024,3207
2008,Pedro Lopez,TOR,AAA,24,104,339,385,80,65,12,1,2,38,27,33,0,63,2,2,9,15,4,1,0.2359882,3207
2026,Nick Morabito,NYM,AAA,23,45,165,196,41,29,7,1,4,29,19,23,0,46,5,1,1,3,15,2,0.248484848,32119
2024,Chase DeLauter,CLE,AAA,22,6,23,27,7,1,4,0,2,4,7,4,0,2,0,0,0,0,0,0,0.304347826,32127
2025,Chase DeLauter,CLE,AAA,23,34,126,149,35,21,8,1,5,25,21,22,0,23,0,1,0,4,0,0,0.277777777,32127
2006,Brayan Pena,ATL,AAA,24,87,325,352,98,78,18,1,1,32,33,21,1,28,1,4,1,7,6,6,0.301538461,3231
2007,Robinzon Diaz,TOR,AAA,23,19,65,69,22,18,3,0,1,4,10,1,0,6,1,0,2,2,0,0,0.338461538,3248
2008,Robinzon Diaz,TOR,AAA,24,36,131,141,32,23,7,1,1,7,13,5,2,10,0,3,2,5,0,1,0.244274809,3248
2006,Franklin Gutierrez,CLE,AAA,23,90,349,413,97,61,27,0,9,63,38,49,4,84,5,2,8,2,13,8,0.277936962,3255
2007,Franklin Gutierrez,CLE,AAA,24,30,129,138,44,33,7,0,4,29,16,8,0,20,1,0,0,3,7,3,0.341085271,3255
2007,Trent Oeltjen,MIN,AAA,24,97,244,271,58,42,9,5,2,33,23,10,1,44,13,0,4,4,14,7,0.237704918,3310
2006,Martin Prado,ATL,AAA,22,60,241,257,68,53,12,1,2,30,23,12,0,28,0,2,2,8,2,2,0.282157676,3312
2007,Martin Prado,ATL,AAA,23,103,395,443,125,95,23,3,4,61,41,34,1,41,4,3,7,9,5,4,0.316455696,3312
2025,Jacob Gonzalez,CHW,AAA,23,45,147,171,30,21,7,0,2,15,14,20,0,34,3,1,0,3,5,0,0.204081632,33225
2026,Jacob Gonzalez,CHW,AAA,24,52,199,238,63,32,11,1,19,42,62,33,0,49,3,1,2,2,8,3,0.316582914,33225
2025,Luke Keaschall,MIN,AAA,22,28,95,118,25,21,2,1,1,16,9,17,0,17,2,4,0,2,11,2,0.263157894,33321
2024,Matt Shaw,CHC,AAA,22,35,131,152,39,23,8,1,7,18,21,17,0,30,4,0,0,2,6,3,0.297709923,33322
2025,Matt Shaw,CHC,AAA,23,24,91,110,26,14,5,1,6,22,14,17,0,11,2,0,0,4,5,0,0.285714285,33322
2026,Charles McAdoo,TOR,AAA,24,50,176,207,44,29,6,1,8,31,27,29,0,42,1,1,0,5,7,3,0.25,33323
2009,Matt Joyce,TBR,AAA,24,111,417,493,114,61,35,2,16,73,66,67,3,98,3,6,0,5,14,5,0.273381294,3353
2008,Matt Joyce,DET,AAA,23,56,200,227,54,26,13,2,13,36,41,24,1,62,2,1,0,1,2,3,0.27,3353
2024,Dylan Crews,WSN,AAA,22,49,211,238,56,35,10,3,8,34,30,20,0,42,5,2,0,3,10,2,0.265402843,33541
2025,Dylan Crews,WSN,AAA,23,13,41,45,10,7,1,0,2,5,7,1,0,7,3,0,0,0,1,0,0.243902439,33541
2026,Dylan Crews,WSN,AAA,24,41,155,177,40,24,10,1,5,30,20,19,1,44,2,1,0,2,7,2,0.258064516,33541
2025,Kyle Teel,CHW,AAA,23,50,183,213,54,35,10,1,8,34,30,30,0,54,0,0,0,5,7,1,0.295081967,33549
2024,Kyle Teel,BOS,AAA,22,28,102,123,26,21,3,0,2,23,18,20,0,29,0,1,0,2,3,0,0.25490196,33549
2024,Kristian Campbell,BOS,AAA,22,19,70,85,20,14,2,0,4,17,17,13,0,18,2,0,0,4,4,2,0.285714285,33644
2025,Kristian Campbell,BOS,AAA,23,73,271,319,74,53,11,2,8,46,38,38,0,84,10,0,0,10,4,0,0.27306273,33644
2026,Kristian Campbell,BOS,AAA,24,45,161,201,39,29,8,0,2,15,19,31,0,60,5,4,0,5,2,1,0.242236024,33644
2026,A.J. Ewing,NYM,AAA,21,12,46,51,15,11,3,1,0,9,4,5,0,5,0,0,0,0,5,0,0.326086956,33656
2006,Anderson Hernandez,NYM,AAA,23,102,414,444,103,88,11,4,0,44,23,21,0,70,0,0,9,4,15,5,0.24879227,3366
2025,CJ Kayfus,CLE,AAA,23,68,251,289,71,40,14,4,13,39,43,33,0,79,2,3,0,4,2,1,0.282868525,33704
2026,CJ Kayfus,CLE,AAA,24,13,49,58,12,9,3,0,0,4,7,7,0,14,1,1,0,1,0,1,0.244897959,33704
2008,Clete Thomas,DET,AAA,24,76,291,333,72,43,18,2,9,44,45,37,2,88,1,1,3,3,29,11,0.24742268,3373
2008,Chris Getz,CHW,AAA,24,111,404,457,122,86,24,1,11,60,52,41,2,53,3,5,4,5,11,4,0.301980198,3388
2008,Trevor Crowe,CLE,AAA,24,35,146,164,40,21,12,2,5,25,13,15,1,43,2,0,1,0,5,2,0.273972602,3402
2006,Ruben Gotay,NYM,AAA,23,42,154,169,41,25,12,1,3,19,21,10,0,29,2,1,2,2,4,5,0.266233766,3417
2006,Victor Diaz,NYM,AAA,24,103,379,411,85,61,16,0,8,30,38,25,2,99,3,2,2,13,5,5,0.224274406,3424
2006,Wily Mo Pena,BOS,AAA,24,12,41,52,10,7,1,0,2,8,7,7,1,10,3,1,0,2,0,0,0.243902439,344
2025,Travis Bazzana,CLE,AAA,22,26,89,120,20,11,3,2,4,21,14,29,0,32,1,0,1,3,2,1,0.224719101,34967
2026,Travis Bazzana,CLE,AAA,23,24,94,117,27,12,11,2,2,18,10,21,0,25,1,0,1,1,8,2,0.287234042,34967
2025,JJ Wetherholt,STL,AAA,22,47,185,221,58,33,14,1,10,43,25,28,1,33,6,2,0,4,9,1,0.313513513,34985
2007,Brent Lillibridge,ATL,AAA,23,87,321,355,92,66,14,2,10,47,41,20,0,59,3,3,8,2,28,5,0.286604361,3501
2008,Brent Lillibridge,ATL,AAA,24,90,355,403,78,49,18,7,4,46,39,33,0,90,6,4,5,6,23,7,0.219718309,3501
2025,Jac Caglianone,KCR,AAA,22,28,112,129,40,23,6,0,11,26,29,12,1,20,3,2,0,1,1,0,0.357142857,35041
2026,Sam Antonacci,CHW,AAA,23,14,48,67,15,11,2,0,2,6,7,15,1,8,3,0,1,1,5,0,0.3125,35101
2025,Carson Benge,NYM,AAA,22,24,90,103,16,11,1,1,3,12,13,9,0,19,3,1,0,3,3,0,0.177777777,35177
2008,Mike Costanzo,BAL,AAA,24,129,483,538,126,85,28,2,11,56,63,52,4,159,1,2,0,7,2,2,0.260869565,3533
2026,Konnor Griffin,PIT,AAA,20,5,16,21,7,4,3,0,0,4,1,5,0,4,0,0,0,0,3,2,0.4375,35376
2006,Bronson Sardinha,NYY,AAA,23,52,185,211,53,32,10,5,6,27,27,23,2,36,1,2,0,4,3,2,0.286486486,3585
2007,Bronson Sardinha,NYY,AAA,24,109,388,439,86,49,21,5,11,48,56,46,2,77,2,2,1,12,10,3,0.221649484,3585
2009,Kevin Russo,NYY,AAA,24,90,353,406,115,90,18,2,5,51,31,42,2,55,3,5,3,5,13,7,0.325779036,3630
2006,Fernando Cortez,TBD,AAA,24,60,203,217,45,37,6,2,0,21,7,11,0,37,1,0,2,7,8,3,0.221674876,3634
2011,Kyle Hudson,BAL,AAA,24,68,246,284,73,65,7,1,0,39,11,33,1,55,1,0,4,3,26,8,0.296747967,3658
2006,Andy Gonzalez,CHW,AAA,24,116,401,461,108,75,27,0,6,48,50,46,2,76,7,2,5,9,16,8,0.269326683,3669
2007,Jose Morales,MIN,AAA,24,108,376,411,117,89,25,1,2,42,37,30,5,44,3,1,1,12,1,4,0.311170212,3726
2006,Joel Guzman,TBD,AAA,21,25,88,92,17,8,5,0,4,7,9,4,0,23,0,0,0,5,0,0,0.193181818,3728
2007,Joel Guzman,TBD,AAA,22,110,414,445,100,65,17,2,16,44,64,23,2,117,2,6,0,14,9,2,0.241545893,3728
2008,Joel Guzman,TBR,AAA,23,116,436,464,108,65,23,0,20,52,72,19,0,103,1,8,0,8,1,2,0.247706422,3728
2009,Joel Guzman,WSN,AAA,24,12,33,35,4,4,0,0,0,3,2,2,0,9,0,0,0,2,0,1,0.121212121,3728
2011,Che-Hsuan Lin,BOS,AAA,22,85,328,378,77,63,11,1,2,49,25,38,1,51,7,2,3,6,16,4,0.234756097,3734
2012,Che-Hsuan Lin,BOS,AAA,23,113,396,445,98,80,11,5,2,42,30,42,0,65,3,2,2,7,15,4,0.247474747,3734
2010,Zach Lutz,NYM,AAA,24,5,20,22,6,1,4,0,1,3,9,2,0,3,0,0,0,0,0,0,0.3,3735
2007,Danny Richar,CHW,AAA,24,32,133,145,46,32,5,4,5,21,15,10,2,24,2,0,0,4,4,0,0.345864661,3767
2006,Chris Stewart,CHW,AAA,24,89,272,301,73,49,17,3,4,40,29,15,0,35,5,1,8,7,3,0,0.268382352,3878
2009,Josh Reddick,BOS,AAA,22,18,71,79,9,7,0,2,0,1,6,6,0,13,0,2,0,1,0,1,0.126760563,3892
2010,Josh Reddick,BOS,AAA,23,114,451,481,120,70,28,4,18,59,65,25,1,73,0,5,0,5,4,7,0.266075388,3892
2011,Josh Reddick,BOS,AAA,24,52,191,231,44,20,9,1,14,37,36,33,0,39,0,7,0,8,4,1,0.230366492,3892
2012,Ozzie Martinez,CHW,AAA,24,60,214,230,38,27,11,0,0,15,13,10,0,34,2,0,4,6,4,0,0.177570093,3900
2010,Dayan Viciedo,CHW,AAA,21,86,343,363,94,59,15,0,20,42,47,11,1,78,6,0,3,16,1,1,0.274052478,3917
2011,Dayan Viciedo,CHW,AAA,22,119,452,505,134,86,27,0,21,61,79,45,6,84,5,3,0,10,2,1,0.296460176,3917
2009,Chris Heisey,CIN,AAA,24,63,245,271,68,41,17,1,9,37,37,14,0,43,5,5,2,1,8,2,0.27755102,3978
2010,Brandon Hicks,ATL,AAA,24,77,261,287,55,38,9,1,7,27,22,20,1,74,5,0,1,6,10,6,0.210727969,4003
2006,Melky Cabrera,NYY,AAA,21,31,122,135,47,35,6,2,4,19,24,10,0,9,1,2,0,6,3,1,0.385245901,4022
2008,Melky Cabrera,NYY,AAA,23,15,57,66,19,17,2,0,0,8,5,8,0,9,0,1,0,2,1,3,0.333333333,4022
2013,Miguel Gonzalez,CHW,AAA,22,16,50,58,14,11,3,0,0,5,4,6,0,11,0,2,0,1,0,0,0.28,4049
2014,Miguel Gonzalez,CHW,AAA,23,27,94,99,23,15,6,0,2,11,7,5,0,13,0,0,0,3,0,0,0.244680851,4049
2015,Miguel Gonzalez,DET,AAA,24,38,113,124,25,16,9,0,0,13,11,8,0,21,2,0,1,2,1,1,0.221238938,4049
2008,Emilio Bonifacio,WSN,AAA,23,8,31,36,14,12,2,0,0,9,3,4,0,4,0,1,0,0,4,2,0.451612903,4054
2009,Michael Brantley,CLE,AAA,22,116,457,528,122,93,21,2,6,80,37,59,1,48,1,3,8,7,46,5,0.266958424,4106
2010,Michael Brantley,CLE,AAA,23,67,273,316,87,68,13,2,4,54,29,34,1,28,2,2,5,7,13,5,0.318681318,4106
2008,Jordan Brown,CLE,AAA,24,109,420,460,118,78,30,3,7,52,51,35,5,67,2,3,0,8,3,3,0.28095238,4121
2011,Gorkys Hernandez,PIT,AAA,23,126,424,475,120,85,25,9,1,48,40,35,0,91,8,1,7,5,21,9,0.283018867,4146
2012,Gorkys Hernandez,PIT,AAA,24,67,237,281,61,46,11,2,2,43,25,34,0,64,2,2,6,0,13,7,0.257383966,4146
2008,Jesus Flores,WSN,AAA,23,17,59,69,9,5,3,0,1,8,7,8,1,20,2,0,0,2,0,0,0.152542372,4166
2007,Yunel Escobar,ATL,AAA,24,46,180,195,60,45,10,3,2,20,29,14,1,27,0,1,0,10,7,3,0.333333333,4191
2009,Matt Wieters,BAL,AAA,23,39,141,163,43,27,9,2,5,25,30,20,1,30,0,2,0,6,0,0,0.304964539,4298
2007,Joey Votto,CIN,AAA,23,133,496,580,146,101,21,2,22,74,92,70,5,110,5,9,0,7,17,10,0.294354838,4314
2008,Scott Moore,BAL,AAA,24,78,287,318,71,41,21,2,7,41,44,23,0,67,8,0,0,7,3,0,0.247386759,4390
2011,Luis Exposito,BOS,AAA,24,89,330,360,80,55,17,0,8,33,36,26,0,79,1,2,0,15,0,2,0.242424242,4398
2007,Jed Lowrie,BOS,AAA,23,40,160,177,48,26,16,1,5,21,21,12,0,33,3,2,0,0,0,1,0.3,4418
2008,Jed Lowrie,BOS,AAA,24,53,198,234,53,32,14,2,5,35,32,31,2,43,0,5,0,5,1,0,0.267676767,4418
2007,Brandon Moss,BOS,AAA,23,133,493,559,139,80,41,2,16,66,78,61,3,148,3,2,0,7,3,5,0.281947261,4467
2008,Brandon Moss,BOS,AAA,24,43,163,182,46,26,8,4,8,29,30,16,0,47,1,2,0,1,2,0,0.282208588,4467
2007,Jason Pridie,TBD,AAA,23,63,245,274,78,48,16,4,10,47,39,22,2,47,2,3,2,1,12,3,0.318367346,4611
2008,Jason Pridie,MIN,AAA,24,138,559,603,151,101,21,16,13,84,61,30,2,152,1,6,7,8,25,9,0.270125223,4611
2013,James Beresford,MIN,AAA,24,58,198,222,59,51,7,1,0,34,21,16,0,29,2,1,5,3,5,2,0.297979797,4626
2006,Wes Bankston,TBD,AAA,22,52,195,207,58,40,13,0,5,22,29,10,1,40,1,1,0,2,0,1,0.297435897,4661
2007,Wes Bankston,TBD,AAA,23,104,390,426,93,54,23,1,15,46,59,25,1,88,2,9,0,10,2,0,0.238461538,4661
2006,Ben Francisco,CLE,AAA,24,134,515,579,143,90,32,4,17,80,59,45,0,72,10,4,5,9,25,5,0.277669902,4677
2011,Ben Revere,MIN,AAA,23,32,132,141,40,35,3,1,1,15,9,6,0,11,1,0,2,4,8,2,0.303030303,4712
2012,Ben Revere,MIN,AAA,24,23,94,101,31,30,1,0,0,9,6,4,0,6,1,1,1,2,6,2,0.329787234,4712
2007,Jacoby Ellsbury,BOS,AAA,23,87,363,401,108,87,14,5,2,66,28,32,2,47,4,1,1,5,33,6,0.297520661,4727
2008,Sergio Santos,MIN,AAA,24,86,297,319,72,43,24,0,5,44,43,16,0,59,1,5,0,8,4,1,0.242424242,4734
2006,Sergio Santos,TOR,AAA,22,128,481,509,103,73,24,1,5,48,38,24,1,96,2,0,2,18,1,3,0.214137214,4734
2007,Sergio Santos,TOR,AAA,23,13,47,50,9,7,2,0,0,4,4,1,0,10,0,1,1,1,2,0,0.191489361,4734
2008,Sergio Santos,TOR,AAA,24,26,93,98,17,12,5,0,0,7,4,5,0,13,0,0,0,1,2,1,0.182795698,4734
2007,Elliot Johnson,TBD,AAA,23,129,463,524,96,62,17,6,11,56,45,43,2,139,8,1,9,1,16,6,0.207343412,4751
2008,Elliot Johnson,TBR,AAA,24,107,387,427,101,61,26,5,9,49,50,33,1,104,2,0,5,6,15,3,0.260981912,4751
2007,Brent Clevlen,DET,AAA,23,90,322,366,71,45,14,5,7,33,36,39,1,113,1,3,1,5,4,4,0.220496894,4863
2008,Brent Clevlen,DET,AAA,24,126,476,540,133,81,23,7,22,75,82,54,5,166,6,3,1,14,7,2,0.279411764,4863
2008,Luke Hughes,MIN,AAA,23,29,106,118,30,19,7,1,3,17,21,7,0,30,1,3,0,2,2,0,0.283018867,4898
2009,Luke Hughes,MIN,AAA,24,36,135,157,35,19,8,2,6,19,28,18,0,38,1,3,0,1,2,0,0.259259259,4898
2007,Alberto Gonzalez,NYY,AAA,24,106,384,426,95,63,21,10,1,44,35,24,2,49,6,3,9,12,11,5,0.247395833,4906
2013,Jason Heyward,ATL,AAA,23,6,20,26,6,5,1,0,0,1,6,4,0,7,1,1,0,0,1,0,0.3,4940
2006,Elijah Dukes,TBD,AAA,22,80,283,334,83,53,15,5,10,58,50,44,3,47,7,0,0,5,9,4,0.293286219,4946
2008,Elijah Dukes,WSN,AAA,24,17,47,57,11,6,3,1,1,8,6,8,0,17,2,0,0,1,2,2,0.234042553,4946
2008,Diory Hernandez,ATL,AAA,24,120,459,490,132,101,23,3,5,46,53,20,0,73,2,5,4,16,7,5,0.287581699,4950
2006,Asdrubal Cabrera,CLE,AAA,20,52,190,211,50,38,11,0,1,26,14,8,0,39,3,6,4,4,5,4,0.263157894,4962
2007,Asdrubal Cabrera,CLE,AAA,21,9,38,40,12,9,3,0,0,6,3,2,0,8,0,0,0,1,2,0,0.315789473,4962
2008,Asdrubal Cabrera,CLE,AAA,22,34,141,152,46,34,7,1,4,25,13,7,1,25,4,0,0,1,2,2,0.326241134,4962
2009,Luis Valbuena,CLE,AAA,23,22,78,95,25,16,4,2,3,15,13,16,0,13,0,0,1,0,3,3,0.32051282,4969
2010,Luis Valbuena,CLE,AAA,24,25,96,119,30,15,8,1,6,23,20,19,0,21,1,1,2,2,2,0,0.3125,4969
2008,Brock Peterson,MIN,AAA,24,11,40,44,7,4,1,0,2,5,6,4,0,17,0,0,0,1,0,0,0.175,4984
2006,B.J. Upton,TBD,AAA,21,106,398,470,107,77,18,4,8,72,41,65,0,89,4,3,0,8,46,17,0.268844221,5015
2009,Niuman Romero,CLE,AAA,24,81,252,284,64,52,10,1,1,34,27,21,0,27,2,3,6,6,10,4,0.253968253,5063
2013,Anthony Gose,TOR,AAA,22,106,393,448,94,68,17,6,3,64,27,38,0,121,7,2,3,7,22,13,0.23918575,5097
2014,Anthony Gose,TOR,AAA,23,51,205,224,50,39,5,2,4,29,25,17,1,65,1,0,1,4,21,8,0.243902439,5097
2011,Jordany Valdespin,NYM,AAA,23,27,107,113,30,20,8,0,2,7,9,4,0,25,0,1,1,1,4,4,0.280373831,5098
2012,Jordany Valdespin,NYM,AAA,24,39,151,163,43,35,2,1,5,22,23,10,0,22,1,1,0,3,10,8,0.284768211,5098
2015,Jefry Marte,DET,AAA,24,95,357,399,98,55,25,3,15,49,65,31,0,64,7,4,0,6,8,5,0.274509803,5107
2008,Wilkin Castillo,CIN,AAA,24,11,42,43,8,8,0,0,0,2,0,1,0,5,0,0,0,0,1,2,0.19047619,5124
2010,Wilkin Ramirez,ATL,AAA,24,24,83,97,21,13,3,1,4,16,14,10,0,22,3,1,0,1,2,0,0.253012048,5219
2008,Wilkin Ramirez,DET,AAA,22,11,36,38,3,2,1,0,0,2,0,1,0,11,1,0,0,1,1,0,0.083333333,5219
2009,Wilkin Ramirez,DET,AAA,23,113,434,481,112,71,18,6,17,69,51,41,0,143,4,2,0,6,33,10,0.258064516,5219
2010,Wilkin Ramirez,DET,AAA,24,41,153,165,33,23,4,2,4,15,14,10,0,60,2,0,0,0,7,2,0.215686274,5219
2009,Justin Turner,BAL,AAA,24,108,387,441,116,86,28,0,2,54,43,34,0,37,8,8,4,12,9,4,0.299741602,5235
2007,Alexi Casilla,MIN,AAA,22,84,320,365,86,69,13,1,3,53,20,34,1,50,4,1,6,6,24,12,0.26875,5248
2008,Alexi Casilla,MIN,AAA,23,32,96,121,21,18,3,0,0,11,2,18,0,18,2,1,4,2,4,3,0.21875,5248
2009,Alexi Casilla,MIN,AAA,24,40,156,171,53,44,3,4,2,21,17,11,0,23,0,2,2,2,9,6,0.339743589,5248
2012,Sandy Leon,WSN,AAA,23,19,52,64,18,11,5,0,2,8,4,12,1,12,0,0,0,0,0,0,0.346153846,5273
2009,Francisco Cervelli,NYY,AAA,23,21,69,75,19,13,5,0,1,7,7,3,0,13,1,1,1,3,0,2,0.275362318,5275
2010,Pedro Ciriaco,PIT,AAA,24,32,121,126,34,24,9,1,0,19,6,2,0,21,0,2,1,1,5,1,0.280991735,5278
2013,Aaron Hicks,MIN,AAA,23,22,72,82,16,10,4,2,0,7,5,10,1,21,0,0,0,2,1,0,0.222222222,5297
2014,Aaron Hicks,MIN,AAA,24,24,72,84,20,14,5,0,1,9,8,9,0,13,0,2,1,3,1,1,0.277777777,5297
2010,Alex Presley,PIT,AAA,24,69,272,296,80,53,15,6,6,44,38,22,1,42,1,0,1,4,8,7,0.294117647,5305
2010,Kristopher Negron,CIN,AAA,24,7,21,21,4,3,1,0,0,1,0,0,0,6,0,0,0,1,1,0,0.19047619,5306
2010,Freddie Freeman,ATL,AAA,20,124,461,519,147,92,35,2,18,73,87,43,3,84,6,9,0,14,6,2,0.318872017,5361
2011,Andrew Lambo,PIT,AAA,22,60,185,207,34,20,11,0,3,19,17,17,2,48,2,2,1,2,1,0,0.183783783,5386
2013,Andrew Lambo,PIT,AAA,24,62,224,254,61,27,15,1,18,32,53,24,4,67,2,3,1,4,1,0,0.272321428,5386
2013,Alex Liddi,BAL,AAA,24,49,185,198,41,23,11,3,4,20,22,11,0,58,1,0,1,6,4,1,0.221621621,5411
2011,Steve Lombardozzi Jr.,WSN,AAA,22,69,294,325,91,72,13,2,4,46,29,21,2,40,1,3,6,4,14,5,0.309523809,5422
2010,Brandon Laird,NYY,AAA,22,31,122,127,30,22,6,0,2,13,12,4,0,27,0,1,0,6,0,0,0.245901639,5476
2011,Brandon Laird,NYY,AAA,23,123,462,489,120,77,27,0,16,51,69,17,1,84,4,6,0,14,0,0,0.259740259,5476
2012,Brandon Laird,NYY,AAA,24,130,503,550,128,80,31,2,15,54,77,34,1,103,7,6,0,15,1,0,0.254473161,5476
2013,Jose Pirela,NYY,AAA,23,5,23,24,7,7,0,0,0,3,1,1,0,2,0,0,0,0,1,0,0.304347826,5485
2014,Jose Pirela,NYY,AAA,24,130,535,581,163,121,21,11,10,87,60,37,2,74,3,4,2,7,15,7,0.304672897,5485
2012,Austin Romine,NYY,AAA,23,17,61,71,13,8,2,0,3,6,9,8,0,10,0,2,0,2,0,0,0.213114754,5491
2013,Austin Romine,NYY,AAA,24,14,42,46,14,13,0,0,1,5,4,4,0,12,0,0,0,0,0,0,0.333333333,5491
2012,Corban Joseph,NYY,AAA,23,84,327,386,87,47,25,2,13,50,56,53,1,57,0,3,3,7,0,1,0.266055045,5503
2013,Corban Joseph,NYY,AAA,24,47,188,213,45,30,9,0,6,30,19,21,1,39,4,0,0,4,2,0,0.239361702,5503
2007,George Kottaras,BOS,AAA,24,87,294,334,71,40,22,0,9,32,39,32,1,71,2,4,2,12,1,1,0.241496598,5506
2010,Jesus Montero,NYY,AAA,20,123,453,504,131,73,34,3,21,66,75,46,2,91,1,4,0,14,0,0,0.289183222,5514
2011,Jesus Montero,NYY,AAA,21,109,420,463,121,83,19,1,18,52,67,36,6,98,4,3,0,16,0,0,0.288095238,5514
2010,Ruben Tejada,NYM,AAA,20,65,218,244,61,49,11,0,1,25,16,14,2,36,3,2,7,9,1,3,0.279816513,5519
2011,Ruben Tejada,NYM,AAA,21,54,207,231,51,38,7,3,3,26,21,19,0,30,2,1,2,5,4,2,0.246376811,5519
2012,Ruben Tejada,NYM,AAA,22,6,20,21,4,3,1,0,0,3,2,1,0,3,0,0,0,1,0,0,0.2,5519
2012,Neftali Soto,CIN,AAA,23,122,465,512,114,70,30,0,14,55,59,41,3,116,5,1,0,18,2,1,0.24516129,5663
2013,Neftali Soto,CIN,AAA,24,118,461,495,125,89,21,0,15,54,61,26,1,103,4,4,0,20,3,1,0.271149674,5663
2012,Yamaico Navarro,PIT,AAA,24,66,222,257,62,36,14,3,9,41,35,32,2,41,0,3,0,5,9,4,0.279279279,5665
2010,Yamaico Navarro,BOS,AAA,22,16,53,59,15,8,4,0,3,8,6,5,0,6,0,1,0,2,2,1,0.283018867,5665
2011,Yamaico Navarro,BOS,AAA,23,34,128,149,33,18,8,2,5,25,13,17,0,25,4,0,0,2,3,2,0.2578125,5665
2010,Devin Mesoraco,CIN,AAA,22,14,52,58,12,6,3,0,3,5,13,6,0,14,0,0,0,2,0,1,0.23076923,5666
2011,Devin Mesoraco,CIN,AAA,23,120,436,499,126,73,36,2,15,60,71,52,6,83,7,4,0,9,1,1,0.288990825,5666
2013,Hernan Perez,DET,AAA,22,16,67,74,20,17,3,0,0,3,4,5,0,7,1,0,1,1,4,0,0.298507462,5751
2014,Hernan Perez,DET,AAA,23,133,547,596,157,112,32,7,6,69,53,36,1,65,2,4,7,16,21,6,0.287020109,5751
2013,Avisail Garcia,CHW,AAA,22,8,27,32,10,8,0,1,1,6,9,4,0,4,1,0,0,2,0,0,0.37037037,5760
2014,Avisail Garcia,CHW,AAA,23,13,50,53,17,13,3,0,1,9,3,1,0,16,2,0,0,0,0,0,0.34,5760
2013,Avisail Garcia,DET,AAA,22,33,147,156,55,42,7,1,5,23,23,8,0,32,1,0,0,1,4,2,0.374149659,5760
2008,John Jaso,TBR,AAA,24,31,108,118,30,18,7,0,5,14,24,10,0,14,0,0,0,2,1,1,0.277777777,5887
2013,Leury Garcia,CHW,AAA,22,8,30,32,8,7,1,0,0,3,1,1,0,8,1,0,0,0,3,0,0.266666666,5913
2015,Leury Garcia,CHW,AAA,24,90,349,385,104,79,19,3,3,57,31,20,0,66,4,3,9,3,30,12,0.297994269,5913
2006,Kevin Kouzmanoff,CLE,AAA,24,27,102,115,36,20,9,0,7,22,20,10,0,12,1,2,0,1,2,1,0.352941176,5995
2014,Rey Navarro,CIN,AAA,24,65,230,251,68,48,17,0,3,24,24,19,0,26,1,1,0,1,1,1,0.295652173,6008
2012,Didi Gregorius,CIN,AAA,22,48,185,202,45,26,10,3,6,25,23,12,2,31,0,1,4,1,0,2,0.243243243,6012
2006,David Murphy,BOS,AAA,24,84,318,366,85,49,23,5,8,45,44,45,8,53,0,3,0,13,3,3,0.267295597,6035
2013,Moises Sierra,TOR,AAA,24,100,379,412,99,65,18,5,11,57,51,16,0,106,12,4,1,8,12,4,0.26121372,6050
2011,Eduardo Escobar,CHW,AAA,22,137,490,536,130,99,23,4,4,55,49,27,0,105,1,4,14,6,13,8,0.265306122,6153
2012,Eduardo Escobar,MIN,AAA,23,35,138,151,30,23,3,3,1,19,9,8,0,26,0,1,4,1,3,1,0.217391304,6153
2013,Eduardo Escobar,MIN,AAA,24,43,166,188,51,29,16,2,4,22,27,17,0,37,3,1,1,0,6,2,0.307228915,6153
2009,Travis Denker,BOS,AAA,23,116,400,460,95,64,25,1,5,43,43,48,1,85,4,6,2,15,3,2,0.2375,6155
2012,Tony Sanchez,PIT,AAA,24,62,206,236,48,28,12,0,8,21,26,23,0,46,3,2,2,3,0,0,0.233009708,6178
2006,Craig Stansberry,PIT,AAA,24,60,197,238,44,29,10,2,3,30,25,35,0,35,2,1,3,5,10,3,0.223350253,6256
2009,Colin Curtis,NYY,AAA,24,70,251,279,59,43,10,0,6,29,29,24,0,46,1,2,1,4,1,2,0.23505976,6288
2011,Ryan Adams,BAL,AAA,24,94,377,415,108,67,28,3,10,46,37,30,0,102,4,3,1,12,5,2,0.286472148,6343
2006,Ryan Sweeney,CHW,AAA,21,118,449,492,133,92,25,3,13,64,70,35,5,73,3,2,3,9,7,7,0.296213808,6352
2007,Ryan Sweeney,CHW,AAA,22,105,397,450,107,78,17,2,10,50,47,48,2,71,1,2,2,14,8,5,0.26952141,6352
2009,Danny Valencia,MIN,AAA,24,71,269,282,77,46,24,0,7,35,41,8,2,37,1,4,0,7,0,2,0.286245353,6364
2006,Michael Bourn,PHI,AAA,23,38,152,174,43,30,5,7,1,34,15,20,0,33,1,1,0,2,15,1,0.282894736,6387
2010,Kirk Nieuwenhuis,NYM,AAA,22,30,120,133,27,16,8,1,2,10,17,11,3,39,1,0,1,1,0,0,0.225,6400
2011,Kirk Nieuwenhuis,NYM,AAA,23,53,188,221,56,31,17,2,6,33,14,32,0,59,1,0,0,2,5,2,0.29787234,6400
2010,Brent Morel,CHW,AAA,23,81,306,324,98,62,24,4,8,40,34,13,0,50,0,0,5,6,3,0,0.320261437,6402
2009,Argenis Diaz,PIT,AAA,22,43,146,158,34,33,1,0,0,14,8,8,1,27,0,0,4,5,1,1,0.232876712,6403
2010,Argenis Diaz,PIT,AAA,23,80,274,304,68,59,8,1,0,28,22,19,0,61,2,0,9,12,5,1,0.248175182,6403
2011,Argenis Diaz,DET,AAA,24,98,340,390,95,76,17,2,0,45,25,41,0,61,1,3,5,13,3,5,0.279411764,6403
2007,Roger Bernadina,WSN,AAA,23,13,42,53,7,4,3,0,0,6,1,9,0,11,1,0,1,0,0,1,0.166666666,6421
2008,Roger Bernadina,WSN,AAA,24,47,191,215,67,47,13,3,4,33,16,16,0,37,1,0,7,4,15,2,0.35078534,6421
2009,Lastings Milledge,PIT,AAA,24,17,60,74,20,14,6,0,0,7,7,8,0,10,3,2,1,2,3,2,0.333333333,6441
2009,Lastings Milledge,WSN,AAA,24,22,79,83,20,15,5,0,0,11,4,3,0,16,0,1,0,2,6,1,0.253164556,6441
2006,Lastings Milledge,NYM,AAA,21,84,307,367,85,53,21,4,7,52,36,43,1,67,14,2,1,1,13,10,0.276872964,6441
2010,Andy Dirks,DET,AAA,24,22,88,93,33,18,10,1,4,14,17,3,0,12,1,1,0,1,3,0,0.375,6453
2011,Jordy Mercer,PIT,AAA,24,60,226,250,54,34,13,1,6,39,21,13,0,43,8,0,3,2,3,3,0.238938053,6547
2009,Sean Rodriguez,TBR,AAA,24,5,20,24,4,1,2,0,1,6,5,4,0,3,0,0,0,1,0,0,0.2,6589
2008,Luke Montz,WSN,AAA,24,48,168,181,43,32,8,1,2,18,18,13,0,37,0,0,0,6,1,1,0.25595238,6601
2011,Freddy Galvis,PHI,AAA,21,33,121,126,36,29,6,1,0,15,8,3,1,18,0,0,2,2,4,2,0.297520661,6609
2013,Freddy Galvis,PHI,AAA,23,62,241,266,59,40,14,2,3,26,25,11,0,51,1,6,7,7,3,1,0.244813278,6609
2014,Freddy Galvis,PHI,AAA,24,35,135,149,36,18,14,1,3,22,15,11,0,25,0,0,3,1,1,1,0.266666666,6609
2011,Chase d'Arnaud,PIT,AAA,24,74,288,321,76,54,12,6,4,43,37,23,0,53,5,1,4,2,20,4,0.263888888,6652
2012,L.J. Hoes,BAL,AAA,22,82,317,357,95,74,14,4,3,54,38,34,0,43,4,1,1,11,8,7,0.299684542,6656
2013,L.J. Hoes,BAL,AAA,23,99,365,430,111,82,25,1,3,62,40,58,0,56,5,1,1,13,7,7,0.304109589,6656
2013,Zoilo Almonte,NYY,AAA,24,68,259,293,77,58,12,1,6,30,36,30,0,47,1,3,0,12,4,1,0.297297297,6732
2011,Tyler Pastornicky,ATL,AAA,21,27,104,117,38,35,2,0,1,15,9,8,0,11,0,1,4,3,7,3,0.365384615,6777
2012,Tyler Pastornicky,ATL,AAA,22,38,153,167,41,24,15,1,1,15,20,11,0,21,1,2,0,1,3,3,0.267973856,6777
2013,Tyler Pastornicky,ATL,AAA,23,74,288,320,84,65,13,2,4,42,28,27,1,47,2,2,1,10,9,2,0.291666666,6777
2014,Tyler Pastornicky,ATL,AAA,24,47,176,189,51,44,5,1,1,13,17,11,0,23,0,1,1,5,7,2,0.289772727,6777
2010,Shairon Martis,WSN,AAA,23,27,20,21,1,1,0,0,0,0,1,0,0,7,0,0,1,0,0,0,0.05,6781
2011,Julio Teheran,ATL,AAA,20,25,18,21,3,2,1,0,0,3,1,1,0,7,0,0,2,1,0,0,0.166666666,6797
2013,Josmil Pinto,MIN,AAA,24,19,70,75,22,12,9,0,1,6,6,2,0,12,1,2,0,6,0,0,0.314285714,6806
2010,Eduardo Nunez,NYY,AAA,23,118,464,506,134,102,25,3,4,55,50,32,1,60,5,2,3,10,23,5,0.288793103,6848
2009,Ian Desmond,WSN,AAA,23,55,178,206,63,48,12,2,1,25,14,20,1,31,3,0,4,5,8,1,0.353932584,6885
2010,Dave Sappelt,CIN,AAA,23,25,108,115,35,23,8,3,1,12,8,6,0,13,1,0,0,0,4,1,0.324074074,6898
2011,Dave Sappelt,CIN,AAA,24,74,297,336,93,67,16,3,7,40,29,30,2,39,2,3,4,5,4,4,0.313131313,6898
2010,Ryan Kalish,BOS,AAA,22,37,143,160,42,27,9,1,5,22,18,14,0,32,1,2,0,3,12,2,0.293706293,6962
2011,Ryan Kalish,BOS,AAA,23,22,86,96,18,12,6,0,0,9,9,8,0,20,0,2,0,4,4,3,0.209302325,6962
2012,Ryan Kalish,BOS,AAA,24,27,111,126,29,20,5,0,4,18,14,13,0,30,0,1,1,3,7,2,0.261261261,6962
2009,Juan Francisco,CIN,AAA,22,22,92,99,33,22,5,1,5,17,19,4,1,24,1,2,0,3,0,0,0.358695652,6978
2010,Juan Francisco,CIN,AAA,23,77,308,329,88,42,24,4,18,46,59,16,1,81,3,2,0,1,1,0,0.285714285,6978
2011,Juan Francisco,CIN,AAA,24,74,300,314,92,53,23,1,15,46,50,10,0,65,3,1,0,4,0,0,0.306666666,6978
2007,Brandon Jones,ATL,AAA,23,44,170,191,51,34,12,1,4,26,26,17,2,36,1,2,1,4,5,0,0.3,6987
2008,Brandon Jones,ATL,AAA,24,95,346,396,90,57,24,1,8,44,52,46,3,76,0,4,0,9,9,6,0.260115606,6987
2011,Will Middlebrooks,BOS,AAA,22,16,56,60,9,7,0,0,2,4,8,3,0,18,0,1,0,0,3,1,0.160714285,7002
2012,Will Middlebrooks,BOS,AAA,23,24,93,100,31,18,3,1,9,18,27,7,0,18,0,0,0,1,3,1,0.333333333,7002
2013,Will Middlebrooks,BOS,AAA,24,45,179,196,48,33,5,0,10,25,35,16,0,38,0,1,0,5,1,0,0.268156424,7002
2013,A.J. Jimenez,TOR,AAA,23,8,30,31,7,6,1,0,0,0,0,1,0,2,0,0,0,0,0,1,0.233333333,7077
2014,A.J. Jimenez,TOR,AAA,24,58,219,237,57,41,13,1,2,21,24,13,0,33,0,5,0,7,1,1,0.260273972,7077
2011,Rene Tosoni,MIN,AAA,24,73,274,299,62,42,14,0,6,30,32,20,1,68,2,1,2,6,4,0,0.226277372,7099
2014,Matt Davidson,CHW,AAA,23,130,478,539,95,57,18,0,20,59,55,49,1,164,8,3,1,5,0,0,0.198744769,7226
2015,Matt Davidson,CHW,AAA,24,141,528,602,107,62,22,0,23,63,74,62,2,191,7,4,1,11,1,0,0.202651515,7226
2010,Dillon Gee,NYM,AAA,24,28,22,28,0,0,0,0,0,2,0,3,0,13,1,0,2,1,0,0,0,7396
2007,Paul Janish,CIN,AAA,24,55,199,227,44,32,8,1,3,20,19,14,1,31,2,1,11,7,2,0,0.221105527,7412
2009,Brandon Allen,CHW,AAA,23,15,61,61,16,11,4,0,1,6,8,0,0,13,0,0,0,0,0,0,0.262295081,7436
2008,Trevor Plouffe,MIN,AAA,22,66,250,272,64,38,17,3,6,34,39,14,0,47,0,3,5,2,1,1,0.256,7462
2009,Trevor Plouffe,MIN,AAA,23,117,430,477,112,74,23,5,10,53,60,34,1,68,2,7,4,11,3,6,0.260465116,7462
2010,Trevor Plouffe,MIN,AAA,24,102,402,445,98,57,22,4,15,53,49,27,0,90,6,2,8,8,5,5,0.243781094,7462
2006,Josh Fields,CHW,AAA,23,124,462,526,141,86,32,4,19,85,70,54,2,136,3,3,4,8,28,5,0.305194805,7490
2007,Josh Fields,CHW,AAA,24,56,205,249,58,34,14,0,10,28,37,39,1,60,1,4,0,3,8,5,0.282926829,7490
2007,Donny Lucy,CHW,AAA,24,19,75,78,15,12,3,0,0,5,3,3,0,25,0,0,0,3,0,0,0.2,7498
2009,Jhonatan Solano,WSN,AAA,23,63,183,199,37,25,11,0,1,17,17,9,0,24,1,4,2,10,2,1,0.202185792,7515
2007,Neil Walker,PIT,AAA,21,19,64,69,13,10,3,0,0,7,0,2,0,13,3,0,0,2,1,1,0.203125,7539
2008,Neil Walker,PIT,AAA,22,133,505,550,122,74,25,7,16,69,80,29,0,102,2,10,4,11,10,6,0.241584158,7539
2009,Neil Walker,PIT,AAA,23,95,356,390,94,47,31,2,14,38,69,26,1,60,1,6,1,13,5,2,0.264044943,7539
2010,Neil Walker,PIT,AAA,24,43,168,189,54,28,18,2,6,25,26,19,0,31,1,1,0,2,10,1,0.321428571,7539
2011,Lonnie Chisenhall,CLE,AAA,22,66,255,292,68,43,15,3,7,45,45,28,2,47,7,2,0,9,0,1,0.266666666,7571
2012,Lonnie Chisenhall,CLE,AAA,23,30,118,126,37,21,12,0,4,16,17,4,1,22,2,2,0,1,0,0,0.313559322,7571
2013,Lonnie Chisenhall,CLE,AAA,24,27,105,125,41,25,8,2,6,21,26,12,0,24,4,4,0,0,2,0,0.39047619,7571
2009,Nick Evans,NYM,AAA,23,66,237,261,50,25,12,3,10,27,30,23,1,55,0,1,0,8,0,0,0.210970464,7595
2010,Nick Evans,NYM,AAA,24,37,140,157,44,23,14,1,6,26,25,15,0,23,1,0,1,3,0,0,0.314285714,7595
2011,Tommy Milone,WSN,AAA,24,28,26,33,9,8,1,0,0,2,3,1,0,7,0,0,6,0,0,0,0.346153846,7608
2009,Lou Marson,CLE,AAA,23,28,103,116,25,18,5,1,1,10,9,10,0,19,2,1,0,3,1,0,0.242718446,7610
2010,Lou Marson,CLE,AAA,24,37,124,147,25,13,7,1,4,19,14,22,0,24,1,0,0,1,5,0,0.201612903,7610
2009,Lou Marson,PHI,AAA,23,63,211,241,62,48,13,0,1,32,24,30,1,40,0,0,0,9,3,1,0.293838862,7610
2007,Chris Carter,BOS,AAA,24,12,47,52,11,9,1,0,1,6,4,4,0,7,1,0,0,1,0,0,0.234042553,7707
2012,Ty Kelly,BAL,AAA,23,11,36,40,10,8,1,0,1,3,2,4,0,3,0,0,0,0,1,0,0.277777777,7740
2012,Miguel Rojas,CIN,AAA,23,44,129,144,24,20,3,0,1,9,7,7,0,16,0,1,7,3,0,0,0.186046511,7802
2009,Todd Frazier,CIN,AAA,23,16,63,69,19,12,5,0,2,9,9,6,0,12,0,0,0,2,2,0,0.301587301,785
2010,Todd Frazier,CIN,AAA,24,130,480,538,124,71,32,4,17,71,66,45,6,127,10,2,1,11,14,4,0.258333333,785
2014,Jaff Decker,PIT,AAA,24,104,350,409,90,56,27,1,6,41,39,51,2,73,3,2,3,10,7,6,0.257142857,7945
2011,Tim Beckham,TBR,AAA,21,24,106,111,27,17,3,2,5,12,13,3,0,29,1,0,1,0,2,1,0.254716981,7949
2012,Tim Beckham,TBR,AAA,22,72,285,323,73,56,10,1,6,40,28,29,2,71,2,4,3,8,6,0,0.25614035,7949
2013,Tim Beckham,TBR,AAA,23,122,460,522,127,91,25,7,4,71,51,44,0,108,5,5,8,17,17,7,0.276086956,7949
2014,Tim Beckham,TBR,AAA,24,15,62,65,16,14,2,0,0,8,4,2,1,14,0,0,1,1,0,2,0.258064516,7949
2012,Henry Alejandro Rodriguez,CIN,AAA,22,51,213,221,52,39,10,0,3,23,20,6,0,35,0,1,1,4,5,4,0.244131455,7983
2013,Henry Alejandro Rodriguez,CIN,AAA,23,126,478,514,131,110,17,0,4,45,41,28,0,69,5,3,0,20,6,5,0.274058577,7983
2006,Adam Lind,TOR,AAA,22,34,109,137,43,31,7,0,5,20,18,23,5,18,2,3,0,2,1,0,0.394495412,8027
2007,Adam Lind,TOR,AAA,23,46,174,190,52,36,8,2,6,20,28,14,3,42,1,1,0,2,0,0,0.298850574,8027
2008,Adam Lind,TOR,AAA,24,51,189,213,62,37,17,2,6,24,50,19,2,36,3,2,0,4,1,1,0.328042328,8027
2012,Erik Komatsu,WSN,AAA,24,31,104,123,28,21,4,0,3,16,14,13,0,13,2,2,2,1,2,5,0.269230769,8039
2007,Brian Bixler,PIT,AAA,24,129,475,556,130,92,23,10,5,77,51,54,1,131,17,0,10,6,28,4,0.27368421,8055
2010,Greg Golson,NYY,AAA,24,116,415,454,109,71,23,5,10,51,40,25,0,99,6,2,6,7,17,4,0.262650602,8074
2010,Matt Angle,BAL,AAA,24,87,350,400,91,82,4,4,1,55,24,41,2,54,1,2,5,4,24,4,0.26,8136
2011,Josh Harrison,PIT,AAA,23,62,226,254,70,48,15,2,5,35,23,15,0,28,6,2,5,2,13,5,0.309734513,8202
2006,Curtis Thigpen,TOR,AAA,23,13,53,56,14,10,3,0,1,3,9,2,0,9,1,0,0,0,0,1,0.264150943,8260
2007,Curtis Thigpen,TOR,AAA,24,50,179,202,51,38,10,0,3,20,20,17,2,23,2,3,1,5,1,0,0.284916201,8260
2007,Denard Span,MIN,AAA,23,139,487,548,130,100,20,7,3,59,55,40,1,90,0,0,21,10,25,14,0.266940451,8347
2008,Denard Span,MIN,AAA,24,40,156,184,53,38,11,1,3,32,14,26,1,36,0,0,2,1,15,8,0.339743589,8347
2007,Jason Jaramillo,PHI,AAA,24,117,435,496,118,95,13,4,6,52,56,50,3,79,5,4,2,18,0,1,0.271264367,8358
2006,Dustin Pedroia,BOS,AAA,22,111,423,493,129,91,30,3,5,55,50,48,0,27,9,4,9,9,1,4,0.304964539,8370
2008,Reid Brignac,TBR,AAA,22,97,352,386,88,51,26,2,9,43,43,25,2,93,2,6,1,10,5,2,0.25,8380
2009,Reid Brignac,TBR,AAA,23,96,415,453,117,79,28,2,8,51,44,27,0,69,3,5,3,7,5,5,0.28192771,8380
2010,Ike Davis,NYM,AAA,23,10,33,42,12,7,3,0,2,8,4,9,0,5,0,0,0,0,0,0,0.363636363,8433
2012,Xavier Avery,BAL,AAA,22,102,390,458,92,66,13,5,8,57,34,51,0,106,5,3,9,4,22,7,0.235897435,8471
2013,Xavier Avery,BAL,AAA,23,81,295,333,70,54,12,2,2,36,23,31,0,73,2,2,3,5,17,5,0.237288135,8471
2010,Cord Phelps,CLE,AAA,23,66,243,273,77,47,20,4,6,41,31,24,1,39,4,1,1,3,3,2,0.316872427,8631
2011,Cord Phelps,CLE,AAA,24,97,378,434,111,68,25,4,14,51,63,51,1,89,1,4,0,10,3,6,0.293650793,8631
2009,Ramiro Pena,NYY,AAA,23,43,156,180,36,25,9,0,2,18,9,18,0,28,0,0,6,6,5,1,0.23076923,8841
2011,Ryan Lavarnway,BOS,AAA,23,61,227,264,67,31,18,0,18,40,55,32,2,60,4,1,0,10,1,1,0.295154185,8879
2012,Ryan Lavarnway,BOS,AAA,24,83,319,367,94,64,22,0,8,52,43,40,6,62,4,4,0,8,1,0,0.294670846,8879
2009,Gordon Beckham,CHW,AAA,22,7,28,30,13,7,6,0,0,6,3,0,0,2,0,1,1,0,1,0,0.464285714,9015
2012,Lars Anderson,CLE,AAA,24,18,56,69,11,6,5,0,0,4,7,9,0,18,2,2,0,0,0,0,0.196428571,9018
2010,Lars Anderson,BOS,AAA,22,113,409,462,107,62,32,3,10,49,53,44,2,109,6,3,0,10,2,2,0.261613691,9018
2011,Lars Anderson,BOS,AAA,23,136,491,577,130,83,31,2,14,65,78,80,2,120,3,3,0,12,5,0,0.264765784,9018
2012,Lars Anderson,BOS,AAA,24,93,340,401,88,55,22,2,9,49,52,56,3,89,0,5,0,10,1,0,0.258823529,9018
2010,Ezequiel Carrera,CLE,AAA,23,41,161,183,46,35,7,3,1,19,16,12,0,34,1,1,8,5,11,3,0.285714285,9048
2011,Ezequiel Carrera,CLE,AAA,24,82,328,377,94,81,8,3,2,63,25,39,0,53,5,0,5,4,35,4,0.286585365,9048
2009,Tyler Flowers,CHW,AAA,23,31,105,119,30,18,10,0,2,13,13,10,0,32,3,0,1,4,0,0,0.285714285,9134
2010,Tyler Flowers,CHW,AAA,24,100,346,412,76,36,22,2,16,43,53,55,1,121,6,3,2,8,2,1,0.219653179,9134
2010,Jordan Danks,CHW,AAA,23,119,445,502,109,71,27,3,8,62,42,41,1,151,4,3,9,6,15,6,0.24494382,9187
2011,Jordan Danks,CHW,AAA,24,133,463,535,119,75,24,6,14,65,65,57,1,155,5,1,9,6,18,4,0.257019438,9187
2009,Fernando Martinez,NYM,AAA,20,45,176,190,51,25,16,2,8,24,28,11,0,33,2,1,0,4,2,1,0.289772727,9210
2010,Fernando Martinez,NYM,AAA,21,71,257,287,65,37,16,0,12,39,33,17,0,65,8,2,3,4,1,0,0.252918287,9210
2011,Fernando Martinez,NYM,AAA,22,63,223,250,58,39,11,0,8,29,30,18,0,60,6,2,1,10,0,0,0.260089686,9210
2013,Fernando Martinez,NYY,AAA,24,22,83,94,27,16,7,0,4,9,18,6,1,12,4,1,0,1,1,0,0.325301204,9210
2010,Danny Espinosa,WSN,AAA,23,24,95,108,28,21,2,1,4,14,15,8,2,22,1,2,2,2,5,3,0.294736842,9219
2012,Juan Diaz,CLE,AAA,23,19,72,76,22,15,5,0,2,12,11,4,0,18,0,0,0,3,0,0,0.305555555,9235
2013,Juan Diaz,CLE,AAA,24,122,443,496,107,76,23,0,8,45,45,46,1,130,3,1,3,15,2,1,0.241534988,9235
2012,Starling Marte,PIT,AAA,23,99,388,431,111,65,21,13,12,64,62,28,5,91,10,3,2,3,21,12,0.286082474,9241
2011,Josh Phegley,CHW,AAA,23,22,79,90,19,13,4,0,2,9,6,8,0,18,2,0,1,3,0,0,0.240506329,9308
2012,Josh Phegley,CHW,AAA,24,102,394,421,105,76,22,1,6,40,48,20,1,60,4,3,0,10,3,0,0.266497461,9308
2008,Drew Stubbs,CIN,AAA,23,19,75,84,22,14,4,2,2,14,10,6,0,20,1,0,2,0,3,0,0.293333333,9328
2009,Drew Stubbs,CIN,AAA,24,107,411,472,110,80,25,2,3,57,39,51,0,104,4,2,4,4,46,8,0.267639902,9328
2009,Jason Donald,CLE,AAA,24,10,35,40,9,6,2,0,1,10,1,3,0,11,2,0,0,0,1,0,0.257142857,9331
2009,Jason Donald,PHI,AAA,24,51,208,230,49,32,15,1,1,26,16,14,1,53,5,2,1,4,6,0,0.235576923,9331
2012,Brock Holt,PIT,AAA,24,24,95,106,41,33,7,0,1,13,7,9,1,9,0,1,1,2,5,2,0.431578947,9345
2007,Evan Longoria,TBD,AAA,21,31,104,128,28,15,8,0,5,19,19,22,0,29,1,1,0,1,0,0,0.269230769,9368
2008,Evan Longoria,TBR,AAA,22,7,25,30,5,5,0,0,0,2,1,4,1,5,1,0,0,1,0,0,0.2,9368
2012,Jeremy Hazelbaker,BOS,AAA,24,7,30,32,8,5,3,0,0,2,3,0,0,8,1,1,0,0,3,0,0.266666666,9399
2011,Thomas Neal,CLE,AAA,23,10,36,38,9,8,1,0,0,5,1,1,0,7,1,0,0,0,1,0,0.25,9461
2012,Shawn O'Malley,TBR,AAA,24,67,216,247,53,45,4,2,2,32,18,17,0,49,3,4,7,1,11,1,0.24537037,9629
2010,Josh Thole,NYM,AAA,23,48,165,191,44,22,19,1,2,20,17,22,0,25,1,2,1,3,0,0,0.266666666,9689
2014,Christian Vazquez,BOS,AAA,23,66,244,270,68,48,17,0,3,35,20,21,2,52,1,2,2,14,0,1,0.278688524,9774
2011,Jason Kipnis,CLE,AAA,24,92,343,400,96,59,16,9,12,65,55,44,1,72,3,5,5,5,12,1,0.279883381,9776
2007,Andrew McCutchen,PIT,AAA,20,17,67,72,21,16,4,0,1,7,5,4,0,11,0,1,0,1,4,3,0.313432835,9847
2008,Andrew McCutchen,PIT,AAA,21,135,512,590,145,107,26,3,9,75,50,68,1,87,6,3,1,8,33,19,0.283203125,9847
2009,Andrew McCutchen,PIT,AAA,22,49,201,219,61,39,10,8,4,41,20,17,0,24,1,0,0,0,10,2,0.303482587,9847
2009,Austin Jackson,NYY,AAA,22,132,504,557,151,115,23,9,4,67,65,40,1,123,6,6,1,10,24,4,0.299603174,9848
2009,Brandon Snyder,BAL,AAA,22,73,262,297,65,43,18,2,2,36,43,24,1,64,5,6,0,5,3,1,0.248091603,9856
2010,Brandon Snyder,BAL,AAA,23,98,339,376,87,55,22,1,9,36,43,28,0,101,7,2,0,7,4,1,0.256637168,9856
2011,Brandon Snyder,BAL,AAA,24,114,448,494,117,81,21,1,14,55,71,32,0,91,5,9,0,12,1,2,0.261160714,9856
2009,Jordan Schafer,ATL,AAA,22,9,35,38,8,6,0,0,2,6,3,2,0,10,0,1,0,0,3,1,0.228571428,9883
2010,Jordan Schafer,ATL,AAA,23,52,189,209,38,31,5,1,1,16,8,14,0,47,0,1,5,1,9,8,0.201058201,9883
2011,Jordan Schafer,ATL,AAA,24,42,164,187,42,33,8,0,1,21,21,14,0,28,0,3,5,2,6,3,0.25609756,9883
2014,Destin Hood,WSN,AAA,24,84,309,334,91,55,24,2,10,43,36,22,1,65,2,1,0,9,4,3,0.294498381,9887
2007,Jay Bruce,CIN,AAA,20,50,187,204,57,32,12,2,11,28,25,15,1,48,1,1,0,1,2,2,0.304812834,9892
2008,Jay Bruce,CIN,AAA,21,49,184,201,67,43,9,5,10,34,37,12,4,45,0,5,0,4,8,1,0.364130434,9892
2009,Jay Bruce,CIN,AAA,22,5,18,20,5,5,0,0,0,3,0,2,0,3,0,0,0,2,2,0,0.277777777,9892
2008,Matt Maloney,CIN,AAA,24,25,18,25,1,0,1,0,0,2,0,2,0,10,0,0,5,0,0,0,0.055555555,9920
2015,Yorman Rodriguez,CIN,AAA,22,85,308,326,83,57,13,3,10,42,41,17,0,80,0,0,1,9,4,1,0.269480519,9922
2007,Brett Gardner,NYY,AAA,23,45,181,207,47,39,4,3,1,37,9,21,0,43,2,0,3,0,21,3,0.259668508,9927
2008,Brett Gardner,NYY,AAA,24,94,341,426,101,75,12,11,3,68,32,70,2,76,1,3,11,2,37,9,0.296187683,9927
2009,Todd Redmond,ATL,AAA,24,27,18,20,3,3,0,0,0,2,0,1,0,9,0,0,1,0,0,0,0.166666666,9943
2012,Trayce Thompson,CHW,AAA,21,6,18,20,3,1,2,0,0,1,0,2,0,6,0,0,0,0,1,0,0.166666666,9952
2015,Trayce Thompson,CHW,AAA,24,104,388,417,101,61,23,4,13,53,39,23,0,79,2,2,2,8,11,5,0.260309278,9952
2007,Steve Pearce,PIT,AAA,24,34,122,131,39,23,9,1,6,18,17,6,0,12,3,0,0,2,5,0,0.319672131,9957
2012,Alex Hassan,BOS,AAA,24,94,312,380,80,60,13,0,7,39,46,55,0,70,8,4,0,7,1,1,0.256410256,9959
2022,Carter Bins,PIT,AAA,23,71,245,279,51,25,13,3,10,35,32,25,0,100,7,2,0,4,2,0,0.208163265,sa1115884
2023,Eric Rodriguez,CLE,AAA,24,9,19,22,5,4,1,0,0,0,1,2,0,4,0,1,0,1,0,0,0.263157894,sa185525
2006,Rashad Eldridge,NYM,AAA,24,30,90,97,20,13,5,1,1,4,10,7,0,21,0,0,0,1,0,2,0.222222222,sa199160
2006,Carlos Duran,ATL,AAA,23,11,30,33,9,7,2,0,0,3,2,3,1,5,0,0,0,0,0,1,0.3,sa200289
2008,Frank Diaz,WSN,AAA,24,38,117,126,34,27,6,1,0,18,11,6,0,19,1,0,2,4,4,2,0.29059829,sa200361
2007,Milver Reyes,PIT,AAA,24,14,31,37,7,6,1,0,0,3,3,5,1,7,1,0,0,0,0,0,0.225806451,sa200485
2007,Vincent Blue,DET,AAA,24,11,24,29,4,2,2,0,0,3,0,5,0,9,0,0,0,0,1,0,0.166666666,sa200558
2006,Juan Tejeda,NYM,AAA,24,42,152,166,33,27,3,1,2,10,16,10,0,35,2,2,0,4,0,1,0.217105263,sa200563
2007,Josh Johnson,TBD,AAA,24,33,98,106,27,19,5,0,3,14,8,4,0,32,3,0,1,3,0,0,0.275510204,sa200576
2007,David Corrente,TOR,AAA,23,12,31,35,10,5,2,0,3,8,7,2,0,9,1,0,1,2,0,0,0.322580645,sa201082
2006,Bobby Malek,NYM,AAA,24,18,56,62,10,8,2,0,0,5,3,2,0,11,1,0,3,3,1,0,0.178571428,sa201848
2007,Chad Spann,BOS,AAA,23,74,251,280,56,43,9,0,4,22,17,24,0,77,2,1,2,6,1,3,0.223107569,sa201880
2008,Chad Spann,BOS,AAA,24,56,184,200,34,26,5,0,3,21,20,12,0,53,1,2,1,6,1,1,0.184782608,sa201880
2006,Yunir Garcia,NYM,AAA,23,9,20,26,5,2,2,0,1,2,3,4,0,7,2,0,0,1,0,0,0.25,sa202049
2007,Thomas Collaro,CHW,AAA,24,27,103,110,30,19,7,0,4,9,13,7,0,29,0,0,0,3,0,1,0.291262135,sa202677
2008,Cole Armstrong,CHW,AAA,24,35,138,145,38,24,12,0,2,12,17,5,1,27,2,0,0,4,0,0,0.275362318,sa225831
2007,Javon Moran,PHI,AAA,24,39,170,186,41,31,7,3,0,26,3,11,1,42,3,0,2,3,5,2,0.24117647,sa226262
2006,Eric Duncan,NYY,AAA,21,31,110,122,23,19,3,1,0,7,6,9,0,24,2,1,0,5,0,1,0.209090909,sa243993
2007,Eric Duncan,NYY,AAA,22,113,411,467,99,61,26,1,11,46,61,48,2,81,3,3,2,3,2,2,0.240875912,sa243993
2008,Eric Duncan,NYY,AAA,23,120,437,481,102,67,23,1,11,47,60,37,4,113,3,4,0,6,6,4,0.23340961,sa243993
2009,Eric Duncan,NYY,AAA,24,95,323,345,66,49,12,1,4,35,24,16,0,69,1,3,2,10,1,0,0.204334365,sa243993
2008,Robert Valido,CHW,AAA,23,7,24,25,1,0,1,0,0,0,2,0,0,11,0,1,0,1,0,0,0.041666666,sa244006
2008,Shaun Cumberland,CIN,AAA,23,48,168,185,46,33,9,3,1,18,13,12,1,50,0,1,4,1,6,0,0.273809523,sa244024
2008,Marcos Cabral,TOR,AAA,24,12,35,42,9,6,3,0,0,7,2,4,0,6,1,1,1,1,0,0,0.257142857,sa244103
2008,Ofilio Castro,WSN,AAA,24,14,43,49,11,8,3,0,0,7,9,4,0,3,1,1,0,4,0,0,0.255813953,sa244234
2007,Matt Moses,MIN,AAA,22,48,174,182,39,29,8,0,2,15,18,4,0,42,1,1,2,3,5,3,0.224137931,sa244353
2009,Mickey Hall,CLE,AAA,24,49,145,164,23,13,5,3,2,13,8,15,0,45,2,0,2,1,1,1,0.158620689,sa244363
2010,David Winfree,NYY,AAA,24,52,201,216,53,32,16,0,5,24,33,9,0,32,3,3,0,8,0,0,0.263681592,sa244377
2009,David Winfree,MIN,AAA,23,115,422,457,115,67,31,3,14,48,61,28,1,88,2,5,0,10,0,2,0.272511848,sa244377
2008,Leonard Davis,WSN,AAA,24,49,180,190,43,20,13,3,7,21,29,5,1,48,2,1,2,4,1,1,0.238888888,sa253271
2008,Derrick Arnold,ATL,AAA,24,50,149,156,37,29,7,0,1,9,10,5,0,35,0,0,2,2,5,2,0.248322147,sa253855
2008,Javier Castillo,CHW,AAA,24,28,101,113,29,21,7,1,0,12,18,8,0,23,0,4,0,2,1,2,0.287128712,sa254672
2009,Reegie Corona,NYY,AAA,22,44,160,177,32,22,7,0,3,13,14,9,0,20,1,4,3,2,4,0,0.2,sa254678
2010,Reegie Corona,NYY,AAA,23,105,387,428,92,62,20,5,5,46,31,36,1,58,2,0,3,5,14,1,0.237726098,sa254678
2007,J.C. Holt,ATL,AAA,24,13,48,53,14,10,4,0,0,10,3,4,0,8,0,0,1,1,3,1,0.291666666,sa254695
2007,Adam Ricks,CHW,AAA,24,22,72,78,11,7,4,0,0,3,8,4,1,12,0,0,2,3,0,0,0.152777777,sa262429
2007,Erick San Pedro,WSN,AAA,23,9,20,21,4,4,0,0,0,2,0,1,0,10,0,0,0,0,0,0,0.2,sa262555
2010,Jean Luc Blaquiere,NYM,AAA,24,6,22,25,7,2,3,0,2,3,5,1,0,6,1,0,1,0,0,0,0.318181818,sa284807
2010,Emmanuel Garcia,NYM,AAA,24,17,50,53,8,6,2,0,0,5,1,0,0,14,0,0,3,1,0,0,0.16,sa284888
2010,Juan Apodaca,BOS,AAA,23,14,43,49,9,5,3,0,1,3,6,6,0,15,0,0,0,0,0,0,0.209302325,sa286639
2011,John Matulia,TBR,AAA,24,36,126,134,30,18,5,2,5,16,16,6,1,30,1,0,1,2,0,0,0.238095238,sa291104
2009,Mike Daniel,WSN,AAA,24,11,43,49,12,9,2,1,0,5,2,4,1,12,1,0,1,0,2,1,0.279069767,sa291515
2008,Ryan Roberson,DET,AAA,24,7,25,25,6,4,2,0,0,2,1,0,0,7,0,0,0,0,0,0,0.24,sa294015
2011,Jose Castro,CIN,AAA,24,20,60,65,16,14,1,1,0,7,4,0,0,3,3,0,2,1,0,0,0.266666666,sa294093
2009,Audy Ciriaco,DET,AAA,22,7,25,26,4,4,0,0,0,2,0,1,0,4,0,0,0,0,0,0,0.16,sa294300
2011,Audy Ciriaco,DET,AAA,24,14,54,58,5,5,0,0,0,2,2,2,0,15,1,1,0,2,0,1,0.092592592,sa294300
2010,Nick Weglarz,CLE,AAA,22,50,175,209,50,26,17,1,6,30,20,28,3,43,4,2,0,3,2,2,0.285714285,sa294342
2008,Michael Griffin,CIN,AAA,24,89,310,330,84,58,20,3,3,28,32,11,1,72,4,2,3,7,6,5,0.270967741,sa294650
2010,Allan de San Miguel,MIN,AAA,22,22,68,76,5,4,0,0,1,5,3,6,0,28,0,0,2,1,0,0,0.073529411,sa295122
2009,Luis Nunez,NYY,AAA,22,25,70,75,15,13,2,0,0,11,4,4,0,7,0,0,1,2,2,1,0.214285714,sa295125
2011,Luis Nunez,NYY,AAA,24,78,256,277,60,44,14,0,2,25,27,13,0,33,3,4,1,4,3,0,0.234375,sa295125
2009,Jose Coronado,NYM,AAA,23,29,85,100,12,10,2,0,0,4,3,11,1,22,0,0,4,3,2,0,0.14117647,sa295207
2022,Wilmer Perez,WSN,AAA,24,11,27,30,8,4,2,1,1,5,6,1,0,5,0,0,2,2,0,0,0.296296296,sa3002634
2023,Yunior Severino,MIN,AAA,23,36,133,153,31,17,2,1,11,24,22,15,0,56,3,2,0,3,0,0,0.233082706,sa3003185
2024,Yunior Severino,MIN,AAA,24,128,489,565,124,80,21,2,21,66,79,67,1,154,2,7,0,9,4,0,0.253578732,sa3003185
2022,Rafael Lantigua,TOR,AAA,24,42,161,179,46,36,8,0,2,20,29,16,0,35,0,2,0,6,9,3,0.285714285,sa3003219
2023,Johan Lopez,TBR,AAA,22,13,29,40,7,7,0,0,0,3,3,10,0,11,0,1,0,1,1,1,0.24137931,sa3003228
2023,Diego Infante,TBR,AAA,23,24,91,96,17,13,3,0,1,8,13,3,0,35,1,1,0,4,2,0,0.186813186,sa3003280
2024,Diego Infante,MIA,AAA,24,25,78,92,16,14,2,0,0,5,4,14,0,39,0,0,0,0,1,0,0.205128205,sa3003280
2023,Jose Peroza,NYM,AAA,23,9,30,38,10,6,1,1,2,10,9,6,0,8,2,0,0,2,0,0,0.333333333,sa3003288
2023,Marcos Gonzalez,CLE,AAA,23,18,50,59,7,5,2,0,0,6,7,4,0,15,4,1,0,0,0,0,0.14,sa3003311
2023,Jordy Barley,WSN,AAA,23,23,53,60,15,13,0,0,2,12,6,6,0,24,0,0,1,0,9,2,0.283018867,sa3004148
2023,Blake Hunt,TBR,AAA,24,30,114,126,30,13,11,0,6,18,23,8,0,23,2,2,0,1,0,1,0.263157894,sa3004153
2018,Ricky Surum,NYY,AAA,23,10,25,27,6,5,1,0,0,4,3,2,0,6,0,0,0,3,1,1,0.24,sa3004391
2021,Mason Martin,PIT,AAA,22,8,25,27,6,3,0,0,3,4,6,1,0,10,1,0,0,1,0,1,0.24,sa3004885
2022,Mason Martin,PIT,AAA,23,134,481,541,101,48,29,5,19,62,74,52,3,194,2,6,0,6,12,3,0.209979209,sa3004885
2023,Mason Martin,PIT,AAA,24,28,91,101,20,13,4,1,2,12,11,10,1,31,0,0,0,0,0,1,0.219780219,sa3004885
2025,Carlos Rodriguez,ATL,AAA,24,128,474,533,117,98,10,1,8,53,32,49,1,68,1,3,3,8,17,8,0.246835443,sa3005478
2024,Carlos Rodriguez,MIL,AAA,23,31,110,128,27,22,3,2,0,12,10,17,0,11,0,1,0,4,2,2,0.245454545,sa3005478
2024,Miguel Hiraldo,TOR,AAA,23,22,73,83,15,13,2,0,0,8,8,7,0,29,2,1,0,3,3,1,0.205479452,sa3005486
2024,Fabian Pertuz,CHC,AAA,23,11,39,42,8,3,3,0,2,6,6,3,0,14,0,0,0,2,0,0,0.205128205,sa3005500
2023,Nelson Medina,NYY,AAA,22,12,45,47,7,6,0,1,0,5,2,2,0,15,0,0,0,1,2,1,0.155555555,sa3005549
2025,Rainer Nunez,TOR,AAA,24,81,270,300,68,49,12,0,7,32,30,24,0,72,5,1,0,8,2,1,0.251851851,sa3005551
2025,Eddys Leonard,ATL,AAA,24,126,439,494,105,63,18,4,20,48,61,36,0,95,9,9,1,14,11,5,0.239179954,sa3005554
2023,Eddys Leonard,DET,AAA,22,40,149,171,45,27,10,0,8,30,31,17,0,37,2,3,0,3,2,1,0.302013422,sa3005554
2024,Eddys Leonard,DET,AAA,23,67,255,282,67,40,15,2,10,35,26,17,0,74,8,2,0,3,7,3,0.262745098,sa3005554
2022,Dalvy Rosario,MIA,AAA,21,7,21,25,8,6,1,1,0,6,2,3,0,6,0,1,0,0,2,0,0.38095238,sa3005712
2024,Dalvy Rosario,MIA,AAA,23,20,62,64,14,9,5,0,0,7,2,2,0,22,0,0,0,1,1,0,0.225806451,sa3005712
2025,Dalvy Rosario,MIA,AAA,24,19,56,64,8,5,0,1,2,6,5,6,0,19,0,1,1,1,0,0,0.142857142,sa3005712
2024,Alvaro Gonzalez,DET,AAA,23,10,28,34,7,4,2,1,0,4,4,5,0,12,1,0,0,0,0,0,0.25,sa3005715
2026,Junior Perez,CHW,AAA,24,9,34,39,8,7,1,0,0,6,3,4,0,12,0,1,0,0,3,1,0.235294117,sa3005744
2021,Robert Neustrom,BAL,AAA,24,64,224,257,52,27,16,0,9,32,33,29,0,63,2,1,1,3,5,1,0.232142857,sa3006667
2021,Justin Toerner,STL,AAA,24,11,28,33,7,4,1,1,1,3,5,3,0,9,1,0,1,0,0,0,0.25,sa3006735
2021,Jack Conley,PHI,AAA,24,7,18,21,2,0,2,0,0,3,0,3,0,10,0,0,0,0,0,0,0.111111111,sa3006857
2025,Luis Verdugo,PHI,AAA,24,31,100,109,18,14,2,0,2,14,9,7,0,35,0,0,2,6,0,0,0.18,sa3006888
2024,Reivaj Garcia,CHC,AAA,22,7,26,28,9,7,1,0,1,1,4,2,1,10,0,0,0,0,0,0,0.346153846,sa3006900
2024,Carlos De La Cruz,PHI,AAA,24,48,163,175,31,23,5,0,3,11,18,8,0,63,3,1,0,2,1,0,0.190184049,sa3006903
2021,Chris Proctor,DET,AAA,24,15,34,35,7,7,0,0,0,6,3,1,0,13,0,0,0,0,0,0,0.205882352,sa3007062
2023,Raynel Delgado,CLE,AAA,23,104,343,393,87,63,15,2,7,56,33,47,0,88,1,1,1,2,14,7,0.253644314,sa3007288
2024,Raynel Delgado,CLE,AAA,24,93,298,345,82,57,14,2,9,41,44,38,0,85,4,0,5,6,22,8,0.275167785,sa3007288
2024,Gionti Turner,TBR,AAA,23,15,34,36,5,3,1,0,1,4,2,2,0,9,0,0,0,0,1,0,0.147058823,sa3007326
2022,Ruben Cardenas,TBR,AAA,24,82,284,318,59,27,14,2,16,40,41,32,0,93,1,1,0,4,5,4,0.207746478,sa3007505
2024,Ramon Mendoza,STL,AAA,23,20,57,63,12,8,4,0,0,7,7,4,0,16,0,2,0,2,0,1,0.210526315,sa3007513
2021,Max Burt,NYY,AAA,24,36,107,120,20,11,8,0,1,16,10,11,0,33,0,1,1,1,2,0,0.186915887,sa3007631
2024,Nick Schnell,TBR,AAA,24,26,89,96,19,14,2,0,3,10,8,5,0,38,1,0,1,0,2,0,0.213483146,sa3007639
2021,Nick Meyer,NYM,AAA,24,11,42,48,12,9,3,0,0,2,6,5,0,7,0,0,1,1,1,2,0.285714285,sa3007826
2021,Brennen Davis,CHC,AAA,21,15,56,68,15,8,3,0,4,10,12,11,0,15,1,0,0,2,0,0,0.267857142,sa3007876
2022,Brennen Davis,CHC,AAA,22,43,141,174,27,17,6,0,4,16,13,23,0,52,6,4,0,1,0,1,0.191489361,sa3007876
2023,Brennen Davis,CHC,AAA,23,62,219,257,41,29,8,0,4,27,26,22,0,58,13,3,0,9,9,3,0.187214611,sa3007876
2024,Brennen Davis,CHC,AAA,24,47,145,181,31,16,4,0,11,30,28,23,0,42,11,2,0,2,1,1,0.213793103,sa3007876
2022,Onix Vega,WSN,AAA,23,6,20,23,6,5,1,0,0,1,2,1,0,6,2,0,0,1,0,0,0.3,sa3008007
2023,Onix Vega,WSN,AAA,24,18,54,62,11,10,1,0,0,6,3,6,0,11,1,1,0,4,0,1,0.203703703,sa3008007
2022,Josh Breaux,NYY,AAA,24,41,159,172,38,26,4,2,6,20,21,12,1,49,1,0,0,3,1,0,0.23899371,sa3008051
2021,Tristan Pompey,MIA,AAA,24,25,67,81,13,9,3,1,0,9,6,13,0,25,0,1,0,2,0,0,0.19402985,sa3008077
2023,Malcom Nunez,PIT,AAA,22,67,241,271,57,42,8,0,7,30,34,19,0,64,9,2,0,7,0,2,0.236514522,sa3008113
2024,Malcom Nunez,PIT,AAA,23,128,468,526,117,85,21,0,11,59,65,42,0,108,4,12,0,10,3,1,0.25,sa3008113
2025,Malcom Nunez,PIT,AAA,24,45,152,173,43,25,16,0,2,16,22,13,0,26,2,6,0,2,0,0,0.282894736,sa3008113
2021,Matt Pita,NYY,AAA,24,27,79,88,18,9,2,0,7,12,15,6,0,24,3,0,0,0,2,4,0.227848101,sa3008146
2023,Cole Roederer,CHC,AAA,23,10,31,37,9,7,1,1,0,4,4,5,0,10,0,1,0,1,2,0,0.29032258,sa3008184
2024,Cole Roederer,CHC,AAA,24,46,162,188,35,20,10,0,5,27,18,22,0,53,3,1,0,0,4,0,0.216049382,sa3008184
2023,Jaylen Palmer,NYM,AAA,22,21,64,80,16,6,4,0,6,17,17,13,0,29,1,1,1,0,3,1,0.25,sa3008297
2025,Diego Cartaya,MIN,AAA,23,20,59,69,5,4,0,0,1,4,1,9,0,40,1,0,0,3,0,0,0.084745762,sa3008742
2025,Dayan Frias,CLE,AAA,23,48,158,176,32,24,7,0,1,21,10,15,0,41,0,2,1,3,7,4,0.202531645,sa3008768
2026,Dayan Frias,CLE,AAA,24,37,118,136,21,17,3,0,1,15,9,16,0,32,1,1,0,2,9,3,0.177966101,sa3008768
2024,Cristhian Rodriguez,MIA,AAA,22,7,23,27,3,2,1,0,0,4,3,4,0,9,0,0,0,1,0,0,0.130434782,sa3008785
2024,Noelberth Romero,BAL,AAA,22,39,114,131,26,23,2,0,1,10,10,12,0,33,2,3,0,1,0,3,0.228070175,sa3008808
2025,Rafael Morel,CHC,AAA,23,11,33,37,4,3,1,0,0,2,4,4,0,15,0,0,0,0,1,0,0.121212121,sa3009534
2022,Tanner Morris,TOR,AAA,24,31,98,126,17,17,0,0,0,8,7,25,0,25,2,0,1,3,0,2,0.173469387,sa3009873
2022,Trevor Schwecke,TOR,AAA,24,19,63,70,13,7,2,1,3,10,11,6,0,19,0,1,0,2,0,2,0.206349206,sa3009874
2024,Christian Cairo,CLE,AAA,23,69,210,257,49,39,5,3,2,34,30,40,0,58,2,4,1,5,12,4,0.233333333,sa3010028
2025,Christian Cairo,CLE,AAA,24,112,354,416,84,58,21,3,2,56,28,45,0,97,11,4,2,3,33,7,0.237288135,sa3010028
2025,Yordys Valdes,CLE,AAA,23,90,315,337,59,35,17,2,5,31,28,13,0,108,3,3,3,5,10,2,0.187301587,sa3010037
2021,Jimmy Govern,KCR,AAA,24,7,26,27,7,4,2,0,1,1,3,1,0,3,0,0,0,1,1,0,0.269230769,sa3010166
2022,Ike Freeman,CLE,AAA,24,13,36,49,7,3,1,0,3,8,6,12,0,20,0,0,1,2,0,0,0.194444444,sa3010167
2021,Jacob Olson,CHC,AAA,24,16,46,50,8,4,3,0,1,2,4,1,0,13,3,0,0,1,0,0,0.173913043,sa3010394
2022,Darius Hill,CHC,AAA,24,89,343,373,109,79,23,4,3,48,35,21,1,53,3,4,2,5,4,2,0.317784256,sa3010395
2022,Corey Joyce,DET,AAA,23,7,16,22,10,6,2,0,2,8,8,5,0,3,1,0,0,0,1,0,0.625,sa3010596
2023,Corey Joyce,DET,AAA,24,54,168,206,45,26,12,3,4,25,22,30,0,56,6,2,0,3,8,2,0.267857142,sa3010596
2025,Sammy Siani,PIT,AAA,24,25,92,104,24,17,3,0,4,17,12,11,0,21,0,1,0,1,3,3,0.260869565,sa3010704
2021,Sal Gozzo,PHI,AAA,23,39,87,98,13,12,1,0,0,9,6,9,0,27,1,0,1,0,0,0,0.149425287,sa3010708
2023,Aaron Antonini,STL,AAA,24,10,34,46,7,4,1,1,1,7,9,6,0,13,5,1,0,2,1,0,0.205882352,sa3010906
2021,Tevin Mitchell,MIA,AAA,24,9,18,23,2,0,0,1,1,5,1,2,0,11,3,0,0,0,0,1,0.111111111,sa3011157
2025,Jase Bowen,PIT,AAA,24,36,126,145,37,22,9,3,3,20,17,19,0,36,0,0,0,1,7,3,0.293650793,sa3011267
2021,Ethan Paul,PIT,AAA,24,49,127,150,26,22,3,0,1,12,14,20,0,52,2,0,1,2,3,0,0.204724409,sa3011423
2022,Cam Cannon,BOS,AAA,24,12,35,37,9,7,2,0,0,2,3,1,0,10,0,0,1,0,1,0,0.257142857,sa3011467
2022,Logan Glass,CHW,AAA,21,8,20,20,5,3,1,0,1,5,4,0,0,10,0,0,0,0,0,0,0.25,sa3011614
2024,Karson Simas,BOS,AAA,23,11,41,45,11,10,0,0,1,7,5,2,0,13,1,1,0,0,2,0,0.268292682,sa3011739
2025,Karson Simas,BOS,AAA,24,19,61,69,20,16,3,0,1,10,9,8,0,19,0,0,0,0,4,1,0.327868852,sa3011739
2025,Erick Brito,PHI,AAA,23,49,144,168,36,28,7,1,0,19,18,17,0,36,3,0,4,1,7,3,0.25,sa3011753
2025,Shane Sasaki,MIA,AAA,24,23,68,80,15,13,2,0,0,11,10,7,0,14,2,1,2,2,6,1,0.220588235,sa3011754
2026,Willy Vasquez,BAL,AAA,24,46,132,156,30,21,5,1,3,19,14,20,1,53,1,1,2,1,8,6,0.227272727,sa3011821
2023,Hudson Haskin,BAL,AAA,24,23,82,95,22,13,5,1,3,14,13,6,0,34,7,0,0,0,5,1,0.268292682,sa3014449
2025,Blaze Jordan,STL,AAA,22,41,172,186,34,20,6,1,7,21,37,10,0,22,1,3,0,11,2,0,0.197674418,sa3014537
2026,Blaze Jordan,STL,AAA,23,48,193,211,64,38,17,0,9,32,30,15,0,22,3,0,0,6,2,2,0.331606217,sa3014537
2025,Blaze Jordan,BOS,AAA,22,44,171,182,51,33,11,1,6,29,25,11,0,19,0,0,0,6,0,1,0.298245614,sa3014537
2024,Ed Howard,CHC,AAA,22,10,36,41,5,4,1,0,0,4,3,2,0,11,1,0,2,2,0,0,0.138888888,sa3014540
2025,Milan Tolentino,CLE,AAA,23,121,394,460,85,42,20,2,21,58,66,55,0,158,4,5,2,1,20,6,0.21573604,sa3014544
2026,Milan Tolentino,CLE,AAA,24,49,166,187,41,24,9,1,7,24,28,21,1,62,0,0,0,2,9,2,0.246987951,sa3014544
2024,Emmanuel Rodriguez,MIN,AAA,21,7,23,30,5,4,0,0,1,6,5,7,0,12,0,0,0,1,0,0,0.217391304,sa3014693
2025,Emmanuel Rodriguez,MIN,AAA,22,52,163,212,42,28,7,1,6,35,27,45,0,67,4,0,0,1,9,3,0.257668711,sa3014693
2026,Emmanuel Rodriguez,MIN,AAA,23,25,81,108,20,11,3,0,6,15,18,23,0,31,2,2,0,0,3,2,0.24691358,sa3014693
2022,Scott McKeon,CHC,AAA,24,8,29,30,11,8,3,0,0,4,2,1,0,9,0,0,0,0,0,0,0.379310344,sa3014826
2023,Noah Campbell,MIL,AAA,24,32,83,90,18,15,1,0,2,7,12,6,0,22,1,0,0,1,0,1,0.216867469,sa3014878
2021,Francisco Urbaez,CIN,AAA,23,14,52,55,12,8,4,0,0,6,4,3,0,8,0,0,0,1,0,0,0.23076923,sa3014944
2021,Matt Burch,CHC,AAA,23,13,31,31,4,3,1,0,0,2,1,0,0,13,0,0,0,0,0,0,0.129032258,sa3014946
2022,Alex McGarry,CIN,AAA,24,8,24,26,5,3,2,0,0,2,0,2,0,6,0,0,0,0,0,0,0.208333333,sa3015015
2023,Aaron Palensky,NYY,AAA,24,9,30,40,5,2,1,0,2,6,6,8,1,13,2,0,0,0,2,2,0.166666666,sa3015077
2026,Jeremy Rivas,STL,AAA,23,5,20,24,5,5,0,0,0,4,1,4,0,8,0,0,0,0,1,0,0.25,sa3015193
2026,Ricardo Olivar,MIN,AAA,24,6,24,24,7,3,2,0,2,3,11,0,0,5,0,0,0,1,1,0,0.291666666,sa3015234
2026,Maick Collado,CLE,AAA,23,12,43,47,14,6,7,0,1,8,7,2,0,5,0,1,1,0,1,0,0.325581395,sa3015534
2024,Jared Serna,MIA,AAA,22,6,20,23,2,2,0,0,0,2,1,2,0,8,1,0,0,1,1,0,0.1,sa3015579
2025,Jared Serna,MIA,AAA,23,10,34,41,8,6,2,0,0,7,2,7,0,6,0,0,0,2,5,0,0.235294117,sa3015579
2026,Jared Serna,MIA,AAA,24,40,132,148,27,18,5,0,4,12,17,10,0,23,2,2,2,5,5,1,0.204545454,sa3015579
2026,Miguel Villarroel,STL,AAA,24,12,30,35,7,5,2,0,0,4,2,4,0,13,1,0,0,0,1,0,0.233333333,sa3015631
2026,Angel Genao,CLE,AAA,22,22,83,91,22,12,6,1,3,15,10,7,0,19,0,1,0,1,2,0,0.26506024,sa3015706
2026,Maikol Hernandez,BAL,AAA,22,5,18,22,2,2,0,0,0,2,0,2,0,9,1,0,1,0,0,0,0.111111111,sa3015712
2026,Hendry Mendez,MIN,AAA,22,20,78,94,29,22,4,0,3,16,16,16,0,12,0,0,0,3,3,1,0.371794871,sa3015727
2026,Leo Bernal,STL,AAA,22,44,158,188,43,31,6,1,5,28,23,25,1,41,1,4,0,2,5,4,0.272151898,sa3015773
2025,Hector Rodriguez,CIN,AAA,21,53,215,230,56,40,8,1,7,34,20,12,1,38,2,1,0,2,9,2,0.260465116,sa3015828
2026,Hector Rodriguez,CIN,AAA,22,54,221,249,61,40,8,3,10,39,28,24,2,44,1,3,0,1,4,1,0.276018099,sa3015828
2026,Allan Castro,BOS,AAA,23,44,167,189,34,26,2,1,5,20,24,20,0,46,0,2,0,2,9,1,0.203592814,sa3016084
2026,Abimelec Ortiz,WSN,AAA,24,44,158,185,42,20,12,0,10,31,45,20,0,36,6,1,0,4,0,1,0.265822784,sa3016926
2023,Corey Rosier,BOS,AAA,23,12,39,44,11,8,3,0,0,6,2,4,0,10,1,0,0,0,0,1,0.282051282,sa3016961
2024,Corey Rosier,BOS,AAA,24,54,164,187,29,21,4,2,2,18,16,20,0,45,1,2,0,1,11,3,0.176829268,sa3016961
2023,Justice Bigbie,DET,AAA,24,15,51,58,14,10,3,0,1,5,8,5,0,15,1,1,0,1,0,0,0.274509803,sa3016971
2025,Noah Mendlinger,STL,AAA,24,24,83,102,24,15,6,2,1,15,10,11,1,8,6,2,0,2,2,2,0.289156626,sa3017001
2026,Joshua Baez,STL,AAA,23,49,197,221,50,23,8,3,16,38,39,18,1,69,6,0,0,2,11,1,0.253807106,sa3017022
2023,Adam Hackenberg,CHW,AAA,23,35,112,125,29,20,6,0,3,12,13,11,0,30,1,1,0,3,1,0,0.258928571,sa3017041
2024,Adam Hackenberg,CHW,AAA,24,49,154,185,29,24,4,0,1,17,7,25,1,77,4,1,1,1,3,1,0.188311688,sa3017041
2024,Michael Trautwein,CIN,AAA,24,77,260,290,50,24,15,3,8,35,30,25,0,100,3,1,1,4,4,1,0.192307692,sa3017043
2024,Wes Clarke,MIL,AAA,24,87,321,373,78,46,13,1,18,45,62,45,0,131,4,3,0,5,2,0,0.242990654,sa3017045
2023,Luke Waddell,ATL,AAA,24,29,104,131,23,19,2,2,0,16,10,20,0,15,2,4,0,3,3,1,0.221153846,sa3017075
2022,Wyatt Young,NYM,AAA,22,19,71,84,25,21,3,0,1,14,7,11,0,13,1,0,1,0,2,0,0.352112676,sa3017081
2023,Wyatt Young,NYM,AAA,23,42,171,192,41,30,8,0,3,17,26,16,0,34,1,4,0,2,1,0,0.239766081,sa3017081
2024,Wyatt Young,NYM,AAA,24,16,46,52,13,11,2,0,0,6,8,3,0,13,2,1,0,1,1,1,0.282608695,sa3017081
2024,Connor Pavolony,BAL,AAA,24,13,37,45,11,5,6,0,0,5,4,7,0,11,0,0,1,1,0,0,0.297297297,sa3017156
2025,Garrett Spain,MIL,AAA,24,11,37,43,6,4,2,0,0,4,2,4,0,15,1,1,0,1,3,0,0.162162162,sa3017174
2026,Juan Benjamin,CLE,AAA,23,15,47,52,8,6,0,0,2,6,5,5,0,16,0,0,0,1,3,0,0.170212765,sa3017217
2024,BJ Murray,CHC,AAA,24,88,299,353,61,40,10,0,11,46,39,50,0,86,2,2,0,10,10,1,0.204013377,sa3017287
2024,James Triantos,CHC,AAA,21,26,86,94,26,20,5,1,0,12,12,7,0,16,0,1,0,2,9,2,0.302325581,sa3017295
2025,James Triantos,CHC,AAA,22,102,407,444,105,76,20,2,7,65,43,31,0,67,4,2,0,12,28,10,0.257985257,sa3017295
2026,James Triantos,CHC,AAA,23,47,190,202,54,39,10,1,4,36,27,10,0,27,0,2,0,7,13,2,0.284210526,sa3017295
2023,Damiano Palmegiani,TOR,AAA,23,20,74,96,21,9,8,0,4,13,22,15,0,28,5,2,0,2,1,0,0.283783783,sa3017326
2024,Damiano Palmegiani,TOR,AAA,24,123,433,501,91,55,17,0,19,63,69,53,0,141,12,3,0,11,2,1,0.210161662,sa3017326
2024,Ethan Wilson,PHI,AAA,24,5,20,21,3,2,0,0,1,3,2,0,0,5,0,0,1,0,1,0,0.15,sa3017329
2024,JT Schwartz,NYM,AAA,24,48,160,178,35,19,11,0,5,21,22,10,0,29,6,2,0,3,2,0,0.21875,sa3017371
2024,Nathan Hickey,BOS,AAA,24,86,300,365,63,34,15,1,13,53,54,58,0,114,3,4,0,6,4,0,0.21,sa3017398
2022,Mike Jarvis,PIT,AAA,24,8,25,28,3,2,1,0,0,5,1,3,0,9,0,0,0,0,0,0,0.12,sa3017401
2026,Carlos Colmenarez,TBR,AAA,22,23,60,70,13,9,2,0,2,10,9,8,0,35,1,0,1,0,4,0,0.216666666,sa3017480
2025,Kahlil Watson,CLE,AAA,22,43,149,176,38,22,7,1,8,23,25,22,0,47,3,2,0,1,10,2,0.255033557,sa3017513
2026,Kahlil Watson,CLE,AAA,23,47,181,216,48,27,9,1,11,36,33,31,0,63,2,2,0,0,14,5,0.26519337,sa3017513
2024,Patrick Winkel,MIN,AAA,24,78,276,297,63,40,16,0,7,23,38,19,0,90,1,1,0,13,0,0,0.228260869,sa3017556
2026,Creed Willems,BAL,AAA,23,46,160,185,44,31,2,0,11,25,34,18,0,43,4,3,0,4,0,0,0.275,sa3017562
2026,Edwin Arroyo,CIN,AAA,22,53,217,250,70,45,9,5,11,41,34,18,0,42,5,3,5,1,9,0,0.322580645,sa3017626
2022,Jake Rucker,MIN,AAA,22,9,26,30,3,2,0,0,1,3,3,2,0,10,1,1,0,0,1,0,0.115384615,sa3017757
2026,Cooper Kinney,TBR,AAA,23,21,77,85,18,12,3,1,2,10,10,8,0,23,0,0,0,0,2,0,0.233766233,sa3017793
2026,Luis Lara,MIL,AAA,21,54,197,239,68,51,8,2,7,48,26,38,3,31,2,1,1,4,18,4,0.345177664,sa3018514
2025,Fernando Peguero,BAL,AAA,20,30,74,83,12,8,3,0,1,8,10,9,0,21,0,0,0,0,4,0,0.162162162,sa3018546
2026,Fernando Peguero,BAL,AAA,21,18,52,59,12,10,0,1,1,4,1,6,0,16,0,0,1,0,4,0,0.23076923,sa3018546
2026,William Bergolla Jr.,CHW,AAA,21,10,35,43,16,12,4,0,0,5,8,5,0,4,0,0,1,1,2,2,0.457142857,sa3019777
2024,Jacob Berry,MIA,AAA,23,25,91,103,22,15,4,1,2,16,9,10,1,18,0,2,0,2,2,0,0.241758241,sa3019825
2025,Jacob Berry,MIA,AAA,24,123,406,469,106,69,28,1,8,57,54,49,1,87,8,5,1,7,27,8,0.261083743,sa3019825
2025,Brody Moore,STL,AAA,24,60,197,221,47,37,7,1,2,28,27,17,0,49,3,3,1,1,6,0,0.23857868,sa3019839
2025,Cade Fergus,PHI,AAA,24,10,33,36,11,6,0,0,5,9,13,2,0,15,0,0,1,1,3,1,0.333333333,sa3019919
2025,Robert Moore,PHI,AAA,23,8,27,32,6,3,2,0,1,5,4,3,1,1,2,0,0,0,1,0,0.222222222,sa3019928
2026,Robert Moore,PHI,AAA,24,28,90,107,23,12,6,1,4,18,18,13,1,11,3,1,0,2,4,2,0.255555555,sa3019928
2025,Drake Logan,CHW,AAA,24,11,36,41,11,8,3,0,0,7,5,5,0,13,0,0,0,0,2,0,0.305555555,sa3019936
2024,Jud Fabian,BAL,AAA,23,30,113,125,18,11,5,0,2,11,7,11,0,51,0,1,0,1,3,1,0.159292035,sa3019942
2025,Jud Fabian,BAL,AAA,24,109,350,431,64,37,11,1,15,56,39,72,0,136,2,4,3,8,8,1,0.182857142,sa3019942
2025,Silas Ardoin,BAL,AAA,24,34,93,108,24,16,4,0,4,12,11,15,0,31,0,0,0,1,0,0,0.258064516,sa3019976
2025,Nathan Martorella,MIA,AAA,24,39,131,152,26,18,3,1,4,15,14,17,1,33,3,1,0,5,5,0,0.198473282,sa3019978
2025,Kody Huff,CLE,AAA,24,101,361,407,80,54,19,1,6,31,47,37,0,104,5,2,2,12,3,3,0.221606648,sa3019982
2025,Tanner Schobel,MIN,AAA,24,30,91,103,20,13,5,0,2,7,9,10,0,33,2,0,0,3,0,1,0.219780219,sa3020009
2025,Trey Faltine,CIN,AAA,24,24,54,57,10,3,5,2,0,8,2,2,0,26,1,0,0,0,0,1,0.185185185,sa3020118
2025,Justin Boyd,CLE,AAA,24,9,24,32,2,2,0,0,0,5,1,5,0,10,2,0,1,0,0,0,0.083333333,sa3020123
2025,Ryan Clifford,NYM,AAA,21,34,114,142,25,15,5,0,5,15,18,22,0,35,4,2,0,1,3,2,0.219298245,sa3020126
2026,Ryan Clifford,NYM,AAA,22,54,197,223,44,21,10,1,12,33,34,23,0,78,0,3,0,2,4,2,0.223350253,sa3020126
2024,Jett Williams,NYM,AAA,20,6,22,30,8,4,4,0,0,10,1,8,0,7,0,0,0,0,1,0,0.363636363,sa3020134
2025,Jett Williams,NYM,AAA,21,34,134,151,28,14,5,2,7,21,15,14,0,35,1,2,0,0,2,2,0.208955223,sa3020134
2026,Jett Williams,MIL,AAA,22,54,204,243,47,32,7,3,5,41,26,34,0,53,4,1,0,3,12,2,0.230392156,sa3020134
2026,Luke Adams,MIL,AAA,22,12,39,51,8,5,1,0,2,5,8,5,0,8,4,1,0,1,1,2,0.205128205,sa3020135
2025,Brock Jones,TBR,AAA,24,27,73,77,11,3,3,0,5,12,13,4,0,42,0,0,0,0,5,1,0.150684931,sa3020190
2025,Dom Keegan,TBR,AAA,24,69,266,297,64,36,16,2,10,34,36,24,0,91,3,4,0,7,0,0,0.240601503,sa3020194
2024,Josh Kasevich,TOR,AAA,23,41,157,173,51,40,8,0,3,23,23,14,0,25,1,1,0,7,3,0,0.324840764,sa3020203
2025,Josh Kasevich,TOR,AAA,24,29,98,114,17,16,1,0,0,6,6,13,0,20,1,2,0,2,0,2,0.173469387,sa3020203
2026,Termarr Johnson,PIT,AAA,22,43,139,167,24,19,4,0,1,15,10,23,0,45,1,1,3,1,9,1,0.17266187,sa3020214
2025,Mikey Romero,BOS,AAA,21,45,177,192,41,17,15,0,9,21,36,11,0,58,1,3,0,1,1,1,0.231638418,sa3020216
2026,Mikey Romero,BOS,AAA,22,46,185,206,40,27,9,1,3,20,22,15,0,42,3,3,0,5,0,0,0.216216216,sa3020216
2022,Dalton Shuffield,MIN,AAA,23,14,48,51,13,6,3,2,2,5,9,3,0,14,0,0,0,0,1,0,0.270833333,sa3020270
2025,Carter Young,BAL,AAA,24,8,21,23,7,5,2,0,0,4,3,2,0,4,0,0,0,0,0,0,0.333333333,sa3020534
2025,Kevin Parada,NYM,AAA,23,16,56,64,11,8,2,0,1,8,7,7,0,13,0,1,0,3,2,1,0.196428571,sa3020575
2026,Kevin Parada,NYM,AAA,24,6,21,25,9,7,1,1,0,4,4,1,0,5,1,1,1,0,0,0,0.428571428,sa3020575
2025,Joe Lampe,CLE,AAA,24,8,27,30,5,3,1,1,0,1,4,2,0,8,0,0,1,0,2,1,0.185185185,sa3020642
2025,Andrew Pintar,MIA,AAA,24,84,297,332,80,56,18,2,4,38,32,27,0,98,5,2,0,5,23,4,0.269360269,sa3020715
2025,Gabriel Rincones Jr.,PHI,AAA,24,119,412,506,99,58,22,1,18,81,73,80,3,114,8,6,0,1,21,5,0.240291262,sa3020758
2026,Homer Bush Jr.,TBR,AAA,24,31,113,131,28,22,3,1,2,18,11,11,0,25,3,0,1,2,13,4,0.24778761,sa3022480
2025,Johnny Olmstead,MIA,AAA,24,34,111,132,22,14,5,2,1,15,12,16,0,31,1,3,1,0,9,4,0.198198198,sa3022494
2026,Brock Wilken,MIL,AAA,24,51,167,211,28,14,10,2,2,21,31,39,0,62,1,4,0,1,5,0,0.16766467,sa3022499
2025,Kemp Alderman,MIA,AAA,22,20,76,82,23,9,7,0,7,13,17,5,0,22,0,1,0,1,2,1,0.302631578,sa3022562
2026,Kemp Alderman,MIA,AAA,23,40,152,170,46,31,5,1,9,29,23,13,1,53,5,0,0,1,5,1,0.302631578,sa3022562
2026,Mitch Jebb,PIT,AAA,24,6,24,26,9,5,2,0,2,6,5,2,0,4,0,0,0,0,2,0,0.375,sa3022565
2025,Max Anderson,DET,AAA,23,32,135,147,36,25,6,0,5,24,23,8,0,28,4,0,0,6,1,0,0.266666666,sa3022567
2026,Max Anderson,DET,AAA,24,21,83,91,24,18,3,0,3,10,14,5,0,14,1,2,0,2,0,1,0.289156626,sa3022567
2025,Josh Rivera,TOR,AAA,24,110,336,394,76,54,15,1,6,44,30,53,0,124,1,2,2,6,1,1,0.226190476,sa3022590
2025,RJ Schreck,TOR,AAA,24,58,186,234,45,28,7,1,9,32,33,38,1,49,8,0,2,5,2,0,0.241935483,sa3022602
2026,Brett Bateman,CHC,AAA,24,36,104,137,27,21,5,0,1,21,11,30,0,25,0,3,0,2,5,1,0.259615384,sa3022603
2025,Keaton Anthony,PHI,AAA,24,33,134,148,42,30,10,0,2,14,10,12,0,33,1,0,0,5,0,0,0.313432835,sa3022608
2025,Aidan Miller,PHI,AAA,21,8,27,37,9,6,2,0,1,8,1,9,0,7,1,0,0,0,7,1,0.333333333,sa3022609
2026,Ethan O'Donnell,MIA,AAA,24,38,123,150,27,23,2,0,2,18,12,24,0,37,2,1,0,1,9,0,0.219512195,sa3022616
2024,Andrew Pinckney,WSN,AAA,23,23,83,93,21,17,2,1,1,11,6,7,0,37,3,0,0,1,5,1,0.253012048,sa3022670
2025,Andrew Pinckney,WSN,AAA,24,125,450,509,121,90,9,2,20,77,66,44,0,148,12,2,1,8,34,5,0.268888888,sa3022670
2025,Yohandy Morales,WSN,AAA,23,95,382,433,95,61,21,2,11,66,49,46,1,131,2,3,0,12,5,0,0.248691099,sa3022672
2026,Yohandy Morales,WSN,AAA,24,51,186,212,65,42,11,0,12,44,33,22,1,51,3,1,0,2,2,1,0.349462365,sa3022672
2026,Max Clark,DET,AAA,21,49,198,224,52,35,13,2,2,32,21,23,1,35,1,2,0,0,12,1,0.262626262,sa3022683
2025,Caden Connor,CHW,AAA,24,13,39,45,13,12,0,0,1,6,7,5,0,10,1,0,0,1,1,2,0.333333333,sa3022755
2025,Matthew Etzel,MIA,AAA,23,31,102,121,28,23,3,0,2,13,13,16,0,29,0,2,0,2,9,2,0.274509803,sa3022815
2026,Matthew Etzel,MIA,AAA,24,44,165,185,38,26,4,1,7,29,29,19,0,49,1,0,0,2,5,1,0.23030303,sa3022815
2025,Dustin Dickerson,KCR,AAA,24,11,38,46,12,10,2,0,0,6,4,6,0,5,1,1,0,1,1,0,0.315789473,sa3022828
2025,Jonathon Long,CHC,AAA,23,140,514,607,157,111,23,3,20,86,91,79,0,116,9,4,0,14,2,0,0.30544747,sa3022864
2026,Jonathon Long,CHC,AAA,24,51,206,233,55,43,9,1,2,26,28,23,0,48,1,0,2,4,1,0,0.266990291,sa3022864
2026,Cooper Pratt,MIL,AAA,21,46,175,211,43,30,5,3,5,26,25,30,0,31,3,1,2,5,12,1,0.245714285,sa3022867
2025,Walker Jenkins,MIN,AAA,20,23,91,102,22,13,6,1,2,13,8,9,0,26,2,0,0,0,4,0,0.241758241,sa3022894
2026,Walker Jenkins,MIN,AAA,21,25,90,111,23,15,6,0,2,15,9,19,0,18,2,0,0,0,5,1,0.255555555,sa3022894
2026,Colton Ledbetter,STL,AAA,24,44,169,188,34,23,5,3,3,25,20,16,0,70,2,1,0,2,8,2,0.201183431,sa3022897
2025,Enrique Bradfield Jr.,BAL,AAA,23,15,56,62,10,7,1,1,1,9,5,4,0,19,0,2,0,0,6,1,0.178571428,sa3022917
2026,Enrique Bradfield Jr.,BAL,AAA,24,13,49,57,11,7,2,0,2,9,7,5,0,14,2,0,1,1,2,0,0.224489795,sa3022917
2025,Tre' Morgan,TBR,AAA,22,92,328,402,90,64,15,3,8,53,45,64,2,77,6,4,0,6,8,4,0.274390243,sa3022919
2026,Tre' Morgan,TBR,AAA,23,6,23,24,5,3,1,0,1,1,3,1,0,8,0,0,0,1,0,0,0.217391304,sa3022919
2026,Ralphy Velazquez,CLE,AAA,21,8,31,34,8,5,3,0,0,2,1,3,0,5,0,0,0,1,0,0,0.258064516,sa3023013
2025,Cooper Ingle,CLE,AAA,23,28,82,107,17,9,7,0,1,13,6,21,0,15,3,1,0,1,0,0,0.207317073,sa3023069
2026,Cooper Ingle,CLE,AAA,24,34,108,142,35,21,5,1,8,24,32,32,1,29,1,1,0,1,1,0,0.324074074,sa3023069
2026,George Lombard Jr.,NYY,AAA,21,27,103,132,19,14,4,0,1,20,10,26,0,28,2,1,0,1,6,2,0.184466019,sa3023233
2024,Payton Eeles,MIN,AAA,24,64,214,260,64,41,11,4,8,43,30,33,0,38,12,1,0,1,20,3,0.29906542,sa3023622
2026,Kaelen Culpepper,MIN,AAA,23,50,204,239,52,31,9,0,12,44,37,29,0,47,4,2,0,4,12,1,0.25490196,sa3025360
2026,Seaver King,WSN,AAA,23,9,35,40,12,7,2,1,2,5,10,2,0,10,2,1,0,1,2,0,0.342857142,sa3025414
2026,Braden Montgomery,CHW,AAA,23,22,84,96,24,14,7,0,3,22,11,11,0,25,1,0,0,2,2,1,0.285714285,sa3038253
2026,Tony Santa Maria,TBR,AAA,24,13,42,50,8,5,2,0,1,6,8,7,0,12,1,0,0,1,3,1,0.19047619,sa3041543
2010,Jair Fernandez,MIN,AAA,23,12,34,40,6,5,1,0,0,2,1,6,0,8,0,0,0,0,0,0,0.176470588,sa324904
2011,Jair Fernandez,MIN,AAA,24,17,48,53,12,5,6,0,1,6,8,5,0,14,0,0,0,2,1,0,0.25,sa324904
2008,Maxwell Leon,DET,AAA,24,50,149,174,41,37,2,2,0,16,12,17,1,33,0,2,4,3,8,2,0.275167785,sa326041
2010,Willie Cabrera,ATL,AAA,23,8,26,27,5,4,1,0,0,1,2,1,0,6,0,0,0,2,0,1,0.192307692,sa326105
2011,Willie Cabrera,ATL,AAA,24,7,24,27,3,2,1,0,0,2,1,2,0,7,0,1,0,1,0,0,0.125,sa326105
2010,Matt Sheely,BOS,AAA,23,7,18,20,4,4,0,0,0,2,1,0,0,3,0,1,1,0,1,0,0.222222222,sa326113
2011,Matt Sheely,BOS,AAA,24,43,125,147,28,24,2,2,0,12,7,10,0,33,5,0,7,1,6,1,0.224,sa326113
2013,Cody Johnson,NYY,AAA,24,18,54,64,9,6,2,0,1,6,4,10,1,32,0,0,0,0,0,0,0.166666666,sa326488
2009,Wes Hodges,CLE,AAA,24,86,332,359,88,59,24,0,5,33,38,19,1,64,3,4,1,17,8,5,0.26506024,sa326543
2009,Shelby Ford,PIT,AAA,24,86,298,321,56,39,11,2,4,34,27,14,0,58,7,2,0,5,8,1,0.187919463,sa326554
2010,Ryan Strieby,DET,AAA,24,76,290,325,71,46,15,0,10,29,49,33,0,85,1,1,0,6,1,1,0.244827586,sa326701
2011,Tyler Henson,BAL,AAA,23,123,450,498,112,87,19,3,3,55,36,40,0,98,3,2,3,6,9,4,0.248888888,sa326736
2008,Brian Jeroloman,TOR,AAA,23,25,75,88,15,13,2,0,0,5,5,11,0,17,0,0,2,4,0,0,0.2,sa326780
2008,Jeff Christy,MIN,AAA,24,36,90,111,19,13,6,0,0,14,5,15,0,26,0,1,5,1,0,1,0.211111111,sa326791
2009,Kent Gerst,CHW,AAA,21,8,27,30,4,3,0,0,1,1,4,2,0,9,0,1,0,0,1,1,0.148148148,sa327053
2012,Jared Mitchell,CHW,AAA,23,36,121,141,28,15,11,1,1,18,13,16,0,53,2,1,1,0,1,1,0.231404958,sa327116
2013,Jared Mitchell,CHW,AAA,24,14,53,65,7,5,2,0,0,7,3,10,0,27,1,1,0,0,4,1,0.132075471,sa327116
2006,Ryan Khoury,BOS,AAA,22,9,21,24,3,3,0,0,0,1,2,2,0,7,0,1,0,0,0,0,0.142857142,sa327720
2013,Tyson Gillies,PHI,AAA,24,63,214,237,47,35,7,2,3,30,8,19,0,55,1,0,3,5,13,2,0.219626168,sa328244
2010,Richard Martinez,CLE,AAA,23,5,17,20,6,3,3,0,0,1,6,3,0,4,0,0,0,0,0,0,0.352941176,sa328579
2011,Raul Reyes,NYM,AAA,24,18,55,58,11,4,5,0,2,7,8,2,0,19,1,0,0,1,0,0,0.2,sa328741
2011,Beau Mills,CLE,AAA,24,35,119,133,32,19,6,0,7,13,18,10,0,22,1,2,1,3,0,0,0.268907563,sa388399
2013,Mike McDade,CLE,AAA,24,21,74,83,17,13,4,0,0,3,7,8,0,24,1,0,0,1,0,0,0.229729729,sa389194
2013,Mike McDade,CHW,AAA,24,94,354,390,90,62,18,0,10,36,46,28,1,96,4,4,0,12,1,0,0.254237288,sa389194
2010,Matt Rizzotti,PHI,AAA,24,17,45,52,9,6,3,0,0,0,4,6,2,14,1,0,0,0,0,0,0.2,sa389429
2010,Cale Iorg,DET,AAA,24,16,66,70,16,8,6,1,1,7,9,2,0,20,1,1,0,0,0,1,0.242424242,sa389445
2013,Dan Rohlfing,MIN,AAA,24,26,86,103,27,22,2,1,2,16,12,14,0,20,0,2,1,1,0,1,0.313953488,sa389665
2011,Tony Thomas,BOS,AAA,24,80,278,306,59,33,17,1,8,35,32,21,0,74,4,3,0,1,11,3,0.212230215,sa389692
2010,Matt Cusick,NYY,AAA,24,29,83,96,22,16,6,0,0,11,9,10,0,7,0,2,1,3,0,0,0.26506024,sa389746
2010,Brian Friday,PIT,AAA,24,93,288,337,74,48,19,5,2,41,28,39,3,69,2,2,6,2,10,7,0.256944444,sa389902
2010,Danny Lehmann,MIN,AAA,24,25,76,88,20,13,7,0,0,9,5,7,0,6,2,0,3,1,0,0,0.263157894,sa389905
2013,Ryan Dent,BOS,AAA,24,16,36,39,6,6,0,0,0,3,1,2,0,14,0,0,1,0,3,1,0.166666666,sa389941
2010,Christopher White,DET,AAA,22,23,81,87,23,17,5,0,1,9,5,3,0,17,0,0,3,1,6,0,0.283950617,sa390182
2013,Matt Kennelly,CIN,AAA,24,16,47,50,8,7,1,0,0,5,2,3,0,11,0,0,0,0,0,0,0.170212765,sa390294
2013,Oscar Tejeda,PIT,AAA,23,21,47,54,4,1,3,0,0,3,3,7,0,14,0,0,0,1,2,0,0.085106382,sa392406
2012,Mayo Acosta,TBR,AAA,24,9,21,24,4,3,0,0,1,3,2,2,0,4,0,1,0,1,0,0,0.19047619,sa392849
2010,Omar Luna,TBR,AAA,23,40,141,149,41,33,6,1,1,16,9,2,0,28,1,0,5,4,3,2,0.290780141,sa392852
2011,Omar Luna,TBR,AAA,24,56,172,182,35,31,4,0,0,15,6,3,0,22,3,1,3,4,1,1,0.203488372,sa392852
2010,C.J. Retherford,CHW,AAA,24,44,159,171,32,21,7,0,4,10,13,8,0,30,2,0,2,3,0,1,0.201257861,sa393409
2014,Kenny Wilson,TOR,AAA,24,21,71,82,17,12,3,2,0,7,6,9,0,15,1,0,1,1,5,4,0.239436619,sa454437
2010,Ben Guez,DET,AAA,23,68,223,259,56,35,9,3,9,32,32,24,0,63,7,3,2,5,5,6,0.251121076,sa454544
2011,Ben Guez,DET,AAA,24,95,316,348,88,55,27,3,3,41,32,21,0,72,6,2,3,6,10,9,0.278481012,sa454544
2009,Donnie Webb,CLE,AAA,23,7,30,33,11,7,4,0,0,3,6,2,0,7,0,1,0,0,1,0,0.366666666,sa454797
2009,Matthew Hall,TBR,AAA,22,9,21,22,4,3,1,0,0,2,3,1,0,5,0,0,0,0,0,0,0.19047619,sa454883
2011,Tim Fedroff,CLE,AAA,24,62,224,262,61,44,15,1,1,29,28,35,0,35,1,2,0,5,3,2,0.272321428,sa454958
2011,Dan Brewer,NYY,AAA,23,46,151,169,42,32,9,1,0,17,9,14,0,47,2,0,2,1,8,4,0.278145695,sa454991
2011,Chris Curran,WSN,AAA,23,7,18,20,5,4,0,1,0,2,2,1,0,6,0,1,0,0,0,1,0.277777777,sa455157
2011,Tyler Kuhn,CHW,AAA,24,23,91,98,27,22,4,1,0,9,4,5,0,13,0,2,0,1,0,2,0.296703296,sa455308
2013,Brandon Short,CHW,AAA,24,30,97,114,18,12,4,2,0,10,6,10,0,30,2,0,4,3,1,1,0.18556701,sa455526
2014,Rossmel Perez,CIN,AAA,24,9,28,30,6,5,1,0,0,1,3,2,0,3,0,0,0,3,0,0,0.214285714,sa455612
2011,Ronald Bermudez,BOS,AAA,23,57,180,192,47,28,15,1,3,20,21,9,0,26,0,1,2,4,0,1,0.261111111,sa455626
2012,Ronald Bermudez,BOS,AAA,24,17,43,47,7,5,1,1,0,5,2,2,0,11,1,1,0,2,1,0,0.162790697,sa455626
2014,Juan Silverio,CIN,AAA,23,31,85,87,21,14,6,0,1,10,5,2,0,22,0,0,0,3,0,0,0.247058823,sa455632
2013,Leandro Castro,PHI,AAA,24,117,438,458,112,80,23,1,8,48,55,15,1,77,0,1,4,6,20,7,0.255707762,sa455746
2012,Sebastian Valle,PHI,AAA,21,22,78,82,17,11,2,0,4,7,13,2,0,31,0,2,0,2,0,1,0.217948717,sa455750
2014,Sebastian Valle,PHI,AAA,23,38,127,135,28,17,7,0,4,17,22,4,0,33,0,2,2,6,0,0,0.22047244,sa455750
2008,Walter Diaz,CLE,AAA,22,8,29,31,2,2,0,0,0,1,0,1,0,11,0,0,1,3,0,0,0.068965517,sa455952
2013,Chun-Hsiu Chen,CLE,AAA,24,94,350,395,78,54,13,2,9,36,40,37,1,105,4,3,1,12,5,3,0.222857142,sa455954
2015,Michael Almanzar,BAL,AAA,24,138,502,540,113,83,26,0,4,40,50,27,0,93,6,5,0,13,1,0,0.225099601,sa455994
2014,Derrik Gibson,BOS,AAA,24,21,78,85,19,13,2,2,2,9,9,4,0,15,1,2,0,3,2,0,0.243589743,sa456041
2014,Carlos Paulino,PIT,AAA,24,10,29,32,6,6,0,0,0,4,2,1,0,9,0,1,1,0,0,0,0.206896551,sa456100
2009,Jose Fulgencio,CHW,AAA,22,7,23,24,4,4,0,0,0,2,0,0,0,5,0,0,1,0,1,0,0.173913043,sa491878
2015,Kelly Dugan,PHI,AAA,24,36,131,147,29,23,4,0,2,11,15,8,1,34,6,1,1,1,0,0,0.221374045,sa500838
2011,John Murrian,DET,AAA,23,14,45,47,6,4,2,0,0,2,4,1,0,12,0,1,0,1,0,0,0.133333333,sa501551
2015,Juan Silva,CIN,AAA,24,43,135,161,33,24,7,0,2,20,7,23,0,27,0,0,3,3,2,1,0.244444444,sa501563
2009,Brady Shoemaker,CHW,AAA,22,8,29,30,3,1,1,0,1,3,2,1,0,8,0,0,0,1,0,0,0.103448275,sa502052
2013,Hak-Ju Lee,TBR,AAA,22,15,45,57,19,14,3,1,1,13,7,11,0,9,0,0,1,1,6,2,0.422222222,sa502536
2014,Hak-Ju Lee,TBR,AAA,23,93,315,357,64,50,9,1,4,36,23,37,0,86,0,0,5,5,12,5,0.203174603,sa502536
2015,Hak-Ju Lee,TBR,AAA,24,96,313,360,69,50,15,1,3,33,27,35,1,105,3,2,7,6,20,3,0.220447284,sa502536
2015,Jonathan Galvez,NYY,AAA,24,40,139,160,33,24,9,0,0,17,12,16,0,31,2,1,2,1,2,2,0.237410071,sa502621
2014,Edgar Duran,PHI,AAA,23,14,41,47,7,6,1,0,0,3,2,5,0,11,0,0,1,1,0,1,0.170731707,sa503253
2015,Edgar Duran,PHI,AAA,24,45,135,155,22,16,6,0,0,12,9,12,1,23,2,0,6,6,0,0,0.162962962,sa503253
2013,Heiker Meneses,BOS,AAA,21,18,54,62,13,12,0,1,0,3,5,5,0,12,1,1,1,0,2,1,0.24074074,sa506229
2014,Heiker Meneses,BOS,AAA,22,16,58,63,14,11,2,1,0,3,3,3,0,10,0,0,2,1,0,1,0.24137931,sa506229
2016,Heiker Meneses,MIN,AAA,24,23,58,68,6,4,1,1,0,7,4,8,0,24,0,1,1,3,1,0,0.103448275,sa506229
2014,Elmer Reyes,ATL,AAA,23,55,206,221,59,38,16,2,3,27,24,5,0,45,6,3,1,5,2,0,0.286407766,sa506274
2015,Elmer Reyes,ATL,AAA,24,30,111,120,24,19,4,0,1,13,13,6,1,17,1,2,0,5,0,3,0.216216216,sa506274
2016,Jose Rosario,NYY,AAA,24,24,93,99,28,21,4,1,2,14,12,3,0,19,0,2,1,4,1,2,0.301075268,sa507166
2014,Edward Salcedo,ATL,AAA,22,110,364,413,77,45,21,1,10,50,44,40,0,97,4,4,1,8,13,5,0.211538461,sa539932
2015,Gabriel Lino,PHI,AAA,22,53,195,206,42,31,11,0,0,12,17,8,0,56,0,2,1,8,0,2,0.215384615,sa548048
2016,Matt Lipka,ATL,AAA,24,56,164,179,39,26,7,4,2,19,14,10,0,36,3,2,0,3,3,0,0.237804878,sa548175
2014,Mel Rojas Jr.,PIT,AAA,24,77,242,280,67,50,8,4,5,35,30,32,1,62,2,2,2,2,5,3,0.276859504,sa548194
2013,Joe Leonard,ATL,AAA,24,119,418,449,96,71,22,3,0,32,35,22,1,91,3,3,3,12,1,2,0.229665071,sa548249
2015,Sean Coyle,BOS,AAA,23,39,126,148,20,12,3,0,5,21,16,20,0,44,0,0,2,0,4,1,0.158730158,sa548268
2016,Sean Coyle,BOS,AAA,24,24,72,80,9,6,1,0,2,6,4,6,0,30,0,0,2,1,1,0,0.125,sa548268
2015,Cito Culver,NYY,AAA,22,8,25,30,8,7,0,1,0,3,4,3,1,6,0,1,1,2,0,0,0.32,sa548315
2016,Cito Culver,NYY,AAA,23,24,80,88,21,19,1,0,1,10,11,7,0,21,0,1,0,2,1,0,0.2625,sa548315
2017,Cito Culver,NYY,AAA,24,103,349,389,78,44,19,3,12,41,48,31,0,110,0,6,3,6,1,1,0.223495702,sa548315
2015,Alex Lavisky,CLE,AAA,24,15,43,48,5,3,0,0,2,5,4,3,0,5,1,0,1,2,0,0,0.116279069,sa548434
2017,Ronald Bueno,CHW,AAA,24,58,162,182,36,20,8,2,6,20,24,17,0,40,1,0,2,3,0,4,0.222222222,sa549192
2017,Jose Vinicio,CHW,AAA,23,36,130,135,32,25,5,1,1,13,7,0,0,35,0,1,4,0,5,1,0.246153846,sa549538
2016,Jose Vinicio,BOS,AAA,22,48,167,178,45,37,4,3,1,17,13,5,0,34,1,0,5,1,6,2,0.269461077,sa549538
2014,Taylor Dugas,NYY,AAA,24,58,174,205,53,46,5,2,0,17,17,24,0,30,3,2,2,4,3,3,0.304597701,sa577007
2014,Justin Jirschele,CHW,AAA,24,14,44,48,11,10,1,0,0,3,6,2,0,4,0,1,1,1,0,0,0.25,sa579325
2017,Jose Duarte,CIN,AAA,24,7,27,27,7,7,0,0,0,1,5,0,0,7,0,0,0,3,0,0,0.259259259,sa596170
2017,Edwin Espinal,PIT,AAA,23,35,130,135,42,36,6,0,0,12,14,4,0,22,0,1,0,2,1,0,0.323076923,sa596971
2018,Edwin Espinal,DET,AAA,24,100,335,383,81,67,8,0,6,38,24,40,1,65,5,2,1,12,0,0,0.241791044,sa596971
2018,Deiner Lopez,BOS,AAA,24,7,24,25,6,3,2,0,1,2,2,1,0,7,0,0,0,1,0,0,0.25,sa597152
2017,Angelo Mora,PHI,AAA,24,27,100,104,28,23,5,0,0,12,8,2,0,19,0,1,1,2,1,0,0.28,sa597177
2018,Herlis Rodriguez,DET,AAA,24,6,22,22,4,3,0,1,0,0,1,0,0,5,0,0,0,0,0,1,0.181818181,sa597740
2017,Herlis Rodriguez,PHI,AAA,23,48,148,160,32,23,6,0,3,16,8,5,1,36,4,1,2,3,3,2,0.216216216,sa597740
2017,Granden Goetzman,TBR,AAA,24,17,70,73,22,17,3,1,1,10,13,3,0,17,0,0,0,1,5,1,0.314285714,sa597785
2016,Patrick Leonard,TBR,AAA,23,42,131,145,26,20,5,1,0,10,6,13,0,54,1,0,0,3,0,1,0.198473282,sa597839
2017,Patrick Leonard,TBR,AAA,24,131,503,553,135,90,32,1,12,69,70,40,0,131,6,4,0,8,15,2,0.268389662,sa597839
2015,Dan Gamache,PIT,AAA,24,30,101,111,26,21,5,0,0,10,11,6,0,24,1,2,1,1,1,0,0.257425742,sa597966
2015,Logan Moore,PHI,AAA,24,42,134,149,37,30,5,1,1,11,13,13,0,30,0,1,1,4,0,0,0.276119402,sa598265
2013,Cody Grice,NYY,AAA,23,23,80,89,19,14,1,2,2,10,9,6,0,29,0,1,2,1,3,0,0.2375,sa598564
2015,Aneury Tavarez,BOS,AAA,23,6,18,23,7,4,2,0,1,6,5,3,0,4,2,0,0,1,2,0,0.388888888,sa598684
2014,James Ramsey,CLE,AAA,24,28,109,127,31,18,9,1,3,17,16,13,0,34,2,2,1,2,1,0,0.284403669,sa599239
2015,Juan Perez,CIN,AAA,23,25,91,97,19,14,3,0,2,8,4,6,0,23,0,0,0,0,7,0,0.208791208,sa599306
2016,Juan Perez,CIN,AAA,24,108,367,407,91,68,15,2,6,52,30,30,2,88,3,3,4,4,12,4,0.247956403,sa599306
2017,Mike Papi,CLE,AAA,24,37,119,148,28,21,5,0,2,20,18,20,1,25,4,4,1,1,1,1,0.235294117,sa599318
2017,Eric Wood,PIT,AAA,24,120,416,473,99,53,25,5,16,58,61,45,1,125,3,8,1,14,7,1,0.237980769,sa602394
2015,Jeremy Dowdy,CHW,AAA,24,8,24,32,5,2,3,0,0,3,3,8,0,3,0,0,0,1,0,0,0.208333333,sa621614
2016,Adam Brett Walker,MIN,AAA,24,132,478,531,116,62,22,5,27,61,75,44,2,202,2,7,0,9,7,4,0.242677824,sa621791
2016,Jin-De Jhang,PIT,AAA,23,6,20,23,4,3,1,0,0,2,2,1,0,2,1,1,0,1,0,0,0.2,sa653546
2019,Alberti Chavez,CIN,AAA,23,32,81,93,18,15,1,1,1,14,5,8,0,19,1,3,0,1,1,1,0.222222222,sa657456
2019,Malquin Canelo,PHI,AAA,24,128,423,473,111,80,27,2,2,57,35,32,3,137,5,3,10,5,8,10,0.262411347,sa657479
2019,Randy Cesar,MIN,AAA,24,45,168,189,44,28,12,0,4,22,31,20,0,56,1,0,0,8,0,0,0.261904761,sa657542
2018,Adrian Marin,BAL,AAA,24,76,255,276,55,46,9,0,0,29,16,14,0,47,2,2,3,11,6,0,0.215686274,sa657939
2017,Andrew Pullin,PHI,AAA,23,67,238,254,55,26,21,2,6,22,23,13,1,50,3,0,0,5,3,1,0.231092436,sa658016
2018,Andrew Pullin,PHI,AAA,24,36,117,125,20,11,6,1,2,10,11,8,0,41,0,0,0,2,1,0,0.17094017,sa658016
2017,Luis Valenzuela,ATL,AAA,23,13,34,37,13,10,2,1,0,8,7,3,0,7,0,0,0,1,0,0,0.382352941,sa658081
2018,Rashad Crawford,NYY,AAA,24,6,18,21,6,4,1,1,0,5,3,1,0,2,1,0,1,0,0,0,0.333333333,sa658166
2017,Nellie Rodriguez,CLE,AAA,23,120,377,433,64,33,14,0,17,38,49,53,1,181,0,2,1,6,0,0,0.169761273,sa658264
2018,Nellie Rodriguez,CLE,AAA,24,76,240,268,49,28,11,0,10,24,39,23,0,95,2,2,1,5,0,0,0.204166666,sa658264
2017,Kody Eaves,DET,AAA,23,8,27,29,7,5,1,1,0,3,1,2,0,6,0,0,0,0,0,0,0.259259259,sa658290
2018,Kody Eaves,DET,AAA,24,22,75,82,12,7,4,1,0,7,4,6,1,21,1,0,0,0,0,0,0.16,sa658290
2013,Dan Fiorito,NYY,AAA,22,6,25,26,6,5,1,0,0,2,0,0,0,2,0,0,1,1,2,0,0.24,sa732908
2015,Dan Fiorito,NYY,AAA,24,6,22,25,7,5,2,0,0,2,1,3,0,1,0,0,0,1,0,0,0.318181818,sa732908
2019,Grenny Cumana,PHI,AAA,23,11,26,27,5,4,1,0,0,2,2,0,0,4,0,0,1,1,0,0,0.192307692,sa735846
2019,Luis Gonzalez,CIN,AAA,24,13,38,42,10,8,2,0,0,8,3,4,0,9,0,0,0,2,0,1,0.263157894,sa736875
2019,Ademar Rifaela,BAL,AAA,24,38,127,142,30,19,6,3,2,17,11,11,1,34,3,1,0,6,0,0,0.236220472,sa736911
2019,Riley Unroe,ATL,AAA,23,13,41,48,7,5,1,0,1,7,3,7,0,11,0,0,0,0,1,1,0.170731707,sa737614
2019,Jan Hernandez,PHI,AAA,24,61,232,263,58,32,13,1,12,38,44,25,0,101,4,2,0,2,2,3,0.25,sa737639
2018,Drew Ward,WSN,AAA,23,17,54,61,10,8,2,0,0,5,2,7,0,20,0,0,0,2,0,1,0.185185185,sa737690
2019,Trey Michalczewski,CHW,AAA,24,30,85,98,19,13,3,0,3,10,10,12,0,32,1,0,0,0,1,1,0.223529411,sa737859
2018,Nick Longhi,CIN,AAA,22,32,90,93,21,16,5,0,0,8,8,2,0,27,1,0,0,2,1,0,0.233333333,sa738434
2019,Nick Longhi,CIN,AAA,23,111,389,424,110,67,28,3,12,51,51,30,1,102,2,2,1,10,0,1,0.282776349,sa738434
2019,Wendell Rijo,NYY,AAA,23,43,137,148,37,20,10,0,7,18,17,8,0,35,3,0,0,2,1,0,0.270072992,sa739597
2006,David Espinosa,DET,AAA,24,96,293,349,78,49,13,7,9,50,27,43,1,70,3,4,6,4,12,6,0.266211604,sa75328
2021,Michael De Leon,CIN,AAA,24,98,275,296,71,49,15,0,7,31,43,17,0,69,1,2,1,6,0,0,0.258181818,sa823925
2019,Jose Antequera,PHI,AAA,23,8,19,20,4,4,0,0,0,0,2,1,0,4,0,0,0,1,0,0,0.210526315,sa826778
2016,Casey Gillaspie,TBR,AAA,23,47,179,203,55,33,13,2,7,27,23,22,0,38,2,0,0,5,0,1,0.307262569,sa827177
2017,Casey Gillaspie,TBR,AAA,24,95,353,395,80,54,15,2,9,45,44,36,1,77,1,5,0,6,1,1,0.226628895,sa827177
2017,Casey Gillaspie,CHW,AAA,24,30,105,120,22,11,5,0,6,17,18,14,1,23,0,1,0,7,0,0,0.209523809,sa827177
2018,Valentin Martinez,CIN,AAA,21,8,22,23,3,3,0,0,0,1,0,0,0,6,0,0,1,2,0,0,0.136363636,sa828257
2021,Dennis Ortega,STL,AAA,24,57,160,177,37,28,7,0,2,19,13,15,0,49,1,0,1,4,0,0,0.23125,sa828381
2021,Ti'Quan Forbes,CHW,AAA,24,50,156,174,37,27,6,2,2,15,11,14,0,45,2,2,0,3,2,1,0.237179487,sa828696
2019,Brian Schales,MIN,AAA,23,17,59,64,9,5,2,0,2,3,6,2,0,29,1,2,0,2,0,0,0.152542372,sa828808
2017,Tyler Eppler,PIT,AAA,24,27,18,21,3,3,0,0,0,3,2,1,0,8,0,0,2,0,0,0,0.166666666,sa829043
2016,Jake Peter,CHW,AAA,23,62,228,250,59,44,13,0,2,30,24,17,0,44,3,1,1,7,3,1,0.258771929,sa829115
2017,Jake Peter,CHW,AAA,24,45,178,194,52,34,7,2,9,28,28,15,0,44,1,0,0,5,2,2,0.292134831,sa829115
2017,Alec Sole,TBR,AAA,24,22,71,76,13,12,1,0,0,5,1,4,0,28,1,0,0,1,1,1,0.183098591,sa829320
2018,Josh Ockimey,BOS,AAA,22,27,93,105,20,13,2,0,5,10,15,11,0,37,1,0,0,1,1,0,0.215053763,sa829375
2019,Josh Ockimey,BOS,AAA,23,122,377,468,77,33,17,2,25,64,57,82,1,139,6,3,0,5,0,2,0.204244031,sa829375
2015,Josciel Veras,CIN,AAA,22,15,32,37,7,6,0,1,0,2,4,5,0,11,0,0,0,0,0,0,0.21875,sa829515
2016,Louis Silverio,CHW,AAA,22,8,21,22,5,3,2,0,0,0,0,0,0,3,0,0,1,1,0,0,0.238095238,sa829617
2015,Roemon Fields,TOR,AAA,24,6,23,27,5,4,1,0,0,1,1,3,0,4,0,0,1,2,2,0,0.217391304,sa829879
2021,Micker Adolfo,CHW,AAA,24,44,150,163,36,16,9,1,10,23,23,12,0,53,1,0,0,1,3,0,0.24,sa830303
2021,Bo Takahashi,CIN,AAA,24,23,22,24,6,6,0,0,0,1,1,0,0,5,1,0,1,1,0,0,0.272727272,sa830370
2017,Billy Fleming,NYY,AAA,24,16,56,57,15,11,3,0,1,4,6,1,0,6,0,0,0,0,1,0,0.267857142,sa836204
2018,Connor Marabell,CLE,AAA,24,31,117,120,25,14,8,1,2,12,9,3,0,16,0,0,0,4,1,0,0.213675213,sa858026
2021,Frederick Cuevas,NYY,AAA,23,8,24,26,4,2,1,0,1,4,2,1,0,4,0,0,1,0,1,0,0.166666666,sa872550
2019,Cassidy Brown,CIN,AAA,24,7,20,22,4,3,0,0,1,1,3,2,0,6,0,0,0,0,0,0,0.2,sa872712
2021,Edwin Figuera,CHC,AAA,23,23,56,61,10,8,1,0,1,8,3,3,1,19,1,0,1,2,0,0,0.178571428,sa872730
2021,Daniel Brito,PHI,AAA,23,8,28,32,8,4,1,1,2,6,8,4,0,7,0,0,0,0,0,1,0.285714285,sa872732
2021,Lorenzo Cedrola,CIN,AAA,23,9,35,39,9,5,3,0,1,5,1,2,0,2,2,0,0,0,2,0,0.257142857,sa872850
2022,Lorenzo Cedrola,CIN,AAA,24,124,475,504,127,98,20,5,4,64,41,13,0,84,12,2,2,7,15,6,0.267368421,sa872850
2022,Jose Colina,NYM,AAA,24,7,20,25,2,2,0,0,0,2,3,3,0,10,2,0,0,0,0,0,0.1,sa872875
2019,C.J. Chatham,BOS,AAA,24,20,86,91,26,19,5,0,2,11,10,4,0,21,0,1,0,3,0,0,0.302325581,sa873984
2021,Cornelius Randolph,PHI,AAA,24,48,145,164,34,22,7,0,5,26,20,19,0,50,0,0,0,7,5,0,0.234482758,sa874241
2021,Garrett Whitley,TBR,AAA,24,31,93,108,16,9,4,1,2,16,11,9,0,36,4,2,0,0,3,0,0.17204301,sa874244
2017,Kade Scivicque,ATL,AAA,24,24,81,90,22,18,2,0,2,12,11,8,0,18,1,0,0,3,0,0,0.271604938,sa875053
2022,Moises Gomez,STL,AAA,23,60,218,244,58,32,8,2,16,36,40,25,0,84,0,1,0,5,3,0,0.266055045,sa875163
2023,Moises Gomez,STL,AAA,24,131,514,567,119,66,20,3,30,77,79,39,1,180,8,6,0,7,5,1,0.231517509,sa875163
2021,Gabriel Cancel,KCR,AAA,24,57,206,227,49,22,12,1,14,35,35,20,1,68,0,1,0,3,12,2,0.237864077,sa875231
2018,Sean Miller,MIN,AAA,23,10,33,34,3,3,0,0,0,0,1,1,0,8,0,0,0,1,0,0,0.09090909,sa875243
2021,Yeltsin Encarnacion,MIN,AAA,23,11,30,32,6,5,1,0,0,1,2,2,0,14,0,0,0,0,0,0,0.2,sa875336
2018,Jonathan Morales,ATL,AAA,23,16,46,51,12,12,0,0,0,4,9,3,0,8,1,1,0,3,0,0,0.260869565,sa875808
2019,Jonathan Morales,ATL,AAA,24,34,121,132,35,28,5,0,2,17,12,10,0,25,0,1,0,5,0,0,0.289256198,sa875808
2017,Andrew Guillotte,TOR,AAA,24,8,23,27,7,4,2,1,0,6,0,4,0,9,0,0,0,0,0,1,0.304347826,sa876089
2019,Dalton Kelly,TBR,AAA,24,73,258,298,73,52,13,1,7,43,29,33,0,75,4,3,0,4,5,1,0.282945736,sa876363
2021,Gilbert Lara,WSN,AAA,23,7,23,23,3,2,0,0,1,1,3,0,0,11,0,0,0,0,0,0,0.130434782,sa877337
2021,Arquimedes Gamboa,PHI,AAA,23,36,94,111,22,16,3,1,2,16,9,16,0,24,1,0,0,1,4,1,0.234042553,sa877497
2021,Ronaldo Hernandez,BOS,AAA,23,7,27,30,9,6,3,0,0,1,5,1,0,7,2,0,0,0,0,0,0.333333333,sa881850
2022,Ronaldo Hernandez,BOS,AAA,24,105,410,439,107,63,27,0,17,50,63,21,0,92,2,4,0,11,0,3,0.260975609,sa881850
2023,Jesus Bastidas,NYY,AAA,24,101,340,384,86,59,13,2,12,49,38,29,1,96,12,3,0,10,11,4,0.252941176,sa916969
2021,Cristian Perez,NYY,AAA,22,47,132,149,29,23,5,0,1,20,13,14,0,23,2,0,1,3,5,0,0.219696969,sa917025
2022,Miguel Hernandez,CIN,AAA,23,22,67,74,16,14,1,0,1,7,4,7,0,18,0,0,0,2,0,0,0.23880597,sa917055
2023,Miguel Hernandez,CIN,AAA,24,22,53,55,15,13,1,0,1,8,6,1,0,17,1,0,0,2,0,0,0.283018867,sa917055
2022,Pedro Castellanos,BOS,AAA,24,60,227,241,61,44,10,2,5,31,29,7,0,47,6,1,0,5,1,0,0.268722466,sa917074
2021,Yeison Coca,MIL,AAA,22,13,27,28,8,7,1,0,0,6,2,1,0,7,0,0,0,2,0,1,0.296296296,sa917075
2023,Roberto Alvarez,TBR,AAA,23,29,63,65,16,15,0,0,1,6,3,1,0,18,1,0,0,1,0,0,0.253968253,sa917107
2024,Jonathan Guzman,MIA,AAA,24,47,151,169,27,21,5,0,1,11,7,14,0,48,0,0,4,7,1,1,0.178807947,sa917127
2021,Jonathan Willems,CIN,AAA,22,19,27,31,3,2,1,0,0,4,1,2,0,12,1,0,1,0,0,0,0.111111111,sa917150
2022,Wander Javier,MIN,AAA,23,7,20,25,2,1,0,0,1,1,3,3,0,13,1,1,0,1,0,0,0.1,sa917168
2023,Yonathan Perlaza,CHC,AAA,24,121,461,543,131,65,40,3,23,100,85,76,0,119,4,2,0,6,13,5,0.284164859,sa917302
2022,Brandon Leyton,CIN,AAA,23,7,24,24,5,1,3,1,0,2,3,0,0,7,0,0,0,1,0,0,0.208333333,sa917309
2022,Carlos Rincon,NYM,AAA,24,39,147,157,32,17,10,0,5,22,13,9,0,50,1,0,0,8,0,2,0.217687074,sa917319
2022,Delvin Perez,STL,AAA,23,45,134,149,30,22,4,1,3,19,13,14,0,38,1,0,0,4,8,0,0.223880597,sa917935
2019,Danny Woodrow,DET,AAA,24,100,376,426,103,85,12,5,1,58,32,41,0,89,4,3,2,6,23,5,0.27393617,sa918257
2022,Evan Alexander,NYY,AAA,24,29,33,40,4,3,1,0,0,12,0,7,0,13,0,0,0,1,5,1,0.121212121,sa918444
2023,Ramon Rodriguez,BAL,AAA,24,12,39,48,11,9,2,0,0,4,3,7,0,3,0,1,1,4,1,0,0.282051282,sa918698
2022,Chavez Young,TOR,AAA,24,65,214,248,50,37,6,2,5,37,21,30,0,58,2,2,0,4,20,1,0.233644859,sa918963
2023,Jhailyn Ortiz,PHI,AAA,24,32,104,126,28,17,5,1,5,17,11,19,0,29,1,2,0,6,1,1,0.269230769,sa920180
2021,Fabricio Macias,PIT,AAA,23,38,102,111,25,21,2,0,2,13,9,4,0,27,4,0,1,3,2,1,0.245098039,sa927338
