PlayerId,MLB_Proj_Score
36,49.85
49,63.78
109,53.85
113,55.78
173,59.34
193,59.57
198,50.11
209,52.43
211,57.84
341,70.59
447,50.62
509,44.59
559,54.05
616,58.35
629,57.97
697,73.48
785,63.92
877,57.56
914,59.48
917,44.74
936,43.87
957,68.88
999,42.67
1050,65.33
1062,43.98
1118,43.71
1136,62.55
1159,58.24
1165,59.31
1191,60.44
1246,57.72
1247,42.11
1333,51.1
1433,81.88
1483,55.2
1581,71.99
1849,52.32
1907,62.37
1946,45.3
1965,64.26
1973,33.51
1984,47.11
1989,45.99
2020,71.63
2036,51.81
2066,68.01
2151,61.34
2152,66.65
2179,68.38
2199,60.68
2205,68.7
2264,60.39
2280,70.71
2312,54.82
2369,56.67
2396,78.16
2411,60.24
2412,55.84
2429,49.63
2430,66.02
2481,50.0
2487,49.21
2495,60.43
2498,67.93
2502,68.2
2505,68.34
2510,54.72
2520,32.83
2530,70.23
2539,60.66
2540,50.14
2554,74.24
2567,63.83
2568,49.59
2578,75.15
2591,68.24
2608,53.28
2616,62.47
2621,65.39
2636,72.38
2650,56.26
2677,73.75
2777,62.28
2783,58.38
2784,53.03
2790,50.72
2797,60.37
2802,63.61
2829,68.36
2830,70.25
2832,60.19
2833,72.29
2835,53.25
2845,56.6
2852,61.96
2858,44.15
2881,64.39
2882,50.34
2900,46.23
2905,57.51
2917,69.02
2929,36.31
2967,50.93
3044,48.68
3086,74.96
3096,64.25
3106,50.09
3118,72.42
3123,60.32
3129,75.28
3131,85.01
3137,47.68
3142,62.53
3143,45.55
3147,73.7
3154,62.69
3166,44.23
3174,56.33
3179,53.34
3188,74.1
3203,73.33
3206,60.79
3207,61.86
3209,75.36
3211,55.36
3216,44.33
3219,47.91
3234,48.86
3248,77.33
3254,48.1
3255,63.32
3256,66.12
3262,60.37
3265,39.43
3274,49.24
3285,60.73
3298,69.38
3299,48.0
3308,47.57
3310,55.33
3312,73.89
3336,75.47
3344,37.71
3353,65.83
3355,40.63
3357,34.45
3361,70.78
3364,55.43
3366,59.46
3371,59.82
3373,57.8
3374,51.85
3376,71.36
3388,70.16
3390,65.91
3395,63.08
3402,64.89
3410,100.33
3411,65.68
3412,54.43
3417,61.83
3433,70.08
3441,72.73
3443,46.06
3448,59.77
3455,56.03
3473,97.96
3492,53.34
3501,57.58
3516,80.58
3531,61.01
3533,50.2
3534,43.82
3547,36.19
3555,40.98
3585,62.36
3630,62.9
3648,54.32
3658,41.27
3707,70.86
3711,71.63
3714,73.61
3726,62.19
3728,63.98
3734,61.12
3735,61.59
3751,80.63
3767,67.13
3769,48.54
3773,37.8
3777,48.79
3789,54.29
3790,63.75
3802,46.67
3805,48.49
3806,35.53
3812,52.33
3814,67.74
3817,69.82
3821,59.69
3832,45.84
3833,36.39
3837,60.66
3855,42.9
3862,48.69
3868,51.77
3870,66.49
3873,37.47
3876,44.34
3877,35.81
3892,76.56
3900,59.12
3917,80.86
3919,55.1
3920,35.57
3950,47.49
3951,49.43
3959,51.7
3972,50.91
3978,72.09
3993,45.47
4003,50.3
4004,48.07
4006,65.13
4016,72.73
4020,48.44
4022,56.05
4034,61.72
4048,47.84
4049,60.25
4054,66.0
4062,59.93
4063,50.28
4082,51.56
4083,44.55
4086,40.89
4087,62.79
4089,49.25
4106,78.79
4121,71.04
4142,55.59
4146,55.34
4166,51.72
4177,56.37
4182,64.1
4185,51.5
4191,60.35
4220,55.48
4229,59.05
4243,55.29
4249,67.38
4279,47.3
4293,58.11
4298,82.57
4300,48.06
4301,48.0
4314,69.45
4316,80.91
4338,51.29
4359,49.18
4365,68.2
4390,63.91
4393,42.3
4398,59.55
4418,71.78
4424,50.64
4448,66.36
4450,58.5
4464,65.59
4467,59.87
4505,47.19
4535,46.76
4556,63.39
4578,48.88
4579,95.95
4591,48.68
4611,60.91
4623,49.45
4626,57.66
4646,55.46
4652,80.47
4661,67.12
4664,44.73
4672,63.21
4675,51.74
4704,56.82
4707,79.33
4712,70.64
4719,63.09
4720,68.02
4727,71.15
4734,64.19
4740,68.05
4741,47.87
4751,52.33
4779,57.82
4781,49.34
4792,51.16
4793,64.96
4863,47.3
4866,41.94
4875,56.38
4881,76.49
4892,100.87
4893,43.71
4898,64.78
4900,67.45
4903,87.14
4906,63.14
4913,55.41
4918,60.79
4922,68.54
4940,101.15
4946,46.54
4949,52.81
4950,63.97
4962,54.19
4964,51.68
4969,74.08
4984,59.61
5000,66.0
5002,63.8
5009,47.62
5015,52.69
5038,64.24
5039,56.2
5053,76.75
5057,37.85
5063,62.05
5088,50.85
5089,40.93
5097,52.53
5098,71.01
5099,40.31
5107,67.23
5114,47.98
5124,62.56
5128,66.99
5178,46.46
5198,77.73
5199,56.81
5203,46.49
5212,69.08
5219,51.23
5221,46.24
5222,95.98
5223,72.58
5225,53.82
5226,36.17
5227,69.69
5235,68.0
5238,43.65
5247,51.66
5248,61.62
5254,57.19
5273,60.15
5275,61.07
5277,58.18
5278,57.23
5280,50.53
5284,47.84
5285,42.68
5297,61.73
5298,46.11
5305,63.83
5306,52.93
5310,73.26
5311,62.98
5312,55.65
5342,51.03
5343,56.56
5350,39.82
5352,76.14
5358,48.28
5360,52.8
5361,98.55
5365,44.5
5371,59.02
5384,63.27
5386,62.66
5397,46.33
5398,63.14
5401,45.96
5408,63.07
5409,97.45
5411,52.51
5417,91.08
5420,53.21
5422,82.63
5429,47.55
5432,46.5
5451,62.32
5452,64.74
5462,55.67
5476,64.77
5481,65.15
5485,68.93
5486,61.57
5491,60.34
5496,62.4
5497,62.86
5498,47.13
5503,70.51
5506,55.55
5514,62.13
5517,52.05
5518,49.1
5519,69.77
5523,45.52
5524,52.23
5529,48.0
5551,46.56
5552,55.45
5557,79.96
5559,47.16
5576,44.45
5587,62.34
5631,89.75
5633,57.41
5640,49.82
5663,56.87
5665,69.78
5666,75.23
5667,66.91
5679,46.72
5712,51.03
5715,57.05
5716,56.58
5751,76.92
5760,71.35
5812,58.65
5827,87.4
5834,67.44
5848,63.9
5876,44.19
5887,75.08
5888,61.97
5913,57.11
5928,78.48
5933,79.88
5942,61.64
5950,79.39
5963,66.17
5985,49.63
6003,58.05
6008,72.58
6012,72.08
6013,71.19
6026,69.14
6032,56.25
6046,43.51
6050,57.12
6086,57.89
6132,45.54
6141,61.97
6153,61.54
6155,61.59
6165,62.85
6178,60.17
6184,71.95
6201,81.62
6220,48.5
6230,42.26
6262,58.97
6266,66.19
6267,63.89
6274,77.54
6288,61.7
6292,49.13
6310,82.03
6317,39.25
6341,75.32
6343,57.54
6345,50.29
6352,77.4
6364,66.55
6368,92.24
6384,58.65
6398,41.74
6399,46.65
6400,57.75
6402,74.49
6403,50.39
6415,42.22
6421,57.7
6435,48.05
6441,60.75
6444,81.33
6448,56.04
6453,64.71
6461,70.63
6533,47.43
6547,67.37
6550,48.23
6564,67.77
6570,39.57
6576,74.88
6582,61.46
6589,77.34
6592,73.43
6596,65.12
6601,60.64
6603,47.61
6609,64.21
6617,64.51
6623,56.02
6632,45.16
6635,51.81
6652,64.16
6656,61.9
6677,64.86
6732,62.85
6740,74.78
6746,56.75
6748,37.52
6777,63.25
6781,33.84
6788,48.17
6797,53.34
6806,67.51
6827,67.0
6835,65.66
6848,73.25
6863,65.71
6867,77.89
6870,58.44
6876,67.7
6878,76.31
6880,63.06
6883,36.6
6885,67.13
6887,58.6
6893,46.68
6895,39.26
6898,72.47
6908,65.09
6936,41.99
6938,63.13
6947,47.33
6962,53.29
6968,57.21
6978,66.47
6979,49.07
6987,63.64
7002,72.98
7048,65.81
7077,62.14
7087,64.51
7099,51.85
7106,53.83
7125,59.12
7158,62.22
7161,42.68
7168,59.43
7169,44.05
7175,47.18
7178,56.15
7185,55.59
7208,53.95
7215,70.29
7216,70.39
7223,67.64
7226,45.16
7244,64.51
7250,68.38
7287,84.01
7290,60.74
7304,91.14
7307,57.57
7312,40.79
7316,57.07
7324,67.39
7331,71.83
7333,55.23
7348,71.44
7349,60.31
7358,48.04
7364,56.97
7371,38.66
7389,60.74
7392,54.63
7396,41.27
7397,50.12
7399,106.17
7405,49.65
7409,51.83
7410,45.37
7412,58.13
7419,49.62
7422,47.26
7423,62.42
7430,59.65
7432,49.13
7436,69.79
7451,56.23
7462,64.3
7468,52.69
7471,61.88
7476,68.91
7480,68.89
7485,82.86
7488,47.02
7489,45.94
7490,55.68
7498,49.26
7511,58.9
7515,66.08
7536,64.13
7539,74.52
7554,73.8
7571,74.36
7577,81.38
7593,49.41
7595,68.32
7596,61.77
7608,48.07
7610,63.0
7619,69.32
7652,40.97
7706,51.1
7707,60.21
7725,52.0
7731,48.56
7734,53.36
7738,37.91
7739,75.41
7740,62.62
7752,77.77
7755,52.55
7765,64.21
7772,68.07
7783,59.59
7799,51.11
7802,61.26
7851,44.5
7859,78.85
7870,71.02
7882,51.59
7888,63.59
7927,70.81
7937,68.17
7938,68.6
7942,35.32
7945,59.96
7949,55.71
7980,58.71
7982,46.7
7983,69.84
7995,59.27
7996,57.41
8002,81.54
8021,58.6
8024,59.97
8027,67.43
8029,60.75
8037,38.22
8039,68.88
8044,46.55
8051,60.74
8055,45.35
8056,62.98
8062,59.24
8066,69.63
8070,42.0
8074,52.93
8077,47.29
8079,47.65
8090,59.82
8110,45.31
8126,63.57
8136,56.47
8137,54.39
8145,63.29
8155,55.7
8173,56.61
8175,69.65
8179,61.66
8202,81.11
8203,65.6
8211,59.54
8243,50.32
8250,49.89
8252,67.43
8253,38.0
8259,63.36
8260,64.99
8261,44.84
8265,63.73
8267,56.95
8270,51.34
8272,55.72
8273,45.43
8276,68.85
8298,72.16
8302,47.57
8347,58.64
8352,32.01
8353,68.11
8356,50.63
8358,54.73
8362,56.52
8368,53.5
8369,46.85
8380,71.97
8385,51.46
8392,83.27
8418,61.69
8422,45.62
8433,73.24
8434,67.77
8461,49.01
8471,68.48
8476,48.58
8517,55.53
8524,50.98
8536,50.25
8553,80.74
8556,41.05
8586,52.24
8587,54.47
8609,65.82
8610,70.34
8623,62.32
8628,63.26
8631,64.37
8709,87.28
8722,74.9
8728,51.55
8742,46.53
8753,47.4
8760,49.79
8779,47.25
8782,42.18
8790,69.07
8793,61.23
8796,46.59
8810,62.77
8822,65.89
8841,67.1
8844,47.67
8848,51.16
8851,48.57
8879,69.67
8948,41.76
8963,41.53
8979,38.31
8989,52.73
9009,71.25
9013,41.81
9015,84.45
9018,52.29
9037,42.41
9048,57.76
9054,72.65
9060,71.21
9063,81.16
9072,65.25
9077,54.35
9111,55.5
9112,65.2
9113,52.58
9129,46.62
9132,44.77
9134,54.37
9147,73.76
9154,46.21
9155,40.36
9166,83.49
9174,64.25
9176,57.66
9187,45.5
9205,87.68
9210,69.91
9211,46.85
9218,75.95
9219,65.77
9235,49.03
9241,73.25
9246,49.17
9253,48.19
9256,67.89
9266,50.48
9272,60.4
9284,62.84
9286,46.84
9308,64.4
9312,67.45
9323,51.42
9325,42.15
9328,52.4
9331,55.47
9334,54.37
9337,42.51
9343,68.05
9345,65.62
9362,69.85
9364,43.25
9368,86.31
9373,74.48
9393,76.5
9399,57.89
9412,43.63
9414,49.49
9417,57.85
9423,58.14
9431,69.04
9433,70.14
9434,39.46
9442,49.08
9450,59.29
9461,59.92
9489,40.8
9492,44.92
9514,73.25
9515,43.85
9533,44.65
9542,69.38
9549,62.34
9557,38.23
9571,53.93
9587,46.71
9591,55.69
9627,64.11
9628,64.42
9629,51.28
9632,45.47
9654,53.77
9665,59.93
9682,64.67
9684,56.95
9689,78.27
9698,60.62
9700,62.89
9718,51.5
9741,54.62
9744,60.94
9756,38.99
9761,47.11
9767,57.77
9774,71.05
9776,66.51
9777,77.53
9780,54.64
9785,75.81
9787,52.82
9802,60.91
9807,62.59
9810,67.97
9832,40.01
9847,91.32
9848,70.44
9853,56.39
9854,66.45
9856,58.61
9866,46.56
9869,54.21
9871,61.76
9874,70.85
9875,40.2
9883,49.62
9884,53.83
9886,65.65
9887,53.18
9892,94.61
9893,94.95
9895,45.03
9901,54.6
9904,39.74
9911,67.69
9920,48.15
9922,63.62
9926,46.29
9927,60.34
9929,61.61
9943,37.98
9952,60.54
9953,61.48
9954,53.02
9955,57.44
9957,82.08
9958,59.86
9959,66.26
9968,63.84
9981,52.43
10021,44.03
10028,76.42
10030,57.89
10039,44.14
10047,58.42
10053,64.58
10054,50.05
10058,49.32
10059,51.97
10061,36.74
10065,44.2
10067,63.91
10071,46.12
10099,80.92
10154,61.76
10155,105.88
10160,45.25
10166,58.46
10190,41.17
10197,45.17
10199,71.22
10200,65.88
10218,43.21
10231,69.06
10233,48.19
10234,47.52
10240,35.49
10243,78.56
10264,81.87
10286,53.24
10289,66.15
10294,61.68
10299,65.13
10302,48.26
10306,55.84
10310,43.95
10317,63.17
10322,60.54
10323,62.5
10324,77.6
10327,70.55
10329,60.41
10336,43.56
10337,42.55
10339,69.9
10340,43.04
10346,73.9
10347,57.55
10348,71.78
10349,73.84
10354,42.05
10386,50.33
10390,46.9
10416,64.61
10430,61.06
10441,62.26
10459,68.82
10466,49.03
10472,50.23
10473,83.58
10533,48.35
10542,68.84
10547,37.26
10556,57.51
10585,42.7
10593,63.94
10606,47.72
10607,56.41
10619,63.21
10620,40.6
10622,73.78
10642,70.81
10655,58.28
10681,67.2
10688,53.73
10698,58.74
10700,55.65
10711,55.53
10745,45.79
10762,77.27
10767,61.6
10770,49.75
10803,51.37
10807,62.77
10815,73.27
10816,78.89
10822,64.7
10838,53.55
10839,63.02
10847,85.53
10882,51.75
10937,58.24
10950,68.9
10951,54.82
10953,57.57
10961,56.34
10962,48.39
11003,65.4
11038,67.25
11133,38.47
11137,44.82
11145,69.79
11146,55.28
11147,65.26
11155,54.58
11157,40.9
11165,81.93
11166,59.37
11167,71.96
11173,91.95
11176,47.69
11192,59.26
11200,68.64
11204,54.64
11205,73.38
11209,47.0
11241,54.96
11247,60.81
11250,42.04
11251,62.63
11255,59.28
11265,84.51
11270,63.35
11281,60.45
11287,58.66
11294,48.76
11334,45.19
11338,62.51
11339,68.6
11342,63.55
11366,46.03
11368,72.65
11369,44.94
11376,60.37
11378,46.93
11379,53.6
11381,53.71
11385,53.95
11391,57.35
11400,91.84
11402,56.07
11426,43.73
11437,46.86
11442,76.84
11445,61.25
11446,64.65
11464,59.96
11467,50.65
11468,47.14
11470,56.38
11471,36.03
11472,61.89
11476,68.6
11477,76.51
11481,56.15
11487,39.97
11489,55.94
11493,102.33
11494,56.62
11562,57.15
11579,88.38
11589,37.43
11592,46.67
11602,58.08
11608,53.33
11609,72.53
11611,58.55
11615,77.49
11618,48.45
11624,41.12
11674,44.21
11680,64.27
11682,48.22
11694,48.59
11712,46.77
11713,50.52
11737,85.46
11738,66.24
11739,74.02
11743,49.57
11746,69.5
11754,44.13
11761,55.64
11762,50.07
11763,63.25
11773,58.65
11846,74.01
11850,56.78
11854,57.0
11859,64.81
11863,52.05
11875,61.26
11894,57.89
11899,77.89
11902,75.58
11905,56.74
11935,55.16
11936,77.01
11982,63.34
11997,69.58
12005,60.11
12027,28.44
12037,57.23
12042,50.09
12049,37.48
12090,48.02
12092,53.11
12101,64.62
12110,43.41
12118,40.64
12119,60.59
12138,71.5
12140,53.63
12144,84.86
12147,65.17
12148,55.1
12155,71.23
12158,67.62
12160,60.83
12161,92.22
12164,73.62
12174,65.46
12179,91.51
12180,45.16
12181,61.28
12182,43.63
12198,60.99
12214,60.61
12225,68.87
12235,50.82
12244,64.28
12268,39.68
12282,96.3
12284,61.44
12294,61.19
12321,42.7
12323,49.04
12325,66.34
12371,75.83
12384,47.03
12394,64.24
12399,66.54
12409,66.49
12434,67.35
12490,57.58
12495,60.02
12508,63.87
12510,67.23
12532,84.99
12533,82.57
12537,48.58
12545,46.94
12546,67.38
12547,56.14
12552,75.89
12555,47.23
12564,73.66
12575,47.14
12580,49.26
12590,60.05
12594,59.53
12606,60.76
12649,68.85
12677,72.99
12699,36.86
12701,59.43
12703,49.95
12718,50.66
12719,41.75
12723,59.49
12751,54.73
12758,67.61
12760,42.42
12774,47.76
12775,75.87
12778,43.3
12779,65.31
12781,54.19
12782,70.44
12784,46.68
12791,45.03
12797,59.82
12801,42.44
12804,47.84
12856,67.76
12858,51.4
12859,57.79
12861,80.93
12905,36.36
12907,85.05
12916,89.51
12918,45.28
12926,72.69
12927,63.29
12937,69.75
12938,50.78
12944,61.13
12950,64.25
12956,50.02
12957,52.62
12972,49.25
12976,84.38
12977,57.24
12979,70.76
12981,63.95
12983,72.48
12984,63.46
12988,42.96
12990,47.39
13005,47.61
13006,49.01
13012,54.44
13050,39.21
13066,61.55
13119,42.98
13130,55.57
13132,62.28
13145,77.84
13151,56.55
13152,84.32
13153,63.68
13154,67.91
13157,63.81
13166,47.04
13167,65.24
13176,57.04
13180,64.03
13182,45.64
13185,79.21
13188,44.53
13190,47.73
13218,45.0
13228,48.78
13254,62.98
13265,70.57
13267,51.49
13269,57.88
13271,60.61
13273,48.1
13277,58.93
13284,59.91
13288,65.68
13300,62.52
13301,58.39
13324,71.69
13325,54.36
13329,71.58
13338,61.27
13339,46.52
13345,50.27
13346,49.0
13355,60.19
13356,46.15
13359,55.81
13361,50.32
13367,70.62
13369,59.77
13408,61.24
13414,65.03
13419,59.48
13435,44.25
13443,66.55
13444,66.2
13453,47.95
13470,48.07
13472,64.58
13473,64.1
13485,62.07
13490,54.09
13499,53.51
13510,96.65
13528,46.55
13546,53.67
13590,74.58
13593,84.2
13594,41.68
13595,57.1
13602,54.27
13607,45.5
13608,53.27
13611,98.06
13613,80.86
13620,76.57
13621,67.77
13624,93.77
13633,70.54
13649,31.67
13654,46.03
13658,43.79
13663,46.14
13675,72.0
13677,46.65
13684,49.64
13690,48.49
13696,49.15
13718,58.1
13723,52.7
13743,49.56
13744,56.89
13750,49.46
13755,65.08
13757,64.19
13761,48.23
13762,46.12
13768,59.61
13769,68.34
13770,65.64
13774,51.6
13781,46.21
13788,58.25
13795,53.35
13796,42.88
13804,34.82
13807,73.26
13809,63.39
13821,48.73
13836,69.16
13849,56.89
13853,68.1
13854,57.24
13862,69.11
13866,54.48
13877,61.88
13891,57.06
13895,63.13
13896,47.45
13897,70.88
13905,57.11
13906,62.77
13910,62.03
13942,46.01
14078,48.98
14103,60.91
14106,95.92
14109,84.48
14111,56.27
14113,63.38
14128,66.27
14130,66.11
14131,83.15
14137,62.05
14140,60.68
14145,68.37
14158,57.02
14161,53.04
14162,52.33
14165,47.98
14196,57.02
14212,44.41
14221,45.33
14225,77.19
14267,52.64
14274,66.31
14282,65.87
14295,41.14
14320,61.7
14329,46.75
14330,63.65
14332,37.19
14335,55.58
14338,51.93
14344,71.47
14350,65.54
14352,72.8
14361,39.07
14366,55.75
14371,44.26
14374,42.4
14375,41.31
14382,47.99
14387,69.21
14388,57.65
14412,51.38
14420,44.32
14453,55.91
14457,38.28
14477,56.49
14503,64.86
14509,49.93
14515,58.67
14523,62.08
14527,44.39
14528,56.84
14545,45.68
14548,58.61
14551,66.78
14552,54.93
14553,54.61
14555,60.27
14556,55.65
14558,60.4
14566,76.27
14567,45.95
14593,62.58
14636,56.31
14646,41.19
14677,43.31
14678,61.38
14691,56.81
14697,46.06
14706,34.23
14712,88.49
14713,64.93
14735,54.11
14738,61.86
14739,51.43
14764,45.76
14765,49.99
14773,62.49
14811,55.9
14812,44.52
14813,59.21
14818,44.77
14843,51.94
14854,60.21
14876,52.07
14885,61.88
14894,65.66
14897,51.6
14914,39.98
14916,43.59
14932,46.13
14934,53.16
14936,59.79
14938,58.38
14942,55.3
14950,71.42
14962,51.75
14968,71.92
14973,50.29
14975,50.54
14993,39.62
15015,49.32
15036,49.25
15038,46.57
15047,44.15
15048,60.79
15055,61.58
15068,46.81
15082,51.91
15094,51.84
15103,42.36
15104,56.34
15112,76.17
15115,47.72
15117,55.29
15119,59.0
15124,67.13
15130,48.17
15149,63.09
15156,58.24
15158,40.96
15161,61.56
15166,48.6
15170,73.39
15172,60.49
15179,44.07
15181,60.15
15189,56.16
15191,58.35
15194,67.67
15197,66.62
15207,54.88
15214,48.17
15223,68.58
15232,39.94
15258,49.7
15271,54.26
15274,62.25
15279,53.95
15291,48.65
15343,72.26
15351,60.24
15362,66.11
15402,61.77
15407,56.21
15423,41.64
15429,79.9
15447,65.04
15450,67.27
15451,42.07
15454,48.86
15463,41.33
15464,64.69
15467,50.13
15481,54.58
15482,54.88
15487,69.16
15488,50.95
15490,66.97
15491,55.13
15496,61.11
15504,68.63
15518,85.87
15519,65.8
15524,40.97
15535,56.25
15564,68.74
15580,56.69
15585,71.58
15605,45.91
15608,76.01
15639,48.51
15640,58.2
15644,48.4
15653,72.24
15654,71.82
15655,53.36
15672,82.19
15674,60.41
15679,69.77
15689,46.96
15694,59.01
15697,48.75
15711,67.24
15722,60.26
15730,54.63
15734,42.93
15766,65.38
15767,63.61
15769,59.2
15794,67.56
15808,59.44
15809,33.62
15817,58.05
15821,48.36
15830,27.1
15878,86.93
15905,70.43
15937,65.7
15941,53.09
15958,56.4
15964,39.61
15971,67.21
15982,60.52
15983,64.76
15986,71.52
15988,63.21
15994,55.42
15998,92.06
16041,44.59
16042,61.36
16098,55.08
16110,46.91
16115,55.32
16125,43.96
16149,51.98
16153,62.99
16162,45.2
16165,47.21
16192,61.29
16211,60.07
16219,59.45
16221,49.92
16246,63.25
16252,64.41
16256,42.81
16263,55.11
16265,40.55
16271,57.12
16285,55.18
16291,56.82
16300,38.51
16313,59.82
16317,45.22
16318,43.79
16337,67.48
16357,66.15
16358,45.66
16375,57.15
16376,82.7
16377,52.49
16398,65.04
16400,49.23
16403,83.87
16404,78.08
16411,64.76
16417,59.8
16424,70.48
16426,66.2
16429,70.14
16434,64.71
16442,56.05
16446,55.28
16448,48.62
16451,63.8
16468,33.25
16472,77.53
16478,76.97
16496,60.11
16505,61.19
16512,59.89
16524,56.78
16530,75.18
16532,44.76
16535,82.4
16542,62.18
16556,96.19
16561,46.23
16565,60.52
16572,41.93
16578,60.49
16593,75.89
16622,83.04
16623,61.63
16680,56.31
16686,56.14
16725,66.16
16727,48.94
16729,53.65
16839,55.36
16852,66.3
16885,63.54
16909,61.31
16918,46.72
16925,53.77
16929,49.55
16930,64.87
16933,43.59
16939,67.6
16942,41.81
16943,40.38
16947,50.0
16953,62.57
16959,51.37
16977,38.9
16981,37.01
16997,89.69
17005,71.62
17018,46.07
17022,69.11
17023,65.99
17027,88.56
17040,55.93
17062,58.77
17075,72.1
17085,45.42
17098,59.53
17109,44.18
17128,65.17
17161,58.84
17171,49.67
17181,41.47
17216,48.77
17232,67.41
17237,41.49
17264,41.5
17273,53.53
17276,56.81
17278,64.11
17292,50.85
17307,61.62
17313,47.65
17321,70.46
17326,62.87
17338,75.9
17350,100.04
17359,44.74
17381,39.7
17423,68.02
17425,47.71
17432,42.21
17452,52.14
17468,55.27
17473,58.25
17478,64.97
17479,48.15
17484,47.37
17490,44.12
17505,48.05
17548,60.85
17578,38.77
17583,48.64
17585,46.88
17588,52.48
17594,47.48
17611,48.48
17620,56.11
17642,56.34
17678,91.62
17684,59.35
17689,57.18
17696,70.13
17701,40.53
17710,68.6
17714,65.12
17719,45.12
17723,54.78
17736,62.37
17737,59.25
17738,53.84
17750,68.64
17766,64.57
17806,59.67
17807,55.35
17837,58.34
17838,76.72
17839,45.3
17859,44.56
17861,43.02
17877,48.31
17878,50.92
17893,67.33
17901,101.34
17907,84.57
17910,46.49
17919,58.95
17920,45.65
17922,67.5
17929,67.93
17932,51.28
17954,46.29
17969,44.76
17975,72.53
17982,80.15
17988,70.65
17992,73.88
17995,48.14
18006,55.95
18015,70.84
18027,60.55
18029,46.04
18030,64.62
18032,60.94
18036,57.83
18042,55.09
18054,54.83
18063,53.56
18067,64.47
18083,64.3
18123,58.06
18126,66.06
18136,59.18
18142,68.32
18146,56.33
18171,52.8
18206,60.84
18213,44.78
18217,69.91
18282,47.23
18288,67.93
18289,63.54
18300,33.83
18314,71.5
18316,56.18
18323,49.87
18325,41.22
18333,33.74
18345,88.78
18347,47.93
18353,61.35
18360,80.79
18361,42.91
18363,72.01
18365,75.69
18371,54.21
18373,78.02
18383,47.75
18395,63.15
18399,64.13
18400,75.77
18401,64.35
18403,45.93
18425,61.57
18433,55.47
18482,46.32
18551,60.1
18555,48.98
18564,84.24
18568,83.57
18577,72.57
18587,59.82
18603,51.01
18607,53.87
18674,35.06
18679,46.94
18684,41.38
18690,47.32
18694,52.82
18699,55.67
18769,34.51
18790,45.44
18795,69.71
18819,68.05
18821,52.86
18839,88.96
18848,80.15
18872,60.84
18881,67.47
18882,71.05
18887,53.84
18889,64.19
18899,46.47
18900,61.18
18905,54.32
19151,49.43
19170,48.27
19181,53.64
19191,42.76
19197,68.47
19199,35.69
19206,43.45
19212,53.09
19222,48.4
19225,39.64
19238,61.06
19244,48.03
19245,45.83
19250,57.71
19251,75.86
19252,67.24
19260,67.09
19262,68.5
19264,39.39
19266,42.91
19267,57.53
19268,47.89
19273,50.45
19277,46.36
19278,43.32
19287,54.29
19290,64.95
19291,35.08
19292,69.69
19293,62.88
19294,67.74
19296,48.8
19309,42.1
19314,58.44
19318,69.55
19326,65.7
19331,56.54
19339,76.54
19346,52.58
19348,55.08
19352,70.05
19354,51.41
19358,56.16
19360,60.09
19361,49.76
19363,70.03
19384,73.44
19392,62.66
19422,60.43
19432,54.49
19452,57.04
19453,40.89
19454,47.73
19455,51.27
19458,53.86
19470,65.88
19477,63.92
19487,48.86
19508,51.75
19514,70.7
19521,60.88
19522,65.7
19528,47.03
19529,49.55
19533,51.45
19546,47.31
19552,56.08
19553,60.81
19556,88.72
19562,54.12
19563,57.99
19566,78.88
19574,47.71
19577,35.81
19599,66.2
19600,64.98
19608,59.58
19610,99.8
19611,120.84
19612,91.97
19615,66.29
19625,51.27
19627,54.13
19634,54.59
19635,51.59
19643,68.71
19644,49.69
19665,42.93
19667,45.44
19671,44.99
19680,49.47
19683,61.15
19695,48.97
19698,68.47
19703,60.99
19705,47.29
19709,73.91
19710,46.17
19716,49.27
19717,67.63
19722,48.92
19727,55.84
19734,61.98
19754,44.31
19768,70.46
19788,44.71
19795,49.13
19800,46.46
19802,64.66
19805,46.45
19806,48.27
19813,56.48
19818,59.55
19824,45.18
19826,45.25
19828,51.24
19842,47.46
19844,81.0
19858,75.49
19859,53.2
19864,52.2
19871,47.47
19872,42.11
19873,63.85
19877,66.28
19878,72.55
19890,68.18
19892,76.81
19896,55.05
19901,65.23
19903,43.11
19906,72.04
19909,39.8
19910,68.16
19913,66.63
19918,87.63
19921,51.29
19926,50.74
19928,67.7
19931,65.87
19938,44.35
19948,51.0
19950,79.76
19951,44.33
19952,43.52
19953,54.73
19955,84.81
19956,61.74
19957,53.09
19958,81.23
19960,65.7
19961,67.83
19962,45.47
19964,64.25
19966,58.01
19967,43.9
19968,62.06
19976,43.14
19977,58.57
19983,63.2
19990,47.62
19997,65.92
20002,51.62
20003,63.46
20017,58.24
20022,59.66
20023,47.22
20034,53.84
20036,80.88
20040,52.5
20043,87.18
20047,66.78
20054,62.0
20056,61.04
20070,49.24
20078,63.96
20084,57.6
20122,44.59
20123,111.49
20126,58.74
20157,47.59
20165,59.91
20167,42.37
20178,70.85
20186,51.2
20202,67.35
20220,65.87
20233,63.21
20242,62.62
20263,58.64
20275,55.45
20277,42.17
20287,43.84
20302,50.88
20308,60.92
20311,59.3
20312,44.0
20321,61.17
20325,78.33
20332,69.0
20352,74.37
20391,78.36
20404,61.81
20437,70.62
20450,52.78
20454,76.81
20463,58.8
20493,71.38
20501,49.43
20503,63.71
20505,59.49
20510,40.54
20521,88.15
20529,51.33
20533,39.94
20536,69.58
20538,79.62
20539,46.74
20540,61.76
20543,75.17
20548,35.54
20557,42.06
20565,44.91
20572,57.38
20599,65.57
20626,52.32
20739,49.21
20778,47.94
20805,72.84
20926,50.32
20970,69.7
21009,49.4
21078,45.7
21127,58.85
21139,47.8
21183,46.47
21270,56.3
21293,60.92
21304,45.06
21386,50.17
21454,63.38
21479,74.83
21481,45.3
21489,49.48
21496,53.35
21497,59.78
21501,57.85
21523,61.46
21524,58.89
21527,47.34
21534,75.79
21535,50.12
21538,62.29
21547,54.99
21558,60.49
21560,57.52
21562,50.79
21587,59.44
21614,59.97
21618,79.51
21622,69.17
21626,42.28
21634,53.8
21635,58.12
21636,67.11
21646,72.67
21662,39.57
21682,52.76
21693,55.94
21707,65.58
21711,73.83
21716,64.89
21730,48.46
21735,57.77
21746,74.05
21780,71.54
21794,48.22
21797,65.3
21837,64.07
21840,53.71
21842,64.09
21853,58.1
21865,74.74
21871,46.4
21897,64.59
21922,50.33
21987,51.92
22036,36.95
22045,56.69
22093,66.86
22116,59.37
22117,54.64
22164,47.06
22165,52.44
22168,61.97
22169,55.81
22175,48.6
22182,49.35
22184,65.96
22186,71.73
22197,82.58
22202,53.8
22209,47.81
22217,71.63
22232,52.97
22239,48.31
22244,56.23
22253,15.0
22254,50.89
22261,54.86
22263,65.55
22266,77.07
22274,59.18
22275,72.06
22277,68.42
22294,34.19
22411,63.0
22458,65.38
22471,64.29
22505,43.32
22514,73.57
22515,61.46
22530,56.84
22532,70.14
22541,57.71
22542,71.0
22557,56.29
22558,77.74
22563,63.74
22566,64.58
22581,91.66
22650,72.3
22664,82.87
22707,44.78
22715,69.41
22766,47.98
22799,70.18
22823,60.75
22842,54.48
22857,65.54
22871,76.44
22896,68.27
22906,35.03
23003,77.05
23250,31.62
23264,50.7
23292,44.32
23296,60.94
23312,53.67
23359,46.97
23372,57.84
23378,52.78
23395,58.55
23401,65.63
23442,57.5
23460,42.33
23552,44.23
23557,52.13
23559,50.66
23565,63.13
23631,57.02
23667,110.05
23690,79.57
23691,51.19
23695,52.87
23697,91.16
23698,75.16
23733,60.64
23772,58.41
23782,61.72
23788,46.89
23789,55.17
23790,50.96
23792,67.93
23794,58.57
23800,65.33
23802,55.14
23818,54.47
23917,66.76
23968,56.5
23985,60.47
23986,70.87
24064,84.62
24257,57.41
24262,78.19
24273,56.4
24336,50.57
24388,62.79
24400,66.16
24451,40.89
24485,47.42
24488,54.38
24491,46.67
24496,40.6
24589,65.0
24597,46.21
24598,61.71
24605,66.18
24610,85.58
24617,62.72
24618,64.21
24622,46.22
24641,53.4
24655,66.89
24671,38.09
24679,60.51
24703,56.62
24729,91.8
24759,61.5
24765,57.5
24770,51.94
24782,54.64
24816,77.53
24878,51.76
24934,62.26
25005,48.06
25040,60.49
25055,51.64
25111,46.17
25138,44.74
25180,51.49
25183,57.13
25332,69.05
25346,59.01
25353,64.39
25385,48.7
25425,56.19
25434,51.17
25448,39.71
25459,56.0
25467,47.69
25475,49.44
25476,44.52
25477,55.01
25479,43.84
25482,50.86
25483,59.14
25493,67.62
25505,56.7
25524,50.17
25543,46.61
25569,55.76
25575,36.46
25616,58.58
25621,59.02
25629,72.76
25643,51.4
25660,67.82
25688,40.69
25690,50.13
25705,56.66
25714,59.42
25764,81.57
25768,80.49
25779,43.23
25782,55.79
25805,54.54
25807,61.54
25813,52.38
25814,36.76
25816,62.71
25817,61.06
25822,62.49
25844,40.93
25845,59.85
25855,54.3
25867,50.67
25873,47.55
25878,86.83
25918,45.9
25931,80.08
25961,68.15
25967,63.71
25971,64.88
25976,64.09
25979,52.85
25980,54.71
25999,69.32
26031,62.38
26106,52.38
26121,67.65
26123,68.01
26143,53.21
26148,46.14
26149,58.95
26151,55.36
26197,78.83
26208,45.49
26213,47.83
26224,69.22
26244,51.14
26284,49.12
26288,76.73
26289,83.27
26294,62.36
26295,45.31
26299,66.77
26319,57.08
26323,64.55
26364,46.8
26365,76.32
26368,57.87
26374,45.99
26396,64.15
26420,46.38
26438,67.29
26466,51.0
26467,81.89
26469,49.39
26477,63.48
26517,75.98
26536,74.62
26540,75.04
26546,64.89
26548,68.67
26599,56.13
26668,80.22
27462,60.97
27464,48.98
27465,51.93
27467,80.88
27471,51.39
27475,67.91
27478,57.49
27479,84.57
27482,56.37
27490,53.63
27493,49.93
27496,69.35
27497,49.99
27501,75.07
27504,53.42
27531,57.9
27534,56.84
27543,41.99
27555,50.72
27562,68.9
27573,45.73
27577,59.68
27599,47.18
27604,60.85
27615,75.5
27630,69.11
27647,89.59
27653,53.28
27676,83.16
27684,67.93
27690,61.28
27698,41.78
27735,60.96
27763,56.6
27769,74.97
27770,70.73
27781,45.45
27784,59.43
27789,48.55
27790,78.01
27815,66.43
27845,66.2
27883,64.33
27899,86.39
27915,74.77
27931,57.24
27962,80.96
27963,61.35
28022,69.59
28080,80.44
28142,65.28
28163,95.6
28253,89.51
28312,73.88
28344,52.94
28552,75.76
28806,88.65
28816,77.75
28820,87.76
28824,93.95
29478,76.26
29487,54.29
29490,88.42
29514,48.69
29518,80.0
29524,28.78
29547,63.7
29554,66.97
29571,56.88
29573,52.22
29575,60.89
29576,66.6
29591,60.71
29592,52.51
29606,57.45
29614,38.63
29617,67.63
29622,79.55
29630,53.77
29634,59.42
29646,75.18
29668,76.74
29695,71.0
29704,53.39
29712,54.69
29715,71.25
29766,58.67
29779,68.33
29782,45.53
29788,61.56
29794,89.38
29830,50.2
29844,57.48
29858,45.69
29868,52.89
29912,51.36
29931,64.81
29949,58.47
29958,66.24
29976,73.63
29993,64.6
29995,77.16
30011,73.03
30028,48.33
30038,61.37
30063,61.31
30162,59.84
30163,65.85
31166,60.61
31347,69.99
31349,63.95
31354,58.66
31357,73.29
31363,58.22
31370,58.72
31382,69.14
31394,71.81
31396,59.64
31431,63.09
31437,58.2
31490,60.14
31500,60.46
31505,87.54
31522,41.41
31539,66.58
31545,69.4
31562,57.57
31564,69.04
31567,58.98
31580,78.16
31583,41.82
31595,75.41
31661,61.25
31665,67.58
31680,87.52
31695,75.22
31765,68.5
31781,80.37
31792,52.85
31793,65.65
31812,82.58
31855,62.68
31912,65.4
31991,53.32
33189,66.72
33197,57.37
33252,70.11
33266,59.61
33280,55.9
33321,80.23
33322,84.98
33333,58.37
33390,76.4
33541,60.15
33549,63.74
33644,46.81
33703,33.72
33704,57.85
34979,70.99
35041,80.69
35108,69.32
35110,80.43
430672,59.2
430943,62.65
434581,46.65
434598,54.17
435139,57.34
435562,53.04
444137,55.63
444141,39.9
444143,58.8
444443,71.92
444465,41.0
444466,54.5
444472,51.49
444481,45.64
444487,52.17
444491,52.77
444493,49.82
444494,53.18
444519,62.77
444524,43.27
444549,54.09
444552,55.08
444555,51.76
444557,47.35
444566,41.83
444567,58.47
444571,50.81
444835,49.28
444871,34.95
444952,45.6
444959,48.58
444960,43.31
444961,61.5
444962,60.03
444967,48.94
444969,57.8
444977,50.5
444979,43.92
444981,50.98
444983,54.78
445007,60.87
445011,53.09
445012,53.61
445014,47.8
445033,47.95
445038,52.69
445054,33.53
445057,44.88
445162,64.51
445175,57.02
445180,47.41
445187,56.92
445191,57.47
445199,66.21
445210,55.52
445219,49.9
445239,42.17
445269,49.73
445270,58.81
445273,48.31
445274,46.7
445277,50.36
445281,44.14
445287,43.43
445589,50.12
445618,68.39
445629,60.33
445630,47.02
445632,53.54
445922,58.59
445946,53.76
445962,48.35
445989,54.7
445992,49.72
446001,68.34
446013,58.49
446037,37.54
446045,61.01
446046,47.84
446079,41.09
446087,46.95
446088,51.23
446092,50.25
446111,57.01
446118,24.95
446121,57.06
446139,26.45
446148,41.83
446152,45.99
446164,46.34
446165,46.88
446170,45.18
446187,45.42
446201,61.73
446217,64.97
446230,55.45
446233,68.12
446234,51.52
446243,47.69
446246,50.4
446258,63.29
446261,58.06
446270,58.71
446273,38.69
446276,65.74
446279,55.9
446283,62.98
446285,50.25
446288,52.07
446302,47.21
446307,45.47
446311,33.93
446313,53.09
446319,53.62
446320,62.64
446328,56.36
446329,64.16
446332,44.91
446337,45.1
446347,49.15
446368,46.89
446377,55.79
446392,49.01
446394,59.66
446404,48.28
446411,57.67
446414,52.38
446416,52.48
446422,63.72
446428,42.87
446469,52.93
446547,41.88
446549,49.73
446550,45.23
446574,48.45
446612,39.78
446632,43.58
446659,49.17
446733,63.05
446737,55.26
446803,58.41
446857,50.81
446859,48.51
446887,52.35
446937,66.4
447638,68.37
447730,38.53
447739,48.77
447740,48.64
447747,60.8
447748,62.31
447749,53.09
447753,46.54
447757,42.98
447763,41.42
447770,57.83
447825,49.77
447826,42.15
447827,42.32
447832,59.96
448146,48.15
448151,46.81
448171,49.82
448176,55.53
448184,54.72
448236,58.61
448245,31.99
448248,43.7
448249,49.31
448250,50.49
448255,50.44
448256,46.63
448263,48.26
448266,28.9
448272,70.38
448273,50.16
448274,74.62
448277,58.39
448279,43.47
448282,74.2
448283,46.24
448290,65.23
448293,71.23
448589,54.21
448591,51.99
448595,52.6
448596,45.15
448603,54.92
448608,51.85
448631,46.04
448634,47.54
448641,36.26
448644,43.21
448645,44.71
448646,44.84
448650,44.0
448654,55.52
448657,45.31
448682,44.22
448697,51.11
448750,53.32
448757,60.3
448762,56.43
448765,47.52
448773,66.66
448788,33.22
448789,65.71
448790,52.03
448793,44.12
448794,50.7
448841,45.64
448843,50.97
449080,55.89
449154,36.7
449155,58.76
449156,54.27
449159,52.11
449163,49.09
449178,52.31
449179,51.03
449461,46.83
449468,65.85
449792,57.0
449804,58.14
449828,42.8
449878,58.26
449895,53.1
449909,38.05
450175,46.6
450217,48.65
450248,42.06
450287,64.57
450290,53.12
450293,29.67
450546,56.64
450561,43.95
450566,56.82
450592,46.91
450595,53.66
450597,69.13
450604,47.82
450618,67.02
450632,56.04
450634,67.03
450636,51.32
450652,43.18
450657,50.34
450661,23.47
450671,48.6
450678,19.06
450681,46.79
450689,66.55
450694,45.65
450747,48.93
450751,47.94
450780,46.29
450856,52.8
450868,49.85
451073,49.78
451079,42.55
451080,39.74
451082,56.11
451090,54.39
451096,59.1
451098,47.72
451101,46.52
451102,48.92
451103,58.01
451107,40.74
451113,43.76
451114,43.55
451116,48.49
451119,56.16
451120,53.17
451122,47.79
451123,49.01
451124,56.14
451129,55.19
451131,50.31
451133,52.03
451138,68.86
451141,53.52
451145,61.37
451146,48.78
451174,48.54
451178,66.11
451191,52.79
451203,45.63
451207,52.05
451211,41.05
451250,53.08
451258,71.62
451494,66.89
451505,40.12
451513,51.93
451533,58.51
451537,59.18
451538,35.59
451576,61.22
451577,40.48
451583,46.41
451586,48.58
451587,53.59
451588,63.32
451599,54.87
451639,74.5
451695,74.27
451699,51.07
451709,45.81
451711,43.99
451715,48.36
451719,47.36
451804,60.25
451993,59.86
452014,42.07
452015,64.87
452024,55.56
452028,54.19
452029,30.63
452050,51.88
452055,44.82
452065,59.3
452069,45.53
452071,52.67
452087,64.21
452157,49.55
452169,56.69
452214,40.74
452216,47.82
452223,46.95
452224,43.49
452235,38.82
452245,60.89
452246,45.54
452247,65.47
452260,41.35
452301,59.25
452305,40.88
452326,35.96
452646,58.41
452658,67.52
452663,58.93
452665,46.17
452667,48.77
452669,49.7
452675,54.06
452717,50.67
452727,66.06
452732,66.9
452736,48.94
452738,68.98
452740,50.53
452742,40.29
452746,59.69
452759,52.0
452765,64.67
452768,56.43
452769,51.93
452775,53.14
452778,52.63
453008,48.52
453014,55.64
453029,62.87
453036,53.6
453045,47.64
453067,46.96
453119,46.3
453152,60.44
453170,48.23
453176,51.61
453183,54.89
453187,64.5
453197,57.32
453207,59.65
453209,40.65
453210,41.69
453212,46.45
453218,51.59
453223,43.56
453230,48.88
453235,43.06
453238,63.99
453240,48.82
453245,63.87
453258,61.21
453261,47.36
453266,66.68
453270,49.48
453271,49.11
453276,47.89
453283,57.14
453287,56.42
453297,49.53
453299,48.45
453302,44.72
453309,47.74
453314,45.9
453317,57.87
453318,59.51
453319,51.11
453326,47.59
453341,64.44
453351,51.22
453352,48.66
453360,62.42
453367,54.65
453401,44.07
453402,40.68
453408,60.0
453419,49.94
453426,42.09
453444,52.1
453497,52.29
453528,64.87
453529,44.92
453534,50.14
453540,49.04
453579,65.98
453585,56.02
453590,42.27
453595,55.51
453597,45.89
453880,54.38
453883,46.21
453946,49.95
453972,47.23
454448,42.95
454481,48.13
454539,48.3
454558,55.66
454573,63.02
454574,47.37
454667,46.22
454971,46.97
454973,51.66
454977,57.22
454978,42.74
454983,66.22
455000,45.03
455065,41.35
455079,48.8
455083,50.96
455085,49.46
455098,46.87
455100,47.41
455107,63.61
455111,46.36
455129,54.95
455141,65.13
455159,45.4
455349,48.13
455355,41.56
455357,50.87
455361,37.38
455366,55.9
455368,56.76
455371,59.47
455373,56.97
455390,48.14
455391,61.04
455393,53.85
455394,50.34
455396,54.5
455399,41.17
455403,49.9
455596,53.27
455602,48.27
455612,69.77
455697,49.88
455700,64.88
455706,59.33
455715,51.71
455752,48.22
455951,70.23
455957,58.45
455963,44.77
455980,49.98
455997,64.5
456038,48.55
456044,52.39
456050,56.77
456052,47.23
456058,44.51
456060,56.32
456062,49.57
456063,50.43
456065,80.58
456067,52.06
456083,44.63
456093,48.06
456143,49.04
456144,40.08
456150,49.62
456152,53.67
456154,49.52
456156,56.81
456157,39.2
456158,49.72
456160,52.21
456163,64.05
456164,50.73
456176,43.17
456177,29.03
456179,40.12
456181,56.58
456376,42.85
456390,49.01
456394,45.73
456400,23.98
456406,66.92
456407,54.97
456411,54.23
456420,58.61
456428,59.7
456430,54.57
456435,40.44
456438,57.59
456481,69.16
456483,56.43
456543,53.71
456563,47.22
456594,63.43
456596,43.72
456598,54.78
456629,66.07
456656,54.84
456670,53.34
456671,62.7
456673,60.87
456823,35.89
456829,56.38
456849,62.33
456858,45.27
456873,49.79
456887,46.31
456905,54.06
456966,43.8
456989,43.49
456999,48.97
457003,53.74
457042,40.29
457050,53.78
457061,57.5
457069,40.69
457079,58.73
457107,73.17
457108,48.94
457116,37.61
457119,56.84
457132,53.28
457136,47.76
457451,58.86
457485,71.64
457486,53.82
457524,58.43
457534,38.56
457542,60.33
457559,51.23
457595,54.73
457613,55.91
457635,64.91
457640,50.97
457666,58.61
457668,52.45
457684,49.07
457695,46.13
457699,49.04
457718,48.41
457722,51.28
457725,66.34
457726,49.66
457730,47.04
457735,51.21
457745,67.34
457746,58.93
457753,43.83
457756,54.8
457757,59.23
457770,44.96
457778,46.93
457780,35.65
457781,41.3
457783,47.77
457794,53.33
457799,52.71
457800,57.9
457801,57.4
457802,53.57
457853,46.87
457908,49.04
457909,69.09
457937,49.74
457985,50.64
457988,49.64
457991,42.65
458001,48.8
458002,63.47
458054,57.47
458057,40.9
458076,48.36
458078,47.88
458079,49.06
458088,61.85
458099,38.52
458108,52.37
458114,55.37
458117,53.49
458154,47.11
458211,53.04
458214,40.33
458221,54.85
458243,53.03
458527,50.53
458534,46.34
458536,54.71
458538,50.32
458544,52.35
458547,53.38
458553,43.13
458568,64.79
458569,53.31
458570,44.37
458578,43.38
458581,31.73
458586,39.55
458592,47.29
458593,52.36
458619,56.54
458624,43.89
458647,62.15
458665,46.07
458667,55.45
458682,58.96
458686,61.14
458693,65.75
458700,44.42
458704,57.43
458711,48.93
458718,54.31
458721,57.25
458724,41.84
458726,53.16
458733,47.7
458895,56.59
458915,47.36
458932,58.45
458934,48.71
458940,59.31
459001,54.93
459352,56.3
459369,47.19
459395,41.45
459422,49.81
459441,52.04
459759,46.87
459774,58.45
459891,46.24
459902,47.7
459920,50.7
459933,47.89
459934,45.83
459945,60.33
459960,48.27
459962,47.99
459989,51.35
460002,51.23
460005,41.88
460006,61.13
460014,62.71
460018,48.59
460037,68.33
460042,55.07
460047,59.45
460070,34.53
460071,44.87
460081,47.25
460083,62.02
460089,49.65
460090,57.57
460093,46.55
460100,60.47
460115,66.61
460121,50.16
460129,47.11
460133,59.78
460172,48.92
460253,56.72
460254,55.9
460262,51.68
460271,50.38
460281,55.4
460286,43.77
460297,51.33
460323,67.97
460347,49.67
460357,50.36
460369,48.23
460578,57.87
460590,62.49
460623,52.81
460663,21.83
460671,67.01
460697,49.02
460699,70.02
461266,74.96
461317,48.82
461360,54.04
461427,60.9
461431,54.52
461735,47.58
461743,47.57
461788,59.66
461793,54.02
461820,62.96
461832,50.8
461835,59.34
461837,45.3
461840,61.76
461842,67.02
461846,53.04
461855,46.26
461857,47.78
461859,45.02
461861,37.88
461867,45.8
461869,41.02
461871,66.8
462088,48.85
462092,58.6
462117,47.02
462118,52.69
462120,56.15
462127,52.46
462129,51.39
462397,62.09
462412,64.86
462489,43.2
462495,67.57
462501,63.48
462519,52.58
462521,53.87
462547,49.37
462927,48.32
462944,51.2
462965,45.84
462973,49.28
462984,49.77
463011,41.09
463019,57.29
463026,49.88
463040,43.64
463071,55.65
463313,39.18
463583,49.48
463622,56.45
463677,46.83
463710,42.66
463717,53.73
463731,52.83
463748,53.37
463752,46.25
464268,61.94
464296,42.99
464318,48.36
464372,56.47
464374,50.1
464377,52.29
464381,50.98
464385,35.33
464391,49.12
464393,55.36
464407,57.17
464411,55.96
464414,38.77
464415,40.59
464423,51.75
464431,63.33
464910,45.97
464939,44.16
464944,46.04
465002,67.31
465017,58.12
465043,51.92
465050,51.74
465058,57.74
465064,49.04
465068,48.82
465079,56.13
465083,46.97
465095,48.75
465098,50.47
465101,41.11
465615,41.85
465696,62.94
465698,45.4
465701,49.89
465713,46.45
465717,46.88
465741,50.34
465748,55.42
465750,49.27
465756,54.96
465789,59.83
466307,17.45
466338,50.05
466363,47.33
466398,54.67
466423,43.93
466432,45.1
466441,50.21
466442,42.96
466445,46.35
466454,48.8
466457,51.6
466464,49.14
466465,46.98
466466,52.44
466469,57.99
466471,44.5
466472,50.42
466480,55.27
466994,64.95
467003,58.47
467035,50.63
467047,48.15
467078,63.37
467090,52.27
467095,50.04
467101,43.28
467102,41.0
467103,52.79
467108,55.98
467111,52.62
467124,42.34
467125,50.66
467132,53.78
467134,48.24
467138,55.03
467139,43.1
467141,55.64
467142,52.82
467144,59.38
467145,52.59
467149,48.4
467150,48.77
467159,56.19
467651,38.48
467660,28.51
467676,62.54
467725,47.86
467734,51.0
467763,50.78
467768,48.79
467787,58.61
467792,67.56
467795,46.67
467805,42.38
467806,46.43
467811,51.49
467815,50.77
467816,52.14
467818,61.38
467819,49.25
467825,47.53
467829,45.92
467833,58.18
467846,49.83
467851,42.84
467852,60.98
467853,46.43
468175,61.17
468368,57.72
468381,46.78
468393,50.8
468401,53.33
468438,60.06
468452,64.44
468461,51.51
468466,44.84
468470,72.67
468471,59.97
468474,63.05
468475,52.95
468481,54.96
468485,51.11
468490,48.87
468493,50.04
468496,50.62
468513,58.63
468515,51.66
468521,45.98
468522,51.54
468526,52.52
468530,54.83
468535,49.48
468538,49.62
468541,51.96
469085,59.23
469117,53.31
469125,69.3
469129,72.42
469137,41.08
469141,57.82
469142,44.32
469146,50.93
469153,57.47
469158,59.71
469162,47.78
469172,51.01
469177,38.52
469189,60.04
469199,50.38
469205,64.61
469207,58.94
469210,42.67
469213,50.02
469223,30.53
469225,47.57
469229,53.81
469230,51.31
469231,50.17
469233,49.32
469715,39.54
469752,62.13
469754,50.92
469775,55.62
469806,57.62
469809,50.21
469835,60.97
469837,39.79
469839,56.53
469844,40.04
470364,52.57
470379,43.01
470390,49.41
470466,60.22
470468,55.52
470470,47.33
470480,40.39
470481,56.62
470482,50.16
470484,60.08
470486,59.03
470490,56.67
470491,59.36
470500,60.72
470505,39.59
471039,54.35
471069,55.45
471110,57.28
471131,49.27
471144,54.55
471148,54.08
471157,44.69
471168,54.74
471176,48.78
471178,47.07
471179,56.26
471835,52.61
471839,45.99
471850,51.09
471858,52.56
471866,35.02
471872,80.95
471875,46.27
471876,55.54
471882,49.87
471887,52.04
471903,43.1
471905,56.17
471906,66.9
471912,46.58
471921,50.61
471930,34.97
472505,64.59
472530,48.63
472533,44.23
472544,47.92
472557,52.59
472558,52.4
472569,48.38
472572,49.09
472590,45.28
472594,60.81
472595,57.97
473189,47.46
473208,56.95
473213,50.75
473216,46.95
473239,60.08
473248,43.39
473255,44.42
473264,55.56
473269,50.12
473275,55.78
473276,45.85
473277,60.23
473294,55.16
473542,51.67
473663,69.57
473705,47.16
473715,43.07
473836,42.62
473922,51.81
474010,46.65
474034,53.54
474132,67.23
474188,59.16
474344,46.24
474370,49.05
474447,50.99
474485,53.95
474523,60.19
474724,52.32
474727,41.02
474777,28.8
474854,59.95
474970,48.38
474986,37.73
474992,50.82
475023,48.1
475064,50.59
475079,48.92
475108,63.55
475123,50.81
475161,57.66
475340,59.41
475365,46.24
475392,50.11
475424,54.42
475431,65.9
475467,57.91
475572,50.92
475648,34.51
475661,62.75
475670,50.84
475676,42.84
475715,67.7
475728,50.93
475747,43.91
475767,49.17
475774,47.61
475855,36.86
475894,54.9
476015,39.84
476030,39.96
476058,61.47
476088,51.72
476109,33.74
476225,46.18
476582,54.02
476663,28.56
476686,48.91
476827,50.87
476881,25.95
476944,47.01
477038,51.09
477075,51.3
477082,57.83
477154,49.64
477164,56.62
477177,58.79
485569,57.4
485573,46.3
485626,52.8
485640,54.71
485679,55.02
487666,65.55
487676,54.98
487677,61.08
487678,41.37
488651,56.43
488652,66.88
488653,41.52
488654,43.56
488660,62.47
488661,68.77
488666,55.89
488684,39.28
488694,81.02
488702,50.13
488710,67.2
488715,47.02
488716,46.0
488727,45.94
488730,54.88
488737,50.93
488739,47.87
488744,49.25
488754,61.87
488756,56.21
488757,71.67
488780,50.87
488784,57.99
488792,57.38
488793,48.06
488795,55.03
488796,59.95
488798,64.65
488806,46.19
488807,60.88
488817,55.26
488822,57.95
488826,58.24
488831,46.63
488838,79.51
488841,40.02
488842,50.01
488851,44.54
488853,53.0
488854,47.06
488857,60.23
488864,34.68
488867,37.54
488871,54.55
488879,63.57
488881,51.65
488888,66.56
488889,41.05
488893,60.43
488899,55.42
488903,44.06
488906,47.97
488913,43.57
488924,45.4
488925,55.6
488934,46.58
488945,59.55
488946,39.45
488947,63.55
488954,52.19
488970,59.86
488973,51.9
488976,56.31
488979,57.13
488983,48.11
488989,43.37
488995,55.64
488996,53.78
489000,56.59
489001,54.18
489003,48.42
489004,50.59
489007,27.25
489010,63.75
489011,49.53
489019,42.43
489022,50.24
489024,40.11
489025,49.88
489027,61.85
489035,43.4
489037,40.5
489040,75.21
489065,58.11
489071,50.98
489073,47.03
489080,67.07
489081,43.68
489083,53.13
489090,51.24
489092,70.83
489094,55.56
489101,52.66
489104,48.32
489107,52.52
489109,38.75
489115,52.28
489117,59.37
489118,38.57
489121,55.11
489122,42.41
489125,53.16
489126,55.73
489127,60.3
489132,53.36
489137,50.89
489140,52.88
489144,54.37
489146,54.69
489148,45.73
489156,61.76
489157,50.44
489160,47.13
489162,48.03
489163,54.63
489164,71.63
489165,51.44
489174,49.01
489177,42.56
489179,46.89
489182,44.58
489183,62.44
489186,62.9
489187,62.64
489188,46.81
489190,51.36
489193,48.63
489196,53.37
489200,32.06
489201,57.31
489204,49.67
489208,46.56
489210,39.16
489222,48.02
489239,48.44
489240,45.52
489241,46.28
489250,47.22
489251,54.24
489252,51.08
489260,51.05
489264,51.68
489266,61.04
489271,55.96
489287,45.53
489288,64.3
489291,45.47
489293,55.2
489304,61.33
489313,44.52
489314,46.26
489315,42.05
489316,43.65
489317,52.21
489319,48.09
489337,46.94
489343,48.4
489347,51.09
489353,48.61
489363,38.06
489370,58.44
489389,51.9
489392,53.2
489395,49.84
489399,48.3
489401,63.07
489405,60.89
489407,31.63
489416,54.15
489424,52.43
489432,61.05
489435,27.1
489444,50.43
489445,68.66
489561,45.63
489564,44.95
489568,29.47
489717,60.07
489718,43.33
489722,52.1
489738,51.98
489745,46.6
489763,55.6
489820,39.18
490006,40.0
490563,53.65
490633,44.2
490675,63.82
490716,44.01
490932,49.44
490941,52.82
491380,37.31
491618,52.7
491627,42.72
491639,49.79
491641,48.65
491642,49.79
491651,56.47
491652,46.62
491656,47.94
491657,55.24
491658,54.5
491661,52.44
491666,73.74
491671,45.62
491672,47.06
491675,65.09
491685,54.79
491687,42.36
491689,43.69
491695,48.88
491706,44.64
491714,47.32
491716,56.75
492728,70.13
492734,65.61
492801,54.63
492804,45.25
492814,64.21
492815,61.65
492816,49.15
492817,46.88
492829,52.9
492831,49.05
492839,42.23
492840,47.65
492846,48.62
492850,47.6
492851,51.23
492852,48.4
493101,61.96
493476,47.3
493500,40.3
493508,42.86
493516,45.96
493536,50.58
493544,55.31
493546,44.99
493553,59.94
493575,56.14
493581,41.09
493608,51.74
493629,47.7
493631,50.06
496169,33.06
496227,58.65
499485,33.78
499497,48.49
499506,57.32
499522,46.37
499523,45.29
499543,58.19
499614,62.47
499671,49.92
499714,52.89
499723,50.09
499755,50.26
499779,45.88
499800,46.48
499810,56.0
499841,49.86
499882,66.87
499934,54.07
499960,50.22
499983,51.4
499988,54.3
500120,56.8
500161,44.07
500235,67.1
500249,48.28
500274,54.51
500292,49.97
500348,55.69
500665,52.09
500666,59.38
500670,59.35
500675,76.73
500716,61.28
500717,86.09
500718,48.6
500719,51.58
500720,54.13
500723,57.83
500726,51.05
500728,48.83
500730,56.11
500731,54.81
500736,56.78
500737,47.04
500739,57.4
500750,66.75
500752,51.7
500754,51.59
500755,49.07
500757,47.93
500758,63.86
500759,50.89
500760,43.7
500762,59.28
500763,72.3
500766,63.16
500767,54.84
500768,64.42
500776,59.53
500869,73.1
500870,62.67
500875,54.45
500876,38.21
500877,68.54
500879,43.02
500882,56.76
500886,56.17
500889,47.01
500890,68.01
500892,50.62
500893,64.32
500895,61.15
500900,54.32
500904,51.64
500905,49.89
500908,45.26
500910,47.02
500911,56.51
501013,64.15
501014,49.17
501189,54.94
501194,49.58
501195,60.37
501197,55.8
501199,45.48
501203,51.18
501211,48.54
501214,52.63
501219,44.78
501223,43.74
501224,37.62
501230,65.47
501232,50.77
501234,44.67
501235,47.0
501236,50.74
501240,57.87
501242,55.01
501243,49.84
501244,53.43
501248,70.41
501249,56.7
501250,53.87
501256,46.2
501302,34.96
501306,45.99
501309,59.75
501312,64.79
501313,48.58
501316,55.59
501319,53.62
501322,42.3
501323,56.4
501324,56.69
501375,46.62
501376,41.2
501378,43.58
501380,48.3
501382,44.41
501388,45.81
501391,52.21
501436,44.2
501440,65.88
501443,45.85
501445,47.94
501446,41.86
501447,50.61
501452,48.24
501456,45.5
501459,44.31
501460,52.59
501461,49.15
501463,53.01
501466,44.35
501468,51.72
501470,51.01
501471,61.84
501472,64.97
501473,50.71
501474,50.09
501475,49.85
501476,53.5
501481,44.53
501483,53.46
501485,63.38
501487,39.49
501489,64.63
501490,55.03
501493,46.22
501495,44.44
501498,51.33
501500,52.17
501504,48.15
501505,51.51
501512,46.69
501513,46.94
501515,51.6
501516,51.53
501517,45.79
501530,56.19
501531,54.56
501532,47.51
501533,52.08
501534,60.11
501535,43.67
501536,53.5
501537,57.43
501543,51.58
501545,53.3
501546,54.87
501557,47.88
501558,41.07
501560,47.68
501561,60.67
501566,54.08
501567,44.6
501569,50.72
501570,43.28
501574,52.1
501575,57.71
501576,56.21
501577,51.66
501578,57.41
501580,52.39
501588,49.64
501589,57.58
501590,55.98
501592,54.94
501597,61.23
501598,47.98
501599,54.01
501601,51.02
501602,52.3
501604,52.31
501631,48.58
501632,47.25
501640,46.91
501641,43.63
501642,61.39
501643,76.76
501644,54.53
501645,50.55
501646,50.52
501658,51.56
501661,51.59
501662,54.06
501663,52.88
501664,45.98
501665,44.22
501669,53.1
501670,46.42
501674,64.65
501675,52.95
501682,49.3
501683,47.43
501684,46.86
501685,47.05
501691,48.31
501702,52.5
501703,32.2
501704,51.04
501708,49.78
501709,59.86
501710,55.7
501711,49.47
501725,59.88
501731,54.43
501733,56.63
501734,43.28
501735,47.56
501736,55.37
501737,46.65
501743,53.96
501744,64.44
501747,54.42
501748,50.82
501749,59.39
501750,47.37
501751,42.48
501752,63.92
501753,49.93
501754,46.31
501755,56.19
501756,55.62
501766,45.82
501768,51.5
501775,49.9
501776,40.28
501777,51.95
501778,49.56
501779,35.04
501780,34.74
501785,70.11
501786,41.09
501788,49.38
501792,40.65
501794,44.31
501795,53.01
501796,40.22
501799,46.25
501804,55.16
501807,61.73
501808,51.72
501809,50.45
501815,49.84
501818,64.38
501820,50.06
501825,59.87
501827,45.06
501830,38.16
501831,65.08
501834,52.31
501838,62.03
501840,64.21
501844,70.89
501846,55.6
501847,46.12
501850,43.66
501851,63.46
501853,37.91
501857,63.71
501858,65.61
501859,54.24
501865,58.32
501867,48.76
501872,49.45
501879,44.65
501880,45.91
501881,65.81
501892,68.01
501894,49.8
501895,59.52
501898,66.52
501899,51.88
501905,51.49
501908,52.63
501909,53.62
501910,59.17
501912,47.97
501913,73.26
501915,50.23
501917,62.4
501922,71.82
501923,55.99
501926,48.52
501927,51.27
501929,60.59
501933,49.51
501934,49.51
501939,65.09
501942,37.1
501944,51.15
501947,58.18
501949,56.1
501950,46.88
501951,45.72
501959,62.86
501960,67.71
501962,46.07
501963,41.79
501965,67.11
501966,69.23
501969,71.65
501970,59.36
501976,57.5
501979,59.73
501991,58.52
501996,48.43
501997,40.0
502001,58.61
502005,41.14
502008,47.9
502012,64.3
502015,52.14
502017,61.85
502020,50.04
502021,50.85
502025,45.52
502035,71.83
502038,58.61
502052,45.87
502057,50.69
502058,59.12
502071,67.69
502073,52.03
502076,51.79
502077,39.97
502080,62.48
502081,68.93
502089,48.23
502090,51.61
502095,44.54
502103,45.67
502107,41.99
502114,65.69
502118,46.34
502122,47.3
502127,57.67
502131,62.72
502134,49.15
502135,44.97
502140,63.89
502145,67.57
502153,57.59
502155,50.74
502167,50.02
502173,48.19
502176,51.57
502181,66.75
502183,58.22
502184,56.84
502185,62.6
502189,51.7
502191,54.39
502193,52.65
502194,53.68
502196,41.12
502200,38.1
502203,60.14
502206,52.32
502219,54.52
502220,50.37
502222,58.13
502223,61.47
502230,54.29
502232,47.89
502234,48.56
502236,42.02
502237,52.7
502245,63.78
502250,44.3
502252,46.33
502254,54.62
502258,37.29
502262,62.11
502265,55.4
502266,55.43
502270,47.23
502274,54.27
502275,62.89
502276,47.03
502278,58.57
502279,49.62
502283,47.52
502284,49.77
502287,41.65
502288,44.55
502289,50.47
502292,57.41
502294,58.28
502296,44.02
502301,51.43
502309,67.99
502310,62.91
502312,50.13
502314,43.31
502316,56.87
502319,58.65
502320,54.2
502324,51.36
502328,45.96
502329,43.73
502331,60.59
502332,52.5
502335,51.56
502337,53.7
502338,52.54
502340,49.56
502343,45.16
502345,37.53
502346,50.68
502348,43.39
502351,48.04
502355,57.8
502357,50.75
502358,43.21
502363,45.16
502365,41.23
502369,57.05
502372,46.23
502377,68.49
502380,61.28
502383,49.15
502384,62.65
502388,46.93
502390,52.9
502393,44.72
502396,47.42
502402,45.19
502408,50.26
502419,47.43
502422,45.1
502423,59.34
502424,48.5
502429,35.7
502436,62.33
502437,49.52
502439,49.31
502446,57.88
502448,59.69
502453,54.76
502454,67.47
502456,61.54
502461,53.66
502467,53.1
502475,47.84
502477,48.28
502479,48.78
502485,61.1
502487,43.39
502492,46.81
502500,65.41
502501,38.49
502504,62.92
502507,54.6
502511,52.4
502512,57.26
502515,57.5
502518,37.96
502519,47.7
502521,50.33
502525,46.27
502527,48.64
502528,50.35
502530,41.75
502549,60.37
502552,40.09
502555,55.18
502558,57.04
502565,62.47
502575,51.95
502577,50.94
502580,67.22
502581,48.48
502583,45.02
502591,54.8
502595,59.62
502598,47.85
502601,52.64
502612,45.55
502616,48.03
502619,60.35
502620,54.82
502627,46.76
502635,67.62
502642,49.62
502645,46.78
502650,49.33
502662,61.1
502664,43.49
502665,44.35
502674,46.47
502679,56.11
502684,53.42
502685,61.61
502688,64.71
502693,50.84
502694,49.25
502696,65.48
502698,61.51
502702,50.26
502708,41.1
502712,51.91
502716,56.78
502718,57.65
502720,35.2
502723,49.32
502726,57.63
502760,48.73
502764,52.02
502765,54.1
502767,46.01
502769,49.21
502771,56.22
502775,59.26
502776,51.4
502781,60.74
502792,44.93
502794,45.62
502799,46.5
502805,61.07
502809,51.45
502813,57.75
502825,57.71
502828,49.3
502829,51.84
502835,58.12
502836,36.93
502975,49.93
502976,55.07
503037,43.78
503065,33.97
503082,49.46
503205,49.81
503225,42.67
503226,47.55
503325,64.35
503327,54.15
503345,57.38
503347,54.94
503360,43.04
503361,47.27
503417,48.76
503424,41.0
503425,63.78
503429,62.17
503452,42.38
503454,48.27
503455,44.32
503461,45.97
503473,45.88
503498,49.25
503570,54.63
503571,47.48
503575,48.21
503576,30.05
503577,75.48
503693,58.65
503739,62.65
503786,60.17
503787,48.68
503792,59.19
503941,47.87
504067,56.25
504074,43.78
504078,40.52
504085,50.08
504222,51.16
504263,49.86
504310,46.98
504313,66.68
504314,47.83
504324,49.03
504333,44.71
504355,46.27
504374,54.71
504377,47.19
504378,40.13
504385,55.62
504474,54.06
504475,43.72
504603,54.23
504789,43.55
504829,60.45
505193,51.62
505307,54.26
505369,48.55
505830,53.75
506448,41.11
506687,61.22
506688,60.35
506690,47.27
506691,58.6
506697,47.7
506704,49.09
506705,41.84
506707,46.5
506709,38.95
506711,41.05
506712,55.6
506713,49.65
506714,45.54
506729,63.06
506867,58.62
506872,56.72
506874,58.91
506877,47.33
506912,67.08
506916,42.17
506917,58.74
506927,64.63
506987,52.58
506989,46.99
506999,50.19
507021,42.05
507068,60.39
507073,44.93
507084,62.36
510548,69.25
511268,54.84
511428,62.13
511449,62.57
511468,64.78
511628,39.58
513408,70.97
514630,56.55
514633,44.26
514634,53.19
514635,44.97
514636,50.62
514643,68.89
514644,52.09
514711,62.86
514712,55.84
514848,49.5
514850,59.99
514852,46.42
514853,50.18
514855,48.45
514856,54.38
514889,61.29
514891,70.08
514895,54.32
514896,63.17
514900,66.74
514903,48.56
514906,50.74
514907,51.68
514909,49.27
514911,48.06
514912,50.56
514914,62.55
514916,53.44
514918,54.89
514920,56.15
514921,50.83
514929,42.33
514930,55.75
514932,39.95
514933,38.57
514948,57.39
514968,61.23
514969,49.99
514972,53.19
514973,46.07
514975,53.09
514976,56.9
514977,61.53
514982,56.14
515029,54.07
515031,60.59
515032,44.7
515035,57.01
515036,44.76
515037,49.18
515039,76.86
515041,57.23
515043,45.73
515044,53.97
515046,52.84
515047,59.47
515050,43.4
515051,46.24
515055,49.42
515059,59.39
515060,51.83
515768,49.22
516409,45.52
516413,46.47
516417,45.8
516419,59.41
516420,59.14
516426,66.85
516427,35.49
516428,51.93
516429,52.14
516430,52.81
516431,48.29
516468,45.2
516469,48.14
516488,52.66
516554,55.06
516559,47.4
516587,55.27
516610,42.25
516612,45.59
516613,73.5
516614,67.53
516625,54.57
516631,59.44
516633,61.9
516648,48.88
516650,59.1
516651,51.21
516653,44.16
516655,52.55
516657,49.21
516658,32.51
516659,37.63
516660,49.05
516661,46.65
516664,55.15
516666,53.0
516667,46.9
516670,49.56
516672,40.52
516679,54.95
516680,52.5
516683,55.0
516686,55.75
516688,48.41
516689,64.66
516690,52.88
516708,53.79
516711,50.65
516713,50.82
516729,70.41
516736,64.75
516743,51.47
516744,47.23
516746,62.14
516747,45.6
516748,51.09
516750,59.0
516751,43.67
516753,57.81
516754,49.27
516756,50.54
516758,51.36
516760,50.17
516761,44.56
516767,49.8
516768,43.97
516772,49.59
516774,56.63
516775,68.71
516776,53.12
516777,40.18
516778,51.91
516779,39.43
516781,35.59
516791,51.41
516792,50.25
516798,63.45
516800,42.41
516803,52.01
516804,28.34
516805,55.09
516807,43.42
516808,48.2
516812,63.1
516828,53.2
516829,61.51
516830,69.63
516831,51.13
516848,46.63
516849,47.13
516850,50.46
516851,58.31
516852,55.88
516855,48.57
516856,58.95
516857,57.88
516868,55.74
516869,48.55
516918,52.19
516920,48.67
516921,51.27
516922,52.42
516923,44.49
516924,53.82
516925,58.14
516926,40.48
516938,50.44
516939,50.43
516940,60.29
516941,46.06
516942,50.49
516943,46.42
516944,54.45
516946,48.36
516950,54.83
516951,55.14
516952,60.58
516953,57.92
516954,48.72
516955,58.67
516956,51.88
516994,81.0
516995,50.68
516996,56.08
516997,47.39
516998,61.7
516999,62.82
517003,55.58
517004,42.3
517005,50.57
517019,50.68
517020,49.38
517021,59.77
517022,62.57
517023,46.73
517024,58.09
517025,47.03
517026,35.25
517027,32.29
517028,62.73
517029,39.47
517030,55.81
517031,53.27
517032,54.66
517048,47.72
517049,50.95
517050,44.06
517051,42.74
517052,46.97
517053,39.55
517054,55.38
517055,46.45
517056,47.51
517062,44.61
517212,59.85
517213,48.99
517214,58.38
517217,47.34
517218,52.73
517219,53.99
517220,45.87
517221,47.51
517228,49.1
517348,43.97
517349,49.42
517350,50.72
517351,53.92
517352,48.92
517356,56.09
517357,54.3
517358,52.74
517368,46.27
517373,54.61
517374,69.28
517375,50.84
517377,55.08
517378,45.57
517379,44.75
517380,55.15
517381,61.59
517382,48.91
517392,48.92
517408,46.53
517409,52.79
517419,53.2
517420,51.59
517421,49.78
517422,49.19
517423,58.21
517424,56.97
517425,50.11
517426,56.33
517428,47.67
517429,45.88
517430,68.44
517431,57.29
517432,54.03
517433,55.71
517457,70.49
517458,52.52
517459,43.7
517460,46.33
517461,54.96
517462,57.74
517463,75.99
517464,36.82
517465,57.11
517466,59.97
517467,44.18
517468,47.13
517537,41.32
517538,22.29
517539,52.7
517540,44.49
517581,49.97
517582,46.05
517583,39.78
517584,33.88
517588,63.88
517589,60.32
517590,55.13
517591,55.19
517608,49.66
517628,41.31
517668,66.59
517688,48.55
517708,49.95
517848,48.91
517849,52.07
517988,48.95
518088,52.55
518148,49.82
518248,30.21
518268,48.53
518288,48.12
518392,54.11
518394,55.27
518396,53.48
518398,45.33
518401,39.3
518402,60.12
518404,43.97
518406,60.34
518407,56.07
518411,40.45
518423,51.71
518430,50.96
518436,50.93
518437,41.27
518439,47.74
518440,69.1
518441,56.87
518442,62.59
518450,46.87
518451,47.94
518453,61.3
518454,60.35
518455,46.08
518458,65.15
518459,47.68
518462,44.58
518464,46.55
518467,54.6
518470,49.5
518474,59.46
518475,44.33
518476,41.84
518479,48.13
518480,51.27
518481,45.84
518482,41.07
518484,52.28
518487,50.18
518488,43.86
518499,58.57
518505,59.52
518506,55.12
518508,38.91
518513,44.54
518518,57.15
518523,50.77
518529,49.78
518530,49.45
518531,47.32
518532,54.49
518535,64.85
518538,59.52
518540,64.96
518544,63.83
518546,41.67
518552,51.55
518562,54.33
518563,63.15
518569,49.79
518573,66.65
518578,62.89
518584,50.03
518587,83.55
518588,53.95
518590,60.55
518591,64.6
518592,44.34
518596,50.5
518597,45.47
518598,52.97
518607,54.32
518608,45.36
518611,48.96
518612,48.75
518613,43.06
518619,48.49
518623,33.14
518624,48.36
518628,62.47
518630,47.56
518634,47.98
518642,40.95
518650,44.71
518651,60.65
518652,44.53
518654,52.54
518657,56.19
518661,57.99
518664,41.3
518667,43.72
518675,54.44
518679,58.57
518686,64.19
518687,52.65
518689,48.47
518690,38.57
518691,43.59
518696,58.58
518706,62.26
518707,45.45
518710,52.34
518714,51.6
518719,47.04
518720,43.78
518724,54.25
518726,39.12
518727,57.6
518730,58.78
518733,49.83
518734,57.32
518740,51.26
518742,61.55
518743,38.13
518745,55.78
518749,42.27
518750,43.03
518751,46.29
518753,62.66
518756,53.58
518765,56.15
518766,54.41
518769,42.75
518770,57.74
518773,53.19
518776,53.29
518780,58.85
518781,46.61
518784,63.31
518786,52.07
518798,51.77
518801,51.24
518802,41.47
518804,49.05
518810,47.54
518811,80.24
518812,40.02
518821,41.93
518823,63.54
518825,48.2
518829,60.24
518834,50.56
518836,40.62
518837,47.45
518838,44.05
518840,46.65
518843,50.41
518845,50.56
518849,55.46
518851,51.54
518855,52.17
518857,47.73
518861,45.48
518862,56.77
518864,46.91
518866,46.34
518867,58.81
518868,55.73
518869,42.15
518871,59.42
518872,49.67
518877,55.55
518878,52.63
518881,51.21
518885,46.67
518887,53.94
518888,56.78
518890,47.4
518893,44.96
518895,46.39
518899,53.73
518903,50.37
518905,53.71
518906,61.63
518909,54.09
518910,51.52
518912,45.16
518914,66.66
518915,54.52
518916,54.04
518918,49.75
518921,58.33
518924,47.97
518926,56.36
518930,38.86
518935,47.7
518936,38.2
518938,54.06
518939,49.56
518942,49.29
518945,42.28
518948,58.7
518949,41.41
518950,46.29
518952,45.33
518954,45.35
518957,44.65
518964,60.52
518968,53.69
518969,60.38
518970,38.49
518974,57.83
518978,60.96
518982,55.72
518984,49.42
518987,57.89
518993,55.9
518994,51.32
519000,72.9
519005,51.2
519010,59.84
519014,68.41
519017,54.38
519019,38.77
519021,57.76
519030,51.2
519031,51.92
519034,50.67
519036,46.1
519044,47.91
519049,40.33
519051,66.79
519052,46.34
519057,51.06
519060,31.65
519062,41.49
519063,33.97
519065,47.59
519078,55.48
519081,47.9
519089,51.62
519091,52.78
519095,52.62
519099,46.35
519100,47.94
519103,37.76
519106,54.21
519108,61.48
519111,44.82
519115,55.23
519116,43.89
519117,57.81
519118,46.74
519119,49.91
519123,44.96
519126,52.47
519127,58.14
519131,52.17
519132,50.02
519136,44.02
519148,48.27
519152,46.74
519155,48.65
519160,48.43
519162,55.15
519165,58.35
519167,43.87
519171,40.71
519172,32.37
519173,43.83
519182,43.47
519183,49.65
519187,54.23
519191,49.59
519192,57.7
519193,54.3
519194,50.9
519197,42.46
519198,47.2
519199,52.49
519201,71.55
519210,54.36
519214,53.4
519216,46.89
519218,35.9
519220,40.5
519221,47.77
519224,62.86
519225,48.48
519226,57.45
519227,46.36
519232,56.28
519233,50.67
519234,50.1
519235,51.65
519245,63.53
519246,34.49
519248,66.06
519249,47.25
519253,46.69
519255,50.86
519256,46.65
519257,50.56
519261,48.68
519262,41.1
519264,39.27
519265,38.52
519271,59.57
519274,61.43
519275,34.46
519281,44.1
519286,42.57
519288,33.48
519290,53.99
519291,58.35
519292,47.05
519298,59.06
519300,47.97
519302,54.6
519308,49.33
519314,47.28
519320,49.79
519321,56.11
519329,52.31
519332,51.01
519335,50.15
519342,43.34
519349,39.04
519353,54.89
519360,37.58
519365,48.09
519367,47.39
519368,40.83
519370,42.79
519372,54.56
519373,57.84
519376,51.03
519377,57.82
519378,48.08
519379,51.77
519380,40.75
519382,56.58
519384,57.07
519395,51.06
519397,53.38
519399,50.3
519402,60.14
519404,39.4
519406,50.02
519407,47.42
519410,47.17
519413,46.6
519414,42.52
519415,64.01
519416,33.55
519417,51.84
519419,52.44
519420,66.1
519423,29.55
519427,48.91
519428,65.94
519431,50.78
519432,32.6
519433,50.61
519434,65.13
519436,59.1
519442,53.45
519444,43.71
519446,39.42
519447,64.4
519452,63.37
519454,59.7
519457,57.44
519489,49.56
519490,37.73
519549,63.96
519648,47.96
519708,54.38
519729,54.81
519768,53.11
519788,47.37
520128,46.62
520168,45.22
520189,55.48
520208,47.93
520288,58.33
520308,45.96
520348,65.5
520350,56.99
520368,47.66
520410,48.16
520492,57.75
520529,18.24
520548,56.26
520549,42.76
520568,48.01
520588,53.53
520628,47.97
520688,36.8
520770,48.76
520809,50.38
520810,54.44
520828,56.45
520909,54.45
520932,48.42
520952,44.83
520953,68.07
520954,49.1
520971,48.65
520975,48.74
520977,68.64
520981,57.41
520988,57.21
521009,47.93
521011,63.84
521012,46.55
521028,55.06
521029,47.2
521048,51.5
521049,48.78
521050,55.21
521052,44.9
521054,54.2
521056,49.21
521068,40.9
521069,51.09
521088,67.43
521089,79.84
521091,68.43
521168,45.52
521231,47.41
521233,46.06
521234,61.26
521288,48.16
521309,59.01
521310,53.26
521348,50.46
521652,47.84
521653,49.67
521654,75.15
521656,47.15
521668,42.28
521669,45.11
521670,53.76
521671,52.12
521688,53.1
521689,68.84
521708,54.66
521728,41.8
521748,50.03
521749,53.55
521788,50.27
521810,43.53
521811,54.9
521830,47.4
521836,50.77
522053,48.85
522054,48.2
522055,58.25
522056,48.04
522057,59.33
522068,51.38
522228,50.74
522349,50.06
522468,49.32
522488,49.75
522588,53.07
522649,65.21
522708,39.05
522728,62.41
522788,52.59
522848,52.02
522868,46.34
522948,48.11
523028,50.19
523248,41.0
523249,45.77
523250,47.52
523254,53.38
523278,45.11
523650,42.6
523708,43.5
523769,54.18
523828,60.28
524088,39.48
524188,62.31
524308,58.27
524328,42.81
524349,53.02
524388,52.99
524469,47.45
524588,44.85
524668,43.55
525088,56.27
525288,50.6
525308,47.35
525448,48.03
525470,52.18
525489,50.01
525548,48.67
525633,42.55
525655,51.47
525713,43.76
525715,46.84
525719,50.23
525751,50.72
525988,61.73
526108,44.23
526269,38.78
526908,41.27
527031,55.95
527032,42.97
527033,48.14
527034,61.6
527035,63.72
527036,51.62
527037,52.9
527039,55.67
527041,50.05
527044,57.42
527045,49.81
527046,51.08
527047,50.29
527050,57.2
527052,57.16
527941,62.35
528107,45.52
529792,51.47
529906,47.33
530065,56.15
530067,49.38
531326,40.44
531557,50.36
531588,63.74
532505,60.22
532722,55.59
532936,43.58
532978,50.78
532993,49.97
533646,51.15
533982,43.26
534030,47.49
534069,49.9
534559,47.8
534562,71.67
534580,48.12
534584,25.0
534587,49.76
534592,57.27
534595,42.17
534612,54.05
534648,35.51
534649,68.26
534754,60.96
534801,50.81
534804,59.11
534806,51.25
534809,41.4
534909,64.05
534920,46.24
538079,61.3
538164,50.39
539603,50.77
539615,44.12
540937,47.93
540938,64.53
541341,50.46
541342,58.0
541395,48.62
541448,51.4
541586,56.77
541587,62.7
541588,71.94
541589,53.25
541597,51.73
541598,54.94
541599,44.64
541601,61.03
541602,62.78
541603,57.34
541607,44.9
541609,65.67
541610,77.08
541611,55.13
541618,44.03
541619,49.24
541620,50.57
541621,52.21
541622,53.29
541630,49.19
541631,66.06
541632,58.26
541633,54.49
541634,50.15
541635,55.96
541636,54.63
541637,52.98
541638,71.0
541639,47.98
541646,41.84
541647,47.78
541648,52.52
541651,50.54
541653,54.11
541654,56.16
541657,40.45
541659,48.11
541660,64.99
541661,46.2
541662,55.41
541925,71.0
542160,51.79
542161,46.16
542163,48.78
542165,51.55
542166,52.07
542168,47.52
542169,47.59
542172,54.61
542173,57.92
542174,47.71
542175,48.62
542176,54.83
542180,57.67
542181,51.85
542182,52.01
542183,36.59
542185,54.75
542186,56.19
542188,56.21
542192,51.64
542195,53.2
542199,44.6
542200,49.55
542202,47.25
542204,39.13
542205,47.54
542206,55.77
542211,49.78
542212,51.33
542215,56.28
542219,47.19
542229,42.8
542232,34.67
542236,47.04
542237,42.37
542238,47.41
542244,47.2
542248,50.67
542249,48.92
542256,62.35
542263,55.99
542264,60.31
542265,53.57
542270,72.73
542271,55.23
542272,44.53
542273,57.97
542276,57.51
542280,49.82
542281,56.87
542282,47.5
542284,43.97
542288,60.12
542291,55.76
542295,47.63
542299,54.91
542301,37.4
542302,46.28
542313,41.18
542314,43.11
542315,43.98
542320,50.33
542322,37.13
542323,46.58
542327,34.78
542335,45.5
542337,44.26
542339,44.38
542344,43.84
542345,47.44
542351,48.62
542352,74.27
542357,62.83
542368,65.66
542371,64.51
542372,47.45
542373,51.23
542375,45.3
542381,50.9
542382,63.32
542385,42.23
542386,56.95
542388,57.92
542389,55.48
542391,34.54
542392,50.43
542394,48.85
542395,62.11
542396,59.5
542398,58.53
542399,68.05
542400,56.81
542402,52.48
542405,45.59
542406,43.97
542407,42.86
542408,46.59
542409,51.61
542410,53.47
542411,52.24
542412,46.12
542419,57.72
542422,43.02
542424,48.87
542426,42.47
542428,55.98
542433,61.39
542434,53.11
542437,53.59
542438,52.36
542439,51.99
542441,48.36
542442,40.43
542445,51.13
542447,48.04
542448,45.82
542451,45.38
542452,53.7
542456,54.54
542457,50.51
542458,60.58
542459,45.84
542460,42.11
542461,48.15
542462,62.58
542463,43.08
542464,63.45
542465,45.02
542466,67.57
542468,37.73
542469,42.38
542470,49.95
542472,62.3
542473,53.11
542474,60.07
542475,52.58
542476,55.43
542477,54.42
542478,43.56
542479,74.58
542480,54.85
542481,53.25
542483,47.4
542484,50.06
542485,48.06
542486,57.96
542487,49.34
542489,41.93
542490,49.55
542492,55.18
542494,48.14
542495,50.06
542496,61.52
542497,69.02
542498,49.1
542499,48.14
542500,41.72
542501,40.48
542502,50.65
542503,66.05
542504,48.99
542505,47.52
542506,48.75
542508,62.77
542510,53.52
542511,40.32
542512,42.45
542514,65.1
542515,37.13
542516,49.04
542517,40.39
542519,54.96
542520,46.5
542521,61.71
542522,37.47
542525,51.28
542526,54.01
542527,52.72
542528,50.63
542529,45.7
542530,55.21
542531,47.36
542533,47.97
542535,58.25
542540,49.35
542541,48.33
542546,56.76
542547,49.06
542549,50.73
542550,50.93
542551,54.99
542552,39.57
542553,50.47
542554,52.17
542568,55.7
542569,50.18
542570,61.79
542572,45.0
542573,41.62
542574,49.81
542575,46.89
542576,41.79
542577,53.26
542579,52.42
542580,56.65
542581,45.05
542582,56.59
542593,62.02
542595,50.13
542597,48.55
542604,51.16
542605,52.9
542606,48.8
542607,47.12
542608,49.64
542610,52.28
542619,47.66
542622,54.74
542626,46.6
542627,50.27
542628,62.47
542636,52.47
542637,62.69
542639,48.11
542640,63.96
542643,47.27
542645,51.17
542646,48.79
542647,53.28
542648,43.87
542649,51.24
542654,64.97
542655,53.01
542656,54.49
542666,47.28
542677,49.01
542678,54.81
542679,55.87
542680,61.96
542691,46.66
542692,63.82
542746,55.45
542747,48.67
542755,32.62
542757,52.58
542758,47.17
542761,64.38
542773,54.25
542862,57.65
542863,47.24
542865,61.38
542870,51.21
542871,44.62
542876,50.06
542877,53.44
542878,43.5
542885,47.09
542889,49.65
542895,69.96
542896,71.54
542900,38.12
542903,40.89
542906,61.61
542911,46.34
542912,46.21
542915,55.3
542917,35.78
542920,45.32
542922,68.86
542925,63.94
542927,47.11
542934,54.42
542936,50.45
542941,63.19
542943,43.56
542950,48.68
542951,48.44
542952,51.08
542954,64.46
542956,36.66
542958,32.53
542966,49.16
542968,48.89
542969,57.94
542970,53.2
542974,49.66
542975,59.43
542983,62.55
542986,64.85
542987,49.28
542991,47.95
542995,63.05
542997,29.24
542998,50.53
543002,53.6
543004,51.57
543006,46.48
543010,68.77
543015,50.0
543016,69.8
543018,62.65
543021,45.09
543024,50.98
543025,42.65
543026,47.75
543033,50.91
543034,67.52
543035,58.84
543036,49.12
543041,57.53
543044,32.65
543046,52.31
543048,52.29
543049,58.96
543051,34.54
543059,56.55
543064,53.64
543065,50.66
543067,39.97
543069,55.78
543072,59.22
543074,56.84
543075,59.26
543077,52.0
543078,54.9
543087,51.98
543088,52.8
543095,55.74
543096,42.86
543103,49.47
543104,61.68
543109,52.22
543113,57.97
543116,49.64
543117,46.45
543120,57.94
543121,44.41
543123,42.34
543127,56.67
543138,46.93
543139,51.35
543143,46.55
543147,39.53
543149,60.02
543151,50.55
543156,46.39
543159,52.72
543161,29.6
543162,49.62
543167,67.35
543173,56.46
543179,43.93
543182,49.67
543185,60.67
543191,53.25
543197,48.75
543198,51.49
543200,66.82
543205,52.45
543206,47.61
543210,49.65
543211,56.36
543212,38.89
543214,54.74
543229,58.84
543230,47.67
543231,50.95
543232,57.54
543233,56.41
543239,62.35
543240,47.0
543246,38.99
543247,48.54
543248,42.69
543254,48.1
543255,50.93
543259,33.15
543274,45.75
543275,62.42
543276,45.57
543291,54.4
543304,41.25
543306,56.4
543310,49.97
543312,44.58
543314,48.31
543315,49.76
543317,49.7
543318,50.49
543320,57.91
543323,49.46
543326,52.37
543330,50.68
543336,48.55
543342,49.41
543344,58.2
543350,44.32
543353,65.66
543354,46.5
543355,50.3
543358,62.82
543361,49.14
543364,56.58
543365,49.36
543370,47.72
543372,52.46
543373,51.71
543374,57.95
543384,49.49
543387,54.12
543388,55.81
543390,41.7
543395,34.0
543400,48.49
543406,54.95
543411,48.18
543412,47.08
543416,52.7
543418,50.02
543420,46.41
543428,50.89
543431,40.72
543438,50.22
543439,44.41
543445,59.88
543446,43.48
543448,51.03
543451,51.68
543454,53.25
543458,50.62
543461,67.16
543464,63.03
543465,51.8
543469,44.93
543470,49.54
543471,52.78
543472,48.54
543473,63.55
543478,52.44
543479,54.44
543485,54.63
543486,55.12
543487,57.99
543489,39.74
543492,52.1
543497,44.67
543498,59.54
543499,58.5
543500,58.62
543501,45.56
543512,46.5
543514,55.56
543516,53.5
543517,43.35
543519,47.19
543520,47.92
543522,55.43
543523,42.48
543525,50.01
543528,44.56
543531,54.53
543533,41.12
543537,64.07
543541,40.53
543544,46.73
543552,48.32
543556,62.08
543560,46.57
543564,53.66
543567,48.51
543568,34.99
543573,48.82
543574,55.52
543580,50.91
543581,40.7
543582,43.79
543587,50.78
543596,57.69
543597,50.58
543598,48.54
543600,45.15
543602,54.64
543608,61.64
543609,47.61
543612,52.19
543620,52.63
543623,46.67
543624,36.59
543626,45.67
543627,52.44
543631,47.76
543632,54.32
543635,68.95
543638,57.33
543641,46.45
543645,55.28
543650,48.29
543653,51.12
543658,46.61
543662,43.96
543665,51.17
543666,40.36
543667,54.98
543669,62.07
543675,50.24
543676,68.79
543679,53.07
543680,37.07
543691,50.97
543693,59.88
543694,33.89
543702,42.47
543709,44.96
543710,76.53
543711,50.03
543713,48.7
543715,49.37
543717,51.43
543718,32.18
543719,47.32
543722,38.89
543728,52.02
543729,53.87
543730,41.8
543731,45.04
543745,49.09
543748,46.61
543750,62.77
543758,44.47
543761,50.13
543765,62.4
543769,50.93
543771,40.85
543772,63.99
543775,51.46
543782,50.82
543784,46.96
543786,57.27
543787,57.52
543790,49.07
543791,67.85
543800,50.11
543806,57.38
543814,50.75
543817,49.33
543818,52.98
543820,50.14
543823,49.46
543824,46.81
543825,45.61
543827,42.53
543831,61.7
543833,46.87
543834,46.59
543835,47.57
543839,60.47
543841,45.26
543842,51.95
543845,63.69
543846,49.0
543848,42.58
543849,62.52
543852,50.91
543857,44.88
543860,46.64
543861,55.94
543866,41.44
543868,57.16
543871,47.56
543873,46.28
543874,56.3
543875,61.36
543876,43.04
543884,48.35
543889,46.44
543892,52.53
543899,49.22
543904,57.02
543911,50.15
543916,62.71
543922,57.3
543923,46.88
543930,54.06
543931,47.14
543932,49.21
543936,52.02
543943,54.04
543944,48.7
543948,54.44
543952,44.46
543957,36.21
543958,42.51
543960,50.18
543962,62.43
543969,47.67
544012,55.71
544013,63.88
544014,55.25
544017,47.74
544144,49.2
544151,46.18
544152,52.58
544156,53.35
544244,51.59
544245,46.04
544246,46.24
544247,49.88
544248,49.08
544249,51.56
544252,47.28
544253,53.54
544269,38.68
544364,50.78
544367,45.91
544370,59.09
544374,81.92
544375,50.16
544381,51.14
544382,47.89
544384,52.14
544385,38.78
544391,49.21
544515,50.65
544519,48.3
544560,51.43
544569,51.74
544571,50.26
544573,43.29
544709,52.5
544741,48.64
544744,59.89
544745,42.31
544746,52.27
544751,57.72
544752,54.87
544753,69.59
544756,52.03
544757,45.26
544762,49.6
544763,47.89
544770,50.79
544771,55.68
544772,49.44
544773,48.46
544774,53.53
544817,49.35
544818,45.16
544819,47.52
544822,48.8
544823,49.8
544825,60.03
544827,57.93
544837,50.77
544881,48.81
544926,59.75
544927,37.87
544935,70.03
544936,56.5
544938,51.18
544939,45.89
544980,50.62
544987,46.78
544996,45.62
545045,51.09
545049,46.68
545053,47.15
545130,46.33
545137,51.83
545142,53.91
545146,53.68
545331,63.89
545334,35.58
545339,54.24
545340,47.12
545342,63.27
545344,49.22
545349,61.47
545352,51.34
545353,54.97
545354,53.0
545356,58.56
545360,40.38
545403,50.38
545405,48.49
545407,50.4
545459,48.92
545856,43.32
545989,45.22
545995,52.07
545996,40.72
545998,48.19
545999,47.28
546048,50.49
546050,49.85
546093,55.58
546143,43.78
546234,50.79
546235,54.78
546277,66.07
546319,52.58
546362,50.12
546363,49.71
546365,46.05
546366,77.35
546369,43.56
546540,47.34
546992,54.31
546993,50.45
546994,65.15
546997,51.43
546999,65.12
547002,53.9
547168,50.02
547171,57.0
547175,44.42
547181,52.3
547530,42.25
547531,42.46
547799,50.59
547801,54.07
547802,58.93
547818,54.75
548089,48.42
548090,34.02
548111,57.41
548116,53.34
548184,51.14
548290,63.87
548300,55.69
548309,46.22
548319,44.43
548320,48.24
548324,64.1
548328,41.69
548338,49.77
548343,55.78
548344,51.15
548356,48.82
548361,56.08
548365,49.04
548377,49.71
548378,64.92
548431,46.72
550012,55.56
551629,65.12
551750,56.47
552622,48.84
552632,45.32
552655,37.01
552659,53.01
553470,29.7
553851,52.52
553852,48.81
553853,67.36
553855,36.84
553868,50.04
553870,52.27
553871,53.76
553881,45.44
553884,55.22
553886,47.72
553889,72.34
553891,56.03
553892,49.73
553893,55.8
553894,73.76
553895,54.32
553896,37.43
553903,52.72
553904,73.49
553905,48.02
553906,58.08
553907,59.68
553908,63.95
553909,56.03
553910,54.83
553974,60.53
553975,61.4
553980,63.52
553982,64.48
553990,48.54
553991,66.55
553992,70.35
554009,58.87
554028,62.68
554030,51.91
554031,70.5
554032,49.51
554034,47.05
554035,48.81
554038,48.89
554042,46.62
554043,45.05
554044,60.36
554051,56.57
554052,60.03
554053,48.08
554055,68.16
554057,50.68
554060,58.23
554061,54.65
554108,43.64
554109,53.35
554190,49.15
554232,52.93
554233,50.19
554236,60.33
554238,44.68
554239,60.39
554244,65.97
554269,43.96
554270,51.63
554328,58.23
554329,49.21
554330,47.84
554332,55.47
554333,59.31
554334,50.49
554335,49.99
554341,52.25
554342,50.22
554343,53.19
554345,47.01
554348,34.25
554349,62.79
554351,46.58
554368,44.51
554369,46.73
554371,49.81
554373,52.79
554375,47.63
554376,53.2
554377,52.39
554379,44.26
554380,58.32
554383,48.14
554385,47.89
554391,58.79
554392,51.52
554393,54.82
554412,45.67
554413,46.19
554415,58.92
555543,45.89
555904,48.38
559094,56.87
561987,72.35
563921,52.72
564434,41.08
564653,51.57
565804,49.18
566814,47.73
570144,58.0
570146,55.7
570147,45.45
570148,66.44
570149,65.48
570228,56.8
570229,47.86
570232,54.8
570234,58.06
570236,60.22
570237,53.07
570241,55.39
570245,52.05
570249,57.28
570254,51.81
570258,52.27
570260,52.21
570262,48.51
570264,47.95
570265,52.51
570266,59.38
570268,57.07
570270,38.99
570272,56.11
570274,61.78
570478,51.26
570479,54.09
570480,46.7
570483,65.99
570484,52.66
570490,56.98
570493,57.45
570553,45.18
570554,55.71
570555,58.84
570557,54.0
570559,58.42
570562,25.18
570567,62.35
570608,70.42
570610,47.25
570611,60.06
570612,51.65
570613,41.22
570614,58.48
570616,43.81
570626,47.76
570627,47.53
570629,51.05
570635,34.0
570636,56.5
570637,70.6
570638,76.6
570640,68.27
570641,66.38
570650,57.45
570651,56.09
570652,48.02
570653,53.18
570654,72.64
570655,53.16
570656,64.64
570665,48.94
570667,67.94
570668,59.53
570669,39.86
570670,54.12
570671,39.28
570672,54.72
570679,46.83
570680,41.48
570681,56.3
570682,57.39
570683,44.46
570684,56.1
570685,41.64
570686,50.71
570687,49.31
570688,53.94
570691,55.71
570692,49.57
570693,50.54
570694,46.86
570696,48.61
570698,40.06
570701,50.73
570703,58.51
570705,54.57
570706,51.68
570707,50.01
570708,53.35
570709,63.56
570711,47.85
570713,76.62
570715,66.42
570716,46.69
570719,38.71
570720,66.01
570723,58.4
570724,38.63
570726,46.4
570727,56.76
570728,53.68
570729,60.29
570730,43.83
570732,50.48
570773,52.22
570774,63.49
570775,53.95
570776,50.43
570778,52.3
570779,44.83
570783,69.21
570784,48.04
570785,70.24
570786,53.89
570787,63.39
570788,54.55
570789,58.41
570790,50.53
570791,50.82
570792,59.63
570793,60.43
570795,39.53
570796,49.01
570797,68.06
570800,60.8
570803,47.73
570804,52.02
570806,47.04
570807,55.39
570808,43.88
570809,41.81
570817,43.74
570818,46.67
570819,56.04
570820,52.95
570823,46.89
570824,50.57
570825,50.48
570826,58.85
570827,41.44
570872,43.59
570873,68.87
570874,47.08
570875,44.28
570877,82.57
570882,45.75
570886,43.2
570887,51.66
570888,49.97
570889,53.31
570890,40.47
570891,51.72
570892,58.8
570917,48.73
570918,64.95
570925,55.12
570931,48.17
570933,51.9
570937,54.64
570938,55.28
570939,56.01
571032,58.42
571039,44.58
571041,39.9
571068,56.92
571069,59.33
571070,56.11
571073,32.38
571116,51.97
571229,39.55
571388,60.03
571408,60.44
571429,32.23
571433,60.44
571438,48.14
571456,61.85
571457,40.26
571460,49.57
571461,44.19
571465,54.8
571481,55.59
571483,52.36
571492,45.91
571493,44.7
571494,47.12
571499,56.16
571503,49.9
571504,49.59
571507,57.06
571523,38.59
571524,50.53
571529,59.22
571530,45.7
571531,66.77
571538,48.84
571541,43.32
571543,59.93
571549,48.6
571551,63.96
571552,71.74
571555,47.46
571559,45.21
571568,48.17
571579,56.02
571580,48.31
571588,45.21
571597,48.46
571599,65.81
571601,60.12
571618,53.83
571619,51.39
571621,36.19
571622,48.8
571631,51.23
571633,52.97
571641,59.55
571644,58.21
571645,54.85
571652,55.65
571658,46.86
571669,46.46
571671,45.03
571680,52.67
571683,51.69
571685,66.25
571686,56.09
571688,44.98
571692,54.5
571693,37.46
571705,49.75
571707,46.26
571708,40.6
571711,60.45
571712,37.02
571713,63.07
571716,44.57
571724,60.86
571732,50.74
571734,57.37
571736,47.13
571738,36.45
571749,41.2
571755,61.42
571758,56.66
571762,44.24
571764,54.42
571765,51.17
571767,60.79
571768,56.84
571776,45.21
571785,59.2
571794,38.61
571797,54.18
571806,55.04
571819,44.28
571827,55.21
571828,55.22
571833,56.13
571842,64.26
571849,66.08
571853,47.7
571855,48.31
571861,42.38
571869,48.61
571870,49.56
571879,48.87
571883,58.58
571887,35.85
571892,50.54
571906,34.49
571923,52.13
571924,66.46
571928,35.68
571929,48.87
571939,49.27
571953,58.07
571964,36.95
571971,48.56
571972,43.19
571975,51.89
571981,45.9
571982,47.67
571992,53.33
571995,66.08
571997,39.61
572003,53.31
572013,54.3
572027,58.47
572028,52.19
572034,62.95
572035,34.06
572046,50.21
572048,65.74
572053,52.36
572055,42.54
572056,41.37
572062,67.75
572064,42.08
572069,58.38
572072,53.4
572076,54.48
572078,44.8
572079,41.75
572085,45.88
572088,60.85
572090,49.97
572092,33.63
572094,45.3
572095,45.09
572099,47.59
572106,49.14
572107,59.33
572118,48.47
572120,51.84
572124,36.48
572127,41.32
572135,50.79
572136,58.42
572148,41.51
572149,48.03
572154,58.12
572158,52.32
572159,41.75
572160,51.64
572167,55.93
572171,60.54
572177,50.93
572178,49.95
572185,52.26
572194,48.19
572197,60.68
572199,40.3
572200,33.38
572203,54.44
572207,51.9
572210,49.96
572213,59.24
572214,51.4
572225,48.7
572234,35.95
572236,49.17
572239,64.93
572243,59.79
572245,41.26
572254,65.7
572257,47.56
572258,59.73
572260,64.85
572262,55.42
572264,58.76
572265,45.19
572272,49.37
572278,51.47
572284,46.02
572353,38.91
572369,61.78
572385,52.62
572387,54.08
572391,48.55
572393,54.0
572397,50.81
572400,28.74
572404,49.35
572509,68.76
572588,51.83
572670,47.08
572671,57.82
572675,48.85
572677,39.54
572678,53.52
572679,54.45
572681,49.8
572685,50.14
572689,67.96
572690,59.52
572692,50.86
572695,50.43
572698,55.05
572699,48.59
572701,49.05
572704,49.6
572707,35.6
572711,66.18
572716,55.01
572720,52.99
572721,55.26
572723,49.0
572724,43.21
572726,65.51
572730,49.59
572731,49.72
572734,50.05
572735,51.89
572736,59.97
572738,57.35
572743,46.68
572755,52.89
572756,52.55
572760,63.23
572765,62.75
572768,44.01
572772,49.24
572774,48.47
572779,79.05
572780,48.61
572782,42.08
572784,61.29
572785,36.25
572789,59.47
572791,45.88
572792,55.65
572793,51.65
572794,42.69
572798,43.41
572800,42.88
572802,47.55
572803,43.89
572813,40.91
572822,58.65
572823,49.33
572825,49.14
572832,54.08
572834,44.5
572836,44.14
572842,55.38
572846,41.22
572848,68.65
572849,58.96
572850,52.02
572852,40.57
572853,45.98
572855,55.12
572858,57.98
572864,42.59
572865,56.8
572868,50.49
572873,52.37
572874,48.42
572877,45.58
572880,56.32
572881,65.52
572882,47.64
572885,53.0
572890,38.29
572891,40.19
572892,46.18
572894,38.68
572897,39.47
572900,51.22
572905,27.66
572907,47.3
572909,49.05
572913,46.24
572914,47.44
572916,54.54
572918,40.51
572919,55.92
572920,60.37
572921,39.98
572923,61.68
572924,47.98
572928,44.32
572931,49.77
572932,57.4
572933,46.04
572935,66.43
572937,48.02
572938,41.94
572945,45.87
572946,48.57
572951,45.81
572957,51.49
572960,62.59
572963,42.69
572966,62.16
572967,49.22
572969,37.22
572975,31.5
572978,47.86
572979,36.18
572985,41.74
572987,42.46
572989,54.2
572993,66.17
572995,65.76
572996,48.48
572997,62.63
573000,48.27
573001,43.24
573002,47.58
573003,57.26
573006,46.88
573007,56.51
573011,62.4
573012,51.08
573013,55.26
573017,47.18
573022,51.08
573028,38.72
573029,30.48
573033,49.38
573037,46.58
573038,42.31
573040,47.91
573041,63.28
573042,43.14
573044,46.08
573048,47.1
573052,55.27
573053,31.66
573054,58.71
573059,53.73
573060,66.14
573061,61.47
573065,40.2
573069,57.2
573070,39.56
573071,46.74
573072,61.18
573073,50.04
573079,54.19
573081,53.47
573086,47.13
573087,67.67
573090,50.44
573094,40.77
573095,55.74
573101,61.1
573106,31.1
573108,49.57
573111,58.33
573114,46.93
573116,50.94
573120,52.56
573121,66.22
573123,55.33
573125,51.3
573129,45.29
573136,46.05
573139,43.56
573140,48.94
573146,47.85
573147,53.79
573149,54.48
573150,56.07
573153,52.73
573156,40.74
573157,50.71
573158,53.4
573161,49.61
573162,62.52
573163,63.98
573165,48.46
573173,46.25
573175,47.71
573177,37.24
573179,51.76
573180,45.12
573183,50.38
573184,42.15
573187,50.2
573190,44.57
573193,56.29
573194,45.13
573196,40.97
573199,51.61
573201,62.97
573203,47.38
573205,49.85
573209,61.26
573210,43.23
573211,37.32
573212,59.14
573214,47.34
573218,50.44
573220,43.1
573222,48.94
573223,44.44
573224,66.5
573226,60.55
573236,42.32
573238,52.99
573239,43.39
573241,53.29
573242,59.19
573245,55.08
573246,42.51
573247,22.35
573250,50.77
573251,49.04
573252,53.99
573255,59.89
573259,52.34
573261,44.86
573269,49.85
573288,46.91
573289,37.6
573349,41.75
573350,68.17
573430,47.79
573468,43.7
573471,49.75
573475,41.39
573490,49.25
573509,47.21
573572,49.67
573573,49.7
573574,65.84
573575,58.84
573576,36.99
573580,47.48
573587,49.5
573608,51.16
573610,49.5
573617,44.97
573618,58.06
573619,42.5
573622,37.38
573623,48.51
573625,51.31
573626,51.35
573628,48.96
573629,65.2
573630,51.78
573631,52.97
573635,46.49
573640,63.05
573649,47.34
573650,48.58
573656,50.72
573657,47.95
573661,58.53
573669,61.81
573674,48.38
573675,49.46
573676,48.54
573678,49.01
573748,51.69
573788,49.25
573849,48.84
573968,33.52
573988,31.99
574009,59.53
574629,46.21
574631,63.83
574709,46.6
574836,44.55
574846,60.13
574869,40.13
574870,48.49
574871,38.7
574888,55.64
574908,52.82
575008,56.75
575071,54.77
575091,47.54
575169,48.25
575249,55.09
575309,41.94
575311,46.06
575312,46.56
575348,54.52
575408,48.91
575409,33.86
575410,60.81
575508,46.39
575529,52.29
575589,57.37
575608,49.67
575648,59.33
575768,49.37
575770,51.07
575828,54.61
575928,63.84
575930,61.33
576128,49.85
576169,46.48
576228,53.32
576396,67.92
576403,64.19
576405,55.77
576468,46.91
576708,58.13
576848,52.71
577011,56.77
577029,56.1
577568,46.39
577748,46.84
578088,49.55
578268,46.48
578569,53.2
578628,53.64
578649,47.89
578651,46.63
578652,58.17
578655,49.49
578656,54.81
578658,51.02
578659,42.6
579009,42.42
579208,52.2
579228,48.61
579748,42.55
581532,66.93
581660,59.0
581662,56.28
581666,62.7
581673,50.86
581680,52.05
581685,63.28
584511,52.64
585133,65.17
585251,62.68
587894,47.59
590271,59.63
590851,37.62
591615,39.85
591616,51.22
591617,44.29
591618,67.31
591619,54.79
591620,61.31
591677,42.26
591678,57.33
591679,44.47
591680,53.51
591681,43.49
591682,43.54
591683,49.9
591694,50.9
591695,50.93
591696,69.2
591697,40.29
591699,51.49
591709,54.52
591711,50.54
591713,33.05
591714,50.33
591715,50.11
591716,50.79
591717,48.58
591718,50.88
591719,42.94
591722,62.87
591737,51.97
591738,50.24
591739,57.81
591740,50.3
591758,60.6
591759,54.04
591760,58.78
591761,49.52
591974,50.35
591998,57.15
592097,59.44
592098,42.14
592105,50.31
592108,50.73
592111,45.6
592112,71.88
592113,51.73
592117,41.98
592146,55.63
592147,46.39
592149,56.44
592153,58.18
592154,44.85
592167,43.0
592174,57.82
592175,50.0
592184,44.9
592185,49.62
592186,55.26
592189,58.94
592194,63.56
592196,40.47
592198,50.32
592199,56.87
592201,47.05
592205,58.61
592218,46.3
592221,44.81
592227,35.54
592231,35.59
592235,41.6
592237,45.37
592243,49.56
592247,52.26
592256,36.65
592259,46.97
592260,46.18
592263,50.16
592264,45.66
592268,61.91
592269,42.37
592270,53.15
592277,45.91
592284,45.69
592286,51.59
592289,42.39
592300,55.08
592301,49.97
592304,52.11
592311,59.84
592312,58.58
592313,54.77
592328,40.9
592342,46.6
592343,46.84
592344,53.64
592356,62.78
592365,64.33
592383,69.98
592388,55.66
592394,56.2
592406,35.1
592409,49.63
592410,57.63
592413,53.99
592416,50.95
592417,49.79
592424,46.78
592429,44.51
592430,57.27
592435,39.68
592442,65.16
592443,58.58
592445,59.98
592456,55.91
592457,62.46
592465,49.55
592469,56.54
592472,48.23
592478,57.54
592481,50.5
592486,44.89
592487,40.93
592488,58.41
592491,56.8
592495,55.52
592496,41.37
592500,46.66
592502,55.94
592506,56.68
592507,42.16
592535,46.2
592542,36.04
592551,51.46
592576,73.86
592577,66.86
592582,50.61
592583,53.38
592585,44.28
592587,49.2
592594,44.98
592600,64.96
592604,46.73
592608,44.69
592611,37.82
592624,38.88
592629,60.68
592636,34.45
592637,55.28
592638,57.72
592646,54.89
592652,47.58
592655,55.88
592657,47.62
592671,50.5
592674,59.88
592675,50.03
592691,51.2
592692,57.2
592698,51.98
592701,45.4
592711,37.44
592713,44.44
592714,59.33
592715,48.03
592723,60.81
592725,53.75
592729,65.67
592734,55.59
592738,61.59
592740,48.43
592745,45.48
592750,47.63
592751,44.44
592762,50.57
592765,64.13
592766,37.68
592768,54.08
592770,47.58
592772,43.69
592775,54.02
592787,48.5
592788,52.61
592798,42.31
592801,61.97
592803,46.41
592806,44.06
592810,39.88
592813,49.14
592822,62.37
592828,42.63
592829,49.03
592830,40.76
592852,50.79
592861,54.41
592864,45.33
592868,36.92
592874,50.12
592875,33.51
592876,49.14
592881,60.6
592883,67.68
592893,35.64
592897,65.95
593132,49.53
593133,45.0
593134,33.91
593137,63.5
593138,53.15
593139,58.02
593143,56.64
593145,47.72
593146,46.89
593148,62.26
593164,53.42
593165,47.73
593332,53.84
593340,46.57
593341,47.2
593343,48.12
593344,63.48
593345,67.86
593347,56.43
593348,42.89
593350,52.75
593352,47.26
593354,51.88
593355,45.4
593358,51.85
593359,56.8
593360,49.99
593361,65.53
593362,49.05
593363,50.94
593364,45.25
593365,41.17
593374,64.64
593375,49.96
593376,52.55
593377,65.85
593379,65.54
593380,53.21
593381,48.75
593382,48.65
593392,43.08
593393,53.69
593421,40.68
593426,56.86
593427,49.01
593429,55.63
593430,53.86
593431,44.78
593432,63.91
593433,46.71
593434,55.89
593436,78.89
593441,53.23
593444,46.24
593445,50.55
593446,52.67
593447,43.1
593448,48.1
593449,46.61
593450,55.68
593451,48.04
593452,45.25
593453,48.39
593454,62.81
593455,55.54
593456,46.56
593457,44.83
593459,54.37
593468,38.98
593469,64.49
593470,45.68
593471,57.45
593485,52.47
593489,49.97
593492,44.14
593493,52.14
593494,48.99
593496,52.12
593497,64.11
593498,46.63
593499,45.36
593500,58.44
593501,29.29
593502,46.28
593503,46.54
593511,49.95
593514,44.65
593516,43.17
593517,48.21
593518,51.68
593519,53.84
593520,51.64
593521,51.38
593522,55.02
593524,60.4
593526,47.98
593529,55.24
593530,66.04
593531,47.9
593584,48.46
593585,58.72
593587,73.18
593588,57.71
593589,50.26
593591,36.19
593592,60.66
593593,49.75
593595,57.04
593596,58.76
593603,54.08
593606,48.5
593609,58.35
593612,52.14
593614,51.24
593616,58.61
593617,46.47
593620,47.24
593623,48.69
593625,49.86
593626,50.25
593627,45.39
593630,55.37
593631,51.16
593636,59.05
593638,65.17
593639,50.15
593640,47.97
593642,43.81
593644,68.86
593645,49.4
593646,45.88
593648,58.96
593650,46.87
593653,55.24
593655,51.27
593659,51.06
593661,44.99
593663,59.95
593670,43.89
593680,46.84
593681,51.15
593682,49.95
593683,50.72
593684,48.9
593685,44.37
593696,49.5
593697,49.67
593698,52.0
593699,52.95
593701,35.65
593720,51.47
593731,49.29
593732,52.74
593733,57.43
593734,51.53
593735,72.97
593737,43.67
593738,39.1
593755,43.93
593756,72.59
593757,59.25
593758,43.21
593772,70.31
593773,60.75
593774,59.03
593775,53.96
593776,61.02
593777,53.01
593790,48.59
593791,50.78
593792,54.87
593793,48.88
593794,29.66
593795,45.58
593796,57.39
593797,50.28
593798,61.75
593799,63.24
593800,54.72
593802,64.32
593803,53.4
593804,41.83
593806,55.72
593807,52.89
593809,51.21
593811,53.98
593814,48.17
593816,48.88
593819,57.71
593823,50.22
593824,69.94
593825,50.8
593826,60.65
593827,62.2
593828,68.23
593829,48.2
593835,52.13
593836,74.77
593837,61.38
593838,55.6
593839,56.24
593851,55.08
593891,66.38
593912,50.9
593951,65.22
593953,67.48
593955,49.2
593957,47.07
593961,26.85
593962,50.55
593963,63.11
593964,50.1
593965,61.41
593966,45.71
593983,53.09
593984,57.09
593985,53.57
593986,45.21
593994,49.71
593995,65.12
593996,50.6
593997,47.14
594012,52.12
594013,72.15
594014,49.43
594015,57.51
594018,50.51
594019,42.21
594020,48.63
594021,61.6
594024,45.0
594025,49.52
594029,45.07
594031,51.77
594032,58.93
594053,57.91
594054,42.35
594057,48.98
594091,66.93
594092,47.17
594093,35.47
594139,58.16
594178,47.72
594180,61.64
594181,43.62
594191,42.94
594193,53.09
594194,56.05
594196,48.3
594211,42.54
594271,65.02
594562,54.49
594574,52.55
594587,56.81
594611,52.09
594612,52.59
594691,54.41
594693,50.11
594697,49.44
594711,55.23
594731,32.28
594733,42.61
594740,41.14
594741,47.62
594743,38.71
594745,62.2
594749,48.75
594751,52.17
594755,46.31
594763,57.59
594766,48.16
594767,55.7
594770,48.13
594771,45.17
594775,52.3
594778,43.72
594781,62.38
594785,52.03
594786,50.18
594787,35.05
594790,61.4
594793,55.08
594797,54.6
594808,62.37
594810,36.05
594811,45.31
594814,44.46
594816,52.81
594819,55.98
594830,61.53
594831,43.28
594832,36.47
594836,40.02
594845,55.09
594849,46.15
594851,54.48
594854,38.8
594859,51.42
594860,55.48
594862,47.54
594865,53.83
594872,50.16
594873,52.83
594882,50.11
594885,44.27
594886,61.13
594888,68.0
594889,52.76
594892,52.29
594894,44.6
594895,51.31
594896,34.05
594897,53.8
594898,76.98
594900,45.75
594904,46.47
594905,46.45
594906,54.12
594907,51.26
594909,62.1
594910,37.37
594912,50.82
594913,63.9
594914,50.99
594918,32.06
594919,58.75
594920,53.71
594923,50.72
594924,64.59
594927,53.85
594929,34.88
594931,61.03
594933,40.03
594934,41.19
594935,61.77
594937,49.35
594938,51.08
594939,48.38
594941,52.15
594944,55.55
594945,46.14
594947,59.38
594948,35.48
594949,56.03
594950,60.16
594957,49.31
594960,54.54
594962,55.64
594964,45.29
594966,47.99
594969,44.04
594970,47.52
594971,48.15
594973,52.05
594974,46.85
594980,43.55
594982,48.82
594983,57.21
594990,51.21
594994,67.38
594995,36.15
594999,50.65
595008,42.56
595009,48.73
595010,61.81
595020,48.52
595021,48.15
595026,42.03
595030,56.15
595031,42.28
595033,47.16
595041,45.5
595105,43.7
595108,52.46
595109,57.63
595111,59.84
595112,53.46
595115,60.2
595122,48.23
595123,45.46
595125,60.55
595129,55.66
595130,49.8
595132,45.59
595140,43.56
595141,56.35
595143,57.84
595158,69.69
595164,47.29
595171,55.84
595172,52.37
595174,47.9
595176,65.37
595179,52.09
595181,40.12
595183,45.57
595187,54.6
595190,48.53
595193,41.7
595195,35.77
595198,39.54
595199,68.86
595202,46.05
595207,51.63
595210,46.01
595212,49.41
595213,42.28
595216,48.71
595217,55.6
595221,41.58
595232,46.99
595233,54.15
595242,48.39
595243,43.71
595246,46.99
595250,45.43
595252,52.92
595261,56.39
595265,47.57
595267,60.56
595273,28.45
595275,41.38
595283,42.85
595286,49.74
595291,60.49
595293,45.62
595295,43.53
595304,51.82
595308,51.04
595309,53.54
595314,37.99
595317,48.54
595326,51.9
595327,43.72
595330,49.46
595339,54.31
595343,45.77
595344,41.11
595346,50.75
595349,69.16
595351,50.08
595356,48.83
595359,42.41
595361,39.91
595369,60.7
595372,54.45
595377,44.76
595378,54.93
595379,49.08
595381,48.04
595383,52.88
595394,35.36
595400,50.35
595403,49.73
595409,52.86
595419,51.79
595420,49.95
595433,49.53
595434,50.12
595436,46.2
595437,58.14
595438,62.12
595439,65.01
595444,45.77
595445,51.91
595449,51.64
595450,53.84
595452,46.96
595461,47.55
595462,51.87
595467,49.07
595470,56.22
595472,44.94
595474,53.4
595532,45.25
595533,44.71
595611,57.26
595615,53.37
595616,50.47
595691,53.02
595711,45.27
595776,55.04
595791,49.61
595831,52.08
595832,49.54
595834,36.32
595835,53.28
595854,44.15
595858,57.99
595859,47.93
595871,41.36
595874,31.2
595878,48.77
595887,44.96
595890,55.99
595895,51.46
595916,52.1
595920,40.89
595926,44.1
595929,52.8
595937,53.35
595938,59.71
595945,39.67
595957,62.66
595958,58.87
595967,44.69
595968,45.91
595973,39.31
595974,45.18
595982,48.74
595999,50.27
596006,50.78
596018,49.48
596020,52.8
596023,47.26
596028,55.34
596037,54.12
596048,33.76
596051,53.09
596053,51.69
596062,48.34
596066,49.53
596068,58.99
596069,55.84
596080,61.51
596088,60.76
596096,47.53
596098,50.09
596107,66.03
596109,48.03
596113,50.43
596122,55.13
596130,49.42
596131,44.26
596132,54.07
596135,56.31
596136,43.25
596145,46.89
596272,47.46
596303,53.0
596306,45.04
596307,54.01
596313,43.46
596334,47.15
596335,48.7
596551,62.08
596571,64.38
596691,45.79
596692,52.24
596712,51.7
596713,49.78
596723,55.66
596725,49.08
596726,44.64
596727,55.48
596728,41.68
596732,47.74
596733,49.32
596734,50.47
596735,49.19
596736,41.49
596737,50.06
596739,48.68
596790,48.7
596791,47.07
596800,44.66
596801,53.1
596804,53.6
596807,44.61
596810,46.82
596813,43.56
596817,57.44
596819,51.22
596831,49.12
596840,43.3
596844,54.91
596846,50.01
596848,55.53
596849,47.51
596855,50.25
596860,53.73
596861,47.18
596862,49.39
596874,63.74
596875,47.24
596876,51.32
596880,51.55
596881,38.15
596882,44.11
596953,49.46
597017,46.36
597053,48.74
597111,47.83
597131,60.51
597153,45.3
597292,48.97
597293,46.91
597471,58.65
597633,50.16
597671,46.46
597691,45.86
597692,54.95
597711,48.19
597895,52.26
597912,56.64
597913,58.06
597971,49.45
598020,48.69
598021,49.43
598115,44.96
598158,48.25
598214,59.67
598216,61.47
598288,53.51
598290,61.23
598342,57.69
598415,48.33
598460,65.3
598461,61.3
598463,46.49
598466,56.87
598467,52.11
598468,49.48
598469,50.64
598513,57.59
598517,76.44
598558,45.63
598616,48.95
598623,60.84
598717,50.82
598723,44.54
598724,62.7
598766,52.05
598878,48.81
598879,48.37
598900,49.15
599411,49.39
599413,52.74
599415,35.84
599476,55.51
599478,51.09
599479,54.74
599480,60.29
599483,43.19
599659,55.67
599697,43.74
599726,53.59
599813,71.45
599912,44.39
600000,48.83
600151,48.06
600253,48.27
600290,52.66
600294,52.09
600353,38.48
600384,42.63
600467,48.66
600475,54.46
600476,50.84
600478,55.77
600479,52.65
600480,51.08
600481,58.83
600852,48.2
600855,49.99
600856,44.44
600857,50.65
600859,48.75
600861,54.26
600862,43.79
600865,46.28
600866,53.79
600871,44.16
600873,48.85
600874,54.43
600875,65.89
600876,50.5
600877,59.79
600878,52.32
600879,59.37
600880,56.34
600882,56.05
600886,53.8
600891,41.96
600892,28.17
600896,47.64
600898,59.85
600900,54.45
600902,74.83
600903,56.98
600904,49.45
600905,47.48
600906,51.05
600907,43.2
600908,49.3
600909,38.25
600910,69.3
600912,55.1
600913,56.78
600916,49.52
600919,50.23
600926,40.08
600929,59.1
600930,44.07
600931,43.68
600935,63.39
600937,46.51
600938,51.01
600943,58.5
600945,52.26
600946,47.24
600947,71.01
600948,58.84
600950,46.75
600951,53.78
600953,34.17
600955,49.9
600957,54.57
600958,44.43
600960,48.73
600961,50.91
600962,49.81
600964,43.9
600966,48.7
600967,37.09
600969,47.89
600971,73.54
600972,51.56
600973,41.07
600974,61.73
600975,59.37
600977,54.35
600979,63.26
600982,49.21
600985,49.82
601696,49.97
601702,50.28
601705,37.82
601707,48.22
601711,52.51
601712,18.27
601714,44.85
601719,51.99
601721,34.07
601722,41.99
601971,59.77
601972,66.92
601974,56.58
601975,46.88
601976,54.15
601977,51.76
601979,49.55
601983,50.11
601984,51.14
602027,54.87
602028,55.71
602072,50.47
602075,69.85
602076,55.57
602078,43.16
602079,33.64
602081,42.11
602084,34.0
602096,58.55
602097,47.99
602098,61.94
602102,44.69
602103,54.4
602106,49.95
602112,36.02
602113,54.87
602114,45.56
602116,62.86
602124,50.29
602128,51.65
602129,51.02
602133,51.96
602136,34.64
602138,48.82
602514,49.53
602716,61.29
602717,49.29
602724,49.22
602725,58.98
602727,54.87
602851,50.43
602924,57.55
602971,48.51
602992,26.84
602994,53.04
602995,46.21
603011,45.65
603072,52.44
603115,54.14
603197,44.34
604600,50.04
604811,46.06
605098,68.4
605099,55.76
605101,63.97
605102,72.07
605103,60.05
605112,55.17
605118,50.77
605127,65.67
605132,44.11
605136,53.57
605139,47.24
605142,56.92
605145,50.05
605148,62.66
605153,52.64
605162,52.28
605193,30.66
605201,48.73
605203,40.3
605205,31.92
605207,50.84
605208,40.0
605212,56.95
605213,49.18
605214,60.46
605215,48.81
605216,50.88
605221,37.5
605231,46.73
605238,46.81
605241,39.35
605247,40.91
605248,53.93
605250,55.35
605251,52.72
605256,32.7
605262,39.47
605264,48.61
605265,47.87
605266,57.13
605271,32.36
605279,46.71
605298,47.55
605299,37.05
605305,49.67
605306,50.55
605308,54.22
605313,48.33
605318,51.5
605343,60.48
605356,52.17
605358,52.1
605360,72.33
605363,45.66
605364,40.81
605365,59.27
605366,48.52
605369,66.33
605370,54.73
605373,44.12
605378,55.67
605380,64.18
605381,58.65
605382,54.29
605387,49.13
605390,50.09
605395,50.28
605402,60.8
605407,38.16
605408,46.28
605413,47.53
605415,70.15
605417,48.77
605425,53.63
605432,63.8
605438,51.18
605440,56.77
605443,46.32
605449,60.81
605450,36.41
605451,50.4
605456,46.71
605462,46.74
605465,46.71
605466,58.76
605478,57.44
605487,47.25
605499,49.81
605502,45.31
605505,44.11
605514,46.17
605523,49.13
605530,57.07
605543,46.47
605544,52.1
605547,58.16
605611,74.04
605613,64.15
605614,63.88
605615,61.84
605631,48.97
605632,47.33
605657,46.02
605658,55.15
605711,52.72
605893,47.14
605898,51.0
606104,49.6
606108,47.32
606109,44.01
606111,47.91
606113,44.27
606114,34.92
606116,49.23
606120,48.48
606121,53.68
606124,47.58
606125,48.49
606126,52.34
606128,46.8
606129,60.66
606130,68.89
606133,40.8
606134,45.8
606138,52.92
606139,47.89
606142,49.16
606143,56.19
606144,39.59
606145,49.7
606148,46.6
606150,47.77
606151,41.03
606155,58.66
606158,49.85
606163,50.54
606164,48.41
606168,58.88
606169,51.02
606173,47.66
606174,56.05
606175,44.67
606177,54.05
606179,70.3
606180,51.1
606185,37.42
606186,55.37
606189,56.73
606191,59.47
606194,54.56
606196,56.91
606200,58.05
606204,48.17
606205,62.98
606209,54.01
606216,58.61
606220,49.07
606223,57.1
606225,51.55
606226,29.0
606232,50.93
606233,62.02
606236,44.66
606238,44.81
606240,51.37
606242,22.17
606243,52.62
606250,50.01
606255,43.87
606256,46.31
606257,50.33
606258,44.91
606259,76.69
606261,47.74
606262,41.07
606263,45.25
606266,55.13
606267,42.75
606268,46.93
606270,55.97
606272,65.48
606275,56.1
606281,79.31
606297,58.79
606298,49.97
606301,49.31
606309,45.98
606310,42.78
606311,56.96
606312,48.62
606313,50.35
606316,62.92
606319,44.11
606320,46.16
606321,51.9
606322,50.51
606323,54.44
606324,36.09
606325,48.63
606328,48.96
606329,59.62
606330,46.91
606331,65.93
606333,56.33
606335,40.49
606340,64.91
606342,47.47
606468,54.55
606470,60.57
606472,49.19
606475,57.16
606477,60.45
606483,46.51
606484,44.58
606489,50.19
606580,63.82
606623,48.87
606624,47.84
606668,49.17
606724,50.03
606725,61.68
606926,43.52
606928,42.94
606933,40.18
606939,51.92
606947,43.92
606949,47.69
606967,38.33
606979,50.48
606980,51.06
606987,63.72
606997,46.93
607005,53.71
607008,52.86
607009,43.83
607015,50.39
607021,46.42
607027,47.3
607032,43.29
607041,41.35
607044,50.48
607051,59.56
607062,59.87
607077,54.97
607081,59.95
607082,39.56
607086,47.03
607088,53.81
607090,36.13
607093,50.53
607095,53.21
607096,46.72
607100,43.58
607105,40.66
607109,55.43
607113,51.52
607115,53.16
607160,51.13
607163,61.54
607164,53.47
607165,46.15
607168,50.88
607169,42.44
607170,46.18
607172,43.41
607173,37.68
607174,52.49
607175,40.43
607178,53.59
607181,50.95
607182,56.16
607183,47.72
607185,45.24
607190,68.61
607191,45.88
607195,44.38
607197,43.22
607198,49.2
607199,48.62
607206,56.14
607207,60.32
607210,39.7
607211,40.94
607221,44.39
607230,59.52
607232,51.86
607233,46.99
607235,47.56
607239,47.4
607240,58.87
607241,43.29
607242,50.45
607248,39.8
607253,51.22
607255,44.2
607256,55.73
607261,49.93
607262,49.2
607264,52.04
607265,45.6
607266,53.87
607267,53.67
607268,53.04
607269,53.32
607270,48.34
607273,49.36
607274,51.63
607276,48.05
607279,57.2
607281,42.88
607282,49.85
607283,47.41
607287,52.58
607288,49.2
607289,56.74
607290,45.14
607296,57.33
607298,60.66
607299,54.67
607301,57.65
607302,58.54
607304,43.59
607307,50.09
607310,54.67
607311,52.98
607314,45.79
607315,50.2
607318,49.58
607321,43.88
607322,57.5
607324,46.05
607327,47.2
607332,55.81
607339,57.7
607340,52.66
607341,51.21
607342,45.13
607343,45.62
607347,52.14
607351,59.7
607355,53.64
607356,61.27
607357,57.81
607358,46.66
607361,45.13
607365,59.93
607370,46.03
607372,53.78
607376,50.4
607380,53.76
607382,38.04
607384,22.54
607388,51.46
607389,64.12
607390,46.53
607398,74.84
607399,49.28
607400,47.6
607402,47.2
607404,51.59
607407,44.48
607409,53.27
607410,55.57
607413,55.14
607423,45.07
607424,51.11
607425,33.11
607426,63.65
607427,49.83
607432,52.06
607435,48.21
607437,57.93
607438,44.44
607439,59.25
607440,63.25
607446,50.1
607449,45.03
607454,53.52
607459,50.08
607464,46.47
607467,40.75
607470,46.57
607472,48.92
607475,59.0
607476,63.82
607479,43.19
607486,51.96
607490,50.15
607494,52.07
607495,53.24
607496,49.35
607497,51.13
607499,43.18
607500,58.52
607503,49.3
607508,32.99
607518,50.38
607519,46.77
607520,43.79
607521,55.03
607523,47.78
607525,52.96
607526,45.26
607531,53.02
607532,50.93
607534,47.88
607537,49.99
607538,62.06
607541,47.84
607547,42.55
607550,50.01
607557,58.85
607564,41.93
607570,44.52
607575,53.11
607578,49.5
607581,50.52
607583,48.68
607586,43.69
607588,50.25
607590,40.15
607593,47.18
607594,51.65
607599,48.81
607603,45.88
607604,43.25
607607,50.82
607612,51.3
607613,48.25
607614,56.63
607616,53.02
607618,52.21
607621,62.21
607622,48.87
607623,52.41
607630,46.78
607632,47.35
607633,50.84
607635,54.77
607637,47.81
607645,53.61
607649,44.56
607657,42.58
607659,49.32
607660,45.24
607661,47.2
607662,52.17
607669,54.75
607670,52.38
607671,53.92
607674,51.25
607687,51.26
607690,39.54
607694,50.33
607696,48.63
607700,59.44
607703,57.49
607704,50.19
607708,41.98
607714,56.42
607722,45.32
607728,54.17
607733,55.43
607738,43.45
607739,64.78
607741,64.17
607743,53.36
607744,45.47
607747,46.11
607748,48.66
607750,48.61
607766,58.99
607768,43.41
607769,46.87
607770,60.58
607771,36.38
607774,55.89
607780,58.38
607781,53.83
607786,51.89
607873,47.46
607875,48.02
607893,59.28
607898,46.82
607900,46.76
607902,69.63
607946,47.83
607949,58.59
607950,50.55
607952,53.0
607966,46.19
607967,42.59
607973,34.6
607974,51.42
607975,33.33
607976,32.57
607977,67.12
607978,64.91
607979,51.79
607980,53.35
608024,48.09
608047,50.58
608049,50.15
608055,42.14
608056,53.62
608060,48.73
608065,49.35
608067,48.1
608068,49.51
608069,71.22
608073,45.94
608079,50.53
608080,60.48
608083,41.47
608087,51.2
608091,55.5
608102,49.54
608105,31.87
608106,53.24
608108,58.73
608160,42.53
608161,49.4
608173,48.83
608232,51.13
608276,49.97
608282,42.8
608283,57.0
608327,46.65
608329,28.59
608330,56.23
608340,39.45
608351,43.33
608353,58.76
608356,54.35
608364,36.64
608376,49.89
608380,46.74
608382,56.2
608383,46.98
608413,52.34
608416,45.93
608418,54.4
608421,45.11
608467,32.0
608473,52.33
608563,47.99
608565,52.24
608570,49.92
608572,49.84
608585,44.0
608588,53.1
608593,48.06
608594,52.98
608600,44.14
608602,50.42
608608,70.56
608618,40.0
608620,48.68
608623,65.28
608626,57.62
608627,57.88
608631,48.95
608632,49.43
608644,46.72
608647,51.58
608649,61.28
608660,52.09
608663,65.45
608666,62.25
608667,46.68
608669,58.99
608675,54.19
608683,33.69
608685,53.38
608687,61.12
608689,57.91
608711,54.47
608719,59.87
608721,54.91
608724,45.71
608727,47.87
608730,49.25
608736,45.72
608743,37.87
608745,51.72
608759,46.08
608763,54.72
608766,43.78
608779,52.49
608889,57.39
608890,47.84
608958,43.83
609002,56.74
609052,59.17
609103,54.5
609106,52.11
609113,49.61
609217,49.21
609263,40.94
609264,42.35
609265,48.96
609267,62.99
609268,45.89
609270,69.92
609272,55.5
609273,41.71
609281,62.82
609282,44.55
609284,63.57
609457,60.09
610141,49.0
611094,57.71
611319,75.11
611469,47.93
611470,50.45
612315,53.83
612433,45.15
612451,40.48
612543,46.3
612793,47.69
612794,44.93
612795,54.21
612796,61.77
612972,38.9
612973,51.76
613232,53.47
613480,63.47
613535,45.86
613545,54.3
613546,50.66
613551,52.81
613553,42.94
613557,42.99
613566,49.06
613567,51.41
613571,45.39
613587,47.44
613588,45.72
613593,53.74
613594,41.46
613595,62.65
613596,52.81
613667,48.34
613669,52.29
614171,55.14
614182,51.42
615690,54.94
615694,48.03
615696,50.07
615697,56.98
615702,60.01
615703,41.39
617367,48.53
617658,50.28
618085,69.64
618129,46.37
620438,63.0
620440,63.17
620441,48.73
620442,64.41
620444,72.41
620447,47.81
620448,55.22
620449,70.34
620450,49.25
620452,46.02
620455,45.56
620456,37.87
620987,70.89
620988,47.19
620989,52.14
620990,61.07
620991,47.58
620992,49.2
620993,54.4
620994,60.25
620995,41.55
620996,54.71
620997,45.21
620998,55.09
621000,55.89
621001,51.7
621004,65.71
621007,47.83
621009,51.68
621012,48.0
621015,48.55
621017,42.33
621019,49.96
621023,42.03
621025,63.62
621027,40.38
621034,49.26
621036,53.0
621037,50.26
621040,48.03
621041,52.61
621042,65.14
621072,49.16
621106,42.28
621152,43.54
621169,36.72
621203,47.75
621217,49.45
621309,42.44
621310,56.4
621313,29.59
621316,57.13
621323,45.01
621324,60.41
621325,48.69
621328,61.2
621377,45.5
621415,50.71
621416,65.23
621420,65.58
621425,43.07
621429,44.89
621431,52.78
621432,54.25
621436,47.65
621437,42.23
621442,34.81
621443,55.33
621445,42.42
621447,51.65
621448,47.83
621449,39.24
621451,40.76
621452,48.94
621456,52.88
621457,32.29
621460,69.0
621462,50.79
621463,46.16
621465,47.5
621468,59.26
621469,44.13
621470,47.63
621476,31.71
621477,49.04
621478,42.94
621479,36.88
621480,45.85
621481,54.77
621483,42.01
621485,33.77
621486,64.72
621487,28.45
621488,48.17
621489,44.89
621490,72.86
621492,41.69
621497,50.34
621499,50.34
621505,44.37
621507,31.37
621508,46.61
621511,52.11
621513,52.54
621515,42.11
621519,57.79
621520,55.84
621521,66.56
621522,59.46
621525,53.44
621526,55.53
621528,40.51
621531,57.09
621533,64.32
621535,47.49
621536,48.86
621546,58.98
621551,52.58
621553,49.68
621554,51.74
621556,57.46
621560,48.3
621561,46.76
621562,50.04
621564,38.96
621570,61.74
621572,39.07
621574,49.59
621575,55.8
621577,46.57
621584,76.29
621585,59.91
621586,49.79
621587,68.96
621588,62.98
621589,48.34
621591,41.75
621597,39.02
621598,77.97
621599,39.46
621662,54.86
621663,71.74
621705,55.53
622010,58.57
622012,55.84
622017,57.67
622040,49.92
622047,58.02
622049,59.86
622050,49.88
622052,61.27
622053,45.58
622057,55.37
622058,45.95
622060,55.78
622061,68.19
622063,50.2
622074,47.32
622108,32.01
622109,54.21
622111,44.29
622112,46.32
622114,49.64
622158,44.04
622159,52.53
622160,50.94
622171,72.54
622172,49.74
622173,42.97
622175,49.65
622178,52.91
622179,38.35
622181,53.88
622182,52.79
622183,69.05
622184,52.4
622185,42.47
622186,43.78
622189,36.12
622190,53.32
622192,44.49
622196,58.25
622197,49.06
622199,32.77
622200,48.67
622202,34.85
622207,49.41
622208,51.28
622209,52.64
622211,58.44
622212,45.87
622215,39.33
622227,59.04
622228,49.67
622246,43.64
622266,60.07
622269,54.07
622272,55.06
622275,52.88
622332,48.47
622336,64.62
622337,45.81
622351,56.12
622356,55.74
622359,49.78
622360,62.69
622361,50.9
622362,53.57
622364,50.12
622366,62.19
622367,51.94
622368,52.29
622369,63.41
622371,48.69
622374,50.98
622375,56.18
622376,50.4
622377,47.46
622387,47.96
622390,52.08
622391,57.41
622393,50.0
622395,55.08
622398,67.57
622404,52.93
622406,49.34
622409,49.55
622410,29.35
622428,47.51
622429,45.79
622435,49.19
622437,56.54
622440,54.35
622443,55.2
622445,59.39
622448,44.51
622449,47.65
622451,47.41
622453,51.87
622454,39.71
622455,49.48
622457,40.8
622458,37.23
622460,45.85
622461,46.24
622463,59.08
622466,49.3
622468,30.46
622470,50.8
622473,44.58
622474,45.08
622482,48.18
622483,50.31
622488,63.64
622496,52.44
622498,56.15
622506,48.12
622511,32.15
622513,60.75
622516,54.32
622518,42.34
622520,60.23
622521,50.03
622525,48.07
622529,48.29
622530,50.4
622531,48.55
622533,47.17
622535,50.15
622536,51.8
622537,49.56
622538,46.11
622539,44.59
622541,46.48
622543,52.0
622544,66.96
622546,56.95
622548,46.33
622549,50.09
622550,63.67
622551,54.1
622553,56.04
622557,58.52
622559,51.63
622561,49.43
622563,51.26
622564,50.56
622568,58.31
622570,44.73
622574,51.9
622575,47.74
622577,42.44
622578,59.28
622579,61.89
622580,49.01
622581,51.76
622582,55.54
622583,57.83
622584,52.54
622585,47.36
622587,41.1
622588,52.86
622590,51.76
622593,56.89
622603,57.97
622611,50.86
622612,56.65
622653,54.94
622654,56.29
622655,68.51
622658,52.79
622660,53.48
622664,47.07
622665,49.1
622669,56.07
622670,50.5
622672,52.11
622673,53.95
622674,42.13
622676,55.86
622678,53.28
622681,48.74
622684,44.13
622686,58.55
622687,43.46
622688,49.52
622689,46.07
622690,55.77
622691,55.88
622692,50.08
622693,48.14
622698,51.44
622699,43.57
622700,40.56
622702,47.4
622710,58.76
622711,45.91
622712,57.71
622714,51.3
622715,43.94
622716,44.26
622720,53.08
622721,42.51
622722,53.78
622723,48.07
622724,49.62
622725,41.46
622726,68.79
622729,61.63
622730,59.18
622731,49.58
622732,32.45
622733,53.79
622736,50.43
622737,51.91
622738,64.22
622747,40.06
622755,54.36
622756,53.82
622757,69.7
622758,48.13
622759,33.82
622760,60.4
622762,46.31
622763,49.73
622764,55.5
622765,43.24
622767,30.19
622768,47.05
622769,34.85
622778,44.04
622779,62.51
622787,71.15
622788,61.24
622794,68.75
622796,47.15
622798,48.09
622801,39.11
622802,72.23
622803,22.36
622805,34.84
622806,60.76
622807,37.59
622808,52.65
622811,57.39
622813,57.81
622814,64.64
622816,59.24
622817,57.9
622818,51.03
622819,45.74
623145,69.45
623146,47.25
623148,61.13
623150,55.26
623153,54.25
623154,51.77
623155,61.22
623156,52.07
623157,54.8
623159,67.3
623160,54.12
623164,60.2
623169,52.36
623170,46.3
623171,44.97
623173,59.86
623174,52.34
623178,46.68
623179,48.34
623185,48.48
623187,47.66
623188,78.43
623189,46.11
623191,49.51
623192,47.11
623193,43.26
623194,42.43
623195,42.33
623197,47.18
623201,45.16
623202,49.67
623203,46.19
623207,49.27
623208,45.06
623209,50.01
623210,50.1
623216,47.05
623217,47.56
623219,57.79
623220,57.16
623221,53.63
623222,44.33
623225,55.68
623226,65.25
623227,46.33
623228,52.84
623229,50.89
623230,52.57
623231,50.02
623232,47.07
623234,47.73
623235,46.29
623236,49.71
623237,50.3
623238,54.63
623241,40.08
623246,47.55
623247,48.66
623248,54.2
623249,53.64
623250,61.81
623251,65.24
623252,51.61
623254,51.05
623256,51.17
623257,46.84
623258,46.86
623259,50.32
623260,45.0
623261,47.82
623266,51.66
623267,72.12
623268,56.67
623269,37.57
623270,46.36
623271,51.36
623273,49.74
623274,49.91
623275,42.36
623276,49.64
623277,73.16
623278,49.84
623279,45.32
623280,45.76
623281,40.56
623282,50.71
623283,49.36
623284,39.41
623285,45.83
623287,44.96
623289,46.32
623290,47.96
623293,50.97
623296,55.37
623297,44.07
623298,51.57
623300,48.73
623302,43.56
623303,49.87
623305,55.88
623306,43.07
623308,48.87
623310,49.03
623311,55.72
623312,57.49
623313,55.64
623314,57.71
623316,50.3
623317,62.01
623318,45.77
623319,59.38
623320,52.17
623322,26.49
623324,53.12
623326,51.54
623327,46.68
623328,51.59
623329,40.65
623349,40.6
623371,58.74
623372,46.27
623374,53.4
623375,46.35
623376,49.71
623377,54.6
623379,40.76
623383,52.18
623386,56.32
623391,66.16
623392,55.57
623393,41.4
623394,43.85
623455,39.76
623457,54.33
623490,48.74
623492,41.71
623493,57.6
623494,42.69
623495,47.63
623496,50.48
623497,46.76
623498,49.91
623499,40.54
623501,43.13
623502,42.28
623503,39.67
623504,46.62
623505,70.58
623506,39.8
623509,45.25
623510,57.41
623513,55.48
623516,54.22
623517,54.23
623518,37.89
623519,54.05
623521,40.45
623523,58.15
623610,58.01
623692,45.92
623697,58.03
623698,63.1
623837,37.96
623886,59.96
623895,48.48
623896,40.35
623900,51.43
623903,49.48
623904,48.96
623908,42.7
623911,64.54
623916,51.52
623921,52.04
623922,55.04
623925,41.77
623927,55.73
623928,53.02
623929,53.48
623930,59.52
623936,46.45
623937,52.25
623951,56.16
623966,62.12
623967,45.2
623974,40.78
623976,55.8
623980,53.47
623986,44.94
623988,62.2
623990,51.66
623991,41.1
624004,45.72
624009,58.45
624131,47.19
624132,60.09
624226,48.09
624311,42.93
624399,51.01
624405,19.1
624408,49.59
624416,64.54
624417,55.11
624425,23.69
624426,43.67
624429,65.18
624505,41.52
624506,53.43
624511,48.71
624523,56.9
624526,41.26
624527,43.28
624529,48.56
624531,69.68
624574,46.82
624579,50.04
624580,47.66
624638,41.7
624639,69.08
624640,61.72
624643,50.89
624644,56.87
624645,47.96
624733,49.77
624735,54.32
624736,60.1
624737,53.22
624821,51.33
624826,50.09
624872,54.7
624873,49.43
624879,54.24
624932,49.48
624980,56.39
625070,54.33
625197,57.86
625287,50.78
625330,50.31
625337,53.56
625346,47.94
625347,46.59
625348,48.29
625439,39.47
625506,60.34
625507,54.26
625511,67.37
625600,55.53
625644,50.89
625688,52.92
625879,51.42
625923,56.76
625924,47.51
625925,49.15
625978,46.49
626060,39.38
626797,61.3
626925,36.83
626926,48.37
626931,39.57
626932,50.3
627367,46.34
627696,54.12
627800,49.09
627892,61.09
627893,48.1
628014,50.49
628015,41.26
628119,58.63
628364,49.5
628366,45.0
628650,52.4
628700,53.25
628702,48.47
628703,43.49
628712,42.94
628716,51.79
629492,50.61
629495,47.3
629497,43.38
629499,48.06
629501,50.57
629502,59.07
629504,57.47
630021,48.54
630022,52.02
630026,58.18
630027,48.22
630029,68.92
630033,63.89
630034,59.38
630036,61.06
630039,61.74
630063,38.29
630155,43.99
630271,48.62
631220,46.55
631222,54.16
631223,48.7
631225,47.8
631227,57.1
633706,39.01
633708,52.29
633709,46.79
633830,56.26
633957,51.39
636072,51.28
639658,52.28
640442,48.47
640450,62.28
640453,45.59
640467,48.44
640468,55.65
640469,57.47
640472,45.9
640474,59.97
640475,53.45
640476,49.25
640477,56.43
640478,51.47
640488,73.74
640489,41.66
640490,61.71
640491,66.54
640493,44.38
640494,57.97
640495,58.54
640640,59.63
640641,39.24
640900,57.98
640901,50.43
641288,53.46
641296,49.44
641297,46.4
641298,53.8
641301,59.53
641303,48.56
641305,41.75
641314,44.4
641315,45.79
641317,50.56
641322,39.08
641323,43.57
641336,52.92
641340,53.87
641345,37.12
641351,52.82
641364,49.4
641368,51.7
641376,44.13
641382,36.64
641385,50.28
641391,45.56
641393,39.6
641397,56.79
641400,51.17
641404,30.19
641409,31.76
641412,41.65
641415,52.93
641418,51.83
641431,60.86
641434,46.81
641446,50.57
641453,52.29
641454,49.01
641459,42.98
641461,39.68
641466,49.9
641468,69.32
641471,45.8
641473,36.98
641478,55.88
641486,45.73
641502,58.15
641507,41.3
641515,49.26
641516,53.24
641519,32.32
641520,48.38
641521,54.55
641522,39.69
641524,54.53
641529,55.39
641536,45.02
641538,46.62
641558,50.22
641567,42.47
641569,74.75
641580,51.74
641586,52.99
641588,51.69
641591,47.68
641596,49.8
641599,51.94
641603,46.08
641612,41.17
641620,49.89
641624,50.76
641625,45.48
641631,34.25
641643,48.35
641650,43.81
641674,51.78
641675,48.88
641683,50.97
641685,41.92
641689,52.88
641692,43.45
641707,56.03
641713,32.05
641716,37.99
641720,45.43
641724,47.08
641733,44.92
641735,47.18
641736,62.04
641740,53.25
641742,53.14
641752,48.91
641764,42.36
641770,41.31
641787,41.42
641797,31.7
641802,60.82
641807,55.93
641814,45.36
641823,43.89
641826,41.23
641827,45.64
641830,44.74
641836,50.46
641840,46.49
641842,52.15
641847,45.71
641858,52.03
641862,55.78
641863,47.06
641870,43.37
641875,51.05
641880,55.12
641881,57.18
641882,53.28
641884,63.45
641888,57.04
641891,52.48
641892,46.18
641896,63.83
641898,27.83
641900,43.4
641906,45.73
641908,46.56
641910,48.86
641911,42.73
641913,48.45
641920,48.42
641922,55.36
641923,45.58
641931,52.93
641932,53.14
641938,54.62
641945,54.15
641952,42.35
641953,45.66
641967,48.7
641970,61.42
641971,63.84
641973,38.13
641976,17.11
641991,50.7
642002,47.56
642005,63.59
642007,38.93
642011,55.37
642013,39.47
642014,45.33
642021,50.95
642023,60.83
642024,52.13
642029,37.99
642031,60.67
642038,48.05
642045,55.25
642049,54.74
642054,53.06
642062,51.85
642066,59.68
642069,20.46
642075,51.18
642078,45.45
642079,31.88
642090,39.96
642093,42.65
642114,39.58
642117,34.2
642125,47.58
642126,47.69
642131,49.82
642134,55.61
642140,58.76
642143,34.49
642146,41.62
642170,48.6
642183,48.39
642184,49.67
642198,48.77
642214,43.71
642217,41.02
642220,58.95
642223,27.05
642224,64.24
642227,48.81
642235,45.23
642238,57.28
642267,45.85
642268,47.49
642269,50.12
642270,55.88
642271,63.33
642272,37.15
642273,43.91
642274,62.34
642275,58.84
642276,56.13
642277,48.36
642278,49.92
642279,64.73
642280,47.94
642281,45.14
642282,72.25
642283,54.95
642284,44.96
642285,54.38
642286,53.31
642287,53.41
642288,51.44
642289,46.42
642290,49.77
642291,38.55
642292,35.82
642293,50.88
642294,46.52
642295,39.28
642296,58.32
642297,50.97
642298,49.28
642299,63.23
642300,53.71
642301,54.69
642302,49.62
642303,50.22
642304,54.64
642305,51.68
642306,49.87
642307,57.75
642308,55.81
642309,62.27
642310,51.83
642311,47.65
642312,47.94
642313,58.14
642314,45.52
642315,50.33
642316,52.76
642317,48.04
642318,54.93
642319,50.32
642321,50.22
642322,49.35
642323,40.78
642324,47.81
642325,43.62
642326,54.55
642327,52.65
642328,44.93
642329,48.44
642330,49.75
642331,63.23
642332,47.24
642333,42.75
642334,55.64
642335,65.02
642337,49.29
642338,51.06
642339,58.2
642340,53.4
642341,63.64
642342,53.96
642343,42.7
642344,56.05
642345,39.4
642346,50.28
642347,44.04
642348,51.63
642349,47.56
642351,50.63
642352,56.81
642353,42.13
642354,53.32
642355,38.85
642356,50.81
642357,52.29
642358,49.0
642359,56.1
642360,53.51
642361,47.12
642362,57.48
642363,73.61
642364,64.32
642365,53.11
642404,67.02
642424,58.31
642425,53.23
642426,61.77
642427,63.4
642428,47.57
642429,46.72
642430,26.24
642431,53.33
642432,40.98
642433,45.75
642434,49.47
642435,43.24
642436,42.34
642437,44.59
642438,42.91
642439,67.57
642440,49.51
642441,49.05
642442,49.19
642443,46.67
642444,58.05
642445,46.67
642446,40.85
642447,41.1
642448,54.92
642449,56.02
642450,55.37
642452,65.19
642453,40.17
642455,54.48
642457,64.4
642458,53.44
642459,43.96
642460,49.03
642461,55.61
642462,38.61
642463,54.95
642464,41.45
642465,46.57
642467,33.84
642468,35.39
642469,51.1
642470,49.3
642471,49.75
642472,57.16
642473,48.15
642474,55.02
642475,35.35
642476,51.79
642477,47.27
642478,49.59
642479,50.13
642480,46.96
642481,55.1
642482,29.7
642483,42.88
642484,69.71
642485,51.58
642486,50.43
642487,57.71
642488,51.08
642489,45.1
642490,55.83
642491,45.99
642492,61.47
642493,59.96
642494,47.26
642495,46.49
642496,46.73
642519,60.01
642530,50.32
642601,47.29
642686,53.41
642687,54.33
642688,47.94
642689,48.84
642690,60.67
642691,47.63
642692,53.39
642693,59.64
642694,58.62
642695,51.17
642696,42.92
642697,53.11
642698,55.14
642699,48.09
642700,52.81
642702,58.72
642703,52.43
642704,47.77
642705,47.62
642706,60.81
642709,54.41
642710,58.34
642711,51.45
642712,48.79
642713,51.09
642714,52.55
642716,34.98
642717,50.4
642718,50.78
642719,58.59
642720,39.55
642722,53.59
642723,46.64
642724,51.52
642725,23.73
642726,55.23
642728,57.47
642729,48.09
642730,65.16
642732,51.05
642733,62.99
642734,41.62
642735,49.76
642737,55.49
642738,48.98
642739,41.66
642740,51.78
642741,47.32
642742,53.04
642743,36.65
642744,48.72
642751,57.27
642752,49.58
642753,50.4
642754,40.3
642756,51.2
642757,57.46
642762,78.65
642768,42.54
642769,70.52
642771,54.41
642773,48.11
642777,57.19
642778,51.17
642779,47.32
642780,49.47
642832,35.07
642836,47.83
642837,51.35
642842,44.31
642843,50.42
642844,59.72
642845,51.32
642846,49.15
642848,59.22
642855,50.81
643191,48.8
643192,54.87
643193,42.06
643195,48.3
643198,53.52
643201,55.36
643204,43.0
643205,51.87
643208,56.68
643211,46.76
643212,49.88
643218,41.33
643220,50.29
643221,50.03
643224,52.71
643227,49.36
643228,50.19
643229,32.25
643231,37.22
643235,58.24
643237,37.71
643242,47.47
643246,40.14
643247,54.41
643249,48.85
643254,48.42
643257,46.99
643259,48.76
643261,46.51
643262,49.55
643268,46.63
643272,51.62
643273,49.19
643278,37.48
643279,42.98
643280,49.59
643281,32.46
643283,50.27
643287,50.43
643291,51.1
643298,49.51
643299,33.89
643300,46.32
643302,26.39
643304,53.19
643305,47.28
643307,41.29
643310,55.48
643311,48.08
643312,45.5
643322,54.18
643326,48.57
643328,53.14
643330,12.92
643332,49.8
643333,44.48
643334,60.28
643337,59.59
643341,49.8
643346,49.09
643351,54.5
643352,44.74
643356,52.98
643359,53.04
643363,38.04
643364,52.6
643365,70.56
643371,45.67
643372,53.85
643374,59.61
643378,51.62
643381,45.19
643382,49.53
643384,47.06
643389,48.02
643392,64.25
643398,39.76
643402,43.73
643404,44.64
643406,40.49
643407,50.51
643412,43.7
643413,42.56
643419,48.98
643420,55.74
643421,43.24
643422,39.6
643423,47.67
643424,57.34
643430,46.83
643431,44.26
643434,47.57
643435,50.48
643439,54.78
643440,44.67
643443,49.49
643447,45.76
643455,53.35
643457,52.55
643459,59.82
643460,50.12
643463,45.0
643464,34.81
643465,65.52
643469,45.26
643471,47.13
643473,59.86
643475,54.61
643479,48.45
643480,36.53
643481,46.89
643482,71.81
643483,54.83
643486,49.3
643488,45.71
643491,43.81
643498,59.16
643500,38.23
643505,56.75
643507,39.71
643509,46.58
643510,42.45
643513,49.97
643515,43.4
643516,39.94
643519,45.82
643520,54.23
643523,52.1
643526,39.85
643527,32.67
643529,44.79
643530,49.91
643531,58.64
643534,47.06
643541,38.07
643544,49.09
643547,58.5
643549,45.66
643555,50.98
643557,51.36
643560,58.31
643562,47.51
643569,66.06
643571,50.7
643573,47.64
643577,59.09
643578,28.93
643581,56.49
643582,49.79
643584,35.76
643585,41.92
643588,45.17
643590,50.93
643597,49.17
643598,47.45
643599,21.34
643601,48.37
643606,63.25
643607,55.15
643609,50.05
643610,59.54
643613,63.62
643614,43.24
643616,64.28
644077,44.45
644217,49.67
644277,54.8
644297,47.73
644359,50.49
644360,45.75
644362,48.02
644365,55.89
644366,50.47
644373,45.94
644375,55.8
644376,51.97
644377,48.07
644378,54.46
644379,47.52
644381,51.01
644386,50.17
644387,51.56
644388,50.61
644393,46.11
644395,48.97
644399,39.96
644400,52.92
644401,50.88
644402,52.12
644404,49.9
644405,31.86
644407,64.47
644408,57.67
644411,50.34
644412,48.37
644413,53.05
644414,49.65
644415,49.98
644416,45.43
644417,55.17
644418,47.09
644419,49.46
644424,48.23
644426,48.96
644431,49.36
644432,52.09
644434,44.38
644435,44.58
644436,50.38
644437,39.88
644442,54.1
644517,50.76
644537,49.02
644597,50.24
644737,51.14
644761,41.53
644762,47.37
644917,47.12
645037,48.92
645058,49.12
645080,47.94
645134,49.57
645160,48.87
645167,51.87
645217,36.99
645259,49.29
645260,48.37
645278,59.57
645279,57.62
645280,47.95
645281,45.04
645282,35.68
645283,45.52
645286,48.2
645287,41.72
645289,41.59
645291,48.66
645293,45.28
645294,50.53
645297,39.15
645300,66.23
645303,53.18
645308,54.98
645310,52.12
645311,56.07
645312,52.39
645313,70.16
645438,46.23
645439,51.87
645440,51.84
645445,49.81
645446,50.81
645447,56.06
645448,49.59
645449,44.21
645457,72.98
645461,47.67
645463,55.98
645507,57.0
645508,40.32
645566,62.55
645612,42.09
645798,55.89
645805,52.77
645889,56.6
645917,57.77
646098,60.44
646146,56.36
646237,47.19
646239,46.14
646243,46.96
646259,35.06
646404,68.35
646481,50.65
646718,57.24
647228,44.48
647255,43.0
647278,52.79
647309,44.25
647311,51.27
647312,47.2
647321,39.28
647331,54.83
647355,47.94
647378,59.83
648739,53.82
649120,50.12
649135,60.27
649379,45.7
649439,48.84
649440,50.04
649558,41.96
649603,55.6
649617,45.52
649700,58.63
649701,47.18
649805,56.53
649807,45.94
649808,72.26
649810,37.93
649811,46.89
649954,54.27
649955,52.48
649956,51.01
649957,56.01
649963,45.07
649965,43.92
650140,49.78
650186,52.24
650193,51.66
650194,39.17
650218,52.0
650219,50.12
650224,64.06
650332,44.09
650334,50.12
650336,53.72
650337,57.91
650338,45.46
650341,44.81
650342,50.52
650344,53.37
650346,65.46
650348,55.39
650351,50.62
650352,56.4
650354,48.97
650355,53.59
650359,50.78
650360,54.58
650362,54.43
650366,46.06
650367,39.4
650368,53.44
650370,44.29
650371,54.99
650375,35.09
650380,58.39
650381,50.27
650385,57.66
650386,42.93
650388,51.11
650389,52.02
650390,66.32
650403,49.59
650420,56.9
650423,48.82
650424,50.71
650428,42.9
650429,55.16
650431,53.43
650432,35.51
650434,45.8
650438,27.76
650440,42.65
650441,46.24
650442,44.09
650443,49.35
650444,52.35
650491,54.55
650494,54.49
650495,41.47
650497,48.12
650498,57.17
650499,40.44
650502,66.56
650506,47.88
650507,43.08
650508,55.59
650509,60.73
650512,61.14
650513,67.16
650520,44.26
650521,46.37
650523,52.51
650524,46.4
650525,53.84
650526,52.96
650527,52.43
650528,56.43
650531,55.43
650540,71.34
650541,64.0
650542,47.32
650543,51.34
650544,50.21
650546,53.1
650551,59.18
650554,57.12
650560,51.35
650565,46.72
650581,44.47
650589,53.88
650594,48.31
650597,45.22
650598,55.71
650607,54.65
650612,58.35
650614,67.39
650615,47.72
650622,41.28
650626,37.59
650628,51.36
650630,24.04
650632,51.66
650634,32.82
650635,53.56
650647,37.62
650648,43.4
650651,63.57
650652,52.16
650653,53.2
650655,44.47
650658,39.15
650659,49.41
650660,46.57
650661,68.07
650662,48.66
650664,62.61
650665,57.09
650666,53.92
650667,49.04
650670,54.99
650672,66.59
650675,49.97
650685,71.13
650686,43.91
650688,49.5
650691,54.7
650693,54.08
650694,69.86
650695,53.15
650696,48.4
650700,48.59
650701,52.01
650702,46.19
650705,44.84
650707,38.91
650708,44.85
650709,35.45
650712,49.91
650714,48.14
650715,57.24
650716,47.05
650720,44.26
650724,67.1
650725,42.19
650726,60.87
650727,54.49
650728,59.74
650729,32.54
650734,51.59
650742,50.17
650744,58.79
650746,46.47
650748,33.15
650749,54.38
650750,47.28
650793,60.78
650798,68.18
650799,63.38
650801,56.72
650803,68.7
650805,61.86
650806,62.26
650809,47.59
650815,41.71
650818,57.46
650819,47.61
650824,44.02
650825,49.58
650826,50.97
650831,33.48
650832,61.0
650835,59.02
650836,25.77
650837,49.3
650839,61.4
650842,47.19
650843,55.05
650846,48.04
650847,41.6
650848,46.01
650849,50.94
650850,51.51
650853,56.28
650854,53.01
650855,48.82
650857,42.08
650860,40.88
650862,45.56
650863,48.25
650866,55.87
650867,54.72
650868,49.94
650871,52.08
650878,53.48
650880,54.78
650881,53.18
650883,45.16
650885,52.78
650886,41.1
650887,49.89
650890,48.31
650891,57.08
650892,48.11
650894,71.97
650900,59.25
650901,57.04
650902,68.19
650903,44.34
650905,55.57
650906,62.59
650908,47.11
650909,69.24
650954,36.52
650955,46.01
650957,70.77
650958,60.23
650961,60.99
650964,49.58
650966,53.29
650969,52.28
650971,62.85
650972,48.01
650973,52.36
650974,58.32
650979,60.84
650985,45.39
650987,61.08
650988,67.49
650989,46.64
650991,49.55
650992,49.27
650995,57.21
650996,55.28
650998,51.12
651006,58.45
651007,49.48
651016,50.71
654118,75.68
654786,50.82
654959,49.92
655314,42.53
655315,34.64
655317,43.07
655318,35.52
655363,52.75
655368,50.93
655369,47.24
655672,54.73
655674,49.18
655675,38.47
655677,44.93
655719,53.11
655884,46.92
655885,46.1
655886,52.51
655985,49.01
655987,53.23
655991,49.4
655996,59.04
655997,68.45
655998,38.25
655999,58.67
656002,51.38
656005,55.89
656010,42.32
656014,51.9
656015,50.2
656017,57.73
656018,47.08
656019,59.06
656021,49.43
656022,52.62
656027,43.72
656029,61.36
656030,61.35
656033,55.27
656035,56.14
656036,60.73
656037,50.01
656040,58.36
656041,43.42
656044,51.07
656050,62.69
656054,63.38
656057,37.18
656063,46.6
656065,53.43
656066,46.73
656068,50.48
656070,52.11
656072,48.7
656074,49.23
656078,48.01
656082,51.11
656083,46.38
656084,40.69
656088,49.77
656090,38.81
656091,46.18
656092,50.25
656093,50.01
656094,45.49
656095,59.39
656097,52.44
656098,53.29
656105,36.82
656106,41.84
656108,49.68
656112,49.16
656113,45.22
656121,62.8
656128,47.51
656175,57.91
656178,46.52
656182,41.23
656190,47.4
656191,48.9
656199,47.58
656201,55.0
656208,35.12
656210,44.84
656216,21.78
656225,43.9
656226,54.12
656229,56.75
656230,40.98
656238,34.89
656249,55.76
656260,55.56
656269,52.23
656274,55.81
656275,43.58
656276,46.19
656280,40.29
656282,49.27
656289,48.12
656293,64.74
656294,43.77
656309,57.64
656315,50.58
656340,54.81
656347,49.52
656348,47.35
656351,47.91
656352,35.02
656357,46.76
656361,47.0
656369,52.25
656378,47.05
656383,52.3
656392,69.53
656398,53.8
656401,46.28
656417,50.82
656421,44.46
656431,49.18
656438,47.53
656442,41.61
656446,56.41
656449,49.65
656455,56.54
656459,64.38
656461,26.52
656462,48.08
656466,50.97
656470,54.15
656472,49.43
656475,43.48
656483,49.79
656485,51.37
656489,38.86
656490,67.25
656506,52.22
656508,55.9
656510,50.56
656522,46.91
656525,47.03
656533,72.93
656539,38.69
656540,69.12
656551,60.43
656566,47.01
656575,40.08
656580,59.96
656607,45.97
656613,48.45
656621,45.65
656622,51.89
656631,43.0
656632,64.38
656635,54.52
656637,46.82
656642,49.43
656643,67.5
656653,43.2
656656,52.58
656661,34.45
656664,43.41
656666,42.12
656668,59.05
656670,30.05
656679,54.5
656681,54.86
656684,45.57
656694,41.84
656697,43.87
656698,52.1
656708,54.07
656717,51.42
656718,54.51
656727,50.56
656734,59.12
656736,52.63
656739,30.54
656743,48.56
656746,46.77
656748,51.31
656751,43.14
656758,39.53
656762,47.27
656765,50.24
656766,75.39
656767,34.04
656771,50.07
656773,50.95
656778,51.49
656782,48.58
656784,54.65
656806,49.91
656807,59.9
656813,40.93
656822,58.28
656824,38.97
656829,56.92
656831,42.53
656835,55.51
656841,41.38
656846,52.84
656852,49.53
656856,50.36
656863,59.45
656867,49.5
656871,54.0
656873,44.94
656875,54.75
656897,51.42
656908,47.42
656909,57.35
656910,40.11
656915,52.35
656920,59.3
656921,50.08
656922,46.62
656925,47.65
656928,51.62
656931,45.12
656935,53.72
656943,43.37
656944,49.81
656950,42.78
656951,56.16
656952,49.96
656953,59.5
656962,60.79
656965,51.26
656967,39.68
656978,53.49
656980,44.79
656982,28.01
656984,41.59
656987,36.27
656989,65.1
656992,58.47
656993,50.54
656994,49.63
656995,45.22
656996,55.11
656999,50.14
657004,60.32
657010,48.84
657017,59.39
657019,40.13
657020,42.48
657022,38.55
657023,41.82
657027,66.84
657029,39.75
657033,41.42
657035,62.42
657038,44.92
657051,51.28
657056,32.64
657064,53.26
657066,34.33
657067,70.45
657071,44.98
657072,32.53
657075,61.06
657078,45.88
657080,47.16
657086,54.11
657089,46.03
657091,45.86
657098,40.54
657111,41.42
657113,48.66
657123,49.25
657128,29.67
657139,45.53
657144,58.64
657147,52.14
657148,57.2
657149,33.9
657152,48.85
657194,47.0
657212,43.66
657216,49.91
657218,48.28
657219,43.46
657222,56.74
657225,37.23
657226,45.55
657227,63.59
657230,35.48
657231,50.42
657232,59.59
657233,46.46
657239,54.2
657242,45.81
657243,43.39
657253,55.19
657254,49.76
657261,50.23
657262,33.43
657266,44.2
657267,26.07
657269,54.0
657271,58.16
657276,46.15
657278,41.24
657282,42.45
657284,44.32
657329,55.88
657374,42.93
657422,39.83
657423,55.26
657425,59.81
657426,62.23
657427,54.19
657429,53.07
657430,49.15
657431,27.68
657433,59.9
657435,49.75
657437,50.1
657439,42.81
657440,32.65
657441,49.31
657444,53.64
657445,60.41
657446,48.02
657490,51.15
657491,41.86
657494,42.42
657498,46.63
657501,40.03
657504,49.93
657505,60.37
657506,47.76
657507,44.08
657510,40.66
657512,55.22
657515,43.88
657519,46.83
657521,57.15
657525,51.32
657526,51.42
657527,48.27
657531,44.98
657532,58.78
657538,49.98
657541,50.42
657542,48.21
657545,63.42
657547,48.25
657549,42.66
657551,43.41
657555,47.03
657559,45.23
657562,52.58
657568,52.52
657573,47.93
657574,44.97
657575,45.78
657576,50.98
657579,49.8
657584,52.1
657587,42.11
657589,38.98
657590,46.21
657591,52.63
657592,44.58
657595,27.03
657597,46.18
657598,59.21
657599,50.58
657601,43.82
657602,45.16
657608,47.96
657615,55.56
657617,51.24
657618,29.24
657619,49.87
657621,51.16
657622,51.58
657623,63.23
657626,42.72
657627,45.54
657628,41.09
657629,51.64
657631,46.6
657633,37.32
657634,58.1
657636,53.5
657638,49.02
657639,39.6
657646,52.16
657652,50.82
657653,47.91
657654,50.71
657655,59.62
657657,44.33
657659,51.94
657662,50.01
657665,48.98
657666,51.41
657668,45.9
657669,45.83
657672,61.81
657674,53.35
657675,44.19
657677,54.07
657682,49.82
657684,45.6
657687,49.88
657689,50.49
657691,41.09
657692,55.23
657694,46.84
657696,32.53
657700,48.19
657701,40.6
657702,42.22
657703,51.19
657704,50.57
657705,52.7
657706,46.01
657707,32.6
657711,46.83
657713,51.63
657714,43.29
657716,49.48
657718,38.99
657720,47.79
657723,60.35
657725,51.02
657728,18.95
657729,46.58
657732,57.27
657733,62.65
657739,53.5
657740,55.02
657741,55.63
657743,49.48
657754,49.51
657760,45.12
657762,47.65
657765,43.36
657775,30.15
657777,46.34
657778,62.67
657779,49.05
657780,47.91
657783,51.08
657785,55.89
657788,47.59
657789,45.11
657795,46.09
657803,54.04
657804,29.65
657806,28.02
657810,54.03
657811,60.71
658061,28.32
658126,61.77
658127,39.76
658135,51.29
658136,44.85
658137,64.19
658144,46.1
658190,44.96
658195,43.92
658251,47.7
658253,48.14
658254,45.98
658255,58.81
658256,58.69
658258,57.21
658279,52.24
658280,46.8
658295,51.23
658297,51.47
658298,48.14
658299,41.79
658303,54.28
658326,48.72
658413,50.5
658421,45.51
658475,48.09
658480,48.04
658481,37.67
658483,52.74
658529,50.37
658531,47.68
658532,52.82
658533,54.93
658534,48.2
658535,49.91
658541,40.68
658542,43.84
658543,60.67
658544,56.31
658545,50.25
658549,54.11
658550,70.53
658553,53.18
658554,64.09
658643,48.12
658651,50.51
658652,63.9
658653,49.6
658654,47.72
658665,42.18
658666,50.82
658671,57.35
658673,48.83
658675,39.93
658676,45.3
658677,41.97
658679,52.38
658680,48.88
658730,43.68
658734,49.28
658736,51.86
658738,54.99
658739,47.7
658787,66.8
658788,62.34
658789,46.34
658790,58.17
658877,57.3
659002,54.23
659003,65.95
659008,49.97
659065,51.09
659078,50.36
659079,48.54
659085,45.98
659096,44.69
659149,49.87
659161,69.48
659211,47.26
659268,49.38
659359,37.12
659366,58.32
659391,41.76
659407,28.7
659430,45.98
659435,40.41
659635,48.19
659636,57.64
659640,46.39
659821,58.29
659866,49.4
659910,59.98
659918,41.9
659932,48.25
660168,46.15
660298,49.18
660299,39.88
660300,55.23
660301,51.59
660354,45.12
660355,47.23
660423,35.46
660432,48.52
660437,49.67
660438,50.65
660443,49.2
660446,49.31
660451,45.47
660497,59.38
660505,54.59
660506,49.87
660510,50.5
660511,55.4
660513,47.0
660516,59.24
660517,59.94
660518,62.66
660520,39.97
660521,36.71
660523,63.24
660524,53.82
660525,47.86
660527,50.3
660529,50.13
660530,45.87
660531,33.64
660532,51.09
660533,49.08
660534,51.07
660535,49.61
660538,53.89
660539,44.09
660543,52.71
660544,50.77
660545,53.0
660548,52.56
660552,56.49
660553,53.33
660555,71.58
660556,50.32
660557,51.47
660558,46.71
660559,50.59
660560,64.49
660561,53.22
660563,53.54
660564,64.3
660566,35.12
660567,55.97
660568,58.15
660569,23.63
660575,52.39
660576,46.72
660579,43.0
660580,57.52
660581,61.37
660582,52.56
660583,60.43
660585,53.2
660590,42.45
660591,53.89
660592,45.69
660594,49.16
660595,44.94
660596,57.6
660602,47.02
660607,59.9
660609,46.84
660611,48.81
660612,53.43
660613,64.44
660614,52.8
660615,50.05
660616,56.86
660617,48.41
660618,43.56
660621,59.44
660622,63.41
660624,51.22
660625,48.46
660626,56.06
660627,54.03
660629,44.24
660630,42.2
660631,52.16
660632,45.54
660633,56.73
660635,62.62
660638,42.19
660639,45.06
660642,48.32
660643,51.79
660645,53.46
660646,43.62
660647,57.65
660649,48.86
660652,24.43
660656,53.78
660657,54.55
660659,42.71
660660,58.33
660662,48.15
660663,56.98
660664,52.84
660665,41.69
660672,41.6
660673,48.71
660675,51.93
660679,50.36
660680,46.68
660681,61.97
660684,67.63
660685,70.3
660686,44.99
660687,64.98
660690,56.35
660691,56.11
660692,59.42
660693,59.95
660695,58.42
660696,29.54
660699,49.7
660700,50.3
660702,56.84
660703,49.2
660704,46.71
660705,56.09
660709,57.57
660710,58.52
660711,48.33
660712,49.61
660715,60.73
660716,29.64
660721,54.03
660723,56.41
660725,58.24
660727,62.48
660728,51.7
660729,47.15
660732,46.8
660733,51.84
660734,44.35
660736,46.98
660737,62.48
660740,50.73
660741,46.78
660745,47.95
660747,44.38
660750,46.95
660752,52.68
660753,50.96
660755,48.31
660759,65.28
660760,42.33
660762,44.08
660767,49.7
660768,53.43
660772,61.28
660773,51.72
660774,45.48
660775,65.33
660777,55.9
660781,43.07
660785,46.5
660786,48.58
660790,56.06
660791,40.43
660793,52.76
660794,49.16
660796,58.59
660797,53.84
660802,55.93
660803,37.83
660804,34.29
660807,44.95
660814,55.45
660815,49.16
660816,42.44
660817,54.88
660818,47.34
660823,38.38
660824,64.32
660830,47.24
660833,41.53
660835,60.72
660836,44.39
660838,58.82
660839,49.3
660840,54.08
660842,45.54
660847,51.9
660848,50.61
660851,47.92
660856,50.09
660857,65.93
660858,47.34
660859,35.39
660860,55.68
660862,54.19
660865,50.09
660877,36.39
660881,42.79
660882,46.42
660885,43.83
660905,49.82
660907,51.63
660994,67.23
660996,58.54
660998,51.46
660999,46.22
661148,55.04
661150,52.02
661151,45.52
661250,53.78
661257,68.12
661317,51.47
661377,37.96
661379,51.4
661381,61.83
661385,50.54
661386,52.43
661390,44.51
661392,55.57
661394,50.53
661396,59.13
661401,45.07
661402,33.81
661404,61.66
661405,49.83
661407,49.1
661409,59.86
661410,37.73
661411,64.47
661412,59.4
661414,51.11
661417,60.62
661422,52.79
661424,50.13
661425,53.98
661431,45.67
661433,35.03
661437,54.07
661438,48.68
661439,61.19
661441,54.95
661447,47.73
661456,47.33
661522,48.3
661529,48.77
661533,38.43
661539,58.12
661541,49.78
661545,51.06
661547,45.01
661549,47.51
661552,51.19
661555,54.99
661559,52.5
661562,56.74
661565,54.61
661566,56.95
661567,41.18
661733,46.41
661825,39.69
661841,39.24
662013,36.36
662098,39.55
662102,47.41
662105,57.02
662145,52.82
662172,54.6
662927,48.51
662928,39.4
662929,47.3
662946,51.67
662949,52.4
662950,47.33
662958,48.14
662966,54.09
663303,40.48
663304,42.45
663312,52.99
663320,26.0
663322,46.97
663341,45.54
663343,58.34
663346,48.1
663347,24.59
663350,48.57
663352,47.96
663355,45.62
663364,47.6
663369,42.39
663375,39.5
663381,47.78
663388,51.29
663393,40.08
663396,52.07
663402,54.89
663403,52.62
663406,38.59
663407,49.87
663422,48.67
663425,32.79
663427,36.76
663435,51.22
663437,43.84
663438,49.69
663440,48.25
663441,55.96
663442,43.44
663445,36.09
663446,30.69
663448,47.77
663449,46.87
663452,50.59
663468,50.4
663469,47.11
663472,49.85
663475,54.26
663482,46.84
663486,44.99
663492,52.94
663494,57.63
663495,28.55
663503,53.83
663507,51.59
663509,35.52
663513,36.56
663516,55.25
663517,36.95
663518,27.63
663519,40.53
663524,54.01
663526,46.83
663528,38.69
663529,14.49
663541,45.27
663543,54.1
663544,56.28
663545,34.68
663555,44.07
663561,45.68
663565,48.45
663579,36.71
663599,60.93
663600,44.05
663605,47.29
663610,51.92
663618,49.79
663622,41.77
663628,43.68
663631,47.72
663639,32.73
663645,51.98
663655,62.89
663660,38.44
663664,22.99
663668,40.75
663672,49.25
663682,45.42
663690,48.85
663692,60.27
663696,49.57
663703,51.18
663707,51.95
663708,55.41
663714,47.72
663725,44.69
663726,55.8
663727,48.48
663735,48.3
663740,42.72
663744,42.5
663749,35.73
663760,41.57
663761,61.19
663763,47.04
663772,36.05
663775,45.72
663784,44.26
663787,50.0
663788,43.88
663791,49.55
663807,32.96
663811,42.58
663821,47.67
663822,47.18
663828,46.69
663834,46.56
663844,58.22
663848,48.21
663850,48.83
663852,55.1
663857,46.16
663858,47.83
663871,20.82
663889,48.97
663891,61.11
663896,46.68
663923,55.81
663932,62.51
663933,54.52
663937,38.86
663944,42.46
663950,54.64
663961,55.03
663973,38.34
663979,64.83
663981,43.87
663982,43.81
663987,52.6
664009,58.22
664014,41.71
664031,62.17
664035,49.1
664038,44.47
664043,38.49
664046,57.83
664051,51.5
664060,62.2
664080,29.72
664081,55.94
664083,45.41
664088,64.93
664104,50.21
664106,37.23
664120,54.6
664127,44.91
664132,52.47
664133,42.44
664159,63.2
664162,45.18
664166,42.41
664171,52.43
664174,41.9
664175,45.31
664182,46.53
664183,63.22
664186,52.28
664191,42.23
664201,50.12
664209,46.74
664215,38.8
664222,46.48
664228,48.62
664229,58.36
664239,54.87
664243,51.36
664275,44.61
664277,36.75
664278,35.26
664279,61.41
664283,48.78
664288,52.29
664289,51.57
664292,55.11
664293,56.62
664295,51.43
664297,50.17
664302,45.32
664306,56.98
664310,47.24
664311,49.44
664312,40.69
664315,64.77
664316,38.52
664317,57.85
664320,54.32
664321,48.01
664322,68.79
664325,61.07
664327,51.64
664329,49.29
664331,43.93
664332,53.33
664336,47.04
664340,41.85
664342,68.87
664344,54.57
664345,51.11
664346,53.08
664347,50.79
664348,55.54
664354,46.69
664363,48.53
664364,42.71
664366,43.92
664371,52.4
664460,59.41
664497,59.72
664499,43.86
664521,61.23
664531,50.79
664571,47.07
664572,45.02
664575,64.73
664577,55.24
664581,55.15
664582,50.36
664583,54.67
664593,47.03
664655,40.75
664660,51.56
664676,45.15
664677,47.13
664678,59.09
664683,44.62
664686,53.87
664689,46.17
664690,51.24
664692,49.67
664693,45.78
664694,48.46
664695,31.16
664696,39.55
664697,55.44
664698,62.08
664699,49.4
664705,53.62
664722,47.56
664730,48.42
664734,51.2
664738,41.96
664739,52.25
664742,55.32
664743,49.2
664749,46.63
664750,52.71
664751,51.71
664752,53.08
664753,67.32
664757,48.99
664763,46.49
664765,58.99
664767,51.63
664768,54.08
664778,49.87
664782,48.42
664788,50.4
664809,49.12
664820,47.14
664828,40.35
664832,46.17
664833,58.29
664834,33.13
664836,48.51
664837,48.74
664839,53.06
664843,46.21
664844,42.98
664853,52.73
664855,37.74
664857,57.48
664858,52.53
664859,51.37
664860,50.7
664866,53.5
664867,49.76
664872,54.38
664873,58.15
664876,48.2
664877,51.61
664878,36.51
664880,40.26
664881,58.89
664883,49.34
664886,45.7
664888,47.53
664890,46.56
664891,38.77
664894,43.92
664896,51.06
664897,45.46
664900,50.18
664902,47.09
664903,50.29
664909,44.18
664912,45.95
664915,58.36
664916,59.38
664919,50.88
664921,52.75
664924,47.45
664925,39.79
664930,52.54
664934,58.38
664936,44.99
664938,56.0
664939,56.0
664940,41.35
664941,42.99
664943,57.97
664946,48.96
664949,71.03
664950,52.7
664952,43.55
664956,53.46
664957,40.63
664958,47.46
664959,49.61
664960,51.41
664961,40.29
664963,61.94
664966,57.42
664967,48.93
664968,59.27
664969,51.76
664970,29.59
664975,62.83
664976,45.64
664978,51.95
664979,56.1
664980,45.46
664981,52.79
664984,51.48
664985,56.81
664987,40.61
664988,41.93
664992,49.37
664993,48.07
664997,36.7
665000,37.01
665005,45.0
665008,48.17
665009,63.41
665017,47.69
665020,37.9
665022,51.72
665023,15.21
665024,49.22
665027,39.54
665031,45.63
665033,51.9
665034,40.06
665038,49.37
665039,54.34
665043,47.98
665044,48.93
665046,52.52
665047,42.74
665054,48.1
665055,48.95
665057,50.59
665061,42.15
665062,45.37
665063,38.1
665065,42.44
665069,65.42
665075,49.45
665077,50.53
665079,44.48
665080,51.69
665083,50.21
665087,52.96
665089,55.51
665091,50.33
665099,60.55
665100,47.95
665102,46.78
665103,51.52
665104,42.27
665109,52.16
665111,51.86
665114,53.25
665116,42.62
665117,36.42
665119,49.83
665122,42.63
665123,31.95
665124,47.45
665127,60.53
665128,48.73
665130,45.92
665131,46.42
665133,35.11
665137,50.67
665138,50.99
665140,48.92
665145,46.04
665146,43.57
665149,64.29
665153,48.26
665158,48.09
665168,32.89
665172,46.95
665173,41.53
665177,13.39
665180,59.58
665187,48.74
665188,51.66
665227,45.79
665257,47.52
665285,65.7
665286,52.5
665312,47.08
665313,49.87
665316,36.52
665325,43.93
665326,47.93
665327,49.01
665331,49.02
665341,49.39
665353,48.97
665385,48.34
665390,41.34
665421,47.52
665485,58.08
665486,47.93
665488,55.1
665502,48.29
665505,57.93
665521,48.16
665522,42.59
665560,42.68
665562,71.96
665564,48.03
665573,46.28
665579,44.78
665598,47.65
665600,39.83
665612,50.66
665627,46.25
665628,49.37
665629,60.14
665633,46.91
665634,47.93
665635,52.21
665640,49.84
665648,45.83
665649,51.66
665651,68.47
665669,53.3
665685,37.69
665691,46.09
665701,46.67
665705,65.97
665706,39.24
665707,43.63
665708,59.33
665709,39.43
665714,47.63
665715,54.29
665726,48.93
665740,42.13
665752,49.96
665757,40.35
665762,45.05
665764,50.14
665766,68.36
665768,46.96
665770,44.85
665775,48.49
665776,61.14
665777,46.06
665779,55.69
665780,37.78
665781,55.94
665783,49.98
665785,52.9
665786,52.34
665787,46.7
665790,55.24
665793,67.65
665794,41.68
665798,37.3
665799,72.31
665800,46.44
665805,54.38
665808,66.52
665809,46.27
665810,51.64
665816,45.11
665818,58.35
665819,50.81
665820,43.95
665821,55.52
665822,44.91
665823,62.09
665826,56.71
665827,59.74
665829,51.33
665831,40.15
665834,36.96
665835,53.28
665836,36.93
665837,49.88
665838,38.19
665840,41.41
665841,55.57
665843,47.08
665846,55.38
665847,59.2
665848,45.46
665849,46.5
665850,71.19
665852,58.05
665853,61.85
665855,50.16
665857,55.56
665858,52.63
665860,58.5
665865,72.13
665866,45.54
665867,35.2
665868,32.7
665870,38.79
665872,33.53
665874,56.52
665875,49.3
665876,40.74
665882,43.26
665883,37.19
665884,40.18
665885,49.44
665886,57.57
665887,44.8
665888,36.91
665889,66.43
665890,51.36
665891,39.71
665892,47.1
665893,39.36
665899,51.68
665904,35.32
665908,54.73
665910,51.69
665911,69.75
665912,48.76
665913,58.66
665914,51.71
665918,59.84
665919,57.3
665921,45.57
665924,51.73
665925,54.29
665927,46.18
665928,48.36
665929,36.04
665930,44.4
665931,49.9
665932,49.29
665934,44.61
665936,46.78
665937,56.46
665940,57.67
665941,37.95
665943,49.19
665944,44.05
665945,50.4
665949,48.58
665950,47.01
665951,51.25
665954,46.32
665960,47.04
665964,55.5
665965,39.59
665972,28.26
665973,50.03
665974,55.01
665975,61.01
665976,50.99
665977,49.68
665983,41.82
665985,55.81
665986,50.67
665987,44.18
665988,44.84
665989,36.35
665990,53.78
665991,49.62
665994,59.32
665997,49.36
665998,73.64
666000,47.14
666001,52.54
666004,39.3
666013,58.97
666014,43.78
666017,50.02
666040,34.86
666124,48.49
666127,37.68
666133,46.28
666140,39.6
666141,37.73
666143,60.05
666144,51.07
666145,43.17
666161,47.59
666162,48.11
666167,33.95
666169,30.61
666170,40.94
666177,52.71
666178,43.3
666183,33.55
666186,43.84
666194,34.85
666196,36.31
666206,40.43
666246,63.28
666247,46.73
666331,47.76
666386,45.96
666451,48.04
666452,55.89
666462,58.61
666516,51.48
666517,45.08
666518,56.25
666519,56.59
666520,48.2
666521,53.35
666524,55.81
666525,68.71
666558,60.06
666591,41.84
666592,53.09
666593,41.06
666594,42.73
666595,44.07
666598,31.16
666599,54.93
666600,51.78
666605,48.5
666606,48.03
666607,32.46
666608,34.82
666609,47.45
666610,47.22
666611,41.65
666612,38.65
666613,36.35
666616,50.24
666618,53.43
666620,74.59
666621,48.49
666626,55.65
666628,60.12
666630,56.74
666631,48.31
666632,64.1
666633,73.65
666635,37.23
666638,55.92
666639,47.44
666640,63.1
666643,47.51
666645,34.64
666648,41.85
666653,40.63
666655,56.07
666660,53.4
666662,66.31
666665,49.02
666666,42.91
666667,53.24
666670,63.93
666671,51.0
666676,58.83
666679,49.59
666680,49.68
666681,60.41
666682,47.13
666685,63.66
666686,41.35
666691,46.22
666694,46.25
666695,34.87
666696,62.52
666701,38.74
666704,58.19
666706,40.3
666710,41.72
666712,55.32
666713,55.36
666728,50.2
666761,42.37
666769,30.2
666770,45.58
666773,62.97
666774,47.03
666776,55.26
666777,53.18
666779,50.25
666784,50.85
666787,64.77
666788,51.54
666791,61.55
666793,50.2
666794,43.62
666795,34.62
666799,44.41
666810,58.62
666812,48.08
666813,52.34
666815,47.95
666848,59.87
666860,46.46
666917,43.0
666918,51.69
666919,45.08
666923,62.98
666964,47.08
667230,43.84
667247,48.28
667279,32.64
667282,49.86
667290,46.59
667292,45.19
667293,45.23
667299,59.78
667318,48.68
667323,68.45
667325,38.9
667327,55.94
667330,51.47
667341,54.3
667345,40.77
667350,60.0
667351,61.46
667352,50.08
667353,57.39
667354,43.86
667362,48.91
667364,47.96
667365,64.83
667366,52.39
667367,63.7
667369,44.73
667371,44.87
667372,58.16
667374,57.74
667375,55.79
667381,55.08
667397,40.74
667398,50.31
667413,40.45
667416,71.32
667424,51.36
667441,44.58
667442,55.47
667443,54.39
667487,39.65
667488,36.96
667491,59.96
667493,36.99
667495,57.33
667506,26.21
667510,48.94
667517,56.16
667521,49.72
667540,49.13
667542,29.33
667544,46.04
667545,50.64
667546,49.6
667576,61.47
667580,49.4
667599,42.71
667602,55.55
667607,48.52
667608,56.63
667609,53.75
667611,49.99
667641,59.59
667646,33.6
667650,57.02
667651,46.32
667653,36.85
667656,48.15
667663,57.82
667664,33.34
667667,53.24
667668,49.49
667671,50.53
667687,54.38
667692,46.69
667693,48.17
667696,31.63
667713,40.73
667719,54.05
667721,42.96
667748,63.49
667749,58.47
667750,52.01
667760,52.74
667761,51.94
667803,54.75
667825,46.6
667826,61.52
667827,54.2
667828,39.92
667829,43.7
667900,48.43
668165,53.46
668210,40.77
668211,48.4
668213,49.08
668220,42.79
668346,41.65
668355,47.18
668407,47.01
668454,48.65
668474,54.23
668528,40.86
668529,46.03
668532,44.07
668533,49.28
668534,51.19
668537,48.9
668544,51.65
668545,49.25
668549,49.25
668550,48.26
668554,59.92
668558,44.13
668561,50.73
668567,46.77
668568,44.51
668569,38.7
668571,37.54
668572,48.64
668575,46.85
668577,35.5
668578,49.5
668580,49.28
668584,52.22
668586,43.0
668588,47.74
668591,55.52
668592,45.41
668597,51.51
668599,53.6
668653,51.16
668664,46.18
668667,57.1
668671,44.86
668673,38.55
668680,45.29
668681,40.61
668696,55.41
668698,40.88
668706,66.64
668719,27.82
668725,46.13
668740,47.15
668742,29.92
668747,49.05
668756,43.08
668757,42.63
668765,53.45
668766,46.02
668769,24.02
668776,31.19
668784,58.82
668785,43.75
668787,48.79
668789,50.87
668790,53.74
668791,47.87
668792,45.23
668794,48.04
668824,45.91
668829,48.96
668833,46.02
668842,30.2
668850,51.53
668851,37.73
668860,33.26
668861,50.63
668872,48.01
668876,51.19
668882,53.68
668883,41.18
668887,39.19
668888,35.27
668905,47.79
668929,49.62
668934,49.13
668936,31.23
668950,37.25
668956,52.54
668965,50.78
668993,37.75
669002,48.59
669005,54.5
669010,4.25
669013,42.16
669014,48.21
669015,33.7
669017,38.28
669019,59.53
669026,45.19
669033,46.53
669045,38.66
669049,45.83
669051,72.58
669069,64.22
669070,35.1
669072,31.19
669078,48.56
669090,42.68
669096,45.11
669097,50.55
669101,46.11
669106,37.66
669107,53.7
669113,46.5
669121,33.53
669122,48.03
669129,55.54
669138,48.71
669141,57.41
669152,24.81
669155,39.02
669157,40.06
669167,61.44
669170,50.03
669174,44.57
669175,53.94
669182,42.82
669190,39.56
669191,19.81
669196,49.22
669207,44.39
669213,43.28
669217,49.52
669218,49.3
669219,46.81
669227,50.43
669232,39.14
669233,44.94
669235,40.42
669245,50.45
669252,48.85
669258,25.01
669262,47.96
669267,46.06
669274,25.62
669279,53.33
669280,38.84
669282,34.94
669295,53.67
669303,54.9
669305,44.05
669318,49.29
669327,51.6
669336,45.28
669342,49.28
669344,58.23
669347,34.74
669360,49.25
669363,60.8
669377,51.49
669381,36.62
669384,51.14
669386,49.5
669399,48.97
669400,46.72
669413,46.72
669427,54.04
669439,39.36
669442,48.48
669447,52.07
669451,31.52
669452,45.85
669460,53.97
669470,43.12
669471,62.71
669472,47.31
669475,44.58
669623,44.88
669625,55.96
669626,57.56
669631,30.49
669637,54.01
669638,44.52
669649,36.9
669659,44.27
669667,45.42
669671,32.85
669675,58.8
669686,58.57
669687,34.12
669694,48.8
669702,41.73
669714,58.08
669723,50.55
669725,50.53
669726,63.02
669727,53.07
669730,43.72
669733,25.64
669737,42.8
669741,56.23
669745,48.59
669786,61.44
669790,53.16
669792,43.33
669793,46.82
669794,42.34
669798,56.45
669801,45.47
669802,53.08
669851,64.97
669857,45.27
669858,32.75
669859,46.88
669860,50.51
669863,50.32
669866,54.66
669867,23.03
669868,41.83
669869,51.59
669870,46.57
669880,45.96
669897,47.89
669898,33.78
669899,61.43
669900,48.12
669902,65.06
669904,48.71
669905,16.01
669909,32.61
669916,23.28
669917,31.79
669918,45.07
669924,45.12
669939,28.9
669945,51.87
669946,43.24
669949,48.76
669950,48.39
669985,36.47
669995,56.49
670001,52.56
670030,53.07
670034,38.65
670037,45.4
670040,45.11
670043,71.95
670047,49.18
670049,57.39
670053,39.37
670054,58.89
670055,36.71
670058,63.39
670061,48.57
670064,31.07
670066,40.92
670067,48.26
670070,40.84
670074,48.07
670076,37.59
670077,49.85
670083,65.25
670089,52.28
670093,56.04
670094,40.94
670100,42.59
670106,62.75
670107,43.53
670109,28.4
670112,44.23
670113,53.84
670114,45.76
670115,40.21
670116,35.35
670126,49.7
670127,56.18
670131,47.72
670133,52.18
670136,50.17
670140,44.97
670143,51.18
670144,38.32
670146,44.1
670149,51.58
670150,48.98
670153,31.15
670158,33.83
670162,43.24
670163,46.44
670168,38.15
670181,50.35
670184,48.51
670186,27.35
670190,41.85
670192,30.29
670198,49.28
670199,31.83
670200,41.93
670205,48.86
670208,57.6
670210,42.33
670212,47.89
670226,53.27
670228,49.76
670232,63.03
670235,50.99
670236,36.13
670237,36.32
670250,57.5
670252,33.94
670254,48.03
670255,44.77
670259,46.35
670260,48.39
670262,44.87
670268,47.0
670278,47.32
670279,30.6
670281,65.57
670282,44.15
670284,49.1
670286,49.65
670289,54.82
670290,48.37
670292,47.51
670295,58.18
670296,41.69
670301,34.86
670302,48.0
670306,47.22
670313,43.86
670314,52.38
670315,45.71
670316,47.9
670320,51.98
670323,48.09
670324,42.39
670328,49.92
670337,49.65
670342,56.82
670346,41.9
670348,48.23
670352,56.59
670353,30.11
670357,56.31
670361,48.07
670362,50.08
670363,54.9
670365,52.49
670368,45.16
670371,49.41
670373,52.9
670374,36.95
670379,49.4
670380,25.77
670383,46.9
670387,50.47
670390,51.35
670392,48.01
670394,51.29
670397,36.11
670399,53.74
670407,33.86
670409,36.39
670410,49.01
670411,49.21
670413,55.75
670414,57.2
670415,46.52
670417,52.52
670419,42.17
670420,48.49
670421,42.48
670424,52.5
670427,52.23
670429,39.3
670430,44.8
670432,54.89
670433,54.97
670435,42.1
670438,46.74
670439,22.44
670444,41.95
670448,59.82
670450,50.5
670453,23.7
670454,50.51
670455,34.1
670457,56.04
670460,48.95
670461,35.31
670463,54.71
670465,43.73
670466,54.87
670468,38.63
670470,53.78
670538,38.64
670542,47.19
670548,41.54
670549,49.71
670560,48.02
670578,44.15
670582,59.56
670585,50.92
670586,43.36
670587,50.67
670615,58.9
670622,61.29
670627,50.33
670629,42.07
670641,32.26
670651,46.01
670666,45.11
670667,48.97
670690,52.47
670700,51.05
670723,46.5
670746,21.62
670765,51.01
670767,34.88
670769,62.34
670797,61.49
670811,36.66
670835,46.26
670845,43.01
670855,47.25
670860,41.1
670861,41.41
670862,19.04
670863,51.9
670864,47.57
670867,29.57
670868,59.11
670870,51.54
670874,54.22
670876,49.52
670877,51.4
670878,53.57
670879,42.71
670881,42.79
670895,50.93
670903,65.26
670907,54.83
670914,47.07
670916,43.21
670918,45.63
670919,55.31
670922,40.06
670924,41.09
670925,40.43
670948,33.38
670962,46.68
670965,64.5
670991,53.85
671025,44.37
671035,51.53
671045,50.06
671054,58.24
671055,50.69
671067,44.97
671080,48.76
671082,40.14
671085,39.94
671088,55.62
671101,52.38
671112,58.39
671113,45.62
671122,49.01
671155,46.5
671157,44.46
671191,56.72
671206,50.08
671217,35.68
671222,35.51
671224,23.37
671225,43.11
671226,31.77
671227,48.17
671231,52.29
671242,36.27
671246,52.93
671247,39.94
671249,53.04
671255,43.55
671265,47.6
671270,61.83
671271,42.66
671272,37.65
671275,51.61
671276,53.8
671285,39.86
671287,59.64
671495,46.07
671554,46.68
671575,49.09
671576,42.01
671653,52.68
671656,50.29
671690,47.28
671695,49.02
671748,62.46
671775,52.61
671880,48.59
671913,52.74
671925,39.25
671938,49.4
671956,38.06
672013,48.93
672018,38.59
672240,48.46
672280,23.89
672350,52.93
672355,41.12
672357,30.97
672358,56.8
672361,49.78
672373,54.22
672378,45.13
672379,51.17
672383,36.24
672384,44.79
672389,55.06
672390,46.92
672393,53.43
672395,50.77
672396,53.8
672399,47.83
672400,63.33
672408,71.15
672416,55.7
672420,54.6
672424,28.22
672425,53.33
672427,39.83
672434,47.07
672437,34.38
672441,46.7
672444,49.16
672445,45.54
672451,46.06
672453,41.82
672457,41.94
672459,50.17
672460,44.33
672463,56.12
672464,45.67
672468,50.14
672469,40.24
672475,46.36
672476,50.35
672479,38.05
672480,52.54
672488,51.18
672500,38.18
672501,53.98
672502,51.75
672504,47.33
672516,48.39
672517,54.85
672525,58.13
672526,50.25
672527,47.15
672528,62.31
672531,24.2
672532,51.47
672533,58.09
672536,58.89
672537,36.33
672544,55.72
672545,55.57
672546,29.72
672555,65.79
672557,23.94
672560,38.56
672561,50.57
672562,45.54
672563,53.58
672565,71.4
672566,61.07
672567,55.89
672568,52.83
672574,50.72
672575,40.11
672576,58.23
672577,56.82
672581,58.07
672583,51.31
672584,57.49
672585,55.05
672586,56.12
672587,53.11
672588,63.74
672589,64.98
672590,57.33
672591,49.04
672595,51.65
672596,41.3
672599,50.12
672600,50.54
672602,39.71
672607,39.17
672608,59.88
672609,50.08
672610,49.28
672613,70.31
672615,53.03
672617,46.69
672618,50.54
672620,54.55
672621,48.19
672622,43.41
672623,41.91
672624,56.47
672625,41.18
672626,48.67
672627,47.97
672628,48.27
672630,48.19
672631,62.0
672634,55.87
672635,56.21
672639,40.9
672641,28.79
672646,30.2
672650,56.33
672652,59.21
672653,36.16
672654,52.16
672656,40.21
672657,55.07
672658,50.3
672661,51.46
672663,50.44
672664,47.79
672670,50.21
672691,46.19
672692,45.0
672694,54.9
672696,56.46
672697,47.0
672699,50.7
672700,55.47
672702,46.39
672703,48.29
672706,51.48
672707,47.92
672708,50.37
672709,48.89
672713,56.08
672716,53.91
672717,52.62
672718,53.53
672719,56.86
672720,42.71
672721,60.1
672723,43.46
672725,56.23
672726,55.5
672728,49.67
672729,32.96
672731,52.7
672732,43.33
672733,55.41
672734,60.15
672735,56.26
672737,51.86
672740,66.79
672741,51.29
672743,62.93
672746,51.66
672747,51.82
672748,53.86
672749,50.0
672750,59.3
672751,66.7
672752,48.05
672754,37.12
672757,47.1
672758,57.56
672759,53.99
672760,58.74
672762,43.94
672763,43.33
672764,58.98
672766,47.74
672767,46.0
672772,48.17
672775,43.0
672776,45.86
672781,52.94
672786,47.91
672788,43.9
672791,71.53
672792,52.48
672793,51.5
672796,53.3
672797,39.76
672798,47.14
672799,36.11
672802,39.5
672803,52.87
672804,47.52
672805,63.78
672806,43.98
672807,36.74
672808,48.55
672821,63.19
672822,50.65
672823,33.61
672824,60.35
672825,53.63
672826,58.34
672830,58.1
672831,51.22
672833,40.92
672834,48.17
672835,50.37
672837,72.59
672840,47.31
672842,53.75
672844,48.57
672845,58.71
672847,59.93
672849,47.78
672850,37.29
672852,49.52
672855,48.63
672857,50.17
672858,50.06
672861,55.66
672862,52.76
672863,61.42
672864,41.71
672867,63.81
672868,50.73
672869,33.38
672882,40.35
672884,55.4
672885,53.11
672886,41.77
672887,61.64
672888,48.99
672889,37.4
672890,59.24
672891,63.67
672892,50.6
672893,44.06
672895,51.4
672896,40.81
672899,47.51
672900,60.46
672901,49.78
672902,39.19
672903,52.11
672904,50.76
672905,50.87
672906,37.91
672907,52.21
672920,47.49
672951,59.85
672952,59.52
672953,63.27
673036,29.51
673045,53.86
673046,50.68
673062,43.24
673064,42.33
673110,53.05
673134,50.34
673135,52.48
673145,41.24
673165,44.82
673169,50.33
673200,49.66
673232,48.67
673235,47.99
673240,38.48
673242,47.81
673251,51.21
673252,48.46
673256,45.09
673278,54.22
673315,48.06
673350,48.74
673355,54.07
673361,40.86
673370,37.68
673371,42.44
673372,61.89
673373,46.31
673374,43.84
673376,49.55
673378,41.09
673379,50.39
673386,43.17
673461,45.67
673516,56.97
673585,51.72
673602,48.58
673650,52.68
673652,45.48
673656,51.14
673661,47.85
673726,51.89
673744,46.17
673746,49.51
673765,37.7
673817,54.31
673819,49.69
673859,43.79
673861,53.21
673863,53.85
673865,28.42
673877,43.65
673880,40.32
673882,46.39
673883,65.15
673893,40.43
673901,55.68
673945,45.2
673946,42.18
673957,44.6
673958,37.54
673963,47.48
673983,44.05
673985,33.28
673990,42.28
674006,41.94
674027,52.86
674029,46.36
674033,47.48
674043,49.7
674053,50.25
674057,37.56
674058,50.37
674160,53.14
674161,30.26
674166,52.61
674288,50.98
674291,40.17
674292,49.19
674293,48.94
674294,51.6
674310,43.05
674311,49.39
674330,38.88
674373,64.08
674376,53.74
674377,49.95
674378,50.9
674382,71.79
674383,43.62
674391,57.53
674418,51.25
674445,49.07
674447,53.9
674456,47.27
674466,46.28
674467,49.99
674483,64.55
674630,45.95
674646,58.53
674650,46.69
674665,32.33
674666,46.71
674671,49.69
674677,64.89
674679,42.65
674913,41.82
674951,57.32
674971,46.75
674974,60.72
674976,53.38
675003,42.19
675034,55.48
675085,64.65
675137,50.3
675382,46.39
675394,58.56
675430,44.71
675440,41.33
675448,56.75
675455,51.47
675526,49.16
675528,52.93
675531,26.54
675560,42.71
675624,49.56
675625,46.99
675626,48.71
675628,62.98
675629,39.2
675648,46.78
675662,52.77
675789,58.35
675843,43.27
675845,52.72
675852,45.36
675853,61.74
675856,51.63
675857,34.61
675910,46.25
675913,56.04
675918,44.89
675924,52.76
675925,52.92
675964,34.96
675966,44.41
675970,61.05
675974,45.56
675980,62.38
675982,45.5
675990,42.69
675992,43.84
675993,57.21
675994,39.66
676002,50.4
676004,54.65
676008,59.64
676011,50.76
676013,60.96
676015,49.46
676016,54.65
676017,52.2
676020,50.49
676021,49.36
676024,44.8
676034,48.26
676038,44.56
676045,40.21
676048,47.42
676049,52.49
676052,45.15
676053,33.42
676062,51.66
676063,47.62
676071,53.54
676073,41.97
676074,42.82
676075,44.18
676085,49.65
676098,41.58
676102,38.2
676108,52.85
676131,46.88
676149,35.74
676155,51.13
676198,48.6
676203,55.81
676205,50.34
676250,50.31
676277,46.32
676278,64.32
676280,49.48
676281,39.96
676286,31.8
676288,31.2
676293,21.3
676301,47.5
676305,55.0
676309,53.09
676315,43.35
676327,52.5
676331,46.61
676332,50.27
676340,40.67
676349,35.51
676358,47.89
676366,45.87
676375,49.39
676376,47.76
676378,44.8
676410,53.8
676419,30.6
676423,39.91
676425,29.59
676426,54.11
676443,40.96
676448,34.76
676463,48.68
676473,40.37
676509,51.0
676513,50.38
676529,49.33
676545,16.26
676549,37.87
676560,49.39
676566,40.27
676569,57.68
676595,65.02
676598,62.94
676602,47.67
676605,57.89
676613,48.44
676616,48.64
676619,30.79
676623,39.07
676626,40.51
676627,56.21
676629,60.63
676630,48.04
676631,51.28
676633,37.27
676635,56.47
676636,45.27
676639,51.69
676640,48.05
676643,40.96
676665,51.36
676667,53.15
676668,39.46
676673,52.41
676674,49.58
676675,37.51
676676,47.97
676677,50.13
676678,45.59
676683,48.37
676688,39.76
676692,34.15
676695,60.19
676698,39.0
676704,36.12
676708,55.71
676712,54.64
676715,54.3
676716,43.07
676718,48.26
676722,41.1
676725,50.6
676730,60.5
676731,48.38
676733,45.02
676734,51.21
676735,43.31
676748,48.55
676749,42.62
676750,53.05
676756,57.46
676758,44.26
676759,41.73
676762,57.84
676764,50.43
676767,55.31
676773,31.29
676774,43.18
676777,47.76
676780,49.34
676788,58.71
676794,49.7
676797,40.22
676803,51.28
676805,50.47
676807,53.77
676809,66.13
676811,65.49
676813,46.02
676814,34.34
676819,50.45
676823,51.69
676824,37.35
676825,45.26
676827,47.8
676829,50.96
676837,42.11
676841,45.28
676842,49.54
676843,45.43
676847,39.7
676849,38.25
676850,35.98
676851,48.63
676854,53.54
676857,61.75
676863,53.38
676864,61.75
676865,43.09
676866,57.75
676867,50.15
676869,53.08
676872,52.38
676885,37.48
676887,42.57
676888,49.06
676894,47.56
676895,52.81
676899,50.3
676901,50.88
676904,49.97
676909,41.91
676911,52.6
676913,45.97
676916,50.66
676919,51.09
676920,47.46
676927,40.03
676929,45.24
676935,38.49
676939,66.57
676940,60.72
676941,31.22
676943,52.7
676948,32.58
676953,51.71
676954,55.13
676955,56.47
676956,51.37
676958,49.22
676960,45.44
676971,57.99
676973,40.5
676976,61.97
676977,49.65
676988,51.28
676990,51.4
676991,51.56
676996,45.11
676998,49.65
677000,46.84
677003,42.74
677004,32.04
677007,56.01
677010,40.84
677011,47.48
677014,37.16
677018,50.64
677025,41.0
677028,48.03
677031,35.45
677034,48.72
677041,40.17
677043,49.84
677047,61.02
677048,35.28
677049,40.65
677061,47.79
677063,41.7
677068,47.19
677069,50.02
677078,38.41
677120,56.42
677121,44.78
677126,50.55
677127,49.34
677129,41.77
677130,32.38
677162,50.0
677187,49.85
677212,45.06
677213,40.74
677215,46.72
677221,35.47
677224,49.27
677225,32.13
677227,48.51
677295,50.92
677307,51.27
677319,31.35
677331,30.38
677338,47.06
677339,43.51
677341,51.29
677342,34.13
677356,32.3
677361,45.64
677367,47.53
677368,49.73
677371,49.71
677422,50.95
677425,49.0
677435,49.92
677482,47.5
677536,46.46
677537,51.67
677554,47.05
677555,37.9
677556,49.55
677560,52.93
677565,43.77
677566,55.89
677569,47.21
677570,55.19
677571,37.82
677572,39.93
677574,69.55
677575,46.02
677576,46.95
677577,39.27
677578,63.49
677580,66.11
677581,59.59
677582,54.47
677583,52.74
677584,38.5
677586,50.46
677589,45.52
677591,37.7
677593,46.93
677596,54.12
677597,41.81
677598,39.63
677599,47.86
677600,44.09
677601,52.6
677602,55.26
677603,44.11
677605,46.28
677610,47.87
677611,48.68
677612,56.34
677620,34.91
677621,53.12
677622,44.09
677623,43.36
677624,42.58
677625,48.5
677626,39.77
677627,36.32
677628,23.93
677642,42.01
677647,55.88
677648,55.6
677654,48.51
677661,49.01
677662,45.52
677664,32.72
677668,41.66
677671,51.2
677673,43.39
677677,49.71
677690,53.7
677710,54.61
677731,44.72
677771,50.75
677826,37.62
677835,47.76
677866,49.29
677875,38.64
677925,45.43
677928,48.26
677930,46.04
677959,49.08
677965,43.56
677985,53.12
677991,48.26
678006,30.84
678010,42.66
678021,42.56
678023,19.34
678028,49.82
678029,41.3
678093,40.65
678099,34.27
678111,46.64
678173,49.61
678218,51.7
678219,41.9
678220,55.87
678221,45.01
678222,55.63
678232,48.63
678236,50.75
678247,46.35
678250,41.97
678254,46.42
678259,39.38
678263,46.05
678264,51.84
678265,54.12
678267,49.5
678271,43.46
678275,52.66
678276,26.02
678277,50.1
678284,37.94
678285,42.98
678289,54.4
678290,50.87
678291,47.81
678294,36.06
678315,39.01
678317,45.71
678318,47.11
678321,51.0
678322,47.82
678323,43.08
678350,46.75
678356,35.28
678357,49.02
678360,55.19
678362,54.97
678365,55.05
678367,44.02
678372,25.18
678373,56.26
678376,45.77
678377,46.07
678380,52.42
678386,41.08
678389,48.67
678392,53.78
678393,44.5
678395,56.94
678396,47.24
678398,55.48
678399,43.83
678400,51.72
678405,45.29
678407,58.68
678411,52.46
678413,56.43
678415,45.8
678416,58.38
678419,48.11
678421,49.27
678422,41.21
678423,52.51
678425,54.05
678427,44.16
678428,60.15
678461,54.78
678475,56.03
678477,46.24
678479,41.46
678481,54.47
678482,51.41
678483,55.68
678484,50.14
678486,48.41
678487,63.01
678491,49.03
678492,50.93
678494,36.12
678499,49.34
678502,73.12
678503,54.78
678521,46.91
678534,50.36
678577,51.39
678579,35.74
678580,53.71
678584,48.39
678588,31.04
678589,42.16
678591,45.3
678592,37.01
678593,45.54
678594,57.03
678596,63.1
678597,53.49
678603,44.04
678604,48.45
678605,55.7
678607,67.76
678608,52.01
678611,52.84
678614,50.76
678618,61.39
678626,50.69
678627,45.63
678630,42.84
678633,38.48
678634,56.01
678635,47.2
678636,56.01
678637,40.56
678638,47.89
678642,47.26
678643,48.14
678644,52.21
678645,60.58
678646,54.4
678647,49.44
678648,56.46
678649,41.67
678651,51.21
678652,45.31
678655,29.97
678658,42.61
678659,57.62
678663,44.47
678664,66.52
678668,54.6
678675,49.06
678676,51.43
678679,48.25
678681,47.82
678682,48.98
678685,49.77
678686,65.94
678687,52.85
678688,49.34
678689,44.72
678690,53.63
678697,49.5
678698,49.05
678699,51.73
678706,58.81
678708,48.2
678709,50.38
678711,48.97
678715,39.03
678716,48.14
678719,48.89
678720,50.71
678721,56.72
678722,44.55
678723,48.33
678727,47.9
678728,46.32
678729,28.77
678732,46.77
678733,65.77
678734,47.47
678735,49.57
678739,43.61
678740,56.44
678742,52.21
678744,54.76
678746,45.36
678747,47.48
678748,40.9
678749,60.54
678751,51.04
678755,60.57
678760,61.08
678761,53.89
678762,49.68
678764,48.0
678765,37.45
678767,58.93
678768,52.78
678769,42.38
678776,37.64
678778,40.08
678779,53.44
678780,46.3
678781,52.98
678784,54.36
678785,57.78
678786,51.13
678787,48.64
678788,37.0
678790,49.14
678792,61.17
678793,39.84
678796,50.75
678797,50.2
678798,62.46
678799,62.22
678800,49.04
678801,48.91
678802,41.27
678803,36.83
678805,49.83
678806,46.98
678807,52.73
678808,50.24
678810,44.77
678811,48.37
678812,34.61
678814,49.19
678817,52.87
678818,50.72
678819,46.85
678820,44.02
678822,55.33
678823,38.98
678825,41.14
678828,50.15
678829,50.91
678830,58.02
678832,54.45
678835,48.52
678836,51.63
678837,60.36
678838,53.21
678839,51.97
678841,46.42
678842,53.94
678844,37.82
678845,39.29
678847,46.9
678849,37.03
678850,25.86
678851,45.34
678854,42.24
678857,48.63
678859,52.08
678860,53.8
678863,35.01
678864,50.49
678865,56.67
678866,48.4
678867,39.64
678869,51.78
678871,46.34
678872,44.62
678873,54.56
678874,41.96
678875,22.27
678876,46.28
678879,48.89
678881,37.24
678884,48.45
678885,59.31
678886,42.93
678889,58.9
678890,54.07
678892,46.92
678893,36.47
678900,64.6
678901,46.84
678902,50.16
678905,52.67
678909,44.13
678910,39.22
678911,49.92
678912,38.03
678918,46.6
678924,39.27
678926,43.65
678927,58.83
678956,48.54
678962,47.47
678964,47.97
678972,58.26
678976,55.96
678978,50.95
678986,30.1
679007,49.69
679021,54.49
679022,47.47
679027,39.06
679060,55.87
679065,52.95
679067,59.62
679180,29.03
679198,42.19
679199,44.03
679201,42.19
679239,55.4
679243,32.26
679295,49.5
679299,48.73
679303,66.72
679311,44.84
679334,65.8
679350,41.93
679404,45.06
679475,42.57
679480,50.82
679487,49.24
679490,35.26
679515,46.62
679537,46.58
679545,34.84
679552,41.3
679553,30.74
679564,45.89
679588,51.94
679589,55.08
679596,33.94
679599,39.41
679628,44.16
679656,45.57
679657,56.92
679662,42.53
679663,60.55
679681,48.75
679684,50.45
679690,47.19
679691,42.91
679698,45.32
679701,37.11
679733,47.47
679734,41.57
679736,41.14
679737,42.52
679739,55.12
679741,44.67
679751,67.5
679754,56.44
679755,59.71
679757,49.05
679765,39.86
679766,33.99
679779,43.21
679788,33.62
679796,41.85
679799,44.13
679821,51.11
679866,47.01
679880,48.15
679938,57.5
679945,49.79
679947,34.25
679966,47.09
679968,43.23
679972,40.36
679976,52.13
680013,42.1
680043,40.67
680106,50.2
680244,43.46
680273,56.49
680383,37.66
680393,34.47
680396,37.41
680421,36.53
680438,59.3
680479,60.23
680501,46.47
680518,57.51
680519,46.71
680571,45.73
680575,40.54
680579,45.76
680582,44.57
680585,36.17
680586,32.03
680589,59.27
680591,25.59
680595,47.66
680597,50.97
680598,49.26
680603,44.04
680607,59.98
680614,50.71
680623,56.04
680625,51.86
680626,48.82
680629,42.42
680631,36.04
680634,48.08
680636,55.54
680637,65.79
680642,52.32
680643,55.24
680644,43.84
680645,68.07
680648,49.13
680656,42.24
680661,58.54
680662,58.77
680664,44.43
680671,51.84
680672,62.85
680683,44.83
680685,46.37
680690,42.46
680693,49.06
680695,56.06
680698,35.91
680703,28.98
680709,60.95
680710,55.82
680711,44.56
680713,49.96
680715,30.61
680719,47.72
680721,46.79
680722,49.48
680748,55.65
680751,46.8
680753,35.11
680756,43.46
680760,52.43
680763,39.93
680771,53.39
680775,42.89
680782,51.81
680785,44.34
680786,48.31
680799,37.23
680810,55.16
680815,44.56
680838,51.26
680843,51.0
680846,38.17
680847,49.08
680848,46.27
680852,53.93
680853,66.25
680854,38.72
680858,45.16
680860,43.6
680866,57.0
680868,45.93
680874,27.01
680881,46.99
680883,42.99
680884,48.35
680890,58.18
680894,21.99
680895,43.72
680905,52.71
680906,33.79
680910,48.95
680914,49.93
680915,34.3
680918,43.89
680920,52.94
680921,56.18
680927,56.23
680928,40.58
680932,45.98
680935,29.95
680938,51.46
680941,47.08
680959,47.67
680960,50.48
680964,49.24
680965,62.6
680966,50.85
680967,50.46
680968,39.2
680971,45.8
680976,53.15
680993,52.33
680994,43.34
680995,47.86
680996,44.4
680998,45.53
681016,48.99
681023,64.41
681036,37.52
681044,39.04
681047,49.09
681048,49.77
681068,35.55
681069,43.03
681075,37.25
681080,53.48
681083,59.2
681098,46.26
681109,48.7
681111,37.46
681114,40.06
681123,55.24
681132,40.61
681134,56.87
681142,44.62
681143,59.11
681149,49.76
681159,55.7
681165,54.13
681169,48.13
681171,32.35
681172,28.44
681177,60.36
681179,60.29
681184,37.9
681186,47.61
681198,64.58
681201,44.36
681230,54.45
681234,42.79
681247,50.04
681260,62.45
681275,38.97
681282,48.01
681286,62.25
681287,52.22
681296,42.55
681303,39.16
681317,45.4
681323,50.46
681326,37.54
681333,49.69
681334,27.71
681339,36.1
681348,43.17
681355,51.61
681357,49.72
681370,55.42
681371,52.64
681375,26.26
681377,46.45
681382,51.84
681383,33.74
681400,46.48
681401,48.85
681427,42.54
681430,47.84
681433,49.58
681439,52.46
681451,48.2
681453,39.23
681455,46.9
681456,50.29
681466,43.82
681468,54.44
681487,53.6
681488,37.58
681495,24.93
681498,49.05
681503,50.79
681506,42.05
681511,43.17
681513,40.54
681515,55.88
681518,60.77
681521,49.75
681524,49.26
681531,37.0
681532,43.76
681538,43.71
681540,45.64
681543,50.87
681545,51.97
681550,52.47
681552,37.99
681558,52.02
681561,47.08
681562,46.2
681580,51.65
681581,42.93
681590,62.35
681591,47.22
681593,56.97
681594,49.32
681598,47.99
681599,49.62
681606,51.33
681608,62.25
681610,48.1
681612,47.31
681614,54.48
681615,51.34
681623,55.41
681628,53.22
681629,59.04
681635,55.84
681636,54.42
681637,44.6
681638,49.55
681642,51.39
681652,40.18
681653,44.85
681664,58.77
681665,43.35
681668,35.64
681679,49.26
681702,67.89
681708,24.94
681714,56.79
681716,54.72
681717,51.12
681722,50.73
681724,57.11
681728,53.18
681729,57.61
681735,37.58
681736,49.64
681737,48.32
681746,53.35
681747,53.5
681748,42.71
681755,39.14
681756,42.72
681758,52.92
681804,51.44
681812,48.03
681818,46.07
681822,35.24
681827,24.73
681830,36.19
681831,42.23
681832,43.51
681836,62.58
681842,51.38
681851,50.52
681852,42.33
681855,46.07
681861,52.15
681862,50.61
681863,44.88
681864,37.0
681866,32.17
681868,60.69
681873,45.76
681874,47.59
681876,42.82
681877,38.97
681879,26.75
681883,52.13
681887,49.7
681888,58.58
681893,57.59
681898,48.18
681899,46.4
681901,28.34
681905,45.33
681907,44.98
681920,49.26
681927,62.5
681932,39.28
681933,52.97
681934,39.7
681937,42.23
681940,48.36
681941,30.45
681944,48.17
681947,47.31
681949,45.0
681954,43.96
681955,45.64
681956,38.2
681959,49.46
681965,44.88
681967,53.42
681973,46.74
681974,51.49
681976,58.62
681978,47.64
681990,49.09
681995,42.68
681996,52.27
681997,44.66
681998,44.71
681999,52.01
682001,48.92
682003,42.03
682005,21.87
682007,40.99
682009,43.42
682011,53.23
682012,38.79
682022,22.68
682030,48.53
682036,53.14
682037,65.89
682039,32.13
682040,35.58
682041,56.16
682045,48.25
682047,40.79
682053,45.71
682063,45.1
682075,56.16
682079,53.5
682082,48.51
682085,51.33
682086,48.88
682090,37.43
682091,49.13
682092,59.49
682096,41.6
682102,39.41
682108,52.46
682109,50.27
682112,52.44
682113,50.73
682115,41.41
682122,30.33
682123,49.95
682129,46.48
682133,47.85
682134,52.67
682137,54.55
682138,50.01
682141,65.45
682145,50.63
682146,44.34
682147,48.93
682149,43.0
682150,45.9
682152,51.87
682156,47.53
682161,24.34
682162,42.55
682164,47.28
682167,47.06
682169,45.5
682170,36.64
682172,48.57
682173,46.54
682174,49.7
682182,67.97
682184,35.21
682185,45.75
682187,42.09
682189,48.16
682191,13.29
682192,63.91
682196,31.27
682198,47.92
682204,43.96
682205,45.75
682207,33.5
682209,45.42
682210,47.73
682212,46.27
682214,54.48
682216,45.53
682218,51.66
682224,45.87
682226,33.86
682228,56.03
682237,49.02
682239,37.24
682242,49.06
682244,50.2
682252,47.71
682257,48.56
682264,53.84
682265,50.29
682266,42.4
682276,44.86
682285,50.49
682290,49.18
682418,46.08
682424,48.12
682428,50.4
682432,51.19
682434,43.4
682435,48.15
682437,44.1
682438,47.38
682439,49.76
682450,39.06
682452,27.22
682456,49.93
682457,48.54
682487,51.34
682490,47.74
682492,50.2
682504,42.59
682513,54.42
682516,47.72
682517,40.78
682529,49.24
682538,44.01
682547,48.65
682550,48.94
682560,47.58
682569,58.21
682576,57.47
682578,47.71
682581,36.59
682613,50.28
682616,27.21
682618,57.52
682621,49.95
682625,42.92
682627,32.23
682628,47.16
682630,34.68
682631,39.62
682632,44.4
682633,48.49
682635,52.88
682636,30.51
682637,54.73
682638,43.24
682639,54.41
682643,31.14
682646,51.23
682647,47.92
682648,64.51
682650,59.73
682651,52.03
682654,56.44
682655,36.84
682656,34.25
682658,37.96
682661,27.89
682662,38.13
682664,48.87
682669,47.52
682672,47.65
682674,60.8
682676,51.69
682677,48.16
682679,49.52
682680,51.19
682681,70.62
682682,46.12
682683,43.64
682685,40.5
682687,28.19
682689,45.17
682690,47.21
682692,53.63
682694,42.8
682695,44.46
682698,51.82
682702,50.07
682703,44.9
682704,47.59
682705,53.84
682706,45.22
682707,51.1
682708,48.09
682709,49.42
682712,49.05
682713,47.3
682714,39.78
682715,48.14
682720,51.91
682721,50.17
682722,40.45
682725,33.59
682727,44.05
682728,52.33
682730,49.81
682732,40.12
682736,36.12
682738,50.52
682742,61.23
682746,43.58
682748,53.67
682749,39.08
682750,43.98
682751,31.31
682752,48.67
682753,45.54
682754,46.26
682756,49.65
682757,55.29
682758,49.39
682763,37.33
682764,42.99
682765,24.3
682766,62.18
682767,40.59
682770,41.12
682771,48.46
682774,64.45
682775,50.04
682780,44.44
682782,45.62
682783,49.0
682784,48.03
682786,54.43
682787,48.59
682788,53.73
682792,48.17
682793,46.24
682794,44.89
682796,61.92
682797,50.33
682799,46.36
682801,44.53
682802,46.74
682804,46.29
682805,52.57
682808,48.58
682809,48.72
682818,60.96
682827,47.4
682828,49.9
682830,47.83
682831,58.03
682832,53.42
682833,49.98
682834,45.25
682835,46.39
682838,51.98
682844,51.59
682846,48.24
682850,36.06
682853,31.56
682856,36.18
682860,50.72
682861,44.28
682864,59.91
682866,42.73
682867,35.58
682876,48.35
682877,67.05
682878,47.84
682879,39.41
682880,66.11
682881,44.97
682882,36.8
682886,53.07
682887,55.4
682889,26.59
682894,55.12
682895,47.2
682898,53.47
682900,72.97
682909,50.54
682911,47.87
682916,52.11
682917,44.61
682934,50.77
682935,33.86
682937,50.65
682940,43.08
682941,44.94
682942,45.98
682943,48.48
682945,42.55
682946,50.48
682947,43.04
682950,49.8
682953,53.58
682956,48.53
682957,42.91
682958,59.46
682959,52.58
682960,42.82
682962,51.48
682963,45.06
682964,45.28
682965,60.17
682966,50.4
682983,44.6
682987,43.82
682992,47.56
683001,40.69
683006,44.78
683007,18.65
683013,27.87
683031,49.76
683034,43.41
683058,40.39
683060,49.16
683061,59.22
683063,48.94
683079,42.94
683082,50.26
683088,46.11
683091,34.72
683092,52.53
683095,36.72
683102,45.58
683103,45.3
683104,16.51
683106,37.14
683110,46.4
683145,43.21
683149,34.58
683152,38.63
683169,42.4
683170,36.98
683172,39.66
683176,36.01
683228,49.32
683233,41.03
683245,50.42
683246,47.73
683247,39.96
683270,31.94
683296,39.4
683297,41.69
683301,48.72
683318,44.6
683324,34.52
683330,32.96
683341,58.08
683344,48.67
683353,49.29
683364,34.57
683389,48.14
683393,47.67
683395,34.08
683396,46.64
683397,59.23
683399,47.46
683400,48.9
683404,40.35
683407,41.94
683408,70.32
683410,56.02
683413,46.82
683414,23.1
683415,41.38
683424,50.73
683427,51.85
683428,32.59
683429,64.51
683431,55.54
683432,40.93
683433,45.85
683437,68.01
683440,53.53
683442,45.7
683443,49.37
683444,48.94
683447,69.92
683449,50.64
683451,48.74
683454,46.28
683459,23.47
683461,51.89
683462,43.23
683464,61.68
683465,52.64
683467,50.45
683469,36.15
683473,45.26
683475,50.02
683477,54.78
683479,61.42
683480,44.41
683481,52.46
683482,61.22
683483,55.37
683485,30.88
683486,46.2
683487,51.21
683488,57.34
683489,60.61
683490,49.19
683493,48.17
683494,65.1
683498,53.5
683500,51.18
683504,37.2
683506,56.78
683507,52.04
683511,54.14
683513,51.4
683519,43.85
683521,48.2
683525,56.04
683526,44.32
683527,55.76
683529,52.64
683531,43.54
683532,60.39
683533,49.68
683534,48.99
683536,43.25
683539,44.65
683540,46.49
683541,45.97
683544,55.57
683546,63.43
683549,56.16
683550,46.45
683552,55.03
683553,47.7
683554,30.81
683555,54.98
683556,51.56
683558,48.2
683559,47.77
683561,55.57
683563,43.44
683566,58.93
683569,42.94
683571,51.44
683577,43.72
683580,52.4
683581,58.35
683582,42.79
683584,44.87
683586,56.87
683588,46.09
683591,29.44
683593,69.52
683594,50.26
683595,52.55
683598,55.99
683600,47.9
683601,52.6
683603,49.22
683606,66.28
683607,42.17
683609,46.2
683610,57.56
683611,55.23
683612,54.33
683614,53.63
683616,33.22
683619,56.43
683620,68.59
683625,56.12
683626,41.11
683628,43.22
683629,48.56
683630,48.63
683633,56.35
683635,62.05
683642,50.38
683644,48.41
683645,44.89
683646,50.98
683647,46.67
683648,48.19
683649,52.8
683651,48.27
683656,50.97
683658,53.21
683663,46.87
683665,53.88
683666,45.37
683671,40.63
683675,60.61
683678,49.95
683679,69.51
683687,52.67
683718,48.72
683721,50.3
683725,46.19
683727,51.3
683732,51.16
683735,36.84
683752,42.46
683754,50.28
683756,50.97
683760,48.9
683765,48.86
683767,44.85
683774,44.65
683838,47.54
683840,49.29
683844,39.43
683847,27.98
683852,49.66
683854,47.54
683857,51.42
683883,41.05
683884,53.98
683886,45.72
683887,37.45
683890,49.22
683953,67.11
683994,47.52
684008,46.93
684040,43.9
684081,52.04
684093,47.81
684109,42.56
684125,53.29
684127,56.74
684169,51.61
684189,50.16
684219,33.59
684220,49.46
684221,58.73
684222,69.19
684226,52.11
684229,57.53
684233,59.24
684238,51.06
684260,48.09
684261,42.22
684263,58.99
684264,46.25
684267,53.49
684268,46.69
684337,31.19
684368,44.1
684487,26.1
684489,72.95
684491,55.34
684494,27.79
684495,48.49
684517,50.33
684519,35.36
684525,20.79
684527,50.22
684541,41.04
684543,48.93
684550,50.03
684576,60.36
684580,50.4
684593,49.11
684704,46.1
684708,39.31
684710,47.6
684712,40.77
684715,53.83
684719,49.52
684852,59.34
684855,34.33
684872,32.29
684901,55.02
684908,48.52
684912,49.68
684922,43.73
684933,49.33
684976,30.68
684997,29.16
685047,50.95
685063,45.31
685076,38.98
685084,42.67
685087,44.55
685090,51.18
685091,40.13
685093,47.89
685094,45.35
685096,20.24
685106,42.6
685117,42.26
685121,34.87
685127,46.96
685274,48.02
685277,40.47
685278,31.93
685297,29.61
685298,30.17
685300,43.29
685313,60.43
685316,48.96
685328,39.68
685332,51.25
685334,49.66
685337,62.39
685341,55.54
685358,51.4
685376,44.47
685378,52.98
685382,58.85
685388,42.18
685392,28.36
685398,53.26
685413,52.46
685433,50.98
685434,39.47
685438,41.48
685460,46.63
685467,52.97
685468,52.44
685474,41.91
685479,44.46
685580,60.57
685583,49.55
685609,53.79
685712,49.07
685714,53.13
685715,45.77
685716,68.02
685718,44.55
685720,49.9
685722,42.91
685725,40.47
685727,49.36
685728,50.22
685732,46.48
685733,47.91
685735,44.47
685738,44.81
685776,53.14
685795,55.31
685808,38.63
686196,45.77
686236,44.8
686251,36.42
686304,52.79
686310,44.02
686311,42.52
686334,50.22
686335,54.06
686336,47.69
686337,54.19
686338,44.38
686340,43.54
686388,49.79
686397,50.58
686404,57.38
686412,52.12
686434,47.01
686436,52.51
686438,58.73
686445,53.21
686492,28.67
686499,54.46
686522,53.01
686523,55.45
686532,45.72
686540,44.1
686541,46.42
686546,32.02
686551,45.81
686556,50.83
686557,48.27
686577,26.3
686601,52.28
686609,46.98
686617,48.11
686619,36.81
686634,46.76
686638,41.64
686639,49.36
686644,60.67
686649,52.73
686659,47.66
686661,47.86
686673,43.08
686674,45.43
686677,42.66
686680,32.75
686683,24.61
686710,40.41
686727,52.93
686733,64.27
686735,51.55
686742,46.78
686744,50.06
686746,58.79
686755,56.29
686758,32.07
686760,42.93
686766,48.03
686770,37.75
686771,34.5
686773,27.62
686781,46.62
686792,26.21
686793,47.77
686798,44.3
686801,18.67
686808,29.3
686810,57.01
686833,45.62
686843,41.19
686845,29.36
686846,49.07
686858,43.86
686863,58.87
686870,44.09
686887,44.43
686912,32.45
686941,55.97
686944,26.05
686952,22.08
686956,39.31
686958,40.99
686960,55.83
686976,39.82
686977,48.61
686980,36.33
686981,38.84
686982,34.45
686984,54.94
686989,46.58
687005,45.66
687012,40.39
687013,25.42
687019,48.9
687020,49.09
687022,23.53
687034,45.96
687035,41.88
687036,37.51
687039,36.11
687042,48.85
687044,51.58
687052,31.87
687055,43.8
687056,42.59
687059,40.38
687063,39.97
687069,32.13
687071,42.17
687072,42.68
687073,26.25
687078,46.61
687083,48.84
687084,38.5
687086,42.46
687090,51.96
687113,34.19
687116,54.83
687125,40.57
687136,39.56
687144,52.27
687152,51.11
687192,35.56
687201,39.73
687206,46.91
687208,50.84
687210,59.74
687242,35.64
687248,45.06
687257,49.29
687260,44.64
687262,24.13
687272,41.19
687279,28.04
687282,55.67
687284,37.79
687285,38.01
687290,44.93
687310,52.36
687315,25.45
687319,48.85
687331,49.78
687332,20.32
687334,26.77
687340,41.99
687346,42.71
687347,42.68
687349,58.89
687382,42.64
687394,52.23
687398,50.71
687399,49.89
687426,49.57
687428,36.74
687431,37.15
687436,50.85
687443,43.42
687445,45.62
687463,34.03
687466,35.75
687469,45.04
687470,36.53
687480,43.17
687488,46.52
687493,44.29
687505,49.09
687513,48.93
687518,50.63
687521,54.3
687524,34.27
687526,23.23
687536,51.92
687543,44.34
687544,37.85
687545,34.14
687548,46.4
687549,47.59
687553,41.59
687554,44.74
687557,34.9
687567,50.98
687573,31.41
687580,48.5
687588,55.95
687600,49.77
687601,37.81
687605,41.94
687608,37.18
687610,47.04
687613,49.93
687614,46.81
687625,48.89
687626,37.01
687627,46.6
687628,21.44
687632,45.75
687659,53.69
687667,32.46
687668,64.99
687669,40.66
687676,47.78
687678,50.74
687679,48.77
687680,49.52
687685,44.32
687689,48.23
687690,48.84
687691,48.76
687696,46.13
687701,45.58
687705,34.69
687714,48.95
687718,39.26
687724,55.85
687730,44.46
687731,37.7
687749,48.03
687751,35.67
687763,48.06
687766,45.81
687771,52.96
687781,35.57
687783,60.93
687793,40.92
687811,51.21
687823,42.87
687831,54.77
687833,46.72
687837,49.03
687850,37.35
687852,26.98
687858,20.65
687862,51.95
687865,32.53
687887,50.37
687893,47.79
687918,51.89
687920,37.31
687930,33.78
687932,50.48
687942,42.46
687958,42.37
687959,47.35
687964,46.57
687981,46.45
687982,33.71
687986,41.63
687992,30.82
687997,41.77
687999,43.93
688002,61.03
688005,61.04
688009,42.2
688030,31.77
688032,48.67
688182,40.72
688195,56.01
688196,47.14
688199,55.47
688220,51.07
688226,40.79
688259,41.67
688273,41.71
688299,49.84
688311,51.8
688327,53.35
688359,50.53
688367,39.71
688392,56.57
688394,44.76
688403,49.29
688410,34.3
688437,43.66
688449,41.42
688457,53.11
688460,61.25
688495,34.29
688500,31.42
688507,35.35
688509,29.05
688551,36.87
688552,39.43
688556,42.43
688610,48.65
688617,47.07
688632,36.92
688658,38.34
688671,39.41
688676,40.74
688682,56.92
688714,44.57
688780,49.27
688808,47.98
688813,37.73
688815,28.3
688832,60.29
688847,46.69
688869,58.55
688871,14.95
688875,45.39
688907,50.82
688921,30.93
688948,44.69
688963,38.08
688978,46.58
689047,46.46
689070,63.55
689108,35.62
689115,64.58
689134,35.54
689141,28.79
689160,47.04
689192,45.45
689196,44.11
689211,46.76
689216,39.38
689235,63.85
689256,47.92
689274,45.62
689288,58.94
689296,51.39
689302,37.16
689328,31.03
689355,47.64
689435,28.73
689438,44.28
689439,53.71
689440,48.67
689456,59.96
689505,48.26
689531,43.66
689537,42.46
689571,27.21
689577,52.33
689603,44.79
689624,47.08
689651,43.9
689656,27.88
689659,44.7
689688,61.3
689691,49.96
689696,43.24
689710,46.33
689731,39.18
689748,37.92
689750,49.62
689753,49.01
689763,45.09
689787,50.17
689806,49.07
689822,63.18
689837,33.25
689858,44.63
689878,39.32
689880,39.15
689909,65.51
689931,47.95
689950,47.79
689959,33.68
689978,48.62
689984,38.11
690053,46.31
690080,28.88
690107,41.9
690113,44.06
690178,36.96
690180,56.72
690189,42.27
690222,46.71
690314,45.31
690350,42.26
690383,32.04
690429,37.46
690443,50.67
690448,49.93
690469,37.2
690474,45.42
690513,50.47
690516,49.0
690572,41.61
690589,43.02
690622,45.93
690710,47.91
690792,40.72
690804,48.49
690822,42.5
690841,24.03
690898,21.91
690902,29.26
690903,42.81
690904,33.09
690914,48.82
690917,20.08
690938,49.83
690944,32.22
690947,46.28
690956,42.16
690957,46.94
690958,27.38
690961,51.91
690962,50.92
690969,23.69
690970,41.27
690971,47.52
690983,42.39
690985,41.1
690988,36.14
690991,50.74
690992,22.55
690994,32.78
690996,31.36
690998,49.68
691001,68.61
691002,57.14
691003,60.13
691006,47.4
691020,40.89
691021,62.82
691024,64.79
691034,47.8
691079,48.46
691095,47.56
691098,47.25
691100,52.83
691101,49.65
691116,49.7
691177,43.51
691178,44.81
691179,27.67
691180,51.33
691181,59.09
691183,57.99
691184,62.77
691186,52.97
691188,31.9
691189,54.66
691190,52.84
691191,53.33
691193,45.89
691213,49.28
691252,51.9
691261,54.01
691262,41.92
691264,45.74
691265,55.8
691266,44.89
691267,63.58
691268,56.27
691269,48.61
691273,54.98
691274,37.06
691276,58.87
691277,70.57
691278,46.11
691279,53.12
691280,30.66
691281,47.02
691282,48.88
691283,49.52
691284,49.5
691285,63.06
691288,44.28
691289,51.98
691291,34.15
691292,67.12
691293,44.35
691294,49.89
691296,46.67
691297,46.7
691298,45.85
691299,47.73
691303,49.0
691304,45.15
691305,46.0
691306,47.09
691307,46.22
691312,52.69
691325,37.68
691326,45.23
691331,49.97
691332,21.04
691333,47.9
691338,53.95
691339,50.24
691343,48.0
691345,42.9
691349,54.79
691350,44.82
691368,49.56
691369,64.23
691370,45.64
691372,48.28
691375,51.0
691377,47.54
691378,71.33
691383,49.43
691385,55.25
691386,48.39
691387,50.74
691390,47.59
691392,61.29
691395,41.89
691396,45.92
691397,41.18
691398,52.55
691399,52.7
691400,51.05
691401,43.52
691402,43.98
691403,43.43
691404,42.76
691405,60.0
691407,49.08
691408,64.23
691409,51.36
691410,50.24
691411,55.65
691412,50.19
691416,54.81
691417,56.21
691418,52.83
691419,43.27
691420,47.86
691421,44.58
691422,17.82
691424,50.39
691425,47.76
691433,50.34
691435,36.88
691437,79.88
691438,51.04
691442,47.25
691444,37.53
691445,32.2
691446,49.04
691449,53.05
691450,59.23
691452,50.79
691454,35.12
691455,47.65
691456,58.87
691457,49.34
691458,86.97
691459,46.94
691464,35.16
691465,49.64
691466,56.48
691467,48.75
691468,48.99
691476,61.29
691478,51.26
691481,38.27
691482,38.23
691483,44.36
691485,45.8
691489,47.07
691490,50.68
691492,49.06
691493,45.02
691494,49.26
691496,46.72
691497,57.56
691503,56.23
691508,40.63
691513,30.6
691528,37.11
691543,48.8
691544,52.51
691549,50.25
691553,52.46
691556,49.53
691557,45.01
691558,69.82
691559,50.57
691561,50.04
691564,49.33
691567,49.25
691568,48.33
691570,56.12
691571,59.52
691577,48.76
691579,54.29
691584,45.98
691586,48.05
691588,67.3
691593,41.55
691595,49.38
691596,46.28
691598,41.55
691600,45.78
691601,45.0
691605,61.49
691606,53.08
691607,45.98
691608,44.64
691609,48.11
691610,48.91
691611,49.28
691613,48.13
691614,42.67
691615,49.17
691616,65.67
691617,54.67
691618,54.86
691620,76.25
691621,58.31
691622,56.17
691623,67.45
691624,49.4
691625,41.58
691626,51.23
691627,70.32
691628,37.69
691633,44.76
691635,52.35
691636,47.59
691637,51.04
691640,50.37
691642,42.96
691644,38.92
691645,50.81
691646,42.51
691647,46.95
691648,42.46
691650,46.6
691654,49.86
691655,42.49
691668,51.07
691685,45.47
691701,32.54
691702,50.51
691704,49.65
691708,49.28
691710,48.67
691716,42.51
691724,43.86
691726,45.74
691729,43.29
691740,51.68
691758,19.97
691770,39.22
691775,65.31
691788,68.78
691789,53.43
691792,61.43
691793,47.07
691794,56.64
691797,52.19
691852,43.99
691857,43.35
691858,63.62
691863,58.57
691864,48.55
691865,34.5
691866,47.25
691867,36.71
691871,47.4
691878,50.23
691894,51.25
691895,48.75
691897,47.66
691898,49.27
691899,49.29
691900,56.05
691905,59.3
691906,45.05
691909,47.29
691910,52.39
691913,57.85
691915,37.35
691919,39.8
691922,60.28
691923,35.04
691924,49.04
691926,51.17
691927,41.24
691929,48.88
691938,44.94
691939,39.86
691941,50.6
691944,54.03
691948,47.59
691949,48.85
691968,34.23
691988,25.48
692014,49.02
692019,38.82
692021,47.84
692023,49.13
692025,54.18
692027,46.01
692028,49.26
692031,35.29
692032,31.74
692033,40.77
692034,46.63
692036,39.41
692039,60.34
692043,31.81
692044,55.04
692045,47.67
692046,56.53
692048,49.66
692052,51.66
692060,43.79
692069,51.79
692074,35.55
692110,64.22
692118,30.31
692150,68.05
692169,48.45
692190,48.68
692221,41.75
692222,32.6
692224,33.9
692228,36.96
692232,60.37
692238,61.4
692324,55.14
692328,45.04
692333,53.52
692334,63.27
692348,56.43
692354,43.6
692355,51.12
692358,35.1
692360,35.64
692361,46.9
692364,52.79
692365,48.77
692366,68.53
692368,75.53
692370,34.16
692371,58.19
692374,45.36
692376,50.82
692377,43.69
692378,43.55
692382,45.46
692386,36.24
692387,43.69
692388,51.72
692390,58.07
692393,48.86
692396,49.75
692397,47.31
692398,45.42
692399,42.83
692400,42.05
692403,40.83
692405,53.97
692406,46.59
692408,59.35
692412,49.47
692415,48.46
692416,75.32
692417,36.19
692419,49.1
692421,49.17
692422,53.97
692423,47.17
692424,41.7
692425,48.0
692428,48.13
692429,49.81
692430,40.88
692435,45.8
692436,49.58
692443,52.09
692446,41.28
692449,43.76
692450,47.81
692451,44.0
692453,50.42
692455,42.3
692456,51.77
692478,67.33
692481,47.59
692482,49.8
692484,60.79
692489,48.0
692490,35.62
692491,50.53
692497,61.34
692498,48.47
692499,47.98
692502,42.1
692503,46.91
692508,45.83
692514,49.7
692545,47.04
692548,51.32
692551,44.56
692552,52.92
692556,33.76
692558,46.88
692560,43.58
692561,46.26
692562,60.51
692564,64.15
692568,67.29
692571,43.53
692577,50.13
692578,53.57
692579,49.54
692580,56.33
692582,41.12
692583,44.49
692587,58.12
692591,47.11
692592,43.88
692594,42.96
692596,32.99
692597,41.42
692598,44.21
692602,43.15
692603,39.87
692607,50.95
692608,57.99
692609,51.09
692610,46.01
692611,48.97
692614,51.53
692615,49.15
692620,43.08
692622,47.46
692631,48.72
692633,57.6
692634,48.3
692635,48.0
692640,57.9
692642,32.64
692644,45.17
692649,40.42
692650,48.28
692655,48.64
692657,57.3
692658,49.98
692664,49.88
692670,54.48
692694,39.93
692695,48.11
692755,44.7
692815,49.55
692817,20.18
692828,44.74
692836,34.49
692837,44.89
692840,31.77
692851,52.2
692852,53.05
692944,61.15
693073,48.84
693175,45.87
693177,43.64
693243,54.4
693306,45.24
693309,46.96
693418,44.11
693459,54.59
693486,41.71
693515,49.88
693698,49.15
693699,49.59
693705,48.73
693706,44.46
693710,42.65
693720,47.86
693730,49.13
693733,40.46
693738,48.19
693741,45.73
693745,40.39
693746,39.45
693749,52.01
693763,48.48
693765,48.61
693766,39.6
693770,53.66
693782,46.38
693786,45.48
693788,45.27
693790,58.43
693794,48.15
693795,38.8
693798,51.1
693805,44.65
693808,49.85
693809,21.71
693810,35.13
693814,46.36
693819,57.4
693822,47.03
693832,55.04
693850,50.92
694025,66.13
694028,48.48
694030,44.61
694034,58.66
694044,45.4
694045,42.71
694047,49.86
694048,37.83
694049,44.05
694056,42.75
694062,37.98
694065,50.94
694070,53.31
694170,50.36
694180,52.4
694181,44.23
694182,60.67
694183,64.08
694184,55.43
694185,59.19
694186,53.68
694187,55.74
694188,56.72
694189,57.74
694190,53.14
694191,42.59
694193,61.46
694194,65.6
694196,72.56
694197,78.35
694199,49.8
694200,46.29
694201,42.73
694202,61.51
694204,42.03
694206,35.13
694209,51.24
694210,40.35
694211,76.59
694213,46.66
694214,66.81
694215,50.92
694216,44.43
694217,42.2
694218,69.1
694219,46.12
694220,47.31
694222,36.43
694223,40.69
694224,81.72
694225,53.38
694226,42.39
694227,53.26
694228,52.97
694229,53.36
694230,79.19
694231,49.68
694246,41.32
694249,61.99
694255,47.37
694266,52.22
694271,61.77
694281,49.99
694292,47.01
694294,43.47
694303,48.1
694304,28.69
694310,39.92
694318,47.88
694320,59.52
694321,49.81
694322,48.02
694336,43.31
694351,57.97
694364,50.09
694368,54.14
694369,40.0
694371,62.55
694378,71.4
694380,56.44
694385,55.04
694387,42.86
694399,42.17
694410,67.91
694420,51.35
694425,57.09
694427,33.45
694444,52.19
694469,40.53
694478,55.65
694481,36.95
694484,44.15
694514,57.61
694541,31.89
694543,61.01
694552,52.49
694563,45.93
694565,55.1
694580,63.05
694661,42.48
694673,72.01
694678,48.96
694689,33.97
694732,37.15
694742,45.6
694749,62.51
694751,43.68
694754,65.71
694757,34.77
694760,52.51
694762,48.31
694783,22.67
694786,40.82
694806,48.29
694808,59.95
694810,22.8
694812,41.57
694815,36.07
694829,31.85
694834,52.21
694838,40.06
694842,54.77
694848,56.52
694876,69.75
694884,44.32
694896,35.13
694929,40.31
694930,51.92
694939,56.12
694943,22.7
694953,40.13
694966,55.39
694974,43.92
694976,54.04
694977,61.73
694991,70.73
695000,51.4
695013,42.57
695020,60.52
695023,53.77
695024,39.98
695031,57.58
695039,60.66
695046,51.16
695048,52.28
695068,42.7
695069,50.27
695074,38.75
695078,62.72
695222,42.45
695223,46.21
695266,53.56
695271,49.16
695276,48.46
695289,39.74
695292,59.48
695299,40.32
695301,47.65
695310,47.6
695312,57.88
695342,49.68
695358,52.82
695370,56.45
695372,54.87
695415,24.92
695426,37.71
695457,31.4
695461,46.32
695462,49.87
695467,38.15
695477,48.16
695481,60.49
695484,47.92
695490,79.63
695491,73.61
695493,50.44
695494,59.0
695501,66.68
695508,67.23
695510,40.5
695514,52.01
695517,52.9
695521,66.81
695524,58.11
695527,40.41
695530,48.2
695538,64.23
695554,52.16
695565,48.18
695570,26.58
695573,69.23
695579,48.79
695586,34.38
695587,38.55
695595,33.18
695596,52.9
695603,34.57
695604,56.56
695606,43.37
695607,41.82
695612,54.23
695634,54.06
695652,51.97
695653,71.19
695659,38.32
695686,31.18
695692,60.83
695707,42.82
695708,48.77
695720,76.03
695722,64.86
695731,60.43
695732,24.55
695735,70.65
695742,46.85
695744,52.73
695745,50.06
695758,46.17
695763,62.71
695770,41.85
695772,41.41
695780,63.16
695786,47.61
695799,38.01
695801,43.75
695805,37.41
695836,47.67
695840,47.37
695841,19.85
695845,53.25
695890,51.03
695930,73.08
695940,49.04
695965,53.66
695991,38.75
696015,41.08
696020,52.24
696045,40.12
696058,47.04
696061,48.93
696065,34.13
696081,44.01
696083,51.06
696096,49.74
696099,47.53
696135,65.25
696140,45.49
696141,45.02
696142,53.91
696145,50.04
696160,55.52
696264,48.06
696272,56.68
696281,48.95
696282,33.82
696286,65.89
696287,35.29
696291,40.21
696486,68.45
696487,47.68
696501,42.22
696510,61.18
696513,45.91
696521,45.68
696528,47.35
697779,39.65
698902,50.86
698911,48.89
698915,42.8
698916,62.24
698927,61.41
698928,50.42
698929,59.01
698930,46.92
698931,40.3
698933,57.46
698935,57.35
698936,49.6
698937,56.42
698938,51.86
698940,44.4
698941,58.44
698943,40.42
698944,50.11
698945,63.87
698946,49.84
698947,46.6
698948,47.86
698949,49.61
698950,51.2
698951,44.13
698954,45.16
698955,42.97
698956,44.81
698960,46.73
698963,48.73
698964,41.82
698966,58.03
698967,47.36
698969,27.75
698971,47.14
698972,51.65
698973,77.83
698975,54.41
698976,45.47
698977,50.41
698978,57.38
698979,46.33
698980,55.42
698984,33.92
698990,55.52
698991,41.41
698992,49.69
698993,45.72
698994,44.54
698995,38.33
698997,48.97
698998,47.51
698999,47.55
699000,47.43
699002,46.21
699005,40.84
699006,47.87
699012,41.77
699013,76.91
699014,46.89
699015,48.34
699016,50.31
699017,56.18
699019,47.96
699020,50.57
699021,40.0
699023,44.67
699024,78.88
699026,43.24
699027,48.38
699028,42.58
699029,40.2
699030,62.99
699031,46.85
699032,54.76
699034,48.63
699035,46.07
699036,55.95
699037,43.92
699042,49.39
699043,66.21
699045,49.34
699046,56.74
699047,54.02
699048,48.3
699049,58.57
699050,54.35
699051,52.03
699052,55.82
699053,55.24
699055,58.95
699056,56.69
699061,62.35
699065,64.08
699066,49.1
699068,52.51
699069,47.89
699073,61.71
699076,42.78
699077,51.32
699078,49.07
699080,52.31
699082,48.02
699084,38.66
699085,52.95
699087,47.93
699090,53.91
699091,50.04
699097,49.52
699098,52.66
699100,33.43
699105,61.54
699108,53.33
699111,36.34
699112,33.07
699113,45.39
699114,70.9
699115,62.89
699116,50.12
699118,56.82
699119,56.84
699122,47.62
699123,43.32
699124,47.22
699126,71.13
699127,57.52
699130,81.0
699131,50.72
699133,51.3
699135,51.67
699136,50.83
699142,32.85
699143,46.63
699144,56.3
699150,47.13
699152,53.02
699153,47.95
699156,51.49
699157,56.39
699158,49.31
699165,53.62
699166,47.71
699167,35.22
699176,44.95
699200,62.27
699202,48.04
699203,54.32
699204,46.64
699205,54.5
699206,59.84
699207,64.43
699209,42.65
699213,60.94
699216,55.96
699218,50.07
699219,47.09
699224,44.19
699225,55.36
699228,52.82
699229,51.35
699232,68.4
699235,48.94
699269,51.31
699270,51.1
699271,45.71
699272,49.89
699273,51.37
699274,49.58
699275,55.65
699277,49.64
699278,46.97
699280,46.84
699281,49.15
699282,46.64
699285,53.86
699287,54.16
699290,48.28
699292,46.76
699293,54.06
699294,46.86
699297,47.88
699298,48.46
699300,53.6
699301,49.49
699302,85.32
699303,48.5
699305,45.63
699307,54.49
699308,49.76
699310,51.48
699311,48.65
699315,44.61
699317,42.95
699318,45.11
699320,51.25
699321,26.28
699327,43.87
699328,54.35
699386,47.57
699390,55.37
699393,81.61
699394,39.86
699396,62.68
699471,49.45
699475,28.44
699478,42.82
699615,38.93
699694,65.28
699698,64.63
699700,29.91
699705,54.73
699708,48.53
699709,50.21
699710,48.85
699711,49.21
699712,70.4
699713,42.34
699714,53.3
699720,55.18
699721,46.7
699806,52.6
699810,53.28
699816,42.93
699912,73.49
700020,59.37
700025,45.34
700026,52.82
700027,50.44
700032,47.71
700081,48.05
700083,44.81
700099,36.72
700160,36.12
700162,54.48
700163,39.84
700164,77.62
700170,58.79
700171,54.2
700172,49.78
700175,47.93
700178,50.75
700229,44.99
700243,54.53
700266,47.81
700272,52.66
700283,57.12
700285,53.57
700286,55.56
700290,41.51
700293,49.11
700295,45.36
700297,37.24
700298,41.71
700300,51.52
700312,35.76
700319,49.33
700320,37.63
700321,73.96
700325,43.2
700328,48.34
700330,52.23
700332,43.22
700333,44.92
700335,46.87
700338,49.96
700339,42.31
700341,61.21
700346,51.78
700355,46.13
700358,47.8
700361,46.83
700367,38.21
700369,36.45
700385,32.51
700648,58.04
700652,53.22
700658,44.61
700668,44.53
700681,51.98
700685,47.36
700716,47.63
700717,59.4
700720,46.06
700724,50.24
700725,67.94
700726,46.42
700729,50.22
700731,67.88
700784,57.46
700815,43.28
700824,52.22
700840,59.98
700845,38.91
700931,56.92
700936,45.34
700939,26.49
700998,24.03
701010,74.31
701062,43.0
701100,20.94
701106,35.28
701120,41.8
701125,45.37
701136,53.34
701152,31.02
701158,52.9
701162,43.97
701177,58.43
701206,57.12
701209,38.04
701295,44.78
701296,33.43
701298,52.48
701324,42.88
701326,64.82
701327,29.32
701330,25.13
701333,62.47
701337,56.11
701339,66.42
701342,59.72
701360,55.01
701373,76.57
701376,48.25
701392,73.64
701394,74.14
701401,52.45
701424,34.81
701435,40.59
701437,44.97
701481,61.23
701488,44.61
701493,36.76
701496,51.77
701520,45.36
701527,70.95
701528,37.81
701540,50.1
701544,50.54
701546,59.18
701548,59.16
701587,44.58
701592,50.68
701594,46.75
701616,64.47
701618,42.49
701634,46.33
701648,34.9
701649,77.56
701653,50.56
701655,57.03
701660,51.07
701661,58.31
701678,75.78
701682,49.07
701689,26.49
701696,49.08
701699,31.74
701701,52.94
701703,52.9
701727,52.51
701734,58.14
701737,43.91
701747,42.76
701750,63.83
701771,59.14
701777,14.45
701778,61.41
701783,56.82
701784,55.7
701785,76.31
701786,42.7
701796,28.28
701800,26.13
701805,58.94
701807,73.42
701811,44.05
701817,59.62
701820,51.21
701831,57.56
701833,49.83
701837,44.82
701852,55.86
701855,51.51
701860,37.73
701862,41.07
701864,45.25
701906,69.25
701980,44.12
702025,26.97
702042,46.28
702066,36.2
702067,54.61
702068,33.22
702096,43.21
702106,40.96
702110,31.74
702112,45.7
702113,44.68
702114,41.5
702125,34.99
702140,50.95
702208,21.16
702209,50.31
702211,45.23
702214,48.04
702217,50.78
702222,77.49
702239,48.47
702247,50.18
702250,37.6
702253,66.59
702258,51.64
702261,65.89
702262,53.12
702264,76.52
702265,52.95
702270,68.13
702278,55.82
702283,54.3
702292,42.63
702293,19.37
702302,63.82
702305,43.1
702309,53.98
702311,49.55
702313,15.57
702315,48.36
702328,18.55
702331,62.24
702333,48.28
702372,48.23
702391,63.57
702409,61.06
702416,43.55
702435,38.82
702444,48.16
702457,37.47
702461,26.39
702463,56.92
702466,47.65
702467,48.88
702472,37.44
702475,40.24
702476,12.85
702478,26.86
702486,57.29
702488,61.74
702491,67.24
702495,56.44
702500,42.92
702501,58.43
702504,41.76
702517,64.82
702518,76.12
702520,49.85
702522,59.98
702524,43.38
702526,69.89
702531,51.7
702538,43.59
702540,75.29
702544,70.37
702547,49.88
702550,49.49
702555,48.5
702556,56.43
702563,43.97
702574,46.89
702582,59.54
702593,41.41
702596,55.56
702600,46.5
702601,55.7
702607,56.49
702609,47.32
702610,63.5
702619,71.6
702629,37.46
702630,64.36
702631,61.69
702652,79.76
702656,47.47
702662,64.48
702668,51.39
702673,45.4
702679,88.48
702685,38.62
702686,51.33
702690,54.97
702693,71.02
702695,71.25
702699,51.74
702708,61.39
702720,66.8
702726,86.53
702750,52.9
702770,47.85
702788,58.91
702789,59.79
702869,47.77
702871,47.46
702880,55.87
702883,48.97
702889,57.21
702892,28.52
702895,48.67
702896,48.92
702906,59.63
702908,55.42
702912,48.64
702920,47.31
702922,52.11
702933,54.1
702977,63.07
702995,56.47
703015,38.57
703035,55.14
703070,56.42
703130,37.13
703143,55.79
703144,43.92
703149,52.37
703150,67.23
703151,92.34
703152,66.61
703153,67.43
703154,62.7
703155,78.33
703156,64.18
703157,53.79
703158,54.45
703159,50.94
703160,60.94
703161,51.32
703175,66.59
703177,70.76
703178,44.03
703179,52.5
703180,57.11
703181,44.16
703182,53.3
703183,63.76
703184,49.01
703185,82.32
703188,40.02
703189,48.69
703190,68.25
703191,50.71
703192,56.14
703194,55.6
703195,50.25
703196,50.33
703197,84.82
703198,56.62
703199,56.8
703200,56.06
703201,53.61
703202,61.91
703203,44.84
703204,58.4
703205,51.04
703245,51.67
703260,52.81
703305,47.24
703340,49.34
703398,45.01
703405,52.16
703430,59.72
703448,82.81
703455,59.8
703477,59.67
703483,54.01
703492,59.88
703519,37.55
703520,54.89
703530,50.57
703563,49.36
703601,87.18
703602,57.08
703603,41.76
703606,60.2
703607,67.75
703611,53.01
703612,35.51
703632,51.41
703637,54.64
703638,49.62
703639,67.25
703641,44.6
703673,55.15
703676,51.09
703680,62.81
703715,28.56
703726,47.25
703727,50.39
703742,40.68
703766,59.62
703804,52.07
703813,48.89
703861,67.0
703862,48.58
703890,58.06
703902,53.73
703905,44.35
703906,54.45
703907,49.38
703920,56.97
703924,42.68
703939,48.69
800011,42.59
800016,47.68
800026,46.63
800029,63.3
800050,80.63
800051,59.78
800056,44.57
800060,63.04
800066,40.65
800068,48.45
800069,43.52
800082,47.47
800087,25.92
800088,47.35
800090,49.89
800106,56.73
800123,53.92
800126,66.7
800129,47.71
800130,39.97
800131,46.71
800132,57.19
800133,40.66
800134,40.59
800135,49.24
800136,46.53
800137,50.44
800138,49.81
800139,30.62
800140,50.93
800143,51.45
800145,50.4
800147,54.12
800149,45.7
800151,44.66
800155,38.06
800157,55.75
800159,43.45
800160,60.13
800163,48.29
800164,54.27
800165,50.63
800167,47.65
800169,74.39
800170,48.72
800171,52.4
800174,57.91
800176,66.07
800177,42.46
800179,67.1
800180,38.51
800181,50.45
800182,60.68
800184,50.05
800185,49.69
800186,49.7
800188,58.68
800190,52.41
800191,51.38
800192,50.6
800193,56.79
800194,63.36
800195,44.74
800196,45.36
800197,60.11
800198,86.79
800199,50.8
800200,55.27
800201,59.91
800202,46.22
800203,65.82
800204,61.56
800205,50.47
800206,57.45
800208,78.98
800209,39.51
800210,58.05
800219,57.69
800224,49.21
800231,69.88
800232,56.99
800244,53.78
800246,64.27
800248,42.37
800250,52.8
800251,45.77
800253,64.35
800254,61.81
800256,51.96
800257,57.02
800258,45.58
800259,47.16
800261,44.32
800264,48.71
800265,42.54
800266,57.88
800267,34.01
800268,41.9
800269,48.52
800271,48.55
800272,59.68
800273,49.03
800276,59.57
800280,49.62
800281,69.02
800282,50.08
800284,53.07
800285,68.51
800287,46.48
800289,46.55
800290,43.31
800291,47.82
800293,44.52
800294,73.45
800296,46.22
800297,51.17
800298,48.36
800299,50.62
800302,53.98
800303,51.43
800305,85.27
800306,73.22
800307,49.8
800309,44.43
800312,49.12
800313,49.98
800314,52.27
800316,53.95
800319,51.4
800325,84.47
800326,51.67
800327,37.79
800328,51.18
800329,51.94
800330,62.35
800331,51.62
800332,64.11
800333,37.63
800334,45.3
800335,42.01
800337,51.78
800339,48.32
800342,51.65
800343,49.52
800345,68.92
800346,35.45
800348,37.51
800349,43.39
800351,44.8
800352,43.27
800354,59.23
800356,56.27
800357,53.61
800360,55.06
800362,51.7
800364,38.39
800367,58.28
800368,50.36
800369,49.92
800370,62.76
800371,64.13
800372,44.98
800373,46.97
800374,50.38
800375,47.22
800376,50.06
800377,62.28
800378,35.53
800379,47.99
800380,55.46
800382,53.38
800384,59.58
800385,44.04
800386,51.23
800387,56.62
800389,54.61
800390,51.1
800391,59.81
800393,64.67
800396,47.53
800397,52.41
800398,54.04
800399,51.56
800401,53.51
800402,48.15
800403,50.18
800404,46.52
800405,47.05
800406,83.2
800407,54.42
800409,48.03
800410,49.63
800411,58.74
800412,55.28
800414,71.62
800417,49.69
800418,48.95
800419,68.69
800421,76.28
800422,61.03
800424,52.6
800426,54.54
800428,51.93
800429,50.37
800430,48.66
800432,57.38
800433,60.21
800434,60.77
800438,56.4
800440,65.61
800444,49.25
800448,69.84
800449,68.57
800451,56.78
800456,51.27
800463,67.07
800465,48.12
800468,55.64
800470,57.69
800472,42.85
800473,84.46
800475,52.76
800476,63.47
800478,63.05
800482,49.48
800488,52.26
800492,53.69
800495,45.27
800496,49.04
800502,49.41
800503,56.26
800504,53.44
800505,51.97
800506,52.95
800507,46.27
800508,61.45
800510,66.39
800513,52.75
800515,36.8
800516,66.58
800520,53.14
800522,89.5
800523,41.96
800524,52.99
800525,44.65
800526,37.18
800531,46.06
800540,80.67
800541,48.95
800542,53.06
800543,89.14
800546,49.08
800547,40.96
800548,32.89
800569,66.29
800572,36.53
800575,51.09
800578,45.46
800597,34.45
800607,51.91
800614,54.93
800615,49.84
800617,39.37
800621,34.26
800627,44.91
800643,46.89
800683,46.45
800685,35.75
800712,39.36
800715,23.77
800724,57.18
800728,39.55
800741,55.7
800765,49.8
800840,54.51
800953,63.44
800957,62.79
800959,65.58
801039,42.66
801075,48.84
801076,52.27
801126,52.07
801130,31.66
801176,24.24
801178,51.37
801187,44.23
801194,74.81
801225,47.38
801226,31.42
801227,50.3
801228,53.07
801229,44.62
801230,48.99
801248,58.8
801250,49.96
801254,51.54
801256,52.39
801258,42.51
801259,38.57
801260,42.45
801262,50.05
801263,38.24
801264,46.94
801265,32.64
801271,48.85
801276,69.6
801307,47.94
801346,44.56
801381,50.83
801406,68.77
801430,40.24
801442,44.64
801460,65.4
801462,49.05
801464,46.8
801471,44.07
801501,74.22
801507,45.05
801522,63.83
801523,58.77
801525,50.08
801533,42.75
801537,62.17
801561,54.26
801563,55.1
801590,58.59
801592,45.18
801600,46.78
801629,53.93
801670,58.08
801686,34.94
801698,55.77
801726,51.28
801736,60.2
801740,43.74
801745,49.69
801822,38.18
801853,41.32
801854,54.59
801881,45.95
801887,43.27
801903,46.56
801928,64.22
801932,53.72
801938,49.27
801954,48.08
801957,60.05
801978,64.54
802001,31.98
802005,46.48
802016,61.12
802018,59.7
802066,33.41
802079,48.61
802082,56.0
802091,54.18
802097,47.66
802098,41.72
802100,61.19
802102,36.52
802103,53.33
802117,56.92
802135,31.78
802139,79.89
802219,56.97
802243,46.07
802353,49.96
802355,54.8
802397,72.09
802398,55.45
802407,51.15
802459,24.83
802469,57.99
802474,48.75
802494,64.23
802504,36.93
802506,68.3
802511,72.31
802517,51.15
802528,55.35
802531,51.38
802541,36.12
802544,35.22
802560,54.27
802599,55.53
802622,52.03
802623,47.5
802624,37.58
802738,52.75
802739,49.75
802947,53.95
802959,38.04
802990,54.48
802991,50.3
803009,37.51
803011,72.16
803015,45.1
803033,61.75
803067,55.44
803102,25.64
803127,53.29
803131,56.9
803139,51.58
803142,53.32
803152,41.83
803172,62.05
803174,59.28
803175,74.06
803241,70.25
803284,52.56
803288,47.37
803290,50.16
803367,52.88
803385,70.63
803426,57.05
803433,55.42
803475,51.19
803630,52.21
803679,68.8
803723,78.86
803745,83.95
803811,44.14
803849,72.93
804109,70.95
804114,62.62
804119,45.79
804240,41.97
804241,56.7
804270,48.77
804446,69.28
804466,44.97
804503,41.77
804521,44.42
804558,68.89
804560,81.75
804588,41.19
804596,45.07
804603,48.71
804606,83.93
804610,48.42
804614,63.33
804615,50.67
804622,45.88
804645,54.51
804695,53.94
804710,39.08
804726,45.22
804751,48.41
804858,69.29
804859,58.24
804871,57.36
804879,51.29
804884,46.4
804911,61.42
804944,58.05
804946,54.93
804966,42.15
804995,71.97
805015,58.2
805025,24.89
805042,28.6
805043,51.39
805051,51.01
805052,54.36
805053,55.0
805054,70.5
805058,54.37
805061,48.71
805062,47.71
805063,36.51
805072,50.31
805075,66.84
805077,63.93
805080,50.72
805082,79.52
805102,57.62
805103,34.25
805104,45.96
805108,39.88
805116,48.09
805117,70.05
805125,40.36
805126,50.45
805127,68.41
805129,49.15
805130,40.51
805131,48.72
805145,47.27
805168,71.35
805207,81.42
805234,44.26
805236,42.78
805260,52.33
805268,44.29
805280,57.45
805297,40.68
805301,30.45
805319,50.23
805327,50.82
805332,50.26
805339,50.59
805346,49.46
805347,56.38
805356,35.16
805365,58.94
805366,29.68
805369,47.14
805371,56.67
805416,50.17
805452,51.96
805466,47.28
805467,41.52
805470,45.85
805471,56.34
805550,61.6
805590,59.07
805646,39.27
805656,51.01
805672,49.09
805680,58.76
805692,54.19
805695,47.66
805697,42.02
805701,31.53
805704,55.47
805737,29.63
805740,44.17
805744,48.26
805763,26.05
805773,41.06
805775,49.93
805782,45.86
805795,72.78
805796,76.96
805801,40.42
805804,59.68
805805,87.1
805808,100.52
805810,52.83
805816,54.7
805818,47.32
805834,68.94
805842,38.32
805862,40.24
805865,58.45
805870,52.37
805875,48.94
805880,63.49
805891,48.7
805931,18.19
805938,66.07
805950,62.17
805951,72.01
805953,60.56
805956,34.16
805957,33.38
805964,51.91
805995,36.99
805999,77.96
806005,45.63
806012,48.36
806014,35.43
806016,34.52
806053,54.44
806061,66.03
806068,86.32
806071,70.51
806077,71.28
806083,50.15
806104,40.82
806120,35.53
806124,44.68
806128,46.99
806146,75.9
806148,50.85
806152,48.38
806154,52.83
806161,35.96
806174,44.7
806176,56.45
806187,29.94
806189,38.46
806191,70.5
806198,86.69
806210,66.32
806212,52.82
806221,61.09
806223,56.67
806230,60.05
806233,62.42
806237,50.14
806238,47.14
806244,49.73
806252,83.86
806263,64.03
806267,52.23
806273,32.93
806275,40.3
806299,41.45
806304,48.14
806306,48.37
806310,54.75
806311,33.37
806314,61.77
806355,47.36
806367,58.16
806368,32.09
806377,51.3
806394,48.15
806428,44.17
806441,56.17
806464,46.83
806495,58.6
806518,37.93
806523,52.41
806534,50.72
806538,37.46
806550,54.24
806611,70.83
806621,58.67
806633,46.49
806636,38.19
806647,45.6
806655,47.75
806657,48.92
806659,48.63
806660,49.0
806693,51.38
806707,40.93
806730,60.3
806739,45.22
806754,47.48
806773,54.03
806791,51.64
806823,52.45
806867,50.27
806869,54.56
806872,71.08
806873,58.85
806884,82.19
806919,44.19
806921,40.77
806922,47.71
806953,82.92
806956,89.62
806957,84.7
806958,73.41
806959,67.67
806961,47.52
806962,48.56
806963,47.62
806964,84.71
806965,70.05
806966,49.05
806967,51.85
806968,58.06
806969,28.5
806973,55.25
806976,48.36
806977,34.35
806978,57.53
806979,53.19
806980,50.57
806981,60.76
806982,65.33
806983,77.91
806984,60.62
806985,71.38
806986,47.79
806987,73.18
806988,72.95
806989,55.8
806990,45.62
806991,55.75
806992,76.11
806993,49.4
806994,78.65
806995,57.47
806997,22.22
806998,48.51
806999,49.64
807000,54.54
807003,48.01
807004,52.25
807005,46.27
807006,43.72
807007,61.41
807008,58.73
807010,58.67
807011,55.35
807080,73.16
807083,70.12
807148,45.1
807154,45.87
807239,62.49
807256,80.18
807257,69.86
807267,68.19
807276,74.2
807277,43.64
807379,46.69
807383,66.08
807384,37.74
807404,54.07
807461,53.02
807511,49.2
807587,53.64
807600,47.33
807641,50.59
807642,47.06
807643,70.29
807644,47.5
807645,63.34
807646,46.11
807647,72.94
807648,56.49
807649,45.62
807714,61.31
807720,45.58
807722,66.72
807726,58.31
807727,61.18
807728,67.73
807737,43.53
807740,39.45
807742,46.92
807746,37.26
807747,52.17
807751,47.68
807755,38.15
807759,53.13
807812,50.42
807815,38.04
807817,51.1
807820,48.22
807821,51.57
807824,50.07
807831,51.92
807836,40.33
807837,48.77
807949,21.89
807951,64.3
807956,45.9
807957,68.44
807958,46.13
807960,51.33
807964,56.16
807965,49.68
807967,65.21
807969,55.75
807970,51.15
807971,44.66
807972,38.98
807975,53.95
807976,52.4
807977,59.64
807978,48.02
807980,45.11
807981,51.51
807983,51.53
807985,49.44
807987,60.44
807991,52.43
807994,57.47
807997,51.25
807999,62.61
808000,41.86
808004,44.45
808007,41.04
808009,41.23
808011,46.33
808012,48.38
808014,51.23
808015,48.54
808017,46.98
808021,38.07
808023,47.96
808024,78.57
808025,51.33
808027,54.69
808028,42.97
808029,65.76
808030,42.53
808031,35.5
808032,48.78
808033,53.85
808034,42.71
808037,41.03
808038,54.91
808039,42.9
808040,55.77
808041,59.41
808043,54.93
808044,51.64
808049,46.26
808050,42.08
808058,43.71
808060,55.58
808067,50.72
808073,26.27
808075,42.71
808077,48.27
808078,47.01
808079,54.53
808080,62.46
808082,58.54
808083,70.53
808084,49.45
808086,48.5
808089,51.18
808090,75.22
808091,55.31
808092,45.74
808093,42.28
808094,37.68
808096,69.92
808099,55.73
808100,52.24
808101,53.49
808103,51.49
808104,60.03
808105,48.57
808106,56.84
808109,47.31
808112,48.88
808113,55.21
808114,38.08
808115,50.03
808116,49.38
808118,62.06
808119,32.88
808120,52.95
808121,52.95
808123,51.13
808124,48.42
808125,49.9
808126,53.29
808129,78.05
808131,54.27
808132,43.43
808134,51.75
808137,55.68
808140,44.71
808141,56.22
808142,49.56
808143,50.55
808144,48.7
808145,46.84
808146,54.26
808147,46.34
808148,55.66
808151,43.48
808152,43.38
808153,59.74
808156,50.79
808157,53.85
808159,51.57
808162,53.37
808165,49.21
808166,49.32
808212,49.75
808216,47.91
808217,37.26
808220,36.11
808223,57.13
808225,53.2
808226,51.53
808227,49.9
808228,60.53
808231,49.72
808232,79.31
808233,52.02
808234,78.12
808235,51.05
808236,72.03
808237,57.22
808238,47.83
808239,61.57
808240,64.27
808241,47.61
808245,61.0
808248,48.62
808249,48.55
808251,40.36
808253,49.01
808255,51.5
808256,54.81
808257,52.54
808258,49.89
808261,51.87
808263,52.56
808264,52.82
808265,96.18
808266,52.04
808267,51.16
808269,77.7
808270,58.47
808271,49.69
808272,54.82
808273,55.5
808277,72.98
808278,38.74
808279,47.49
808281,53.06
808282,53.25
808283,52.05
808284,49.73
808285,61.4
808286,46.56
808287,58.38
808288,61.04
808289,57.94
808291,69.73
808293,48.61
808294,53.51
808296,50.5
808297,54.25
808298,52.71
808299,47.12
808301,50.33
808302,61.21
808303,53.11
808304,59.06
808306,46.46
808307,67.13
808309,48.53
808311,47.92
808312,46.38
808314,57.41
808315,52.37
808316,49.4
808317,48.3
808318,48.99
808320,45.2
808321,51.82
808322,40.67
808324,40.07
808325,45.74
808326,68.32
808328,50.46
808330,48.94
808331,55.43
808334,54.27
808336,61.02
808337,56.58
808338,66.14
808339,60.13
808342,56.69
808344,37.61
808353,50.28
808355,36.83
808360,49.49
808365,83.73
808367,51.62
808368,57.49
808370,54.27
808371,47.79
808372,48.17
808377,60.94
808379,47.88
808380,51.25
808381,57.32
808382,38.44
808384,54.51
808387,48.25
808388,47.46
808389,48.7
808392,46.57
808393,37.39
808395,57.75
808396,53.89
808401,65.2
808488,34.47
808490,48.3
808492,45.61
808493,49.08
808494,47.41
808496,57.09
808498,53.63
808499,43.83
808500,46.57
808503,55.22
808504,44.81
808516,54.89
808517,51.02
808518,44.8
808519,47.62
808525,47.66
808529,44.21
808530,52.55
808532,51.9
808535,75.81
808536,39.88
808538,48.1
808544,49.07
808545,62.01
808553,51.58
808564,53.23
808571,55.07
808631,40.47
808635,52.87
808665,55.59
808670,45.54
808672,42.79
808673,30.89
808675,71.51
808677,53.44
808679,58.25
808683,41.11
808684,60.46
808685,47.6
808686,59.5
808687,53.22
808688,49.85
808689,50.05
808691,47.65
808692,45.24
808693,55.71
808694,46.89
808695,53.46
808696,77.29
808698,52.23
808702,48.71
808704,50.03
808705,56.72
808706,60.31
808708,32.33
808709,58.11
808711,54.16
808717,50.41
808718,49.57
808719,48.46
808744,23.46
808767,37.38
808768,68.9
808805,55.52
808814,44.93
808818,42.25
808849,54.05
808864,37.67
808890,52.07
808894,49.86
808903,69.34
808939,49.99
809091,27.65
809092,76.54
809101,63.68
809143,52.9
809231,39.01
809244,38.74
809327,38.92
809329,50.36
809331,63.4
809336,46.25
809337,44.82
809338,57.53
809372,62.77
809389,53.35
809397,54.16
809633,55.21
809645,50.12
809683,44.45
809686,58.27
809699,52.47
809700,48.85
809707,69.8
809719,49.01
809720,64.03
809763,68.85
809770,54.99
809772,60.52
809773,47.41
809776,55.6
809778,52.71
809779,49.42
809844,54.53
809846,30.83
809860,48.74
809861,37.72
809921,43.94
809944,56.53
809945,56.66
809975,54.73
810048,58.42
810053,43.04
810838,48.71
810891,51.77
810981,42.72
810983,46.71
811083,61.88
811210,42.18
811231,44.29
811234,45.62
811237,50.91
811278,52.67
811287,52.77
811289,65.22
811312,50.06
811314,56.34
811323,48.27
811325,53.61
811339,54.65
811366,52.42
811551,46.24
811593,48.82
811602,64.99
811603,42.56
811607,41.07
811633,46.71
811716,33.41
811718,42.05
811727,44.2
811764,53.84
811765,67.68
811780,38.56
811948,54.67
811965,78.7
812158,60.19
812161,59.16
812427,49.1
812430,51.5
812442,55.34
812461,52.37
812470,53.62
812503,60.62
812518,55.18
812540,49.93
812662,48.88
812747,41.58
812749,42.58
812944,50.22
813386,47.42
813400,67.37
813417,52.97
813429,52.35
813620,44.36
813664,67.42
813666,53.83
813668,47.9
813697,30.63
813715,69.52
813771,37.46
813833,56.77
813841,61.22
813842,36.32
813844,57.12
813847,41.86
813851,44.96
813852,38.73
813859,26.31
813860,42.75
813880,58.2
813883,65.83
813894,46.7
813896,53.15
813916,51.86
813922,46.14
813930,70.7
813933,48.66
813939,61.07
813943,44.05
813944,40.24
813976,40.89
813982,53.83
813985,58.11
814091,43.8
814131,66.01
814154,56.52
814172,61.85
814188,65.54
814194,57.22
814221,43.1
814223,44.71
814224,49.14
814229,55.69
814256,54.55
814259,46.92
814261,54.02
814262,47.14
814269,55.62
814276,46.53
814278,57.94
814285,46.85
814286,44.26
814293,41.97
814294,53.83
814297,65.61
814299,53.84
814307,71.58
814362,46.08
814375,49.86
814376,52.66
814394,43.61
814408,40.49
814409,64.72
814410,65.36
814411,44.84
814413,67.02
814414,61.99
814422,49.43
814429,31.56
814430,60.63
814431,60.59
814435,52.76
814436,51.44
814439,72.32
814440,36.92
814442,46.85
814444,62.06
814445,53.6
814448,52.74
814450,57.82
814451,50.43
814452,75.15
814453,26.54
814455,67.26
814456,50.5
814457,49.2
814458,66.98
814467,51.25
814499,46.68
814504,61.97
814514,47.74
814522,60.82
814528,57.52
814545,42.83
814546,48.28
814696,61.55
814748,70.52
814781,41.13
814791,47.62
814801,48.15
814806,50.82
814809,41.8
814812,42.8
814814,49.53
814816,47.86
814842,49.59
814955,66.66
814973,48.6
815002,43.96
815003,42.15
815004,45.1
815005,51.13
815006,57.32
815007,49.2
815008,51.68
815009,49.28
815010,41.85
815011,54.71
815014,49.83
815016,52.15
815017,61.03
815018,50.04
815019,42.21
815020,38.21
815021,48.61
815022,53.59
815024,43.98
815039,41.61
815044,40.74
815054,46.16
815067,61.77
815074,35.95
815089,50.38
815096,55.03
815097,54.49
815104,45.48
815105,42.16
815121,37.27
815133,55.46
815147,69.22
815150,38.17
815151,27.53
815152,33.68
815154,60.55
815182,46.11
815195,72.29
815198,45.67
815201,44.85
815204,50.62
815207,47.72
815214,47.89
815220,58.63
815268,41.36
815294,10.9
815299,54.09
815304,78.41
815306,57.24
815325,39.62
815334,44.19
815352,77.3
815359,51.95
815380,58.89
815394,67.27
815438,65.73
815448,25.05
815459,32.97
815460,49.86
815464,81.21
815520,71.56
815528,45.2
815531,46.64
815535,39.35
815551,64.12
815563,43.08
815579,52.22
815584,55.18
815585,32.77
815586,29.81
815589,66.24
815592,57.98
815608,66.89
815617,65.06
815632,42.08
815653,47.98
815654,46.59
815665,47.97
815686,44.54
815694,47.4
815697,50.07
815723,58.34
815734,57.92
815755,49.29
815757,49.28
815765,44.47
815767,50.21
815787,67.77
815792,81.95
815793,62.63
815806,49.53
815814,54.88
815816,70.92
815818,62.88
815819,57.92
815824,86.69
815829,52.06
815830,72.45
815832,62.41
815839,35.44
815842,33.66
815843,68.34
815857,48.93
815873,75.93
815874,39.73
815877,50.91
815888,91.35
815889,59.31
815890,51.19
815891,56.46
815892,33.76
815893,35.24
815894,54.49
815895,56.25
815896,75.53
815897,82.66
815898,56.29
815899,58.64
815900,59.68
815901,49.32
815902,64.4
815903,69.17
815904,51.91
815905,37.43
815906,72.47
815907,50.0
815908,86.4
815909,64.21
815910,43.49
815911,47.47
815913,53.32
815914,58.69
815915,63.71
815916,45.03
815917,64.6
815918,49.76
815921,61.97
815922,60.8
815923,50.59
815924,65.46
815925,62.74
815927,55.35
815928,68.37
815929,83.81
815930,45.89
815931,76.46
815933,56.09
815966,63.05
815983,65.08
815992,50.47
816000,52.0
816085,49.48
816111,72.22
816113,89.25
816120,63.68
816145,53.99
816152,56.84
816207,48.11
816335,45.45
816339,52.93
816344,58.8
816384,37.18
816406,55.11
820783,40.79
820823,47.56
820835,46.81
820847,61.63
820851,45.08
820856,50.35
820873,36.84
820881,44.18
820886,61.31
820925,42.65
820938,45.02
820939,50.44
820942,63.68
820943,55.68
820944,59.27
820946,58.98
820953,49.73
820954,39.5
820955,65.7
820958,59.91
820959,49.93
820962,53.76
820968,55.34
820969,53.94
820972,48.6
820974,48.39
820975,48.96
820978,40.47
820979,51.56
820980,50.7
820984,48.27
820985,41.06
820986,73.11
820987,57.01
820988,53.63
820989,58.38
820990,40.97
820991,47.54
820993,55.14
820994,56.71
820995,58.9
820996,58.55
820997,57.84
820999,49.85
821000,55.48
821001,46.4
821002,46.57
821004,45.25
821008,52.94
821009,51.3
821012,54.85
821014,47.58
821015,40.57
821017,50.9
821018,55.88
821019,50.58
821020,56.48
821025,59.86
821026,51.54
821027,53.8
821028,50.3
821030,43.24
821031,42.77
821033,51.36
821034,54.22
821036,62.13
821040,49.39
821041,78.34
821042,41.89
821043,73.57
821044,55.54
821045,68.46
821046,43.32
821049,50.1
821055,43.05
821056,48.92
821057,55.63
821065,54.29
821072,52.34
821073,65.92
821074,46.39
821075,59.38
821076,60.91
821078,48.62
821079,58.41
821083,52.03
821084,42.38
821085,51.72
821086,45.55
821090,58.58
821091,51.61
821094,57.18
821099,65.42
821100,78.31
821101,53.87
821103,49.67
821107,76.13
821108,49.06
821112,51.92
821113,56.51
821114,46.8
821115,58.74
821119,51.06
821121,56.85
821123,42.97
821126,46.75
821128,67.94
821129,58.55
821130,73.24
821135,47.87
821136,74.89
821137,50.5
821138,59.38
821139,69.01
821140,47.24
821143,55.54
821145,72.23
821147,72.28
821148,47.75
821149,51.65
821150,71.8
821151,79.59
821152,48.59
821154,55.2
821156,52.02
821158,60.39
821160,50.1
821161,55.25
821162,48.93
821163,53.75
821164,69.8
821165,47.73
821167,48.78
821169,52.24
821171,73.81
821173,52.82
821178,43.06
821180,61.52
821181,93.89
821183,51.99
821185,49.46
821187,73.74
821189,55.94
821192,38.95
821197,70.46
821199,64.65
821200,56.16
821234,52.73
821235,45.04
821236,65.09
821237,54.23
821238,76.84
821240,58.72
821241,47.86
821242,50.73
821243,52.79
821244,58.01
821246,81.04
821249,48.62
821251,51.43
821252,56.24
821255,49.06
821256,48.08
821258,53.24
821259,56.73
821260,59.68
821261,51.55
821262,56.11
821263,45.23
821268,54.82
821270,82.01
821272,50.4
821273,81.66
821274,37.01
821277,50.52
821279,65.67
821281,41.95
821282,48.64
821296,50.24
821348,49.68
821379,65.53
821380,48.09
821413,59.15
821418,47.62
821419,54.28
821495,54.93
821523,56.22
821524,58.37
821532,49.47
821591,58.69
821592,47.68
821596,51.31
821597,48.8
821599,49.48
821600,50.73
821601,47.03
821602,47.83
821603,49.2
821604,51.94
821607,60.15
821610,37.69
821613,71.72
821614,48.14
821615,49.1
821616,58.48
821617,42.26
821618,54.72
821620,54.2
821622,49.13
821623,48.22
821624,48.94
821625,52.54
821627,56.8
821628,57.55
821629,32.43
821630,48.9
821631,50.86
821636,47.17
821637,61.99
821641,48.45
821642,59.35
821645,60.22
821647,69.07
821648,76.47
821652,40.22
821654,56.9
821655,54.09
821657,61.24
821661,50.78
821663,57.13
821665,52.34
821666,67.99
821668,53.68
821671,58.93
821672,60.61
821673,50.13
821674,50.96
821676,57.47
821677,48.7
821680,49.79
821681,51.17
821682,61.54
821683,52.04
821684,54.95
821685,47.89
821686,41.95
821687,50.11
821688,66.47
821689,58.0
821690,40.96
821691,51.57
821692,84.92
821693,46.54
821694,52.21
821695,48.39
821696,55.07
821697,63.92
821698,49.61
821699,52.98
821700,47.77
821703,57.48
821716,60.56
821751,38.67
821752,41.89
821754,60.13
821755,42.8
821758,49.21
821759,73.47
821761,44.53
821762,57.16
821763,62.03
821764,49.33
821765,66.8
821767,67.59
821769,45.57
821770,60.2
821772,62.12
821773,57.12
821775,61.15
821776,40.25
821778,41.12
821780,46.09
821782,71.2
821784,59.07
821786,66.1
821787,63.66
821789,57.91
821790,61.09
821791,59.65
821794,53.3
821795,60.71
821796,43.92
821797,56.76
821799,51.82
821801,52.73
821803,53.65
821806,54.25
821808,49.12
821809,56.13
821810,43.42
821811,53.75
821813,60.29
821814,47.71
821817,53.87
821818,48.75
821819,56.11
821822,42.2
821824,59.3
821933,46.18
822153,46.52
822162,47.32
822165,23.36
822177,67.96
822178,51.85
822179,51.08
822180,62.31
822187,54.03
822190,61.94
822191,57.62
822193,53.96
822204,49.77
822205,62.56
822208,54.67
822210,63.55
822218,58.09
822230,55.01
822232,53.49
822233,60.59
822234,60.84
822236,60.23
822237,50.09
822238,59.33
822239,55.89
822244,49.82
822246,50.82
822247,53.47
822257,43.04
822259,47.05
822261,51.49
822264,49.2
822268,48.66
822273,49.42
822275,50.16
822277,60.68
822293,56.33
822294,59.27
822295,51.2
822487,41.75
822501,62.52
822531,36.17
822578,65.36
822619,78.19
822624,39.47
822676,51.39
822743,55.3
822877,45.34
822966,42.9
823011,48.99
823014,60.37
823015,53.79
823073,57.1
823089,38.35
823112,40.15
823114,48.03
823153,58.69
823173,56.28
823185,38.02
823275,43.78
823277,27.35
823290,49.68
823295,47.88
823348,61.1
823349,47.05
823356,64.13
823357,45.7
823489,50.64
823651,59.92
823652,42.39
823658,50.45
823703,48.75
823719,80.99
823720,48.25
823727,69.88
823731,53.49
823754,51.27
823759,54.93
823768,51.06
823770,65.31
823775,44.49
823779,75.43
823785,68.43
823787,88.25
823795,56.59
823807,75.15
823809,46.85
823817,55.43
823819,44.48
823843,52.37
823850,53.95
823851,50.01
823853,55.17
823856,57.72
823857,52.22
823866,74.28
823869,50.66
823873,46.95
823875,50.26
823878,56.52
823879,47.8
823881,51.34
823882,42.83
823918,47.24
823931,49.67
823944,52.54
824007,63.73
824028,69.83
824615,52.9
824628,49.1
824649,45.87
824742,46.48
824753,40.4
824765,72.72
824768,53.12
824771,49.35
824873,51.35
824877,60.73
824897,57.93
824914,54.78
824918,52.39
824932,52.39
824941,50.38
824950,55.82
824973,55.4
824976,53.12
825094,54.75
825153,87.05
825156,52.47
825159,67.21
825163,53.35
825173,50.78
825178,49.47
825181,53.18
825182,69.09
825186,50.75
825214,53.65
825227,62.8
825234,65.35
825266,49.06
825269,75.79
825334,58.32
825363,55.07
825392,50.44
825411,65.0
825412,67.69
825422,62.09
825430,52.58
825438,46.23
825450,64.02
825456,49.21
825473,48.81
825476,49.41
825479,59.36
825484,75.41
825488,66.1
825494,54.76
825495,57.88
825496,59.6
825497,46.06
825570,70.78
825582,75.22
825591,63.43
825616,70.8
825620,75.8
825646,67.22
825658,47.61
825670,49.56
825671,48.98
825677,51.25
825680,53.71
825685,55.87
825691,48.9
825718,52.72
825723,60.51
825725,61.06
825750,54.45
825761,63.25
825924,50.49
825925,49.69
825927,60.4
825968,51.19
826043,46.13
826141,36.56
826142,46.58
826163,46.54
826164,28.16
826511,50.25
826523,63.93
826545,48.26
826723,66.94
826928,78.53
826932,60.94
827084,54.55
827264,15.9
827274,47.71
827280,52.39
827281,76.87
827285,60.47
827294,43.83
827326,32.88
827332,49.1
827342,57.79
827369,50.14
827382,57.5
827388,31.95
827410,69.63
827411,52.81
827412,54.27
827413,49.37
827414,48.99
827415,49.93
827416,50.29
827417,48.0
827418,44.13
827419,50.65
827420,52.24
827422,54.89
827423,42.77
827424,59.29
827425,41.12
827426,55.98
827427,52.07
827441,52.41
827447,50.42
827451,44.92
827452,44.99
827474,53.25
827504,42.81
827517,61.27
827613,51.24
827622,51.14
827624,38.86
827628,35.62
827629,50.07
827636,53.06
827637,52.41
827650,53.68
827665,60.15
827672,58.93
827719,70.03
827755,46.91
827759,57.47
827765,54.74
828002,48.98
828009,49.31
828074,54.31
828076,60.89
828084,53.79
828087,56.22
828098,69.84
828116,48.06
828140,55.3
828148,48.87
828202,61.74
828227,48.21
828237,77.43
828255,52.74
828262,60.62
828318,86.43
828319,47.36
828335,58.68
828377,46.87
828395,49.38
828473,51.99
828489,32.67
828519,66.96
828557,59.34
828589,68.74
828599,59.41
828600,44.73
828602,46.36
828613,49.72
828620,49.38
828667,71.64
828685,76.73
828772,47.37
828783,52.57
828785,51.89
828824,73.13
828903,66.39
828974,50.96
829033,76.16
829034,75.44
829035,70.33
829036,44.86
829037,80.3
829038,63.86
829039,61.53
829040,71.28
829041,53.21
829042,48.74
829043,63.57
829044,47.42
829045,62.97
829046,55.73
829048,54.39
829049,48.16
829050,59.32
829051,68.87
829052,67.21
829053,64.42
829054,58.75
829055,73.61
829056,60.32
829057,50.91
829058,68.27
829059,94.53
829060,48.92
829061,58.46
829062,55.05
829063,42.68
829064,58.67
829065,59.44
829066,51.8
829067,48.04
829068,51.71
829069,68.08
829070,60.48
829071,48.94
829072,62.33
829073,61.01
829075,65.29
829076,71.48
829077,68.45
829078,53.76
829079,71.52
829080,60.92
829081,53.4
829089,67.28
829093,65.15
829095,61.75
829096,71.09
829127,50.97
829162,66.75
829166,55.99
829191,52.34
829210,60.22
829251,44.21
829252,55.65
829264,60.16
829273,54.79
829304,51.73
829306,52.51
829367,53.43
829368,54.06
829371,55.61
829389,51.27
829398,60.46
829399,48.03
829458,43.14
829482,56.01
829486,51.04
829488,41.53
829498,52.06
829501,71.82
829502,51.34
829643,70.98
829649,45.57
829670,53.51
829679,58.81
829688,50.78
829694,58.91
829698,61.18
829699,71.01
829700,55.86
829702,47.77
829703,78.05
829704,68.93
829706,46.85
829709,50.0
829711,41.49
829712,55.01
829714,72.71
829715,49.5
829716,59.61
829717,61.1
829719,60.32
829720,44.46
829721,67.22
829724,54.45
829726,58.98
829729,67.08
829730,46.95
829731,69.3
829734,62.24
829735,53.11
829736,39.85
829737,63.03
829738,49.49
829739,50.82
829740,49.07
829741,71.12
829742,54.48
829743,53.44
829744,58.72
829745,51.72
829747,63.91
829748,65.48
829749,61.92
829750,70.74
829751,70.66
829752,45.63
829753,40.55
829754,51.25
829755,50.55
829756,58.93
829758,53.75
829759,59.83
829760,54.21
829761,53.94
829762,55.04
829765,67.94
829766,67.2
829768,60.71
829769,61.95
829770,53.78
829773,69.59
829774,58.13
829776,47.71
829777,58.59
829784,51.94
829785,50.29
829788,68.37
829790,46.88
829791,67.83
829792,48.97
829793,56.4
829794,55.42
829795,68.56
829797,41.8
829809,60.52
829811,44.06
829812,39.35
829813,70.15
829816,54.36
829818,59.24
829821,47.29
829822,51.86
829823,54.44
829824,56.0
829827,65.81
829829,54.08
829830,53.88
829831,50.21
829835,63.59
829836,55.53
829840,50.04
829841,56.41
829843,50.54
829844,65.96
829845,45.82
829847,43.29
829849,62.15
829850,50.29
829851,52.27
829854,74.72
829855,58.44
829857,47.11
829859,52.82
829860,68.09
829861,49.03
829863,59.33
829864,64.36
829865,59.82
829866,69.93
829867,62.56
829868,65.07
829869,49.97
829870,67.17
829871,51.04
829872,48.57
829874,53.61
829875,65.29
829884,45.52
829886,54.12
829887,42.2
829888,68.93
829889,55.38
829890,76.88
829891,48.62
829892,58.0
829893,51.51
829894,61.94
829895,67.35
829897,50.06
829899,48.46
829901,63.68
829903,50.47
829905,62.44
829908,49.61
829910,58.59
829911,60.3
829914,57.05
829915,67.42
829916,51.86
829917,48.15
829918,48.78
829920,51.27
829921,61.46
829923,45.37
829924,74.27
829925,56.42
829927,44.37
829930,43.12
829931,62.58
829932,54.07
829937,64.17
829939,72.87
829942,59.22
829943,63.3
829949,73.63
829950,51.31
829952,47.09
829958,67.59
829959,56.76
829960,70.97
829961,58.96
829963,54.63
829964,63.57
829965,56.11
829969,66.72
829970,60.46
829971,53.84
829972,48.23
829973,60.49
829974,51.8
829975,62.02
829976,70.88
829977,64.87
829978,49.53
829979,53.85
829980,66.66
829982,47.96
829983,47.74
829984,51.05
829985,48.97
829986,72.98
829987,65.04
829988,53.45
829991,62.62
829992,51.95
829993,57.51
829994,53.28
829995,42.0
829996,56.06
829997,82.35
829998,58.86
829999,55.48
830000,67.21
830002,54.09
830006,47.39
830009,50.91
830010,66.58
830013,55.27
830017,58.55
830019,52.01
830020,50.53
830021,48.89
830023,57.51
830025,51.74
830026,51.5
830027,65.26
830028,58.53
830033,47.73
830038,47.38
830040,45.52
830042,52.47
830043,49.4
830044,42.27
830046,74.2
830049,52.72
830050,58.1
830239,59.8
830396,56.94
830398,71.89
830399,53.62
830401,47.65
830404,51.36
830405,49.23
830406,70.45
830410,59.64
830412,52.91
830414,42.1
830415,54.29
830416,51.77
830419,57.42
830420,44.95
830422,53.8
830423,60.92
830425,43.44
830426,40.48
830428,59.61
830432,68.86
830434,40.54
830435,78.21
830437,49.03
830442,50.93
830443,69.16
830444,43.05
830445,53.59
830449,58.99
830450,65.74
830452,57.99
830454,66.37
830455,66.93
830458,37.38
830459,66.31
830461,64.05
830462,48.87
830463,51.06
830465,51.86
830470,62.25
830471,63.45
830474,46.77
830475,56.08
830481,50.23
830482,45.01
830486,45.09
830619,45.28
830802,56.52
830808,51.91
830964,49.88
830979,53.86
831004,47.8
831107,63.24
831188,50.67
831384,50.24
831488,55.6
831529,51.09
831530,46.42
831534,42.62
831574,54.58
831808,44.86
831849,63.51
831850,51.67
831861,49.38
831865,65.2
831875,62.61
831876,58.71
831915,43.33
831918,65.37
832061,49.51
832110,28.62
832154,60.61
832182,49.55
832209,53.38
832212,41.76
832213,52.3
832323,52.81
832324,62.25
832420,70.47
832447,60.51
832491,63.37
832559,67.16
832694,58.29
832703,68.59
832705,57.8
832706,46.93
832708,49.32
832713,53.51
832714,40.37
832717,52.3
832786,42.16
832787,54.44
832789,52.98
832790,55.42
832795,77.72
833008,53.54
833066,54.55
833069,49.25
833197,49.38
833200,58.27
833201,49.14
833206,52.25
833207,55.14
833226,51.12
833228,59.84
833244,46.19
833254,52.92
833264,46.74
833302,50.07
833381,39.73
833397,45.22
833411,70.19
833426,57.47
833458,58.31
834230,50.16
834234,48.06
834240,51.67
834255,55.95
834256,51.83
834308,47.13
834311,57.82
834316,51.86
834331,55.38
834404,41.42
834408,45.18
834562,53.51
834563,64.93
834565,55.48
834582,48.6
834597,51.83
834605,53.97
834620,42.54
834631,50.55
834672,55.8
834681,57.68
834685,74.41
834712,57.89
834812,62.18
834827,47.06
834835,63.84
834846,50.39
834852,55.88
834886,53.13
834889,43.02
834925,80.98
834944,47.2
834962,64.86
834966,49.72
835005,59.21
835011,50.64
835022,68.71
835031,46.41
835168,49.3
835170,35.52
835171,49.72
835174,50.36
835178,48.7
835182,69.86
835189,39.92
835269,46.43
835316,61.15
835318,55.51
835327,49.98
835332,59.43
835343,52.45
835409,40.78
835485,55.07
835500,61.9
835614,28.91
835615,32.96
835616,55.46
835619,55.09
835621,49.8
835644,56.55
835648,53.86
835716,37.46
835740,60.93
835879,46.5
835887,57.81
835892,47.84
835938,33.55
835948,51.6
836016,50.02
836043,49.41
836051,51.91
836052,36.65
836055,59.97
836058,62.33
836061,44.41
836068,46.15
836075,47.75
836079,49.83
836153,40.08
836165,44.16
836168,37.04
836173,44.55
836256,49.56
836276,52.31
836277,59.53
836311,50.95
836340,53.1
836346,49.55
836353,66.2
836434,51.97
836533,39.36
836582,72.93
836583,55.9
836584,55.45
836585,68.9
836586,48.65
836587,54.38
836588,58.3
836589,67.67
836590,52.31
836591,62.31
836592,69.23
836594,57.09
836595,60.12
836596,54.75
836597,50.35
836598,61.85
836599,66.28
836600,65.53
836601,70.38
836603,61.75
836604,42.55
836605,59.95
836606,62.01
836607,60.54
836608,44.54
836609,64.64
836610,59.35
836611,52.82
836612,52.24
836613,55.5
836614,61.66
836616,52.04
836617,59.16
836618,54.6
836619,60.63
836620,53.68
836623,49.66
836624,60.42
837035,52.89
837036,56.94
837038,49.92
837042,51.42
837101,51.7
837177,47.89
837216,49.22
837231,53.38
837232,58.2
837233,52.44
837234,57.45
837307,59.35
837330,51.37
837344,38.43
837522,63.99
837600,65.76
837601,61.6
837605,52.98
837606,50.65
837611,63.36
837621,48.15
837623,54.42
837624,60.08
837625,51.02
837628,49.82
837629,43.9
837630,51.88
837634,50.1
837635,68.54
837636,51.59
837639,61.9
837640,53.44
837642,66.17
837643,61.54
837644,51.69
837645,61.57
837648,49.86
837649,55.84
837650,50.42
837651,56.52
837652,49.19
837653,55.34
837654,51.62
837658,61.58
837660,56.12
837662,53.16
837663,60.65
837664,51.93
837666,55.04
837668,44.24
837669,59.79
837671,51.18
837673,53.19
837674,60.7
837675,49.25
837679,57.4
837681,52.82
837683,62.97
837684,71.92
837685,49.09
837686,56.32
837687,49.03
837689,53.01
837690,55.7
837691,54.84
837693,59.94
837694,62.91
837695,67.41
837697,50.5
837698,66.1
837699,53.26
837702,64.49
837706,71.64
837707,52.84
837708,52.22
837725,53.93
837729,47.47
837731,57.72
837733,53.85
837734,68.59
837738,42.66
837740,54.37
837741,55.13
837742,59.77
837744,59.37
837746,50.41
837747,66.7
837748,53.81
837750,68.45
837751,69.45
837754,57.5
837755,54.21
837756,63.49
837757,66.42
837759,55.39
837763,53.21
837765,59.01
837767,49.58
837768,63.72
837769,50.04
837774,53.78
837776,52.52
837778,64.04
837780,59.94
837782,50.96
837784,52.03
837785,54.75
837786,55.22
837787,61.66
837788,58.71
837792,56.88
837794,52.99
837796,53.96
837798,45.76
837799,56.83
837800,67.16
837803,58.87
837805,54.75
837806,46.97
837807,56.52
837812,52.24
837814,47.14
837815,47.74
837821,53.65
837822,59.19
837824,61.41
837825,50.05
837826,53.68
837829,56.6
837830,55.62
837831,60.71
837832,63.01
837833,52.04
837836,66.06
837838,59.23
837840,59.65
837842,72.88
837843,59.73
837844,69.56
837847,58.24
837849,51.67
837851,64.57
837852,57.55
837854,59.36
837856,53.15
837857,47.9
837859,57.54
837862,51.11
837864,80.92
837865,57.53
837868,50.51
837869,61.95
837870,64.83
837871,52.47
837872,67.72
837873,49.91
837875,71.01
837876,67.45
837878,65.3
837884,50.92
837886,68.93
837889,51.1
837892,58.55
837936,42.88
837943,61.2
837944,49.85
837947,53.17
837950,53.79
837951,64.25
837952,48.8
837954,53.79
837955,58.57
837957,52.88
837959,55.39
837963,49.32
837964,55.3
837965,57.91
837966,50.2
837968,44.94
837969,54.4
837971,57.62
837973,65.81
837974,46.98
837977,57.05
837978,59.53
837979,54.6
837983,52.85
837985,62.82
837986,58.27
837989,56.55
837991,60.36
837992,59.97
837994,49.93
837997,53.94
837999,55.39
838001,59.62
838002,61.21
838007,52.36
838011,62.01
838013,69.69
838018,51.11
838101,54.79
838134,53.82
838135,56.75
838338,52.69
838566,46.02
838567,47.85
838649,62.44
838677,61.17
838709,49.54
838854,56.49
838856,51.94
839105,59.37
839235,53.97
839294,50.11
839308,49.73
839312,60.74
839409,53.11
839410,53.27
839494,61.67
839913,53.93
840189,50.57
840230,53.06
840253,48.45
840307,51.74
840599,48.31
840719,49.82
840850,51.89
842034,52.34
842065,53.3
842167,54.04
842249,44.85
842262,47.92
842300,49.18
842316,49.57
842320,37.57
842355,50.62
842424,50.58
842442,46.29
842538,42.24
842568,47.39
842583,54.39
842587,49.3
842652,49.79
843069,49.98
843413,49.07
843588,50.0
843798,43.74
843831,45.9
843920,49.24
5019104,27.28
