PlayerId,Name,Seasons,Season_Range,Total_PA,Skill_Score
3179,Dioner Navarro,1,2008,18,90.88
613669,Adam Kirsch,1,2014,19,87.38
622368,Pablo Ceballos,1,2012,18,81.23
543373,Rodarrick Jones,1,2011,16,80.64
608889,Junior Geraldo,1,2011,71,79.27
7208,Jeremy Hermida,2,2007-2008,32,76.82
804944,Jackson Lovich,1,2025,26,75.93
3410,Ryan Braun,1,2007,134,75.51
20123,Juan Soto,3,2016-2018,488,75.34
3371,Alejandro De Aza,1,2007,35,75.25
12751,Tyler Pill,1,2014,19,74.84
489264,Josh Romanski,1,2008,15,73.98
821261,Starling Fernandez,1,2024,24,73.78
501927,Connor Janes,1,2007,16,73.61
823787,Rainiel Rodriguez,2,2024-2025,552,73.56
3531,Troy Tulowitzki,1,2008,42,73.48
17901,Andrew Benintendi,2,2015-2016,504,72.92
805808,Kevin McGonigle,3,2023-2025,818,72.71
829854,Luis Arana,1,2025,227,72.61
19611,Vladimir Guerrero Jr.,3,2016-2018,1207,72.21
829058,Gabriel Davalillo,1,2025,169,71.85
681717,Abraham Zambrano,1,2018,33,71.76
33266,Jacob Wilson,3,2023-2025,352,71.5
5360,Henry Villar,1,2010,10,71.48
833411,Santiago Figueroa,1,2025,99,71.45
829059,Johan De Los Santos,1,2025,174,71.19
804995,Henry Godbout,1,2025,55,71.11
821145,Josmir Reyes,1,2025,190,70.85
543831,Kyle Suire,1,2008,203,70.61
804560,Charles Davalan,1,2025,37,70.6
570826,Angel Heredia,1,2009,76,70.55
23667,Wander Franco,3,2018-2022,478,70.45
35108,Cam Smith,1,2024,134,70.44
676911,Richard Slenker,1,2017,28,70.33
670585,Evan Rogers,1,2016,19,69.92
33333,Wyatt Langford,3,2023-2025,222,69.75
821181,Juneiker Caceres,2,2024-2025,457,69.62
13611,Mookie Betts,2,2013-2014,1015,69.6
665766,Andrison Pena,2,2016-2017,333,69.47
22581,Alejandro Kirk,2,2018-2021,300,69.46
829997,Ricardo Romero,1,2025,205,69.22
19610,Keibert Ruiz,5,2015-2021,1546,69.08
821026,Ibrain Ricardo,1,2024,14,68.8
672502,Victor Gonzalez,1,2017,26,68.73
831918,Marco Argudin,1,2025,149,68.69
680645,Deivi Munoz,1,2018,142,68.67
808265,Franklin Arias,3,2023-2025,1057,68.65
572822,Brayden Drake,1,2009,80,68.58
520588,Kris Sanchez,1,2008,154,68.57
501960,Vinny DiFazio,2,2009-2010,326,68.51
516798,Alexander Mejia,2,2007-2008,479,68.49
703151,William Bergolla Jr.,4,2022-2025,1219,68.49
829890,Isaac Garcia,1,2025,159,68.4
821270,Luis Peña,2,2024-2025,602,68.4
17678,Alex Bregman,2,2015-2016,679,68.32
501471,Yeider Chirinos,1,2007,153,68.31
27676,Vinnie Pasquantino,2,2021-2022,826,68.3
7399,Billy Butler,2,2007-2008,371,68.27
829741,Sebastian Dos Santos,1,2025,166,68.26
829939,Jhorman Bravo,1,2025,134,68.24
823807,Kane Kepley,1,2025,131,68.18
501643,Miguel Perez,2,2007-2008,458,68.13
821692,Cristian Arguelles,2,2024-2025,438,68.07
517463,Roan Salas,4,2007-2010,777,68.06
807647,Pablo Nunez,2,2024-2025,328,67.99
829037,Kevin Alvarez,1,2025,192,67.91
573656,Buck Afenir,1,2009,15,67.89
832703,Nauris De La Cruz,1,2025,143,67.82
829866,Junior Suriel,1,2025,133,67.71
20036,Isaac Paredes,5,2016-2022,1657,67.66
28253,Javier Sanoja,4,2021-2024,1783,67.63
524388,Sam Deluca,1,2007,44,67.57
682244,David Garza,1,2018,154,67.53
660583,Lenin Rodriguez,3,2015-2017,371,67.51
24610,Steven Kwan,2,2018-2021,391,67.43
24729,Logan O'Hoppe,4,2018-2023,1031,67.38
9957,Steve Pearce,1,2007,551,67.37
15580,Dariel Álvarez,1,2013,83,67.36
807256,Josh Springer,1,2025,179,67.33
822877,Luke Cantwell,1,2025,22,67.33
9777,Nolan Arenado,6,2009-2014,1878,67.27
829033,Elian Peña,1,2025,223,67.27
808365,Dameury Pena,3,2023-2025,696,67.23
24759,Mickey Gasper,1,2018,172,67.17
829714,Darwin Almanzar,1,2025,176,67.13
492734,Kelvin Diaz,2,2007-2008,518,67.06
2151,Edwin Encarnación,1,2007,50,66.99
808396,Jhocsuanth Vargas,2,2023-2024,163,66.95
29794,Kyle Manzardo,4,2021-2024,1226,66.92
570249,Samuel Gonzalez,3,2009-2013,382,66.91
9417,Kris Medlen,1,2008,28,66.9
20521,Nick Madrigal,1,2018,173,66.89
829703,Emmanuel Cedeno,1,2025,212,66.87
827281,Carlos Renzullo,2,2024-2025,381,66.87
5409,Pablo Sandoval,3,2007-2011,931,66.83
12861,Anthony Rendon,2,2012-2013,294,66.83
11400,Ronald Torreyes,6,2010-2015,2578,66.78
18848,Yohel Pozo,6,2014-2021,1577,66.73
829943,Louis Andujar,1,2025,111,66.71
14225,Yasiel Puig,3,2012-2015,277,66.7
488694,Bubba Bell,1,2007,541,66.65
806621,Francisco Perez,1,2025,132,66.59
675925,Cullen Large,1,2018,112,66.56
829924,Miguel Welch,1,2025,168,66.54
516994,Luis Parache,3,2007-2009,560,66.48
544881,Donell Linares,1,2008,97,66.39
33189,Nolan Schanuel,1,2023,88,66.39
687811,Chris Lanzilli,1,2022,28,66.37
11579,Bryce Harper,3,2011-2014,549,66.37
28163,Junior Caminero,4,2021-2024,1210,66.37
20325,Alex Kirilloff,3,2016-2022,950,66.34
823727,Carlos  Garces,2,2024-2025,321,66.33
19612,Bo Bichette,3,2016-2018,1185,66.23
681836,Matt Sanders,1,2018,58,66.23
4940,Jason Heyward,4,2007-2013,1029,66.21
678664,Jim Caceres,1,2018,220,66.14
805938,Luis Aparicio,2,2022-2023,219,66.11
12371,Tommy La Stella,3,2011-2013,1000,66.08
821171,Dauri Fernandez,2,2024-2025,392,66.07
821045,Diorland Zambrano,2,2024-2025,302,66.05
448750,David Pfeiffer,1,2010,22,66.0
691437,Adrian Pinto,5,2021-2025,764,65.99
823719,Ramiro Dominguez,2,2024-2025,315,65.99
660557,Marcos Santana,1,2015,21,65.97
683479,Willfrann Astudillo,1,2021,32,65.96
622578,Alsy Leon,1,2012,125,65.95
672565,Michael Chirinos,2,2017-2018,478,65.92
10762,Corey Dickerson,4,2010-2013,1649,65.91
829849,Matthew Moses,1,2025,144,65.88
18568,Luis Arraez,5,2014-2018,1348,65.87
804911,Brendan Summerhill,1,2025,42,65.85
666462,Orian Nunez,3,2016-2018,616,65.82
606331,Renzo Martini,4,2011-2015,895,65.82
572509,Alex Sanchez,3,2009-2011,464,65.81
595858,Ulises Montilla,5,2010-2014,890,65.79
808090,José Mejía,3,2023-2025,370,65.77
666633,Abraham Rodriguez,1,2016,239,65.76
829830,Roniel Paulino,1,2025,51,65.69
672891,David Escobar,1,2017,191,65.68
9393,Matt Adams,5,2009-2013,1439,65.68
692640,Jorge Mendez,4,2021-2024,298,65.68
571552,Brian Cavazos-Galvez,3,2009-2011,1279,65.67
15608,Willians Astudillo,7,2009-2016,2027,65.67
825620,Angel Salio,1,2025,169,65.65
595158,Philip Cerreto,2,2010-2011,239,65.64
17838,Willie Calhoun,4,2015-2018,1887,65.64
595125,Sam Bates,2,2012-2013,266,65.64
825646,Juan Sanchez,1,2025,253,65.63
5417,Jose Altuve,5,2007-2011,1555,65.57
623391,Christopher Carlson,1,2015,460,65.56
821273,Edward Florentino,2,2024-2025,541,65.52
672588,Jose Villa,2,2017-2018,225,65.51
642769,Victor Acosta,4,2013-2018,964,65.51
699130,Jadher Areinamo,5,2021-2025,1921,65.5
700725,Juan Diaz,2,2021-2022,283,65.5
23697,Julio Rodríguez,2,2018-2021,595,65.5
650974,Jose Suarez,1,2014,155,65.45
689070,Spencer Packard,2,2021-2022,458,65.44
19363,Austin Hays,2,2017-2018,851,65.43
11173,Oscar Taveras,6,2009-2014,1859,65.43
594898,Pierre LePage,2,2010-2011,277,65.38
828076,Dax Kilby,1,2025,81,65.38
823759,Eric Genther,1,2025,58,65.36
26467,Luis Matos,5,2021-2025,1717,65.32
815909,Luis Cova,2,2024-2025,447,65.32
518811,Darin Holcomb,2,2008-2009,1139,65.31
672589,Juan Mendez,1,2017,151,65.3
516613,Jairo Perez,5,2007-2012,968,65.3
518467,Robert Blauer,1,2008,36,65.28
806068,Colt Emerson,3,2023-2025,1046,65.28
800406,Aron Estrada,4,2022-2025,1184,65.26
692608,Luis Echenique,2,2021-2022,170,65.26
813400,Jack Winnay,1,2025,61,65.23
9166,Buster Posey,3,2008-2010,736,65.23
815352,Caleb Bonemer,1,2025,476,65.2
815888,Leo De Vries,2,2024-2025,896,65.2
829052,Breyson Guedez,1,2025,210,65.2
4220,Ryan Zimmerman,1,2008,27,65.18
31680,Cole Young,4,2022-2025,1474,65.17
821164,Yaxson Lucena,2,2024-2025,320,65.15
834685,Angel Abreu,1,2025,209,65.14
669727,Tyler Lancaster,1,2016,64,65.11
692443,Marlon Salazar,1,2021,39,65.1
679334,Vladimir Dilone,1,2018,235,65.07
600929,Miguel Mendez,4,2011-2014,733,65.07
699302,Héctor Rodríguez,5,2021-2025,1952,65.06
31505,Sal Stewart,4,2022-2025,1378,65.05
622802,Manuel Joseph,3,2012-2014,746,65.05
17484,Eloy Jiménez,5,2014-2021,1494,65.04
27647,Anthony Volpe,2,2021-2022,1109,65.04
606233,Jonathan Linares,2,2011-2012,210,65.03
4892,Mike Moustakas,5,2007-2011,1910,65.03
570266,Nevri Jimenez,1,2009,139,65.02
830435,Luis Morejon,1,2025,224,65.01
572865,Hawkins Gebbers,1,2010,83,64.99
642304,Pedro Mendoza,1,2013,65,64.96
830406,Alan Angulo,1,2025,168,64.95
20538,Jose Miranda,5,2016-2022,1698,64.94
832795,Sami Manzueta,1,2025,195,64.93
665998,Ismael Munguia,5,2016-2023,1383,64.9
573007,Kevin Mailloux,1,2009,175,64.89
12179,Maikel Franco,6,2010-2015,2126,64.89
829061,Haritzon Castillo,1,2025,167,64.88
18345,Kyle Tucker,4,2015-2018,1740,64.84
29490,Jackson Merrill,3,2021-2023,881,64.83
821100,Justin Gonzales,2,2024-2025,598,64.83
800050,Chase DeLauter,3,2023-2025,574,64.81
22664,Gabriel Moreno,4,2017-2022,724,64.79
542610,Manny Garcia,1,2008,43,64.76
11493,Manny Machado,3,2011-2014,902,64.74
815929,Jhonny Level,2,2024-2025,623,64.72
672726,Luis Alvarado,2,2017-2018,96,64.72
642282,Juremi Profar,6,2013-2018,1837,64.7
820856,Alexander Mambel,2,2024-2025,159,64.68
20805,Carlos Pérez,6,2014-2021,1276,64.65
699714,Alfredo Alderete,1,2021,52,64.64
493544,Alex Silversmith,1,2008,85,64.62
815908,Jesús Made,2,2024-2025,741,64.62
821151,Yeiferth Castillo,2,2024-2025,367,64.61
681746,Ryan Asencio,1,2018,77,64.6
814131,Derik Alcantara,3,2023-2025,482,64.58
663707,Tyler Wyatt,1,2021,65,64.57
13510,José Ramírez,5,2011-2015,1526,64.57
28824,Samuel Basallo,5,2021-2025,1670,64.55
821666,Santiago Camacho,2,2024-2025,294,64.54
6341,Luis Jimenez,5,2007-2012,2164,64.54
12282,Rougned Odor,5,2012-2018,1315,64.51
14712,Manuel Margot,5,2012-2017,1848,64.48
807967,Jesus Fernandez,3,2023-2025,446,64.47
829055,Eliomar Garces,1,2025,181,64.47
656928,Yordany Salva,1,2016,21,64.47
682894,Harold Diaz,1,2018,80,64.46
33322,Matt Shaw,3,2023-2025,803,64.45
608608,Carlos Munoz,7,2011-2017,1969,64.44
691458,Blaze Jordan,5,2021-2025,2084,64.37
502601,Robert Wagner,1,2009,66,64.37
825269,Jose Verdugo,1,2025,120,64.36
623188,Dario Pizzano,4,2012-2015,1490,64.35
593756,Ismael Aguero,3,2010-2012,465,64.34
518987,Kyle Martin,3,2007-2009,616,64.34
598214,Steve Felix,2,2010-2011,224,64.31
620987,Alberto Velasquez,3,2012-2014,557,64.3
14162,Carlos Correa,6,2012-2018,1306,64.3
827517,Kyle Lodise,1,2025,113,64.3
516791,Marcos Perez,1,2008,21,64.29
829870,Freiker Betencourt,1,2025,165,64.28
674382,Ervis Marchan,2,2017-2018,369,64.26
595450,Carson Vitale,1,2010,82,64.2
553904,Marco Davalillo,2,2009-2010,326,64.2
825159,Yunior Amparo,1,2025,173,64.2
815897,Robert Arias,2,2024-2025,378,64.19
28820,Moisés Ballesteros,5,2021-2025,1937,64.17
9015,Gordon Beckham,2,2008-2009,259,64.15
829977,Ivan Torres,1,2025,135,64.15
3086,Mitch Moreland,3,2008-2010,1469,64.14
471906,Reynaldo Rodriguez,3,2007-2011,913,64.14
10688,Tyler Thornburg,1,2012,21,64.13
683437,Juan Diaz,1,2021,199,64.12
17350,Rafael Devers,5,2014-2018,1736,64.11
694224,Gabriel Gonzalez,5,2021-2025,1933,64.11
27962,Adael Amador,5,2021-2025,1903,64.1
672613,Eliezer Alfonzo,6,2017-2024,1678,64.09
18363,Victor Robles,6,2014-2021,1609,64.07
664919,Greg Brodzinski,1,2015,30,64.05
35110,Nick Kurtz,2,2024-2025,147,64.05
804114,Luke Pelzer,1,2025,83,64.05
805805,Walker Jenkins,3,2023-2025,851,64.03
829750,Victor Santana,1,2025,208,64.03
803745,Adrian Santana,3,2023-2025,911,64.02
5222,Justin Upton,2,2007-2008,524,64.01
820943,Danny Cancro,2,2024-2025,265,64.01
26365,Jonny DeLuca,3,2021-2023,1203,64.0
541610,David Pino,3,2008-2010,479,63.98
9892,Jay Bruce,3,2007-2009,797,63.91
663622,Jackson Lueck,1,2018,230,63.9
672725,Yhon Perez,2,2017-2021,274,63.9
682182,J.C. Correa,3,2021-2023,1299,63.88
570713,Ravel Santana,3,2009-2011,632,63.88
16376,Michael Conforto,2,2015-2016,547,63.86
830471,Juan Macero,1,2025,202,63.86
3516,Eric Hosmer,5,2008-2014,1164,63.84
670690,Aaron Bossi,1,2016,64,63.84
26288,Adley Rutschman,2,2021-2022,627,63.82
20352,Ernie Clement,1,2018,471,63.82
814456,Jo Oyama,1,2025,10,63.81
599813,Eduard Pinto,7,2012-2018,1751,63.8
672887,Richard Porteles,1,2017,214,63.76
594032,Engel Santana,1,2010,258,63.76
468471,Humberto Espinoza,1,2007,180,63.75
670043,Michael Cruz,3,2016-2018,599,63.74
803011,Sam Antonacci,2,2024-2025,621,63.74
625688,Albert Romano,1,2012,30,63.72
24605,Michael Helman,1,2018,164,63.7
678686,Francisco Palma,2,2018-2021,226,63.69
665865,Juan Ramirez,3,2016-2018,603,63.68
4949,Giancarlo Stanton,6,2007-2013,1392,63.67
506729,Ricardo Martinez,3,2007-2009,293,63.67
669051,Trevor Craport,1,2018,497,63.66
808269,Gerardo Rodriguez,3,2023-2025,484,63.66
699135,Alejandro Hernandez,2,2021-2022,26,63.65
832559,Diego Contreras,1,2025,132,63.65
10155,Mike Trout,4,2009-2012,1313,63.64
22275,Jake Burger,1,2017,217,63.64
542496,Ruddy Moreta,2,2008-2009,367,63.63
21534,Cal Raleigh,1,2021,199,63.63
4707,Kila Ka'aihue,2,2007-2008,1056,63.63
621460,Kolby Copeland,1,2012,237,63.61
830410,Yoelvis Betancourt,1,2025,122,63.61
4298,Matt Wieters,2,2008-2009,693,63.61
19906,Diego Castillo,6,2015-2022,2061,63.6
667416,Clark Eagan,1,2017,482,63.6
699694,Solardo Rodriguez,2,2021-2022,242,63.58
17750,Max Schrock,3,2016-2018,1490,63.58
10815,Jurickson Profar,6,2011-2017,1863,63.54
513408,Jaime Landin,1,2007,309,63.54
18839,Josh Naylor,4,2015-2018,1681,63.54
19892,Pavin Smith,1,2018,504,63.54
829398,Franklin Primera,1,2025,172,63.53
543531,Travis Meiners,1,2010,130,63.53
811965,Joshua Kuroda-Grauer,2,2024-2025,675,63.51
678502,Daniel Rivero,2,2018-2021,434,63.5
701527,Mike Sirota,1,2025,270,63.5
829096,Ramcell Medina,1,2025,186,63.5
514891,Angel Nieves,2,2007-2008,227,63.47
596107,Eric Filia,1,2017,567,63.47
682576,Steven Kraft,1,2018,126,63.47
806252,Ralphy Velazquez,3,2023-2025,1025,63.47
607774,Jeremy Williams,1,2011,165,63.46
804446,Eddie Micheletti Jr.,2,2024-2025,554,63.46
542352,Jose Colmenares,2,2008-2009,448,63.45
668653,Roger Gonzalez,1,2016,34,63.44
18217,Brett Sullivan,4,2015-2018,1689,63.43
821795,Javier Sanchez,2,2024-2025,298,63.43
830046,Santiago Almao,1,2025,189,63.42
642762,Luis Terrero,3,2013-2015,767,63.42
672900,Matthew Mercedes,2,2017-2018,263,63.41
471872,Francisco Hernandez,2,2007-2008,598,63.41
643482,Richy Pedroza,2,2013-2014,448,63.38
446001,Jonel Pacheco,1,2007,547,63.38
9373,Matt McBride,3,2007-2009,1199,63.37
672408,Julio Francisco,2,2017-2018,464,63.37
829077,Kenly Hunter,1,2025,173,63.33
29646,Caleb Durbin,4,2021-2024,1215,63.33
23003,Yainer Diaz,4,2017-2022,1224,63.33
805339,Nick Clarno,1,2022,19,63.32
24064,Ezequiel Tovar,4,2018-2025,991,63.31
800345,Juan Baez,4,2022-2025,1280,63.31
803849,Devin Fitz-Gerald,1,2025,173,63.31
698973,Jose Astudillo,5,2021-2025,418,63.3
829051,Liberts Aponte,1,2025,193,63.3
829034,Josuar Gonzalez,1,2025,228,63.3
5827,Wilmer Flores,8,2008-2016,3219,63.3
500750,Michaelangel Trinidad,3,2007-2010,503,63.29
829809,Ire Garcia,1,2025,116,63.28
667671,Cody Brown,1,2018,17,63.28
801563,Austin Smith,1,2025,99,63.27
808277,Miguel Rodríguez,3,2023-2025,413,63.24
829717,Jose Pitre,1,2025,64,63.23
15672,Austin Meadows,6,2013-2018,1910,63.21
821187,Juan Ortuno,2,2024-2025,297,63.21
694230,Hendry Mendez,5,2021-2025,1720,63.21
607266,Cameron Edman,1,2011,92,63.2
20437,Royce Lewis,4,2017-2023,978,63.18
685716,Nelson Quiroz,5,2021-2025,580,63.17
681635,Yoandy Rea,2,2018-2021,279,63.16
699055,Reyden Hidalgo,3,2021-2023,352,63.14
703601,Max Clark,3,2023-2025,1130,63.14
800473,Jefferson Rojas,4,2022-2025,1366,63.14
701807,Carson Benge,2,2024-2025,588,63.13
516729,Pedro Aguilar,2,2007-2008,380,63.13
829889,Sharlisson De La Rosa,1,2025,84,63.11
702880,Juan Sanchez,2,2022-2023,113,63.11
825153,Juan Torres,1,2025,170,63.1
2396,Carlos Santana,4,2007-2010,1675,63.1
672837,Emir Velasquez,2,2017-2018,495,63.1
670357,Deion Tansel,1,2016,119,63.1
699393,Pedro Ramírez,5,2021-2025,1917,63.09
678830,Antonio Dominguez,2,2018-2022,250,63.09
829986,Jose Riera,1,2025,200,63.08
19950,Andrés Giménez,4,2016-2021,1411,63.08
641970,Michael Perri,1,2018,219,63.07
802139,JJ Wetherholt,2,2024-2025,622,63.07
518753,Joseph Hage,3,2007-2009,495,63.06
9060,James Darnell,3,2009-2011,1511,63.05
820944,Peson Revierre,1,2024,146,63.04
621481,Brennan Metzger,2,2012-2014,119,63.03
9205,Logan Morrison,5,2007-2011,1777,63.03
5933,Jean Segura,6,2007-2012,1756,63.03
829996,Ricardo Chirinos,1,2025,128,63.01
702679,Demetrio Crisantes,3,2023-2025,705,63.01
13624,Corey Seager,4,2012-2015,1704,63.0
800132,Oliver Cedeno,1,2023,149,63.0
14221,Jorge Soler,5,2012-2016,680,62.97
806275,Jack Goodman,1,2025,52,62.97
800325,Luis Lara,4,2022-2025,1727,62.97
656951,Zack Shannon,1,2018,228,62.96
667374,Ismael Rosado,2,2016-2017,213,62.94
21707,Oswaldo Cabrera,6,2016-2023,1879,62.93
546366,Francisco Lugo,2,2009-2010,391,62.92
572923,Nathan Hines,2,2009-2010,201,62.92
829836,Joyner Perez,1,2025,105,62.9
28806,Jackson Chourio,4,2021-2025,1232,62.9
3892,Josh Reddick,5,2007-2011,2002,62.9
695266,Jake Palmer,2,2022-2023,121,62.9
650894,Anthony Cantillo,2,2014-2015,353,62.9
800522,Josue Briceño,4,2022-2025,1025,62.89
544753,Ben Woodbury,2,2008-2009,302,62.88
4016,Jerry Sands,5,2008-2012,2024,62.87
7577,Marc Krauss,4,2009-2012,1765,62.86
13185,Orlando Arcia,6,2011-2018,2374,62.86
672791,Yolki Pena,2,2017-2018,469,62.84
5361,Freddie Freeman,5,2007-2013,1771,62.84
501658,Ronny Calderon,2,2008-2009,72,62.83
702526,Eric Snow,1,2025,104,62.82
19514,Andrew Knizner,3,2016-2018,989,62.81
664371,Eddy Reynoso,4,2015-2018,498,62.79
8362,Homer Bailey,2,2007-2008,25,62.79
830459,Jhon Gil,1,2025,150,62.78
701649,James Triantos,5,2021-2025,1941,62.77
804606,Konnor Griffin,1,2025,563,62.76
806957,Alfredo Duno,3,2023-2025,829,62.76
573640,Jim Linger,2,2009-2010,153,62.75
19961,Colton Welker,5,2016-2022,1193,62.74
29622,Sal Frelick,3,2021-2023,926,62.73
699396,Carlos Ramos,2,2021-2022,260,62.73
650726,Algeni Mateo,3,2014-2016,430,62.73
703197,Michael Arroyo,4,2022-2025,1625,62.73
676809,Tyler Friis,1,2018,318,62.72
16622,Luis Urías,5,2014-2018,2018,62.72
6368,Adam Jones,1,2007,469,62.71
701010,Roque Salinas,3,2022-2024,756,62.7
20536,Vidal Bruján,5,2015-2022,1774,62.7
700164,Bryant Betancourt,5,2021-2025,1533,62.7
829949,Sebastian Blanco,1,2025,248,62.69
829069,Elorky Rodriguez,1,2025,226,62.69
808234,Eduardo Quintero,3,2023-2025,1098,62.68
806953,Eduardo Tait,3,2023-2025,977,62.68
6274,Carlos Quentin,1,2007,135,62.68
821073,Jirvin Morillo,2,2024-2025,295,62.63
10264,Brandon Belt,2,2010-2011,825,62.62
10681,Gio Urshela,7,2009-2016,2809,62.62
474132,Blake Dean,2,2010-2011,657,62.59
694876,Cooper Ingle,3,2023-2025,987,62.58
4316,Daniel Murphy,2,2007-2008,966,62.57
544244,Rickey Noland,1,2008,49,62.57
593644,Jesus Abreu,2,2010-2011,303,62.55
6444,Andy LaRoche,2,2007-2008,502,62.53
608330,Chris Elder,3,2011-2013,367,62.53
829970,Bryan Rodriguez,1,2025,102,62.52
682880,Cristian Calzadilla,1,2021,72,62.5
16535,Danny Jansen,6,2013-2018,1505,62.5
655999,Alvaro Rubi,4,2015-2018,484,62.49
821599,Daniel Flames,2,2024-2025,287,62.48
694197,Angel Genao,5,2021-2025,1581,62.47
12677,O'Koyea Dickson,4,2011-2014,1709,62.46
835178,Angel Barboza,1,2025,52,62.44
19339,Nicky Lopez,3,2016-2018,1441,62.44
641340,Elliott Barzilli,1,2017,67,62.42
572881,Devin Goodwin,1,2010,283,62.42
12161,Xander Bogaerts,4,2010-2013,1623,62.42
677580,Julio Machado,1,2018,272,62.41
643365,Brian Holberton,3,2013-2015,720,62.41
806985,Yoeilin Cespedes,3,2023-2025,791,62.41
6184,J.D. Martinez,4,2009-2012,1149,62.4
570787,Jesus Vasquez,4,2009-2012,752,62.37
12164,Miguel Sanó,6,2010-2016,1923,62.36
6201,Nate Schierholtz,2,2007-2008,816,62.35
691003,Tre' Morgan,3,2023-2025,895,62.35
664678,Marcus Mastrobuoni,2,2015-2017,207,62.35
691620,Jeferson Quero,4,2021-2025,1163,62.33
4579,Starlin Castro,4,2007-2010,1098,62.33
11902,Hanser Alberto,7,2010-2017,2340,62.32
822619,Christian Gonzalez,2,2024-2025,323,62.32
806367,Turner Hill,1,2023,347,62.31
664289,Ignacio Otano,4,2015-2018,493,62.3
642342,Josue Matos,1,2013,63,62.3
829751,Angel De Los Santos,1,2025,99,62.29
503325,Rogelio Del Campo,2,2007-2008,99,62.29
31595,Brooks Lee,4,2022-2025,865,62.28
665850,Cristian Inoa,4,2016-2022,1095,62.27
10847,Andrelton Simmons,3,2010-2012,1042,62.26
21479,Nico Hoerner,2,2018-2021,60,62.26
691378,Lyonell James,3,2021-2023,677,62.26
17027,Alex Verdugo,5,2014-2018,2159,62.25
667663,Hunter Stovall,2,2018-2021,583,62.24
502716,Darren Blocker,1,2007,134,62.24
600902,Wilson Garcia,7,2011-2018,2109,62.23
813715,Khadim Diaw,2,2024-2025,268,62.22
821268,Yoneiker Lugo,2,2024-2025,220,62.21
830450,Roy Rivero,1,2025,168,62.21
826928,Owen Carey,1,2025,525,62.2
650987,Antony Fuentes,4,2014-2017,604,62.2
16403,Francisco Mejía,5,2013-2018,1853,62.18
815464,Lisbel Diaz,3,2023-2025,994,62.18
823866,Eduardo Ponce,2,2024-2025,368,62.18
660505,Eddy Vizcaino,4,2015-2018,493,62.16
680479,Zachary Owings,1,2021,34,62.15
23986,Curtis Mead,5,2021-2025,1560,62.15
821523,Victor Leal,2,2024-2025,238,62.14
621598,Javier Betancourt,6,2012-2017,2231,62.14
800198,Cristofer Torin,4,2022-2025,1565,62.14
570638,Pedro Mendoza,3,2009-2011,510,62.14
28022,Edgar Quero,5,2021-2025,1593,62.13
474854,Luke Murton,1,2010,451,62.13
9147,Taylor Green,5,2007-2011,2272,62.12
16472,Rhys Hoskins,3,2015-2017,1631,62.12
9063,Alexi Amarista,6,2007-2012,2202,62.11
829788,Yeferson Portolatin,1,2025,174,62.11
600971,Juan Santana,4,2011-2014,837,62.11
672867,Estamy Urena,2,2017-2018,360,62.11
681702,Carlos Mendoza,1,2018,300,62.1
830398,Elaineiker Coronado,1,2025,248,62.1
801501,Nate Furman,3,2023-2025,818,62.1
694410,LuJames Groover,3,2023-2025,923,62.09
5928,Daric Barton,3,2007-2009,974,62.09
633708,Bolivar Perez,2,2013-2014,73,62.09
680662,Wilson Valdez,2,2018-2021,278,62.06
667367,Jorge Perez,3,2016-2018,415,62.06
678607,Juan Pie,1,2018,255,62.05
672533,Axel Aleixo,2,2017-2018,421,62.04
675980,Matt Winaker,1,2018,516,62.02
802990,Dalton Davis,1,2025,156,62.02
25878,Corbin Carroll,2,2021-2022,463,62.02
806198,Cooper Pratt,3,2023-2025,987,62.02
593965,Alex Mercedes,5,2010-2014,1200,62.01
808337,Adriander Mejía,3,2023-2025,498,62.0
23917,Jorbit Vivas,6,2018-2025,2790,62.0
806884,Luis Escudero,3,2023-2025,482,62.0
21746,José Fermín,5,2016-2023,1049,62.0
699046,Adonis Cepeda,1,2021,109,61.99
7485,Blake DeWitt,3,2007-2009,1079,61.99
6878,Chris Coghlan,3,2007-2009,1183,61.99
542479,Geancarlo Mendez,4,2008-2011,1113,61.98
17907,Brendan Rodgers,5,2015-2021,1540,61.98
7859,Charlie Blackmon,3,2009-2011,1269,61.97
594091,Belarmino Campos,3,2010-2012,425,61.97
650381,Simon Gravel,1,2014,18,61.97
6908,Clint Robinson,3,2007-2009,1185,61.96
7324,Chris Gimenez,1,2007,455,61.96
660511,Nerluis Martinez,3,2015-2017,322,61.96
9893,Colby Rasmus,2,2007-2008,966,61.96
16556,Ozzie Albies,4,2014-2017,1744,61.94
808289,Julio Zayas,3,2023-2025,506,61.94
660613,Ronaldo Hernández,6,2015-2022,1800,61.94
665137,Orlando Olivera,1,2015,48,61.94
13675,Tyrone Taylor,7,2012-2018,2830,61.94
570807,Luis Perez,6,2009-2014,852,61.93
9218,Paul Goldschmidt,3,2009-2011,1387,61.92
676595,Jake Scheiner,1,2018,517,61.92
645167,Brandon Brown,1,2013,40,61.9
957,Matt Downs,1,2008,583,61.9
22650,Jordan Diaz,6,2017-2024,1860,61.9
15585,Mike Ford,4,2014-2017,1686,61.89
31781,Jackson Holliday,3,2022-2024,1017,61.89
20391,Luis García Jr.,5,2017-2023,1227,61.89
825582,Nate George,1,2025,370,61.88
10306,Oswaldo Arcia,8,2008-2015,2111,61.87
25332,Endy Rodríguez,5,2018-2024,1462,61.86
517374,Ramon Castillo,4,2007-2011,990,61.86
16478,Kyle Schwarber,3,2014-2017,641,61.86
25764,Bobby Witt Jr.,1,2021,564,61.86
606200,Jose Rojas,5,2011-2015,852,61.85
540938,Luis Pimentel,3,2008-2010,639,61.84
808080,Juan Frances,2,2023-2024,251,61.84
672555,Wilfred Astudillo,4,2017-2022,700,61.84
19918,Daulton Varsho,2,2018-2021,441,61.83
543464,Roberto Lopez,3,2008-2010,1275,61.83
5631,Matt Kemp,1,2007,174,61.83
680589,Felix Valerio,5,2018-2024,1819,61.83
542270,Cesar Osuna,2,2008-2009,486,61.82
19556,Yordan Alvarez,3,2016-2018,827,61.82
611319,Jesus Arredondo,1,2012,438,61.82
3473,Anthony Rizzo,6,2007-2012,1914,61.81
801978,Callan Moss,2,2024-2025,601,61.8
829827,Yorvit Diaz,1,2025,122,61.8
624531,Lucas Rojo,3,2012-2014,464,61.79
19251,Pete Alonso,2,2017-2018,967,61.79
829987,Carlos Torres,1,2025,177,61.79
607728,Kenny Socorro,1,2011,40,61.78
607978,Wes Thigpen,2,2011-2012,112,61.78
672740,Victor Heredia,2,2017-2018,348,61.78
683566,Jeury Corona,1,2021,96,61.78
514977,Jairo Marquez,5,2007-2011,692,61.77
11003,Evan Gattis,2,2010-2011,619,61.77
665651,Diego Rincones,5,2016-2023,1305,61.75
642352,Jean Angomas,6,2013-2018,1313,61.74
824877,Liordanys Menendez,1,2025,153,61.72
2677,Jordan Pacheco,3,2007-2010,1282,61.71
573101,Jared Prince,1,2010,525,61.71
502001,Brandon Hynick,2,2008-2009,63,61.71
19262,Garrett Hampson,2,2017-2018,1107,61.7
543461,Matt Long,3,2009-2011,1429,61.7
827410,Anderson Araujo,1,2025,183,61.69
813883,Ryan Ignoffo,3,2023-2025,834,61.69
656121,Carlos Jimenez,2,2014-2015,358,61.68
20178,Miguel Vargas,5,2018-2024,1767,61.68
458002,Chris Colton,1,2007,172,61.67
687668,Yorkislandy Alvarez,1,2021,184,61.67
692564,Johnfrank Salazar,5,2021-2025,1237,61.67
476827,Mike Murray,1,2010,31,61.67
813664,Justin DeCriscio,1,2025,49,61.66
516746,Richard Salcedo,1,2007,251,61.66
677621,Joerlin De Los Santos,2,2018-2021,359,61.66
542395,Julio Alcala,4,2008-2011,942,61.66
5247,Brett Lawrie,5,2009-2014,1476,61.65
15429,Kris Bryant,3,2013-2015,689,61.65
807276,Dante Nori,2,2024-2025,643,61.64
622787,Rodrigo Ayarza,6,2012-2018,1124,61.63
800246,Engelth Urena,3,2022-2025,689,61.61
805834,Javi Vaz,4,2022-2025,1640,61.61
489187,Elias Otero,1,2008,237,61.61
5557,Jarrod Saltalamacchia,2,2007-2008,158,61.6
670106,Cole Freeman,1,2018,522,61.6
800414,Alfredo Velásquez,4,2022-2025,825,61.59
678767,Jose Zepeda,1,2018,58,61.58
664981,Jordan Verdon,1,2018,54,61.57
642362,Brallan Perez,6,2013-2018,1407,61.57
12532,Kolten Wong,4,2011-2014,1344,61.57
31912,Chandler Simpson,4,2022-2025,1198,61.56
5887,John Jaso,2,2007-2008,924,61.56
815017,Josueth Quinonez,2,2024-2025,339,61.56
3455,Greg Smith,1,2007,33,61.55
814455,Nick Mitchell,2,2024-2025,468,61.55
691605,Miguel Briceno,5,2021-2025,902,61.55
664949,Landon Cray,2,2015-2016,389,61.53
658652,Oscar Campos,5,2014-2021,508,61.53
692388,Santiago Carbonara,1,2021,50,61.53
16404,Domingo Leyba,6,2013-2018,1903,61.53
27790,Evan Carter,4,2021-2025,1236,61.52
829991,Wesly Castillo,1,2025,150,61.52
15564,Tyler White,3,2013-2015,1122,61.52
24934,David Fry,1,2018,261,61.52
806988,Welbyn Francisca,3,2023-2025,940,61.52
25183,Drew Avans,1,2018,255,61.51
620444,Alexander Palma,6,2013-2018,1350,61.51
19913,Jesús Sánchez,6,2015-2022,1832,61.5
699126,Gregory Barrios,5,2021-2025,1547,61.5
621546,Xavier Turner,2,2015-2016,135,61.5
820955,Jaset Martinez,2,2024-2025,310,61.49
33321,Luke Keaschall,3,2023-2025,722,61.49
13633,Preston Tucker,3,2013-2015,1343,61.49
835485,David Shirley,1,2025,90,61.49
642337,Kevin Mendoza,4,2013-2017,389,61.48
821759,Johan Rodriguez,2,2024-2025,360,61.48
821236,Efren Teran,2,2024-2025,237,61.48
691558,Yeiner Fernandez,5,2021-2025,1908,61.48
674483,Rafael Brito,2,2017-2018,336,61.48
593374,Fernando Baez,2,2010-2011,311,61.47
502035,Steve Singleton,4,2007-2010,1988,61.45
570804,Harlington Beltre,1,2009,31,61.45
9368,Evan Longoria,2,2007-2008,605,61.44
553889,Hector Guevara,7,2009-2015,1982,61.44
465789,Alex Vargas,2,2007-2008,245,61.44
521028,John Fitzpatrick,1,2007,165,61.44
516775,Eric Avila,7,2007-2013,1573,61.43
500763,Ricardo Bonfante,3,2007-2009,479,61.43
808121,Daniel Campos,3,2023-2025,343,61.42
593772,Yeison Asencio,5,2010-2014,1996,61.41
3248,Robinzon Díaz,2,2007-2008,618,61.41
5514,Jesus Montero,7,2007-2014,2557,61.41
660555,Sleyter Soto,2,2015-2016,317,61.4
814413,Ian Petrutz,2,2024-2025,486,61.4
518587,Drew Cumberland,4,2007-2010,999,61.38
570694,Jhonatan Javier,3,2009-2011,407,61.38
12510,Curt Casali,3,2011-2013,806,61.38
670058,Tim Lynch,2,2016-2017,423,61.37
650906,Ricardo Perez,2,2014-2015,259,61.37
7215,David Lough,4,2007-2010,1670,61.37
595349,Mike O'Neill,2,2011-2012,615,61.36
825761,Ryan Cesarini,2,2024-2025,479,61.36
448274,Eric Campbell,3,2007-2009,1147,61.35
676869,Jose Garcia,1,2017,54,61.35
517589,Rather Trujillo,4,2007-2010,955,61.35
31357,Nathan Church,4,2022-2025,1555,61.35
448277,Jared Clark,2,2009-2010,703,61.34
10047,Wil Myers,7,2009-2015,1991,61.34
600873,Alexander Capriata,6,2011-2016,521,61.33
11746,Stefen Romero,3,2011-2013,1426,61.33
18126,LaMonte Wade Jr.,4,2015-2018,1702,61.33
5000,Stephen Vogt,2,2008-2009,485,61.32
14109,Albert Almora Jr.,5,2012-2016,1669,61.32
691417,Jhoan Gomez,2,2021-2022,177,61.32
678614,Edgardo Rodriguez,3,2018-2022,367,61.32
15194,Jake Bauers,6,2013-2018,2567,61.31
19292,Armando Alvarez,3,2016-2018,923,61.31
808232,Alirio Ferrebus,3,2023-2025,447,61.31
621513,Robbie Coman,1,2017,55,61.3
2020,Brad Emaus,3,2008-2010,1658,61.3
665629,Diego Duran,1,2016,193,61.3
22857,Wenceel Pérez,6,2017-2024,1893,61.29
681590,Jhan Polanco,2,2018-2021,95,61.29
35041,Jac Caglianone,2,2024-2025,430,61.28
800285,Enmanuel Tejeda,4,2022-2025,789,61.28
655886,Davinson Pimentel,4,2014-2017,403,61.28
3441,Nolan Reimold,2,2007-2008,828,61.28
2636,Brandon Guyer,4,2007-2010,1364,61.27
829704,Fredderick Ovalle,1,2025,188,61.25
7304,Salvador Perez,6,2007-2012,1397,61.25
815304,Josh Adamczewski,2,2024-2025,491,61.24
501969,Jason Taylor,3,2008-2010,906,61.24
17423,Yermín Mercedes,6,2011-2017,1600,61.24
8173,Yovani Gallardo,1,2007,26,61.23
10243,Randal Grichuk,7,2009-2016,2413,61.23
3147,Justin Huber,1,2007,347,61.23
602075,Franco Pizzoli,3,2011-2013,494,61.23
4652,Jeff Clement,2,2007-2008,741,61.22
19844,Abraham Toro,4,2016-2021,970,61.22
31564,Alan Roden,3,2022-2024,1177,61.2
15878,Miguel Andujar,6,2012-2017,2474,61.2
464431,Erick Medina,2,2007-2008,374,61.2
26121,Francisco Alvarez,5,2021-2025,1070,61.2
800540,Hector Osorio,4,2022-2025,724,61.2
3118,Jesus Guzman,2,2007-2008,1043,61.19
683494,Euribiel Angeles,5,2021-2025,2313,61.18
12144,Max Kepler,7,2010-2016,1949,61.18
19709,Fernando Tatis Jr.,5,2016-2023,1210,61.17
806984,Arnaldo Lantigua,3,2023-2025,647,61.17
808696,Stiven Flores,3,2023-2025,504,61.17
675845,Rochest Cruz,2,2017-2018,358,61.17
821169,Jonnhan Sanchez,2,2024-2025,89,61.16
17929,Cedric Mullins,3,2016-2018,1396,61.16
668597,Jorge Sequera,3,2016-2018,424,61.16
13152,Jorge Polanco,8,2010-2018,2561,61.16
702222,Justin Crawford,4,2022-2025,1459,61.15
18142,Patrick Mazeika,4,2015-2018,1339,61.15
676811,Quincy Nieporte,2,2017-2018,509,61.15
829931,Carlos Martinez,1,2025,108,61.14
650881,Dylan Melendez,2,2014-2015,110,61.14
12155,Eddie Rosario,7,2010-2016,2143,61.13
622171,Deiferson Barreto,5,2012-2017,925,61.13
456065,Jose Martinez,3,2007-2010,1068,61.13
666787,Edwin Sano,3,2016-2018,499,61.13
800543,Josue De Paula,4,2022-2025,1489,61.12
815438,Jesus Freitez,3,2023-2025,205,61.11
695930,Frederick Bencosme,5,2021-2025,1670,61.11
808157,Oswaldo Patino,3,2023-2025,249,61.1
451258,Brett Bonvechio,1,2007,154,61.1
656036,Dario Unda,4,2014-2017,616,61.1
641569,Xavier Fernández,5,2013-2018,998,61.09
815195,Wilder Dalis,3,2023-2025,724,61.09
656392,Luke Dykstra,5,2014-2018,1204,61.09
25931,Michael Harris II,3,2021-2024,642,61.09
23690,Brayan Rocchio,5,2018-2025,2069,61.09
501485,Nitxon Perez,3,2007-2009,345,61.09
671255,Jose Layer,2,2016-2017,110,61.09
821689,Francisco Espinoza,2,2024-2025,217,61.08
519436,J.T. Wise,2,2009-2010,503,61.08
10289,Héctor Sánchez,8,2007-2014,1424,61.06
18373,Ryan Mountcastle,4,2015-2018,1630,61.06
7739,Travis d'Arnaud,7,2007-2013,1953,61.06
807951,Rafhlmil Torres,3,2023-2025,603,61.05
829699,Marconi German,1,2025,213,61.05
543010,Jorge Castillo,3,2008-2010,512,61.05
18795,Ramón Urías,3,2011-2018,718,61.05
25629,Cody Freeman,5,2021-2025,2071,61.05
806314,Beau Brewer,3,2022-2024,340,61.05
650390,Luis Hidalgo,5,2014-2018,761,61.05
800169,Aroon Escobar,4,2022-2025,962,61.03
6740,Johnny Giavotella,5,2008-2012,2390,61.03
542521,Miguel Salazar,1,2008,276,61.03
7571,Lonnie Chisenhall,5,2009-2013,1600,61.03
800316,Alexander Albertus,4,2022-2025,570,61.02
821773,Sandy Luciano,2,2024-2025,333,61.02
702726,Luke Adams,4,2022-2025,1214,61.02
667381,Ronald Valenzuela,1,2016,131,61.01
542549,Francisco De Los Santos,1,2008,11,61.01
665975,Lolo Sanchez,6,2016-2023,1903,61.0
13807,Kevin Plawecki,3,2013-2015,1030,61.0
800419,Jeral Perez,4,2022-2025,1471,61.0
585133,Arturo Rodriguez,2,2015-2016,663,60.99
23792,Alek Thomas,5,2018-2024,1111,60.99
22558,Jarred Kelenic,4,2018-2023,831,60.97
682877,Juan Brito,5,2021-2025,1938,60.97
501917,Nick Van Stratten,3,2007-2009,721,60.97
667351,Brandon Leyton,6,2016-2023,1374,60.97
18365,Lewin Díaz,6,2014-2021,1671,60.96
692366,Onil Perez,5,2021-2025,1225,60.96
20404,Jared Young,1,2018,501,60.96
815903,Ashly Andujar,2,2024-2025,446,60.96
8553,Gerardo Parra,4,2007-2010,1293,60.96
689439,Matt Archer,2,2022-2023,78,60.95
15504,Jamie Westbrook,6,2013-2018,2694,60.94
641884,Dominic Miroglio,2,2017-2018,553,60.93
504078,Carlos Alvarez,4,2007-2010,869,60.93
820989,Kyle Sinzza,2,2024-2025,324,60.93
13145,Josh Bell,5,2012-2016,2106,60.92
574009,David Anderson,1,2009,221,60.92
667372,Julio E. Rodriguez,4,2016-2021,814,60.92
16149,Aaron Nola,1,2015,10,60.92
681728,Cesar Ortega,2,2018-2021,225,60.91
646481,Alex Sanchez,1,2013,17,60.91
672895,Emison Soto,1,2017,194,60.91
10816,Jedd Gyorko,3,2010-2012,1387,60.91
685433,Israyber Gomez,1,2021,53,60.91
830432,Moises Acacio,1,2025,101,60.9
3978,Chris Heisey,3,2007-2009,1645,60.9
543772,Michael Sheridan,4,2009-2012,1997,60.89
800393,Yeremy Cabrera,4,2022-2025,1138,60.89
6806,Josmil Pinto,7,2007-2013,2170,60.88
830443,Luis Steven King,1,2025,158,60.88
607525,JJ Ethel,2,2011-2012,82,60.87
3131,Wladimir Balentien,2,2007-2008,819,60.87
8202,Josh Harrison,4,2008-2011,1533,60.87
673200,Yaniery Guzman,2,2017-2018,395,60.86
657672,Scott Manea,2,2016-2018,452,60.86
16424,Jordan Luplow,4,2015-2018,1717,60.85
19958,Carter Kieboom,4,2016-2021,1120,60.85
12546,C.J. Cron,4,2011-2014,1494,60.85
621663,Jose Zambrano,4,2012-2016,935,60.84
640488,Grenny Cumana,6,2013-2018,1481,60.84
4712,Ben Revere,6,2007-2012,1755,60.83
829795,Yilver De Paula,1,2025,40,60.83
683408,Darryl Collins,3,2021-2023,816,60.83
622756,Ozzie Liranzo,4,2012-2016,258,60.83
650853,Eugene Helder,5,2014-2018,1173,60.82
829079,Djean Macares,1,2025,200,60.81
656632,Kevin Krause,1,2017,331,60.81
807957,Yassel Soler,3,2023-2025,788,60.79
19858,Luis Rengifo,6,2014-2021,2030,60.79
500893,Raul Escalona,2,2007-2008,230,60.79
699206,Keiderson Pavon,3,2021-2023,586,60.79
14131,Greg Bird,6,2011-2017,1532,60.78
807999,David Guzman,2,2023-2024,346,60.77
26546,Agustín Ramírez,5,2021-2025,1426,60.77
518442,Luis Bautista,2,2007-2008,381,60.77
680965,Josh Shaw,1,2018,207,60.77
665889,Samuel Inoa,3,2016-2018,402,60.77
642484,Daniel Jimenez,4,2013-2016,921,60.77
665852,Aldo Espinoza,3,2016-2018,314,60.75
12758,Breyvic Valera,6,2010-2016,2496,60.75
500670,Edgard Montiel,1,2007,208,60.75
13367,Stephen Piscotty,4,2012-2015,1636,60.75
11615,Brandon Drury,7,2010-2016,2724,60.74
3714,Joe Mather,1,2007,560,60.74
12937,José Osuna,8,2010-2017,2976,60.73
661425,Felix Nieto,1,2015,54,60.73
815896,Emil Morales,2,2024-2025,613,60.73
16426,Thairo Estrada,5,2013-2018,1344,60.73
12533,Marcus Semien,4,2011-2014,1741,60.73
541662,Jonathan Quinonez,7,2008-2014,1086,60.73
31347,Zach Neto,3,2022-2025,275,60.73
591760,Jose Oliveros,2,2010-2011,141,60.73
22532,Tyler Freeman,4,2017-2023,783,60.72
703260,Angel Rivera,3,2022-2024,213,60.71
695890,Drew Smith,1,2021,42,60.71
682137,Chase Lambert,1,2018,134,60.71
659065,Christian Muscarello,1,2014,42,60.7
503739,Jorge Perez,1,2007,296,60.7
621521,Brian Mundell,3,2016-2018,1621,60.69
673883,Juan Bidau,2,2017-2018,401,60.69
607398,Gary Apelian,2,2011-2012,275,60.66
541660,Alejandro Segovia,7,2008-2014,1671,60.65
664677,Garrett Benge,1,2018,131,60.65
664753,Marty Costes,1,2018,214,60.64
11265,Jonathan Schoop,6,2009-2015,1993,60.64
23401,José Caballero,3,2017-2021,379,60.64
806983,Yophery Rodriguez,3,2023-2025,1154,60.64
666918,Ryan Haug,1,2018,49,60.63
13590,Jesse Winker,6,2012-2017,2438,60.63
594711,Alfredo Zambrano,1,2010,59,60.62
13897,Tyler Heineman,3,2013-2015,1038,60.62
5198,Chin-Lung Hu,2,2007-2008,724,60.62
669377,Michael Gigliotti,2,2017-2018,315,60.62
656962,Eddie Silva,1,2018,221,60.61
517409,Albert Hernandez,4,2007-2010,695,60.61
681023,Brian Rey,3,2018-2022,703,60.6
667608,Oswaldo Zacarias,2,2016-2017,125,60.6
500877,Juan Vega,2,2007-2008,433,60.6
504263,Luis Guillen,1,2007,22,60.59
29576,Ben Rice,3,2021-2023,653,60.59
677581,Cesar Idrogo,4,2018-2023,522,60.59
829747,Daniel Hernandez,1,2025,148,60.59
702544,Jacob Reimer,4,2022-2025,1056,60.58
456849,Matt Inouye,2,2007-2008,374,60.58
821147,Josue Brito,2,2024-2025,289,60.58
821130,Avinson Pinto,2,2024-2025,351,60.57
573209,Maxx Tissenbaum,4,2013-2016,1164,60.57
8392,Daniel Descalso,3,2008-2010,1525,60.57
554349,Melvin Rosario,1,2009,236,60.56
676278,Willy Yahn,1,2017,234,60.55
807007,Jeremy Rodriguez,3,2023-2025,911,60.54
676857,Jancarlos Cintron,2,2017-2018,561,60.54
800305,Jesús  Báez,4,2022-2025,1135,60.54
571924,Kent Matthes,2,2010-2011,492,60.54
644401,Rubiel Martinez,1,2013,28,60.54
650995,Norberto Obeso,3,2015-2018,927,60.54
669851,Jose Reyes,3,2016-2018,581,60.54
823153,Matt King,1,2025,39,60.54
571995,Sean Ochinko,3,2010-2012,1309,60.53
661411,Lorenzo Cedrola,6,2015-2022,2326,60.53
829868,Anderson Areinamo,1,2025,208,60.52
683447,Gabriel Martinez,5,2021-2025,1685,60.52
643224,Zak Blair,1,2013,118,60.52
803131,Camden Troyer,1,2025,87,60.52
605415,Daniel Paolini,4,2011-2014,1733,60.51
678829,Luis Paez,2,2018-2021,313,60.51
31812,Roman Anthony,4,2022-2025,1379,60.51
19293,Nick Senzel,3,2016-2018,992,60.51
593344,Carlos Duran,5,2010-2014,677,60.51
500717,Edilio Colina,4,2007-2010,1566,60.5
14106,Addison Russell,4,2012-2015,1030,60.5
665669,Andy Perez,1,2015,110,60.5
815931,Yolfran Castillo,2,2024-2025,541,60.5
664497,Felix Arosemena,2,2015-2016,254,60.5
26517,Noelvi Marte,5,2021-2025,1564,60.5
501785,Zach Dillon,1,2007,348,60.49
518914,Leon Landry,5,2010-2014,2223,60.49
702331,Noah Mendlinger,5,2021-2025,1720,60.49
656054,Carlos Vidal,5,2014-2018,1159,60.48
805077,Jerson Florentino,2,2022-2023,250,60.48
10950,Adam Duvall,3,2011-2013,1541,60.48
518591,Matt Cusick,3,2008-2010,1115,60.48
676988,Luis Torres,1,2017,44,60.48
806965,Starlyn Caba,3,2023-2025,735,60.47
623267,Eric Smith,2,2012-2013,478,60.47
664315,Javier Castillo,3,2015-2017,484,60.46
702264,Gavin Kilen,1,2025,43,60.46
642346,Richi Sanchez,3,2013-2015,464,60.46
661257,Wilbis Santiago,4,2015-2018,634,60.46
506927,Jack Rye,2,2009-2010,734,60.45
7595,Nick Evans,4,2007-2010,1692,60.45
593735,Rafael Polo,2,2010-2011,499,60.45
701906,Trevor Cohen,1,2025,130,60.45
618085,Jin-De Jhang,5,2012-2017,1363,60.45
700321,Andy Perez,5,2021-2025,2026,60.44
2833,Cedric Hunter,6,2007-2012,3097,60.44
821246,Alejandro Blasco,2,2024-2025,257,60.44
821607,Jose Marcano,2,2024-2025,388,60.43
692069,Joanfran Rojas,2,2021-2022,133,60.43
681623,Ronaiker Palma,5,2018-2024,1019,60.43
829901,Luis Santos,1,2025,134,60.42
13324,Ildemaro Vargas,9,2008-2016,2708,60.42
646404,Anderson Franco,5,2014-2018,1259,60.42
12907,Gregory Polanco,6,2009-2014,1981,60.41
446258,Jason Corder,1,2009,221,60.41
501922,Zach Daeges,2,2007-2008,1090,60.41
9433,Dustin Garneau,4,2009-2012,899,60.4
13490,Óscar Hernández,9,2010-2018,1766,60.39
702522,Aiden Taurek,1,2025,124,60.39
446233,Archie Gilbert,2,2007-2008,944,60.38
835500,Wanderlin Padilla,1,2025,75,60.38
820987,Emiliano Galan,2,2024-2025,170,60.38
828202,Bruin Agbayani,1,2025,23,60.38
642279,Samir Dueñez,6,2013-2018,2390,60.37
16357,Pablo Reyes,7,2012-2018,2384,60.37
800306,Jansel Luis,4,2022-2025,1442,60.36
675853,Jonathan Soto,2,2017-2018,288,60.36
3433,Allen Craig,3,2007-2009,1582,60.36
642335,Yobanis Pinto,2,2013-2014,238,60.36
11200,Kole Calhoun,3,2010-2012,1304,60.36
570608,William Moreno,3,2009-2011,462,60.36
607902,Nick DelGuidice,2,2011-2012,399,60.36
821091,Osmar Torrealba,2,2024-2025,148,60.35
571683,Seth Furmanek,1,2010,55,60.35
26031,Vaughn Grissom,5,2021-2025,1942,60.35
695720,Tommy White,2,2024-2025,514,60.35
488757,Willie Cabrera,5,2007-2011,2372,60.34
821770,Andres Torres,2,2024-2025,364,60.34
681179,Eduar Ramirez,1,2018,146,60.34
650971,Franklin Rollin,5,2014-2018,1638,60.33
598517,Alejandro Villalobos,4,2010-2013,765,60.33
451695,Micah Schnurstein,2,2007-2008,900,60.33
456428,Ryan Strieby,4,2007-2010,1684,60.33
469189,Jesus Rojas,1,2007,212,60.33
15766,Raudy Read,7,2011-2018,1992,60.32
521689,Anthony Norman,3,2007-2009,751,60.32
501966,Tyler Henley,3,2007-2009,908,60.32
26536,Warming Bernabel,5,2021-2025,1769,60.32
821075,Merphy Hernandez,2,2024-2025,244,60.31
12916,Francisco Lindor,4,2012-2015,1861,60.3
8879,Ryan Lavarnway,4,2009-2012,1886,60.3
17338,Willi Castro,5,2014-2021,1796,60.29
27899,Colt Keith,3,2021-2023,1063,60.29
5352,Yangervis Solarte,6,2007-2012,1993,60.27
3707,Geovany Soto,1,2007,449,60.27
6266,Daniel Robertson,2,2009-2010,1112,60.27
19352,Sean Murphy,2,2017-2018,696,60.26
13620,Carson Kelly,7,2012-2018,2218,60.25
49,Kyle Blanks,5,2007-2011,1773,60.25
694196,Diego Velasquez,5,2021-2025,1988,60.25
808503,Jeremy Almonte,3,2023-2025,314,60.25
572848,Zach Fisher,3,2012-2014,612,60.25
2505,Hank Conger,6,2007-2012,2032,60.25
702662,Dylan Dreiling,2,2024-2025,589,60.24
5452,Ji Man Choi,5,2010-2015,1378,60.24
683635,Adrian Montero,1,2021,24,60.24
656766,Josh Morgan,5,2014-2018,1880,60.24
594888,Robert Kral,3,2011-2013,597,60.24
18577,Ke'Bryan Hayes,5,2015-2021,1467,60.24
453266,Robbie Widlansky,2,2008-2009,410,60.23
823173,James Taussig,1,2025,24,60.23
17710,Matt Beaty,3,2015-2017,1324,60.23
606259,Miguel Dilone,3,2011-2013,696,60.23
543358,Jake Jefferies,4,2009-2012,1308,60.23
13862,Devon Travis,3,2013-2015,1067,60.23
24816,Andy Pages,5,2018-2024,1577,60.23
682192,Paul McIntosh,2,2021-2022,477,60.23
667576,Kevin Santa,2,2017-2018,516,60.23
502696,Chase Larsson,2,2011-2012,310,60.22
542419,Ali Castillo,6,2008-2013,1455,60.21
600875,Oswald Caraballo,5,2011-2015,834,60.21
19318,Matt Thaiss,3,2016-2018,1479,60.2
10067,Tomás Telis,8,2008-2015,2759,60.2
665793,Francisco Ventura,2,2016-2017,350,60.2
674974,Dan Robinson,1,2018,241,60.19
692368,Adrián Sugastey,5,2021-2025,1344,60.19
689115,Cam Coursey,2,2021-2022,541,60.18
803172,Griff O'Ferrall,2,2024-2025,606,60.18
449468,Josh Kreuzer,1,2007,492,60.18
593471,Isaias Tejeda,4,2010-2016,943,60.18
807011,Felix Morrobel,3,2023-2025,344,60.18
607389,Zach Houchins,4,2014-2017,1912,60.18
674677,Trey Harris,1,2018,226,60.17
450689,Jared Goedert,3,2007-2009,1257,60.15
808118,Félix Amparo,3,2023-2025,534,60.15
456181,Edwin Gomez,2,2007-2009,222,60.15
808245,Starlyn Nunez,3,2023-2025,793,60.15
12284,Kevan Smith,2,2011-2012,704,60.15
829765,Ismael Mejia,1,2025,59,60.14
27845,Matt Mervis,2,2021-2022,882,60.13
800840,Chase Heath,1,2025,58,60.13
19955,Gavin Lux,4,2016-2021,1352,60.13
24485,Tyler Cropley,1,2018,39,60.12
703185,Nelson Rada,4,2022-2025,1837,60.12
814457,Jake Casey,1,2025,82,60.12
22871,Tucupita Marcano,5,2017-2023,1066,60.11
18900,Leody Taveras,6,2016-2023,1971,60.1
805054,Cristian Gonzalez,2,2022-2023,301,60.1
622794,Carlos Garay,5,2012-2018,1037,60.1
594180,Carlos Ubri,1,2010,254,60.08
519051,Hunter Morris,4,2010-2013,1979,60.07
518784,Justin Henry,2,2008-2009,1010,60.07
665799,Carlos Vargas,3,2016-2018,648,60.07
452738,Tim Smith,3,2008-2010,1199,60.06
679303,Osiris Castillo,1,2018,259,60.06
823785,Adrian Garcia,2,2024-2025,325,60.06
11899,Joc Pederson,6,2010-2016,1965,60.06
4962,Asdrúbal Cabrera,4,2007-2010,652,60.06
664521,Wilman Silva,2,2015-2016,278,60.05
27684,Michael Massey,2,2021-2022,830,60.05
623277,M.P. Cokinos,2,2013-2014,712,60.04
835887,Hector Paulino,1,2025,77,60.03
805075,Erick Torres,4,2022-2025,1322,60.03
15491,J.P. Crawford,6,2013-2018,2490,60.03
703676,Ethan Frey,1,2025,122,60.03
3814,Brian Dinkelman,2,2007-2008,1060,60.03
622369,Shamil Ubiera,3,2012-2014,685,60.02
19997,Santiago Espinal,3,2016-2018,1161,60.02
598724,Manuel Boscan,3,2010-2012,302,60.02
678236,Robinson Ramos,1,2018,57,60.01
3154,Domonic Brown,6,2007-2012,1826,60.01
499810,Henry Henry,3,2007-2009,468,60.01
6402,Brent Morel,3,2008-2010,1316,60.0
701785,Kaelen Culpepper,2,2024-2025,629,60.0
829731,Luis Garcia,1,2025,194,60.0
609103,Daniel Vavrusa,1,2012,153,59.99
701392,Marco Dinges,2,2024-2025,372,59.99
660857,Yorman Rodriguez,5,2016-2022,1344,59.99
645439,Chris Sweeney,1,2013,78,59.99
573121,Nate Roberts,3,2010-2012,791,59.99
455700,Blake Ochoa,4,2007-2010,719,59.99
521089,Francisco Rivera,3,2008-2010,689,59.98
489445,Henry Wrigley,4,2008-2011,1944,59.98
699024,Leo Bernal,5,2021-2025,1564,59.98
607607,Ryan Krill,1,2016,70,59.98
683679,Jesus Rodriguez,5,2021-2025,1661,59.98
18819,Andy Ibáñez,2,2016-2017,908,59.97
682134,Matt Cogen,1,2018,238,59.96
20493,Seth Beer,2,2018-2021,681,59.96
801194,Max Anderson,3,2023-2025,1246,59.96
26477,Spencer Horwitz,2,2021-2022,968,59.96
621316,Josh Henderson,2,2012-2013,113,59.95
678373,Edangel Tovar,1,2018,183,59.95
9362,Adam Moore,2,2007-2008,981,59.95
671035,Boomer Synek,1,2016,100,59.94
821136,Handelfry Encarnacion,2,2024-2025,455,59.94
518823,Erik Huber,2,2008-2009,965,59.94
814439,Ryan Waldschmidt,2,2024-2025,667,59.94
808545,Mario Baez,3,2023-2025,533,59.94
699720,Leonardo Rondon,4,2021-2024,335,59.94
808535,John Gil,3,2023-2025,1056,59.94
11165,Ramón Flores,8,2009-2016,2948,59.93
660996,Sabriel Polanco,3,2015-2017,534,59.93
666848,Robert Valera,3,2016-2018,341,59.93
702686,Everett Cooper III,4,2022-2025,443,59.93
12409,Ryan Rua,3,2011-2014,1240,59.93
8252,Hunter Pence,1,2007,106,59.93
4903,Matt Dominguez,6,2007-2012,2410,59.92
685337,Sergio Tapia,5,2021-2025,495,59.92
19873,Drew Ellis,1,2018,502,59.92
683584,Francisco Fajardo,2,2021-2022,287,59.92
650957,Andretty Cordero,5,2014-2018,1297,59.91
17992,David Fletcher,4,2015-2018,1517,59.91
643505,Justin Ringo,3,2013-2015,714,59.91
2591,Michael Taylor,3,2008-2010,1571,59.91
541638,Jean Acevedo,5,2008-2012,1126,59.89
473264,Jairo Encarnacion,1,2007,258,59.89
805796,Arjun Nimmala,3,2023-2025,974,59.88
8433,Ike Davis,2,2009-2010,530,59.88
671748,Casey Yamauchi,3,2023-2025,876,59.88
835182,Alex Rodriguez,1,2025,213,59.88
20332,Luis González,2,2017-2018,842,59.87
543627,Craig Parry,1,2008,72,59.87
502454,Kris Watts,3,2007-2009,1055,59.87
692408,Edwin Barragan,3,2021-2023,395,59.87
821107,Yairo Padilla,2,2024-2025,310,59.86
13593,José Peraza,6,2011-2016,2343,59.86
515039,Gerardo Mambell,3,2007-2009,725,59.86
11251,Andy Wilkins,4,2010-2013,1833,59.86
525655,Gerard Haran,1,2007,38,59.86
542679,Franklin Santos,1,2008,284,59.86
7870,Jonathan Lucroy,4,2007-2010,1435,59.86
631227,Rodrigo Orozco,5,2013-2018,1445,59.85
623988,Daniel Paula,3,2012-2014,272,59.85
683482,Osvaldo Gavilan,1,2021,99,59.85
19698,Edward Olivares,5,2014-2018,1493,59.85
502309,Andrew Clark,1,2011,517,59.84
805951,Boston Baro,3,2023-2025,876,59.84
25660,Will Brennan,2,2021-2022,1036,59.83
678611,Carlos Hurtado,4,2018-2023,289,59.83
643607,Trey Wimmer,1,2013,156,59.83
6867,Derek Norris,6,2007-2013,1773,59.82
26224,Darell Hernaiz,5,2021-2025,2025,59.82
5053,Tony Abreu,2,2007-2009,579,59.81
28552,Yanquiel Fernández,5,2021-2025,2001,59.81
7287,Carlos González,3,2007-2009,959,59.81
16429,Jason Martin,6,2013-2018,2369,59.81
12158,Austin Barnes,3,2012-2014,1605,59.8
702486,Jaxson West,1,2025,61,59.8
534562,Rich Poythress,4,2009-2012,1562,59.79
820986,Hayden Alvarez,2,2024-2025,514,59.79
456060,Jansy Infante,1,2008,79,59.79
8039,Erik Komatsu,5,2008-2012,1631,59.77
816113,Eli Willits,1,2025,58,59.77
681976,John Valente,1,2018,190,59.76
691503,Yolbert Sanchez,1,2021,394,59.76
679589,Fernando Villegas,1,2018,110,59.76
676864,Robbie Podorsky,2,2017-2018,299,59.76
455083,Joel Collins,3,2007-2009,181,59.75
650540,Randel Alcantara,3,2014-2016,648,59.75
821655,Ruben Velazquez,1,2024,71,59.75
660684,Daniel Brito,5,2015-2021,1738,59.74
502058,Andres Diaz,2,2007-2008,138,59.74
11477,Christian Yelich,5,2010-2015,1298,59.74
13744,David Dahl,7,2012-2018,1749,59.74
9911,Chris Carter,5,2007-2011,2715,59.74
541925,Luis Unda,3,2008-2010,592,59.73
518573,Ramon Corona,2,2007-2008,223,59.73
542472,Axel Wel,4,2008-2011,646,59.72
692376,Samuel Reyes,3,2021-2023,254,59.71
9628,Michael McKenry,3,2007-2009,1374,59.71
650958,Michael De León,6,2014-2021,2500,59.71
605611,Jose Ovalles,3,2011-2013,582,59.71
669714,Brady Whalen,4,2016-2022,1005,59.71
694189,Rickardo Perez,4,2021-2025,433,59.71
15124,Tim Locastro,4,2013-2017,1757,59.71
605101,Yojhan Quevedo,6,2011-2018,1099,59.71
703200,Yoffry Solano,4,2022-2025,516,59.7
570877,Santiago Chirino,4,2009-2012,1164,59.7
676940,Ryan Costello,2,2017-2018,688,59.7
642693,Hector Vargas,6,2013-2018,1572,59.7
4106,Michael Brantley,4,2007-2010,1801,59.7
14713,Dawel Lugo,7,2012-2018,2967,59.7
542288,Alexander Candelario,1,2008,167,59.69
17696,Kevin Newman,4,2015-2018,1597,59.69
593332,Felix Castillo,5,2010-2015,562,59.69
694271,R.J. Yeager,2,2022-2023,656,59.69
682648,Juan Guerrero,5,2021-2025,2087,59.69
542458,Wader Perez,3,2008-2010,586,59.68
9431,Jake Goebbert,3,2010-2012,1597,59.68
17075,Miguel Gómez,5,2012-2017,1331,59.68
699705,Deivi Cabrera,2,2021-2022,133,59.67
680672,Luke Waddell,3,2021-2023,875,59.67
672953,Gilberto Vizcarra,4,2017-2022,707,59.67
664088,Connor Marabell,3,2016-2018,1470,59.67
803175,Ethan Anderson,2,2024-2025,446,59.67
24262,Ceddanne Rafaela,4,2018-2023,1664,59.66
521069,Maxime Bouchard,1,2007,38,59.66
689909,Jadiel Sanchez,4,2021-2024,1116,59.66
3361,Gaby Sanchez,2,2007-2008,1106,59.66
31545,Drew Gilbert,4,2022-2025,1229,59.66
605098,Geraldo Valor,3,2011-2013,683,59.66
666776,Ramiro Rodriguez,3,2016-2021,609,59.65
22266,Xavier Edwards,5,2018-2024,1377,59.65
475715,Charlie Cutler,3,2009-2011,1006,59.65
25961,Kerry Carpenter,2,2021-2022,861,59.65
542975,Robert Brooks,2,2008-2010,197,59.65
609270,Erwin Almonte,4,2012-2015,896,59.64
18872,Jahmai Jones,6,2015-2022,2029,59.64
692633,Manuel Palencia,5,2021-2025,765,59.64
542519,Manuel Pestana,3,2008-2011,408,59.64
514889,Luis Alvarez,6,2007-2013,773,59.64
808368,Juan Sulbaran,3,2023-2025,283,59.63
814278,Jorge Lara,3,2023-2025,419,59.63
686746,Gabe Holt,2,2021-2022,752,59.63
531588,Julio Mendez,4,2014-2017,668,59.62
13853,Joey Wendle,2,2013-2014,870,59.62
542357,Diego Goris,8,2008-2015,2476,59.62
12649,Alex Dickerson,3,2012-2014,1190,59.61
594907,Danny Lopez,1,2010,85,59.61
667323,Juan Almonte,2,2016-2017,435,59.6
681287,Cole Stilwell,1,2023,51,59.6
520953,Ryohei Shimabukuro,2,2007-2008,246,59.6
5015,B.J. Upton,2,2007-2009,38,59.6
23985,Osleivis Basabe,6,2018-2025,2277,59.6
678755,Franklin Pinto,2,2018-2021,153,59.59
7772,Matt Hague,3,2008-2010,1331,59.59
31765,Nacho Alvarez Jr.,4,2022-2025,1193,59.59
7389,David Adams,3,2009-2011,863,59.59
656540,Tyler Hill,3,2015-2018,1162,59.59
623392,Sherman Lacrus,4,2013-2016,603,59.59
821158,Jonathan Rangel,2,2024-2025,268,59.59
572765,Richard Cates,2,2009-2010,530,59.59
650685,Johel Atencio,2,2014-2016,317,59.59
593359,Fernando Pujadas,4,2010-2013,518,59.58
691858,Jared Serna,5,2021-2025,2029,59.58
700731,Keiner Delgado,4,2022-2025,1372,59.58
22514,Triston Casas,3,2021-2024,754,59.57
829976,Manuel Campos,1,2025,218,59.57
472557,Roy Gomez,2,2007-2008,240,59.57
806987,Daiverson Gutierrez,3,2023-2025,740,59.56
702409,Jorge Ruiz,5,2021-2025,1791,59.56
831849,Angel Suarez,1,2025,88,59.56
650715,Cesar Diaz,4,2014-2017,666,59.56
26540,Angel Martínez,5,2021-2025,1732,59.56
516830,Jose Crisotomo,4,2007-2011,738,59.55
517028,Cesar Guillen,4,2007-2010,907,59.55
593851,Luis Polanco,4,2010-2013,473,59.55
9810,Brian Dozier,3,2009-2011,1418,59.55
805015,Daniel Pena,4,2022-2025,663,59.55
607476,Adrian Bringas,2,2011-2013,248,59.54
13613,Ketel Marte,7,2011-2017,1985,59.54
7539,Neil Walker,4,2007-2010,1720,59.54
18401,Ronald Acuña Jr.,5,2015-2022,1146,59.54
695573,Cole Mathis,1,2025,128,59.53
679663,Stephen Scott,1,2021,422,59.53
606987,Dean Green,2,2012-2013,727,59.52
461842,Christian Marrero,5,2007-2011,2387,59.52
806233,Luke Stevenson,1,2025,100,59.52
11205,Adam Eaton,4,2010-2013,1555,59.52
657591,Andrew Godbold,1,2014,65,59.52
20543,Elehuris Montero,7,2015-2023,2226,59.52
821813,Luis Aguilera,2,2024-2025,203,59.52
681487,Robert Emery,1,2021,103,59.51
805117,Jean Carlos Sio,4,2022-2025,1209,59.51
19717,Darick Hall,2,2017-2018,1033,59.51
822177,Jose Cerice,2,2024-2025,414,59.51
19910,Sandro Fabian,6,2015-2022,2108,59.51
802511,Sam Shaw,3,2023-2025,551,59.5
593995,Angel Reyes,2,2010-2011,338,59.5
670797,Ernie De La Trinidad,2,2017-2018,706,59.5
24589,Richie Palacios,2,2018-2021,532,59.5
821065,Queni Pineda,2,2024-2025,258,59.49
15343,Zack Granite,5,2013-2017,1821,59.49
17982,Ty France,3,2016-2018,1659,59.49
800448,Echedry Vargas,4,2022-2025,1190,59.49
678798,Jose Rivas,3,2018-2022,535,59.49
446320,Grant Desme,1,2009,552,59.48
656989,Chad Spanberger,2,2017-2018,779,59.48
697,J.P. Arencibia,3,2008-2010,1496,59.48
27501,Justin Foscue,3,2021-2023,1290,59.48
554031,Jose Manuel Orozco,1,2009,170,59.48
9665,Cody Decker,3,2009-2011,1063,59.48
672716,Anyesber Sivira,4,2017-2022,641,59.47
14282,Jason Coats,2,2013-2014,1118,59.47
7927,Eric Sogard,4,2007-2010,1841,59.46
16530,Mauricio Dubón,5,2013-2018,1800,59.46
688460,Josh Kasevich,4,2022-2025,1231,59.46
31580,Chase Meidroth,4,2022-2025,1187,59.46
2066,Eric Farris,4,2007-2010,1579,59.45
501243,Jairo Jabalera,1,2008,36,59.45
17098,Dustin Fowler,6,2013-2018,2033,59.45
3870,Chris Pettit,3,2007-2009,1271,59.45
829865,Diego Munoz,1,2025,150,59.45
806956,Ethan Salas,3,2023-2025,800,59.44
578652,Richard Delgado,1,2010,120,59.44
664966,Jonathan Morales,4,2015-2018,1207,59.44
829915,Pablo Martinez,1,2025,221,59.44
592883,Philip Wunderlich,2,2011-2012,994,59.43
542396,Jaime Del Valle,4,2008-2011,644,59.43
19566,Nathaniel Lowe,2,2017-2018,1027,59.42
11339,Jake Marisnick,6,2010-2015,2065,59.42
688220,Taylor Lomack,1,2021,10,59.42
805471,Enmanuel Martinez,2,2022-2023,138,59.42
621042,Stephen Carmon,2,2013-2014,257,59.41
622729,Bill Pujols,4,2012-2015,800,59.41
542492,Enlly Morales,4,2008-2011,814,59.41
665083,Patrick Mackenzie,1,2015,18,59.41
699032,Christian Avendano,1,2021,89,59.41
15362,Jeff McNeil,4,2013-2016,1264,59.4
594194,Hector Taveras,1,2010,145,59.4
460014,Yahmed Yema,1,2007,114,59.4
559,Hector Ambriz,1,2008,38,59.4
467138,Jahdiel Santamaria,3,2007-2010,492,59.4
692334,Carlos Rojas,5,2021-2025,1035,59.4
829721,Johan Machado,1,2025,237,59.4
593836,Roderick Bernadina,4,2010-2013,903,59.4
682818,Yohendrick Piñango,5,2021-2025,2397,59.4
517219,Antoni Lugo,4,2007-2010,789,59.39
30163,César Prieto,2,2022-2023,1034,59.39
10327,Ramón Cabrera,7,2008-2014,2633,59.38
10472,Enrique Hernández,7,2009-2016,1946,59.38
23782,Leo Jiménez,6,2018-2025,1439,59.38
7536,Angel Salome,4,2007-2010,1288,59.38
9112,Khris Davis,4,2009-2012,1424,59.37
829719,Rony Bello,1,2025,105,59.37
16725,Jose Trevino,3,2015-2017,1337,59.37
695494,Kevin Bazzell,2,2024-2025,395,59.37
829482,Antoni Urena,1,2025,169,59.37
8066,Brett Carroll,1,2007,463,59.37
656643,Zac Law,4,2014-2018,1098,59.36
593963,Junior Taveras,4,2010-2013,484,59.36
600910,Francisco Herrera,3,2011-2013,484,59.36
3388,Chris Getz,2,2007-2008,776,59.35
829773,Yovanny Duran,1,2025,197,59.35
699207,Julio Pinto,2,2021-2022,329,59.34
27630,Nick Loftin,3,2021-2023,1387,59.34
15679,Rowdy Tellez,6,2013-2018,2314,59.34
11147,Tommy Medica,2,2011-2012,774,59.34
3188,Luis Alfonso Cruz,2,2007-2008,956,59.34
675856,Leonicio Ventura,1,2017,109,59.34
542922,William Beckwith,4,2010-2013,985,59.34
19878,Adam Haseley,2,2017-2018,601,59.33
672847,Axel Andueza,4,2017-2022,761,59.33
650513,Manuel Melendez,6,2014-2021,2209,59.33
606468,Luis Cedeno,1,2011,99,59.32
808236,Luiyin Alastre,3,2023-2025,755,59.32
641971,Luke Persico,3,2016-2018,1005,59.32
6589,Sean Rodríguez,3,2007-2009,1335,59.31
623251,Matt Juengel,2,2013-2014,1074,59.31
690180,Bryce Windham,1,2021,214,59.3
518915,Jake Lane,1,2007,232,59.3
694214,Samuel Zavala,5,2021-2025,1879,59.3
571551,Ryan Cavan,2,2010-2011,1196,59.3
5476,Brandon Laird,6,2007-2012,2805,59.3
829964,Rosnel Alarcon,1,2025,195,59.29
19643,Daniel Johnson,2,2017-2018,964,59.28
2280,Matt LaPorta,3,2007-2009,957,59.28
573060,Kevin Nolan,3,2010-2012,1061,59.28
667442,Connor Hollis,1,2018,207,59.28
805816,Darwin De Leon,3,2022-2025,307,59.28
664881,James Vasquez,3,2015-2017,1130,59.28
821782,Andreimi Antunez,1,2025,209,59.27
663891,Nelson Maldonado,1,2021,272,59.26
14161,Byron Buxton,7,2012-2018,1594,59.26
624639,Luis Bandes,5,2013-2017,920,59.26
701298,Phillip Glasser,2,2023-2024,535,59.25
821034,Oscar Aponte,1,2024,124,59.24
678407,Ricardo Toro,3,2018-2022,439,59.24
491675,Erik Morrison,3,2008-2010,949,59.24
667495,Hunter Hargrove,2,2017-2018,598,59.24
702302,RJ Schreck,3,2023-2025,1013,59.24
605148,Zach Borenstein,5,2011-2015,1821,59.23
477177,Kellen Kulbacki,3,2008-2010,728,59.23
518628,Brandon Douglas,3,2008-2010,778,59.23
29995,Daylen Lile,4,2021-2025,1318,59.22
800179,Nolan Beltran,4,2022-2025,569,59.22
542466,Raywilly Gomez,6,2008-2014,1888,59.22
806964,Sebastian Walcott,3,2023-2025,1282,59.22
6876,Mark Trumbo,4,2007-2010,2264,59.22
694543,Blake Wright,2,2024-2025,593,59.21
664031,Ryan Howard,3,2016-2018,1050,59.21
541587,Carlos Perdomo,7,2008-2014,1772,59.21
9847,Andrew McCutchen,3,2007-2009,1379,59.2
594919,Blake McDade,1,2010,248,59.2
4969,Luis Valbuena,4,2007-2010,1242,59.2
5422,Steve Lombardozzi Jr.,4,2008-2011,2001,59.2
15654,Billy McKinney,6,2013-2018,2512,59.19
548184,Austin Chubb,1,2012,73,59.19
572048,Robby Price,2,2011-2012,1000,59.19
800371,Larry Martinez,4,2022-2025,642,59.19
673585,Frailin Serra,1,2017,80,59.19
12434,Kevin Pillar,3,2011-2013,1354,59.18
800332,Victor Rodrigues,4,2022-2025,837,59.18
9542,Steve Clevenger,4,2007-2010,1250,59.18
469125,Jesus Soto,1,2007,180,59.18
678428,Joshwan Wright,5,2018-2024,1082,59.17
9689,Josh Thole,4,2007-2010,1493,59.17
621490,Wilfredo Rodriguez,4,2012-2017,786,59.17
3336,Alberto Callaspo,1,2007,261,59.16
821199,Moises Polanco,2,2024-2025,368,59.16
542456,Ramon Bonilla,1,2008,223,59.16
21693,Miguel Amaya,5,2016-2023,1103,59.16
671191,Jefrey Ramos,5,2016-2022,1167,59.16
21127,Alejo Lopez,4,2015-2018,796,59.15
672743,Luis Rojas,2,2017-2018,349,59.15
517381,Astolfo Inciarte,2,2007-2008,413,59.15
543239,Mike Gosse,2,2009-2010,426,59.15
13254,Jacob Wilson,3,2013-2015,1312,59.14
606281,Danry Vasquez,6,2011-2016,2073,59.14
518706,Jim Gallagher,4,2007-2010,1948,59.14
805795,Aidan Miller,3,2023-2025,1068,59.14
650835,Felix Vinicio,4,2014-2017,685,59.14
22411,Cal Stevenson,2,2018-2021,645,59.14
570938,Robert Morillo,3,2009-2011,370,59.13
689456,Austin Murr,3,2021-2023,952,59.13
463071,Luis Rincon,1,2007,132,59.13
10542,Derek Dietrich,4,2011-2014,1466,59.12
674166,Jevi Hernandez,2,2017-2018,455,59.12
518458,Kraig Binick,3,2007-2009,548,59.12
501818,Jared Schweitzer,1,2007,296,59.12
606130,Henry Charles,4,2011-2015,815,59.11
467159,Rafael Quintero,1,2007,151,59.11
800422,Christian Suarez,1,2022,150,59.1
447739,Pedruin Bautista,1,2007,267,59.1
501831,Jared Keel,3,2007-2009,1279,59.1
19360,Lucas Erceg,3,2016-2018,1352,59.1
691408,Maick Collado,5,2021-2025,1302,59.1
19553,Símon Muzziotti,6,2016-2023,1472,59.1
12979,Javier Báez,6,2011-2016,1687,59.1
13621,Jeimer Candelario,6,2011-2017,2921,59.1
574846,Jeremy Schaffer,2,2012-2013,569,59.1
658543,Juan Evangelista,3,2015-2017,442,59.09
503693,Francisco Santana,3,2007-2010,660,59.09
16852,John Nogowski,4,2014-2017,1028,59.09
808291,Tyler Rodriguez,3,2023-2025,552,59.09
622398,Marco Guzman,4,2012-2015,561,59.09
657239,Ty McFarland,1,2015,82,59.09
642363,J.C. Rodriguez,5,2013-2017,913,59.09
808024,Carlos Virahonda,3,2023-2025,634,59.08
703726,Edward Vargas,2,2022-2023,231,59.08
826043,Riley Nelson,1,2025,65,59.08
677578,Carlos Rodríguez,6,2018-2025,2316,59.08
5485,José Pirela,8,2007-2014,3470,59.08
446733,Brady Everett,1,2007,423,59.08
676639,Ryan Grotjohn,2,2017-2018,394,59.08
517021,Gerardo Olivares,4,2007-2010,754,59.07
657562,Patrick Dorrian,1,2018,200,59.07
501534,Gerlis Rodriguez,3,2007-2009,672,59.07
667365,Carlos Oropeza,3,2016-2018,538,59.07
806611,Jancel Villarroel,4,2022-2025,973,59.06
491666,Jeanfred Brito,2,2007-2008,452,59.06
656029,Alexis Wilson,5,2014-2018,441,59.06
800281,Roynier Hernandez,4,2022-2025,1048,59.06
6898,Dave Sappelt,4,2008-2011,1781,59.05
500235,Cesar Suarez,2,2007-2008,1088,59.05
4792,Jeff Francoeur,1,2008,14,59.05
702518,Jett Williams,4,2022-2025,1295,59.05
2411,Jose Tabata,7,2007-2013,1806,59.05
516946,Rey Duran,5,2007-2012,441,59.05
26438,Dominic Canzone,2,2021-2022,766,59.04
608623,Deiber Olivera,3,2011-2013,426,59.04
829502,Jhonny Chaparro,1,2025,85,59.04
699200,Frandy Almonte,2,2021-2022,299,59.04
592112,Michael Antonio,5,2010-2014,1745,59.03
650799,Rafael Gamboa,3,2014-2016,454,59.03
694754,Sabin Ceballos,3,2023-2025,987,59.02
660815,Gustavo Polanco,3,2015-2021,468,59.02
542654,Yefry Castillo,5,2008-2012,708,59.02
829038,Cris Rodriguez,1,2025,188,59.02
815767,Kegnnalex Seijas,2,2024-2025,100,59.02
642339,Luis Mendez,3,2014-2016,520,59.02
27479,Masyn Winn,4,2021-2025,1499,59.01
688005,Francisco Urbaez,2,2021-2022,575,59.01
613596,Wander Bautista,1,2012,45,59.01
821791,Angel Brachi,2,2024-2025,434,59.01
665009,Jordan George,3,2015-2017,677,59.01
815966,Irvin Nunez,2,2024-2025,238,59.01
2881,Scott Sizemore,3,2007-2009,1363,59.0
572213,Tyler Townsend,3,2010-2012,767,59.0
663761,Joe Davis,1,2021,412,59.0
815873,Sean Keys,2,2024-2025,627,59.0
693770,Lewis Castillo,3,2021-2023,339,59.0
570274,Adan Velazquez,2,2009-2010,351,59.0
600935,Jair Morelos,4,2011-2014,558,59.0
642490,Cornelio Valerio,2,2013-2014,176,58.99
821809,Saul Gomez,1,2024,144,58.99
546994,C.J. Hinojosa,3,2016-2018,1281,58.99
695763,Sam Petersen,2,2024-2025,239,58.99
672863,Omar Lebron,2,2017-2018,474,58.99
5503,Corban Joseph,6,2008-2013,2451,58.98
806992,Enrique Jimenez,3,2023-2025,647,58.98
642844,Ross Kivett,3,2014-2016,1172,58.98
676569,Logan Taylor,2,2017-2018,246,58.98
621486,Darrell Miller,2,2017-2018,283,58.97
672758,Jember Gutierrez,3,2017-2021,590,58.97
12775,Brad Miller,3,2011-2013,999,58.97
660647,Mariel Bautista,5,2015-2021,1004,58.97
570640,Felix Munoz,5,2009-2015,1693,58.97
694378,Jacob Gonzalez,3,2023-2025,1264,58.96
11936,Joe Panik,3,2012-2014,1530,58.96
16997,Gleyber Torres,5,2014-2018,1570,58.96
595176,Ryan Delgado,2,2010-2011,283,58.96
27615,Alec Burleson,2,2021-2022,973,58.95
613480,Keith Curcio,4,2014-2017,1611,58.95
808285,Alberth Palma,3,2023-2025,466,58.95
595252,Wes Hobson,1,2010,153,58.95
678277,Rafy Barete,1,2018,93,58.95
681628,Brayan Mancilla,1,2018,85,58.95
665285,Peter Maris,4,2015-2018,1320,58.94
825570,Yensi De La Cruz,1,2025,217,58.94
519117,Brian Pellegrini,2,2008-2009,904,58.93
672584,Luis Carlos Diaz,2,2017-2018,506,58.93
606272,Wilton Martinez,4,2011-2014,701,58.93
444552,Ricardo Burgos,1,2007,164,58.92
522728,C.J. Retherford,4,2007-2010,1849,58.92
701678,Hao-Yu  Lee,5,2021-2025,1661,58.92
468481,Wangel Baez,1,2007,138,58.92
10346,John Ryan Murphy,6,2009-2014,1905,58.92
809372,Victor Figueroa,1,2025,375,58.91
544746,James Nilsen,1,2008,92,58.91
656309,Carl Chester,2,2017-2018,639,58.91
572678,J.J. Altobelli,1,2013,188,58.91
595409,Derrick Shaw,1,2010,109,58.9
7983,Henry Alejandro Rodriguez,7,2007-2013,2718,58.9
660710,Rodolfo Durán,5,2015-2022,853,58.9
664938,Josh Altmann,4,2015-2018,1355,58.9
598623,Sandy Martinez,4,2011-2015,499,58.9
696020,Raudelis Martinez,5,2021-2025,1095,58.9
572726,Tyler Bortnick,3,2010-2012,1671,58.89
821180,Ilan Fernandez,2,2024-2025,309,58.89
700346,Fernando Alvarado,1,2021,43,58.89
696061,Kevin Garcia,1,2021,55,58.89
3711,Eric Thames,3,2009-2011,1059,58.89
475431,Joey August,2,2009-2010,403,58.88
3364,Miguel Montero,1,2008,38,58.88
592506,Taylor Lindsey,7,2010-2016,2942,58.88
543113,Steve Domecus,2,2010-2011,382,58.88
695023,Eddie Park,2,2023-2024,488,58.88
2205,Josh Kroeger,1,2007,454,58.88
701394,Zach Ehrhard,2,2024-2025,629,58.87
474034,Nick Akins,4,2009-2012,1261,58.87
680607,Daiwer Castellanos,3,2018-2022,449,58.87
502266,Robert Alcombrack,1,2007,148,58.87
820886,Justin Capellan,2,2024-2025,342,58.87
11442,Gary Sánchez,8,2010-2017,2665,58.86
5666,Devin Mesoraco,6,2007-2012,1815,58.86
18699,Nick Neidert,1,2018,33,58.85
670232,Ramón Rodríguez,5,2017-2023,1004,58.85
7752,David Cooper,4,2008-2011,1844,58.85
33390,Bryce Eldridge,3,2023-2025,1075,58.84
10655,Rob Brantly,5,2010-2014,1543,58.84
800174,Romel Mendez,2,2022-2023,176,58.84
548324,Caleb Ramsey,2,2012-2013,1038,58.84
595267,Zach Johnson,1,2012,607,58.84
11846,Leonys Martin,2,2011-2012,603,58.84
501487,Alvaro Ramirez,4,2007-2010,716,58.84
12782,Taylor Davis,4,2011-2014,566,58.83
450634,Jimmy VanOstrand,3,2007-2009,1259,58.83
570720,Jackson Valera,5,2009-2014,834,58.83
12138,Ryan Brett,6,2010-2015,1977,58.83
650866,Mecky Coronado,3,2014-2017,379,58.82
501913,Chad Tracy,4,2007-2010,2066,58.82
668549,Marco Hernandez,5,2016-2022,726,58.82
821762,Oliver Tejada,2,2024-2025,435,58.82
3735,Zach Lutz,2,2009-2010,754,58.82
7888,Ryan Flaherty,3,2009-2011,1632,58.81
684489,Endy Estrada,1,2021,88,58.81
593824,Edgar Gonzalez,2,2010-2011,324,58.81
11167,Josh Rutledge,3,2011-2013,1064,58.81
682214,Matthew Jarecki,1,2018,177,58.81
670320,Dalton Britt,1,2016,98,58.8
669069,Cam Cannon,2,2021-2022,612,58.8
607700,Raph Rhymes,2,2013-2014,739,58.8
504313,Andrew Lefave,2,2007-2008,957,58.8
25976,Riley Greene,3,2021-2023,638,58.8
514711,Miguel Chacoa,3,2007-2009,503,58.8
605380,Kewby Meyer,2,2015-2016,436,58.8
815928,Edward Lantigua,2,2024-2025,383,58.79
18067,Garrett Stubbs,3,2015-2017,875,58.79
821697,Reyli Mariano,2,2024-2025,317,58.79
664279,Wagner Lagrange,3,2015-2017,669,58.79
514850,Juan Blanco,4,2007-2010,743,58.79
570148,Sammy Diaz,7,2009-2015,1611,58.79
801460,Maykel Minoso,4,2022-2025,523,58.79
808240,Antonio Pimentel,3,2023-2025,404,58.79
572919,Jose Hernandez,1,2010,438,58.79
13443,Tony Renda,3,2013-2015,1610,58.79
570873,Ariel Soriano,4,2010-2014,940,58.78
676823,Ben Spitznagel,1,2017,115,58.78
815921,Yohendry Sanchez,2,2024-2025,215,58.78
20503,William Contreras,6,2015-2022,1123,58.78
7619,Mark Reynolds,1,2007,155,58.78
672868,Luis Santana,2,2017-2018,228,58.78
702619,Luke Hill,1,2025,62,58.77
679067,Edgar Barrios,1,2018,255,58.77
11445,Mark Canha,4,2010-2013,1458,58.77
20047,Brian Miller,2,2017-2018,821,58.77
702501,Eli Serrano III,2,2024-2025,455,58.77
691570,Victor Sosa,2,2021-2022,229,58.77
445632,Jose Santos,1,2007,140,58.77
466469,Orlando Gonzalez,1,2007,289,58.76
10099,Dustin Ackley,2,2010-2011,918,58.76
572779,Royce Consigli,4,2009-2012,1125,58.76
829998,Fabian Dorta,1,2025,45,58.76
572154,Angelo Songco,5,2009-2013,2217,58.75
517458,Alinson Perez,4,2007-2010,329,58.75
19768,Rylan Bannon,2,2017-2018,700,58.75
572689,Chase Austin,2,2010-2011,855,58.75
650385,Samuel Miranda,4,2014-2018,605,58.75
800060,Xavier Isaac,4,2022-2025,1064,58.74
694025,Felix Reyes,5,2021-2025,1416,58.74
667424,Tucker Pennell,1,2016,62,58.74
24618,Ryan Jeffers,2,2018-2021,387,58.74
605102,Gianfranco Wawoe,7,2011-2017,2072,58.74
31793,Rhylan Thomas,3,2022-2024,905,58.74
666779,Dennicher Carrasco,3,2016-2018,766,58.74
18288,Austin Dean,7,2012-2018,2485,58.74
660737,Andres Villalobos,2,2015-2016,226,58.73
9682,Adam Rosales,1,2007,602,58.72
12981,Cam Gallagher,7,2011-2017,1793,58.72
650661,Leisman Acosta,2,2014-2015,306,58.72
622757,Alvaro Noriega,4,2012-2015,570,58.72
4418,Jed Lowrie,2,2007-2008,819,58.72
676629,Riley Delgado,2,2017-2018,626,58.72
694991,Mitch Jebb,3,2023-2025,1163,58.72
702540,Mikey Romero,4,2022-2025,1082,58.72
22217,Luis Campusano,5,2017-2023,1149,58.71
660607,Melvin Jimenez,3,2015-2017,568,58.71
469117,Amadeo Zazueta,1,2010,97,58.71
668584,Jairo Carrillo,1,2016,41,58.71
28312,Coby Mayo,5,2021-2025,1864,58.71
12926,Alen Hanson,7,2010-2016,3161,58.71
703202,Leandro Arias,4,2022-2025,1036,58.7
22896,Lenyn Sosa,6,2017-2024,1902,58.69
680853,Rafael Herrera,1,2018,195,58.69
688832,Carter Williams,2,2021-2022,585,58.69
446329,Taylor Harbin,4,2007-2010,1945,58.69
674976,Griffin Lockwood-Powell,1,2022,153,58.69
800190,Jose Cedeno,3,2022-2024,293,58.68
593587,Delvy Francisco,2,2010-2011,430,58.68
800384,Nicandro Aybar,4,2022-2025,753,58.68
666791,David Lozano,3,2016-2018,460,58.68
689822,Matt Rudick,3,2021-2023,758,58.68
13329,Jake Lamb,4,2012-2015,1094,58.68
10416,Wilfredo Tovar,9,2008-2016,3377,58.68
6827,Justin Maxwell,2,2007-2008,684,58.67
669798,Gervin Ramones,2,2016-2017,135,58.67
541588,Eduards Tolo,3,2008-2010,680,58.67
6012,Didi Gregorius,7,2008-2014,2202,58.66
501747,Duarte Yapor,1,2007,95,58.66
19901,Gavin Sheets,2,2017-2018,732,58.65
448789,Ole Sheldon,1,2007,221,58.65
1965,Desmond Jennings,5,2007-2011,1984,58.65
663655,Eric Cole,2,2018-2021,624,58.65
10473,Cheslor Cuthbert,8,2010-2017,2625,58.65
700286,Junior Marin,4,2021-2024,340,58.63
14950,Johan Camargo,7,2012-2018,2155,58.63
821532,Rohan Culmer,1,2024,32,58.63
15161,Mitch Garver,3,2013-2015,1249,58.63
672746,Danny Drullard,2,2017-2018,398,58.62
570557,Wilson Soriano,7,2009-2016,1329,58.62
595383,Eddie Rodriguez,1,2010,62,58.61
703906,Andry Javier,2,2022-2023,166,58.61
665918,Miguel Aparicio,5,2016-2022,1054,58.61
829818,Romano Donato,1,2025,129,58.61
501380,Hector Mercedes,3,2007-2009,570,58.61
29668,Marcelo Mayer,5,2021-2025,1413,58.61
694478,Michael Turner,1,2023,377,58.61
7331,Seth Smith,1,2007,506,58.6
501312,Julio Izturis,3,2007-2009,606,58.6
686744,Jake Snider,1,2021,18,58.6
687090,Nic Gaddis,1,2021,190,58.59
666923,Zach Gibbons,3,2016-2018,1121,58.59
656708,Keegan McGovern,1,2018,271,58.58
821113,Cesar Lugo,2,2024-2025,289,58.58
664698,Yomar Valentin,2,2015-2016,206,58.58
660506,Jesus Tona,3,2015-2017,121,58.58
542264,Raynolds Guzman,4,2008-2011,753,58.58
502813,Axel Gonzalez,1,2007,143,58.57
489040,Albert Laboy,2,2007-2008,674,58.57
3751,Felix Pie,2,2007-2008,618,58.57
665562,Keudy Bocio,2,2016-2017,396,58.56
14130,Daniel Vogelbach,7,2011-2017,2704,58.56
553871,Jorge Bishop,4,2009-2012,675,58.56
830454,Leni Done,1,2025,175,58.56
591620,Jesus Ustariz,5,2010-2014,928,58.56
806872,Carlos Gutierrez,3,2023-2025,396,58.56
664833,Jackson Glines,2,2015-2016,308,58.56
622811,Bladimil Franco,5,2012-2016,702,58.55
678860,Oscar Gonzalez,3,2018-2022,423,58.55
458527,Jermaine Brock,1,2008,17,58.55
18882,Brandon Lowe,3,2016-2018,1362,58.55
692412,Elis Barreat,3,2022-2024,262,58.55
600478,Diomedes Eusebio,4,2011-2015,562,58.55
800614,Bryce Rainer,1,2025,149,58.55
703153,Samuel Munoz,4,2022-2025,1356,58.55
14551,Anthony Santander,7,2012-2018,1773,58.55
18314,Dansby Swanson,2,2016-2017,515,58.55
488710,Jake Blackwood,3,2007-2009,954,58.55
20308,Jake Meyers,1,2018,490,58.54
676990,Zachery Almond,2,2017-2018,309,58.54
18371,Jermaine Palacios,6,2014-2021,2219,58.54
456673,Marquez Smith,3,2007-2009,1083,58.54
645440,Brad Guenther,1,2013,78,58.53
25493,Joey Ortiz,3,2021-2023,1145,58.53
524188,Yunior Figueroa,5,2007-2011,807,58.53
5310,Tyler Colvin,3,2007-2009,1581,58.52
823795,Nick Rodriguez,1,2025,108,58.52
16593,Kevin Padlo,6,2014-2021,1938,58.52
607532,Erik Forgione,1,2015,13,58.52
800444,Nikau Pouaka-Grego,3,2022-2025,453,58.52
502688,Nate Samson,6,2007-2012,2071,58.51
19599,Chas McCormick,2,2017-2018,678,58.51
2621,Ryan Rohlinger,2,2007-2008,1087,58.51
448282,Jim Fasano,1,2007,335,58.51
666524,Cristian Perez,5,2016-2022,1074,58.51
658550,Juan Pineda,3,2015-2017,411,58.51
519233,Ryan Royster,2,2009-2010,88,58.51
20022,Kramer Robertson,2,2017-2018,780,58.51
4623,Josh Vitters,8,2007-2014,2339,58.51
829095,Enry Torres,1,2025,122,58.5
15674,Reese McGuire,6,2013-2018,1947,58.5
696286,Davis Diaz,2,2024-2025,500,58.5
672664,Raiber Gutierrez,2,2017-2018,209,58.5
660517,Yeilin Hernandez,2,2015-2016,408,58.5
24336,Johan Rojas,6,2018-2025,1826,58.5
592577,Trent Mummey,4,2010-2013,575,58.5
22197,MJ Melendez,4,2017-2022,1292,58.5
813985,Aldalay Kolokie,3,2023-2025,515,58.49
803811,Josh Hogue,1,2025,11,58.49
800208,Axiel Plaz,4,2022-2025,798,58.49
664306,Malvin Matos,3,2015-2018,320,58.49
834562,Jesus Bello,1,2025,75,58.48
602725,Orvin Tovar,4,2011-2014,857,58.48
803241,Jose Escobar,4,2022-2025,990,58.48
12976,Austin Hedges,6,2011-2016,1606,58.48
829875,Jeury Ramirez,1,2025,143,58.48
692333,Jorge Puerta,4,2021-2024,695,58.48
21646,Rafael Marchán,5,2016-2023,1047,58.48
501490,Julio Rojas,1,2008,169,58.47
811325,Eyeksson Rojas,2,2024-2025,184,58.46
27763,Drew Romo,5,2021-2025,1776,58.46
699232,Anderdson Rojas,5,2021-2025,1675,58.46
6777,Tyler Pastornicky,7,2008-2014,2390,58.46
800253,Jeffrey Mercedes,4,2022-2025,772,58.45
5098,Jordany Valdespin,6,2007-2012,1642,58.45
2802,Tony Cruz,5,2007-2011,1649,58.45
2852,Chris Marrero,7,2007-2013,3129,58.44
491685,Alberto Puello,3,2007-2010,364,58.44
476088,Evan Sharpley,1,2009,156,58.44
500120,Cristian Rijo,1,2007,152,58.44
805082,Ronny Hernandez,4,2022-2025,1060,58.44
10324,Marcell Ozuna,7,2008-2015,1819,58.44
29617,Henry Davis,4,2021-2024,779,58.44
29976,Jordan Lawlar,4,2022-2025,1344,58.43
666676,Yeremi De La Cruz,2,2016-2017,236,58.43
808038,Railin Tea,2,2023-2024,349,58.43
19859,René Pinto,6,2014-2021,1519,58.43
452746,Logan Wiens,1,2007,115,58.43
665776,Pedro Castellanos,4,2017-2022,1437,58.42
7244,Tyler Moore,3,2009-2011,1591,58.42
829039,Dorian Soto,1,2025,186,58.42
17478,Troy Stokes Jr.,5,2014-2018,1974,58.41
657027,Nick Tanielu,2,2015-2016,1014,58.41
527034,Hyun-wook Choi,2,2008-2009,192,58.41
800164,Ronny Ugarte,3,2022-2025,614,58.41
516426,Jhoan Mejia,2,2007-2008,366,58.41
657626,John Jones,1,2018,98,58.4
593891,Adonis Pacheco,4,2010-2013,798,58.4
18399,Joe McCarthy,3,2016-2018,1200,58.4
815096,Jackson Appel,2,2024-2025,376,58.4
641468,Gavin Collins,2,2017-2018,590,58.4
692416,Christian Cerda,5,2021-2025,1549,58.4
473277,Juan Fuentes,3,2007-2009,414,58.4
12325,Jace Peterson,3,2012-2014,1399,58.4
659078,Jose Polonia,5,2014-2018,391,58.4
554380,Juan Bautista,2,2009-2010,297,58.4
501248,Rossmel Perez,8,2007-2014,2378,58.39
829734,Eybert Sanchez,1,2025,221,58.39
592410,Jeff Holm,2,2012-2013,681,58.39
19890,Emmanuel Rivera,4,2015-2018,1329,58.39
701783,Cole Messina,2,2024-2025,500,58.39
488652,Miguel Abreu,3,2007-2009,1479,58.39
6461,Jamie Hoffmann,3,2007-2009,1462,58.39
519127,Robert Perry,3,2007-2009,813,58.39
501892,Jorge Jimenez,2,2008-2009,1093,58.39
694218,Yeison Morrobel,5,2021-2025,1351,58.38
815917,Angel Guzman,2,2024-2025,365,58.38
15998,Cody Bellinger,5,2013-2017,1526,58.38
678289,Leonel Jimenez,1,2018,149,58.38
10339,Scooter Gennett,4,2010-2013,2050,58.38
650805,Edwin Rodriguez,5,2014-2018,731,58.38
14274,Mitch Haniger,4,2012-2015,1318,58.37
571767,Jabari Henry,4,2012-2015,1523,58.37
657505,Corey Baptist,1,2014,164,58.37
809844,Kien Vu,1,2025,91,58.37
8145,Eric Fryer,4,2007-2010,1385,58.37
815608,Wyatt Sanford,1,2025,273,58.37
489080,Chris Malec,1,2007,549,58.37
672400,Pablo Gomez,2,2017-2018,442,58.37
522649,Hendry Jimenez,4,2007-2012,848,58.36
26396,Josh Smith,2,2021-2022,612,58.36
460699,Beau Mills,5,2007-2011,2227,58.36
4922,Ender Inciarte,8,2008-2015,2487,58.36
821138,Tavano Baker,2,2024-2025,276,58.36
673045,Josue Huma,5,2017-2023,1097,58.36
453318,John Shelby,4,2007-2010,1953,58.35
643581,Logan Uxa,2,2013-2015,524,58.35
665911,Albert Guaimaro,2,2016-2017,346,58.35
657035,Luke Tendler,2,2015-2016,1102,58.35
640478,Anthony Rodriguez,1,2013,28,58.35
16313,Yairo Muñoz,6,2012-2018,1754,58.35
804614,Marco Vargas,4,2022-2025,1102,58.35
25621,Bryan Ramos,5,2021-2025,2190,58.34
666620,Aramis Ademan,4,2016-2021,860,58.34
687724,Jake Holton,2,2021-2022,811,58.34
571849,Brent Keys,6,2009-2015,1570,58.34
10642,Carlos Pérez,7,2008-2015,2040,58.34
546277,Teodoro Martinez,7,2009-2015,2020,58.34
622730,Roney Alcala,3,2012-2014,696,58.34
9785,Kyle Seager,3,2009-2011,1237,58.33
681868,Ezequiel Pagan,6,2018-2025,1846,58.33
808339,Harold Gonzalez,3,2023-2025,470,58.33
801406,Jared Dickey,3,2023-2025,1126,58.33
650803,Luis Mendoza,3,2014-2016,558,58.33
809101,Tommy Hopfe,2,2024-2025,466,58.33
15767,José Marmolejos,6,2011-2017,2209,58.33
27915,Alejandro Osuna,5,2021-2025,1652,58.33
518714,Gary Gattis,1,2007,58,58.33
657067,Austin Upshaw,2,2017-2018,657,58.32
543353,Gabe Jacobo,4,2008-2011,1737,58.32
20572,Kody Clemens,1,2018,220,58.32
672845,Yorbin Ceuta,3,2017-2021,468,58.32
8353,Dean Anna,4,2008-2011,806,58.32
815911,Edgar Montero,2,2024-2025,471,58.32
3376,Nick Hundley,2,2007-2008,665,58.31
642751,Carlos Martínez,6,2013-2018,863,58.31
542497,Hector Osuna,2,2008-2009,351,58.31
821767,Albert Jimenez,2,2024-2025,326,58.31
31382,Dalton Rushing,4,2022-2025,1161,58.31
5491,Austin Romine,6,2008-2013,1968,58.31
518578,Bobby Coyle Jr.,4,2010-2013,1271,58.3
519248,Adalberto Santos,2,2011-2012,726,58.3
656920,Michael Russell,2,2016-2017,889,58.3
7554,Jarrett Hoffpauir,1,2007,461,58.3
21501,Trevor Larnach,2,2018-2021,239,58.3
808684,Javier Mogollon,3,2023-2025,603,58.3
5408,Jake Smolinski,7,2007-2013,2493,58.3
502775,Vinnie Catricala,5,2009-2013,2379,58.29
650880,Andres Luna,5,2014-2018,341,58.29
643392,Jon Kemmer,2,2014-2015,788,58.29
469835,Jonathan Jaspe,3,2007-2009,916,58.29
456163,Aaron Baker,3,2010-2012,1437,58.29
641896,Roy Morales,5,2014-2018,668,58.28
11997,Cody Asche,3,2012-2014,1015,58.28
830449,Jose Rivas,1,2025,106,58.28
695020,Tanner Murray,4,2021-2024,1140,58.28
21538,Nick Fortes,2,2018-2021,443,58.28
5950,Ian Stewart,2,2007-2008,772,58.28
808401,Angel Guzman,3,2023-2025,539,58.28
698927,Edward Duran,5,2021-2025,1141,58.27
821112,Anderson Fermin,2,2024-2025,444,58.27
650979,Yeyson Yrizarri,5,2014-2018,1605,58.27
15055,Dom Nuñez,6,2013-2018,2047,58.27
17022,Edmundo Sosa,6,2013-2018,1789,58.27
650380,Roldani Baldwin,5,2014-2018,1317,58.27
19384,Trenton Brooks,3,2016-2018,713,58.27
815924,Eduardo Beltre,2,2024-2025,484,58.27
542514,Juan Polanco,1,2008,280,58.27
7436,Brandon Allen,4,2007-2010,2076,58.27
29715,Hunter Goodman,4,2021-2024,1259,58.26
663516,Dillon Paulson,2,2018-2021,334,58.26
593953,Jose Ramirez,3,2010-2012,512,58.26
829841,Wanderly De La Cruz,1,2025,140,58.26
828667,Ching-Hsien Ko,2,2024-2025,404,58.26
9968,Dan Butler,2,2010-2011,832,58.26
607979,Zach Maxfield,1,2011,101,58.26
815922,Franklin Rojas,2,2024-2025,254,58.26
18083,Austin Allen,3,2016-2018,1478,58.25
664575,Jeremy Fernandez,4,2015-2018,591,58.25
829273,Josue Demey,1,2025,71,58.25
514896,Joseph Valdes,2,2007-2008,178,58.24
596855,Jeff Taylor,1,2010,41,58.24
518590,Ryan Curry,2,2008-2009,837,58.24
573147,James Schroeder,2,2009-2010,65,58.24
596571,Ryan McCurdy,2,2010-2012,188,58.24
702708,Emaarion Boyd,4,2022-2025,1196,58.24
808384,Soyger Brizuela,1,2023,81,58.23
672373,Jeferson Morales,4,2018-2023,1116,58.23
836311,Osniel Castillo,1,2025,54,58.23
7937,Logan Schafer,4,2008-2011,1236,58.23
829791,Miguel Hernández,1,2025,169,58.22
800575,Dewis De Jesus,1,2022,32,58.22
19522,TJ Friedl,3,2016-2018,1198,58.22
821259,Angel Gonzalez,2,2024-2025,265,58.21
29788,Brett Harris,2,2021-2022,577,58.21
821754,Cleudis Valenzuela,2,2024-2025,238,58.21
821645,Anthony Marquez,2,2024-2025,370,58.21
11342,Jesús Aguilar,7,2008-2014,2736,58.21
670582,Yariel Gonzalez,2,2016-2018,519,58.2
656551,Bobby Honeyman,1,2018,22,58.2
593774,Cristhofer Martinez,4,2010-2013,726,58.2
544751,Kelvin De Jesus,2,2008-2009,261,58.2
19683,Mike Brosseau,3,2016-2018,983,58.2
622496,Keiber Rivas,4,2012-2015,247,58.19
460037,Mark Wagner,2,2007-2008,824,58.19
695031,Josh Zamora,2,2022-2023,391,58.19
33252,Kyle Karros,3,2023-2025,1010,58.19
18603,Donny Sands,4,2015-2018,818,58.19
501709,Eliel Sierra,2,2007-2008,501,58.18
702750,Edinson Duran,5,2021-2025,431,58.18
516650,Juan Castillo,7,2007-2013,1120,58.18
10839,Rangel Ravelo,7,2010-2016,2393,58.17
14113,Ramón Torres,8,2010-2017,2781,58.17
678477,Yhostin Chirinos,2,2018-2021,301,58.17
14566,Franmil Reyes,7,2012-2018,2888,58.17
600972,Melvin Santana,4,2011-2014,718,58.17
699050,Luis Perez,1,2021,96,58.16
674418,Jon Rosoff,1,2018,62,58.16
703455,Skylar King,1,2025,103,58.16
5665,Yamaico Navarro,5,2008-2012,1755,58.16
518687,Christopher Fournier,1,2008,43,58.16
821663,Joaquin Arias Jr.,2,2024-2025,284,58.15
20078,Evan White,1,2018,556,58.15
516736,Leandro Castro,7,2007-2013,2272,58.14
4121,Jordan Brown,2,2007-2008,1018,58.14
821591,Steven Madero,2,2024-2025,156,58.14
29478,Carter Jensen,5,2021-2025,2087,58.14
6592,Brandon Wood,3,2007-2009,1365,58.14
450618,Sean Coughlin,3,2007-2009,972,58.13
695490,Edwin Arroyo,4,2021-2025,1680,58.13
829961,Wandi Feliz,1,2025,195,58.13
642348,Jose Mora,2,2013-2014,118,58.13
500736,Mario Martinez,2,2007-2008,290,58.13
600979,Alixon Suarez,4,2011-2015,673,58.12
646146,Ivan Gonzalez,4,2013-2016,656,58.12
594790,Jose Cuevas,3,2010-2012,746,58.11
519549,Juvenal Lara,2,2007-2008,282,58.11
21558,Matt Vierling,2,2018-2021,542,58.11
660523,Angel Manzanarez,3,2015-2017,630,58.11
17893,Tyler Nevin,4,2015-2021,1428,58.11
9929,Darin Ruf,3,2009-2011,1156,58.11
451119,Dixon Mavares,2,2007-2008,381,58.11
17005,Gavin Cecchini,6,2012-2018,2342,58.11
643374,Christian Ibarra,1,2016,233,58.11
15450,Daniel Castro,7,2010-2017,1951,58.1
23698,Ronny Mauricio,5,2018-2025,1846,58.1
683400,Frank Astacio,2,2021-2022,180,58.1
500890,Herbert Lara,3,2007-2009,612,58.1
22168,Akil Baddoo,6,2016-2023,1097,58.1
543839,Chris Swauger,3,2009-2011,1175,58.1
545142,Scott Woodward,1,2011,123,58.1
11145,Christian Colón,4,2010-2013,1779,58.1
657144,Justin Yurchak,3,2017-2021,1035,58.1
691559,Jose D. Hernandez,5,2021-2025,509,58.09
621533,Ben Turner,2,2013-2014,842,58.09
822501,Jon Jon Gazdar,2,2024-2025,534,58.09
672821,Juan Aparicio,3,2017-2021,470,58.08
22715,Maikel Garcia,5,2017-2023,1537,58.08
829905,Yulian Barreto,1,2025,227,58.08
650502,Jose Vicente,5,2014-2018,1078,58.08
15794,Yonathan Daza,8,2011-2018,2373,58.08
703920,Alsander Womack,2,2022-2023,843,58.07
666599,Reilys Blanco,2,2016-2017,305,58.07
823356,Payton Eeles,1,2024,469,58.07
621520,Clint Coulter,7,2012-2018,2852,58.07
825411,Luis Cruz,1,2025,131,58.07
465748,Fernando Encarnacion,1,2008,66,58.07
823651,J.P. Cabrera,2,2024-2025,183,58.06
12606,Raffy Lopez,2,2011-2012,300,58.06
699043,Yamal Encarnacion,5,2021-2025,995,58.06
516812,John Contreras,3,2007-2009,494,58.06
517423,Anthony Feliz,3,2007-2009,513,58.06
829894,Yojancel Cabrera,1,2025,219,58.06
15653,Dominic Smith,6,2013-2018,2638,58.06
702977,Dillon Head,3,2023-2025,665,58.05
501489,Gernaldo Castillo,4,2007-2010,701,58.05
829993,Rodny Rosario,1,2025,177,58.05
26323,Spencer Steer,2,2021-2022,980,58.05
29931,Jacob Young,4,2021-2024,1168,58.05
469141,Mario Mercedes,4,2008-2011,624,58.05
657075,Jeremy Vasquez,3,2017-2021,1017,58.05
573224,Chris Wade,1,2010,315,58.05
593588,Josmar Cordero,6,2010-2015,1406,58.05
3203,Andy Marte,1,2007,379,58.04
469207,Carlos Perez,1,2007,165,58.04
593485,Eli Herrera,1,2010,53,58.04
22799,Geraldo Perdomo,4,2017-2024,793,58.04
808027,Juan Sierra,3,2023-2025,467,58.04
808237,Yirer Garcia,3,2023-2025,633,58.03
660690,Pablo Olivares,6,2015-2022,1098,58.03
676598,Nathan Perry,4,2017-2022,580,58.03
669363,Jacob Gonzalez,4,2017-2022,1462,58.03
660685,Jesus Henriquez,3,2015-2017,686,58.03
702261,Termarr Johnson,4,2022-2025,1591,58.03
585251,Juan Carlos Gamboa,2,2010-2011,474,58.03
5128,Jeff Larish,1,2007,556,58.02
829748,Hyun Seung Lee,1,2025,176,58.02
623966,Jared Schlehuber,2,2012-2013,459,58.02
692150,Émilien Pitre,2,2024-2025,616,58.02
676332,Caleb Knight,1,2018,13,58.02
15197,Carlos Asuaje,3,2014-2016,1726,58.02
667491,Eric Gutierrez,2,2017-2018,574,58.01
452087,Leonard Davis,2,2007-2008,957,58.01
802506,Dylan O'Rae,3,2022-2024,900,58.01
678482,Cesar Rodriguez,3,2018-2022,361,58.01
682900,Brainer Bonaci,3,2021-2023,1058,58.0
656459,Casey Gillaspie,3,2015-2017,1388,58.0
573669,Aderlin Rodríguez,8,2009-2016,3014,58.0
661405,Jose Lezama,3,2015-2017,375,58.0
679751,Danny Bautista Jr.,5,2018-2024,1763,58.0
445162,Sean Henry,4,2007-2010,1986,58.0
670919,Luis Santana,7,2016-2024,1840,57.99
9176,Audry Pérez,5,2008-2013,1305,57.99
821057,Erick De La Cruz,2,2024-2025,224,57.99
27883,Thomas Saggese,5,2021-2025,2076,57.99
501576,Herminio Vega,2,2007-2008,203,57.99
20463,Irving Lopez,2,2017-2018,681,57.99
621416,Andrew Pullin,6,2012-2018,2267,57.98
821079,Randy Soto,2,2024-2025,407,57.98
658126,Abel Rosa,2,2014-2015,430,57.98
686649,Jonathan Embry,1,2021,336,57.98
6835,Nick Buss,4,2008-2011,1696,57.98
702693,Jaison Chourio,4,2022-2025,1218,57.98
542474,Janelfry Zorrilla,5,2008-2013,1172,57.97
701817,River Town,4,2021-2024,1175,57.97
654118,Eric Meza,2,2016-2017,518,57.97
800328,Daniel Arrias,1,2022,40,57.97
9700,Casper Wells,2,2008-2009,891,57.96
649808,Angel Molina,4,2014-2017,687,57.96
686404,Wuilfredo Antunez,4,2022-2025,1314,57.96
678645,Nelfy Abreu,1,2018,290,57.96
828589,Max Durrington,1,2025,342,57.96
2530,Yonder Alonso,4,2008-2011,1340,57.96
570937,Jose Mateo,1,2009,178,57.96
5519,Rubén Tejada,7,2007-2013,2182,57.96
500675,Kleininger Teran,4,2007-2010,769,57.96
809331,Brian Sanchez,3,2023-2025,612,57.95
502448,Greg Dowling,2,2007-2008,1070,57.95
802219,Woody Hadeen,2,2024-2025,483,57.95
472558,Jonnathan Saturria,1,2007,101,57.95
2554,Chris Parmelee,6,2007-2012,2739,57.95
827665,Dillon Lewis,2,2024-2025,583,57.95
519274,Greg Sexton,2,2008-2009,801,57.95
4365,Scott Van Slyke,5,2007-2011,2240,57.94
30011,Christian Encarnacion-Strand,3,2021-2023,946,57.94
21293,Dalton Guthrie,2,2017-2018,389,57.94
14145,Daniel Robertson,6,2012-2017,2148,57.94
622655,Luis Jean,6,2012-2017,1376,57.94
571755,Brandon Haveman,2,2009-2010,438,57.94
678900,Alexander Ovalles,4,2018-2023,1011,57.94
808067,Branny De Oleo,3,2023-2025,487,57.93
607190,John Alexander,2,2011-2012,299,57.93
581660,Scott Lawson,1,2010,251,57.93
596303,Ryan Enos,1,2011,61,57.92
814452,Anthony Martinez,1,2025,30,57.92
609281,Carlos Valdez,3,2012-2014,538,57.92
832790,Fabelin Volquez,1,2025,78,57.91
800470,Alfredo Espinoza,3,2022-2024,130,57.91
446887,Juan Valdes,1,2008,62,57.91
12984,Jackie Bradley Jr.,4,2011-2014,1033,57.91
807000,Darling Fernandez,3,2023-2025,398,57.91
518765,Aaron Hanke,1,2008,185,57.9
644376,Boomer Collins,1,2013,215,57.9
544935,Luis Alberto Sanz,7,2008-2014,1062,57.9
661148,Carlos Sepulveda,4,2015-2021,1049,57.89
573629,Gary Helmick,2,2009-2010,525,57.89
660616,Ricardo Rodriguez,5,2015-2021,663,57.89
821637,Deinys Gonzalez,2,2024-2025,361,57.89
650528,Laz Rivera,2,2017-2018,728,57.89
678866,Richard Paz,5,2018-2024,617,57.89
703155,Lazaro Montes,4,2022-2025,1650,57.89
836055,Zach Daudet,1,2025,131,57.89
661412,Stanley Espinal,3,2015-2017,626,57.89
656943,JJ Schwarz,1,2018,25,57.89
20275,Jonathan Araúz,7,2015-2023,1894,57.88
19260,Jake Fraley,2,2017-2018,382,57.88
518742,Bo Greenwell,7,2007-2013,1934,57.88
9959,Alex Hassan,4,2009-2012,1370,57.88
824028,Gage Miller,2,2024-2025,544,57.88
468485,Juan Rijo,2,2007-2008,357,57.88
832717,Jose Lavagnino,1,2025,67,57.87
622520,Gabriel Santana,5,2012-2016,824,57.87
808040,Miguel Rodriguez,3,2023-2025,276,57.87
814458,Fenwick Trimble,2,2024-2025,479,57.86
808287,Luis Guevara,3,2023-2025,409,57.86
699114,Leo Balcazar,5,2021-2025,1350,57.86
621584,Kevin Barrios,3,2012-2014,661,57.86
815067,Aidan Longwell,3,2023-2025,929,57.85
17975,Scott Kingery,3,2015-2017,1471,57.85
660840,Jose Lizarraga,4,2015-2018,486,57.85
675628,Darius Hill,2,2021-2022,880,57.84
594013,Jesus Basilio,2,2010-2011,393,57.84
696081,Andrws Cruz,4,2021-2024,568,57.84
458704,Reese Havens,3,2009-2011,825,57.84
672718,Keyberth Mejias,2,2017-2018,163,57.84
3919,German Duran,3,2007-2009,775,57.84
826723,Ronny Cruz,1,2025,189,57.84
15808,José Godoy,6,2012-2018,1325,57.84
20126,Dylan Carlson,5,2016-2023,1173,57.84
14344,Matt Olson,6,2012-2017,2857,57.83
594860,Ryan Hornback,1,2011,88,57.83
14387,Harold Ramírez,6,2012-2018,2130,57.83
500870,Johny Celis,3,2007-2009,828,57.83
606340,Edwin Espinal,7,2011-2018,2559,57.83
800171,Angel Mata,3,2022-2025,416,57.83
800506,Luis Sanchez,4,2022-2025,903,57.83
19703,Jake Noll,3,2016-2018,1212,57.83
808336,Jorge Julio,3,2023-2025,287,57.82
16246,AJ Reed,4,2014-2017,1609,57.82
642730,Kelvin Fajardo,4,2013-2016,772,57.82
800029,Modeifi Marte,4,2022-2025,1067,57.82
600938,Freddy Noguera,1,2011,39,57.82
553894,Ivan  Ramirez,3,2009-2012,685,57.82
687783,Matthew Wood,3,2023-2025,1210,57.81
18123,Nathan Lukes,3,2016-2018,1397,57.81
15518,Amed Rosario,5,2013-2017,1636,57.81
460121,Shawn McGill,1,2007,12,57.81
656718,Matt McLaughlin,1,2018,399,57.81
503786,Gilberto Almonte,3,2007-2009,486,57.81
800957,Brendan Jones,2,2024-2025,653,57.81
666694,Iraj Serrano,3,2016-2018,663,57.81
814269,Kevin Verde,3,2023-2025,410,57.8
678596,Yorlis Rodriguez,3,2018-2022,852,57.8
592576,Kurtis Muller,3,2010-2012,816,57.8
641880,Michael Miller,1,2015,127,57.79
2830,Travis Snider,6,2007-2012,1926,57.79
829043,Wilfri De La Cruz,1,2025,170,57.79
669175,Rylan Thomas,1,2018,225,57.78
678822,Enmanuel Morillo,1,2018,163,57.77
8175,Chris Nelson,4,2007-2010,1441,57.77
630036,Oscar Rojas,4,2013-2016,818,57.77
570682,Kelvin Silvania,3,2009-2011,273,57.77
16623,Greg Allen,3,2015-2017,1506,57.77
699167,Samuel Escudero,5,2021-2025,538,57.76
9461,Thomas Neal,6,2007-2012,2436,57.76
678275,Fraudys Jimenez,1,2018,140,57.76
570793,Jairo Gomez,4,2009-2012,608,57.76
570797,Jordy Lara,7,2009-2015,2391,57.76
594808,Michael Earley,3,2010-2012,1021,57.76
687210,Nathan Martorella,4,2022-2025,1762,57.75
669786,Oliver Carmona,2,2016-2017,509,57.75
622579,Edgar Figueroa,3,2013-2015,628,57.75
691497,Lizandro Rodriguez,5,2021-2025,1149,57.75
504067,Travis Vetters,2,2007-2008,498,57.75
658679,Yeison Perez,5,2014-2018,504,57.75
14548,Jesmuel Valentín,7,2012-2018,2010,57.75
607662,Tony Nix,1,2012,135,57.75
829737,Jose Barrios,1,2025,143,57.74
16434,Christian Arroyo,6,2013-2018,1544,57.74
807257,Ty Southisene,1,2025,389,57.74
641431,Edgar Cabral,4,2015-2018,878,57.74
502185,Lee Cruz,1,2007,439,57.74
445012,Larry Day,2,2007-2008,75,57.74
502184,Paul Smyth,1,2007,159,57.73
678740,Alejandro Fernandez,1,2018,117,57.73
664342,Benjamin Alegria,2,2015-2016,413,57.73
26289,Gunnar Henderson,3,2021-2025,986,57.73
702391,Demetrio Nadal,3,2022-2025,618,57.73
5834,Brett Pill,3,2007-2009,1678,57.73
643235,Kevin Brown,3,2013-2015,562,57.73
701481,Ryan Campos,2,2024-2025,527,57.72
501537,Pedro Chavez,2,2007-2008,520,57.72
543632,Dennis Perez,3,2008-2010,197,57.71
12181,Matt Duffy,2,2012-2013,1107,57.71
543596,Billy Nowlin,4,2008-2011,1166,57.71
595199,Andy Fermin,4,2010-2014,700,57.71
800510,Samuel Gil,4,2022-2025,1151,57.71
15490,Justin Williams,6,2013-2018,2263,57.7
29518,James Wood,4,2021-2024,1229,57.7
592356,Conrad Gregor,3,2014-2016,1464,57.7
2783,Johnny Monell,4,2007-2010,963,57.7
694320,Jack Costello,2,2024-2025,560,57.69
699061,Rayne Doncon,5,2021-2025,1446,57.69
15971,Ivan Castillo,7,2012-2018,2163,57.69
517024,Jorge Guerrero,1,2007,159,57.69
15447,Ryon Healy,4,2013-2016,1550,57.69
571685,Anthony García,8,2009-2016,2436,57.68
3767,Danny Richar,1,2007,444,57.68
660556,Raúl Hernández,4,2015-2018,531,57.68
6582,Nate Freiman,2,2010-2011,1212,57.68
12508,Jett Bandy,4,2011-2014,1214,57.68
22458,Taylor Walls,2,2018-2021,762,57.68
13265,Mike Zunino,3,2012-2015,329,57.68
800210,Omar Romero,2,2022-2023,134,57.68
598290,Ryan Wright,4,2011-2014,1674,57.68
815589,Bo Davidson,3,2023-2025,843,57.68
829813,Miguel Caraballo,1,2025,169,57.68
672830,Yeikel Blandin,2,2017-2018,400,57.67
660560,Miguel Flames,4,2015-2018,650,57.67
21622,Jake McCarthy,3,2018-2022,545,57.67
660905,Yovanny Cuevas,5,2015-2021,866,57.67
518730,Ernesto Gonzalez,1,2007,155,57.67
20003,Keston Hiura,3,2017-2021,928,57.67
469806,Herman Armas,1,2007,305,57.66
472505,Jesus Valdez,3,2007-2009,812,57.66
447638,Issmael Salas,1,2007,387,57.66
447747,Greg Picart,4,2007-2010,1182,57.66
656668,Brock Lundquist,1,2018,494,57.66
570236,Yonan Fuenmayor,1,2009,182,57.66
1433,Wilson Ramos,4,2007-2010,1426,57.65
4229,Howie Kendrick,1,2007,54,57.65
13473,Dwight Smith Jr.,6,2012-2017,2673,57.65
18206,Nick Dini,4,2015-2018,935,57.64
808101,Diorky Ortiz,1,2023,81,57.64
666810,Alfredo Balbuena,3,2016-2018,646,57.64
17714,Christin Stewart,4,2015-2018,1861,57.64
592801,Tony Thompson,3,2011-2013,1351,57.64
16505,Matt Chapman,4,2014-2017,1362,57.64
573350,Jae-Hoon Ha,5,2010-2014,2255,57.64
571785,K.C. Hobson,6,2010-2015,2762,57.64
650371,Alfredo Gonzalez,4,2014-2017,320,57.64
492728,Alfredo Silverio,5,2007-2011,2134,57.64
676976,Trey Hair,2,2017-2018,498,57.64
6155,Travis Denker,4,2007-2010,1757,57.63
650988,Yeltsin Gudino,4,2014-2018,1197,57.63
811602,Yimy Tovar,3,2023-2025,449,57.63
543167,David Flores,3,2009-2011,1209,57.63
606580,Jose Cardona,8,2011-2018,2716,57.62
543693,Rebel Ridling,3,2008-2010,1275,57.62
519729,Kelvin Mateo,2,2007-2008,96,57.62
14350,Raimel Tapia,8,2011-2018,3290,57.62
502580,Scott Campbell,3,2007-2009,1313,57.62
624429,Jordan Hankins,2,2014-2015,416,57.62
696510,Peyton Stovall,2,2024-2025,360,57.62
665827,Harvin Mendoza,5,2016-2022,1538,57.62
502316,Rafael Valenzuela,3,2010-2012,509,57.61
675085,Jonathon Long,3,2023-2025,1198,57.61
650909,Juan Rodriguez,3,2014-2016,397,57.61
488754,Jacob Butler,1,2007,505,57.61
543787,Brandon Sizemore,2,2009-2010,443,57.61
573087,Noah Perio,6,2009-2016,1963,57.61
6576,Robert Stock,3,2009-2011,771,57.61
821099,Wuinder Torres,2,2024-2025,300,57.61
605432,Tyler Rahmatulla,3,2011-2013,765,57.61
821696,Kendrick Herrera,2,2024-2025,380,57.6
491658,Jose Medina,3,2007-2010,419,57.6
806959,Joendry Vargas,3,2023-2025,527,57.6
815551,Trey Snyder,2,2024-2025,538,57.6
640491,Junnell Ledezma,4,2013-2017,562,57.59
670868,Abrahan Gutierrez,6,2017-2024,1480,57.59
695370,Thomas Francisco,3,2021-2023,902,57.59
691369,Allan Castro,5,2021-2025,1783,57.59
543473,Aaron Luna,4,2008-2011,1218,57.59
809763,Kaeden Kent,1,2025,106,57.59
16411,Richard Urena,6,2013-2018,2495,57.58
667750,Juan Infante,1,2016,78,57.58
703861,Victor Ortega,4,2022-2025,583,57.58
520548,Anthony Seratelli,1,2007,312,57.58
457635,Sergio Miranda,5,2007-2011,1919,57.58
676955,Max Hogan,2,2017-2018,317,57.57
660518,Juan Camacho,3,2015-2018,367,57.57
453197,Danny Perales,3,2007-2009,983,57.57
663435,Bradley Strong,3,2015-2017,549,57.57
664583,Beder Gutierrez,4,2015-2018,457,57.57
469213,Pedro Tavarez,4,2007-2010,631,57.57
516689,Angelys Nina,7,2007-2013,2372,57.57
10593,Joey Terdoslavich,4,2010-2013,1725,57.57
5038,Josh Donaldson,4,2007-2010,1363,57.56
661381,Cody Daily,2,2015-2016,702,57.56
503425,Yoel Campusano,4,2007-2010,918,57.56
691292,Angel Ortiz,4,2021-2025,1190,57.56
5212,Alfredo Marte,6,2007-2013,2447,57.56
676017,Micael Ramirez,5,2017-2023,886,57.56
660645,Ismerling Mota,4,2015-2018,475,57.56
800272,Manolfi Jimenez,4,2022-2025,722,57.56
500766,Oscar Figueroa,3,2007-2009,688,57.56
660538,Darwin Parra,2,2015-2016,106,57.56
807977,Adrian Meza,2,2023-2024,383,57.56
27467,Tyler Soderstrom,4,2021-2024,1288,57.55
676708,Raphael Gladu,2,2017-2018,502,57.55
2498,Jemile Weeks,4,2008-2011,1018,57.55
623252,Daniel Duran,1,2012,67,57.55
19422,Brian Serven,3,2016-2018,679,57.54
683532,Christopher Familia,4,2021-2024,900,57.54
16542,Shed Long Jr.,6,2013-2018,1863,57.54
676939,Jimmy Herron,2,2018-2021,182,57.54
2829,Manny Piña,5,2007-2011,1625,57.54
4719,Brian Bogusevic,1,2008,173,57.54
670281,Stevie Berman,3,2016-2018,464,57.54
457909,Mitch Einertson,3,2007-2009,1228,57.54
655672,Jose Antequera,5,2014-2018,939,57.54
687678,Edgar Gamargo,1,2021,26,57.53
542986,Alex Buchholz,5,2008-2012,1517,57.53
9009,Conor Gillaspie,5,2008-2012,2063,57.53
682092,Beau Branton,1,2018,197,57.52
561987,Daniel Lopez,3,2009-2011,630,57.52
500875,Jeffer Patino,5,2007-2011,913,57.52
665908,Eduardo Torrealba,6,2016-2023,1202,57.52
489304,Travis Scott,3,2007-2009,1041,57.52
806873,Yael Romero,3,2023-2025,399,57.52
516856,Elvis Garcia,4,2007-2010,591,57.52
785,Todd Frazier,4,2007-2010,1858,57.52
18551,Ali Sánchez,5,2014-2021,1214,57.51
607521,Cory Embree,1,2012,89,57.51
594691,Kevin Encarnacion,5,2010-2015,1008,57.51
607062,Daniel Pulfer,1,2012,230,57.51
21780,Esteury Ruiz,6,2016-2023,1877,57.51
642134,Robbie Tenerowicz,3,2016-2018,1045,57.51
623159,Joe Sclafani,2,2013-2014,870,57.51
683511,Jose Colmenares,5,2021-2025,567,57.5
814448,Will King,2,2023-2025,51,57.5
666680,Ruben Santana,4,2016-2021,700,57.5
593139,Mesac Laguna,4,2010-2013,710,57.5
450657,Neall French,1,2008,100,57.5
15905,Luis Torrens,4,2013-2018,935,57.5
15937,Aledmys Díaz,2,2014-2015,646,57.5
572369,Cory Harrilchak,4,2009-2012,1414,57.5
701750,Bennett Thompson,2,2024-2025,428,57.5
808709,Sandy Ruiz,2,2023-2024,205,57.49
660759,Hidekel Abreu,2,2015-2016,350,57.49
805999,A.J. Ewing,3,2023-2025,967,57.49
24257,Jhonkensy Noel,6,2018-2025,2219,57.49
641938,Arden Pabst,2,2017-2018,505,57.48
800294,Waner Luciano,4,2022-2025,1015,57.48
517022,Juan Cuello,3,2007-2009,621,57.48
15170,Josh VanMeter,6,2013-2018,2300,57.48
667545,Paul Mondesi,4,2016-2021,322,57.48
691392,Johnny Ascanio,5,2021-2025,1185,57.48
9874,DJ LeMahieu,5,2009-2013,1669,57.47
678865,Christopher De La Cruz,4,2018-2023,538,57.47
607365,Tyler Ogle,5,2011-2015,1505,57.46
570483,Dioris Robles,1,2009,307,57.46
607413,Tyler Koelling,1,2011,150,57.46
821763,Hector Campusano,2,2024-2025,353,57.46
20242,Kevin Smith,3,2017-2021,1268,57.46
24388,José Rodríguez,6,2018-2025,2047,57.45
543537,Brandon Meredith,3,2012-2014,1148,57.45
606220,Manuel Hilario,4,2011-2014,614,57.45
622391,Yensys Capellan,3,2012-2015,443,57.45
465058,Luis Sierra,6,2007-2012,1534,57.45
517433,Leo Hernandez,5,2007-2011,746,57.45
3917,Dayan Viciedo,4,2009-2013,1425,57.45
570493,Gregori Gonzalez,4,2009-2012,481,57.45
25714,Blaine Crim,1,2021,452,57.44
825616,Leonard Rijo,1,2025,230,57.44
13338,Omar Narváez,7,2009-2016,1602,57.44
693790,Estanlin Cassiani,4,2021-2024,709,57.44
681186,Dionys Vallejo,3,2018-2022,213,57.43
19470,Tommy Edman,2,2017-2018,1069,57.43
581532,Jayce Boyd,3,2013-2015,1332,57.43
660842,Juan Uriarte,4,2015-2021,705,57.43
658258,Tyler Palmer,1,2014,181,57.43
681165,Daniel Angulo,1,2018,123,57.43
14140,José Rondon,8,2011-2018,2775,57.43
451993,Arturo Rivas,1,2007,141,57.43
488661,John Alonso,2,2007-2008,351,57.43
21837,Jonathan Aranda,5,2016-2022,1419,57.42
622404,Victor Cabral,3,2012-2014,473,57.42
672590,Hector Guerrero,2,2017-2018,306,57.42
642238,Danny Zardon,2,2016-2017,204,57.42
488879,Mark Fleisher,2,2007-2008,750,57.42
660497,Alexito Feliz,3,2015-2017,592,57.42
6267,Jake Fox,1,2007,496,57.41
595115,Taylor Ard,2,2013-2014,563,57.41
682538,Grant Fennell,1,2018,84,57.41
672903,Wilmer Perez,4,2017-2022,468,57.41
623219,Wade Hinkle,3,2012-2014,1180,57.41
606180,Pedro Coa,4,2011-2014,280,57.41
460671,Matthew Spencer,3,2008-2010,1519,57.4
677710,Jose Carrera,1,2017,150,57.4
8810,Blake Tekotte,3,2009-2011,1650,57.4
607741,Kevin Taylor,3,2012-2016,960,57.4
801276,Juan Matheus,4,2022-2025,956,57.4
672635,Luis Mieses,6,2017-2024,2325,57.4
502012,Casey Mulligan,2,2007-2008,202,57.4
680847,Freddy Francisco,3,2018-2022,259,57.4
822743,Tyriq Kemp,1,2025,72,57.4
806994,Luis Guanipa,3,2023-2025,567,57.39
14968,Victor Caratini,6,2013-2018,2065,57.39
650346,Ramon Hernandez,5,2014-2018,1503,57.39
665127,Dylan Tice,2,2015-2016,355,57.39
19562,Zack Short,3,2016-2018,1161,57.39
543320,Paul Hoenecke,4,2012-2015,1371,57.39
702889,Andy Lugo,3,2022-2025,942,57.38
670457,Tanner Hill,1,2016,180,57.38
570715,Gian Arias,3,2009-2011,759,57.38
570614,Carlos Sanchez,5,2009-2013,1235,57.38
807747,Rikuu Nishida,3,2023-2025,1176,57.38
543049,Henry Contreras,3,2008-2010,330,57.38
806978,Robert Calaz,3,2023-2025,880,57.38
11739,J.T. Realmuto,6,2010-2015,1779,57.38
519379,Tyler Vaughn,2,2007-2009,115,57.37
544249,Pedro Toribio,7,2008-2014,1034,57.37
571641,Chris Edmondson,3,2010-2012,1007,57.37
8265,Russ Canzler,4,2007-2010,1650,57.37
10441,Jon Singleton,8,2009-2016,3209,57.37
665847,Roberto Espinosa,2,2016-2017,209,57.37
12399,Taylor Motter,4,2011-2014,1325,57.37
659161,Griffin Garabito,5,2014-2018,743,57.36
642706,Javier Godard,4,2013-2016,696,57.36
27769,Pete Crow-Armstrong,4,2021-2024,1120,57.36
643483,Kirby Pellant,2,2013-2014,169,57.36
594886,Barrett Kleinknecht,4,2010-2013,1106,57.36
27963,Maximo Acosta,5,2021-2025,1896,57.36
692232,Fernando Gonzalez,1,2025,114,57.36
670769,Nick Feight,2,2017-2018,354,57.36
11859,Mason Williams,6,2010-2016,1932,57.36
18360,Austin Riley,4,2015-2018,1792,57.36
660835,Edgar Herrera,2,2015-2016,332,57.35
22707,Gustavo Campero,3,2017-2022,315,57.35
702788,Anderson De Los Santos,2,2021-2022,168,57.35
9776,Jason Kipnis,2,2010-2011,992,57.35
808129,Juan Flores,3,2023-2025,957,57.35
829770,Nicolas Barrios,1,2025,104,57.35
681898,Drew Mount,1,2018,265,57.34
573061,Brett Nommensen,2,2010-2011,853,57.34
651006,Luis Rengel,1,2014,190,57.34
523828,Mike Lissman,2,2007-2008,356,57.33
622779,Angel Jimenez,4,2012-2015,849,57.33
469158,Osman Marval,4,2007-2010,549,57.32
679239,Ray Hernandez,1,2018,154,57.32
699069,Elio Campos,5,2021-2025,674,57.32
688808,David Martin,4,2022-2025,543,57.32
15496,Abiatal Avelino,7,2012-2018,2623,57.32
520348,Aury Diaz,3,2007-2009,642,57.32
1050,Danny Dorn,3,2007-2009,1301,57.32
542575,Juan Medina,2,2008-2009,345,57.32
808116,Pedro Dalmagro,3,2023-2025,263,57.32
815877,Jeremiah Jenkins,2,2024-2025,332,57.31
15223,Adam Frazier,3,2014-2016,1262,57.31
488838,Joe Dickerson,3,2007-2009,985,57.31
8722,Jason Castro,2,2009-2010,755,57.3
681888,Greg Cullen,2,2018-2021,381,57.3
691476,Luis Encarnacion,5,2021-2025,1346,57.3
453207,Emeel Salem,2,2008-2009,574,57.3
27562,Austin Wells,3,2021-2023,1300,57.3
829759,Jose Ramirez,1,2025,173,57.3
595438,Damek Tomscha,3,2014-2016,1144,57.3
664159,Donnie Dewees,3,2016-2018,1652,57.3
543791,Curt Smith,3,2008-2010,1064,57.3
671287,Phil Clarke,2,2021-2022,675,57.29
31349,Victor Scott II,4,2022-2025,1132,57.29
668671,Alex Dunlap,2,2017-2018,250,57.29
2412,Barry Enright,2,2009-2010,68,57.29
29958,Harry Ford,5,2021-2025,2108,57.29
9272,Chris Davis,4,2007-2010,1510,57.29
691792,Roc Riggio,3,2023-2025,948,57.29
829054,Santiago Leon,1,2025,215,57.29
836058,Ely Brown,1,2025,122,57.29
821238,Marlon Quintero,2,2024-2025,307,57.28
800370,Eduardo Guerrero,4,2022-2025,1050,57.28
501309,Robedluis Fuentes,3,2007-2009,613,57.28
660567,Samir Lara,2,2015-2016,166,57.28
570709,Abraham Ramos,4,2009-2012,271,57.28
553853,Sneider Batista,3,2009-2011,568,57.28
455373,Ambiorix Rincon,1,2007,179,57.28
7480,Mike Carp,4,2007-2010,1931,57.28
665986,Elvis Gomez,4,2016-2021,201,57.28
3312,Martín Prado,2,2007-2008,465,57.28
694808,Zach Kokoska,3,2021-2023,728,57.27
6364,Danny Valencia,3,2007-2009,1593,57.27
822578,Brandon Butterworth,2,2024-2025,630,57.27
701784,Cam Clayton,2,2024-2025,313,57.27
623154,Richie Rodriguez,1,2013,149,57.26
806958,Felnin Celesten,2,2024-2025,616,57.26
684550,Jackson Lyon,1,2022,19,57.26
18889,Danny Mendick,4,2015-2018,1672,57.26
4740,Kyle Phillips,2,2007-2008,729,57.26
573242,Ryan Wiegand,2,2009-2010,739,57.26
593517,Johan De Jesus,2,2010-2011,263,57.26
10349,Tommy Joseph,7,2010-2016,2034,57.25
19294,Nick Solak,2,2017-2018,1103,57.25
15351,Frank Schwindel,4,2013-2016,1719,57.25
8027,Adam Lind,2,2007-2008,403,57.24
630033,Darinel Rodriguez,2,2013-2014,440,57.24
676971,Michael Cooper,3,2017-2021,419,57.24
808137,Heribert Silva,3,2023-2025,310,57.24
660691,Yeiler Peguero,3,2015-2018,1007,57.24
14894,Tony Kemp,4,2013-2016,1593,57.24
444443,Jonathan Ash,1,2007,322,57.24
507084,Tony Plagman,3,2010-2012,1307,57.24
543185,Adam Frost,3,2008-2011,419,57.24
608663,Anthony Gomez,3,2012-2014,746,57.24
650614,Yeison Melo,4,2014-2017,939,57.24
554055,Mario Gonzalez,3,2009-2011,604,57.23
692852,Beycker Barroso,5,2021-2025,664,57.23
829040,Juan Cabada,1,2025,170,57.23
808165,Mason Bolivar,3,2023-2025,219,57.23
681747,Christopher Duran,1,2018,129,57.23
679938,Yoyner Fajardo,4,2018-2023,1279,57.23
607424,Alex Fuselier,1,2012,26,57.23
694977,Nate Nankil,3,2023-2025,1068,57.22
678905,Gregori Custodio,1,2018,89,57.22
543676,J.P. Ramirez,4,2008-2012,1305,57.22
701158,Kobe Kato,2,2021-2023,439,57.21
31394,Brooks Baldwin,4,2022-2025,1008,57.21
573179,Kurt Steinhauer,1,2009,148,57.21
14553,Nomar Mazara,6,2012-2018,1890,57.21
695039,Jack-Thomas Wold,2,2021-2022,340,57.21
678487,Andres Melendez,2,2018-2021,464,57.21
499614,Chih-Hsien Chiang,6,2007-2012,2512,57.21
645300,Anthony Pereira,5,2014-2018,1530,57.21
461840,Marvin Lowrance,3,2007-2009,1403,57.21
24679,Brendan Donovan,1,2021,459,57.21
5107,Jefry Marte,8,2008-2015,3272,57.2
807994,Jeremy Ciriaco,3,2023-2025,572,57.2
649603,Jeyner Baez,4,2014-2018,426,57.2
5235,Justin Turner,3,2007-2009,1452,57.2
518563,Matt Cline,3,2007-2010,1083,57.19
501939,Jeff Kindel,1,2007,534,57.19
602028,Jeffry Rojas,3,2011-2013,333,57.19
7348,J.R. Towles,2,2007-2008,614,57.19
27604,Alika Williams,3,2021-2023,1086,57.19
19290,Randy Arozarena,2,2017-2018,903,57.19
572995,Chris Lovett,2,2009-2010,283,57.19
573011,Jack Marder,4,2011-2014,1000,57.19
11738,Christian Villanueva,7,2009-2015,2877,57.19
694202,Manuel Beltre,5,2021-2025,1774,57.19
808106,Gabriel Lara,3,2023-2025,437,57.18
543072,Paul Cruz,2,2008-2009,374,57.18
18015,Paul DeJong,4,2015-2018,1049,57.18
26299,Josh Jung,2,2021-2022,477,57.17
680643,Juan Mora,4,2018-2023,691,57.17
658671,Felix Osorio,5,2014-2018,729,57.17
607538,Matt Gedman,2,2011-2013,382,57.16
805680,Greyber Altamirano,3,2022-2024,313,57.16
830026,Enmanuel Figuereo,1,2025,135,57.16
546999,Jeremy Martinez,2,2017-2018,445,57.16
667761,Cam O'Brien,1,2016,116,57.16
664943,Bobby Stahel,1,2015,214,57.15
469153,Deybis Benitez,2,2008-2009,148,57.15
664751,J.R. Davis,3,2016-2018,840,57.15
669170,Jake Holmes,2,2017-2018,251,57.15
623698,Zach Osborne,3,2012-2014,511,57.15
593827,Jean Carlos Valdez,3,2010-2012,553,57.14
642066,Zach Shank,3,2013-2015,1107,57.14
656050,Carlos Mosquera,3,2014-2016,470,57.14
650224,Luis Perdomo,3,2014-2016,375,57.14
835644,Omar Munoz,1,2025,85,57.13
517588,Jose Camargo,3,2007-2009,540,57.13
21716,Enmanuel Valdez,5,2016-2023,1636,57.13
657623,Jared James,3,2016-2018,935,57.13
621328,Tanner Stanley,3,2015-2017,487,57.13
606179,Andres Garcia,2,2011-2012,657,57.13
702720,RJ Austin,1,2025,68,57.13
821128,Eriel Dihigo,2,2024-2025,445,57.13
18400,Juan Yepez,6,2015-2022,1808,57.13
502181,Miguel Velazquez,4,2007-2012,803,57.12
592600,Chace Numata,7,2010-2017,1461,57.12
643359,Ryan Henley,1,2013,90,57.11
642198,Seaver Whalen,1,2017,143,57.11
453319,Ray Stokes,1,2008,20,57.11
593757,Julio Medina,2,2010-2011,354,57.11
813982,Bairon Ledesma,3,2023-2025,467,57.1
11609,Willson Contreras,6,2009-2016,1626,57.1
808693,Daniel Lopez,3,2023-2025,561,57.1
20626,Logan Porter,1,2018,126,57.1
10028,Christian Bethancourt,8,2008-2015,2408,57.1
682152,Dean Lockery,1,2018,152,57.1
506872,Riaan Spanjer-Furstenburg,3,2009-2011,582,57.09
678842,Miguel Marte,2,2018-2021,277,57.09
829093,Harold Rivas,1,2025,196,57.09
10323,Rafael Ortega,8,2008-2015,3035,57.09
678784,Tristan Hansack,1,2018,108,57.09
694194,Miguel Bleis,5,2021-2025,1317,57.09
830396,Jesus Ortega,1,2025,151,57.09
14503,Renato Núñez,8,2011-2018,3259,57.09
516952,Angel Franco,7,2007-2014,2434,57.09
680810,Quincy Hamilton,2,2021-2022,683,57.09
622550,Samuel Hiciano,3,2012-2016,726,57.09
829914,Rainer Espinoza,1,2025,132,57.09
516998,Luilly Baez,3,2007-2009,491,57.08
8609,Tim Federowicz,4,2009-2012,1860,57.08
821618,Winder Linares,1,2024,147,57.08
25822,Andre Lipcius,2,2021-2022,1043,57.08
17548,Taylor Ward,4,2015-2018,1611,57.08
800432,Felix Cotes,3,2023-2025,339,57.07
488651,Adam Abraham,4,2008-2011,1524,57.07
829046,Warel Solano,1,2025,207,57.07
6938,Eric Campbell,3,2009-2011,1301,57.07
645566,Wander Franco,4,2014-2017,979,57.07
501013,Anderson Hidalgo,6,2007-2012,1559,57.07
700648,Josue Gonzalez,4,2021-2025,765,57.07
806791,Rodmar Angela,1,2023,81,57.06
20599,Iván Herrera,6,2017-2024,1533,57.06
518540,Matt Cavagnaro,1,2008,338,57.06
621025,Avery Romero,6,2012-2017,1781,57.06
808665,Angel Acosta,3,2023-2025,517,57.06
808148,Eliesbert Alejos,3,2023-2025,652,57.06
542678,Gerardo Moreno,1,2008,184,57.06
11255,Matt Szczur,5,2010-2014,2051,57.06
672536,Jhon Torres,4,2017-2022,950,57.06
461427,Phillip Britton,3,2007-2009,821,57.05
19964,Eguy Rosario,7,2016-2024,2850,57.05
702906,Wilfredo Lara,5,2021-2025,1390,57.05
5663,Neftali Soto,7,2007-2013,3012,57.05
829860,Anthony Millan,1,2025,167,57.05
465696,Fidel Hernandez,4,2007-2010,1651,57.04
678976,Guillermo Fernandez,1,2018,116,57.04
806982,Esmil Valencia,3,2023-2025,813,57.04
3129,Alex Romero,2,2007-2008,770,57.03
801670,Mike Boeve,3,2023-2025,763,57.03
821027,Diego Hernandez,1,2024,91,57.03
9654,Michael Blazek,1,2011,26,57.03
31695,Dylan Beavers,4,2022-2025,1580,57.03
452765,Jose Castro,5,2007-2011,1927,57.03
593345,Juan Mota,3,2010-2012,609,57.03
623314,Tanner Mathis,2,2013-2014,543,57.03
8002,Wilin Rosario,5,2007-2011,1363,57.03
471168,Tony De La Cruz,1,2007,221,57.03
667828,Wilmer Reyes,5,2016-2022,936,57.02
678668,Jenderson Jardines,1,2018,147,57.02
545331,Andrew Aplin,4,2012-2015,1675,57.02
11875,Ronny Rodríguez,6,2011-2016,2595,57.02
8380,Reid Brignac,3,2007-2009,1435,57.02
701727,Bryce Martin-Grudzielanek,1,2025,85,57.02
501755,Luis De La Cruz,1,2007,203,57.02
554392,Arickson Caba,2,2009-2010,337,57.02
607339,Ryan Goetz,1,2012,440,57.01
821129,Browm Martinez,2,2024-2025,209,57.01
815792,Chase Harlan,1,2025,300,57.01
650832,Adrian Valerio,5,2014-2018,1615,57.01
699052,Manuel Mejias,4,2021-2024,687,57.01
469229,Jorge Guerra,3,2007-2009,446,57.01
500886,Simon Vasquez,3,2007-2009,554,57.01
665069,Bobby Wernes,3,2016-2018,690,57.01
3209,Julio Borbon,2,2008-2009,1051,57.01
642364,Manuel Guzman,5,2013-2017,1004,57.01
14320,Wilmer Difo,7,2010-2016,2308,57.0
801736,Raimel Medina,4,2022-2025,528,57.0
525988,Moises Ciriaco,5,2007-2011,842,57.0
642481,Enmanuel Garcia,4,2013-2017,913,56.99
501844,Isa Garcia,2,2007-2008,684,56.99
13836,Matt Duffy,2,2013-2014,871,56.99
648739,Telmito Agustin,6,2014-2021,1385,56.99
650694,Joantgel Segovia,5,2014-2018,1562,56.99
541631,Ernesto Genoves,5,2008-2012,744,56.98
650664,Pablo Garcia,3,2014-2017,481,56.98
815902,Yandel Ricardo,2,2024-2025,541,56.97
542628,Rojean Cleofa,4,2008-2011,601,56.97
825691,Kevin Morillo,1,2025,48,56.97
4720,Chase Headley,2,2007-2008,817,56.97
832705,Abraham Bastidas,1,2025,163,56.97
800440,Narciso Polanco,4,2022-2025,1337,56.97
685313,Elijah Dunham,2,2021-2022,880,56.97
457725,John Drennen,5,2007-2011,2333,56.97
803385,Jay Harry,3,2023-2025,943,56.96
19615,Luis Barrera,6,2013-2018,1330,56.96
6008,Rey Navarro,8,2007-2014,3604,56.96
682650,Malcom Nuñez,6,2018-2025,2086,56.96
20165,J.J. Matijevic,2,2017-2018,458,56.96
665924,Gustavo Figueroa,3,2016-2018,419,56.95
658255,Derek Gibson,2,2014-2015,404,56.95
823768,Lorenzo Meola,1,2025,70,56.95
660775,Jean Carlos Arias,4,2015-2018,899,56.95
13301,Max Muncy,4,2012-2015,1672,56.95
683754,Junior Calderon,3,2021-2023,400,56.94
694673,Abimelec Ortiz,5,2021-2025,1989,56.94
655997,Jomar Reyes,5,2014-2018,1747,56.94
453152,Jordan Abruzzo,3,2007-2009,445,56.94
678733,Guillermo Quintana,3,2018-2022,797,56.94
602113,Jose Augusto Figueroa,4,2011-2014,693,56.94
625644,Bernys Almarante,1,2013,37,56.94
682578,Jimmy Smith,1,2018,149,56.94
625879,Jordan Allen,1,2013,47,56.93
605711,Edgar Munoz,4,2011-2014,574,56.93
650521,Ramon Beltre,5,2014-2018,1275,56.93
806146,George Lombard Jr.,3,2023-2025,1135,56.93
702253,Cam Collier,4,2022-2025,1399,56.93
672694,Martin Doria,2,2017-2018,275,56.92
622536,Joxelier Garcia,4,2012-2016,408,56.92
664345,Carlos Pulido,4,2015-2018,528,56.92
815907,Curley Martha,2,2024-2025,261,56.92
690961,Enrique Bradfield Jr.,3,2023-2025,891,56.92
506867,Danny Bomback,3,2007-2009,743,56.92
617658,Ryan Meade,1,2012,13,56.91
694047,Osmany Fleitas,2,2021-2022,87,56.91
501468,Joel Polanco,3,2007-2009,362,56.91
674027,Colton Waltner,1,2017,81,56.91
571645,Josh Elander,4,2012-2015,925,56.91
663932,L.T. Tolbert,1,2018,46,56.91
694185,Danny De Andrade,5,2021-2025,1491,56.91
821262,José Anderson,2,2024-2025,587,56.91
835619,Gabriel Teran,1,2025,17,56.91
671270,Victor Garcia,2,2017-2018,246,56.9
466457,Edgar Osuna,1,2009,10,56.89
455997,Salomon Manriquez,1,2007,276,56.89
16680,Brian O'Keefe,4,2015-2018,1306,56.89
542433,Keny Rodriguez,2,2008-2009,311,56.89
808083,Kelvin Alcantara,3,2023-2025,575,56.89
692944,Kevin Villavicencio,5,2021-2025,1477,56.89
606216,Yonathan Mendoza,7,2011-2018,1825,56.89
703405,Edwin Sanchez,4,2022-2025,732,56.89
22263,Nolan Gorman,4,2018-2024,1083,56.89
642771,Raiwinson Lameda,4,2013-2016,695,56.88
669675,Mitch Longo,2,2017-2018,764,56.88
11737,Nick Castellanos,4,2010-2013,1770,56.88
642308,Robert Mullen,5,2013-2018,517,56.88
457745,Luis Flores,4,2008-2011,688,56.88
521654,Gian Guzman,2,2007-2008,293,56.88
518396,Tim Alderson,3,2009-2012,42,56.87
18146,Kevin Kaczmarski,2,2015-2016,760,56.87
623886,Brian Blasik,2,2012-2013,490,56.87
678837,Bladimir Restituyo,6,2018-2025,2246,56.87
622760,Bryan Cuevas,4,2012-2015,802,56.87
701592,Luke Davis,1,2025,287,56.87
19563,Nate Mondou,2,2017-2018,1132,56.87
19734,Josh Rojas,2,2017-2018,791,56.86
801590,Aaron Parker,2,2024-2025,376,56.86
666670,Ezequiel Alfonzo,2,2016-2017,255,56.86
665808,Wiklerman Rasquin,2,2016-2017,380,56.86
663708,Gabriel Cancel,5,2015-2021,1524,56.86
8090,Matt Carpenter,2,2009-2010,854,56.86
543800,Chris Solis,1,2009,68,56.86
802103,Jhaydel Flores,1,2022,67,56.86
699049,Carlos Gutierrez,5,2021-2025,566,56.85
820997,Samuel Gonzalez,2,2024-2025,342,56.85
475661,Dennis Raben,3,2010-2012,1004,56.85
15519,Franklin Barreto,5,2013-2018,1984,56.85
11464,Gary Brown,4,2010-2013,1883,56.85
821076,Anderson Tovar,2,2024-2025,325,56.85
820847,Jordan Sanchez,2,2024-2025,365,56.84
607454,Nick Baligod,1,2012,135,56.84
25807,Jared Triolo,2,2021-2022,968,56.84
458693,Bryan Byrne,2,2007-2008,1049,56.84
660709,Sterling Guzman,3,2015-2017,503,56.84
682796,Eddinson Paulino,5,2021-2025,1846,56.83
650701,Ricardo Cespedes,5,2014-2018,805,56.83
501590,Abdiel Garibaldi,2,2007-2008,173,56.83
12394,Jason Krizan,3,2011-2013,1103,56.83
808706,Asbel Gonzalez,3,2023-2025,860,56.83
806077,Kendall George,3,2023-2025,1039,56.83
694249,Cole Carrigg,3,2023-2025,1223,56.83
543018,Jimmy Cesario,3,2008-2010,1149,56.83
650366,Jean Carrillo,4,2014-2018,658,56.82
26668,Elly De La Cruz,3,2021-2023,964,56.82
9744,Justin Bour,4,2009-2012,1744,56.82
645308,Jhonny Santos,6,2014-2021,1424,56.82
621420,David Thompson,3,2016-2018,1083,56.81
472595,Marcos Luis,1,2007,186,56.81
453287,Jon Still,3,2007-2009,1660,56.81
692587,Sandry Hernandez,2,2021-2022,444,56.81
673372,Bernnie Alaniz,2,2017-2018,289,56.81
803679,Sammy Hernandez,4,2022-2025,1010,56.81
801248,Erick Alvarez,4,2022-2025,750,56.81
15722,Allen Córdoba,5,2013-2018,1033,56.81
660635,Jeans Flores,2,2015-2018,283,56.81
607182,Casey Turgeon,4,2014-2017,1163,56.8
593361,Alberto Robles,5,2010-2014,1080,56.8
10317,Danny Ortiz,6,2008-2014,2442,56.8
642313,Oswaldo Garcia,4,2013-2016,757,56.8
22184,Mark Vientos,6,2017-2024,1651,56.8
684576,Alex Isola,3,2021-2023,1130,56.79
691708,Junior Tilien,5,2021-2025,1495,56.79
656533,Gerard Hernandez,2,2014-2016,417,56.79
608719,Alex Swim,3,2013-2015,764,56.79
605478,Jordan Smith,4,2012-2015,2134,56.79
800250,Gabriel Araujo,3,2022-2024,412,56.79
626797,Pedro Flores,4,2013-2016,850,56.79
643577,Brandon Trinkwon,4,2013-2016,1587,56.79
672728,Christian Valerio,3,2017-2021,398,56.79
814445,Jared Sprague-Lott,1,2025,331,56.79
6352,Ryan Sweeney,2,2007-2008,487,56.78
669686,Michael Paez,2,2017-2018,990,56.78
570727,Dudley Leonora,4,2009-2012,651,56.78
672527,Jeison Rijo,2,2017-2018,197,56.78
675789,Bryce Bush,2,2018-2021,198,56.78
608283,Doug Bream,1,2011,193,56.78
16263,Sam Travis,5,2014-2018,1604,56.78
670083,Darien Tubbs,2,2016-2017,447,56.78
694469,Bryce Eblin,1,2025,46,56.78
672600,Claudio Finol,5,2017-2023,755,56.78
16959,Eddy Alvarez,1,2014,210,56.78
684263,Yorberto Mejicano,3,2021-2023,550,56.78
669279,Gavin Stupienski,2,2016-2017,152,56.78
680664,Eduardo Valencia,5,2018-2024,864,56.77
519428,Reggie Williams,4,2008-2011,995,56.77
25505,Cade Marlowe,1,2021,485,56.77
3411,Drew Butera,2,2007-2008,738,56.77
15104,Jonathan Davis,3,2013-2016,910,56.77
460115,Stephen Head,2,2007-2008,988,56.77
689288,Matt Koperniak,2,2021-2022,827,56.77
593379,Amauris Capellan,3,2010-2012,489,56.77
507068,Wally Crancer,2,2008-2009,557,56.77
633830,Tucker Nathans,1,2013,448,56.77
830013,Angel Carmona,1,2025,91,56.76
9241,Starling Marte,6,2007-2012,1980,56.76
27475,Jordan Walker,5,2021-2025,1474,56.76
519454,C.J. Ziegler,2,2008-2009,541,56.76
5942,Jesús Sucre,6,2007-2012,1592,56.76
457132,Andrick Villalobos,2,2007-2008,200,56.76
656490,Keith Grieshaber,2,2016-2017,573,56.76
643287,Sam Dove,1,2013,22,56.76
501577,Renny Arias,1,2007,90,56.75
692580,Oscar Cedeno,3,2021-2023,294,56.75
678792,Brailin Pena,1,2018,233,56.75
501597,Roberto Feliz,2,2007-2008,430,56.75
622670,Wilkin Acosta,1,2012,23,56.75
677647,Eddy Diaz,5,2017-2023,1490,56.75
800377,Angel Mateo,4,2022-2025,1341,56.75
593680,Adrian Abreu,5,2010-2015,684,56.75
657329,Jeyson Sanchez,5,2014-2018,878,56.74
700026,Manuel Guariman,4,2021-2024,259,56.74
657227,Bobby Ison,3,2014-2016,917,56.74
622544,Olvy Marte,3,2012-2014,601,56.74
607322,Mikey Reynolds,2,2013-2014,246,56.73
821682,Christian Astudillo,2,2024-2025,278,56.73
642686,Jose Martinez,6,2013-2018,1647,56.73
500767,Ricardo Garcia,4,2007-2010,521,56.73
593984,Ronald Bueno,8,2010-2017,2050,56.73
596874,Pin-Chieh Chen,6,2010-2016,2211,56.73
28080,Jasson Domínguez,4,2021-2024,1565,56.73
650902,Rafelin Lorenzo,4,2014-2018,580,56.73
691944,Mac Guscette,2,2024-2025,312,56.73
606316,Argenis Raga,7,2011-2017,1456,56.72
518453,Mike Bianucci,2,2009-2010,1022,56.72
650724,Kevin Gonzalez,2,2014-2015,369,56.72
10622,Zach Walters,4,2011-2014,1835,56.72
609052,Junior Valera,4,2011-2014,562,56.72
19432,Yonny Hernández,6,2015-2022,1612,56.72
9343,Matt Antonelli,3,2007-2009,1388,56.72
489164,Jeff Natale,1,2007,524,56.72
571499,Mike Blanke,4,2010-2013,1468,56.72
672766,Albert Suarez,4,2017-2022,524,56.72
621705,Arvicent Perez,7,2012-2018,1139,56.71
9423,Chris McGuiness,4,2009-2012,1271,56.71
699065,Luis Guerra,3,2021-2023,493,56.71
489370,Michael Thompson,1,2007,415,56.71
5002,Caleb Gindl,7,2007-2013,3188,56.71
517590,Lurvin Basabe,3,2007-2009,439,56.7
461266,Juan Lucena,1,2007,332,56.7
821819,Miguel Rivera,2,2024-2025,163,56.7
689235,Yassel Pino,4,2021-2024,890,56.7
14636,Webster Rivas,6,2010-2015,1218,56.7
16512,Isiah Kiner-Falefa,6,2013-2018,1699,56.7
821379,Juan Mateo,2,2024-2025,510,56.7
606168,Allison Reyes,4,2011-2014,906,56.7
672631,Kevin Noriega,2,2017-2018,322,56.7
814522,Caden Kendle,2,2024-2025,447,56.7
621554,Leon Byrd,1,2017,39,56.69
502057,Junior Rodriguez,1,2011,118,56.69
570641,Luis Ortiz,4,2009-2012,763,56.69
462495,Luis Nunez,5,2007-2011,1664,56.69
680518,Zavier Warren,3,2021-2023,1341,56.69
694182,Armando Cruz,5,2021-2025,1530,56.69
19455,Andruw Monasterio,6,2014-2021,1781,56.69
502301,Luke Yoder,1,2010,198,56.69
26294,Bryson Stott,2,2021-2022,527,56.68
542168,Cristian Moronta,6,2008-2013,332,56.68
823015,Esteban Romero,2,2024-2025,270,56.68
688327,Yorvis Torrealba,2,2021-2022,335,56.68
687349,Jimmy Govern,1,2021,350,56.68
542186,Aris Alcantara,6,2008-2013,1053,56.68
594935,Jason Mowry,1,2010,215,56.68
699115,Carlos Jorge,5,2021-2025,1663,56.68
814297,Edgleen Perez,3,2023-2025,845,56.68
672805,Jean Carlos Soto,2,2017-2018,402,56.68
16496,Forrest Wall,5,2014-2018,1790,56.68
4087,Aaron Cunningham,4,2007-2010,1746,56.67
665990,Kleiber Rodriguez,2,2016-2018,510,56.67
691116,Jesus Ordonez,4,2021-2024,542,56.67
694420,Tatem Levins,2,2022-2023,301,56.67
808377,Jesus Alexander,3,2023-2025,407,56.67
17919,Ian Happ,3,2015-2017,848,56.67
678423,Geykler Davila,1,2018,77,56.67
667748,Samir Caraballo,2,2016-2017,347,56.67
666558,Eddy Martinez,3,2016-2018,1467,56.67
6652,Chase d'Arnaud,3,2009-2011,1449,56.67
661555,Randy Ventura,4,2015-2018,1345,56.67
499543,Ronald Bermudez,4,2007-2012,1275,56.67
623386,Dalton Blaser,2,2017-2018,258,56.67
546234,Jesse Shriner,2,2008-2009,194,56.66
501944,Justin Pickett,1,2008,31,56.66
673726,Logan Allen,2,2021-2022,180,56.66
702495,Josh Tate,1,2025,70,56.66
451639,Jesus Lopez,4,2007-2010,1578,56.65
13499,Tom Murphy,3,2013-2015,954,56.65
5311,Chad Huffman,3,2007-2009,1625,56.65
15487,Victor Reyes,6,2012-2017,2259,56.65
698941,Angel Tejada,5,2021-2025,929,56.65
669899,Ryan Ward,2,2021-2022,1001,56.65
678902,Alberto Figuereo,2,2018-2021,317,56.65
17161,Chad Wallach,3,2014-2016,1071,56.65
665930,Gioser Tejeda,3,2016-2018,319,56.64
672826,Kenneth Betancourt,5,2017-2023,1326,56.64
683658,Felix Salguera,3,2021-2023,220,56.64
29949,Tyler Black,5,2021-2025,1725,56.64
489127,Derrick Mitchell,4,2008-2011,1825,56.64
511449,Yunesky Sanchez,2,2007-2008,968,56.64
676016,Bryant Quijada,5,2017-2023,685,56.64
650734,Yeangel Pujols,1,2014,40,56.64
16885,Joshua Fuentes,3,2015-2017,1268,56.64
515044,Alberto Rivero,4,2007-2010,601,56.64
501858,Jon Waltenbury,3,2007-2009,881,56.64
5386,Andrew Lambo,7,2007-2013,2757,56.64
500739,Humberto Sosa,3,2007-2009,869,56.63
806989,Anthony Baptist,2,2023-2025,155,56.63
821041,Roldy Brito,2,2024-2025,587,56.63
676013,Starlin Paulino,2,2017-2018,341,56.63
453528,Mike Hernandez,2,2007-2008,611,56.63
815891,Kennew Blanco,1,2025,237,56.63
9210,Fernando Martinez,7,2007-2013,1996,56.63
691543,Fabian Urbina,3,2021-2023,182,56.62
22186,Brice Turang,4,2018-2023,1354,56.62
8822,Zelous Wheeler,5,2007-2011,2192,56.62
650507,Hidekel Gonzalez,5,2014-2018,641,56.62
642487,Jesus Martinez,3,2013-2015,700,56.62
573072,Eric Oliver,3,2009-2011,873,56.61
657426,Max George,5,2014-2018,1622,56.61
833207,Yeider Mindiola,1,2025,142,56.61
543962,Mike Zuanich,4,2008-2011,901,56.61
518440,Justin Bass,5,2007-2011,1334,56.61
642837,Shane Conlon,1,2015,123,56.6
16686,Jason Vosler,4,2015-2018,1981,56.6
516753,Miguel Gonzalez,3,2007-2009,263,56.6
542185,John Delgado,4,2008-2011,647,56.6
14843,Michael Lorenzen,2,2014-2015,49,56.6
664322,Luis Liriano,2,2015-2016,405,56.59
33704,CJ Kayfus,3,2023-2025,927,56.59
514976,Jonathan Lozada,2,2007-2008,191,56.59
12781,Sean Gilmartin,1,2012,29,56.59
699152,Armando Sierra,4,2021-2024,638,56.59
656030,Reiny Beltre,4,2014-2017,712,56.59
691571,Johan Macias,5,2021-2025,1242,56.59
570785,Jodaneli Carvajal,4,2009-2012,747,56.58
808304,Nixson Cueche,2,2023-2024,268,56.58
695735,Creed Willems,5,2021-2025,1534,56.58
691588,Ian Lewis Jr.,4,2021-2025,1134,56.58
660818,Jose Rivas,4,2015-2021,710,56.58
688002,Javier Valdes,3,2021-2023,747,56.58
542580,Alexis Crispin,1,2008,125,56.58
519434,Michael Wing,6,2007-2012,1601,56.57
457485,Tony Granadillo,2,2007-2008,958,56.57
672652,Angel Nelo,2,2017-2018,297,56.57
542637,Jorge Minyety,3,2008-2010,585,56.57
642311,Daniel Gonzalez,6,2013-2018,826,56.57
521670,Chad Ogden,1,2007,118,56.56
455951,Peter Ciofrone,2,2007-2008,1050,56.56
10619,David Freitas,3,2011-2013,1267,56.56
593436,Leo Castillo,4,2010-2013,1140,56.56
666773,Jose Quero,3,2016-2018,495,56.56
19928,Ryan McKenna,4,2015-2021,1245,56.56
33541,Dylan Crews,3,2023-2025,650,56.56
622546,Enmanuel Serra,3,2012-2014,564,56.56
643616,Jeff Zimmerman,2,2013-2014,568,56.56
7087,Caleb Joseph,2,2009-2010,832,56.56
622653,Allen Valerio,4,2012-2015,898,56.55
488947,Anthony Hatch,2,2007-2008,1002,56.54
693515,Gaige Howard,1,2022,159,56.54
666640,Peterson Plaz,3,2016-2018,590,56.54
456594,Matthew Whitney,2,2007-2008,1108,56.54
543608,Ben Orloff,2,2009-2011,421,56.54
8276,John Bowker,2,2007-2008,689,56.54
13770,Rob Refsnyder,4,2012-2015,1857,56.53
676410,Lee Solomon,1,2018,167,56.53
809389,Randy Flores,2,2024-2025,122,56.53
592097,Devan Ahart,3,2014-2016,813,56.53
608091,Joe Weik,1,2011,179,56.53
576396,Dan Grovatt,4,2010-2013,1057,56.53
519017,Michael Mee,1,2008,539,56.53
16451,Luis Guillorme,6,2013-2018,2324,56.52
445199,Jordan Parraz,3,2007-2009,1373,56.52
3417,Ruben Gotay,1,2007,98,56.52
11368,Yasmani Grandal,4,2010-2013,747,56.52
493553,Adam Calderone,2,2007-2008,452,56.52
593639,Diego Cedeno,6,2010-2015,764,56.52
615697,Daniel Pinero,3,2016-2018,1009,56.52
12005,Nick Martini,3,2012-2014,1492,56.52
800953,Brady Day,2,2024-2025,357,56.52
663312,Nick Collins,2,2015-2016,82,56.51
33644,Kristian Campbell,3,2023-2025,920,56.51
800330,Albert Carpio,3,2022-2024,349,56.51
15048,Johnny Field,3,2014-2016,1513,56.51
573163,Bryson Smith,3,2011-2013,757,56.51
625337,Eric Maria,4,2012-2015,458,56.51
605127,Austin Bailey,2,2015-2016,679,56.5
682112,Marcos Campos,1,2018,107,56.5
703150,Ricky Cabrera,4,2022-2025,927,56.5
27462,Austin Martin,3,2021-2023,1116,56.5
667580,J.D. Osborne,2,2017-2018,151,56.5
554232,Carlos Gimenez,3,2009-2011,236,56.5
574631,Billy Alvino,2,2009-2010,227,56.49
518538,Chris Cates,3,2007-2009,1042,56.49
29695,Matt McLain,3,2021-2023,751,56.49
5481,Jimmy Paredes,6,2007-2013,2349,56.49
28142,Jhostynxon Garcia,5,2021-2025,1555,56.49
18905,Yusniel Díaz,4,2016-2021,1523,56.49
193,Carlos Triunfel,8,2007-2014,3250,56.49
12779,Andy Burns,5,2011-2015,2023,56.48
7223,Alex Castellanos,4,2008-2011,1652,56.48
824628,Jesus Morales,2,2024-2025,196,56.48
13905,Seth Mejias-Brean,4,2012-2015,1813,56.48
455612,Garrett Guzman,1,2007,526,56.48
471148,Juan Paris,1,2007,190,56.48
681883,Nick Ames,1,2018,52,56.48
5517,Kyle Higashioka,6,2008-2014,982,56.48
516614,Manuel Soliman,2,2007-2008,462,56.48
809143,Kyle Walker,1,2025,97,56.48
9514,Adrian Cardenas,6,2007-2012,2908,56.48
542508,Wilfredo Gimenez,6,2008-2014,1424,56.48
2578,Peter Bourjos,4,2007-2010,1791,56.48
2179,Ronny Cedeno,1,2007,327,56.48
5227,Jon Jay,3,2007-2009,1306,56.47
30063,Tristan Peters,4,2021-2024,1480,56.47
605613,David Gonzalez,7,2011-2017,2186,56.47
593720,Rainiero Coa,6,2010-2015,496,56.47
650494,Jose Medina,5,2014-2018,1227,56.47
13288,Peter O'Brien,4,2012-2015,1481,56.47
450597,Mike Bell,2,2007-2008,973,56.47
592413,Ryan Honeycutt,2,2010-2012,157,56.47
446283,Danny Lehmann,4,2007-2010,841,56.46
31539,Drake Baldwin,3,2022-2024,1138,56.46
573630,Jordan Cruz,1,2009,233,56.46
620449,Luis Castro,4,2013-2018,587,56.46
544374,Jose Torres,3,2008-2011,781,56.46
489186,Renny Osuna,2,2008-2009,1059,56.46
703673,Kasen Wells,1,2025,380,56.46
607618,Carlos Leyva,1,2011,64,56.46
803067,Brady Marget,2,2024-2025,79,56.46
553884,Leopoldo Correa,5,2009-2013,845,56.46
544756,Ludwig Glaser,1,2008,44,56.46
488970,Kody Hinze,5,2008-2012,1875,56.46
593802,Carlos Montero,2,2010-2011,337,56.46
642457,Manny Sanchez,4,2013-2017,957,56.45
664968,Luke Doyle,1,2015,200,56.45
571758,Miles Head,5,2009-2014,1507,56.45
622686,Fredys Padilla,2,2012-2013,257,56.45
701546,Duce Gourson,2,2024-2025,487,56.45
815220,Aldo Gaxiola,3,2023-2025,432,56.45
25768,CJ Abrams,2,2021-2022,369,56.44
467792,Isaias Velasquez,5,2007-2012,1473,56.44
593164,Rodolfo Penalo,6,2010-2015,1002,56.44
608047,Jon Hurst,1,2011,12,56.44
624408,Willie Abreu,2,2017-2018,789,56.44
5384,Juan Lagares,7,2007-2013,2282,56.44
821043,Richard Matic,2,2024-2025,377,56.44
676730,Austin Listi,2,2017-2018,635,56.44
699051,Yefri Rivera,3,2021-2023,334,56.43
543046,Brian Conley,3,2008-2010,702,56.43
665188,Mark Weist,1,2015,75,56.43
676920,Todd Czinege,2,2017-2018,475,56.43
9256,AJ Pollock,3,2009-2012,1356,56.43
678264,Jose Nava,1,2018,126,56.43
506912,Mark Hallberg,3,2008-2010,1276,56.42
808041,Abraham Nunez,3,2023-2025,665,56.42
622806,Juan Kelly,7,2012-2018,2097,56.42
16565,Mark Zagunis,4,2014-2017,1404,56.42
673145,Geraldi Diaz,6,2017-2024,1057,56.42
13300,Spencer Kieboom,2,2014-2015,646,56.42
699073,Thayron Liranzo,5,2021-2025,1497,56.41
21797,Andrés Chaparro,5,2016-2023,1724,56.41
16953,Chadwick Tromp,6,2013-2018,1061,56.41
7392,Brad Glenn,2,2010-2011,905,56.41
17109,Meibrys Viloria,6,2014-2021,1758,56.41
650672,Yefry Reyes,3,2014-2016,568,56.41
800356,Franyer Noria,4,2022-2025,444,56.41
625506,Aldrem Corredor,6,2013-2018,1756,56.41
665913,Kelvin Melean,4,2016-2022,1218,56.4
518877,Jordan Kendall,1,2008,201,56.4
27504,Nick Yorke,5,2021-2025,2302,56.4
594973,Lance Ray,5,2010-2014,1465,56.4
6310,Alcides Escobar,3,2007-2009,1612,56.4
700717,Junior Marino,2,2021-2022,172,56.4
25999,Victor Mesa Jr.,5,2021-2025,2111,56.4
807964,David Isea,2,2023-2024,133,56.4
4034,Mat Gamel,4,2007-2010,1866,56.39
475676,Nick Weglarz,6,2007-2012,2393,56.39
826523,Yassel Pena,1,2025,166,56.39
650512,Ramon Marcelino,5,2014-2018,1448,56.39
518910,Casey Lambert,1,2009,21,56.39
630029,Angel Moreno,5,2013-2018,993,56.39
687771,Eric Rivera,1,2021,328,56.39
11982,Travis Shaw,4,2011-2014,1649,56.39
623610,Luis Valenzuela,7,2012-2018,1424,56.39
598513,Bill Rice,4,2010-2013,555,56.39
452658,Scott White,1,2007,539,56.38
9345,Brock Holt,3,2010-2012,1335,56.38
676021,Luis Santos,5,2017-2023,724,56.38
452732,Orlando Mercado,3,2007-2009,842,56.38
667749,Juan Fernandez,6,2016-2023,1654,56.38
681198,TJ Rumfield,4,2021-2024,1216,56.38
517054,Edinson Rincon,7,2007-2014,2064,56.37
623250,Mitch Delfino,4,2012-2015,1640,56.37
11773,Jason Rogers,3,2010-2012,1042,56.37
456406,David Winfree,4,2007-2010,1900,56.36
570654,Daniel Mateo,6,2009-2014,1860,56.36
22566,Tirso Ornelas,6,2017-2024,2645,56.36
605103,Rafael Fernandez,5,2011-2016,1039,56.36
683884,Rafael Escalante,4,2021-2025,365,56.36
542273,Jose De La Cruz,4,2008-2011,634,56.36
810048,Joswuill Rondon,2,2023-2024,195,56.36
671088,Tanner Morris,2,2021-2022,782,56.36
823348,Jehancarlos Mendez,2,2024-2025,279,56.36
12225,Scott Schebler,6,2010-2015,2472,56.36
678744,Yelinson Pena,2,2018-2021,174,56.36
691775,Ryan Clifford,4,2022-2025,1732,56.36
657811,Chesny Young,4,2014-2017,1716,56.36
7462,Trevor Plouffe,4,2007-2010,1998,56.36
699013,Esmerlyn Valdez,5,2021-2025,1423,56.36
691450,Raudy De Los Santos,4,2021-2024,532,56.35
570774,Keury De La Cruz,6,2009-2015,2337,56.35
593377,Rafael Medina,5,2010-2014,820,56.35
593518,Pedro Gonzalez,6,2010-2015,776,56.35
669327,Tanner Allen,2,2021-2022,459,56.35
624416,Ryan Boldt,2,2017-2018,767,56.35
702067,Jason Ollarve,3,2021-2023,178,56.35
805347,Jim Jarvis,3,2023-2025,1015,56.35
689688,Ethan Workinger,5,2021-2025,1861,56.35
642690,Jonathan Richards,2,2013-2014,310,56.35
2495,Pedro Álvarez,3,2009-2011,989,56.34
682569,Kyle Mottice,1,2018,148,56.34
543016,Matt Cerda,4,2008-2012,1597,56.34
3390,John Mayberry Jr.,2,2007-2008,1113,56.34
488893,Chris Garcia,4,2007-2012,1260,56.33
489405,Matt Wallach,4,2007-2010,1071,56.33
451494,Neil Wilson,2,2007-2008,560,56.33
805058,Luis Marquez,4,2022-2025,808,56.33
545356,David Nick,6,2009-2014,2652,56.33
678762,Jose Mendoza,2,2018-2021,138,56.33
808257,Elias Medina,3,2023-2025,299,56.33
641920,Tanner Nishioka,1,2018,353,56.33
607207,Austin Davidson,4,2014-2017,1142,56.33
453408,Bill Rhinehart,2,2008-2009,1015,56.33
682692,Miguel Palma,5,2021-2025,1144,56.33
19802,Jhonny Pereda,6,2013-2018,1502,56.33
571883,Dustin Lawley,3,2011-2013,1345,56.32
13176,Blake Swihart,5,2012-2016,1453,56.32
17326,Cole Tucker,6,2014-2021,2279,56.32
20017,Miles Mastrobuoni,2,2017-2018,832,56.32
606725,Ismael Alcantara,4,2011-2014,721,56.32
502140,Jeremy Barfield,5,2009-2013,2361,56.32
673355,Luis Barajas,1,2017,131,56.32
665087,Taylor Perez,1,2015,136,56.32
572160,Brady Steiger,1,2013,78,56.31
570825,Jhoanel Jimenez,3,2009-2011,221,56.31
691627,Ricardo Olivar,5,2021-2025,1512,56.31
821150,Enddy Azocar,2,2024-2025,461,56.31
695780,Jake Fox,5,2021-2025,1710,56.31
682805,Alex Zapete,2,2021-2022,277,56.31
595233,Preston Hale,1,2010,226,56.31
9054,Justin Smoak,4,2008-2011,766,56.31
691285,Junior Franco,5,2021-2025,1496,56.31
542936,Ben Billingsley,1,2009,15,56.31
542335,Robelys Reyes,6,2010-2015,1370,56.31
829888,Anthony Santa Cruz de Oviedo,1,2025,210,56.3
675970,Alex Robles,2,2017-2018,485,56.3
622359,Dalfis Ortiz,3,2012-2014,403,56.3
808104,Andruw Musett,3,2023-2025,798,56.3
553991,Gabriel Purroy,4,2009-2012,587,56.3
670587,Trevin Sonnier,1,2016,162,56.3
644418,Walter Rasquin,5,2013-2018,622,56.29
6677,JB Shuck,3,2009-2011,1640,56.29
800421,Marvin Alcantara,4,2022-2025,1427,56.29
27577,Casey Schmitt,3,2021-2023,1023,56.29
691438,Esneider Gomez,3,2021-2023,548,56.29
665286,Jonathan Popadics,1,2015,97,56.28
516829,Franklin Toussaint,2,2007-2008,238,56.28
678597,Alexander Guerra,1,2018,186,56.28
608353,Ty Moore,2,2016-2017,573,56.28
19521,Andrew Young,3,2016-2018,1011,56.27
672786,Bryan Torres,4,2017-2022,699,56.27
815818,Gavin Fien,1,2025,45,56.27
20220,Jo Adell,5,2017-2023,1512,56.27
13444,Cameron Perkins,4,2012-2015,1356,56.26
670903,Diomedes Del Rio,3,2016-2018,472,56.26
608473,Travis Higgs,1,2011,78,56.26
828319,Marshall Toole,2,2024-2025,441,56.26
14558,Carlos Tocci,7,2012-2018,2804,56.26
821161,Steven Cruz,1,2025,154,56.26
8610,Kendrys Morales,1,2007,275,56.26
660772,Erick Mordock,3,2015-2017,551,56.26
683593,Dariel Lopez,2,2021-2022,836,56.26
11763,Kyle Parker,4,2011-2014,2049,56.25
695292,L.J. Jones,3,2021-2023,1079,56.25
665853,Gresuan Silverio,3,2016-2021,414,56.25
15711,Tyler O'Neill,6,2013-2018,2215,56.25
684852,Geraldo Quintero,5,2021-2025,1866,56.25
666964,Mitch Reeves,2,2017-2018,210,56.25
23968,Jorge Barrosa,6,2018-2025,2621,56.25
543765,Jake Shaffer,5,2008-2012,1695,56.25
501674,Julio Cedeno,5,2007-2011,1413,56.24
15149,Trey Mancini,3,2014-2016,1768,56.24
667641,Enmanuel Omana,1,2016,263,56.24
10822,Todd Cunningham,4,2010-2013,1669,56.24
807404,Jose Torrez,2,2023-2024,188,56.24
597692,Jesus Briceno,2,2010-2011,132,56.24
10961,Colin Walsh,5,2010-2014,1711,56.24
820988,Jose Dickson,2,2024-2025,343,56.24
491716,Julio Gonzalez,2,2007-2008,172,56.24
667327,Luis Avalo,3,2016-2018,458,56.23
691001,Robert Moore,4,2022-2025,1494,56.23
8790,Cole Figueroa,3,2009-2011,1434,56.23
664975,Jonathan McCray,3,2015-2017,578,56.23
808768,Ben McLaughlin,2,2024-2025,484,56.23
13472,Christian Lopes,6,2012-2017,2451,56.23
9869,Steve Garrison,1,2008,22,56.23
815133,Cameron Sisneros,2,2024-2025,396,56.23
670054,Mitchell Kranson,3,2016-2018,952,56.22
27531,David Hamilton,2,2021-2022,990,56.22
14738,Phillip Ervin,5,2013-2017,2216,56.22
677985,Jonathan Diaz,5,2017-2023,299,56.22
9854,Efren Navarro,4,2007-2010,1720,56.22
518535,Brian Cartie,1,2008,302,56.22
572997,Jeremy Lucas,3,2013-2015,1040,56.21
8434,Brett Wallace,4,2008-2011,1383,56.21
821817,Euri Rosa,2,2024-2025,192,56.21
542941,Dan Black,4,2009-2012,1632,56.21
17278,Bobby Bradley,5,2014-2018,2294,56.21
590271,Sebastián Elizalde,3,2014-2016,1459,56.21
821672,Eduardo Rojas,2,2024-2025,323,56.21
805590,Dylan Palmer,1,2025,13,56.21
13849,Jon Moscot,1,2014,39,56.21
678760,Eddys Leonard,6,2018-2025,2627,56.21
29844,Liam Hicks,3,2021-2023,603,56.21
600974,Yoel Silfa,3,2011-2013,587,56.21
607439,Herlis Rodriguez,8,2011-2018,1638,56.21
7802,Miguel Rojas,7,2007-2013,2266,56.2
572088,Jonathan Rodríguez,5,2009-2014,1925,56.2
26548,Luisangel Acuña,5,2021-2025,2160,56.2
607893,Pat Donahue,1,2011,185,56.2
572692,Phillip Aviola,1,2009,41,56.2
692238,Parks Harber,2,2024-2025,438,56.2
488899,Jon Gaston,3,2009-2011,1573,56.2
16042,Mark Payton,3,2014-2016,1200,56.19
591722,Rusbel Farinez,3,2010-2012,728,56.19
470491,Tim Kennelly,5,2007-2011,1367,56.19
623305,Ian Rice,3,2016-2018,1136,56.19
642341,Jesus Posso,2,2013-2014,301,56.19
593347,Rodrigo Vigil,7,2010-2017,1116,56.18
501881,Luke Gorsett,2,2007-2008,866,56.18
621556,Evan Van Hoosier,4,2014-2017,1001,56.18
830979,Georwill Rodriguez,1,2025,86,56.18
606724,Daury Urena,1,2012,24,56.18
809860,Mason Lytle,1,2025,72,56.18
625287,Jon Carnahan,1,2012,38,56.18
678799,Brandon Rincones,1,2018,178,56.17
4249,Shane Robinson,3,2007-2009,1019,56.17
6453,Andy Dirks,3,2008-2010,1101,56.17
592637,D.J. Peterson,4,2013-2016,1565,56.17
461793,Carlos Duran,1,2007,83,56.17
692484,Jean Arnaez,4,2021-2024,390,56.17
672696,Francisco Acuna,6,2017-2024,1086,56.17
650700,Luis Carpio,7,2014-2022,2077,56.16
592723,Wynston Sawyer,6,2010-2016,1726,56.16
25967,Orelvis Martinez,5,2021-2025,2194,56.16
702265,Paxton Kling,1,2025,93,56.16
691456,Manuel Sequera,4,2021-2024,976,56.16
644436,Luis Vilorio,2,2014-2015,287,56.16
518849,Logan Johnson,2,2007-2008,528,56.16
808239,Gabriel Terrero,3,2023-2025,431,56.15
4464,Mike Baxter,3,2007-2009,1549,56.15
805704,Keaton Anthony,3,2023-2025,847,56.15
805744,Athanael Duarte,4,2022-2025,762,56.14
543200,René García,6,2008-2014,1669,56.14
829892,Hector Ramos,1,2025,151,56.14
623164,Craig Manuel,2,2013-2014,425,56.14
809975,Kodey Shojinaga,2,2024-2025,399,56.14
572935,Anthony Howard,3,2009-2011,426,56.14
692568,Miguel Ugueto,5,2021-2025,931,56.14
830455,Johan Rodriguez,1,2025,149,56.13
592194,Joel Capote,2,2012-2013,666,56.13
11338,Adrián Sanchez,9,2007-2015,2860,56.13
457524,Eli Iorg,1,2007,177,56.13
6026,Nate Spears,3,2007-2009,1340,56.12
6178,Tony Sanchez,4,2009-2012,1318,56.12
664963,Kyle Overstreet,4,2015-2018,965,56.12
465002,Frank Martinez,3,2007-2009,1561,56.12
699307,Yohenny Mata,3,2021-2023,248,56.12
576848,Pedro Acosta,4,2009-2012,363,56.12
684081,Erick Brito,5,2021-2025,1643,56.12
815906,Angel Feliz,2,2024-2025,538,56.11
660687,Rafael Narea,3,2015-2018,899,56.11
1333,Curtis Partch,1,2011,11,56.11
500758,Fabio Murakami,2,2007-2008,361,56.11
656017,Jose Miguel Medina,4,2014-2017,699,56.1
701360,Chris Arroyo,1,2025,79,56.1
675526,Brhayan Campos,3,2017-2021,159,56.1
693798,Anderson Suriel,5,2021-2025,659,56.1
702789,Austin Gauthier,3,2021-2023,1181,56.1
502320,Cesar Valentin,1,2007,73,56.1
829937,Cristian Montilla,1,2025,167,56.1
514972,Luis Cardona,4,2007-2010,479,56.1
20540,José Devers,6,2017-2024,1538,56.1
518505,Matthew Brown,2,2008-2009,721,56.09
656022,Luis Joseph,5,2014-2018,888,56.09
678817,Kevin Nivar,2,2018-2021,281,56.09
691387,Diego Viloria,5,2021-2025,226,56.09
669902,Ryne Birk,3,2016-2018,991,56.09
606191,Jose De La Cruz,2,2011-2012,414,56.08
502145,Jim Negrych,3,2007-2009,1309,56.08
571713,Alex Glenn,4,2012-2015,1620,56.08
502245,Griff Erickson,6,2007-2012,1449,56.08
829089,Romeli Espinosa,1,2025,168,56.08
13414,Andrew Toles,4,2012-2016,1358,56.08
455368,Jose Constanza,1,2007,245,56.07
608356,Mitch Nay,6,2013-2018,2091,56.07
670292,David Jacob,3,2016-2018,444,56.07
502275,Casey Haerther,4,2009-2012,1670,56.07
502265,Tyson Gillies,7,2007-2013,1612,56.07
592456,Paul Karmas,1,2011,155,56.07
694976,Osvaldo Tovalin,4,2021-2024,1320,56.07
804858,Bryan Rincon,4,2022-2025,966,56.06
664903,Tanner Donnels,1,2015,17,56.06
824742,Logan Braunschweig,1,2025,101,56.06
808267,Jose Monzon,3,2023-2025,779,56.06
571456,Adam Bailey,2,2011-2012,907,56.06
807587,Angel Ramirez,3,2023-2025,318,56.06
829979,Jhon Simon,1,2025,105,56.06
470481,Rene Leveret,3,2007-2009,866,56.06
517431,Gonzalo Gonzalez,4,2007-2010,676,56.06
666712,Roberto Alvarez,6,2016-2023,952,56.05
570567,Ronald Galindez,3,2009-2011,542,56.05
804645,Caden Connor,3,2023-2025,1084,56.05
571734,Jason Hagerty,4,2009-2012,1280,56.05
830452,Ezequiel Aparicio,1,2025,68,56.05
518969,Robert Maddox,3,2010-2012,738,56.05
690448,Mike Jarvis,2,2021-2022,411,56.05
31166,Heston Kjerstad,2,2022-2023,827,56.05
456093,Juan Aponte,4,2007-2010,493,56.05
7250,Collin Cowgill,3,2008-2010,1068,56.05
501808,Eric Newton,1,2007,93,56.04
501512,Jonatan Santana,5,2007-2011,806,56.04
681545,Gabriel Ortiz,1,2018,46,56.04
622498,Anthony Gomez,3,2012-2014,332,56.03
6848,Eduardo Núñez,4,2007-2010,1930,56.03
695527,Ian Daugherty,1,2025,33,56.03
650961,Cristian Encarnacion,3,2014-2016,536,56.03
686644,Mack Chambers,2,2021-2022,436,56.03
27465,Spencer Torkelson,3,2021-2024,960,56.03
12983,Charlie Tilson,5,2011-2016,2016,56.02
446217,P.J. Antoniato,2,2007-2008,483,56.02
650839,Ruddy Giron,5,2014-2018,1884,56.02
657521,Devyn Bolasky,3,2015-2017,712,56.02
510548,Jose Heberto Felix,5,2008-2012,1644,56.01
695692,Cooper Kinney,4,2021-2025,1414,56.01
10348,Domingo Santana,8,2009-2016,2785,56.01
645457,Jesus Lopez,4,2014-2018,959,56.01
14128,Joey Gallo,5,2012-2016,2004,56.01
700020,Dario Borrero,4,2021-2024,417,56.01
593663,Anderso Bolivar,4,2010-2013,360,56.01
650334,Edgar Herrera,5,2014-2018,676,56.01
14523,Pedro Severino,8,2011-2018,1920,56.0
668567,Yerwin Trejo,3,2016-2018,742,56.0
600947,Martin Peguero,5,2011-2015,1253,56.0
684222,Jorge Burgos,5,2021-2025,1824,56.0
594781,Ben Carhart,3,2012-2014,1101,56.0
518686,Mike Folli,4,2007-2010,1027,56.0
663821,Cody Farhat,2,2018-2021,295,56.0
807267,JD Dix,1,2025,408,55.99
678659,Eynar Machin,1,2018,143,55.99
543845,Nate Tenbrink,3,2009-2011,1266,55.99
660627,Raymundo Moreno,4,2015-2018,553,55.99
457107,Wilmer Pino,1,2007,376,55.98
682860,Jauri Custodio,4,2021-2024,321,55.98
544253,Zach Zaneski,2,2009-2010,378,55.98
622568,Wander Franco,7,2012-2018,2606,55.98
692390,Jose Cordoba,5,2021-2025,1017,55.98
650806,Daniel Romero,3,2014-2016,654,55.97
12101,Kennys Vargas,7,2009-2015,1896,55.97
460590,Brian Dopirak,2,2007-2008,1014,55.97
5751,Hernán Pérez,7,2008-2014,3101,55.97
571842,Brian Kemp,1,2010,219,55.97
21497,Luken Baker,2,2018-2021,575,55.97
827285,Diwarys Encarnacion,2,2024-2025,418,55.97
656953,Colton Shaver,2,2017-2018,495,55.97
687116,Blake Klassen,2,2022-2023,189,55.97
470490,Joel Naughton,5,2007-2011,1060,55.97
7476,Alex Avila,2,2008-2009,631,55.96
821786,Erny Orellana,2,2024-2025,269,55.96
661417,Alejandro Paulino,3,2015-2017,623,55.96
670295,Caleb Lopes,1,2016,176,55.96
829864,Diego Alambarrio,1,2025,25,55.96
521234,Juan Richardson,3,2007-2009,555,55.95
830050,Alan Escobar,1,2025,129,55.95
685580,Cristian More,3,2021-2023,424,55.95
593497,Luis Madrid,3,2010-2012,301,55.95
681286,JT Schwartz,4,2021-2024,1283,55.95
595141,Patrick Brady,3,2010-2012,466,55.95
691268,Yiddi Cappe,5,2021-2025,1606,55.95
821789,Darian Castillo,2,2024-2025,247,55.95
664857,Blake Allemand,3,2015-2017,1225,55.95
623145,Tyler Tewell,3,2012-2014,746,55.95
501840,Larry Cobb,3,2007-2009,922,55.95
800314,Orangel Rodriguez,3,2022-2024,94,55.95
666793,Jorge Martinez,2,2017-2018,390,55.95
821260,Christopher Alvarado,2,2024-2025,325,55.95
4082,Erick Aybar,2,2007-2008,22,55.95
456067,Luis Polonia,1,2007,159,55.94
813930,Ivan Luciano,1,2025,180,55.94
5848,Russell Mitchell,3,2007-2009,1580,55.94
811366,Brandon Jaime,1,2024,65,55.94
641802,Nick Longhi,5,2013-2018,1639,55.94
605369,Casey McElroy,3,2011-2014,1012,55.94
464393,Carlos Silva,2,2007-2008,154,55.94
669129,Marcus Mooney,3,2016-2018,1001,55.94
462092,Stefan Welch,7,2007-2013,2762,55.94
572385,Jose Ortiz,2,2010-2011,307,55.94
595372,Matt Reida,1,2014,178,55.94
811633,Yosweld Vasquez,3,2023-2025,342,55.94
657512,Billy Bereszniewicz,2,2014-2015,166,55.94
687248,Keshawn Ogans,4,2022-2025,1230,55.94
467108,Domingo Morillo,1,2007,211,55.94
576403,Ryan Cuneo,3,2010-2012,507,55.94
516683,Luis Polanco,3,2007-2009,361,55.93
663787,Jake Pries,1,2021,69,55.93
670047,Troy Montgomery,3,2016-2018,1119,55.93
518888,Jason King,2,2012-2013,916,55.93
474523,John Tolisano,7,2007-2013,2570,55.93
13151,José Briceño,8,2010-2017,2104,55.93
14773,Yu Chang,5,2014-2018,2124,55.93
642315,Joel Diaz,6,2013-2018,1302,55.93
670622,Gabriel Maciel,5,2016-2022,1445,55.92
642452,Ismael Pena,4,2013-2016,768,55.92
9134,Tyler Flowers,4,2007-2010,1813,55.92
669626,Corey Bird,2,2017-2018,614,55.92
683440,Jorge Jimenez,2,2021-2022,115,55.92
681610,Oswal Leones,3,2018-2022,611,55.92
473663,Austin Gallagher,6,2007-2012,2181,55.92
671231,Jonathan Lopez,4,2016-2021,521,55.92
553992,Jose Soledad,4,2009-2012,724,55.92
2616,Zack Cozart,4,2007-2010,1816,55.92
6885,Ian Desmond,3,2007-2009,1315,55.92
602116,Samir Mendez,2,2011-2012,337,55.92
13408,Wynton Bernard,4,2012-2015,1276,55.91
469230,Jesus Reyes,1,2007,47,55.91
821824,Herlinton Herrera,2,2024-2025,329,55.91
829072,José Peña,1,2025,206,55.91
519382,Nick Vera,1,2007,220,55.91
446416,Ryan Wehrle,1,2007,122,55.91
501662,Andy Soto,1,2007,206,55.91
682766,Alexeis Azuaje,2,2021-2022,227,55.9
803139,Pierce Bennett,3,2023-2025,623,55.9
606223,Angel Rosario,3,2011-2013,414,55.9
803033,Matthew Etzel,3,2023-2025,980,55.9
511468,C.J. Lang,2,2007-2008,617,55.9
6564,Bobby Wilson,1,2007,345,55.89
645448,Luis Veras,3,2013-2016,351,55.89
29575,Trey Sweeney,4,2021-2024,1596,55.89
17040,Jose Herrera,6,2014-2021,1189,55.89
31363,Graham Pauley,4,2022-2025,1316,55.89
660564,Wilkerman Garcia,3,2015-2018,917,55.89
451133,Vladimir De Los Santos,3,2007-2009,571,55.89
542486,Javier Gutierrez,3,2008-2010,558,55.89
9774,Christian Vázquez,7,2008-2014,1942,55.89
642296,Jesus Atencio,6,2013-2018,734,55.89
622437,Younaifred Aguero,3,2012-2014,472,55.89
642301,Derik Capitillo,4,2013-2016,730,55.89
821025,Edward Guribe,2,2024-2025,236,55.88
665994,Cristhian Pedroza,3,2016-2018,503,55.88
821654,Alexander Rincon,2,2024-2025,356,55.88
14555,Wyatt Mathisen,7,2012-2018,2098,55.88
623493,Tim Carver,1,2012,207,55.88
680438,Robert Neustrom,1,2021,518,55.88
542371,Luis Piterson,5,2008-2012,1022,55.88
13910,Patrick Kivlehan,2,2013-2014,1138,55.88
543002,Alden Carrithers,2,2008-2009,333,55.88
2264,Héctor Gómez,5,2007-2012,1529,55.87
19948,Cristian Pache,6,2016-2023,1845,55.87
4314,Joey Votto,1,2007,580,55.87
6978,Juan Francisco,5,2007-2011,2328,55.87
6547,Jordy Mercer,4,2008-2011,1877,55.87
657733,Roberto Ramos,5,2014-2018,1471,55.87
605356,Tyler Mapes,1,2016,27,55.87
19968,Jared Oliva,1,2018,454,55.86
544771,Orton Rodriguez,3,2008-2010,184,55.86
672576,Edgar Made,3,2017-2021,472,55.86
672577,Brayant Aponte,1,2017,170,55.86
623310,Matt Hillsinger,1,2012,27,55.86
20056,Alan Trejo,2,2017-2018,687,55.86
821242,Anthony Delgado,1,2024,88,55.86
519000,Sean McCauley,3,2007-2009,471,55.86
608627,Barrett Barnes,4,2013-2016,1150,55.86
20501,Scott Hurst,1,2018,293,55.86
26123,Brett Baty,4,2021-2024,1195,55.86
703152,Anthony Gutierrez,4,2022-2025,1203,55.86
461871,Hainley Statia,4,2007-2010,1412,55.86
821694,Kevin Robledo,2,2024-2025,372,55.86
518899,Tyler Kolodny,5,2007-2012,1097,55.86
602098,Jean Batista,3,2011-2013,532,55.86
623311,Kale Kiser,3,2012-2014,773,55.85
678413,Alexfri Planez,5,2018-2024,1505,55.85
679480,Mario Morillo,1,2018,65,55.85
554328,Jerison Lopez,5,2009-2013,767,55.85
10607,Bryce Brentz,3,2011-2013,1397,55.85
502071,Jaime Ortiz,6,2007-2012,1645,55.85
662105,Matt Fiedler,3,2016-2018,581,55.85
814748,Dariel Ramon,3,2023-2025,541,55.84
593733,Jose Javier,5,2010-2015,864,55.84
451096,Sergio Pedroza,2,2007-2008,807,55.84
10154,Donald Lutz,6,2008-2013,1638,55.84
518851,Terry Johnson,1,2007,60,55.84
642005,Will Remillard,1,2014,192,55.84
2567,Bryan Petersen,3,2008-2010,1427,55.83
7740,Ty Kelly,4,2010-2013,2263,55.83
542998,Kurt Calvert,1,2008,25,55.83
800203,Kevyn Castillo,4,2022-2025,670,55.83
800254,Abrahan Ramirez,4,2022-2025,803,55.83
19608,Otto Lopez,5,2017-2023,1504,55.82
802947,Miguel Fernandez,1,2022,93,55.82
650793,Jesus Alastre,5,2014-2018,572,55.82
6609,Freddy Galvis,6,2008-2014,2475,55.82
821647,Eddson Martinez,2,2024-2025,282,55.82
663852,Daniel Reyes,1,2018,189,55.82
471887,Dany Farias,1,2007,217,55.82
607495,David Chester,3,2011-2013,711,55.82
682187,Nick Ward,1,2018,190,55.82
457542,Juan Portes,4,2007-2010,1924,55.81
453187,Ryne Malone,1,2007,282,55.81
572711,C.J. Beatty,2,2009-2010,405,55.81
649700,Melvin Novoa,3,2014-2018,681,55.81
446411,Seth Loman,3,2007-2010,1221,55.81
16375,Óscar Mercado,6,2013-2018,2548,55.8
518974,Nick Mahin,2,2007-2008,297,55.8
685332,Carlos Mendoza,4,2021-2024,1402,55.8
667825,Luis Lara,3,2016-2018,589,55.8
699105,Luis Reyes,5,2021-2025,623,55.8
681177,Samil Polanco,3,2018-2022,817,55.8
543922,Jesse Wierzbicki,3,2011-2013,720,55.8
685382,Andrew Navigato,2,2021-2022,840,55.8
691265,Junior Sanchez,3,2022-2024,438,55.8
581666,Nathan Melendres,3,2012-2014,536,55.8
22169,Cal Mitchell,5,2017-2023,1714,55.8
659003,Billy Fleming,4,2014-2017,997,55.8
821012,Rafael Flores,2,2024-2025,364,55.79
665180,Ruben Cardenas,3,2018-2022,929,55.79
664060,Kyle Holder,3,2016-2018,1022,55.79
594271,Jorge Padron,2,2010-2011,848,55.79
658643,Orlando Marquez,5,2014-2018,571,55.79
8056,Jeff Frazier,1,2007,515,55.79
31490,Wade Meckler,3,2022-2024,846,55.79
570800,Julian Morillo,4,2009-2012,645,55.78
25483,Nick Sogard,2,2021-2022,810,55.78
4185,Rafael Dolis,1,2010,14,55.78
643459,Ronnie Mitchell,2,2014-2015,859,55.78
595916,Leland Clemmons,3,2014-2016,227,55.78
21454,Lars Nootbaar,2,2021-2022,213,55.77
821149,Frederi Montero,2,2024-2025,448,55.77
573162,Ryan Skube,2,2009-2010,245,55.77
543580,Aaron Murphree,1,2008,178,55.77
502331,Brandon Buckman,2,2007-2008,897,55.77
501744,Keisy Marte,2,2007-2008,361,55.77
804859,Robert Phelps,1,2025,53,55.77
21735,Sebastián Rivero,6,2016-2023,1284,55.77
467852,Yensy Perez,2,2007-2008,381,55.77
571765,Matt Heidenreich,1,2012,10,55.77
4661,Wes Bankston,2,2007-2008,831,55.76
664697,Cobie Fletcher-Vance,3,2018-2022,1040,55.76
821154,Givian Sirvania,2,2024-2025,327,55.76
674466,Julio Meza,5,2017-2023,563,55.76
2430,Darwin Barney,4,2007-2010,1701,55.76
679404,Oscar Rangel,3,2018-2022,214,55.76
691277,Deyvison De Los Santos,5,2021-2025,2323,55.76
545405,Matt Kramer,3,2008-2010,163,55.75
499841,Luis Hurtado,5,2007-2012,219,55.75
800188,Dario Laverde,4,2022-2025,1078,55.75
519010,Mike McGee,3,2011-2013,894,55.75
10166,Nick Franklin,7,2009-2015,2398,55.75
10807,Tyler Saladino,5,2010-2014,2100,55.75
695521,Gavin Conticello,5,2021-2025,1871,55.75
612796,Yeisson Rosario,2,2012-2013,526,55.75
664325,Jose Carrillo,3,2015-2017,344,55.74
827636,Trent Youngblood,1,2025,355,55.74
805332,Justin Janas,4,2022-2025,1260,55.74
830025,Jhostin Genao,1,2025,154,55.74
14813,Kyle Farmer,3,2013-2015,1066,55.74
681083,Clayton Daniel,1,2018,188,55.74
462127,Argenis Gonzalez,2,2007-2008,309,55.74
542593,Gabriel Reyes,3,2008-2010,604,55.74
548361,Casey Stevenson,1,2012,256,55.74
805865,Guy Lipscomb,3,2023-2025,1068,55.73
16337,Nick Gordon,5,2014-2018,2454,55.73
447832,Matt Rizzotti,3,2008-2010,1343,55.73
518148,Carlos Urena,3,2007-2009,375,55.73
554236,Gerardo Reyes,4,2009-2012,599,55.73
694444,Tavian Josenberger,3,2023-2025,758,55.73
666784,Omar Estévez,5,2016-2022,2174,55.72
665649,Nishell Gutierrez,3,2016-2018,422,55.72
4950,Diory Hernandez,2,2007-2008,1124,55.72
514900,Jose Diaz,2,2007-2008,342,55.72
17922,Isan Díaz,5,2014-2018,2077,55.72
6656,L.J. Hoes,7,2008-2014,2799,55.72
592674,Matt Rice,1,2012,290,55.72
806223,Aidan Smith,3,2023-2025,987,55.72
670965,J.C. Millan,3,2016-2018,347,55.72
699305,Diego Mosquera,4,2021-2025,860,55.72
572027,Roberto Perez,2,2009-2010,176,55.72
686733,Luis Sena,1,2021,86,55.72
823779,Ryan Sprock,1,2025,86,55.72
542464,Henry Zabala,2,2008-2009,368,55.71
12198,Jake Hager,6,2011-2017,2467,55.71
800516,Alberto Hernandez,4,2022-2025,977,55.71
15986,Willy Adames,6,2013-2018,2661,55.71
808342,Anyelo Gonzalez,2,2023-2024,281,55.7
813896,Joseph Sullivan,2,2024-2025,570,55.7
613546,Angelo Castellano,7,2012-2018,2038,55.7
16271,Alex Blandino,4,2014-2017,1701,55.7
453029,Gregory Thomson,2,2007-2008,976,55.69
680519,Mario Camilletti,1,2023,496,55.69
14103,Rio Ruiz,7,2012-2018,3221,55.69
667299,Yorki Franco,2,2016-2017,253,55.69
821524,Nestor Urbina,2,2024-2025,248,55.69
676635,T.J. Nichting,1,2018,526,55.69
668474,Dom Abbadessa,3,2016-2018,457,55.69
517031,Julio Rodriguez,6,2007-2012,1117,55.68
829738,Carlos Salmeron,1,2025,55,55.68
477082,Adam Buschini,1,2010,347,55.68
681664,Erick Flores,1,2018,152,55.68
501530,Grolmann Gonzalez,4,2007-2010,656,55.68
521048,Justin Martin,2,2007-2008,123,55.68
681456,Eduin Lugo,1,2018,23,55.68
820958,Almen Tolentino,2,2024-2025,273,55.68
501898,Luis Fernandez,3,2007-2009,371,55.67
5497,Marwin Gonzalez,7,2007-2013,1769,55.67
683953,Travis Bazzana,2,2024-2025,496,55.66
591738,Carlos Esqueda,4,2010-2013,588,55.66
593829,Victor Chavez,1,2010,162,55.66
806973,Ismael Javier,3,2023-2025,486,55.66
605530,Zander Wiel,3,2015-2017,1139,55.65
8793,Matt Clark,3,2009-2011,1668,55.65
644426,Jose Savinon,3,2014-2016,314,55.65
694760,Jackson Coutts,2,2021-2022,260,55.65
670454,Charley Gould,1,2016,206,55.65
446422,Michael Griffin,2,2007-2008,1082,55.64
14593,David Bote,6,2012-2017,1712,55.64
683642,Rayber Romero,2,2021-2023,214,55.64
682428,Alejandro Peguero,1,2018,180,55.64
7945,Jaff Decker,7,2008-2014,2679,55.64
26143,Troy Johnston,1,2021,516,55.64
22277,Nick Allen,5,2017-2023,1414,55.64
680273,Chris Meyers,3,2021-2023,760,55.64
661539,Jake Palomaki,1,2018,203,55.64
16524,Ryan McBroom,2,2015-2016,1086,55.64
678594,Randy Florentino,5,2018-2024,962,55.64
602072,Adam Silva,1,2013,15,55.63
18425,Trey Amburgey,4,2015-2018,1468,55.63
501545,Alejandro Selen,5,2007-2013,1047,55.63
661545,Randy Vasquez,3,2015-2017,363,55.62
829035,Andrew Salas,1,2025,453,55.62
680709,Nick Dunn,2,2018-2021,423,55.62
622561,Jhoan Urena,6,2012-2018,2166,55.61
702690,Cutter Coffey,4,2022-2025,1276,55.61
808099,Yoiber Ruiz,3,2023-2025,383,55.61
678832,Yunior Garcia,5,2018-2024,1050,55.61
831875,Darwin Nuñez,1,2025,201,55.61
672735,Sean Mendoza,3,2017-2021,488,55.61
701339,Marek Houston,1,2025,110,55.6
664979,Ryan Vega,3,2015-2017,564,55.6
807080,Eric Hartman,1,2025,397,55.6
460323,Jodam Rivera,2,2007-2008,607,55.6
669726,Michael Barash,3,2016-2018,754,55.6
593143,Franny Polanco,3,2010-2012,370,55.6
657545,Jace Conrad,2,2015-2016,847,55.6
600294,Cory Jensen,1,2012,110,55.6
682774,Andrick Nava,4,2022-2025,832,55.6
662946,Cody Regis,1,2015,535,55.6
6987,Brandon Jones,2,2007-2008,1005,55.6
573238,Jeremy Wells,1,2009,177,55.6
678964,Cesarre Astorri,1,2018,50,55.6
623271,Chad Carman,2,2012-2013,133,55.6
672824,Pedro Castillo,2,2017-2018,339,55.6
608080,Brandon Macias,3,2011-2013,1165,55.59
467141,Edinho Meyer,3,2007-2009,491,55.59
800712,Wallace Clark,1,2025,36,55.59
663343,Devin Davis,4,2015-2018,867,55.59
657779,Dom Thompson-Williams,2,2017-2018,507,55.59
678706,Reivaj Garcia,6,2018-2025,1573,55.59
672734,Jose Tortolero,2,2017-2021,432,55.59
542579,Wilfrel Estevez,5,2008-2012,828,55.59
808288,Luis Lameda,3,2023-2025,583,55.59
703160,Yasser Mercedes,4,2022-2025,964,55.59
696083,Leonel Espinoza,4,2021-2025,1185,55.59
658256,Michael Pritchard,2,2014-2016,491,55.59
676866,Jesus Azuaje,1,2018,77,55.58
542399,Leopoldo Sanchez,2,2008-2009,386,55.58
593432,Jesus Loya,5,2010-2014,773,55.58
802082,Julio Henriquez,4,2022-2025,668,55.58
17684,Vimael Machín,4,2015-2018,1189,55.58
683110,Miguel Ojeda Jr.,1,2022,84,55.57
660692,Wander Feliz,1,2015,202,55.57
573041,Peter Mooney,3,2011-2014,713,55.57
502575,Matthew Sweeney,5,2007-2012,1518,55.57
594830,Dustin Geiger,6,2010-2015,1722,55.57
667443,Josh Vidales,2,2016-2017,630,55.57
622488,Ricardo Marcano,3,2012-2014,710,55.57
502294,Tommy Giles,2,2007-2008,753,55.57
678499,Randy Romero,3,2018-2022,490,55.57
808698,Pedro Roque,3,2023-2025,303,55.56
678768,Victor Planchart,4,2018-2023,698,55.56
678927,Cesar Garcia,1,2018,187,55.56
821765,Jesus Pinto,2,2024-2025,339,55.56
593962,Moises Beltre,2,2010-2014,71,55.56
543486,Ryan Mantle,1,2008,182,55.56
600874,Joel Caraballo,1,2011,110,55.55
27815,Jordan Westburg,3,2021-2023,1429,55.55
699133,Eddy Beltre,3,2021-2023,265,55.55
809633,Michael Dattalo,1,2025,65,55.55
24617,Jarren Duran,2,2018-2021,417,55.55
802531,Trent Farquhar,3,2023-2025,709,55.55
664765,Lean Marrero,4,2015-2018,435,55.55
31661,Jacob Melton,4,2022-2025,1146,55.55
800367,Sandy Sanchez,3,2022-2024,366,55.55
511428,Leo Heras,2,2013-2014,423,55.55
463731,Antonio Negron,1,2007,271,55.55
660681,Leandro Cedeño,6,2015-2022,1537,55.55
805319,Dervy Ventura,4,2022-2025,993,55.55
501976,Hunter Mense,3,2007-2009,892,55.54
657803,T.J. White,3,2014-2016,1058,55.54
703902,Luis Ogando,3,2022-2024,366,55.54
458088,Cyle Hankerd,3,2007-2009,1426,55.54
9219,Danny Espinosa,2,2009-2010,1120,55.54
9284,Chris Herrmann,4,2009-2012,1756,55.54
820969,Yordani Martinez,2,2024-2025,351,55.53
691024,Cayden Wallace,4,2022-2025,1400,55.53
4898,Luke Hughes,3,2007-2009,1200,55.53
660838,Imeldo Diaz,4,2015-2021,768,55.53
502390,Yazy Arbelo,2,2011-2012,990,55.53
5486,Abraham Almonte,7,2007-2013,2720,55.53
596551,Albertin Chavez,3,2010-2012,541,55.53
501959,Shelby Ford,3,2007-2009,1200,55.53
519433,Steffan Wilson,4,2007-2010,1488,55.53
808146,Yelserth Ayala,2,2023-2024,192,55.53
650969,Alejandro Rojas,3,2014-2016,363,55.53
445007,Michael Jones,3,2007-2009,1101,55.53
9549,David Freese,1,2007,592,55.53
622755,Yohanny Castillo,1,2012,122,55.53
467103,Omar Casamayor,4,2007-2010,776,55.52
543275,Nate Hanson,4,2008-2011,1433,55.52
3900,Ozzie Martínez,5,2008-2012,2114,55.52
802622,Ramon Ramirez,3,2022-2024,273,55.52
622588,Kevin Garcia,4,2012-2016,855,55.52
16930,Jonah Heim,6,2013-2018,1594,55.52
20311,Corey Julks,1,2018,521,55.52
3353,Matt Joyce,3,2007-2009,1234,55.52
19331,Jose Rojas,2,2016-2017,774,55.52
607503,Kevin Cornelius,4,2013-2017,573,55.52
814435,Jacob Sharp,3,2023-2025,528,55.52
7996,José A. Martínez,6,2007-2013,2226,55.51
808014,Sandro Pereira,3,2023-2025,409,55.51
600886,Vicmal De La Cruz,4,2011-2014,707,55.51
672587,Nicolas Febres,2,2017-2018,310,55.51
500348,Juan Torres,6,2007-2012,749,55.51
650871,Alilzon Rodriguez,2,2014-2015,53,55.5
22842,Alexander Canario,6,2017-2024,1988,55.5
600898,Jecksson Flores,8,2011-2018,2142,55.5
821200,Dariel Arias,2,2024-2025,220,55.5
656095,Victor Fernandez,4,2014-2017,711,55.5
571408,Alfredo Soto,1,2009,217,55.5
608069,Rodney Daal,4,2011-2014,517,55.5
678411,Gustavo Ruiz,1,2018,68,55.5
11376,Michael Choice,4,2011-2014,1726,55.49
3734,Che-Hsuan Lin,7,2007-2013,3137,55.49
821775,Aaron Pinero,2,2024-2025,346,55.49
670363,Jeremy Wolf,1,2016,206,55.49
615702,Brett Siddall,4,2015-2018,1577,55.49
650543,Jheyser Azuaje,5,2014-2018,632,55.49
673901,Vaun Brown,2,2021-2022,554,55.49
821101,Ezequiel Pena,2,2024-2025,273,55.49
10200,Tucker Barnhart,7,2009-2015,1636,55.49
650337,Robert Molina,5,2014-2018,558,55.49
660622,Jesus Navarro,4,2015-2018,934,55.49
821691,Darison Garcia,2,2024-2025,397,55.48
543948,Brent Wyatt,1,2009,577,55.48
14962,Rookie Davis,1,2016,25,55.47
21711,Oneil Cruz,5,2016-2022,1641,55.47
702270,Malcolm Moore,2,2024-2025,367,55.47
16578,Yandy Díaz,3,2014-2016,1447,55.47
3255,Franklin Gutierrez,1,2007,138,55.47
666519,Eddie Hernandez,3,2016-2018,803,55.47
570688,Romy Jimenez,5,2009-2013,771,55.47
650905,Carlos Perez,1,2014,111,55.47
14735,Brett Phillips,7,2012-2018,2760,55.47
571069,Alexis Salazar,3,2009-2011,357,55.47
22823,Oswald Peraza,6,2017-2024,2083,55.47
821256,Carlos Caripa,2,2024-2025,175,55.46
22274,Samad Taylor,6,2016-2023,1753,55.46
17988,Tyler Stephenson,4,2015-2018,1193,55.46
680976,Devin Foyle,1,2021,415,55.46
592394,Jake Hernandez,1,2014,213,55.46
542462,Gerson Montilla,6,2008-2014,2327,55.46
570933,Reynaldo Mateo,4,2009-2012,566,55.46
684221,Ezequiel Alvarez,1,2021,79,55.46
815394,Theo Gillen,2,2024-2025,358,55.45
15994,Kean Wong,6,2013-2018,2546,55.45
515047,Yidid Batista,5,2007-2011,913,55.45
501825,Eric Taylor,3,2007-2009,1064,55.45
829056,Carlos Taveras,1,2025,72,55.44
642220,Jantzen Witte,2,2013-2014,612,55.44
12723,Tyler Collins,3,2012-2014,1594,55.44
542212,Alexys Rodriguez,5,2008-2012,446,55.44
543750,Braeden Schlehuber,5,2008-2012,1349,55.44
518499,Jay Brossman,3,2007-2009,1117,55.44
834681,Matthew Miura,1,2025,91,55.44
700081,Jake Thompson,1,2022,141,55.43
607977,Darryl George,3,2011-2014,555,55.43
21842,Carlos Cortes,1,2021,346,55.43
15983,Clint Frazier,6,2013-2018,2408,55.43
1849,Rickie Weeks Jr.,1,2007,28,55.43
681636,Pedro Martinez Jr.,2,2018-2021,300,55.43
622516,John Mora,6,2012-2017,2245,55.43
678481,Derwin Barreto,3,2018-2022,437,55.43
9953,Ryan Schimpf,3,2010-2012,1253,55.43
700283,Derlin Figueroa,5,2021-2025,1467,55.43
488784,Koby Clemens,5,2007-2011,2434,55.43
805052,Jesus Lopez,4,2022-2025,545,55.43
823014,Leandro Morgado,2,2024-2025,328,55.43
17642,JT Riddle,3,2014-2016,1350,55.43
622463,Daniel Fajardo,6,2012-2018,836,55.42
517608,Carlos Arias,1,2007,255,55.42
7596,Tommy Everidge,1,2007,577,55.42
808281,Braylin Morel,3,2023-2025,632,55.42
829895,Jesus Perez,1,2025,174,55.42
19977,Tres Barrera,2,2017-2018,556,55.42
12214,Danny Muno,2,2012-2013,913,55.42
607081,Cameron Seitzer,4,2011-2014,1854,55.42
676627,Tyreque Reed,3,2017-2021,906,55.42
593798,Ruben Ozuna,4,2010-2013,629,55.42
543868,Brandon Turner,1,2009,158,55.42
25346,Ronny Simon,5,2018-2024,2072,55.42
13153,Luis Sardinas,8,2010-2017,2473,55.41
657271,Kenny Towns,2,2015-2016,184,55.41
5888,Cole Gillespie,2,2007-2008,1072,55.41
694425,Justice Bigbie,3,2021-2023,1009,55.41
703245,Andres Sosa,2,2021-2022,303,55.41
642062,Steven Sensley,2,2017-2018,629,55.41
543330,Sean Hoorelbeke,1,2008,96,55.4
25816,Shea Langeliers,2,2021-2022,786,55.4
650727,Welfrin Mateo,4,2014-2018,890,55.4
682674,Victor Bericoto,5,2021-2025,1962,55.4
691905,Ricardo Rosario,4,2021-2024,741,55.4
609267,Dorssys Paulino,7,2012-2018,2513,55.4
5223,Cameron Maybin,5,2007-2011,1351,55.4
453036,David Wood,3,2007-2009,987,55.4
9312,Ryan Wheeler,5,2009-2013,2025,55.4
12590,Taylor Featherston,3,2012-2014,1510,55.4
10053,Grant Green,4,2009-2012,1775,55.4
668554,Dixon Gutierrez,2,2016-2017,412,55.4
643569,Toby Thomas,5,2013-2017,1625,55.39
609002,Tomas Morales,5,2012-2016,526,55.39
607739,Dominique Taylor,3,2013-2015,1031,55.39
671276,Yasel Antuna,5,2017-2023,1787,55.39
14678,Tzu-Wei Lin,6,2012-2018,2149,55.39
489288,Eric Santiago,2,2007-2008,168,55.39
15694,Chance Sisco,6,2013-2018,2016,55.39
518661,Hector Estrella,3,2007-2009,1068,55.39
6013,Cristhian Adames,8,2008-2015,2952,55.39
815147,Wilson Rodriguez,3,2023-2025,300,55.38
594021,Alberth Martinez,6,2010-2015,2037,55.38
517356,George Meran,2,2007-2008,219,55.38
620996,Kevin Ross,2,2012-2013,97,55.38
514856,Jairo Rodriguez,7,2007-2013,1153,55.38
660762,Jose Marquez,5,2015-2021,926,55.38
678742,Rainer Nunez,6,2018-2025,2159,55.37
681580,Michael Turconi,2,2022-2023,539,55.37
20263,Mario Feliciano,6,2016-2023,1414,55.37
661437,Jhonny Bethencourt,3,2015-2018,676,55.37
669019,Jose Theran,3,2016-2018,372,55.37
621570,Alan Sharkey,5,2012-2016,1093,55.37
446201,Bobby Felmy,2,2007-2008,1062,55.37
16211,Kevin Cron,4,2014-2017,1807,55.36
460100,Kyle Reynolds,2,2007-2008,811,55.36
698966,Jhosward Camacho,3,2021-2023,478,55.36
657615,Shane Hoelscher,2,2015-2016,928,55.36
8298,Francisco Peña,8,2007-2014,2646,55.36
554239,Elmer Reyes,7,2009-2015,2290,55.36
643547,Ridge Smith,3,2016-2018,316,55.35
452727,Casey Craig,2,2007-2008,971,55.35
600977,Fray Sosa,2,2011-2012,117,55.35
691184,Dauri Lorenzo,3,2021-2023,568,55.35
6962,Ryan Kalish,5,2008-2012,1672,55.35
2832,Rafael Ynoa,6,2007-2012,2071,55.35
10698,Mike Olt,3,2011-2013,1160,55.35
699077,Jose Perez,5,2021-2025,850,55.35
572239,Jonathan Walsh,2,2012-2013,345,55.35
664229,Jared Foster,3,2015-2017,878,55.35
825479,Luis De Leon,1,2025,148,55.35
23802,Anthony Seigler,4,2018-2023,952,55.35
19983,Conner Capel,4,2016-2021,1573,55.35
669741,Bryant Packard,2,2021-2022,555,55.35
9698,Rusty Ryal,1,2007,489,55.35
6732,Zoilo Almonte,6,2007-2013,2155,55.35
570889,Westlonder Marcelino,3,2009-2011,211,55.35
593529,Delbis Arcila,4,2010-2013,1048,55.34
622817,Gustavo Perinan,1,2012,147,55.34
686941,Brett Barrera,2,2022-2023,206,55.34
5587,Carlos Corporán,2,2007-2008,521,55.34
641891,Nelson Molina,6,2013-2018,1339,55.34
680625,Carlos Hernandez,1,2018,102,55.34
677661,Jose Martinez,2,2018-2021,205,55.34
19627,Brent Rooker,2,2017-2018,829,55.34
19314,Donovan Walton,2,2017-2018,783,55.34
823856,Anthony Longo,2,2024-2025,164,55.34
572034,Dane Phillips,2,2013-2014,749,55.33
814431,Jackson Castillo,3,2023-2025,999,55.33
16252,Trea Turner,4,2014-2017,1110,55.33
502073,Chris Carlson,1,2008,398,55.33
670417,Brandon Montgomery,3,2016-2018,1104,55.32
453238,Wes Hodges,3,2007-2009,1396,55.32
593826,Ydarqui Marte,5,2010-2014,714,55.32
543525,Douglas McNulty,1,2008,193,55.32
808307,Kleyver Salazar,3,2023-2025,738,55.32
21865,Bo Naylor,4,2018-2023,1275,55.32
643560,Christian Stringer,2,2013-2014,511,55.32
805950,Antonis Macias,3,2023-2025,824,55.32
672657,Angel Lopez,2,2017-2018,441,55.32
572254,Tim Wheeler,3,2010-2012,1644,55.32
820968,Alfredo Benzan,2,2024-2025,421,55.31
17737,Josh Lester,4,2015-2018,1122,55.31
517358,Sergio Guerrero,3,2007-2009,538,55.31
542434,Jhorge Liccien,3,2008-2010,409,55.31
595938,Johnny Eierman,3,2011-2013,360,55.31
518964,Daniel Lyons,2,2008-2009,772,55.31
694848,Sam Brown,2,2024-2025,1014,55.31
19960,Taylor Trammell,5,2016-2022,1707,55.3
5297,Aaron Hicks,7,2008-2014,2454,55.3
499960,Eduard Martinez,2,2007-2008,344,55.3
502017,Marcus Lemon,6,2007-2012,2769,55.3
593522,Luis Villegas,8,2010-2017,976,55.3
676991,Davis Bradshaw,3,2018-2022,723,55.3
800411,Jean Mata,2,2022-2023,313,55.3
2502,Lucas Duda,3,2008-2010,1521,55.3
606145,Elio Castillo,7,2011-2017,1081,55.29
21614,Kyle Isbel,2,2018-2021,744,55.29
678267,Luis Milla,1,2018,206,55.29
687691,Esmarly Tatis,2,2021-2022,170,55.29
674294,Marco Van Der Wijst,2,2017-2018,157,55.29
573003,Deangelo Mack,2,2010-2011,854,55.29
800232,Luis Baez,4,2022-2025,1217,55.29
802398,Sebastian Baquera,2,2024-2025,191,55.28
18136,Ka'ai Tom,3,2016-2018,1136,55.28
534649,Juan Silverio,7,2008-2014,2566,55.28
645917,Marty Herum,4,2013-2016,1365,55.28
682141,Ryan Anderson,1,2018,147,55.28
624132,Rolando Segovia,3,2012-2014,462,55.28
629504,Antonio Tovar,4,2013-2016,879,55.27
10711,Arismendy Alcántara,7,2009-2016,2938,55.27
27770,Zac Veen,5,2021-2025,1914,55.27
606243,Luis Ortega,6,2011-2016,1062,55.27
570723,Gabriel Santana,6,2009-2015,993,55.27
534806,Jonathan Koscso,1,2011,34,55.27
592734,Tant Shepherd,1,2011,158,55.27
31431,Jordan Beck,4,2022-2025,910,55.27
699810,Miguel Lopez,3,2021-2023,249,55.27
692478,Victor Arias,5,2021-2025,1217,55.27
805168,Alejandro Nunez,4,2022-2025,1158,55.27
3142,Robinson Chirinos,2,2007-2008,731,55.26
489092,Brian Mathews,3,2007-2009,597,55.26
462519,Andrew Goff,2,2008-2009,85,55.26
643473,Matt Oberste,3,2014-2016,1291,55.26
7938,Brian Horwitz,1,2007,441,55.26
12547,John Hicks,4,2011-2014,1336,55.26
694211,Manuel Pena,5,2021-2025,1935,55.26
657445,Dash Winningham,5,2014-2018,1714,55.26
23794,Jordan Groshans,5,2018-2024,1866,55.25
800126,Alain Camou,2,2023-2024,301,55.25
489157,Patrick Murray,1,2010,218,55.25
7515,Jhonatan Solano,4,2007-2010,1302,55.25
594020,Ricardo Valenzuela,6,2010-2015,590,55.25
642440,Jhonny Rodriguez,5,2013-2017,745,55.25
173,Scott Cousins,3,2007-2009,1319,55.25
453258,Keoni Ruth,3,2007-2009,925,55.25
6441,Lastings Milledge,3,2007-2009,272,55.25
682456,Tyler Flores,1,2018,189,55.25
18027,Hoy Park,4,2015-2018,1681,55.24
4734,Sergio Santos,2,2007-2008,950,55.24
665874,Edinson Valdez,3,2016-2018,437,55.24
18433,P.J. Higgins,3,2015-2017,1030,55.24
642275,Franklin Azuaje,2,2013-2014,223,55.24
501768,Yan Carlos Hiciano,2,2007-2008,212,55.24
813666,Ariel Armas,2,2024-2025,438,55.24
668667,Daniel Cabrera,3,2021-2023,1276,55.24
665705,Luis Avila,3,2016-2018,560,55.24
15181,Ryan Cordell,3,2014-2016,1386,55.23
23818,Ji Hwan Bae,5,2018-2024,1322,55.23
691349,Ricardo Rivera,1,2021,105,55.23
501447,Jose Altuve,3,2007-2009,417,55.23
620442,Wendell Rijo,6,2013-2018,2102,55.23
673046,Daniel Paulino,2,2017-2018,353,55.23
644375,Kungkuan Giljegiljaw,4,2014-2018,1153,55.23
672654,Luis Arcendo,2,2017-2018,362,55.22
4390,Scott Moore,2,2007-2008,700,55.22
661438,Jose Rojas,2,2015-2016,393,55.22
680661,Carlos Sanchez,1,2018,242,55.22
519245,Victor Sanchez,1,2011,268,55.22
681714,Luis Gomez,2,2018-2021,265,55.22
12950,Phillip Evans,6,2011-2017,2064,55.22
19931,Luke Williams,4,2015-2021,1163,55.22
12552,Eugenio Suárez,7,2009-2015,2233,55.22
644417,Joshual Ramirez,3,2014-2016,431,55.22
542516,Eduardo Soto,3,2008-2010,385,55.22
815900,Victor Hurtado,2,2024-2025,323,55.22
516488,Nicolas Ventura,2,2007-2008,117,55.22
465098,Luis Arlet,1,2007,116,55.22
691276,Luis Caicuto,5,2021-2025,489,55.22
4727,Jacoby Ellsbury,1,2007,484,55.21
623221,John Sgromolo,1,2012,112,55.21
542995,Allen Caldwell,3,2008-2010,470,55.21
14388,Ronald Guzmán,7,2012-2018,2533,55.21
650508,Carlos Herrera,6,2014-2021,1846,55.21
656871,Matt Railey,3,2014-2016,189,55.21
450546,Matt Berezay,2,2007-2008,951,55.21
658554,Esequeil Delgado,2,2015-2016,377,55.21
650901,Carlos Guzman,1,2014,153,55.21
660695,Rafael Mejia,4,2015-2018,596,55.21
469205,Angel Rodriguez,2,2007-2008,332,55.21
13755,Tomás Nido,5,2012-2018,1496,55.2
609284,Crisford Adames,3,2013-2015,658,55.2
19877,Tristan Gray,1,2018,496,55.2
572069,Myrio Richard,5,2009-2013,1754,55.2
602716,Aneudis Peralta,4,2011-2014,813,55.2
502685,Mike Goetz,2,2007-2008,195,55.2
665829,Luis Leon,5,2016-2022,1079,55.2
6400,Kirk Nieuwenhuis,4,2009-2012,1383,55.2
19625,David MacKinnon,2,2017-2018,681,55.2
543761,Barrett Serrato,1,2013,20,55.19
814172,Chase Jaworsky,3,2023-2025,652,55.19
672463,Rafael Lantigua,4,2017-2022,1399,55.19
531557,Deivi Mejia,4,2009-2012,443,55.19
553982,Jem Argenal,4,2009-2012,788,55.19
674951,Nick Podkul,1,2021,209,55.18
7765,Jermaine Curtis,4,2009-2012,1615,55.18
663544,LJ Talley,1,2021,360,55.18
593838,Junior Boni,3,2010-2012,547,55.18
624425,Nico Giarratano,1,2017,99,55.17
543635,Daniel Pertusati,6,2008-2013,2270,55.17
570637,Yeison Hernandez,5,2009-2013,909,55.17
694193,Victor Acosta,5,2021-2025,1611,55.17
654786,Jamie Mitchell,1,2014,48,55.17
572868,Anthony Giansanti,4,2010-2013,1192,55.17
592205,Ryan Casteel,5,2010-2015,1557,55.17
4338,Tyler Chatwood,1,2013,11,55.16
502515,Raul Barron,4,2007-2010,939,55.16
665057,Nick Lynch,1,2015,62,55.16
815154,Slade Caldwell,1,2025,516,55.16
543669,Cody Puckett,4,2008-2011,1718,55.16
694229,Enderso Lira,5,2021-2025,619,55.15
591618,Erick Soto,1,2010,267,55.15
543930,Seth Williams,3,2008-2010,295,55.15
800068,Isaac Pena,4,2022-2025,640,55.15
8418,Ehire Adrianza,8,2007-2014,2753,55.15
670627,Dylan Cook,1,2016,59,55.15
448272,Chad Boyd,1,2007,430,55.15
570918,Aaron Sillas,1,2009,140,55.15
801957,Dub Gleed,1,2025,274,55.15
542680,Andres Perez,2,2008-2009,573,55.15
21897,Christopher Morel,5,2017-2023,1108,55.15
12856,George Springer,3,2012-2014,1232,55.15
6880,Nick Noonan,7,2007-2013,2896,55.14
544938,Albert Cordero,7,2008-2014,1643,55.14
591678,Miguel Brito,4,2010-2013,615,55.14
501189,Jeffrie Castano,1,2007,194,55.14
660621,Roberto Medina,2,2015-2016,250,55.14
808159,Jonathan Martinez,3,2023-2025,383,55.14
452024,Bobby Spain,2,2008-2009,640,55.14
14137,Tim Lopes,7,2012-2018,3130,55.14
613595,Eddy Melo,2,2012-2013,409,55.14
501807,Christopher Minaker,2,2007-2008,909,55.14
694749,Dylan Campbell,3,2023-2025,1058,55.14
465050,Jose Bastardo,1,2007,132,55.13
703070,Loidel Chapelli,3,2022-2024,977,55.13
694580,Kemp Alderman,3,2023-2025,989,55.13
667366,Ysaac Pena,2,2016-2017,194,55.13
692482,Luis Bullon,1,2021,26,55.13
19326,Bryan Reynolds,3,2016-2018,990,55.13
28344,Tsung-Che Cheng,5,2021-2025,2064,55.13
605402,Chris O'Brien,4,2011-2014,1200,55.13
605343,Daniel Lockhart,6,2011-2017,1751,55.13
801254,Germain Noriega,1,2022,161,55.13
808261,Marcos Terrero,3,2023-2025,258,55.12
821811,Ricardo Crespo,2,2024-2025,180,55.12
6863,Freddy Sandoval,1,2007,563,55.12
17689,Kevin Kramer,4,2015-2018,1330,55.12
595187,Henry Dunn,2,2010-2011,224,55.12
660596,Jose Salas,4,2015-2018,613,55.12
593137,Erick Salcedo,8,2010-2017,2416,55.12
13369,Erik González,7,2009-2016,2756,55.12
592762,Les Smith,1,2010,20,55.11
681614,Branfiel Concepcion,1,2018,153,55.11
821676,Claudiel Lantigua,1,2024,178,55.11
623371,Cameron Flynn,3,2012-2014,604,55.11
554244,Felipe Burin,4,2009-2012,870,55.11
16115,Mike Gerber,4,2014-2017,1613,55.11
520810,Wayne Kendrick,1,2007,94,55.11
467090,Juan Estevez,1,2007,125,55.1
644217,Alejandro Diaz,4,2013-2016,450,55.1
570611,Javier Azcona,3,2009-2011,462,55.1
517457,Leonel De Los Santos,4,2007-2010,748,55.1
448290,K.C. Herren,2,2007-2008,863,55.1
542176,Elvin Cuello,1,2008,101,55.1
659366,Miles Gordon,4,2015-2018,705,55.1
642728,Offerman Collado,6,2013-2018,1053,55.1
649135,Jake Bowey,2,2014-2015,214,55.1
544926,Josh Fellhauer,4,2009-2012,1739,55.1
691579,Gabriel Rodriguez,2,2021-2022,108,55.1
12490,Tyler Smith,4,2013-2016,1753,55.1
18036,Jake Cronenworth,3,2016-2018,1563,55.1
501473,Israel Diaz,1,2007,38,55.09
25569,Jake Alu,1,2021,370,55.09
534612,Nate Recknagel,2,2009-2010,736,55.09
691183,Kevin Made,5,2021-2025,1789,55.09
656033,Gorge Munoz,3,2015-2017,579,55.09
593521,Felix Perez,1,2010,33,55.09
14936,Jaycob Brugman,3,2014-2016,1676,55.09
593455,Jhason Conde,2,2010-2011,265,55.08
698975,Brayan Ferrer,3,2021-2023,314,55.08
829761,Santiago Gil,1,2025,84,55.08
456481,Yordany Ramirez,3,2007-2009,1375,55.08
592113,Eric Arce,3,2011-2013,425,55.08
821616,Brandon Vasquez,2,2024-2025,199,55.08
698929,Jesus Hernandez,5,2021-2025,1158,55.08
5633,Lucas May,3,2007-2009,1272,55.08
600919,Felix Lora,3,2011-2013,256,55.07
2777,Aaron Bates,2,2007-2008,1107,55.07
622788,Oliver Caraballo,4,2012-2015,324,55.07
699390,Fredy Montenegro,2,2021-2022,99,55.07
800204,Derek Bernard,4,2022-2025,916,55.06
607163,John Ortega,2,2011-2012,229,55.06
807722,Maxton Martin,3,2023-2025,708,55.06
807239,Bernard Moon,3,2023-2025,676,55.06
691281,Diosfran Cabeza,5,2021-2025,586,55.06
602076,Wilmer Romero,4,2011-2014,728,55.06
518454,Butch Biela,2,2007-2009,140,55.06
641807,Brennon Lund,3,2016-2018,1285,55.06
518518,Michael Burgess,7,2007-2013,3003,55.06
542915,Justin Bass,2,2009-2010,796,55.06
515059,Rafael Torrealba,3,2007-2009,399,55.05
500882,Nestor Molina,2,2007-2008,193,55.05
672389,Miguel Pena,2,2017-2018,358,55.05
593500,Sandy Acevedo,4,2010-2013,670,55.05
702695,Easton Carmichael,1,2025,54,55.05
681729,Hanser Valerio,1,2018,183,55.05
676953,Martin Figueroa,1,2017,79,55.05
657427,Colin Hering,1,2014,169,55.05
650612,Yorly Martinez,2,2014-2015,465,55.04
466994,Jose J. De Los Santos,1,2007,218,55.04
623519,David Olmedo-Barrera,4,2015-2018,1088,55.04
644407,Johan Mieses,6,2013-2018,2162,55.04
666632,Yonathan Perlaza,6,2016-2023,2048,55.04
15112,Ryan McMahon,6,2013-2018,2655,55.04
29634,Will Wagner,3,2021-2023,918,55.04
31370,Jakob Marsee,4,2022-2025,1733,55.04
475572,Aaron Miller,1,2012,43,55.04
821234,Jhoanjel Saez,2,2024-2025,168,55.04
19813,Charles Leblanc,2,2017-2018,750,55.03
468470,Reegie Corona,4,2007-2010,2117,55.03
664460,Luis De La Rosa,3,2015-2017,342,55.03
657004,Allen Staton,2,2015-2016,665,55.03
815097,Mikey Kane,3,2023-2025,447,55.03
4448,Callix Crabbe,1,2007,541,55.03
642404,Daniel Suero,2,2014-2015,434,55.03
541654,Nahum Hernandez,3,2008-2010,673,55.02
669471,Devin Mann,2,2018-2021,704,55.02
594797,Brandon Decker,2,2010-2011,586,55.02
800257,Yonatan Henriquez,4,2022-2025,977,55.02
501642,Moises Charles,2,2007-2008,504,55.02
542647,Elvin Rodriguez,2,2008-2009,220,55.02
492851,Raddy Sierra,3,2007-2009,422,55.02
821139,Luis De La Cruz,2,2024-2025,350,55.02
607770,Stephen Wickens,3,2011-2013,834,55.02
563921,Billy O'Conner,1,2009,125,55.01
17839,Luis Alexander Basabe,6,2013-2021,2116,55.01
489252,John Roberts,1,2009,162,55.01
814436,Ryan Galanie,2,2023-2024,594,55.01
641502,L.B. Dantzler,2,2014-2015,790,55.0
814444,Will Turner,2,2024-2025,292,55.0
681615,Johan Liberato,1,2018,155,55.0
695554,Tayden Hall,4,2022-2025,1073,55.0
672844,Moises Gonzalez,2,2017-2018,331,55.0
699030,Carlos Carmona,2,2021-2022,263,55.0
666728,Carlos Soto,5,2016-2022,919,55.0
519201,Beau Riportella,2,2007-2008,220,55.0
18289,Brian Anderson,4,2014-2017,1752,55.0
593951,Aderling Mejia,6,2010-2015,1586,55.0
808223,Javier Herrera,3,2023-2025,467,55.0
687518,Patrick Frick,1,2021,440,55.0
502262,Mitch Canham,2,2008-2009,949,55.0
7290,Jake Elmore,4,2008-2011,1593,54.99
691622,Jamal Zalm,2,2021-2022,268,54.99
455391,Mike Paulk,2,2007-2008,1165,54.99
821784,Isaac Ponce,2,2024-2025,315,54.99
543034,Kevin Coddington,4,2008-2011,1138,54.99
800398,Roman La Torre,2,2022-2023,131,54.99
670352,Ben Ruta,3,2016-2018,728,54.99
593585,Robinson Torres,5,2010-2014,799,54.99
642757,Grofi Cruz,3,2013-2015,475,54.98
664858,Brendon Sanger,4,2015-2018,1487,54.98
450595,Garrett Baker,1,2008,486,54.98
802100,Kendry Feliz,2,2022-2023,322,54.98
1136,Carlos Rivero,6,2007-2012,3001,54.98
430943,Luis Oliveros,1,2007,197,54.98
506874,Robbie Shields,3,2010-2012,1029,54.98
592312,Jorge Flores,4,2013-2016,1516,54.98
448293,Alfred Joseph,1,2007,361,54.98
821090,Enyel Rosario,2,2024-2025,279,54.97
570147,Ariel Baez,4,2009-2012,762,54.97
672586,Maximo De La Rosa,2,2017-2018,162,54.97
488798,Ben Copeland,2,2007-2008,1002,54.97
664046,Roman Collins,3,2015-2017,1309,54.97
446803,Kenny Holmberg,1,2007,489,54.97
677596,Danny Diaz,2,2018-2021,200,54.97
16417,Sergio Alcántara,7,2013-2021,1990,54.97
650368,Rachid Engelhardt,3,2014-2016,461,54.97
673650,Cristhian Longa,3,2017-2021,511,54.97
576405,Brian Fletcher,4,2010-2013,1281,54.97
607372,Juan Perez,6,2011-2016,2639,54.97
667719,Renae Martinez,2,2017-2018,528,54.96
687600,Kaden Hopson,1,2025,45,54.96
650541,Franklin Arias,4,2014-2017,736,54.96
660727,Hemerson Serven,1,2015,251,54.96
665857,Cesar Cortez,3,2016-2018,368,54.96
14158,Mac Williamson,4,2012-2015,1235,54.96
515060,Roberto Velasquez,6,2007-2012,1003,54.95
570264,Eladio Berroa,4,2009-2012,749,54.95
692851,Victor Valera,3,2021-2023,261,54.95
694371,Tommy Troy,3,2023-2025,1010,54.95
623383,Edward Sappelt,2,2012-2013,48,54.95
642344,Jhon Nuñez,5,2013-2018,814,54.95
503792,Luis De La Cruz,7,2007-2013,847,54.94
701177,Nick Cimillo,3,2022-2024,717,54.94
10030,Chris Owings,7,2009-2016,2150,54.94
664293,Leonardo Ortiz,3,2015-2017,467,54.94
519298,Justin Snyder,3,2008-2010,1201,54.94
27478,Patrick Bailey,3,2021-2023,807,54.93
703448,Cam Cannarella,1,2025,95,54.93
13154,Marco Hernández,7,2010-2016,2337,54.93
643198,Jonah Arenado,6,2013-2018,2244,54.93
650831,Raul Siri,4,2014-2018,839,54.93
542483,Lewis Urena,6,2008-2013,1117,54.93
683344,Homer Bush Jr.,3,2023-2025,1195,54.93
703492,Nick Morabito,4,2022-2025,1299,54.93
22244,Jack Suwinski,5,2016-2022,1732,54.93
516420,Franklin Lopez,2,2007-2008,329,54.93
20233,Gilberto Celestino,5,2016-2023,1160,54.93
544012,Nick Valdez,2,2008-2009,229,54.92
802016,Elian Cortorreal,2,2022-2023,266,54.92
814307,Zyhir Hope,3,2023-2025,859,54.92
10951,Greg Garcia,5,2010-2014,2071,54.92
622443,Kevin Cerda,2,2012-2013,239,54.92
821790,Ronald Ramirez,2,2024-2025,320,54.92
502436,Thomas Hickman,3,2008-2010,937,54.92
814528,Sam Kulasingam,2,2024-2025,642,54.91
661404,Luis Guzman,4,2015-2018,724,54.91
672416,Jesus Baptista,2,2017-2018,361,54.91
17023,Magneuris Sierra,6,2013-2018,2275,54.91
643337,Austin Green,2,2013-2014,469,54.91
622211,Brett Vertigan,2,2013-2015,1138,54.91
702463,Aaron McKeithan,4,2021-2024,838,54.9
607351,Joe De Pinto,3,2011-2013,864,54.9
9627,Yan Gomes,4,2009-2012,954,54.9
827719,Jake Munroe,1,2025,56,54.9
668561,Andri De Los Santos,1,2016,160,54.9
669637,Blake Chisolm,1,2018,157,54.9
592383,Chris Hawkins,4,2010-2013,1405,54.9
23312,Ryan Noda,2,2017-2018,803,54.9
703177,Jhonny Severino,4,2022-2025,1072,54.9
670448,Sam Dexter,2,2016-2017,278,54.9
642031,Jake Romanski,2,2014-2015,632,54.9
15274,Mike Tauchman,2,2014-2015,791,54.9
672884,Jose Lozada,1,2017,136,54.9
15402,Jack Mayfield,3,2013-2015,1050,54.89
609457,Vance Albitz,1,2012,261,54.89
595111,Carlos Alonso,2,2011-2012,573,54.89
462118,Travis Jones,4,2007-2010,1512,54.89
24655,Owen Miller,2,2018-2021,320,54.89
614182,Jose Carlos Urena,4,2012-2016,709,54.89
607497,Brandon Choate,1,2011,63,54.89
642695,Santo Marte,4,2013-2016,337,54.89
806071,Jonny Farmelo,2,2024-2025,350,54.88
700027,Carlos Jimenez,3,2021-2023,401,54.88
25971,Kevin Alcántara,5,2021-2025,1965,54.88
453341,Josh Lansford,2,2007-2008,758,54.88
694939,Marcus Brown,3,2023-2025,879,54.88
456671,Van Pope,2,2007-2008,864,54.88
676863,Carson Crites,1,2017,166,54.88
665821,Fabian Andrade,3,2016-2018,646,54.87
516686,Cesar Tejada,2,2007-2008,228,54.87
699080,Jesus Quevedo,1,2021,75,54.87
674646,Tucker Bradley,2,2021-2022,850,54.87
593584,Witer Jimenez,2,2010-2011,388,54.86
687152,Darrien Miller,5,2021-2025,1676,54.86
821121,Sebastian Rojas,2,2024-2025,226,54.86
543638,Bryan Peterson,3,2008-2010,252,54.86
17588,Blake Trahan,4,2015-2018,1875,54.86
622691,Henrry Rosario,6,2012-2017,1180,54.86
650506,Jose Gomez,6,2014-2021,1993,54.86
544752,Josh Mazzola,3,2008-2010,758,54.86
660817,Carlos Machado,4,2015-2021,607,54.86
17321,Michael Chavis,5,2014-2018,1657,54.86
593469,Jamiel Orozco,3,2010-2012,479,54.85
814414,Kyle DeBarge,2,2024-2025,658,54.85
501601,Marcial De La Nieve,1,2007,36,54.85
829053,Diego Tornes,1,2025,147,54.85
808496,Jaeden Calderon,3,2023-2025,377,54.85
458568,Jonny Tucker,2,2007-2008,1005,54.85
577029,Chris Curley,3,2009-2012,479,54.85
595445,Cole Tyrell,2,2010-2011,166,54.85
801561,Matt Halbach,1,2025,436,54.84
829264,Juan Alva,1,2025,201,54.84
502446,Chase Odenreider,2,2007-2008,196,54.84
5716,Joshua Rodriguez,3,2007-2009,1320,54.83
800354,Esteban Mejia,4,2022-2025,927,54.83
800433,Elis Cuevas,4,2022-2025,954,54.83
544827,Carlos Paulino,6,2008-2014,1396,54.83
14335,Dilson Herrera,8,2011-2018,2986,54.83
661565,Raul Juarez,4,2015-2018,645,54.83
19452,Jake Rogers,3,2016-2018,981,54.83
18006,John Bormann,3,2015-2017,443,54.83
519402,Garrett Weber,2,2012-2013,783,54.83
16285,Michael Hermosillo,6,2013-2018,1800,54.83
519447,Ty Wright,3,2007-2009,1057,54.82
516852,Lino Torres,1,2007,126,54.82
805104,Jose Monserrate,4,2022-2025,532,54.82
27735,Brett Wisely,3,2021-2023,1243,54.82
829925,Dencer Diaz,1,2025,104,54.82
683558,Abel Noguera,1,2021,127,54.82
821419,Juarlin Soto,2,2024-2025,409,54.82
834582,Jack Collins,1,2025,32,54.82
19824,Chuckie Robinson,2,2017-2018,752,54.82
642299,Alejandro Flores,4,2013-2018,583,54.81
504474,Francisco Tirado,1,2007,83,54.81
665635,Brayan Jimenez,3,2016-2018,330,54.81
19956,Mickey Moniak,5,2016-2022,1715,54.81
3817,Joaquin Arias,3,2007-2009,1008,54.81
703204,Esmith Pineda,4,2022-2025,1122,54.81
501725,Jonathan Arias,2,2007-2008,238,54.81
829065,Heins Brito,1,2025,177,54.81
623226,Mark Donato,3,2012-2014,621,54.8
656909,Nathan Rodriguez,3,2016-2018,496,54.8
622395,Luis Subero,3,2012-2014,196,54.8
573241,Brandon Whitby,1,2009,118,54.8
488996,Jeremy Jirschele,1,2007,124,54.8
544248,Adler Garabito,1,2008,73,54.79
657778,Bo Thompson,3,2014-2016,474,54.79
691788,Joe Mack,5,2021-2025,1764,54.79
519302,Luke Sommer,1,2007,199,54.79
623377,Brandon Bayardi,3,2013-2015,763,54.79
682705,Yeuri Amparo,2,2021-2022,117,54.79
8631,Cord Phelps,3,2009-2011,1507,54.79
19957,Blake Rutherford,4,2016-2021,1533,54.79
666525,Jhon Moronta,2,2016-2017,445,54.79
691405,Juan Benjamin,5,2021-2025,1381,54.79
830000,Gustavo Baptista,1,2025,206,54.79
808326,Pablo Guerrero,3,2023-2025,868,54.79
829863,Juan Rojas,1,2025,199,54.78
446937,Erold Andrus,2,2007-2008,1019,54.78
657713,Dave Pepe,2,2014-2015,141,54.78
12147,Nick Ahmed,4,2011-2014,1845,54.77
1191,Chris Johnson,3,2007-2009,1411,54.77
476058,Erik Lis,2,2007-2008,976,54.77
664120,Max McDowell,4,2015-2018,1102,54.77
6596,Ryan Jackson,3,2010-2012,1624,54.77
656005,David Vergel,4,2014-2017,361,54.77
489293,Scott Savastano,3,2008-2010,956,54.77
594897,Jake Lemmerman,4,2010-2013,1686,54.77
803433,Antony Peguero,3,2022-2024,434,54.77
695653,Noah Miller,5,2021-2025,2065,54.76
518906,Tyler Kuhn,4,2008-2011,1806,54.76
516999,Yaquensi8 Romero,2,2007-2008,371,54.76
683546,Albert Fabian,5,2021-2025,1212,54.75
15482,Aristides Aquino,8,2011-2018,2871,54.75
502080,D'Marcus Ingram,5,2007-2011,1228,54.75
23800,Parker Meadows,5,2018-2024,1815,54.75
16909,Colin Moran,5,2013-2017,1968,54.75
23395,Eric Wagaman,3,2017-2022,810,54.75
548300,Chris Wallace,3,2010-2012,875,54.75
444969,Jake Opitz,4,2008-2011,1168,54.75
821684,Yojackson Laya,2,2024-2025,320,54.75
542895,Jamal Austin,4,2011-2014,1618,54.75
517668,Luis Mercedes,2,2007-2008,344,54.75
572920,Drew Hillman,2,2011-2012,358,54.75
608687,L.J. Mazzilli,2,2014-2015,955,54.74
645279,Jose Cabello,3,2015-2017,421,54.74
31354,Jimmy Crooks,4,2022-2025,1374,54.74
543078,Matt Curry,3,2011-2013,1118,54.74
11850,Tyler Austin,6,2011-2016,2178,54.74
547168,Will Allen,2,2015-2016,576,54.74
18395,Travis Blankenhorn,5,2015-2021,1697,54.74
700170,Felix Tena,5,2021-2025,1209,54.74
548344,John Cannon,3,2012-2014,145,54.74
11402,Kyle Waldrop,7,2010-2016,2699,54.74
11192,Brett Nicholas,3,2011-2013,1093,54.74
607302,Casey Kalenkosky,2,2012-2013,461,54.74
829980,Israel Alvarez,1,2025,184,54.73
501376,Jose Flores,4,2007-2010,665,54.73
608421,Eliezer Álvarez,7,2012-2018,1774,54.73
475424,Tony Delmonico,4,2008-2011,1349,54.73
27690,Joey Wiemer,3,2021-2023,1041,54.73
682228,Jeremiah Vison,1,2018,87,54.73
656014,Andy Pineda,4,2014-2018,809,54.73
650351,Rafael Barrios,1,2014,12,54.73
642470,Omar Carrizales,6,2013-2018,2204,54.73
544152,Dwayne Kemp,2,2008-2009,137,54.73
13757,Chris Taylor,4,2012-2015,1414,54.72
454573,Cole Armstrong,2,2007-2008,774,54.72
25055,Nate Eaton,2,2018-2021,625,54.72
3585,Bronson Sardinha,1,2007,503,54.72
806212,Stone Russell,3,2023-2025,669,54.72
455706,Ricardo Sosa,2,2007-2008,522,54.72
827412,Gabriel Flores,1,2025,128,54.72
470466,Jonathan Mota,5,2007-2011,1698,54.72
682613,Dylan Harris,1,2018,247,54.72
668706,Josh Stephen,3,2016-2021,901,54.72
622733,Julio Herrera,2,2012-2013,285,54.72
11446,Rob Segedin,3,2011-2013,1057,54.72
456156,Jose Jimenez,3,2007-2009,688,54.72
570819,Jorge Castillo,3,2009-2011,550,54.72
596088,Mason Robbins,4,2014-2017,1768,54.71
21987,Rodolfo Castro,6,2016-2023,1588,54.71
808679,Angel Herrera,2,2023-2024,359,54.71
663692,Jalen Miller,5,2015-2021,1976,54.71
700341,Kenny Castillo,5,2021-2025,1123,54.71
670133,Chris Clare,2,2017-2018,984,54.71
665149,Sam McDonnell,3,2015-2017,687,54.71
815380,Luke Dickerson,1,2025,359,54.71
548290,Blake Kelso,3,2011-2013,1028,54.71
19197,Will Smith,3,2016-2018,955,54.71
543087,Chase Davidson,2,2011-2013,234,54.71
675913,Sam McMillan,2,2017-2021,231,54.71
650420,Trey Vavra,3,2014-2016,873,54.71
693808,Daury Arias,4,2021-2024,1056,54.71
700162,Jorluis Guerra,3,2021-2023,363,54.71
682771,Reiberth Gil,1,2021,25,54.71
591709,Julio Morillo,6,2010-2015,545,54.71
488796,James Cooper,2,2007-2008,810,54.7
675394,Johnny Olmstead,3,2023-2025,1123,54.7
661409,Dawill Aponte,2,2015-2016,216,54.7
501710,Julio Diaz,1,2007,131,54.7
489010,Shane Justis,1,2007,340,54.7
491618,Ferrel Gomez,2,2007-2008,210,54.7
18032,Mark Mathias,3,2016-2018,1107,54.7
665841,Jhosner Vargas,3,2016-2018,398,54.7
13906,Sherman Johnson,4,2012-2015,1969,54.7
692577,Moises Paiva,2,2021-2023,198,54.7
10556,César Hernández,7,2007-2014,2386,54.7
663350,Brandon Riley,1,2018,196,54.69
463622,Ronald Garth,3,2007-2009,730,54.69
596132,Ty Washington,6,2012-2017,1076,54.69
699213,Gleider Figuereo,5,2021-2025,1758,54.69
672350,Yanio Perez,2,2017-2018,758,54.69
11562,Lendy Castillo,3,2007-2009,484,54.69
467132,Francisco Murillo,1,2007,204,54.69
548378,Brodie Greene,3,2010-2012,1368,54.69
9450,John Raynor,2,2007-2008,1060,54.69
699912,Jose Fernandez,5,2021-2025,1614,54.68
703637,Max Williams,1,2025,78,54.68
644402,Jesus Martinez,1,2013,142,54.68
14330,Nick Williams,6,2012-2017,2462,54.68
516918,Edward Bens,4,2007-2010,412,54.68
543485,James Mallard,2,2009-2010,143,54.68
693243,Garrett Pennington,2,2024-2025,441,54.68
460090,Jeremy Hunt,2,2007-2008,814,54.68
502635,Cody Podraza,4,2007-2010,645,54.68
663403,Kevin Markham,2,2017-2018,513,54.68
4006,Justin Sellers,4,2007-2010,1970,54.68
800387,Fernando Peguero,4,2022-2025,955,54.68
506712,Manuel Falcon,4,2007-2010,650,54.68
664239,Logan Ratledge,3,2015-2017,834,54.68
624417,Bryson Brigman,2,2017-2018,1066,54.68
7783,Juan Miranda,1,2007,520,54.68
821648,Wilberson De Pena,2,2024-2025,198,54.68
672545,Jose Cardozo,2,2017-2018,173,54.67
682864,Aiverson Rodriguez,3,2021-2023,418,54.67
542398,Jerry Puentes,4,2008-2011,801,54.67
542256,Alexander Nunez,2,2008-2009,354,54.67
17307,Luis Liberato,6,2013-2018,1793,54.67
17766,DJ Stewart,3,2016-2018,1532,54.67
643613,Ty Young,1,2014,390,54.67
642733,Hugo Arrocha,2,2013-2014,294,54.67
677648,Kimberling Encarnacion,2,2017-2018,249,54.67
672609,Jimmy Mojica,4,2017-2022,774,54.67
643351,Reed Harper,3,2013-2015,720,54.67
543104,Michael Diaz,1,2009,343,54.66
672890,Ronaldy Sosa,2,2017-2018,357,54.66
680890,Jax Biggers,1,2021,340,54.66
488945,Clay Harris,1,2007,413,54.66
609106,Kirby Young,1,2011,64,54.66
815915,Joswa Lugo,2,2024-2025,371,54.66
525751,Adrian Beltre,1,2007,23,54.66
20970,Oscar Gonzalez,5,2015-2022,1620,54.66
596028,Tyler Marlette,7,2011-2017,2098,54.66
572721,Justin Bloxom,3,2010-2012,1332,54.66
570667,Daniel De Leon,2,2009-2010,456,54.66
573255,John Wooten,4,2012-2015,1446,54.66
615690,Nathan DeSouza,3,2012-2014,177,54.66
676762,Frankie Tostado,3,2018-2022,900,54.66
592388,Drew Heid,3,2010-2012,944,54.66
683760,Carlos Verdecia,2,2021-2022,150,54.66
659910,Brayan Hernandez,2,2015-2016,482,54.65
519353,Mark Thompson,2,2008-2009,889,54.65
809945,Jonah Advincula,3,2023-2025,753,54.65
676756,Joey Bartosic,2,2017-2018,220,54.65
502183,Michael McKennon,2,2007-2008,697,54.65
8260,Curtis Thigpen,1,2007,202,54.65
687310,Will Simpson,3,2023-2025,1179,54.64
691411,Luis Durango,5,2021-2025,807,54.64
469085,Javier Brito,1,2007,528,54.64
30162,Oscar Colás,2,2022-2023,764,54.64
20287,Ben Rortvedt,5,2016-2022,1130,54.64
643571,Joel Thys,1,2013,52,54.64
662949,Tanner Witt,1,2015,173,54.64
642326,Eduardo Davis,2,2013-2014,238,54.64
502595,Clay Jones,2,2010-2011,410,54.64
808029,Luis De Leon,3,2023-2025,487,54.64
4398,Luis Exposito,5,2007-2011,1795,54.63
914,Brennan Boesch,3,2007-2009,1574,54.63
13809,Micah Johnson,4,2012-2015,1761,54.63
821799,Jeiker Gudino,2,2024-2025,139,54.63
641301,Stephen Alemais,3,2016-2018,789,54.63
570732,Pedro Perez,5,2009-2014,369,54.63
622364,Carlos Ramirez,3,2012-2014,248,54.63
2510,Josh Bell,5,2007-2011,2043,54.63
808256,Eikel Joaquin,1,2023,137,54.62
687019,Andrés Alvarez,1,2021,158,54.62
686810,Brennan Milone,4,2022-2025,1655,54.62
666655,Rubendy Jaquez,5,2016-2022,1093,54.62
544013,David Kandilas,6,2009-2014,1597,54.62
572858,Casey Frawley,4,2009-2012,1164,54.62
485640,Eduardo Urbina,2,2007-2008,457,54.62
696486,James Tibbs III,2,2024-2025,678,54.62
679021,Yeison Ceballo,1,2018,123,54.62
656098,Ho-young Son,1,2014,78,54.62
695223,Javier Francisco,5,2021-2025,633,54.62
825430,Rendy Naveo,1,2025,50,54.62
669342,Zach Rutherford,2,2017-2018,732,54.61
542640,Justino Cuevas,4,2008-2011,768,54.61
623148,Bijan Rademacher,4,2012-2015,1389,54.61
622196,BJ Boyd,6,2012-2018,2694,54.61
592829,David Vidal,5,2010-2014,1825,54.61
800357,Ricardo Gonzalez,4,2022-2025,1171,54.6
829886,Elerick Gomez,1,2025,100,54.6
664051,Mitchell Tolman,3,2016-2018,1314,54.6
501838,Matt Weston,1,2007,473,54.6
573157,Cody Shields,1,2010,192,54.6
591682,Alexy Palma,5,2010-2014,856,54.6
816145,Eduardo Acevedo,1,2024,152,54.6
657425,Eudor Garcia,4,2014-2017,894,54.59
454983,Manuel Arambarris,2,2007-2008,731,54.59
502718,Jamie Johnson,2,2010-2011,1187,54.59
24782,David Villar,2,2018-2021,471,54.59
801230,Luis Torres,3,2022-2024,528,54.59
500720,Jonathan Loaisiga,1,2007,102,54.59
543710,Javier Rodriguez,4,2008-2011,568,54.59
804241,Zach Levenson,3,2023-2025,882,54.59
672623,Esney Chacon,5,2017-2023,1023,54.59
622356,Bryant Flete,6,2012-2017,1732,54.59
681974,Onix Vega,4,2018-2023,916,54.59
700652,Kenny Piper,3,2021-2023,562,54.58
9886,Iván De Jesús Jr.,5,2007-2011,2098,54.58
15817,Erick Mejia,7,2012-2018,2034,54.58
698990,Enmanuel Ramirez,5,2021-2025,606,54.58
19477,Alex De Goti,2,2017-2018,924,54.58
518544,Brad Chalk,4,2007-2010,1495,54.58
519368,Wilson Tucker,3,2007-2009,544,54.58
5496,Francisco Peguero,6,2007-2012,2090,54.58
10322,Danny Santana,8,2008-2015,2515,54.57
501195,Manuel Molina,2,2007-2008,540,54.57
606267,Mayke Reyes,1,2011,205,54.57
25477,Isaac Collins,2,2021-2022,891,54.57
643304,Mike Fish,3,2013-2015,1057,54.57
670113,Jim Haley,2,2017-2018,572,54.57
682844,Lazaro Benitez,3,2021-2023,538,54.57
457613,Paul Vasquez,3,2007-2009,468,54.57
660563,Joseph Rosa,5,2015-2021,1366,54.57
450287,Cliff Remole,1,2007,363,54.57
678781,Angel Basabe,4,2018-2023,478,54.56
815925,Adbiel Feliz,2,2024-2025,315,54.56
691449,Roberto Campos,5,2021-2025,1861,54.56
665708,Jesus Lujano,4,2016-2021,886,54.56
3402,Trevor Crowe,2,2007-2008,982,54.56
500900,Jhoe Gonzalez,1,2007,94,54.56
5411,Alex Liddi,7,2007-2013,3497,54.56
5225,Roger Kieschnick,3,2009-2011,1310,54.55
824768,Emdys Rosillo,2,2024-2025,183,54.55
664317,Holman Miranda,1,2015,177,54.55
546992,Chris Chinea,4,2015-2018,1413,54.55
642276,Alexis De Los Santos,2,2013-2014,217,54.55
803142,Tommy Hawke,3,2023-2025,698,54.55
26368,JJ Bleday,2,2021-2022,835,54.55
14854,Mike Yastrzemski,2,2014-2015,1132,54.54
456050,James Skelton,4,2007-2010,1561,54.54
534909,Austin Wates,3,2011-2013,1159,54.54
543775,Brandon Short,6,2008-2013,2118,54.54
502825,Michael Bertram,2,2007-2008,684,54.54
622564,Reggie Cerda,4,2012-2015,243,54.54
670342,Bobby Melley,2,2016-2017,404,54.54
18607,Jared Walsh,4,2015-2018,1498,54.54
643291,Nolan Earley,3,2013-2015,707,54.54
593698,Maximo Rivera,5,2010-2014,854,54.54
8126,Vince Belnome,4,2009-2012,1293,54.53
500726,Mario Yepez,4,2008-2012,973,54.53
666013,Maxwell Morales,3,2016-2018,634,54.53
642450,Rauel Acosta,4,2013-2016,1000,54.53
518696,Evan Frey,3,2008-2010,1802,54.53
691926,Jeral Toledo,5,2021-2025,850,54.53
665119,Robert Lucido,1,2015,37,54.52
681887,Ty Greene,2,2018-2021,192,54.52
668165,Jose Gaitan,2,2017-2018,251,54.52
622593,Gustavo Barrios,2,2012-2013,280,54.52
4793,Travis Ishikawa,2,2007-2008,883,54.51
516996,Damian Taveras,5,2007-2011,804,54.51
673235,Junior Melo,3,2017-2021,255,54.51
6050,Moisés Sierra,7,2007-2013,2613,54.51
593792,Carlos Pena,3,2010-2012,324,54.51
462129,David Hernandez,2,2007-2008,492,54.51
814188,Jayson Bass,3,2023-2025,430,54.51
657723,Kyle Pollock,2,2014-2015,379,54.51
661566,Jose Tello,5,2015-2021,799,54.51
500768,Federico Hernandez,5,2007-2011,1336,54.51
3728,Joel Guzman,3,2007-2009,1373,54.51
642702,Ronaldo Marrero,4,2013-2016,782,54.51
672737,Kleyder Sanchez,3,2017-2021,254,54.5
676695,Cole Peterson,1,2018,437,54.5
814504,Dylan Fien,1,2025,371,54.5
452169,Matt Esquivel,1,2007,426,54.5
23565,Davis Schneider,5,2017-2023,1396,54.5
802397,Angel Arredondo,2,2024-2025,290,54.5
5305,Alex Presley,4,2007-2010,1899,54.49
452247,Freddie Thon,2,2007-2008,579,54.49
680782,Matt Morrow,1,2018,115,54.49
524308,Francisco Soriano,4,2007-2011,1138,54.49
676712,Jake Scudder,1,2018,345,54.49
670463,Robby Rinn,2,2016-2017,532,54.49
679065,Gamaliel Gonzalez,1,2018,66,54.49
694385,Brock Wilken,3,2023-2025,1018,54.49
649805,Melvin Mezquita,2,2014-2015,296,54.49
694514,Sterlin Thompson,4,2022-2025,1549,54.49
8211,Steven Hill,3,2007-2009,1089,54.48
570778,Adderly Rosa,5,2009-2013,914,54.48
571599,Jakob Dalfonso,4,2009-2012,737,54.48
815723,Jadyn Fielder,1,2025,183,54.48
489183,Mark Ori,2,2007-2008,1032,54.48
462120,Carlos Mendez,5,2007-2011,1630,54.47
624737,Victor Tavarez,1,2013,91,54.47
670286,Craig Dedelow,2,2017-2018,834,54.47
695538,Randal Diaz,1,2025,428,54.47
521088,Frederick Parejo,4,2007-2011,991,54.46
664292,Pedro Ventura,3,2015-2018,497,54.46
699017,Wesley Zapata,4,2021-2024,555,54.46
701661,Cristian Garcia,4,2021-2024,818,54.46
800157,Franklin Lopez,3,2022-2024,298,54.46
684260,José  Estrada,3,2021-2023,203,54.46
623276,Bryan Santy,3,2012-2014,213,54.46
572966,Cody Keefer,3,2012-2014,821,54.46
672719,Jesus Feliz,4,2017-2022,545,54.46
596862,Matt Combs,1,2010,75,54.46
542535,Victor Trinidad,2,2008-2009,223,54.46
678232,Jesus Valdez,2,2018-2021,333,54.45
643310,Michael Fransoso,2,2014-2015,471,54.45
548111,Anthony Melchionda,1,2012,155,54.45
667369,Maikel Pineda,3,2016-2018,605,54.45
621662,Georvic Perez,3,2012-2014,268,54.45
542550,Amauris Valdez,3,2008-2010,307,54.44
501669,Pedro Arias,2,2007-2008,165,54.44
814842,Neurelin Montero,3,2023-2025,211,54.44
676203,Marcos Castañon,3,2021-2023,1132,54.44
502191,Rafael Cabreja,1,2008,82,54.44
642700,Anthony Dominguez,4,2013-2016,637,54.44
500869,Emmanuel Avila,3,2007-2009,618,54.44
808113,Anyelo Marquez,3,2023-2025,593,54.43
470500,Carlos Dominguez,2,2008-2009,255,54.43
2369,Lance Zawadzki,3,2007-2009,1109,54.43
666177,Carter Aldrete,2,2021-2022,723,54.43
457800,John Whittleman,5,2007-2011,2563,54.43
672721,Andres Cordero,2,2017-2018,370,54.43
678785,Angel Maita,2,2018-2021,373,54.43
642474,Gerson Jimenez,4,2013-2016,982,54.43
672825,Christopher Rodriguez,2,2017-2018,353,54.43
699085,Nathanael Rodriguez,3,2021-2023,376,54.43
644378,Luis Crisostomo,3,2013-2015,590,54.42
571724,Chase Greene,2,2009-2010,234,54.42
821787,Guillermo Batista,2,2024-2025,299,54.42
815734,Dylan Jasso,3,2023-2025,1135,54.42
570479,Alex Monsalve,8,2009-2016,2120,54.42
642272,Erlin Cerda,6,2013-2018,831,54.42
605214,Taylor Dugas,2,2013-2014,897,54.42
575828,Tyler Stampone,2,2009-2010,449,54.41
470484,Concepcion Rodriguez,4,2007-2010,1704,54.41
521309,Mayo Acosta,5,2007-2012,986,54.41
546048,Derek Gianakas,1,2008,38,54.41
826932,Cobb Hightower,1,2025,287,54.41
467111,Ciro Caldera,1,2007,159,54.41
677602,Antoni Flores,3,2018-2022,412,54.41
7216,César Puello,7,2008-2014,2341,54.41
13277,Joey Rickard,3,2013-2015,1286,54.41
593530,Jose Giron,3,2010-2012,640,54.41
570268,Estarlin Martinez,6,2009-2015,1691,54.41
11894,Noel Cuevas,6,2011-2016,2500,54.4
13355,Luke Maile,3,2013-2015,1137,54.4
677593,Luis García,4,2018-2023,1049,54.4
570149,Curtney Doran,2,2009-2010,541,54.4
25040,Vinny Capra,2,2018-2021,396,54.4
518724,Jon Gilmore,6,2007-2012,2051,54.4
672733,Marcos Gonzalez,5,2017-2023,854,54.4
543364,Jose Jimenez,3,2009-2011,821,54.4
468513,David Rivas,1,2007,267,54.4
830399,Jefrank Silva,1,2025,130,54.4
827447,Johan Fernandez,2,2024-2025,130,54.4
820835,Kade Snell,1,2025,112,54.39
800456,Ludwin Tejada,3,2022-2024,165,54.39
821495,Alonso Gallegos,2,2024-2025,206,54.39
15207,Stuart Turner,4,2013-2016,1255,54.39
642709,Carlos Aquino,4,2013-2016,416,54.39
699068,Roger Lasso,5,2021-2025,828,54.39
608585,Yunerky Adames,4,2011-2014,604,54.39
681371,Dom Keegan,4,2022-2025,1265,54.39
8203,Dee Strange-Gordon,5,2008-2012,1846,54.39
444962,Dale Mollenhauer,4,2007-2010,1720,54.38
502835,Nick Liles,4,2009-2012,1335,54.38
703520,Brett Bateman,3,2023-2025,1024,54.38
828599,Lucas Spence,2,2024-2025,607,54.38
453245,Tom King,2,2007-2008,613,54.38
11281,Whit Merrifield,4,2010-2013,1654,54.38
829743,Aiverson Barazarte,1,2025,95,54.38
676819,Kyle McPherson,1,2017,62,54.38
9072,Eric Patterson,1,2007,582,54.38
18042,Dylan Moore,3,2015-2017,1030,54.37
691623,Alexander Perez,3,2021-2023,430,54.37
573226,Daniel Wagner,5,2009-2013,2128,54.37
680636,Ramon Mendoza,6,2018-2025,1525,54.37
808849,Jermaine Maricuto,2,2023-2024,140,54.37
11935,Travis Taijeron,2,2012-2013,942,54.37
10286,Francisco Arcia,7,2007-2014,1132,54.37
699118,Kleiver Lopez,2,2021-2022,191,54.37
806976,Rayner Arias,3,2023-2025,389,54.37
823853,Yoxander Benitez,2,2024-2025,182,54.37
593625,Miguel Leal,5,2010-2014,776,54.37
691606,Jose Caballero,3,2021-2023,285,54.36
502222,Dillon Baird,3,2009-2011,988,54.36
643435,Duncan McAlpine,1,2014,38,54.36
24598,Addison Barger,5,2018-2024,1793,54.36
608649,Austin Elkins,2,2013-2014,679,54.36
821072,Jose Rodriguez,2,2024-2025,110,54.36
500719,Larry Gonzalez,4,2007-2010,521,54.36
800331,Francisco Toledo,3,2022-2025,230,54.36
676894,Will Robertson,2,2017-2018,644,54.36
518598,Kentrail Davis,3,2010-2012,1503,54.36
623319,Wes Rogers,5,2014-2018,1976,54.35
691900,Jehisbert Sevilla,3,2021-2023,369,54.35
596080,Alex Real,3,2014-2016,551,54.35
641599,Randolph Gassaway,5,2013-2018,1299,54.35
672747,Jesus Maestre,2,2017-2018,230,54.35
4918,Engel Beltre,8,2007-2014,3331,54.35
593148,Garrett Buechele,2,2011-2012,335,54.35
801523,Chris Suero,4,2022-2025,1142,54.35
9883,Jordan Schafer,5,2007-2011,1530,54.34
643334,Reed Gragnani,3,2013-2015,770,54.34
593358,Victor Castro,5,2010-2014,661,54.34
805452,Roiner Quintana,4,2022-2025,499,54.34
666681,Victor Tademo,3,2016-2018,553,54.34
10459,Adeiny Hechavarría,3,2010-2012,1548,54.34
827613,Derek Datil,1,2025,244,54.34
554332,Jeremia Gomez,3,2009-2011,423,54.34
517005,Fausto Natera,4,2007-2010,1065,54.34
800123,Jose Colmenarez,2,2022-2023,245,54.34
15488,Antonio Senzatela,1,2018,11,54.34
572760,Shane Carlson,2,2009-2010,492,54.34
693459,Kyler Fedko,4,2021-2024,1061,54.34
660862,Anthony Concepcion,3,2015-2017,852,54.34
815895,Adriel Radney,2,2024-2025,339,54.33
573116,Chris Richburg,2,2009-2010,637,54.33
606475,Juan Heredia,3,2011-2013,471,54.33
12244,Brock Stassi,3,2012-2014,1026,54.32
3837,Andrew Brown,2,2008-2009,834,54.32
655996,Cristian Santana,6,2014-2021,1696,54.32
672763,Franklin Soto,4,2017-2022,855,54.32
657504,Joshua Banuelos,3,2014-2016,670,54.32
657705,Manny Olloque,5,2014-2018,1098,54.32
665022,Taylor Ostrich,1,2015,228,54.32
808338,Pedro Ibarguen,3,2023-2025,486,54.32
700784,Jeron Williams,3,2023-2025,604,54.31
666638,J.V. Martinez,5,2016-2022,973,54.31
19267,Will Craig,2,2017-2018,1091,54.31
518921,Quincy Latimore,6,2007-2013,2584,54.31
31396,Tyler Locklear,4,2022-2025,1442,54.31
806991,Carlos Silva,3,2023-2025,331,54.31
12797,Dalton Pompey,8,2010-2017,2245,54.31
676616,Olivier Basabe,4,2017-2022,783,54.31
17232,Yoán Moncada,3,2015-2017,1215,54.31
14352,Lewis Brinson,7,2012-2018,2436,54.31
664171,Joey Roach,3,2016-2018,281,54.3
462412,Anthony Webster,1,2007,444,54.3
501472,Prilys Cuello,2,2007-2008,290,54.3
698950,Jediael Maduro,4,2021-2024,422,54.3
571828,Ryan Jones,2,2011-2012,830,54.3
676667,Justin Connell,5,2017-2023,1112,54.3
542570,Victor Cadette,3,2008-2010,578,54.3
554044,Moises Grance,3,2009-2011,519,54.3
650615,Oliver Nunez,5,2014-2018,1020,54.3
11611,Rosell Herrera,8,2010-2017,2996,54.3
808091,Jose Marcano,3,2023-2025,414,54.3
19296,Alex Call,3,2016-2018,1116,54.3
3256,Welington Castillo,5,2007-2011,1611,54.3
22541,George Valera,6,2018-2025,1833,54.3
598342,Wilfredo Petit,4,2010-2013,526,54.29
455371,Audy Ciriaco,5,2007-2011,2118,54.29
807831,Aniel Mendoza,2,2023-2024,199,54.29
699216,Francisco Laya,2,2021-2022,259,54.29
660524,Felix Fernandez,4,2015-2018,477,54.29
18564,Trent Grisham,4,2015-2018,1488,54.29
804558,Raudi Rodriguez,3,2023-2025,704,54.29
703890,Enzo Paulino,3,2022-2024,543,54.28
680815,Damon Dues,2,2021-2022,214,54.28
807004,Maikol Orozco,3,2023-2025,486,54.28
827622,Jacob Lojewski,1,2025,109,54.28
670289,Jose Gomez,2,2016-2017,406,54.28
23296,Jacob Amaya,5,2017-2023,2023,54.28
10299,Eury Pérez,8,2007-2014,2901,54.28
670373,Alex Lee,1,2016,133,54.27
642293,Juan Lorenzo,1,2013,193,54.27
703190,Johanfran Garcia,4,2022-2025,706,54.27
677583,Marlin Made,2,2018-2022,383,54.27
501756,Nestor Aguasvivas,2,2007-2008,301,54.27
657423,Danny Diekroeger,2,2015-2016,677,54.27
455141,Frank Diaz,2,2007-2008,754,54.27
660525,Stanley Martinez,4,2015-2018,858,54.27
656935,Brian Schales,5,2014-2018,2030,54.27
676011,Alvaro Montero,2,2017-2018,373,54.26
516855,Abraham De Leon,4,2007-2010,516,54.26
641288,Andres Sthormes,5,2013-2018,572,54.26
686438,Rubel Cespedes,5,2021-2025,1759,54.26
811312,Justin Riemer,2,2024-2025,468,54.26
514643,Ronald Torrealba,2,2007-2008,443,54.26
518406,Ryan Anetsberger,1,2008,294,54.26
694188,Jesus Galiz,4,2021-2024,811,54.26
829851,Emilio Gonzalez,1,2025,58,54.26
9308,Josh Phegley,4,2009-2012,1315,54.26
13795,Eric Stamets,5,2012-2016,1958,54.26
800765,Carter Howell,2,2022-2023,585,54.26
519452,Shawn Zarraga,6,2008-2013,1165,54.26
647378,Andy Yerzy,5,2016-2023,1216,54.26
649957,Gersel Pitre,5,2014-2018,936,54.25
542692,Alexis Aguilar,6,2008-2013,928,54.25
3298,Charlie Culberson,7,2007-2013,3123,54.25
516922,Marlon Sucre,4,2007-2010,664,54.25
650443,Andy Sugilio,6,2014-2021,1358,54.25
804884,Ryan McCarthy,1,2023,161,54.25
696272,Maxwell Costes,3,2022-2024,547,54.24
666685,Andres Regnault,3,2016-2018,482,54.24
666246,David Sanchez,3,2016-2018,583,54.24
4611,Jason Pridie,2,2007-2008,1177,54.24
542400,Daniel Yepez,3,2008-2010,437,54.24
694184,Cristian Santana,5,2021-2025,1598,54.23
702520,Justin Thomas Jr.,1,2025,62,54.23
502377,Calvin Culver,3,2008-2010,729,54.23
657538,Ruben Castro,5,2014-2018,509,54.23
670127,Luis Pintor,3,2016-2018,774,54.23
681593,Johendry Vasquez,1,2018,152,54.23
15189,Dustin Peterson,6,2013-2018,2600,54.23
2152,William Bergolla,1,2007,397,54.23
665109,Jordan Devencenzi,1,2016,130,54.23
821009,Cesar Hernandez,2,2024-2025,656,54.22
601974,Ordomar Valdez,5,2011-2016,1095,54.22
596801,Ryan Ditthardt,1,2010,154,54.22
595179,Kenny Diaz,3,2010-2012,209,54.22
11476,Odúbel Herrera,6,2009-2014,2589,54.22
815894,Jorge Quintana,2,2024-2025,568,54.22
13271,Richie Shaffer,3,2013-2015,1466,54.22
682618,Misael Urbina,5,2021-2025,1774,54.22
821279,Edgardo De Leon,2,2024-2025,334,54.22
521708,Dennis Donovan,1,2007,179,54.21
700171,David Rodriguez,1,2021,81,54.21
691618,Diego Larez,2,2021-2022,261,54.21
665715,Jose Sibrian,5,2016-2023,873,54.21
833069,Starlin Mieses,1,2025,171,54.21
467833,Harold Garcia,5,2007-2011,1422,54.21
678416,Dahiandy Johnson,1,2018,207,54.21
502076,Matt Fairel,1,2010,19,54.21
572736,Mike Brownstein,2,2009-2011,618,54.21
694351,Jacob Berry,4,2022-2025,1631,54.2
600975,Rubi Silva,3,2011-2013,1546,54.2
553903,Hector Barrios,1,2009,56,54.2
667488,Michael Davis,1,2018,166,54.2
25643,Drew Millas,2,2021-2022,726,54.2
504829,Miguel Arrendell,5,2007-2011,1062,54.2
673516,Victor Mesa,1,2021,316,54.2
668965,Freddy Zamora,3,2021-2023,950,54.2
689440,Christian Sepulveda,1,2022,272,54.2
656108,Ruddy Todd,1,2014,92,54.2
543533,Sam Mende,4,2011-2014,882,54.2
642492,Robinson Medrano,4,2013-2016,776,54.2
803174,Anthony Stephan,1,2025,363,54.2
808675,Ramon Ramirez,3,2023-2025,684,54.19
698933,Ronald Hernandez,5,2021-2025,1399,54.19
650749,Jesus Monserratt,4,2014-2017,335,54.19
591759,Rafael Fernandez,4,2010-2013,475,54.19
501592,Daniel Falcon,4,2007-2010,808,54.19
542636,Maykor Rojas,1,2008,76,54.19
660543,Jorge Acosta,1,2015,98,54.18
570708,Ericson Leonora,8,2009-2016,1880,54.18
821661,David Romero,1,2024,47,54.18
825094,Nick Dumesnil,1,2025,79,54.18
595937,Shawon Dunston Jr.,5,2012-2017,1040,54.18
22471,Livan Soto,6,2017-2024,2248,54.18
542925,Carter Bell,2,2012-2013,545,54.18
457486,Denny Nino,1,2007,85,54.18
520189,Kyle Maunus,1,2007,211,54.18
665089,Anthony Dimino,4,2015-2018,786,54.18
806523,Bernardo Zabala,2,2022-2023,157,54.18
691331,Luis De La Cruz,2,2021-2022,195,54.18
521749,Ryan Angel,1,2007,170,54.17
13157,Nicky Delmonico,6,2012-2017,2051,54.17
660693,Fidel Mejia,4,2015-2018,681,54.17
660721,Juan Ventura,2,2016-2017,168,54.17
642519,Edgar Solano,3,2013-2015,492,54.17
21635,Nick Maton,2,2018-2021,718,54.17
670470,Colby Wright,1,2016,153,54.17
656040,Juan Barriento,3,2014-2016,597,54.17
676004,Walking Cabrera,5,2017-2023,1230,54.17
19354,Luke Raley,3,2016-2018,1367,54.17
813880,Devin Saltiban,3,2023-2025,793,54.16
805127,Devin Taylor,1,2025,129,54.16
544560,Chun-Hsiu Chen,5,2008-2013,2070,54.16
821277,Jose Camacho,2,2024-2025,271,54.16
8587,Steve Susdorf,3,2008-2010,892,54.16
682681,Jesus Lara,1,2021,66,54.16
607669,Bryce Ortega,1,2012,306,54.16
573125,Greg Rohan,1,2010,473,54.16
664873,Peter Van Gansen,3,2016-2018,1219,54.16
5667,Steven Souza Jr.,7,2007-2013,2330,54.16
676854,Jordyn Muffley,2,2017-2018,130,54.16
801698,Ryan Wilson,3,2023-2025,792,54.15
660824,Eduard Conde,3,2015-2017,547,54.15
593434,Charlie Valerio,5,2010-2014,748,54.15
595369,James Ramsay,3,2014-2016,1494,54.15
643192,Eric Aguilera,3,2013-2015,1381,54.15
690991,Mac Horvath,3,2023-2025,996,54.15
824765,Michael Martinez,2,2024-2025,300,54.15
650546,Elys Escobar,4,2014-2018,546,54.15
29487,Blake Dunn,3,2021-2023,731,54.15
594947,Chad Oberacker,2,2012-2013,1085,54.15
642439,Jose Ordaz,2,2013-2014,336,54.15
461820,Matt Rogelstad,1,2007,461,54.15
543035,Jason Codiroli,2,2008-2009,240,54.15
518810,Doug Hogan,1,2009,323,54.15
621526,Tyler Sanchez,2,2016-2017,440,54.14
681518,Gage Hughes,2,2018-2021,340,54.14
813844,Will Bush,3,2023-2025,763,54.14
553891,Leonardo Reginatto,4,2009-2014,1217,54.14
596069,Max Pentecost,3,2014-2017,655,54.14
821258,Robin Ortiz,2,2024-2025,328,54.14
687588,Micah Pries,2,2021-2022,792,54.14
543516,Brad McElroy,3,2008-2010,772,54.14
664183,Jesse Jenner,2,2016-2017,327,54.14
501498,Martire Garcia,2,2007-2008,248,54.14
657598,Cade Gotta,3,2014-2016,764,54.13
682079,Chase Calabuig,1,2018,266,54.13
24273,Liover Peguero,6,2018-2025,2305,54.13
670410,Nate Easley,2,2017-2018,717,54.13
650854,Anthony Jimenez,5,2014-2018,1409,54.13
11602,Yolmer Sánchez,8,2009-2016,2521,54.13
622583,Rafael Salgado,1,2012,187,54.13
11680,Elias Díaz,7,2009-2015,2122,54.13
1581,Sean Doolittle,3,2007-2009,946,54.13
8267,Chris Iannetta,1,2007,63,54.13
694170,Dyan Jorge,4,2022-2025,1529,54.12
592725,Justin Schafer,2,2010-2011,177,54.12
622726,Cristian Toribio,5,2012-2016,1334,54.12
575348,Jose Rosario,7,2009-2016,1539,54.12
488660,Josh Alley,2,2007-2008,588,54.12
802353,Christian Martin,2,2024-2025,485,54.11
663524,Cornelius Randolph,5,2015-2021,1660,54.11
24765,Bryan Lavastida,4,2018-2023,1311,54.11
811278,Connor Rasmussen,1,2025,41,54.11
451103,Ryan Mount,5,2007-2011,1586,54.11
18030,Harrison Bader,3,2015-2017,1224,54.11
554028,Sergio Garcia,1,2009,203,54.11
15769,Rafael Bautista,6,2012-2017,2121,54.11
812158,Dashyll Tejeda,3,2023-2025,404,54.11
516857,Kelvin Rojas,5,2007-2011,817,54.11
593446,Nelson Aguida,2,2010-2011,96,54.11
518862,Shane Jordan,2,2008-2009,707,54.11
595030,Josh Whitaker,4,2010-2013,1290,54.1
687521,Eric Brown Jr.,4,2022-2025,971,54.1
553893,Keiverson Reyes,4,2009-2012,520,54.1
621324,Preston Beck,3,2013-2015,1460,54.1
493101,Kuo Hui Lo,4,2007-2010,1577,54.1
679060,Mariano Dotel,1,2018,178,54.1
668794,Straton Podaras,2,2021-2022,279,54.1
542480,Nelson Izaguirre,2,2008-2009,171,54.09
657692,Bryan Muniz,4,2014-2017,940,54.09
601972,Ronny Mejias,3,2011-2013,607,54.09
446394,James Boone,1,2007,339,54.09
596817,Anthony Gallas,3,2010-2012,1024,54.09
827426,Dayber Cruceta,1,2025,169,54.09
665138,Dalton Kelly,4,2015-2018,1687,54.09
821252,Roybert Herrera,2,2024-2025,234,54.08
9955,Rhyne Hughes,2,2007-2008,914,54.08
600861,Jeffrey Baez,8,2011-2018,2295,54.08
835327,Antonio Alcala,1,2025,10,54.08
678796,Jose Mujica,5,2018-2024,702,54.07
680760,Fabian Pena,2,2018-2021,246,54.07
541611,Junior Sosa,8,2008-2015,1498,54.07
572013,Stephen Parker,4,2009-2012,1906,54.07
672751,Carlos Soler,2,2017-2018,465,54.07
703430,Anthony Scull,5,2021-2025,1277,54.07
570681,Pedro Estaba,3,2009-2011,285,54.07
821152,Carlos Done,1,2025,198,54.07
514914,Ray Van Gurp,4,2007-2010,635,54.07
465017,Alex Valdez,3,2007-2009,960,54.07
800412,Jose Rodriguez,4,2022-2025,857,54.06
650973,Luis Silva,4,2014-2017,763,54.06
11472,Dixon Machado,8,2009-2016,3295,54.06
641385,Bret Boswell,1,2018,548,54.06
595832,Marcus Nidiffer,2,2010-2011,446,54.06
671080,Jeremy Arocho,5,2017-2023,1479,54.06
502278,Mitch Hilligoss,3,2007-2009,1232,54.06
451138,Justin Jacobs,2,2008-2009,587,54.06
641524,Matt Diorio,1,2017,166,54.05
13743,Max Fried,1,2017,19,54.05
681515,Kenen Irizarry,2,2018-2021,241,54.05
447748,Danny Santin,1,2007,181,54.05
24878,Heriberto Hernández,5,2018-2024,1959,54.05
829960,Oliver Guerrero,1,2025,195,54.05
12174,Jorge Bonifacio,8,2010-2017,3079,54.05
25817,Braden Shewmake,2,2021-2022,651,54.05
547801,Bill Pena,2,2009-2010,114,54.05
675034,Carlos Baerga,2,2017-2018,315,54.05
474485,Bradley Suttle,2,2008-2010,1008,54.05
570783,Ronald Luna,6,2009-2014,1109,54.04
824753,Nick Hollifield,1,2025,81,54.04
829762,Victor Marquez,1,2025,134,54.04
669026,Ryan Reynolds,1,2021,195,54.04
660552,Joao Ayres,1,2015,162,54.04
525470,Jose Calzado,2,2007-2008,311,54.04
624736,Kristian Trompiz,6,2013-2018,1777,54.04
518727,Donato Giovanatto,2,2007-2008,436,54.04
642340,Luis Rodriguez,1,2013,132,54.04
529792,Chris Fox,2,2008-2009,89,54.04
9981,Michael Saunders,5,2007-2011,1627,54.04
514644,Carlos Romero,5,2007-2011,599,54.04
542372,Henry Moreno,5,2008-2012,940,54.04
8709,Elvis Andrus,2,2007-2008,1098,54.04
828009,Miguel Flores,2,2024-2025,162,54.03
657634,Grant Kay,3,2015-2017,1400,54.03
815898,Yovanny Rodriguez,2,2024-2025,349,54.03
19250,Trent Giambrone,2,2017-2018,985,54.03
661379,Frank Polanco,1,2015,232,54.03
541602,Ashley Ponce,7,2008-2014,1159,54.03
19634,Jack Kruger,3,2016-2018,1013,54.03
694281,Tomas Frick,2,2024-2025,386,54.02
645311,Rigoberto Terrazas,5,2014-2018,1243,54.02
593806,Estarlyn Morales,6,2010-2015,1483,54.02
624644,Miguel Patino,4,2013-2016,571,54.02
488888,Chris Frey,2,2007-2008,982,54.02
670208,Matt Fraizer,2,2021-2022,979,54.02
7002,Will Middlebrooks,5,2009-2013,1661,54.02
693738,Jose Cosma,2,2021-2022,162,54.02
642836,Charcer Burks,6,2013-2018,2269,54.02
516631,Gustavo Nunez,6,2007-2012,2075,54.02
621036,Chris Diaz,3,2013-2015,824,54.01
623155,Jeff McVaney,3,2012-2014,1324,54.01
468522,Wesley Connor,1,2007,158,54.01
808314,Liosward Marin,3,2023-2025,205,54.01
664014,Sean Miller,4,2015-2018,1287,54.01
658483,Eric Gonzalez,5,2014-2018,390,54.01
686755,Jaxx Groshans,2,2021-2022,502,54.01
691894,Jose Colmenarez,3,2021-2023,140,54.01
472590,Rayner Contreras,4,2007-2010,660,54.01
666696,Victor Alfonso,3,2016-2018,567,54.01
595470,Jerod Yakubik,2,2010-2011,490,54.01
688869,Justin Dirden,2,2021-2022,899,54.0
806995,Filippo Di Turi,3,2023-2025,1092,54.0
691267,Alex Ramírez,5,2021-2025,2140,54.0
622738,Tito Polo,7,2012-2018,2069,54.0
683610,Leandro Pineda,5,2021-2025,1662,54.0
672628,Alexander Campos,5,2017-2023,766,54.0
542934,Evan Bigley,4,2008-2011,1757,54.0
802469,Travis Honeyman,2,2024-2025,440,54.0
501575,Yenssi Reyes,2,2007-2008,185,54.0
592417,Daniel Howell,1,2013,21,53.99
657599,Patrick Grady,2,2014-2015,184,53.99
20202,Brandon Marsh,3,2017-2021,900,53.99
821657,Gabriel Rodriguez,2,2024-2025,285,53.99
22093,Steele Walker,2,2018-2021,645,53.99
692562,Alexis Hernandez,5,2021-2025,921,53.99
827629,Austin Machado,2,2024-2025,76,53.99
607500,Hunter Cole,3,2015-2017,1331,53.99
641418,Niko Buentello,1,2016,204,53.99
666666,Cristian Gomez,2,2016-2017,526,53.98
571923,Ryan Mathews,3,2012-2014,888,53.98
821183,Rocky Solano,1,2024,128,53.98
641836,Mike McCann,1,2016,18,53.98
643534,David Sheaffer,1,2018,147,53.98
660626,Antonio Arias,4,2015-2018,658,53.98
820993,Carlos Matias,2,2024-2025,348,53.98
593648,William Castillo,3,2010-2012,475,53.98
622808,Roberto Vahlis,4,2012-2015,480,53.98
27482,Robert Hassell III,5,2021-2025,2266,53.98
647331,Eric Senior,2,2017-2018,144,53.97
672384,Derian Perez,2,2017-2018,340,53.97
801076,Justin Wishkoski,3,2023-2025,871,53.97
691385,Ronald Rosario,5,2021-2025,1219,53.96
691416,Esteban González,5,2021-2025,1310,53.96
2835,Joe Savery,3,2008-2010,101,53.96
808096,Reiner Herrera,3,2023-2025,406,53.96
656293,Jodd Carter,5,2014-2018,1324,53.96
459945,Craig Cooper,3,2007-2009,1575,53.96
542577,Luis Contreras,3,2008-2010,269,53.96
503429,Walter Ibarra,6,2007-2012,1414,53.96
516713,Mauro Schiavoni,1,2007,68,53.96
489146,Kyle Morgan,3,2008-2010,544,53.96
623911,Elvis Escobar,6,2012-2018,1950,53.96
688195,Zack Mathis,1,2021,287,53.96
607440,Gustavo Martinez,5,2011-2015,596,53.96
13718,Christopher Bostick,6,2011-2017,2837,53.96
607310,Frazier Hall,2,2011-2012,758,53.96
597017,Michael Bernal,4,2010-2013,427,53.95
642848,Oscar Sanay,1,2014,171,53.95
699019,Samil De La Rosa,4,2021-2024,527,53.95
516679,Sebastian Valle,9,2007-2015,2746,53.95
12701,Billy Burns,3,2012-2014,1567,53.95
571504,Joseph Bonadonna,2,2009-2010,316,53.95
695048,Garret Guillemette,3,2023-2025,841,53.94
448255,Michael Devaney,1,2007,11,53.94
572832,Chris Ellington,1,2009,306,53.94
451145,Leonardo Reyes,1,2007,167,53.94
5398,Juan Graterol,7,2007-2013,1080,53.94
519192,Michael Richard,2,2008-2009,790,53.93
460253,Justin Nelson,1,2007,263,53.93
621522,Marcus Greene Jr.,5,2014-2018,855,53.93
676788,Brett Pope,1,2018,293,53.93
593350,Oswaldo Morales,1,2010,83,53.93
657148,Tim Zier,2,2014-2015,224,53.93
13419,Christian Walker,3,2013-2015,1630,53.93
17128,Ramón Laureano,5,2014-2018,1677,53.93
642426,Jorge Cortes,2,2013-2014,322,53.93
543861,Riccio Torrez,4,2011-2014,1024,53.93
700266,Josue Romero,4,2021-2024,175,53.92
463026,Pedro Moreno,1,2007,13,53.92
656734,Evan Mendoza,2,2017-2018,641,53.92
502698,Wilberto Ortiz,3,2007-2009,1475,53.92
15464,Hunter Renfroe,4,2013-2016,1760,53.92
607341,Khayyan Norfork,2,2012-2013,480,53.92
630034,David Rodríguez,6,2013-2018,1814,53.92
10838,Cody Stanley,4,2010-2013,1213,53.92
691279,Juan Aparicio,4,2021-2024,479,53.92
19238,Lourdes Gurriel Jr.,2,2017-2018,475,53.92
517212,Carlos Parra,2,2007-2008,295,53.91
541651,Adolfo Reina,6,2008-2014,975,53.91
592881,Kyle Wren,3,2013-2015,1375,53.91
570629,Jorky Infante,4,2009-2012,638,53.91
600879,Fabian Castillo,4,2011-2014,436,53.91
4906,Alberto Gonzalez,1,2007,551,53.91
6601,Luke Montz,2,2007-2008,846,53.91
830416,Keegan Pieternella,1,2025,114,53.91
808553,John Estevez,3,2023-2025,601,53.91
13180,Tyler Goeddel,5,2012-2017,2358,53.91
805072,Luis Tejeda,1,2022,19,53.91
11038,Kevin Kiermaier,5,2010-2014,1643,53.91
606266,Steven De La Cruz,2,2011-2012,107,53.9
829958,Kamuel Villar,1,2025,119,53.9
703198,Kenni Gomez,4,2022-2025,1001,53.9
25425,Austin Shenton,2,2021-2022,600,53.9
553895,Jesus Ugueto,5,2009-2013,1048,53.9
452015,Michael Collins,3,2007-2009,955,53.9
806128,Antonio Jimenez,1,2025,110,53.9
10937,Ryan Strausborger,2,2011-2012,1041,53.9
677566,Asmin Bautista,1,2018,210,53.9
806963,Brando Mayea,3,2023-2025,408,53.9
642777,Ariel Venegas,2,2013-2014,219,53.9
664321,Yeltsin Encarnacion,5,2015-2021,857,53.9
501702,Earving Fernandez,2,2007-2008,392,53.9
683429,Darimen Mora Jr.,1,2021,51,53.89
31567,Trey Lipscomb,3,2022-2024,912,53.89
594983,Viosergy Rosa,3,2010-2014,1243,53.89
670615,Tyler Straub,2,2016-2017,414,53.89
821751,Elvin Garcia,2,2024-2025,254,53.89
667364,Sebastian Ochoa,3,2016-2018,626,53.89
543667,Steven Proscia,4,2011-2014,1658,53.89
692657,Omar Alfonzo,5,2021-2025,1397,53.89
571032,Johan Santa,3,2009-2012,416,53.89
674447,Jesus Nunez,1,2017,139,53.89
532978,Rafael Santana,3,2014-2016,288,53.89
7423,Shane Peterson,4,2009-2012,1923,53.89
6086,Casey McGehee,1,2007,486,53.89
702607,Dakota Jordan,1,2025,416,53.88
695517,Casey Cook,2,2024-2025,575,53.88
660437,Andres Angulo,6,2015-2022,687,53.88
683454,Brayan Buelvas,5,2021-2025,1916,53.88
456629,Manny Mayorson,1,2007,501,53.88
8623,Donovan Solano,6,2007-2012,2375,53.88
672425,Gabriel Mora,2,2017-2018,133,53.87
25705,Dustin Harris,4,2021-2024,1978,53.87
449878,Chris Nowak,1,2007,432,53.87
517424,Alberto Odreman,4,2007-2010,695,53.87
700330,Jhoan Contreras,3,2021-2023,348,53.87
808094,Jhorvic Abreus,3,2023-2025,391,53.87
699709,Marco Soto,4,2021-2024,534,53.87
527035,Jharmidy De Jesus,3,2008-2012,661,53.86
593454,Byron Capellan,4,2010-2013,639,53.86
682264,Andrew Warner,1,2018,225,53.86
435139,Lou Palmisano,1,2007,421,53.86
657017,Cole Sturgeon,3,2014-2016,1119,53.86
658413,Tyler Clark,1,2014,68,53.86
516950,Carlos Willoughby,6,2007-2012,1704,53.86
694034,Mario Gomez,4,2021-2025,570,53.86
519271,Aaron Seuss,2,2008-2009,703,53.86
502274,Kyle Gilligan,1,2008,143,53.86
593828,Nelalexfred Ortega,2,2010-2011,461,53.86
471039,Luis Castillo,1,2007,141,53.86
29571,Tim Tawa,3,2021-2023,1154,53.86
642726,Samuel Ortiz,5,2013-2017,573,53.86
642334,Oliver Cedeno,3,2013-2015,289,53.85
660860,Gabriel Brito,4,2015-2018,504,53.85
674373,Jean Eusebio,2,2017-2018,333,53.85
542862,Elevys Gonzalez,6,2008-2013,1579,53.85
544384,Ryan Voelkel,1,2008,75,53.85
657232,Max Kuhn,2,2014-2015,565,53.84
664916,Drew Ferguson,3,2015-2017,1121,53.84
444491,Abrahan Marte,2,2007-2008,288,53.84
21009,Leo Rivas,6,2015-2022,1944,53.84
8272,Matt Tuiasosopo,4,2007-2010,1525,53.84
660663,Frederick Cuevas,5,2015-2021,955,53.84
593595,Gregory Pena,3,2010-2012,508,53.83
606205,Jairo Rosario,4,2011-2015,591,53.83
672517,Johan Lopez,5,2017-2023,1214,53.83
5552,Jamie Romak,4,2007-2010,1827,53.83
606323,Victor Cruzado,6,2011-2016,1711,53.83
800476,John Cruz,4,2022-2025,928,53.83
660580,Sander Boeldak,2,2015-2016,295,53.83
464391,Jose Cruz,1,2007,66,53.83
17273,Jorge Mateo,7,2012-2018,2534,53.83
12495,T.J. Rivera,3,2011-2013,1233,53.83
801592,Zander Darby,2,2024-2025,370,53.82
814450,Wehiwa Aloy,1,2025,90,53.82
501543,Jairo Valdez,3,2007-2009,472,53.82
571543,Willie Carmona,3,2012-2014,807,53.82
663441,Kerby Camacho,2,2015-2017,133,53.82
656635,Mark Laird,2,2016-2017,583,53.82
18316,Edwin Rios,4,2015-2018,1396,53.81
543075,Jarek Cunningham,6,2008-2014,2339,53.81
593459,Dioni Dominguez,2,2010-2011,378,53.81
489317,Joshua Short,1,2007,126,53.81
606297,Carlos Sanchez,4,2011-2014,473,53.81
571481,Kyle Bellows,4,2010-2013,1340,53.81
664329,Anderson Bohorquez,4,2015-2018,587,53.81
640490,Adrian Alfaro,3,2013-2015,782,53.81
501750,Josue Garcia,1,2007,109,53.81
808380,Yosneiker Rivas,3,2023-2025,384,53.81
517539,Ramon Morla,8,2007-2014,1858,53.81
672831,Nicolas Torres,4,2017-2022,1118,53.81
16446,Johneshwy Fargas,5,2013-2018,1578,53.81
664243,Michael Pierson,2,2015-2016,500,53.8
621443,Rhett Wiseman,3,2016-2018,1496,53.8
28816,Denzer Guzman,5,2021-2025,1835,53.8
821017,Wilmer Blanca,1,2025,69,53.8
702656,Drew Faurot,1,2025,97,53.8
8021,Brandon Boggs,1,2007,537,53.8
622470,Oscar Vasquez,3,2012-2014,346,53.79
678425,Pedro Hurtado,1,2018,238,53.79
672501,Jhoneiker Betancourt,6,2017-2024,683,53.79
672861,Carlos Luis,5,2017-2023,1195,53.79
542195,Elys Blanco,2,2008-2009,306,53.79
12564,Trevor Story,6,2011-2017,2356,53.79
658295,Zach Stephens,1,2014,150,53.79
466441,Anderson Alvarez,1,2008,198,53.79
546235,Raul Linares,8,2008-2015,1148,53.79
599478,Elliott Hargreaves,2,2012-2013,57,53.79
699119,Edwin Hidalgo,2,2021-2022,154,53.79
501319,Jesus Brito,4,2007-2010,1128,53.78
621587,Jhonnathan Teran,2,2012-2013,369,53.78
641689,Jacob Heyward,3,2016-2018,1014,53.78
594892,BJ Larosa,2,2010-2011,59,53.78
21840,Freddy Fermin,3,2016-2018,610,53.78
670250,Eli Wilson,3,2021-2023,641,53.78
15982,Ryder Jones,6,2013-2018,2264,53.78
656992,Connor Spencer,2,2015-2016,574,53.78
691181,Emmanuel Rodriguez,5,2021-2025,1271,53.78
570703,Franklin Paz,3,2009-2011,573,53.77
4062,Dexter Fowler,4,2007-2010,941,53.77
570627,Jose Ramirez,2,2009-2010,466,53.77
475340,Griffin Benedict,2,2009-2010,259,53.77
501857,Bridger Hunt,3,2007-2010,966,53.77
650815,Huascar Fuentes,3,2014-2016,453,53.77
665039,Andrew Guillotte,3,2015-2017,1053,53.77
659002,Jake Gronsky,2,2014-2015,290,53.77
518978,David Mailman,5,2007-2011,1347,53.77
571433,Roidany Aguila,5,2009-2013,1055,53.77
678864,Francis Grullon,3,2018-2022,350,53.76
501749,Angel Ferreiras,3,2007-2009,583,53.76
15094,Rob Zastryzny,1,2016,33,53.76
448654,Grant Psomas,1,2007,509,53.76
663923,Brendt Citta,2,2018-2021,365,53.76
605212,Mike Dowd,3,2012-2014,768,53.76
814409,Seaver King,2,2024-2025,641,53.76
519021,Angel Mercado,3,2007-2009,558,53.76
667650,Brett Stephens,2,2017-2018,225,53.75
453299,Andy D'Alessio,3,2007-2009,1161,53.75
592629,Roberto Peña,7,2010-2016,2079,53.75
698935,Yasmil Bucce,5,2021-2025,765,53.75
642488,Ademar Rifaela,6,2013-2018,1946,53.75
489156,Steven Murphy,2,2007-2008,1087,53.75
672749,Angel Aponte,5,2017-2023,1156,53.75
503345,Johermyn Chavez,7,2007-2013,2710,53.75
622406,Michael Depen,2,2012-2013,309,53.74
820962,Michell Ojeda,2,2024-2025,235,53.74
468474,Jose Gil,5,2007-2011,1141,53.74
594139,Jose Arismendy,1,2010,156,53.74
4142,Jonathan Diaz,3,2007-2009,1022,53.74
633957,Israel Mota,4,2013-2016,679,53.74
691553,Roger Caraballo,2,2021-2022,313,53.74
622603,Carlos Castro,6,2012-2017,1366,53.74
595895,Jose Brizuela,4,2014-2017,952,53.74
642271,Fernery Ozuna,5,2013-2017,1409,53.73
501230,Elvis Lara,2,2007-2008,408,53.73
692396,Maycol Justo,2,2021-2022,311,53.73
622676,Omar Obregon,7,2012-2018,1514,53.73
681893,Tyler Durna,2,2018-2021,435,53.73
515035,Jose Cortez,3,2007-2009,571,53.73
594950,Shane Opitz,6,2010-2016,1432,53.73
9848,Austin Jackson,3,2007-2009,1691,53.73
669945,Chavez Young,5,2016-2022,1491,53.73
607356,Ryan McIntyre,3,2011-2013,440,53.73
576708,Erick Gonzalez,3,2009-2011,433,53.73
806981,Luis Almeyda,3,2023-2025,534,53.73
672803,Luigi Pichardo,2,2017-2018,107,53.72
623157,Joel Hutter,2,2013-2014,719,53.72
821818,Luis Corobo,2,2024-2025,273,53.72
595171,Dominic D'Anna,4,2010-2013,1153,53.72
701206,Willy Montero,5,2021-2025,1204,53.72
692446,Miguel Villarroel,5,2021-2025,1439,53.72
691640,Amilcar Vasquez,4,2021-2024,129,53.72
29993,Brady House,5,2021-2025,1468,53.71
502131,Jeffrey Rea,1,2007,220,53.71
608666,Dan Gulbransen,2,2013-2014,474,53.71
623937,Brian Billigen,1,2012,161,53.71
21636,Jeremy Peña,1,2021,160,53.71
607077,Blaise Salter,2,2015-2017,661,53.71
677611,Jose Reyes,3,2018-2022,776,53.71
13066,Teoscar Hernández,7,2011-2017,3061,53.71
802098,Leandro Alsinois,4,2022-2025,632,53.71
502355,Sean Rooney,3,2008-2010,929,53.71
678484,Stanley Rosario,3,2018-2022,250,53.7
665940,Moisés Castillo,6,2016-2023,1799,53.7
462397,Tim Brown,1,2007,402,53.7
664690,AJ Graffanino,3,2018-2022,672,53.7
24400,Terrin Vavra,1,2021,208,53.7
682252,Shane Selman,1,2021,305,53.7
519165,Carlos Ramirez,4,2009-2012,1147,53.7
679754,Alberto Rodriguez,5,2018-2024,2157,53.7
612795,Raul Santana,3,2012-2014,587,53.7
488737,Eric Brown,1,2008,14,53.7
519089,Ross Oeder,1,2008,121,53.7
808079,Esterling Rodriguez,3,2023-2025,204,53.7
446045,Ryan Rogowski,2,2007-2008,955,53.7
542520,Jesus Morelli,4,2008-2011,522,53.7
686639,Jack Dunn,1,2021,231,53.7
686601,Drew Campbell,2,2021-2022,522,53.69
678503,Luis Valderrama,1,2018,44,53.69
660907,Elvis Perez,4,2015-2018,691,53.69
500895,Emerson Landoni,6,2008-2013,1219,53.69
570706,Yeicok Calderon,6,2009-2014,1286,53.69
16448,Jacob Nottingham,6,2013-2018,1921,53.69
7349,Sean Kazmar Jr.,3,2007-2009,1365,53.69
801225,Angel Diaz,4,2022-2025,597,53.69
672013,T.J. Schofield-Sam,5,2021-2025,2318,53.68
605142,Dante Bichette Jr.,7,2011-2017,2932,53.68
22557,Michael Siani,5,2018-2024,1690,53.68
6623,Ryan Lollis,2,2010-2011,821,53.68
665077,Collin Yelich,2,2015-2016,210,53.68
664288,Oliver Tejada,2,2015-2016,49,53.68
606329,Anthony Amaya,3,2011-2013,430,53.68
657677,Tyler Mautner,1,2014,186,53.67
458114,Brian Leclerc,1,2007,133,53.67
623317,Zack Larson,4,2012-2015,923,53.67
3790,Jayson Nix,1,2007,483,53.67
649955,Hendrik Clementina,6,2014-2021,1206,53.67
682198,Matt McGarry,1,2018,123,53.67
640489,Mario Sanjur,5,2013-2018,661,53.66
805775,Lennyn Nunez,3,2022-2024,171,53.66
474188,Michael Affronti,2,2007-2008,881,53.66
592478,Tyler Kuresa,2,2014-2015,482,53.66
667827,Cristopher Pujols,3,2016-2018,407,53.66
680719,Niko Decolati,3,2018-2022,897,53.66
607274,Michael Marshall,1,2011,96,53.66
502038,Chris Dennis,5,2007-2011,1373,53.65
613551,Roberto Tovar,4,2012-2015,514,53.65
29554,Adrian Del Castillo,4,2021-2024,1347,53.65
5275,Francisco Cervelli,3,2007-2009,586,53.65
650218,Ronnys Mora,1,2014,54,53.65
516831,Lovesquis Santana,2,2007-2008,149,53.65
657222,Sean Godfrey,3,2014-2016,823,53.65
448171,Ernesto Mejia,4,2007-2010,1451,53.65
4900,Robert Andino,2,2007-2008,848,53.65
672849,Andrew Caraballo,3,2017-2021,420,53.64
806869,Pedro Catuy,2,2023-2025,350,53.64
664768,Connor Panas,3,2015-2017,868,53.64
700685,Paul Witt,2,2021-2022,244,53.64
501589,Jean Almanzar,6,2007-2013,1545,53.64
660581,Cristopher Perez,3,2015-2017,524,53.64
504603,Mervin Gonzalez,2,2007-2008,286,53.64
806550,Sir Jamison Jones,1,2025,153,53.64
608763,Alexander Perdomo,4,2011-2014,626,53.63
501561,Edgar Garzon,2,2007-2008,339,53.63
808120,Samil Dishmey,3,2023-2025,396,53.63
670162,Hagen Owenby,2,2017-2018,327,53.63
690962,Michael Brooks,1,2025,103,53.63
692023,Adrian Perez,3,2021-2023,368,53.63
7706,Kyle Jensen,3,2010-2012,1584,53.63
800196,Nomar Velasquez,4,2022-2025,511,53.63
7106,Jonathan Pettibone,1,2012,26,53.63
672566,José Sánchez,4,2017-2023,1185,53.63
572931,William Holmes,1,2010,145,53.62
698977,Diego Gonzalez,3,2021-2023,289,53.62
813842,Chase Call,1,2025,129,53.62
657629,Travis Jones,2,2017-2018,783,53.62
811765,Deniel Ortiz,1,2025,450,53.62
800389,Roosbert Tapia,4,2022-2025,669,53.62
518868,Jake Kahaulelio,2,2008-2009,638,53.62
543314,Rafael Hill,1,2008,125,53.62
701540,J.R. Freethy,2,2024-2025,441,53.62
681642,Orlando Zapata,1,2018,117,53.62
502220,Jake Eigsti,1,2008,202,53.61
806263,Brandon Winokur,3,2023-2025,1011,53.61
593450,Luis Ramirez,1,2010,130,53.61
501753,Anneury Peguero,2,2007-2008,379,53.61
678885,Juan Frias,1,2018,118,53.61
457668,Reid Fronk,4,2008-2011,1787,53.61
572716,Joey Bergman,1,2011,135,53.61
815899,Jose Perdomo,2,2024-2025,255,53.61
446270,Brian Friday,3,2008-2010,1273,53.61
444519,Aaron Peel,1,2007,441,53.61
681433,Noah Cardenas,4,2021-2024,1109,53.61
602994,Miguel Mojica,4,2011-2014,599,53.61
670991,Enny Rondon,1,2017,170,53.6
570786,Pedro Rodriguez,3,2009-2011,445,53.6
699036,Carlos Arcila,2,2021-2022,283,53.6
468452,Daniel Mayora,4,2007-2010,1886,53.6
671054,Jonatan Machado,3,2016-2018,523,53.6
800463,Jean Joseph,4,2022-2025,889,53.6
678761,Widimer Joaquin,2,2018-2021,278,53.6
9807,Ryan Goins,4,2009-2012,1624,53.6
623505,Gabrial Franca,2,2012-2013,415,53.6
17620,Myles Straw,4,2015-2018,1830,53.6
666626,Jonathan Sierra,4,2016-2022,985,53.59
665775,Mc Gregory Contreras,2,2016-2017,473,53.59
593994,Franmy Pena,4,2010-2014,374,53.59
805053,Joselin Payano,2,2022-2023,265,53.59
829972,Raul Pereira,1,2025,132,53.59
7158,Eric Young Jr.,3,2007-2009,1643,53.59
467095,Alvaro Sosa,3,2007-2009,439,53.59
573201,Joe Terry,3,2011-2013,615,53.59
31855,Colby Thomas,3,2023-2025,1523,53.59
691433,Oscar Aude,1,2022,215,53.59
691383,Jose Mendez,2,2021-2022,220,53.59
656656,Trace Loehr,4,2014-2018,1450,53.59
663503,Elih Marrero,2,2018-2021,306,53.59
677582,Jonathan Chinchilla,1,2018,91,53.58
676954,Ryan Garcia,1,2017,224,53.58
543665,Ryne Price,1,2008,98,53.58
460083,Eric Eymann,2,2007-2008,1013,53.58
677625,Leudy Pena,1,2018,122,53.58
682838,Yulis Hernandez,1,2018,124,53.58
681716,Jeremia Almonte,1,2018,95,53.58
691702,Boris Minaya,1,2021,49,53.58
808388,Adrian Hoyte,3,2023-2025,199,53.58
607332,Peter Lavin,2,2011-2012,629,53.58
700300,Osman Bravo,3,2021-2023,158,53.57
678881,Neyfi Marinez,2,2018-2021,289,53.57
622366,Miguel Rico,3,2012-2014,682,53.57
9113,Allan Dykstra,4,2008-2011,1513,53.57
5124,Wilkin Castillo,2,2007-2008,917,53.57
678889,Jose Rodriguez,1,2018,201,53.57
25980,Matthew Lugo,5,2021-2025,2094,53.57
600951,Leobaldo Piña,5,2011-2017,1511,53.57
656846,Jake Peter,4,2014-2017,1884,53.57
3207,Pedro Lopez,2,2007-2008,709,53.56
457746,Ben Guez,3,2009-2011,1325,53.56
703766,Dakota Harris,3,2023-2025,966,53.56
607296,Danny Stienstra,1,2013,451,53.56
592502,Pat Leyland,5,2010-2015,903,53.56
702933,Darlin Lora,2,2021-2022,113,53.56
501908,Kiel Roling,4,2008-2011,1287,53.56
801686,Michael Carico,2,2023-2025,43,53.56
800407,Anderson Nova,3,2022-2024,332,53.56
702895,Geuri Lubo,4,2021-2024,512,53.55
683675,Carlos Rondon,1,2021,84,53.55
14528,Gabriel Guerrero,8,2011-2018,3612,53.55
570705,Wilmer Portes,1,2009,187,53.55
468496,Keyter Rodriguez,2,2007-2008,337,53.55
605308,Chris Keck,2,2015-2016,387,53.55
606189,Hamlet Marte,7,2011-2018,1412,53.55
16729,Brian O'Grady,3,2014-2016,1146,53.55
571070,Alberto Reyes,1,2009,100,53.55
571507,Marc Bourgeois,2,2011-2012,443,53.55
643268,Jordan Cowan,5,2013-2018,1063,53.55
519224,Jonathan Roof,4,2010-2013,967,53.54
501483,Yeudy Brazoban,4,2007-2010,571,53.54
502423,Michael Epping,1,2007,221,53.54
660516,Juan Luis,2,2015-2017,196,53.54
684543,Daniel Cope,1,2021,160,53.54
664839,Andrew Brodbeck,3,2015-2017,330,53.54
673251,Alexis Marquez,2,2017-2018,189,53.54
664915,Steven Karkenny,1,2015,324,53.54
591998,Jose Roman,2,2010-2011,501,53.54
24488,Max Schuemann,1,2021,525,53.54
600943,Nicoll Parra,4,2011-2014,549,53.54
625330,Brian Compton,1,2012,25,53.53
458117,Blake Sharpe,1,2007,58,53.53
672661,William Saavedra,1,2017,109,53.53
675137,Angel Sarduy,1,2017,123,53.53
464411,Ciro Rosero,2,2007-2009,165,53.53
520988,Oscar Tejeda,8,2007-2014,3072,53.53
12160,Ben Gamel,6,2010-2016,2669,53.53
14876,Jacob May,4,2013-2016,1527,53.53
573095,Derek Poppert,1,2010,173,53.53
677690,Diosbel Arias,2,2017-2021,451,53.53
578651,Juan De La Cruz,7,2010-2017,707,53.53
808702,Jorge Hernandez,3,2023-2025,574,53.52
573081,Jason Patton,1,2009,185,53.52
672857,Rayvi Rodriguez,2,2017-2018,289,53.52
19358,Weston Wilson,3,2016-2018,1192,53.52
451588,Cory Dunlap,1,2007,475,53.52
595616,Kelvin Vizcaino,3,2010-2012,295,53.52
821119,Jesus Rodriguez,1,2024,93,53.52
661396,Oscar Moreno,2,2015-2016,270,53.52
698945,Anderson De Los Santos,5,2021-2025,1505,53.52
595010,Brett Tanos,4,2010-2013,1275,53.52
669623,Carmen Benedetti,2,2017-2018,703,53.52
650849,Greifer Andrade,4,2014-2018,614,53.52
600948,Carlos Penalver,8,2011-2018,2444,53.52
13877,Alex D. Mejia,3,2013-2015,1291,53.51
809683,Luis Quesada,3,2023-2025,350,53.51
660662,Edgardo Fermin,5,2015-2021,1135,53.51
672627,Jose Curpa,4,2017-2022,783,53.51
808131,Eduar Bolivar,1,2023,123,53.51
13608,Mallex Smith,6,2012-2017,1965,53.51
683625,Emmanuel Sanchez,2,2021-2022,211,53.51
660705,Julio Cabrera,3,2015-2017,376,53.51
595437,Steven Tinoco,2,2011-2012,754,53.5
500731,Jose Garcia,6,2007-2012,2023,53.5
595143,Matt Browning,2,2010-2011,478,53.5
682145,Brandon Purcell,1,2018,81,53.5
656822,Alexis Pantoja,4,2014-2018,952,53.5
501979,Garrett Olson,2,2007-2008,960,53.5
669107,Jack Meggs,1,2018,379,53.5
3262,Miguel Perez,2,2007-2008,342,53.5
668824,Logan Wyatt,2,2021-2022,429,53.5
1165,Chris Valaika,4,2007-2010,1985,53.5
15988,Deivy Grullón,6,2013-2018,1731,53.49
677612,Raider Uceta,1,2018,171,53.49
687042,Jimmy Titus,1,2021,162,53.49
543645,Frank Pfister,4,2008-2011,1150,53.49
834230,Jostin Ogando,1,2025,134,53.49
830027,Yordani Soto,1,2025,156,53.49
692324,Javier Armas,2,2021-2022,250,53.49
656863,Blaine Prescott,2,2017-2018,532,53.49
6288,Colin Curtis,3,2007-2009,1624,53.49
691375,Sebastian Guerra,1,2021,73,53.49
821020,Angel Requena,2,2024-2025,234,53.49
656431,Ti'Quan Forbes,4,2016-2021,1798,53.49
500762,Robert Blanco,2,2007-2008,277,53.48
458647,Yohan Silva,2,2007-2008,587,53.48
808153,Luis Merejo,3,2023-2025,948,53.48
829049,Brayan Cortesia,1,2025,150,53.48
516868,Juan B Cabrera,3,2007-2009,560,53.48
678350,Farlyn Manon,1,2018,111,53.48
686523,Peyton Wilson,4,2021-2024,1560,53.47
674391,Jose Rivera,2,2017-2018,252,53.47
702601,Lamar King Jr.,4,2022-2025,804,53.47
672731,Omar Medina,3,2017-2021,373,53.47
622816,Edwin Fuentes,4,2012-2015,619,53.47
672670,Jean Selmo,2,2017-2018,420,53.47
465043,Gustavo Omana,1,2007,222,53.47
6262,Tommy Field,3,2009-2011,1438,53.47
694834,Tyler Wilson,2,2024-2025,458,53.47
452050,Josh Flores,3,2007-2010,777,53.47
522848,Skyler Stromsmoe,2,2007-2008,144,53.46
607714,John Schultz,2,2011-2012,408,53.46
828824,Josiah Ragsdale,1,2025,92,53.46
593653,Michael Gonzalez,2,2010-2011,221,53.46
554341,Ronny Lugo,3,2009-2011,515,53.46
570668,Edwin Barrera,2,2009-2010,400,53.46
805207,Caden Bodine,1,2025,49,53.46
678392,Nomar Urdaneta,1,2018,144,53.46
691621,Jheremy Vargas,5,2021-2025,1484,53.46
669868,Reyny Reyes,4,2017-2022,674,53.46
821115,Edwin Brito,2,2024-2025,320,53.46
15730,Tyler Wade,6,2013-2018,2688,53.46
573574,Rafael Rodriguez,6,2009-2015,1335,53.45
700931,Seth Stephenson,4,2022-2025,1523,53.45
4881,Carlos Gómez,2,2007-2010,206,53.45
5248,Alexi Casilla,3,2007-2009,657,53.45
22045,Grant Koch,1,2021,267,53.45
9334,Mark Hamilton,3,2007-2009,1140,53.45
691021,A.J. Vukovich,5,2021-2025,2399,53.45
678357,Andry Arias,3,2018-2022,630,53.45
17736,Richie Martin Jr.,3,2016-2018,1337,53.45
665099,Ryan Nagle,2,2016-2017,624,53.45
7077,A.J. Jimenez,7,2008-2014,1796,53.44
444143,Jarred Ball,1,2007,300,53.44
445277,Renzo Tello,3,2007-2010,477,53.44
460002,Jordan Swaydan,1,2007,48,53.44
467003,Javier Castillo,2,2007-2008,1007,53.44
13895,Trevor Brown,3,2013-2015,1091,53.44
467676,Ofilio Castro,2,2007-2008,984,53.44
16192,Derek Fisher,4,2015-2018,1800,53.44
660532,Christopher De Jesus,3,2015-2017,257,53.44
642331,Mario Martinez,2,2013-2014,285,53.44
519415,Christopher White,4,2007-2010,992,53.43
660767,Jorge Gordon,5,2015-2021,617,53.43
666143,Joe Rizzo,5,2016-2022,2148,53.43
698980,Fabio Villadiego,2,2021-2022,230,53.43
518506,Zachary Brown,2,2007-2008,335,53.43
502504,Robi Estrada,6,2007-2013,1648,53.43
827765,Leonel Vivas,2,2024-2025,174,53.43
9856,Brandon Snyder,5,2007-2011,2378,53.43
821189,Fidel Pinango,2,2024-2025,162,53.43
623457,Matt Rose,4,2015-2018,1237,53.42
592313,Travis Flores,2,2010-2013,208,53.42
682036,Michael Mateja,1,2018,128,53.42
543173,Kevin Fontanez,3,2008-2011,249,53.42
11379,Delino DeShields,7,2010-2016,2578,53.42
677601,Keyber Rodriguez,6,2018-2025,2453,53.42
823295,Jay Thomason,2,2024-2025,332,53.42
12235,Seth Maness,1,2012,21,53.42
501910,Johan Limonta,2,2007-2008,1080,53.42
595434,Gunnar Terhune,1,2010,95,53.42
630039,Enneider Torres,1,2013,209,53.41
502620,Mark Thomas,4,2007-2012,1329,53.41
663475,Bryce Denton,4,2015-2018,836,53.41
667353,Mike Loaisiga,3,2016-2018,341,53.41
677560,Jefferson Mendoza,2,2018-2021,254,53.41
666628,Jose Gutierrez,3,2016-2018,656,53.41
657810,Brian Wolfe,2,2014-2015,326,53.41
821243,Carlos Carrasquel,1,2024,127,53.41
572792,Conner Crumbliss,3,2009-2011,1241,53.4
19727,Joe Dunand,2,2017-2018,546,53.4
469839,Jose R. Flores,4,2009-2012,1279,53.4
4182,Jonathan Herrera,3,2007-2009,1273,53.4
17468,Kelvin Gutiérrez,5,2013-2018,1709,53.4
20054,Bligh Madris,1,2018,411,53.4
542394,Hector Acuna,3,2008-2010,494,53.4
554335,Fidel Pena,8,2009-2016,2612,53.39
672585,Edickson Soto,2,2017-2018,278,53.39
608276,Kevin Quaranto,1,2011,42,53.39
514920,Nelson Sosa,3,2007-2009,371,53.39
544936,Kai Gronauer,4,2008-2011,878,53.39
691442,Wilfred Veras,5,2021-2025,2223,53.39
11481,Henry Ramos,7,2010-2016,2313,53.39
660814,Freiberg Marin,3,2015-2018,556,53.39
829867,Geomaikel Martinez,1,2025,153,53.39
822966,John Taylor,1,2025,223,53.39
517214,Kevin Ladera,2,2007-2008,439,53.38
703199,Adan Sanchez,4,2022-2025,480,53.38
27534,Edouard Julien,3,2021-2023,1192,53.38
691396,Iverson Espinoza,5,2021-2025,490,53.38
473239,Juan Ciriaco,2,2007-2008,623,53.38
643208,Isaac Ballou,2,2013-2014,613,53.38
459774,Jason Delaney,1,2007,558,53.38
702504,Gavin Turley,1,2025,125,53.38
527039,Jonathan Galvez,8,2008-2015,2951,53.38
699098,Yimmy Diaz,3,2022-2024,452,53.37
657444,Bo Way,3,2014-2016,1344,53.37
660686,Jason Lopez,6,2015-2022,863,53.37
541609,Francisco Aponte,5,2008-2012,755,53.37
678395,Martin Olivas,2,2018-2021,310,53.37
516767,Julio Concepcion,7,2007-2013,1255,53.37
31437,Jace Jung,4,2022-2025,1634,53.37
29547,Ryan Bliss,4,2021-2024,1704,53.37
807981,Yosmar Gimenez,3,2023-2025,261,53.37
703180,Yendry Rojas,4,2022-2025,815,53.37
600982,Alberto Triunfel,7,2011-2018,1656,53.37
695312,Aaron Palensky,3,2021-2023,806,53.37
800287,Andy Encarnacion,4,2022-2025,605,53.37
15119,Jordan Patterson,4,2013-2016,1817,53.37
543059,Zack Cox,4,2010-2013,1333,53.36
808298,Heriberto Rincon,3,2023-2025,569,53.36
502485,Whitney Robbins,3,2007-2009,1070,53.36
593427,David Sopilka,7,2010-2018,818,53.36
466480,Deibinson Romero,5,2007-2011,1885,53.36
445922,Marcos Cabral,2,2007-2008,789,53.36
800426,Raylin Ramos,4,2022-2025,671,53.36
608669,Ross Heffley,2,2012-2013,627,53.36
516951,Sundrendy Windster,5,2007-2011,751,53.36
543211,Zach Gentile,3,2009-2011,1038,53.36
682799,Elio Prado,4,2022-2025,1277,53.35
534592,Chris Berset,3,2010-2012,541,53.35
680571,Greyson Jenista,2,2018-2021,580,53.35
834605,Seong-Jun Kim,1,2025,13,53.35
4049,Miguel Gonzalez,8,2008-2015,1766,53.35
600859,Marlon Avea,6,2011-2016,560,53.35
473275,Lucas Montero,3,2007-2009,1153,53.35
691866,Erubiel Fuentes,4,2021-2024,417,53.35
808226,Omar Urbina,2,2024-2025,230,53.35
821794,Brayan Cota,2,2024-2025,275,53.35
501580,Victor Soto,4,2007-2010,656,53.35
570651,Carlos Garcia,8,2009-2016,2245,53.35
691913,Jesus Castillo,5,2021-2025,1347,53.35
514918,Luis Martinez,4,2007-2010,721,53.35
694368,Jimmy Glowenke,3,2021-2023,1127,53.34
660793,Franklin Garcia,4,2015-2018,748,53.34
642360,Ruben Encarnacion,1,2013,186,53.34
670394,Ryan Gold,5,2016-2022,1026,53.34
814430,Brett Callahan,3,2023-2025,641,53.34
520492,Tyler Belcher,1,2008,187,53.34
645463,Galvi Moscat,2,2013-2014,184,53.34
695289,Dustin Crenshaw,2,2024-2025,343,53.34
452245,Eddy Martinez-Esteve,2,2007-2008,748,53.34
607949,Jerrud Sabourin,3,2012-2014,1443,53.34
691863,Carlos Franco,5,2021-2025,680,53.34
813429,Lucas Ramirez,1,2025,226,53.34
686499,Clark Elliott,3,2023-2025,1113,53.34
31665,Alex Freeland,4,2022-2025,1620,53.34
17738,Chris Shaw,3,2016-2018,1497,53.34
660796,Marino Campana,4,2015-2018,956,53.34
458667,Kyle Colligan,3,2009-2011,978,53.33
800959,Nick Goodwin,3,2023-2025,971,53.33
666713,Victor Cervantes,1,2016,145,53.33
666662,Mervin Romero,2,2016-2017,428,53.33
501306,Jonathan Bautista,2,2007-2008,145,53.33
694364,Caden Grice,1,2023,14,53.33
9853,Sean Halton,3,2009-2011,1302,53.33
444549,Elvin Polanco,3,2007-2009,971,53.33
607178,Drew Weeks,3,2015-2017,1543,53.33
688907,Pres Cavenaugh,1,2023,266,53.33
642445,Adalfi Almonte,4,2013-2016,824,53.33
518562,Peter Clifford,2,2007-2008,831,53.33
658137,Jose Benjamin,4,2014-2017,727,53.33
519377,Cory Vaughn,3,2011-2013,1456,53.33
547171,Marcus Littlewood,5,2011-2016,1274,53.32
668882,Mikey Perez,3,2021-2023,676,53.32
650495,Gabriel Mejia,4,2014-2018,851,53.32
656383,Blake Drake,5,2014-2018,1924,53.32
596727,Johan Rodriguez,3,2010-2012,259,53.32
502008,Christopher Duffy,3,2010-2012,780,53.32
806377,Anger Romero,2,2022-2023,79,53.32
572989,Steven Liddle,4,2009-2012,1200,53.32
7610,Lou Marson,4,2007-2010,1356,53.32
518867,Jacob Kaase,4,2007-2010,1047,53.32
660741,Edwin Figuera,4,2015-2021,520,53.32
684229,Samuel Duarte,1,2021,101,53.32
1159,Andrew Romine,4,2007-2010,1801,53.32
834712,Santiago Mendoza,1,2025,142,53.32
573158,Brady Shoemaker,3,2009-2011,1162,53.31
5451,Drew Macias,1,2007,522,53.31
592775,Sammie Starr,2,2011-2012,469,53.31
12594,Mike Marjama,4,2011-2014,888,53.31
641881,Ryan Miller,3,2014-2016,862,53.31
622798,Gregoris Hidalgo,4,2012-2015,601,53.31
27931,Petey Halpin,5,2021-2025,2148,53.31
599479,Luis Barahona,4,2011-2014,617,53.31
656070,Fabian Vizcaino,3,2014-2016,191,53.31
607621,Cody Livesay,3,2012-2014,451,53.31
519106,Michael Parker,2,2007-2008,390,53.31
606268,Jorge Rivero,3,2011-2013,544,53.31
807727,Charles McAdoo,3,2023-2025,1127,53.31
591711,Argenis Aldazoro,7,2010-2016,1067,53.31
457451,Brian McFall,2,2007-2008,863,53.31
592729,Jordan Scott,5,2010-2014,1670,53.31
502511,Paul-Michael Klingsberg,1,2009,113,53.3
663388,Justin Ellison,4,2015-2018,1022,53.3
641707,Tyler Horan,3,2013-2015,986,53.3
658532,Jhoandro Alfaro,4,2015-2018,465,53.3
9331,Jason Donald,3,2007-2009,1286,53.3
469754,Luis Alen,2,2008-2009,91,53.3
660300,Jerson Dometilia,1,2015,87,53.3
606330,Christopher Tamarez,4,2011-2014,803,53.3
703175,Freili Encarnacion,4,2022-2025,1002,53.3
12119,Matt Skole,2,2012-2014,1068,53.29
501965,Kyler Burke,4,2007-2010,1509,53.29
703196,Victor Izturis,4,2022-2025,444,53.29
623173,Chuck Taylor,7,2012-2018,2895,53.29
821592,Yeisy Celesten,2,2024-2025,254,53.29
518596,Andrew Davis,1,2008,481,53.29
685795,Jake Suddleson,2,2021-2022,424,53.29
667375,Rayneldy Rosario,3,2016-2018,506,53.29
674058,Jake Bivens,1,2017,62,53.29
501846,Logan Parker,3,2007-2009,1296,53.28
570636,Mayobanex Soto,3,2009-2011,404,53.28
451090,Jose Mayi,1,2007,161,53.28
645278,Kelvin Beltre,5,2014-2018,1083,53.28
701778,Jace Avina,4,2022-2025,1479,53.28
672608,Reynin Reynoso,2,2017-2018,357,53.28
606134,Jhonny Pena,4,2011-2014,502,53.28
4191,Yunel Escobar,1,2007,195,53.28
807991,Juan Hernandez,1,2023,89,53.28
499723,Yancarlo Franco,3,2007-2009,458,53.27
678747,Robert Gonzalez,3,2018-2022,440,53.27
642694,Luis Gonzalez,6,2013-2018,2184,53.27
677603,Juan Querecuto,2,2018-2021,359,53.27
575770,Oliver Santos,2,2009-2010,323,53.27
821018,Alexi Quiroz,2,2024-2025,212,53.27
665885,Enrique Saldana,3,2016-2018,366,53.27
800182,Bryan Andrade,4,2022-2025,520,53.27
20186,Brendan McKay,1,2018,242,53.27
699698,Ricardo Cova,5,2021-2025,1060,53.26
519078,Matt Newman,1,2013,385,53.26
687044,Ernie Yake,2,2021-2022,193,53.26
642493,Frank Encarnacion,2,2013-2014,247,53.26
700338,Anderson Colmenarez,3,2021-2023,319,53.26
699015,Miguel Sosa,4,2021-2024,469,53.26
500274,Jeudy Valdez,6,2007-2013,2615,53.26
821803,Carlos Villarroel,2,2024-2025,299,53.26
691282,Riquelmin Cabral,4,2021-2024,666,53.26
501574,Nestor Jacobs,2,2007-2008,144,53.25
517032,Santos Heredia,3,2007-2009,518,53.25
821163,Alejandro Pereira,2,2024-2025,267,53.25
519373,Devery Van De Keere,2,2007-2008,533,53.25
571992,Wander Nunez,1,2010,139,53.25
808225,Angel Trinidad,1,2023,95,53.25
519199,Curt Rindal,2,2007-2008,600,53.25
692591,Luis Mendez,5,2021-2025,1299,53.25
660631,Kevin Vicuña,5,2016-2022,1415,53.24
642463,Pedro Urena,4,2013-2016,739,53.24
815755,Kevin Bruggeman,3,2023-2025,650,53.24
644737,Luis Arrizurieta,2,2013-2014,74,53.24
592443,Corey Jones,3,2010-2012,979,53.24
3726,Jose Morales,1,2007,411,53.24
665598,Leonardo Laffita,1,2016,293,53.23
22117,Nick Pratto,5,2017-2023,1817,53.23
642307,Yoel Gonzalez,5,2013-2017,692,53.23
672759,Brayan Gonzalez,1,2017,152,53.23
829760,Moises Morales,1,2025,119,53.23
645798,Matt Reistetter,2,2015-2016,360,53.23
458536,Corey Kemp,2,2008-2009,683,53.23
7099,Rene Tosoni,5,2007-2011,1475,53.23
642473,Henry Santana,4,2013-2016,702,53.23
695481,Jay Allen II,5,2021-2025,1525,53.23
622513,Jose Martinez,2,2012-2013,467,53.22
808302,Juan Ortega,3,2023-2025,316,53.22
607494,Phillip Chapman,1,2011,125,53.22
29712,Colson Montgomery,5,2021-2025,1660,53.22
807083,Nathan Flewelling,1,2025,461,53.22
657739,Jamie Ritchie,3,2015-2017,1205,53.22
26319,Michael Busch,2,2021-2022,1136,53.22
543602,Leonardo Ochoa,2,2009-2011,140,53.22
542865,Travis Adair,5,2008-2012,1417,53.22
602096,Pedro Miranda,3,2011-2013,590,53.22
502771,Kel Jones,3,2007-2009,716,53.22
489401,Christopher Vinyard,3,2007-2009,1180,53.22
517428,Wascar Adames,4,2007-2010,758,53.21
15103,Boog Powell,5,2012-2017,1566,53.21
20084,J.C. Escarra,2,2017-2018,280,53.21
689750,Jacob Buchberger,2,2021-2022,803,53.21
19508,Kyle Lewis,2,2017-2018,576,53.21
621468,Jacob Scavuzzo,7,2012-2018,2512,53.21
657666,Erik Lunde,2,2015-2016,235,53.21
519255,Cody Scarpetta,1,2011,24,53.21
676155,Will Frizzell,3,2021-2023,623,53.21
679701,Ben Aklinski,1,2018,39,53.21
485679,Victor Sanchez,2,2007-2008,308,53.21
812518,Camden Janik,1,2025,150,53.21
572214,Ben Tschepikow,1,2009,108,53.21
692039,Carlos Jimenez,5,2021-2025,1334,53.2
808530,Francisco Caldera,3,2023-2025,284,53.2
672842,Francis Florentino,2,2017-2018,303,53.2
656921,Garrett Russini,1,2015,65,53.2
597131,Wilmer Oberto,5,2010-2014,908,53.2
599413,Mitch Nilsson,1,2011,74,53.2
466472,Carmelo Penaloza,2,2007-2008,244,53.2
695845,Ismael Padua,2,2021-2022,271,53.2
6384,Matthew Brown,1,2007,442,53.2
29704,Braxton Fulford,3,2021-2023,796,53.2
678362,Gilberto Jimenez,4,2018-2023,1298,53.2
501515,Luis Santa,1,2007,65,53.2
650362,Alejandro Salazar,5,2014-2018,1656,53.19
666788,Guillermo Granadillo,3,2016-2018,689,53.19
501778,Angelberth Montilla,5,2007-2012,894,53.19
592457,Lonnie Kauppila,2,2013-2014,296,53.19
29912,Darren Baker,3,2021-2023,1025,53.19
665785,Jonelvy Molina,3,2016-2018,221,53.19
696142,Will Taylor,2,2024-2025,474,53.19
7995,Adron Chambers,5,2007-2011,1906,53.18
809699,Argenis Aparicio,1,2023,84,53.18
667687,Janigson Villalobos,3,2016-2018,324,53.18
664705,Nick Sell,1,2015,262,53.17
451513,Brandon McConnell,1,2007,126,53.17
577011,Kevin Rivers,4,2009-2013,1327,53.17
543233,Maikol Gonzalez,3,2008-2010,723,53.17
665914,Daniel Montano,6,2016-2023,2067,53.17
693822,Murphy Stehly,1,2023,270,53.17
671206,Justin Hazard,1,2016,96,53.17
677047,D.J. Stewart,4,2017-2022,871,53.17
699053,Christopher Espinola,5,2021-2025,761,53.17
800165,Brayan Guedez,3,2022-2024,380,53.16
534754,Mickey Wiswall,3,2010-2012,1226,53.16
464372,Ignacio Medrano,2,2007-2008,258,53.16
20034,Hunter Owen,2,2017-2018,794,53.16
663791,D.J. Wilson,4,2015-2021,742,53.16
800193,Kelvin Hidalgo,4,2022-2025,1285,53.15
656993,Thomas Spitz,1,2016,466,53.15
800256,Natanael Yuten,4,2022-2025,1249,53.15
600475,Jorge Tillero,7,2011-2017,558,53.15
672796,Bryan A. Gonzalez,1,2017,86,53.15
622183,Janluis Castro,2,2012-2014,305,53.15
3630,Kevin Russo,3,2007-2009,1118,53.15
811289,Spencer Nivens,3,2023-2025,1076,53.15
592409,Mike Hollenbeck,1,2014,81,53.15
829073,Brailyn Antunez,1,2025,241,53.15
695342,Colin Davis,3,2021-2023,773,53.15
650744,Carlos Tatis,4,2015-2018,764,53.14
672563,Luis Veloz,2,2017-2018,430,53.14
8628,Paulo Orlando,4,2007-2010,1856,53.14
571465,Jeremy Barnes,2,2010-2011,964,53.14
3821,Brad Nelson,1,2007,445,53.14
624574,Yerison Pena,4,2012-2015,970,53.14
542622,David Calderon,2,2008-2009,155,53.14
575410,Cristian Araujo,2,2009-2010,305,53.14
503577,Yefri Carvajal,4,2007-2010,1348,53.14
543344,Brian Humphries,3,2012-2014,1393,53.14
665779,Carlos Rincon,5,2016-2022,1685,53.14
18881,Curtis Terry,3,2015-2021,704,53.14
698944,Teudis Cortorreal,3,2021-2023,287,53.14
663599,J.D. Williams,4,2015-2018,438,53.14
572993,Nick Lockwood,3,2009-2011,468,53.14
670427,Camden Duzenack,1,2018,427,53.14
656229,Jesse Berardi,1,2018,286,53.13
669995,Miguel De La Cruz,2,2016-2017,529,53.13
623328,Jeff Popick,1,2012,164,53.13
622669,Juan Carlos Moncion,3,2012-2014,486,53.13
581685,Edward Salcedo,6,2010-2015,2596,53.13
534804,Addison Maruszak,3,2009-2011,1024,53.13
466466,Luis Classe,1,2007,126,53.13
660614,Arquímedes Gamboa,5,2015-2022,1731,53.13
643465,Alex Murphy,6,2013-2018,1145,53.13
699203,Gedionne Marlin,3,2021-2023,525,53.13
452778,Donnie Ecker,1,2007,107,53.13
692422,Odalys Peguero,4,2021-2024,952,53.13
592365,Angelo Gumbs,7,2010-2017,1833,53.12
596804,Brian McConkey,3,2010-2012,638,53.12
2845,Joe Benson,6,2007-2012,2429,53.12
657740,Jeremy Rivera,4,2014-2018,1340,53.12
701616,Caleb Lomavita,2,2024-2025,517,53.12
595419,Ryan Soares,2,2011-2012,90,53.12
694387,Christian Knapczyk,2,2024-2025,941,53.12
802355,Tanner Schobel,4,2022-2025,1562,53.12
543620,Cody Overbeck,2,2009-2010,938,53.11
678779,Wilker Vargas,1,2018,66,53.11
676829,Nick Hutchins,2,2017-2018,278,53.11
592822,Jesus Valdez,3,2011-2013,729,53.11
678749,Hector Leon,1,2018,203,53.11
681123,Luca Tresh,4,2021-2024,1291,53.11
660994,Bryant Aragon,2,2015-2016,191,53.11
519457,Karl Bolt,2,2007-2008,579,53.11
4875,Logan Watkins,6,2008-2014,2557,53.11
595129,Tom Belza,4,2011-2014,1858,53.11
624009,Felipe Talos,3,2012-2014,348,53.11
595831,Jonathan Merritt,1,2010,246,53.11
642140,Cory Thompson,4,2013-2016,767,53.1
542553,Jose Rosario,5,2008-2012,772,53.1
514948,George Matheus,3,2007-2010,518,53.1
5963,Xavier Paul,3,2007-2009,1117,53.09
672840,Wander Valdez,3,2017-2021,591,53.09
660859,Ricardo Cubillan,5,2016-2022,739,53.09
656097,Juan Rodriguez,2,2014-2015,332,53.09
600957,Mauricio Ramos,6,2011-2016,2164,53.09
445191,Joseph Batten,1,2008,431,53.09
643420,Carlos Lopez,1,2014,576,53.09
683464,Amell Brazoban,2,2021-2022,313,53.09
543015,Jack Cawley,2,2008-2009,249,53.09
702217,Will McGillis,1,2023,106,53.09
592691,David Rohm,5,2010-2014,1919,53.09
650798,Luis Encarnacion,3,2014-2017,380,53.09
622266,Angel Ortega,6,2012-2017,2362,53.08
5371,Juan Carlos Perez,3,2009-2011,1577,53.08
703183,Jose De Jesus,4,2022-2025,822,53.08
623930,Justin Jirschele,3,2012-2014,672,53.08
801228,Sandro Gaston,2,2022-2023,500,53.08
475467,Sean Ratliff,2,2009-2010,1091,53.08
519014,James McOwen,3,2007-2009,1274,53.08
541603,Ismael Tijerina,4,2008-2012,621,53.08
680637,Juan Mata,1,2018,144,53.08
542188,Samuel Ortiz,4,2008-2011,816,53.08
679684,Troy Squires,1,2018,152,53.08
501929,Ryan Khoury,2,2007-2008,795,53.08
669227,Kendall Simmons,5,2018-2024,1136,53.07
17806,Braden Bishop,3,2016-2018,1419,53.07
543198,Drew Garcia,3,2008-2010,1240,53.07
31500,Ryan Ritter,4,2022-2025,1187,53.07
520977,Mitchell Dening,4,2007-2011,1447,53.07
468466,Wady Rufino,3,2007-2009,426,53.07
623282,Austin Cowen,3,2012-2014,238,53.06
33549,Kyle Teel,3,2023-2025,823,53.06
641888,Aaron Mizell,2,2015-2016,475,53.06
446276,Josh Horton,4,2007-2010,1778,53.06
701734,Ryan McCrystal,2,2024-2025,380,53.06
664778,Justin Pacchioli,1,2017,21,53.06
489444,Ty Wright,1,2009,34,53.06
623928,Nik Balog,2,2012-2013,505,53.06
687206,Tres Gonzalez,4,2022-2025,1281,53.06
642435,Carlos Arroyo,5,2013-2017,1139,53.06
646098,Antony Brito,3,2013-2015,417,53.06
548338,Landis Ware,1,2012,88,53.06
573108,Richard Racobaldo,2,2009-2010,766,53.05
518474,Brock Bond,4,2007-2010,1475,53.05
595261,Joe Jackson,3,2014-2016,1324,53.05
877,John Hester,2,2007-2008,651,53.05
664692,Trey York,2,2016-2017,272,53.05
448236,Santo De Leon,2,2007-2008,787,53.05
22165,Ryan Vilade,5,2017-2023,2149,53.04
657576,Marc Flores,1,2014,135,53.04
518745,Jon Griffin,3,2011-2013,1298,53.04
12140,Juniel Querecuto,6,2010-2017,2138,53.04
800569,Alberto Barriga,4,2022-2025,808,53.04
570655,Pedro Nivar,4,2009-2012,464,53.04
571388,Derward Ruiz,2,2009-2010,277,53.04
801522,Carlos Sanchez,4,2022-2025,670,53.03
682715,Erick Tejeda,3,2021-2023,318,53.03
680642,Darlin Moquete,5,2018-2024,1186,53.03
10953,Phil Gosselin,4,2010-2013,1770,53.03
829050,Larry Suero,1,2025,208,53.03
19252,Cavan Biggio,3,2016-2018,1161,53.03
444961,Matt Miller,1,2007,502,53.03
641400,Cael Brockmeyer,3,2014-2016,962,53.03
642855,Jorge Quiterio,3,2013-2015,532,53.02
650352,Jeyson Cabrera,1,2014,203,53.02
554052,Fredwin Campusano,2,2009-2010,263,53.02
514968,Wondy De Los Santos,3,2007-2009,538,53.02
448591,Richard Mercado,1,2007,307,53.02
810838,Ryan Jackson,2,2024-2025,625,53.02
594944,Thomas Nichols,1,2010,249,53.02
692609,Meiver Borges,2,2021-2022,112,53.02
20505,Drew Waters,5,2017-2023,1604,53.02
681370,Hudson Haskin,3,2021-2023,966,53.02
572960,Daniel Kaczrowski,2,2010-2011,662,53.02
542381,Keury Arias,1,2008,98,53.02
689763,Kyler Castillo,2,2021-2022,410,53.02
698978,Derwin Laya,4,2021-2024,663,53.01
554393,Yucary De La Cruz,5,2009-2013,1196,53.01
699235,David Leon,5,2021-2025,382,53.01
813939,Jan Luis Reyes,1,2025,175,53.01
673882,Freddvil Chevez,4,2017-2022,775,53.01
815697,Arturo Disla,3,2023-2025,986,53.01
16442,Ryan O'Hearn,5,2014-2018,2339,53.0
800724,Eric Bitonti,3,2023-2025,911,53.0
501865,Matt Camp,2,2007-2008,1064,53.0
501895,Andy Bouchie,3,2007-2010,874,53.0
575589,Starlin Rodriguez,6,2009-2014,1772,53.0
7178,Konrad Schmidt,2,2008-2009,871,53.0
607575,Ryan Hutson,1,2011,186,53.0
543574,Carter Morrison,1,2009,146,53.0
676198,Chase Pinder,2,2017-2018,572,53.0
805260,Ethan Hedges,1,2025,89,53.0
543849,David Thomas,3,2008-2010,643,53.0
821240,Moises Bolivar,2,2024-2025,384,53.0
622061,Alexis Rivera,5,2012-2016,1165,53.0
672706,Enoc Watts,2,2017-2018,209,52.99
672525,Isaias Silverio,2,2017-2018,324,52.99
673110,Joseph Gilma,2,2017-2018,232,52.99
13891,Mike Miller,2,2013-2014,370,52.99
821703,Argenis Valdez,2,2024-2025,270,52.99
455957,Chris Lubanski,3,2007-2009,1086,52.99
672858,Edwin Mateo,4,2017-2022,1082,52.98
672544,César Izturis Jr.,5,2017-2023,1135,52.98
660545,Victor Giron,1,2015,100,52.98
15640,Aaron Judge,3,2014-2016,1513,52.98
477164,Robert Lara,3,2008-2010,734,52.98
673861,Ian Evans,1,2018,189,52.98
594793,Wes Cunningham,1,2011,410,52.98
542368,Smit Valera,2,2008-2009,440,52.98
695731,Braden Montgomery,1,2025,517,52.98
518780,Jeffrey Hehr,1,2008,401,52.98
829793,Isais Chavez,1,2025,153,52.97
14691,Harold Castro,8,2011-2018,2664,52.97
692611,Marino Castillo,2,2021-2022,279,52.97
800266,Yordalin Peña,4,2022-2025,966,52.97
660582,Ildion Martina,2,2015-2016,96,52.97
664956,Ricky Eusebio,3,2015-2017,746,52.97
800319,Moises De La Rosa,3,2022-2024,389,52.97
572393,Kyle Roller,2,2011-2012,937,52.97
607614,Drew Leachman,3,2011-2013,721,52.96
664081,Mylz Jones,4,2015-2018,1696,52.96
21634,Ford Proctor,1,2021,381,52.96
691424,Erickson Sarita,2,2021-2022,178,52.96
14739,Paul Blackburn,1,2016,16,52.96
681439,Zach Morgan,3,2022-2024,725,52.96
26149,Dominic Fletcher,2,2021-2022,1031,52.96
516828,Edward Chevalier,2,2007-2008,415,52.96
19828,Cody Thomas,3,2016-2018,1337,52.96
800176,Carlos Sanchez,4,2022-2025,1176,52.96
502781,Jason Stidham,2,2009-2010,511,52.96
506688,Alberto Acosta,2,2007-2008,379,52.96
446013,Tonys Gutierrez,2,2007-2008,935,52.95
623312,Kyle Johnson,3,2012-2014,1077,52.95
692374,Jose Ramos,5,2021-2025,1087,52.95
667517,Stefan Trosclair,3,2016-2018,1087,52.95
542970,Buck Britton,3,2008-2010,611,52.95
543943,Taylor Wrenn,2,2012-2013,212,52.95
10767,Lane Adams,6,2009-2014,2302,52.95
7168,Juan Centeno,7,2007-2014,1198,52.95
25482,TJ Hopkins,1,2021,292,52.94
7490,Josh Fields,1,2007,249,52.94
607109,Matt Williams,4,2011-2014,1535,52.94
800348,Edwin Amparo,4,2022-2025,927,52.94
800683,Blake Rambusch,3,2022-2024,593,52.94
677605,Luis Verdugo,6,2018-2025,1882,52.94
681159,Ethan Wilson,4,2021-2024,1489,52.94
600880,Francisco Castillo,5,2011-2015,1204,52.94
608418,Claudio Bautista,7,2011-2017,1885,52.94
600481,Dionicio Rosario,4,2011-2015,644,52.93
27496,Owen Caissie,5,2021-2025,2169,52.93
22542,Lawrence Butler,5,2018-2024,1445,52.93
8179,Joe Mahoney,4,2008-2011,1727,52.93
691191,Jose Salas,5,2021-2025,1716,52.93
502976,Chris Kemp,1,2007,187,52.93
489190,Pat Overholt,1,2007,13,52.93
623900,Matt Foat,2,2012-2013,266,52.93
821806,Joshua Francis,2,2024-2025,223,52.92
657086,Jared Walker,5,2014-2018,1173,52.92
621562,Thomas Coyle,3,2013-2015,1493,52.92
518402,Jose Alvarez,5,2007-2011,1057,52.92
572850,Michael Flacco,3,2009-2011,895,52.92
644408,Luis Montero,4,2013-2017,753,52.92
543806,Mike Spina,3,2009-2011,1382,52.92
449159,John Raglani,1,2007,545,52.92
448757,Jonathan Malo,2,2007-2008,578,52.92
809770,Geyber Blanco,2,2023-2024,264,52.92
592268,Deshun Dixon,2,2010-2011,269,52.92
645805,Joseph Astacio,3,2013-2015,407,52.92
808677,Alexander Requena,3,2023-2025,244,52.92
600903,Yorman Garcia,4,2011-2014,765,52.91
543842,Jeremy Synan,3,2009-2011,1346,52.91
623254,Trenton Moses,2,2012-2013,513,52.91
829884,Sandor Feliciano,1,2025,153,52.91
669218,Kier Meredith,3,2021-2023,380,52.91
694183,Cristian Hernández,5,2021-2025,1817,52.91
821244,Francisco Loreto,2,2024-2025,299,52.91
805102,Byron Chourio,4,2022-2025,930,52.91
657532,Carter Burgess,2,2014-2015,371,52.91
542439,Raul Fernandez,1,2008,73,52.91
825725,Edgar Walker,1,2025,171,52.91
547181,Matt Lipka,7,2010-2016,2600,52.91
808264,Kleiver Chauran,3,2023-2025,581,52.9
472594,Yung-Chi Chen,2,2007-2008,298,52.9
575648,Wander Guillen,3,2009-2011,365,52.9
543205,Matthew Gaski,2,2008-2009,150,52.9
594923,James Meador,1,2010,87,52.9
541601,Jose Bellorin,4,2008-2011,723,52.9
642310,Bryan Tejada,5,2013-2017,566,52.9
677120,Yoel Yanqui,2,2017-2018,754,52.9
623976,Hengerber Medina,3,2012-2014,502,52.9
692670,Jhonson Pena,4,2021-2024,499,52.89
650186,Carlos Diaz,3,2014-2016,505,52.89
468401,Eduardo Perez,3,2007-2009,1379,52.89
572072,Ronnie Richardson,2,2013-2014,447,52.89
676803,Connor Hoover,3,2017-2021,701,52.89
516680,Rudney Balentien,4,2007-2010,675,52.89
13130,Mikie Mahtook,3,2012-2014,1669,52.89
5277,Tuffy Gosewisch,2,2007-2008,755,52.88
445011,Doug Pickens,2,2008-2009,414,52.88
821671,Ricardo Paez,2,2024-2025,245,52.88
660830,Shard Munroe,4,2015-2018,645,52.88
9927,Brett Gardner,2,2007-2008,874,52.88
811083,Andrew Tess,1,2025,227,52.88
16398,Brian Navarreto,6,2013-2018,1575,52.88
571953,Cameron Monger,2,2009-2010,300,52.88
543612,Ricky Orton,1,2008,160,52.87
570254,Gavi Nivar,4,2009-2012,426,52.87
664960,Jerry Downs,3,2015-2018,813,52.87
800147,Henry Guerrero,2,2022-2023,181,52.87
623895,Jenner Emeterio,3,2012-2014,678,52.87
668956,Wood Myers,2,2017-2018,215,52.87
605112,Trever Adams,2,2012-2013,1025,52.87
812442,Stephen Hrustich,1,2025,258,52.87
500911,Luis Palacios,4,2007-2010,713,52.87
4467,Brandon Moss,2,2007-2008,741,52.87
829715,Sandy Presbot,1,2025,222,52.87
572679,Beau Amaral,4,2012-2015,1684,52.87
682432,Walter Pereira,1,2018,37,52.86
814261,Carlos Caro,3,2023-2025,619,52.86
489117,Cole Miles,4,2007-2010,1756,52.86
801533,Miguel Santos,2,2024-2025,337,52.86
492815,Ebert Rosario,4,2007-2010,1123,52.86
825484,Alexander Frias,1,2025,112,52.86
682276,Jose Cordova,5,2018-2024,634,52.86
502223,Jon Del Campo,3,2007-2010,414,52.86
22202,Jeter Downs,5,2017-2023,1696,52.86
800449,Thomas Sosa,4,2022-2025,970,52.86
593638,Chris Garia,6,2010-2016,1609,52.86
14897,Daniel Palka,4,2013-2016,1906,52.86
815299,Will Verdung,3,2023-2025,919,52.85
678580,Enyerberth Ascanio,1,2018,141,52.85
623229,Tommy Richards,1,2012,123,52.85
800200,Jonathan Linares,4,2022-2025,390,52.85
692364,Cesar Quintas,5,2021-2025,1170,52.84
573250,Cory Wine,1,2009,92,52.84
554053,Luis De La Rosa,4,2009-2013,532,52.84
458619,Adam Witter,1,2007,412,52.84
447757,Efrain Contreras,4,2007-2010,982,52.84
598466,Adrian De Aza,2,2011-2012,271,52.84
672713,Steven Fana,2,2017-2018,419,52.84
593791,Julio Sotelo,2,2010-2011,73,52.84
670466,Chad Sedio,3,2016-2018,934,52.84
800219,Juan Murillo,2,2022-2023,268,52.84
679755,Carlos Goris,1,2018,228,52.84
669475,Troy Claunch,2,2022-2023,253,52.84
450856,Carlos Morales,1,2007,122,52.84
622521,Hengelbert Rojas,4,2012-2015,497,52.84
547802,Rainier Bello,4,2009-2012,645,52.84
642742,Leomar Morillo,2,2013-2014,133,52.83
11608,Garin Cecchini,4,2012-2015,2010,52.83
543387,Ryan Keedy,2,2009-2010,522,52.83
667599,Juan Carlos Smith,3,2016-2018,374,52.83
642333,Carlos Sanchez,5,2013-2018,834,52.83
4984,Brock Peterson,2,2007-2008,967,52.83
595309,Tyler Marincov,3,2014-2016,1699,52.83
665912,Miguel Hernandez,6,2016-2023,1498,52.83
17452,Jose Siri,6,2013-2018,1921,52.82
542180,Robin Rosario,2,2008-2009,252,52.82
695372,Jake Gelof,3,2023-2025,1002,52.82
542546,Hassiel Jimenez,4,2008-2011,471,52.82
5199,Taylor Teagarden,2,2007-2008,765,52.82
13284,Darnell Sweeney,4,2012-2015,2029,52.82
446285,Warren McFadden,1,2008,131,52.82
680785,J.D. Orr,1,2021,271,52.82
691600,Blayberg Diaz,5,2021-2025,960,52.82
572793,Jeremy Cruz,2,2010-2011,787,52.82
682169,Zach McLeod,1,2018,60,52.82
25805,Blake Sabol,2,2021-2022,801,52.82
23372,Hunter Feduccia,2,2018-2021,458,52.82
623230,Eric Grabe,2,2012-2013,418,52.82
805327,Juan Rodriguez,1,2022,82,52.81
808142,Jose Urbina,3,2023-2025,420,52.81
681996,Ryan Fitzpatrick,1,2018,160,52.81
691289,Juan Garcia,2,2021-2022,181,52.81
695358,Jonny Butler,3,2021-2023,588,52.81
650355,Terrence Josephina,2,2014-2015,383,52.81
21270,Sean Bouchard,1,2018,515,52.81
544569,Oliver Pascual,4,2008-2011,382,52.81
22232,Mason McCoy,1,2018,536,52.81
692615,Jhonny Perdomo,4,2021-2024,784,52.81
7755,Fernando Perez,1,2007,476,52.81
815889,Paulino Santana,2,2024-2025,566,52.81
686766,William Simoneit,1,2021,367,52.8
621004,Tanner Rahier,4,2012-2016,1225,52.8
683228,Jared Thomas,2,2023-2024,202,52.8
623150,Carlos Lopez,2,2013-2014,334,52.8
702140,Ruben Ibarra,3,2021-2023,778,52.8
15191,Chad Pinder,3,2014-2016,1423,52.8
694220,Daniel Montesino,4,2021-2025,445,52.8
9871,Bryan Anderson,5,2007-2011,1668,52.8
527031,Michael Almanzar,8,2008-2015,3229,52.8
446261,Matthew Devins,1,2007,239,52.8
460254,Jeremy Slayden,1,2007,500,52.79
570554,Rafael Disla,2,2009-2010,262,52.79
640474,Joseph Miranda,3,2013-2015,648,52.79
695462,Cal Conley,4,2021-2024,1823,52.79
14811,Luke Voit,2,2014-2015,930,52.79
682218,Tyler Reichenborn,3,2021-2023,969,52.79
605360,Brandon Martin,3,2011-2013,628,52.79
622538,Wilber Torres,4,2012-2015,622,52.79
681550,Nick Patten,1,2018,144,52.78
14477,Jake Cave,5,2013-2017,2632,52.78
681016,Brendan Venter,1,2018,210,52.78
19458,Cooper Hummel,3,2016-2018,776,52.78
605381,Levi Michael,4,2012-2015,1432,52.78
640640,Henry Lugo,4,2013-2016,633,52.78
650632,Daniel Padilla,4,2014-2017,592,52.78
596122,Josh Tobias,2,2016-2017,1025,52.78
456058,Victor Henriquez,2,2007-2008,325,52.78
571827,Mycal Jones,3,2009-2011,1301,52.78
501661,Oliver Dominguez,6,2008-2013,1447,52.78
657433,Ben Moore,3,2014-2016,370,52.78
517422,Jhonder Viscaya,3,2007-2009,276,52.78
501645,Leuris Gomez,2,2007-2008,351,52.78
692428,Roylems Rangel,3,2021-2023,260,52.77
521091,Romulo Ruiz,4,2007-2011,567,52.77
802407,Joe Lampe,4,2022-2025,1356,52.77
703035,Ronny Ramirez,2,2021-2022,211,52.77
622351,Sergio Ripoll,2,2012-2013,274,52.77
501834,Nick Francis,3,2008-2010,1077,52.77
457802,Byron Wiley,3,2008-2010,807,52.77
499882,Matt Kennelly,7,2007-2013,1587,52.77
660568,Angel Tejeda,3,2015-2017,591,52.76
643590,Brandon Wagner,3,2016-2018,1175,52.76
518776,Cody Hawn,4,2010-2013,1591,52.76
699158,Yevganni Reinita,2,2021-2022,112,52.76
593961,Ronarsy Ledesma,7,2010-2016,1105,52.76
812430,Heriberto Caraballo,3,2023-2025,408,52.76
665818,Raider Brito,3,2016-2018,505,52.76
656717,Josh McLain,1,2018,210,52.76
595929,Dylan Davis,5,2014-2018,1818,52.76
572062,David Renfroe,3,2011-2013,1101,52.76
703161,Alexis Hernandez,4,2022-2025,776,52.76
645313,Cristhian Vasquez,4,2014-2017,675,52.76
645294,Yohan Matos,3,2014-2016,437,52.75
684580,Jake Guenther,1,2021,358,52.75
14938,Jack Reinheimer,4,2014-2017,2223,52.75
676807,Jose Montanez,2,2017-2018,214,52.75
683092,Deivis Vegas,1,2018,26,52.75
502558,Mark Shorey,3,2007-2009,1197,52.75
800607,Kehden Hettiger,3,2023-2025,728,52.75
608675,Jared King,3,2014-2016,891,52.75
644277,Alberto Sanchez,1,2013,109,52.75
593524,Jefry Puente,3,2010-2012,569,52.75
622736,Roberto Caro,7,2012-2018,1737,52.74
572690,Juan Avila,2,2013-2014,536,52.74
542345,Leonel Escobar,7,2008-2014,544,52.74
485569,Jose Gualdron,5,2007-2011,1025,52.74
650728,Leonardo Molina,5,2014-2018,1270,52.74
821797,Juan Martinez,2,2024-2025,265,52.74
488857,Reid Engel,3,2007-2009,1040,52.74
475161,Eric Fry,3,2007-2010,421,52.74
21682,Luis De Los Santos,5,2016-2022,1567,52.74
821197,Juan Martinez,2,2024-2025,386,52.74
641336,Nick Banks,2,2017-2018,951,52.73
4054,Emilio Bonifácio,2,2007-2008,1034,52.73
657579,Will Fulmer,1,2014,16,52.73
642427,Raymond Rivas,2,2013-2014,302,52.73
6788,Josh Satin,2,2008-2009,561,52.73
678876,Angel Rojas,3,2018-2022,345,52.73
445618,Valentino Arce,1,2007,231,52.73
670049,Chris DeVito,3,2016-2018,1054,52.73
642318,Miguel Guzman,4,2013-2016,447,52.73
606129,Merqui Marmolejos,2,2011-2012,332,52.73
829304,Diomar Hidalgo,1,2025,103,52.73
670444,Branden Boggetto,3,2016-2018,343,52.73
656829,Steven Patterson,1,2015,203,52.73
699056,Ronald Pena,3,2021-2023,366,52.73
623922,Blake Barber,3,2012-2014,733,52.73
699127,Luis Castillo,5,2021-2025,1192,52.73
538079,Antonio Lamas,1,2013,558,52.73
467078,Wladimir Sutil,3,2007-2009,1428,52.73
593773,Fabel Filpo,3,2010-2012,451,52.72
650688,Dilson Fernandez,2,2014-2015,145,52.72
656226,Isaac Benard,1,2016,128,52.72
517377,Rafael Hilario,2,2007-2008,333,52.72
680852,Wilfredo Flores,4,2018-2023,822,52.72
572243,LeVon Washington,6,2010-2015,1205,52.71
703606,Jared Thomas,2,2024-2025,569,52.71
571833,Jon Karcich,3,2009-2011,843,52.71
605466,KC Serna,1,2014,486,52.71
3211,Tyler Ladendorf,5,2008-2012,1986,52.71
679027,Madison Santos,3,2018-2022,625,52.71
570891,Hector Jacobo,1,2009,58,52.71
601983,Juan Herrera,7,2011-2017,1423,52.71
690938,Matt Goodheart,1,2021,24,52.71
684189,Lians Beato,1,2021,67,52.71
517025,Héctor Gómez,3,2007-2009,652,52.7
669245,Jacob Pearson,4,2017-2022,1069,52.7
806310,Spence Coffman,4,2022-2025,332,52.7
829844,Jefer Lista,1,2025,233,52.7
499988,Wilson Mercedes,2,2007-2008,252,52.7
595439,D'Andre Toney,2,2011-2012,446,52.7
605145,Derrick Bleeker,1,2012,46,52.7
570773,Sony Javier,4,2009-2013,478,52.7
6968,Denis Phipps,4,2007-2010,2077,52.69
834966,Dylan Grego,1,2025,138,52.69
594015,Juan Morales,2,2010-2011,171,52.69
816344,Rashawn Pinder,2,2024-2025,479,52.69
488871,Jeremy Farrell,3,2009-2011,1005,52.69
703804,Romeo Sanabria,4,2022-2025,1330,52.69
821613,Luis Fragoza,2,2024-2025,326,52.69
683606,Cesar Aponte,1,2021,197,52.69
820984,Israfell Bautista,2,2024-2025,386,52.69
613545,Cristian Cano,3,2012-2014,484,52.69
702869,Jose Aular,5,2021-2025,321,52.69
534069,Matt Williams,1,2009,26,52.68
664752,Seamus Curran,4,2015-2021,809,52.68
501631,Miguel Rodriguez,2,2007-2008,510,52.68
808890,Michael Guzman,3,2023-2025,479,52.68
685358,Zack Raabe,2,2021-2022,445,52.68
593592,Leo Rodriguez,5,2010-2014,1078,52.68
821044,Iverson Allen,2,2024-2025,221,52.68
642283,Vicson Graciano,3,2013-2015,361,52.68
678220,Yeison Santana,4,2018-2023,697,52.68
804946,Tyler Howard,1,2025,38,52.67
18063,Kyle Garlick,2,2015-2016,792,52.67
519397,Brandon Waring,4,2007-2010,1916,52.67
608660,Eric Garcia,4,2012-2015,1223,52.67
519442,Nathan Woods,1,2011,161,52.67
650660,Franklin Torres,6,2014-2021,1401,52.67
827672,Jude Warwick,1,2025,278,52.67
676899,Austin Guibor,1,2017,25,52.66
645310,Junior Soto,4,2014-2017,644,52.66
19710,Ronnie Dawson,2,2017-2018,1061,52.66
657147,Shane Zeile,4,2014-2017,497,52.66
570656,Ramon Santos,2,2009-2010,447,52.66
16153,Austin Slater,3,2015-2017,1139,52.66
468475,Jair Fernandez,5,2007-2011,1065,52.66
694930,Carson Taylor,3,2021-2023,926,52.66
517030,Ramon Novas,3,2007-2009,581,52.65
650867,Mikey Edie,4,2014-2017,629,52.65
808689,Jose Guerra,3,2023-2025,271,52.65
608413,Sthervin Matos,6,2011-2016,1175,52.65
451576,Derek Bruce,1,2007,470,52.65
519708,Douglas Landaeta,5,2007-2012,1322,52.65
501316,Victor Santana,2,2007-2008,546,52.65
663844,Branden Becker,3,2015-2018,674,52.65
468535,Welington Dotel,3,2007-2010,195,52.65
821625,Frailyn Severino,1,2024,88,52.65
593997,Cesar Galvez,7,2010-2016,987,52.65
542551,Humberto Mejia,3,2008-2011,289,52.65
543904,Beamer Weems,5,2008-2012,1172,52.65
607633,Matt Martin,1,2014,89,52.64
573123,Cody Rogers,4,2009-2012,1357,52.64
658303,Michael Massi,2,2014-2015,178,52.64
3395,Cliff Pennington,2,2007-2008,1186,52.64
828335,Titus Dumitru,2,2024-2025,571,52.64
9802,Will Rhymes,1,2007,556,52.64
13167,Robel García,4,2010-2013,692,52.64
829078,Alejandro Cruz,1,2025,164,52.64
543500,Mauricio Matos,2,2008-2009,157,52.63
823878,Luis Rives,2,2024-2025,249,52.63
518657,Chris Epps,3,2011-2013,951,52.63
27653,Christian Koss,2,2021-2022,1000,52.63
701548,Ali Camarillo,1,2025,422,52.63
829399,Andruw Zambrano,1,2025,99,52.63
699285,Junior Del Valle,3,2021-2023,318,52.62
607733,Drew Stankiewicz,4,2014-2017,1074,52.62
570234,Xavier Batista,4,2009-2013,823,52.62
672781,Jose Arocha,1,2017,110,52.62
605365,Pratt Maynard,4,2011-2014,941,52.62
643205,Andrew Ayers,1,2013,167,52.62
808145,Bracewell Taveras,3,2023-2025,499,52.62
488826,Michael DeJesus,2,2007-2008,914,52.62
518552,Cody Cipriano,2,2008-2009,632,52.62
680671,Michael Guldberg,3,2021-2023,535,52.62
642722,Yeudi Grullon,5,2013-2017,721,52.62
678863,Carlos Arroyo,4,2018-2025,503,52.62
20454,Jazz Chisholm Jr.,4,2016-2021,906,52.62
664866,Austin Bossart,3,2016-2018,555,52.62
460133,Brad Boyer,2,2007-2008,766,52.62
595974,Travis Harrison,6,2012-2017,2650,52.61
7471,Wyatt Toregas,1,2007,324,52.61
29630,Joey Loperfido,3,2021-2023,1088,52.61
833206,Andy Mata,1,2025,145,52.61
691929,Dioris Valdez,2,2021-2022,141,52.61
9018,Lars Anderson,6,2007-2012,3193,52.61
682075,Ian Dawkins,1,2018,272,52.61
666592,Roberto Delgado,1,2016,82,52.61
571686,Jon Garcia,7,2009-2015,2106,52.61
692614,Mario Melendez,1,2021,144,52.6
593800,Gioskar Amaya,6,2010-2016,2233,52.6
689787,Zach Cornell,1,2021,102,52.6
575930,Eduardo Gonzalez,3,2010-2012,419,52.6
25475,Logan Driscoll,2,2021-2022,483,52.6
571529,Alex Burg,3,2010-2012,743,52.59
643557,Jake Stone,2,2013-2014,276,52.59
607279,Joe Winker,3,2011-2013,742,52.59
661386,Nicolas Miranda,2,2015-2016,411,52.59
622047,Fernando Perez,6,2012-2017,1685,52.59
542448,Neudy Clime,3,2008-2010,460,52.59
25459,Peyton Burdick,1,2021,491,52.59
801629,Cade McGee,2,2024-2025,412,52.59
543064,Matthew Crawford,2,2008-2009,692,52.58
457726,Kyle Russell,3,2008-2010,1370,52.58
554391,Randoll Santana,3,2009-2011,584,52.58
811339,Josh Kross,2,2024-2025,520,52.58
11204,Stephen Cardullo,2,2010-2011,320,52.58
681842,Kevin Woodall,1,2018,130,52.58
602924,Elvis Rubio,7,2011-2017,1767,52.58
24770,James Outman,2,2018-2021,728,52.58
683490,J.J. D'Orazio,5,2021-2025,1392,52.58
691446,Samuel Rojas,4,2021-2024,377,52.58
641317,Bryndan Arredondo,1,2017,47,52.58
678483,Daniel Hernandez,1,2018,233,52.58
829679,Shotaro Morii,1,2025,188,52.57
650819,Edison Lantigua,4,2014-2017,724,52.57
671055,Erik Pena,2,2017-2018,293,52.57
684710,Miguel Rojas,2,2021-2022,186,52.57
501675,Ruben Contreras,4,2007-2010,853,52.57
492814,Yeldrys Molina,3,2007-2009,450,52.57
518887,Austin King,2,2009-2010,206,52.57
9952,Trayce Thompson,7,2009-2015,3141,52.57
452646,Cody Haerther,2,2007-2008,549,52.57
624980,Sam Kennelly,3,2014-2016,434,52.57
16839,Braxton Lee,4,2015-2018,1771,52.57
572698,Jeremy Baltz,3,2013-2015,987,52.56
542470,Marbin Beltre,3,2008-2010,280,52.56
7511,Carlos Moncrief,4,2010-2013,1521,52.56
672764,Pablo Abreu,2,2017-2018,498,52.56
657253,Chris Rabago,3,2015-2017,867,52.56
671227,Alexander Martinez,2,2016-2017,207,52.56
572262,Shannon Wilkerson,5,2009-2013,1865,52.56
452028,Drew M. Anderson,1,2007,580,52.55
656642,Gavin LaValley,5,2014-2018,2144,52.55
22530,Johnathan Rodríguez,6,2017-2024,2167,52.55
472530,Yonelvy Canal,1,2007,95,52.55
4022,Melky Cabrera,1,2008,66,52.55
801740,Karell Paz,3,2022-2024,501,52.55
671265,Freudis Nova,4,2017-2023,786,52.55
608711,Joe Sever,3,2013-2015,1259,52.55
678636,Orlando Martinez,3,2018-2022,1169,52.55
623990,Josh Kennelly,1,2012,46,52.55
607427,Matthew Holland,1,2011,125,52.55
458940,Jason Van Kooten,3,2007-2009,961,52.55
527941,Ronald Acosta,3,2008-2010,417,52.55
458054,D.J. Wabick,2,2007-2008,949,52.55
543587,Jake New,1,2008,127,52.55
571680,Cole Frenzel,3,2012-2014,920,52.54
25855,Matt Gorski,2,2021-2022,724,52.54
664896,Steven Leonard,1,2016,90,52.54
572197,Ben Theriot,4,2009-2012,538,52.54
656996,J.P. Sportman,3,2014-2016,810,52.54
543120,Kevin Dubler,4,2008-2011,688,52.54
814812,Edgar Lugo,2,2024-2025,294,52.54
826163,Carter Dorighi,2,2024-2025,578,52.54
21386,Michael Papierski,1,2018,369,52.54
15407,Nate Orf,2,2013-2014,713,52.54
642688,Jorma Rodriguez,6,2013-2018,1466,52.54
573013,Cam Maron,7,2009-2015,1688,52.54
575071,Yonathan Mejia,5,2010-2014,1038,52.54
641945,Preston Palmeiro,2,2017-2018,1087,52.54
592149,Coty Blanchard,2,2013-2015,473,52.53
700840,Christian Olivo,5,2021-2025,966,52.53
458721,Brandon Roberts,3,2007-2009,1013,52.53
20043,Luis Robert Jr.,3,2017-2021,371,52.53
688610,Toby Welk,1,2021,439,52.53
815857,Jarol Capellan,2,2024-2025,252,52.53
606328,Ynoel Aguero,2,2011-2012,310,52.53
803367,Charles Nova,3,2022-2024,379,52.52
825422,Santiago Martinez,1,2025,168,52.52
8024,Jeff Fiorentino,1,2007,496,52.52
665840,Carlos Reina,5,2016-2022,617,52.52
9632,Brett Jackson,5,2009-2013,2070,52.51
541448,Ronnie Gaines,1,2008,143,52.51
682207,Alex King,1,2018,129,52.51
821688,Jemone Nuel,2,2024-2025,433,52.51
664577,Danyer Salazar,3,2015-2017,359,52.51
823703,Anthony Donofrio,1,2024,79,52.51
808303,Danny Puerta,2,2023-2024,193,52.51
491639,Shaydron Buckridge,3,2007-2009,344,52.51
518436,Ben Barrone,1,2007,98,52.51
703639,Nico Perez,2,2024-2025,377,52.5
8062,Danny Putnam,1,2007,285,52.5
597671,Mikeson Oliberto,5,2010-2014,750,52.5
4293,Brett Hayes,2,2007-2008,690,52.5
594763,Jesse Bosnik,3,2010-2012,997,52.5
592765,Patrick Smith,2,2011-2012,255,52.5
800615,Luke Scherrer,2,2024-2025,294,52.5
703727,Luis Barett,2,2022-2023,295,52.5
460042,Michael Campbell,1,2007,201,52.5
657654,Bryan Langlois,1,2014,13,52.5
516633,Samir Rijo,4,2007-2010,938,52.5
671913,Damiano Palmegiani,4,2021-2024,1630,52.5
820938,Nayerich Waterfort,2,2024-2025,174,52.5
802117,Patrick Clohisy,2,2024-2025,686,52.49
699014,Eddy Rodriguez,5,2021-2025,1025,52.49
500716,Jorge Agudelo,5,2007-2011,971,52.49
518423,Zach Babitt,2,2012-2013,188,52.49
623916,Ryan McChesney,2,2012-2013,64,52.49
489094,John Matulia,5,2007-2011,2083,52.49
573149,Nicholas Schwaner,1,2011,449,52.49
808805,Tyler Pettorini,1,2025,92,52.48
341,Leyson Septimo,1,2007,399,52.48
622712,Rafael P Valera,6,2012-2017,1108,52.48
656462,Isiah Gilliam,5,2015-2021,1806,52.48
502292,Joey Wong,3,2010-2012,892,52.48
698972,Javier Castillo,4,2021-2024,436,52.48
607410,Shawn Pleffner,2,2013-2014,841,52.47
554051,Max Ayarza,3,2009-2011,333,52.47
1483,Jon Edwards,3,2007-2009,563,52.47
815933,Leandro Romero,2,2024-2025,361,52.47
687614,Parker Bates,2,2021-2022,386,52.47
700936,Collin Burns,4,2021-2024,999,52.47
693746,Frank Hernandez,4,2021-2024,560,52.47
663858,Antoine Duplantis,1,2021,466,52.47
609272,Wildert Pujols,2,2012-2013,281,52.47
448250,Brian Van Kirk,2,2009-2010,957,52.47
694070,Yhoswar Garcia,5,2021-2025,1070,52.47
672599,Brahiap Carrillo,1,2018,159,52.47
659085,Alvaro Rondon,2,2014-2015,295,52.47
592495,Joe Leonard,4,2010-2013,1547,52.47
650651,Deyvi Castillo,2,2014-2015,283,52.47
657689,Jamill Moquete,1,2015,86,52.47
605382,Trevor Mitsui,2,2014-2016,835,52.46
449155,Adrian Ortiz,5,2007-2011,1810,52.46
682728,Luis Chevalier,5,2021-2025,520,52.46
807837,Cristopfer Gonzalez,3,2023-2025,453,52.46
800399,Miguel Dominguez,2,2022-2023,254,52.46
542568,Rony Peralta,4,2008-2011,640,52.46
641740,Mark Karaviotis,3,2016-2018,781,52.46
13768,Travis Jankowski,4,2012-2015,1399,52.46
656369,Alex Destino,2,2017-2018,514,52.46
605544,Stephen Yarrow,1,2011,85,52.46
661439,Raul Rivas,4,2015-2018,1010,52.46
804726,Peyton Carr,1,2025,304,52.45
7185,Logan Forsythe,4,2008-2011,1320,52.45
518394,Kevin Ahrens,7,2007-2013,2763,52.45
458895,Shaun Cumberland,3,2007-2009,1333,52.45
518968,Chadwick Maddox,2,2007-2008,274,52.45
622362,Chris Pieters,3,2015-2018,725,52.45
800508,Franyerber Montilla,4,2022-2025,937,52.45
545403,Nolan Brannon,2,2009-2010,99,52.45
675624,Jimmy Galusky,1,2018,120,52.45
500723,Carlos Ramirez,6,2007-2012,1300,52.45
502577,Mitch MacDonald,1,2007,79,52.44
16925,Aramis Garcia,4,2014-2017,1104,52.44
677597,Roberto Chirinos,4,2018-2023,595,52.44
446377,Andres Perez,2,2007-2008,619,52.44
490675,Ray Chang,2,2007-2008,458,52.44
518916,Brian Lapin,1,2008,208,52.44
642689,Francis Azcona,6,2013-2018,718,52.44
681543,Ryne Ogren,1,2021,240,52.44
702311,Angel Zarate,2,2023-2024,475,52.43
518770,Alonzo Harris,6,2008-2013,2126,52.43
800346,Juanfel Peguero,4,2022-2025,462,52.43
683031,Jean Ramirez,5,2018-2024,1065,52.43
808387,Miguel Blanco,3,2023-2025,433,52.43
25845,Michael Toglia,3,2021-2023,1361,52.43
829498,Hendry Arvelo,1,2025,160,52.42
606196,Angelo Mora,7,2011-2017,2395,52.42
700358,Narbe Cruz,4,2021-2024,870,52.42
595339,Drew Muren,2,2012-2013,783,52.42
665937,Jhoan Arias,2,2016-2017,213,52.42
489115,Jessie Mier,3,2007-2009,334,52.42
670149,Brady Policelli,3,2016-2018,443,52.42
518675,Caleb Fields,2,2007-2008,228,52.42
445273,Braulio Garcia,2,2007-2008,261,52.42
691897,Diego Gonzalez,5,2021-2025,806,52.41
650524,Yolberth Gideon,4,2014-2017,549,52.41
698976,Gustavo Cardozo,3,2021-2023,301,52.41
591758,Jose Mayorga,6,2010-2015,746,52.41
625511,Luis Guzman,2,2013-2014,312,52.41
689047,Jacob Wetzel,4,2021-2024,1354,52.41
542388,Edward Ceballo,3,2008-2010,490,52.41
656421,Jake Fincher,3,2015-2017,366,52.41
542173,Jose Vargas,4,2008-2011,520,52.41
552659,Jake Rife,2,2009-2010,421,52.41
601971,Pedro Perez,5,2011-2015,704,52.41
829739,Mayki De La Rosa,1,2025,127,52.41
29830,Jack Winkler,3,2021-2023,833,52.41
664104,Tyler Neslony,3,2016-2018,1085,52.41
13769,Adalberto Mondesi,7,2012-2018,2299,52.41
570791,Jose Jabalera,1,2009,137,52.41
669002,Connor Scott,5,2018-2024,1597,52.4
487666,Josue Calzado,2,2007-2008,703,52.4
458682,Nicholas Romero,4,2008-2011,1546,52.4
493575,Roger Tomas,3,2007-2009,462,52.4
670314,Tyler Bates,2,2016-2017,245,52.4
687005,Kellen Strahm,1,2021,228,52.4
14453,Scott Heineman,2,2016-2017,1139,52.4
16219,J.D. Davis,4,2014-2017,1723,52.39
602995,Julio Pina,3,2011-2013,142,52.39
678828,Dereck Salom,5,2018-2024,1114,52.39
594196,Francisco Rosario,4,2010-2013,208,52.39
502384,Austin McClune,3,2008-2010,1217,52.39
21587,César Salazar,1,2018,50,52.39
4646,Travis Buck,1,2008,213,52.39
502726,Ryan Lipkin,2,2011-2012,549,52.39
13546,Roman Quinn,5,2013-2017,1480,52.39
501500,Alcibiades Made,3,2007-2009,447,52.39
695000,Poncho Ruiz,3,2023-2025,751,52.39
596307,Skyler Ewing,4,2014-2017,1235,52.39
650883,Dennis Ortega,6,2014-2021,932,52.38
692497,Estiven Machado,3,2022-2024,848,52.38
505830,Angel Villalona,7,2007-2015,2521,52.38
14412,Joe Hudson,3,2013-2015,1001,52.38
623266,Ricky Gingras,2,2012-2013,180,52.38
668558,Juan Zabala,7,2016-2024,1190,52.38
814467,Railin Reyes,1,2023,99,52.38
656679,Shane Mardirosian,5,2014-2018,987,52.38
808044,Andres Villafane,3,2023-2025,323,52.38
699711,Dervin Andrade,3,2022-2024,192,52.37
703862,Luis Pelegrin,2,2022-2023,140,52.37
27497,Tyler Callihan,4,2021-2024,1310,52.37
829643,Jacob McCombs,1,2025,31,52.37
829921,Victor Garcia,1,2025,42,52.37
575529,Raul Fortunato,5,2009-2014,1445,52.37
815006,Meylin De Leon,2,2024-2025,302,52.37
542215,Juan Pena,2,2008-2009,494,52.37
686833,Danny Oriente,2,2021-2022,461,52.37
502591,Jeremie Tice,3,2009-2011,1090,52.37
518948,Devin Lohman,4,2010-2013,1913,52.37
457757,Michael Jones,1,2007,215,52.36
821251,Jesus Marquez,1,2024,81,52.36
620994,Enger Jimenez,5,2012-2016,785,52.36
682285,Ruben De Leon,1,2018,49,52.36
34979,Christian Moore,2,2024-2025,410,52.36
26148,Tristin English,1,2021,348,52.36
656348,Andrew Daniel,4,2014-2017,1573,52.36
15156,Ian Miller,4,2013-2016,1410,52.36
607409,Andrew Cain,1,2013,401,52.36
12927,Brandon Nimmo,6,2011-2017,2181,52.36
666704,Danny Tovar,2,2016-2017,317,52.36
7412,Paul Janish,1,2007,618,52.36
681080,Caleb Ricketts,3,2022-2024,701,52.35
546050,Peter Whatley,1,2008,39,52.35
13854,Anthony Bemboom,3,2012-2014,754,52.35
691938,Willy Vasquez,5,2021-2025,1673,52.35
622698,Sandber Pimentel,7,2012-2018,2024,52.35
807976,Leo Gallardo,1,2023,81,52.35
457801,Daryl Jones,5,2007-2011,2146,52.35
808687,Angelo Hernandez,3,2023-2025,296,52.35
605615,Anderson Yance,2,2011-2012,456,52.35
827422,Samuel Salcedo,1,2025,155,52.34
668545,Raul Beracierta,5,2016-2022,1118,52.34
631222,Michael De La Cruz,4,2013-2017,921,52.34
4779,Rymer Liriano,7,2008-2015,2874,52.34
685076,Jack Blomgren,3,2021-2023,443,52.34
622269,Brett Wiley,3,2012-2015,672,52.34
650675,Isael Soto,4,2014-2018,1126,52.34
657754,Blake Schmit,2,2014-2015,226,52.34
641567,Logan Farrar,2,2017-2018,519,52.34
656483,Calvin Graves,1,2014,36,52.34
808011,Wilian Trinidad,3,2023-2025,508,52.34
807742,Colton Ledbetter,3,2023-2025,1067,52.34
14556,Max Moroff,6,2012-2017,2489,52.34
801600,Bryce Willits,3,2022-2024,871,52.34
2539,Pete Kozma,6,2007-2012,2724,52.33
10294,Adrian Nieto,6,2008-2013,1281,52.33
502439,KD Kang,5,2007-2012,1682,52.33
4672,Junior Lake,8,2007-2014,2539,52.33
460047,Brad Corley,2,2007-2008,1096,52.33
678380,Christian Navarro,1,2018,82,52.33
593776,Luis Tejada,8,2010-2017,2288,52.33
642327,Maikel Lopez,3,2013-2015,338,52.33
830415,Emmanuel Martinez,1,2025,78,52.33
27784,Tyler Gentry,3,2021-2023,1241,52.33
699300,Jose Melendez,2,2021-2022,221,52.33
543448,Brett Lilley,2,2008-2009,400,52.33
12957,Steve Selsky,4,2011-2014,1523,52.33
693850,Kala'i Rosario,5,2021-2025,2035,52.32
665816,Nolan Perez,3,2016-2018,551,52.32
450632,Kevin Smith,2,2007-2008,820,52.32
469146,Jean Garcia,1,2007,99,52.32
445946,Francis Poni,1,2007,130,52.32
691273,Roger Leyton,3,2021-2023,586,52.32
553881,Wilmer Dominguez,5,2009-2013,600,52.31
571711,Todd Glaesmann,7,2009-2015,2195,52.31
701655,Reed Trimble,4,2021-2024,539,52.31
805280,Alex Iadisernia,3,2022-2024,978,52.31
642300,Jose Torres,4,2013-2016,480,52.31
643220,Danny Bethea,2,2013-2014,117,52.31
676722,Marcus Chiu,3,2017-2021,682,52.31
518773,Brian Harrison,3,2010-2013,675,52.31
808272,Carlos Monteverde,3,2023-2025,545,52.31
807641,Angelo Mora,3,2023-2025,263,52.31
601976,Eddy Concepcion,3,2011-2013,472,52.3
675910,Chris Williams,2,2018-2021,430,52.3
573022,Matthew McConnell,1,2009,120,52.3
663726,Lucas Herbert,3,2016-2018,1029,52.3
829067,Cristopher Acosta,1,2025,218,52.3
672792,Danielsan Heureaux,1,2017,89,52.3
7409,Xavier Scruggs,4,2009-2012,1626,52.3
693073,Clayton Campbell,4,2022-2025,837,52.3
501531,Luis Ramirez,4,2007-2010,677,52.29
592311,Kurt Fleming,3,2010-2012,560,52.29
702488,Logan Wagner,4,2022-2025,770,52.29
622758,Angel Aguilar,7,2012-2018,2113,52.29
451073,Randy Claxton,1,2007,220,52.29
445187,Todd Johnson,3,2007-2009,1349,52.29
13788,Matt Reynolds,4,2012-2015,1700,52.29
671249,Kelvin Perez,2,2016-2017,135,52.28
542649,Ricardo Quintero,3,2008-2010,426,52.28
19644,Ben DeLuzio,3,2016-2018,649,52.28
681679,Stanley Consuegra,5,2018-2024,1773,52.28
658790,Victor Rodriguez,2,2015-2016,495,52.28
666161,Nick Quintana,2,2021-2022,815,52.28
624523,Riley Unroe,6,2013-2018,2213,52.28
681143,Kyle Kasser,1,2018,186,52.28
682695,Yohander Martinez,5,2021-2025,948,52.28
514916,Francisco Diaz,7,2007-2014,1142,52.28
6165,Irving Falu,1,2007,525,52.28
676509,Josh Crouch,3,2021-2023,896,52.28
676020,Javier Sanchez,1,2018,213,52.27
656044,Marcos Almonte,5,2014-2018,1278,52.27
598467,Rodney Polonia,3,2011-2013,416,52.27
801187,Chase Adkison,2,2023-2024,283,52.27
4626,James Beresford,7,2007-2013,2775,52.27
694209,Robert Lopez,5,2021-2025,901,52.27
453367,Jonathan Wyatt,2,2008-2009,929,52.27
665846,Jesús Bastidas,5,2016-2023,1542,52.27
471835,Jesus Gonzalez,3,2007-2009,970,52.27
455980,Kala Ka'aihue,3,2007-2009,1287,52.27
678873,Andres Gari,1,2018,183,52.26
544014,Eliezer Mesa,5,2008-2012,1509,52.26
642479,Enmanuel Zabala,4,2013-2017,892,52.26
802474,Cameron Leary,2,2024-2025,652,52.26
683493,William Lugo,5,2021-2025,1871,52.26
502467,Terrell Alliman,4,2008-2011,652,52.26
542382,Alfredo Chalas,2,2008-2009,427,52.25
15535,Joseph Odom,4,2013-2016,906,52.25
594193,Manuel Moreno,3,2010-2012,200,52.25
680710,Grant Witherspoon,2,2018-2021,664,52.25
665103,Angelo Amendolare,2,2015-2016,312,52.25
681230,BJ Murray,4,2021-2024,1406,52.25
682934,Dionmy Salon,5,2021-2025,752,52.25
669723,Blake Tiberi,2,2017-2018,481,52.25
592638,A.J. Pettersen,3,2011-2013,735,52.25
682041,Hunter Strong,1,2018,209,52.25
691284,Juan Corniel,5,2021-2025,1533,52.25
463019,Salvador Sanchez,4,2007-2010,1667,52.25
608087,Chris Schaeffer,2,2011-2012,143,52.25
622017,Yasiel Balaguert,6,2012-2017,2146,52.25
501684,Elvin Soto,4,2007-2010,694,52.24
667760,Kendy Moya,3,2016-2018,700,52.24
665564,Dylan Becker,2,2015-2016,305,52.24
684226,Lizardo Ruiz,3,2021-2023,259,52.24
821348,Brent Iredale,1,2025,74,52.23
5063,Niuman Romero,3,2007-2009,1172,52.23
607703,Alfredo Rodriguez,3,2012-2014,1082,52.23
543471,Jose Lozada,3,2008-2010,837,52.23
6343,Ryan Adams,4,2008-2011,1741,52.23
602133,Raphachel Colatosti,4,2011-2014,703,52.23
677435,Alex Maloney,1,2017,86,52.23
623510,A.J. Simcox,4,2015-2018,1487,52.23
800307,Daje Morales,3,2022-2024,477,52.22
516612,Jhonatan Arias,7,2007-2013,811,52.22
594994,Aaron Siliga,2,2010-2013,290,52.22
656994,Seth Spivey,3,2015-2017,625,52.22
606186,Felix G. Santana,6,2011-2016,973,52.22
674160,Will Golsan,1,2018,299,52.22
542485,Yubeny Lavisie,1,2008,303,52.22
650855,Geoandry Montilla,4,2014-2017,675,52.22
643610,Jimmy Yezzo,2,2014-2015,665,52.21
571633,Kelly Dugan,6,2009-2015,1822,52.21
660680,Yoel Romero,5,2015-2021,1113,52.21
596691,Brent Dean,2,2010-2011,271,52.21
621551,Michael Snyder,3,2012-2014,1103,52.21
805891,Taylor Young,2,2022-2023,682,52.21
596732,Ryan Query,3,2010-2012,407,52.21
672750,Ricardo Méndez,3,2017-2022,893,52.21
519131,Ben Petsch,2,2007-2008,186,52.21
686863,Daniel Mateo,4,2021-2024,1361,52.2
543679,Jeremy Rathjen,3,2012-2014,1250,52.2
449178,Patrick Maat,2,2007-2008,71,52.2
643439,Chase McDonald,4,2013-2016,1470,52.2
543326,Michael Hollander,2,2008-2009,450,52.2
657584,Kevin Garcia,3,2014-2017,516,52.2
607426,Jorge Vega-Rosado,2,2011-2012,430,52.19
676605,Jake Adams,1,2018,441,52.19
681599,Jesus Dominguez,1,2018,77,52.19
501476,Graviel Andres,1,2007,161,52.19
815520,Braylon Payne,2,2024-2025,361,52.19
668905,Cole Zabowski,2,2021-2022,197,52.19
8051,Matt Mangini,4,2007-2010,1486,52.18
691927,Enmanuel Terrero,5,2021-2025,988,52.18
622336,Brauly Mejia,4,2012-2015,635,52.18
2199,Ivan Ochoa,1,2007,196,52.18
5506,George Kottaras,1,2007,334,52.17
656274,D.J. Burt,5,2014-2018,1939,52.17
643272,Manny Cruz,1,2016,144,52.17
622057,Cam Gibson,4,2015-2018,1390,52.17
593983,Junior Soto,3,2010-2012,207,52.17
445038,Jeff Carroll,1,2007,238,52.17
448589,Chris McConnell,4,2007-2010,1653,52.17
572260,Brandon Wikoff,4,2009-2012,1071,52.17
828519,Braylon Whitaker,1,2025,15,52.17
829724,Giomar Ubiera,1,2025,159,52.17
502764,Teddy Dziuba,1,2007,30,52.17
800504,Carlos Tirado,4,2022-2025,498,52.16
656771,Justin Morris,1,2018,20,52.16
674053,Michael Brdar,1,2017,98,52.16
13132,Andrew Susac,3,2012-2014,989,52.16
516774,Chris Rodriguez,3,2007-2009,320,52.16
544519,John Allman,2,2008-2009,415,52.16
502114,Justin Dalles,4,2010-2013,782,52.16
800410,Faruk De La Cruz,3,2022-2024,416,52.16
502809,Joseph Tucker,2,2007-2008,614,52.16
808162,Joshua Liranzo,3,2023-2025,618,52.16
14366,Joey Meneses,6,2011-2016,1837,52.15
456543,Zak Farkes,1,2007,255,52.15
662950,Nelson B Alvarez,4,2015-2018,789,52.15
519321,Davis Stoneburner,2,2008-2009,739,52.15
663396,Saige Jenco,3,2016-2018,801,52.14
681724,Daniel Aguilar,1,2018,161,52.14
596006,Kavin Keyes,1,2014,96,52.14
676149,Gunnar Troutwine,1,2018,138,52.14
686793,J.T. Arruda,2,2021-2022,560,52.14
502383,Tom Hagan,2,2007-2008,493,52.14
501804,Stefan Gartrell,2,2007-2008,930,52.14
553980,Gerwuins Velazco,6,2009-2014,1008,52.13
516955,Santos Cabrera,3,2007-2009,325,52.13
675993,Zach Kirtley,1,2018,307,52.13
698928,Oscar Colina,4,2021-2024,263,52.13
456438,James Tomlin,1,2007,439,52.13
23559,Ryan Dorow,2,2017-2018,632,52.13
622387,Gerson Nunez,2,2012-2013,358,52.13
693749,Elian Miranda,2,2021-2022,362,52.13
700285,Godwin Bennett,3,2021-2023,352,52.12
501244,Ramon Mariano,1,2007,207,52.12
808334,Keiver Garcia,3,2023-2025,413,52.12
9780,Blake Smith,4,2009-2012,1522,52.12
800503,Enderson Delgado,4,2022-2025,696,52.12
806773,Williams Wong,3,2023-2025,471,52.12
622275,Kevin Martinez,4,2012-2015,530,52.12
444981,Ryan Royster,4,2007-2010,1485,52.12
680959,Kevin Strohschein,2,2021-2022,653,52.12
501456,Danny Taveras,2,2007-2008,478,52.12
670877,Braulio Vasquez,5,2016-2022,998,52.12
645287,Josue Herrera,4,2014-2018,499,52.12
623374,Shayne Houck,2,2012-2013,526,52.12
624640,Joshua Lopez,4,2013-2016,653,52.11
593799,Oliver Zapata,5,2010-2014,1331,52.11
593380,Ronald Castillo,6,2010-2015,1043,52.11
623523,Kreisber Auciello,3,2012-2014,297,52.11
682513,Justin Jones,1,2018,166,52.11
444494,Jayson De Aguas,1,2007,134,52.11
25782,Pedro Pagés,3,2021-2023,1178,52.11
670450,Mick Fennell,1,2017,189,52.1
691410,Jose Devers,5,2021-2025,1646,52.1
594767,Ryan Broussard,1,2010,143,52.1
699144,Luis Ravelo,5,2021-2025,1272,52.1
519115,Jaime Pedroza,5,2007-2011,2332,52.1
808381,Enyervert Perez,3,2023-2025,628,52.1
692658,Isaias Dipre,4,2021-2025,579,52.09
16939,Lane Thomas,5,2014-2018,1540,52.09
701594,Chris Brito,1,2024,277,52.09
29591,Colton Cowser,3,2021-2023,1174,52.09
594587,Nick Shaw,4,2010-2013,1864,52.09
499506,Adrian Aviles,2,2007-2008,454,52.09
598469,Joshua Powers,1,2010,22,52.08
692355,Rajean Anza,2,2021-2022,148,52.08
449080,Eric Duncan,3,2007-2009,1293,52.08
702444,Eric Martinez,5,2021-2025,537,52.08
603072,Keith Castillo,2,2011-2012,200,52.08
625507,Darryl Florentino,4,2013-2016,553,52.08
682646,Jairo Pomares,5,2021-2025,1396,52.08
657429,Mac James,3,2015-2017,923,52.08
690804,Ryan Nicholson,2,2024-2025,691,52.08
613567,Alex McKeon,1,2014,61,52.08
689196,Owen Ayers,2,2024-2025,343,52.08
453880,Ian Gac,4,2007-2010,1575,52.08
6746,Josh Prince,4,2009-2012,1639,52.08
543916,Ryne White,3,2008-2010,853,52.07
821695,Estivel Morillo,2,2024-2025,257,52.07
821600,Jesus Premoli,1,2024,165,52.07
809645,Ryan Snell,1,2023,21,52.07
660585,Enmanuel De Oleo,2,2015-2016,172,52.07
15481,Engelb Vielma,7,2012-2018,2214,52.07
607437,Rando Moreno,6,2011-2016,2048,52.07
681047,Christian Franklin,3,2021-2024,909,52.06
665790,Francisco Mepris,3,2016-2018,395,52.06
694190,Jhonny Piron,3,2021-2023,494,52.06
14885,Pat Valaika,4,2014-2017,1657,52.06
572136,Juan Silva,7,2009-2015,2035,52.05
612973,Adrian Gutierrez,1,2012,67,52.05
811948,Tony Santa Maria,1,2025,69,52.05
834563,Hector Barroso,1,2025,102,52.05
678962,Daniel Vellojin,5,2018-2024,1288,52.05
607088,Jerrick Suiter,4,2014-2017,1615,52.05
695069,Keith Jones II,2,2024-2025,518,52.05
672562,Yenci Pena,5,2017-2023,689,52.05
657741,Mike Rivera,1,2018,57,52.05
696160,Jake Rucker,4,2021-2024,1605,52.05
829975,Daniel Rodriguez,1,2025,207,52.05
593609,Kervin Santiago,3,2010-2012,306,52.05
458686,Gregory Yersich,2,2007-2008,705,52.05
679734,Julio Carreras,5,2018-2024,1960,52.05
691261,Jose Pastrano,4,2021-2024,606,52.05
554333,Raul Navarro,7,2009-2015,2107,52.04
516925,Ramon Jean,5,2007-2011,1177,52.04
595615,Joel Mejia,4,2010-2013,556,52.04
694966,Brayden Taylor,3,2023-2025,1053,52.04
656807,Josh Ockimey,4,2014-2018,1656,52.04
516708,Ayeudi Felipe,3,2007-2009,435,52.04
657780,Will Toffey,1,2018,362,52.04
606209,Luis Blanco,1,2011,132,52.04
502565,Hayden Parrott,2,2007-2008,265,52.04
698938,Junior Lara,3,2021-2023,178,52.03
7125,Alberto Rosario,5,2007-2011,1373,52.03
15271,Austin Wynns,2,2014-2015,638,52.03
594612,Adderling Ruiz,5,2010-2015,415,52.03
640900,Rayder Ascanio,6,2013-2018,1959,52.03
21853,Will Benson,4,2016-2022,1530,52.03
800468,Daniel Benschop,2,2022-2023,200,52.03
502776,Brooks Lindsley,1,2008,76,52.03
518918,Ben Lasater,1,2008,134,52.03
829670,Brayden Smith,1,2025,68,52.03
9767,James Jones,4,2010-2013,1885,52.03
806191,Tai Peete,3,2023-2025,1166,52.03
808691,Adrian Gil,3,2023-2025,721,52.03
573054,David Narodowski,3,2009-2011,711,52.03
605425,Daniel Pigott,3,2012-2014,583,52.02
829501,Stiven Marinez,1,2025,205,52.02
446319,Collin DeLome,3,2008-2010,1425,52.02
606169,Rommel Cepeda,3,2011-2014,519,52.02
666630,Henderson Perez,3,2016-2018,525,52.02
665855,Daniel Santos,3,2016-2018,482,52.02
677007,Josh Breaux,2,2021-2022,785,52.02
665714,Moises Perez,3,2016-2018,258,52.02
699047,Jesus Montilla,2,2021-2022,259,52.02
656470,Chris Godinez,2,2015-2016,147,52.02
657655,Cole Lankford,2,2014-2016,531,52.02
23691,José Tena,6,2018-2025,2354,52.02
829688,Jamesson Val,1,2025,129,52.01
519232,Richie Rowland,1,2010,253,52.01
695596,Nick Raposo,2,2021-2022,366,52.01
594859,Greg Hopkins,4,2010-2013,1711,52.01
691492,Aldrin Lucas,5,2021-2025,575,52.01
501602,Jackvid Avila,1,2007,96,52.01
642322,Ramy Perez,4,2013-2016,619,52.01
607404,Jhiomar Veras,1,2011,111,52.01
800299,Diomedes Hernandez,3,2022-2025,207,52.01
463717,Richard D Oleo,2,2007-2008,401,52.01
542582,Henry Moreno,2,2008-2009,230,52.0
683612,Ronaldo Flores,4,2021-2024,640,52.0
670001,Rosandel Reyna,2,2016-2017,210,52.0
674376,Santiago Blanco,2,2017-2018,175,52.0
836256,Lucas Takahashi,1,2025,48,52.0
665752,Starling Heredia,3,2016-2018,754,52.0
681169,Omar Matos,1,2018,151,52.0
643510,Alex Rodriguez,2,2015-2016,457,51.99
8136,Matt Angle,3,2008-2010,1624,51.99
456420,Matt Moses,3,2007-2009,1172,51.99
572738,Stephen Bruno,3,2013-2015,898,51.99
12944,Sócrates Brito,8,2010-2017,2935,51.99
623238,Kody Eaves,7,2012-2018,2761,51.99
807643,Alfredo Alcantara,3,2023-2025,685,51.99
807645,Adolfo Sanchez,2,2024-2025,331,51.99
607557,Tyler Hanover,3,2012-2014,779,51.99
596849,Chih-Fang Pan,4,2010-2015,835,51.99
622182,Michael Martinez,1,2012,195,51.99
685712,Geovanny Planchart,5,2021-2025,964,51.99
808516,Andres Valor,3,2023-2025,917,51.99
687398,J.D. Mundy,2,2021-2022,576,51.98
19348,DJ Peters,3,2016-2018,1448,51.98
488807,Ryan Crew,2,2007-2008,351,51.98
9077,Lorenzo Cain,4,2007-2010,1695,51.98
581680,Chantz Mack,3,2013-2015,962,51.98
575508,Ramon Flores,3,2009-2011,346,51.98
591739,Jordan Galvez,3,2010-2012,549,51.98
642485,Juan Hernandez,6,2013-2018,915,51.97
571975,Jack Murphy,3,2009-2012,635,51.97
608724,Adam Brett Walker,5,2012-2016,2453,51.97
808248,Freider Rojas,3,2023-2025,209,51.97
8347,Denard Span,2,2007-2008,732,51.97
461832,David Hernandez,1,2007,88,51.97
650348,Yan Sanchez,5,2014-2018,1412,51.97
9741,Ben Paulsen,3,2010-2012,1616,51.97
543514,Jared McDonald,2,2009-2010,221,51.97
21562,Romy Gonzalez,2,2018-2021,627,51.97
623174,River Stevens,3,2014-2016,745,51.97
687394,Jack Brannigan,4,2022-2025,1064,51.96
451191,Christian Lopez,3,2007-2009,614,51.96
829063,Jhoan De La Cruz,1,2025,198,51.96
680713,P.J. Hilson,6,2018-2025,1544,51.96
676038,Skyler Messinger,2,2022-2023,462,51.96
30028,Bob Seymour,3,2021-2023,783,51.96
462088,Jetsy Extrano,4,2008-2011,713,51.96
682702,Jhonny Melenciano,2,2021-2022,272,51.96
502288,Torre Langley,5,2007-2011,785,51.95
641742,Mason Katz,2,2014-2015,795,51.95
676805,Jordan Pearce,2,2017-2018,535,51.95
681134,Caleb Roberts,4,2021-2024,1553,51.95
25616,Marco Luciano,5,2021-2025,1969,51.95
4146,Gorkys Hernández,6,2007-2012,2773,51.95
489065,Drew Locke,1,2007,310,51.95
19818,Joshua Palacios,3,2016-2018,1074,51.95
643520,Trae Santos,2,2015-2016,930,51.94
688311,Drake Osborn,3,2021-2023,421,51.94
642330,Darwin Ventura,1,2013,136,51.94
18887,Seby Zavala,4,2015-2018,1409,51.94
501516,Julio Baez,1,2007,156,51.94
554009,Ramon Coronel,4,2009-2012,621,51.94
518834,Sal Iacono,1,2008,21,51.94
666452,Eduardo Diaz,5,2016-2022,1467,51.94
665919,Marfrey Ortega,2,2016-2017,248,51.94
676901,Cam Balego,2,2017-2018,261,51.94
656035,Cristopher Luciano,3,2014-2016,705,51.94
573471,Nick Zaleski,1,2009,167,51.94
11247,Jabari Blash,5,2010-2014,1565,51.93
650887,Wadye Ynfante,4,2014-2017,833,51.93
664743,Richie Fecteau,3,2016-2018,759,51.93
662172,Ryan Stephens,2,2015-2016,245,51.93
682209,Tim Millard,1,2018,301,51.93
21139,Tyler Payne,2,2015-2017,269,51.93
829698,Armstrong Muhoozi,1,2025,142,51.93
1907,Andrés Blanco,2,2007-2008,437,51.93
812470,Joe Redfield,3,2023-2025,795,51.93
460281,Josh Asanovich,1,2007,457,51.93
676665,Andre Colon,2,2017-2018,138,51.93
700824,Freylin Minyety,3,2021-2023,624,51.93
597711,Frank De Jesus,1,2010,53,51.93
469775,Maiko Loyola,3,2007-2009,1087,51.93
430672,Aarom Baldiris,1,2007,326,51.93
829081,Moises Marchán,1,2025,113,51.92
594906,Alfredo Lopez,5,2010-2014,1039,51.92
668883,Steven Williams,3,2021-2023,264,51.92
650551,Sauris Mejia,2,2014-2015,358,51.92
650498,Efrin Ortega,2,2014-2015,200,51.92
553906,Enderson Villegas,3,2009-2011,393,51.92
807010,Anibal Salas,3,2023-2025,495,51.92
821000,Greylin De La Paz,2,2024-2025,368,51.92
665781,Felix Abreu,2,2016-2017,438,51.92
694225,Maikol Munoz,2,2022-2023,234,51.92
806238,Gabriel Gomes,3,2023-2025,195,51.91
596725,Luis Solano,1,2010,105,51.91
527033,Hyeong-rok Choi,4,2008-2011,294,51.91
519406,Guy Welsh,2,2007-2008,282,51.91
457050,Shea McFeely,1,2007,214,51.91
643531,Mark Shannon,3,2013-2015,987,51.91
542906,Tommy Baldridge,2,2008-2009,351,51.91
829973,Yeison Acosta,1,2025,138,51.91
26106,Maverick Handley,2,2021-2022,542,51.91
600480,Wilman Rodriguez,4,2011-2015,562,51.91
16098,Taylor Gushue,4,2015-2018,1529,51.91
7468,Craig Tatum,1,2007,425,51.91
670432,Troy Sieber,3,2016-2018,598,51.9
689296,Anthony Nunez,1,2021,93,51.9
591696,Ronnierd Garcia,5,2010-2014,808,51.9
809720,Damian Bravo,1,2025,98,51.9
467125,Ramon Soto,4,2007-2010,384,51.9
518994,Jaren Matthews,3,2010-2012,458,51.9
622549,Hector Valdez,3,2012-2014,139,51.9
668876,Zach Humphreys,2,2021-2022,320,51.9
489196,Justin Parker,2,2009-2010,453,51.9
19392,Zach McKinstry,3,2016-2018,924,51.9
29592,Connor Norby,4,2021-2024,1770,51.9
656065,Saury Aybar,2,2015-2016,425,51.9
628119,Neivy Pilier,2,2013-2014,192,51.89
17807,Drew Jackson,3,2016-2018,1445,51.89
681333,Dru Baker,4,2021-2024,1233,51.89
665054,David Walker,1,2015,125,51.89
670093,Kidany Salva,3,2016-2018,229,51.89
664934,Hunter Newman,2,2015-2016,340,51.89
492801,Diego Cruz,3,2007-2009,450,51.89
11905,Orlando Calixte,7,2010-2016,2790,51.89
677574,Frank Herrera,1,2018,168,51.89
670181,Jean Ramirez,1,2016,67,51.88
703813,Wooyeoul Shin,3,2023-2025,462,51.88
5097,Anthony Gose,7,2008-2014,2938,51.88
700243,Payton Green,2,2024-2025,447,51.88
682679,Dayan Frias,5,2021-2025,2001,51.88
825927,Rafe Perich,2,2024-2025,431,51.88
457061,Tim Torres,2,2007-2008,982,51.88
506917,Tony Thomas,5,2007-2011,1791,51.88
664867,Tyler Sullivan,3,2015-2017,961,51.88
14267,Alfredo González,7,2009-2017,1281,51.88
691561,Jose Meza,5,2021-2025,1549,51.88
687893,Craig Lewis,1,2021,101,51.88
622052,Jose Ortiz,4,2012-2015,547,51.88
660715,Luis Pimentel,2,2015-2016,392,51.88
543406,Marcus Knecht,4,2011-2014,1956,51.88
690443,Mike Antico,2,2021-2022,755,51.87
801075,Walker Janek,2,2024-2025,502,51.87
570691,Wander Ramos,4,2009-2013,693,51.87
502805,Jordan Cheatham,4,2007-2010,1183,51.87
829080,Teilon Serrano,1,2025,189,51.87
694318,Austin St. Laurent,2,2024-2025,532,51.87
622541,Malquin Canelo,7,2012-2018,2432,51.87
663472,Jack Perkins,1,2021,12,51.87
518871,Erik Kanaby,3,2007-2009,783,51.87
606470,Emilio Guerrero,7,2011-2017,2123,51.87
608647,Joey DeMichele,4,2012-2015,1993,51.87
642734,Ariel Montesino,6,2013-2018,1000,51.87
829716,Darell Morel,1,2025,202,51.87
593596,Arce Rodriguez,3,2010-2012,412,51.86
31792,Otto Kemp,3,2022-2024,1049,51.86
601984,Fidias Soto,2,2011-2012,120,51.86
607289,Parker Berberet,4,2011-2014,1093,51.86
5760,Avisaíl García,7,2008-2014,2395,51.86
665888,Cristopher Navarro,6,2016-2023,1182,51.86
680938,Andrew Moritz,2,2018-2021,428,51.86
814256,Justin Ramirez,3,2023-2025,571,51.86
518881,Kevin Keyes,3,2011-2013,1259,51.86
640468,Alexdray Laya,3,2013-2015,280,51.86
452301,Felix Molina,1,2007,472,51.86
502310,Lenell McGee,3,2008-2010,407,51.86
674630,AJ Lewis,2,2021-2022,321,51.86
570653,Rafael Lugo,1,2009,173,51.85
663703,Anthony Peroni,1,2018,98,51.85
543306,D.J. Hicks,3,2012-2014,1203,51.85
518441,Justin Baum,3,2007-2009,936,51.85
691400,Cesar Martinez,1,2021,80,51.85
656485,Casey Grayson,2,2014-2016,809,51.85
702258,Druw Jones,3,2023-2025,1189,51.85
815021,Juan Monso,2,2024-2025,182,51.85
645312,Edward Trejos,2,2014-2015,71,51.85
592445,Jonathan Jones,4,2011-2014,834,51.85
829910,Yeison Oviedo,1,2025,71,51.85
678634,Denny Daza,1,2018,224,51.85
22515,Heliot Ramos,6,2017-2024,2072,51.85
5715,Jai Miller,3,2007-2009,1361,51.85
4243,Jose Lobatón,3,2007-2009,949,51.84
4450,Steve Tolleson,2,2007-2008,968,51.84
606133,Luis Cruz,6,2011-2017,951,51.84
17723,Skye Bolt,3,2016-2018,1422,51.84
595164,Seth Conner,4,2011-2014,552,51.84
829768,Malvin Fernandez,1,2025,141,51.84
21496,Brandon Lockridge,2,2018-2021,364,51.84
806993,German Ramirez,3,2023-2025,661,51.84
669399,Deon Stafford,1,2018,382,51.84
622710,Luis Gonzalez,2,2012-2013,215,51.84
605614,Carlos Perez,3,2011-2013,540,51.83
543065,Chad Cregar,1,2010,424,51.83
642740,Jilbert Rosario,3,2013-2015,449,51.83
678173,David McCabe,3,2022-2024,783,51.83
815665,Brendan Tunink,1,2025,168,51.83
691190,Ismael Mena,5,2021-2025,708,51.83
821631,Yorvin Morla,2,2024-2025,249,51.83
596723,Kevin Mort,2,2010-2011,570,51.83
542411,Edwin Beard,3,2008-2010,439,51.83
806230,Sammy Stafura,3,2023-2025,1004,51.83
3285,Argenis Reyes,1,2007,503,51.82
455396,Alexander Soto,4,2007-2010,602,51.82
620988,Jhombeyker Morales,7,2012-2018,1037,51.82
646718,Moises Bello,5,2014-2018,808,51.82
650370,Jorge Gil,3,2014-2016,706,51.82
686338,Jefferson Valladares,5,2021-2025,673,51.82
501382,Rigoberto Rangel,5,2007-2011,874,51.82
806495,Kale Fountain,1,2025,280,51.82
570792,Luis Domoromo,6,2009-2015,2455,51.82
19909,Anderson Tejeda,5,2015-2021,1710,51.82
800106,Marcos Torres,4,2022-2025,1107,51.82
673169,Bryan Santos,2,2017-2018,343,51.82
682637,Eduardo Lopez,5,2021-2025,1047,51.82
622612,Wilkyns Jimenez,3,2012-2014,404,51.82
702596,Yeniel Laboy,3,2022-2024,512,51.82
546997,Adrian Marin,7,2012-2018,2841,51.82
702113,Cole Cummings,2,2021-2022,567,51.81
664860,Logan Landon,3,2015-2017,691,51.81
623220,Saxon Butler,2,2012-2013,418,51.81
625197,Gerald Chin,3,2012-2014,409,51.81
11494,Kaleb Cowart,7,2010-2016,2922,51.81
835031,Blaze O'Saben,1,2025,164,51.81
571732,Mark Haddow,2,2011-2012,791,51.81
17276,Alex Jackson,5,2014-2018,1375,51.81
12042,J.R. Graham,2,2012-2014,25,51.81
12858,Brian Goodwin,4,2012-2015,1786,51.81
18482,Chris Gittens,5,2014-2018,1160,51.81
800492,Roni Cabrera,4,2022-2025,625,51.8
672620,Eduardo Herrera,2,2017-2018,227,51.8
499983,Miguel Mendez,1,2008,65,51.8
696135,Kahlil Watson,5,2021-2025,1595,51.8
456158,Yohender Lopez,1,2007,44,51.8
688403,Michael Sandle,3,2021-2023,1084,51.8
593825,Bienvenido Valdez,2,2010-2011,340,51.8
29779,Max Muncy,5,2021-2025,1508,51.8
811764,Cody Miller,1,2025,118,51.8
680771,Mateo Gil,5,2018-2024,1539,51.8
678709,Roman Ruiz,2,2018-2021,297,51.79
607438,Antonio Valerio,4,2011-2014,535,51.79
815011,Henniel Alcala,3,2023-2025,317,51.79
2650,Corey Brown,3,2008-2010,1380,51.79
679657,Edward Barboza,2,2018-2021,96,51.79
9048,Ezequiel Carrera,5,2007-2011,1926,51.79
506999,John Spatola,2,2010-2011,396,51.79
695078,Jean Walters,5,2021-2025,1148,51.79
691418,Lexer Saduy,4,2021-2024,748,51.79
656743,Derek Miller,4,2014-2017,822,51.78
458547,Vladimir Frias,4,2008-2011,906,51.78
7707,Chris Carter,1,2007,613,51.78
593819,Yefry Rivas,3,2010-2012,387,51.78
657261,Darren Seferina,4,2015-2018,1647,51.78
554060,Darwin Rivera,3,2011-2013,656,51.78
516419,Emanuel Barrios,2,2007-2008,237,51.78
808273,Alfonzo Martinez,3,2023-2025,530,51.78
622390,Luis Alcantara,2,2012-2013,251,51.78
660642,Cristopher Cespedes,6,2015-2022,1241,51.78
827441,Adolfo Miranda,2,2024-2025,208,51.77
13595,Humberto Arteaga,8,2011-2018,3520,51.77
446328,Carlos Guzman,4,2007-2010,1207,51.77
676631,Dallas Carroll,2,2017-2018,856,51.77
607623,Derek Luciano,1,2011,175,51.77
572671,Alan Ahmady,3,2010-2012,931,51.77
660752,Guillermo Villarreal,2,2015-2016,94,51.77
803426,Carlos Cauro,4,2022-2025,419,51.77
660745,Shean Michel,5,2015-2021,1183,51.76
519005,Mike McDade,7,2007-2013,2850,51.76
622050,Joe Andrade,2,2012-2013,112,51.76
692610,Jose Chacon,3,2021-2023,407,51.76
808283,Jhon Bencosme,1,2023,86,51.76
643247,Dalton Carter,3,2013-2015,364,51.76
655719,Nick Schulz,2,2014-2015,718,51.76
690350,Kyle Battle,2,2021-2022,265,51.75
670362,Joe Venturino,1,2016,14,51.75
606155,Ibrahim McKenzie,3,2011-2013,590,51.75
692456,Eliesel Santana,3,2021-2023,341,51.75
530067,Jose Alejandro Gonzalez,4,2014-2018,743,51.75
808538,Luis Parababire,3,2023-2025,246,51.75
624872,Ashley Graeter,2,2012-2014,428,51.75
690622,Alex Erro,2,2021-2022,512,51.75
665925,Edward Lemus,1,2016,127,51.74
542192,Yuliecer Arias,1,2008,162,51.74
804695,Andres Tabares,2,2022-2023,172,51.74
673819,Shao-Pin Ho,1,2017,55,51.74
9718,Chris Dominguez,3,2009-2011,1240,51.74
600904,Jhoan Gomez,3,2011-2013,479,51.74
623697,Thomas Alvarez,4,2012-2015,493,51.74
10430,Mychal Givens,3,2010-2012,679,51.74
672561,Makesiondon Kelkboom,2,2017-2018,227,51.74
542573,Erick Epifano,4,2008-2011,485,51.74
572107,Joseph Sanders,2,2010-2011,586,51.74
5342,Mauro Gomez,3,2007-2009,1420,51.74
680971,Jake Anchia,1,2021,313,51.74
650857,Onil Pena,4,2014-2018,735,51.73
600931,Alberto Mineo,7,2012-2018,1122,51.73
451250,Salvador Paniagua,1,2007,247,51.73
3501,Brent Lillibridge,2,2007-2008,995,51.73
657783,Corey Toups,4,2014-2017,1712,51.73
13269,Zach Vincej,4,2012-2015,1408,51.73
607005,Sean Jamieson,2,2012-2013,1112,51.73
11270,Aaron Altherr,7,2009-2015,2388,51.73
502712,Adam Heisler,1,2012,275,51.73
622535,Ayendy Perez,5,2012-2016,1333,51.73
10231,Jose Iglesias,4,2010-2013,1152,51.73
446121,Ryan Patterson,1,2007,498,51.72
682801,Noelberth Romero,5,2021-2025,1429,51.72
668220,Pablo O'Connor,1,2018,37,51.72
806967,Brailer Guerrero,3,2023-2025,375,51.72
13359,Tyler Naquin,3,2013-2015,1302,51.72
548343,Brian Hernandez,3,2011-2013,1331,51.72
19181,Zack Collins,3,2016-2018,1166,51.72
19921,Blake Perkins,5,2015-2021,1666,51.71
691899,Jackie Pertuz,3,2021-2023,244,51.71
662966,Bernardo Heras,2,2016-2017,159,51.71
683619,Luis Castillo,3,2021-2023,332,51.71
816120,Griffin Burkholder,1,2025,145,51.71
678222,Angel Solarte,3,2018-2022,735,51.71
459920,Jeff Howell,1,2007,226,51.71
30038,Carson Williams,5,2021-2025,2029,51.71
645447,Didimo Bracho,4,2014-2017,579,51.71
672610,Kevin Torres,2,2017-2018,329,51.71
814410,Jacob Humphrey,1,2025,39,51.7
592174,Kelson Brown,2,2011-2012,448,51.7
684715,Nic Kent,4,2021-2024,1072,51.7
808086,Elvis Rojas,2,2023-2024,203,51.7
21560,Alfonso Rivas III,1,2021,237,51.7
570555,Carlos Henry,1,2009,228,51.7
522228,Carlos Pimentel,1,2014,14,51.7
7048,Fernando Cruz,5,2007-2011,1058,51.7
808704,Darvin Cruz,3,2023-2025,525,51.7
656078,Richard Nunez,5,2014-2018,515,51.7
570779,Hector Rodriguez,3,2009-2011,646,51.69
669745,Jordan Zimmerman,3,2016-2018,1275,51.69
703154,Yordany De Los Santos,4,2022-2025,1294,51.69
660617,Nelson Gomez,4,2015-2021,817,51.69
806441,Nehomar Ochoa Jr.,3,2023-2025,541,51.69
694186,Shalin Polanco,5,2021-2025,1409,51.69
821049,Feldi Tavarez,2,2024-2025,279,51.69
607780,Eric Wood,6,2012-2017,2310,51.69
541632,Raymer Lopez,3,2008-2010,526,51.69
650716,Fernando Diaz,3,2014-2016,419,51.68
699205,Edgar Basabe,3,2021-2024,359,51.68
444967,Jose Nunez,1,2009,83,51.68
808360,Ariel Lebron,2,2023-2025,242,51.68
641529,Drew Dosch,3,2014-2016,1506,51.68
657568,Andrew Ely,4,2014-2017,1071,51.68
8760,Carlos Peguero,5,2007-2011,2061,51.68
7226,Matt Davidson,6,2010-2015,3383,51.68
650193,Junior Vasquez,1,2014,124,51.68
593492,Francisco Contreras,6,2010-2015,1448,51.68
672650,Dewins Verbel,2,2017-2018,293,51.68
572387,Shawn Payne,3,2012-2014,1371,51.67
800391,Darlyn De Leon,4,2022-2025,537,51.67
455596,David Corrente,2,2007-2008,252,51.67
806919,Jose Gonzalez,3,2023-2025,437,51.67
608631,Pat Blair,3,2014-2016,945,51.67
469129,Cirilo Cumberbatch,2,2007-2008,751,51.67
702209,B.J. Vela,2,2021-2022,84,51.67
687331,Quincy McAfee,2,2021-2022,710,51.67
800276,Juan Villavicencio,4,2022-2025,685,51.67
543197,Justin Garber,2,2008-2009,117,51.66
595378,James Roberts,3,2014-2016,971,51.66
643606,Eric Williams,2,2013-2014,305,51.66
692021,Oswaldo Linares,5,2021-2025,980,51.66
607115,Chad Wright,3,2012-2014,1510,51.66
672804,Nehemias Celesten,2,2017-2018,252,51.66
516953,Roberto Lantigua,2,2007-2008,335,51.66
594771,Cory Brownsten,3,2010-2012,436,51.66
27599,Jacob Hurtubise,2,2021-2022,608,51.66
800362,Daniel Bruzual,3,2022-2024,357,51.65
517460,Jorge Inirio,2,2007-2009,229,51.65
800016,Jose Liriano,2,2022-2023,280,51.65
527047,Henry Pena,4,2008-2011,635,51.65
691294,Samuel Rivas,1,2021,13,51.65
699066,Carlos Avila,5,2021-2025,389,51.65
521788,Mario Martinez,8,2007-2014,3093,51.64
542484,Ariel Williams,2,2008-2009,223,51.64
29606,Justyn-Henry Malloy,4,2021-2024,1585,51.64
676718,Tyler Frost,2,2017-2018,624,51.64
702556,Austin Overn,2,2024-2025,570,51.64
665843,Robinson Batista,3,2016-2018,273,51.64
827280,Joan Acevedo,1,2024,137,51.64
449804,Robert Valido,3,2007-2009,1342,51.64
692598,Newremberg Rondon,5,2021-2025,553,51.64
453014,Luis Rivera,2,2007-2008,455,51.63
678808,Iverson Leonardo,4,2018-2023,706,51.63
19600,Bryan De La Cruz,6,2014-2021,1345,51.63
680860,Malcom Quintero,4,2018-2023,407,51.63
543095,Wayne Dedrick,1,2009,198,51.63
597912,Vladimir Martinez,3,2010-2012,371,51.63
695461,Harrison Spohn,2,2022-2023,404,51.63
458108,Jordan Newton,4,2007-2010,1031,51.63
815306,Rio Foster,3,2023-2025,721,51.63
669167,Cash Case,2,2017-2018,314,51.63
8841,Ramiro Pena,3,2007-2009,919,51.63
679821,Rowdey Jordan,3,2021-2023,1046,51.63
464268,Javier Herrera,2,2007-2008,639,51.63
518905,Austin Krum,3,2008-2010,1636,51.63
533646,Carlos Tovar,4,2014-2018,770,51.62
26469,Davis Wendzel,1,2021,263,51.62
519367,Matthew Tucker,1,2007,171,51.62
467818,Gerardo Bustamante,2,2007-2008,156,51.62
607311,Ryan Rieger,5,2011-2015,1442,51.62
806730,Drew Davies,2,2024-2025,438,51.62
489432,Corey Wimberly,2,2007-2008,853,51.62
12294,Cory Spangenberg,5,2011-2015,1552,51.62
593457,Oswill Lartiguez,6,2010-2015,666,51.62
835648,Fabian Gonzalez,1,2025,51,51.62
815584,Alcides Hernandez,3,2023-2025,266,51.61
502619,Albert Cartwright,5,2007-2012,1602,51.61
575408,Austin Stockfisch,1,2010,138,51.61
5254,Robbie Grossman,7,2008-2014,2820,51.61
518392,Josh Adams,2,2012-2013,817,51.61
7430,Drew Sutton,1,2007,558,51.61
459001,Josh Petersen,1,2007,330,51.61
10329,Rey Fuentes,7,2009-2015,2990,51.6
620448,Nathanael Javier,5,2013-2017,631,51.6
668888,Hudson Potts,6,2016-2023,2133,51.6
607269,Chris Grayson,4,2011-2014,1532,51.6
803475,Colby Jones,2,2024-2025,607,51.6
448176,Christian Lara,3,2007-2009,1258,51.6
640469,Bryan Leal,3,2013-2015,223,51.6
678978,Claudio Ramirez,1,2018,246,51.59
829044,Maykel Coret,1,2025,188,51.59
642756,Hector Caro,3,2013-2015,417,51.59
683079,Omar Martinez,5,2021-2025,1586,51.59
821665,Angel Garcia,2,2024-2025,297,51.59
683544,Carlos Canache,1,2021,100,51.59
670143,Danny Woodrow,3,2016-2018,1019,51.59
691616,Hedbert Perez,5,2021-2025,1336,51.59
701831,Carson DeMartini,2,2024-2025,625,51.59
808544,Joseph Tailor,3,2023-2025,490,51.59
518430,Ernie Banks,1,2007,81,51.59
683549,Alexander Mojica,3,2021-2023,751,51.59
676813,Zane Gurwitz,2,2017-2018,378,51.59
695634,Jaime Ferrer,2,2024-2025,466,51.59
16291,Nick Ciuffo,6,2013-2018,1663,51.58
623516,Adam Ford,2,2012-2013,181,51.58
800380,Raynerd Ortega,4,2022-2025,687,51.58
806534,Ben Gobbel,3,2022-2024,728,51.58
671271,Jeisson Rosario,6,2017-2024,2304,51.58
570892,George Drullard,2,2009-2010,326,51.58
622723,Elias Torres,3,2012-2014,485,51.58
673963,Zach Rheams,1,2018,202,51.58
489717,Sean Danielson,1,2007,402,51.58
519372,Michael Valadez,2,2008-2009,325,51.58
573183,Ryan Stovall,3,2009-2011,1025,51.58
456905,Dennis Winn,2,2007-2008,329,51.58
621462,Cole Billingsley,2,2017-2018,1020,51.57
702315,Bennett Hostetler,2,2021-2022,571,51.57
519329,Damon Sublett,3,2008-2010,818,51.57
446288,Randy Molina,1,2008,159,51.57
596053,A.J. Murray,2,2015-2016,660,51.57
570650,Moises Gomez,2,2009-2010,216,51.57
665128,Lance Jones,2,2015-2016,257,51.57
821642,Manni Ramirez,2,2024-2025,396,51.57
694266,D'Andre Smith,4,2022-2025,883,51.57
672691,Ismael Jaime,2,2017-2018,466,51.57
572076,Jose Rivera,6,2009-2014,1028,51.56
668571,Wilson Alvarez,5,2016-2022,574,51.56
659008,Graham Ramos,1,2014,54,51.56
683061,Alexander Vargas,5,2021-2025,1729,51.56
692644,Jose Leanez,3,2021-2023,381,51.56
664930,Logan Hill,2,2016-2017,844,51.56
467815,Jonathan Requena,1,2007,109,51.56
591717,Humberto Valor,5,2010-2014,763,51.55
804879,Elvis Rijo,4,2022-2025,488,51.55
687918,Braylen Wimmer,3,2023-2025,1152,51.55
801178,Gilberto Rojas,3,2022-2024,177,51.55
663519,Kekai Rios,2,2018-2021,225,51.55
572880,Yovan Gonzalez,6,2009-2014,1261,51.55
643513,Ramsey Romano,1,2017,41,51.55
595474,Thomas Zebroski,1,2010,145,51.55
23442,Luis Vázquez,5,2017-2024,1504,51.55
643300,Nick Ferdinand,2,2013-2014,269,51.55
682639,Freddy Valdez,2,2021-2022,181,51.55
444555,Raul Reyes,4,2008-2011,1343,51.55
11470,Tony Wolters,5,2010-2015,1556,51.55
682113,Jared Denning,1,2018,66,51.55
487677,Alfredo Mateo,2,2007-2008,371,51.55
642530,Luis Reyes,1,2018,10,51.55
692578,Nelson Aranguren,3,2021-2023,294,51.55
594949,Joe Oliveira,2,2011-2012,444,51.55
672437,Debby Santana,4,2017-2022,589,51.55
593430,Robert Del Rosario,3,2011-2013,665,51.55
667826,Borinquen Mendez,3,2016-2018,505,51.54
519187,Aaron Reza,3,2007-2009,679,51.54
519399,Demetrius Washington,2,2008-2009,41,51.54
517221,Luis Ramos,3,2007-2009,553,51.54
666777,Alfredo Angarita,3,2016-2018,749,51.54
451178,Jeffrey Flaig,1,2007,318,51.54
641351,Brandon Bednar,3,2014-2016,1374,51.54
808060,Yoiber Ocopio,3,2023-2025,606,51.54
608594,Gabriel Villavicencio,2,2011-2012,215,51.54
641908,Tanner Murphy,6,2013-2018,1362,51.53
800542,Angel Pierre,2,2022-2023,248,51.53
14515,Luis Marté,8,2011-2018,2775,51.53
656681,Danny Mars,5,2014-2018,1704,51.53
596880,J.D. Ashbrook,1,2010,135,51.53
649440,Benito Olivo,2,2014-2015,137,51.53
660354,Brian Sanchez,4,2015-2018,733,51.53
520909,Darren Clark,2,2007-2008,445,51.53
695501,Blake Burke,2,2024-2025,585,51.52
519384,Jesus Villegas,4,2007-2010,713,51.52
17473,Narciso Crook,5,2014-2018,1139,51.52
682149,Clark Brinkman,1,2018,102,51.52
5273,Sandy León,7,2007-2013,1660,51.52
516956,Reymond Lake,1,2007,104,51.52
543229,Nelson Gomez,2,2008-2009,635,51.52
451804,Geraldo Valentin,1,2007,480,51.51
31991,Rafael Flores Jr.,4,2022-2025,1530,51.51
606472,Carlos Torres,6,2011-2016,1023,51.51
688392,Terence Doston,4,2021-2024,658,51.51
518679,Jonathon Fixler,3,2008-2010,693,51.51
682786,Alixandri Alvarez,1,2021,98,51.51
491657,Ivan Castro,3,2007-2010,492,51.51
17837,Jakson Reetz,4,2014-2018,1018,51.51
542276,Yorniel Martinez,1,2008,217,51.51
801260,Jairo Diaz,4,2022-2025,412,51.51
681944,Dean Nevarez,2,2018-2021,190,51.51
623268,Bo Altobelli,3,2012-2014,330,51.51
613667,Julius Gaines,1,2015,199,51.5
596068,Mike Papi,4,2014-2017,1651,51.5
572149,Matt Smith,1,2012,383,51.5
620993,Carlos Duran,6,2012-2017,1260,51.5
570776,Aly Gonzalez,3,2009-2011,399,51.5
595212,Jarred Frierson,1,2010,95,51.5
801126,Brock Rodden,2,2023-2024,733,51.5
821674,Davirik Fuenmayor,1,2024,42,51.5
488780,Paul Chmiel,1,2007,79,51.5
607256,James Ramsey,3,2012-2014,1148,51.5
518734,Chris Gradoville,2,2008-2009,476,51.5
676049,David Cronin,1,2017,147,51.5
702922,Brayan Oropeza,3,2021-2023,204,51.5
658877,Jan Guerrero,2,2014-2015,252,51.49
489424,David Williams,1,2008,382,51.49
502500,Zack Murry,2,2007-2008,405,51.49
542531,Franklin Contreras,5,2008-2012,454,51.49
542655,Edwin Garcia,7,2008-2015,2160,51.48
8155,Everth Cabrera,5,2007-2011,954,51.48
23695,Everson Pereira,6,2018-2025,1725,51.48
593616,Cesar Barazarte,3,2010-2012,654,51.48
543892,Naoya Washiya,1,2009,136,51.48
670315,Branden Berry,2,2016-2017,167,51.47
676935,Jesse Medrano,2,2017-2018,245,51.47
605370,C.J. McElroy,6,2011-2016,1834,51.47
642045,Cord Sandberg,5,2013-2018,1654,51.47
501324,Karexon Sanchez,5,2007-2011,2172,51.47
806237,Andrews Sosa,4,2022-2025,345,51.47
800478,Kleimir Lemos,4,2022-2025,752,51.47
596145,Jose Vinicio,9,2010-2018,2351,51.47
542291,Joel Caminero,5,2008-2012,974,51.47
514982,Rogelio Noris,5,2007-2011,1441,51.47
677771,David Metzgar,2,2017-2018,294,51.47
686541,Drew Compton,3,2023-2025,1062,51.46
606139,Jose Herrera,4,2011-2014,631,51.46
687749,Jase Bowen,5,2021-2025,2264,51.46
572003,Ryan Ortiz,3,2010-2012,861,51.46
674383,Francisco Ortiz,5,2017-2023,616,51.46
448790,Cody Strait,1,2007,532,51.46
467816,Juan Sanchez,5,2007-2011,1525,51.46
656773,Hutton Moyer,3,2015-2017,794,51.46
825334,Ethan Wagner,1,2025,153,51.46
671246,Fabricio Macias,3,2018-2022,715,51.46
698954,Eliam Sandoval,4,2021-2024,461,51.46
642737,Daniel Leonardo,3,2013-2015,497,51.46
641478,Jacob Cordero,3,2013-2015,445,51.45
12990,Erick Castillo,6,2012-2017,782,51.45
505193,Jeff Stevens,1,2007,134,51.45
640495,Ariel Serrano,5,2013-2017,888,51.45
663628,John Aiello,2,2018-2021,90,51.45
593684,Yeixon Ruiz,6,2010-2015,1525,51.45
683427,Omar Hernandez,5,2021-2025,1545,51.45
607301,Nick Rickles,3,2011-2013,699,51.45
694552,Jack Payton,3,2023-2025,625,51.45
33197,Ben Williamson,3,2023-2025,819,51.44
3448,Jeff Mathis,1,2007,273,51.44
15117,Hunter Dozier,4,2013-2016,1918,51.44
829959,Jose M. Mendoza,1,2025,122,51.44
574908,Joan Decena,3,2009-2011,316,51.44
669101,Matthew Acosta,2,2021-2022,721,51.44
669427,Shane Carrier,3,2016-2018,853,51.44
595130,Michael Benjamin,3,2014-2016,1039,51.43
542320,Martin Serrata,3,2008-2010,661,51.43
656622,Darryl Knight,2,2014-2015,173,51.43
8471,Xavier Avery,7,2008-2014,3384,51.43
680964,Reece Hampton,2,2018-2021,265,51.43
573059,Sean Nicol,2,2010-2011,451,51.43
572852,Mark Fleury,4,2009-2012,1023,51.43
501775,Wilfri Pena,4,2007-2010,269,51.43
607786,Chad Zurcher,2,2011-2013,352,51.42
622158,Angel Almao,5,2012-2017,707,51.42
663987,Tyrone Perry,2,2015-2016,148,51.42
456152,Nilson Berroa,1,2007,253,51.42
571692,Wade Gaynor,3,2010-2012,1589,51.42
668696,Grant Little,1,2021,262,51.42
8368,Troy Patton,1,2007,27,51.42
672822,Yowelfy Rosario,2,2017-2018,362,51.42
571597,Brice Cutspec,1,2010,156,51.42
687282,Gabriel Rincones Jr.,3,2023-2025,1333,51.42
514895,Luis Sumoza,2,2007-2008,300,51.42
608730,Alex Yarbrough,5,2012-2016,2596,51.42
623517,Nick Lovullo,3,2016-2018,788,51.42
801227,Juan Oviedo,1,2022,59,51.42
18899,Lucius Fox,5,2016-2022,1846,51.41
666521,Pedro Marquez,1,2016,167,51.41
807969,Jjam Alvarez,3,2023-2025,427,51.41
687426,Glenn Santiago,4,2021-2024,812,51.41
601979,Eduardo de Oleo,7,2011-2017,879,51.41
25138,Levi Jordan,1,2018,35,51.41
683630,Diego Velasquez,2,2021-2022,78,51.41
660865,Bismar Nunez,1,2015,116,51.41
592828,Drew Vettleson,6,2011-2016,2240,51.41
564653,Will Piwnica-Worms,3,2012-2014,802,51.41
816335,Ronnyel Espinoza,2,2024-2025,178,51.4
8029,Rob Johnson,1,2007,465,51.4
695612,Alex Mooney,3,2023-2025,991,51.4
606116,Jose Moreno,1,2011,72,51.4
672567,Edilberto Mendoza,2,2017-2018,319,51.4
642131,Marshawn Taylor,1,2018,107,51.4
500754,Marguin Fuentes,1,2007,149,51.4
10347,Mike Ohlman,7,2009-2015,2279,51.4
543323,Grant Hogue,2,2009-2010,660,51.4
608689,Jamodrick McGruder,2,2013-2014,517,51.39
663605,Garrett Whitley,3,2015-2021,889,51.39
596018,Patrick Leonard,6,2012-2017,2795,51.39
25180,Daniel Schneemann,2,2018-2021,345,51.39
622814,Ronniel Demorizi,3,2012-2014,578,51.39
471921,Yonderman Rodriguez,3,2007-2009,742,51.39
455129,Francisco Plasencia,2,2007-2008,970,51.39
691252,Jhon Diaz,5,2021-2025,1549,51.39
688682,Cooper Bowman,4,2021-2024,1462,51.39
502549,Ronnie Welty,5,2008-2012,1948,51.38
692348,Aeverson Arteaga,5,2021-2025,1915,51.38
468368,Gabriel Gutierrez,2,2007-2008,413,51.38
660740,Jose Patino,4,2015-2018,720,51.38
699328,Darnel Collins,3,2021-2023,337,51.38
642021,Errol Robinson,3,2016-2018,1138,51.37
829729,Yoander Santana,1,2025,143,51.37
595957,Omar Garcia,4,2013-2016,1392,51.37
678715,Luis Silva,3,2018-2022,468,51.37
543875,Niko Vasquez,5,2008-2012,1928,51.37
700681,Nick Lorusso,3,2023-2025,887,51.37
683529,Milkar Perez,5,2021-2025,1528,51.37
821614,Andry Batista,2,2024-2025,317,51.37
691729,Elias Petiyan,3,2021-2023,248,51.37
9958,Jeff Bianchi,4,2007-2011,1875,51.37
475123,Terrence Dayleg,3,2009-2012,793,51.36
607616,Matt Leeds,1,2011,218,51.36
450566,Chuckie Caufield,2,2007-2008,1083,51.36
595890,Auston Bousfield,4,2015-2018,1726,51.36
669413,Frainyer Chavez,4,2018-2023,1207,51.36
525288,Juan Fortuna,3,2007-2009,291,51.36
451587,Jeff Dominguez,5,2007-2011,2047,51.36
800160,Alberto Mendez,4,2022-2025,651,51.36
666679,Juan Martinez,2,2016-2017,315,51.36
608382,Erich Weiss,3,2014-2016,1612,51.36
649963,Bo Takahashi,2,2018-2021,38,51.35
681758,Randi De La Cruz,1,2018,119,51.35
808082,Vladi Gomez,3,2023-2025,524,51.35
517465,Jhonny Gomez,6,2007-2012,1316,51.35
607687,Nick Popescu,1,2011,66,51.35
452759,Brandon Burgess,1,2007,385,51.35
685460,Andrew Miller,1,2022,68,51.35
488730,Mike Brenly,3,2009-2011,1136,51.35
488817,Mike Daniel,3,2007-2009,1585,51.35
592714,Josh Sale,3,2011-2014,897,51.35
800206,Yerald Nin,4,2022-2025,1041,51.34
10700,Ryan LaMarre,4,2010-2013,1902,51.34
664531,Richard Estrada,2,2015-2016,33,51.34
656289,Michael Cantu,1,2018,124,51.34
664686,Zach Coppola,3,2016-2018,1069,51.34
517462,Miguel Moreno,3,2007-2009,590,51.34
680993,Andres Gonzalez,1,2018,109,51.34
543936,Zach Wilson,3,2012-2014,673,51.34
683556,Angel Geraldo,3,2021-2023,293,51.34
6887,Martín Maldonado,5,2007-2011,1561,51.34
501546,Stanly Vizcaino,2,2007-2008,322,51.34
650714,Andy Diaz,4,2014-2017,634,51.34
542503,Edul Escobar,5,2008-2012,681,51.33
18171,Seth Brown,3,2015-2017,1134,51.33
641870,Trey Michalczewski,6,2013-2018,2888,51.33
607044,John Norwood,3,2015-2017,1569,51.33
650389,Wladimir Galindo,4,2014-2018,944,51.33
576228,Jorge Alcantara,5,2009-2013,635,51.32
20557,CJ Alexander,2,2018-2021,556,51.32
446392,Rawley Bishop,1,2010,560,51.32
17719,Steven Duggar,3,2016-2018,1130,51.32
687083,Ben Troike,1,2021,75,51.32
815334,Jesus Guerrero,1,2025,59,51.32
461431,Kurt Crowell,2,2007-2008,278,51.32
667668,Josh Lovelady,1,2017,58,51.32
570260,Rafael De La Cruz,4,2009-2012,614,51.32
643356,Danny Hayes,3,2013-2015,1370,51.32
681468,Corey Rosier,4,2021-2024,1354,51.31
667350,Fernando Kelli,2,2016-2017,480,51.31
829774,Yorber Semprun,1,2025,158,51.31
470468,Walter Correa,1,2008,117,51.31
607168,Nick Flair,2,2015-2016,437,51.31
676280,Tyler Dearden,4,2017-2023,1174,51.31
621531,Ronnie Freeman,3,2013-2015,817,51.31
6153,Eduardo Escobar,7,2007-2013,2589,51.31
807987,Alessander De La Cruz,3,2023-2025,506,51.31
699712,Raylin Heredia,4,2022-2025,937,51.31
467035,Jaime Morales,1,2007,116,51.31
622764,Abraham Pierret,1,2012,225,51.31
677570,Aaron Bracho,5,2021-2025,1555,51.31
699225,Jonatan Guzman,2,2022-2023,201,51.3
642472,Adonis De La Cruz,2,2013-2014,316,51.3
596066,Steven Pallares,1,2016,134,51.3
699275,Ismael Perez,2,2021-2022,273,51.3
690957,Jace Bohrofen,3,2023-2025,917,51.3
808331,Jhoan Solarte,1,2023,124,51.3
23772,Wilyer Abreu,5,2017-2023,1571,51.3
815204,Justin Barry,2,2024-2025,252,51.3
544762,Kevin Hansen,3,2008-2010,772,51.3
23378,José Barrero,3,2018-2022,1134,51.29
12718,Adrian Houser,2,2015-2016,29,51.29
488995,Andy Jenkins,2,2007-2008,827,51.29
6141,Tony Gwynn Jr.,1,2007,138,51.29
3373,Clete Thomas,2,2007-2008,932,51.29
692405,Jeremy Rivas,5,2021-2025,2070,51.29
543564,Zach Moore,1,2008,110,51.28
669625,Shane Billings,3,2016-2018,1056,51.28
593777,Maximo Sosa,2,2010-2012,462,51.28
606313,Edwin Moreno,6,2011-2017,1591,51.28
664742,Jay Feliciano,4,2015-2018,805,51.28
665866,Jean Montero,3,2016-2018,555,51.28
801381,Kevin Novoa,3,2022-2024,236,51.27
678218,Brandon Valenzuela,6,2018-2025,2279,51.27
691895,Fernando Hernandez,3,2021-2023,400,51.27
594990,Mike Schwartz,2,2010-2011,277,51.27
703340,Carlos Oviedo,3,2022-2024,278,51.27
693832,Tre Richardson III,3,2023-2025,771,51.27
572957,Richard Jones,4,2009-2012,933,51.27
683886,Derek Vegas,2,2021-2022,306,51.27
444983,Deik Scram,2,2007-2008,1034,51.27
830419,Ruben Castillo,1,2025,225,51.27
670895,Alfredo Rodriguez,3,2016-2018,781,51.27
457079,Truan Mehl,1,2007,472,51.27
21922,Sauryn Lao,5,2016-2022,1057,51.27
701520,Bobby Blandford,1,2025,130,51.26
622435,Osvaldo Abreu,6,2012-2018,2379,51.26
642305,Jose Morles,3,2013-2015,269,51.26
687436,Victor Torres,5,2021-2025,491,51.26
668791,Anthony Prato,2,2021-2022,746,51.26
809338,Trevor Austin,2,2024-2025,498,51.26
667607,Shael Mendoza,3,2016-2018,746,51.26
519417,Ray White,1,2007,130,51.26
501851,Johnni Turbo,6,2008-2013,1645,51.26
811551,Isael Arias,2,2024-2025,357,51.26
806210,Alfonsin Rosario,3,2023-2025,988,51.26
665385,Samm Wiggins,2,2015-2016,78,51.25
677341,Osiris Johnson,5,2018-2024,1411,51.25
608779,Algenis Ramirez,2,2011-2012,111,51.25
543478,David Macias,2,2009-2010,824,51.25
642029,Reed Rohlman,2,2017-2018,553,51.25
641932,Rafael Oliveras,3,2014-2016,536,51.25
809778,Rafael Martinez,2,2023-2024,172,51.25
573269,Yan Olmo,4,2009-2013,578,51.25
542477,Carlos Valenzuela,5,2008-2012,1149,51.25
502081,Fernando Garcia,4,2007-2010,837,51.24
695965,Andy Espinosa,2,2021-2022,305,51.24
642444,Michael De La Cruz,4,2013-2016,829,51.24
808227,Wilson Suarez,1,2023,90,51.24
623259,Patrick Claussen,1,2012,115,51.24
542968,Dan Brewer,4,2009-2012,1593,51.24
672396,Juan Gil,1,2017,143,51.24
699293,Yohairo Cuevas,5,2021-2025,1344,51.23
605248,Granden Goetzman,7,2011-2017,1575,51.23
660885,Domingo Martinez,4,2015-2018,858,51.23
6421,Roger Bernadina,2,2007-2008,986,51.23
593732,Melvin Aquino,4,2010-2013,742,51.23
808379,Willian Berti,3,2023-2025,472,51.23
543291,Jonathan Hee,2,2009-2010,775,51.23
606177,Claudio Tejeda,2,2011-2012,199,51.23
642711,Johan Cruz,6,2013-2018,1657,51.23
594909,Joshua Magee,3,2010-2012,438,51.23
573033,Ronnie Melendez,3,2010-2013,217,51.23
2917,Emmanuel Burriss,3,2007-2009,706,51.22
607952,Miguel De Leon,2,2011-2012,304,51.22
593360,Cristian Paulino,7,2010-2016,1383,51.22
643283,Tyler Dial,1,2013,77,51.22
809944,Elijah Hainline,2,2024-2025,590,51.22
7307,Jeremy Moore,5,2007-2011,2180,51.22
828473,Zach Evans,1,2025,535,51.22
800143,Leny Carela,3,2022-2024,322,51.22
605440,Travious Relaford,3,2012-2015,823,51.22
449156,Jon Mark Owings,3,2007-2009,1139,51.22
572900,Ryan Hamme,3,2009-2011,796,51.21
643424,Justin Maffei,4,2013-2016,1018,51.21
657659,Ryan Leonards,3,2014-2016,761,51.21
699287,Angel Parra,2,2021-2022,257,51.21
661733,Max Burt,2,2018-2021,538,51.21
808037,Juan Hernandez,3,2023-2025,528,51.21
543715,Jacob Rogers,2,2012-2014,691,51.2
660847,Rowan Ebersohn,1,2015,87,51.2
594889,Collin Kuhn,2,2011-2012,322,51.2
597895,Alfredo Castellon,2,2010-2011,107,51.2
598158,Drew Poulk,2,2010-2011,266,51.2
3174,Shin-Soo Choo,1,2007,238,51.2
695508,Cameron Cauley,5,2021-2025,1760,51.2
687837,Jake Ortega,1,2021,72,51.2
467787,Francisco Guzman,1,2007,332,51.2
667667,Ryan Gridley,1,2018,261,51.2
680932,Pedro Martinez,4,2018-2023,916,51.2
593138,Enyelber Vivas,3,2010-2012,285,51.2
10199,Billy Hamilton,6,2009-2015,2272,51.2
678635,Yoneiry Acevedo,3,2018-2022,486,51.2
666667,Osvaldo Oliva,2,2016-2017,360,51.2
542428,Reymond Nunez,6,2008-2014,1773,51.19
573252,Travis Witherspoon,5,2009-2013,2136,51.19
607240,Dan Gamache,5,2011-2015,1613,51.19
670419,Malique Ziegler,2,2016-2018,323,51.19
542530,Miguel Marte,4,2008-2011,653,51.19
543556,Moises Montero,3,2008-2011,274,51.19
452675,Marcos Vechionacci,4,2007-2010,1410,51.19
809707,Charlie Condon,2,2024-2025,542,51.19
7949,Tim Beckham,7,2008-2014,2803,51.19
448843,Gabriel Martinez,1,2007,428,51.18
665701,Alejandro Garcia,1,2015,63,51.18
9922,Yorman Rodriguez,8,2009-2016,2576,51.18
26151,Kyle Stowers,2,2021-2022,937,51.18
685091,Parker Chavers,3,2021-2023,509,51.18
543560,Shayne Moody,2,2008-2009,588,51.18
665780,Franklin Labour,5,2016-2022,1232,51.18
543492,Michael Marseco,3,2008-2010,1131,51.18
467853,Carlos Quintana,3,2007-2009,441,51.17
805268,Peyton Williams,4,2022-2025,1154,51.17
500904,Gabriel Ugueto,1,2007,110,51.17
460262,Jon Zeringue,1,2007,315,51.17
489165,Radames Nazario,5,2007-2011,839,51.17
805870,Hyungchan Um,3,2023-2025,666,51.17
592231,Sean Coyle,7,2010-2016,2238,51.16
654959,Andres Ayon,1,2016,132,51.16
572685,Mark Angelo,1,2009,148,51.16
448608,Colt Sedbrook,2,2009-2010,823,51.16
622813,Jeffry Cerdas,2,2012-2013,229,51.16
501733,Braulio Hiraldo,2,2007-2008,237,51.16
607671,Ricky Pacione,2,2011-2012,190,51.16
642054,Michael Schulze,1,2014,364,51.16
691466,Juan Santander,4,2021-2024,576,51.15
643460,Hector Montes,2,2013-2014,274,51.15
692815,Yohan Gonzalez,1,2021,75,51.15
801932,Alex McCoy,1,2025,247,51.15
800390,Natanael Castillo,1,2022,89,51.15
605378,Kevin Medrano,2,2013-2014,1011,51.15
501505,Carlos Pena,1,2007,62,51.15
657269,Nick Thompson,2,2015-2016,599,51.15
6635,Kevin Mattison,2,2009-2010,888,51.15
641453,C.J. Chatham,3,2016-2018,515,51.15
666695,Jonathan Guzmán,6,2016-2024,1588,51.14
696513,Andy Garriola,3,2022-2024,884,51.14
672892,Alberoni Nunez,2,2017-2018,369,51.14
13228,Michael Reed,7,2011-2017,2529,51.14
3206,Luis Hernandez,2,2007-2008,643,51.14
808498,Carlos Cordero,2,2023-2024,201,51.14
501445,Claudio Fukunaga,3,2007-2009,309,51.14
593444,Luigi Rodriguez,8,2010-2017,2619,51.14
544757,Kevin Ramos,3,2008-2010,688,51.14
543846,Carlo Testa,4,2008-2011,1308,51.14
448773,Marcus Sanders,1,2007,346,51.13
541648,Francisco Martinez,8,2008-2015,3105,51.13
683656,Luis Tejeda,3,2021-2023,193,51.13
823873,Jose Sabino,2,2024-2025,195,51.13
640901,Raymon Tenias,3,2013-2015,385,51.13
606623,Daniel Arribas,6,2011-2017,1440,51.13
9399,Jeremy Hazelbaker,4,2009-2012,1753,51.13
668599,Javier Herize,1,2016,116,51.13
543675,Joey Railey,1,2008,56,51.13
514636,Raul Leiva,4,2007-2010,568,51.13
448762,Jose Duarte,3,2007-2009,1580,51.13
702214,Harry Owen,4,2022-2025,438,51.13
516995,Jose Toussen,8,2007-2014,2048,51.13
664750,Chad De La Guerra,2,2016-2017,751,51.12
461788,Ozzie Chavez,2,2007-2008,650,51.12
607781,Andy Workman,3,2011-2013,1192,51.12
687208,Nathan Hickey,4,2021-2024,1256,51.12
814229,Moises Valdez,3,2023-2025,488,51.12
807511,Nelly Taylor,2,2024-2025,948,51.12
460006,David Uribes,1,2007,184,51.12
518532,Sawyer Carroll,3,2008-2010,1161,51.12
24496,DaShawn Keirsey Jr.,2,2018-2021,293,51.12
679295,Scott Ota,2,2021-2022,30,51.12
571579,Edgar Corcino,6,2009-2016,1275,51.12
623236,Mitch Glasser,1,2013,12,51.12
665960,Luis Rodriguez,3,2016-2018,442,51.11
606322,J.C. Rodriguez,7,2011-2017,2216,51.11
687862,Cody Milligan,3,2021-2023,1293,51.11
18587,Brendon Davis,6,2015-2022,2645,51.11
521310,Omar Luna,5,2007-2011,1475,51.11
502461,Tyler Jones,2,2007-2008,421,51.11
11287,Bryan Holaday,3,2010-2012,841,51.11
7364,Travis Metcalf,1,2007,296,51.11
516428,Freidy Carela,1,2007,108,51.11
544980,Jesus Rojas,1,2008,35,51.1
804109,Aiva Arquette,1,2025,117,51.1
10059,Max Stassi,6,2010-2015,2040,51.1
678646,Jorge Hurtado,2,2018-2021,288,51.1
571601,Wes Darvill,6,2009-2015,1808,51.1
656782,Max Murphy,4,2014-2017,1506,51.1
452775,Joseph Dunigan,3,2008-2010,1346,51.1
593796,Jose Pena,6,2010-2015,1638,51.1
642461,Michael Beltre,6,2013-2018,1548,51.1
683341,David Calabrese,5,2021-2025,1729,51.1
699090,Luis Garcia,3,2021-2023,519,51.09
25524,Aaron Schunk,2,2021-2022,892,51.09
622689,Randy César,7,2012-2018,1997,51.09
669049,Connor Justus,3,2016-2018,1279,51.09
517004,Leonardo Ferrini,4,2007-2010,787,51.09
698969,Diego Villegas,5,2021-2025,465,51.09
678854,Viandel Pena,6,2018-2025,2009,51.09
825924,Jackson Strong,2,2024-2025,448,51.09
669386,Trevor Hauver,3,2021-2023,1360,51.09
808635,Angel Nieblas,3,2023-2025,351,51.09
676529,Jordan Rodgers,2,2017-2018,563,51.09
698937,Aneudis Mordán,5,2021-2025,1036,51.08
541597,Hector Alvarez,5,2008-2012,644,51.08
660633,Johan Sala,4,2015-2018,888,51.08
678685,Victor Mascai,3,2018-2022,683,51.08
501242,Jose Carmona,1,2007,212,51.08
821083,Jesus Lizardo,2,2024-2025,237,51.08
698971,Samuel Rodriguez,3,2021-2023,310,51.08
680595,Darwin Baez,3,2018-2022,252,51.07
679739,Jose Guzman,3,2018-2022,776,51.07
831865,Yonaiker Hernandez,1,2025,132,51.07
578658,Jairo Kelly,4,2010-2013,459,51.07
665031,Angelo La Bruna,2,2015-2016,207,51.07
541342,Limbert Rivas,3,2008-2010,461,51.07
502319,Marc Maddox,2,2007-2008,1055,51.07
658297,Scott Price,2,2014-2015,144,51.07
10882,Jared Hoying,3,2011-2013,1370,51.07
516944,Juan Bonifacio,3,2007-2009,499,51.07
605413,Joey Pankake,3,2015-2017,1217,51.07
669097,Jared Barnes,2,2017-2018,78,51.07
664921,Ian Sagdal,2,2016-2017,970,51.07
594786,Jimmy Comerota,1,2011,18,51.07
699000,German Ortiz,5,2021-2025,883,51.06
677589,Adonis Giron,3,2018-2022,536,51.06
829744,Juan Elejandro,1,2025,141,51.06
519420,Jordan Wideman,5,2007-2011,640,51.06
27555,Garrett Mitchell,3,2021-2023,592,51.06
660438,Victor Cairo,3,2015-2017,116,51.06
672379,Ronald Torrealba,1,2017,104,51.06
673945,Freuddy Batista,6,2017-2024,1457,51.06
678618,Andres Noriega,2,2018-2021,200,51.06
451129,Joaquin Guzman,2,2007-2008,181,51.05
692415,Alexis Feliz,2,2021-2022,196,51.05
802599,Jack Penney,2,2024-2025,409,51.05
489083,David Maroul,1,2007,454,51.05
455107,Daryl Jones,1,2007,274,51.05
678644,Abraham Castillo,1,2018,183,51.05
691339,Anderson Rogers,1,2021,55,51.05
545339,Cameron Garfield,7,2009-2015,1997,51.05
701634,Connor Kokx,4,2021-2024,879,51.05
608721,Logan Vick,2,2013-2014,930,51.05
682037,Luke Mangieri,1,2018,39,51.05
656082,Jacser Mendez,1,2014,69,51.05
3123,Grégor Blanco,1,2007,545,51.04
702652,Andrew Fischer,1,2025,87,51.04
829064,Kenny Fenelon,1,2025,219,51.04
542656,Alex Gonzalez,7,2008-2014,1175,51.04
664837,Tanner Lubach,2,2015-2016,388,51.04
457559,Ryan Peisel,2,2009-2010,654,51.04
664890,Colton Frabasilio,3,2015-2017,456,51.04
656175,Alex Abbott,3,2014-2016,569,51.04
829389,Hendry Alcala,1,2025,91,51.04
11761,Drew Robinson,7,2010-2016,2718,51.04
522057,Edgar Trejo,3,2007-2009,510,51.04
15279,Garrett Cooper,3,2013-2015,948,51.04
676943,Michael Osinski,2,2017-2018,406,51.04
680693,Grant Lavigne,5,2018-2024,2293,51.03
650708,Oliver Pascual,5,2014-2018,839,51.03
606143,Alejandro Mejia,2,2011-2012,269,51.03
815460,Alejandro Rodriguez,1,2023,28,51.03
821033,Javier Acevedo,2,2024-2025,208,51.03
678247,Leandro Emiliani,4,2018-2023,965,51.03
701324,Oliver Carrillo,4,2022-2025,984,51.03
657674,Kyle Martin,3,2015-2017,1284,51.03
657194,Austin Anderson,1,2016,206,51.02
501236,Pedro Ramirez,2,2007-2008,366,51.02
643322,Ryan Gebhardt,3,2014-2016,834,51.02
573625,Brian Bistagne,1,2009,127,51.02
545349,Jeff Malm,5,2009-2014,1614,51.02
516805,Ramon Eusebio,2,2007-2008,366,51.02
607273,Mark Threlkeld,4,2011-2014,1178,51.02
17932,Andrew Stevenson,4,2015-2018,1486,51.02
622361,Jose Paniagua,5,2012-2016,891,51.02
689355,Brett Roberts,3,2022-2024,620,51.02
485626,Rene Arias,2,2007-2008,132,51.02
659821,Alex Aquino,2,2015-2016,385,51.02
807649,Yeycol Soriano,3,2023-2025,513,51.02
20040,Jorge Ona,3,2017-2021,887,51.02
570272,Ariel Familia,2,2009-2010,275,51.02
570670,Eudy Pina,6,2009-2015,2143,51.01
821752,Amauri Ramirez,2,2024-2025,340,51.01
821413,Pascual Archila,2,2024-2025,393,51.01
658549,Ozziel Sanchez-Galan,3,2015-2017,503,51.01
678605,Luis Tejada,1,2018,175,51.01
642845,Adam Landecker,2,2013-2014,277,51.01
502456,Nicholas Giarraputo,3,2007-2009,576,51.01
695271,Gio Díaz,1,2021,35,51.01
656897,Kevin Rivera,4,2014-2018,390,51.01
504374,Emmanuel Solis,3,2007-2009,534,51.01
5812,Blake Davis,2,2007-2008,1032,51.0
501214,Ricardo Almanzar,1,2007,154,51.0
573150,Ryan Scoma,2,2009-2011,617,51.0
572916,Chris Henderson,3,2009-2011,600,51.0
676825,Brandon Sandoval,2,2017-2018,695,51.0
501604,Luis Diaz,1,2007,183,51.0
703191,Yilber Herrera,4,2022-2025,585,51.0
687055,Zach Ashford,1,2021,317,51.0
464407,Cristo Arnal,4,2007-2010,822,51.0
687680,Julio Herrera,2,2021-2022,140,50.99
573111,Dayne Read,2,2010-2011,386,50.99
821036,Cristofer Lebrón,2,2024-2025,306,50.99
620990,William Cuicas,4,2012-2016,602,50.99
573173,Kyle Spraker,2,2009-2010,521,50.99
681357,Cody Morissette,4,2021-2024,1449,50.99
623927,Jiandido Tromp,7,2012-2018,2042,50.99
683553,John Mejia,1,2021,96,50.99
591699,Jose Martinez,1,2011,42,50.99
800547,Ricardo Pena,4,2022-2025,341,50.98
678800,Enmanuel Pire,5,2018-2024,445,50.98
668544,Renaigel Martis,2,2016-2017,292,50.98
543428,Jeff Lanning,4,2008-2011,456,50.98
519419,Boomer Whiting,1,2008,443,50.98
691654,Adrian Lander,1,2021,75,50.98
686960,Nate Baez,4,2022-2025,918,50.98
642023,Elier Rodriguez,2,2013-2014,317,50.98
26244,Kenedy Corona,4,2021-2024,1607,50.98
518926,Matt Lawson,3,2008-2010,1484,50.98
691740,Daniel Susac,4,2022-2025,1350,50.98
20529,Nolan Jones,4,2016-2022,1308,50.97
456160,Samuel Sime,4,2007-2010,1283,50.97
699229,Alexander Benua,5,2021-2025,873,50.97
805126,Charlie Szykowny,2,2023-2024,529,50.97
680921,Darlin Guzman,2,2018-2021,255,50.97
660595,Edwin Ventura,3,2015-2018,606,50.97
665075,Kane Sweeney,2,2015-2016,276,50.97
15115,Dylan Cozens,6,2012-2018,2671,50.97
543729,John Ruettiger,4,2011-2014,1389,50.97
621585,David Colina,2,2012-2013,367,50.97
452065,Christian Reyes,1,2007,401,50.96
573349,Hak-Ju Lee,6,2010-2015,2427,50.96
829942,Diego Rondon,1,2025,73,50.96
623513,Tyler Krieger,3,2016-2018,1554,50.96
444835,Edgardo Baez,4,2007-2010,1523,50.96
605523,Adam Weisenburger,3,2011-2013,601,50.96
670411,Jaime Estrada,3,2016-2018,185,50.96
678608,Matias Polanco,2,2018-2021,152,50.96
468541,Freizer Pedron,2,2007-2008,310,50.96
681940,Connor Grant,1,2018,129,50.95
5306,Kristopher Negrón,4,2007-2010,2101,50.95
500776,Luis Nieves,6,2007-2012,1042,50.95
683646,Edwin Rojas,2,2021-2022,226,50.95
573650,Julio Morban,7,2009-2015,1629,50.95
545459,Brendan Akashian,1,2009,77,50.95
659636,Nadir Ljatifi,4,2015-2018,259,50.94
502693,Kipp Schutz,3,2009-2012,891,50.94
687981,John Rhodes,5,2021-2025,1786,50.94
16572,Connor Joe,3,2015-2017,1143,50.94
623228,Levi Hyams,3,2012-2014,1062,50.94
600906,Cesar Gonzalez,4,2011-2014,569,50.94
701703,Quinton Low,3,2021-2023,195,50.94
446347,Jonathan White,1,2009,102,50.94
701771,Billy Amick,2,2024-2025,337,50.94
829766,Luis Galan,1,2025,170,50.93
7316,Darin Mastroianni,3,2008-2010,1552,50.93
608588,Yomifer Polanco,3,2011-2013,389,50.93
12148,Kyle Kubitza,5,2011-2015,2303,50.93
23733,Ezequiel Duran,4,2017-2022,1126,50.93
511268,Jimmy Mojica,2,2007-2008,547,50.93
669005,Jarett Rindfleisch,3,2016-2018,424,50.92
25467,Will Robertson,2,2021-2022,630,50.92
594816,Ryan Fisher,2,2011-2012,932,50.92
800201,Rafael Ramirez Jr.,4,2022-2025,715,50.92
660649,Danny Contreras,4,2015-2018,745,50.92
664788,Donnie Cimino,1,2015,67,50.92
658127,Pedro Ogando,4,2014-2017,519,50.92
684491,Frank Rodriguez,5,2021-2025,659,50.92
675982,Kevin Watson Jr,5,2017-2023,915,50.92
627892,Natanael Delgado,4,2013-2016,1161,50.92
21547,Coco Montes,2,2018-2021,784,50.92
448184,Steve Moss,1,2007,522,50.92
674913,Chad Castillo,3,2022-2024,423,50.91
664332,Moisés Gómez,7,2015-2023,2504,50.91
501460,Jaynnertt Melenciano,4,2007-2010,742,50.91
518756,Rick Hague,4,2010-2013,1155,50.91
621575,Joey Curletta,7,2012-2018,2867,50.91
801903,Brock Tibbitts,2,2024-2025,288,50.91
682547,Yohandry Sequera,1,2018,49,50.91
806014,Keduar Trujillo,4,2022-2025,535,50.9
594931,Kevin Moesquit,3,2011-2013,877,50.9
593494,Alwin Delgado,4,2010-2014,777,50.9
691278,Moises Alcala,4,2021-2024,227,50.9
515031,Ismael Cardona,2,2007-2008,341,50.9
670387,Nick Sergakis,1,2017,252,50.9
663950,Jason Heinrich,1,2015,178,50.9
4704,Donnie Murphy,1,2007,199,50.9
663610,Daniel Amaral,1,2021,248,50.9
700815,Matthew Ellis,1,2025,338,50.9
808297,Deward Tovar,3,2023-2025,527,50.9
694565,Alex Stone,2,2024-2025,193,50.89
678746,Diego Hernandez,6,2018-2025,1731,50.89
678389,Jhon Solarte,2,2018-2021,570,50.89
519183,Anthony Renteria,1,2012,65,50.89
621447,Andrew Calica,3,2016-2018,985,50.89
702610,Ike Irish,1,2025,81,50.89
502829,Orlando Rodriguez,2,2008-2009,70,50.89
506687,Abner Abreu,6,2007-2012,1679,50.89
682616,Diego Cartaya,5,2021-2025,1472,50.89
800397,Diego Gonzalez,1,2022,64,50.89
806267,Jake Zitella,3,2023-2025,205,50.89
9887,Destin Hood,7,2008-2014,2503,50.89
2797,Jose Reyes,1,2007,142,50.89
665033,Mike Martin,3,2015-2017,538,50.88
657531,Tyler Brown,4,2015-2018,378,50.88
607232,Blake Grant-Parks,3,2014-2016,181,50.88
665612,Sandy Mota,4,2015-2018,589,50.88
599476,Miguel Rivero,2,2011-2012,207,50.88
516554,Moko Moanaroa,3,2008-2010,212,50.88
514921,Winder Torres,3,2007-2009,282,50.87
682621,Gabriel Rodriguez,4,2021-2024,1104,50.87
621456,Daniel Sweet,3,2016-2018,948,50.87
800170,Luis Rodriguez,3,2023-2025,272,50.87
656784,Byron Murray,3,2014-2016,288,50.87
5039,Max Ramirez,3,2007-2009,1144,50.87
676977,Justin Jones,1,2017,86,50.87
805880,Tanner Thach,1,2025,80,50.87
808571,D'Angelo Ortiz,1,2025,285,50.87
501809,Jake Smith,1,2007,153,50.87
650525,Jose Reyes,3,2014-2016,266,50.87
456598,Edwar Gonzalez,1,2007,554,50.87
517426,Wilson Rivera,4,2007-2010,604,50.87
662145,Mitch Ghelfi,3,2015-2017,685,50.87
695604,T.J. White,5,2021-2025,1584,50.87
642345,Jerry Seitz,4,2014-2018,343,50.87
607946,Varonex Cuevas,5,2011-2015,765,50.87
810891,Jay Beshears,3,2023-2025,834,50.86
5420,Pedro Báez,6,2007-2012,2037,50.86
692052,Nader Garcia,2,2021-2022,64,50.86
473208,Julio Perez,4,2007-2010,1427,50.86
542554,Eduardo Almonte,2,2008-2009,172,50.86
691180,Ronnier Quintero,2,2021-2022,108,50.86
9684,Jeff Baisley,1,2007,442,50.86
669113,Jacob Zanon,2,2017-2018,549,50.86
678651,Ruben Hernandez,1,2018,66,50.86
469752,Jose C. Valdez,1,2007,359,50.86
501923,Jay Miller,2,2007-2008,628,50.86
808695,Enmanuel Santos,2,2023-2024,224,50.86
693805,Kliubert Avila,3,2021-2023,211,50.86
629,Brandon Barnes,3,2008-2010,1427,50.86
643523,Jacob Schrader,3,2013-2015,899,50.85
677600,Adrian Hernandez,4,2018-2023,447,50.85
803127,Cristofher Paniagua,2,2022-2023,277,50.85
11381,Drew Maggi,3,2011-2013,1312,50.85
823843,Diego Campos,2,2024-2025,166,50.85
808126,Sebastian Cadiz,3,2023-2025,297,50.85
613566,Rob Fonseca,1,2015,137,50.85
516778,Jose Moreta,2,2007-2008,187,50.85
650693,Nic Pierre,5,2014-2018,855,50.85
502555,Michael Ross,1,2007,256,50.85
457988,Thomas Collaro,1,2007,581,50.85
700724,Carlos Sanchez,1,2022,78,50.85
688457,Gavin Cross,4,2022-2025,1485,50.84
664888,Tim Arakawa,3,2015-2017,1117,50.84
545353,Jio Mier,7,2009-2015,2797,50.84
587894,Trent Lockwood,1,2010,329,50.84
660618,Chris Torres,5,2015-2021,596,50.84
6533,Luis Durango,3,2008-2010,1460,50.84
451537,Damaso Espino,1,2007,257,50.84
668833,Morgan McCullough,1,2022,354,50.84
677018,Shane Cooper,1,2017,86,50.84
661150,Andres Martin,4,2015-2018,674,50.84
598216,Gabriel Cenas,4,2011-2014,643,50.84
542182,Luis Baez,6,2008-2014,1131,50.83
544364,Alexis De La Cruz,1,2008,30,50.83
689160,Micah Yonamine,2,2021-2022,372,50.83
622466,Ivan Mora,4,2012-2015,599,50.83
615696,Jake Lumley,2,2017-2018,205,50.83
673983,Josh Bissonette,1,2021,259,50.83
656347,Tim DalPorto,1,2018,57,50.83
541586,Edgar Duran,7,2008-2015,2196,50.83
623313,Lucas Herbst,3,2012-2014,809,50.83
694762,Jake MacKenzie,2,2021-2023,235,50.82
502020,Jonathan Pigott,1,2010,38,50.82
688714,Ryan Cermak,4,2022-2025,535,50.82
572171,Sequoyah Stonecipher,1,2010,167,50.82
26599,Jonatan Clase,5,2021-2025,1929,50.82
489564,Juan Rivera,4,2007-2010,671,50.82
622114,K.C. Clabough,1,2012,108,50.82
595330,T.J. Mittelstaedt,3,2010-2012,1111,50.81
596692,Reggie Keen,3,2010-2012,1059,50.81
554377,Luis Vasquez,3,2009-2011,404,50.81
665080,Brooks Marlow,1,2016,401,50.81
594025,Jhancarlos Infante,2,2010-2011,106,50.81
701653,Mason Guerra,2,2024-2025,486,50.81
672624,Anderson Comás,3,2017-2021,493,50.81
623921,Logan Wade,5,2012-2016,1168,50.81
642710,Jose Monegro,2,2013-2014,329,50.81
700032,Victor Labrada,4,2021-2024,1635,50.81
496227,Anderson Gomes,2,2007-2008,482,50.8
834962,Anthony DePino,1,2025,128,50.8
685274,Braiden Ward,3,2021-2023,691,50.8
643582,Christian Vazquez,1,2013,16,50.8
695524,Jacob Cozart,2,2024-2025,451,50.8
543597,Tommy Nurre,2,2009-2010,369,50.8
676463,Hayden Cantrelle,3,2021-2023,1061,50.8
608056,Chris Peters,2,2011-2012,273,50.79
641787,Ryan Lidge,2,2017-2018,269,50.79
642290,Tirson Guzman,2,2013-2014,306,50.79
605451,Neftali Rosario,3,2011-2013,168,50.79
542896,Jay Austin,5,2008-2012,1810,50.78
676919,Brent Diaz,2,2017-2018,207,50.78
691489,Ethan De Cuba,2,2021-2022,327,50.78
595346,Tyler Oliver,1,2010,134,50.78
593823,Narciso Mesa,7,2010-2016,1812,50.78
543149,Tim Fedroff,3,2009-2011,1512,50.78
687833,Shayne Fontana,1,2021,395,50.78
593354,Jose Gomez,1,2010,90,50.78
821627,Fernando Pena,2,2024-2025,150,50.78
814376,Alfredo Guanchez,1,2024,188,50.78
687659,Kaden Polcovich,3,2021-2023,1104,50.78
13723,Jacob Stallings,2,2013-2014,556,50.77
643242,Will Callaway,2,2013-2014,226,50.77
701330,Brody Donay,1,2025,39,50.77
702517,Mason White,1,2025,113,50.77
643423,Chris Madera,2,2015-2017,561,50.77
673652,Jose Guardo,2,2017-2018,272,50.76
517419,Ramon De Los Santos,4,2007-2010,332,50.76
669344,Vince Fernandez,3,2016-2018,1155,50.76
800194,Capri Ortiz,4,2022-2025,1304,50.76
447,Melky Mesa,4,2007-2011,1702,50.76
489763,Chris Gutierrez,2,2007-2008,712,50.76
672528,Raymond Mora,2,2017-2018,444,50.76
578656,Angel Hernandez,2,2010-2011,176,50.76
544822,Braulio De Los Santos,1,2008,103,50.76
457595,Phillip Cuadrado,1,2007,167,50.76
699303,Samuel Camacaro,3,2021-2023,372,50.76
686304,Hansel Otamendi,2,2021-2022,234,50.75
542445,Mario De Jesus,2,2008-2011,154,50.75
808270,Jose Tovar,3,2023-2025,459,50.75
11241,Mike Freeman,2,2011-2012,906,50.75
678398,Ronier Lascarro,2,2018-2021,336,50.75
692694,Albertson Asigen,5,2021-2025,945,50.75
501905,Justin Fuller,2,2007-2008,579,50.75
670433,Ian Strom,3,2016-2018,653,50.75
474970,Aaron Senne,1,2012,375,50.75
664939,Jake Henson,2,2015-2016,322,50.75
606255,Henderson Peralta,3,2011-2013,473,50.75
805416,Will Vierling,1,2025,56,50.74
660774,Samuel Castro,2,2015-2018,443,50.74
543182,Andrew Frezza,1,2008,128,50.74
808286,Cristian Jauregui,3,2023-2025,412,50.74
516772,Daniel Juan,2,2007-2008,144,50.74
678642,Jose Reina,4,2018-2023,646,50.74
684708,Lazaro Leal,1,2021,201,50.74
669303,Francisco Del Valle,5,2016-2022,913,50.74
554415,Jerico Blanco,4,2009-2012,623,50.74
666660,Rolando Lebron,3,2016-2018,468,50.74
805470,Jonatan Yan,3,2022-2024,300,50.74
446307,Andrew Walker,3,2008-2010,547,50.73
607496,Tyler Chism,2,2011-2013,607,50.73
21618,Alec Bohm,2,2018-2021,105,50.73
682664,Daury Del Rosario,2,2021-2022,189,50.73
594562,Brandon Eckerle,1,2011,248,50.73
594927,Justin Miller,2,2012-2013,736,50.73
593631,Pedro Rondon,3,2010-2012,681,50.73
623153,Tyler Booth,1,2012,164,50.73
675966,Jesse Franklin V,3,2021-2023,859,50.73
695477,Slate Alford,1,2025,125,50.73
608049,Jonathan Myers,1,2011,95,50.73
572167,Richard Stock,2,2013-2014,402,50.73
594939,Adam Muenster,2,2010-2011,186,50.73
3366,Anderson Hernandez,1,2007,597,50.73
703182,Luis Rodriguez,3,2022-2024,227,50.72
800428,Josnaider Orellana,4,2022-2025,336,50.72
601707,Dustin Houle,6,2012-2018,1237,50.72
830023,Brainerh Palacios,1,2025,191,50.72
686236,Tanner Tredaway,2,2022-2023,160,50.72
502662,Trevor Coleman,3,2010-2012,704,50.72
690474,Tommy Sacco Jr.,2,2022-2023,525,50.72
608079,Jimmie Pharr,1,2011,119,50.72
680960,Caleb Bartolero,2,2023-2024,323,50.72
20321,Stuart Fairchild,2,2017-2018,752,50.71
12977,Michael Pérez,7,2011-2017,1993,50.71
656748,Kevonte Mitchell,4,2014-2018,943,50.71
821143,Frandy Lafond,2,2024-2025,309,50.71
570888,Luis Matias,4,2009-2012,603,50.71
643382,Taylor Johnson,1,2013,46,50.71
620447,Frandy De La Rosa,5,2013-2018,1258,50.71
607357,Jeremy Rodriguez,3,2012-2014,444,50.7
592260,Marcos Derkes,2,2012-2015,267,50.7
607537,Travis Garcia,1,2011,18,50.7
622112,Ben Kline,2,2012-2013,265,50.7
16221,Bradley Zimmer,4,2014-2017,1263,50.7
688780,Luke Gold,4,2022-2025,1229,50.7
641586,Chaz Frank,1,2014,307,50.7
671112,Ricky De La Torre,2,2017-2018,359,50.7
667713,Cade Harris,1,2021,212,50.7
669460,Kingston Liniak,3,2018-2022,784,50.69
821094,Frankeli Mesta,2,2024-2025,335,50.69
570925,Jose Murillo,1,2009,93,50.69
606240,Bryan Mejia,7,2011-2018,2125,50.69
801726,Santiago Gomez,4,2022-2025,632,50.68
692453,Roismar Quintana,5,2021-2025,1147,50.68
657653,Paul Kronenfeld,2,2014-2015,457,50.68
453360,Justin Tellam,2,2007-2008,268,50.68
473248,Jose Vallejo,5,2007-2011,1955,50.68
657668,Will Maddox,2,2015-2016,605,50.68
669360,Trei Cruz,3,2021-2023,1288,50.68
24622,Ryan Fitzgerald,1,2018,351,50.68
642354,Frank Frias,3,2013-2015,551,50.68
518821,Travis Howell,1,2009,249,50.68
595420,Michael Sodders,1,2010,109,50.68
622190,J.J. Fernandez,5,2012-2016,1074,50.67
657010,Madison Stokes,1,2018,125,50.67
516711,Samuel Vasquez,2,2007-2008,426,50.67
602027,Jesus Perez,1,2012,182,50.67
681737,Malvin Nunez,1,2018,245,50.67
543499,Luis Mateo,7,2008-2014,2117,50.67
19896,Connor Wong,2,2017-2018,538,50.67
679201,Ellian Rondon,1,2018,260,50.66
620998,Joe DeCarlo,7,2012-2018,2196,50.66
821681,Luis Rodriguez,1,2024,92,50.66
667803,Ernesto Martinez Jr.,5,2017-2023,1152,50.66
570729,Henry Gonzalez,2,2009-2010,450,50.66
800056,Jace Grady,3,2023-2025,774,50.66
593433,Xavier De Los Santos,1,2010,149,50.66
670700,Reed Gamache,2,2016-2017,395,50.65
571652,Carlos Escobar,2,2012-2013,225,50.65
607472,Garrett Boulware,4,2014-2017,969,50.65
656442,Zack Gahagan,1,2018,131,50.65
534587,Jordan Guida,1,2012,18,50.65
804710,Brennan Orf,3,2023-2025,472,50.65
699166,Edgardo Ordonez,5,2021-2025,530,50.65
650818,Mikell Granberry,5,2014-2018,823,50.65
677127,Jose Quezada,2,2017-2018,383,50.65
488666,Kyle Anson,1,2007,390,50.65
601696,Justin Atkinson,5,2011-2016,1104,50.64
698902,Diego Benitez,4,2022-2025,777,50.64
11385,Matthew den Dekker,3,2010-2012,1336,50.64
22766,Steward Berroa,5,2017-2023,1497,50.64
703194,Randy De Jesus,4,2022-2025,1322,50.64
660882,Wanderley Cabrera,3,2015-2017,253,50.64
621034,Melvin Mercedes,4,2012-2016,1335,50.64
656072,Gabriel Bracamonte,5,2014-2018,279,50.64
800051,Austin Charles,4,2022-2025,1046,50.64
681956,Jett Manning,1,2018,12,50.64
592430,Chris Jarrett,2,2010-2011,574,50.64
622272,Zach Voight,3,2012-2014,615,50.64
672420,Freddy De Jesus,2,2017-2018,510,50.64
445629,Gustavo Rosendo,2,2007-2008,376,50.64
554108,Michael Soto,7,2009-2016,1502,50.63
657646,Christian Knott,1,2014,149,50.63
4177,Hernan Iribarren,2,2007-2008,939,50.63
543231,Mike Gonzales,5,2008-2012,1502,50.63
542163,Anderson Bocio,2,2008-2009,207,50.63
673315,Andres Martinez,1,2017,241,50.63
663714,Matt Kroon,2,2018-2021,234,50.63
808166,Junior Aybar,3,2023-2025,335,50.63
600290,Matt Snyder,2,2013-2014,301,50.63
12956,Willy García,8,2010-2017,2998,50.63
602124,Eurys Felipe,3,2011-2013,297,50.62
554061,Andru Sierra,3,2009-2011,238,50.62
650423,Tomas De Los Santos,3,2014-2016,359,50.62
664958,Kyle Barrett,3,2016-2018,945,50.62
800496,Yohander Linarez,4,2022-2025,695,50.62
676063,Shane McGuire,3,2021-2023,815,50.62
543127,Cutter Dykstra,6,2008-2013,2242,50.62
607347,Zach Kometani,1,2012,91,50.62
694563,Harold Coll,1,2025,493,50.62
460578,Jimmy Rohan,1,2007,184,50.62
681999,Milton Smith II,1,2018,133,50.62
592429,Eric Jagielo,4,2013-2016,1064,50.62
800185,Ruben Santana,4,2022-2025,1267,50.62
465079,Ramon Hernandez,1,2007,267,50.62
3412,Guilder Rodriguez,2,2007-2008,411,50.61
622574,Luis Lara,4,2012-2015,272,50.61
808683,Omar Reyes,3,2023-2025,392,50.61
680722,Nick Meyer,1,2021,257,50.61
465095,Carlos Moya,1,2007,124,50.61
667362,Javier Monzon,1,2016,165,50.61
454977,Mario Lisson,2,2007-2008,1055,50.61
681247,Austin Hale,1,2018,64,50.61
622482,Alberti Chavez,7,2012-2018,1004,50.6
543841,Michael Swinson,6,2008-2013,1058,50.6
542426,Kelvin Duran,4,2008-2012,615,50.6
595291,Bryce Lane,2,2010-2011,424,50.6
501234,Nelson Pierre,3,2007-2009,531,50.6
12859,James McCann,4,2011-2014,1407,50.6
808711,Eyke Ugueto,2,2023-2024,230,50.6
456052,Julian Herrera,2,2007-2008,238,50.6
823770,JP Smith II,1,2025,101,50.6
665505,Derian Cruz,3,2016-2018,1015,50.6
663834,Jonathan Engelmann,2,2018-2021,433,50.6
5278,Pedro Ciriaco,4,2007-2010,2056,50.59
501203,Wilton Infante,3,2007-2009,405,50.59
682881,Angel Cruz,3,2022-2024,306,50.59
502206,Clay Fuller,5,2007-2011,2025,50.59
660660,Kenny Hernandez,4,2015-2018,784,50.59
678732,Adonis Figuereo,3,2018-2022,272,50.59
2790,Carlos Marmol,1,2007,14,50.59
608565,Francisco Silva,2,2011-2012,161,50.58
660548,Jesus Morales,4,2015-2018,685,50.58
665044,Izaak Silva,1,2015,82,50.58
620438,Gustavo Cabrera,2,2013-2016,304,50.58
13866,Bruce Maxwell,4,2012-2015,1260,50.58
527050,Ryde Rodriguez,4,2008-2011,835,50.58
545146,Kyle Shelton,3,2008-2010,691,50.58
621508,Jason Goldstein,3,2016-2018,393,50.58
542410,Josue Rodriguez,2,2008-2009,117,50.57
682185,Nick Matera,2,2018-2021,247,50.57
676002,Juan Carlos Negret,5,2017-2023,1711,50.57
621041,Caleb Bushyhead,1,2012,172,50.57
621310,Rashad Brown,4,2012-2016,893,50.57
678711,Diego Maican,2,2018-2021,349,50.57
459352,Jake Blalock,2,2007-2008,658,50.56
501970,Helder Velazquez,4,2008-2012,1505,50.56
660797,Jorge Ynirio,4,2015-2018,482,50.56
457799,Carlos Hereaud,1,2007,204,50.56
502176,Mark Sobolewski,3,2009-2011,1262,50.56
570887,Miguel Sanchez,5,2009-2013,476,50.56
458243,Ryan Harvey,3,2007-2009,989,50.56
694187,Daniel Vazquez,5,2021-2025,1750,50.56
829794,Juan Rujano,1,2025,148,50.56
689577,Aaron Antonini,3,2021-2023,655,50.56
601702,Michael Foster,1,2015,103,50.56
543899,Donnie Webb,2,2009-2010,891,50.56
518740,Jonathan Greene,3,2008-2010,1335,50.55
517540,Rudy van Heydoorn,5,2007-2011,798,50.55
664749,Nick Dean,2,2015-2016,377,50.55
657527,Cliff Brantley,2,2014-2015,210,50.55
5913,Leury García,7,2008-2015,2389,50.55
622580,Angel Reyes,6,2012-2017,1421,50.55
808143,Sebastian De Andrade,3,2023-2025,424,50.55
666001,Ildemaro Escalona,3,2016-2018,397,50.55
660579,Ranfy Adon,5,2015-2021,726,50.55
642309,Luis Paz,5,2013-2017,1151,50.54
670328,Juan Gámez,1,2016,24,50.54
570237,Jasly Gonzalez,2,2009-2010,339,50.54
814293,Franco Willias,2,2024-2025,288,50.54
829784,Johanderson Tarazona,1,2025,85,50.54
14111,Eric Haase,7,2011-2017,1935,50.54
446737,Henry Gutierrez-Portalatin,1,2007,333,50.54
807975,Yeiker Reyes,3,2023-2025,820,50.54
694065,Arxy Hernandez,5,2021-2025,1316,50.54
699006,Ruben Vizcaya,4,2021-2024,533,50.54
677069,Andrew Turner,1,2018,126,50.53
643455,Brennan Middleton,2,2014-2015,371,50.53
681521,Eric Kennedy,1,2023,104,50.53
695565,Casey Saucke,2,2024-2025,121,50.53
645291,Kevin Josephina,6,2014-2021,1235,50.53
658535,Amado Nunez,4,2015-2018,737,50.53
605251,Richard Gonzalez,2,2014-2016,145,50.53
821810,Endy Rios,2,2024-2025,216,50.53
676767,Chris Singleton,2,2017-2018,455,50.53
691941,Calvin Harris,3,2023-2025,773,50.53
2905,Eider Torres,1,2007,436,50.52
698911,Jair Casanova,3,2022-2024,467,50.52
517430,Dan Arcila,5,2007-2011,975,50.52
681920,Lane Milligan,1,2018,89,50.52
514630,Luis Castillo,7,2007-2013,2138,50.52
607264,Jordan Ribera,2,2012-2013,506,50.52
683644,Leonel Callez,3,2021-2023,92,50.52
542954,Theo Bowe,6,2008-2013,1489,50.52
542166,Cristian Hirland,2,2008-2009,101,50.52
670424,John Brontsema,3,2016-2018,604,50.52
830420,Jhosman Theran,1,2025,123,50.52
661385,Jose Miguel Hernandez,2,2015-2016,95,50.52
678652,Jesus Chirinos,5,2018-2024,1544,50.51
19953,Josh Lowe,5,2016-2022,1997,50.51
623231,Jimmy Rider,3,2012-2014,548,50.51
681955,Sam McWilliams,2,2018-2021,513,50.51
691398,Yerlin Confidan,5,2021-2025,1433,50.51
605266,James Harris,6,2011-2017,1725,50.51
692491,Endri Garcia,3,2021-2023,308,50.51
542271,Erick Lantigua,1,2008,174,50.51
678802,Jonathan Rodriguez,1,2018,165,50.51
543247,Justin Greene,3,2008-2010,1251,50.51
660301,Julio Medrano,1,2015,223,50.51
676630,Jack Zoellner,2,2017-2018,229,50.51
694201,Abel Bastidas,5,2021-2025,1002,50.5
643298,Geno Escalante,2,2014-2015,69,50.5
680626,Germin Lopez,1,2018,198,50.5
658475,Droherlin Mejia,3,2014-2016,465,50.5
11391,Tyler Holt,4,2010-2013,1825,50.5
686977,Bradlee Beesley,2,2021-2022,420,50.5
675974,Kevin Kendall,2,2021-2023,254,50.5
676309,Zach Britton,3,2021-2023,720,50.5
573042,Adrian Morales,3,2011-2013,342,50.5
606120,Maikis De La Cruz,5,2011-2015,1789,50.5
489251,Ryan Roberson,2,2007-2008,934,50.5
13663,Jack López,6,2012-2017,2524,50.49
461835,Josh Johnson,4,2007-2010,1341,50.49
622563,Misael Bueno,2,2012-2013,217,50.49
698999,Anderson Machado,5,2021-2025,399,50.49
694228,Yeferson Tineo,3,2021-2023,385,50.49
24597,Jonathan Ornelas,5,2018-2024,2073,50.48
3310,Trent Oeltjen,1,2007,271,50.48
518909,Mike Kvasnicka,3,2011-2013,1176,50.48
664083,Ryan Hissey,4,2015-2018,808,50.48
663402,Anderson Miller,4,2015-2018,1569,50.48
665988,Luis Hernandez,3,2016-2018,698,50.48
692650,Carlos Amaya,4,2021-2024,449,50.48
543512,Justin McClanahan,3,2008-2010,865,50.48
596848,Hiram Martinez,4,2010-2014,175,50.48
605153,Tyler Bream,1,2012,185,50.47
674671,Robbie Glendinning,1,2018,125,50.47
691645,Jefrey De Los Santos,5,2021-2025,1215,50.47
22254,Joe Perez,5,2018-2024,1631,50.47
663618,Josh Stowers,1,2021,351,50.47
542263,Ricardo Olivo,2,2008-2010,194,50.47
500910,Alexis Espinoza,3,2007-2010,555,50.47
642270,Henry Castillo,5,2013-2017,1736,50.47
502194,Kent Sakamoto,2,2007-2008,1047,50.47
19287,Adolis García,1,2017,489,50.47
489126,Mark Minicozzi,1,2007,369,50.47
575008,Jesus Solorzano,5,2009-2014,1325,50.46
655363,Darwin Silva,3,2014-2016,271,50.46
592199,Christian Carmichael,4,2010-2014,410,50.46
643457,Jake Miller,1,2013,213,50.46
800231,Won-Bin Cho,4,2022-2025,1365,50.46
570784,Hector Garcia,5,2009-2013,653,50.46
621007,Nick Basto,7,2012-2018,2655,50.46
691544,Starlin Mateo,1,2021,131,50.46
464377,Joe Munoz,2,2007-2008,288,50.46
608626,Chase Anselment,2,2012-2013,430,50.46
460297,J.T. Hall,2,2007-2008,858,50.46
811210,Kade Kretzschmar,2,2023-2024,458,50.46
22261,Bubba Thompson,4,2017-2022,1331,50.45
501232,Carlos Morales,1,2008,272,50.45
19151,Estevan Florial,6,2015-2022,2269,50.45
820996,Dexters Peralta,2,2024-2025,356,50.45
657490,Isias Alcantar,1,2014,116,50.45
2784,Derrick Robinson,6,2007-2012,3131,50.45
808370,Luis Martinez,2,2023-2024,253,50.45
642347,Wilfri De La Cruz,5,2013-2017,493,50.45
703143,Cristhian Vaquero,4,2022-2025,1322,50.45
800401,Aneudi Escanio,3,2022-2024,307,50.45
815927,Jose Ramos,2,2024-2025,364,50.45
519431,Ross Wilson,4,2010-2013,1496,50.45
681075,Jack Herman,5,2018-2024,702,50.45
677422,Jake Stone,2,2017-2018,289,50.44
542206,Tomy Cordero,1,2008,211,50.44
543498,Tyler Massey,7,2008-2014,2409,50.44
822624,Kevin Fitzer,1,2025,469,50.44
12090,Yefri Pérez,6,2009-2015,1494,50.44
641882,Thomas Milone,6,2013-2018,1992,50.44
827504,Hector Salas,2,2024-2025,478,50.44
457722,Petey Paramore,4,2008-2011,1288,50.44
570683,Ernesto Ciprian,4,2009-2012,643,50.43
465750,Rodolfo Cardona,4,2007-2010,632,50.43
660615,Ricky Aracena,5,2015-2021,1334,50.43
605207,Jean Delgado,3,2011-2013,154,50.43
600966,Richard Rodriguez,6,2011-2016,893,50.43
506987,Robert Anston,1,2011,215,50.43
678972,Elvin De Jesus,1,2018,120,50.43
501535,Victor Estanislao,2,2007-2008,335,50.43
605632,Douglas Duran,4,2011-2014,513,50.43
501704,Juan Martinez,1,2007,123,50.43
4913,Jarrod Parker,2,2009-2011,52,50.43
661541,Donovan Casey,2,2017-2018,460,50.43
606158,Anderson Jesus,3,2011-2015,544,50.43
669157,Tristen Lutz,5,2017-2023,1440,50.43
11155,Elliot Soto,5,2010-2014,1319,50.43
15082,Adam Engel,4,2013-2016,1943,50.43
670870,Yunior Severino,6,2017-2024,2339,50.43
676904,Justin Bridgman,2,2017-2018,272,50.43
800505,Omar Moya,2,2022-2023,108,50.43
657435,Matthew Page,2,2015-2016,704,50.42
489266,Jovan Rosa,4,2007-2010,1166,50.42
650670,Ermel Pena,1,2014,169,50.42
622700,Santiago Chávez,7,2012-2018,1287,50.42
605462,Jonathan Schwind,4,2011-2014,663,50.42
502324,Nicholas Papasan,2,2007-2008,68,50.42
678584,Jose Acosta,5,2018-2024,1058,50.42
606980,Michael Garza,3,2012-2014,1039,50.42
691601,Brenny Escanio,5,2021-2025,1325,50.42
669138,Anthony Marks,1,2017,87,50.42
699165,Yeison Perez,3,2021-2023,466,50.42
668789,Zach Watson,1,2021,438,50.42
501440,Greg Veloz,3,2007-2009,1609,50.41
543479,Zack MacPhee,2,2012-2013,653,50.41
15172,Tim Anderson,4,2013-2016,1469,50.41
667651,Kort Peterson,3,2016-2018,899,50.41
644597,Kyle Attl,1,2013,33,50.41
499934,Yhonson Lopez,2,2007-2008,175,50.41
516803,Jeyckol De Leon,7,2007-2013,917,50.41
473922,Chris Rahl,2,2007-2008,908,50.41
11489,Michael A. Taylor,6,2010-2015,2189,50.4
680695,Brennen Davis,5,2018-2024,1212,50.4
451533,J.T. Restko,2,2007-2008,675,50.4
700272,German Tapia,2,2021-2022,340,50.4
573052,John Murrian,3,2010-2012,590,50.4
624645,Julian Leon,6,2013-2018,1443,50.4
607645,Yhoxian Medina,3,2012-2014,892,50.4
518630,Dock Doyle,2,2008-2010,389,50.4
665823,Everlouis Lozada,3,2016-2018,850,50.4
668568,Miguel Jerez,4,2016-2021,661,50.39
691457,Yoel Viloria,2,2021-2022,133,50.39
621519,Phildrick Llewellyn,4,2012-2015,486,50.39
821162,Engel Paulino,2,2024-2025,361,50.39
827650,Cesar Paredes,1,2025,142,50.39
455366,Billy Hart,1,2007,430,50.39
501947,Orlando Rosales,2,2007-2008,769,50.39
642753,Javier Robles,1,2013,15,50.39
579208,Jose Mojica,4,2009-2013,1310,50.39
668929,Noah Campbell,3,2021-2023,963,50.38
656093,Jefry Santana,2,2014-2015,270,50.38
660998,Antonio Concepcion,2,2015-2016,217,50.38
665974,Andres Fernandez,1,2016,186,50.38
606142,Joel Polanco,4,2011-2014,543,50.38
622551,Victor Velasquez,4,2012-2015,519,50.38
22563,Gabriel Arias,5,2017-2024,1737,50.38
453230,Chris Errecart,3,2007-2009,1333,50.38
675430,CJ Rodriguez,5,2021-2025,1113,50.38
541637,Kenny Hart,4,2008-2011,714,50.38
682123,Colton Pogue,1,2018,150,50.38
606477,Aneury Tavárez,5,2011-2016,1871,50.37
520350,Ernesto Manzanillo,4,2007-2011,882,50.37
594882,A.J. Kirby-Jones,3,2011-2013,1261,50.37
698916,Rosman Verdugo,4,2022-2025,1638,50.37
607541,Trent Gilbert,4,2014-2017,1145,50.37
664950,Kevin Martir,1,2015,152,50.37
516926,Charlie Mirabal,4,2007-2011,873,50.37
444472,Samuel Cuevas,1,2007,187,50.37
594031,Manuel Barrios,1,2010,43,50.37
605658,Jose Salazar,5,2011-2015,832,50.37
661390,Luis Mejia,4,2015-2018,748,50.37
821028,Estivenzon Montero,2,2024-2025,304,50.36
31562,Zach Dezenzo,3,2022-2024,753,50.36
514930,Lucas Nakandakare,2,2007-2009,197,50.36
447770,Justin Justice,2,2007-2008,919,50.36
699084,Adriel Sotolongo,2,2021-2022,417,50.36
650499,Jason Rodriguez,3,2014-2016,305,50.36
600937,Victor Moscote,7,2011-2017,1070,50.36
682011,Tyler Miller,4,2021-2024,1332,50.36
820980,Jean Santana,1,2024,138,50.36
813851,Colton Becker,2,2024-2025,425,50.35
593655,Yosbel Gutierrez,5,2010-2014,439,50.35
624735,Luis Payano,6,2013-2018,990,50.35
605216,Ryan Durrence,1,2011,188,50.35
554042,Glenn Beltran,5,2009-2013,860,50.35
664699,Ryan Uhl,1,2016,26,50.35
663452,Matthew Barefoot,1,2021,431,50.35
571622,Brett Doe,1,2014,67,50.35
607523,Nate Esposito,3,2015-2017,445,50.35
451599,Alex Garabedian,4,2007-2010,916,50.35
593531,Franmi Cabrera,2,2010-2011,507,50.35
592698,Ty Ross,4,2013-2016,1076,50.35
665876,Pablo Jimenez,3,2016-2018,514,50.35
623951,Jeremy Dowdy,4,2012-2015,582,50.34
683353,Connor Caskenette,2,2024-2025,321,50.34
664767,Kade Scivicque,3,2015-2017,1017,50.34
678323,Allan Cerda,5,2018-2024,1476,50.34
453218,Michael Ambort,2,2007-2009,125,50.34
681323,Alex Binelas,4,2021-2024,1350,50.34
678681,Luis Toribio,5,2018-2024,1770,50.34
27490,Nick Gonzales,3,2021-2023,1128,50.34
676895,Reilly Johnson,2,2017-2018,135,50.33
821772,Jorge Rodriguez,2,2024-2025,197,50.33
516851,Wilfrdo Sosa,2,2007-2008,405,50.33
683539,Cristopher Barete,4,2021-2024,618,50.33
800360,Reminton Batista,3,2022-2024,344,50.33
523769,Hector Garcia,5,2007-2011,856,50.33
642773,Luis Alejandro Basabe,7,2013-2021,1797,50.33
657636,Alec Keller,2,2015-2016,945,50.33
829694,Carlos Benavides,1,2025,135,50.33
660725,Moises Cabrera,2,2015-2016,428,50.33
830028,Robert Alvarez,1,2025,128,50.32
465756,Elio Sarmiento,4,2007-2010,714,50.32
19722,Carlos Narváez,6,2016-2023,1438,50.32
703483,Dixon Williams,1,2025,114,50.32
469172,Cristian Gonzalez,1,2007,183,50.32
9235,Juan Diaz,7,2007-2013,3217,50.32
656835,Robert Pehl,3,2014-2016,879,50.32
593683,Bjorn Hato,2,2010-2011,203,50.32
647311,Ben Pelletier,3,2016-2021,444,50.32
636072,Calten Daal,5,2013-2018,1003,50.32
501235,Andres Quezada,1,2007,215,50.32
544818,Luis Osorio,5,2008-2012,687,50.32
682265,Wes Clarke,4,2021-2024,1428,50.31
814546,Eriandys Ramon,3,2023-2025,589,50.31
695046,Drew Brutcher,1,2025,412,50.31
517432,Enyer Polanco,2,2007-2008,519,50.31
552622,Kyle Conley,3,2009-2011,477,50.31
821380,Pedro Blanco,2,2024-2025,329,50.31
670415,Jonathan Laureano,2,2017-2018,368,50.31
543711,J.C. Rodriguez,2,2008-2010,206,50.31
502254,Brandon Caipen,1,2007,176,50.3
622445,Andres Martinez,3,2012-2015,534,50.3
453585,Kyle Haines,1,2007,211,50.3
622159,Luis Espinoza,2,2012-2013,213,50.3
623498,Chris Wolfe,1,2012,60,50.3
607113,Garrett Wittels,1,2012,86,50.3
808132,Pablo Arosemena,3,2023-2025,308,50.3
19952,Khalil Lee,5,2016-2022,2014,50.3
19346,Eli White,2,2017-2018,1080,50.29
664038,Kyri Washington,4,2015-2018,632,50.29
623376,Alexi Colon,1,2012,25,50.29
676916,Jalen Washington,1,2018,377,50.29
501197,Darwin Perez,7,2007-2013,2830,50.29
676008,Elian Gonzalez,2,2017-2018,252,50.29
624733,Michael Albaladejo,1,2012,52,50.29
668591,Blinger Perez,3,2016-2018,433,50.29
623160,Ryan Jones,2,2014-2015,297,50.28
669792,JC Encarnacion,4,2016-2021,857,50.28
670414,Raymond Henderson,2,2016-2017,332,50.28
814442,Ivan Brethowr,2,2024-2025,523,50.28
670914,Yoneudi Paulino,1,2016,157,50.28
801745,Clarence Martina,1,2022,18,50.28
672583,Yenrrys Mendez,1,2017,79,50.28
518407,Carmen Angelini,4,2008-2013,1105,50.28
3492,Angel Sanchez,1,2008,422,50.27
642719,Jonathan Piron,4,2013-2016,1074,50.27
516661,Deivy Batista,5,2007-2011,1458,50.27
683569,Jose Colmenares,3,2021-2025,528,50.27
3648,René Rivera,2,2007-2008,635,50.27
701437,Jaden Rudd,5,2021-2025,845,50.27
643419,Sicnarf Loopstok,4,2014-2017,960,50.27
519126,Eric Perlozzo,2,2007-2009,243,50.27
571531,Sergio Burruel,4,2009-2012,548,50.27
658195,Giancarlo Brugnoni,2,2014-2015,325,50.27
629492,Jhon Alvarez,5,2013-2017,501,50.26
804240,Jacob Burke,4,2022-2025,1056,50.26
468538,Geraldo Rodriguez,5,2007-2011,1572,50.26
571705,Jeremy Gillan,1,2009,69,50.26
462501,Luis Soto,2,2007-2008,336,50.26
624506,Connor Heady,1,2017,178,50.26
692514,Leafar Yege,1,2021,53,50.26
650429,Valentin Martinez,5,2014-2018,476,50.25
642729,Robert Antunez,5,2013-2018,528,50.25
686634,Chase Estep,2,2022-2023,415,50.25
808532,Adrian Ibarra,2,2023-2024,275,50.25
821716,Jhonayker Ugarte,2,2024-2025,397,50.25
692429,Jorge Perez,1,2021,88,50.25
827369,Carlos Garcia,1,2025,80,50.25
642359,Gerardo Carrizalez,3,2013-2015,475,50.25
542645,Jose Alegria,4,2008-2011,472,50.25
664320,Keibert Petit,4,2015-2018,597,50.25
5462,Bryan LaHair,1,2007,606,50.25
658529,Brandon Benavente,3,2015-2017,334,50.25
600467,Randy Encarnacion,5,2011-2016,829,50.25
681377,Josh Hood,4,2022-2025,1430,50.25
572258,Jace Whitmer,3,2009-2011,451,50.25
691490,German Duarte,1,2021,19,50.24
657051,Nicholas Torres,3,2015-2017,1550,50.24
669737,Henri Lartigue,2,2017-2018,778,50.24
807751,Ethan O'Donnell,3,2023-2025,1029,50.24
673990,Andy Thomas,2,2021-2022,455,50.24
675528,Victor Nova,3,2018-2022,655,50.24
622010,Davi Alvarado,2,2012-2013,235,50.24
667609,Stephen Kerr,1,2017,164,50.24
684593,Daniel Harris IV,1,2023,63,50.24
593681,Alex Machillanda,4,2010-2013,287,50.24
469809,Rafael Gil,1,2007,83,50.23
821108,Santiago Ustariz,2,2024-2025,236,50.23
543420,Ronnie Labrie,2,2008-2009,256,50.23
673744,Jose Palma,3,2017-2021,349,50.23
20450,Brewer Hicklen,2,2017-2018,606,50.23
678658,Braian Fernández,3,2018-2022,450,50.23
672748,Jesus Severino,2,2017-2018,341,50.23
516559,Miguel Garcia,4,2007-2010,291,50.23
663727,Scott Kapers,1,2021,68,50.23
592852,Aaron Westlake,3,2011-2013,952,50.22
462944,Alberto Garcia,1,2007,231,50.22
446414,Frank Meade,2,2007-2008,109,50.22
691586,Renny Hidalgo,4,2021-2024,418,50.22
468526,Cesar Fuentes,3,2007-2009,700,50.22
811237,Gabriel Mavarez,1,2023,94,50.22
650375,Juan Montes,5,2014-2018,769,50.22
672358,Justin Lopez,3,2018-2022,832,50.22
829920,Elias Perez,1,2025,196,50.21
501194,Alejandro Martinez,2,2007-2008,445,50.21
693720,Erick Barria,3,2021-2023,193,50.21
680910,Robby Martin Jr.,4,2021-2024,991,50.21
608593,Felix A. Santana,3,2011-2013,280,50.21
473269,Orlando Rodriguez,1,2007,120,50.21
691789,Izaac Pacheco,5,2021-2025,1832,50.21
542863,Mitch Abeita,2,2009-2010,587,50.21
607268,David Herbek,3,2011-2013,889,50.21
825488,Feliz Genao,1,2025,172,50.2
22505,Buddy Kennedy,5,2017-2023,1719,50.2
551629,Roberto De La Cruz,4,2009-2012,855,50.2
815757,Yunior Quezada,2,2024-2025,325,50.2
502332,Michael Dabbs,2,2010-2011,346,50.2
678461,Geyber Jimenez,1,2018,147,50.2
687144,Corey Joyce,3,2021-2023,884,50.2
465083,Keyter Collado,4,2007-2010,245,50.2
666813,Juan Pascal,3,2016-2018,471,50.19
517023,Jacinto Cipriota,3,2007-2011,414,50.19
815904,Leonardo Pineda,2,2024-2025,357,50.19
823850,Robinson Chacon,2,2024-2025,274,50.19
579228,Luis Sabino,1,2009,58,50.19
678250,Bryan Mateo,1,2018,197,50.19
14942,Andrew Knapp,3,2014-2016,1369,50.19
13012,John Andreoli,4,2011-2014,1307,50.19
573626,In Kyun Kang,2,2009-2010,162,50.19
672457,Amador Arias,4,2017-2022,875,50.19
24451,J.P. Martínez,1,2018,33,50.19
682882,Geury Estevez,3,2022-2024,485,50.19
680967,Connor Smith,1,2018,120,50.18
15958,Travis Demeritte,6,2013-2018,2374,50.18
672355,Alison Quintero,4,2017-2022,328,50.18
688875,Trace Willhoite,1,2025,418,50.18
623278,Jorge Saez,4,2012-2015,869,50.18
670399,Jeffry Parra,3,2016-2018,342,50.18
516940,Pedro Chourio,3,2007-2009,664,50.18
656978,Andrew Sohn,2,2015-2016,611,50.18
665091,Delvin Zinn,4,2016-2021,793,50.17
829756,Sterling Bazil,1,2025,168,50.17
821620,Evan Estevez,2,2024-2025,394,50.17
607164,Royel Astacio,3,2011-2013,617,50.17
666653,Ronaldo Urdaneta,5,2016-2022,900,50.17
800066,Dariam Gutierrez,2,2022-2023,269,50.17
21794,Sherten Apostel,5,2016-2022,983,50.17
607974,Glynn Davis,6,2011-2016,2209,50.17
516776,Andy Vasquez,4,2007-2012,871,50.17
489121,Brad Miller,1,2007,132,50.17
800129,Heison Sanchez,4,2022-2025,447,50.17
644395,Koby Kraemer,1,2013,117,50.17
664853,Chris Paul,3,2015-2017,821,50.16
658736,Luis Lebron,5,2014-2018,452,50.16
807824,Adrian Gonzalez,2,2023-2024,155,50.16
467142,Levi Carolus,4,2007-2010,688,50.16
681068,Jayce Easley,5,2018-2024,1374,50.16
520828,Jerry Gonzalez-Lopez,2,2007-2008,483,50.16
658135,Daniel Carbonell,2,2014-2015,634,50.16
518769,Michael Harrington,3,2008-2010,862,50.16
444567,Kiel Thibault,2,2007-2008,478,50.16
605514,Drew Turocy,2,2012-2013,614,50.15
642703,Jonathan Arias,3,2013-2015,504,50.15
600866,Yaniel Cabezas,3,2011-2013,377,50.15
607766,Matt Wessinger,3,2012-2014,1236,50.15
687567,Jorel Ortega,3,2023-2025,1217,50.15
665886,Rafioby Urena,2,2016-2017,461,50.15
542510,Luis Bryan,3,2008-2010,384,50.15
22906,Israel Pineda,5,2017-2024,1189,50.15
453351,Braedyn Pruitt,1,2008,115,50.15
670879,Victor De Hoyos,5,2016-2022,344,50.15
670150,Dan Rizzie,2,2017-2018,536,50.15
546369,Jose Lafontaines,2,2009-2010,312,50.15
656980,Alec Sole,3,2015-2017,823,50.15
829066,Elian De La Cruz,1,2025,67,50.15
518801,Thomas Hill,1,2007,91,50.14
691002,Yohandy Morales,3,2023-2025,1066,50.14
656856,Ryan Plourde,2,2014-2015,174,50.14
606275,Johan Tomas De La Cruz,2,2011-2012,316,50.14
554109,Anderson De La Rosa,4,2009-2012,712,50.14
572874,Geno Glynn,2,2009-2010,125,50.14
678836,Federico Polanco,3,2018-2022,772,50.14
665910,Pedro Hurtado,3,2016-2018,338,50.14
592768,James Sneed,1,2012,218,50.14
665964,Jonathan Bueno,2,2016-2017,216,50.14
553975,Luis Cortez,4,2009-2012,794,50.14
660513,Gleyvin Pineda,4,2015-2018,745,50.13
703201,Henry Ramos,4,2022-2025,851,50.13
642269,Darwin Pena,3,2013-2015,465,50.13
458569,Jason Tweedy,1,2009,326,50.13
677623,Sander Mora,3,2018-2022,578,50.13
806005,Ryan McCarty,2,2022-2023,466,50.13
660702,Starling Joseph,3,2015-2017,567,50.13
593642,Luis Mendez,8,2010-2017,1612,50.13
501474,Jose Almanzar,1,2007,46,50.13
14196,Andrew Velazquez,7,2012-2018,2517,50.13
572720,Tyler Bighames,1,2009,100,50.13
542876,Luke Anders,2,2010-2011,978,50.12
600000,Hirotoshi Onaka,2,2012-2013,143,50.12
642495,Alexis Bastardo,4,2013-2017,708,50.12
8517,Jerad Head,1,2007,301,50.12
572046,Connor Powers,2,2011-2012,725,50.12
672920,Dalton Wheat,1,2017,189,50.12
516939,Maykol Sanchez,4,2007-2010,280,50.12
570788,Yair Lopez,4,2009-2012,710,50.12
629502,Rainis Silva,6,2013-2018,877,50.11
501743,Juan Mosquera,3,2007-2009,458,50.11
452768,Jeff Corsaletti,1,2007,560,50.11
643381,Taylor Johnson,1,2013,203,50.11
664683,Michael Smith,2,2017-2021,253,50.11
666331,Jake Sanford,1,2021,435,50.11
672760,Nerio Rodriguez,5,2017-2023,845,50.11
660553,Danienger Perez,4,2015-2018,407,50.11
692044,Luis Suisbel,5,2021-2025,1650,50.11
681862,Matt Pita,2,2018-2021,296,50.11
502153,Kurt Mertins,4,2007-2010,1900,50.11
811593,Jason Hernandez,3,2023-2025,215,50.1
489107,Cory Rauschenberger,1,2007,21,50.1
607743,Ben Thomas,2,2011-2012,547,50.1
829776,Jeshua Mendez,1,2025,62,50.1
544741,Chris Hardin,1,2008,218,50.1
829829,Luis Sanchez,1,2025,128,50.1
668787,Bryce Ball,3,2021-2023,1395,50.1
553870,Exicardo Cayones,6,2009-2015,1190,50.1
19806,Jason Delay,2,2017-2018,379,50.1
822162,Brandon Forrester,1,2025,67,50.09
466471,Edward Garcia,3,2007-2009,538,50.09
489271,Casey Rowlett,1,2007,403,50.09
683301,Bryce Arnold,3,2023-2025,807,50.09
13774,Zach Eflin,1,2015,16,50.09
570490,Yohan Astacio,1,2009,205,50.09
699108,Eddy Isturiz,4,2021-2024,305,50.09
23789,Blaze Alexander,4,2018-2023,1361,50.09
664363,Ronny Jimenez,2,2015-2016,477,50.09
591718,Jose Paez,5,2010-2014,831,50.08
691452,Ricardo Hurtado,4,2022-2025,735,50.08
806980,Angel Cepeda,3,2023-2025,790,50.08
672752,Samuel Jorge,2,2017-2018,366,50.08
656446,Tanner Gardner,1,2017,161,50.08
523028,Chris Rosenbaum,2,2007-2008,214,50.08
682147,Austin Edgette,1,2018,87,50.08
571806,Brandon Jacobs,5,2009-2014,1887,50.08
805466,Cruzmel Arias,4,2022-2025,485,50.08
690572,Cody Grosse,1,2021,266,50.08
572185,Donnie Tabb,2,2010-2011,126,50.08
665834,Jeison Guzmán,6,2016-2023,1501,50.08
623202,Alex Azor,1,2012,45,50.07
687071,Shane Sasaki,5,2021-2025,1495,50.07
592692,Mel Rojas Jr.,4,2011-2014,2103,50.07
543088,Chris Davis,3,2008-2010,364,50.07
502357,Rafael Sanchez,1,2007,89,50.07
454558,Johnny Woodard,2,2007-2008,724,50.07
456150,Marco Carrillo,1,2011,14,50.07
677043,Justin Paulsen,1,2017,181,50.07
683500,Maikol Escotto,5,2021-2025,1526,50.07
621000,Trey Williams,2,2013-2014,286,50.07
831574,Carlos Mota,1,2025,218,50.07
19864,Riley Adams,1,2018,409,50.07
465698,Juan Apodaca,5,2007-2011,936,50.06
506704,Jesus Morales,3,2007-2009,492,50.06
660612,Rafael Valdez,3,2015-2017,547,50.06
675648,Austin Beck,4,2017-2022,1256,50.06
641459,Kacy Clemens,1,2018,502,50.06
503327,Chih-Hsiang Huang,2,2007-2008,285,50.06
676071,Brett Netzer,2,2017-2018,646,50.06
489000,Jay Johnson,1,2007,588,50.06
607980,Wes Schill,2,2011-2013,479,50.06
809776,Dauwin Gonzalez,2,2023-2024,290,50.05
4556,James Loney,1,2007,261,50.05
678807,Carlos Santiago,5,2018-2024,1006,50.05
605417,Josh Parr,3,2011-2014,364,50.05
9591,Jeff Kobernus,3,2010-2012,1231,50.05
9111,Brad Hand,3,2011-2013,90,50.05
18054,Sam Haggerty,3,2016-2018,1278,50.05
493608,Chris Emanuele,2,2007-2008,927,50.05
670089,Dimas Ojeda,3,2016-2018,862,50.05
625600,Randy Reyes,4,2012-2015,524,50.05
593376,Daniel Barbuena,3,2010-2012,510,50.05
572756,Tyler Cannon,2,2011-2012,807,50.04
522488,Dan Hernandez,1,2007,11,50.04
665648,Ricardo Genovés,5,2016-2023,1451,50.04
666706,Angeddy Almanzar,3,2016-2018,449,50.04
542181,Alexander Romero,2,2008-2009,253,50.04
445175,Yusuf Carter,3,2007-2009,1175,50.04
660657,Jonathan Amundaray,3,2015-2017,285,50.04
668454,William Jimenez,3,2016-2018,484,50.04
800342,Yirber Ruiz,3,2022-2024,209,50.04
695491,Joshua Báez,5,2021-2025,1395,50.04
691794,Cody Schrier,1,2025,281,50.03
829816,Gustavo Antunez,1,2025,119,50.03
672699,Joyser Garcia,3,2017-2021,209,50.03
605215,Matt Duran,3,2011-2015,279,50.03
457735,Drew Biery,1,2010,470,50.03
489001,Leon Johnson,2,2007-2008,354,50.03
696281,Wyatt Young,4,2021-2024,1638,50.03
501250,Roberto Rodriguez,3,2007-2011,890,50.03
14973,Zach Green,6,2012-2018,1716,50.03
5312,Brad Harman,3,2007-2009,1464,50.03
501752,Hancer Vargas,2,2007-2008,468,50.03
692450,Juan Garcia,4,2021-2024,458,50.03
677368,Eric Peterson,2,2017-2018,345,50.03
802991,E.J. Exposito,4,2022-2025,1439,50.02
674292,Danny Hoy,1,2017,94,50.02
453595,Brian Joynt,3,2007-2009,811,50.02
701833,Jordan Viars,5,2021-2025,1068,50.02
650666,Josue Guzman,2,2014-2015,469,50.02
211,Will Venable,1,2007,572,50.02
665114,Kodie Tidwell,2,2015-2016,471,50.02
544247,Nick Damas,1,2008,103,50.02
688617,Michael Snyder,2,2024-2025,517,50.02
593468,Claudio Custodio,5,2010-2015,921,50.02
592738,Aaron Shipman,4,2010-2014,975,50.02
501991,Matthew Sulentic,5,2007-2011,2107,50.01
626932,Ben Leslie,2,2013-2014,88,50.01
4003,Brandon Hicks,4,2007-2010,1516,50.01
668680,Casey Golden,2,2017-2018,764,50.01
661250,Izzy Wilson,6,2015-2022,1682,50.01
613232,Andres Aguilar,3,2012-2014,236,50.01
660833,Francisco Medina,4,2015-2018,760,50.01
12037,Jon Berti,3,2012-2014,1643,50.01
689931,Peyton Graham,4,2022-2025,997,50.01
703159,Simon Juan,4,2022-2025,956,50.01
594845,Luke Guarnaccia,4,2011-2014,304,50.01
597111,Luis Ramirez,1,2010,49,50.01
691909,Santiago Torres,3,2021-2023,456,50.0
692508,Robert Robertis,4,2021-2024,632,50.0
678285,Fabian Pertuz,5,2018-2024,1591,50.0
663961,Mitchell Hansen,4,2015-2018,1205,50.0
622360,Mark Malave,2,2012-2013,402,50.0
451141,Jon Schemmel,1,2007,326,50.0
475774,Gunner Glad,2,2010-2011,311,50.0
623274,Dan Klein,2,2013-2014,189,50.0
808228,Roderick Flores,3,2023-2025,528,50.0
692046,Axel Sanchez,5,2021-2025,1336,50.0
807383,Randy Guzman,3,2023-2025,536,50.0
679628,Jacob Teter,3,2021-2023,657,50.0
518866,Jacob Julius,3,2007-2010,685,50.0
541636,Reginald Lampe,5,2008-2012,761,50.0
457794,Josue Peley,4,2007-2011,650,49.99
518939,Ozzie Lewis,4,2007-2010,1391,49.99
650336,Luis Martinez,3,2014-2016,325,49.99
594941,Tanner Murphy,5,2010-2015,254,49.99
542409,Jose Victor,3,2008-2010,417,49.99
502723,J.R. Voyles,1,2008,159,49.99
680838,Victor Vargas,1,2018,118,49.99
699320,Steven Cespedes,2,2021-2022,165,49.99
543361,Ryne Jernigan,1,2008,72,49.98
606194,Malquiel Brito,3,2011-2013,384,49.98
656965,Chase Simpson,2,2015-2016,811,49.98
458711,Drew Thompson,3,2009-2011,671,49.98
680914,Brandon Howlett,3,2018-2022,802,49.98
669262,Tyler Ramirez,3,2016-2018,1194,49.98
593734,Guillermo Matos,1,2010,118,49.98
543782,Creede Simpson,2,2013-2014,910,49.98
650403,Luis Ubiera,4,2014-2017,594,49.98
681608,Francisco Gonzalez,1,2018,94,49.97
674445,Marlon Marcano,2,2017-2018,208,49.97
800199,Carlos Vasquez,3,2022-2024,399,49.97
665787,Wascar De Leon,3,2016-2018,370,49.97
594745,Nick Bartolone,3,2010-2012,606,49.97
621525,Chris Breen,3,2012-2015,560,49.97
543728,David Rubinstein,2,2010-2011,819,49.97
686989,James Free,2,2021-2022,463,49.97
518903,Brett Krill,2,2012-2013,730,49.97
666145,Alexis Torres,4,2016-2021,360,49.97
829999,Frandy Guillen,1,2025,113,49.97
807740,Luke Shliger,3,2023-2025,643,49.96
489125,Gus Milner,2,2007-2008,1082,49.96
692603,Moises Valero,3,2021-2023,469,49.96
642288,Jhoan Herrera,5,2013-2017,833,49.96
642273,Yeison Corredera,4,2013-2017,526,49.96
518993,Travis Mattair,6,2007-2013,2671,49.96
700658,Chris Rotondo,2,2022-2023,586,49.96
670067,Danny Hudzina,2,2017-2018,457,49.96
830019,Kaden Hernandez,1,2025,82,49.96
8259,Kurt Suzuki,1,2007,240,49.96
12180,Jorge Alfaro,7,2010-2017,2474,49.95
611094,Jose Jordan,1,2012,201,49.95
656249,Bobby Boyd,4,2014-2017,1176,49.95
595112,Bryan Altman,3,2010-2012,277,49.95
663937,Deacon Liput,1,2018,184,49.95
573623,John Dao,1,2009,60,49.95
642768,Isaias Lucena,5,2013-2018,773,49.95
691924,Eybert Escalona,3,2021-2023,176,49.95
525719,Juan Martinez,1,2007,11,49.95
8243,Clint Sammons,1,2007,419,49.95
679007,Rafael Franco,3,2018-2022,289,49.95
695222,Wally Soto,4,2021-2024,306,49.95
672888,John Lantigua,2,2017-2018,198,49.95
502090,Adam Davis,3,2007-2009,1419,49.94
522055,Allixon Cequea,4,2007-2010,614,49.94
650581,Jason Morozowski,4,2015-2018,1497,49.94
593985,Moises Perez,2,2010-2011,211,49.94
446111,Paco Figueroa,1,2007,406,49.94
488925,James Guerrero,2,2007-2008,569,49.94
807755,Idalberto Santiesteban,2,2023-2024,165,49.94
8586,Philip Humber,1,2007,44,49.94
593363,Victor Feliz,2,2010-2011,349,49.94
543077,Chris Curran,5,2008-2012,1220,49.94
543522,Ben McMahan,3,2011-2013,867,49.94
812161,Jose Castro,2,2023-2025,284,49.93
641862,Alexander Melendez,2,2013-2014,313,49.93
808043,Joan Sierra,2,2023-2024,182,49.93
807997,Miguel Perez,1,2024,100,49.93
694742,Josh Moylan,3,2023-2025,959,49.93
657743,Bennie Robinson,1,2014,48,49.93
692548,Lewin De La Cruz,3,2021-2023,365,49.93
808517,Alexander Garcia,2,2023-2024,241,49.93
835174,Cliuver Puello,1,2025,119,49.93
543041,Zach Collier,6,2008-2014,2080,49.93
664992,Cody Brickhouse,3,2015-2018,213,49.93
500718,Cesar Del Rio,2,2007-2008,290,49.92
501820,Brandon Fromm,1,2007,181,49.92
572774,Nick Ciolli,4,2009-2012,1402,49.92
830040,Frank Mieses,1,2025,161,49.92
808294,Renair Manrique,2,2023-2024,258,49.92
702908,Guillermo Williamson,4,2022-2025,875,49.92
2608,Jhoulys Chacín,1,2009,19,49.91
474992,Ryan Wood,2,2009-2010,371,49.91
452740,Matt Spring,3,2007-2009,733,49.91
678780,Pedro Garcia,2,2018-2021,244,49.91
669384,Raynel Delgado,5,2018-2024,1739,49.91
665005,Gage Green,3,2015-2017,752,49.91
630022,Manuel Castillo,1,2013,116,49.91
821683,David Carrera,2,2024-2025,289,49.91
595021,Mike Walker,3,2010-2012,1291,49.91
573617,Alan Santiago,4,2009-2012,449,49.91
672634,Kenny Mauricio,2,2017-2018,289,49.91
686984,Marcus Lee Sang,5,2021-2025,1529,49.91
489201,Roman Pena,5,2007-2011,1656,49.91
611470,Liam Bedford,1,2012,25,49.9
517357,Mauricio Pimentel,3,2007-2009,586,49.9
808141,Jose Pirela,3,2023-2025,733,49.9
678690,Carlos Aguiar,5,2018-2024,738,49.9
488822,Quentin Davis,1,2007,550,49.9
687701,Kaden Hollow,4,2022-2025,611,49.9
668681,Logan Ice,2,2017-2018,588,49.9
665257,Christian Correa,3,2015-2017,363,49.9
805656,Cesar D'Oleo,2,2022-2023,189,49.9
593520,Alfredo Patino,4,2010-2013,653,49.9
672862,Cesar Porte,1,2017,179,49.89
691609,Jose Gonzalez,2,2021-2022,314,49.89
650598,Joan Mauricio,4,2014-2017,695,49.89
665819,Pascal Amon,3,2016-2018,344,49.89
678648,Herard Gonzalez,4,2018-2023,1444,49.89
682635,Jose Rodriguez,2,2021-2022,399,49.89
676698,Angel Lopez,3,2017-2021,154,49.89
813833,Cole Conn,3,2023-2025,713,49.89
675625,Ivan Gonzalez,1,2021,78,49.89
663407,Robert Nesovic,1,2015,122,49.89
808105,Alex Acosta,3,2023-2025,323,49.89
8358,Jason Jaramillo,1,2007,496,49.88
7980,Matt West,3,2007-2010,1132,49.88
517467,Guillermo Pimentel,4,2007-2010,764,49.88
808282,Victor Cardoza,3,2023-2025,485,49.88
656015,Miguel Ruiz,3,2014-2016,337,49.88
807714,Carter Trice,3,2023-2025,729,49.87
808263,Daniel Rojas,3,2023-2025,447,49.87
518529,Chris Carrara,1,2007,21,49.87
503347,Todd Balduf,2,2007-2008,244,49.87
656727,Kodi Medeiros,1,2018,23,49.87
677048,Rob Henry,2,2017-2018,446,49.87
640494,Victor Cortez,2,2013-2014,228,49.87
666799,Luis Almanzar,3,2016-2018,443,49.87
570232,Oswaldo Pirela,3,2009-2011,213,49.87
657622,George Iskenderian,3,2015-2017,532,49.87
455390,Jhonny Medrano,3,2007-2011,662,49.86
502155,Nathan Culp,1,2009,15,49.86
516924,Rafael Aybar,2,2007-2008,218,49.86
665991,Adrian Pernalete,3,2016-2018,121,49.86
807817,Jhon Diaz,2,2023-2024,274,49.86
600905,Antonio Gonzalez,4,2011-2014,539,49.86
502089,Brian Jeroloman,3,2007-2009,1187,49.86
677599,Miguel Hiraldo,5,2018-2024,1765,49.86
806148,John Lopez,2,2024-2025,46,49.86
475670,Daniel Cox,1,2008,20,49.86
829874,Jhonny Osta,1,2025,129,49.86
573610,Seth Henry,2,2009-2010,204,49.86
703158,Jonathan Mejía,4,2022-2025,901,49.85
516431,Amilkin Rodriguez,2,2007-2008,348,49.85
519235,Elijah Rumler,3,2007-2009,1032,49.85
692579,Wilmer Hernandez,3,2021-2023,197,49.85
800197,Richard Ramirez,4,2022-2025,724,49.85
543310,Kyle Higgins,1,2008,13,49.85
808233,Alfredo Rodriguez,3,2023-2025,350,49.85
570817,Felix Marine,3,2009-2011,555,49.84
574888,Santiago Nessy,7,2010-2016,1370,49.84
685388,Colin Simpson,1,2021,225,49.84
4964,Tony Campana,3,2008-2010,1174,49.84
447825,Abel Nieves,4,2007-2010,1389,49.84
452663,Smelin Perez,2,2008-2009,623,49.84
595232,Eric Groff,3,2010-2012,997,49.84
502230,Dustin Martin,2,2007-2008,1121,49.84
599726,Matty Johnson,2,2011-2012,289,49.84
543769,Chris Shehan,3,2008-2010,751,49.84
807726,John Peck,3,2023-2025,882,49.84
663445,James Nelson,5,2016-2022,1359,49.83
518487,Bobby Bramhall,1,2009,18,49.83
692025,Carlos Rodriguez,5,2021-2025,732,49.83
592491,Alex Lavisky,6,2010-2015,1194,49.83
5343,Brandon Crawford,4,2008-2011,1105,49.83
693309,Isaiah Greene,4,2021-2024,981,49.83
657762,Austen Smith,2,2014-2015,642,49.83
643378,Coco Johnson,1,2014,116,49.83
689274,Tyler Krabbe,1,2021,48,49.83
808353,Rafael Alvarez,2,2023-2024,180,49.83
25813,Grae Kessinger,2,2021-2022,831,49.83
645293,Hector Martinez,4,2014-2018,700,49.82
621574,Matt Withrow,1,2017,11,49.82
693698,Gabriel Flores,1,2021,44,49.82
684495,Dyron Campos,3,2021-2023,512,49.82
696487,Matt Higgins,3,2022-2024,858,49.82
668534,Moris Duran,1,2016,121,49.82
501599,Wilfi Santana,1,2007,201,49.82
650992,Enmanuel Moreta,2,2014-2015,462,49.82
809686,Cam Maldonado,1,2025,71,49.82
703189,Luis Meza,4,2022-2025,282,49.81
814806,Barrett Riebock,2,2023-2024,224,49.81
657218,Clint Freeman,1,2014,104,49.81
607696,Reid Redman,1,2012,253,49.81
698956,Ramon Peralta,5,2021-2025,942,49.81
642448,Luis Brito,4,2013-2016,660,49.81
15941,Austin Nola,3,2012-2014,1289,49.81
691635,Endy Rodriguez,2,2021-2023,118,49.81
643530,Orrin Sears,2,2013-2014,125,49.81
688032,Matt Scheffler,2,2021-2022,546,49.81
446549,Paul Franko,2,2007-2008,175,49.81
520308,Omar Guerra,2,2007-2008,387,49.81
607318,John Polonius,4,2012-2015,564,49.8
594913,Trevor Martin,3,2010-2013,315,49.8
544573,Brett Newsome,4,2008-2011,955,49.8
672480,Adrian Liriano,1,2017,138,49.8
656449,Jake Gatewood,5,2014-2018,2135,49.8
517420,Angelito Concepcion,2,2007-2008,60,49.8
600945,Andy Paz,7,2011-2017,878,49.8
699156,Elvys Castro,1,2021,64,49.8
643597,Eric Weiss,1,2013,67,49.8
542389,Wilson Ventura,1,2008,166,49.79
689880,Myles Emmerson,2,2021-2022,379,49.79
642227,Stephen Wrenn,3,2016-2018,1217,49.79
25979,Nasim Nuñez,4,2021-2025,1594,49.79
670259,Jacob Olson,1,2021,131,49.79
677162,Adam McGinnis,2,2017-2018,181,49.79
598468,Heriberto Figueroa,1,2010,26,49.79
593636,Guy Edmonds,2,2010-2011,243,49.79
501795,Matt Matulia,2,2007-2008,889,49.79
702333,Haydn McGeary,3,2022-2024,1012,49.78
691906,Brahian Silva,4,2021-2024,241,49.78
460093,Matt Liuzza,2,2007-2008,770,49.78
809921,Jake Steels,2,2024-2025,285,49.78
672526,Mario Soto,1,2017,121,49.78
829861,Yelinson Betances,1,2025,114,49.78
812461,Frandy Duran,2,2023-2024,179,49.78
623216,Bryan Lippincott,2,2012-2013,199,49.78
664985,Logan Soole,2,2015-2016,245,49.78
13346,Hoby Milner,1,2014,19,49.78
642732,Rony Cabrera,5,2013-2017,1268,49.77
670548,Jose Mena,4,2016-2021,383,49.77
606270,Jaider Rocha,2,2011-2012,381,49.77
664872,Chris Iriart,2,2016-2017,654,49.77
683609,Victor Duarte,4,2021-2025,492,49.77
641892,Joseph Monge,5,2013-2017,1346,49.77
446187,Brent Weaver,1,2009,208,49.77
570626,Jose Capellan,6,2009-2014,882,49.77
800135,Yorfran John,3,2022-2024,228,49.77
24641,Willie MacIver,1,2021,413,49.77
641991,Heath Quinn,3,2016-2018,723,49.77
667602,Agustin Marte,3,2016-2018,500,49.77
691617,Beyker Pastran,2,2021-2022,288,49.77
658738,Hansel Moreno,5,2014-2018,1161,49.77
656090,Franklin Tineo,5,2014-2018,831,49.77
666631,Herson Perez,3,2016-2018,354,49.77
679311,Juan Crisp,4,2018-2024,221,49.77
669900,Dustin Frailey,2,2016-2017,231,49.76
699078,Luis Ariza,5,2021-2025,593,49.76
831850,Arlenn Manzanillo,1,2025,141,49.76
624527,Victor Padron,5,2012-2016,516,49.76
600877,Jairo Cardozo,2,2011-2012,285,49.76
664883,Scott Burcham,2,2016-2017,502,49.76
642014,Jake Ring,3,2016-2018,1004,49.76
501463,Luis Bernardo,5,2007-2011,825,49.76
518634,Dom Duggan,3,2007-2009,740,49.76
519095,Michael Ortiz,4,2007-2010,941,49.76
622053,Jameson Fisher,3,2016-2018,1125,49.76
823073,Nolan Sailors,1,2025,133,49.76
683424,Rothaikeg Seijas,3,2021-2023,239,49.75
664201,Trey Keegan,2,2015-2016,165,49.75
503417,Ian Paxton,1,2008,105,49.75
681355,Andrew Cossetti,2,2023-2024,760,49.75
656361,Brock Deatherage,1,2018,257,49.75
458211,Leivi Ventura,2,2007-2008,648,49.75
600479,Juan De Los Santos,4,2011-2014,709,49.75
800177,Cesar Gonzalez,4,2022-2025,444,49.75
643221,Conor Bierfeldt,2,2014-2015,906,49.74
650434,Gabriel Ovalle,4,2014-2017,692,49.74
641596,Jeff Gardner,2,2015-2016,481,49.74
592247,Marcus Davis,2,2015-2016,1053,49.74
664366,Edgar Rondon,2,2015-2016,323,49.74
9246,Blake Lalli,1,2007,292,49.74
800546,Miguel Tamares,3,2022-2024,441,49.74
628366,Ariel Sandoval,6,2013-2018,1872,49.74
670460,Brennan Morgan,2,2016-2017,648,49.74
682942,Alex De Jesus,5,2021-2025,1964,49.74
657139,Trent Woodward,3,2014-2016,515,49.74
19533,Taylor Jones,2,2017-2018,955,49.74
672775,Ghordy Santos,5,2017-2023,1168,49.74
461360,Jose Coronado,4,2007-2010,1904,49.73
502694,Andrew Mead,2,2007-2008,245,49.73
596875,Jake McAloose,1,2010,188,49.73
656698,Dexture McCall,3,2014-2017,1004,49.73
598461,Yordyn Calderon,4,2011-2014,1083,49.73
801464,Andrew Pintar,3,2023-2025,1019,49.73
641296,Mike Ahmed,4,2013-2016,1352,49.73
458221,Freddy Parejo,3,2007-2009,908,49.73
691338,Rolphy Cruz,3,2021-2023,277,49.72
687020,Mason Auer,4,2021-2024,1422,49.72
694227,Danyer Cueva,5,2021-2025,1190,49.72
542746,Lorenzo Piron,3,2008-2010,300,49.72
665055,Keach Ballard,1,2016,271,49.72
9884,Travis Wood,3,2008-2010,89,49.72
554373,Jorge Lopez,3,2009-2011,434,49.72
666518,Miguel Bermudez,1,2016,166,49.72
679972,Arturo De Freitas,5,2018-2024,739,49.72
605306,Jonathan Jones,3,2011-2013,342,49.72
572588,Jorge Gonzalez,1,2009,75,49.72
605358,Brad Marquez,2,2012-2013,124,49.72
534801,Trey Manz,2,2009-2010,244,49.72
656915,Yale Rosen,1,2015,269,49.72
811314,Bryan Gonzalez Garcia,3,2023-2025,197,49.72
545352,Jonathan Meyer,7,2009-2015,3050,49.72
594938,Todd Muecklisch,1,2010,50,49.72
473542,Hector Pellot,4,2007-2010,1281,49.71
476582,Greg Miclat,4,2009-2012,1555,49.71
622557,Jose Maria,5,2012-2016,770,49.71
686540,Owen Cobb,2,2024-2025,243,49.71
680998,Branden Boissiere,4,2021-2024,1081,49.71
446037,Brendan Monaghan,3,2007-2009,468,49.71
683481,Nerwilian Cedeño,5,2021-2025,1350,49.71
518938,Mitchl LeVier,4,2009-2012,832,49.71
691189,Luis Medina,3,2021-2023,372,49.71
670420,Luis Anguizola,1,2016,126,49.71
623195,John Silviano,6,2012-2018,1198,49.71
807812,Harlem Belen,1,2023,83,49.71
623146,Jeremy Sy,1,2014,397,49.7
605099,Jose Raga,3,2011-2013,267,49.7
607282,Nick Vickerson,2,2013-2014,674,49.7
594924,Daniel Meeley,2,2010-2011,445,49.7
445210,Victor Ferrante,2,2007-2008,891,49.7
592675,Josh Richmond,3,2011-2013,1101,49.7
543852,Logan Thompson,1,2010,97,49.7
815010,Junior Garcia,3,2023-2025,629,49.7
543370,Tommy Johnson,2,2008-2009,219,49.7
682487,Justin Qiang,1,2018,43,49.7
806061,Isaiah Drake,3,2023-2025,873,49.7
683488,Junior Paniagua,2,2021-2022,456,49.69
645461,Steven Halcomb,3,2013-2015,579,49.69
12092,Niko Goodrum,7,2010-2016,2297,49.69
820942,Jesmaylin Arias,2,2024-2025,371,49.69
669217,Cory Wood,1,2021,12,49.69
814394,Colin Summerhill,1,2025,435,49.69
683172,Joe Naranjo,5,2021-2025,2050,49.69
9571,Craig Gentry,2,2007-2008,901,49.69
695310,Diego Rodriguez,2,2021-2022,172,49.69
543232,Bengie González,7,2008-2014,2469,49.69
14329,Anthony Alford,7,2012-2018,1764,49.69
622582,Javier Lopez,3,2012-2015,482,49.69
543874,Jose Vargas,3,2008-2010,810,49.69
657682,Sean McMullen,2,2014-2015,541,49.68
692371,Lizandro Espinoza,5,2021-2025,1530,49.68
800643,Ty Hanchey,2,2023-2024,293,49.68
621560,Bruce Caldwell,5,2012-2016,1634,49.68
456390,Mickey Hall,3,2007-2009,1069,49.68
7405,Geno Espineli,1,2007,14,49.68
672626,Josue Guerrero,2,2017-2018,310,49.68
545334,Bobby Borchering,7,2009-2015,2394,49.68
670365,Collin Woody,2,2017-2018,766,49.68
605487,Daniel Spingola,3,2015-2017,771,49.68
701855,Daniel Familia,2,2021-2023,116,49.68
800386,Edwin Tamoy,1,2022,44,49.68
606121,Alexander Simon,5,2011-2015,1594,49.68
460697,Brahiam Maldonado,4,2007-2010,1525,49.68
650996,Freddy Rodriguez,5,2014-2018,581,49.68
699091,Jonathan Peguero,4,2021-2024,269,49.68
570719,Josias Sanchez,2,2009-2011,400,49.68
665140,Stephen Zavala,2,2015-2016,140,49.68
649379,Elias Arias,3,2014-2016,454,49.68
692664,Heiron Montalban,1,2021,48,49.67
808504,Andru Arthur,3,2023-2025,403,49.67
701618,Damon Keith,4,2021-2024,1402,49.67
571869,Jordan Kreke,3,2009-2011,1139,49.67
642720,Ray-Patrick Didder,6,2013-2018,2128,49.67
3274,Nevin Ashley,3,2007-2009,1251,49.67
543653,Phil Pohl,4,2012-2015,697,49.67
623497,Hunter Bailey,2,2012-2013,133,49.67
829994,Luis Maldonado,1,2025,109,49.67
592874,Tom Windle,1,2015,11,49.67
667341,Jose Estrada,1,2016,165,49.66
670863,Kevin Richards,5,2017-2023,860,49.66
502380,Daniel Garcia,3,2007-2009,738,49.66
672658,Roimer Bolivar,3,2017-2021,563,49.66
546093,Alexander Zorrilla,3,2008-2010,556,49.66
8250,Brad Davis,1,2007,226,49.66
686674,Jake Randa,1,2021,343,49.66
29573,Billy Cook,3,2021-2023,1066,49.66
595026,Murray Watts,3,2010-2012,1051,49.66
663486,Nick Gatewood,1,2018,235,49.66
663494,Bryan Torres,5,2015-2021,640,49.66
542424,Ronald Morillo,3,2008-2010,439,49.65
594851,Ben Heath,3,2010-2012,693,49.65
667521,Johnny Rizer,1,2021,404,49.65
692552,Ronny Polanco,4,2021-2024,802,49.65
501566,Rafael Fernandez,6,2007-2012,1796,49.65
802528,Agustin Acosta,3,2022-2025,465,49.65
650665,Jesus Guerrero,2,2014-2015,291,49.65
573212,Justin Trapp,6,2009-2014,2239,49.65
807821,Danell Figueroa,1,2023,65,49.65
671653,Sebastian Grullon,1,2018,108,49.65
113,Steven Lerud,3,2007-2009,1127,49.64
593393,Emmanuel Daniel,3,2010-2012,465,49.64
575249,Juan Ciriaco,7,2009-2015,1649,49.64
678918,Darling Florentino,1,2018,146,49.64
665985,Rafael Romero,3,2016-2018,395,49.64
677586,Jhonaiker Osorio,2,2018-2021,145,49.64
676675,Trevor Casanova,1,2018,162,49.64
682770,Victor Diaz,4,2021-2024,363,49.64
703149,Roderick Arias,4,2022-2025,1287,49.64
29766,Zack Gelof,4,2021-2024,916,49.64
642170,Tom Verdi,1,2014,140,49.64
656378,Christian Donahue,1,2018,364,49.63
516750,Nestor Castillo,3,2007-2010,548,49.63
677572,Alvaro Gonzalez,5,2018-2024,814,49.63
672395,Hector Martinez,4,2017-2022,587,49.63
606939,Aaron Brown,3,2014-2016,851,49.63
811323,Luis Arias,2,2024-2025,245,49.63
451207,Emerson Frostad,1,2007,347,49.63
800488,Harold Grant,3,2022-2024,355,49.63
622160,Juan Moreno,6,2012-2017,1343,49.62
684109,Jesus Bugarin,5,2021-2025,1371,49.62
703178,Braylin Tavera,4,2022-2025,1116,49.62
658788,Mailon Arroyo,2,2015-2016,523,49.62
699310,Frederick Marte,2,2021-2022,224,49.62
649954,Shakir Albert,4,2014-2017,592,49.61
699269,Rafael Cruz,4,2021-2024,755,49.61
456829,Brett McMillan,1,2007,486,49.61
661562,Reinaldo Ugueto,3,2015-2017,534,49.61
642846,Scott Masik,1,2013,83,49.61
804603,Duncan Pastore,1,2024,33,49.61
824771,Yandro Hernandez,2,2024-2025,202,49.6
13750,Elier Hernandez,7,2012-2018,2817,49.6
19212,Taylor Kohlwey,3,2016-2018,727,49.6
675992,Shane Muntz,3,2021-2023,507,49.6
543214,Derrik Gibson,6,2008-2014,2376,49.6
592301,Dominic Ficociello,4,2013-2016,1614,49.6
672602,Frank Veliz,4,2017-2022,612,49.6
532505,Abdiel Ramos,2,2008-2009,257,49.6
672709,Roberto Molina,2,2017-2018,283,49.6
806176,Jose Ortiz,3,2023-2025,237,49.6
667546,Luis Ovando,3,2016-2018,408,49.59
669090,Jack Stronach,2,2021-2022,494,49.59
663600,D.J. Artis,2,2018-2021,261,49.59
703924,David Beckles,4,2022-2025,776,49.59
19842,Caleb Hamilton,3,2016-2018,879,49.59
595304,Chase Lyles,1,2011,287,49.59
622227,Isaiah Yates,3,2012-2014,565,49.59
673278,Walner Espinal,2,2017-2018,390,49.59
594873,Carter Jurica,3,2011-2013,1132,49.59
641376,Justin Bohn,5,2013-2017,1476,49.59
605203,Mason Davis,4,2014-2017,749,49.59
802738,Elizaul Chalas,2,2022-2023,189,49.58
453579,Jason Denham,2,2007-2008,759,49.58
622692,Arturo Michelena,7,2012-2018,1360,49.58
678679,Emmanuel Guerra,1,2018,251,49.58
516792,Jose Valentin,1,2007,15,49.58
520809,Ryan M. Baker,1,2007,31,49.58
3812,Gregorio Petit,3,2007-2009,1296,49.58
672656,Abiezel Ramirez,5,2017-2023,1274,49.58
815816,Brady Ebel,1,2025,66,49.58
591619,David Lizardo,1,2010,105,49.58
676764,Angel Gonzalez,2,2017-2018,225,49.58
805810,Blake Mitchell,3,2023-2025,793,49.58
680597,Flemin Bautista,2,2018-2021,293,49.57
607230,Renaldo Jenkins,4,2011-2014,532,49.57
26466,Matt Wallner,2,2021-2022,865,49.57
668934,E.P. Reese,1,2021,35,49.57
519291,Matt Smith,3,2007-2009,593,49.57
683060,Harold Restituyo,3,2018-2022,240,49.56
608602,Peter Copa,1,2011,28,49.56
613593,Tyler Palmer,2,2014-2015,493,49.56
800192,Roinny Aguiar,4,2022-2025,473,49.56
594895,Drew Lee,2,2010-2011,618,49.56
605898,Yem Prades,2,2011-2012,845,49.56
622109,Joe Munoz,5,2012-2016,1536,49.56
664763,Will Albertson,2,2016-2017,203,49.56
448603,Adam Ricks,1,2007,246,49.56
501533,Maxel Fortuna,2,2007-2008,268,49.56
546993,Joe Dudek,2,2016-2017,432,49.56
664877,Christian Kelley,3,2016-2018,1058,49.56
605136,Jay Baum,4,2014-2017,1380,49.56
641298,Tyler Alamo,5,2013-2018,1244,49.55
20926,Dérmis Garcia,6,2015-2022,1658,49.55
554270,Maurizo Buda,4,2009-2012,697,49.55
454667,Paul Gran,2,2009-2010,930,49.55
702995,Antonio Anderson,3,2023-2025,887,49.55
608380,Drew Ward,6,2013-2018,2511,49.55
691333,Kenny Báez,3,2021-2023,182,49.55
501731,Rainel Rosario,6,2007-2012,1508,49.55
656340,Brett Cumberland,3,2016-2018,1051,49.55
682115,Russ Olive,1,2018,244,49.55
20533,Mickey McDonald,2,2017-2018,521,49.54
823881,Jhoangel Suarez,1,2024,83,49.54
542281,Wilner Charles,2,2008-2009,278,49.54
830470,Carlos Bello,1,2025,198,49.54
703477,Brooks Brannon,4,2022-2025,732,49.54
814154,Scott Bandura,3,2023-2025,1052,49.54
595172,Logan Davis,3,2013-2015,335,49.54
519044,Angel Morales,8,2007-2014,2389,49.54
670284,Garrett Copeland,1,2016,171,49.54
594962,Ryan Pineda,3,2010-2012,679,49.53
500752,Bruno Doi,1,2007,166,49.53
702112,Hogan Windish,2,2022-2023,609,49.53
696099,Jerry Torres,2,2021-2022,294,49.53
502203,Adam Coe,3,2007-2009,707,49.53
666516,Jorsan Garcia,1,2016,76,49.52
542569,Luis Guzman,1,2009,37,49.52
623692,Ricardo Andujar,5,2012-2017,1267,49.52
800337,Yorfran Medina,3,2022-2024,348,49.52
669233,Tony Bullard,2,2023-2024,347,49.52
607095,Michael Turay,2,2012-2013,269,49.52
683393,J'Rudjeanon Isenia,1,2021,105,49.52
607298,Alex Todd,2,2011-2012,504,49.51
468530,Yunior Rodriguez,2,2007-2008,255,49.51
685341,Ripken Reyes,1,2021,115,49.51
469177,Argenis Mata,2,2007-2008,492,49.51
663492,Dwanya Williams-Sutton,1,2021,215,49.51
519768,Radhames Moreta,1,2007,165,49.51
701696,Ryan Stafford,2,2024-2025,414,49.51
681540,Dylan Neuse,2,2022-2023,630,49.51
657617,Bubba Hollins,1,2018,112,49.51
683489,Sebastian Burciaga,1,2021,78,49.51
592243,Brandon Dailey,4,2011-2014,679,49.51
684719,Logan Michaels,1,2021,61,49.51
514975,Carlos Leal,3,2007-2009,509,49.5
681990,Tre Todd,1,2018,85,49.5
691483,Luis Perez,4,2021-2024,379,49.5
666178,Michael Amditis,2,2021-2022,329,49.5
594865,Steven Irvine,2,2010-2011,482,49.5
13267,Nolan Fontana,4,2012-2015,1482,49.5
7451,Tug Hulett,1,2007,595,49.5
547002,Chris Rivera,4,2013-2016,664,49.49
622040,Juan Fuente,3,2013-2015,699,49.49
672476,Luis Gonzalez,1,2017,131,49.49
681400,Danny Serretti,3,2022-2024,903,49.49
665038,Luis Silverio,4,2015-2018,940,49.49
456670,Brian Peacock,3,2007-2009,694,49.49
571658,Jeff Farnham,3,2009-2012,360,49.49
672378,Carlos Pacheco,2,2017-2018,406,49.49
650194,Francisco Rodriguez,4,2014-2017,742,49.49
604811,Julio Perez,1,2012,146,49.48
681109,Tate Kolwyck,1,2022,57,49.48
682108,Mitch Spires,1,2018,219,49.48
808717,Erick Lara,3,2023-2025,392,49.48
6617,Greg Halman,5,2007-2011,1919,49.48
522349,Luke Salas,1,2007,52,49.48
641558,Zane Evans,4,2013-2016,1226,49.48
23264,Canaan Smith-Njigba,4,2017-2023,1189,49.48
681558,Adrian Ramos,1,2018,194,49.48
683595,Luis Zambrano,1,2021,69,49.48
805672,Collin Price,3,2022-2024,685,49.47
453283,Mike McBryde,3,2007-2009,1353,49.47
691407,Erick Caripa,2,2021-2022,185,49.47
521348,Wang-Wei Lin,6,2007-2012,1367,49.47
592416,Justin Howard,3,2010-2012,900,49.47
514932,Alejandro Torres,5,2007-2012,828,49.47
622590,Roger Avello,4,2012-2015,541,49.47
693418,Solomon Maguire,4,2021-2025,423,49.46
694292,Jeffrey Wehler,1,2023,198,49.46
542526,Jorge Lopez,3,2008-2010,501,49.46
641536,Brandon Dulin,5,2013-2017,1427,49.46
9954,Darrell Ceciliani,5,2009-2014,1658,49.46
672905,José Alvarez,5,2017-2023,1024,49.46
684541,Sahid Valenzuela,2,2021-2022,493,49.45
623290,Casey Schroeder,3,2015-2017,507,49.45
542495,Raul Gomez,2,2008-2009,326,49.45
15644,Jacob Hannemann,3,2013-2015,1109,49.45
691370,Juan Chacon,5,2021-2025,1122,49.45
670878,Andres Adrianza,2,2016-2017,207,49.45
544709,Chao-Ting Tang,3,2008-2010,356,49.45
658787,Juan Araujo,3,2015-2017,785,49.45
671495,Channy Ortiz,3,2021-2023,685,49.45
592105,Stetson Allie,4,2012-2015,1697,49.45
570262,Francisco Dicen,3,2009-2011,225,49.45
699027,José Suárez,5,2021-2025,1093,49.45
800376,Fabricio Valera,2,2022-2023,130,49.44
462521,Brett Grandstrand,1,2007,276,49.44
466398,Jhon Florentino,2,2007-2008,842,49.44
815913,Stiven Martinez,2,2024-2025,454,49.44
668756,Ben Ramirez,3,2021-2023,1122,49.44
673135,Jess Williams,1,2018,152,49.44
543573,Ty Morrison,7,2008-2015,1827,49.44
600973,Vladimir Santana,3,2011-2013,540,49.43
668851,Michael Donadio,1,2017,118,49.43
670210,Branden Fryman,2,2021-2022,430,49.43
467763,Jovanny Rosario,3,2007-2009,1068,49.43
620455,Juan Carlos Arias,3,2014-2016,541,49.43
595691,Riswish Ramirez,2,2010-2011,153,49.43
678839,Joseph Paulino,1,2018,191,49.43
592655,Brian Ragira,3,2013-2015,969,49.43
11854,Steven Moya,8,2009-2016,2934,49.43
642274,Anthony Rubicondo,3,2013-2015,640,49.43
607446,Andrew Amaro,1,2015,12,49.43
11146,Cameron Rupp,3,2011-2013,1113,49.43
693819,Kyle Nevin,4,2022-2025,1111,49.43
545995,Tyson Auer,3,2008-2010,1218,49.42
701786,Xavier Casserilla,2,2023-2024,268,49.42
686445,Sammy Siani,5,2021-2025,1886,49.42
693486,Erik Stock,1,2023,152,49.42
607051,Kenny Peoples-Walls,5,2011-2015,1004,49.42
8536,Tyler Cloyd,1,2011,13,49.42
521836,Jose Bracho,1,2007,87,49.42
623980,David Popkins,3,2012-2014,872,49.41
660755,Jose Rivero,4,2015-2018,605,49.41
501894,Drew Saylor,1,2007,24,49.41
670855,Alex Jones,1,2017,92,49.41
554238,Carlos Franco,8,2009-2016,2724,49.41
572090,Chad Rogers,2,2012-2013,29,49.41
672653,Diego Infante,6,2017-2024,1841,49.41
700361,Shawn Goosenberg,4,2021-2024,1078,49.41
807759,Estarling Mercado,3,2023-2025,432,49.41
650628,Felix Nunez,1,2014,79,49.41
702372,Angel Santana,2,2021-2022,217,49.41
692635,Darwin Castillo,2,2021-2023,133,49.4
643475,Connor Oliver,4,2013-2016,921,49.4
595217,Oscar Garcia,1,2011,207,49.4
640477,Gregori Rivero,4,2013-2018,491,49.4
808050,Luis Vicioso,2,2023-2024,256,49.4
607287,Ruben Sosa,5,2011-2015,1273,49.4
661410,Ramfis Berroa,4,2015-2018,559,49.4
471069,Carlos R Rojas,2,2007-2008,867,49.39
805346,Ben Ross,4,2022-2025,1540,49.39
453317,James Rapoport,3,2007-2009,1448,49.39
806306,Cameron Decker,4,2022-2025,686,49.39
544770,Carlos Pena,1,2008,46,49.39
682861,Robert Mendoza,2,2021-2022,204,49.39
676851,T.J. Dixon,1,2017,158,49.39
516920,Pablo Brito,1,2007,107,49.39
516625,Juaner Aguasvivas,5,2007-2011,1178,49.39
641735,Bradley Jones,3,2016-2018,769,49.39
650607,Nestor Tejada,3,2014-2016,509,49.39
679737,Antonio Cabello,3,2018-2022,466,49.38
543860,Kevin Torres,6,2008-2014,1109,49.38
458726,Geoff Strickland,2,2007-2008,559,49.38
644442,Luis Yovera,3,2013-2015,317,49.38
571768,Jordan Henry,3,2010-2012,1347,49.38
811287,Carson Roccaforte,3,2023-2025,1224,49.38
702416,Leosdany Molina,3,2021-2023,1012,49.38
607518,Doug Elliot,1,2011,15,49.38
600857,Jorge Ariza,2,2011-2012,129,49.38
657621,Chris Hudgins,2,2017-2018,277,49.38
676305,Isaiah Smith,2,2017-2018,175,49.37
660527,Yander Martinez,1,2015,16,49.37
656765,Joey Morgan,1,2018,336,49.37
664940,Kurt Hoekstra,3,2015-2017,660,49.37
521011,Jason Smit,4,2007-2011,671,49.37
607875,Roybell Herrera,4,2011-2014,336,49.37
691193,Patrick Merino,2,2021-2022,259,49.37
613588,Garrett Kennedy,3,2015-2017,733,49.37
695659,Tanner Smith,1,2025,34,49.37
643227,Brett Booth,3,2013-2015,360,49.36
675448,Blake Hunt,4,2017-2023,1033,49.36
595109,Kenneth Allison,2,2010-2011,405,49.36
681934,Randy Norris,1,2018,155,49.36
703305,Jesus D. Castro,4,2022-2025,331,49.36
575928,Corey Adamson,6,2009-2014,1377,49.36
600253,Aaron Barbosa,4,2013-2016,1490,49.35
592604,Justin O'Conner,6,2010-2016,1762,49.35
451079,Joel Diaz,1,2007,263,49.35
676678,PK Morris,5,2017-2023,1239,49.35
500760,Levi Rossi,2,2007-2008,453,49.35
649810,Dariel Gomez,5,2015-2021,1080,49.35
542442,Danny Vicioso,6,2008-2013,771,49.35
570672,Gilbert Gomez,7,2009-2015,2044,49.35
613571,Conner Hale,2,2016-2017,483,49.35
699157,Ahbram Liendo,5,2021-2025,1566,49.35
19361,Corbin Burnes,2,2017-2018,34,49.35
623929,Jordan Walton,2,2012-2013,497,49.35
672488,Adonis Santos,1,2017,69,49.35
622722,Derwin Pomare,3,2012-2014,384,49.35
489337,T.J. Steele,3,2009-2011,904,49.35
571644,Daniel Eichelberger,3,2009-2011,327,49.35
656021,Vicente Sanchez,4,2014-2017,463,49.35
622805,Ignacio Valdez,7,2012-2018,1152,49.34
669013,Gary Mattis,1,2022,192,49.34
573203,Jeffrey Tezak,2,2009-2010,389,49.34
19170,Corey Ray,3,2016-2018,1373,49.34
622537,Raymer Soto,2,2012-2013,187,49.34
660638,Javier Guevara,5,2015-2021,959,49.34
517218,Edgar De La Cruz,1,2007,115,49.34
522788,Joe Persichina,3,2007-2009,859,49.34
622543,Bradley Valdez,3,2012-2015,370,49.34
701660,Edgar Alfonso,4,2021-2025,497,49.34
7734,James Parr,2,2007-2008,44,49.33
502419,Herman Demmink,2,2007-2008,219,49.33
642287,Geuris Santana,2,2013-2014,183,49.33
694223,Starlin Aguilar,5,2021-2025,791,49.33
11294,Zach Neal,1,2012,17,49.33
683563,Juan Jerez,4,2021-2024,722,49.33
642449,Miguel Munoz,2,2013-2014,373,49.33
501949,Nathan Southard,2,2007-2008,553,49.33
830422,Emil Martinez,1,2025,189,49.33
663645,Ryan Karstetter,1,2017,104,49.33
543820,Matt Stiffler,1,2008,108,49.32
672361,Agustin Ruiz,6,2017-2024,1840,49.32
825925,Richie Bonomolo Jr.,1,2025,71,49.32
681722,Oscar Sanabria,1,2018,56,49.32
829969,Saivel Zayas,1,2025,210,49.32
596023,Derrick Loveless,7,2011-2017,2047,49.32
813771,Robert Hipwell,2,2024-2025,565,49.32
657619,Chris Hoo,3,2014-2016,668,49.32
572849,D.J. Fitzgerald,3,2009-2011,684,49.32
623248,Thomas McCarthy,1,2012,169,49.32
475365,Tobias Streich,3,2009-2011,667,49.32
650360,Jose Pina,2,2014-2015,159,49.32
554030,Angel Rodriguez,3,2009-2011,477,49.32
519335,Jon Talley,7,2007-2013,1833,49.32
677673,Imanol Vargas,4,2017-2022,1120,49.31
821761,Dariel Garcia,2,2024-2025,390,49.31
821272,Juan Araujo,1,2024,22,49.31
682909,Wilker Velasquez,1,2018,98,49.31
682009,Meaux Landry,1,2018,74,49.31
678871,Elvin Ozoria,1,2018,93,49.31
829871,Maikol Tovar,1,2025,97,49.31
656019,Luis Beaufond,2,2014-2015,339,49.31
687346,Gabe Matthews,2,2021-2022,653,49.3
592189,Yordy Cabrera,4,2010-2013,1160,49.3
690107,Jackson Glenn,2,2021-2022,447,49.3
701701,Quincy Scott,3,2023-2025,765,49.3
198,Danny Worth,4,2007-2010,1201,49.3
571764,Robby Hefflinger,6,2009-2014,2146,49.3
830049,Jord David Diaz,1,2025,148,49.3
17062,Grayson Greiner,4,2014-2017,1183,49.3
608416,Yunior De La Cruz,2,2011-2012,210,49.3
667540,David Edwards,1,2016,238,49.3
813841,Jonah Cox,3,2023-2025,1202,49.29
4675,Tyler Greene,2,2007-2008,783,49.29
13821,Ian Parmley,1,2014,191,49.29
668664,Chase Strumpf,2,2021-2022,807,49.29
517708,Pedro Gonzalez,3,2007-2009,388,49.29
539603,Justin Toole,3,2009-2011,496,49.29
672833,Anderson Melendez,2,2017-2018,357,49.29
457783,L.V. Ware,4,2008-2011,1458,49.29
692190,Donovan Antonia,4,2021-2024,499,49.29
800424,Oswaldo Osorio,4,2022-2025,914,49.29
682082,Hunter Lee,1,2018,110,49.29
13485,Sam Tuivailala,2,2010-2011,341,49.28
692424,Santiago Millan,3,2021-2023,372,49.28
489144,Josh Morgan,1,2007,256,49.28
572704,Alibay Barkley,1,2009,19,49.28
573575,Trent Baker,2,2009-2010,404,49.28
449179,Jay Nilsson,1,2007,98,49.28
573187,Cody Stubbs,3,2013-2015,781,49.28
22239,Jeremiah Jackson,5,2018-2024,1742,49.28
665390,Shaq Matta,2,2015-2016,102,49.28
23790,Will Banfield,5,2018-2024,1725,49.28
829749,Steven Herrera,1,2025,180,49.28
665786,Simon Rojas,1,2016,180,49.28
607299,Justin Miller,3,2011-2013,742,49.28
448634,Kody Kaiser,2,2008-2009,639,49.28
500665,Billys Bolivar,2,2007-2008,425,49.28
681852,Sean Roby,4,2018-2023,1218,49.27
570716,Anderson Feliz,7,2009-2016,1718,49.27
682085,Harrison Dinicola,1,2018,192,49.27
573153,John Semel,2,2009-2010,342,49.27
696140,Ethan Murray,4,2021-2024,1289,49.27
680106,Hunter Steinmetz,1,2018,27,49.27
665102,Jake Thomas,3,2015-2017,772,49.27
814781,Jonathan Hogart,1,2025,107,49.27
693765,Gabriel Tirado,1,2021,66,49.27
800149,Carlos Pacheco,4,2022-2025,809,49.27
672018,Dasan Brown,5,2021-2025,1788,49.27
518569,Steven Condotta,1,2007,20,49.27
690429,Dylan Harris,1,2021,292,49.26
666206,Delvin Pérez,5,2016-2023,1151,49.26
685063,Jake Sullivan,2,2021-2022,76,49.26
832209,Bladimir Figueredo,1,2025,103,49.26
493631,Joey Side,2,2007-2008,745,49.26
592270,Jose Dore,4,2010-2013,324,49.26
515029,Yorbel Alcala,4,2007-2010,501,49.26
593837,Manny Hernandez,3,2010-2012,533,49.26
11863,Yadiel Rivera,7,2010-2016,2998,49.26
676913,Zach Jarrett,1,2018,555,49.25
595791,Jared Simon,2,2012-2013,786,49.25
516430,Emilio King,6,2007-2012,1058,49.25
488853,Reed Eastley,1,2007,469,49.25
501794,Anthony Martinez,1,2008,468,49.25
691186,Arol Vera,5,2021-2025,2080,49.25
642321,Ronald Soto,4,2013-2016,509,49.25
805061,Carlos Altuve,3,2022-2024,306,49.25
678739,Wilfri Castro,5,2018-2024,315,49.25
703188,Anthuan Valencia,4,2022-2025,627,49.25
829831,Jose Carrillo,1,2025,75,49.25
517351,Robert De La Cruz,5,2007-2011,886,49.24
596051,Bryce Mosier,2,2011-2012,85,49.24
514855,Yorby Martinez,4,2007-2010,762,49.24
682266,Brett Auerbach,3,2021-2023,1161,49.24
807728,Carter Graham,3,2023-2025,779,49.24
663788,Luke Wakamatsu,3,2015-2018,763,49.24
19528,Jacob Robson,3,2016-2018,1196,49.24
665941,Juan Garcia,3,2016-2018,441,49.23
451080,Cody Johnson,7,2007-2013,2474,49.23
600946,Eris Peguero,3,2011-2013,428,49.23
687625,Kai Murphy,4,2022-2025,1292,49.23
686659,Julian Escobedo,2,2021-2022,698,49.23
592186,Tyler Burnett,2,2011-2012,461,49.23
519376,Christopher Vasami,1,2007,89,49.23
673134,Mitchell Edwards,2,2018-2021,85,49.23
621037,Jason Leblebijian,4,2012-2015,1082,49.22
542373,Williams Sanchez,1,2008,73,49.22
501815,Jay Cox,3,2007-2009,1323,49.22
692406,Felix Taveras,4,2021-2024,473,49.22
699308,Mike Ibarguen,2,2021-2022,129,49.22
805692,Ricson Gonzalez,4,2022-2025,445,49.22
592583,Connor Narron,4,2010-2014,832,49.22
501391,Jean Martes,1,2007,225,49.22
572079,Tyler Roberts,5,2009-2013,828,49.22
692607,Jesus Fernandez,2,2021-2022,316,49.22
19552,Jaylin Davis,3,2016-2018,1269,49.22
670302,Nick Yarnall,3,2016-2018,695,49.22
672445,Felix Familia,4,2017-2022,710,49.21
471179,Juan Beltran,1,2007,225,49.21
642306,Sonner Corcino,1,2013,42,49.21
657231,Trenton Kemp,5,2014-2018,973,49.21
1246,Matt Bush,1,2007,116,49.21
700328,Yeison Vargas,3,2021-2023,349,49.21
670765,Brian Mims,1,2018,53,49.21
518829,Stephen Hunt,3,2010-2012,819,49.21
664859,Anthony Hermelyn,2,2016-2017,650,49.21
686551,Christian Cairo,5,2021-2025,1627,49.21
800269,Rafael Ramirez,3,2022-2024,376,49.21
673859,Garrison Schwartz,2,2017-2018,579,49.21
527052,Eduardo Sosa,5,2008-2013,1410,49.2
542506,Ysmelin Alcantara,5,2008-2012,646,49.2
593429,Roberto Duncan,3,2010-2012,557,49.2
665762,Luis Perez,3,2016-2018,324,49.2
673656,Deybert Lozano,2,2017-2018,253,49.2
607340,Trevor Hairgrove,3,2011-2013,797,49.2
829730,Jonierbis Garces,1,2025,118,49.2
554035,Jonattan Hernandez,3,2009-2011,156,49.2
592304,Tyler Filliben,2,2015-2016,555,49.2
622377,Raynay Guerrero,3,2012-2014,509,49.2
5219,Wilkin Ramirez,4,2007-2010,1974,49.2
656068,Braylin Carrasco,1,2014,122,49.2
463748,Sharlon Schoop,5,2007-2011,1478,49.2
543825,Bobby Stone,5,2008-2012,1217,49.2
607380,Marc Wik,5,2012-2016,1179,49.2
453497,Chris Amador,1,2007,539,49.2
593839,Wilfredo Solano,3,2010-2013,398,49.19
607206,Trevor Gretzky,4,2012-2015,708,49.19
598717,Dubal Baez,5,2010-2014,657,49.19
461846,Cory Middleton,1,2008,279,49.19
13325,Deven Marrero,3,2013-2015,1389,49.19
453183,DJ Lewis,1,2007,137,49.19
612315,Aaron Sayers,3,2013-2015,318,49.19
605499,Michael Suiter,3,2014-2016,886,49.19
592897,Duanel Jones,6,2010-2015,2116,49.19
688359,Deion Walker,2,2021-2022,152,49.18
806986,Raymond Mola,3,2023-2025,195,49.18
593775,Gabriel Quintana,8,2010-2017,3107,49.18
683145,Colin Barber,5,2021-2025,1302,49.18
660802,Jose Jules,3,2015-2017,588,49.18
703563,PJ Morlando,1,2025,259,49.18
687959,Rudy Rott,1,2021,88,49.18
517020,Jhonatan Gomez,4,2007-2010,512,49.18
657254,Josh Rapacz,1,2014,78,49.18
17954,Sam Hilliard,4,2015-2018,1870,49.18
17910,Marcus Wilson,6,2014-2021,1898,49.18
676837,Luis Roman,2,2017-2018,223,49.18
13602,Patrick Wisdom,4,2013-2016,1774,49.17
663696,Gabriel Garcia,4,2016-2021,1050,49.17
543026,Delta Cleary Jr.,7,2008-2014,2974,49.17
543069,Michael Crouse,7,2008-2014,1976,49.17
6032,Josh Anderson,1,2007,564,49.17
677571,Fadriel Cruz,5,2018-2024,869,49.17
680884,Aldrich De Jongh,3,2018-2022,531,49.17
25779,Tyler Tolbert,2,2021-2022,895,49.17
548116,Brad Zapenas,2,2012-2013,182,49.17
650705,Grabiel Jimenez,4,2014-2017,800,49.16
542205,Francisco Guzman,3,2008-2010,682,49.16
691412,Maikol Flores,1,2021,104,49.16
521671,Vinny Pennell,1,2007,207,49.16
593145,Jose Solano,4,2010-2013,710,49.16
11166,Yhonathan Barrios,2,2009-2011,293,49.15
668850,Hunter Oliver,1,2018,137,49.15
678787,Juan Santana,2,2018-2021,238,49.15
607670,Sharif Othman,2,2011-2013,205,49.15
554034,Ismael Dionicio,6,2009-2014,1059,49.15
813386,Justin Johnson,2,2023-2024,526,49.15
679779,Jordan Cannon,1,2021,129,49.15
593699,Robertson Valdez,3,2010-2013,310,49.14
677537,Artemis Kadkhodaian,1,2017,199,49.14
607242,Matt Colantonio,1,2012,165,49.14
598288,Steve Rodriguez,2,2013-2014,379,49.14
657652,Tanner Krietemeier,2,2014-2015,409,49.14
808395,Keiberg Camacaro,3,2023-2025,449,49.14
518592,Parker Dalton,2,2007-2008,375,49.14
665227,Nash Knight,3,2015-2017,682,49.14
821137,Diego Gonzalez,1,2024,24,49.14
683665,Alexander Suarez,4,2021-2024,1181,49.14
660530,Omar Meregildo,5,2015-2022,1437,49.14
449895,Andrew Darnell,1,2007,179,49.14
800303,Leiker Figueroa,4,2022-2025,717,49.14
699615,Brandon Pimentel,2,2023-2024,506,49.13
543006,Steven Caseres,4,2008-2011,1088,49.13
622063,Jack Wynkoop,2,2017-2018,33,49.13
691409,Angel Contreras,2,2021-2022,193,49.13
676085,Colby Fitch,2,2017-2018,390,49.13
814299,Pascanel Ferreras,3,2023-2025,1024,49.12
660877,Willis Figueroa,3,2015-2017,651,49.12
801271,Daniel Castro,2,2022-2023,271,49.12
676549,Jamal O'Guinn,1,2022,261,49.12
809772,Luis Puello,3,2023-2025,383,49.12
505307,Chad Lundahl,3,2007-2009,997,49.12
668213,Michael Staudinger,1,2017,114,49.12
658654,Ciro Barrios,4,2014-2017,236,49.12
668765,Jeramiah McCray,2,2016-2017,196,49.12
516429,Ricardo Heredia,4,2007-2010,447,49.11
656091,Carlos Canelon,5,2014-2018,631,49.11
488792,Anthony Contreras,2,2007-2008,580,49.11
607950,Alvin Maracaro,5,2011-2015,576,49.11
647309,Demi Orimoloye,5,2015-2021,1729,49.11
692419,Arison Jimenez,3,2021-2023,395,49.11
642184,Beau Wallace,2,2013-2015,212,49.11
815914,Andres Arias,2,2024-2025,252,49.11
571855,Piikea-Jiro Kitamura,1,2013,128,49.11
699816,Jackson Loftin,3,2022-2024,807,49.11
677367,Justin Jacobs,2,2017-2018,511,49.1
808316,Abraham Cohen,3,2023-2025,271,49.1
623222,Ryan Ripken,4,2014-2018,744,49.1
570265,Edwin Esquea,3,2009-2011,421,49.1
673256,Wilbert Garcia,2,2017-2018,241,49.09
6003,Jose Constanza,2,2007-2008,874,49.09
694380,Jack Moss,3,2023-2025,513,49.09
808100,Johan Estrada,2,2023-2024,153,49.09
519210,Cameron Robulack,2,2007-2008,152,49.09
682732,Gabriel Moncada,5,2021-2025,1350,49.09
800343,Jose Sanabria,3,2022-2024,252,49.09
642285,Julio De La Cruz,4,2013-2016,791,49.09
639658,Dan Fiorito,3,2013-2015,1082,49.08
699273,Denyerbe Gervis,3,2021-2023,319,49.08
543033,Adam Cobb,1,2008,165,49.08
688394,Jordan Sprinkle,4,2022-2025,1224,49.08
446246,Abe Woody,1,2007,10,49.08
593755,Armando Araiza,8,2010-2017,1866,49.08
657284,Jake Yacinich,4,2014-2017,999,49.08
687382,Chad Bell,1,2021,397,49.08
665934,Jose Pereira,3,2016-2018,413,49.08
10071,Jonathan Villar,8,2008-2015,2804,49.08
605162,Adam Bryant,2,2011-2012,557,49.07
682962,Carlos Roa,2,2021-2022,183,49.07
684008,Jarrod Belbin,2,2023-2024,253,49.07
491661,Johan Garcia,4,2007-2010,734,49.07
543786,Kirk Singer,1,2012,427,49.07
542344,Heiker Meneses,9,2008-2016,2851,49.07
622367,Cesar Carrasco,3,2012-2014,553,49.07
445989,Francisco Caraballo,1,2007,427,49.07
676958,Philip Caulfield,2,2017-2018,149,49.07
2967,Tommy Pham,6,2007-2012,1489,49.07
460089,Mark Holliman,2,2007-2008,63,49.07
642431,Yunior Reyes,2,2014-2015,355,49.06
593496,Carlos De Los Santos,3,2010-2012,359,49.06
680579,Stir Candelario,2,2018-2021,282,49.06
527036,Elio De La Rosa,4,2008-2011,785,49.06
514633,Ivan Espinoza,3,2007-2009,629,49.06
572178,Tyler Stubblefield,2,2011-2012,550,49.05
669857,Abel Cuevas,2,2016-2017,232,49.05
455355,Juan Beltre,2,2007-2008,277,49.05
592198,D.K. Carey,2,2015-2016,908,49.05
694399,Elijah Nunez,3,2023-2025,536,49.05
4063,Anthony Recker,2,2007-2008,945,49.05
501777,Dani Arias,1,2007,226,49.05
489193,Hunter Pace,1,2009,183,49.05
621445,Courtney Hawkins,7,2012-2018,2446,49.05
682775,Kervin Pichardo,5,2021-2025,1501,49.05
677187,Tyler Lawrence,1,2017,52,49.04
687036,Zach Zubia,2,2021-2022,527,49.04
489738,Alex Jamieson,1,2007,121,49.04
806655,July Vittini,3,2022-2024,144,49.04
475064,Kyle Day,4,2008-2011,943,49.04
656751,Kirvin Moesquit,2,2015-2018,545,49.04
446230,Chase Fontaine,3,2007-2009,1035,49.04
9328,Drew Stubbs,3,2007-2009,1595,49.03
26420,Kyren Paris,5,2021-2025,1551,49.03
660355,Franklin Sierra,2,2015-2016,350,49.03
829859,Carlos Salazar,1,2025,74,49.03
698946,Carlos Rodríguez,4,2021-2024,293,49.03
542527,Andres Beras,3,2008-2010,319,49.03
672806,Victor Maria,2,2017-2018,462,49.03
821019,Carlos Molina,1,2024,40,49.03
701864,Griffin Doersching,2,2022-2023,568,49.03
664132,Luke Lowery,2,2015-2016,357,49.03
650509,Anderson Jimenez,2,2014-2015,312,49.02
701496,Ben Cowles,4,2021-2024,1308,49.02
672808,Ismael Alcantara,1,2018,210,49.02
4751,Elliot Johnson,2,2007-2008,951,49.02
9901,Chris Volstad,2,2007-2008,38,49.01
501249,Jhoan Pimentel,1,2011,162,49.01
672951,Victor Ruiz,3,2017-2021,526,49.01
468461,Argenis Tavarez,1,2007,58,49.01
664900,Alex Bautista,1,2015,66,49.01
656037,Angel Adames,3,2014-2016,398,49.01
671938,LaRon Smith,3,2018-2022,208,49.01
685776,Stiven Acevedo,4,2021-2024,1099,49.01
21535,Connor Kaiser,2,2018-2021,248,49.0
815054,Drew Jemison,2,2024-2025,181,49.0
676378,Cody Bohanek,2,2017-2018,696,49.0
803015,Ben Hartl,2,2024-2025,389,49.0
695708,Satchell Norman,3,2022-2024,276,49.0
543230,Rolando Gomez,6,2008-2013,1580,49.0
832694,Angel Mejia,1,2025,75,49.0
592587,Rafael Neda,4,2010-2013,538,49.0
808258,Jelson Coca,2,2023-2024,178,49.0
692221,Sammy Infante,4,2021-2024,1110,48.99
678486,Shendrik Apostel,2,2018-2021,215,48.99
676780,Colton Burns,2,2017-2018,210,48.99
516743,Rafael Moronta,1,2007,112,48.99
802005,Gunner Gouldsmith,1,2025,284,48.99
656112,Elvio Almonte,1,2014,155,48.99
570823,Eliecer Avila,3,2009-2011,314,48.99
687548,J.D. McLaughlin,3,2021-2023,370,48.99
641674,Dillon Haupt,2,2013-2014,279,48.98
8524,Jackson Williams,3,2008-2010,1090,48.98
665079,Brad Hartong,2,2015-2016,329,48.98
672850,Jorge Caballero,6,2017-2024,1366,48.98
664186,Jordan Ebert,2,2016-2017,189,48.98
501375,Ameilis Carvajal,3,2007-2009,511,48.98
592300,Tim Ferguson,4,2010-2013,1218,48.98
592646,Brian Pointer,5,2011-2015,1836,48.98
596109,Elvin Soto,1,2015,114,48.97
594957,Matt Payton,2,2010-2011,203,48.97
829978,Victor Saez,1,2025,92,48.97
592876,Scott Wingo,3,2011-2013,1014,48.97
464374,Amauri Guzman,1,2007,68,48.97
680927,Jan Cabrera,1,2018,204,48.97
594872,Hunter Jones,5,2010-2016,1238,48.96
543487,Luis Marchena,2,2008-2009,113,48.96
672615,Railison Bentura,2,2017-2018,151,48.96
502530,Adam Milligan,4,2009-2012,1119,48.96
656088,Brayan Rojas,2,2014-2015,377,48.96
2481,Luis Martinez,3,2007-2009,812,48.96
800402,Edrei Campos,4,2022-2025,588,48.96
26284,John Rave,2,2021-2022,826,48.96
542490,Jose Montecino,4,2008-2011,569,48.96
802018,Ryan Burrowes,4,2022-2025,1154,48.96
622724,Jhonatan Pena,4,2013-2016,760,48.95
676205,Tyler Hardman,3,2021-2023,908,48.95
545342,Wes Hatton,3,2009-2011,753,48.95
581662,Zeke DeVoss,4,2011-2014,1476,48.95
501950,Dustin Black,3,2007-2009,236,48.95
669336,Joe Gray Jr.,5,2018-2024,1679,48.95
455079,Stephen Chapman,3,2007-2009,1188,48.95
808112,Joseph Diaz,1,2024,101,48.95
9442,Brandon Bantz,3,2009-2011,536,48.95
665949,Kevin Arias,2,2016-2017,267,48.95
657491,James Alfonso,3,2014-2016,457,48.95
643549,Taylor Snyder,3,2016-2018,894,48.95
808266,Leyderman Ruiz,1,2023,128,48.94
543021,Art Charles,6,2010-2015,1905,48.94
677068,Tyler Osik,1,2021,104,48.94
650653,Goldny Mills,2,2014-2015,337,48.94
455403,Carlos Ramirez,1,2007,177,48.94
644762,Lydell Moseby,2,2013-2014,166,48.94
666611,Marcos Estevez,3,2016-2018,481,48.94
802091,Manuel German,4,2022-2025,531,48.94
683890,Ronny Sanchez,3,2021-2023,247,48.93
685127,Alex McGarry,2,2021-2022,770,48.93
502521,Michael Guerrero,1,2009,335,48.93
593362,Shurendell Mujica,2,2010-2011,477,48.93
445270,David Paisano,5,2007-2011,1864,48.93
488795,Brad Coon,1,2007,584,48.93
607531,Dante Flores,2,2015-2016,345,48.93
517003,Edward Suero,2,2007-2008,495,48.93
548328,Josh Ludy,3,2012-2014,318,48.93
570480,Wuali Bryan,1,2009,279,48.92
605250,Justin Gominsky,2,2012-2014,395,48.92
702283,Tucker Toman,4,2022-2025,1299,48.91
595611,Riley Hornback,2,2010-2011,317,48.91
488756,Angel Cabrera,2,2007-2008,481,48.91
676827,JJ Muno,2,2017-2018,247,48.91
692594,Oswal Rada,3,2021-2023,277,48.91
9629,Shawn O'Malley,5,2008-2012,1802,48.91
578088,Derek Dibbens,1,2010,38,48.91
691704,Isnael Monegro,1,2021,55,48.91
607635,David Masters,4,2014-2017,1218,48.91
659435,Max Wright,2,2021-2022,272,48.91
829855,Kadil Rubio,1,2025,155,48.91
670542,Norberto Castellanos,1,2016,78,48.91
521056,Tim Binkoski,1,2007,112,48.91
543784,Andy Simunic,2,2009-2010,650,48.9
521656,Nelson Perez,6,2007-2012,2026,48.9
677307,Alex Guerrero,3,2018-2022,185,48.9
699048,Lerwin Andrade,2,2021-2022,211,48.9
592259,Jake DePew,6,2010-2016,1133,48.9
657608,Alex Hernandez,1,2015,174,48.9
3868,Oswaldo Navarro,3,2007-2009,1293,48.9
519314,Joseph Staley,2,2010-2012,400,48.9
650824,Luis Perez,3,2014-2017,376,48.9
595920,Vicente Conde,4,2015-2018,1049,48.89
682581,Alvaro Rubalcaba,1,2018,130,48.89
621448,Zachary Daly,1,2016,117,48.89
701805,Josh Caron,2,2024-2025,385,48.89
592344,Angel Gomez,3,2010-2014,269,48.88
643509,Daniel Rockett,3,2013-2015,730,48.88
641368,Aaron Blanton,3,2013-2016,581,48.88
660777,Oliver Rivero,1,2015,157,48.88
669318,Cole Turney,1,2023,66,48.88
689256,Patrick Romeri,3,2021-2023,559,48.87
643498,Anthony Ray,3,2013-2015,459,48.87
444557,Estarlin De Los Santos,5,2007-2011,1512,48.87
676074,Jonny Homza,4,2017-2022,791,48.87
607659,Taylor Murphy,3,2015-2017,1118,48.87
642356,Franklin Guzman,4,2013-2016,663,48.87
650560,Osvaldo Duarte,5,2014-2018,1724,48.87
542889,Ryan Arp,2,2008-2009,78,48.87
650720,Ricardo Ferreira,4,2014-2018,645,48.87
435562,Richie Robnett,2,2007-2008,905,48.87
665634,Jesus Graterol,3,2016-2018,439,48.86
677126,Fildex Perfecto,1,2017,144,48.86
805369,Coleton Horner,1,2022,64,48.86
592582,Bryson Myles,3,2012-2014,1165,48.86
642471,Angel Perez,3,2014-2016,674,48.86
691296,Robinson Vargas,2,2021-2022,259,48.86
682204,Logan Brown,2,2018-2021,371,48.86
815005,Nathanael Cijntje,2,2024-2025,154,48.85
592770,Wendell Soto,6,2010-2015,1478,48.85
660728,Williams Calderon,4,2015-2018,480,48.85
444487,Angel Flores,3,2008-2010,361,48.85
658676,Juan Avila,3,2014-2016,364,48.85
554190,Dimas Ponce,4,2009-2013,649,48.85
664297,Santo Falcon,3,2015-2017,317,48.85
20510,Jack Larsen,2,2017-2018,604,48.85
677826,Brandon Grudzielanek,2,2017-2018,530,48.85
595326,Adam Melker,2,2011-2012,758,48.85
517688,Carlos Garcia,4,2007-2010,782,48.84
623156,Yoenny Gonzalez,2,2012-2013,263,48.84
699806,Emerson Purroy,3,2021-2023,348,48.84
599480,Jesus Rivas,2,2011-2012,384,48.84
516651,Edwin Wilson,3,2007-2009,625,48.84
645303,Yonauris Rodriguez,3,2014-2016,475,48.83
829070,Juan Brima,1,2025,201,48.83
500249,Yeurys Tejeda,3,2007-2009,414,48.83
592486,Michael Lang,1,2013,326,48.83
515055,Jose Rivero,4,2007-2011,994,48.83
678697,Daniel Castillo,2,2018-2021,349,48.83
593986,Jonathan Reynoso,8,2010-2017,1858,48.83
673958,Brian Klein,2,2021-2022,263,48.83
702457,Colby Smelley,4,2021-2024,902,48.83
656315,Branden Cogswell,3,2014-2017,1010,48.83
518612,Ryan Dent,6,2007-2013,1687,48.83
10803,Jake Dunning,1,2009,91,48.83
607613,Chris Lashmet,2,2012-2013,468,48.83
679765,Drew Fregia,1,2018,122,48.83
571494,Danny Black,3,2011-2013,1193,48.83
650843,Dayon Olmo,4,2014-2017,657,48.83
570818,Yeisson Morales,4,2009-2012,455,48.83
6870,Eddy Rodriguez,2,2007-2008,579,48.82
622199,Alfredo Escalera,7,2012-2018,2515,48.82
690189,Trent Tingelstad,2,2021-2022,691,48.82
608890,Arnaldo Calero,4,2011-2014,512,48.82
454481,Scott Robinson,1,2008,81,48.82
523254,Jeremy Hamilton,2,2008-2009,395,48.82
664660,Dagin Ramirez,2,2015-2016,158,48.82
686887,Chris Givin,1,2021,326,48.82
627893,Carlos Belen,5,2013-2018,1455,48.82
815528,Ediel Rivera,1,2025,251,48.82
572735,Shane Brown,2,2011-2012,275,48.82
8356,Zach Jackson,1,2007,45,48.82
670845,Ramon Ulises Villa,1,2017,107,48.82
485573,Victor Castillo,3,2007-2009,463,48.82
815214,Orlando Pacheco,2,2023-2024,120,48.82
666606,Fernando Ayala,2,2016-2017,167,48.81
669190,Cuba Bess,2,2021-2022,295,48.81
622714,Gabriel A. Ynfante,4,2012-2015,558,48.81
517581,Robert Rodriguez,4,2007-2010,621,48.81
621535,Carlos Leal,1,2015,310,48.81
626060,Enyel Vallejo,3,2013-2015,440,48.81
622178,Jose Ariza,3,2012-2014,160,48.81
488976,Chris Hopkins,2,2010-2011,367,48.81
687690,Welington Santana,1,2021,82,48.81
518893,Adam Klein,2,2007-2008,584,48.81
678534,Rixon Wingrove,5,2018-2024,1460,48.8
571483,Gus Benusa,3,2009-2012,174,48.8
656128,Joseph Meggs,1,2014,104,48.8
815586,Joe Olsavsky,2,2024-2025,594,48.8
691797,Ryan Spikes,5,2021-2025,1537,48.8
450290,Daron Roberts,1,2007,407,48.8
650526,Anderson Tejeda,3,2014-2016,254,48.8
610141,Wuilmer Becerra,7,2012-2018,1962,48.8
702491,Mitch Voit,1,2025,99,48.79
14934,Aaron Blair,2,2014-2015,50,48.79
695514,Tyler Collins,3,2021-2023,445,48.79
594053,Wilman Martinez,3,2010-2012,409,48.79
592488,Ryan LaPensee,2,2011-2012,629,48.79
595999,Dominic Jose,2,2014-2015,326,48.79
642365,Geremias Gil,2,2013-2014,177,48.79
593626,Luis Natera,1,2010,224,48.78
665951,Alexander Salazar,1,2016,160,48.78
703607,Henry Bolte,4,2022-2025,1563,48.78
800513,Jose Fernandez,2,2022-2023,216,48.78
692489,Angel Del Rosario,5,2021-2025,1041,48.78
517375,Jorge Corniel,3,2007-2009,179,48.78
594775,Jet Butler,2,2010-2011,238,48.78
572203,Jason Thompson,2,2010-2011,222,48.78
592787,Will Swanner,7,2010-2016,1938,48.78
542437,Francisco Sosa,6,2008-2014,1523,48.77
608644,Jake Davies,2,2012-2013,212,48.77
607027,Emmanuel Marrero,3,2015-2017,1081,48.77
452216,Joey Metropoulos,1,2007,109,48.77
676024,Donta' Williams,3,2021-2023,864,48.77
15697,Gosuke Katoh,6,2013-2018,2185,48.77
681098,Bill Knight,3,2022-2024,837,48.76
622375,Raul Garcia,2,2012-2013,373,48.76
572784,Marquise Cooper,2,2009-2010,379,48.76
542627,Deibisson Rozon,2,2008-2009,225,48.76
489240,Justin Reynolds,3,2007-2009,582,48.76
516758,Miguel Alvarez,5,2007-2012,1079,48.76
694044,Carlos Vicioso,3,2021-2023,273,48.76
658666,Hector Martinez,4,2015-2018,734,48.76
572278,James Wooster,2,2011-2012,603,48.76
663528,Ryan January,2,2016-2021,453,48.76
696521,Garrett Spain,5,2021-2025,1676,48.75
501736,Edgar Lara,5,2007-2011,1375,48.75
664009,Brantley Bell,4,2015-2018,1664,48.75
673863,Zach Malis,1,2018,104,48.75
660591,Jefrey Souffront,4,2015-2018,691,48.75
559094,Gerard Hall,2,2010-2011,811,48.75
600151,J.C. Thompson,1,2011,341,48.75
622570,Jesus Ronco,4,2012-2015,286,48.75
489208,Brian Pettway,1,2007,348,48.75
669442,Alerick Soularie,4,2021-2024,969,48.75
800329,Alexander Martinez,4,2022-2025,533,48.74
695744,Ian Moller,5,2021-2025,1302,48.74
608108,Spencer Dickinson,2,2011-2012,359,48.74
641675,Brad Haynal,2,2014-2016,426,48.74
543451,Ollie Linton,3,2008-2010,1305,48.74
670184,Pedro Alfonseca,1,2018,124,48.74
642355,Rudy Guzman,3,2013-2016,350,48.74
815016,Santiago Prado,2,2024-2025,302,48.74
665046,Brian Bien,2,2015-2016,398,48.74
666682,Samuel Vasquez,3,2016-2018,475,48.74
596306,Ryan Jenkins,2,2010-2011,376,48.74
808049,Omar Ferrera,1,2023,127,48.73
457666,Brett Bartles,2,2007-2008,418,48.73
656875,Milton Ramos,4,2014-2017,1188,48.73
572873,Mike Gilmartin,3,2010-2012,1526,48.73
572842,Peter Fatse,2,2009-2010,636,48.73
516938,Derwin Pinto,3,2007-2009,335,48.72
647321,Mitchell Robinson,1,2018,111,48.72
5397,Jorge De Leon,3,2007-2009,450,48.72
672708,Daniel Quiceno,2,2017-2018,147,48.72
805953,Anthony Huezo,3,2023-2025,473,48.72
642075,Tyler Shryock,2,2013-2014,591,48.72
670429,Charlie Madden,1,2018,121,48.72
27464,Dillon Dingler,3,2021-2023,1190,48.72
663690,Ethan Skender,1,2021,330,48.72
677622,Darlyn Del Villar,2,2018-2021,280,48.71
808255,Nathanael German,1,2023,131,48.71
607021,Jake Lowery,4,2012-2015,1175,48.71
7333,Clay Timpner,1,2007,437,48.71
502276,Lee Haydel,6,2007-2012,2664,48.71
573086,Jerome Pena,3,2011-2013,914,48.71
655317,Fidel Matos,4,2014-2017,661,48.7
503498,Angel Castillo,6,2007-2012,2166,48.7
677569,Sidney Pimentel,1,2018,64,48.7
672468,Ermys Reyes,1,2017,107,48.7
25005,Justin Dean,2,2018-2021,704,48.7
543315,Layton Hiller,2,2008-2009,382,48.7
668740,Kyle Wilkie,1,2021,90,48.7
676683,Jonathan Lacroix,1,2018,294,48.7
828785,Abel Valdes,1,2025,122,48.7
468175,Cristian Santana,4,2007-2010,1121,48.7
595449,Ben Verlander,3,2014-2016,1056,48.7
605231,Roemon Fields,1,2015,539,48.69
642298,Pabel Manzanero,6,2013-2018,967,48.69
683469,Warren Saunders,3,2021-2023,710,48.69
676735,Chris Hess,2,2017-2018,584,48.69
650667,Garvis Lara,4,2014-2018,813,48.69
621432,Shilo McCall,1,2012,164,48.69
814514,AJ Salgado,1,2025,85,48.69
673602,Enrry Pantoja,2,2017-2021,171,48.69
823931,Leroy Escalante,1,2024,140,48.69
543191,Kyle Gaedele,3,2012-2014,1076,48.68
592153,Michael Bolaski,4,2010-2013,836,48.68
7498,Donny Lucy,1,2007,404,48.68
643389,Brett Kay,1,2013,115,48.68
501711,Manuel Luciano,1,2007,164,48.68
694929,Gus Steiger,2,2021-2022,414,48.68
660298,Frank Sanchez,4,2015-2018,540,48.68
676376,Gabe Snyder,1,2018,176,48.68
833254,Yadier Crespo,1,2025,51,48.68
542605,Hector Rodriguez,4,2008-2011,514,48.68
573193,Carlton Tanabe,7,2009-2015,781,48.68
570728,Nelson Gomez,1,2009,109,48.68
488954,Julian Henson,2,2007-2008,56,48.68
668588,Caldioli Sanfler,2,2017-2018,367,48.68
518546,Evan Chambers,4,2010-2013,1399,48.68
701544,Andy Blake,2,2023-2024,339,48.67
542351,Christopher De La Rosa,1,2008,173,48.67
607361,Kyle Robinson,3,2011-2013,523,48.67
623316,Breland Almadova,4,2012-2015,1771,48.67
542386,Gilberto Guarucano,2,2008-2009,303,48.67
543748,Anthony Scelfo,3,2009-2011,1285,48.67
691372,Renny Flores,2,2021-2022,81,48.67
663561,Gage Canning,2,2018-2021,445,48.67
475108,Maxwell Sapp,2,2007-2008,650,48.67
669950,Gene Cone,2,2017-2018,814,48.66
663668,DJ Neal,3,2017-2021,600,48.66
657089,Logan Warmoth,2,2017-2018,361,48.66
491689,Alexis Marte,2,2007-2008,288,48.66
543151,Alexander Feinberg,1,2008,190,48.66
808235,Carlos Tavares,3,2023-2025,446,48.66
692397,Maikel Hernandez,5,2021-2025,382,48.66
691494,Jorge Morales,1,2021,128,48.66
596037,Chris McFarland,5,2012-2016,1927,48.66
686522,Pierce Jones,2,2021-2022,211,48.66
2900,Roberto Pérez,5,2009-2013,1733,48.66
641466,Kasey Coffman,1,2015,35,48.66
623896,Jose Queliz,6,2012-2017,886,48.66
571438,Julian Alvarez,1,2009,103,48.66
23557,Chris Roller,3,2017-2021,649,48.65
650695,Nicol Valderrey,3,2014-2016,567,48.65
692503,Victor Mesia,3,2021-2023,352,48.65
669866,Tony Pena,3,2016-2018,386,48.65
821814,Yojanser Calzado,2,2024-2025,343,48.65
800524,Toby Simmons,3,2022-2024,418,48.65
2036,Clayton Kershaw,1,2008,15,48.65
489395,Elvin Vargas,1,2007,63,48.65
553910,Bernardo Solarte,2,2009-2011,183,48.65
572028,Stephen Perez,4,2012-2015,1541,48.65
600865,Deyvi Burgos,3,2011-2013,429,48.65
660839,Samuel Favela,3,2015-2017,125,48.65
9174,Casey Kelly,3,2008-2011,312,48.65
593449,Gabriel Lino,8,2010-2017,1855,48.64
650903,Gilbert Marrero,3,2014-2016,437,48.64
642332,Oliver Toribio,3,2014-2016,328,48.64
816406,Ivan Cespedes,2,2024-2025,151,48.64
620441,Amaurys Minier,5,2013-2017,863,48.64
678675,Kelvin Hidalgo,1,2018,188,48.64
688367,Tucker Mitchell,5,2021-2025,993,48.64
467144,Luis Sumoza,4,2007-2010,1071,48.63
660679,Beicker Mendoza,4,2015-2018,581,48.63
664174,Dillon Dobson,4,2015-2018,1456,48.63
605139,David Bergin,4,2011-2014,320,48.63
624505,Anfernee Grier,3,2016-2018,730,48.63
672834,Kiumel Bastardo,2,2017-2018,83,48.63
660664,Darling Cuesto,3,2015-2017,409,48.63
806979,Gian Zapata,3,2023-2025,405,48.63
642692,Carlos Vasquez,2,2013-2014,171,48.62
674311,Brady Cox,2,2017-2018,176,48.62
665061,Gus Craig,2,2015-2016,433,48.62
489162,Joe Napoli,1,2007,422,48.62
458718,Greg Buchanan,2,2007-2008,924,48.62
521748,Ian Craze,1,2007,163,48.62
642696,Carlos Diaz,5,2013-2017,1076,48.62
601975,Deiner Lopez,7,2011-2018,1688,48.62
800368,Gery Holguin,4,2022-2025,847,48.62
620440,Jairo Beras,5,2013-2017,1439,48.62
475894,Ralph Henriquez,5,2007-2011,933,48.62
468393,Adolfo Gonzalez,3,2007-2009,879,48.62
682677,Yeiver Torrealba,2,2021-2022,134,48.62
545354,Marlon  Mitchell,2,2009-2010,140,48.62
683103,Cade Doughty,4,2022-2025,1090,48.61
603115,Smerling Lantigua,3,2011-2014,516,48.61
682714,Yoander Rivero,5,2021-2025,858,48.61
450671,David Scott,1,2007,156,48.61
25867,Ryan Kreidler,2,2021-2022,817,48.61
459960,Kris Harvey,2,2007-2008,701,48.61
606174,Jose Morel,5,2011-2015,989,48.6
572855,Trey Ford,2,2011-2012,223,48.6
471110,Juan Jean,1,2007,132,48.6
21523,Jonathan India,1,2018,184,48.6
680848,Gunn Omosako,3,2018-2022,267,48.6
650892,Eleardo Cabrera,5,2014-2018,1296,48.6
488979,Adam Howard,2,2007-2008,383,48.6
471905,Steve Brown,2,2008-2009,727,48.59
502402,Brandon Brown,2,2010-2012,542,48.59
518878,Ryan Kennedy,1,2007,123,48.59
594900,Michael Liberto,3,2010-2012,474,48.59
829963,Jefferson Vargas,1,2025,161,48.59
446165,Shane Buschini,2,2007-2008,286,48.59
641434,Derek Campbell,1,2015,358,48.59
625923,Yariel Vargas,3,2012-2014,275,48.59
448256,J.C. Holt,1,2007,490,48.59
520952,Chais Fuller,3,2007-2009,616,48.59
14818,JaCoby Jones,3,2014-2016,1508,48.59
518838,Chris Jacobs,7,2007-2013,1589,48.59
687347,Vito Friscia,1,2021,314,48.59
455394,Jose Torres,1,2007,32,48.59
665976,Fernando Valdez,3,2016-2018,568,48.59
641391,Colin Bray,5,2013-2017,1512,48.59
625070,Antonio Rodriguez,6,2012-2017,1417,48.58
527037,Kelvin De Leon,5,2008-2013,1670,48.57
596713,Matt Parker,2,2010-2011,224,48.57
19635,Sheldon Neuse,2,2017-2018,1027,48.57
457908,Jeff Dragicevich,1,2007,167,48.57
598460,Phillips Castillo,2,2011-2012,419,48.57
601711,Justin Marra,2,2012-2015,212,48.57
446046,Thomas Simmons,1,2008,166,48.57
694953,C.J. Pittaro,1,2025,503,48.57
622209,Tyler Hollick,2,2012-2013,194,48.57
543445,Nino Leyja,5,2008-2012,1114,48.57
698979,Eduardo Montero,3,2021-2023,198,48.57
616,Cole Garner,3,2007-2009,998,48.57
3044,Bruce Billings,1,2010,15,48.56
656260,Quinn Brodey,2,2017-2018,500,48.56
699016,Rubel Lebron,2,2021-2022,80,48.56
687627,Kody Huff,4,2022-2025,1166,48.56
5280,Esmerling Vasquez,2,2007-2008,66,48.56
643328,Connor Goedert,3,2014-2016,704,48.56
469715,Salvador Paredes,1,2007,207,48.56
466432,Benjamin Oviedo,1,2007,183,48.56
821673,Jurdrick Profar,2,2024-2025,355,48.56
814545,Jose Perez,3,2023-2025,426,48.56
518607,Antonio DeJesus,4,2007-2010,925,48.56
446428,Brendan Katin,1,2007,508,48.56
501240,Isaias Asencio,3,2007-2009,627,48.56
682138,John Ham,1,2018,153,48.56
554379,Randy Perez,4,2009-2012,516,48.55
642316,Brian Reyes,4,2013-2016,485,48.55
700845,Adam Zebrowski,5,2021-2025,1596,48.55
665858,Angel Medina,3,2016-2018,556,48.55
572789,Evan Crawford,3,2009-2011,1101,48.55
641875,Blake Miller,2,2013-2014,562,48.55
33280,Brice Matthews,3,2023-2025,992,48.54
682704,Jeisel Acosta,3,2021-2023,147,48.54
664694,Luke Willis,2,2015-2016,438,48.54
9414,Quintin Berry,3,2007-2009,1769,48.54
643364,Chad Hinshaw,3,2013-2015,1008,48.54
473705,Anthony Gressick,1,2008,90,48.54
593696,Yeffrey Jaquez,2,2010-2011,142,48.54
7432,Jay Jackson,4,2009-2012,117,48.54
516666,Edwin Henriquez,3,2007-2009,427,48.54
600913,Ronald Jimenez,1,2011,206,48.54
640450,Josh Hart,5,2013-2017,1446,48.54
623300,Austin Rei,3,2016-2018,1055,48.54
674043,Roman Garcia,2,2017-2018,306,48.54
572987,Ryan Lee,2,2009-2010,496,48.54
593630,Ariel Mercedes,2,2010-2011,390,48.53
678400,Jorge Rodriguez,1,2018,81,48.53
623296,Dalton Smith,3,2012-2014,328,48.53
623209,Marty Gantt,2,2013-2014,828,48.53
502279,D.J. Hollingsworth,1,2008,113,48.53
623320,Johnny Sewald,2,2016-2017,560,48.53
682782,Yesi Medina,2,2018-2021,105,48.53
699228,Jakey Josepha,5,2021-2025,1004,48.53
27471,Zach DeLoach,3,2021-2023,1623,48.52
621415,Nathan Mikolas,4,2012-2016,703,48.52
595532,Steven Mateo,6,2010-2015,1040,48.52
607253,Dillon Hazlett,3,2011-2013,875,48.52
687608,Liam Spence,2,2021-2022,283,48.52
687942,Torin Montgomery,3,2022-2024,815,48.52
3533,Mike Costanzo,2,2007-2008,1133,48.52
554269,Ifran Becerra,4,2009-2012,574,48.52
22209,Sam Huff,5,2016-2022,1313,48.52
701682,Braedon Karpathios,4,2022-2025,1319,48.52
628650,Mattia Mercuri,2,2013-2014,195,48.51
805116,Lazaro Morales,3,2022-2024,316,48.51
672700,Asdrubal Alvarez,2,2017-2018,289,48.51
691949,Jake Vogel,4,2021-2024,1613,48.51
806355,Nick Gile,1,2023,136,48.51
695493,Teo Banks,1,2025,174,48.51
672537,Dalvy Rosario,6,2018-2025,1971,48.51
682003,Garrett Martin,2,2023-2024,423,48.51
664689,Joel Booker,3,2016-2018,1358,48.51
643573,Cal Towey,2,2013-2014,862,48.5
699708,Julio Heureaux,1,2021,70,48.5
459441,Maxwell Leon,2,2007-2008,727,48.5
657704,T.J. Olesczuk,3,2014-2016,525,48.5
502237,Jonathan Baksh,2,2007-2008,356,48.5
700175,Gabriel Terrero,3,2021-2023,545,48.5
821628,Dayquer Alfonzo,2,2024-2025,229,48.5
606232,Humberto Garcia,4,2011-2014,732,48.5
821596,Erick Lugo,2,2024-2025,152,48.5
665835,Jesus Munoz,3,2016-2018,437,48.5
694484,Max Wagner,4,2022-2025,1000,48.5
658279,Dillon Everett,1,2014,123,48.49
645889,Wilson Amador,4,2014-2017,861,48.49
456430,Nate Sutton,1,2007,593,48.49
642424,Ledernin Tejada,2,2013-2014,399,48.49
691568,Geremias Valencia,1,2021,120,48.49
812749,Raynier Ramirez,3,2023-2025,446,48.49
805108,Deivis Mosquera,3,2022-2025,456,48.49
543876,Michael Vass,2,2008-2009,535,48.48
683883,Derek Escobar,2,2021-2022,236,48.48
593835,Rockny Martinez,4,2010-2013,668,48.48
464423,Carlos Colmenares,4,2007-2010,937,48.48
622690,Jean Carlos Cortorreal,2,2012-2013,225,48.48
677295,Micah Bello,4,2018-2023,591,48.48
678687,Emilson Rosado,1,2018,204,48.47
543374,Travis Jones,5,2008-2012,565,48.47
595108,Jimmy Allen,2,2014-2015,631,48.47
607233,Adam Ehrlich,5,2011-2015,408,48.47
622807,Andres Sotillo,6,2012-2018,679,48.47
544370,Yen-Wen Kuo,2,2008-2009,358,48.47
800396,Estiven Giron,3,2022-2024,294,48.47
19788,Zach Remillard,3,2016-2018,1110,48.47
643228,Jimmy Bosco,2,2014-2015,443,48.47
570686,Candido Pimentel,5,2009-2013,1064,48.47
446404,Josh Ford,1,2007,292,48.46
543814,Joel Staples,1,2009,116,48.46
668792,Pat DeMarco,2,2021-2022,601,48.46
687257,Christian Johnson,2,2021-2022,140,48.46
25476,Cam Eden,2,2021-2022,584,48.46
678637,Luis Baez,4,2018-2023,480,48.46
691910,Randy Vasquez,3,2021-2023,301,48.46
502338,Joey Callender,2,2007-2008,714,48.46
24491,Travis Swaggerty,3,2018-2022,577,48.46
518798,Ryan Hill,2,2007-2008,188,48.45
19244,Cole Irvin,2,2017-2018,39,48.45
682878,Mishael Deson,2,2021-2022,452,48.45
687679,Angel Galarraga,4,2021-2024,333,48.45
660529,Alejandro Garcia,2,2015-2016,188,48.45
800186,Moises Molero,3,2022-2024,473,48.45
667510,Joe Robbins,1,2018,110,48.45
542525,Victor Ferreira,3,2008-2010,235,48.45
609113,Angel Montilla,3,2011-2013,375,48.45
543336,Tyler Howe,2,2008-2009,125,48.45
25690,Grant McCray,5,2021-2025,2237,48.44
801256,Danny Gonzalez,4,2022-2025,361,48.44
606319,Yefaine Jerald,1,2011,247,48.44
669869,Rhandall Sanchez,2,2017-2018,279,48.44
682174,Joseph Pena,1,2018,12,48.44
543567,Jason Morales,2,2008-2009,323,48.44
642687,Jean Estrella,3,2013-2015,470,48.44
806968,Ludwing Espinoza,3,2023-2025,526,48.43
466442,Francisco Frias,2,2007-2008,306,48.43
608364,Nellie Rodriguez,7,2012-2018,2845,48.43
444952,Jordan Lennerton,3,2008-2010,1199,48.43
606311,Carlos Martinez,4,2011-2014,540,48.43
656398,Jordan Edgerton,3,2014-2016,1190,48.43
517380,Alberto Diaz,4,2007-2010,1523,48.43
614171,Daniel Bravo,5,2012-2016,828,48.43
690914,Brody Moore,4,2022-2025,1202,48.43
490941,Seth Johnston,1,2007,405,48.43
650589,Louis Silverio,4,2014-2017,781,48.43
821808,Allen Ajoti,2,2024-2025,132,48.43
502167,Seth Fortenberry,2,2007-2008,1072,48.43
518766,Clark Hardman,1,2007,142,48.42
659430,Matt Warkentin,1,2021,104,48.42
814451,Jakob Christian,2,2024-2025,447,48.42
813620,Carson Rucker,3,2023-2025,486,48.42
452769,Frank Curreri,1,2007,356,48.42
665421,Ryan Sebra,2,2015-2016,298,48.42
543658,Bryan Pounds,2,2009-2010,830,48.42
661392,Sanel Rosendo,4,2015-2018,559,48.42
703632,Nomar Diaz,4,2022-2025,168,48.42
490563,Robbie Hudson,2,2007-2008,725,48.42
641516,David Denson,4,2013-2016,1269,48.41
678835,Wilfrido Matos,3,2018-2022,284,48.41
678776,Randy Rodriguez,1,2018,156,48.41
675455,Milan Tolentino,5,2021-2025,2028,48.41
607459,Cody Bartlett,2,2011-2012,153,48.41
664734,Justin Harrer,1,2018,128,48.41
690971,Chase Davis,3,2023-2025,1100,48.41
543582,Jim Murphy,3,2008-2010,1046,48.41
642425,Kelvin Estevez,3,2013-2015,556,48.41
696058,Andre Arthur,2,2021-2022,173,48.41
833228,Edwilmin Matos,1,2025,128,48.4
691710,Vincent Perozo,5,2021-2025,1146,48.4
527041,Jae-Hyung Jang,1,2008,56,48.4
688556,Brandon Parker,3,2021-2023,771,48.4
665798,Ronny Brito,4,2016-2021,799,48.4
26295,Oliver Dunn,2,2021-2022,351,48.4
682170,Andrew Martinez,1,2021,293,48.4
678419,Diowill Burgos,3,2018-2022,665,48.4
674029,Brhet Bewley,2,2018-2021,450,48.4
686742,Leodany Perez,2,2021-2022,284,48.4
678427,Richgelon Juliana,2,2018-2021,293,48.4
519100,Joey Paciorek,7,2007-2013,1228,48.4
467149,Ramon Pena,2,2007-2008,140,48.39
650890,Alexander Alvarez,5,2014-2018,600,48.39
682090,Gionti Turner,5,2018-2024,948,48.39
596020,Hunter Lockwood,2,2013-2015,554,48.39
516648,Alejandro Hodge,3,2007-2009,514,48.39
688449,TT Bowens,2,2021-2022,823,48.39
594574,Jonathan Kaskow,1,2010,188,48.39
9920,Matt Maloney,2,2007-2008,53,48.39
501470,Kelvin Castro,5,2007-2012,1353,48.39
521288,Jose Vigay,3,2007-2009,271,48.39
548365,D.J. Crumlich,2,2013-2014,413,48.39
823489,Alejandro Castellano,2,2024-2025,176,48.39
682633,Eduardo Garcia,5,2021-2025,1838,48.39
502252,Ron Bourquin,3,2007-2009,1083,48.39
672630,Oscar Alvarez,2,2017-2018,156,48.39
656280,Austin Byler,3,2015-2017,1142,48.38
3959,David Carpenter,1,2008,73,48.38
678021,Nicholas Northcut,4,2018-2023,1284,48.38
519111,Kevin Patterson,3,2011-2013,993,48.38
660559,Edgar Pineda,3,2015-2017,500,48.38
518733,Luke Gordon,1,2007,54,48.38
501578,Neder Severino,2,2007-2008,344,48.38
699082,Yhoangel Aponte,5,2021-2025,1198,48.38
3789,Tommy Manzella,1,2007,505,48.37
672703,Miguel Molina,1,2017,111,48.37
623249,Ryan Dalton,3,2012-2014,602,48.37
522068,Jose Bonilla,5,2008-2012,1322,48.37
543139,Dean Espy,3,2011-2014,858,48.37
821801,Rafy Peguero,2,2024-2025,253,48.37
595958,Ryan Garvey,2,2012-2013,334,48.37
678254,Javier Bermudez,1,2018,192,48.37
13356,Bubba Starling,6,2012-2017,2433,48.37
669470,Paxton Wallace,2,2021-2023,257,48.37
501536,Silvio Pena,2,2007-2008,380,48.37
695742,Hudson White,2,2024-2025,340,48.37
19667,Zach Reks,2,2017-2018,523,48.37
491695,Ivan Contreras,5,2007-2011,1267,48.37
821008,Eddy Marmolejos,2,2024-2025,289,48.37
573580,Connor Lind,2,2009-2010,254,48.37
805234,Tyler Robertson,3,2022-2024,665,48.36
519444,Josh Workman,3,2008-2010,309,48.36
650388,Rafael Toribio,2,2014-2015,286,48.36
544825,Jose Garcia,5,2008-2013,1207,48.36
665820,Wander Javier,4,2016-2022,1078,48.36
2312,Dusty Ryan,3,2007-2009,842,48.36
829897,Jose Martinez,1,2025,82,48.36
669863,Melvin Mendez,1,2016,40,48.36
669702,Armani Smith,3,2021-2023,844,48.36
594831,Chance Gilmore,1,2010,168,48.36
3950,Matt Magill,3,2012-2014,61,48.36
542299,Alexis Elie,2,2008-2009,231,48.35
573165,Rand Smith,2,2010-2011,576,48.35
19938,Aaron Whitefield,5,2015-2021,1406,48.35
669918,Jeremy Ydens,2,2021-2022,406,48.35
802560,Ichiro Cano,2,2024-2025,417,48.35
518597,Runey Davis,3,2009-2012,329,48.35
16947,Derek Hill,5,2014-2018,1419,48.35
800438,Andrés Nolaya,4,2022-2025,569,48.35
672621,Miguel Torres,3,2017-2021,269,48.34
595467,James Wood,1,2010,120,48.34
682560,Kiki Menendez,1,2018,231,48.34
516655,Jose Nivar,4,2007-2010,574,48.34
545137,Omar Viloria,2,2008-2009,123,48.34
642183,Ryan Walker,4,2013-2016,1241,48.34
665927,Reniel Ozuna,4,2016-2021,704,48.33
545045,Roberto Ramos,3,2008-2010,187,48.33
678825,Eduardo Salazar,4,2018-2023,540,48.33
685084,Jordan Brewer,2,2021-2022,523,48.33
641973,Ryan Peurifoy,2,2017-2018,421,48.33
687493,Luke Brown,3,2021-2023,510,48.33
17292,Javy Guerra,6,2013-2018,2350,48.33
468515,Ramon Ramirez,2,2008-2009,586,48.33
487676,Israel Nunez,3,2007-2009,352,48.32
11713,Matt Harvey,1,2012,17,48.32
517019,Tomas Francisco,4,2007-2010,572,48.32
518855,D.J. Jones,1,2008,165,48.32
518588,Jeffrey Cunningham,3,2007-2009,1045,48.32
458932,Larry Williams,1,2007,480,48.32
694199,Fran Alduey,4,2021-2024,617,48.32
678801,Jhoan Paulino,3,2018-2022,649,48.32
670371,Tyler Wolfe,2,2016-2017,193,48.32
543004,Kes Carter,3,2012-2014,1120,48.32
607241,Tony Caldwell,3,2011-2013,505,48.32
594785,Chris Clinton,1,2010,88,48.31
650658,Keinner Piña,6,2014-2021,1354,48.31
572391,Victor Roache,4,2013-2016,1682,48.31
502975,Jackson Brennan,1,2007,491,48.31
573608,Daniel DeGeorge,3,2009-2011,179,48.31
542878,Calvin Anderson,3,2009-2011,1195,48.31
489090,Michael Massaro,2,2007-2008,931,48.31
830239,Aaron Walton,1,2025,71,48.31
544744,Geulin Beltre,6,2008-2013,1901,48.31
22116,Hagen Danner,2,2017-2018,273,48.3
692028,Ignacio Ramos,1,2021,46,48.3
829822,Daonil Montero,1,2025,112,48.3
682898,Ricardo Balogh,4,2021-2024,733,48.3
694884,Jalen Vasquez,3,2023-2025,745,48.3
517350,Juan Crousset,6,2007-2013,1371,48.3
679733,Raimfer Salinas,3,2018-2022,445,48.3
830002,Rayner Herrera,1,2025,156,48.3
693306,Aaron Sabato,3,2021-2023,1230,48.3
834886,Jonathan Alcantara,1,2025,81,48.3
12545,Drew Gagnon,2,2013-2014,62,48.3
519489,Roberto Sabates,1,2007,114,48.29
543416,Jake Kuebler,5,2008-2012,1131,48.29
622553,Emmanuel Salas,3,2012-2014,383,48.29
434598,Miguel Negron,1,2007,566,48.29
800181,Albert Millan,1,2022,25,48.29
644537,Parker Hipp,1,2013,75,48.29
623496,Jared Reaves,4,2012-2015,1075,48.29
677664,Oscar Olivares,2,2017-2018,354,48.29
682794,Axel James,2,2021-2022,261,48.29
829745,Rodrigo Gonzalez,1,2025,115,48.29
595020,Shea Vucinich,4,2010-2013,1580,48.29
699721,Jorge Garcia,3,2021-2024,250,48.29
677610,D'Shawn Knowles,5,2018-2024,1807,48.28
660575,Johan Encarnacion,2,2015-2016,193,48.28
516664,Garabez Rosa,8,2007-2014,2723,48.28
821085,Jhoan Peguero,2,2024-2025,282,48.28
680623,Junior Guerrero,1,2018,161,48.28
669141,Cal Jones,3,2016-2018,769,48.28
468490,Luis Gomez,1,2007,92,48.28
673957,Davis Tavárez,4,2017-2022,711,48.28
502492,Gordon Gronkowski,1,2007,277,48.28
650523,Maiker Feliz,5,2014-2018,822,48.28
657665,Hector Lorenzana,2,2014-2015,202,48.28
8989,Matt Young,1,2007,395,48.28
664344,Alexander Rodriguez,2,2015-2016,166,48.28
643279,Dustin DeMuth,3,2014-2016,1120,48.27
621597,Franklin Navarro,6,2012-2018,889,48.27
687823,Aaron Shackelford,1,2021,421,48.27
607261,Dusty Robinson,4,2011-2014,1410,48.27
683649,Angeudis Santos,3,2021-2023,496,48.27
835740,Joshua Fermin,1,2025,109,48.27
5524,Madison Bumgarner,1,2010,15,48.27
570616,Junior Arias,8,2009-2016,2388,48.27
27698,Eric Yang,2,2021-2022,454,48.26
682040,Jordan Qsar,1,2018,170,48.26
7882,Josh Lindblom,2,2009-2010,54,48.26
800429,Freddy Espinal,1,2022,36,48.26
595207,Justin Fradejas,1,2011,99,48.26
830009,Lisandro Sanchez,1,2025,191,48.26
808253,Yhoan Escalona,3,2023-2025,212,48.26
543544,Brandon Miller,2,2013-2014,810,48.26
806518,Guillermo Rosario,3,2023-2025,511,48.26
800475,Donis Rodriguez,2,2022-2023,162,48.26
692060,Jhorjan Guevara,2,2021-2022,244,48.26
701737,Myles Smith,1,2025,265,48.26
602724,Lenny Pena,2,2011-2012,415,48.26
593603,Tonguar Perez,2,2010-2011,291,48.25
666621,Luis Diaz,3,2016-2018,601,48.25
501663,Kevin Soto,3,2007-2009,555,48.25
700716,Jose Marcano,4,2021-2024,153,48.25
14567,Franchy Cordero,7,2012-2018,2097,48.25
702042,Trendon Craig,3,2021-2023,691,48.25
606108,Diego Gonzalez,2,2011-2012,254,48.25
703195,Bryan Acuña,4,2022-2025,759,48.25
465741,Victor Serrano,1,2007,129,48.25
665640,Kleiber Maneiro,1,2016,92,48.25
806304,Noah Williams,3,2022-2024,324,48.25
800378,Dennys Riera,4,2022-2025,587,48.24
542280,Edwin Castillo,2,2008-2009,297,48.24
672596,Robert Perez Jr.,6,2017-2024,2425,48.24
448697,Alan Rick,1,2007,253,48.24
684527,Jose Garcia,2,2021-2022,84,48.24
667653,Zander Clarke,1,2018,81,48.24
672479,Aldenis Sanchez,5,2017-2023,1157,48.24
594999,Tim Smalling,1,2012,295,48.24
573631,Fernando De Los Santos,5,2009-2013,729,48.23
25434,Will Wilson,3,2021-2023,1230,48.23
678475,Jose Colon,1,2018,215,48.23
683581,Jose Berroa,1,2021,132,48.23
506691,Frank Almonte,3,2007-2009,587,48.23
542952,Shane Boras,1,2011,52,48.23
605318,Cody Koback,3,2011-2013,906,48.22
489163,Chris Nash,3,2007-2009,952,48.22
816152,DJ Layton,1,2025,135,48.22
821249,Diego Gonzalez,2,2024-2025,185,48.22
677577,Ynmanol Mariñez,5,2018-2024,1382,48.22
518845,Benji Johnson,4,2007-2010,693,48.22
684922,Dalton Shuffield,2,2022-2023,342,48.22
672835,Luis Diaz,2,2017-2018,278,48.22
542475,Agustin Avila,2,2008-2009,508,48.21
656736,Kevin Merrell,1,2018,301,48.21
622483,Jose De Luna,3,2012-2014,360,48.21
642744,Yeffri Soto,1,2013,111,48.21
522868,Derek Lehrman,2,2007-2008,229,48.21
645160,David Reid-Foley,1,2013,58,48.21
527044,Kevin Moscatel,3,2008-2010,272,48.21
692417,Willmer De La Cruz,4,2021-2024,567,48.21
641922,Tanner Norton,2,2013-2014,272,48.21
450636,Dwayne White,1,2007,387,48.2
809337,Jayden Felicia,3,2023-2025,445,48.2
681591,Fleury Nova,2,2018-2021,198,48.2
691611,Mauro Garcia,1,2021,24,48.2
519221,Dan Rohlfing,7,2007-2013,1589,48.2
570701,Alvaro Blanco,3,2009-2011,346,48.2
808864,Raider Tello,2,2024-2025,456,48.19
666386,Archer Brookman,1,2023,88,48.19
572675,Anthony Aliotti,3,2010-2012,1668,48.19
621436,Vince Jackson,1,2017,360,48.19
658544,Adanlis Martinez,2,2015-2016,332,48.19
623324,Raymond Hunnicutt,2,2012-2013,148,48.19
593650,Samuel Valdez,2,2010-2011,396,48.19
594920,James McDonald,2,2013-2014,190,48.18
666124,Luke Berryhill,2,2021-2022,730,48.18
29782,Niko Kavadas,3,2021-2023,1053,48.18
644413,Francys Peguero,2,2013-2014,130,48.18
660673,Marcos Martinez,3,2015-2017,403,48.18
502284,Jose Kianes,2,2008-2009,150,48.18
650825,Jeremias Portorreal,5,2014-2018,1038,48.18
9787,Steven Baron,7,2009-2015,1705,48.18
800140,Kendry Chirinos,4,2022-2025,876,48.17
504222,Joelvis Gonzalez,1,2007,193,48.17
687201,Kevin Kilpatrick Jr.,4,2022-2025,1571,48.17
554376,Cesar Soto,2,2009-2010,445,48.17
645280,Jose Caraballo,5,2014-2018,1109,48.17
656275,Dylan Busby,1,2018,177,48.17
642843,Ryan Kinsella,1,2013,51,48.17
644414,Adam Pendleton,1,2013,48,48.17
519226,Kenneth Roque,4,2007-2010,526,48.17
541622,Kaizer Inojosa,2,2008-2009,224,48.17
678838,Erickvi Celedonio,1,2018,263,48.17
801887,Kole Myers,1,2025,423,48.17
691607,Alberto Ciprian,2,2021-2022,279,48.17
687667,Luis Valdez,4,2021-2024,1050,48.17
570775,Oscar Perez,3,2009-2011,428,48.17
689211,Griffin Mazur,1,2021,65,48.16
679299,Aaron Ackerman,1,2018,93,48.16
570228,Luis Villegas,2,2009-2010,212,48.16
458593,Joey Howell,1,2007,66,48.16
607276,Rhett Stafford,2,2011-2012,196,48.16
665928,Luis Martinez,3,2016-2018,290,48.16
664978,Jacob Cooper,3,2015-2017,365,48.15
26208,Tyler Fitzgerald,2,2021-2022,951,48.15
622197,Rashad Crawford,6,2012-2018,1821,48.15
699035,Jensy De Leon,4,2021-2024,354,48.15
570803,Ronny Gil,4,2009-2013,1409,48.15
622200,Ariel Estades,3,2012-2015,334,48.15
518945,Mike Loberg,1,2009,225,48.15
815579,Donte Grant,3,2023-2025,311,48.14
643212,Corey Bass,1,2014,102,48.14
658545,Brailin Mesa,3,2015-2017,379,48.14
543143,Nicholas Farnsworth,3,2008-2010,516,48.14
644365,Luis Ayala,5,2014-2018,1367,48.14
623235,Mike McQuillan,3,2012-2014,706,48.14
800284,Gueile Borrome,2,2022-2023,272,48.14
650531,Brad Zunica,4,2015-2018,1402,48.14
641603,Stephen Gaylor,3,2014-2016,678,48.14
673361,Albert Hinirio,2,2017-2018,324,48.14
664832,Zack Shields,2,2015-2016,579,48.14
607267,James Howick,1,2012,273,48.14
4863,Brent Clevlen,2,2007-2008,958,48.14
592551,Kelvin Mention,2,2010-2012,98,48.13
801442,Jack Pineda,2,2023-2024,790,48.13
665983,Kelvin Alarcon,4,2016-2022,671,48.13
572755,Garrett Cannizaro,1,2013,215,48.13
825156,Breyner Figuereo,1,2025,143,48.13
19529,Cam Vieaux,1,2018,13,48.13
606312,Hector Veloz,3,2011-2014,486,48.13
701337,Ethan Petry,1,2025,101,48.13
570610,Ponciano Flores,4,2009-2012,264,48.13
660768,Luis Olmos,2,2015-2016,190,48.13
594811,Derek Eitel,1,2012,34,48.13
489722,Matt Sharp,1,2007,199,48.13
660656,Irwin Chirinos,2,2015-2016,181,48.13
660791,Jorgen Rosas,4,2015-2018,760,48.12
517421,Andrewis Martinez,1,2007,123,48.12
657441,Brandon Thomasson,2,2014-2015,336,48.12
691006,Kevin Parada,4,2022-2025,1390,48.12
670346,Walker Olis,2,2016-2017,370,48.12
671217,Sam Praytor,3,2021-2023,260,48.12
446088,Adrian Casanova,1,2007,101,48.12
657597,Griff Gordon,2,2014-2015,259,48.12
622559,Dionis Rodriguez,5,2012-2016,604,48.12
650707,Hanser Ortiz,3,2014-2016,646,48.12
8270,Casey Coleman,4,2009-2012,113,48.12
664902,Eric Toole,2,2016-2017,102,48.11
593441,Fermin Galvez,2,2010-2011,174,48.11
18821,José Azócar,6,2013-2018,2108,48.11
682045,Dalton Hurd,1,2018,88,48.11
671157,Tyler Keenan,2,2021-2022,457,48.11
664844,Tucker Tubbs,1,2017,417,48.11
800289,Dangelo Sarmiento,4,2022-2025,311,48.11
19966,Bobby Dalbec,2,2017-2018,904,48.1
542619,Gino Moranci,4,2008-2011,510,48.1
670126,Tyler Bugner,2,2016-2018,329,48.1
815459,Ross Friedrick,2,2023-2024,320,48.1
692551,Johan Benitez,4,2021-2024,626,48.1
666917,Louis Boyd,2,2017-2018,546,48.1
642002,Michael Reed,2,2017-2018,885,48.1
642224,K.J. Woods,4,2013-2016,919,48.1
573012,Charlie Markson,1,2013,209,48.1
702574,David Mershon,2,2024-2025,493,48.1
800403,Juan Zapata,2,2022-2023,122,48.1
518484,Bo Bowman,3,2007-2009,337,48.09
701401,Canyon Brown,2,2024-2025,269,48.09
572681,Nick Ammirati,1,2013,23,48.09
596953,Ivan Marin,1,2010,73,48.09
694204,Maikol Hernández,5,2021-2025,1140,48.09
830404,Moises Rangel,1,2025,82,48.09
682012,Ryan Ramiz,1,2018,58,48.09
670435,Bruce Yari,3,2016-2018,975,48.09
502453,Ryan Groth,2,2008-2009,300,48.08
821604,Manuel Dos Passos,2,2024-2025,283,48.08
801471,Austin Deming,2,2023-2024,561,48.08
656074,Enmanuel Beltre,2,2014-2015,145,48.07
570245,Hector Suarez,3,2009-2011,401,48.07
543048,Sean Conner,3,2008-2010,478,48.07
644432,Raymundo Torres,1,2013,102,48.07
595351,Ethan Paquette,1,2010,156,48.07
602514,Seong-min Kim,3,2012-2014,96,48.07
473715,Michael Main,3,2007-2013,439,48.07
572284,Nelfi Zapata,5,2009-2015,692,48.07
666618,Rafael Rincones,3,2016-2018,490,48.07
665341,Ford Stainback,1,2015,180,48.06
665560,Jhailyn Ortiz,5,2016-2023,1930,48.06
678111,Ty Penner,2,2022-2023,130,48.06
554343,Freudys Perez,1,2009,133,48.06
672717,Leonardo Gonzalez,1,2017,215,48.06
657725,Jarrard Poteete,1,2014,121,48.06
469231,Daniel Bravo,1,2007,152,48.06
669447,Cole Brannen,3,2017-2021,578,48.06
607086,Troy Snitker,2,2011-2012,210,48.06
800465,Neifi Vasquez,2,2022-2023,389,48.06
593738,Eladio Moronta,3,2010-2013,495,48.06
448646,Sean McCraw,4,2007-2010,992,48.05
658653,Eduardo Parra,1,2014,21,48.05
453419,Curt Bradley,1,2007,64,48.05
543412,Mike Konstanty,2,2008-2009,420,48.05
665932,Carlos Ventura,2,2016-2017,182,48.05
606997,Brendon Hayden,1,2016,261,48.05
677925,Lewis Baez,2,2017-2018,170,48.05
644411,Oliver Ortiz,6,2013-2018,585,48.05
642235,Nick Zammarelli III,2,2017-2018,954,48.05
813916,Kellon Lindsey,1,2025,161,48.05
681736,Fidel Almario,1,2018,192,48.05
809719,Austin Green,2,2024-2025,213,48.05
607588,Jordan Johnson,2,2017-2018,48,48.05
641303,Forrestt Allday,2,2014-2015,567,48.05
681861,Kevin Melendez,1,2018,115,48.05
650565,Josh Anderson,1,2016,133,48.04
699111,Diego Omana,5,2021-2025,563,48.04
670112,Anthony Villa,3,2016-2018,767,48.04
456483,Larry Infante,2,2007-2008,669,48.04
464381,Robert Vasquez,1,2007,153,48.04
502095,Luke Stewart,2,2010-2011,411,48.03
650850,Hector Arocha,2,2014-2015,85,48.03
660723,Ricardo Baez,2,2015-2016,263,48.03
598878,Keenan Wiley,2,2010-2011,517,48.03
803288,Andrew Kachel,3,2022-2024,703,48.03
670368,Preston Scott,2,2017-2018,719,48.03
489137,Caleb Moore,1,2007,176,48.03
514973,Gemmy Gonzalez,3,2007-2009,561,48.03
642338,Robinson Palacio,1,2013,51,48.02
592535,Jason Martinson,3,2011-2013,1610,48.02
682802,Giancarlos Santana,1,2021,79,48.02
467047,Jose Campusano,1,2007,113,48.02
456873,Matthew Morizio,2,2007-2008,470,48.02
677965,Jimmy Kerrigan,2,2017-2018,572,48.02
501475,Sandy Hernandez,1,2007,15,48.02
641521,Edwin Díaz,6,2013-2018,1709,48.01
693710,Andri Leon,2,2022-2023,278,48.01
678890,Jandel Paulino,2,2018-2021,227,48.01
571929,Brennan May,2,2011-2012,234,48.01
451715,Luis Nunez,3,2007-2010,971,48.01
682707,Jeremy De La Rosa,5,2021-2025,1792,48.01
680846,Pablo Aliendo,6,2018-2025,1722,48.01
489101,Michael McCormick,2,2008-2009,785,48.01
623256,Angel Ibanez,2,2012-2013,376,48.0
606173,Leandro Mateo,3,2011-2013,221,48.0
659391,Cole MacLaren,1,2021,90,48.0
542302,Arturo Santana,3,2008-2010,223,48.0
702292,Chase Luttrell,3,2022-2024,623,48.0
519281,Devin Shines,3,2011-2013,726,48.0
606163,Kevin Calderon,4,2011-2014,371,48.0
682625,Antonio Gomez,5,2021-2025,1271,47.99
542870,J.D. Alfaro,3,2008-2010,799,47.99
808393,Carlos Concepcion,3,2023-2025,528,47.99
664988,Josh Rolette,2,2017-2018,217,47.99
501909,Anthony Esquer,2,2007-2008,241,47.99
624004,Jose Rosa,4,2012-2015,366,47.98
663807,Nick Dalesandro,2,2018-2021,440,47.98
542528,Fernand Cruzado,2,2008-2009,112,47.98
665883,Yeison Coca,5,2016-2022,1271,47.98
678851,Manuel Garcia,3,2018-2022,469,47.98
623189,Michael Vaughn,2,2012-2013,225,47.98
655991,Eudys Rivera,4,2014-2017,536,47.98
668211,Justin Gomez,1,2021,31,47.98
500892,Jhon Goncalves,7,2007-2013,2264,47.98
641913,Tucker Neuhaus,6,2013-2018,1626,47.98
687035,Bryan Arias,1,2021,202,47.98
815874,Nick Roselli,2,2024-2025,415,47.98
821002,Franchely Silverio,2,2024-2025,221,47.98
678721,Angel Baptista,1,2018,51,47.98
663513,Reynaldo Rivera,2,2018-2021,823,47.98
607704,Edward Rohan,1,2011,62,47.97
572210,Dylan Tonneson,1,2009,82,47.97
814791,Jared Sundstrom,3,2023-2025,1067,47.97
643273,Garrett Custons,1,2013,61,47.97
681132,Max Ferguson,4,2021-2024,1164,47.97
820991,Christofer Reyes,2,2024-2025,344,47.97
800333,Alessandro Duran,3,2022-2025,364,47.97
470482,Ronald Pena,3,2007-2009,393,47.97
650955,Yimmelvyn Alonzo,4,2014-2017,893,47.97
650954,Jose Almonte,5,2014-2018,934,47.97
691726,Kevin Sim,3,2023-2025,686,47.97
5238,Isaac Galloway,7,2008-2014,2136,47.96
672882,Ismael Alcantara,5,2017-2023,1402,47.96
621465,Billy Endris,2,2016-2017,283,47.96
605502,Nico Taylor,3,2011-2013,366,47.96
831107,Michael Cordero,1,2025,128,47.96
830481,Degerson Diaz,1,2025,11,47.96
676015,Jaime Perez,2,2017-2018,329,47.96
665893,Ronaldo Pulgar,3,2016-2018,587,47.96
592286,Packy Elkins,3,2010-2012,580,47.96
691467,Yeudi Advincola,3,2021-2023,316,47.95
672568,Warnel Valdez,2,2017-2018,303,47.95
453261,Keanon Simon,1,2008,381,47.95
657687,Trent Miller,1,2014,150,47.95
669219,Je'Von Ward,5,2017-2024,1258,47.94
623261,Shaun Valeriote,1,2012,101,47.94
445589,Michael Megrew,1,2007,21,47.94
500666,Domnit Bolivar,6,2007-2012,1987,47.94
593132,Michael Alamanzar,2,2010-2011,102,47.94
660659,Leobaldo Cabrera,5,2015-2022,1120,47.94
607966,Tim Roberson,2,2013-2014,717,47.94
677598,Larry Ernesto,2,2018-2021,332,47.94
593811,Robert Ramirez,6,2010-2015,1405,47.94
451586,Walter Diaz,2,2008-2009,263,47.93
808818,David Smith,3,2023-2025,670,47.93
489392,A.J. Van Slyke,2,2007-2008,472,47.93
686340,Mario Fernandez,3,2021-2023,186,47.93
695276,Jacoby Long,1,2024,70,47.93
607281,Will Skinner,3,2011-2013,736,47.93
677930,Alejandro Marte,2,2017-2018,165,47.93
829758,Elias Reyno,1,2025,184,47.92
519193,Hilton Richardson,5,2007-2011,1280,47.92
571631,Aaron Dudley,2,2011-2012,509,47.92
689537,Marc Filia,1,2023,257,47.92
815008,Yadimir Fuentes,2,2024-2025,249,47.92
444571,Eliezer Zambrano,4,2007-2011,300,47.92
504314,Ryan Barba,2,2007-2009,574,47.92
445274,Ramon Santana,4,2007-2010,1020,47.92
656778,Taylor Munden,2,2015-2016,173,47.92
8848,Ali Solis,6,2007-2012,1173,47.92
692110,Core Jackson,1,2025,108,47.92
687285,Troy Schreffler Jr.,4,2022-2025,760,47.92
800627,Christopher Paciolla,4,2022-2025,664,47.91
517628,Jesus Navarro,4,2007-2011,333,47.91
695013,Kalae Harrison,3,2023-2025,418,47.91
642698,Darlyn Mota,4,2013-2016,639,47.91
467734,Cesar Cordido,1,2007,101,47.91
573239,David Wendt,3,2009-2011,178,47.91
687078,Jasiah Dixon,2,2021-2022,363,47.91
692027,Jose Sanabria,5,2021-2025,1256,47.91
676734,Julio Gonzalez,2,2017-2018,403,47.91
808033,Jonathan Rivero,3,2023-2025,385,47.91
820939,Santiago Ramos,2,2024-2025,67,47.91
680711,Cole Roederer,5,2018-2024,1277,47.91
596335,Brian Harris,1,2010,122,47.91
502287,Michael Pericht,4,2009-2012,994,47.91
596113,Drew Stiner,2,2012-2013,56,47.91
665131,Jonathon Arrowood,1,2016,162,47.9
572885,Walker Gourley,4,2009-2014,963,47.9
650338,Emmanuel Morel,4,2014-2017,690,47.9
821282,Diego Flores,2,2024-2025,108,47.9
572085,Michael Rockett,3,2010-2012,992,47.9
820994,Brayan Amoroso,2,2024-2025,300,47.9
670030,Kole Enright,3,2016-2021,645,47.9
519036,John Mollicone,2,2007-2009,234,47.9
682109,Justin Toerner,2,2018-2021,393,47.9
665872,Gregory Guerrero,4,2016-2022,655,47.9
521811,Anthony Phillips,6,2007-2014,1854,47.89
542757,Julio A. Martinez,2,2008-2009,107,47.89
622768,Juan Ortiz,5,2012-2016,986,47.89
548356,Francis Larson,1,2011,154,47.89
595293,Trygg Danforth,1,2010,171,47.89
554371,Jesus Galindo,6,2009-2015,1900,47.89
687136,Spencer Henson,2,2021-2022,297,47.89
683389,Danyer Sanabria,3,2021-2023,473,47.88
572846,Arby Fields,3,2013-2015,650,47.88
694321,Fernando Amaro,1,2021,36,47.88
678360,Juan Mena,1,2018,115,47.88
679487,Andres Parra,1,2018,242,47.88
607967,Nick Natoli,2,2011-2012,285,47.88
690903,Lucas Dunn,3,2021-2023,1220,47.87
676331,Tyler Ratliff,2,2017-2018,371,47.87
25479,Brenton Doyle,2,2021-2022,972,47.87
621528,Wade Wass,3,2014-2016,901,47.87
502335,Tyler Henson,6,2007-2012,2424,47.87
461735,Manuel Rodriguez,2,2008-2009,844,47.86
570146,Brayan Arias,4,2009-2012,505,47.86
605118,Jerrell Allen,4,2011-2014,424,47.86
663517,Travis Moniot,2,2018-2021,343,47.86
605221,Tanner English,4,2014-2017,1186,47.86
659635,Matt Jones,2,2015-2016,195,47.86
452717,Javon Moran,1,2007,503,47.86
4359,Kyle Drabek,1,2009,19,47.86
665331,Jhonniel Alvarez,1,2015,62,47.85
824649,Nathan Rose,1,2025,147,47.85
467145,Yossandy Garcia,2,2007-2008,216,47.85
682647,Omar Florentino,3,2021-2023,468,47.85
643585,Justin Viele,2,2013-2014,312,47.85
592469,Matt Kirkland,2,2010-2011,233,47.85
581673,David Villasuso,3,2011-2013,261,47.85
3299,Chris Hatcher,3,2007-2009,835,47.85
698991,Winder Diaz,4,2021-2024,583,47.84
672692,Jose Peroza,6,2017-2024,1770,47.84
659866,Bryan Brito,1,2015,176,47.84
622530,Pablo Urena,4,2012-2015,415,47.84
641720,Jhalan Jackson,2,2016-2017,762,47.84
575312,Austin Markel,2,2009-2010,145,47.84
823809,Nick Monistere,1,2025,114,47.84
669017,Cam Shepherd,1,2021,316,47.84
571492,Patrick Biondi,2,2014-2015,838,47.84
502021,Matthew McCarney,1,2008,35,47.84
656506,Chase Harris,2,2014-2015,376,47.84
446092,Gregory Dini,1,2007,84,47.83
681735,Juan Loyo,3,2018-2022,293,47.83
613587,Sean Hurley,2,2013-2014,240,47.83
679350,Felix Negueis,3,2021-2023,522,47.83
592671,Roberto Reyes,2,2010-2011,128,47.83
543465,Xavier Lopez,2,2009-2010,143,47.83
572053,Hector Rabago,3,2010-2012,323,47.83
596135,Jackson Whitley,2,2011-2012,304,47.83
693705,Junior Manon,3,2021-2023,199,47.83
593964,Daceilin Cueva,1,2010,25,47.83
109,Darren Ford,4,2007-2010,2084,47.83
670361,Stijn van der Meer,2,2016-2017,111,47.82
622720,Jonas Lantigua,4,2012-2015,736,47.82
682940,Miguel Droz,2,2021-2022,215,47.82
10390,Daniel Fields,6,2010-2015,2697,47.82
594934,Michael Mosby,5,2010-2014,846,47.82
592237,Cito Culver,7,2010-2017,3087,47.82
26374,Kameron Misner,2,2021-2022,972,47.81
689878,Colin Burgess,3,2022-2025,191,47.81
3096,Kenley Jansen,3,2007-2009,688,47.81
501481,Hector Benzant,2,2007-2008,241,47.81
671101,Conner Uselton,1,2018,175,47.81
700083,John Bay,1,2025,108,47.81
801039,John Garcia,4,2022-2025,1087,47.81
600912,Miguel Jimenez,3,2011-2013,499,47.81
657675,Rudy Martin Jr.,4,2015-2018,882,47.81
10386,Carlos Contreras,1,2013,11,47.81
593502,Javier Romero,2,2010-2011,385,47.8
543318,Peter Hissey,7,2008-2014,2128,47.8
521052,Mark McBratney,2,2007-2008,235,47.8
517538,George Soto,4,2007-2010,729,47.8
29868,Bubba Chandler,2,2021-2022,161,47.79
545856,Eric Suttle,1,2009,368,47.79
501388,Ramon Asencio,2,2007-2008,295,47.79
672707,Luis Montano,3,2017-2021,604,47.79
458079,Brandon Tripp,3,2007-2009,1257,47.79
502479,Stephen Shults,3,2007-2009,563,47.79
489319,Joe Simokaitis,1,2007,389,47.79
807970,Reinaldo De La Cruz,3,2023-2025,303,47.79
699116,Eiver Betancourt,1,2021,32,47.79
20002,Bryce Johnson,1,2018,511,47.79
592424,Mott Hyde,2,2015-2016,855,47.79
680603,Siamani Boekhoudt,1,2018,216,47.79
458544,Kevin Clark,2,2008-2009,496,47.78
600882,Rehiner Cordova,7,2011-2017,991,47.78
677371,Jacob Roberts,1,2017,66,47.78
592184,Brian Burke,1,2010,251,47.78
671272,David García,6,2017-2024,1469,47.78
807461,Kaleb Freeman,1,2025,71,47.78
680918,Brady Allen,3,2022-2024,1436,47.78
471876,Edward Ovalle,2,2007-2008,987,47.78
808032,Kevin Hacen,3,2023-2025,514,47.78
806464,Connor Charping,2,2022-2023,68,47.77
656508,K.J. Harrison,3,2017-2021,1013,47.77
8728,Donovan Hand,2,2008-2009,39,47.77
702699,Nehomar Caldera,1,2023,125,47.77
678879,Alwinson Valdez,2,2018-2021,302,47.77
808315,Antony Gomez,2,2023-2024,322,47.77
673893,Trevor Schwecke,2,2021-2022,471,47.77
664175,Craig Aikin,3,2015-2017,422,47.77
460271,Devin Ivany,1,2007,243,47.77
808355,Eduarlin Tejeda,3,2023-2025,368,47.77
458733,Adan Severino,2,2008-2009,254,47.76
678643,Jose Pastrano,2,2018-2021,159,47.76
701162,Ben Malgeri,4,2021-2024,1553,47.76
682001,Jamie Galazin,1,2018,50,47.76
27543,Duke Ellis,2,2021-2022,749,47.75
686196,Peter Burns,2,2023-2024,126,47.75
17216,Monte Harrison,5,2014-2018,1946,47.75
663543,Corey Zangari,3,2015-2018,776,47.75
816339,Bohan Adderley,2,2024-2025,377,47.75
665890,Seuly Matias,5,2016-2022,1530,47.75
825181,Pablo Castillo,1,2025,95,47.75
691425,Simon Rodriguez,2,2021-2022,266,47.75
499755,Jimmy Gonzalez,2,2007-2008,316,47.75
672802,Jean Carmona,4,2017-2022,810,47.75
596844,Alfredo Morales,4,2010-2013,691,47.75
607486,Pat Cantwell,2,2013-2014,614,47.75
573572,Chris Weimer,1,2009,56,47.74
19967,Ryan Aguilar,3,2016-2018,1112,47.74
691101,Elias Fabian,1,2021,76,47.74
691269,Adrian Placencia,5,2021-2025,2151,47.74
664162,Logan Taylor,3,2016-2018,1257,47.74
452223,Nic Crosta,1,2007,294,47.74
615694,Jesse Hodges,5,2013-2018,1709,47.74
606126,Amauri Castillo,2,2011-2012,307,47.74
518439,Garrett Bass,1,2008,155,47.74
801525,Wady Mendez,4,2022-2025,827,47.74
642491,Erison Mendez,4,2013-2016,772,47.74
542920,Jeremy Beckham,2,2008-2009,284,47.74
698992,Cristian Batista,1,2021,93,47.73
681665,Carlos Romero,1,2018,144,47.73
570270,Miguel Del Castillo,7,2009-2016,892,47.73
683721,Kelvin Espino,3,2021-2023,151,47.73
13684,John Gant,1,2017,23,47.73
573069,Chris O'Dowd,4,2012-2015,639,47.73
680698,Charles Mack,4,2018-2023,648,47.73
703192,Abdias De La Cruz,4,2022-2025,993,47.73
808212,Albert Gutierrez,3,2023-2025,501,47.73
642011,Julian Ridings,1,2014,256,47.73
800145,Pedro Hernandez,2,2022-2023,283,47.73
701820,Jacob Friend,1,2025,226,47.73
702500,Anthony Silva,1,2025,56,47.73
543889,Kent Walton,2,2010-2011,572,47.73
657526,Michael Branigan,3,2014-2016,157,47.72
6448,James Adduci,3,2007-2009,1543,47.72
25543,Korey Lee,3,2021-2023,1165,47.72
688847,Joseph Fernando,1,2021,100,47.72
7799,Joey Butler,2,2009-2010,1147,47.72
572056,Michael Ratterree,3,2013-2015,1146,47.72
450592,Chase Williams,1,2008,153,47.72
691399,Braylin Minier,2,2021-2022,334,47.72
519162,Emmanuel Quiles,3,2007-2012,549,47.71
800259,Jeremy Bautista,1,2023,47,47.71
642714,Eric Mariñez,5,2013-2018,1240,47.71
605390,Parker Morin,5,2012-2016,1247,47.71
544774,Jose Garcia,5,2008-2012,775,47.71
675843,Miller Chacon,2,2017-2018,357,47.71
829835,Lester Suarez,1,2025,87,47.7
657446,Zack Zehner,2,2016-2017,952,47.7
20122,Mark Contreras,2,2017-2018,596,47.7
801938,Avery Owusu-Asiedu,3,2023-2025,837,47.7
811780,Joel Dragoo,2,2024-2025,355,47.7
643479,Giuseppe Papaccio,2,2013-2014,233,47.7
572945,David Iden,3,2009-2011,340,47.7
543581,Clark Murphy,4,2008-2012,376,47.7
824873,Eric Mota,1,2025,113,47.7
466338,Douglas Arguello,1,2009,11,47.7
667413,Michael Bernal,2,2016-2017,475,47.69
667352,Angel Linares,2,2016-2017,77,47.69
689531,Brett Squires,2,2023-2024,781,47.69
668572,Oscateri Castillo,2,2016-2017,356,47.69
542950,Jared Bolden,3,2009-2011,1323,47.69
630026,Miguel Hernandez,3,2013-2015,779,47.69
501517,Emmanuel Checo,3,2007-2009,257,47.69
597471,Raúl Mondesi Jr.,3,2010-2012,641,47.69
542761,Joantoni Garcia,2,2008-2010,231,47.68
446243,Danny Payne,3,2008-2010,1182,47.68
624529,Alejandro Piloto,3,2012-2014,456,47.68
823851,Hansel Jimenez,2,2024-2025,164,47.68
600878,Carlos Cartagena,4,2011-2014,462,47.68
699136,Heber Villalobos,2,2021-2022,76,47.68
596131,Nelson Ward,4,2014-2017,1462,47.68
502684,Alberto Espinosa,2,2008-2009,453,47.68
623509,Vance Vizcaino,3,2016-2018,806,47.68
521050,Jose Ceballos,5,2007-2012,555,47.68
594980,Jose Manuel Rodriguez,3,2010-2012,421,47.68
696145,Lonnie White Jr.,4,2021-2025,1013,47.67
518530,Xorge Carrillo,2,2012-2013,162,47.67
677425,Nick DiBenedetto,1,2017,55,47.67
806299,Milo Rushford,4,2022-2025,606,47.67
600969,Francisco Sanchez,3,2011-2013,612,47.67
687543,Andrew Jenkins,4,2022-2025,1049,47.67
678869,Olivber Moreno,2,2018-2021,270,47.67
830434,Luis Tovar,1,2025,29,47.66
458154,Bret Berglund,1,2007,328,47.66
471176,Emilio Ontiveros,3,2007-2009,730,47.66
593426,Jair Bogaerts,2,2010-2011,372,47.66
694215,Hans Montero,5,2021-2025,1334,47.66
517461,Edward Martinez,3,2007-2009,438,47.66
607722,Justin Shults,1,2011,199,47.66
600967,Cleuluis Rondon,8,2011-2018,2490,47.66
542473,Argenis Martinez,4,2008-2011,1198,47.66
836016,Michael Nieto,1,2025,89,47.66
668872,Manny Jefferson,2,2017-2018,519,47.65
692649,Oscar Silverio,3,2021-2024,174,47.65
622654,Henry Garcia,4,2012-2015,591,47.65
665313,Blair Beck,1,2015,154,47.65
621437,Bralin Jackson,5,2012-2018,1366,47.65
608160,Elieser Bonne,1,2011,144,47.65
658651,Angel De Leon,3,2014-2016,593,47.65
662098,Austin Athmann,2,2017-2018,665,47.65
570559,Julian Yan,5,2009-2013,1132,47.64
678723,Carlos Paraguate,2,2018-2021,299,47.64
12384,Beau Taylor,4,2011-2014,1207,47.64
541633,Nestor Santana,2,2008-2009,348,47.64
515036,Anthony Fonseca,4,2007-2010,663,47.64
8137,Jaime García,3,2007-2009,50,47.64
643398,Ryan Kirby,2,2017-2018,606,47.64
446234,Anthony Jackson,2,2007-2008,1010,47.64
656510,Seth Harrison,3,2014-2016,947,47.64
650742,Luis Sanchez,3,2014-2016,228,47.64
593591,Delvis Morales,5,2010-2015,1054,47.63
472572,Franklin Hernandez,4,2007-2010,946,47.63
800167,Misael Mojica,3,2022-2024,394,47.63
621015,Jose Vizcaino Jr.,2,2016-2017,782,47.63
672788,Jeikol Contreras,2,2017-2018,430,47.63
543458,Matt Lokken,1,2009,48,47.63
520981,Joe Becker,4,2007-2010,757,47.63
622658,Emerson Jimenez,6,2012-2017,1589,47.62
687997,Garrett Hiott,2,2021-2022,423,47.62
573002,Kyle Mach,2,2009-2010,122,47.62
457718,Paul Kelly,3,2008-2011,88,47.62
691624,Manuel Ruiz,1,2021,16,47.62
502527,Matt Repec,2,2007-2008,800,47.62
542487,Yamel Liria,3,2008-2010,212,47.61
622440,Miguel Atencio,2,2012-2013,170,47.61
815916,Emilio Sanchez,2,2024-2025,423,47.61
650891,Randhi Balcazar,2,2014-2015,307,47.61
661424,Brallan Medina,2,2015-2016,180,47.61
687554,DJ Gladney,5,2021-2025,2012,47.61
805080,Edwin Ramos,2,2022-2023,173,47.61
489389,Brian Valichka,2,2007-2008,392,47.6
656269,Dale Burdick,5,2014-2018,914,47.6
453176,Carson Kainer,3,2007-2009,1091,47.6
488973,Joe Holden,2,2007-2008,474,47.6
642049,Silento Sayles,4,2013-2016,415,47.6
501646,Angelo Peralta,1,2007,159,47.6
544144,Jorge Gutierrez,1,2008,148,47.6
657525,Ryan Bottger,2,2014-2015,557,47.6
623194,Correlle Prime,7,2012-2018,2291,47.6
823731,Edwin Darville,2,2024-2025,267,47.6
694206,Daniel Guilarte,4,2022-2025,1244,47.6
543501,Adam Matthews,2,2012-2013,339,47.6
800026,Luis Colon,3,2022-2024,244,47.6
688495,Mariano Ricciardi,2,2021-2022,222,47.6
664348,Jose Gonzalez,3,2015-2017,357,47.59
641393,Ben Breazeale,1,2018,275,47.59
491627,Miguel Fermin,2,2007-2009,464,47.59
605449,Gabriel Rosa,4,2011-2014,577,47.58
521830,Michael Ramirez,8,2007-2014,877,47.58
501708,Raynard Doran,1,2007,162,47.58
670874,Antonio Sucre,1,2017,231,47.58
645283,Manuel Geraldo,6,2014-2021,1402,47.58
699042,Richel Del Rosario,3,2021-2023,365,47.58
543212,Carlos George,5,2008-2012,1080,47.57
553990,Aldo Navia,2,2009-2010,272,47.57
446612,Matt Fields,4,2007-2010,1830,47.57
29858,Denzel Clarke,4,2021-2024,1197,47.57
470470,Terry Serrano,3,2007-2009,745,47.57
517373,Felix Caro,2,2007-2008,399,47.57
516849,Alexander Castillo,2,2007-2008,348,47.57
504085,Zach McAngus,1,2007,87,47.57
519173,Travis Reagan,2,2008-2009,355,47.57
650878,Luis Flores,5,2014-2018,766,47.57
502346,Timothy O'Brien,1,2007,175,47.56
801250,Guillermo Rodriguez,3,2022-2024,358,47.56
692634,Enger Castellano,3,2021-2023,505,47.56
650966,Luis Mejias,2,2014-2015,404,47.56
663304,Tyler Moore,2,2015-2016,435,47.56
449792,Charlie Fermaint,3,2007-2009,1355,47.56
650527,Ylexander Villarroel,3,2014-2016,392,47.56
622688,Carlos Ozuna,4,2012-2015,689,47.56
554330,Roberto Ortiz,3,2009-2011,584,47.56
673062,Jarryd Dale,5,2018-2024,1344,47.56
624879,Hector Roa,5,2012-2016,943,47.56
624399,Jesus Gonzalez,4,2012-2015,601,47.56
631225,Javier Hernandez,5,2013-2018,701,47.56
676725,Andrew Cosgrove,2,2017-2018,164,47.56
518584,Malcolm Crowley,1,2007,35,47.55
814362,Alberto Rios,3,2023-2025,503,47.55
519065,Dusty Napoleon,3,2008-2010,418,47.55
685087,Jordan Nwogu,3,2021-2023,1114,47.55
642319,Danny Canellas,1,2014,61,47.55
641736,Wesley Jones,2,2013-2014,248,47.55
656351,Joseph Daris,3,2014-2016,892,47.54
642779,Jose Sanchez,5,2013-2017,686,47.54
661552,Rougned Jose Odor,2,2015-2017,333,47.54
680996,Luke Mann,1,2024,507,47.54
606926,Matt Argyropoulos,2,2011-2013,410,47.54
800131,Jesus Correa,3,2022-2024,261,47.54
542272,Ydwin Villegas,7,2008-2014,1436,47.54
676640,Austin Bernard,1,2018,215,47.54
573000,Robert Lyerly,3,2010-2012,1133,47.54
650597,Jonathan Matute,4,2014-2017,708,47.53
543884,B.A. Vollmuth,4,2011-2014,1580,47.53
641692,Mike Hill,3,2014-2016,934,47.53
643544,Garrett Smith,1,2013,58,47.53
516760,Luis Paulino,3,2007-2009,391,47.53
701587,Rodney Green Jr.,2,2024-2025,621,47.53
601714,Jordan Procyshen,4,2014-2017,880,47.53
679741,Wilderd Patiño,5,2018-2024,1514,47.53
493508,Dan Cook,2,2008-2010,496,47.53
691615,Jesus Garcia,3,2021-2023,121,47.53
682129,Drew Wharton,1,2018,145,47.52
667664,Luke Reynolds,1,2018,53,47.52
578659,Jorge Martinez,6,2010-2015,1224,47.52
502343,Sam Honeck,2,2010-2011,333,47.52
682947,Jose Ramos,5,2021-2025,2235,47.52
672444,Ricardo Verenzuela,2,2017-2018,469,47.52
594912,Alex Marquez,4,2010-2013,311,47.52
592263,Kentrell Dewitt,4,2010-2015,550,47.52
657732,Kelvin Ramos,2,2014-2015,501,47.52
685738,Otoniel Vallejo,1,2021,136,47.52
665122,R.J. Dennard,1,2016,450,47.52
503454,Charles Iacono,1,2007,204,47.52
594024,Jiminson Natera,4,2010-2013,638,47.52
678820,Carlos Morfa,2,2018-2022,166,47.51
502702,Freuny Parra,2,2007-2009,62,47.51
657019,Michael Suchy,3,2015-2017,1250,47.51
543276,Troy Hanzawa,2,2009-2010,909,47.51
502828,Johnathon Moore,1,2010,37,47.51
670144,Mitch Roman,3,2016-2018,1299,47.51
516587,Abraham Robles,2,2007-2008,285,47.51
543472,Spencer Lucian,1,2008,83,47.51
675852,Edidson Rojas,2,2017-2018,488,47.5
678492,Gabriel Quintero,1,2018,143,47.5
676301,Adam Kerner,2,2021-2022,272,47.5
542606,Jose Santana,1,2008,122,47.5
665826,Santiago Vital,2,2016-2017,322,47.5
677034,Montae Bradshaw,2,2017-2018,246,47.5
678812,Miguel Fabrizio,4,2018-2023,467,47.5
621470,Cody Jones,3,2015-2017,1069,47.5
593593,Ricardo De La Rosa,1,2010,65,47.49
657638,Will Kengor,2,2014-2015,648,47.49
622763,Barfil Munoz,2,2012-2013,409,47.49
695603,Benny Montgomery,5,2021-2025,1238,47.49
514969,Emilio Alvarez,2,2007-2008,135,47.49
607583,Kerry Jenkins,2,2012-2013,472,47.49
691922,Javier Rivas,5,2021-2025,1679,47.48
10336,Slade Heathcott,7,2009-2015,1616,47.48
827420,Rafael Oropeza,1,2025,129,47.48
5298,Kyle Skipworth,7,2008-2014,2285,47.48
689858,Carmine Lane,2,2023-2024,146,47.48
808025,Moises Moreno,1,2023,165,47.47
681326,Cole Moore,2,2022-2023,269,47.47
691642,Jostyn Almonte,3,2021-2023,390,47.47
607674,Jeremy Patton,1,2012,259,47.47
686397,Benyamin Bailey,2,2021-2022,578,47.47
690178,Elijah Greene,1,2021,303,47.47
607304,Grant Buckner,2,2011-2012,742,47.47
806922,Yoerny Junco,3,2023-2025,290,47.47
701852,Drew Cavanaugh,3,2023-2025,655,47.46
700720,Luis Pino,5,2021-2025,947,47.46
664295,Johnny Dixon,2,2015-2016,496,47.46
622801,Ricardo Valencia,6,2012-2017,657,47.46
594969,Michael Quesada,5,2010-2014,713,47.46
518488,Stephen Branca,2,2012-2013,166,47.46
542604,Lonny Fulgencio,2,2008-2009,257,47.46
448151,Kody Kirkland,1,2007,475,47.46
522588,Lay Batista,2,2007-2008,167,47.45
607475,Brandon Brewer,2,2011-2012,274,47.45
666133,Herbert Iser,2,2021-2022,453,47.45
607255,Jose Behar,2,2011-2013,191,47.45
829932,Krishan Ulacio,1,2025,76,47.45
676613,Tyler Esplin,4,2017-2023,661,47.45
699020,Adari Grant,4,2021-2024,544,47.45
544156,Adonys Canelo,3,2008-2010,355,47.45
807820,Niurby Asigen,2,2023-2024,183,47.45
541589,Vernal Bogle,2,2008-2009,318,47.45
829076,Jhomnardo Reyes,1,2025,207,47.45
685300,Grant Richardson,4,2021-2024,1257,47.45
670037,Ryan Scott,2,2017-2018,842,47.45
670061,Duncan Robinson,1,2018,21,47.45
808631,Frederik Jimenez,3,2023-2025,654,47.45
658553,Starlin Balbuena,3,2015-2017,425,47.45
519191,Chad Rice,1,2007,145,47.44
800385,Robert Gonzalez,4,2022-2025,781,47.44
669858,Fidel Castro,4,2017-2022,600,47.44
607100,Boo Vazquez,2,2016-2017,620,47.44
593807,Noe Berroa,4,2010-2013,695,47.44
643237,Vaughn Bryan,4,2013-2016,1175,47.44
525088,Luis Del Rosario,4,2007-2010,610,47.44
677584,Wilfri Peralta,3,2018-2022,484,47.43
657023,Tim Susnara,1,2018,318,47.43
699471,Ivan Melendez,3,2022-2024,988,47.43
623372,Danny Oh,2,2013-2014,493,47.43
643614,Cody Yount,2,2013-2014,258,47.42
646243,Yoan Aybar,3,2014-2017,510,47.42
607594,Jonathan Keener,2,2011-2013,180,47.42
808814,Korey Morton,1,2024,86,47.42
808519,Jancory De La Cruz,3,2023-2025,549,47.42
676956,Tyler Adkison,1,2017,190,47.42
821668,Azaeel Pacheco,1,2024,24,47.42
456154,Eric Hollis,1,2007,14,47.42
643515,Angel Rosa,5,2013-2017,1535,47.42
821237,Kevin Garcia,2,2024-2025,284,47.41
502525,Dustin Realini,2,2007-2008,415,47.41
9266,Daniel Corcino,3,2012-2014,88,47.41
502507,Daniel Stegall,3,2007-2009,840,47.41
543255,Tyler Grimes,4,2011-2014,1203,47.41
661447,Casey Scoggins,2,2016-2017,317,47.41
534595,Jason Christian,4,2008-2011,991,47.41
650900,Pascual Fiorello,2,2014-2015,312,47.41
534920,Erick Fernandez,3,2011-2013,248,47.41
643434,Jake Mayers,3,2013-2015,304,47.4
592256,Kellin Deglan,7,2010-2016,2137,47.4
453540,O.D. Gonzalez,1,2007,484,47.4
548089,Jordan Comadena,2,2009-2010,188,47.4
664311,Martin De Los Santos,2,2015-2016,257,47.4
656995,Tyler Spoon,3,2015-2017,387,47.39
465064,Luis Peguero,1,2007,102,47.39
665488,Santo Vasquez,2,2016-2017,416,47.39
661522,Dalton DiNatale,1,2015,95,47.39
572701,Stetson Banks,2,2009-2010,237,47.39
687431,Hudson Head,5,2021-2025,1551,47.39
605438,Hunter Redman,2,2014-2016,65,47.39
815104,Graysen Tarlow,3,2023-2025,358,47.39
686798,Yordys Valdes,5,2021-2025,1898,47.39
571549,Erik Castro,2,2011-2012,875,47.39
607307,Tony Mueller,3,2011-2013,778,47.38
572969,Chris Kersten,2,2009-2010,572,47.38
573017,Juan Martinez,1,2010,172,47.38
685808,Patrick McColl,1,2021,223,47.38
670116,Evan Alexander,5,2016-2022,732,47.38
683415,Juan Mercedes,1,2021,91,47.38
805782,Ryan Lasko,3,2023-2025,974,47.38
830423,Leudy Arache,1,2025,181,47.38
830964,Cardell Thibodeaux,1,2025,74,47.37
592472,Matt Koch,3,2011-2013,803,47.37
678626,Jose Arteaga,1,2018,101,47.37
623225,Adam Giacalone,2,2012-2013,759,47.37
643601,Kyle Wheeler,1,2013,58,47.37
501899,Andrew Holder,1,2007,251,47.37
681995,Eric Rodriguez,4,2018-2023,322,47.37
542236,Vismeldy Bieneme,3,2008-2010,708,47.37
475392,Kevyn Feiner,4,2007-2010,949,47.37
678577,Junior Perez,6,2018-2025,2601,47.36
808939,Arnaldo Montano,2,2023-2024,172,47.36
492831,Jose Burdier,1,2007,129,47.36
664581,Ronaldo Lopez,2,2015-2016,263,47.36
543103,Thomas Di Benedetto,2,2008-2009,103,47.36
622577,Luis Benitez,6,2012-2017,853,47.36
693814,Albert Rodriguez,3,2021-2023,265,47.36
519257,Jeff Schaus,1,2011,36,47.36
621477,Matt Vinson,1,2013,71,47.36
676872,Tyler James,2,2017-2018,426,47.36
829726,Esnaider Vargas,1,2025,104,47.36
832491,Alessandro Rodriguez,1,2025,15,47.35
658734,Clint Harwick,1,2014,88,47.35
571939,Trey McNutt,2,2011-2012,37,47.35
691595,Miguel Rodriguez,2,2021-2023,134,47.35
660632,Adrian Rondon,5,2015-2021,1265,47.35
821699,Manuel De Cesare,2,2024-2025,311,47.35
598766,Dionis Hinojosa,5,2010-2014,657,47.35
644387,Cristian Gomez,5,2013-2017,602,47.34
597913,Ariel Ovando,3,2011-2013,817,47.34
470364,Lino Garcia,2,2007-2008,339,47.34
21524,Joey Bart,2,2018-2021,304,47.34
19266,Taylor Widener,1,2018,25,47.34
570931,Elvis Familia,3,2009-2011,427,47.34
622711,Jorge Andrade,5,2012-2016,551,47.34
807960,Adan Chacon,2,2023-2024,309,47.33
664957,Ryan Howell,1,2016,411,47.33
665017,Cameron Newell,1,2015,63,47.33
672767,Deury Carrasco,4,2017-2022,783,47.33
678376,Brandon Linares,2,2018-2021,268,47.33
570726,Jonesy Zarraga,6,2009-2014,771,47.32
594819,Kenny Fleming,2,2010-2011,307,47.32
657729,Collin Radack,2,2015-2016,634,47.32
502015,Tony Brown,3,2007-2009,746,47.32
815901,Eduardo Herrera,2,2024-2025,333,47.32
501323,Ron Rivas,5,2007-2011,1244,47.32
628716,Jaylen Harris,2,2013-2014,164,47.32
682809,Omar Diaz,2,2021-2022,232,47.32
663660,Jack Conley,2,2018-2021,276,47.31
657064,Justin Twine,5,2014-2018,1805,47.31
663850,Wasner Peguero,1,2016,123,47.31
641397,Drew Bridges,3,2013-2016,338,47.31
622737,Steven De La Mota,2,2012-2013,283,47.3
665047,Dillon Persinger,1,2018,418,47.3
694049,Nomar Fana,5,2021-2025,957,47.3
606979,Trent Garrison,1,2014,304,47.3
627800,Leudys Baez,3,2015-2017,711,47.3
594611,Jerfry Pimentel,2,2010-2011,157,47.3
671155,Ivan Johnson,3,2021-2023,913,47.3
543317,Charles Hinojosa,3,2008-2010,304,47.3
5429,Carson Blair,7,2008-2014,1016,47.29
527046,Efrain Nunez,4,2008-2011,698,47.29
519648,Franklin Felida,4,2007-2010,118,47.29
593381,Eduardo Celestino,3,2010-2012,302,47.29
8779,Wade Miley,2,2010-2011,55,47.29
691564,Goalber Lopez,1,2021,70,47.29
209,Antoan Richardson,2,2007-2008,914,47.29
667330,Diego Brito,1,2016,85,47.29
573214,Taylor Vail,2,2009-2010,135,47.29
694943,Juan Gonzalez,5,2021-2025,490,47.28
660510,Luis Alonso,1,2015,83,47.28
643447,Ben McQuown,1,2013,128,47.28
543044,Zach Cone,3,2012-2014,794,47.28
669802,Jose Grullart,2,2016-2017,317,47.28
605262,Bryan Haar,3,2012-2014,894,47.28
673378,Maicol Sosa,3,2017-2021,370,47.28
673064,Alex Hall,4,2018-2023,794,47.28
665027,Brian Olson,3,2015-2017,341,47.28
623247,Chris Burke,2,2012-2013,324,47.28
808123,Victor Rodriguez,3,2023-2025,429,47.27
669106,Chris Baker,3,2016-2018,725,47.27
642741,Gregory Munoz,3,2013-2015,745,47.27
694661,Riley Tirotta,3,2021-2023,791,47.27
682210,Kody Hoese,2,2021-2022,606,47.27
501748,Orlando Santos,3,2007-2009,193,47.27
502528,Scott Robinson,5,2007-2012,1535,47.27
656580,Jake Jarvis,3,2014-2016,384,47.27
678321,Luis Andujar,1,2018,147,47.26
656525,Gunnar Heidt,4,2014-2017,1165,47.26
667247,Brady Conlan,2,2016-2017,739,47.26
694310,Bryson Ware,3,2023-2025,880,47.26
593737,Sandy Brito,4,2010-2013,911,47.26
489347,Houston Summers,1,2007,26,47.26
504385,Roberto Alvarez,2,2007-2008,443,47.26
682658,Estanli Castillo,3,2021-2023,317,47.26
703641,Adrian Rodriguez,4,2022-2025,698,47.26
645037,Chris Taladay,1,2014,52,47.25
502135,Jason Place,5,2007-2011,1795,47.25
453297,Craig Corrado,2,2008-2009,990,47.25
806739,Jayden Kim,2,2024-2025,222,47.25
489291,Cameron Satterwhite,1,2010,329,47.25
596876,Dong-Yub Kim,1,2011,147,47.25
650542,Keyder Aristigueta,5,2014-2018,719,47.25
643413,Ryan Lindemuth,2,2014-2015,275,47.25
17171,Yasmany Tomás,1,2015,23,47.24
502127,Brett Bigler,2,2007-2008,633,47.24
650846,Carlos Sosa,3,2014-2016,366,47.24
702531,Keine Urdaneta,1,2022,138,47.24
670348,Chaz Pal,1,2016,118,47.24
456563,Phil Avlas,1,2007,261,47.24
542951,Royce Bolinger,3,2013-2015,1260,47.23
607581,Stefan Jarrin,2,2011-2012,175,47.23
572798,Kevin David,3,2010-2012,636,47.23
808007,Angel Perez,3,2023-2025,354,47.23
489399,Rafael Vera,3,2008-2011,735,47.23
668673,Cassidy Brown,3,2016-2018,630,47.23
666815,T.J. Bennett,2,2016-2017,449,47.23
502337,Kent Gerst,3,2007-2009,701,47.23
518479,Matt Bouchard,4,2008-2011,556,47.23
6403,Argenis Diaz,5,2007-2011,2041,47.23
660704,Henderson De Oleo,4,2015-2018,729,47.22
518480,Jason Bour,5,2007-2011,1151,47.22
542295,Braly Guzman,2,2008-2009,261,47.22
694757,Maui Ahuna,2,2024-2025,423,47.22
502765,Dante Love,2,2008-2009,77,47.22
554383,Carlos Cuevas,3,2009-2011,281,47.22
542987,Sean Buckley,4,2011-2014,1104,47.21
677624,Jesus Orecchia,3,2018-2022,262,47.21
518840,Jiwan James,4,2010-2013,1801,47.21
622374,Eufran Vargas,3,2012-2014,135,47.21
608376,Stryker Trahan,5,2012-2016,1507,47.21
678315,Rodolfo Bone,3,2018-2022,269,47.21
657785,Deion Ulmer,2,2014-2015,348,47.2
681874,Doran Turchin,1,2021,264,47.2
643488,Kyle Petty,2,2013-2015,473,47.2
572158,Blair Springfield,3,2009-2011,246,47.2
456157,Eduardo Caraballo,2,2007-2008,441,47.2
519194,Brandon Richey,1,2007,201,47.2
832789,Emmanuel Orozco,1,2025,53,47.2
687553,Kamren James,3,2022-2024,617,47.19
808220,Raimundo De Los Santos,3,2023-2025,514,47.19
691326,Jesus Alvarado,2,2021-2022,171,47.19
598020,Kyle Moore,1,2010,49,47.19
689651,Phillip Sikes,3,2021-2023,940,47.19
542172,Eudy Ramos,2,2008-2009,270,47.19
641625,Jordan Gore,2,2017-2018,563,47.19
676602,Jonah Todd,2,2017-2018,801,47.19
543121,Brendan Duffy,1,2009,450,47.18
11369,Brett Eibner,3,2011-2013,1314,47.18
682758,Luis Rubio,3,2021-2023,340,47.18
699045,Richard Polanco,2,2021-2022,283,47.18
8074,Greg Golson,4,2007-2010,2031,47.18
516761,Robert Bautista,3,2007-2009,721,47.18
660561,Irving Ortega,4,2015-2018,551,47.17
13361,Steven Matz,2,2014-2015,35,47.17
650885,Jonathan Rivera,4,2014-2017,638,47.17
689134,Wyatt Hendrie,3,2021-2023,644,47.17
658730,Ramon Ramirez,2,2014-2015,213,47.17
800090,Frank Pena,1,2022,31,47.17
683102,Garrett Frechette,4,2021-2024,1009,47.17
641931,Iramis Olivencia,2,2013-2014,200,47.17
695587,Bryson Horne,3,2021-2023,1185,47.17
686981,Brenden Dixon,5,2021-2025,1118,47.17
570939,Carlos Oropeza,3,2009-2011,334,47.17
643371,Ryan Huck,2,2013-2014,184,47.16
502650,Brandon Wilkerson,1,2009,128,47.16
489027,Matt Klimas,4,2007-2010,456,47.16
672885,Gaspar Palacio,2,2017-2018,391,47.16
573006,Kevin Mahoney,3,2009-2011,810,47.15
606489,Jose Solano,3,2011-2013,517,47.15
516942,Wilfred Pichardo,4,2007-2011,983,47.15
543354,Chad Jacobsen,2,2008-2009,352,47.15
669295,Andres Santana,2,2017-2018,199,47.15
691420,Samuel Parra,3,2021-2023,293,47.15
501799,Gavin Dickey,2,2007-2008,610,47.14
448596,David Nicholson,1,2007,242,47.14
677003,Kenny Corey,2,2017-2018,394,47.14
656018,Ihan Bernal,3,2014-2017,319,47.14
700319,Juan Cruz,4,2021-2025,295,47.14
808017,Alexander Garcia,3,2023-2025,380,47.14
468493,Manuel Holder,1,2007,212,47.14
676108,LG Castillo,3,2017-2021,575,47.13
502679,Burt Reynolds,2,2008-2010,295,47.13
670290,Dane Hutcheon,3,2016-2018,200,47.13
658542,Bryan Bencosme,4,2015-2018,780,47.13
608383,Mikey White,4,2015-2018,1409,47.13
657266,Cisco Tellez,1,2015,284,47.12
543109,Rashun Dixon,5,2008-2013,2051,47.12
683550,Marcos Cabrera,3,2021-2023,806,47.12
680868,Patrick Winkel,4,2021-2024,958,47.12
502642,Tanner Biagini,1,2010,77,47.12
703907,Edward Sanchez,2,2022-2023,33,47.12
670200,Wil Dalton,2,2021-2022,599,47.12
669730,Kevin Lachance,1,2017,191,47.12
833458,Justin Stransky,1,2025,51,47.12
501256,Adair Betegon,3,2007-2009,208,47.11
673765,Mason Janvrin,1,2021,385,47.11
456376,Brandon Yarbrough,3,2007-2009,927,47.11
608632,Torsten Boss,2,2013-2014,767,47.11
621323,Gio Brusa,2,2017-2018,918,47.11
9875,Trayvon Robinson,6,2007-2012,2863,47.11
607769,Travis Whitmore,2,2012-2013,667,47.11
598021,Kevin Arendse,1,2010,40,47.11
664035,John Schuknecht,2,2016-2017,593,47.11
815793,Carter Johnson,2,2024-2025,586,47.11
642713,Edwin Lora,5,2013-2018,1456,47.11
501322,Darling Read,3,2007-2009,696,47.1
516921,Jerry Castillo,2,2007-2008,312,47.1
672460,Daniel Ozoria,4,2017-2022,805,47.1
807648,Naibel Mariano,2,2024-2025,344,47.1
692043,Edryn Rodriguez,4,2021-2024,652,47.1
519261,Andrew Schmiesing,2,2007-2008,374,47.1
570241,Jesus Rodriguez,3,2009-2011,592,47.09
12575,Nick Ramirez,4,2011-2014,1783,47.09
681638,Cesar Gonzalez,4,2018-2023,255,47.09
699031,Anyelo Encarnación,5,2021-2025,1191,47.09
607342,Chadd Krist,3,2012-2014,717,47.09
607355,Logan Moore,5,2011-2015,1111,47.09
541639,Franklin Diaz,6,2008-2013,524,47.08
679976,Saul Fortuna,1,2018,239,47.08
676315,Joel Munoz,2,2017-2018,64,47.08
3951,Jose Ascanio,1,2009,16,47.08
572800,Bo Davis,1,2010,287,47.08
808089,Julian Hernandez,3,2023-2025,152,47.08
445219,Adam Parliament,1,2007,51,47.08
548377,Kevin Gonzalez,1,2011,37,47.08
688658,Ernny Ordonez,3,2021-2023,782,47.08
684712,Wilber Sanchez,5,2021-2025,1382,47.07
641752,Billy King,1,2017,100,47.07
595283,Dexter Kjerstad,3,2014-2016,986,47.07
657684,Edwin Medina,2,2014-2015,263,47.07
621480,Kevin Heller,3,2012-2014,616,47.07
800382,Josias Ramirez,4,2022-2025,579,47.07
802544,Brock Vradenburg,3,2023-2025,961,47.07
595250,Jayson Hernandez,2,2012-2013,288,47.06
650428,Ernesto Liberatore,4,2014-2017,422,47.06
681234,Charlie Welch,3,2021-2023,418,47.06
800302,Mairoshendrick Martinus,4,2022-2025,991,47.06
621588,Roni Maestre,2,2012-2013,344,47.06
550012,Gustavo Pierre,6,2009-2015,2081,47.06
686956,Adam Crampton,2,2022-2023,498,47.05
806962,Enmanuel Bonilla,3,2023-2025,657,47.05
672896,Wladimir Chalo,5,2017-2023,488,47.05
681455,Breiner Licona,1,2018,102,47.05
682685,Cristian Gonzalez,4,2021-2025,912,47.05
592442,Chuckie Jones,5,2010-2015,1474,47.05
821690,Randy Martinez,2,2024-2025,327,47.05
623490,Brad Markey,1,2016,15,47.05
31522,Tim Elko,2,2022-2023,653,47.04
808004,Anielson Buten,3,2023-2025,547,47.04
543210,David Genao,1,2008,82,47.04
621325,Izaac Garsez,1,2012,62,47.04
657080,Nick Vilter,3,2014-2016,224,47.03
514903,Luis Hernandez,2,2007-2008,334,47.03
517217,Francisco Pimentel,2,2007-2008,191,47.03
699478,Justin Bench,2,2023-2024,374,47.03
607384,Abel Baker,5,2011-2015,1006,47.03
519413,Chance Wheeless,2,2007-2008,528,47.03
671275,Luis Almanzar,2,2018-2021,596,47.02
650691,Franly Mallen,5,2014-2018,994,47.02
664283,Darlin Figueroa,2,2015-2016,99,47.02
671956,Noah Myers,1,2024,349,47.02
657590,Brandon Gildea,2,2014-2015,271,47.02
800298,Christopher Orelin,3,2022-2024,234,47.02
677591,Jelfry Marte,3,2018-2022,549,47.02
20739,Humberto Mejía,1,2021,11,47.02
8796,Elih Villanueva,2,2010-2011,83,47.02
629497,Jorge Parra,4,2013-2016,791,47.01
489174,Nick Nordgren,1,2010,34,47.01
666600,Carlos Borrego,1,2016,94,47.01
514634,Gilbert Gomez,4,2007-2010,426,47.01
698948,Victor Celedonio,3,2021-2023,338,47.01
823869,Marwin Rivero,2,2024-2025,157,47.01
658533,Felix Mercedes,3,2015-2017,328,47.01
605543,Zach Wright,3,2012-2014,972,47.01
676867,Matt McCann,1,2017,212,47.01
664693,Carl Wise,3,2015-2017,454,47.0
666017,Ruben Reyes,2,2016-2017,180,47.0
460357,Agustin Septimo,2,2007-2008,562,47.0
686677,Landon Stephens,2,2021-2022,911,47.0
622664,Alexander De La Cruz,3,2012-2014,283,46.99
453590,Ben Humphrey,1,2007,229,46.99
451124,Clayton Conner,3,2007-2009,248,46.99
501872,Marcel Champagnie,2,2008-2009,44,46.99
573675,Daniel Coury,1,2009,27,46.99
519108,Michael Pasek,3,2007-2010,547,46.99
805804,George Wolkow,3,2023-2025,939,46.99
543818,Bobby Stevens,4,2008-2011,1111,46.98
664191,Pat Porter,2,2016-2017,603,46.98
676098,Zion Pettigrew,2,2022-2023,157,46.98
543438,Evan LeBlanc,1,2009,148,46.98
453444,Josh Womack,2,2007-2008,227,46.98
830445,Daniel Dominguez,1,2025,180,46.98
689731,Cole Roberts,3,2023-2025,316,46.98
665805,Melvin Ramos,2,2016-2017,326,46.97
452069,Kenneth Williams,3,2008-2010,674,46.97
444137,Hector Made,1,2007,170,46.97
572731,Aaron Bray,2,2009-2010,550,46.97
682754,Teofilo Mendez,1,2021,182,46.96
830486,Jayln Pinder,1,2025,181,46.96
643191,Ty Afenir,1,2013,116,46.96
686638,Hunter Fitz-Gerald,3,2023-2025,742,46.96
622673,Luis Monasterio,3,2012-2014,320,46.96
553974,Jesus Alvarado,3,2009-2011,714,46.96
665065,Kyle Nowlin,2,2016-2017,688,46.96
665987,Leonel Valera,7,2016-2024,2156,46.96
622473,Willie Medina,2,2013-2014,264,46.96
664936,Nick Sinay,3,2015-2017,670,46.96
700369,Adrian De Leon,5,2021-2025,872,46.96
661414,Melbin Berroa,2,2015-2016,361,46.95
808500,Fabian Lopez,3,2023-2025,585,46.95
681851,Kelvin Maldonado,1,2018,128,46.95
554369,Gabriel Cornier,5,2009-2014,625,46.95
571870,Taylor Krick,4,2009-2012,734,46.94
572177,Nick Struck,4,2011-2014,101,46.94
674378,Dominique Collie,2,2017-2018,214,46.94
3106,Emiliano Fruto,1,2007,16,46.94
831876,Fraimy Santa,1,2025,200,46.94
694028,Fernando Vargas,1,2021,129,46.93
457003,Eric King,1,2007,306,46.93
683006,Chris Newell,4,2022-2025,1490,46.93
692393,Justin Guerrero,4,2021-2024,295,46.93
459891,Quinn Stewart,2,2007-2008,847,46.93
445269,Yoeli Florentino,1,2007,33,46.93
467725,Javier Dominguez,2,2007-2008,273,46.92
699131,Felipe Valderrama,3,2021-2023,229,46.92
677025,Ben Rodriguez,2,2017-2018,543,46.92
607519,Chris Ellison,3,2011-2013,957,46.92
689141,Anthony Hall,3,2023-2025,726,46.92
657212,Evan Edwards,1,2021,396,46.92
602103,Fernando Vivili,3,2011-2013,342,46.91
672459,Hector Pineda,2,2017-2018,150,46.91
676960,J.J. Robinson,1,2017,169,46.91
804270,Jeffry Filion,1,2022,49,46.9
473294,Jonathan Sanchez,1,2007,192,46.9
701209,Colton Bender,3,2021-2023,415,46.9
571887,Jon Leroux,4,2012-2015,662,46.9
491651,Wilmer Alvarado,1,2007,163,46.9
444481,Emmanuel Garcia,4,2007-2010,1731,46.9
548431,Martin Cervenka,6,2011-2017,1232,46.9
515041,Ted Obregon,5,2007-2011,1080,46.9
542282,Raynil De Castro,2,2008-2011,167,46.9
501570,Manuelysis Peralta,2,2007-2008,285,46.89
573251,Kevin Winn,1,2009,21,46.89
499714,Carlos Figueroa,2,2007-2008,149,46.89
660534,Moises Nunez,3,2015-2017,352,46.89
665111,Gabriel Clark,1,2015,148,46.89
596800,Ryan McCrann,1,2010,152,46.89
542244,Ruben Felix,2,2008-2009,256,46.89
542237,Domingo Soriano,4,2008-2011,783,46.89
643609,Henry Yates,1,2013,175,46.88
814194,Quinn McDaniel,3,2023-2025,1064,46.88
545996,Jon Townsend,2,2008-2009,327,46.88
501223,David Medina,5,2007-2012,1158,46.88
821126,Humberto Tiberi,2,2024-2025,196,46.88
628700,Adrian Acosta,3,2013-2015,394,46.88
829908,Marcos Belen,1,2025,120,46.88
669790,Gerry Castillo,3,2016-2018,215,46.87
3972,Andy Parrino,3,2008-2010,1371,46.87
623246,Joel Licon,3,2012-2014,559,46.87
517056,Carlos Montero,2,2007-2008,231,46.87
829777,Jesús  Pérez,1,2025,96,46.87
645058,Michael Mercurio,1,2013,68,46.87
684040,Jesus Bolivar,2,2021-2022,265,46.87
596846,Guillermo Pimentel,6,2010-2015,1506,46.87
444960,Brad Miller,1,2007,581,46.87
670383,Hank Morrison,2,2016-2017,272,46.86
471144,Francisco Lizarraga,2,2007-2008,594,46.86
489416,Joe White,2,2007-2008,405,46.86
687626,Simon Whiteman,1,2021,416,46.86
801954,Beau Ankeney,1,2025,20,46.86
595452,Ben Waldrip,2,2012-2013,314,46.86
800379,Luis Suarez,3,2022-2024,344,46.86
695467,Juan Montero,5,2021-2025,434,46.86
643562,Kale Sumner,1,2014,174,46.86
643407,Adam Law,2,2013-2014,740,46.86
659079,Julio Garcia,5,2014-2018,1067,46.85
521054,Alan Schoenberger,5,2007-2011,743,46.85
676998,Brandon Polizzi,2,2017-2018,62,46.85
13005,Kelby Tomlinson,4,2011-2014,1475,46.85
606321,Elvis Sanchez,3,2011-2013,513,46.85
488715,Ben Blumenthal,1,2007,99,46.84
605213,Brandon Downes,4,2014-2017,1477,46.84
698998,Ray Garrett,4,2021-2024,319,46.84
593519,Brain Inoa,2,2010-2011,360,46.84
11618,Mike Kickham,2,2012-2013,57,46.84
703184,Erick Hernandez,3,2022-2024,292,46.84
499522,Bartolo Nicolas,2,2007-2008,189,46.84
18694,Kolby Allard,2,2017-2018,43,46.84
808367,Jesus Mujica,2,2023-2024,255,46.84
543873,Tyson Van Winkle,4,2009-2012,524,46.84
621553,Darien McLemore,1,2016,163,46.83
682808,Anthony Espinoza,2,2021-2022,212,46.83
650520,Micker Adolfo,6,2014-2021,1788,46.83
694812,Tyler McDonough,3,2021-2023,1035,46.83
680685,Ryder Green,3,2018-2022,321,46.83
471850,Rodolfo Palacios,2,2007-2008,224,46.83
623283,Miguel Rodriguez,1,2012,103,46.83
17611,Taylor Clarke,2,2016-2017,50,46.83
692498,Francisco Veracierto,2,2021-2022,79,46.83
678926,Carlos De La Cruz,5,2018-2024,1841,46.82
656417,Collin Ferguson,3,2015-2017,866,46.82
641906,John Murphy,1,2014,256,46.82
502232,Christian Vitters,3,2007-2009,796,46.82
667398,Austen Wade,1,2018,325,46.82
519030,Deandre Miller,1,2007,215,46.82
542478,Roman Vinicio,1,2008,169,46.82
545053,Tommy Mendonca,4,2009-2012,1444,46.81
573038,Ryan Mollica,2,2009-2010,232,46.81
681503,Pablo Garabitos,1,2018,86,46.81
676375,Preston Grand Pre,2,2017-2018,103,46.81
462965,Raul Padron,3,2007-2009,933,46.81
458538,Oliver Marmol,4,2007-2010,758,46.81
543931,TeWayne Willis,1,2008,148,46.81
502289,Andrew Launier,1,2007,187,46.81
593646,Felipe Betemit,4,2010-2014,383,46.81
682764,Michael James,2,2021-2022,250,46.8
686958,Jose Torres,4,2021-2024,1179,46.8
623375,Ethan Chapman,3,2012-2014,1145,46.8
607399,Todd Hankins,4,2012-2015,1582,46.8
458078,Jefferies Tatford,1,2008,123,46.8
678093,Micah McDowell,2,2024-2025,206,46.8
656867,Tim Proudfoot,1,2015,172,46.79
453314,Joshua Morris,1,2007,360,46.79
698997,Beyker Martinez,2,2021-2022,158,46.79
542607,Domingo Del Rosario,1,2008,252,46.79
665327,Riley Drongesen,1,2015,32,46.79
666770,Ulises Martinez,3,2016-2018,286,46.79
692755,Grabiel Salazar,1,2021,142,46.79
686781,Brandon Lewis,3,2021-2023,1239,46.79
672581,Alexander Santana,2,2017-2018,393,46.78
532722,Gregorio Robles,2,2008-2009,364,46.78
804588,Bubba Alleyne,2,2022-2023,545,46.78
623257,Corey Thompson,2,2012-2013,264,46.78
527045,Gabriel Noriega,8,2008-2015,2742,46.78
469225,Gabriel Zavala,2,2007-2008,315,46.78
517849,Eduardo Lopez,2,2007-2008,219,46.78
650140,Miguel Eladio,5,2014-2018,1044,46.78
809773,Edison Vivas,2,2023-2024,99,46.78
501926,Jason Louwsma,2,2007-2008,817,46.78
573129,Jeff Rowland,2,2010-2011,560,46.78
519290,Jameson Smith,3,2007-2009,439,46.77
599659,Jacob Younis,2,2011-2012,162,46.77
700332,Ezequiel Surun,3,2021-2024,468,46.77
645438,Trevor Stevens,1,2013,86,46.77
645507,Frankeny Fernandez,4,2014-2017,854,46.77
691584,Yeremi Villahermosa,5,2021-2025,317,46.77
456999,Jeff Christy,2,2007-2008,474,46.77
491706,Luis Campusano,2,2007-2008,238,46.77
643218,Joe Bennie,2,2013-2015,622,46.77
674033,Jay Schuyler,2,2018-2021,366,46.77
687056,Jared Alvarez-Lopez,2,2021-2022,387,46.77
663322,Michael Hickman,3,2016-2018,587,46.77
663346,Eric Jenkins,4,2015-2018,1479,46.77
542199,Anthony Nunez,7,2008-2014,550,46.77
606324,Vicente Lupo,6,2011-2016,1359,46.77
692435,Rafael Marcano,2,2021-2022,114,46.77
606236,Roberto Adolfo,2,2011-2012,366,46.76
696096,Jose Herrera,3,2021-2023,224,46.76
699270,Luis Rodriguez,2,2021-2022,239,46.76
572127,Jose Sermo,3,2012-2014,483,46.76
672901,Luis Castro,1,2017,126,46.76
683451,Jesus Parra,3,2021-2023,434,46.76
808321,Moises Lopez,2,2023-2024,242,46.76
543355,Carmelo Jaime,2,2008-2010,239,46.76
672574,Rehybell Perozo,2,2017-2018,438,46.76
664894,Alex Perez,3,2015-2017,866,46.75
458001,Sean Smith,1,2008,29,46.75
448263,Drew Toussaint,1,2007,437,46.75
687260,Brian Kalmer,3,2023-2025,844,46.75
573430,Arsenio Morfe,1,2009,104,46.75
19245,Chris Okey,3,2016-2018,888,46.75
595009,Jacob Tanis,1,2013,46,46.75
519227,Kyle Rose,4,2009-2012,891,46.74
542284,Bertin Sanon,3,2008-2010,321,46.74
518786,Rashod Henry,2,2007-2008,118,46.74
444977,Ryan Reed,2,2007-2008,359,46.74
606225,Sandy Guerrero,2,2011-2012,287,46.74
522053,Matthew Czimskey,1,2007,86,46.74
554385,Marc Ramirez,3,2009-2011,534,46.74
504310,Joaquin Rodriguez,2,2007-2008,319,46.74
543823,Mykal Stokes,3,2010-2012,283,46.74
682830,Ilvin Fernandez,3,2021-2023,243,46.74
29514,River Ryan,1,2021,43,46.74
470480,Alwin Perez,3,2007-2009,682,46.73
699153,Helison Mota,2,2021-2022,300,46.73
605363,Jon Matthews,5,2011-2015,1050,46.73
542165,Pedro Feliz,3,2008-2010,422,46.73
664209,Myles Babitt,1,2016,109,46.73
800520,Lisandro Bonifacio,3,2022-2024,406,46.72
676473,Lamar Sparks,3,2017-2023,826,46.72
661407,Ariel Ortega,2,2015-2016,220,46.72
502219,D' Vontrey Richardson,3,2010-2013,1239,46.72
669196,Matt Albanese,1,2017,159,46.72
18690,Nick Plummer,4,2015-2021,1463,46.72
668577,Osmy Gregorio,5,2016-2022,1214,46.72
642267,Leurys Vargas,3,2013-2015,391,46.72
688273,Joshua Day,2,2022-2023,443,46.72
687887,Zade Richardson,2,2021-2022,341,46.72
572723,Gianison Rosa,1,2011,99,46.72
621009,Jalen Goree,2,2012-2013,189,46.72
660168,Roberto Baldoquin,4,2015-2018,1103,46.71
546363,Esdras Abreu,3,2009-2011,497,46.71
672595,Daytan Biegel,2,2017-2018,330,46.71
805875,Hector Lantigua,1,2023,76,46.71
573205,Charles Thomas,2,2009-2010,342,46.71
489316,Sean Shoffit,3,2007-2009,1257,46.71
692622,Arnys Rodriguez,2,2021-2022,247,46.71
681036,Anthony Vilar,3,2021-2023,520,46.71
606333,Dionicio De La Cruz,3,2011-2013,539,46.71
489073,Ryan Lormand,2,2009-2010,622,46.7
507073,Michael Fisher,3,2007-2009,1235,46.7
675440,Mike Peabody,2,2022-2023,636,46.7
660753,Zaino Henriquez,3,2015-2017,318,46.7
650554,Luis Torrealba,3,2014-2016,642,46.7
691435,Juan Castillo,5,2021-2025,720,46.7
663507,Gavin Garay,2,2017-2018,220,46.7
461859,Eddie Prasch,4,2007-2010,1237,46.7
688978,DJ Lee,1,2021,84,46.69
702305,Nick Thornquist,2,2021-2022,114,46.69
571797,Jeffrey Hunt,4,2009-2012,453,46.69
572225,Jan Vázquez,6,2009-2015,935,46.69
807978,Jesus Superlano,3,2023-2025,539,46.69
621469,Tate Matheny,3,2016-2018,1388,46.69
701062,Alec Briley,2,2024-2025,595,46.68
683887,Darlyn Montero,5,2021-2025,1104,46.68
683536,Jose Escorche,4,2021-2024,522,46.68
572892,Casio Grider,4,2009-2012,1133,46.68
7419,Mike Nickeas,1,2007,335,46.68
622184,Christian Rivera,2,2012-2013,204,46.68
660790,Juan Borges,2,2015-2016,253,46.68
675003,Taylor Grzelakowski,2,2017-2018,415,46.68
644373,Roosevert Chal,3,2013-2015,193,46.68
666794,Jeison Rodriguez,3,2016-2018,586,46.68
650725,Jose Infante,2,2014-2015,422,46.68
621586,Jose Hernandez,2,2012-2013,295,46.67
501933,Brian Baisley,1,2007,99,46.67
815910,Francisco Vilorio,2,2024-2025,387,46.67
622818,Andres De Aza,3,2012-2014,353,46.67
3219,Josh Stinson,1,2012,37,46.67
687340,Kiko Romero,3,2023-2025,453,46.67
663422,Daniel Kihle,3,2015-2017,678,46.67
573073,Dane Opel,1,2013,98,46.67
19872,Greg Deichmann,1,2018,228,46.67
678893,Jefferson Encarnacion,3,2018-2024,648,46.67
518707,Niko Gallego,4,2010-2013,865,46.67
595878,Brett Austin,4,2014-2017,1064,46.67
682122,Gio Dingcong,1,2018,132,46.66
656666,Drew Lugbauer,3,2017-2021,1065,46.66
835409,Erasmi Rodriguez,1,2025,99,46.66
502519,Derrick Walker,3,2007-2009,964,46.66
621019,Trek Stemp,1,2016,185,46.66
830808,Sebastian Pena,1,2025,163,46.66
542175,Joseph Cabreja,2,2008-2009,436,46.66
606204,Freddy Ramirez,2,2011-2012,234,46.66
607093,Julio Torres,1,2011,96,46.66
814816,Johnny Tincher,2,2024-2025,450,46.65
702239,Colin Tuft,2,2024-2025,364,46.65
596819,Juan Romero,2,2010-2011,323,46.65
833066,Cesar Garcia,1,2025,105,46.65
457684,Keith Conlon,1,2007,56,46.65
676349,Mike Rothenberg,3,2021-2023,704,46.65
2487,Ed Easley,3,2008-2010,1181,46.65
693745,Francisco Garcia,5,2021-2025,741,46.65
15214,Brandon Dixon,4,2013-2016,1647,46.65
692436,Jansel Ogando,1,2021,16,46.65
595433,Bob Stumpo,2,2010-2012,265,46.65
687545,Blake Robertson,4,2022-2025,936,46.65
541634,Jose Lopez,2,2008-2009,440,46.64
642735,Andys Silva,3,2013-2015,560,46.64
672793,Jeury Castillo,2,2017-2018,332,46.64
542459,Jose Valdez,3,2008-2010,585,46.64
607490,Nate Causey,2,2014-2015,159,46.64
525548,Reggie Watson,1,2007,42,46.64
670392,Griffin Benson,3,2016-2018,487,46.64
3443,Chris Robinson,2,2007-2008,497,46.63
820954,Gregori Arias,1,2024,229,46.63
642328,Angel Genao,4,2013-2016,518,46.63
643332,Garrett Gordon,1,2013,119,46.63
8055,Brian Bixler,1,2007,556,46.63
656631,Alex Kowalczyk,2,2017-2018,789,46.63
489188,Louis Ott,3,2007-2009,830,46.63
16929,Touki Toussaint,1,2018,28,46.63
666593,Jose King,5,2016-2022,1073,46.63
645445,Francis Martinez,4,2014-2017,817,46.62
595356,Dan Pellegrino,1,2012,42,46.62
823944,Maddox Latta,1,2025,100,46.62
691403,Michel Triana,3,2021-2023,793,46.62
694200,Ariel Almonte,5,2021-2025,1608,46.62
650801,Bryan Martelo,2,2014-2015,361,46.62
682239,Luke Ritter,1,2021,283,46.62
578628,Chan Jong Moon,5,2010-2015,1461,46.61
515046,Wilfred Vivas,3,2007-2009,362,46.61
467811,Arthur Bonevacia,2,2007-2008,185,46.61
607632,Chris Mariscal,3,2015-2017,1374,46.61
672591,Deivi Luis,1,2018,113,46.61
543609,Ricky Oropesa,3,2012-2014,1486,46.61
815268,Patrick Lee,1,2024,243,46.61
467768,Dan Smith,1,2008,15,46.61
593697,Ramses Pena,4,2010-2013,673,46.61
519427,Marques Williams,2,2007-2009,128,46.61
687034,Brandon Wulff,1,2021,57,46.6
680843,Guarner Dipre,2,2018-2021,357,46.6
27493,Rece Hinds,5,2021-2025,1867,46.6
668785,Brandon Martorano,2,2021-2022,611,46.6
800282,Albert Belliard,1,2022,113,46.6
621497,Brett Sunde,1,2015,55,46.6
641520,Carlos Diaz,2,2016-2017,109,46.6
672907,Joseph Reyes,2,2017-2018,351,46.6
801881,Jacob Jenkins-Cowart,2,2024-2025,443,46.6
805129,Andres Lacruz,2,2022-2023,188,46.6
802079,Jose Medina,3,2022-2024,391,46.59
534580,Wade Kirkland,3,2011-2013,954,46.59
678604,Ronny Rojas,4,2018-2023,728,46.59
594018,Jacob Beltre,1,2010,32,46.59
516850,Francis Mota,2,2007-2008,255,46.59
656238,Tate Blackman,2,2017-2018,724,46.59
656607,Jeren Kendall,2,2017-2018,671,46.59
446164,Brett Amyx,1,2007,205,46.59
829649,Colin Yeaman,1,2025,72,46.59
543372,Jericho Jones,2,2008-2009,304,46.59
501632,Roberto Rodriguez,1,2007,120,46.59
681201,Tanner O'Tremba,3,2022-2024,660,46.58
593955,Jonatan Hinojosa,6,2010-2015,846,46.58
678317,Starlin Gill,4,2021-2024,408,46.58
543911,Erik Wetzel,3,2009-2011,628,46.58
670586,Tyler Selesky,2,2016-2017,419,46.58
702582,Dallas Macias,1,2025,38,46.58
691864,Jayson Gainza,1,2021,64,46.58
664969,Jacy Cave,2,2015-2016,339,46.58
608685,Evan Marzilli,4,2012-2015,1513,46.58
823875,Gabriel Lopez,2,2024-2025,227,46.57
642462,Ibandel Isabel,6,2013-2018,1695,46.57
621478,Chad Christensen,3,2013-2015,1191,46.57
602129,Cristian Murillo,2,2011-2012,250,46.57
821040,Rafi Montesino,2,2024-2025,119,46.57
805297,Alec Sayre,2,2022-2023,393,46.57
490633,Greg Creek,1,2007,265,46.56
643430,Craig Massoni,2,2013-2014,321,46.56
663518,Dayton Dugas,1,2018,18,46.56
592750,Jake Skole,7,2010-2016,2260,46.56
671045,Ivan Houellemont,3,2016-2018,326,46.56
670226,J.D. Murders,2,2016-2017,221,46.55
607288,Kirk Walker,2,2011-2012,123,46.55
650998,Jesus Severino,4,2014-2017,815,46.55
542885,Willie Argo,3,2012-2014,1092,46.55
3806,Mike Wilson,1,2007,247,46.55
470486,Trent D'Antonio,1,2007,181,46.55
518088,Luis Castillo,2,2007-2008,192,46.55
623178,Matt Gonzalez,2,2016-2017,446,46.54
669793,Eudis Lora,2,2016-2017,479,46.54
650491,Juan Garcia,2,2014-2015,222,46.54
815039,Dustin Dickerson,3,2023-2025,1022,46.54
666919,Cody Ramer,2,2016-2017,386,46.54
669694,Joey Rose,3,2016-2018,578,46.54
691608,Eduarh Colina,2,2021-2022,322,46.53
621505,Chuck Moorman,6,2012-2018,1172,46.53
455752,Michael Garciaparra,1,2007,352,46.53
543960,Greg Zebrack,1,2014,43,46.52
542773,Tito Franco,1,2008,147,46.52
678720,Bryan Asencio,1,2018,171,46.52
650860,Ronald Rosario,5,2014-2018,639,46.52
595887,Jeff Boehm,2,2015-2016,686,46.52
607660,Jason Nappi,1,2011,186,46.52
678221,Cristian Heredia,3,2018-2022,360,46.52
801262,Carlos Gonzalez,4,2022-2025,546,46.52
661377,Anthony Rodriguez,4,2015-2018,715,46.52
468438,Doug Morales,1,2007,262,46.52
592740,Rock Shoulders,4,2011-2015,1078,46.52
642724,Guillermo Salas,4,2013-2016,637,46.52
591616,Gabriel Tenia,4,2010-2013,840,46.51
676281,Jecorrah Arnold,3,2017-2021,360,46.51
680683,Jameson Hannah,2,2021-2022,453,46.51
680753,Adam Hackenberg,4,2021-2024,1172,46.51
7358,Michael Martinez,1,2007,450,46.51
700729,Juan Mota,2,2021-2022,167,46.51
542911,Avery Barnes,3,2009-2011,978,46.51
606138,Enmanuel Paulino,4,2011-2014,737,46.51
671775,Leandro Medina,2,2016-2017,185,46.51
630155,Michael O'Neill,3,2014-2016,1265,46.51
473276,Felix Fermin,1,2007,132,46.51
457985,J.R. Taylor,1,2007,129,46.51
680881,Niko Hulsizer,2,2018-2021,578,46.51
701295,Benjamin Blackwell,1,2023,76,46.5
469844,Welinton Ramirez,5,2007-2011,1013,46.5
808271,Jose Marchan,2,2023-2024,181,46.5
691628,Luis Watter,3,2021-2023,415,46.5
571068,Rosmer Nunez,2,2009-2010,264,46.5
519225,Shawn Roof,3,2007-2009,741,46.5
543159,Lee Fischer,2,2008-2009,230,46.5
666014,Danielito Remy,3,2016-2018,602,46.5
678841,Brandol Mezquita,4,2018-2023,955,46.49
676759,Korry Howell,4,2018-2023,984,46.49
518890,Charles Kingrey,3,2007-2009,527,46.49
676626,Zach Sterry,2,2017-2018,247,46.49
686673,Will Bartlett,3,2021-2023,772,46.49
502312,Russell Moldenhauer,1,2011,50,46.49
800251,Jeffry Rosa,4,2022-2025,667,46.48
657494,Junior Amion,3,2014-2017,351,46.48
674377,Yeyker Caygua,1,2017,31,46.48
453972,Trevor Lawhorn,1,2007,228,46.48
676366,Luke Miller,2,2018-2021,433,46.48
517468,Ariel Ventura,2,2007-2008,440,46.48
517591,Delvi Cid,7,2007-2013,2191,46.48
642292,Yeridolfo Lizardo,3,2013-2015,436,46.48
4664,Sam LeCure,2,2007-2008,74,46.48
572272,Joe Witkowski,1,2011,57,46.47
676423,Dylan Rock,2,2022-2023,234,46.47
692571,Luis Maza,3,2021-2023,269,46.47
691948,Jordan Thompson,3,2023-2025,899,46.47
682945,Luis Morales,2,2021-2022,266,46.47
666140,Brandon McIlwain,2,2021-2022,690,46.47
623903,Kevin Dultz,1,2012,38,46.47
493536,Travis Ozga,3,2009-2011,556,46.47
9253,Keon Broxton,6,2009-2014,2847,46.47
489222,Al Quintana,1,2007,174,46.46
650750,Gean Rigby,4,2014-2017,616,46.46
670925,Andrew Walker,2,2016-2017,215,46.46
680858,Albert Jerez,3,2018-2022,225,46.46
9187,Jordan Danks,4,2008-2011,1550,46.46
573245,Bubby Williams,2,2009-2010,253,46.46
570144,Yafistel Roja,3,2009-2011,518,46.46
664941,Adam Walton,2,2017-2018,555,46.46
605456,Ismael Salgado,6,2011-2016,931,46.46
670465,Nick Roscetti,3,2016-2018,553,46.46
501569,Samuel Martinez,1,2007,65,46.46
542533,Yeis Garabito,2,2008-2009,237,46.46
825670,Ramy Peralta,1,2025,105,46.45
696015,Juan Machado,4,2021-2024,430,46.45
695299,Terrell Tatum,4,2021-2024,1320,46.45
519123,Nicholas Peoples,1,2008,206,46.45
21730,Jair Camargo,7,2016-2024,1726,46.45
702472,Austin Callahan,5,2021-2025,1321,46.45
554057,Jose Monzon,4,2009-2012,679,46.45
14552,José Ruiz,4,2012-2016,840,46.45
514906,Nestor Moreno,4,2007-2011,763,46.45
692031,George Feliz,5,2021-2025,1021,46.44
592830,Kolbrin Vitek,4,2010-2013,1006,46.44
594014,Daniel Bustamante,1,2010,103,46.44
6220,Tyler Graham,2,2007-2008,600,46.44
656653,Stuart Levy,3,2015-2017,456,46.44
542438,Miguel De Leon,5,2008-2012,558,46.43
678365,Ricardo Castro,2,2018-2021,332,46.43
808296,Luis Arredondo,1,2023,110,46.43
808115,Bryan Martinez,3,2023-2025,366,46.43
595308,Billy Marcoe,1,2011,83,46.43
500292,Ivan Villaescusa,2,2007-2008,98,46.43
516808,Wily Hiraldo,3,2007-2009,493,46.43
502348,Matthew Oxendine,2,2007-2008,765,46.43
643372,Bryan Hudson,4,2013-2017,965,46.43
594995,Eric Sim,4,2010-2013,584,46.43
451122,Nelson Bonilla,1,2007,178,46.42
593795,Yonki Hernandez,4,2010-2013,670,46.42
455697,Eliazar Carmona,1,2007,133,46.42
680751,Dexter Jordan,1,2022,68,46.42
457937,Steve Mena,2,2007-2008,948,46.42
660639,Pedro Gonzalez,5,2015-2021,1474,46.41
808688,Daniel Gaitor,2,2023-2024,334,46.41
808284,Jhonanderson Robain,2,2023-2024,115,46.41
691283,Sheng-Ping Chen,4,2021-2024,1119,46.41
685474,Felix Stevens,4,2021-2024,1359,46.41
677576,Amin Valdez,1,2018,150,46.41
517378,Michael Noboa,4,2007-2010,405,46.41
658298,Christian Lichtenthaler,1,2014,99,46.41
451102,Luis Solorzano,1,2007,66,46.41
658677,Gilbert Lara,6,2015-2022,1903,46.41
835168,Gerardo Cardona,1,2025,73,46.4
455715,Wilver Perez,2,2007-2008,291,46.4
516748,Milciades Alcantara,1,2007,93,46.4
827294,Edgar Alvarez,2,2024-2025,548,46.4
696141,Ryan Wrobleski,3,2022-2024,597,46.4
687730,Caleb Cali,3,2023-2025,1004,46.4
694806,Brandon Eike,2,2024-2025,479,46.39
815535,Eddie Rynders,1,2025,212,46.39
624821,Gregori Titts,1,2012,72,46.39
804615,Mauricio Serrano,1,2022,84,46.39
657437,Zach Risedorf,2,2014-2015,125,46.39
453270,Justin Brashear,2,2007-2008,438,46.39
668698,Todd Lott,2,2021-2022,873,46.39
800138,Nestor Chevalier,2,2022-2023,185,46.39
682956,Jared Gates,1,2018,96,46.39
669667,Jay Jabs,2,2017-2018,480,46.38
12323,Jacob Barnes,1,2014,18,46.38
463313,Pedro Guerrero,7,2007-2013,1417,46.38
444466,Julian Williams,1,2007,377,46.38
521168,Jean Carlos Mercedes,2,2007-2008,229,46.38
808134,Enderson Asencio,2,2023-2024,315,46.38
686619,Kyle Schmidt,2,2021-2022,387,46.38
805964,Stanley Tucker,2,2023-2024,335,46.37
681427,Tyler Baca,2,2023-2024,114,46.37
592798,Brett Thomas,2,2013-2014,182,46.37
607750,Scott Tomassetti,2,2014-2015,114,46.37
570229,Jose Arias,1,2009,161,46.37
681899,L.A. Woodard,2,2018-2021,122,46.37
622584,Jose Fernandez,2,2012-2013,319,46.37
575608,Dylan Child,3,2010-2012,164,46.37
468521,Jose Hernandez,4,2007-2011,402,46.37
542576,Edison Sanchez,7,2008-2014,1480,46.37
544515,Chia-Chu Chen,1,2008,57,46.36
692361,Yeison Lemos,2,2021-2022,266,46.36
800137,Neify Rosario,2,2022-2023,163,46.36
13339,Adrian Sampson,2,2014-2015,39,46.36
673461,Yoelqui Céspedes,2,2021-2022,811,46.36
827411,Gabriel Azocar,1,2025,145,46.36
800369,Cristian Benavides,3,2022-2024,347,46.36
665860,Darwin Alvarado,3,2016-2018,432,46.36
661401,Luis Hernandez,3,2015-2017,391,46.36
592861,J.D. Williams,5,2010-2014,1527,46.35
672904,Malvin Del Orbe,1,2017,80,46.35
456083,Joel Mendez,3,2007-2009,503,46.35
571981,Telvin Nash,7,2009-2015,1885,46.35
15655,Yefry Ramírez,1,2011,164,46.35
624579,Ricardo Lizcano,1,2012,50,46.34
672451,Oswaldo Pina,1,2018,267,46.34
641412,Taylor Bryant,2,2017-2018,386,46.34
607160,Justin Boudreaux,2,2011-2012,496,46.34
607649,Michael Mergenthaler,2,2011-2012,243,46.34
543074,Malcom Culver,3,2008-2010,530,46.34
804596,Matt Donlan,3,2022-2024,128,46.33
815653,Tyson Lewis,1,2025,351,46.33
829974,Jhonger Ochoa,1,2025,164,46.33
670379,Jansiel Rivera,3,2016-2018,243,46.33
682987,Spencer Jones,4,2022-2025,1693,46.33
620995,Brandon Lopez,3,2016-2018,899,46.33
608083,Jimmy Swift,2,2011-2012,538,46.33
3374,Ubaldo Jiménez,1,2007,26,46.32
623455,Avain Rachal,6,2012-2017,1349,46.32
800451,Jose Contreras,4,2022-2025,594,46.32
641588,Kevin Franklin,5,2013-2017,889,46.32
691637,Yonardy Soto,2,2021-2022,234,46.32
808241,Joan Gutierrez,3,2023-2025,434,46.32
829048,Darwing Ozuna,1,2025,103,46.32
650431,Victor Martinez,3,2014-2016,379,46.32
692421,Rhoniel Rodriguez,1,2021,108,46.31
608351,David Lyon,3,2012-2014,692,46.31
670667,Josh Gardiner,1,2016,77,46.31
680244,Ross Adolph,1,2021,248,46.31
678764,Julio De La Cruz,1,2018,108,46.31
665486,Brayant Nova,3,2016-2018,464,46.31
823857,Steven Santos,2,2024-2025,172,46.3
570612,Jhimmy Lopez,5,2009-2013,736,46.3
543824,Jason Stolz,2,2012-2013,514,46.3
827388,Eric Rataczak,2,2024-2025,392,46.3
608759,Jose Luis Javier,3,2011-2013,538,46.3
657760,Collin Slaybaugh,1,2015,204,46.3
830463,Luis Luna,1,2025,116,46.29
519300,Manny Solano,1,2007,105,46.29
18323,Josh Sborz,1,2017,11,46.29
691655,Fabian Machado,3,2021-2024,302,46.29
703157,Javier Osorio,4,2022-2025,639,46.29
669649,Ty Duvall,2,2021-2022,465,46.29
458570,Jamar Walton,4,2007-2010,1205,46.29
491714,Cesar Santos,1,2007,144,46.28
692045,Yoander Rojas,1,2021,97,46.28
594012,Eddy Morrobel,2,2010-2011,174,46.28
683152,Michael Curialle,4,2022-2025,1052,46.28
546319,Miguel Montes De Oca,2,2008-2009,314,46.28
692378,Elian Rayo,5,2021-2025,993,46.28
805051,Adrian Garcia,2,2022-2023,125,46.28
821056,Esmeiquel Arrieche,2,2024-2025,215,46.28
446859,Camilo Vazquez,2,2007-2008,49,46.27
814696,Jaron Elkins,2,2024-2025,743,46.27
542481,Jose Cabrera,2,2008-2009,336,46.27
7422,Bradin Hagens,1,2013,42,46.27
702247,Gavin Tonkel,2,2021-2023,80,46.27
670190,Carter Bins,3,2021-2023,738,46.27
682167,Justin Childers,1,2018,155,46.27
448595,Dan Nelson,2,2007-2008,629,46.26
660699,Julio Martinez,4,2015-2018,670,46.26
827637,Dalton McIntyre,1,2025,186,46.26
800205,Jancel Santana,3,2022-2024,412,46.26
800271,Yidel Diaz,3,2022-2024,318,46.26
572914,Brian Heere,1,2011,325,46.26
592201,Jordan Casas,2,2011-2012,405,46.26
457756,P.J. Phillips,4,2007-2011,1573,46.25
607262,Brennan Gowens,4,2011-2014,999,46.25
670074,Will Savage,1,2017,90,46.25
460071,Josh Bell,1,2007,244,46.25
692033,Hugo Sanchez,2,2023-2024,280,46.25
596840,Robbie Garvey,3,2010-2013,1047,46.25
679552,Arturo Guerrero,4,2018-2023,572,46.25
448794,Cameron Blair,1,2007,162,46.25
676277,Austin Filiere,1,2018,501,46.25
808015,John Santana,3,2023-2025,422,46.25
623260,Jeff Reynolds,1,2013,366,46.24
682917,Jaswel De Los Santos,3,2021-2023,392,46.24
8385,Pedro Florimón,5,2007-2011,2139,46.24
622058,D.J. Davis,7,2012-2018,2431,46.24
677121,Jothson Flores,2,2017-2018,208,46.24
677049,Josh Hatcher,2,2022-2023,485,46.24
593589,Railing Feliz,1,2010,38,46.24
692423,Yonathan Leon,1,2021,168,46.24
677620,Adanson Cruz,4,2018-2023,813,46.24
699002,Angel Arevalo,4,2021-2024,597,46.23
664828,Cole Bauml,2,2015-2017,659,46.23
682722,Isaac De León,4,2021-2024,1084,46.23
691264,Rikelbin De Castro,3,2021-2023,532,46.23
592788,Kellen Sweeney,5,2010-2014,707,46.23
657662,Jon Littell,1,2018,140,46.23
670076,Lyle Lin,1,2021,200,46.23
595242,Will Harford,1,2010,42,46.22
456063,Jose Ramirez,1,2007,183,46.22
682424,Nate Soria,1,2018,11,46.22
683847,Brandon Hernandez,3,2021-2023,483,46.22
467101,Starlin Cespedes,2,2007-2008,369,46.22
644419,J.R. Reynolds,1,2013,72,46.22
823011,Jesus Meneses,1,2024,99,46.22
501934,Adam Cowart,1,2008,26,46.22
821764,Guillermo Sosa,1,2024,51,46.22
607744,Casey Thomas,1,2016,133,46.22
592146,Chris Bisson,4,2010-2013,1121,46.22
666517,Luvin Valbuena,4,2016-2021,221,46.22
666127,Luis Curbelo,5,2016-2022,1183,46.21
641967,Angel Perez,1,2015,146,46.21
665836,Antonio Pinero,5,2016-2022,801,46.21
574836,Blake Forsythe,5,2010-2014,1395,46.21
658480,Nick Merullo,1,2014,27,46.21
452665,Shawn Bowman,3,2007-2009,623,46.21
607467,Elliott Blair,2,2011-2012,406,46.21
448273,Mike Butia,1,2007,389,46.21
621463,Grant Heyman,3,2015-2017,1054,46.2
516657,Jhonson Alvarez,3,2007-2009,192,46.2
543161,Jeff Flagg,3,2008-2010,560,46.2
591695,Lainer Bueno,1,2010,216,46.2
571671,Greg Folgia,2,2010-2011,427,46.2
687513,Gustavo Sosa,2,2022-2023,96,46.2
683467,Alexander Pena,2,2021-2022,183,46.2
642455,Edwin Diaz,2,2013-2014,373,46.2
645286,Hector Hernandez,3,2014-2016,625,46.19
519171,Matt Ray,1,2008,428,46.19
607370,Taylor Lewis,3,2012-2014,788,46.19
678727,Rodrigo Rodriguez,1,2018,107,46.19
450217,Adam Donachie,2,2007-2008,615,46.19
834631,Rey Cruz,1,2025,132,46.19
454973,Néstor Corredor,1,2007,192,46.18
691390,Deivid Alcantara,3,2021-2023,246,46.18
669725,Thomas Jankins,1,2018,33,46.18
596048,Tyler Moore,4,2015-2018,609,46.18
607423,Jarrod Parks,2,2011-2012,273,46.18
814422,Derek Bender,1,2024,67,46.18
573079,Leighton Pangilinan,4,2009-2012,972,46.17
701333,Colby Shelton,1,2025,115,46.17
571229,Darlyn Figueroa,3,2009-2011,545,46.17
475767,Bobby Haney,4,2010-2013,1030,46.17
703179,Johan Barrios,3,2022-2024,449,46.17
600950,Javier Pimentel,3,2011-2013,505,46.17
642281,Eudy Ramos,5,2013-2018,991,46.17
800313,Alejandro Rios,2,2022-2023,140,46.16
471875,Javis Diaz,2,2007-2008,943,46.16
682162,Kaleo Johnson,2,2018-2021,267,46.16
523708,Jose Francisco,2,2007-2008,406,46.16
661441,Eduardo Moredo,1,2015,229,46.16
669252,Jonah McReynolds,1,2016,140,46.16
641305,Trever Allen,2,2015-2016,324,46.16
696291,Jordan McCants,4,2021-2024,1223,46.16
543958,Austin Yount,4,2008-2011,657,46.16
542452,Jensi Peralta,4,2008-2011,553,46.16
821296,Connor McGinnis,1,2025,64,46.15
593612,Gabriel Quintana,2,2010-2011,164,46.15
571493,John Bivens,1,2010,182,46.14
622529,Ranyelmy Alberto,5,2012-2016,1375,46.14
806823,Sheng-En Lin,3,2023-2025,363,46.14
699710,Yoangel Ramos,3,2021-2023,310,46.14
516427,Carlos Reyes,3,2007-2009,576,46.14
665945,Kervin Suarez,3,2016-2018,1009,46.14
808694,Nixon Chirinos,3,2023-2025,199,46.14
680631,Oneill Manzueta,4,2018-2023,913,46.14
489025,Steve Kleen,1,2007,489,46.14
542476,Joly Fermin,2,2008-2009,489,46.14
447753,Stantrel Smith,1,2007,338,46.13
656002,Jose Lozada,2,2014-2015,138,46.13
547818,Leandro Mejia,2,2009-2010,394,46.13
642361,Gonzalo Galastica,4,2013-2016,615,46.13
623210,Leonardo Gonzalez,3,2012-2014,297,46.13
596734,Alejandro Sanchez,2,2010-2011,52,46.13
676045,Casey Martin,3,2021-2023,1302,46.13
665116,Grant Massey,3,2015-2017,1061,46.13
694974,Colby Shade,2,2024-2025,848,46.13
450681,Spike McDougall,2,2007-2008,929,46.13
679553,Johnabiell Laureano,4,2018-2023,737,46.13
657700,David Noworyta,1,2018,75,46.13
703611,Maximus Martin,1,2025,105,46.13
570692,Joan Abreu,3,2009-2011,285,46.13
455159,Josh Burrus,1,2007,281,46.13
625439,B.J. López,7,2012-2018,821,46.12
647228,Adam Hall,3,2021-2023,625,46.12
644404,Danny Masiello,1,2013,12,46.12
676973,Joe Donovan,3,2021-2023,570,46.12
665764,Gabriel Alvarez,1,2016,150,46.12
465701,Marlon Arias,1,2008,16,46.11
683176,Nate Rombach,2,2024-2025,530,46.11
665628,Moises Lobo,1,2016,51,46.11
518288,Nick Haley,2,2007-2008,612,46.1
815617,Kayson Cunningham,1,2025,52,46.1
678399,Yefri Carrillo,1,2018,248,46.1
10533,Rocky Gale,2,2011-2012,403,46.1
12110,David Washington,6,2009-2015,1284,46.1
592289,Kawika Emsley-Pai,3,2011-2013,569,46.1
601719,Cory Scammell,2,2012-2013,358,46.1
677061,Allen Smoot,1,2017,126,46.09
688182,Nick Anderson,1,2021,114,46.09
573622,Jonathan Alia,2,2009-2010,416,46.09
806012,Taishi Nakawake,1,2022,49,46.09
453534,Derrick Arnold,2,2007-2008,611,46.09
624426,Austin Cousino,2,2015-2016,442,46.09
681111,Austin Schultz,3,2021-2023,336,46.08
643249,Federico Castagnini,1,2014,130,46.08
681812,Edison Mora,3,2018-2023,587,46.08
670205,K.V. Edwards,2,2018-2021,115,46.08
657072,Chase Vallot,5,2014-2018,1628,46.08
502769,Rylan Sandoval,3,2010-2012,592,46.08
657128,Billy Wilson,1,2018,205,46.08
489024,Brock Kjeldgaard,3,2008-2010,1431,46.08
680775,Jacob Campbell,3,2022-2024,406,46.08
678627,Deivi Estrada,4,2018-2023,335,46.07
602078,Jose Colorado,3,2011-2013,454,46.07
446087,Travis Becktel,1,2007,422,46.07
667900,Walter Higuera,2,2016-2017,157,46.07
516670,Janensis Guerrero,4,2007-2010,285,46.07
806189,Andrew Keck,2,2022-2023,177,46.07
676733,Mason Martin,5,2017-2023,2034,46.07
691685,Jean Perez,5,2021-2025,878,46.06
542447,Jonathan Perez,4,2008-2011,574,46.06
702920,Konner Piotto,2,2021-2022,77,46.06
518984,David Marks,2,2008-2009,420,46.05
702467,Tommy Specht,3,2022-2024,524,46.05
815806,Wander Frias,2,2023-2024,88,46.05
656952,Andrew Shaps,1,2018,44,46.05
488702,Matthew Betsill,1,2007,361,46.05
809244,Bryce Madron,2,2024-2025,305,46.05
456044,Luis Sanchez,4,2007-2010,929,46.05
676749,Chris Corbett,2,2017-2018,69,46.05
685278,Connor Blair,2,2021-2022,276,46.05
501962,Brent Brewer,4,2007-2010,1566,46.04
668575,Yair Babilonia,3,2016-2018,169,46.04
657703,Gabriel Ojeda,1,2014,80,46.04
676774,Dyla Burdeaux,2,2017-2018,565,46.03
514909,Adrian Pirela,3,2007-2009,341,46.03
685117,Tyler Malone,2,2021-2022,184,46.03
663579,Willie Carter,1,2021,413,46.03
700163,Luis Paredes,3,2021-2023,430,46.03
488744,Dee Brown,1,2007,448,46.03
693763,Alvaro Aguero,4,2021-2024,630,46.03
542463,Alex Castellano,2,2008-2009,336,46.03
691557,Darol Garcia,3,2021-2023,398,46.03
650441,Leandro Santana,5,2014-2018,1191,46.03
695707,Brennon McNair,5,2021-2025,1163,46.03
680905,Reese Berberet,1,2018,200,46.02
664572,Yefry Santana,3,2015-2017,183,46.02
807956,Reynaldo De La Paz,3,2023-2025,481,46.02
670864,Yerdel Vargas,3,2017-2021,460,46.02
453067,Brae Wright,1,2008,44,46.02
546540,Diego Ledezma,5,2008-2012,333,46.02
663352,Denzell Gowdy,2,2016-2017,258,46.02
800339,Jhonny Perez,2,2022-2023,294,46.02
622376,Olvis Jimenez,3,2012-2014,420,46.01
687850,Junior Martina,2,2021-2022,499,46.01
461867,Lou Santangelo,1,2007,231,46.01
594019,Rey Bruguera,6,2010-2015,1016,46.01
543497,Harold Martinez,3,2012-2014,1141,46.01
650594,Edgar Lorenzo,3,2014-2016,375,46.0
650991,Bryan Lizardo,3,2014-2018,517,46.0
457119,Angel R. Gonzalez,3,2007-2009,1190,46.0
808330,Agustin Marcano,3,2023-2025,151,46.0
658675,Derek Peterson,2,2014-2015,371,46.0
702435,Jhosmmel Zue,3,2023-2025,392,46.0
672504,Luis Yanel Diaz,5,2017-2023,1515,46.0
553908,Rosmel Fajardo,3,2009-2011,409,45.99
542502,Adrian Martinez,5,2008-2012,833,45.99
681594,Mario Jerez,1,2018,157,45.99
681466,James Parker,3,2021-2023,893,45.99
593451,Cesar Hanley,2,2010-2011,284,45.99
676676,Donivan Williams,3,2017-2021,512,45.99
571669,Rudy Flores,4,2012-2015,1653,45.98
686770,Dillan Shrum,2,2021-2022,441,45.98
801264,Alexander Orasma,3,2022-2024,334,45.98
518531,Daniel Carroll,7,2007-2013,2074,45.98
501915,Shane Byrne,1,2007,19,45.97
678751,Rushenten Tomsjansen,2,2018-2021,163,45.97
645612,Robert Garcia,4,2013-2017,871,45.97
682212,Trent Bowles,1,2018,151,45.97
665822,Raymond Lopez,3,2016-2018,423,45.96
570665,Wandel Avila,2,2009-2010,303,45.96
596736,Fu-Lin Kuo,3,2010-2013,475,45.96
665831,Yeison Estevez,2,2016-2017,347,45.96
824615,Connor Hujsak,2,2024-2025,515,45.96
807008,Cristian Perez,3,2023-2025,483,45.96
445287,Isidro Montesino,2,2007-2008,234,45.95
623492,Ryan Dunn,1,2013,322,45.95
800374,Erick Arosemena,3,2022-2024,340,45.95
23359,Nelson Velázquez,5,2017-2023,1255,45.95
683461,Eliazer Montero,1,2021,74,45.95
800244,Kashon Conliffe,2,2023-2024,327,45.95
809329,Paulo Asprilla,3,2023-2025,271,45.95
686758,Dylan Shockley,1,2021,132,45.94
830010,Rosniell De Paula,1,2025,200,45.94
806867,Abel Lorenzo,3,2023-2025,568,45.94
808301,Jonathan Perez,1,2023,63,45.94
448279,Dominic De La Osa,2,2008-2009,695,45.94
554032,Alexander Suriel,2,2009-2010,290,45.93
453045,Daniel Carte,2,2007-2008,916,45.93
456411,Dwight Britton,3,2007-2009,524,45.93
456164,Ronnie Anderson,1,2007,121,45.93
542211,Pedro Medina,1,2008,204,45.93
489353,Rick Taloa,1,2007,162,45.93
663784,Keshawn Lynch,1,2017,234,45.93
670040,Keith Skinner,2,2017-2018,146,45.93
543730,Brian Ruggiano,3,2008-2010,900,45.93
543411,Ed Koncel,2,2009-2010,523,45.93
665989,Shervyen Newton,6,2016-2023,1702,45.93
641685,Jan Hernandez,5,2013-2018,1277,45.92
677212,Julian Jarrard,1,2017,162,45.92
680421,Ben Norman,1,2022,251,45.92
542498,Yermis Mejia,2,2008-2009,151,45.92
665034,Kalik May,2,2015-2016,358,45.92
667354,Jesus Marriaga,3,2016-2018,675,45.91
7725,David Holmberg,3,2012-2014,84,45.91
446469,Pedro Powell,2,2007-2008,807,45.91
553907,Nerio Rios,2,2009-2010,308,45.91
820979,Yensi Rivas,2,2024-2025,349,45.91
668829,Chase Murray,1,2021,80,45.91
573180,Jake Stewart,1,2013,418,45.91
702871,Luis Castaneda,2,2022-2023,147,45.91
829486,Alfred Ciriaco,1,2025,83,45.9
815019,Angel Ventura,2,2024-2025,249,45.9
814223,Carlos Blanco,2,2023-2024,198,45.9
694217,Willy Fanas,4,2022-2025,686,45.9
681430,Nick Zona,2,2022-2023,53,45.9
572734,Isaiah Brown,1,2009,48,45.9
571039,Gustavo Parra,3,2009-2011,266,45.9
572264,Everett Williams,6,2009-2014,1425,45.9
621457,Connor Lien,7,2012-2018,2239,45.9
518654,Daniel Elorriaga-Matra,3,2007-2009,232,45.89
644400,Jonathan Martijn,3,2013-2015,291,45.89
682628,Junior Sanquintin,3,2021-2023,712,45.89
666635,Jonathan Willems,5,2016-2022,825,45.89
806707,Xavier Guillen,3,2023-2025,441,45.89
27573,Gage Workman,4,2021-2024,1996,45.89
826511,Jose Pena,1,2024,50,45.89
821624,Robert Lantigua,2,2024-2025,119,45.89
650709,Dionis Paulino,4,2014-2018,634,45.89
641519,Brandon Diaz,5,2013-2017,1232,45.89
14382,Wei-Chung Wang,1,2016,24,45.89
687272,Tucker Flint,4,2022-2025,1665,45.89
821030,Jonathan Moya,2,2024-2025,236,45.88
624311,Chance Ross,3,2012-2014,436,45.88
829824,Juan Caricipe,1,2025,108,45.88
591761,Jorge Miranda,2,2010-2011,233,45.88
473255,Francisco Mejia,2,2007-2008,224,45.88
642353,Sandy Santos,4,2013-2017,773,45.88
687605,Andrew Pinckney,3,2023-2025,1271,45.88
666167,Cole Stobbe,3,2016-2021,418,45.88
666812,Yunior Martinez,3,2016-2018,580,45.88
446313,Michael Ambrose,1,2007,236,45.87
657242,Blair Moore,1,2014,120,45.87
641612,Ronnie Gideon,3,2016-2018,921,45.87
690998,Jackson Miller,1,2023,38,45.87
444465,Jean Luc Blaquiere,3,2008-2010,639,45.87
658326,K.J. Alexander,1,2014,76,45.87
15467,Marco Gonzales,2,2014-2015,25,45.87
605298,Justin James,2,2011-2012,125,45.87
683725,Alex Garcia,2,2021-2022,121,45.87
10770,Tyler Cravy,1,2014,13,45.86
607694,Casey Rasmus,3,2012-2014,488,45.86
541635,Julio Torres,2,2008-2009,348,45.86
681348,Hayden Jones,3,2021-2023,391,45.86
517425,Ramon Puello,3,2007-2009,342,45.86
518667,Wendell Fairley,5,2008-2012,1601,45.85
543246,Garett Green,2,2008-2009,367,45.85
454574,Rick Guarno,1,2007,285,45.85
663427,Tanner Kirk,2,2016-2017,277,45.85
542465,Roberto Reyes,4,2008-2012,867,45.85
668784,Ulysses Cantu,2,2016-2018,392,45.85
703205,Fraymi De Leon,4,2022-2025,899,45.85
642489,Greidy Encarnacion,3,2013-2015,369,45.84
594945,Jeremy Nowak,2,2011-2012,757,45.84
800430,Luis Garcia,2,2023-2024,114,45.84
664346,Carlos Guzman,2,2015-2016,131,45.84
543388,Jordan Keegan,2,2010-2011,459,45.83
657804,Brant Whiting,3,2014-2016,371,45.83
691377,Jhon Garcia,2,2021-2022,111,45.83
682437,Sergio Toribio,1,2018,78,45.83
800209,Estuar Suero,4,2022-2025,670,45.83
830412,Renyel Campos,1,2025,100,45.83
518804,John Hinson,1,2012,61,45.82
673661,Sergio Ordonez,2,2017-2018,127,45.82
542646,Jose Ortuno,3,2008-2010,308,45.82
660732,Welington Chal,4,2015-2018,392,45.82
807148,Kevin Ereu,3,2023-2025,503,45.82
608106,Marlin Almonte,2,2011-2012,171,45.82
570684,Alexandre De Oliveira,2,2009-2010,242,45.82
827416,Maykol Fernandez,1,2025,68,45.81
683013,Alan Mejia,4,2018-2023,554,45.81
572836,Joel Eusebio,1,2009,119,45.81
16377,Ryan Castellani,2,2017-2018,42,45.81
543631,Jason Peacock,1,2008,99,45.81
670390,Bryan Torres,2,2016-2017,103,45.81
815089,Coby Morales,3,2023-2025,969,45.81
642458,Diohanky Mejia,2,2013-2014,225,45.81
659359,Zac Fascia,2,2022-2023,348,45.81
672732,Sandy Martinez,2,2017-2018,326,45.81
642268,Emmanuel Tapia,4,2013-2018,1246,45.81
664571,Alexis Garcia,4,2015-2018,634,45.81
808325,Pedro Tovar,3,2023-2025,374,45.81
687714,Jackson Cluff,1,2021,183,45.8
2429,Corey Kluber,1,2010,14,45.8
694294,Colton Vincent,2,2023-2024,250,45.8
543568,Michael Moras,3,2008-2010,286,45.8
698940,Héctor Jiménez,3,2021-2023,347,45.8
516777,Dagoberto Guzman,3,2007-2009,360,45.8
542265,Domingo Gonzales,2,2008-2009,316,45.8
801346,Luis Hernandez,1,2025,13,45.8
647255,Tanner Kirwer,1,2017,103,45.8
644416,Gilberto Ramirez,2,2014-2015,303,45.8
570789,Felix Bido,3,2009-2011,605,45.79
605547,James Zamarripa,2,2011-2012,280,45.79
594937,Chad Mozingo,1,2011,68,45.79
664593,Joel Novas,3,2015-2017,260,45.79
800191,Eliezer Rivero,4,2022-2025,332,45.79
800297,Jose Gomez,2,2022-2023,222,45.79
680756,Mat Nelson,3,2021-2023,763,45.78
592117,David Armendariz,3,2014-2016,632,45.78
641454,Francis Christy,3,2015-2017,681,45.78
570917,Felix Cabrera,5,2009-2013,560,45.78
829985,Ronald Terrero,1,2025,93,45.78
669235,Aaron Knapp,2,2017-2018,867,45.78
501567,Ruben Martinez,3,2007-2009,488,45.77
676929,Tyler Benson,2,2017-2018,146,45.77
678028,Jonah Jarrard,1,2017,19,45.77
468381,Leury Bonilla,3,2007-2009,867,45.77
542597,John Rogers,2,2008-2009,282,45.77
11743,Carlos Ramírez,6,2009-2014,1068,45.77
677565,Kristian Robinson,4,2018-2025,1459,45.76
474447,Michael Durant,2,2008-2009,884,45.76
813852,Trey Paige,3,2023-2025,829,45.76
554334,Jose Pacheco,1,2009,65,45.76
702555,Cannon Peebles,1,2025,32,45.76
605201,Adam Davis,1,2012,132,45.76
519034,Michael Mitchell,3,2008-2010,1213,45.76
608618,Deybi Garcia,4,2011-2016,353,45.76
694210,Jefferson Pena,5,2021-2025,960,45.76
506713,Emilio Bejas,3,2007-2009,439,45.76
694062,Javier Mora,4,2021-2024,397,45.76
695772,Daniel McElveny,5,2021-2025,535,45.76
676794,Gunner Halter,1,2021,26,45.76
683616,Rodolfo Nolasco,5,2021-2025,1323,45.75
801263,Luis Frias,4,2022-2025,682,45.75
622575,Angelo Del Castillo,1,2012,143,45.75
663664,Desmond Lindsay,5,2015-2021,775,45.75
543096,John Delaney,2,2008-2009,642,45.75
800434,Jose Alpuria,4,2022-2025,844,45.75
607479,Garrett Brown,2,2016-2017,437,45.75
686546,Matthew Dyer,3,2021-2023,609,45.75
600871,Leon Canelon,5,2011-2015,706,45.74
542969,Markus Brisker,5,2008-2012,853,45.74
682492,Bryant Arrieche,1,2018,114,45.74
680586,Reidy Mercado,5,2018-2024,829,45.74
519395,Brian Walker,4,2007-2010,815,45.74
700172,Jose Colina,2,2021-2022,69,45.73
451709,Deivi Hernandez,2,2007-2008,152,45.73
467806,Allan de San Miguel,6,2007-2012,1176,45.73
465101,Juan Mejia,1,2007,233,45.73
670549,Rony Noboa,1,2016,15,45.73
694678,Quade Tomlin,2,2021-2022,174,45.73
623237,Will Dupont,3,2012-2014,142,45.73
446574,Tyler Johnson,2,2007-2008,681,45.73
800326,Elian Garcia,3,2022-2024,264,45.72
572730,Harold Brantley,1,2009,48,45.72
504355,Lyndon Poole,2,2007-2008,225,45.72
594966,Dallas Poulk,3,2010-2012,820,45.72
821636,Leider Padilla,2,2024-2025,262,45.72
699224,Ney Serrano,3,2021-2023,384,45.72
670413,Matt Hearn,2,2016-2018,246,45.71
445992,Wanell Macia,1,2007,286,45.71
670115,Brandon Van Horn,3,2016-2018,899,45.71
801462,Ryan Castillo,3,2022-2024,361,45.71
463011,Carlos Arrieche,3,2007-2009,586,45.7
804521,Rabel Colon,3,2022-2024,489,45.7
542408,Frederman Lopez,3,2008-2010,336,45.7
686846,Reggie Crawford,2,2022-2023,39,45.7
701811,John Spikerman,2,2024-2025,332,45.69
593661,Pedro Ruiz,5,2010-2015,1371,45.69
554345,Jose Lugo,3,2009-2011,247,45.69
629499,Joel Ramirez,2,2013-2014,310,45.69
533982,Joel Weeks,2,2008-2009,146,45.69
570698,Ronny Puello,3,2009-2011,330,45.69
514712,Cesar Colmenares,2,2007-2008,286,45.69
21489,Hayden Senger,2,2018-2021,293,45.69
572909,Matthew Harughty,1,2009,133,45.68
488851,Joseph Dyche,1,2007,222,45.68
702547,Caden Powell,2,2024-2025,460,45.68
676704,Ricky Surum,2,2017-2018,269,45.68
809779,Anthony Tandron,1,2023,187,45.67
27781,Pedro León,2,2021-2022,796,45.67
543932,Kenny Wilson,7,2008-2014,2593,45.67
664836,Joey Armstrong,2,2015-2016,453,45.67
823089,Nolan Clifford,1,2025,221,45.67
548309,Raynor Campbell,1,2011,281,45.67
643440,Stephen McGee,3,2013-2015,714,45.67
699277,Santo Martinez,1,2021,133,45.67
623306,Steel Russell,4,2012-2015,469,45.67
608667,Connor Harrell,3,2013-2015,1298,45.67
453309,Trent Kline,1,2009,126,45.66
683233,Douglas Hodo III,4,2022-2025,1090,45.66
806124,Colin Houck,3,2023-2025,987,45.66
489250,Colin Roberson,1,2007,243,45.66
807644,Qyshawn Legito,2,2024-2025,128,45.66
609273,Luis Reynoso,5,2012-2016,831,45.66
660624,Brayan Emery,3,2015-2017,507,45.66
642278,Luis Castillo,2,2015-2016,251,45.66
604600,Chris Hannick,1,2011,54,45.65
573048,Tim Morris,3,2009-2011,947,45.65
544571,Kelly Aponte,4,2008-2011,512,45.65
806999,Manuel Cabrera,3,2023-2025,440,45.64
489035,Raymond Kruml,2,2009-2010,927,45.64
700295,Miguel Vargas,4,2021-2024,418,45.64
682439,Jay Estes,1,2018,116,45.64
503205,Derek Kinzler,1,2007,52,45.64
499497,Joel Armstrong,2,2007-2008,286,45.64
542643,Robinson Figueroa,3,2008-2010,367,45.64
453401,Matthew Lane,2,2007-2008,545,45.64
677215,Ryan Tufts,2,2017-2018,89,45.64
13273,Ross Stripling,1,2013,20,45.64
806538,John McHenry,3,2022-2024,428,45.63
578268,Tae-Hyeok Nam,3,2010-2012,441,45.63
572695,Harold Baines Jr.,1,2009,82,45.63
519332,Travis Sweet,2,2007-2008,189,45.63
518982,Tyler Mann,4,2007-2010,346,45.63
606113,Randy Ortiz,4,2011-2015,792,45.62
643262,Danny Collins,1,2014,310,45.62
607265,Greg Ross,1,2014,19,45.62
689984,Zach Arnold,3,2023-2025,796,45.61
448283,Michael Ferris,1,2007,296,45.61
656105,Willy Diaz,4,2014-2017,749,45.61
668529,Yordi Francisco,3,2016-2018,581,45.61
682662,Rafael Morel,5,2021-2025,1402,45.61
808084,Grenyerbert Velasquez,2,2023-2024,244,45.61
519256,Warren Schaeffer,3,2007-2009,652,45.61
668355,Stephen Lohr,1,2017,135,45.6
598900,Christian Frias,2,2011-2012,147,45.6
694322,Evan Russell,1,2022,44,45.6
542983,Brian Bryles,2,2008-2009,421,45.6
621001,Kal Simmons,2,2015-2016,242,45.6
667487,Orlando Garcia,1,2018,501,45.6
701488,Dylan Phillips,2,2022-2023,106,45.6
686982,Jared McKenzie,4,2022-2025,1184,45.59
542402,Angel Logrono,1,2008,154,45.59
681048,Allante Hall,1,2021,10,45.59
681044,EJ Andrews Jr.,5,2021-2025,1244,45.59
488924,Garrett Groce,1,2007,322,45.59
669045,Skyler Weber,3,2016-2018,352,45.59
517051,Manuel Nuno,4,2007-2010,634,45.59
4166,Jesus Flores,2,2008-2009,80,45.59
682435,Cole Taylor,1,2018,133,45.58
518523,Kevin Carkeek,1,2008,196,45.58
27789,Shay Whitcomb,3,2021-2023,1539,45.58
650635,Moises Perez,5,2014-2018,1167,45.57
670077,Alberto Schmidt,2,2016-2017,106,45.57
645134,Dimitri Papantonopoulos,1,2013,39,45.57
656806,Connor Obrochta,1,2014,74,45.57
671113,Zach Daniels,3,2021-2023,1147,45.57
806966,Ariel Castro,3,2023-2025,440,45.57
680920,Jose Mercado,1,2018,89,45.56
544745,Yowill Espinal,6,2008-2013,1389,45.56
680994,Nick Biddison,4,2022-2025,962,45.56
607898,Brian Gaylord,1,2011,231,45.56
681748,Giuseppe Peguero,1,2018,247,45.56
444493,Reymundo Tavares,1,2007,92,45.55
814408,Jackson Hornung,3,2023-2025,928,45.55
492829,Miguel Alfonzo,3,2007-2009,606,45.55
570820,Lissander Mejia,2,2009-2010,177,45.55
642357,Jose G. Rodriguez,5,2013-2017,469,45.55
642718,Cesar Baez,3,2013-2015,455,45.55
808708,Marcelo Alcala,3,2023-2025,456,45.55
475728,Billy Rowell,5,2007-2011,1958,45.55
681453,Daneurys De La Cruz,5,2018-2024,793,45.55
501588,Maximo Florian,1,2007,74,45.55
820925,Fabian Alcantara,2,2024-2025,282,45.54
595400,Jake Schlander,2,2010-2011,473,45.54
572743,Steve Bumbry,3,2010-2012,1277,45.54
835938,Hayden Friese,1,2025,91,45.54
665133,Frank Crinella,3,2015-2018,517,45.53
607590,Michael Johnson,3,2011-2013,806,45.53
703742,Edrick Felix,3,2023-2025,403,45.53
642114,Michael Strentz,3,2014-2016,751,45.53
828600,Hayden Gilliland,1,2025,122,45.53
686680,Ben Sems,2,2021-2022,404,45.53
807720,Garret Forrester,3,2023-2025,565,45.53
453946,Felipe Garcia,1,2007,75,45.53
681184,Kevin Graham,3,2022-2024,728,45.53
516756,Jesus Rodriguez,2,2007-2008,231,45.53
693782,Luis Freitez,5,2021-2025,674,45.53
690992,Ed Howard,5,2021-2025,1099,45.53
15291,Steven Brault,2,2015-2016,28,45.52
643311,Jarrett Freeland,1,2014,98,45.52
683577,Charlis Aquino,3,2021-2023,612,45.52
810981,Wagnel Luna,3,2023-2025,393,45.52
544269,Juan Duran,9,2008-2016,2670,45.52
696045,Yosy Galan,4,2021-2024,1302,45.52
500759,Osmel Reyes,1,2007,60,45.52
643352,David Harris,3,2014-2016,700,45.51
672952,Luis Matos,2,2017-2018,323,45.51
542574,Wilfy Gil,1,2008,166,45.51
808685,Jose Paulino,3,2023-2025,440,45.51
467139,Alexis Arosemena,1,2007,268,45.51
680644,Ortwin Pieternella,1,2018,17,45.51
607768,Sutton Whiting,2,2015-2016,139,45.51
622732,Adonis Paula,5,2012-2017,974,45.51
806693,Christopher Vasquez,1,2023,92,45.5
681488,Logan Cerny,4,2021-2024,1223,45.5
657225,Jeff Hendrix,3,2016-2018,1238,45.5
681629,Nestor Heredia,1,2018,268,45.5
595462,Javan Williams,2,2010-2011,154,45.5
518613,Nick Derba,4,2007-2010,856,45.5
680598,Eliam Arias,1,2018,156,45.5
683571,Franrielis Bastardo,2,2021-2022,145,45.5
643555,Trevor Sprowl,1,2014,87,45.49
642297,Yoiber Marquina,1,2013,54,45.49
520288,Victor Estevez,4,2007-2010,912,45.49
691496,Omar Nuel,4,2021-2024,398,45.49
491672,Angel De Castro,1,2007,213,45.49
572985,Chandler Laurent,4,2009-2012,844,45.49
661422,Allan Santos,3,2015-2017,572,45.49
644517,Ricky Martinez,3,2013-2015,478,45.49
808903,Emilio Barreras,1,2025,69,45.49
815152,Theo Hardy,2,2024-2025,218,45.49
595122,Jordan Ballard,1,2010,145,45.48
573161,Nate Simon,1,2009,19,45.48
663933,Michael Curry,1,2021,308,45.48
502077,Stephen King,6,2007-2012,1979,45.47
2882,Luis Avilán,2,2011-2012,35,45.47
815044,Sam Mongelli,2,2023-2024,466,45.47
570679,Felix Gallardo,3,2009-2011,240,45.47
501703,Leonardo Gil,6,2007-2012,1620,45.47
607181,Christian Diaz,2,2011-2012,55,45.47
701860,Carter Cunningham,2,2024-2025,524,45.46
685298,Cade Bunnell,1,2021,489,45.46
682793,Bryan Gonzalez,5,2021-2025,1445,45.46
488727,Steve Braun,2,2008-2009,126,45.46
665944,Luis Arcaya,4,2016-2021,209,45.46
5432,Elian Herrera,3,2007-2009,904,45.46
605395,Samuel Mulroy,1,2012,66,45.46
489022,Rian Kiniry,5,2007-2011,1476,45.46
534559,Joey Lewis,3,2009-2011,782,45.46
675924,Nick Egnatuk,2,2017-2018,266,45.45
699386,Oferman Hernandez,3,2021-2023,290,45.45
469199,Carlos Salazar,1,2007,203,45.45
540937,Carlos Pupo,1,2008,188,45.45
681317,Jeremiah Boyd,3,2023-2025,146,45.45
695530,Gio Cueto,1,2025,138,45.45
660750,Luis Asencio,3,2015-2017,399,45.44
444959,Felix Martinez,1,2007,99,45.44
683318,Ryan Leitch,3,2022-2024,252,45.44
573001,Gabe MacDougall,2,2009-2010,266,45.44
543517,Mark McGonigle,2,2008-2009,302,45.44
518751,B.J. Guinn,4,2010-2013,1106,45.43
622012,Eliezer Castillo,4,2012-2015,723,45.43
447827,Kyle Peter,4,2007-2010,710,45.43
815654,Eli Lovich,1,2025,300,45.43
22164,Payton Henry,4,2016-2021,999,45.43
14975,Chad Kuhl,1,2015,17,45.43
677213,Pat McInerney,2,2017-2018,577,45.43
521653,Patrick Brooks,1,2007,130,45.42
663760,Cadyn Grenier,2,2018-2021,645,45.42
593645,Harry Arena,1,2010,44,45.42
623298,Cristian Munoz,2,2012-2013,140,45.42
628014,Nathan Hass,2,2013-2014,54,45.42
682983,Jud Fabian,4,2022-2025,1616,45.42
682757,Mario Mendez,1,2021,42,45.42
660643,Juan Peguero,2,2015-2016,230,45.41
501827,Jermaine Mitchell,3,2007-2009,1538,45.41
691262,Reginald Preciado,5,2021-2025,1183,45.41
543454,Alex Llanos,6,2008-2013,1500,45.41
692631,Roberto Sanchez,1,2021,47,45.41
657498,Patrick Armstrong,1,2014,155,45.41
656182,Kwan Adkins,2,2018-2021,251,45.41
570478,Jack Avila,2,2009-2010,76,45.41
593445,Alex Santana,1,2010,131,45.41
8851,Brandon Beachy,1,2010,11,45.41
642712,Yancarlos Baez,3,2014-2016,580,45.41
31583,Zach Cole,4,2022-2025,1361,45.4
663749,Zack Kone,1,2021,137,45.4
622111,J.B. Moss,2,2016-2017,222,45.4
820999,Domingo Batista,2,2024-2025,279,45.4
491656,Miguel Severino,1,2007,117,45.4
566814,Chris Serritella,2,2013-2014,855,45.4
451203,Anderson De La Rosa,3,2007-2009,433,45.4
804622,Ke'Shun Collier,2,2022-2023,121,45.4
688815,Anthony Quirion,2,2021-2022,259,45.4
687192,Cade Hunter,4,2022-2025,1162,45.39
14646,Rowan Wick,4,2012-2015,617,45.39
607578,Kenny Jackson,1,2011,117,45.39
613557,Matt Paré,3,2013-2015,300,45.39
674679,Chris Cornelius,1,2021,139,45.39
665158,Nick Conti,1,2021,79,45.39
621023,Landon Lassiter,3,2015-2017,854,45.39
808705,Adrian Bello,3,2023-2025,451,45.39
15258,Shane Carle,2,2015-2016,42,45.39
683534,Efrenyer Narvaez,3,2022-2024,331,45.39
608727,Keith Werman,2,2012-2013,178,45.39
607690,Greg Pron,3,2011-2013,882,45.39
642778,Jose Mogollon,2,2013-2014,141,45.39
607096,Joe Tuschak,5,2011-2016,997,45.39
592868,Austin Wilson,3,2014-2016,1176,45.39
573199,Taylor Terrasas,1,2013,138,45.38
702250,Jared Carr,3,2021-2023,935,45.38
664228,Mitchell Esser,1,2015,89,45.38
671925,Matt Coutney,3,2022-2024,1045,45.38
668861,David Clawson,1,2018,127,45.38
451114,Adenson Chourio,4,2007-2010,1077,45.38
451113,Arlon Quiroz,3,2007-2009,577,45.38
530065,Jesus Gonzalez,3,2012-2014,524,45.38
665783,Yeremy Nunez,1,2016,134,45.38
682867,Luis Pineda,5,2021-2025,836,45.38
573849,Danny Hernandez,2,2009-2010,216,45.38
621040,Alec Mehrten,1,2014,171,45.37
570680,Victor Arias,4,2009-2012,519,45.37
678290,Joseivin Medina,1,2018,107,45.37
805301,Jordan Dissin,4,2022-2025,827,45.37
681978,Angel Guzman,1,2018,57,45.37
674330,Zac Cook,2,2021-2022,730,45.37
594885,Geoff Klein,2,2011-2012,613,45.37
641683,Blake Hennessey,2,2013-2014,160,45.37
683844,Matheus Silva,3,2021-2023,250,45.36
691307,Yorfran Nieves,2,2022-2023,161,45.36
656758,Logan Moon,3,2014-2016,1055,45.36
488881,David Fonseca,2,2007-2008,459,45.36
628364,Deivy Castillo,4,2013-2016,534,45.36
7397,Zach Stewart,1,2009,11,45.36
503082,Luis Castillo,2,2007-2008,104,45.36
542248,Bernardo Villar,1,2008,68,45.35
692036,Andres Mesa,3,2021-2023,539,45.35
808392,Santiago Pinto,3,2023-2025,432,45.35
676633,Cameron Baranek,2,2017-2018,446,45.35
644386,Victor Gomez,2,2013-2014,174,45.35
591714,Andres Duque,3,2010-2012,417,45.35
657111,Fran Whitten,2,2014-2015,452,45.35
573748,Boss Moanaroa,4,2009-2013,947,45.34
575768,Andres Frias,1,2009,124,45.34
692602,Jose Ochoa,3,2022-2024,369,45.34
516690,Yarody Santos,1,2007,235,45.34
821160,Jesus Lugo,2,2024-2025,159,45.34
2540,Eric Surkamp,1,2011,18,45.34
810983,Cristian Lopez,1,2023,193,45.34
678912,Jommer Hernandez,5,2018-2024,782,45.34
666186,Thomas Dillard,2,2021-2022,966,45.33
607612,Travis Lane,2,2011-2012,204,45.33
682756,Edward Romero,1,2021,67,45.33
699219,Duncan Garcia,3,2021-2023,429,45.33
686843,Will Matthiessen,2,2021-2022,403,45.33
542917,T.J. Baxter,1,2010,459,45.33
650219,Hazzent Torrealba,1,2014,23,45.33
672475,Alexander Hernandez,3,2017-2021,562,45.33
518642,Taiwan Easterling,3,2011-2013,739,45.33
664880,Austin Afenir,2,2015-2016,520,45.33
11467,A.J. Cole,1,2014,11,45.32
521688,Lifete Jose,2,2007-2008,358,45.32
592284,Gauntlett Eldemire,1,2012,286,45.32
649956,Julio Lugo,1,2014,57,45.32
565804,Rory Rhodes,5,2009-2013,927,45.32
665870,Kevin Zamudio,3,2016-2018,388,45.32
526108,Jered Stanley,3,2007-2009,687,45.32
808293,Albert Alberto,2,2023-2024,235,45.32
555904,Ross Brayton,2,2010-2011,43,45.31
829965,Meykel Baro,1,2025,137,45.31
699034,Elian Riera,2,2021-2022,107,45.31
623258,Steven Nikorak,1,2012,173,45.31
699097,Yeuni Munoz,5,2021-2025,570,45.31
516409,Elvin Beltre,2,2007-2008,310,45.31
690983,Hunter Haas,3,2023-2025,815,45.31
800224,Lou Helmig,2,2022-2023,165,45.31
623501,Jeff Kemp,1,2014,473,45.31
815018,Ibrahim Ruiz,2,2024-2025,200,45.31
643526,Levi Scott,2,2015-2016,379,45.3
607376,Kentrell Hill,1,2011,95,45.3
681581,Andy Weber,3,2018-2022,524,45.3
607390,Mike Gallic,2,2011-2012,415,45.3
623293,Jacob Kapstein,2,2012-2013,132,45.3
493516,Bryan Brown,2,2007-2008,329,45.3
467805,Pedro Gonzalez,3,2007-2009,268,45.3
664855,Ronnie Jebavy,3,2016-2018,1202,45.3
594914,Drew Martinez,2,2011-2012,416,45.3
830802,Cesar Acosta,1,2025,120,45.3
672500,Julio De La Cruz,3,2017-2021,676,45.3
643278,Alex De Leon,1,2015,444,45.29
476944,Eddie Rush,1,2009,114,45.29
524349,Andury Acevedo,3,2007-2009,264,45.29
593814,Wagner Gomez,4,2010-2013,453,45.29
543523,Chris McMurray,4,2008-2011,404,45.29
682632,Adinso Reyes,3,2021-2023,552,45.28
684093,Adony Mejia,2,2021-2022,163,45.28
627367,Max Brown,2,2015-2016,201,45.28
642329,Nelio De Freitas,2,2013-2014,93,45.28
622192,Daniel Salters,2,2016-2017,704,45.28
621429,LeDarious Clark,3,2016-2018,1081,45.28
701837,Kavares Tears,1,2025,475,45.28
477038,Justin Reed,4,2007-2010,1448,45.28
673371,Roger Marmol,2,2017-2018,337,45.27
826545,Brendan Durfee,2,2024-2025,468,45.27
607738,Brent Tanner,2,2011-2012,365,45.27
665707,Aaron Familia,3,2016-2018,502,45.27
547530,Aridio Rodriguez,1,2009,254,45.27
646237,Byron Guerra,2,2013-2014,146,45.27
682709,Raymi Gomez,1,2021,40,45.26
21871,Jerar Encarnacion,5,2016-2022,976,45.26
670136,L.J. Kalawaia,1,2016,159,45.26
669904,Hunter Melton,1,2016,218,45.26
664987,Joe Genord,1,2021,227,45.26
514853,Xavier Gonzalez,2,2007-2008,194,45.26
698963,Mauricio Pierre,4,2021-2024,438,45.25
3254,Jeff Samardzija,2,2008-2009,57,45.25
6345,Chris Archer,1,2010,17,45.25
641840,Ryan McCarvel,4,2015-2018,869,45.25
806660,Estefano Lozano,2,2022-2023,59,45.25
542927,Fred Bello,2,2008-2009,245,45.25
621561,Matt Ford,1,2014,186,45.25
595243,Dustin Harrington,3,2010-2012,367,45.25
525489,Miguel Theran,1,2007,21,45.25
650359,Bryan Philips,1,2014,169,45.25
13006,Mitch Walding,5,2013-2017,2246,45.25
692655,Jarol Martinez,3,2021-2023,323,45.25
664967,Juandy Mendoza,2,2015-2016,299,45.24
605205,Matt Dean,6,2012-2017,2042,45.24
502512,David Berres,3,2007-2009,486,45.24
459369,Juan Peralta,1,2007,365,45.24
682788,Gary David,1,2021,25,45.24
669439,Drew Swift,3,2021-2023,717,45.24
808119,Yaikel Mijares,3,2023-2025,682,45.24
543312,J.R. Higley,5,2008-2012,739,45.23
624226,Juruengelo Tielman,2,2012-2013,201,45.23
657549,Michael Danner,3,2014-2016,339,45.23
643246,Brock Carpenter,3,2016-2018,605,45.23
542323,Octavio Wilson,2,2008-2009,343,45.22
6797,Julio Teheran,2,2011-2012,35,45.22
592701,Shane Rowland,2,2013-2014,121,45.22
621072,Nick Travieso,1,2016,31,45.21
592185,Dan Burkhart,3,2010-2012,201,45.21
461855,Juan Padron,1,2008,157,45.21
669452,Christian Robinson,2,2021-2022,405,45.21
605443,Logan Robbins,2,2011-2012,306,45.21
607604,Michael Knox,2,2011-2012,249,45.21
656455,Michael Gettys,5,2014-2018,2309,45.21
600958,Natanael Ramos,6,2011-2017,447,45.21
679691,Luke Heyer,2,2018-2021,273,45.2
666144,Francisco Thomas,2,2016-2017,155,45.2
691493,Jairo Mendez,4,2021-2024,474,45.2
543240,Albie Goulder,1,2008,119,45.2
516800,Quintin De Cuba,3,2007-2009,353,45.2
807958,Jarold Montealto,2,2023-2024,206,45.19
687059,Justin Ammons,1,2021,139,45.19
20157,Matthew Batten,2,2017-2018,382,45.19
691556,Rafael Dotel,1,2021,68,45.19
518437,Yoandy Barroso,2,2012-2013,456,45.19
624873,Leudy Garcia,3,2012-2014,469,45.19
602081,Natanael Mejia,6,2011-2016,456,45.19
801430,Brayden Jobert,3,2023-2025,843,45.19
25688,Cam Devanney,1,2021,334,45.19
669659,Brent Gibbs,2,2016-2017,229,45.18
821014,Gabriel Cesa,2,2024-2025,270,45.18
807972,Emil Turbi,3,2023-2025,437,45.18
471930,Luis Ramon Arzeno,3,2007-2009,258,45.18
668747,Ben Fisher,1,2017,48,45.18
605241,Ashford Fulmer,3,2015-2017,479,45.18
642434,Luis Hernandez,2,2013-2014,369,45.18
543702,Michael Roberts,4,2008-2011,506,45.17
593606,Jonathan Pumarol,2,2010-2011,174,45.17
692840,Kelvin Diaz,5,2021-2025,623,45.17
592711,Stefan Sabol,4,2013-2016,1521,45.17
702278,Nolan Schubart,1,2025,66,45.17
680995,Jaden Fein,2,2021-2022,131,45.17
502236,Mike Grace,2,2007-2008,844,45.17
622796,Sandy Rodriguez,4,2012-2015,426,45.17
681382,Erick Rivera,1,2018,82,45.16
488716,Kyle Blumenthal,1,2007,206,45.16
678010,Nick Schnell,5,2018-2024,1286,45.16
593640,Christefer Obispo,2,2010-2011,326,45.16
516768,Pedro Zapata,6,2007-2012,1996,45.16
592766,Taylor Brennan,5,2012-2016,1577,45.15
10340,Gift Ngoepe,5,2009-2014,1706,45.15
676075,Abdiel Layer,4,2018-2023,678,45.15
622181,Justin Chigbogu,4,2012-2015,1168,45.15
821615,Dilan Medina,1,2024,54,45.15
573661,Garis Pena,4,2009-2012,789,45.15
573509,Kurt Wideman,1,2009,78,45.15
543528,Andrew Means,4,2008-2011,1110,45.15
678911,Moises De La Cruz,1,2018,198,45.15
517049,Kevin Acosta,2,2007-2008,235,45.14
682804,Eduardo Vaughan,2,2021-2022,276,45.14
678265,Junior Ortega,1,2021,66,45.14
518825,Herbert Hudson,2,2007-2008,207,45.14
666194,Cooper Johnson,2,2021-2022,437,45.14
690985,Colby Halter,3,2023-2025,921,45.14
696501,Mark Coley II,3,2023-2025,903,45.13
659407,Tristan Pompey,2,2018-2021,413,45.13
644399,Alex Maldonado,2,2013-2015,311,45.13
692583,Elisandro Alcantara,3,2021-2023,404,45.13
670337,Chase Livingston,1,2016,66,45.13
641580,Lachlan Fontaine,3,2013-2015,299,45.13
658280,Nelson Hernandez,3,2014-2016,348,45.13
674666,Brett Bond,1,2018,99,45.13
669860,Jean Graterol,1,2017,151,45.13
684517,Bladimir De La Rosa,1,2021,184,45.13
591694,Jose Gomez,5,2010-2014,418,45.12
518957,Richard Lucas,6,2007-2013,1880,45.12
808894,Ismel Diaz,1,2023,94,45.12
680799,Seth Gray,2,2021-2022,1007,45.12
518949,Nick Longmire,3,2011-2013,1293,45.12
448146,Jereme Milons,1,2007,333,45.12
665973,Meure Rodriguez,3,2016-2018,272,45.11
676843,Ben Bengtson,2,2017-2018,437,45.11
667397,Nolan Brown,2,2017-2018,442,45.11
800264,Marco Marcelino,3,2022-2024,235,45.11
541607,Eduardo Cabrera,2,2008-2009,150,45.1
573175,Jeffrey Squier,3,2009-2011,355,45.1
14338,Williams Jerez,1,2011,142,45.1
502314,Nicholas Moresi,3,2007-2009,1062,45.1
570874,Luis Marte,4,2009-2012,633,45.1
682529,Efren Aular,1,2018,64,45.1
691177,Luis Rodriguez,4,2021-2024,1249,45.1
488934,Matthew Hall,4,2008-2011,1091,45.1
813976,Yensi Reyes,2,2023-2024,296,45.1
3534,Brian Bocock,3,2007-2009,1235,45.1
698931,Kevin Guerrero,5,2021-2025,986,45.09
645259,Carlos Talavera,4,2014-2017,680,45.09
10585,Rico Noel,4,2010-2013,1782,45.09
552655,Pierce Rankin,3,2010-2013,437,45.09
460623,Matthew Pulley,1,2007,75,45.09
622539,Carlos Gonzalez,4,2012-2015,659,45.09
641446,Adrian Castano,3,2013-2015,166,45.09
678494,Gary Camarillo,2,2018-2022,304,45.09
467846,Carlos Schonenberg,1,2007,49,45.09
506989,Barry Butera,1,2010,215,45.08
600907,Gustavo Gonzalez,3,2011-2013,322,45.08
664354,Dale Davis,1,2015,49,45.08
543771,Jaron Shepherd,1,2013,267,45.07
594904,Chris Lofton,4,2011-2014,1788,45.07
808686,Breyias Dean,3,2023-2025,507,45.07
678377,Kevin Miranda,1,2018,133,45.07
643211,Jordan Barnes,3,2013-2015,425,45.07
805701,Angelo DiSpigna,2,2023-2024,293,45.07
519414,Adam White,2,2008-2009,735,45.07
600961,Luis Rincones,1,2011,72,45.07
19795,Keegan Thompson,1,2018,12,45.07
609263,Raymel Flores,6,2012-2018,1201,45.07
665882,Juan Morales,2,2016-2018,303,45.07
687072,Jamari Baylor,4,2021-2024,844,45.07
683169,Sean McLain,4,2022-2025,953,45.07
829950,Diego Natera,1,2025,65,45.07
578569,Cesar Perez,3,2010-2012,445,45.06
593797,Erickson Salaya,1,2010,62,45.06
452736,Jimmy Scholzen,1,2007,163,45.06
489313,Matt Sheely,5,2007-2011,1037,45.06
676715,Nate Scantlin,2,2017-2018,226,45.06
671082,Ashton McGee,2,2021-2022,636,45.06
805356,Ethan Lege,2,2024-2025,301,45.06
17878,Dennis Santana,1,2013,210,45.06
656852,Austin Pfeiffer,1,2014,17,45.06
829755,Aaron Salazar,1,2025,137,45.05
800291,Daniel Silva,4,2022-2025,181,45.05
682959,Angel Bautista,1,2021,64,45.05
703939,Gregori Cano,3,2022-2024,395,45.05
657602,Ethan Gross,2,2014-2015,464,45.05
666671,Gerardo Nunez,2,2016-2017,175,45.05
19454,Michael Rucker,1,2018,22,45.05
519119,Wynn Pelzer,1,2010,13,45.05
452246,Brad McCann,1,2007,414,45.05
12938,Gabriel Ynoa,2,2015-2016,62,45.04
645281,Yeffry De Aza,4,2014-2017,550,45.04
658299,Jared Deacon,3,2014-2016,179,45.04
657542,Alex Close,1,2015,89,45.04
699218,Egduard Winterdaal,1,2021,52,45.04
678910,Alberis Ferrer,3,2018-2022,450,45.04
650626,Johnny Adams,1,2018,522,45.04
516653,Dashenko Ricardo,5,2007-2013,626,45.03
579748,Pedro Okuda,3,2010-2012,478,45.03
544151,Greg Bordes,1,2009,48,45.03
694336,Dom Johnson,3,2022-2024,836,45.03
672393,Charles Reyes,3,2017-2021,414,45.03
691402,Andruw Salcedo,5,2021-2025,424,45.03
829988,Angel Roso,1,2025,57,45.02
682712,Daniel Marte,2,2021-2022,214,45.02
663772,Kennie Taylor,1,2021,220,45.02
643431,Zach Mathieu,2,2013-2014,273,45.02
622762,Victor Rey,6,2012-2017,864,45.02
517466,Ramon Mota,3,2007-2009,543,45.02
6748,Travis Tartamella,4,2009-2012,493,45.02
657555,Scott De Jong,2,2014-2015,420,45.01
453119,Gabriel Casanova,2,2007-2008,137,45.01
681339,Brendan Tinsman,2,2022-2023,172,45.01
668776,Devin Ortiz,2,2022-2023,299,45.01
517368,Ariesky Lapaix,3,2007-2009,507,45.01
543817,Keith Stein,1,2008,51,45.01
803630,Jalen Hairston,1,2025,124,45.01
462973,Gerardo Avila,3,2007-2010,344,45.01
692377,Anthony Rodriguez,3,2021-2023,638,45.0
488906,Adam Godwin,1,2007,363,45.0
541653,Felix Gonzalez,4,2008-2011,611,45.0
642469,Erick Gabo,3,2013-2015,606,45.0
11624,Jarrett Parker,3,2011-2013,1586,45.0
683588,Jose Caguana,5,2021-2025,800,45.0
665838,Reinaldo Ilarraza,5,2016-2022,1433,45.0
656094,Robert Paulino,3,2014-2016,287,45.0
800417,Juan Martínez,3,2022-2024,305,45.0
593498,Victor Ovalles,3,2010-2013,326,45.0
518624,Russell Dixon,2,2008-2009,648,45.0
657439,Troy Stein,3,2014-2016,563,45.0
493500,Nick Arata,2,2009-2010,360,44.99
800155,Yosander Asencio,4,2022-2025,678,44.99
827427,Eduardo Guillen,1,2025,165,44.99
813894,Tyler Herron,1,2025,110,44.99
642295,Oscar Taveras,2,2013-2014,355,44.99
660451,Cristian Peguero,2,2015-2016,242,44.99
671576,Enmanuel Guitian,2,2017-2018,313,44.98
829075,Hiverson López,1,2025,197,44.98
656950,Anfernee Seymour,4,2014-2018,1495,44.98
642286,Miguel Mercedes,5,2013-2018,1252,44.98
473216,Cesar Quintero,1,2007,507,44.98
499485,Imbewer Alvarez,3,2007-2009,415,44.98
518651,Eric Eiland,3,2007-2010,874,44.98
447740,Ramiro Mendez,1,2007,132,44.98
658531,Miguelangel Sierra,4,2015-2021,1091,44.98
514852,Lesther Galvan,3,2007-2009,282,44.98
808525,Jorge Ramirez,3,2023-2025,199,44.97
607009,Derek Jones,2,2013-2014,883,44.97
682156,Jonathan Quintana,1,2018,82,44.97
623279,Colton Plaia,2,2014-2015,619,44.97
607358,Martin Medina,4,2011-2014,902,44.97
5358,Jose Alvarez,2,2011-2012,46,44.96
702461,Kay-Lan Nicasia,5,2021-2025,939,44.96
681873,Luke Sherley,1,2018,97,44.96
820959,Shendrion Martinus,2,2024-2025,215,44.96
668993,Justin Farmer,3,2021-2023,947,44.95
571555,Matthew Cerione,2,2010-2011,594,44.95
597971,Brendan Rowland,1,2010,32,44.95
678844,Eliezel Stevens,4,2018-2023,562,44.94
681932,Matt Cross,3,2018-2022,234,44.94
643541,Johnny Slater,1,2017,201,44.94
702563,Mason Neville,1,2025,90,44.94
687669,Ronny Novas,2,2021-2022,167,44.94
644359,Wilson Agramonte,1,2013,47,44.94
672441,Jeinser Brete,2,2017-2018,246,44.94
627696,Todd McDonald,2,2013-2014,249,44.93
595835,Luca Martone,3,2010-2012,149,44.93
665931,Christopher Arias,1,2017,139,44.93
622731,Anthony Mojica,1,2012,95,44.93
607105,Caleb Whalen,2,2016-2017,319,44.92
815182,Haniel German,2,2024-2025,308,44.92
829071,Warren Calcaño,1,2025,35,44.92
543691,John Rickard,2,2008-2009,121,44.92
678263,Junior Marte,1,2018,146,44.92
534809,Drew Longley,2,2012-2013,201,44.92
681142,Justice Thompson,4,2021-2024,1137,44.92
2568,Enrique Gonzalez,1,2007,34,44.92
607172,Trey Martin,7,2011-2017,1638,44.91
641323,Luis Aviles Jr.,6,2013-2018,2105,44.91
699272,Jefferson De La Cruz,2,2021-2022,233,44.91
675560,Ryan Sloniger,1,2021,88,44.91
694231,Sebastian Ramirez,1,2021,100,44.91
808144,Raúl Leonte,2,2023-2024,120,44.9
807746,Kade Kern,3,2023-2025,533,44.9
656199,Michael Arroyo,3,2015-2017,198,44.9
608766,Bryan Johns,3,2011-2013,512,44.9
573140,Nick Santomauro,1,2010,326,44.9
698936,Eruviel Castillo,3,2021-2023,281,44.9
665726,Waldy Ramirez,2,2015-2016,261,44.9
829952,Saul Ramirez,1,2025,161,44.89
829742,Ronny Suarez,1,2025,164,44.89
681531,Jacson McGowan,1,2021,253,44.89
677731,Francisco Hernandez,5,2017-2023,1313,44.89
656824,Isaiah Pasteur,1,2018,98,44.88
665810,Welin Liriano,2,2016-2017,398,44.88
801507,Jake Cunningham,3,2023-2025,661,44.88
643463,Cambric Moye,2,2013-2014,283,44.88
465713,Yancarlos Ortiz,3,2007-2009,1095,44.88
460018,Todd Davison,2,2007-2008,567,44.88
655674,Francisco Marte,2,2014-2015,90,44.88
687781,Vojtech Mensik,1,2022,196,44.88
676048,Mason Berne,1,2018,114,44.88
650712,Sammy De Jesus,1,2014,100,44.88
678291,Vladimir Echavarria,2,2018-2021,272,44.88
800069,Javier Roman,4,2022-2025,348,44.88
692556,Kelvin Diaz,5,2021-2025,949,44.87
696264,Tyler Whitaker,5,2021-2025,1522,44.87
829785,Freilyn Rodriguez,1,2025,195,44.87
660443,Carlos Centeno,3,2015-2017,246,44.87
518710,Juan Garcia,2,2007-2008,129,44.86
466454,Jesus Sanchez,3,2007-2011,241,44.86
660848,Daniel Cedeno,2,2015-2016,176,44.86
657243,Brayan Morales,2,2017-2018,590,44.86
461317,Chris Kinsey,1,2007,29,44.86
607008,Bubba Jones,3,2011-2014,255,44.86
553855,Nohisglym Rivero,4,2009-2013,639,44.86
544939,Josh Vittek,1,2008,171,44.86
8273,Brent Dlugach,1,2007,78,44.86
676750,Jacob Brown,2,2017-2018,298,44.86
681606,Nigel Calmes,1,2018,130,44.86
660630,Romer Cuadrado,5,2015-2021,1568,44.86
571861,Kyle Knudson,3,2010-2012,613,44.86
641858,Matt McPhearson,6,2013-2018,1200,44.86
455357,Clinton Naylor,2,2007-2008,111,44.86
458665,Chad Spann,2,2007-2008,668,44.85
453276,Jeremy Hambrice,1,2007,149,44.85
624932,Brad Moss,1,2013,39,44.85
678682,Skeiling Rodriguez,3,2018-2022,441,44.85
571073,Dreily Guerrero,6,2009-2014,1053,44.85
515768,Balbino Fuenmayor,6,2007-2013,1413,44.85
642436,Nelson Nunez,1,2013,217,44.85
12804,Matt Wisler,1,2014,22,44.85
606320,Brawlun Gomez,5,2011-2015,1007,44.84
700385,Gabriel Silva,5,2021-2025,577,44.84
543446,Jordan Leyland,2,2012-2013,203,44.84
446279,Brian Juhl,2,2007-2008,235,44.84
676250,Jason Pineda,2,2017-2018,337,44.84
657038,Eric Thomas,2,2014-2015,211,44.84
657506,Max Bartlett,1,2017,81,44.84
681172,Tyler Tolve,5,2021-2025,1058,44.83
649120,Hayden Timberlake,1,2014,76,44.83
571457,Luke Bailey,5,2010-2014,953,44.83
689748,Jose Rivera,2,2021-2022,127,44.83
805043,Karniel Pratt,4,2022-2025,481,44.83
679945,Stiwatt Valerio,1,2018,113,44.82
10058,Tyler Matzek,2,2013-2014,33,44.82
460369,Jose Camarena,2,2007-2008,544,44.82
665043,Jensen Park,2,2015-2016,155,44.82
470390,Alvis Ojeda,1,2007,25,44.82
678698,Marco Naranjo,1,2018,45,44.82
518936,Calvin Lester,2,2007-2008,274,44.81
650989,Manuel Herazo,4,2014-2017,401,44.81
665972,Yeuris Ramirez,5,2016-2022,952,44.81
693177,Frailyn Abreu,2,2021-2022,155,44.81
502329,Mark Dolenc,3,2007-2009,1138,44.81
694689,Dominic Pitelli,3,2023-2025,906,44.81
691625,Gregory Duran,4,2021-2024,547,44.8
491641,Yovanny Ozuna,1,2007,69,44.8
660446,Ismaldo Rodriguez,4,2015-2018,517,44.8
678393,Guillermo Tatis,1,2018,185,44.8
663406,Alexis Olmeda,2,2017-2018,202,44.8
592803,Dickie Joe Thon,5,2011-2016,1560,44.79
669282,Tanner Murphy,2,2021-2022,398,44.79
459933,Bobby Andrews,2,2007-2008,497,44.79
8461,Michael Brady,1,2009,39,44.79
591737,Javier Avila,1,2010,85,44.79
593382,Domingo Diaz,2,2010-2011,299,44.79
507021,Bennett Davis,1,2010,157,44.79
642443,Ronaldo Contreras,4,2013-2016,594,44.79
664215,Zach Nehrir,2,2016-2017,472,44.79
800011,Jerffson Pena,3,2022-2024,525,44.78
656063,Francisco Hernandez,2,2014-2015,325,44.78
615703,Owen Spiwak,3,2015-2018,203,44.78
678823,Enrique Valdez,4,2018-2023,852,44.77
516660,Julio Aparicio,6,2007-2012,1259,44.77
502270,Tadd Brewer,2,2007-2008,292,44.77
572397,Kenneth Straus,1,2011,113,44.77
572404,Kyle Von Tungeln,2,2013-2014,371,44.76
808124,Abelardo Medrano,2,2023-2024,205,44.76
519019,Brandon Menchaca,3,2007-2009,599,44.76
622185,Brock Hebert,4,2012-2015,989,44.76
678850,Norkis Marcos,4,2018-2023,760,44.76
657573,Tolly Filotei,2,2016-2017,86,44.76
570671,Marcus Guillen,2,2009-2010,418,44.76
501766,Carlos Cabral,1,2007,123,44.76
800180,Douglas Glod,4,2022-2025,835,44.76
690383,Quentin Selma,2,2021-2022,241,44.76
696282,Dakota Kotowski,3,2022-2024,490,44.76
689216,Jalen Battles,3,2022-2024,646,44.75
807983,Ramon Landaeta,3,2023-2025,360,44.75
516848,Diomedes Lopez,6,2007-2013,459,44.74
572245,Brenden Webb,6,2009-2014,2029,44.74
543254,Shawn Griffin,2,2008-2009,501,44.74
467102,Jose Gonzalez,5,2007-2011,846,44.74
501685,Jose Guzman,1,2007,126,44.73
602097,Fernando Rios,3,2011-2013,179,44.73
677031,Robie Rojas,2,2017-2018,173,44.73
11592,Williams Pérez,1,2014,33,44.73
694216,Malvin Valdez,5,2021-2025,1253,44.73
697779,Jose Robledo,3,2022-2024,511,44.73
687488,Zach Huffins,2,2021-2022,70,44.73
473213,Chao Kuan Wu,1,2007,28,44.73
825182,Jhonael Cuello,1,2025,116,44.73
670907,Robert Javier,2,2017-2018,431,44.72
622759,Daniel Barrios,7,2012-2018,848,44.72
692328,Cliyano Nahr,1,2021,115,44.72
682086,Cash Gladfelter,1,2018,37,44.71
683735,Will Holland,2,2021-2022,743,44.71
447749,Anthony Harper,1,2007,120,44.71
681967,Austin Dennis,1,2021,73,44.71
592813,Jordan Tripp,1,2010,52,44.71
573120,David Rivera,2,2009-2010,240,44.7
519380,William Vazquez,3,2007-2009,365,44.7
502107,Roberto Perez,3,2007-2009,569,44.7
664302,Daniel Diaz,4,2015-2018,557,44.7
703144,Ryan Reckley,4,2022-2025,635,44.7
677356,Carter Young,4,2022-2025,1269,44.7
572897,ZeErika McQueen,3,2009-2012,474,44.7
592108,Chris Anderson,1,2015,17,44.69
682517,Colby Schultz,1,2018,154,44.69
630063,Joe Cronin,3,2016-2018,569,44.69
832447,Adrian Feliz,1,2025,68,44.69
626925,Zac Shepherd,5,2014-2018,1863,44.69
450694,Gered Mochizuki,1,2009,156,44.69
683774,Lester Madden,2,2021-2022,262,44.69
621572,Keon Barnum,6,2012-2017,2118,44.68
678699,Jonarkys Lopez,1,2018,49,44.68
573490,Paul Chacin,2,2009-2010,274,44.68
593511,Deion Galvan,1,2010,56,44.68
543519,James McGraw,1,2008,94,44.68
489071,Andrew Lopez,1,2007,120,44.68
703638,Jankel Ortiz,2,2022-2023,114,44.68
694180,Wilman Diaz,5,2021-2025,1207,44.68
622332,Junior Estrella,1,2012,59,44.67
672625,Yerjeni Perez,3,2017-2021,490,44.67
805842,Brett Johnson,3,2022-2024,606,44.67
501776,Ferdinand Willians,2,2007-2008,271,44.67
451120,Pedro Vasquez,1,2007,109,44.67
673165,Austin Crutcher,1,2017,145,44.67
829992,Manuel Vasquez,1,2025,78,44.67
543036,Mark Cohoon,2,2010-2012,32,44.67
807971,Juan Rosas,3,2023-2025,149,44.67
691593,Germain Ruiz,2,2021-2022,276,44.67
573190,Kenny Swab,3,2011-2013,513,44.67
573259,Garen Wright,3,2009-2011,367,44.67
16041,Stevie Wilkerson,2,2015-2016,862,44.66
666170,Nonie Williams,3,2016-2018,530,44.66
698915,Bryant Mendez,5,2021-2025,566,44.66
573044,Jobduan Morales,7,2009-2015,920,44.65
665997,Jhon Garcia,2,2016-2017,280,44.65
621599,Steven Fuentes,4,2012-2016,659,44.65
657669,Riley Mahan,2,2017-2018,489,44.65
700025,Victor Quezada,2,2021-2022,321,44.65
520954,Joseph Spiers,1,2007,123,44.65
666665,Joel Borges,2,2016-2017,190,44.64
670306,G.K. Young,1,2017,355,44.64
501951,Jay Heafner,1,2007,215,44.64
456858,Neil Walton,2,2007-2008,688,44.64
687466,Harrison Freed,2,2021-2022,341,44.64
573587,Eric Shortell,1,2009,17,44.64
702883,Javier Velasquez,1,2022,29,44.63
518690,Justin Frash,1,2008,305,44.63
501211,Henry Rodriguez,3,2007-2009,305,44.63
814294,Dario Reynoso,3,2023-2025,623,44.63
678521,Chris Burke,3,2021-2023,145,44.63
519167,Daniel Rams,6,2007-2012,1629,44.63
489204,Nick Pereira,1,2007,22,44.63
678633,Jean Pena,3,2018-2022,521,44.63
675382,Andrew Sojka,1,2025,81,44.62
500737,Alberto Restrepo,2,2007-2008,158,44.62
830006,Jorge Drullard,1,2025,60,44.62
679799,Edwin Peralta,2,2018-2021,264,44.62
10054,Alex White,1,2012,11,44.62
501644,Carlos Martinez,5,2007-2011,1213,44.62
458592,Adam Howard,1,2008,27,44.62
518652,Lee Ellis,1,2007,236,44.62
592481,Jared Lakind,2,2010-2011,146,44.61
602136,Arturo Nieto,6,2011-2017,982,44.61
518475,Casey Bond,1,2007,212,44.61
676673,Nic Motley,2,2017-2018,278,44.61
650544,Isrrael De La Cruz,4,2014-2017,709,44.61
605313,Pat Kelly,2,2014-2015,505,44.61
500755,Jesus Granado,1,2008,52,44.61
657701,Antonio Nunez,3,2014-2017,1032,44.61
8369,Mitch Atkins,3,2008-2010,128,44.61
519407,Daniel Wentzell,1,2007,174,44.6
650444,Franklin Vargas,2,2014-2015,156,44.6
694815,Jack Hurley,3,2023-2025,963,44.6
820978,Remy Veldhuisen,2,2024-2025,227,44.6
624511,Andy McGuire,1,2018,51,44.6
677224,Kipp Moore,1,2017,64,44.6
664897,Jordan Tarsovich,1,2015,159,44.6
446632,Luke Hetherington,1,2007,297,44.6
543641,Jordan Petraitis,1,2009,131,44.59
624826,Diory Paulino,1,2013,65,44.59
670252,Aaron Bond,2,2017-2018,257,44.59
666616,Jose Mejias,3,2016-2018,307,44.59
617367,Adam Lewis,2,2012-2013,83,44.58
605893,Bealyn Chourio,4,2011-2015,620,44.58
657098,Tyler Webb,1,2018,166,44.58
596807,Anthony Aguilera,2,2010-2011,164,44.57
702550,Chandler Pollard,3,2023-2025,782,44.57
808077,Jonathan Taveras,2,2023-2024,206,44.57
492839,Luis Grullon,3,2007-2009,351,44.57
593659,Wagner Mateo,4,2010-2013,565,44.57
692455,Dawry Martinez,2,2021-2022,263,44.57
519091,Alex Oliveras,4,2007-2010,956,44.57
827628,Garrett Howe,2,2024-2025,431,44.57
570562,Juan Ramirez,5,2009-2013,730,44.57
472569,Norberto Ortiz,1,2007,80,44.57
695758,Hector Nieves,4,2021-2024,436,44.56
488653,Joe Agreste,1,2010,200,44.56
656697,Garrett McCain,1,2018,319,44.56
808231,Smarlin Espinal,1,2023,94,44.56
678294,Julio Enrique,3,2018-2022,471,44.56
690970,Corey Collins,2,2024-2025,298,44.56
663555,Beau Brundage,2,2018-2021,310,44.56
455085,Reece Creswell,1,2007,66,44.55
460347,Moises Hernandez,1,2007,16,44.55
661456,Stephen Dezzi,1,2016,71,44.55
660856,Leonel Bejaran,2,2015-2016,202,44.55
685438,Franklin Linares,2,2021-2022,178,44.54
807379,Paris Johnson,2,2023-2024,174,44.54
545049,John Kateon,1,2008,101,44.54
489140,Sergio Morales,3,2007-2009,1093,44.54
607388,Joe Maloney,3,2011-2013,521,44.53
808125,Luis Hernandez,1,2023,46,44.53
682879,Yoan Bravo,2,2021-2022,258,44.53
3234,Travis Blackley,1,2007,47,44.53
602851,Franklin Cariel,1,2011,38,44.53
6979,Brandon Dickson,1,2009,14,44.53
829057,Cristopher Polanco,1,2025,222,44.53
667325,Johampher Arrendoll,3,2016-2018,619,44.53
681831,Willie Joe Garry Jr.,5,2018-2024,1023,44.52
572055,Joseph Rapp,1,2013,383,44.52
683559,Juan Pizarro,3,2021-2023,90,44.52
573040,Michael Mooney,2,2010-2011,405,44.52
692481,Peniel Brito,2,2021-2022,149,44.52
699290,Angel Guerrero,2,2021-2022,80,44.52
487678,Angel Zapata,3,2007-2009,362,44.52
687793,Nick Vogt,3,2022-2024,758,44.51
828783,Luis Leon,1,2025,88,44.51
543470,Brandon Loy,4,2011-2014,975,44.51
506714,Carlos Ortega,3,2007-2009,481,44.51
808103,Edwardo Espinal,3,2023-2025,494,44.51
605305,David Jones,1,2012,42,44.51
623308,David Cruz,2,2012-2013,100,44.51
599912,Nick Urbanus,4,2011-2014,776,44.51
693730,Ruben Salinas,1,2022,188,44.5
642078,Conner Simonetti,1,2016,171,44.5
25448,Greg Jones,2,2021-2022,675,44.5
691306,Luis Moreno,2,2022-2023,179,44.5
680648,Justin Oferman,2,2018-2021,285,44.5
829903,Manuel Almeida,1,2025,169,44.5
835011,Elisandro Ramirez,1,2025,105,44.5
657631,Alejandro Juvier,5,2014-2018,1025,44.49
814375,Yonkelvin Polanco,2,2023-2024,87,44.49
811716,Landyn Vidourek,1,2025,74,44.49
621431,Steven Golden,2,2012-2013,137,44.49
644366,Gerald Bautista,2,2013-2014,207,44.49
608232,Edwin Contreras,2,2011-2012,217,44.49
664891,Ed Charlton,2,2015-2016,341,44.49
694045,Brayan Hernández,4,2021-2024,480,44.49
655987,Javier Agelvis,4,2014-2017,498,44.48
683407,Roberth Gutierrez,2,2021-2022,184,44.48
688963,William Sullivan,2,2023-2024,291,44.48
457640,Roberto Mena,1,2008,325,44.48
518611,Paul Demny,2,2012-2013,32,44.48
518719,Peter Gilardo,2,2007-2008,120,44.48
656925,Liam Sabino,1,2018,153,44.48
622678,Iosif Bernal,1,2012,170,44.47
806161,Yahil Melendez,3,2023-2025,464,44.47
543400,Aaron King,1,2013,30,44.47
573065,Matt Nuzzo,2,2009-2011,400,44.46
501014,Cesar Diaz,2,2007-2008,341,44.46
542666,Abraham Ramirez,2,2009-2011,254,44.46
571708,Andrew Giobbi,2,2010-2011,205,44.46
676566,Shawn Ross,2,2023-2024,591,44.46
664959,Blake Butler,3,2015-2017,885,44.45
691397,Juan Garcia,4,2021-2024,387,44.45
620450,Ronny Carvajal,2,2013-2014,350,44.45
684519,Omar De Los Santos,4,2021-2024,1378,44.45
502134,Jonathan Fernandez,1,2009,35,44.45
643201,DeAndre Asbury-Heath,4,2013-2016,583,44.45
623326,Quinten Davis,4,2012-2015,621,44.44
571749,Devin Harris,3,2010-2012,923,44.44
656276,Austin Bush,2,2017-2018,353,44.44
451699,Richard Pena,3,2007-2009,713,44.44
665921,Henry Pujols,2,2016-2017,420,44.44
808718,Elias Riera,2,2023-2024,98,44.44
642093,Stephen Smith,2,2017-2018,500,44.44
663526,Kole Cottam,1,2021,276,44.43
591680,Jose Kalbakgi,2,2010-2011,178,44.43
699176,Kevin Santos,3,2021-2023,282,44.43
677342,Brock Jones,4,2022-2025,1159,44.43
501996,Gary Daley,1,2010,12,44.43
517052,Jose Paulino,2,2007-2008,313,44.42
16727,Brock Stewart,1,2016,12,44.42
595210,J.J. Franco,3,2014-2016,231,44.42
622172,Yunior Aybar,1,2012,19,44.42
622208,Max White,6,2012-2017,2061,44.42
595776,Kyung-Min Na,2,2011-2012,347,44.41
644297,Kyle Grieshaber,1,2013,116,44.41
621483,Jason Kanzler,3,2013-2015,1008,44.41
502708,Alex Meneses,2,2007-2008,516,44.41
645282,Marten Gasparini,5,2014-2018,1575,44.41
542966,Beau Brett,2,2010-2011,165,44.41
821780,Kevin Tamburini,2,2024-2025,210,44.4
682767,Pedro Mota,2,2021-2022,245,44.4
622511,Jose Garcia,6,2012-2018,731,44.39
459422,Billy Killian,3,2007-2009,314,44.39
678689,Neyfy Castillo,5,2018-2024,1951,44.39
641591,Amalani Fukofuka,5,2013-2017,1582,44.39
800088,Jaycey Benita,1,2022,70,44.39
672852,Victor Hernandez,1,2017,65,44.38
573177,Chadwin Stang,4,2009-2013,1511,44.38
669638,Anthony Churlin,2,2016-2018,169,44.38
595343,John Nester,2,2011-2012,557,44.38
680883,Sean Guilbe,2,2018-2021,442,44.38
613535,Jimmy Falla,1,2013,135,44.38
502005,Derek McCallum,3,2009-2011,785,44.38
655998,Oberto Munoz,4,2014-2018,380,44.37
543138,Jason Esposito,4,2012-2015,1594,44.37
467819,Juan Carlos Perez,1,2007,27,44.37
678647,Gerard Ramos,2,2018-2021,422,44.37
9323,Patrick Corbin,2,2011-2012,61,44.37
829042,Ayden Johnson,1,2025,140,44.36
678786,Jesus Maita,1,2018,193,44.36
607748,Charley Thurber,2,2012-2013,700,44.36
801259,Jose Rivera,4,2022-2025,480,44.36
14932,Ben Lively,3,2014-2016,48,44.36
691178,Bayron Lora,1,2021,196,44.36
650438,Carlos Rivero,5,2014-2018,1193,44.36
676748,Dylan Rosa,1,2018,421,44.36
807600,Jose Subero,2,2023-2024,127,44.36
672741,Anthony Coronado,2,2017-2018,300,44.35
593365,Leonardo Fuentes,4,2010-2013,599,44.35
658136,Anardo Peralta,3,2014-2016,352,44.35
595344,Chad Noble,3,2010-2012,511,44.35
593816,Yonatan Suero,4,2010-2013,695,44.35
664327,Jonaikel Delgado,2,2015-2016,176,44.34
474370,Jason Ogata,1,2009,107,44.34
502627,Tyreace House,3,2008-2011,1067,44.34
699076,Juan Alonso,4,2021-2024,924,44.34
488842,Nicholas Doscher,2,2007-2008,152,44.34
642303,Francis Guerrero,4,2013-2016,418,44.34
827417,Nieves Izaguirre,1,2025,87,44.34
674288,Freddy Barreto,2,2017-2018,234,44.33
664106,DJ Jenkins,3,2016-2018,701,44.33
489287,Mike Sansoe,1,2007,337,44.33
520932,Petr Cech,3,2007-2009,118,44.33
596098,Garrett Schlecht,3,2011-2013,255,44.32
642317,Dionenrys Pena,2,2013-2014,169,44.32
13690,Sal Romano,1,2016,41,44.32
457730,Matt Torra,1,2008,42,44.32
685277,Nick Kahle,2,2021-2022,347,44.32
674006,Nick Choruby,1,2018,197,44.32
813922,Jack Lines,1,2025,139,44.32
691770,Braylon Bishop,5,2021-2025,843,44.31
457534,Jake Long,3,2007-2009,454,44.31
679757,Geison Nunez,1,2018,142,44.31
669033,Nick King,1,2017,121,44.31
687557,Blaine McIntosh,3,2021-2023,333,44.31
656191,Carl Anderson,1,2016,27,44.31
543827,Tyler Stovall,2,2008-2009,404,44.31
641315,Trae Arbet,5,2013-2018,1011,44.31
25873,Connor Thomas,1,2021,23,44.3
4946,Elijah Dukes,1,2008,79,44.3
23788,Jordyn Adams,5,2018-2024,1943,44.3
594960,Brent Peterson,3,2012-2014,514,44.3
678803,Anthony Garcia,4,2018-2023,972,44.29
573218,Rob Vaughn,2,2009-2010,153,44.29
607082,Jordan Serena,3,2015-2017,903,44.29
641910,Steven Negron,2,2013-2014,190,44.28
821680,Raul Vargas,1,2024,73,44.28
678663,Ramses Malave,4,2018-2023,669,44.28
655368,David Pereira,2,2014-2015,61,44.28
800541,Jesus Peraza,2,2022-2023,158,44.28
676443,Demetrius Sims,1,2017,84,44.28
682504,Leonardo Seminati,2,2018-2021,411,44.28
808000,Jeison Lopez,3,2023-2025,251,44.27
527032,Hitaniel Arias,4,2008-2011,713,44.27
542441,Cristobal Rodriguez,4,2008-2011,683,44.27
548319,Gregg Glime,2,2010-2011,163,44.27
623502,Tim Saunders,3,2012-2014,611,44.27
455393,Ogui Diaz,3,2007-2009,604,44.27
698960,Juanel Urena,2,2021-2022,201,44.27
657216,Devon Fisher,2,2014-2015,177,44.26
466445,Pedro Silveren,2,2007-2008,305,44.26
829887,Stiven De La Cruz,1,2025,119,44.26
572913,Drew Hedman,2,2010-2011,727,44.26
591617,Omar Oses,3,2010-2012,383,44.26
658680,Claudio Geraldo,3,2014-2016,444,44.25
660999,Sam Buelens,2,2015-2016,194,44.25
813860,Charlie Pagliarini,3,2023-2025,1015,44.25
500730,Roberto Espinoza,4,2007-2010,517,44.25
477154,Rolando Petit,3,2008-2010,427,44.25
808156,Joenelly Van Der Linden,2,2023-2024,128,44.25
542943,Ryan Blair,1,2009,277,44.24
805550,Ryan Weingartner,1,2025,90,44.24
672532,Juan Herrera,3,2017-2021,289,44.24
687601,Wendell Marrero,3,2021-2023,633,44.24
620452,Jose Pujols,5,2013-2018,1739,44.24
805062,Joan Delgado,4,2022-2025,576,44.24
821241,Yohandy Cruz,2,2024-2025,118,44.24
680763,Eric De La Rosa,2,2018-2021,480,44.23
596860,Jin-Ho Shin,4,2010-2013,924,44.23
10302,Chris Heston,1,2012,24,44.23
698995,Dayker Baldallo,4,2021-2024,470,44.22
488903,Grant Gerrard,2,2007-2008,597,44.22
461837,Darryl Lawhorn,1,2007,138,44.22
608065,Phillip Bauer,1,2011,78,44.22
603011,Julio Pena,4,2011-2014,760,44.22
808009,Gustavo Marquez,3,2023-2025,538,44.21
489177,Patrick Norris,4,2007-2010,1520,44.21
451116,Jose Lotito,1,2008,65,44.21
682850,Jose Dilone,3,2021-2023,366,44.21
825658,Jose Santana,1,2025,121,44.21
542677,Breidi Santana,1,2008,41,44.2
665146,London Lindley,2,2015-2016,155,44.2
571524,Tony Bryant,3,2010-2012,402,44.2
12988,Andrew Chafin,2,2013-2014,74,44.2
688226,Anthony Mulrine,2,2021-2022,453,44.2
660672,Richard Barcenas,4,2015-2018,590,44.2
518950,Josh Lopez,4,2007-2010,397,44.2
542391,Daurys Mercedes,5,2008-2012,976,44.19
683091,Logan Tanner,4,2022-2025,630,44.18
657806,Christian Williams,3,2015-2018,642,44.18
670323,Jarrett Costa,1,2016,42,44.18
571116,Freidderyx Ramirez,3,2009-2011,383,44.18
800195,Jorgelys Mota,4,2022-2025,806,44.18
800139,Reylin Perez,4,2022-2025,721,44.18
622337,Brian Pena,4,2012-2015,297,44.18
800184,Ali Lucena,1,2022,97,44.18
542301,Juancito Martinez,5,2008-2013,845,44.18
570635,Joel Jimenez,7,2009-2015,532,44.18
829843,Alexander Herrera,1,2025,105,44.17
800312,Isaac Paulino,2,2022-2023,258,44.17
804119,Bobby Boser,1,2025,144,44.17
453209,Brian Schultz,1,2008,189,44.17
466465,Cristofher Dumont,1,2008,140,44.16
606928,Tyler Baker,4,2014-2017,800,44.16
696528,Dylan Leach,1,2025,58,44.16
453326,Keith Weiser,1,2009,29,44.16
516667,Michael Avila,3,2007-2009,318,44.16
701800,Carlos Linarez,5,2021-2025,615,44.15
823185,Zane Zielinski,1,2025,483,44.15
543418,Ryan Kulik,1,2009,24,44.15
501859,Kyle Orr,3,2007-2009,533,44.15
606298,Robinson Arno,3,2011-2013,482,44.15
452055,Kade Keowen,2,2008-2009,356,44.15
596728,Mills Rogers,2,2010-2011,485,44.14
446148,Calvin Beamon,2,2007-2008,485,44.14
607321,Andrew Ray,4,2011-2014,754,44.14
595871,Giovanny Alfonzo,1,2016,226,44.14
593912,Ercilio De La Cruz,3,2010-2012,324,44.14
622778,Joshua Franco,3,2012-2014,481,44.14
699315,Sebastian Castro,3,2021-2024,442,44.14
664278,Hansel Jimenez,4,2015-2018,526,44.14
570258,Luis Beltre,2,2009-2010,281,44.14
518401,Denny Almonte,7,2007-2013,2850,44.14
683540,Alisson Del Orbe,2,2021-2022,131,44.14
670107,Kevin Mahala,1,2017,363,44.13
641830,David Martinelli,1,2017,327,44.13
591697,Jhohan Acevedo,7,2010-2016,1045,44.13
593614,Angel Rojas,5,2010-2014,842,44.13
600476,Arialdi Peguero,1,2011,159,44.13
570886,Ivan Brea,4,2009-2012,293,44.13
593627,Kevin Weijgertse,3,2010-2012,471,44.13
663468,Jacob Barnwell,1,2018,47,44.13
670094,Tyler Beckwith,2,2016-2017,324,44.12
488831,Kevin Denis-Fortier,3,2007-2009,216,44.12
821597,Omar Mejia,2,2024-2025,321,44.12
518619,Joe DiGeronimo,1,2007,136,44.12
821641,Jose Bericoto,2,2024-2025,215,44.12
606257,Franklin Matamoros,2,2011-2012,141,44.12
681296,Wilkin Grullon,3,2018-2022,271,44.12
821687,Gabriel Guanchez,2,2024-2025,317,44.12
459962,Brian Hernandez,1,2007,132,44.11
518451,Joris Bert,2,2007-2008,125,44.11
21304,Mark Kolozsvary,2,2017-2018,415,44.11
503941,Sergio Perez,1,2009,17,44.11
608745,Valentino Silvestre,2,2011-2012,206,44.11
665809,Jose Briceno,2,2016-2017,288,44.11
805236,Erick Bautista,3,2022-2024,509,44.11
606261,Ranfy Vargas,2,2011-2012,216,44.1
623171,Nathan Minnich,2,2012-2013,195,44.1
25844,Logan Davidson,2,2021-2022,999,44.1
681708,Juan Batista,3,2018-2022,479,44.1
641716,Torii Hunter Jr.,2,2017-2018,740,44.1
695579,Trevor Haskins,1,2025,29,44.1
607432,Michael Nemeth,2,2011-2012,287,44.1
609217,Jose Leal,4,2012-2015,617,44.09
599411,Andrew Campbell,2,2011-2012,162,44.09
477075,Jonathan Egan,1,2007,272,44.09
572978,Cade Kreuter,1,2012,59,44.09
649807,Ruben Perez,3,2014-2016,302,44.09
455963,Mike Mooney,1,2007,530,44.09
490932,Robert Marcial,2,2007-2008,469,44.09
500908,Luis Salas,4,2007-2010,850,44.09
691454,Jesus Machado,3,2022-2024,450,44.09
681532,David Miranda,1,2018,84,44.08
445180,Danny Santiesteban,2,2007-2008,686,44.08
703156,Tony Blanco Jr.,4,2022-2025,410,44.08
605208,Josh Delph,2,2015-2016,347,44.08
678872,Vitor Watanabe,1,2018,93,44.08
823349,Alvaro Rios,2,2024-2025,102,44.08
657789,Josciel Veras,3,2014-2016,215,44.07
572707,Stephen Batts,1,2010,349,44.07
18353,Daz Cameron,5,2015-2021,1549,44.06
592221,Chevy Clarke,5,2010-2014,1849,44.06
672357,Jordy Barley,6,2017-2024,1544,44.06
691297,Luis Suero,3,2021-2023,226,44.06
445033,Joe Billick,2,2007-2008,184,44.06
695940,Bryan Serra,1,2021,10,44.05
456596,Jordan Renz,2,2007-2008,451,44.05
501779,Eleazar Cuevas,2,2007-2008,477,44.05
572853,Bryan Fogle,1,2010,194,44.05
605387,Mitch Morales,2,2014-2015,52,44.05
672399,Nicholas Vizcaino,2,2017-2018,303,44.05
677668,Henry Quintero,2,2017-2018,224,44.05
503424,Brian Ward,1,2010,289,44.04
554368,Jose Cedeno,2,2009-2010,215,44.04
606175,Jose Figuera,5,2011-2015,697,44.04
622660,Denzel Richardson,4,2012-2015,353,44.04
641364,Venn Biter,3,2013-2016,284,44.04
815918,Vladimir Asencio,2,2024-2025,247,44.04
593682,Anthony Chavez,3,2010-2012,651,44.03
644381,Joaquin De La Cruz,2,2013-2014,344,44.03
683149,Julian Brock,2,2024-2025,703,44.02
606624,Abinaer Soriano,1,2011,156,44.02
656106,Aurelio Perez,2,2014-2015,234,44.02
694191,Pedro Pineda,5,2021-2025,1075,44.02
660665,Juan De Leon,5,2015-2021,819,44.01
660646,Welbin Bautista,4,2015-2018,440,44.01
572207,Nick Tindall,2,2009-2010,103,44.01
694838,Joe Vetrano,3,2023-2025,695,44.01
643402,Kevin Kuntz,2,2013-2014,160,44.0
622687,Jarico Reynoso,2,2012-2013,439,44.0
829709,Albert Medina,1,2025,59,44.0
572963,Zachary Kayne,2,2009-2010,291,44.0
607324,Nic Cuckovich,3,2011-2013,732,44.0
11437,Jesse Biddle,3,2013-2015,47,44.0
628703,Luis Vasquez,2,2013-2014,418,44.0
607041,Candon Myles,3,2012-2014,605,44.0
642024,Frankie Rodriguez,3,2013-2015,193,44.0
643257,Jack Cleary,2,2013-2014,188,43.99
823720,Samuel Brito,2,2024-2025,193,43.99
808152,Richard Meran,3,2023-2025,279,43.99
643254,Denver Chavez,1,2013,77,43.99
664946,Frank Califano,2,2015-2016,391,43.99
607315,Kolby Byrd,1,2011,158,43.99
684976,Johnathon Thomas,3,2022-2024,669,43.99
450868,Felix Peralta,1,2007,184,43.99
621203,Corey Black,1,2014,30,43.99
506448,Yohannis Perez,1,2007,456,43.99
514929,Mauricio Nagahashi,4,2007-2011,576,43.98
554233,Ricardo Perez,1,2009,14,43.98
695068,Landon Wallace,2,2023-2024,272,43.98
623169,Branden Kaupe,3,2012-2014,478,43.98
669078,Dalton Griffin,3,2016-2018,257,43.98
502200,Jared Mitchell,4,2009-2013,1585,43.98
693699,Angel Croisier,1,2021,22,43.98
805467,Angel Feliz,3,2022-2024,295,43.97
692837,Jesus Ortega,3,2021-2023,333,43.97
544385,Keith Hernandez,2,2008-2009,137,43.97
459759,Thomas Berkery,1,2007,422,43.97
660592,Johnny Sims,2,2015-2016,387,43.97
675662,Matt Whatley,2,2017-2018,202,43.97
694030,Andy Sosa,2,2021-2022,192,43.97
456179,John Curtis,3,2007-2009,704,43.97
676131,Luiggi Mujica,2,2017-2018,255,43.97
669400,Michael Tinsley,1,2017,169,43.96
836043,Victor Aguirre,1,2025,53,43.96
642739,Luis Benoit,4,2013-2016,426,43.96
456656,Tim Battle,2,2007-2008,912,43.96
650702,Anthony Dirocie,5,2014-2018,908,43.96
666169,Avery Tuck,1,2018,135,43.96
676888,Manny Bejerano,2,2017-2018,170,43.95
665173,Alex McKenna,3,2018-2022,824,43.95
607239,Matt Johnson,1,2011,124,43.95
499671,Raymi Dicent,1,2007,90,43.95
800405,Railin Tejada,3,2022-2024,372,43.94
643481,Tyger Pederson,1,2013,73,43.94
677041,Jake Boone,1,2021,200,43.94
664925,Drew Turbin,2,2016-2017,618,43.93
605132,Eldred Barnett,2,2011-2012,153,43.93
641415,Nick Buckner,3,2013-2015,587,43.93
517220,Ronard Lora,3,2007-2009,432,43.93
544996,Yunior Tabares,2,2008-2009,150,43.93
674057,Jimmy Kerr,1,2021,330,43.93
11762,Noah Syndergaard,2,2014-2015,41,43.93
463677,Ronald Ramirez,3,2007-2009,602,43.92
643312,Kelvin Freeman,1,2013,157,43.92
650729,Eduardo Navas,5,2014-2018,757,43.92
661547,Angel Santos,3,2015-2017,437,43.92
820946,Juan Brown,2,2024-2025,200,43.92
572907,Issac Harrow,1,2009,97,43.92
488684,Aja Barto,2,2008-2009,249,43.92
670867,Kevin Maitan,6,2017-2024,1563,43.92
5712,Greg Reynolds,3,2007-2010,34,43.91
511628,Kalian Sams,5,2007-2011,1080,43.91
609268,Francisco Miguel,3,2012-2014,434,43.91
450780,Victor Alvarez,1,2007,129,43.9
663303,Jordan Scott,3,2016-2018,510,43.9
802541,Bryan Broecker,3,2023-2025,511,43.9
621452,D'vone McClure,2,2012-2013,217,43.9
694786,Ian Farrow,1,2025,219,43.9
503570,Andres James,4,2008-2011,1130,43.9
829823,Juan Tomas,1,2025,145,43.89
541620,Moises Marquez,2,2008-2009,118,43.89
643529,Justin Seager,3,2014-2016,1077,43.89
593623,David Diaz,1,2010,75,43.89
531326,Felix Marte,6,2008-2013,1342,43.89
572724,Joe Bonfe,3,2009-2012,615,43.88
19273,Stone Garrett,4,2014-2018,1048,43.88
607183,Saquan Johnson,2,2011-2013,88,43.87
687125,Dilan Rosario,4,2021-2024,825,43.87
542469,Andruth Ramirez,4,2008-2011,403,43.87
469223,Luis Acuna,2,2007-2008,308,43.87
650848,Felix Suarez,3,2014-2016,447,43.87
605657,Edgardo Rangel,3,2011-2013,329,43.87
14509,Dereck Rodríguez,3,2011-2013,375,43.87
691404,Wencer Inirio,3,2021-2023,247,43.87
643412,Thomas Lindauer,3,2013-2015,556,43.87
623217,Miguel Beltran,1,2012,87,43.86
686976,Silas Ardoin,4,2022-2025,1245,43.86
682053,Caleb Ramsey,1,2018,102,43.86
829850,Alexander Camacaro,1,2025,58,43.86
446857,Kelvin Villa,1,2007,32,43.86
641382,Colby Bortles,1,2018,461,43.85
688009,David Vinsky,1,2021,252,43.85
622453,Alexander Labrador,2,2012-2013,140,43.85
808494,Khris Almonte,2,2023-2024,201,43.85
570795,Jorge Guzman,3,2009-2011,447,43.85
459989,Michael Rivera,1,2007,109,43.85
660773,Urwin Juaquin,4,2015-2018,469,43.85
687086,Jordan Brown,3,2021-2023,373,43.85
571530,Chase Burnette,2,2010-2011,428,43.85
643507,George Roberts,2,2013-2014,294,43.84
643491,Curt Powell,3,2013-2015,961,43.84
692425,Wuilman Velasquez,1,2021,85,43.84
800261,Angel Rodriguez,3,2022-2024,323,43.84
446152,Gerardo Cabrera,1,2007,249,43.83
608563,Patric Tolentino,2,2011-2012,98,43.83
821698,Enmanuel Corniel,2,2024-2025,138,43.83
570484,Aderlin Tejeda,2,2009-2010,215,43.83
554348,Faustino Oguisten,7,2009-2015,662,43.83
657601,Gerrion Grim,4,2014-2017,908,43.83
12268,Ryan Court,2,2011-2012,752,43.82
553909,Gregorio Machado,3,2009-2011,460,43.82
676425,Julio Carrion,3,2021-2023,680,43.82
672772,Dalgeli Diaz,2,2017-2018,293,43.82
469233,Takumi Hamaoka,1,2007,90,43.82
680906,Josiah Sightler,2,2023-2024,580,43.82
666247,Kwang-Min Kwon,3,2016-2018,206,43.82
622611,Jesus Aparicio,5,2012-2016,498,43.82
573236,Matt Weaver,5,2009-2013,1387,43.81
543957,Adam Younger,3,2008-2010,628,43.81
623499,Jake Brown,2,2012-2013,397,43.81
602112,Alfredo Reyes,7,2011-2018,2027,43.81
800578,Cherif Neymour,4,2022-2025,502,43.81
823882,Samuell Sanchez,1,2025,162,43.8
829045,Yorger Bautista,1,2025,225,43.8
605407,Nick O'Shea,3,2011-2013,507,43.8
829740,Anthony Abreu,1,2025,176,43.8
543259,Brian Gump,3,2009-2011,624,43.79
668537,Romer Rojas,1,2016,123,43.79
664739,Alan Garcia,3,2015-2017,389,43.79
669671,Justin Lavey,2,2021-2022,712,43.79
502193,Tyler Weeden,2,2008-2009,463,43.79
466464,Andres Dionicio,2,2007-2008,68,43.78
518885,Daniel Killian,2,2008-2011,266,43.78
660544,Luis Espiritu Jr.,2,2015-2016,65,43.77
801258,Wilton Lara,4,2022-2025,599,43.77
623936,Ryan Fuller,1,2012,122,43.77
835892,Samuel Pardo,1,2025,41,43.77
13942,Brent Suter,1,2014,35,43.77
664133,Kyle Survance Jr.,2,2015-2017,474,43.76
551750,Cesar Valera,5,2009-2014,939,43.76
691293,Marco Pernalete,3,2021-2023,289,43.76
544382,Jakub Hajtmar,1,2008,96,43.76
657627,Matt Jones,3,2014-2016,706,43.75
691646,Joel Flores,2,2021-2022,237,43.75
665899,Carlos Garcia,3,2016-2018,253,43.75
656092,Elvin Paulino,2,2014-2015,288,43.75
598879,Adalberto Ibarra,2,2010-2011,107,43.74
25814,C.J. Stubbs,1,2021,377,43.74
573628,Matej Hejma,3,2009-2011,271,43.74
672427,Leuri Mejia,2,2017-2018,375,43.74
702068,Cole Gabrielson,3,2023-2025,672,43.74
680501,Rhett Aplin,1,2018,207,43.74
670313,Brad Anderson,2,2016-2017,108,43.74
691939,Jake DeLeo,2,2023-2024,558,43.74
657592,Tad Gold,1,2015,149,43.74
542974,Beau Brooks,3,2008-2010,875,43.73
667230,Victor Ngoepe,3,2016-2018,617,43.73
592487,Jayson Langfels,2,2012-2013,745,43.73
623201,Leo Rojas,2,2012-2014,125,43.73
594092,Angel Chavarin,3,2010-2012,144,43.72
592810,Daniel Torres,4,2013-2016,851,43.72
572932,Kyle Hoppy,2,2010-2012,262,43.72
691610,Yesbel Herrera,1,2021,91,43.72
663725,Cole Daily,1,2021,134,43.72
452157,Jason St. Clair,1,2007,68,43.72
676842,Mikey Duarte,1,2018,11,43.72
501735,Osvaldo Morales,4,2007-2010,1042,43.71
683462,Josttin Diaz,3,2021-2023,250,43.71
622672,Omar Sanchez,2,2012-2013,304,43.71
502025,Drew Rundle,3,2008-2010,372,43.71
691668,Francisco Quintero,1,2021,54,43.71
677078,Cole Kleszcz,1,2021,135,43.71
595854,Aladin Reyes,2,2010-2011,246,43.71
820975,Wilmeyber Penuela,1,2024,123,43.71
573210,Raoul Torrez,2,2011-2012,604,43.71
808151,Sebastián De Los Santos,3,2023-2025,245,43.7
607975,Neal Pritchard,3,2011-2013,459,43.7
663495,Jonah Davis,3,2018-2022,795,43.7
673746,Cesar Salazar,1,2017,114,43.7
492852,Jose Soto,1,2007,50,43.7
624638,Bobby Fisher-Brown,2,2012-2013,246,43.69
696065,Jake Perez,3,2021-2023,235,43.69
678592,Rainier Rivas,3,2018-2022,392,43.69
456435,Sean Smith,1,2007,302,43.69
693794,Adrian Rubio,1,2022,28,43.69
663889,Satchel McElroy,4,2015-2018,450,43.69
642429,Carlos Mateo,3,2013-2015,457,43.69
806647,Ramses Velazquez,2,2023-2024,248,43.69
678719,Gabriel Perez,1,2018,153,43.69
699301,Jensy Silvestre,1,2021,46,43.68
699281,Giovanny Rivero,4,2021-2024,202,43.68
650826,Eliezer Ramirez,2,2014-2015,144,43.68
445630,Alvi Morel,1,2007,312,43.68
543162,Rob Flanigan,1,2008,115,43.68
489260,Timothy Rodriguez,2,2008-2009,262,43.68
573619,Errol Hollinger,2,2009-2010,370,43.68
474724,Christian Lopez,1,2007,353,43.67
452071,Danny Brezeale,1,2007,447,43.67
571618,Alexander Diaz,2,2009-2010,303,43.67
542202,Alejandro Damian,2,2008-2009,242,43.67
572946,Pat Irvine,1,2010,37,43.66
518930,C.J. Lee,3,2007-2009,942,43.66
663438,Terry Bennett,2,2015-2016,218,43.66
571568,Gabe Cohen,2,2010-2011,181,43.66
502408,Darin McDonald,1,2007,148,43.66
553886,Federico Eder,2,2009-2010,286,43.65
517348,Fausto Valdez,2,2007-2008,252,43.65
594982,Michael Rooney,2,2011-2012,447,43.65
807646,Brayan Joseph,2,2023-2024,152,43.65
12905,Logan Verrett,2,2013-2014,46,43.65
471882,Jose Dijol,1,2007,74,43.65
821078,José Castro,2,2024-2025,457,43.65
672383,Richard Garcia,3,2017-2021,246,43.65
607593,Trey Karlen,1,2011,83,43.65
663482,Jaylen Ferguson,3,2015-2021,365,43.65
665936,Alonzo Medina,3,2016-2018,462,43.64
663347,Jeremiah Burks,2,2018-2021,201,43.64
689302,Karson Simas,5,2021-2025,1189,43.64
678909,Albert Avila,2,2018-2021,208,43.64
650652,Argenis Diaz,2,2014-2015,343,43.64
573071,Wande Olabisi,3,2009-2011,772,43.63
594181,Andelson Fernandez,2,2010-2011,359,43.63
671690,James Lovett,2,2016-2017,64,43.63
467795,Fausto Peguero,1,2007,139,43.63
828613,Alexander Sanchez,1,2024,36,43.63
670916,Landerson Pena,3,2016-2018,438,43.62
680634,Tilsaimy Melfor,1,2018,132,43.62
701120,Carson Matthews,2,2021-2022,214,43.61
680690,Korey Holland,4,2018-2023,981,43.61
825685,Johanse Gomez,1,2025,176,43.61
543552,Miguel Moctezuma,2,2008-2009,190,43.6
655314,Danny Gutierrez,1,2014,138,43.6
655885,Nathan Tomaszewski,1,2014,133,43.6
13658,Terrance Gore,5,2011-2015,1504,43.6
519234,Kevin Rucker,3,2007-2009,335,43.6
642476,Daniel Franco,4,2013-2016,639,43.6
678790,Christian Zamora,1,2018,123,43.6
682763,Daniel Torres,3,2021-2023,388,43.59
607221,Taylor Sparks,4,2014-2017,1483,43.59
650886,Carlos Rodriguez,4,2014-2017,611,43.59
830444,Ishel Comenencia,1,2025,131,43.59
7608,Tommy Milone,2,2010-2011,56,43.59
21626,Griffin Conine,2,2021-2022,957,43.58
694181,Carlos Colmenarez,5,2021-2025,1312,43.58
541341,Wilder Parra,3,2008-2010,234,43.58
518836,Cale Iorg,4,2007-2010,1519,43.58
514907,Paulo Nunez,1,2007,177,43.58
517048,Jansell Luna,1,2007,118,43.58
678688,Hector Sierra,1,2018,85,43.58
541621,Osmir Medina,2,2008-2009,279,43.58
682096,Juan Paulino,2,2018-2021,180,43.58
692387,Jake Burns,3,2021-2023,229,43.57
554329,Elvin Delgado,3,2009-2011,289,43.57
675994,Devonte Brown,3,2022-2024,933,43.57
663341,Chris Betts,3,2016-2021,209,43.57
669232,Chad McClanahan,4,2016-2021,1033,43.57
677671,Joel Reyes,2,2017-2018,176,43.57
595533,Alejandro Mendoza,3,2010-2012,432,43.56
663375,Jagger Rusconi,5,2015-2021,702,43.56
519788,Chris Frye,1,2007,75,43.56
699321,Diego Guzman,5,2021-2025,706,43.56
542160,Jose Aybar,1,2008,76,43.56
607191,Zach Fish,3,2014-2016,627,43.56
664312,Emilio Gustave,4,2015-2018,840,43.56
518843,Ryan Jensen,1,2007,73,43.55
570809,Victor Encarnacion,3,2009-2011,407,43.55
815842,JT Mabry,1,2024,275,43.55
13896,Chris Flexen,2,2017-2018,36,43.55
806921,Yannic Walther,3,2023-2025,419,43.55
656113,Cecilio Aybar,3,2014-2016,219,43.55
8079,Kevin Hart,1,2007,48,43.55
592496,Cole Leonida,3,2011-2013,580,43.55
679545,Joe Suozzi,2,2021-2022,461,43.54
571559,Chase Childers,2,2009-2010,198,43.54
830021,Fabian Cordero,1,2025,121,43.54
573090,David Peters,2,2009-2010,133,43.54
820974,Phillando Williams,2,2024-2025,245,43.53
676716,Bryce Brown,1,2017,215,43.53
830461,Isaias Castillo,1,2025,105,43.53
830437,Jose Montilla,1,2025,107,43.53
670140,Sam Tidaback,2,2016-2018,64,43.53
662929,Anderson Green,2,2015-2016,139,43.52
677575,Trent Deveaux,3,2018-2022,330,43.52
698947,Angel Pena,2,2021-2022,166,43.52
672823,Sebastian Espino,5,2017-2023,1354,43.52
452305,Josh Johnson,1,2007,120,43.51
608068,Reggie Lawson,2,2011-2012,388,43.51
815930,Nestor Miranda,2,2024-2025,224,43.51
673817,Wiston Cerrato,2,2017-2018,150,43.51
662928,Andres Guerra,5,2015-2021,414,43.51
664331,Carlos Baez,4,2015-2018,613,43.51
806657,Hudson Livesey,1,2022,11,43.51
4089,James Russell,1,2008,19,43.51
701648,Aaron Zavala,4,2021-2024,1531,43.51
543274,Jake Hanson,3,2008-2010,666,43.5
519308,Jason Sowers,1,2007,58,43.5
543206,Aaron Gates,1,2013,66,43.5
10337,Edwin Escobar,2,2014-2016,44,43.5
682196,Miguel Pabon,6,2018-2025,997,43.5
815009,Cesar Mujica,2,2024-2025,264,43.5
541395,Joe Melton,1,2008,38,43.5
688632,Matt Chamberlain,2,2021-2022,637,43.5
683364,Carlos Dominguez,3,2021-2023,789,43.49
621536,Ron Miller,2,2012-2013,312,43.49
544927,Micah Gibbs,3,2011-2013,703,43.49
692582,Emilio Taveras,4,2021-2024,333,43.49
827415,Roiner Cespede,1,2025,119,43.49
670924,Wilmy Valdez,3,2016-2018,447,43.49
666196,Thomas Jones,4,2016-2022,1198,43.49
6046,Matt Pagnozzi,1,2007,202,43.49
519155,Jimmy Principe,2,2007-2008,328,43.48
659096,Ezequiel Rodriguez,3,2014-2016,286,43.48
669949,Boomer White,1,2017,37,43.48
686251,Brady Lindsly,2,2021-2022,392,43.48
668842,Michael Berglund,3,2018-2022,581,43.48
642126,Kevin Swick,1,2014,101,43.47
678322,Yanger Morales,1,2018,109,43.46
692014,Rafael Fermin,1,2021,31,43.46
702600,Matt Klein,1,2025,28,43.46
516413,Carlos Lugo,6,2007-2012,612,43.45
804966,Jesus Gamez,1,2023,216,43.45
570790,Fernando Escarra,2,2009-2010,143,43.45
701152,Devin Hurdle,2,2023-2024,171,43.45
695024,Anthony Walters,2,2021-2022,176,43.44
681171,Gavin Dugas,2,2023-2024,422,43.44
665770,Yhordegny Kelly,3,2016-2018,469,43.44
539615,Tyson Blaser,2,2011-2012,259,43.44
808078,Fernando Roquez,2,2023-2024,299,43.44
806187,Griffin Cheney,2,2022-2023,285,43.44
687284,Thomas Gavello,4,2022-2025,1064,43.44
660785,Tony Rijo,3,2015-2017,367,43.44
18213,P.J. Conlon,2,2017-2018,45,43.43
679490,Javeyan Williams,1,2021,162,43.43
543342,Jeff Hulett,1,2009,122,43.43
641471,Malik Collymore,6,2013-2018,1056,43.43
545344,Matt Helm,4,2010-2013,1712,43.43
519262,Myles Schroder,2,2011-2012,193,43.43
699026,Yancel Guerrero,5,2021-2025,693,43.43
456062,Willian Sandoval,1,2007,181,43.43
516468,Jesus Palomo,4,2007-2010,348,43.43
683324,Nicolas Deschamps,4,2022-2025,569,43.43
680703,Cory Acton,2,2022-2023,316,43.43
806633,Jake Meyer,1,2023,51,43.42
668533,Alvaro Alvarez,1,2016,68,43.42
4781,Josh Geer,1,2007,22,43.42
501504,Jose Rodriguez,2,2007-2008,111,43.42
815022,Diover De Aza,2,2024-2025,324,43.42
686858,Reymond Cruz,1,2021,65,43.42
489745,Tony Roth,1,2007,125,43.42
666141,Drew Mendoza,2,2021-2022,813,43.42
502424,Stephen Faris,1,2008,29,43.41
656522,Zach Hedges,1,2017,23,43.41
620992,Hilario Villa,2,2012-2013,185,43.41
489122,Kyle Miller,3,2007-2009,648,43.41
676053,Casey Opitz,3,2021-2023,470,43.4
600909,David Harris,1,2011,505,43.4
800159,Adrian Reyes,3,2022-2024,477,43.4
492817,Cristian Recio,1,2007,161,43.4
702478,Justin Guerrera,3,2021-2023,541,43.4
455399,Orlando Sandoval,3,2007-2010,774,43.39
806152,Walker Martin,2,2024-2025,794,43.39
660652,Jose Colina,6,2015-2022,541,43.39
672723,Enrique Batista,2,2017-2018,272,43.39
657541,DonAndre Clark,2,2014-2015,323,43.38
670070,Brett Barbier,1,2017,206,43.38
595295,Louie Lechich,3,2014-2016,930,43.38
570711,Francisco Duran,3,2009-2011,380,43.38
660594,Jesus Graterol,1,2015,143,43.37
687480,Oscar Santos,3,2021-2023,369,43.37
699150,Gabriel Liendo,1,2022,74,43.37
628015,Connor MacDonald,3,2014-2016,516,43.37
678884,Patricio Diaz,1,2018,174,43.37
491642,Matthew Lawman,1,2007,139,43.36
595314,Jeremy Mayo,3,2010-2012,221,43.36
607290,Jordan Steranka,2,2013-2014,672,43.36
829840,Luis Abreu,1,2025,119,43.36
575409,Gregory Lorenzo,7,2009-2015,1929,43.36
458099,Blake Murphy,2,2008-2009,233,43.35
679966,Jose Cedeno,2,2018-2021,86,43.35
661317,Bryan Araiza,1,2016,140,43.35
703530,Tommy Gomez,2,2021-2022,65,43.34
672516,William Nava,1,2017,77,43.34
829068,Raymer Medina,1,2025,164,43.34
801537,Nathan Humphreys,1,2025,102,43.34
571712,Jeff Glenn,5,2010-2015,835,43.33
21078,Trey Cabbage,5,2015-2021,1293,43.33
668580,Gilberto Espinoza,2,2016-2017,225,43.33
679537,Yeral Casilla,1,2018,189,43.32
693733,Enrique Valdez,2,2021-2022,188,43.32
572967,Dan Kemp,1,2013,60,43.32
645446,Jose Lopez,1,2014,109,43.32
667693,A.J. Ramirez,1,2016,38,43.32
600955,Cristian Quintin,1,2011,172,43.31
669155,Brandon White,1,2021,120,43.31
806969,Camilo Diaz,2,2023-2024,363,43.31
613553,Blake Butera,2,2015-2016,303,43.31
682146,Sincere Smith,3,2018-2022,111,43.31
457991,Jamar Hill,1,2007,355,43.31
829847,Omar Guadamuz,1,2025,109,43.3
807737,TJayy Walton,3,2023-2025,360,43.3
832713,Cristian Benavides,1,2025,129,43.3
669280,Juan Carlos Abreu,3,2016-2018,436,43.3
673252,Alejandro Medina,2,2017-2018,208,43.3
821114,Romer Taveras,2,2024-2025,210,43.3
597053,Marcus Jones,1,2010,25,43.29
699122,Erick Reyes,2,2021-2022,177,43.29
815325,B.Y. Choi,3,2023-2025,581,43.29
810053,Caleb Ketchup,3,2023-2025,932,43.29
665837,Giovanni Diaz,2,2016-2017,361,43.29
607174,Seth Moranda,4,2011-2014,415,43.29
545407,Maicol Urena,2,2008-2009,70,43.29
501560,Wary Polanco,2,2007-2008,170,43.29
663449,Kevin Santiago,2,2016-2017,253,43.29
459934,Brian Aragon,1,2007,184,43.28
641345,Ricardo Bautista,4,2013-2017,416,43.28
808493,Santiago Contreras,3,2023-2025,375,43.28
518837,Justin Jackson,6,2007-2012,2145,43.28
666774,Mike Torres,3,2016-2018,367,43.28
23460,Brandon Hughes,1,2018,422,43.28
827424,Elian Adames,1,2025,188,43.28
465717,Javier James,1,2007,108,43.28
830401,Luis Felipe,1,2025,178,43.27
702096,Raul Guzman,3,2021-2023,327,43.27
593620,Angel Feliz,2,2010-2011,195,43.27
666795,Eulises Sanchez,3,2016-2018,554,43.27
544375,Yunior Castillo,3,2008-2011,450,43.27
450604,Lars Davis,3,2008-2010,856,43.27
489160,Stuart Musslewhite,1,2007,195,43.27
650837,Luis Asuncion,2,2014-2015,356,43.26
502583,Eli Sonoqui,3,2007-2010,405,43.26
641952,Jordan Paroubeck,3,2014-2016,494,43.26
694213,Yemal Flores,4,2021-2024,433,43.26
640475,Damaso Gonzalez,3,2013-2015,427,43.26
829712,Gabriel Rodriguez,1,2025,108,43.26
677556,Tracy Hadley,1,2017,129,43.26
570669,Thomas De Wolf,3,2009-2011,496,43.25
573037,Justin Milo,2,2009-2010,85,43.25
596712,Josh Hendricks,3,2010-2012,336,43.25
682133,Tre Vickers,1,2018,110,43.25
806990,Tony Ruiz,3,2023-2025,449,43.25
516941,Eddie Lora,4,2007-2010,612,43.25
643333,Nathan Goro,1,2013,179,43.24
622765,Wascar Rodriguez,3,2012-2014,535,43.24
829041,Mani Cedeno,1,2025,213,43.24
622207,Edgardo Rivera,3,2012-2014,465,43.24
622581,Geral Silva,2,2012-2013,254,43.24
823290,Renny Sillet,1,2024,70,43.24
517027,Edward Dorville,5,2007-2011,879,43.24
607526,Matt Eureste,2,2016-2017,112,43.23
691626,Argenis Jimenez,1,2021,89,43.23
670237,Jake Slaughter,2,2018-2021,413,43.22
642723,Ery Bernabel,2,2013-2014,356,43.22
676909,Bernabe Camargo,1,2018,169,43.22
821603,Armando Lao,2,2024-2025,113,43.22
5640,Tyler Clippard,1,2008,13,43.21
572924,David Hissey,1,2009,64,43.21
572802,Nick DeSantiago,3,2011-2013,422,43.21
666613,Jose Sanchez,2,2016-2017,300,43.21
458624,Joseph Muich,1,2007,198,43.21
642697,Elys Ugueto,2,2013-2015,356,43.21
686912,Maxwell Romero Jr.,4,2022-2025,914,43.19
650344,Maik Ehmcke,2,2014-2015,272,43.19
683247,Moises Ramirez,2,2021-2022,315,43.19
502340,Kevin Harrington,1,2007,27,43.18
656813,Jonathan Oquendo,4,2014-2017,617,43.18
814224,Juan Pulinario,1,2023,170,43.17
622716,Francis Mateo,2,2012-2013,344,43.17
657422,Caleb Adams,4,2014-2017,1264,43.17
622060,Theo Alexander,3,2012-2014,345,43.16
594862,Rick Hughes,2,2010-2011,96,43.16
650862,Jose Sandoval,4,2014-2017,703,43.16
642217,Nathan Winfrey,2,2014-2016,269,43.16
13119,Taylor Jungmann,2,2013-2014,64,43.16
692560,Rivaldo Avila,3,2021-2023,287,43.16
672799,Hugo Cardona,3,2017-2022,577,43.15
628712,Andrickson Zorrilla,1,2013,201,43.15
518935,Chad Lembeck,1,2007,105,43.15
821185,Kenyon Simmons,2,2024-2025,175,43.15
663672,Zeek White,3,2015-2018,470,43.15
696287,Ryan Higgins,3,2022-2024,881,43.15
543067,Bobby Crocker,4,2011-2014,1563,43.14
573657,Travis Simas,1,2009,107,43.14
592175,Mark Brown,3,2010-2012,240,43.14
829251,Arturo Flores,1,2025,116,43.14
12719,Dillon Thomas,6,2011-2017,1764,43.13
593731,Jose Lopez,4,2010-2013,241,43.13
657510,Andrew Bechtold,2,2017-2018,596,43.13
643584,Tanner Vavra,2,2013-2014,490,43.13
642453,Yerald Martinez,5,2013-2017,1002,43.13
678859,Frailin Turbi,1,2021,32,43.13
595381,Nick Robinson,1,2011,86,43.12
571997,Randolph Oduber,4,2010-2013,1126,43.12
698984,Carlos Pelegrin,3,2021-2023,528,43.12
683732,Henry Leon,1,2021,31,43.12
622684,Dennis Hurtarte,2,2012-2013,338,43.12
670438,Ryan O'Malley,1,2016,158,43.12
684855,Jared Dupere,3,2021-2023,787,43.11
684337,Najee Gaskins,2,2021-2022,386,43.11
665008,Trey Stover,1,2015,100,43.11
500161,Javier Santana,4,2007-2010,636,43.11
541618,Jesus Montero,7,2008-2014,846,43.11
664952,Daniel Comstock,2,2015-2016,169,43.1
607198,Malcolm Dowell,2,2011-2012,295,43.1
691485,Jorge Celado,2,2021-2022,174,43.09
633709,Alan Ramirez,2,2013-2014,173,43.09
13345,Luis Cessa,2,2009-2010,191,43.09
519264,Matt Scioscia,3,2011-2013,484,43.09
660786,Alexander Villahermosa,1,2016,86,43.09
699713,Yemil Rosario,4,2021-2024,547,43.08
548320,Shaver Hansen,3,2009-2011,803,43.08
602106,Emmanuel Hernandez,3,2011-2013,244,43.08
607032,Codey McElroy,2,2014-2015,305,43.07
519214,Derek Rodriguez,3,2008-2010,407,43.07
542871,Derrick Alfonso,2,2008-2009,175,43.07
691266,Brayan Altuve,3,2021-2023,353,43.07
702066,Jacob Godman,2,2023-2024,267,43.07
642468,Carlos Rodriguez,4,2013-2016,781,43.07
821700,Nathaniel Palacios,1,2024,100,43.07
519220,Jake Rogers,1,2008,185,43.07
571460,Nate Baker,1,2012,12,43.06
595859,Andrew Kinney,1,2010,57,43.06
517429,Yeico Aponte,3,2007-2009,554,43.06
699318,Manuel Guance,3,2021-2023,189,43.06
677225,Manny Pazos,2,2017-2018,259,43.06
683001,Ethan Hearn,5,2021-2025,1415,43.05
657123,Ryan Williams,1,2015,10,43.05
621564,Keaton Briscoe,2,2012-2013,331,43.05
543717,Edwin Roman,2,2008-2009,284,43.05
803009,Jack Alexander,2,2022-2023,275,43.04
689959,Caeden Trenkle,4,2022-2025,936,43.04
815014,Anderson Navas,2,2024-2025,357,43.03
829062,Royelny Strop,1,2025,110,43.03
520410,Anyi Tejeda,4,2007-2010,630,43.03
542468,Santo Sandoval,2,2008-2009,359,43.02
621515,Steve Bean,5,2012-2016,1231,43.02
517026,Diogenes Luis,4,2007-2010,459,43.02
801265,Robert Perez,4,2022-2025,678,43.02
682730,Carlos Fernandez,1,2022,44,43.02
607499,Nic Coffman,2,2015-2016,134,43.02
669801,Jonatan Mezquita,3,2016-2018,319,43.02
572864,Josh Garton,3,2009-2011,540,43.02
820972,Deshandro Tromp,2,2024-2025,204,43.02
543248,Kyle Greene,3,2008-2010,1256,43.01
444141,Corey Ragsdale,1,2007,130,43.01
517537,Emmanuel Familia,3,2007-2009,357,43.01
660734,Jesus Lage,3,2015-2018,482,43.01
676643,Rob Calabrese,1,2018,227,43.01
683270,Connor Dykstra,1,2025,232,43.01
680866,Zac Susi,1,2018,53,43.0
489109,Neil Medchill,2,2010-2011,690,43.0
658190,Dayne Parker,1,2014,148,43.0
544837,Antonio Sepulveda,2,2008-2010,260,43.0
672546,Juan De La Rosa,2,2017-2018,269,43.0
541598,Cesar Marquez,2,2008-2009,175,43.0
594929,Gary Mitchell,4,2010-2013,953,42.99
622429,Junior Carrion,3,2012-2014,394,42.99
686434,Cesar Calderon,3,2021-2023,228,42.99
683504,Deivis Nadal,4,2021-2024,852,42.99
666183,Hunter Bishop,2,2021-2022,405,42.99
573988,Chris Affinito,2,2009-2010,366,42.99
687242,Justin Miknis,3,2023-2025,216,42.99
4741,Donnie Veal,2,2007-2008,62,42.98
672622,Kendry Marte,2,2017-2018,289,42.98
606309,Olivel Florentino,4,2011-2014,470,42.98
621217,Duke Von Schamann,1,2013,15,42.98
574871,Jovan Pickett,3,2009-2011,473,42.97
815121,Alexey Lumpuy,3,2023-2025,712,42.97
623193,Fred Ford,3,2012-2014,1171,42.97
595174,Johnathan Deberry,1,2010,65,42.97
650985,Miguel Almonte,3,2014-2016,356,42.97
812747,Railin Familia,3,2023-2025,337,42.96
678276,Jose Ferrer,4,2018-2023,340,42.96
650748,Yhoelnys Gonzalez,5,2014-2018,996,42.96
682452,Cesar Berbesi,3,2021-2023,349,42.96
671695,Rusbel Vasquez,2,2016-2017,145,42.96
600985,Nestor Velazquez,2,2011-2012,298,42.96
656401,Caleb Eldridge,2,2016-2017,209,42.96
800597,Nik McClaughry,2,2023-2024,392,42.96
542451,Charli Blanco,3,2008-2010,364,42.95
691478,Richi Gonzalez,3,2021-2023,381,42.95
448793,Daniel Berg,3,2007-2009,913,42.95
676419,Randy Bednar,3,2021-2023,659,42.94
691867,Joseph Rodriguez,4,2022-2025,582,42.94
650332,Edwin Franco,2,2014-2015,232,42.94
602971,Fernando Martinez,1,2011,61,42.93
489004,Dylan Johnston,3,2007-2009,646,42.93
688509,Lyle Miller-Green,2,2024-2025,482,42.93
680715,Jawuan Harris,2,2018-2021,366,42.93
800309,Andres Hernandez,3,2022-2024,261,42.93
698930,Reiner Chourio,2,2021-2022,181,42.93
612972,Roman Hernandez,1,2012,282,42.93
594740,Jeff Arnold,2,2011-2012,617,42.93
5985,Randall Delgado,2,2011-2013,44,42.93
679788,Jack Rogers,3,2021-2023,859,42.93
542489,Bladimir Franco,6,2008-2013,1109,42.93
682960,Rafael Martinez,2,2021-2022,152,42.92
805862,Matt Alifano,2,2022-2023,131,42.92
542457,Carlos Vasquez,1,2008,106,42.92
596062,Sikes Orvis,1,2015,173,42.92
25111,David Hensley,1,2018,268,42.92
451082,Carlos Fernandez-Oliva,2,2007-2008,361,42.92
623192,Mike Dodig,3,2012-2014,388,42.92
595265,R.J. Johnson,1,2014,87,42.91
800130,Eduardo Oviedo,4,2022-2025,479,42.91
518812,Taylor Holiday,1,2008,200,42.91
670876,Franger Carrillo,2,2016-2017,50,42.91
668550,Jose Pena,2,2016-2017,242,42.9
703680,Brandon Compton,1,2025,113,42.9
702211,Jhon Imbert,3,2021-2023,272,42.9
821418,Endry Reyes,2,2024-2025,133,42.9
607402,Sam Munson,1,2011,188,42.89
607235,John Leonard,2,2011-2012,405,42.89
664222,John Cresto,2,2018-2021,173,42.89
829984,Ruben Tiamo,1,2025,87,42.89
682656,Sergio Campana,4,2021-2024,895,42.89
503225,J.R. Hopf,1,2007,177,42.89
641827,Adam Martin,1,2015,114,42.88
808492,Gustavo Beltran,2,2023-2024,193,42.88
502645,Ryne Reynoso,1,2009,27,42.88
666591,Andy Garcia,3,2016-2018,317,42.88
656208,Logan Baldwin,1,2018,474,42.88
821778,Vinicius Dos Santos,2,2024-2025,169,42.88
622819,Juan Tejada,5,2012-2016,871,42.87
664782,Mike Garzillo,1,2016,38,42.87
687470,Chandler Redmond,1,2021,396,42.87
606325,Adrian Roso,1,2011,123,42.87
622518,Ysidro Pierre,4,2012-2015,882,42.87
664984,Kenneth Bautista,3,2015-2017,370,42.86
592435,Chase Jensen,2,2014-2015,414,42.86
458578,Christopher Cunningham,1,2007,207,42.86
544381,Tim Atherton,1,2008,75,42.86
595379,Drew Robertson,1,2010,76,42.86
679599,Hasuan Viera,1,2018,31,42.85
607015,Jackson Laumann,3,2012-2014,399,42.85
644424,Yoel Sanchez,1,2013,103,42.85
591716,Adrian Rodriguez,1,2010,149,42.85
666710,Jose Del Palacio,3,2016-2018,569,42.85
660816,Jose Torrealba,4,2015-2018,736,42.85
453223,David Cash,3,2007-2009,741,42.84
593996,Jose Dorantes,1,2010,47,42.84
673379,Luis Valdez,1,2017,118,42.84
621499,Pedro Pizarro,3,2012-2014,165,42.83
643259,Kendall Coleman,4,2013-2016,433,42.83
680721,William Holmes,2,2018-2021,138,42.83
542522,Samuel Bautista,2,2008-2009,343,42.83
642486,Frank Tineo,1,2013,65,42.83
608467,Leudi Otano,4,2011-2014,417,42.82
458586,Marcus Davis,2,2008-2009,377,42.82
623518,John Sansone,3,2016-2018,992,42.82
800296,Junior Quezada,3,2022-2024,321,42.82
642482,Carlos Jean,4,2013-2016,928,42.82
471131,William Luque,1,2007,69,42.82
676885,Ryan Dobson,2,2017-2018,217,42.81
660602,Rayner Damian,3,2015-2017,252,42.81
7161,Chris Withrow,3,2010-2012,84,42.81
672618,Jorge Bello,1,2017,141,42.81
608736,Jeffry Santos,4,2011-2014,676,42.81
677536,Erven Roper,2,2017-2018,200,42.8
594849,Jamaal Hawkins,2,2010-2011,552,42.8
451583,Marcus Crockett,1,2007,118,42.8
517228,Francisco Guzman,2,2007-2008,63,42.8
670430,Clayton Middleton,1,2018,81,42.79
680629,Jery Hernandez,1,2018,166,42.79
623170,Mike Meyers,5,2012-2017,1475,42.79
501691,Ketnold Noel,1,2007,123,42.79
22182,Hunter Greene,2,2017-2021,50,42.78
570687,Emilio Sepulveda,2,2009-2010,256,42.78
518864,Bryan Jost,1,2008,115,42.78
628702,Jesus Trinidad,2,2013-2014,174,42.78
621012,Austin Schotts,4,2012-2015,893,42.77
458700,Brandon Harrigan,2,2007-2008,190,42.77
657020,Zach Sullivan,5,2014-2018,1422,42.77
668210,Adrian Tovalin,2,2017-2018,258,42.76
691274,Ronal Antigua,3,2021-2023,319,42.76
672663,Juan Vasquez,2,2017-2018,99,42.76
690956,Werner Blakely,5,2021-2025,1231,42.76
463040,Jose De Los Santos,3,2007-2009,1143,42.76
570796,Jose  Martinez,4,2009-2012,601,42.76
624643,Franklin Correa,4,2013-2016,753,42.76
656225,Justin Bellinger,2,2017-2018,269,42.75
701125,Jenier Fernandez,2,2021-2022,230,42.75
807949,Daniel Perez,2,2023-2024,367,42.74
650432,Reydel Medina,4,2014-2017,1148,42.74
612543,Carlos Larez,2,2012-2013,162,42.74
800087,Claudio Simon,2,2022-2023,290,42.74
643443,DJ McKnight,1,2015,189,42.74
660569,Marcos Rivera,4,2015-2021,1067,42.73
623273,Lance Rymel,1,2014,22,42.73
814440,Weston Eberly,3,2023-2025,237,42.73
692490,Cristian Feliz,4,2021-2024,757,42.73
690222,Jordan Hovey,1,2021,65,42.73
694427,Peter Matt,2,2021-2022,161,42.73
542337,Anderson Moscat,2,2008-2009,215,42.73
660609,Aristides Sanchez,2,2015-2016,260,42.72
665145,Woody Edwards,2,2015-2016,182,42.72
682887,Andres Monzon,1,2021,21,42.72
467134,Johancy Guzman,2,2007-2008,132,42.72
691401,Jesus Torres,4,2021-2024,319,42.71
460005,Justin Tordi,2,2007-2008,469,42.71
691513,Roilan Machandy,3,2021-2023,431,42.71
607570,Malcolm Holland,4,2011-2014,1093,42.71
699029,Marcelo Perez,3,2021-2023,341,42.71
608105,Freiter Marte,2,2011-2012,367,42.7
656575,Todd Isaacs,3,2015-2018,851,42.7
694369,Cole Foster,3,2023-2025,690,42.7
644388,Jesus Gonzalez,2,2013-2014,175,42.7
593392,Luis Caballero,6,2010-2015,1034,42.7
571619,Kenny Diekroeger,4,2012-2015,1234,42.7
643341,Alex Greer,1,2014,142,42.7
800372,Angel Pereira,3,2022-2024,343,42.69
693786,Ronnie Martinez,2,2021-2022,153,42.69
677662,Eric Jimenez,1,2017,105,42.69
622715,Junior Amarante,4,2012-2015,599,42.69
643500,Mike Reeves,2,2014-2015,443,42.69
593340,Joan Gregorio,1,2016,30,42.69
683752,Enoy Jimenez,2,2021-2023,150,42.69
629501,Ricky Schwarz,1,2013,93,42.69
448650,Ryan Norwood,1,2007,216,42.69
641314,Ryan Aper,3,2013-2016,364,42.68
645289,Carlos Hiciano,4,2014-2017,589,42.68
806961,Derniche Valdez,3,2023-2025,229,42.68
668725,Jaquez Williams,3,2016-2018,396,42.68
472544,David Sutherland,1,2007,121,42.68
596737,Nathan Aron,1,2010,33,42.67
522054,Jonathan Requena,2,2008-2009,128,42.67
670324,Paxton De La Garza,2,2016-2017,372,42.67
642752,Alvaro Maradiaga,1,2013,24,42.67
660521,Jaffe Garcia,3,2015-2017,543,42.66
542540,Nelson Ventura,3,2008-2010,104,42.66
25353,Michael Stefanic,1,2018,43,42.66
503473,Jerry Verastegui,1,2007,176,42.65
667318,Enyor Acosta,2,2016-2017,355,42.65
573573,Sean Williams,1,2009,11,42.65
592343,Juan Gomes,1,2015,63,42.65
808328,Chad Delancey,2,2023-2024,143,42.65
571580,Dale Cornstubble,1,2010,75,42.65
664878,Steve Laurino,2,2016-2017,548,42.65
543694,Harold Riggins,4,2011-2014,1475,42.63
681832,Arbert Cipion,3,2018-2022,707,42.63
678271,Samuel Colmenarez,1,2018,146,42.63
657574,Joel Fisher,4,2014-2017,322,42.63
519349,Devin Thomas,2,2008-2009,438,42.62
665168,Matt Morales,2,2017-2018,444,42.62
701699,Bryan Arendt,1,2025,71,42.62
519057,William Mottram,1,2007,70,42.62
501682,Herison Pena,1,2007,60,42.62
607314,Matthew Young,2,2013-2014,99,42.62
607661,Bryan Nicholson,1,2011,128,42.62
458057,Shawn Williams,2,2007-2008,235,42.62
22175,Max Kranick,1,2021,10,42.62
692382,Freddy Tremaria,2,2021-2022,133,42.62
453883,Jonathan Fulton,1,2007,366,42.61
806368,Maddux Houghton,1,2023,326,42.61
661549,Carlos Taveras,2,2015-2016,285,42.61
517459,Junior Payano,4,2007-2010,650,42.61
620997,Spencer Edwards,3,2012-2014,569,42.61
670228,Jackson Pokorney,1,2016,97,42.61
690822,Chet Allison,1,2021,44,42.6
553851,Jesus Petit,2,2009-2010,152,42.6
650442,Dario Saunders,1,2014,155,42.6
572078,James Robbins,6,2009-2015,2445,42.59
450248,Milver Reyes,1,2007,121,42.59
808767,Jared Wegner,2,2023-2024,437,42.59
670723,Chance Shepard,1,2016,97,42.59
666451,Douglas Lanza,3,2016-2018,323,42.58
645260,Hector Linares,3,2014-2016,443,42.58
3658,Kyle Hudson,3,2009-2011,1569,42.58
670278,Markel Jones,3,2016-2018,273,42.58
695840,Dominic Gonnella,2,2022-2023,102,42.58
677339,Ryan Holgate,3,2021-2023,265,42.58
519118,Charlie Pelt,2,2007-2008,73,42.57
667721,Stoney O'Brien,1,2018,145,42.57
670862,Marcos Brito,3,2017-2022,569,42.57
693795,Joel Mendez,5,2021-2025,944,42.57
606104,Anthony Claudio,2,2011-2012,168,42.57
678318,Jhoiner Rodriguez,1,2018,123,42.56
808344,Martin Tamara,3,2023-2025,383,42.56
612433,Victor Medina,3,2012-2014,617,42.56
685297,Cole Barr,2,2021-2022,362,42.56
543923,Derek Wiley,2,2009-2010,162,42.56
623270,Beau Maggi,3,2012-2014,215,42.56
679198,Gabriel Gil,3,2018-2022,266,42.56
673880,Samy Apolinar,1,2018,208,42.55
669859,Michael Garcia,2,2016-2017,196,42.55
664676,Yoeli Lopez,2,2016-2017,454,42.55
593375,Junior Agustin,3,2010-2012,395,42.55
641624,Riley Good,2,2013-2014,375,42.54
678735,Anyelo George,1,2018,41,42.54
682450,Connor McVey,1,2018,101,42.54
593493,Samuel Crafort,5,2010-2014,851,42.54
595834,Jose Fernandez,7,2010-2016,1197,42.54
521652,Matt Hudgins,1,2007,66,42.53
668887,Caleb Scires,2,2017-2021,287,42.53
602128,George Araujo,2,2011-2012,313,42.53
544823,Angel Narvaez,1,2008,30,42.53
642717,Jose De Leon,2,2013-2014,88,42.53
13470,Lucas Sims,2,2015-2016,33,42.53
572979,Scott Krieger,3,2009-2011,907,42.53
605364,Garrett Mattlage,2,2015-2016,311,42.53
542595,Jose Soto,1,2008,61,42.52
573196,Zach Taylor,2,2012-2013,233,42.51
471858,Jairo De La Rosa,2,2007-2008,728,42.51
805103,Jose Gerardo,3,2022-2024,570,42.51
681598,Jeremy Jimenez,2,2018-2021,154,42.51
800273,Josefrailin Alcantara,1,2022,142,42.51
670212,Gerardo Gonzalez,3,2016-2018,233,42.51
642705,Manuel Vizcaino,3,2013-2015,527,42.51
800418,Kilwer Colmenares,1,2023,55,42.5
572834,John Eshleman,2,2010-2012,164,42.49
668592,Euclides Chavez,2,2016-2017,210,42.49
664961,Vinny Siena,3,2015-2017,737,42.49
642038,Kyle Ruchim,1,2016,41,42.49
499779,Jose Guevara,4,2007-2010,355,42.49
803284,Max Belyeu,1,2025,90,42.49
683473,Willmert Paula,1,2021,99,42.48
816085,Juan Alvarez,2,2024-2025,278,42.48
807384,Rainer Reyes,2,2023-2024,254,42.48
678797,Xionel Garcia,1,2018,242,42.47
660531,Raymond Pena,5,2015-2021,474,42.47
678729,Nelson Medina,5,2018-2024,853,42.47
622049,Sammy Ayala,2,2012-2013,208,42.46
678588,Carlos Irigoyen,3,2018-2022,419,42.46
594731,Daniel Adamson,2,2011-2012,285,42.46
665000,Matt Winn,3,2015-2017,934,42.46
489182,Isaac Omura,1,2007,212,42.46
800495,Audie Jimenez,2,2022-2023,322,42.45
664976,Tristan Graham,1,2016,215,42.45
13166,Jed Bradley,1,2014,15,42.45
677866,Kyle Cunningham,1,2017,32,42.45
687052,Javeon Cody,2,2021-2022,363,42.45
542547,Oliver Garcia,2,2008-2009,112,42.45
815694,Lou Albrecht,2,2024-2025,59,42.45
532993,Jose Santos,1,2012,177,42.45
572891,Alex Gregory,1,2010,241,42.44
607449,Chris Andreas,1,2011,128,42.44
573676,Mike Payne,1,2009,41,42.44
662958,Hernys Blanco,2,2015-2016,66,42.43
815905,Belfi Rivera,2,2024-2025,363,42.42
457695,Brett Sellers,1,2008,100,42.42
679180,Trevor Kehe,1,2021,226,42.42
506711,Aleson Escalante,2,2007-2008,425,42.42
642090,Mason Smith,3,2013-2016,419,42.42
543469,Aaron Lowenstein,2,2008-2009,136,42.41
827326,Yorman Licourt,2,2024-2025,448,42.41
16561,Austin Gomber,2,2017-2018,27,42.41
828602,Jack Mathey,1,2025,35,42.41
691614,Mendy Ferreira,2,2021-2022,203,42.41
665929,Pedro Diaz,5,2016-2022,535,42.41
15689,Luis Castillo,1,2017,19,42.4
642446,Jose Tonton,4,2014-2017,617,42.4
641923,Logan Nottebrok,2,2015-2016,186,42.4
15454,Nick Pivetta,1,2016,16,42.4
528107,Joel Arias,3,2014-2016,444,42.39
5518,Tim Dillard,1,2007,25,42.39
590851,Jake Oester,2,2010-2011,606,42.38
606967,Jeff Diehl,5,2012-2017,761,42.38
682039,Jacen Roberson,3,2021-2023,458,42.38
518398,Andrew Allen,2,2012-2013,117,42.38
592611,Lee Orr,2,2012-2013,667,42.37
692596,Layant Tapia,3,2021-2023,522,42.37
606109,Moises Mesa,2,2011-2012,145,42.37
461861,Mark Reed,4,2007-2010,978,42.37
572236,Max Walla,5,2009-2013,1364,42.37
809231,Tom Poole,1,2025,86,42.37
828489,Andy Polanco,1,2025,163,42.36
701136,Kerrington Cross,1,2025,61,42.36
682727,Asdrubal Bueno,2,2021-2022,193,42.36
642832,Aaron Attaway,3,2014-2016,419,42.36
594933,Wade Moore,2,2011-2012,468,42.36
453271,Dallas Buck,1,2009,11,42.35
687930,Tyresse Turner,2,2023-2024,499,42.35
661394,Jose Benjamin,1,2015,122,42.35
643363,Justin Higley,4,2013-2016,1312,42.35
13190,Jordan Weems,6,2011-2016,1180,42.35
677338,GJ Hill,4,2021-2025,1120,42.35
488889,Cody Fuller,1,2007,386,42.35
455111,Chuck Lofgren,1,2010,34,42.35
620989,Hiomarvic Colmenarez,1,2012,65,42.34
829790,Eryks Rivero,1,2025,160,42.34
663973,Chandler Taylor,1,2018,262,42.34
607657,Aaron Muñoz,3,2011-2013,454,42.34
518650,Ryan Eigsti,4,2007-2010,943,42.34
543156,Correy Figueroa,1,2010,102,42.33
642716,Raul Wallace,6,2013-2018,916,42.33
665485,Franklin Reyes,2,2016-2017,467,42.32
15964,Keury Mella,2,2017-2018,60,42.32
16162,Brandon Woodruff,2,2016-2017,44,42.32
699142,Karim Ayubi,5,2021-2025,722,42.32
680043,Ruben Monegro,1,2018,199,42.31
691636,Malfrin Sosa,2,2021-2022,140,42.31
609265,Cesar Mejia,3,2012-2014,354,42.31
458214,Billy Rojo,1,2007,212,42.31
663355,Terrance Robertson,4,2015-2018,488,42.3
598115,Mitch Blackburn,2,2010-2011,164,42.3
686944,Grant Magill,1,2025,148,42.3
820953,Riangelo Richardson,2,2024-2025,216,42.3
667345,Miguel Gamboa,2,2016-2018,227,42.29
542200,Emilio Ochoa,1,2008,42,42.29
693706,Kevin Marrero,1,2021,128,42.29
812427,Claudio Evangelista,1,2023,121,42.29
676941,Saul Garza,2,2021-2022,333,42.29
622699,Luis Hernandez,4,2012-2015,471,42.29
621479,Jon Murphy,3,2012-2014,825,42.29
501670,Damil Tavera,2,2007-2008,247,42.29
595327,Pete Miller,1,2010,141,42.29
642143,Robbie Thorburn,1,2017,133,42.28
679662,Francis Franco,1,2018,94,42.28
554412,Jesus Cordova,2,2009-2010,234,42.28
622212,Terrell Joyce,2,2012-2013,499,42.28
657507,Julian Barzilli,1,2014,173,42.28
680854,Junior Gonzalez,5,2018-2024,436,42.28
800502,Francisco Nina,1,2022,133,42.27
676849,Jamori Blash,1,2017,109,42.27
607407,Chad Comer,2,2011-2012,208,42.27
544246,Zach Larson,2,2008-2009,238,42.27
502720,Lance Durham,2,2011-2012,405,42.27
593809,David Batista,1,2010,53,42.27
542747,Joaquin Martinez,2,2008-2009,183,42.27
630021,Edduin Aray,1,2013,87,42.26
647355,Luke Van Rycheghem,2,2016-2017,185,42.26
642351,Oscar Bartomolde,1,2013,70,42.26
606310,Jose Valdelamar,2,2011-2012,185,42.26
469137,Gabe Ortiz,4,2007-2010,362,42.26
679736,Keithron Moss,3,2018-2022,522,42.25
623521,Paul Hendrix,3,2014-2016,1222,42.25
445281,Raul De La Cruz,1,2007,123,42.25
699021,Elias Reynoso,3,2021-2023,365,42.25
595216,Melvin Garcia,3,2010-2013,203,42.24
832110,Daniel Rogers,1,2025,65,42.24
670268,Nelson Mompierre,1,2018,87,42.24
596096,Alex Santana,5,2011-2015,1469,42.23
518459,Mike Bionde,1,2007,167,42.23
682643,Alexander Ramirez,5,2021-2025,1607,42.23
642437,Michael Medina,5,2013-2017,684,42.23
642475,Luis Chaves,4,2013-2016,682,42.23
656461,Joe Gillette,1,2018,185,42.23
501963,Devin Shepherd,2,2008-2010,254,42.22
702110,Matt Suggs,3,2022-2024,350,42.22
681947,Zach Hall,1,2018,173,42.22
806998,Hendry Chivilli,2,2023-2024,256,42.22
664310,Brayan Rodriguez,3,2015-2018,148,42.22
4578,Pedro Hernandez,1,2011,12,42.22
572791,Blake Crosby,1,2009,80,42.22
457069,Chris Dunn,2,2007-2008,260,42.21
676293,Albee Weiss,1,2018,131,42.21
501788,C.J. Ebarb,1,2007,12,42.21
676824,Yahir Gurrola,2,2017-2018,209,42.21
543624,Patrick Palmeiro,3,2012-2014,777,42.2
17701,Jose Cuas,3,2015-2017,1068,42.2
809336,Rafael Castillo,3,2023-2025,276,42.2
607382,Dayton Alexander,3,2011-2013,380,42.2
23250,David Bañuelos,2,2018-2021,432,42.2
701424,JoJo Blackmon,4,2021-2024,853,42.2
474010,Miguel Vasquez,2,2007-2008,218,42.19
831529,Andry Araujo,1,2025,32,42.19
829995,Daniel Meza,1,2025,170,42.19
461869,Ulrich Snijders,2,2007-2008,319,42.19
622448,Brayan Serrata,2,2013-2014,208,42.19
605265,Jalen Harris,3,2011-2013,528,42.18
607622,Robert Llera,1,2015,42,42.18
623329,Lance Roenicke,1,2012,171,42.18
572894,Jimmy Gulliver,1,2010,160,42.18
676674,Carlos Diaz,2,2017-2018,185,42.18
493546,Nick Freitas,1,2009,134,42.18
669072,Jose Garcia,2,2021-2022,202,42.17
678805,Nelson Teran,1,2018,12,42.17
682150,Braden Frankfort,1,2018,91,42.17
600353,Tripp Martin,2,2015-2016,707,42.17
594741,Josh Ashenbrenner,1,2011,70,42.17
542877,Brett Anderson,2,2008-2009,233,42.17
502475,Jedon Matthews,2,2007-2008,190,42.17
519410,Jareck West,1,2007,104,42.17
682631,Eduarqui Fernandez,4,2021-2024,1109,42.16
800507,Yanki Jean-Baptiste,4,2022-2025,312,42.16
607197,Javaris Reynolds,3,2011-2013,405,42.16
573114,Daniel Rhault,1,2009,181,42.16
665627,Samuel De La Cruz,2,2016-2017,147,42.15
571892,Joshua Leyland,2,2009-2011,104,42.15
688410,Hunter Markwardt,2,2021-2022,353,42.15
682682,Sterling Romero,2,2021-2022,130,42.15
592328,David Garcia,2,2013-2014,250,42.15
464415,Richard Martinez,4,2007-2010,663,42.15
830405,Yeicer Crespo,1,2025,123,42.14
676426,Chris Sharpe,1,2018,333,42.14
541657,Darwin Maldonado,4,2008-2011,393,42.14
665965,Kevin Aponte,3,2016-2018,570,42.14
624580,Cristopher Ynoa,1,2012,162,42.13
681114,Michael Trautwein,4,2021-2024,792,42.13
5221,Wade LeBlanc,3,2007-2009,79,42.13
670468,Jack Sundberg,3,2016-2018,1014,42.13
699037,Brayan Nolasco,2,2021-2022,225,42.13
571503,Ryan Bollinger,1,2009,26,42.13
659268,Elwin Tejeda,2,2015-2016,374,42.13
664738,Kris Goodman,2,2015-2016,147,42.13
678849,Rolando Espinosa,4,2018-2024,1055,42.12
543051,David Cooper,1,2009,296,42.12
606301,Elieser Salmeron,1,2011,52,42.12
444566,Valerio Heredia,3,2007-2009,544,42.12
640476,Willerker Isava,3,2013-2015,164,42.12
699278,Andres Centeno,3,2021-2023,416,42.11
642464,Cesar Gonzalez,6,2013-2018,715,42.11
489314,Jeremy Shelby,1,2010,140,42.11
9286,Rob Scahill,1,2011,25,42.11
687751,Cortland Lawson,3,2022-2024,741,42.11
806997,Yerlin Luis,3,2023-2025,461,42.1
671575,Emmanuel Isea,2,2016-2017,86,42.1
572120,Seth Schwindenhammer,1,2009,135,42.1
808372,Nelson Marin,3,2023-2025,338,42.09
643346,Jeremy Hadley,2,2013-2014,181,42.09
657716,Andy Peterson,1,2014,31,42.09
678956,Juan Garcia,1,2018,115,42.09
808092,Byron Castillo,3,2023-2025,436,42.09
657795,Tyler Wampler,2,2014-2015,193,42.08
595031,Boone Whiting,2,2013-2014,54,42.08
814499,Brady Cerkownyk,1,2025,82,42.06
665892,Juan Urena,1,2017,117,42.06
542500,Juan Wilmore,2,2008-2009,251,42.06
454971,Yasmil Bucce,1,2007,192,42.06
814259,Derek Cueto,2,2023-2024,179,42.06
595132,Drew Beuerlein,2,2010-2012,137,42.06
670835,Daniel Cucjen,1,2016,150,42.05
702896,Jose Cardozo,1,2022,61,42.05
592465,Kellen Kiilsgaard,1,2011,34,42.05
666595,Randy Federico,2,2016-2017,407,42.05
664757,Aldemar Burgos,3,2015-2018,337,42.04
570882,Wilmer Santana,3,2009-2011,418,42.03
555543,Chase Blackwood,2,2009-2010,259,42.03
576128,Alex Herrnberger,1,2009,11,42.03
10962,Jake Buchanan,1,2012,15,42.03
808023,Joseph Sequera,3,2023-2025,276,42.03
514912,Breiner Soto,5,2007-2011,650,42.03
815007,Jose Familia,2,2024-2025,355,42.02
657788,Ivan Vela,2,2014-2015,250,42.02
675857,Luis Yan,2,2018-2021,160,42.02
807965,Jesus Natera,2,2023-2024,95,42.02
669274,Edmond Americaan,2,2018-2021,458,42.02
571541,Ben Carlson,1,2010,263,42.02
451174,C.J. Bressoud,1,2008,69,42.02
572996,Derrick Lowery,1,2009,60,42.01
802102,Arnold Prado,4,2022-2025,586,42.01
656987,Logan Sowers,1,2018,275,42.0
821263,Heudy Pena,2,2024-2025,240,42.0
542314,Esteylin Feliz,2,2008-2009,209,42.0
606949,Iseha Conklin,2,2012-2013,223,42.0
823277,Cole McConnell,1,2025,358,42.0
657515,Jordan Betts,2,2015-2016,778,42.0
463583,Jose Contreras,1,2007,110,41.99
596130,Jake Wakamatsu,1,2016,11,41.99
573194,Dallas Tarleton,3,2010-2012,769,41.99
572772,Steve Cilladi,3,2009-2011,104,41.99
518455,Dustin Biell,4,2007-2011,1083,41.99
685121,Beau Philip,3,2021-2023,1093,41.99
802959,Max Holy,2,2024-2025,465,41.99
605465,Cody Semler,1,2015,84,41.99
545999,Darrick Hale,1,2008,58,41.98
671222,Ranser Amador,3,2017-2021,460,41.98
572951,Joe Jocketty,2,2013-2015,81,41.98
516610,Misael Tavarez,3,2007-2009,582,41.98
676692,Kevin Williams Jr.,2,2017-2018,554,41.98
830017,Enny Rodriguez,1,2025,96,41.98
699292,Francis De Leon,3,2021-2023,192,41.98
18769,Cody Poteet,1,2018,24,41.97
682290,Wilfre Favelo,1,2018,65,41.97
607550,Gabriel Gray,1,2011,37,41.97
516754,Aneuris Garcia,1,2007,137,41.97
602102,Shawn Duinkerk,5,2011-2015,735,41.96
808382,D'Angelo Tejada,3,2023-2025,470,41.96
571538,Danny Canela,1,2014,56,41.96
680614,Luis Feliz,1,2018,50,41.96
677014,Dean Miller,1,2021,165,41.96
823357,Andres Garza,2,2024-2025,202,41.96
834565,Jesus Villaflor,1,2025,91,41.96
570872,Juan Martin,2,2009-2010,224,41.96
687084,Joshua Mears,5,2021-2025,1341,41.96
642699,Johan De Jesus,5,2013-2018,895,41.96
691701,Yeral Martinez,5,2021-2025,941,41.95
687705,Ike Freeman,2,2021-2022,290,41.95
687731,Trevor Werner,3,2023-2025,1022,41.95
504333,Carlos Mojica,4,2007-2010,300,41.95
800482,Ricardo Rodriguez,1,2022,45,41.95
674467,Fermin Villasmil,1,2017,12,41.95
664043,J.C. Cardenas,2,2016-2017,576,41.95
815787,Ethan Holliday,1,2025,84,41.94
572106,Ronald Sanchez,3,2009-2011,362,41.94
657691,DeAires Moses,3,2016-2018,249,41.94
17877,Brett Kennedy,2,2017-2018,33,41.93
676758,Micah Brown,2,2017-2018,411,41.93
490006,Jared Greenwood,1,2007,209,41.93
553905,Ismel Antunez,4,2009-2012,718,41.93
592277,Sean Dwyer,2,2014-2015,506,41.92
663735,Matt Frisbee,1,2021,11,41.92
594810,Andrew Edge,3,2010-2012,336,41.92
650354,Ronny Guillermo,2,2014-2015,248,41.91
501796,Alan Robbins,2,2007-2008,244,41.91
678655,Sergio Gutierrez,4,2018-2023,567,41.9
808719,Jose Castro,2,2023-2024,90,41.9
672469,Rafael Jimenez,2,2017-2018,485,41.9
807003,Cristopher Larez,2,2023-2025,158,41.9
642780,Ramon Luna,1,2013,172,41.9
691968,Zion Bannister,3,2021-2023,444,41.9
682516,Stephan Vidal,1,2018,48,41.9
544017,Dionel Montas,1,2008,108,41.9
662102,Micah Coffey,1,2018,175,41.9
543623,Tim Palincsar,1,2010,85,41.89
622461,Brailyn Duran,2,2012-2013,257,41.89
657575,Mike Fitzgerald,1,2014,86,41.89
683106,Mahki Backstrom,4,2021-2024,549,41.89
650662,Luis Alcala,2,2014-2015,164,41.89
445014,Bo Ford,1,2009,43,41.89
821173,Edgar Jimenez,2,2024-2025,146,41.89
815890,Fernando Cruz,2,2024-2025,181,41.89
692019,Jose Cordero,3,2021-2023,478,41.88
809861,Chase Meggers,1,2025,68,41.88
520128,Derek Schermerhorn,1,2007,127,41.88
808518,Hojans Hernandez,3,2023-2025,214,41.87
808371,Lisandro Mejia,1,2023,192,41.87
678788,Marco Valenzuela,1,2018,215,41.87
641473,Chase Compton,2,2014-2015,234,41.87
623275,Toby DeMello,3,2012-2014,177,41.86
808311,Eduardo Charles,2,2023-2024,92,41.86
593526,Yoelfi Suriel,1,2010,141,41.86
702673,Omari Daniel,2,2023-2024,187,41.86
543024,Edwin Cintron,3,2008-2010,311,41.86
815923,Bralyn Brazoban,2,2024-2025,292,41.86
692403,Raul Guzman,4,2021-2024,343,41.85
679690,Coltyn Kessler,1,2021,51,41.85
641797,Morgan Lofstrom,5,2014-2018,458,41.85
518802,Virgil Hill,4,2009-2012,670,41.85
452742,Beau Torbert,1,2007,336,41.85
670641,Steven Reveles,2,2016-2017,212,41.84
457136,Samuel Hernandez,1,2007,113,41.84
805957,Caleb Farmer,3,2022-2024,423,41.84
518689,Brandon Fowler,2,2008-2010,44,41.84
657113,Blake Wiggins,1,2017,50,41.84
672560,Jhenrry Moreno,2,2017-2018,204,41.83
673036,Miguel Perez,5,2017-2023,906,41.83
682638,Branlyn Jaraba,2,2021-2022,208,41.83
476686,Jeff Lyman,1,2009,15,41.83
695770,Wes Kath,5,2021-2025,1652,41.81
621309,Spencer Johnson,2,2016-2017,431,41.81
821602,Frainner Chirinos,2,2024-2025,183,41.81
672697,Bryan Pineda,2,2017-2018,150,41.81
690988,Austin Hendrick,5,2021-2025,2057,41.8
543790,Christopher Smith,2,2008-2009,170,41.8
542219,Edwin Acevedo,1,2008,98,41.8
700297,Gustavo Armas,3,2021-2023,409,41.8
806120,Kyle Henley,3,2023-2025,687,41.8
623269,Paul Eshleman,4,2012-2015,537,41.8
672899,Ydie Araujo,1,2017,101,41.8
642480,Reangelo Willems,2,2013-2014,219,41.8
623837,Alex Hudak,2,2012-2013,320,41.79
451505,Eli Tintor,3,2007-2009,736,41.79
678099,Gavin Logan,3,2022-2024,530,41.79
501459,Daniel Vinicio,1,2007,124,41.79
593364,Hector Mercedes,5,2010-2014,772,41.79
808318,Ewing Matos,1,2023,143,41.79
593146,Ben Klafczynski,1,2011,168,41.79
826142,JoJo Jackson,2,2024-2025,39,41.78
666609,Malek Joubas,1,2017,49,41.78
657696,Wigberto Nevarez,3,2014-2016,447,41.78
597691,Yoel Araujo,5,2011-2015,1188,41.78
502372,Charlie Yarbrough,1,2007,260,41.78
572148,Kyle Smith,2,2010-2011,448,41.78
456143,Quincy Martina,1,2007,40,41.78
621027,Travis Maezes,2,2016-2017,598,41.77
682184,Vinny Esposito,1,2018,172,41.76
642302,Felipe Lot,1,2013,91,41.76
10160,Ryan Weber,1,2014,22,41.76
666761,Osvaldo Santilien,3,2016-2018,541,41.76
666643,Ronny Dominguez,3,2016-2018,425,41.76
664912,Clayton Brandt,1,2015,104,41.76
657765,Eason Spivey,2,2014-2015,178,41.76
689696,Nolan Dempsey,1,2021,67,41.76
676887,Jeff Moberg,2,2017-2018,278,41.75
489241,Kevin Reynolds,1,2007,136,41.75
490716,Paul Winterling,2,2007-2008,498,41.75
500757,Norberto Lezcano,2,2007-2008,171,41.74
800617,Reece Walling,4,2022-2025,770,41.74
642349,Alberto Saez,3,2013-2015,249,41.74
683459,Dayro Perez,4,2021-2024,660,41.74
467124,Richard Maduro,1,2007,187,41.74
667829,Connor Sabanosh,3,2016-2018,132,41.74
572234,Keenyn Walker,5,2011-2015,2089,41.74
517382,Luis Zarate,1,2007,49,41.74
621511,Bryan De La Rosa,5,2012-2017,698,41.74
664347,Jonelqui Sanchez,1,2015,44,41.73
670255,Chad Hardy,2,2016-2018,246,41.73
689328,Ashton Creal,3,2021-2023,531,41.73
695595,Cody Orr,2,2021-2022,458,41.73
650868,Yendrys Gonzalez,2,2014-2015,63,41.73
695607,Nick McLain,1,2025,58,41.72
808490,Anthony Rodriguez,1,2023,183,41.72
572135,Ruben Sierra,3,2009-2013,324,41.72
676062,Santis Sanchez,2,2017-2018,130,41.72
821255,Jhiancarlos Diaz,1,2024,91,41.72
672464,Isaias Leon,2,2017-2018,394,41.71
687013,Cooper Uhl,2,2021-2022,243,41.71
600384,Anthony Caronia,4,2012-2015,778,41.71
464414,Alex Castillo,4,2007-2010,801,41.71
682916,Jose Freites,1,2021,84,41.71
502598,Lance West,2,2008-2009,159,41.7
678676,Jose Peralta,2,2018-2021,71,41.7
672240,Pedro Gonzalez,1,2017,69,41.7
489239,Tyler Reves,1,2007,311,41.7
668742,Harrison Ray,2,2021-2022,471,41.7
683399,Jose Baez,2,2022-2023,72,41.7
670282,Travis Bolin,2,2016-2017,120,41.7
693810,Gabriel Bersing,3,2021-2023,341,41.7
3769,Mike Hinckley,1,2007,21,41.7
680935,Connor Pavolony,4,2021-2024,668,41.7
644379,Jared Cruz,2,2014-2015,155,41.69
660760,Elvis Sabala,4,2015-2018,734,41.69
489561,Terrance Blunt,1,2007,156,41.69
673376,Danyeli Espinal,1,2017,26,41.69
600855,Jose Aleman,1,2011,17,41.69
542460,Melvin Camarena,3,2008-2010,454,41.68
595711,Jimmy Jacquot,1,2011,233,41.68
446311,Adam Zornes,3,2008-2010,474,41.68
663446,Garrett Wolforth,2,2021-2022,625,41.68
695801,Antonio Barranca,2,2021-2022,294,41.67
3855,Brett Oberholtzer,2,2011-2012,69,41.66
669182,Tre Carter,2,2016-2018,172,41.66
699112,Jose Serrano,5,2021-2025,559,41.66
543857,Randall Thorpe,2,2010-2011,433,41.65
501942,Robert Jacobsen,3,2007-2009,829,41.65
698994,Javier Pariguan,5,2021-2025,270,41.64
520975,Robbie Minor,1,2007,51,41.64
671224,Danny Lantigua,4,2017-2022,590,41.64
681876,Drevian Williams-Nelson,2,2018-2021,184,41.64
687334,Peyton Powell,1,2025,288,41.63
665325,Josh Swirchak,2,2015-2016,98,41.63
541661,Alexander Moreno,4,2008-2011,635,41.63
606128,Julio Abreu,2,2011-2012,148,41.63
642343,Wagner Ramirez,4,2013-2016,302,41.63
623179,Chad Johnson,5,2012-2016,1414,41.63
645217,Cody Ferrell,2,2013-2014,263,41.62
506705,Juan Urdaneta,4,2007-2010,622,41.62
595317,Bo McClendon,1,2010,49,41.62
681959,Connor Litton,1,2018,19,41.61
623504,William Hurt,3,2012-2014,256,41.61
520549,Zach Evangelho,2,2007-2008,370,41.61
571716,Edwin Gomez,5,2009-2013,682,41.61
655315,Henrry Pedra,5,2014-2018,682,41.61
683058,Isaac Bellony,3,2021-2023,751,41.61
518720,Kenny Gilbert,4,2007-2011,501,41.61
595008,Trace Tam Sing,2,2015-2016,185,41.61
642460,Gregory Ramirez,2,2013-2014,316,41.6
642691,Jesus De Oleo,2,2013-2014,230,41.6
693766,Sebastian Castro,2,2021-2022,196,41.6
657278,Brody Westmoreland,2,2016-2017,381,41.59
17969,Peter Lambert,1,2018,39,41.59
807277,Nick Montgomery,1,2025,357,41.59
607185,Clayton Blackburn,3,2014-2016,80,41.59
682627,Jose De La Cruz,5,2021-2025,1714,41.58
815686,Michael Baez,2,2023-2024,145,41.58
467150,Fernando Silfo,1,2007,34,41.58
821623,Angel Rodriguez,2,2024-2025,109,41.58
690944,Curtis Washington Jr.,3,2022-2024,428,41.58
678892,Vladimir Perez,1,2018,163,41.57
699028,Romtres Cabrera,5,2021-2025,498,41.57
621577,Alex Williams,2,2012-2013,249,41.57
664695,Zach Welz,2,2015-2016,389,41.57
802623,Dilver Gomez,2,2022-2023,78,41.56
518872,Brandon Kawal,1,2008,12,41.55
687113,Misael Gonzalez,3,2021-2023,512,41.55
665977,Jose Vilera,1,2016,108,41.55
542903,Dwayne Bailey,4,2008-2011,861,41.55
657430,Nelson Jorge,4,2014-2017,481,41.54
621485,Robert Martinez,5,2012-2016,782,41.54
671025,Matt Davis,2,2016-2017,160,41.54
663775,Nick Kaye,2,2015-2016,271,41.54
519320,David Stewart,1,2009,20,41.54
701296,Carter Mathison,2,2024-2025,329,41.53
672807,Alexander Samuel,2,2017-2018,303,41.53
678748,Luis Mota,1,2018,104,41.53
469837,Nestor Rojas,2,2007-2008,270,41.53
800327,Juan Perez,4,2022-2025,639,41.53
36,Xavier Cedeño,2,2008-2011,34,41.53
801822,Jackson Feltner,3,2023-2025,636,41.53
578655,Gustavo Rojas,1,2010,60,41.51
665849,Larry Alcime,3,2016-2018,321,41.51
594751,Kevin Berard,3,2010-2012,330,41.51
607283,Ryan Terry,1,2011,130,41.51
669870,Ronard Soto,2,2017-2018,263,41.51
572677,Dominic Altobelli,2,2009-2011,226,41.5
574629,Bryson Namba,3,2009-2011,538,41.5
685328,Ronis Aybar,2,2021-2022,236,41.5
607400,Rashaad Ingram,1,2011,92,41.5
600892,José Duarte,7,2011-2017,687,41.5
607425,Sam Roberts,2,2012-2013,281,41.49
607708,Brian Ruiz,2,2012-2014,349,41.49
596733,Meng Tsai,1,2011,26,41.48
452224,Daniel Figueroa,1,2007,492,41.48
502189,Austin Rauch,3,2007-2010,235,41.48
687573,Nic Ready,1,2021,325,41.48
680585,Edgar Martinez,3,2018-2022,571,41.48
516688,Hayrich Martina,4,2007-2010,379,41.48
8979,Dusty Coleman,3,2008-2011,1095,41.48
467651,Yuber Rodriguez,2,2007-2008,521,41.48
518411,Matt Arburr,3,2007-2009,763,41.48
594749,Justin Bencsko,1,2011,36,41.48
489148,Dallas Morris,1,2007,152,41.47
489132,Brandon Monk,1,2007,160,41.46
596790,Cody Lassley,1,2010,28,41.46
5089,Scott Diamond,2,2009-2010,46,41.46
594894,Lucas LeBlanc,2,2011-2012,545,41.46
687463,Luis Guerrero,2,2021-2022,509,41.46
448248,Brandon Timm,2,2007-2008,637,41.45
623974,Leudy Molina,4,2012-2015,545,41.45
683296,Anthony Morales,2,2021-2022,181,41.45
656967,Evan Skoug,2,2017-2018,407,41.45
684997,MacKenzie Mueller,2,2021-2022,548,41.44
678372,Sebastian Almonte,3,2018-2022,461,41.44
682237,Michael Suarez,2,2018-2021,108,41.44
691395,Ray-Jacson Chirino,3,2021-2023,347,41.44
643231,Jared Breen,2,2014-2015,510,41.44
669631,Spencer Brickhouse,2,2021-2022,339,41.43
573618,Jae Yun Kim,3,2009-2012,355,41.43
650809,Yorbys Tabares,3,2014-2016,283,41.43
452669,Manni Juan,1,2007,233,41.43
807006,Edwin Solano,2,2023-2024,294,41.42
519197,Brian Rike,3,2008-2010,1220,41.42
676288,Baron Radcliff,3,2021-2023,1011,41.42
452014,Nelson Robledo,2,2007-2008,444,41.41
594974,Kyle Redinger,3,2010-2012,334,41.41
682655,Fernando Villalobos,3,2021-2023,331,41.41
691343,Roberto Martínez,3,2021-2023,299,41.4
691464,Fernando Caldera,5,2021-2025,474,41.4
518450,Chris Berroa,2,2008-2009,262,41.4
679656,Alonzo Jones,1,2018,16,41.4
517349,Engels Castillo,3,2007-2009,264,41.4
678386,Omar Rodriguez,2,2018-2021,138,41.39
501997,David Christensen,5,2007-2011,1657,41.39
677677,Gerardo Santana,1,2017,74,41.39
3993,Allen Webster,2,2011-2012,64,41.38
501912,Russell Raley,1,2007,82,41.38
663763,Greg Pickett,2,2015-2018,137,41.38
680915,David Hollie,4,2018-2023,561,41.38
664834,Mitchell Gunsolus,2,2016-2017,866,41.38
699202,Andy Beato,3,2021-2023,73,41.38
668936,Allan Berríos,2,2021-2022,202,41.37
676814,Lucas Tancas,1,2018,341,41.37
808147,Breiny Ramírez,3,2023-2025,279,41.37
542504,Vicni Pereira,2,2008-2009,218,41.36
572918,Bryant Hernandez,3,2009-2011,710,41.36
592111,Jake Anderson,4,2011-2014,254,41.36
808672,Jesus Abreu,3,2023-2025,257,41.36
607210,Connor McKay,1,2016,173,41.36
641863,Rene Melendez,4,2013-2016,223,41.36
519198,Eli Rimes,2,2007-2008,66,41.36
688551,Addison Kopack,2,2024-2025,235,41.35
664993,Bradley Keller,3,2015-2017,706,41.35
570652,Jeifrich Garcia,1,2009,169,41.34
456407,Miguel Vega,2,2007-2008,573,41.34
607211,Austin Diemer,3,2014-2016,571,41.33
660675,Johandry Cortez,3,2015-2017,299,41.33
681866,Keegan Fish,4,2018-2023,386,41.33
517582,Rey Lebron,2,2007-2008,247,41.32
502369,T.J. Warren,3,2007-2009,458,41.32
691898,Enyer Graterol,1,2021,29,41.32
570685,Kelvin Ortiz,5,2009-2013,729,41.32
692222,Jose Izarra,3,2022-2024,602,41.31
676797,Greg Lambert,2,2017-2018,243,41.31
694732,Clayton Gray,1,2025,78,41.31
546362,Carlos Torres,1,2009,42,41.31
603197,Eli Boike,1,2011,113,41.31
683170,Kadon Morton,3,2021-2023,891,41.31
591677,Ricardo Gonzalez,4,2010-2013,364,41.31
594971,Steven Ramos,4,2010-2014,471,41.31
800134,Kevin Dume,3,2023-2025,453,41.3
623191,Jordan Dean,1,2013,19,41.3
608173,Derek Hamblen,1,2011,75,41.3
671285,Terry Fuller,3,2017-2021,325,41.3
544817,Pedro Millan,1,2008,44,41.3
502501,Preston Mattingly,5,2007-2011,1655,41.3
520770,Tycen Povey,1,2007,51,41.3
668860,Kale Emshoff,2,2021-2022,682,41.29
597633,Aderlin Gonzalez,1,2010,108,41.29
519031,Erik Miller,4,2007-2010,930,41.29
806053,Dean Curley,1,2025,35,41.29
554342,Abdul Nieto,2,2009-2010,203,41.29
491687,Antonio Jimenez,3,2007-2009,910,41.29
622074,Blake Amaral,1,2012,76,41.29
596272,Matt Johnson,1,2011,79,41.29
5088,Franklin Morales,2,2007-2008,38,41.28
694304,Cole Fontenelle,3,2023-2025,691,41.28
488854,Jared Edwards,1,2007,156,41.28
502283,Trayvone Johnson,1,2009,60,41.28
664655,Carlos Cabral,2,2015-2016,137,41.28
542375,Randy Pina,3,2008-2010,261,41.28
672617,Richard Caraballo,2,2017-2018,287,41.28
800163,Wilifer Estrella,1,2022,101,41.28
644415,James Philibossian,1,2014,29,41.27
827419,Domingo Morla,1,2025,179,41.27
659640,Carlos Jimenez,2,2015-2016,153,41.27
462117,Anel De Los Santos,4,2007-2010,829,41.27
465068,Gerson Manzanillo,1,2007,75,41.27
670860,Lazaro Armenteros,5,2017-2023,1470,41.27
458553,Danny Jordan,2,2007-2008,299,41.26
516417,Ikko Sumi,5,2007-2011,396,41.26
542541,Alan Sena,2,2008-2009,206,41.25
657559,Chris DeMorais,1,2014,100,41.25
473189,Jose Lopez,3,2007-2009,412,41.25
660611,Grendis Ferrer,1,2015,89,41.25
830482,Lewis German,1,2025,177,41.25
688500,Stephen Paolini,5,2021-2025,1686,41.25
516659,Larry Rivera,3,2007-2009,480,41.24
807005,Andy Acevedo,3,2023-2025,396,41.24
4083,Mark Rogers,1,2010,29,41.24
622725,Joel Jumes,2,2012-2013,353,41.23
671242,Anibal Sierra,3,2016-2018,901,41.23
821015,Christian Sáez,2,2024-2025,192,41.23
802504,Myles Naylor,3,2023-2025,976,41.23
543304,Anthony Hewitt,5,2008-2013,1928,41.23
664876,James Terrell,2,2015-2016,145,41.23
519160,Brodie Pullen,2,2007-2008,190,41.23
815893,Daiber De Los Santos,2,2024-2025,389,41.22
12703,Trevor Bauer,1,2012,36,41.22
682257,Kevynn Arias,1,2018,45,41.22
813933,Yanuel Casiano,1,2025,122,41.22
656908,Jose A Rodriguez,3,2014-2016,288,41.22
596313,Kyle Holloway,2,2010-2011,147,41.22
489003,Timothy Johnson,1,2007,167,41.22
678708,Luis Oviedo,1,2018,124,41.21
805740,Andres Bonolis,1,2023,149,41.21
692360,Oswaldo Ladera,3,2021-2023,425,41.21
547799,Juan Barrini,1,2009,150,41.21
573288,Sean Killeen,1,2010,60,41.2
625925,Brett Frantini,1,2013,15,41.2
641515,Jon Denney,1,2013,96,41.2
564434,Robbie Perkins,5,2013-2018,632,41.2
594836,Jay Gonzalez,2,2015-2016,974,41.19
667292,Robert Barreras,3,2016-2018,154,41.18
554351,Carlos Mercedes,2,2009-2010,236,41.18
677628,Luis Rodriguez,5,2018-2024,574,41.18
699274,Fredy Michel,3,2021-2023,383,41.18
570824,Wilder Aguirre,2,2009-2010,89,41.18
593804,Jose Casilla,2,2010-2011,320,41.18
669898,Andrew Daschbach,2,2021-2022,825,41.18
5679,Brooks Brown,2,2007-2008,45,41.17
11176,David Buchanan,2,2012-2013,28,41.17
691650,Victor González,3,2021-2023,237,41.17
821755,Jhojan Downer,2,2024-2025,266,41.16
488946,Mark Haske,1,2007,367,41.16
809091,Ben Newton,1,2025,222,41.16
802739,Alex Paredes,1,2022,49,41.16
543123,Jose Duran,2,2008-2009,483,41.16
543395,Bryan Kervin,1,2009,179,41.15
606164,David Matos,1,2011,175,41.15
835171,Juan Garcia,1,2025,107,41.15
672797,Adderlin Santana,2,2017-2018,330,41.15
800290,Samuel Capellan,3,2022-2024,274,41.14
623503,Nick Hamilton,2,2012-2013,150,41.14
703602,Jalin Flores,1,2025,105,41.13
675918,Mason House,2,2017-2018,275,41.13
677319,Cameron Barstad,5,2021-2025,1186,41.13
450561,Joshua Tarnow,2,2007-2008,149,41.12
692358,Wueslly Lespe,3,2021-2023,340,41.11
656684,Montrell Marshall,4,2015-2018,922,41.11
702114,John Michael Faile,1,2024,149,41.11
542499,Samuel Carmona,2,2008-2009,155,41.11
518608,Mitchell Delaney,2,2008-2009,202,41.1
622767,Carlos Belonis,6,2012-2018,1337,41.1
622474,Kristian Brito,4,2012-2017,913,41.1
665353,Kendry Herrera,1,2015,40,41.1
12801,Chris Reed,2,2013-2014,66,41.1
501665,Herasmo Magallanes,1,2007,117,41.09
451577,Greg Burns,4,2007-2010,1692,41.09
622228,Daniel Poma,1,2013,15,41.09
488867,Kyle Eveland,1,2011,417,41.08
517379,Luis Brito,2,2007-2008,280,41.08
623322,Ben Johnson,3,2015-2017,782,41.08
678491,Jimmie Feliz,1,2018,52,41.08
699113,Brayan Rijo,4,2021-2024,526,41.08
623904,Kyle Koeneman,1,2012,45,41.07
676688,Jared Akins,2,2017-2018,272,41.07
623925,Tim Remes,5,2012-2016,456,41.07
499523,Jose Batista,2,2007-2008,182,41.06
573053,Christopher Murrill,3,2010-2012,724,41.06
606114,Jeremias Pineda,4,2011-2014,899,41.06
665020,Quinnton Mack,2,2015-2016,161,41.06
543117,Chris Dove,1,2008,100,41.06
686773,Max Smith,1,2021,239,41.06
691865,Moises Gallardo,4,2021-2025,483,41.06
542461,Bernardino Jimenez,2,2008-2009,324,41.05
645297,Erick Mendez,4,2014-2017,506,41.05
5284,Esmailin Caridad,1,2008,18,41.05
519378,D'Andrea Vaughn,2,2007-2008,141,41.04
687685,Raily Nunez,1,2021,84,41.04
694048,Randel Mondesi,3,2021-2023,296,41.03
670374,Steven Linkous,1,2018,265,41.03
542608,Melvin Charles,2,2008-2009,113,41.03
815105,Vicent Nunez,2,2023-2024,220,41.03
456989,Jake Muyco,2,2007-2008,255,41.03
572099,Tanner Rust,1,2014,78,41.03
689624,Ashton Easley,1,2021,32,41.03
805131,Joshua Leito,2,2022-2023,82,41.02
657639,Conor Keniry,2,2014-2015,240,41.02
503575,Felix Carrasco,3,2007-2009,991,41.02
573106,Tillman Pugh,3,2010-2012,320,41.02
670560,Ray Guerrini,1,2016,40,41.02
670168,Mike Wilson,2,2021-2022,157,41.01
685106,Zach Biermann,1,2021,43,41.01
682957,Jhonnys Cabrera,3,2021-2023,138,41.01
665904,Luis Laurencio,3,2016-2018,669,41.0
593489,Victor Velazquez,2,2010-2011,120,41.0
593793,Jorge De La Cruz,2,2010-2011,131,41.0
623986,Freddy Zorrilla,3,2012-2014,401,41.0
699012,Rodolfo De La Cruz,3,2021-2023,362,41.0
620991,Danilo Sojo,3,2012-2014,311,40.99
808529,Osvaldo Heredia,2,2023-2025,275,40.99
521009,Zach Booker,1,2007,60,40.99
630271,Jean Almanzar,3,2013-2015,95,40.99
670455,Cole Gruber,2,2016-2017,220,40.99
575309,Jose Dicent,3,2009-2012,401,40.99
595403,Ron Schreurs,1,2012,19,40.99
668578,Jose Sulbaran,1,2016,94,40.98
541599,Marinus Vernooij,3,2008-2010,382,40.98
676448,Joshua Rivera,2,2021-2022,181,40.97
502122,Cliff Andersen,3,2007-2009,689,40.97
18679,Freddy Peralta,2,2017-2018,25,40.97
594755,Paul Bingham,1,2010,85,40.97
520368,Jorge Andrade,1,2007,122,40.97
545998,Bryan Miller,1,2008,115,40.96
16358,Tyler Mahle,2,2016-2017,53,40.95
689435,Gavin Jones,1,2021,158,40.95
643195,Antonio Alvarez,1,2013,140,40.95
650964,Jose Lugo,2,2014-2015,134,40.94
673386,Christian Andrade,2,2017-2018,314,40.94
808312,Juan Obispo,3,2023-2025,292,40.94
685732,Kevin Reyes,1,2021,44,40.94
831915,Christian Colon,1,2025,103,40.94
686577,Keoni Cavaco,4,2021-2024,1018,40.94
446079,Nickolas Cadena,1,2007,172,40.94
808216,Luis Atocha,1,2023,83,40.94
623327,Thurman Hall,2,2012-2013,320,40.93
668407,Gerardo Romero,2,2016-2017,119,40.93
670163,Alex Wojciechowski,1,2017,72,40.93
665943,Jose Mora,1,2016,57,40.93
669687,Elvis Peralta,1,2021,266,40.93
679475,Carlos Moreno,1,2018,135,40.93
631220,Dean Bell,3,2013-2015,280,40.92
683647,Juan Sanchez,1,2021,30,40.92
682063,Cal Hernandez,1,2018,100,40.91
660539,Lisandro Blanco,3,2015-2017,390,40.91
595202,Aaron Fields,1,2011,100,40.91
650341,Roni Tapia,4,2014-2017,442,40.91
681941,Jaylen Palmer,6,2018-2025,2163,40.91
518404,Drew Anderson,1,2007,120,40.91
800531,Brayan Sanchez,3,2022-2024,267,40.9
457108,Mario Holmann,1,2007,53,40.9
808012,Brandy Caraballo,2,2023-2024,112,40.89
501224,Guillermo Toribio,3,2007-2009,502,40.89
681612,Jose Florian,1,2018,176,40.89
687992,Joe Vranesh,2,2021-2022,414,40.89
666162,Walker Robbins,2,2016-2017,264,40.89
573184,Pat Stover,2,2012-2013,543,40.88
670461,Connor Myers,3,2016-2018,899,40.88
702262,Jared Jones,1,2025,58,40.88
622548,Roger Ramos,3,2012-2014,441,40.87
14165,Rob Whalen,1,2016,23,40.87
800280,Jeisel Vargas,2,2022-2023,55,40.87
605505,Carl Thomore,4,2011-2014,876,40.87
690902,Ben Metzinger,2,2022-2023,492,40.87
475648,Jarred Bogany,4,2008-2011,799,40.86
692430,Jose Pena,3,2021-2023,299,40.86
808140,Reniel Diaz,2,2023-2024,257,40.86
501313,Santiago Lara,1,2007,33,40.86
516747,Welington Brito,2,2007-2008,173,40.86
451107,James Simmons,4,2007-2010,1395,40.86
608683,Kevin Mager,2,2012-2013,188,40.85
691988,Marcos De La Rosa,4,2021-2024,549,40.85
663896,Kolton Kendrick,3,2015-2017,280,40.85
830442,Elian Reyes,1,2025,81,40.85
594778,Jesus Campos,2,2010-2011,409,40.84
602717,Beau Te Wera Bishop,1,2012,56,40.84
659932,Jake Turnbull,4,2015-2018,345,40.84
828772,Alvaro Matos,2,2024-2025,114,40.84
595945,Alexander Fernandez Jr.,2,2015-2016,207,40.83
447730,Jeramy Laster,3,2007-2009,1293,40.83
642013,John Riley,4,2013-2018,544,40.83
664340,Willian Mendoza,4,2015-2018,366,40.83
573156,Anthione Shaw,2,2009-2010,217,40.82
596881,Qualon Millender,2,2010-2011,503,40.82
678716,Jesus Reyes,1,2018,159,40.82
600960,Mauricio Reyes,1,2011,80,40.82
593803,Gabriel Jimenez,2,2010-2011,358,40.81
642478,Luis Montero,1,2013,42,40.81
692399,Jeremy Ramos,3,2021-2023,262,40.81
699297,Yoandy Perez,2,2021-2022,185,40.81
446170,Guillermo Martinez,2,2007-2008,316,40.8
695415,Bryson Worrell,2,2022-2023,309,40.8
683485,Nelson Beltran,5,2021-2025,979,40.8
806273,Adam Retzbach,4,2022-2025,947,40.79
9364,Brett Sinkbeil,2,2008-2009,57,40.79
829821,Eliezer Alfonzo,1,2025,172,40.79
815074,Derek Berg,2,2024-2025,398,40.78
805365,Isaiah Jackson,1,2025,37,40.78
457042,Toby Gardenhire,1,2007,237,40.78
517062,Juan Pablo Oramas,2,2011-2014,45,40.78
663469,Lorenzo Hampton,1,2021,73,40.78
15158,Braden Shipley,2,2015-2016,66,40.77
542406,Jefry Sierra,5,2008-2012,1144,40.77
519365,Blake Trinkler,1,2008,154,40.77
6292,Jimmy Barthmaier,2,2007-2008,23,40.77
623495,Ryan Dineen,1,2013,99,40.77
677959,Kevin Vargas,1,2018,104,40.77
461857,Alex Periard,1,2010,16,40.77
815207,Carlos Brito,1,2024,63,40.77
518924,Brett Lawler,1,2007,61,40.76
682725,Cristhian Rodriguez,4,2021-2024,955,40.76
600876,Juan Cardona,1,2011,76,40.76
650424,Sucre Doval,3,2014-2016,274,40.75
821103,Samuel Arroyo,1,2024,51,40.75
592264,Philip Diedrick,1,2015,96,40.75
830043,Jeremias Aponte,1,2025,36,40.74
665848,Luis Aquino,3,2016-2018,507,40.74
471866,Manuel Ferrer,3,2007-2009,771,40.74
501880,Scott Knazek,1,2007,161,40.74
3143,Yorman Bazardo,1,2009,37,40.74
657628,Ryan Jones,2,2014-2015,261,40.74
669985,Kyle Smith,2,2016-2017,313,40.73
14812,Barrett Astin,2,2015-2016,36,40.73
663369,Jeremy Eierman,1,2021,255,40.73
517050,Daniel Garce,5,2007-2011,612,40.73
691647,Jhoandry Gonzalez,1,2021,49,40.72
607599,Sam Kimmel,1,2014,36,40.72
669015,Caberea Weaver,4,2018-2023,1170,40.72
545360,Donavan Tate,4,2010-2015,946,40.71
467851,Danny Rodriguez,1,2007,202,40.71
9761,Joe Kelly,2,2011-2012,26,40.71
657720,Brett Pirtle,1,2015,55,40.71
460172,Chance Douglass,2,2007-2008,30,40.7
592542,Greg McCall,3,2014-2016,483,40.7
489081,Tony Mansolino,1,2007,360,40.7
502396,Chad Gross,1,2008,154,40.7
644360,Eddy Alcantara,2,2013-2014,221,40.69
669451,Chris Seise,4,2017-2023,919,40.69
822676,Alex Lodise,1,2025,109,40.69
800404,Cesar Bonalde,1,2023,116,40.69
692695,Claudio Richetti,1,2021,46,40.69
607165,Dutch Deol,4,2011-2014,334,40.68
672893,Ivan Rosario,2,2017-2018,179,40.68
15015,Alex Reyes,1,2016,16,40.67
469162,Luis Segovia,3,2008-2010,511,40.67
544773,Brandon Drespling,1,2008,37,40.67
542912,Tyler Barnett,2,2008-2009,115,40.66
448682,Rafael Mendez,1,2007,193,40.66
607327,Lance Harper,2,2011-2012,92,40.66
814955,Matthew Ferrara,1,2025,64,40.66
681069,Luis Lopez,2,2018-2021,139,40.65
829891,Freddy Ramos,1,2025,90,40.65
672434,Josue Rodriguez,2,2017-2018,123,40.65
665579,Garrett Hope,4,2015-2018,403,40.65
544245,Mike Elkerson,1,2008,113,40.65
643204,Carlos Avila,2,2013-2014,93,40.64
519342,Londell Taylor,3,2007-2009,289,40.64
462927,Victor Hernandez,1,2007,149,40.64
663631,Josh Magee,2,2015-2016,222,40.64
677221,Hunter Jarmon,2,2017-2018,262,40.64
15830,Johnny Davis,2,2013-2014,595,40.64
545130,Giovanni Ortiz,2,2008-2009,123,40.64
502234,Josh Bradbury,1,2007,84,40.64
625924,Cory Segui,2,2012-2013,123,40.64
471157,Jhaysson Agustin,1,2007,232,40.64
445962,Brett Martinez,1,2007,65,40.64
681864,George Bell,2,2018-2021,343,40.63
665502,Tomy Arias,1,2015,115,40.63
502760,Stephen Douglas,1,2007,35,40.63
800082,Andriel Lantigua,3,2022-2024,136,40.63
656352,Braxton Davidson,5,2014-2018,2111,40.63
703015,Kyle Froemke,1,2022,119,40.62
690969,Kellum Clark,2,2023-2024,342,40.62
677654,Jose Hernandez,1,2018,52,40.62
681637,Jose Hernandez,1,2018,116,40.62
829754,Alam Bruno,1,2025,40,40.6
657589,Sal Giardina,3,2014-2016,548,40.6
806221,Easton Shelton,2,2024-2025,236,40.59
608060,Tyler Carpenter,1,2011,29,40.59
650342,Ruar Verkerk,2,2014-2015,145,40.59
600953,Jose Polanco,2,2011-2012,349,40.59
657440,Matt Tellor,3,2014-2016,607,40.58
691919,Ewry Espinal,4,2021-2024,519,40.58
682091,Trey Whitley,1,2018,94,40.58
823754,Robbie Burnett,1,2025,42,40.57
678006,Nick Decker,4,2021-2024,1028,40.55
595221,Adam Gaylord,1,2011,334,40.55
572890,Brent Greer,3,2010-2012,713,40.55
661402,Elier Leyva,1,2015,456,40.55
621451,Jamie Jarmon,2,2012-2014,172,40.54
673374,Cesar Mendoza,2,2017-2018,109,40.54
11378,Tyrell Jenkins,2,2015-2017,37,40.54
595123,George Barber,2,2010-2013,94,40.54
701980,Nestor Rios,4,2022-2025,175,40.53
806083,J.D. Gonzalez,2,2024-2025,392,40.53
670236,Dustin Skelton,1,2021,212,40.53
602727,Jhosua Montero,2,2011-2012,225,40.52
573674,Geber Suniaga,3,2009-2011,252,40.52
680396,Joe Stewart,1,2022,139,40.51
667493,Zach Davis,3,2016-2018,477,40.51
554413,Jhorman Vasquez,2,2009-2010,166,40.51
821685,Alver Medina,1,2024,110,40.51
670066,Josh Merrigan,2,2016-2017,124,40.51
678219,Yerry Landinez,1,2018,66,40.5
554375,Eduardo Lopez,3,2009-2011,323,40.5
691303,Deivy De Castro,1,2022,30,40.5
694219,Ramiro Altagracia,4,2021-2024,590,40.5
660712,Jose Bermudez,1,2015,125,40.49
657595,Gianpaul Gonzalez,3,2014-2018,208,40.49
552632,Ryan Gorton,1,2014,125,40.49
690996,T.J. McCants,2,2024-2025,352,40.49
19577,Nick Heath,3,2016-2018,885,40.48
660432,Federico Giordani,2,2015-2016,254,40.48
668528,Mariano Calcano,2,2016-2017,249,40.48
666004,Vicente Mota,2,2016-2017,157,40.48
519116,Preston Pehrson,2,2007-2008,167,40.48
573094,Mike Planeta,5,2009-2013,1558,40.47
676927,Tre Gantt,2,2017-2018,191,40.47
831861,Alexander Eneas,1,2025,23,40.47
685722,Michael Mantecón,3,2021-2023,253,40.47
691852,Carlos Herrera,3,2021-2023,111,40.47
699123,Richard Rojas,2,2021-2022,228,40.46
808692,Edgar Mota,3,2023-2025,190,40.45
677011,Tyler Coolbaugh,1,2017,55,40.45
681334,Justin Williams,3,2021-2023,692,40.44
572813,Kyle Dhanani,3,2009-2011,541,40.44
501302,Ramon Abad,2,2007-2008,273,40.44
6435,Vance Worley,2,2009-2010,48,40.43
506916,Bobby Rauh,3,2009-2011,299,40.43
668532,Humberto Maldonado,2,2016-2017,274,40.43
691724,Steven Ondina,2,2024-2025,62,40.42
815531,Gabriel Rosado,1,2025,56,40.42
687999,Ray Torres,2,2021-2022,100,40.42
3166,Clayton Mortensen,2,2008-2009,68,40.41
670199,Quin Cotton,2,2021-2022,594,40.41
571693,Jeff Gelalich,4,2012-2015,1478,40.41
670439,Nick Hill,3,2016-2018,496,40.4
575169,David Hernandez,2,2009-2010,99,40.4
826164,Drew Vogel,2,2024-2025,505,40.4
24671,Cody Wilson,1,2021,202,40.4
694303,Alex Rodriguez,1,2022,26,40.4
451131,Tyler Herron,1,2008,11,40.4
660625,Yondry Contreras,4,2015-2018,820,40.4
808251,Carlos Batista,3,2023-2025,383,40.4
593447,Victor De Jesus,4,2010-2013,506,40.4
665768,Ronald Concepcion,1,2016,97,40.39
690841,Matt O'Neill,2,2021-2022,466,40.39
699124,Pedro Riera,1,2021,115,40.39
521049,Ralph Tropiano,1,2007,39,40.39
687676,Luis Feliz,1,2021,80,40.38
519103,Greg Paiml,3,2007-2009,1309,40.38
829753,Roni Garcia,1,2025,70,40.38
670629,Manny DeLeon,1,2016,131,40.38
623207,Taylor Hawkins,4,2012-2015,295,40.38
520628,Ray Redden,1,2008,35,40.36
689950,Liam McGill,1,2021,40,40.36
687469,Keaton Greenwalt,1,2021,211,40.35
642738,Yunior Sanchez,1,2013,78,40.35
800373,José Noguera,2,2022-2023,168,40.35
670254,Vincent Byrd,2,2017-2018,246,40.35
600862,Felipe Blanco,5,2011-2017,787,40.34
677991,Dylan Woods,1,2017,40,40.34
678874,Addiel Matias,1,2018,131,40.34
661431,Carlos Gallardo,3,2015-2017,278,40.34
641297,Lana Akau,5,2013-2017,563,40.33
594918,Alex McClure,4,2010-2013,1292,40.32
599697,Cam Warner,2,2017-2018,85,40.32
644435,Ryan Tufts,1,2013,97,40.31
814453,Nathan Archer,2,2024-2025,477,40.3
695457,Jason Hinchman,2,2023-2024,591,40.29
823879,Waldy Peralta,1,2024,49,40.29
572199,Ivory Thomas,2,2013-2014,183,40.29
623393,Josh Almonte,6,2012-2017,1263,40.28
501792,Jason Jacobs,1,2008,188,40.28
686311,Roblin Heredia,3,2021-2023,327,40.28
542956,Daniel Bowman,1,2014,242,40.27
642294,Jorge Baez,1,2013,115,40.27
801176,Cam Fisher,3,2023-2025,695,40.27
594896,Andy Leer,3,2010-2012,979,40.27
29614,Chad Stevens,3,2021-2023,984,40.27
815198,Vicente Guaylupo,2,2024-2025,131,40.26
688552,Matt Burch,1,2021,109,40.26
518781,Daniel Heller,2,2007-2008,232,40.26
606668,Bladimir Aquino,2,2011-2012,82,40.26
656539,Trenton Hill,1,2017,173,40.26
805125,Giullianno Allende,3,2023-2025,296,40.25
681855,Michael Emodi,1,2018,128,40.25
665691,Guiyuan Xu,2,2016-2017,130,40.24
676773,Brandon Benson,1,2018,154,40.23
691455,Dany Martinez,2,2022-2023,55,40.23
570553,Joel Altagracia,2,2009-2010,368,40.23
809327,Andrew Fernandez,1,2023,108,40.23
491671,Francisco Mojica,1,2007,105,40.22
670861,George Bell,3,2017-2021,343,40.22
650659,Miguel Tejada,1,2014,28,40.22
594814,Michael Ferraro,1,2011,130,40.22
687069,Josh Rivera,3,2023-2025,922,40.22
700099,Mason Holt,2,2022-2023,128,40.21
677004,Steven Rivas,3,2021-2023,541,40.2
543431,Garrison Lassiter,5,2008-2012,757,40.2
683598,Kevin Infante,1,2021,27,40.2
518912,Wade Lamont,1,2007,121,40.19
679564,Juan Rojas,1,2018,54,40.19
659149,Mark Clark,1,2014,19,40.18
6947,Kevin Mulvey,1,2007,24,40.18
686532,Griffin Dey,1,2021,37,40.17
687012,Tayler Aguilar,4,2022-2025,506,40.17
461743,Zach Hammes,1,2007,23,40.16
618129,D.J. Jarrad,1,2012,103,40.15
686845,Tommy Jew,2,2021-2022,671,40.15
688030,Joe Aeilts,1,2021,231,40.14
622175,Eugenio Diaz,2,2012-2014,158,40.14
677063,Terence Connelly,2,2017-2018,150,40.14
675990,William Jeffry,1,2018,84,40.14
517584,Victor Ozuna,3,2007-2009,346,40.14
462984,Franklin Gonzalez,1,2007,17,40.14
814411,Matt Scannell,1,2025,73,40.13
518664,Cat Everett,1,2008,266,40.13
13528,Matt Bowman,1,2015,32,40.13
444979,Matt Rigoli,2,2008-2009,172,40.13
503571,Johan Yan,2,2007-2008,234,40.12
457780,Kieron Pope,4,2007-2011,993,40.11
678356,Hector Vizcaino,1,2018,228,40.11
10218,Aaron Northcraft,2,2013-2014,50,40.11
670262,Matt Brooks,1,2016,168,40.1
643527,Ryan Scott,6,2013-2018,662,40.1
643281,Cody Dent,3,2014-2016,503,40.1
4866,Jarrod Dyson,3,2007-2009,728,40.09
14420,Jackson Stephens,2,2016-2017,55,40.09
570707,Edwin Fulgencio,3,2009-2011,346,40.09
502437,Kylee Hash,1,2007,67,40.08
699143,Josue Castillo,2,2021-2022,92,40.07
687865,Dominic D'Alessandro,1,2021,199,40.07
800472,Maximo Maria,2,2022-2023,238,40.07
680393,Marty Bechina,1,2021,287,40.07
800621,Logun Clark,3,2023-2025,429,40.06
678649,Reissel Silvestre,1,2018,148,40.06
683531,Cristopher Cruz,2,2021-2022,174,40.06
622393,Rafael Gomez,3,2012-2014,211,40.06
670397,Edel Luaces,2,2016-2017,212,40.05
665875,Daniel Rincon,1,2016,81,40.05
682751,Jeferson Espinal,3,2021-2023,377,40.05
700320,Fidel Montero,3,2021-2024,539,40.05
15809,Erisbel Arruebarrena,1,2014,272,40.05
489037,Jeff Kunkel,1,2007,185,40.05
701376,Bryant Zayas,1,2023,103,40.05
644393,Julsan Kamara,2,2014-2015,155,40.04
542997,Clay Calfee,3,2008-2010,522,40.04
543835,Shan Sullivan,1,2008,54,40.04
592342,Reggie Golden,3,2010-2013,297,40.03
612793,Omar Andujar,1,2012,114,40.03
657718,Jimmy Pickens,3,2014-2016,584,40.03
516943,German Reyes,1,2007,97,40.03
800258,Axell De Paula,2,2022-2023,307,40.03
673985,Kameron Esthay,1,2018,369,40.03
522948,Victor Marte,2,2007-2008,97,40.03
3308,Jesus Delgado,1,2007,23,40.03
691648,Gregory Leal,2,2021-2022,101,40.02
660733,Yon Mina,1,2015,118,40.02
595195,Michael Fabiaschi,2,2012-2013,197,40.02
664886,Jake Lanning,1,2015,148,40.01
607199,Connor Burke,2,2011-2012,158,40.01
690904,Cameron Masterman,2,2022-2023,379,40.01
808324,Hector Liriano,3,2023-2025,338,40.01
515032,Richard Castillo,3,2012-2014,60,40.0
683678,Miguel Angel Vallejo,1,2021,24,39.99
623303,Bubu Garcia,1,2012,38,39.99
678986,Jesus Moreno,5,2018-2024,370,39.99
805956,Kai Roberts,2,2024-2025,481,39.99
820823,Elier Gil,1,2024,60,39.99
808058,Delfry Carrasco,1,2023,115,39.99
658534,Ricky Mota,3,2015-2017,395,39.98
472533,Welinson Baez,2,2007-2008,677,39.98
641826,Joe Martarano,3,2014-2017,187,39.97
687544,Chase Krogman,2,2021-2022,458,39.97
820995,Raily Liriano,2,2024-2025,403,39.96
681937,Andrew Jayne,1,2018,65,39.96
815004,Maylerson Casanova,2,2024-2025,311,39.95
542229,Kelvin Javier,3,2008-2010,451,39.94
808320,Moises Semerite,2,2023-2024,190,39.94
661559,Jhon Meison Herrera,2,2015-2016,181,39.94
542991,Jarrett Burgess,3,2008-2010,482,39.94
664499,Paul Brands,3,2015-2017,323,39.93
25575,Kyle McCann,2,2021-2022,833,39.93
623208,Clayton Henning,2,2012-2013,244,39.93
687982,Carson Jones,3,2023-2025,738,39.93
694481,Cesar Franco,1,2025,235,39.92
676668,Obie Ricumstrict,4,2017-2022,386,39.92
700939,Bennett Lee,3,2023-2025,529,39.91
694810,Garrett McGowan,2,2022-2023,276,39.91
678421,Francis Casado,1,2018,39,39.91
808317,Henry Pizani,1,2023,98,39.91
591681,Raysheron Michel,4,2010-2013,544,39.9
518749,Taylor Grote,3,2009-2011,981,39.9
830020,Luis Leon,1,2025,137,39.9
668950,Quentin Holmes,4,2017-2022,472,39.9
691596,Deivid Alvis,1,2021,83,39.9
600962,Frank Rivas,1,2011,87,39.89
669924,Joseph Burton,1,2016,138,39.89
681877,Phil Capra,1,2018,124,39.89
676847,Shane Matheny,1,2018,363,39.88
663981,Ryan Caldwell,2,2015-2016,187,39.88
544772,Pedro Ramos,1,2008,156,39.87
516869,Jose Pasen,1,2007,157,39.87
703181,Juan Olmos,3,2022-2024,264,39.86
642214,Ivan Wilson,4,2013-2016,843,39.86
660423,Yordin Araujo,3,2015-2017,367,39.86
573222,Brian Vigo-Suarez,1,2013,45,39.86
672646,Warling Vicente,2,2017-2018,441,39.86
828395,Jason Schiavone,2,2024-2025,375,39.85
643599,Harrison Wenson,2,2017-2018,408,39.84
501683,Juan Suazo,1,2007,73,39.84
657226,Teddy Hoffman,1,2018,114,39.84
642438,Rubell Castro,4,2013-2016,556,39.84
702208,Dillon Tatum,4,2021-2024,525,39.84
643193,Alex Allbritton,2,2013-2014,646,39.84
543722,Patrick Rose,1,2009,197,39.83
518743,Randy Gress,3,2007-2009,546,39.83
690053,Chris Sargent,1,2025,37,39.83
703715,Wyatt Hoffman,2,2022-2023,401,39.83
811231,Adriel Cuello,2,2023-2024,241,39.83
641486,Jackson Cramer,1,2017,135,39.82
592636,Kendrick Perkins,3,2011-2014,636,39.82
605279,Marsalis Holloway,2,2012-2013,117,39.82
677555,Pedro Diaz,4,2017-2022,250,39.82
682630,Alvin Guzman,3,2021-2023,846,39.82
665757,Edward Burgos,2,2016-2017,239,39.82
623227,Daniel Devonshire,2,2012-2013,81,39.81
699475,Mitchell Daly,2,2024-2025,440,39.81
13453,Eddie Butler,2,2014-2015,28,39.8
691613,Enmanuel Feliz,1,2021,46,39.79
502792,Travis Mitchell,3,2007-2009,605,39.79
830042,Howard Reyes,1,2025,49,39.79
692398,Keshawn Rombley,2,2021-2022,242,39.78
448249,Dallas Trahern,2,2008-2009,42,39.77
660703,Adolfo Morillo,1,2015,161,39.77
694056,Gerald Mejia,2,2021-2022,153,39.77
689656,Justin Washington,1,2021,190,39.77
519182,Daniel Renken,1,2013,37,39.76
501452,Manuel De La Cruz,1,2007,31,39.76
607169,Wallace Gonzalez,3,2011-2013,304,39.76
671656,Jose O. Lopez,1,2021,70,39.76
662013,Justin Smith,2,2017-2018,386,39.76
521810,James Davenport,2,2007-2008,150,39.75
827452,Jose De La Cruz,2,2024-2025,178,39.75
665063,Joseph Chavez,2,2015-2016,123,39.75
805801,Nazzan Zanetello,3,2023-2025,746,39.74
821677,Juan Garcia,2,2024-2025,104,39.74
573211,Mark Tracy,2,2011-2012,498,39.74
691716,Eric Santana,2,2021-2022,181,39.73
12321,Gus Schlosser,1,2013,36,39.73
594054,Alfredo Sosa,3,2010-2012,339,39.73
656230,Arnaldo Berrios,3,2014-2017,647,39.73
685718,Albert Inoa,2,2021-2022,126,39.73
16400,Reynaldo López,1,2016,12,39.72
687428,Peyton Holt,1,2025,144,39.72
642146,Derek Toadvine,2,2014-2015,135,39.71
663871,Ethan Paul,1,2021,177,39.71
514848,Jose Avila,1,2007,90,39.71
678867,Anthony Felipe,1,2018,20,39.7
668769,Cam Williams,2,2021-2022,320,39.7
492840,Toribio Guerrero,1,2007,41,39.7
658253,Jonathan Freemyer,1,2014,56,39.69
815150,Carter Frederick,2,2024-2025,480,39.69
669122,Kennard McDowell,1,2017,101,39.69
683414,Freddy Guilamo,3,2021-2023,374,39.69
686492,Nate Fassnacht,1,2021,272,39.69
811607,Omar Bustamante,1,2025,88,39.68
592624,Tyler Pearson,3,2014-2016,212,39.68
800572,Alen Pineda,4,2022-2025,311,39.68
663744,Nick Shumpert,3,2016-2018,396,39.68
681863,Wilfredo Sanchez,1,2018,116,39.68
444524,Polin Trinidad,2,2008-2009,50,39.67
687852,Zac Ching,1,2021,344,39.67
673946,Jepherson Garcia,2,2017-2018,292,39.67
10061,Brooks Raley,2,2011-2012,59,39.66
543116,David Doss,1,2010,10,39.65
685735,Fernando Diaz,3,2021-2023,309,39.65
802066,Yaisel Ramos,4,2022-2025,500,39.64
666686,Cesar Diaz,2,2016-2017,221,39.64
695686,Cam Magee,2,2023-2024,368,39.63
14677,Duane Underwood Jr.,2,2017-2018,53,39.63
608282,Ricardo Guillen,1,2011,155,39.63
534030,Will White,1,2008,82,39.61
670064,Paul Panaccione,2,2017-2018,256,39.61
808278,Facundo Velásquez,3,2023-2025,562,39.61
830428,Luis Ramon King,1,2025,54,39.61
4279,Manny Parra,1,2007,20,39.61
592098,Jordan Akins,4,2010-2013,1121,39.6
13796,Tyler Wagner,1,2015,41,39.6
642291,Jimy Perez,4,2013-2016,535,39.6
14764,Wes Parsons,1,2017,21,39.6
821622,Johendry Javier,1,2024,62,39.6
12774,Jairo Díaz,2,2008-2009,201,39.59
517988,Jose Sanchez,2,2007-2008,65,39.59
682846,Marcos Betancourt,2,2018-2022,93,39.59
680874,Tim Borden II,3,2022-2024,580,39.59
663545,Reggie Pruitt,4,2015-2021,914,39.58
607470,Austin Booker,1,2011,60,39.57
606250,Johan Romero,1,2011,32,39.56
660729,Yeremi Rosario,2,2015-2016,288,39.56
682792,Naysbel Marcano,2,2021-2022,65,39.56
829127,David Ortiz Jr.,1,2025,155,39.56
518470,Richard Bohlken,1,2007,52,39.55
553892,Junior Morillo,1,2009,29,39.53
699298,Isaac Lechuga,1,2021,53,39.53
656027,Victor Grasso,4,2014-2017,394,39.52
656694,Patrick Mathis,2,2017-2018,222,39.52
692032,German Guilarte,4,2021-2024,415,39.51
517053,Jhonaldo Pozo,5,2007-2011,659,39.51
595436,Hampton Tignor,1,2010,138,39.51
464944,Johany Abreu,1,2007,119,39.5
592715,Brad Salgado,3,2010-2012,468,39.5
683330,J.C. Masson,3,2021-2023,332,39.5
826141,Sean Barnett,2,2024-2025,314,39.5
682856,Alexander Then,2,2022-2023,144,39.5
503576,Sam Carter,1,2007,377,39.5
607248,John Hill,2,2011-2012,188,39.49
829899,Francis Sosa,1,2025,141,39.49
672798,Jean Cruz,2,2017-2018,193,39.49
657519,Dominic Blanco,3,2014-2016,145,39.49
805366,Cole Urman,3,2023-2025,556,39.49
591679,Diego Mina,4,2010-2013,306,39.49
452260,Rod Allen,1,2007,267,39.48
6550,Michael Stutes,1,2009,22,39.48
664909,Kamran Young,1,2015,217,39.48
657282,Nic Wilson,1,2014,236,39.48
672886,Francisco Martinez,2,2017-2018,301,39.47
502363,Chris Kunda,2,2007-2008,338,39.47
572670,Chris Ahearn,1,2009,56,39.47
641404,Brandon Brosher,6,2013-2018,520,39.47
698993,Jean Estrada,2,2021-2022,114,39.46
601721,Chris Shaw,3,2015-2018,230,39.46
543147,Cory Farris,2,2011-2012,377,39.45
459395,Timothy Dorn,1,2007,111,39.45
682047,Logan Mattix,1,2018,163,39.44
605238,Parker French,1,2017,27,39.43
688671,Joe Delossantos,2,2024-2025,120,39.42
595105,Matt Abraham,2,2010-2011,135,39.42
651007,Dany Rojas,1,2014,41,39.42
523249,Jose Rangel,2,2007-2008,259,39.42
829869,Jealmy Frias,1,2025,127,39.41
572782,Glenn Cook,1,2009,103,39.41
17479,Jack Flaherty,1,2017,17,39.41
692386,Javier Bolivar,3,2021-2023,252,39.41
518942,Joseph Lincoln,1,2010,46,39.41
821165,Emanuel Reyna,1,2024,99,39.4
572118,Joey Schoenfeld,3,2009-2011,120,39.4
693809,Dilan Granadillo,4,2021-2025,406,39.39
656178,Mike Abreu,2,2014-2015,129,39.38
670767,Devin Hairston,2,2017-2018,560,39.38
13696,Robert Gsellman,1,2015,16,39.37
821084,Carlos Rondon,2,2024-2025,168,39.36
11157,Eric Jokisch,3,2012-2014,94,39.36
670301,Jordan Wren,1,2018,274,39.36
624131,Jose Guedez,3,2012-2014,230,39.36
673232,Manuel Juan,1,2017,87,39.36
502365,Robert Taylor,2,2009-2010,130,39.36
592893,Taylor Zeutenhorst,2,2014-2015,417,39.36
449461,Vincent Blue,1,2007,29,39.36
501847,Spence Nagy,2,2007-2008,233,39.35
12555,Tony Cingrani,1,2012,27,39.35
516781,Ariel Rojas,2,2007-2008,270,39.35
543541,Nathan Metroka,2,2008-2009,357,39.35
669733,Zach Clark,3,2016-2018,815,39.34
607747,Kevin Thompson,2,2011-2012,179,39.34
681652,Carmelo Paulino,1,2018,212,39.34
670260,Jamal Rudledge,1,2016,48,39.34
814285,Rafael Medina,2,2023-2024,138,39.34
808249,Jesus Prado,1,2023,59,39.34
522708,Craig Maddox,2,2007-2009,126,39.33
541619,Carlos Yegues,2,2008-2009,176,39.33
594766,Steven Brooks,1,2011,77,39.33
691421,Juan Rodriguez,1,2021,116,39.33
546365,Hector Martinez,2,2009-2010,262,39.32
665954,Jhoan Hernandez,2,2016-2017,209,39.32
11682,Carlos Martinez,1,2013,24,39.32
808488,Roiber Niazoa,3,2023-2025,334,39.32
821042,Juan Espinal,2,2024-2025,357,39.31
681561,William Rivera,2,2018-2021,187,39.3
678593,Jose Bonilla,2,2018-2021,317,39.3
821178,Vladi Guerrero,2,2024-2025,252,39.29
660535,Yonathan Oliveros,1,2015,36,39.29
543719,Jason Rook,1,2008,159,39.29
623185,Jake Proctor,1,2013,38,39.29
542755,Felix Sanchez,5,2008-2013,1260,39.29
681451,Alexander Amador,1,2018,105,39.29
516779,Melvin De La Cruz,3,2007-2009,405,39.29
645080,Radley Haddad,1,2013,40,39.28
665130,Matthew Foley,3,2015-2017,139,39.28
571964,Jacob Morris,2,2013-2014,841,39.27
466423,Ariel Urena,2,2007-2008,215,39.27
678924,Camilo Quinteiro,1,2018,194,39.27
601977,Gianfranco Aldazoro,2,2011-2012,204,39.26
805931,Caleb Hobson,3,2023-2025,871,39.26
489820,Matt Smith,1,2007,399,39.26
686792,Sal Gozzo,2,2021-2022,378,39.26
518869,Colin Kaline,1,2012,137,39.25
661841,Zack Soria,2,2017-2018,195,39.24
687063,Jack Yalowitz,1,2021,89,39.24
4591,Tobi Stoner,1,2009,14,39.24
664722,Jorge Martinez,2,2015-2016,70,39.24
570806,Miguel Guzman,3,2009-2011,145,39.23
805130,Johan Contreras,4,2022-2025,311,39.23
829812,Adrian Valdez,1,2025,101,39.22
608340,Chris  Harvey,2,2014-2017,135,39.22
692118,Nathaniel Ochoa Leyva,4,2022-2025,660,39.22
518513,Christopher Bullard,1,2011,155,39.21
678819,Saul Sanchez,2,2018-2021,116,39.21
476663,Kyle Davis,3,2009-2011,699,39.21
682172,Reynaldo Pichardo,1,2018,25,39.21
694222,Ambioris Tavarez,4,2022-2025,1208,39.21
572928,Cody Holliday,2,2009-2010,86,39.2
643302,Grant Fink,3,2013-2015,870,39.2
663448,Chad Smith,2,2015-2018,221,39.19
809700,Wuilder Cumare,1,2023,69,39.19
464385,Maximo Mendez,4,2007-2010,1048,39.19
656670,Colby Lusignan,2,2016-2017,674,39.19
640467,Albert Herrera,3,2013-2015,186,39.18
800526,Ivan Sosa,4,2022-2025,491,39.18
573246,Jake Williams,2,2011-2012,224,39.17
491380,Joshua Howard,1,2007,325,39.17
4020,Yusmeiro Petit,2,2007-2008,34,39.16
641953,Justin Parr,1,2014,95,39.16
489104,Scott McKnight,1,2007,71,39.16
621425,Timmy Robinson,1,2018,92,39.15
594733,Jacoby Almaraz,2,2012-2013,153,39.14
657775,Tucker Tharp,1,2016,268,39.14
643516,Jeff Roy,3,2014-2016,763,39.14
517848,Francis Vizcaino,1,2007,39,39.14
446547,Gabe Suarez,1,2009,149,39.14
677227,Adrian Spitz,1,2017,29,39.14
699204,Elian Lozano,2,2021-2022,65,39.14
489343,Wesley Stone,2,2007-2008,68,39.14
699087,Gabriel Arias,1,2021,67,39.14
641898,Trever Morrison,3,2016-2018,789,39.13
657728,Isaias Quiroz,5,2014-2021,446,39.13
691598,Uziel Viloria,3,2021-2023,251,39.13
685392,Trevor Boone,2,2021-2022,391,39.12
800685,Sonny DiChiara,3,2022-2024,892,39.12
682753,Asdrubal Martinez,2,2021-2022,89,39.12
676623,Billy Cooke,2,2017-2018,533,39.12
655985,Ronaldo Suarez,2,2015-2016,75,39.11
519416,Jason White,2,2007-2008,705,39.11
643305,Eric Fisher,1,2015,57,39.1
685727,Jose Rodriguez,1,2021,101,39.1
701862,Jacob Walsh,1,2025,93,39.1
26213,Caleb Kilian,1,2021,13,39.1
832708,Alberto Enriche,1,2025,22,39.1
641842,Terry McClure,3,2013-2016,594,39.09
666691,Jose Paula,2,2016-2017,166,39.09
518952,Kyle Lotzkar,1,2012,24,39.09
687763,Luke Roskam,1,2022,18,39.09
594970,Jose Ramos,2,2010-2011,59,39.08
506690,Jesus Aguilera,3,2007-2009,194,39.08
684872,Jose Hernandez,3,2022-2024,373,39.08
516923,Adolfo Ovando,1,2007,96,39.08
625346,Isael Henriquez,2,2012-2013,113,39.08
606111,Henry Heredia,1,2011,79,39.08
681933,Michael Wielansky,1,2021,39,39.08
702770,Deundre Jones,1,2023,89,39.08
829720,Limanol Payero,1,2025,129,39.07
607564,Bryan Henry,2,2011-2012,183,39.07
808279,Elian Soto,3,2023-2025,439,39.07
699327,Francisco Ulloa,2,2021-2022,205,39.07
666040,Christian Cavaness,4,2015-2018,705,39.06
501641,Michael Moreno,2,2007-2008,185,39.06
596831,Miguel Fuentes,1,2010,22,39.06
698943,Wilmer Feliciano,2,2022-2023,220,39.05
691459,Richard Roman,2,2021-2022,114,39.05
815563,Bo Walker,1,2025,147,39.05
463710,Reinaldo Pestana,2,2007-2009,261,39.04
607973,Wes Wilson,3,2011-2014,242,39.04
821167,Manuel Silva,1,2024,15,39.04
698951,Saul Bautista,3,2021-2023,323,39.04
595982,Desmond Henry,3,2011-2014,346,39.03
657657,Alexander Lee,1,2014,126,39.03
821148,Isaac Moscote,1,2024,99,39.03
667696,Frankie Rios,1,2018,310,39.03
702538,Jamaliel Rosado Jr.,3,2022-2024,206,39.03
658673,Blake Austin,1,2014,45,39.03
594964,P.J. Polk,1,2011,139,39.03
543969,Ricardo Parra,2,2008-2009,150,39.03
519148,Rich Prall,1,2007,29,39.03
802135,Braden Barry,3,2023-2025,360,39.02
670407,Cam Williams,3,2016-2018,285,39.02
670100,David Gauntt,1,2016,113,39.01
571461,Geoffrey Baldwin,2,2009-2010,387,39.01
668569,Jhan Rodriguez,3,2016-2018,349,39.0
612451,Kelvyn Mena,2,2012-2013,304,39.0
516804,Jairo Castillo,3,2007-2009,715,39.0
670053,Hosea Nelson,2,2016-2021,186,39.0
572353,Dylan Brown,2,2010-2011,228,38.99
458915,Cody White,1,2008,20,38.99
592745,John Simms,2,2014-2016,31,38.98
595286,Austin Knight,1,2012,10,38.98
7175,Jonny Venters,1,2009,14,38.98
570696,Andres Martinez,4,2009-2012,603,38.98
598415,Greyson Schram,1,2010,32,38.97
605264,Rashad Harlin,2,2011-2012,115,38.97
667544,Ivan Jimenez,2,2016-2017,131,38.96
821629,Anderson Garcia,2,2024-2025,243,38.96
15047,Austin Voth,2,2015-2016,47,38.95
453426,Joel Roa,1,2007,191,38.95
691577,Diego Perez,1,2021,50,38.95
476881,Dusty Harvard,3,2010-2012,535,38.95
650863,Austin Schuetzle,1,2014,41,38.94
595461,Ryan Wiggins,1,2014,48,38.93
685096,Scott McKeon,2,2021-2022,321,38.92
572768,Dwight Childs,3,2010-2012,233,38.92
829918,Abel Pena,1,2025,119,38.92
446273,Mark Gildea,1,2008,352,38.92
594057,Yoiner Angulo,1,2010,66,38.92
14765,Julio Urías,1,2016,13,38.91
808028,Daniel Mielcarek,3,2023-2025,355,38.9
18347,Brandon Waddell,2,2016-2018,30,38.89
670131,Austin Grebeck,1,2017,65,38.89
13654,Jharel Cotton,1,2016,22,38.89
815003,Jalvin Arias,2,2024-2025,181,38.88
800525,Joaan De Jesus,2,2022-2023,153,38.88
649617,Carlos Luis,2,2014-2016,196,38.87
576169,Wester Ramos,3,2009-2011,173,38.87
681879,Nick Lucky,1,2024,215,38.87
806104,Ramon Moreno,2,2023-2024,264,38.86
691368,Jackson Camejo,1,2021,12,38.86
608958,Patrick Reyes,4,2011-2014,293,38.86
456823,Seth Dhaenens,2,2007-2008,378,38.86
515037,Peter Jaspe,2,2007-2008,256,38.85
450293,Erick San Pedro,2,2007-2008,200,38.85
691419,Angel Mendoza,2,2021-2022,155,38.85
657276,Daniel Wasinger,1,2018,56,38.85
544763,Bill Shaughnessy,1,2008,51,38.85
543848,Corey Thomas,2,2009-2010,455,38.85
800548,Josi Novas,4,2022-2025,773,38.84
692365,Vladimir Ysabel,1,2021,20,38.84
592864,Miles Williams,1,2013,157,38.83
622533,Osvaldo Almengo,1,2012,111,38.83
691299,Algenis Vasquez,1,2021,63,38.81
663320,William Hancock,2,2018-2021,380,38.81
685725,Natanael Santana,3,2021-2024,430,38.81
464296,Elvis Cruz,1,2007,161,38.81
666598,Jose Bermudez,4,2016-2021,467,38.8
700312,Raino Coran,2,2021-2022,221,38.8
684487,Eduardo Garcia,2,2021-2022,345,38.79
13761,Chris Stratton,1,2015,17,38.79
695586,Sam Ruta,1,2025,291,38.79
815201,Yariell Almanzar,1,2024,128,38.79
570875,Waldo Rosario,2,2009-2010,201,38.78
644412,Andrew Parker,1,2013,33,38.77
649701,Jose Contreras,1,2014,107,38.77
502103,Mike Antonini,2,2009-2010,31,38.77
670538,Aldo Ovando,3,2016-2018,485,38.76
686557,Mitch Calandra,1,2021,18,38.76
474344,Randy Schwartz,1,2010,51,38.75
682102,Gunnar Schubert,1,2018,107,38.75
594910,Stephen Malcolm,2,2010-2012,256,38.75
677642,Givaine Basilia,2,2018-2021,215,38.75
656664,Simeon Lucas,3,2014-2016,269,38.75
493581,Mike Lyon,1,2009,185,38.74
592585,Spencer Navin,4,2013-2016,524,38.74
681552,Chris Proctor,2,2018-2021,261,38.74
543365,Donnie Jobe,1,2008,13,38.73
3137,Max Scherzer,2,2007-2008,24,38.73
595181,John Dishon,4,2010-2013,948,38.73
457770,Ryan Babineau,2,2009-2010,79,38.73
6603,Daryl Thompson,2,2008-2010,41,38.72
702685,Brenner Cox,4,2022-2025,900,38.72
458076,Ben Snyder,1,2009,11,38.72
664582,Joseph Torrivilla,1,2015,28,38.72
19695,Connor Seabold,1,2018,10,38.72
663425,John La Prise,2,2016-2018,455,38.71
622246,Bubba Derby,2,2017-2018,40,38.7
448631,Chuck Jeroloman,1,2007,65,38.7
573029,Pat McKenna,3,2009-2011,388,38.7
542392,Rafi Reyes,2,2008-2009,316,38.7
500876,Yeikler Rosales,2,2007-2008,268,38.7
593448,Starling Figuereo,1,2010,93,38.69
519132,Cody Phipps,1,2007,11,38.69
830465,Maikol Rodriguez,1,2025,91,38.69
593343,Raffi Lorenzo,2,2010-2011,112,38.68
823112,Grant Smith,1,2025,177,38.67
572825,Josh Dunn,2,2009-2010,74,38.67
821086,Samuel Estevez,2,2024-2025,245,38.66
683994,Cesar Hipolito,1,2021,29,38.65
805995,Simon Reid,2,2022-2023,153,38.64
657633,Denis Karas,2,2017-2018,170,38.64
594693,Emilio Caseres,1,2010,60,38.63
692828,Ricardo Aguilar,2,2021-2022,106,38.63
807985,Wuilker Cumare,1,2023,74,38.63
701528,Cameron Butler,2,2021-2022,228,38.63
501495,Isidro De Salas,1,2007,126,38.62
10466,Taylor Jordan,1,2013,10,38.62
689659,Ryan Hernandez,1,2023,61,38.62
13677,Corey Oswalt,2,2017-2018,28,38.61
593685,Victor Liriano,3,2010-2012,421,38.6
814286,Axel Villaman,2,2023-2024,113,38.6
448788,Beau Seabury,3,2007-2009,581,38.6
660558,Anderson Castro,2,2015-2016,260,38.6
647312,L.P. Pelletier,1,2016,85,38.6
656357,Darius Day,3,2014-2017,222,38.59
489200,Tony Pechek,3,2009-2011,270,38.59
829706,Junior Castillo,1,2025,98,38.59
572094,Martin Rosario,1,2012,121,38.59
518508,Brian Buck,2,2007-2009,165,38.59
14527,Jorge López,3,2015-2017,81,38.59
692400,Francis Reynoso,2,2021-2022,213,38.59
644431,Gustavo Tejeda,1,2014,31,38.58
670409,Alan Crowley,3,2016-2018,204,38.58
621487,A.J. Kennedy,3,2016-2018,671,38.58
650655,Junior Pedie,3,2014-2016,442,38.58
663822,Justin Cohen,3,2015-2017,189,38.58
570808,Jose Pena,3,2009-2011,488,38.58
605247,Tyler Gibson,3,2011-2014,421,38.57
542648,Andres Santoni,4,2008-2011,556,38.57
835170,Daniel Liriano,1,2025,99,38.56
695836,Jose A. Felix,2,2021-2022,62,38.56
491652,Victor Carmona,1,2007,88,38.56
518726,Michael Gioioso,2,2007-2008,285,38.55
665884,Christopher Quintin,3,2016-2018,378,38.55
622179,Jhan De Jesus,3,2012-2014,330,38.54
701106,Chase Valentine,4,2022-2025,763,38.54
519062,Craig Muschko,1,2010,40,38.54
681513,Bryan Hernandez,1,2018,76,38.53
592657,Rashad Ramsey,2,2010-2011,126,38.53
700998,Dayton Dooney,3,2021-2023,537,38.53
681668,Manny Rodriguez,1,2021,259,38.53
666520,Gabriel Machado,1,2016,126,38.52
668719,Kenyon Yovan,2,2021-2022,232,38.52
814091,John Wimmer,3,2023-2025,570,38.52
672424,Jhoander Saez,2,2017-2018,467,38.52
598463,Yunior Aquiles,3,2011-2013,280,38.51
595394,Darian Sandford,2,2010-2011,333,38.51
501737,Jahir Montilla,1,2007,141,38.51
455098,Eric Haberer,1,2007,30,38.5
16317,Alex McRae,2,2016-2017,41,38.5
631223,Luis Dominguez,2,2013-2014,214,38.5
658144,Gesel Dalmasi,1,2014,77,38.49
594178,Juan Pena,1,2010,48,38.46
801229,Jeremy Santana,1,2022,132,38.46
664970,Anthony Miller,4,2015-2018,1083,38.46
15036,Chase De Jong,1,2016,14,38.45
542174,Jesus Ariza,2,2008-2009,138,38.45
672889,Ronaldo Paulino,2,2017-2018,381,38.45
664127,Cory Taylor,2,2017-2018,38,38.44
623187,Nick Halamandaris,1,2016,44,38.44
665891,Cristian Olivo,3,2016-2018,454,38.43
469210,Anyelo Neira,1,2007,137,38.43
814809,Wyatt Henseler,1,2025,89,38.43
670746,Connor Fitzsimons,3,2016-2018,438,38.43
599415,Ryan Battaglia,3,2012-2014,277,38.43
10606,Seth Rosin,1,2013,18,38.42
658481,Evan Potter,2,2014-2015,194,38.42
686388,James Rolle,1,2021,46,38.42
666612,Carlos Mendez,3,2016-2018,248,38.42
682490,Brandon Chapman,1,2018,46,38.42
676619,Sam Abbott,3,2017-2021,402,38.41
607637,Chretien Matz,1,2011,71,38.4
678367,Yerangel Medina,1,2018,150,38.4
594743,James Baldwin,6,2010-2015,1881,38.39
672776,Carlos Batista,2,2017-2018,171,38.39
608572,Norly Suarez,3,2011-2013,229,38.39
17237,Austin Brice,2,2015-2016,42,38.39
503361,Ramon Ito,1,2007,80,38.38
672531,Ulrich Bojarski,4,2017-2022,592,38.37
664277,Marcos Pinero,2,2015-2016,300,38.37
502173,John Martin,1,2007,35,38.37
592406,Paul Hoilman,1,2012,473,38.37
656475,Roberto Gonzalez,3,2014-2016,261,38.37
451123,Andrew Larsen,1,2007,32,38.36
642842,Riley King,3,2013-2015,410,38.36
801226,Erbin Jaque,2,2022-2023,301,38.35
516744,Jose Geronimo,2,2007-2008,116,38.35
808499,Jean C. Gutierrez,2,2023-2024,213,38.35
661567,Yerson Santana,3,2015-2017,327,38.35
694226,Martin Gimenez,3,2021-2023,366,38.34
571688,Joe Gardner,1,2012,20,38.34
544367,Ryan J. Baker,2,2008-2009,31,38.34
691386,Diego Saavedra,1,2021,31,38.33
691188,Robert Puason,4,2021-2024,1086,38.33
475079,Ross Kwan,1,2011,21,38.33
670922,Saul Torres,5,2016-2022,454,38.33
678638,Marshall Cantillo,1,2018,84,38.32
677028,Adam Groesbeck,1,2017,39,38.31
521231,Nick Lobanov,1,2011,71,38.3
683607,Nicolas Garcia,1,2021,66,38.3
553470,Korby Mintken,2,2009-2010,431,38.3
814276,Anthony Pena,2,2023-2024,119,38.3
676636,Chris Carrier,2,2017-2018,62,38.3
622454,Sergio Lamas,3,2012-2014,338,38.29
803102,Cooper McMurray,1,2025,80,38.29
650972,Angelo Santana,1,2014,80,38.29
606185,Jesse Liriano,2,2011-2012,319,38.28
475855,Stephen Englund,3,2007-2009,353,38.28
813668,Jack Gurevitch,1,2025,99,38.28
492850,Rubby Rodriguez,1,2007,55,38.28
643229,Rod Boykin,5,2013-2018,1282,38.27
670421,Robert Bennie,1,2016,121,38.27
448245,B.J. Szymanski,1,2007,469,38.26
665685,Kyle Simmons,4,2015-2018,390,38.26
608055,George Carroll,2,2011-2012,135,38.26
825497,Victor Familia,1,2025,110,38.25
504324,Jhonder Alvarez,1,2007,106,38.25
815448,Anthony Sherwin,3,2023-2025,464,38.24
694896,Caden Rose,2,2024-2025,433,38.24
663509,Jimmy Barnes,3,2015-2018,335,38.24
699394,Daniel Ferreira,3,2021-2023,366,38.24
521233,Nick Biagini,1,2007,77,38.21
669207,Kobie Taylor,2,2017-2018,134,38.21
502118,Andrew Fie,3,2007-2010,587,38.21
594948,Sean O'Connell,4,2010-2016,316,38.21
543626,Jimmy Parque,1,2013,70,38.21
475023,Aaron Shafer,1,2011,11,38.21
449163,Jonathan Santos,1,2007,94,38.21
692034,Samuel Vallejo,1,2021,70,38.2
670055,Joey Harris,2,2016-2018,135,38.2
543350,Christopher Jackson,2,2008-2009,479,38.2
501558,Cesar Sosa,2,2007-2008,274,38.2
623318,Miguel Paulino,2,2012-2013,82,38.2
669096,Kona Quiggle,1,2021,43,38.2
593701,Luis Urena,4,2010-2013,628,38.19
687920,Andrew Pratt,1,2021,128,38.19
829927,Jose De La Cruz,1,2025,115,38.18
514911,Luis Rojas,1,2007,197,38.17
681495,Cade Fergus,4,2022-2025,997,38.17
802459,Ryan Johnson,3,2023-2025,667,38.17
452235,William Thompson,1,2007,292,38.15
9492,Bud Norris,2,2008-2009,38,38.14
693741,Alan Romero,2,2021-2022,84,38.14
452667,Tyler Pelland,1,2007,10,38.14
525713,Tony Maccani,3,2007-2009,123,38.13
489363,Doug Thennis,2,2008-2009,256,38.12
501640,Kelvin Arrendell,1,2007,63,38.12
684494,Jeremy Celedonio,3,2022-2024,524,38.11
682765,Albert Feliz,5,2021-2025,930,38.11
518857,Michael Jones,1,2008,55,38.11
642601,Oscar De La Cruz,1,2018,11,38.1
622674,Andri Santana,2,2012-2013,206,38.1
683095,Hayden Dunhurst,2,2022-2023,124,38.09
607195,D.J. Jones,2,2012-2013,182,38.09
815632,Tytus Cissell,1,2025,206,38.09
691633,Breilin Ramirez,2,2021-2022,163,38.08
806311,Tommy Stevenson,2,2022-2023,242,38.08
815294,Pier-Olivier Boucher,2,2023-2024,253,38.08
591740,Luis Sucre,2,2010-2011,297,38.08
702475,Irvin Murr III,2,2021-2022,202,38.08
670296,Danny Mayer,2,2017-2018,191,38.07
678023,Levi Usher,2,2022-2023,286,38.05
813859,Nick Schwartz,3,2023-2025,375,38.05
518623,Phil Disher,1,2009,148,38.05
593794,Juan De Leon,4,2010-2013,664,38.04
682191,Dawson Dimon,4,2018-2023,319,38.04
815892,Dawel Joseph,2,2024-2025,390,38.04
656066,Sandy Guerrero,1,2014,101,38.04
595874,Jacob Anderson,5,2011-2016,438,38.04
444871,James Peterson,1,2007,235,38.03
686710,Connor Perry,1,2021,21,38.03
835189,Diego Arce,1,2025,147,38.03
661533,Colby Woodmansee,1,2017,197,38.03
669174,Zach Jackson,2,2017-2018,236,38.02
522056,Luis Sanchez,2,2007-2008,261,38.02
17583,Marcos Diplán,1,2018,13,38.02
641713,Casey Hughston,3,2016-2018,1274,38.01
4424,Jonathon Niese,2,2008-2009,48,38.01
808039,Eduardo Perez,3,2023-2025,257,38.0
700333,Arquedion Muller,3,2021-2023,148,38.0
677627,Jose Zapata,4,2018-2023,303,38.0
467829,McyQuin Lora,1,2007,102,38.0
670279,Austin O'Banion,2,2016-2018,241,38.0
12972,Joe Ross,1,2015,11,37.99
681383,Xavier Valentin,3,2018-2022,290,37.99
829060,Deivid Coronil,1,2025,174,37.97
642280,Porfirio Martinez,1,2014,69,37.97
607976,Andrew Douglas,2,2011-2012,314,37.97
594093,Fernando Perez,3,2010-2012,396,37.97
701747,Jessada Brown,1,2025,121,37.97
688813,Cody Birdsong,1,2021,101,37.96
502767,Todd Waller,2,2007-2008,132,37.96
10065,Johnny Hellweg,1,2013,34,37.96
659918,Jordan McArdle,2,2017-2018,198,37.95
650842,Westhers Magdaleno,3,2014-2016,426,37.95
570693,Luis Chirinos,1,2009,120,37.95
682953,Erys Bautista,1,2021,106,37.95
678818,Jose Navas,1,2018,138,37.95
703203,Martin Gonzalez,4,2022-2025,697,37.95
678479,Ivan Murzi,5,2018-2024,235,37.94
20778,Cristopher Sánchez,1,2021,10,37.94
699294,Ruben Yustiz,2,2021-2022,109,37.94
17313,Merandy Gonzalez,1,2018,17,37.94
542422,John Ramirez,2,2008-2009,204,37.93
699100,Justin Rodriguez,4,2021-2024,595,37.93
572975,Zach Kirksey,1,2013,188,37.93
642433,Miguel Martinez,1,2013,176,37.93
542322,Rosario Carrillo,2,2008-2009,308,37.92
572200,Brandon Thomas,2,2014-2015,500,37.92
657066,Armond Upshaw,2,2016-2018,467,37.92
434581,Sean Thompson,1,2007,20,37.92
453240,Casey Hudspeth,1,2009,14,37.92
493476,Dan Houston,1,2011,13,37.92
623494,James Brooks,1,2012,113,37.91
683088,Hayden Travinski,1,2025,43,37.91
682703,Yoelvis Sanchez,1,2021,107,37.91
672390,Cole Thompson,1,2017,54,37.91
669305,Mauro Conde,2,2016-2017,154,37.91
656084,Federico Celli,3,2014-2016,294,37.9
592227,Omar Cotto,1,2015,180,37.9
595967,Larry Greene,2,2013-2014,681,37.9
657149,John Ziznewski,2,2014-2015,433,37.89
673865,Jared McDonald,1,2021,195,37.88
672902,Ruben Gonzalez,2,2017-2018,213,37.88
455100,Gaby Hernandez,2,2007-2008,61,37.88
677129,Frank Tolentino,3,2017-2021,286,37.88
702025,Harry Genth,1,2025,60,37.88
642314,Rafael Guzman,3,2013-2015,453,37.87
544391,Miguel Tejada,4,2008-2011,345,37.87
677928,LJ Hatch,1,2018,39,37.87
682853,Francisco Floyd,3,2021-2023,553,37.87
678591,Manuel Montas,1,2018,173,37.87
448765,Brandon Johnson,1,2007,242,37.87
488806,Tayler Creswell,2,2007-2008,101,37.86
488739,Javier Brown,1,2008,58,37.86
612794,Miles Walding,1,2012,77,37.85
450747,Scott Thomas,1,2007,27,37.85
11366,Brandon Cumpton,2,2012-2013,40,37.85
700726,Kristin Munroe,3,2021-2023,222,37.85
665316,Will Barring,2,2015-2016,287,37.85
15639,Dan Slania,1,2016,10,37.85
691020,Carson Tucker,3,2021-2023,269,37.85
679866,Jesus Hernandez,1,2018,81,37.84
25918,Zack Thompson,1,2021,23,37.84
700160,Yosmi Fernandez,3,2021-2023,418,37.84
649558,Jose George,1,2014,157,37.83
11754,Justin Nicolino,3,2014-2016,79,37.83
829306,Nick Becker,1,2025,28,37.82
676560,Hemmanuel Rosario,4,2017-2022,191,37.82
806244,Josh Tiedemann,1,2023,10,37.82
516672,Miguel Mariano,3,2007-2009,436,37.82
7489,Scott Elbert,2,2009-2010,24,37.81
665868,Raffy Ozuna,3,2016-2018,632,37.8
690469,Kyle Hayes,1,2022,103,37.79
643471,Cole Norton,1,2013,79,37.79
474727,Hank Sanchez,3,2007-2009,82,37.78
9895,Chris Rusin,1,2011,36,37.78
682164,Bramdon Perez,2,2018-2021,57,37.78
519063,William Musselman,2,2007-2008,243,37.78
656621,Cameron Knight,1,2017,95,37.77
821776,Tom Guerrero,2,2024-2025,205,37.77
607090,Wayne Taylor,2,2014-2015,557,37.76
572794,Robert Cummings,2,2009-2010,272,37.76
681901,Alex Holderbach,1,2021,298,37.75
657777,Michea Thomas,2,2014-2015,80,37.75
821274,Deuri Castillo,2,2024-2025,294,37.74
456394,Estee Harris,1,2008,200,37.74
606124,Detriano De La Cruz,2,2011-2012,61,37.74
688259,Luke McKenzie,1,2021,95,37.73
833397,James Quinn-Irons,1,2025,32,37.73
571523,Blake Brown,3,2012-2014,970,37.73
572785,Chanse Cooper,1,2009,100,37.72
460070,James Avery,2,2007-2008,78,37.72
542511,Carlos Alcantara,3,2008-2010,360,37.72
449909,Esteban Lopez,2,2007-2008,189,37.71
686980,Ricky Martinez,1,2021,105,37.7
5523,James McDonald,2,2007-2008,44,37.7
813847,Luke Napleton,1,2025,94,37.7
605631,Erick Vasquez,3,2011-2013,647,37.7
665123,Mattingly Romanin,2,2015-2017,239,37.69
672754,Luis Cossio,2,2017-2018,258,37.68
681538,Christian Molfetta,1,2021,37,37.68
695799,Tyler Forner,2,2021-2022,225,37.68
700325,Anderson Sanchez,2,2021-2022,163,37.67
645449,Dante Rosenberg,1,2014,128,37.67
821769,Joandrew Pena,2,2024-2025,153,37.67
502799,Taylor Freeman,2,2009-2010,171,37.66
821135,Justim Sojo,1,2024,81,37.66
451101,Edwin Conde,1,2007,84,37.66
670316,Ty Blankmeyer,1,2016,95,37.66
678847,Darlin De La Rosa,1,2018,38,37.65
573649,Jose Fulgencio,1,2009,127,37.64
682963,Bryan Nino,1,2021,72,37.64
543390,James Keithley,1,2009,152,37.63
529906,Juan Garcia,1,2011,112,37.62
834240,Ryan Wideman,1,2025,112,37.61
672280,Brady Smith,2,2021-2022,194,37.61
489019,Shane Keough,3,2008-2010,1150,37.6
691915,Robert De Paula,3,2021-2023,269,37.59
621488,Daniel Garner,1,2016,33,37.59
669897,Connor Owings,1,2017,32,37.59
702106,Donovan McIntyre,4,2021-2024,399,37.58
470505,Camilo Parra,2,2007-2008,281,37.58
642442,Hanleth Otano,5,2013-2017,936,37.58
519081,Ricky Nolan,1,2007,62,37.58
572035,Bennett Pickar,2,2013-2014,598,37.58
13435,Pierce Johnson,2,2014-2015,30,37.56
457699,Logan Gelbrich,1,2009,50,37.56
5576,Evan MacLane,1,2007,26,37.56
669267,Marcus Mack,3,2016-2018,208,37.56
463752,Drew Naylor,1,2010,28,37.56
641823,Dylan Manwaring,3,2013-2015,330,37.55
13762,Tim Cooney,3,2013-2015,63,37.55
488864,Lyndon Estill,2,2007-2008,530,37.55
7731,Juan Nicasio,1,2011,12,37.55
695510,Ryan Cepero,4,2021-2024,255,37.54
670353,Aaron Schnurbusch,2,2016-2017,597,37.54
690994,Ethan Long,2,2024-2025,416,37.53
672729,Ernesto Adames,2,2017-2018,236,37.52
8044,Jason Vargas,1,2007,34,37.52
680895,Kelvin Smith,1,2018,136,37.52
573136,Jordan Sallis,2,2009-2010,85,37.51
608067,Norberto Susini,1,2011,38,37.5
690080,LT Struble,1,2021,100,37.5
623289,Geoff Rowan,1,2013,72,37.5
18029,Tanner Anderson,1,2017,26,37.49
806636,Tyler Johnson,2,2022-2023,126,37.48
701327,Elijah Green,4,2022-2025,1212,37.48
571982,James Needy,1,2015,17,37.48
642117,Champ Stuart,5,2013-2017,1790,37.48
692597,Sebastian Bautista,2,2021-2022,175,37.47
650686,Henry Correa,2,2014-2015,254,37.46
502422,Joe Bowen,4,2007-2011,606,37.46
501219,Bernardo Garay,1,2007,96,37.46
594770,J.B. Brown,1,2011,100,37.45
665950,Jesus Chacon,2,2016-2017,164,37.45
681653,Edwin Gil,1,2018,135,37.44
543833,Juan Carlos Sulbaran,1,2012,24,37.44
664080,Luke Burch,2,2017-2018,449,37.43
700290,Eskoly De Jesus,2,2021-2022,252,37.43
811234,Optiel Colina,2,2023-2024,123,37.42
593499,Juan Peguero,1,2010,182,37.42
702912,RobertAnthony Cruz,1,2021,24,37.41
694829,Connor Burns,3,2023-2025,760,37.41
542552,Dani Duncan,2,2008-2009,250,37.41
543731,Abe Ruiz,2,2012-2013,128,37.4
542169,Rainier Perez,3,2008-2010,382,37.4
20023,Rico Garcia,1,2018,15,37.4
665187,Josh Reavis,1,2015,25,37.38
833008,Truitt Madonna,1,2025,60,37.38
517029,Ludson Isenia,3,2007-2009,427,37.38
592500,Chad Lewis,3,2010-2013,153,37.38
672702,Yordeni Santana,2,2017-2018,176,37.37
815151,Mac McCroskey,2,2023-2024,498,37.36
702609,Christian Jackson,2,2022-2023,83,37.35
657071,Nick Valaika,1,2017,139,37.34
664166,Nick Cain,1,2016,122,37.34
501513,Juan Nunez,6,2007-2012,590,37.33
518750,Oney Guillen,2,2007-2008,151,37.32
629495,Jet Hernandez,1,2013,110,37.32
700339,Jonaiker Sandoval,3,2021-2023,184,37.32
450652,Corteze Armstrong,1,2007,131,37.31
673240,Carlos Medrano,2,2017-2018,261,37.31
829857,Rey Reyes,1,2025,75,37.31
502196,Michael Thomas,2,2009-2010,167,37.3
500905,Zuriel Stephenson,1,2007,147,37.29
672869,Adrian Antunez,2,2017-2018,399,37.29
572937,Derrick Hudgins,1,2011,115,37.29
12537,Cory Mazzoni,2,2012-2013,23,37.28
660696,Edwin Yon,6,2015-2022,1007,37.28
644405,Carlos Mejia,4,2013-2016,608,37.28
642312,Gregori Martinez,2,2013-2014,59,37.27
678814,Jorge Hernandez,1,2018,26,37.26
682224,Matt Beaird,1,2018,79,37.25
660576,Felipe Zorrilla,1,2015,108,37.24
806428,Ezra Farmer,3,2022-2024,139,37.24
547175,Jake Rodriguez,1,2014,138,37.24
573475,Santo De Jesus,1,2009,105,37.23
660836,Victor Contreras,2,2015-2016,291,37.23
523278,Jacob Thompson,1,2010,28,37.23
656566,Tyler Humphreys,2,2014-2015,361,37.21
682746,Ricardo Caldera,3,2021-2023,226,37.21
808109,Angel Gil,1,2023,101,37.21
683582,Rayner Santana,3,2021-2023,367,37.2
808075,Daris Cordero,2,2023-2024,245,37.2
658061,Galli Cribbs Jr.,3,2015-2017,785,37.2
657022,Trey Supak,1,2018,25,37.19
7312,Josh Collmenter,1,2010,38,37.19
595033,Ethan Wilson,1,2010,119,37.18
501557,Jose Mato,1,2007,69,37.17
800133,Louis Pierre,3,2022-2024,243,37.17
703398,Jose Alifonso,1,2022,128,37.17
822487,Zach MacDonald,2,2024-2025,274,37.17
683671,Luis Hernandez,3,2021-2023,192,37.17
640472,Martin Hodwalker,2,2013-2014,156,37.16
682005,Rusber Estrada,1,2018,94,37.16
601705,Joey Hawkins,2,2015-2016,255,37.15
622585,Pedro Made,2,2012-2013,327,37.15
503360,Craig Albernaz,1,2007,116,37.14
642125,Jake Sweaney,2,2013-2014,145,37.14
804610,Shai Robinson,1,2025,17,37.14
661529,Jake Peevyhouse,1,2015,48,37.13
593421,Iago Januario,2,2012-2013,313,37.13
600900,Alejandro Garcia,2,2011-2012,178,37.13
699311,Enyer Serrano,1,2021,49,37.12
595973,Brett Harrison,3,2011-2014,207,37.12
501598,Miguel Meregildo,1,2007,77,37.11
592875,Tom Winegardner,2,2011-2012,267,37.11
606258,Gustavo Gomez,2,2011-2012,154,37.11
517464,Edward Alfonzo,3,2007-2009,529,37.11
488913,Kevin Gossage,1,2007,137,37.11
600856,Alexis Almeida,2,2011-2012,194,37.09
830474,Nicolas Vergara,1,2025,105,37.09
643578,Ryan Tuntland,2,2013-2014,265,37.08
520168,Justin Roberson,1,2008,81,37.08
456177,Samuel Gomez,2,2007-2008,272,37.08
602992,Johanny Sierra,3,2011-2013,471,37.06
462547,Ronnie Ventura,1,2007,12,37.06
15179,Daniel Wright,1,2015,31,37.05
642725,Robertico Medina,4,2013-2016,915,37.04
691179,Erick Peña,4,2021-2024,1199,37.04
678259,Emilio Garcia,1,2018,197,37.04
665062,Earl Burl III,1,2016,134,37.04
16532,Harrison Musgrave,2,2015-2016,37,37.02
703612,Nick Peoples,3,2023-2025,712,37.02
683396,Damian Valdez,1,2021,42,37.02
642325,Miguel Almonte,2,2013-2014,160,37.02
506707,Chris House,2,2007-2009,172,37.01
572092,Franklin Romero,4,2009-2012,1228,37.01
622458,Rochendrick Alexander,4,2012-2015,729,37.01
650908,Santiago Rincon,3,2014-2016,552,37.01
464318,Mario Alvarez,1,2008,10,37.01
501850,Donald Green,1,2007,144,37.0
572257,Robert Whitenack,1,2011,14,37.0
682636,Alejandro Pie,2,2021-2022,326,36.99
608073,Chia-Ching Lin,2,2011-2012,98,36.99
576468,Randher Valdez,3,2009-2011,289,36.99
500889,Alfredo Martin,1,2007,94,36.99
572699,Phil Bando,1,2009,22,36.98
649965,Milan Post,2,2014-2015,249,36.98
591715,Kleyber Rivero,2,2010-2011,178,36.97
642289,Daulin Ramirez,1,2013,131,36.97
808306,Carlos De Sousa,3,2023-2025,365,36.96
681375,Matt Hogan,1,2024,325,36.96
572877,Judd Golsan,2,2009-2010,227,36.96
694783,Casey Dana,2,2022-2023,288,36.95
800268,Moises Febrillet,2,2022-2023,219,36.94
657230,Michael Katz,2,2015-2016,598,36.94
12049,Kyle Hendricks,2,2013-2014,51,36.94
503455,Anthony Wycklendt,1,2007,107,36.93
665740,Jose Abel Hernandez,3,2015-2018,203,36.91
670666,Ryan Calloway,1,2016,90,36.91
692836,Isaias Falcon,2,2021-2022,188,36.9
14078,Michael Wacha,1,2013,11,36.9
657707,Riley Palmer,1,2015,306,36.89
502388,Clayton Tanner,2,2010-2011,36,36.89
18383,Michael Soroka,1,2017,34,36.88
702630,Luke Hanson,1,2025,77,36.88
676948,William Gorman,2,2017-2018,210,36.88
691305,Luis Jose,1,2022,73,36.88
503065,Paul Bennett,2,2007-2008,436,36.86
501879,Kevin Pucetas,1,2009,35,36.86
687290,Hunter Bryan,2,2021-2022,73,36.86
502052,Angel Sierra,2,2007-2008,163,36.86
642358,Miguel Gil,2,2013-2014,67,36.86
677482,Gunnar Buhner,1,2017,56,36.85
445054,B.J. Hubbert,2,2007-2008,377,36.85
701493,Hunter Dobbins,1,2025,58,36.83
622410,Hersin Martinez,4,2012-2015,651,36.83
520688,Aeden McQueary,2,2007-2008,201,36.82
571972,Buddy Munroe,2,2009-2010,181,36.81
642323,Jesus Bermejo,2,2013-2014,198,36.81
502358,Tyler Sanford,1,2010,88,36.81
800409,Edgardo Reyes,1,2022,91,36.81
543758,Ross Seaton,2,2011-2012,46,36.79
519423,Matthew Willard,3,2007-2009,486,36.79
542581,Yileiviu Fernandez,2,2008-2009,179,36.78
836061,George Bilecki,1,2025,53,36.78
675964,Erik Ostberg,1,2017,106,36.78
474986,David Peterson,1,2007,216,36.77
521012,Robert Tolan,1,2007,65,36.77
594191,Carlos Marquez,5,2010-2014,244,36.77
542505,George Rosario,1,2008,124,36.77
607508,Austin Davis,3,2014-2016,374,36.76
621449,Fernelys Sanchez,3,2012-2014,410,36.75
800248,Arfeni Batista,4,2022-2025,487,36.74
820851,Denilson Aguila,1,2024,106,36.73
678845,Jean Carvajal,1,2018,157,36.73
543745,Damarii Saunderson,1,2008,39,36.72
642441,Luis Brujan,1,2014,37,36.72
623394,D.J. Driggers,2,2012-2013,114,36.71
687858,Brett Rodriguez,2,2021-2022,635,36.71
519172,Nicholas Ray,2,2007-2008,384,36.7
591719,Juan Carlos Peraza,3,2010-2012,333,36.7
672575,Kember Nacero,2,2017-2018,293,36.7
672453,Carmelo Alfonzo,1,2017,199,36.7
650696,Jack Barrie,1,2014,81,36.69
519265,Joseph Scott,2,2009-2010,183,36.69
596861,Gerald Ogrinc,1,2010,85,36.68
448644,Pat McAnaney,1,2010,31,36.68
656438,Joe Freiday,1,2018,44,36.68
682669,Mike Alescio,1,2018,80,36.67
669121,Spencer Griffin,3,2017-2021,724,36.67
502581,Steve Cochrane,1,2011,24,36.67
657431,Ryan Metzler,2,2016-2017,325,36.66
643598,Jesse Weiss,1,2013,62,36.66
546143,Frederic Hanvi,2,2009-2010,135,36.66
596813,Tony Moses,1,2010,99,36.66
17359,Josh Taylor,2,2016-2017,25,36.66
678589,Brayan Rodriguez,1,2018,41,36.65
676286,Jan Mercado,6,2017-2024,790,36.65
542238,Justino Guzman,1,2008,37,36.65
7593,Jordan Lyles,3,2010-2012,34,36.65
499800,Eric Harryman,1,2007,78,36.65
622693,Harold Arauz,1,2018,12,36.64
658541,Yoel Andujar,2,2015-2016,359,36.64
608620,Frederick Serrano,2,2011-2012,276,36.63
702125,Anthony Calarco,1,2023,108,36.62
667293,David Sacaria,1,2016,102,36.62
835716,Jack Barker,1,2025,37,36.61
660700,Ronal Reynoso,4,2015-2018,679,36.59
665117,Jeff Smith,2,2015-2016,238,36.58
543834,Richard Sullivan,1,2010,21,36.58
690958,Drew Bowser,3,2023-2025,655,36.57
9132,Nathan Eovaldi,2,2011-2012,37,36.55
691481,Christopher Morales,2,2021-2022,205,36.55
21527,James McArthur,1,2021,13,36.55
656873,Raphael Ramirez,3,2014-2016,411,36.55
694541,Alan Espinal,1,2025,257,36.54
622455,Neomar Magallanes,1,2012,16,36.54
685479,Gianfranco Pena,1,2021,66,36.54
805737,Bjay Cooke,3,2022-2024,629,36.54
4086,Erik Cordier,1,2010,31,36.52
523248,Victor Dionicio,2,2007-2008,292,36.52
12918,Archie Bradley,2,2013-2014,48,36.52
643464,Dillon Moyer,3,2013-2015,927,36.51
679766,Hunter Hearn,1,2021,150,36.5
660807,Carlos Requena,2,2015-2016,164,36.49
800364,Jordany Oliver,2,2022-2023,298,36.49
663740,Dalton Blumenfeld,3,2015-2017,253,36.48
664809,Mark Nelson,1,2015,13,36.48
607343,Matt Flemer,1,2015,25,36.47
660881,Luis Tejeda,2,2016-2017,122,36.46
501754,Miguel Luna,1,2007,54,36.46
644077,Brett Clements,2,2013-2014,103,36.45
622449,Wester Suarez,2,2012-2013,141,36.44
701796,Will Cresswell,1,2025,27,36.44
830425,Richer Mata,1,2025,119,36.43
821601,Howard Gonzalez,1,2024,54,36.42
641650,Ian Hagenmiller,3,2013-2015,368,36.41
808030,Yohangel Moris,2,2023-2024,244,36.41
661433,Antony Morillo,3,2015-2017,490,36.4
622108,Austin Aune,5,2012-2017,1318,36.4
29524,Bryce Teodosio,3,2021-2023,950,36.4
699317,Gustavo Marquez,2,2021-2022,232,36.4
687524,Tevin Mitchell,1,2021,90,36.39
692074,Luis Marinez,5,2021-2025,427,36.39
16918,Luke Weaver,1,2017,21,36.39
665709,Luis Manon,2,2016-2017,337,36.39
804503,Bradley Frye,1,2025,50,36.38
621476,Anthony Vega,2,2013-2014,332,36.38
687986,Jorge Romero,2,2021-2022,93,36.38
657547,Ryan Cranmer,2,2014-2015,26,36.38
681755,Hanley Acevedo,1,2018,188,36.36
682434,Bladimir Susana,1,2018,88,36.35
703905,Johan Ferreira,3,2022-2024,177,36.35
541659,German Sacks,1,2008,103,36.35
683718,Diego Verbel,1,2021,66,36.35
597293,Kyle Lusson,1,2010,54,36.34
516751,Joan Bonifacio,3,2007-2009,327,36.34
829797,Jose Padilla,1,2025,98,36.33
519404,Chase Weems,5,2008-2013,609,36.33
519060,Kyle Murphy,2,2007-2008,218,36.31
686808,James Beard,2,2021-2022,616,36.31
543650,Derrick Phillips,3,2008-2010,202,36.3
543944,Austin Wright,1,2013,12,36.29
542385,Luis Cabrera,2,2008-2009,356,36.28
700367,Randy Perea,4,2021-2024,364,36.27
608102,Randy Gonzalez,2,2011-2012,88,36.27
692592,Carlos Gomez,1,2021,82,36.27
665024,Brandon Rawe,1,2015,11,36.25
571879,Braxton Lane,3,2009-2011,253,36.25
680928,Christhian Espinal,1,2018,147,36.24
600891,Yorky Diaz,3,2011-2013,310,36.24
595275,Zach Kapstein,4,2011-2016,422,36.23
501786,Brett Logan,1,2007,72,36.23
630027,Raybell Mella,1,2013,42,36.23
16165,Max Povse,1,2016,17,36.23
830033,Jhon Lucena,1,2025,124,36.22
640442,Alex Balog,1,2016,10,36.22
679515,Anthony Valenzuela,2,2018-2021,198,36.22
456966,Nate Nelson,1,2008,82,36.21
691465,Denfry De La Cruz,1,2021,10,36.21
573576,Joel Torres,2,2009-2010,264,36.19
660533,Manuel Dominguez,1,2015,28,36.19
602114,Jorge Calderon,1,2011,145,36.19
593501,Confesor Lara,2,2010-2011,460,36.19
687319,Dominic Tamez,1,2023,16,36.18
658739,Frangel Feliciano,1,2014,61,36.17
685376,Max Hewitt,1,2022,48,36.16
17381,Matt Gage,2,2016-2017,51,36.16
519249,Robert Sanzillo,1,2007,78,36.16
489007,Marcus Jones,2,2009-2010,235,36.15
17432,Jeff Hoffman,2,2016-2017,42,36.15
622202,Hayden Jennings,2,2012-2013,324,36.15
606933,Justin Bianco,3,2011-2013,563,36.14
660566,Victor Figuereo,3,2015-2017,377,36.14
657551,Tyree Davis,3,2014-2016,247,36.13
676073,Scott Schreiber,1,2018,238,36.13
682216,Robert Boselli,1,2018,99,36.12
640641,Cesar Apaez,2,2013-2014,368,36.12
462489,Miguel Linares,1,2007,116,36.1
677130,Jose Verrier,2,2018-2021,311,36.09
545340,Garrett Gould,2,2013-2014,24,36.09
14914,Jason Hursh,2,2014-2015,51,36.08
526269,Hung-Wen Chen,2,2009-2010,56,36.08
687958,Jack Kenley,1,2021,44,36.07
682784,Mike Spooner,1,2018,64,36.07
543866,Karim Turkamani,1,2010,119,36.07
829872,Esteban Castro,1,2025,80,36.06
672906,Lazaro Alonso,1,2018,361,36.06
800351,Javier Pena,2,2022-2023,132,36.06
594832,Chris Giovinazzo,2,2011-2012,295,36.05
999,Aaron Thompson,4,2008-2011,91,36.04
458934,Juan Montero,1,2007,20,36.04
517213,Raldy Cabrera,3,2007-2009,282,36.04
15524,Jen-Ho Tseng,3,2016-2018,66,36.03
519152,Clint Pridmore,1,2007,92,36.03
8753,Tanner Roark,1,2011,15,36.03
19926,Tony Santillan,1,2018,12,36.02
607534,Matthew Franco,1,2011,120,36.02
687628,Justin Boyd,4,2022-2025,373,36.02
650622,Alberto Estrella,3,2014-2016,385,36.01
641724,Stephen Janas,1,2015,16,36.0
607173,Nick Moore,4,2011-2014,374,35.99
605366,Adam McConnell,1,2012,39,35.97
669070,Connor Cannon,1,2022,154,35.97
650630,Nick Sciortino,2,2017-2018,180,35.96
622460,Jacniel Cabrera,2,2012-2013,170,35.94
674161,Kyle Watson,2,2017-2018,502,35.94
686952,Kyle Dernedde,1,2025,237,35.94
573220,Joe Velleggia,2,2010-2012,119,35.94
800202,Natanael Eusebio,2,2022-2023,148,35.94
691482,Josue Payano,2,2021-2022,211,35.94
665706,Bryan Connell,3,2016-2018,604,35.93
7738,Wily Peralta,3,2010-2012,73,35.93
682687,Frank Perez,3,2021-2023,267,35.93
476109,Ross Smith,2,2009-2010,334,35.92
683767,Yonathan Pierre,1,2021,27,35.92
698949,Angel Polo,1,2021,13,35.91
625347,Mitchell Martes,2,2012-2013,217,35.91
542501,Juan Polonia,3,2008-2010,432,35.9
595968,Tyler Greene,3,2011-2013,171,35.89
541646,Oscar Gomez,3,2008-2010,422,35.87
595140,Marcus Bradley,3,2010-2012,137,35.86
821074,Isaac Osorio,1,2024,99,35.86
446302,Blake Stouffer,1,2008,60,35.84
519490,Jonathan Johnston,1,2008,141,35.79
573678,Jakub Sladek,1,2009,19,35.79
593957,Jhon Silva,3,2010-2012,247,35.78
593966,Moises Justo,1,2010,124,35.78
607771,Adrian Williams,3,2011-2013,526,35.77
664997,Joey Havrilak,2,2015-2016,105,35.77
622428,Gregory Valencia,4,2012-2015,597,35.77
664924,Keaton Jones,1,2015,54,35.76
687766,Miguel Useche,1,2025,27,35.76
682706,Isan Castillo,1,2022,45,35.75
516469,Alcibiades Ramirez,2,2007-2009,34,35.74
625978,Jake Chaplin,1,2013,35,35.74
542412,Moacyr de Morais,1,2008,91,35.73
13182,Kyle Crick,2,2014-2016,34,35.71
13594,Robert Stephenson,3,2014-2016,81,35.7
692228,Caleb Pendleton,3,2023-2025,231,35.7
471178,Jose Ortegano,2,2009-2010,25,35.7
687315,Christian Pregent,2,2023-2024,224,35.69
525633,Nelson Echavarria,2,2007-2008,175,35.69
595246,Rashad Hatcher,2,2010-2011,73,35.68
488654,Marco Albano,1,2007,90,35.68
682226,Cole Kreuter,1,2018,121,35.67
665312,Jovany Felipe,1,2015,42,35.67
834408,JC Vanek,1,2025,49,35.66
808299,Alex Castillo,1,2023,89,35.64
502296,James Barksdale,1,2008,181,35.62
600964,Jonathan Roble,2,2011-2012,149,35.62
456144,Jairo Martinez,3,2007-2009,254,35.62
670881,Kevin Hall,2,2016-2017,112,35.62
455065,Chris Turner,1,2007,91,35.61
502393,Michael Chambers,1,2007,110,35.61
542313,Moises Arias,2,2008-2009,143,35.6
655369,Geovanny Subero,1,2014,48,35.59
553852,Alejandro Lorduy,1,2009,123,35.59
501436,Joel Lovera,1,2007,94,35.58
687279,Logan Glass,3,2021-2023,623,35.58
600896,Aneudy Feliz,1,2011,84,35.58
573146,Scott Schneider,1,2011,13,35.58
592507,Ty Linton,3,2011-2013,370,35.57
642459,Frankies Alcantara,2,2013-2014,273,35.57
543179,Wes Freeman,5,2008-2012,557,35.57
542315,Cristian Vasquez,3,2008-2010,358,35.56
664182,Preston Morrison,1,2017,15,35.55
643299,Zach Esquerra,1,2014,231,35.55
665522,Manny Argomaniz,2,2015-2016,137,35.55
453170,Tim Gustafson,1,2009,10,35.55
642483,Hector Asencio,2,2013-2014,148,35.54
691444,Everette Cooper,2,2021-2022,191,35.53
592154,Ryan Bolden,4,2010-2013,434,35.52
701689,Vance Honeycutt,2,2024-2025,492,35.5
502477,Lee Tabor,1,2009,10,35.5
681830,Kevon Jackson,2,2018-2021,199,35.49
7652,Daniel Barone,1,2007,41,35.49
451146,Juan Nunez,1,2007,22,35.49
661825,Sam Machonis,1,2017,111,35.48
695074,Alonzo Rubalcaba,3,2022-2024,113,35.48
543718,Eric Roof,2,2010-2011,277,35.48
670153,Ramon Osuna,2,2016-2017,256,35.48
571738,Miles Hamblin,1,2013,146,35.47
607603,Johnathan Knight,2,2012-2013,110,35.47
660736,Tulio Garcia,3,2015-2017,451,35.46
670811,Anthony Lepre,1,2021,91,35.45
489407,Justin Webb,1,2007,246,35.45
458724,Braulio Pardo,3,2008-2011,241,35.45
17425,Erick Fedde,1,2017,12,35.45
476015,C.J. Henry,2,2007-2008,446,35.44
572265,Reggie Williams,2,2010-2011,161,35.43
516997,Aris De La Cruz,2,2007-2008,97,35.43
600916,Gabriel Larrazabal,1,2011,23,35.43
821693,Anthwan Brea,1,2025,70,35.43
622173,Nisandro Cleofa,3,2012-2014,225,35.42
643326,Mike Giuffre,1,2013,19,35.42
642277,Danny Richiez,3,2013-2015,324,35.42
622186,Jose Barraza,2,2012-2014,287,35.41
667506,Nick Thurman,2,2017-2018,612,35.41
644917,Pita Rona,2,2013-2014,82,35.4
12784,Burch Smith,1,2013,19,35.4
663811,Trey Dawson,1,2018,46,35.39
3777,Felipe Paulino,1,2007,11,35.39
657374,Adony Ovalles,2,2014-2016,110,35.38
678722,Juan Padron,1,2018,160,35.37
14361,Ty Blach,2,2014-2015,64,35.36
802097,Yordis Perera,1,2023,43,35.36
688921,Christopher Burgess,1,2021,103,35.35
821610,Juan Colorado,2,2024-2025,324,35.35
678901,Diony Joseph,1,2018,80,35.35
503787,Dionis Molina,1,2007,26,35.35
657587,Tom Gavitt,2,2015-2016,77,35.34
676545,Anthony Servideo,3,2021-2023,561,35.34
669347,David Avitia,1,2023,108,35.34
606151,Cristian Palacios,3,2011-2014,250,35.34
669381,Brady McConnell,1,2021,122,35.33
496169,Matt Stocco,2,2007-2008,316,35.33
643519,Audry Santana,2,2013-2014,66,35.33
11468,Zach Lee,5,2012-2016,126,35.33
676340,Trey Truitt,1,2018,153,35.31
656739,Mitch Meyer,2,2014-2015,511,35.31
571853,Austin Kirk,1,2013,10,35.31
683645,Ruben Benavides,3,2021-2023,110,35.31
572194,Brett Teschner,1,2013,32,35.31
678793,Robert Gomez,1,2018,111,35.31
623203,Zach Stoner,3,2012-2014,338,35.31
683063,Mason Fishback,1,2018,15,35.29
691325,Cesar Aguasvivas,2,2021-2022,172,35.29
501853,Zach Penprase,2,2007-2008,154,35.28
488989,Will Inman,5,2007-2011,91,35.28
8556,Chris Carpenter,1,2010,36,35.28
832714,Jose Flores,1,2025,84,35.26
664730,Zach Hoffpauir,2,2015-2018,41,35.26
805646,Nadir Lewis,2,2023-2024,124,35.25
492804,Rommel Mendoza,1,2009,77,35.25
623281,Zac Livingston,2,2012-2013,162,35.25
641847,Dane McFarland,3,2013-2015,459,35.24
694255,Jerry Huntzinger,1,2022,27,35.23
9587,Mike McClendon,1,2009,13,35.23
17018,Jefry Rodriguez,1,2018,19,35.21
666000,Enmanuel Rodriguez,1,2016,115,35.21
665326,Matt Walsh,1,2015,53,35.2
695991,Edward De La Cruz,3,2021-2023,180,35.19
670192,Brandon Bossard,1,2021,142,35.19
829917,Abraham Sanchez,1,2025,68,35.19
601722,Damion Smith,3,2012-2014,278,35.19
593453,Erik Antigua,1,2010,56,35.19
596739,Byron Aird,1,2010,40,35.19
16125,Chris Ellis,1,2016,33,35.18
544252,Chris Demons,1,2008,19,35.18
543952,Tyler Yockey,2,2008-2009,181,35.18
16981,Tyler Beede,2,2016-2017,56,35.18
690917,Parker Kelly,2,2022-2023,383,35.16
591974,Manuel Marquez,1,2010,54,35.16
573028,Demetrius McKelvie,2,2009-2010,266,35.16
446118,Jase Turner,1,2007,385,35.16
19268,Justin Dunn,1,2018,14,35.15
542639,Juan Tortosa,1,2008,69,35.15
682889,Wilmin Candelario,3,2021-2023,413,35.13
665172,Cody Staab,1,2018,41,35.11
678579,Jeicor Cristian,1,2018,98,35.11
821758,Jeyson Moya,2,2024-2025,151,35.1
579009,Reggie Taylor,1,2010,136,35.09
682783,Augusto Acevedo,1,2018,12,35.08
523250,Aneudy Feliz,2,2007-2008,31,35.08
692449,Keiner Bustamante,1,2021,85,35.08
682834,Junior Tamares,2,2021-2022,70,35.07
829971,Orlando Patino,1,2025,51,35.06
829736,Emile Torres,1,2025,147,35.03
593617,Maydawin De La Cruz,2,2010-2011,234,35.03
12580,Adam Morgan,1,2013,11,35.03
700355,Yorlis Lendor,1,2022,76,35.02
5401,Brad Peacock,1,2011,19,35.01
700293,Jonathan Nava,2,2021-2022,22,35.0
682161,Zach Scott,1,2018,176,34.99
691298,Daniel Salmeron,2,2021-2022,75,34.99
669939,Andre Nnebe,1,2021,252,34.98
703130,Irving Igualas,2,2022-2023,244,34.97
5559,Jo-Jo Reyes,1,2007,16,34.97
807836,Ovandy Frias,2,2023-2024,179,34.97
808238,Albert Chalas,1,2023,70,34.97
650847,Jose Sotillo,3,2014-2016,385,34.96
518462,Christopher Blackwood,2,2007-2008,153,34.96
692545,Luis Gonzalez,1,2021,48,34.95
594787,Cameron Conner,3,2010-2012,405,34.95
670146,Zach Featherstone,1,2016,113,34.95
502518,Kyle Lafrenz,3,2009-2011,257,34.95
11426,Drew Pomeranz,2,2012-2013,36,34.95
506877,David Golliner,1,2008,64,34.94
541647,Wilfredo Hoyer,3,2008-2010,284,34.93
10234,Bryan Morris,1,2010,16,34.93
680894,Lency Delgado,2,2018-2021,307,34.92
600930,Jonniel Mier y Teran,2,2011-2012,286,34.92
683526,Neifi Antunez,1,2021,73,34.92
695805,Landon Dieterich,2,2021-2022,170,34.92
601712,Gareth Morgan,5,2014-2018,1363,34.91
665573,Jeff Campbell,1,2015,99,34.89
657219,Justin Garcia,2,2015-2016,201,34.87
519432,Russell Wilson,1,2011,236,34.86
682661,Jose Bonilla,2,2021-2022,324,34.86
503226,D.J. Neyens,1,2007,48,34.82
681949,Datren Bray,1,2018,85,34.82
608329,Max Dutto,2,2016-2017,515,34.81
672720,Arquimedes Cumana,3,2018-2022,145,34.81
687526,Marcus Smith,5,2021-2025,1163,34.8
643261,Austin Coley,1,2017,20,34.79
623287,Chad Nacapoy,2,2012-2013,97,34.79
519286,James Sims,3,2007-2009,217,34.79
663440,Nicholos Hamilton,2,2015-2016,111,34.79
658665,Ronny Rafael,3,2015-2017,501,34.77
605373,Jarrod McKinney,1,2011,133,34.76
806394,Robert Brooks,1,2023,21,34.76
657233,Luis Lacen,2,2014-2016,72,34.75
519136,Jared Pitts,1,2007,137,34.75
691923,Delfin Ramirez,2,2021-2022,199,34.74
448645,Ryan McCarthy,1,2007,96,34.73
502616,Valentin Ramos,2,2007-2008,68,34.72
19206,Dakota Hudson,1,2018,33,34.72
5529,Maikel Cleto,1,2011,22,34.72
642477,Jorge Heredia,1,2013,93,34.71
542529,Teharick Martinez,3,2008-2010,282,34.71
823817,Jake McCutcheon,1,2025,12,34.71
645508,Felix Lucas,3,2014-2016,426,34.66
451098,Steven Garcia,1,2007,53,34.63
695426,Spencer Bramwell,2,2022-2023,89,34.63
622587,Alinson Peguero,2,2012-2013,212,34.62
800523,Abel De Leon,3,2022-2024,214,34.62
687332,Jalen Greer,2,2021-2022,341,34.6
605408,Cristian Otero,1,2012,86,34.59
515043,Wilson Perez,2,2007-2008,120,34.59
676865,Andrew Miller,2,2017-2018,190,34.59
694246,Brad Malm,2,2022-2023,65,34.57
572803,Brad Decater,1,2010,172,34.57
666605,Jean Alvarado,1,2016,59,34.57
594029,Bryan Rodriguez,1,2016,21,34.56
596791,Garrett Maines,1,2010,41,34.56
808034,Diego Felix,2,2023-2024,232,34.56
641461,Trevor Clifton,2,2017-2018,51,34.56
678405,Hansen Lopez,4,2018-2023,254,34.55
453235,Daniel Hamblin,1,2008,86,34.55
453352,John Ray,1,2007,37,34.54
683600,Daniel Oliva,1,2021,40,34.54
578649,Franklin Moreno,2,2010-2011,83,34.54
454448,Fernando Pacheco,1,2007,132,34.54
606256,Jorge Ortega,1,2016,17,34.53
19705,Matt Swarmer,1,2018,11,34.53
691508,Jairold Carlito,2,2021-2022,116,34.51
605450,Francisco Rosario,2,2012-2013,142,34.49
656982,Casey Soltis,3,2014-2016,381,34.49
625348,Jeremy McLeod,1,2012,41,34.48
666607,Bryan Ciriaco,3,2016-2018,304,34.47
663565,Xavier LeGrant,1,2017,30,34.47
829930,Julio Acosta,1,2025,151,34.47
667646,Christoph Bono,2,2016-2017,200,34.46
594697,Kelvin Rodriguez,1,2010,13,34.45
669191,Nick Brueser,2,2021-2022,319,34.44
663857,Brandt Stallings,1,2018,93,34.44
6132,John Ely,1,2010,19,34.44
502664,Justin Johnson,1,2007,98,34.43
519288,Anthony Smith,2,2007-2008,280,34.42
688437,Jake Hoover,1,2021,51,34.42
446332,David Kopp,1,2010,28,34.41
656613,Sean Keselica,1,2017,12,34.41
519253,Kyle Saukko,1,2008,83,34.4
700335,Alejandro Lóaiza,5,2021-2025,323,34.4
690792,David Martinez,1,2021,77,34.4
687443,Michael Green,1,2022,37,34.39
699280,Reynaldo Madrigal,3,2021-2023,151,34.39
829923,Luis Hernandez,1,2025,131,34.39
670109,Jacob Bosiokovic,2,2017-2018,543,34.38
691422,Kevin Rivas,4,2021-2025,530,34.37
821235,David Freitas,1,2024,113,34.37
605256,Cody Grice,3,2012-2014,500,34.36
17920,Cody Ponce,1,2018,17,34.36
621489,Chase Patterson,3,2012-2015,203,34.35
489435,Flint Wipke,1,2007,263,34.35
570890,Bryan Brito,5,2009-2014,816,34.34
673242,Freddy Chirino,1,2017,73,34.34
9943,Todd Redmond,2,2008-2009,63,34.33
687022,Burle Dixon,2,2021-2022,465,34.33
682736,Darwin Moreno,2,2021-2022,126,34.33
518248,Luis Andrades,2,2007-2008,301,34.32
683486,D'Vaughn Knowles,2,2021-2022,42,34.32
593348,Johan Eusebio,1,2010,130,34.32
656057,Jesus Perez,2,2014-2015,271,34.31
459902,Andrew Lytle,1,2007,40,34.31
657262,Ryan Seiz,2,2014-2015,434,34.3
572124,Christopher Sedon,1,2010,189,34.29
686683,Tevin Tucker,2,2023-2024,350,34.29
679022,Carlos A. Rodriguez,1,2018,39,34.29
519216,Raymond Rodriguez,2,2007-2008,134,34.29
668346,Mark Sanchez,2,2016-2017,120,34.28
646259,Nicanor Alvarado,3,2013-2015,256,34.28
456038,Mark Robinson,1,2007,42,34.27
679588,Kevin Moreno,1,2018,25,34.26
679596,Josue Fernandez,1,2018,144,34.26
805763,Drake Logan,4,2022-2025,984,34.24
800151,Delvis Matos,3,2022-2024,216,34.24
685093,Jake Wright,1,2021,20,34.24
643404,Devante Lacy,2,2013-2014,196,34.23
591615,Daniel Carranza,2,2010-2011,308,34.22
682022,Corbin Williams,2,2018-2021,229,34.22
622769,Yunior Santana,3,2012-2014,527,34.21
595273,James Kang,3,2010-2012,321,34.2
607586,Charles Jimenez,2,2011-2012,110,34.2
672639,Felix Reyes,2,2017-2018,187,34.19
571928,Brandon May,3,2009-2011,199,34.18
543489,Matthew Marquis,1,2012,167,34.18
829702,Edgardo Figueroa,1,2025,111,34.18
19487,Devin Smeltzer,1,2018,10,34.17
571794,Kyrell Hudson,3,2009-2013,462,34.17
656190,Blake Anderson,1,2014,94,34.17
692817,Luis Leones,5,2021-2025,551,34.16
489011,Dustin Kaats,1,2007,23,34.16
541630,Saul Rojas,1,2008,54,34.15
607175,Jalen Simmons,2,2011-2012,204,34.15
823918,Kyle West,1,2025,40,34.15
674293,Alian Silva,1,2017,16,34.14
596735,Kyle Perkins,1,2010,31,34.14
592218,Frankie Christian,2,2010-2011,106,34.13
19665,Kyle Wright,1,2018,29,34.13
657033,Zach Taylor,2,2015-2016,154,34.12
660747,Brayan De Pena,2,2015-2016,163,34.11
936,Bryan Augenstein,2,2009-2010,32,34.1
695786,Steven Medina,1,2024,30,34.1
691332,Luis González,3,2021-2023,526,34.09
676777,David Durden,1,2017,106,34.09
641643,Alexandre Guenette,1,2017,63,34.07
11250,Rob Rasmussen,1,2013,30,34.07
476030,Michael Demperio,2,2009-2010,165,34.07
695841,AJ Gill,1,2021,230,34.06
807154,Yeral Vizcaino,1,2023,81,34.06
821652,Boris Sarduy,2,2024-2025,116,34.05
502345,Pat Nichols,2,2007-2008,235,34.04
33703,Nolan McLean,2,2023-2024,167,34.04
606342,Jorge Reyes,1,2011,51,34.04
643588,Tyler Viza,3,2016-2018,53,34.03
517408,Edgar Herrera,1,2007,50,34.02
14697,Severino González,1,2014,18,34.02
691644,Robert Hendrick,2,2021-2022,176,34.01
598616,Reynaldo Ruiz,1,2010,41,34.0
514635,Dick Guanipa,3,2007-2009,193,34.0
626931,Ryan Dale,5,2013-2017,587,34.0
669909,Alan Marrero,3,2016-2021,295,33.97
682242,Austin Piscotty,1,2018,11,33.97
1989,Jeremy Hefner,1,2010,25,33.96
689571,Spencer Brown,1,2021,202,33.96
702466,A.J. Graham,2,2021-2022,31,33.95
573968,Felix Martinez,3,2009-2011,285,33.95
662927,Allan Bencid,1,2015,19,33.94
821156,Carl Calixte,1,2025,77,33.93
10354,Robbie Erlin,2,2013-2015,46,33.92
657618,Tra Holmes,2,2018-2021,242,33.91
676731,Jeff Bohling,1,2017,35,33.91
575091,Marshal Davis,1,2009,30,33.91
454539,Ty Bubalo,1,2007,21,33.91
14212,Josh Hader,3,2015-2017,37,33.89
600908,Nelder Gonzalez,1,2011,36,33.89
16256,Kyle Freeland,1,2016,36,33.89
596882,Marcus Spencer,1,2010,71,33.89
670158,Andre Jernigan,2,2016-2017,192,33.84
607270,Jonathan Clark,3,2011-2013,161,33.83
476225,Cory Riordan,1,2010,24,33.83
595361,Daniel Petitti,1,2011,167,33.83
6570,Tom Koehler,1,2010,38,33.82
447826,Joe Norrito,1,2007,32,33.81
471912,Alberto Cambero,1,2008,58,33.81
821686,Clay Winklaar,2,2024-2025,185,33.79
687262,Jorge Corona,1,2025,121,33.78
621106,Zach Jemiola,2,2016-2017,45,33.78
692499,Wilder Perez,1,2021,23,33.78
518861,Zachary Jones,1,2012,57,33.77
642447,Henry Alvarado,2,2013-2014,321,33.76
524588,Hector Alvarez,2,2007-2009,157,33.76
502552,Brett Whiteside,3,2007-2009,219,33.75
519246,Andres Santiago,2,2013-2014,62,33.75
683603,Ronny Santana,1,2021,23,33.74
682694,Tomas Ramirez,1,2021,71,33.73
692620,Jorge Chirinos,2,2021-2022,113,33.72
516954,Jhoan Ubri,1,2007,40,33.72
700178,Ryan McCoy,1,2025,76,33.72
641911,Grant Nelson,2,2013-2014,94,33.71
657714,Jon Perrin,1,2017,26,33.7
451211,Cody Collet,2,2007-2008,123,33.7
821046,Alexander Alzi,1,2025,169,33.7
672762,Edwin Bisay,1,2017,119,33.7
829893,Deinis Chourio,1,2025,84,33.69
454978,Jose Sanchez,2,2007-2008,43,33.68
808322,Juan Uribe,2,2023-2024,153,33.68
686771,Fox Semones,1,2022,120,33.68
571906,Craige Lyerly,2,2010-2012,150,33.66
690898,Brad Cumbest,2,2022-2024,280,33.65
657152,Yunior Lar,1,2014,29,33.65
607900,Tyler Smith,2,2011-2012,78,33.65
641507,Daniel De La Calle,2,2016-2017,97,33.64
809846,Wyatt Crenshaw,2,2023-2024,171,33.64
829911,Gerlyn Payano,1,2025,20,33.64
621442,Justin Black,4,2012-2015,530,33.63
605299,Lance Jeffries,3,2011-2013,387,33.63
681506,Edward Guzman,1,2018,49,33.63
829711,Adrian Tusen,1,2025,50,33.62
606148,Dawin Garcia,2,2011-2012,164,33.62
18282,Jarlín García,1,2016,12,33.62
673877,Griffin Barnes,1,2018,140,33.61
642324,Ignacio Chevalier,2,2013-2014,41,33.61
446659,Aaron Hornostaj,1,2007,10,33.61
672607,Randor Vargas,2,2017-2018,226,33.6
834944,Erickson Ayena,1,2025,42,33.6
571429,Brian Adams,1,2013,378,33.6
670918,Luidemid Rojas,1,2018,84,33.59
4393,Sean West,2,2009-2010,29,33.59
643421,James Lynch,1,2014,114,33.58
467660,Orlando Guevara,2,2007-2008,121,33.57
698964,Randy Arrieta,2,2021-2022,162,33.56
656041,Jonathan Recio,2,2014-2015,158,33.54
572064,Jorge Reyes,2,2011-2012,43,33.53
572400,Chris Tremblay,3,2009-2011,342,33.53
622409,Rainel Diaz,1,2012,23,33.52
8070,Mike Parisi,1,2007,42,33.52
15130,Drew Anderson,1,2017,16,33.51
641764,Sam Koenig,1,2015,138,33.5
691758,Erison Placencia,3,2021-2023,380,33.5
642428,Ismael Nunez,1,2013,130,33.49
692502,Julio Ozoria,1,2022,113,33.49
3344,Mitchell Boggs,2,2007-2008,60,33.49
519099,Dylan Owen,2,2009-2011,31,33.49
3877,Ethan Martin,2,2012-2013,50,33.47
832787,Alfiery Matos,1,2025,82,33.47
467825,Donis De La Cruz,1,2007,38,33.46
806977,Janero Miller,2,2023-2024,303,33.45
572823,Jordan Drake,1,2009,10,33.45
501199,Andres Reinales,1,2007,89,33.43
643486,Geoff Perrott,1,2013,12,33.43
4535,Randy Wells,1,2007,21,33.43
656767,Matt Morgan,4,2014-2018,533,33.43
687549,Justin Tejeda,1,2021,24,33.43
592269,Corderious Dodd,3,2010-2012,226,33.42
522468,Tyler Johnstone,1,2007,14,33.42
15605,Phillips Valdez,1,2016,20,33.41
14457,Adam Conley,1,2013,37,33.4
695570,Jonathan Vastine,1,2025,79,33.39
9866,Chaz Roe,3,2008-2010,66,33.38
802243,Jaiker Garcia,1,2022,108,33.38
573261,Jordan Yallen,1,2015,63,33.37
596810,Angelo Ponte,1,2010,39,33.37
502429,Tyler Hauschild,2,2007-2009,143,33.37
501830,Matthew Canepa,1,2007,170,33.37
605271,Bryant Hayman,2,2015-2016,263,33.36
5178,Ernesto Frieri,1,2009,21,33.36
811603,Eric Valdez,1,2023,138,33.35
679243,Cristopher De Guzman,2,2023-2024,82,33.35
666610,Kipper Briceno,1,2016,53,33.35
658789,Remy Cordero,1,2015,161,33.34
821004,J.T. Bain,2,2024-2025,204,33.33
12760,Rafael Montero,2,2013-2014,43,33.33
668586,Enrique Pena,2,2016-2017,178,33.33
520208,Orlando Cabrera,1,2007,83,33.33
699209,Hector Pinero,2,2021-2022,110,33.32
808744,Cal Stark,2,2024-2025,155,33.31
665100,Bryan Case,2,2015-2016,28,33.31
488841,David Dinatale,2,2009-2010,165,33.3
827418,Elias Marrero,1,2025,160,33.3
9533,Drew Carpenter,2,2008-2009,35,33.27
650367,Manuel De Los Santos,3,2014-2016,350,33.26
687696,Trevin Esquerra,1,2021,30,33.26
665777,Esmerlin Gonzalez,1,2016,93,33.26
623197,Jordan Poole,2,2012-2013,41,33.25
678806,Jonaiker Izaguirre,1,2018,67,33.23
643280,Andrew Dennis,1,2014,11,33.23
667290,Gabirel Corporan,1,2016,99,33.23
827264,Ryan Picollo,1,2025,304,33.22
452326,Omar Poveda,2,2011-2012,61,33.22
572095,Danny Rosenbaum,1,2012,28,33.21
643406,Cody Lavalli,1,2014,121,33.2
542517,Jose Rodriguez,2,2008-2009,180,33.2
572905,R.J. Harris,2,2009-2010,495,33.2
515051,Eduardo Garcia,3,2007-2009,228,33.18
3805,Jess Todd,1,2008,17,33.16
684525,Darel Belen,2,2021-2022,233,33.15
816111,Tate Southisene,1,2025,66,33.13
504074,Brian Aguailar,1,2008,61,33.13
682895,Isaias Sangrona,1,2018,26,33.12
452029,Rafael Arroyo,1,2007,190,33.11
503452,Jovanny Felix,1,2007,143,33.11
570827,Alberto Valdemora,2,2009-2010,148,33.08
553868,Norman Elenes,3,2009-2011,115,33.07
520971,Jeff Paquette,1,2007,26,33.07
670380,Granger Studdard,2,2016-2017,246,33.06
453210,Philip Stringer,1,2007,118,33.06
460286,Jeremy Brown,1,2007,113,33.05
455602,Dustin Yount,1,2007,39,33.05
8037,Paul Clemens,2,2011-2012,75,33.05
19990,Bryse Wilson,2,2018-2021,29,33.04
808217,Brailin Pascual,2,2023-2024,199,33.04
502612,Anthony Casario,1,2009,128,33.03
683519,Mauro Bonifacio,3,2021-2023,136,33.03
517583,Augusto Marte,3,2007-2009,260,33.02
658254,Brett Wellman,2,2014-2015,53,33.02
829036,Kendry Martínez,1,2025,133,33.01
691304,Wilfrank Graciano,2,2022-2023,70,33.01
602138,Ronny Sotelo,2,2011-2012,40,33.01
606947,Cavan Cohoes,1,2013,102,33.01
595213,Cody Gabella,2,2011-2012,134,32.99
664980,Andrew Noviello,2,2015-2016,84,32.98
502250,Evan Anundsen,1,2012,24,32.98
518970,Jose Made,2,2008-2009,140,32.97
702313,Jaxon Hallmark,1,2022,237,32.97
682457,Kelvin Pena,2,2018-2021,124,32.96
643330,Cooper Goldby,1,2017,68,32.94
599483,Roy Larson,1,2011,104,32.93
5203,Mike Pelfrey,1,2007,19,32.93
678734,Gorge Heredia,1,2018,56,32.93
642223,J.B. Woodman,3,2016-2018,710,32.92
591713,Nick Benedetto,5,2010-2015,866,32.9
800715,Jackson Nicklaus,1,2025,294,32.9
3862,Rubby De La Rosa,1,2010,10,32.9
620456,Euri Minaya,2,2013-2016,268,32.9
3555,Tony Barnette,1,2008,35,32.87
813944,Yan Cruz,1,2025,164,32.85
692224,A.J. Shaver,2,2023-2024,149,32.84
669794,Antonio Perez,2,2016-2017,146,32.83
26364,Ethan Small,1,2021,13,32.83
595041,Vincent Zazueta,1,2010,125,32.81
808114,Hancel Almonte,2,2023-2025,288,32.78
488793,Christopher Cook,1,2007,33,32.78
7488,Mike Ekstrom,1,2007,15,32.77
663437,Nestor Muriel,2,2015-2016,167,32.75
692451,Andy Luis,1,2021,98,32.75
8422,Erik Davis,1,2011,18,32.74
9926,Bobby Parnell,2,2007-2008,33,32.74
699005,John Zorrilla,3,2022-2024,271,32.74
821281,Manuel Baez,2,2024-2025,70,32.74
8077,Stephen Fife,1,2011,11,32.73
519275,Tim Sexton,2,2010-2011,55,32.72
609264,Luis Acosta,3,2012-2014,430,32.71
643469,Alex Newman,3,2013-2015,289,32.71
542249,Melido Perez,3,2008-2010,61,32.7
547531,Jairo Bernabel,1,2009,166,32.7
666608,Frank Gonzalez,3,2016-2018,344,32.69
518481,Michael Bourdon,1,2011,65,32.69
670034,D.J. Daniels,3,2016-2018,439,32.68
22253,Sean Reynolds,3,2016-2021,326,32.68
452214,Jonathan Castro,1,2007,127,32.68
501734,Juan Cabrera,1,2007,158,32.66
623302,Justin Morhardt,1,2017,92,32.65
665104,Campbell Wear,2,2015-2017,117,32.64
665887,Mario Prenza,2,2016-2017,154,32.64
519218,Wes Roemer,3,2009-2011,85,32.63
680383,Trevor Abrams,1,2018,113,32.61
501493,Victor Vizcaino,1,2007,67,32.61
682866,Alberto Bernal,1,2021,68,32.61
681275,Jose Gonzalez,1,2025,83,32.59
11589,José Ureña,2,2014-2015,63,32.59
592652,Kendall Radcliffe,1,2011,56,32.59
542232,Jose Jose,2,2008-2009,461,32.59
469142,Jonnathan Aristil,1,2011,21,32.57
11471,Dallas Beeler,3,2011-2013,56,32.56
642467,Adony Tucen,3,2014-2016,345,32.55
683591,Ramon Martinez,2,2021-2022,176,32.54
4004,Josh Outman,1,2007,11,32.53
623967,Zach Petrick,1,2014,23,32.53
457778,Mike Colla,1,2011,15,32.53
554038,Domingo Rodriguez,1,2009,32,32.52
660520,Edy Gil,2,2015-2016,172,32.51
607547,Jack Graham,2,2015-2016,71,32.51
19222,Lake Bachar,1,2018,10,32.5
4300,Matt Albers,1,2007,10,32.5
701100,Ben McCabe,2,2023-2024,269,32.49
15038,Germán Márquez,1,2016,24,32.49
820985,Leandy Mella,2,2024-2025,231,32.48
543871,Jonnathan Valdez,3,2008-2010,163,32.48
9434,Dallas Keuchel,2,2011-2012,47,32.46
608024,Jacob Meskin,1,2011,36,32.46
641322,Jordon Austin,2,2013-2014,240,32.46
624405,Kris Richards,2,2012-2013,270,32.46
572938,Ryan Humphrey,2,2009-2010,250,32.46
516807,Edward Guzman,1,2007,162,32.46
830462,Alejandro Guerrero,1,2025,162,32.45
804751,Logan Poteet,1,2025,17,32.45
835616,Héctor Cabrera,1,2025,61,32.44
10039,Keyvius Sampson,4,2012-2015,50,32.44
670578,Benji Cash,1,2017,93,32.44
542900,Joe Babrick,2,2008-2009,247,32.42
520568,Adam Beacham,1,2007,26,32.42
11137,Mike Bolsinger,1,2012,19,32.41
671247,Luis Coronel,2,2016-2017,150,32.4
814814,Joseph Tavares,1,2023,11,32.4
664316,Leisxonyer Rivero,3,2015-2017,337,32.38
642079,Corey Simpson,2,2013-2014,264,32.37
664843,Jerry Keel,1,2018,14,32.37
677361,Cole Rutherford,1,2017,51,32.36
606125,Rutinel Sosa,1,2011,27,32.35
534584,Zach Maggard,2,2012-2013,225,32.35
681827,Brett Langhorne,1,2018,216,32.34
805697,Gregory Mota,3,2022-2024,168,32.34
677000,Trey Ganns,1,2017,38,32.33
621313,Josh McAdams,2,2012-2014,255,32.33
553896,Franklin Alcala,3,2009-2011,301,32.32
622468,Miguel Pichardo,4,2012-2015,649,32.32
698955,Brandy Rosario,2,2021-2022,138,32.3
16943,Sean Newcomb,1,2016,37,32.3
656931,Benito Santiago,1,2018,71,32.29
692354,Victor Coronil,1,2022,85,32.29
678396,Yimmi Cortabarria,2,2018-2021,222,32.29
676102,Isaiah Henry,2,2017-2018,263,32.27
829916,Luis Aular,1,2025,87,32.27
657706,Magglio Ordonez,2,2014-2015,83,32.27
594854,Brandon Henderson,2,2010-2011,208,32.26
682749,Dairon Cuevas,2,2021-2022,150,32.24
14545,Dakota Bacus,1,2015,19,32.22
504378,Miguel Vargas,1,2007,128,32.21
15166,Luiz Gohara,1,2017,14,32.21
683007,Darius Perry,3,2023-2025,341,32.2
3265,Juan Gutierrez,2,2007-2008,61,32.18
633706,Daniel Aldrich,1,2013,114,32.18
689837,Garrett Saunders,1,2021,107,32.18
702328,Wade Stauss,3,2021-2023,334,32.16
622371,Aldahir Cordoba,1,2012,84,32.15
598558,Cale Owen,1,2010,60,32.14
681997,Payton Smith,1,2018,98,32.12
593134,Luis Jolly,4,2010-2013,491,32.12
679796,Kole McKinnon,1,2021,42,32.11
665867,Luis Arias,2,2016-2017,329,32.1
688871,Jacob Hinderleider,1,2025,313,32.1
608743,Matt Lentz,2,2011-2012,149,32.09
699282,Deiner Contreras,2,2021-2022,54,32.08
663639,Cole Anderson,3,2015-2017,439,32.08
3833,Chris Seddon,2,2007-2008,54,32.07
593516,Ruben Rijkhof,2,2010-2011,172,32.06
518464,Seth Blair,1,2013,16,32.05
570724,Jose Sayegh,4,2009-2012,485,32.02
1118,Marco Estrada,1,2008,32,32.01
575311,Jeffrey Jones,1,2009,54,32.0
657267,Collin Theroux,3,2016-2018,650,31.99
657501,Jaime Ayende,2,2014-2015,184,31.98
8352,Alberto Cabrera,3,2010-2013,78,31.97
543384,Dan Kauffman,1,2008,10,31.96
624526,Garrett Williams,1,2018,13,31.95
501443,Frank Cruz,2,2007-2008,87,31.93
678810,Davonn Mackey,3,2018-2022,237,31.92
13781,Alex Wood,1,2013,16,31.9
800728,Cameron Nickens,1,2025,42,31.9
524469,Edgar Ortiz,1,2007,61,31.88
641538,Frank Duncan,1,2016,15,31.86
678886,Mayron Cathalina,1,2018,44,31.86
700298,Wilmer Bolivar,1,2021,121,31.83
681756,Alonso Concepcion,1,2018,100,31.83
501780,Weesley Hernandez,2,2007-2008,232,31.83
671880,Isaiah Aluko,1,2016,17,31.82
593133,David Encarnacion,1,2010,85,31.8
595377,Ryan Rivers,1,2010,75,31.78
670453,J.J. Gould,2,2016-2017,252,31.78
600852,Carlos Acevedo,1,2011,45,31.77
698967,Brian Guzman,1,2021,46,31.77
827755,Hanley Ramirez,1,2025,125,31.77
674291,Brandon Cummins,1,2017,98,31.7
571736,Brooks Hall,1,2013,12,31.7
622702,Alejandro Vargas,1,2015,37,31.7
660629,Christian Capellan,2,2015-2016,157,31.68
4301,Justin Wilson,3,2010-2012,56,31.68
592235,Kelly Cross,3,2010-2012,226,31.65
649811,Oscar Cotes,3,2014-2016,268,31.65
806754,Declan Speirs,1,2024,39,31.65
600926,Michael Medina,2,2011-2012,222,31.65
805695,Kengri De Los Santos,1,2022,60,31.64
659211,Yoel Vasquez,2,2014-2016,60,31.62
835948,Jordan Ouanyou,1,2025,52,31.61
573289,Drew Dominguez,2,2010-2011,125,31.6
606242,Carlos Mesa,1,2012,337,31.59
815585,Noah Barber,2,2024-2025,228,31.58
608327,Matthew Crownover,1,2017,19,31.58
592167,Travis Brewster,2,2014-2015,68,31.58
448841,Carlos Piste,1,2007,74,31.58
642754,Juan Puello,2,2013-2014,111,31.57
9515,Jordan Smith,2,2008-2009,35,31.55
669917,Cade Cabbiness,1,2021,127,31.54
655884,Nick O'Loughlin,1,2014,31,31.54
506709,Manuel Monges,4,2007-2010,505,31.54
686870,Luke Franzoni,1,2022,51,31.54
691528,Elijah Tatis,2,2021-2022,163,31.53
829210,Ty Harvey,1,2025,30,31.53
524088,Matthew Cooney,2,2007-2008,120,31.53
656831,Matt Pearce,2,2017-2018,36,31.51
665023,Bren Spillane,2,2018-2021,220,31.51
691288,Berny Encarnacion,1,2021,96,31.5
808673,Angel Aquino,3,2023-2025,387,31.49
571041,Carlos Paez,2,2009-2010,205,31.49
821001,Rodrigo Garcia,2,2024-2025,73,31.43
450751,Dallas Williams,1,2009,27,31.42
829982,Luis Cuevas,1,2025,29,31.39
820990,Ismael Del Rosario,2,2024-2025,196,31.37
15423,Andrew Heaney,1,2014,34,31.35
660794,Alvaro Reyes,1,2015,40,31.35
18333,Alex Young,2,2017-2018,52,31.34
684220,Smith Vargas,1,2021,38,31.33
518482,Johnny Bowden,2,2008-2009,51,31.32
3873,Zeke Spruill,3,2012-2014,76,31.29
572921,Justin Hilt,1,2011,107,31.29
11712,Erik Goeddel,1,2013,16,31.29
453302,Dennis Dixon,1,2007,90,31.27
542512,Pedro Valdez,1,2008,138,31.27
548090,Derrick McPhearson,1,2009,156,31.26
669010,Elijah Cabell,3,2021-2023,417,31.22
573139,RJ Santigate,1,2014,109,31.21
518954,Barret Loux,1,2013,15,31.21
642743,Richard Colla,2,2013-2014,221,31.21
544819,Edgar Lendor,1,2008,45,31.19
831384,Josh Owens,1,2025,24,31.16
683104,Trey Faltine,4,2022-2025,690,31.15
678603,Emeli Ferreira,1,2018,119,31.13
805063,Julio Valdez,2,2022-2024,209,31.13
650440,Vidauri Saba,2,2014-2015,107,31.12
808021,Alan Frias,2,2023-2024,180,31.12
9129,Tommy Hanson,2,2008-2009,27,31.12
829845,Aiberson Blanco,1,2025,67,31.07
9155,Charles Brewer,2,2011-2012,40,31.07
821796,Kendrick Hernandez,2,2024-2025,190,31.07
504475,Jonathan Hodach,1,2007,67,31.07
573468,Jason Stifler,1,2010,74,31.02
829983,Igor Escobar,1,2025,62,31.01
805773,Umar Male,2,2022-2023,74,31.0
821140,Jeremy George,1,2024,53,31.0
504377,Erickson Feliz,1,2007,45,30.95
466363,Ariel Nunez,1,2007,34,30.94
501751,Rafael Brazoban,2,2007-2008,106,30.94
699700,Luis Bolivar,3,2022-2024,432,30.94
6893,Johnny Cueto,1,2007,15,30.94
19903,Adonis Medina,1,2021,11,30.91
574870,Chih-Wei Hsu,1,2010,43,30.91
592147,Mark Blackmar,1,2016,13,30.89
821123,Nicolas Ortiz,2,2024-2025,118,30.89
10190,Tyler Skaggs,3,2011-2013,63,30.88
542758,Carlos Best,1,2008,68,30.88
608570,Cesar Hernandez,1,2012,154,30.88
815002,Freiderman Aguilera,1,2024,111,30.87
686310,Anyelo Reyes,2,2021-2022,63,30.87
693788,Rony Reyes,1,2021,68,30.86
669867,Julio Rene,2,2017-2018,381,30.86
821031,Robert Santos,1,2024,110,30.86
602084,Enderson Mercedes,2,2011-2012,295,30.85
543662,Aaron Pribanic,1,2011,23,30.81
660858,Melvin Marcelino,1,2015,55,30.8
543520,Scott McGregor,1,2010,12,30.8
542161,Hamsen Batista,2,2008-2009,84,30.79
669905,Michael Hernandez,2,2017-2018,319,30.79
6632,Carlos Carrasco,3,2007-2009,52,30.78
542958,Michael Bowman,2,2010-2011,69,30.78
675629,Chase Illig,1,2021,29,30.77
5114,Jeurys Familia,1,2012,19,30.73
471903,Joel Caro,1,2007,84,30.73
800293,Helder Rosario,4,2022-2025,264,30.72
502487,Jedidiah Stephen,2,2007-2008,72,30.68
593758,Juan Tapia,3,2010-2012,228,30.66
672757,Miguel Lopez,1,2017,56,30.65
14706,Anthony Banda,2,2016-2017,59,30.65
9557,P.J. Walters,2,2008-2009,60,30.62
595190,Justin Echevarria,1,2010,17,30.6
518895,Matt Klinker,1,2009,13,30.6
19278,Vladimir Gutierrez,1,2018,31,30.57
521669,Bret Story,1,2007,62,30.55
644362,Yoan Andujar,2,2013-2014,45,30.54
525715,Phil Laurent,1,2007,37,30.53
606238,Roberto Contreras,2,2011-2012,196,30.52
669258,Gunner Pollman,2,2016-2017,236,30.52
814429,Andrew Patrick,2,2024-2025,161,30.52
593165,Dionisio Ramirez,3,2010-2012,95,30.49
805818,Christopher Consoro,1,2022,25,30.48
687073,Yan Contreras,2,2023-2024,213,30.47
592608,Andrew Oldfield,1,2010,96,30.47
16110,Daniel Ponce de Leon,1,2016,15,30.47
502836,Nick Additon,3,2010-2012,70,30.46
657702,Chase Nyman,1,2014,139,30.4
702293,Justin Trimble,2,2024-2025,232,30.39
815765,Angel Marte,1,2024,102,30.38
500728,Marcos Chavez,1,2007,37,30.37
681998,Ray Soderman,1,2018,94,30.37
641770,A.J. Kubala,2,2013-2014,121,30.35
642465,Jenso De la Rosa,1,2013,74,30.33
663442,Hector Santiago,4,2015-2018,211,30.32
446139,Mike Pierce,2,2007-2008,462,30.32
606263,Raydel Sanchez,1,2014,15,30.31
644437,Jose Vital,3,2013-2015,211,30.31
655318,Moises Colasante,2,2014-2016,181,30.29
623297,Charles Galiano,2,2015-2016,119,30.28
518268,Marcos Hernadez,1,2007,25,30.28
607873,Franyer Ramirez,1,2011,44,30.27
15068,Yency Almonte,1,2017,18,30.27
829752,Cristian Bonifacio,1,2025,112,30.26
666639,Edwin Ochoa,1,2016,64,30.24
623241,Mac Seibert,2,2017-2018,75,30.22
594905,Matt Loosen,1,2013,11,30.22
597292,Kevin Gonzalez,1,2010,96,30.22
519049,Robert Morey,1,2013,29,30.2
821822,Johmphy De La Cruz,1,2024,163,30.18
664336,Fredy Medina,2,2015-2016,73,30.17
520529,Chris Anderson,4,2007-2010,269,30.15
518691,Parker Frazier,1,2012,22,30.14
608161,Kenny Miramontes,1,2011,11,30.14
807980,William Santana,1,2023,94,30.13
678422,Sergio Montes,1,2018,87,30.1
823652,Klendy Leen,2,2024-2025,161,30.1
679947,Nelson Roberto,3,2018-2022,238,30.05
9325,Jared Hughes,1,2010,33,30.04
519052,Matt Morris,1,2008,36,30.03
450661,Scott Houin,2,2007-2008,295,30.03
521029,Michael Mayer,1,2007,38,30.03
460129,Matt Avery,1,2008,10,30.0
16265,Sam Howard,2,2016-2017,37,30.0
3357,Cesár Ramos,2,2007-2008,59,29.98
18361,Thomas Eshelman,2,2017-2018,34,29.97
623991,Aldi Guzman,2,2012-2013,103,29.94
12182,Cody Martin,2,2013-2014,27,29.94
542327,Miguel Tiburcio,2,2008-2009,315,29.92
657056,Mitch Trees,4,2014-2017,518,29.92
10197,Shelby Miller,2,2011-2012,46,29.91
623280,Chris Cowell,1,2012,78,29.89
815024,Cristobal Bena,1,2024,108,29.84
542407,Jose Ramon Sugilio,1,2008,118,29.84
474777,Yudelmis Hernandez,2,2009-2011,224,29.84
464910,Brett Willemburg,1,2009,34,29.82
644761,Sean Smedley,2,2014-2015,75,29.82
699023,Robelyn Lopez,1,2021,89,29.81
10310,Zack Wheeler,2,2012-2013,30,29.79
689108,Tommy Takayoshi,1,2025,143,29.79
641976,Mitch Piatnik,4,2015-2018,903,29.75
456400,Anderson Rosario,2,2007-2008,443,29.74
613594,Alex San Juan,1,2014,94,29.73
13804,Walker Lockett,2,2017-2018,49,29.69
643307,Andrew Florides,4,2013-2016,170,29.69
8782,Andrew Cashner,2,2009-2010,30,29.67
542626,Ansony Lapaix,1,2008,57,29.67
622531,Kevin Segovia,1,2012,54,29.59
702476,Noah Williamson,3,2021-2023,363,29.58
593352,Fraiquelin Garcia,1,2010,54,29.56
453402,Daryl Maday,2,2009-2010,29,29.55
574709,Taiwan Perry,1,2009,45,29.55
680582,Jhonny David,2,2018-2021,78,29.54
677835,Evan McDonald,1,2017,21,29.54
691445,Abelaldo Lopez,3,2021-2023,393,29.53
622721,Rolman Ramirez,1,2012,109,29.51
830044,Dave Neely,1,2025,116,29.48
682780,Javier Vina,1,2021,59,29.46
573223,Greg Waddell,1,2009,87,29.44
542339,Jose Trinidad,2,2008-2009,137,29.41
821192,Zeus Nunez,2,2024-2025,186,29.4
501532,Humberto Hodge,1,2007,37,29.4
595359,Matt Perry,1,2012,53,29.39
492816,Jose Domingo,1,2007,12,29.38
621169,Tyler Eppler,2,2016-2017,50,29.37
17861,Franklyn Kilome,1,2018,28,29.35
500879,Manuel Diaz,1,2007,85,29.34
489210,Trevor Pippin,2,2007-2008,191,29.33
570730,Yigui Santana,2,2009-2010,119,29.32
621507,Zack Bowers,3,2015-2017,201,29.3
502794,Bryan Crosby,1,2007,67,29.29
591683,Carlos Posso,1,2010,41,29.28
623234,Richard Palase,1,2012,48,29.28
445239,Adam Bostick,1,2007,28,29.27
543680,Melvin Ray,3,2008-2010,211,29.27
678029,Yandri Lara,2,2017-2018,162,29.26
607630,Kyle Mahoney,1,2011,72,29.18
642704,Dariel Aquino,1,2013,67,29.18
821630,Jahir Marin,1,2024,18,29.17
691280,Franyel Baez,3,2021-2023,254,29.17
800349,Jose Pena,1,2022,121,29.12
672855,Kelvin Pacheco,1,2017,19,29.12
489718,Jimmy Goethals,1,2007,67,29.1
11334,Tyler Lyons,1,2012,15,29.09
593670,Rainy Lara,2,2014-2015,24,29.08
458534,Derek Hankins,1,2008,18,29.08
669880,Joel Perez,1,2016,51,29.07
831530,Hector Francis,1,2025,67,29.07
812662,Chris Lopez,3,2023-2025,135,29.06
650836,Enmanuel Arias,2,2014-2015,361,29.05
656984,Adam Sonabend,1,2016,66,29.04
687039,Nate LaRue,2,2023-2024,64,29.03
8476,Jenrry Mejia,1,2009,10,29.02
641631,Logan Gray,2,2016-2017,306,29.01
15734,Brad Keller,1,2017,25,28.99
660803,Jhoan Calderon,3,2015-2017,378,28.97
593503,Bruno Tovar,1,2010,54,28.96
6230,Kyle Kendrick,2,2007-2009,33,28.95
503037,Matthew Reed,1,2007,64,28.95
609282,Domingo Sanchez,1,2012,115,28.93
593355,Juan Astacio,2,2010-2011,127,28.93
9211,Edwar Cabrera,1,2012,13,28.93
814801,Sammy Sass,1,2025,12,28.9
814221,Pablo Abad,2,2023-2024,122,28.89
5009,Kyle McPherson,1,2012,12,28.88
642069,JaVon Shelby,2,2017-2018,522,28.86
661151,Luis Munoz,1,2015,63,28.86
12118,Kendry Flores,2,2015-2016,30,28.85
642284,Brandon Santana,2,2013-2014,92,28.85
820783,Eddy Perez,1,2024,119,28.79
572780,Chris Costantino,1,2014,17,28.77
471839,Alexander Smit,1,2009,17,28.77
516658,Marcos Martinez,2,2007-2008,239,28.76
658251,Zach Marberry,1,2014,27,28.76
6895,Chase Anderson,1,2012,31,28.75
664364,Julio Gonzalez,1,2015,89,28.75
592806,Andrew Thurman,1,2016,17,28.74
542515,Julio Arias,2,2008-2009,191,28.72
815839,Quentin Young,1,2025,22,28.72
677331,Cole Elvis,2,2023-2024,108,28.71
542405,Victor Rondon,1,2008,86,28.71
660851,Quinton Rolle,1,2015,47,28.7
542204,Ernesto Marte,2,2008-2010,163,28.69
672641,Jhon Sandoval,2,2017-2018,276,28.69
19291,Zac Gallen,1,2018,27,28.68
606144,Moises Lendor,3,2011-2013,237,28.67
13050,Anthony DeSclafani,2,2013-2014,35,28.67
1973,Justin Berg,2,2007-2008,62,28.66
621017,Kevin Bradley,2,2016-2017,62,28.65
626926,Karl Hoschke,1,2014,31,28.64
595193,Devon Ethier,2,2011-2012,138,28.64
642432,Yoel Noel,2,2013-2014,159,28.63
679968,Jerrick Francees,1,2018,96,28.62
473836,Shawn Hayes,1,2008,70,28.61
14371,Jake Thompson,3,2015-2017,37,28.6
18300,Andrew Suárez,2,2016-2017,53,28.6
656010,Jose Cano,4,2014-2018,239,28.59
572159,Brian Stamps,1,2011,115,28.58
6399,José Cisnero,1,2012,12,28.58
678875,Josue Cruz,3,2018-2022,438,28.58
16977,Trevor Williams,2,2015-2016,37,28.58
592751,Tyler Skulina,1,2016,16,28.52
517392,Diogenes Rosario,1,2008,13,28.51
505369,Cesar Reyes,1,2007,18,28.5
622506,Marcos Molina,1,2017,10,28.49
11133,John Gast,2,2012-2013,42,28.49
19453,Shaun Anderson,1,2018,33,28.46
602079,Luis Martin,2,2011-2012,379,28.41
489568,Ned Yost IV,1,2007,170,28.41
606150,Adolfo Almanza,1,2011,33,28.39
14375,Amir Garrett,1,2016,28,28.38
807815,Edwarli Brioso,2,2023-2024,149,28.36
808093,Isaac Ramirez,2,2023-2024,98,28.33
543713,Julio Rodriguez,1,2012,12,28.32
10745,Trevor Rosenthal,1,2012,16,28.29
9832,Carlos Fisher,1,2007,29,28.29
684219,Densi Meli,1,2021,66,28.27
680591,Andres Rosario,1,2018,217,28.27
666594,Erik Garcia,1,2016,95,28.22
574869,Ping-Hung Chi,1,2010,76,28.21
680941,Zachary Jones,1,2018,40,28.2
691567,Yohensy Segura,1,2021,12,28.18
622215,Hobbs Johnson,1,2015,31,28.17
447763,Jesus Adrian Castillo,1,2008,27,28.13
10233,Aroldis Chapman,1,2010,11,28.1
455000,Justin Jones,1,2009,15,28.1
592713,Javi Salas,1,2016,16,28.09
595444,Michael Turner,1,2010,58,28.09
681562,Francisco Ruiz,1,2018,69,28.08
571971,Luis Munoz,1,2009,34,28.07
666769,Omar Martinez,3,2016-2018,350,28.07
518476,Lindon Bond,1,2007,82,28.06
19264,Thomas Hatch,1,2018,25,28.05
660823,Steve Branche,4,2015-2018,307,28.04
525308,Steven Turner,1,2007,38,28.03
542183,Nicolas Acevedo,1,2008,120,28.01
543600,Mikey O'Brien,1,2014,13,27.99
673350,Sergio Leon,1,2017,27,27.97
543598,Jeff Nutt,1,2008,13,27.94
691345,Dax Stubbs,2,2021-2022,74,27.86
596726,Daan Cornelissen,2,2010-2011,112,27.84
21662,Elvis Alvarado,1,2017,173,27.82
676052,Reid Russell,1,2017,63,27.78
676850,Myles McKisic,2,2017-2018,161,27.78
571588,Tim Crabbe,1,2012,17,27.78
502328,Rafeal Parks,1,2007,69,27.78
449828,Rubi Koko,1,2007,113,27.76
671085,Seth Caddell,1,2022,45,27.76
917,Alan Johnson,1,2008,24,27.75
608600,Francis Lopez,1,2012,76,27.74
607520,Gant Elmore,1,2011,93,27.74
448641,Matthew Mansilla,1,2010,93,27.72
621377,Tyler Pike,1,2017,15,27.66
16942,Luis Ortiz,2,2017-2018,32,27.65
456887,James Mayer,1,2008,27,27.64
514933,Eliecer Ugueto,2,2007-2008,196,27.62
501664,Elvin Jimenez,1,2007,54,27.59
521728,Astin Jacobo,3,2007-2009,214,27.59
678778,Yohan Polanco,1,2018,48,27.56
18674,Jake Woodford,1,2018,15,27.53
453008,William Penniall,1,2007,17,27.53
694751,Hunter Ensley,1,2025,48,27.53
5551,Matt Harrison,1,2007,16,27.52
519370,Christopher Turner,2,2007-2008,148,27.49
9013,César Valdez,2,2008-2009,31,27.45
457116,Josh Davies,1,2007,125,27.42
823819,Angel Paredes,1,2024,78,27.41
660716,Jeffrei Melo,2,2015-2016,385,27.41
9904,Pedro Villarreal,2,2011-2012,45,27.38
680656,Pedro Sanchez,1,2018,121,27.38
15451,Mike Mayers,1,2016,21,27.37
572882,Austin Goolsby,1,2010,30,27.29
598723,Steve Lebron,1,2010,60,27.22
489118,Kuyaunnis Miles,3,2007-2009,340,27.19
17264,Sam Coonrod,2,2016-2017,32,27.18
8110,Bryan Shaw,1,2010,18,27.18
3802,Luis Atilano,1,2009,13,27.16
502258,Shane Lowe,2,2007-2008,280,27.13
460081,Brandon Durden,1,2009,11,27.12
669916,Nate Nolan,3,2016-2018,546,27.08
678769,Jeans Garcia,1,2018,61,27.0
808031,Brauli Diaz,2,2023-2024,162,26.97
669152,Jayson Gonzalez,2,2021-2022,206,26.96
650647,Lucas Tirado,3,2014-2016,270,26.96
543666,Jacob Priday,1,2008,89,26.93
503461,Will Vogl,1,2008,33,26.9
519446,Tyrell Worthington,2,2007-2008,187,26.88
573070,Joseph O'Gara,1,2011,33,26.81
11209,Casey Sadler,3,2013-2015,51,26.79
1247,Adam Ottavino,3,2008-2010,59,26.75
446550,Nick Green,1,2009,14,26.72
622803,Aderlin Santa,2,2015-2016,257,26.71
455361,Amaury Rivas,1,2010,31,26.66
13188,Adalberto Mejía,2,2014-2016,28,26.66
573635,Ryan Doran,1,2009,39,26.66
492846,Francisco Placencio,1,2007,15,26.65
816384,Sam Robertson,1,2025,68,26.63
670948,Ezequiel Pena,3,2016-2018,269,26.63
677554,Aaron Stroosma,1,2018,20,26.59
596136,Deion Williams,1,2011,111,26.58
656762,Andrew Morales,1,2015,19,26.57
457781,Kyle Cofield,1,2009,33,26.57
660711,Anderson Caro,1,2015,33,26.56
509,Tyson Brummett,2,2008-2009,26,26.56
3876,Bobby Livingston,1,2007,16,26.52
596334,Zane Williams,1,2010,38,26.51
7169,Ryan Mattheus,1,2007,19,26.45
677010,Robby Kidwell,2,2017-2018,144,26.45
670651,Anthony Shew,1,2018,16,26.43
663529,AJ Lee,1,2021,134,26.43
9756,David Hale,1,2012,32,26.42
446368,Paul Witt,1,2007,26,26.42
800334,Rodrigo Romero,1,2022,62,26.4
640493,Dilinyer Flores,2,2013-2014,95,26.37
622665,Fernan Zuniga,1,2012,19,26.33
573788,Jefferson Gimenez,1,2009,14,26.23
464939,Carlos Sencion,1,2008,19,26.23
663541,Tanner Dodson,1,2021,30,26.21
622451,Armando Echenique,1,2012,65,26.19
7371,Deunte Heath,2,2008-2009,33,26.18
445057,Charles Lisk,1,2007,39,26.16
655675,Stevens Garcia,2,2014-2015,235,26.16
665800,Bryan Biegel,1,2016,54,26.13
665177,Matthew Schmidt,1,2021,184,26.12
700229,Steven Adderley,2,2021-2022,60,26.11
683626,Eudys Carrasco,1,2021,84,26.1
649439,Endy Guaba,1,2014,13,26.05
800267,Jose Arias,2,2022-2023,233,26.05
688507,Frank Nigro,2,2021-2022,67,26.04
19277,Jesús Reyes,1,2017,11,26.03
6936,Henry Sosa,1,2010,21,26.03
660590,Angel Garzon,2,2015-2016,128,26.01
681303,Caleb Marquez,1,2018,69,25.97
572933,Dallas Hord,1,2011,35,25.97
14374,Tyler Glasnow,2,2016-2017,31,25.94
501461,Luiyi Batista,1,2007,10,25.92
5099,Rick Van Den Hurk,3,2007-2009,45,25.92
667692,Adalberto Carrillo,1,2017,26,25.9
453212,Cory VanAllen,1,2009,12,25.87
570613,Lorgi Pineda,2,2009-2010,169,25.84
519360,Devon Torrence,2,2007-2008,251,25.84
623285,Jack Graham,1,2012,39,25.82
460663,Omar Falcon,1,2007,198,25.82
607464,Jarod Berggren,1,2011,45,25.8
622681,Jesus Heredia,1,2012,30,25.79
466307,Eddy Hernandez,2,2007-2008,270,25.78
6781,Shairon Martis,3,2008-2011,63,25.74
593514,Erick Maldonado,2,2010-2011,92,25.74
5019104,Kyle Lovelace,2,2021-2022,138,25.72
606262,Jesus Fernandez,3,2011-2013,151,25.68
453597,Bradley Key,1,2007,36,25.63
691857,Jasmed Diaz,1,2022,56,25.56
683395,Angel Gomez,1,2021,115,25.54
692642,Pedro Figuereo,2,2021-2022,175,25.5
832786,Abraham Elvira,1,2025,77,25.49
545989,Ryan Searle,1,2011,15,25.49
521668,John White,1,2007,71,25.49
671067,Ronaldo Gonzalez,1,2017,71,25.48
671225,Moises Rivas,1,2017,109,25.48
5350,Alex Sanabia,2,2010-2012,44,25.45
593452,Juan Marte,1,2010,59,25.45
8302,JC Ramírez,1,2011,11,25.41
534648,Dae-eun Rhee,2,2012-2013,44,25.4
470379,Paul Mildren,1,2007,27,25.38
621152,Hayden Hurst,1,2014,60,25.36
820873,Frailin Yan,1,2024,142,25.35
671226,Jorge Sencion,2,2017-2018,250,25.34
621589,Carlos Vaamonde,1,2012,143,25.33
622189,Korey Dunbar,2,2015-2016,106,25.29
8963,Blake Hawksworth,1,2007,27,25.28
15463,José De León,1,2016,23,25.24
10547,Jimmy Nelson,1,2013,33,25.23
571621,Zack Dodson,2,2014-2015,46,25.22
515050,Alejandro Garcia,2,2007-2008,111,25.15
642007,Arturo Reyes,2,2015-2016,33,25.14
605193,Carlos Coste,5,2011-2015,227,25.14
800265,Manuel Santana,2,2022-2023,98,25.13
650648,Joel Valera,1,2014,96,25.11
1062,Ryan Tucker,1,2008,26,25.03
542494,Javier Indriago,1,2008,29,25.02
5498,Arodys Vizcaíno,1,2011,12,25.02
501867,Ryan Cisterna,1,2010,12,25.01
456176,Richard Hidalgo,1,2007,96,25.0
595183,Auburn Donaldson,1,2010,44,25.0
504789,John Brummett,1,2007,55,24.95
813697,Sam Biller,1,2025,21,24.95
5226,Rudy Owens,3,2010-2012,60,24.89
14295,Wandy Peralta,1,2015,25,24.89
665794,Pedro Nolasco,1,2016,98,24.88
19199,Conner Menez,1,2018,14,24.83
450678,Hunter Harrigan,1,2007,195,24.81
666860,Eduardo Guzman,1,2016,35,24.75
829811,Fernando Lara,1,2025,95,24.7
800136,Albert Casado,1,2022,52,24.69
821055,Anthony Sosa,1,2024,90,24.69
682173,Rainie Aguilar,1,2018,29,24.68
593790,Jhonatan Diaz,1,2010,26,24.64
800352,Deylin Gomez,1,2022,94,24.63
670198,Jomar Cortes,1,2016,11,24.63
10240,Ariel Peña,1,2013,31,24.63
682690,Jesus Liranzo,1,2021,25,24.6
702892,Juan Rosa,2,2021-2022,189,24.49
451538,Miguel Pinango,1,2007,36,24.46
4048,Fabio Castro,1,2008,12,24.39
6317,Esmil Rogers,2,2009-2010,37,24.36
643480,Nick Parent,2,2013-2015,154,24.32
524668,Chih-Hsiang Wen,1,2007,63,24.28
1984,Cory Luebke,1,2009,10,24.27
595926,Jason Creasy,1,2015,22,24.25
673370,Aiverson Palacios,2,2017-2018,250,24.22
4505,Jordan Zimmermann,1,2008,19,24.21
593456,Andrew Aguilar,1,2010,41,24.2
691291,Jiter Heredia,2,2021-2022,165,24.18
19191,Robert Dugger,1,2018,25,24.13
623284,Charlie Neil,1,2014,96,24.12
827451,Axel Mancebo,1,2024,74,24.09
16318,Ricardo Pinto,1,2016,22,24.04
701777,Wilson Weber,1,2025,72,23.94
643422,Sam Macias,2,2013-2014,103,23.84
678284,Carlos Martinez,1,2018,138,23.82
18684,Sandy Alcantara,2,2017-2018,33,23.81
3832,Matt Buschmann,1,2008,16,23.79
650497,Yosmar Mujica,1,2014,25,23.78
666645,Franklin Mateo,2,2016-2017,187,23.77
12791,Michael Kelly,1,2016,12,23.73
488983,Joe Hunter,1,2007,24,23.73
19574,JoJo Romero,1,2018,11,23.64
623908,Angel Vargas,1,2012,54,23.59
453529,Ethien Santana,1,2007,42,23.58
20167,Kyle Muller,1,2021,20,23.54
573247,Tyler Williams,5,2011-2015,1184,23.53
8948,Aneury Rodriguez,1,2012,21,23.48
672557,Bryan Dimas,2,2017-2018,379,23.47
669014,Gabe Howell,1,2016,24,23.46
683297,Landy Pena,1,2021,40,23.45
458581,Wally Backman II,1,2007,143,23.43
680013,Jorge Solano,1,2018,54,23.31
821617,Walfrent Guzman,2,2024-2025,82,23.3
684264,Isaac Curbata,1,2021,25,23.29
699271,Javier Moreno,1,2021,52,23.29
646239,Stefen Henderson,2,2013-2014,48,23.24
808389,Sergio Mejias,1,2023,19,23.23
807642,Angel De La Cruz,1,2023,38,23.22
686801,Tre Fletcher,3,2021-2023,184,23.17
17181,Yoan López,2,2015-2016,25,23.16
800515,Jonathan Bautista,2,2022-2023,134,23.11
805042,Andy Colon,2,2022-2023,237,23.11
670186,Luke Bandy,1,2021,111,23.01
642430,Santos Infante,2,2013-2014,316,22.94
622525,Luis Tovar,1,2012,32,22.93
17594,Mitch Keller,1,2018,19,22.93
9412,Hiram Burgos,1,2012,19,22.92
808073,Kay Robles,2,2023-2024,229,22.87
571762,Kyle Heckathorn,1,2012,17,22.87
7982,Anthony Bass,1,2011,10,22.82
665521,Angel Hernandez,1,2015,30,22.81
667542,Enrique Felix,3,2016-2018,298,22.79
641522,Cody Dickson,1,2016,27,22.77
827425,Leonardo Carpio,1,2025,134,22.68
12027,Brian Flynn,2,2013-2014,49,22.68
8844,Antonio Bastardo,1,2008,13,22.66
692558,Albert Calderon,1,2021,35,22.59
521068,Luis Aguayo,1,2007,89,22.58
592594,Trey Nielsen,1,2016,16,22.44
9154,Ryan Verdugo,1,2011,10,22.43
10620,Donn Roach,2,2013-2014,27,22.42
3216,Marcos Carvajal,1,2007,19,22.36
607435,Dustin Hayes,1,2012,28,22.28
650634,Alex Peguero,2,2014-2015,186,22.23
19309,Trevor Richards,1,2017,18,22.22
9337,Michael Crotta,1,2009,20,22.21
670114,Jarrett Gonzales,1,2022,20,22.2
686617,Christian Fagnant,1,2025,12,22.19
517352,Julio De La Cruz,1,2007,12,22.18
672864,Jonathan Capellan,1,2017,95,22.13
650746,Ruber Aquino,1,2015,34,22.13
643384,Nick Jones,1,2015,22,22.1
595472,Cody Young,1,2010,51,22.1
623506,Trey Pascazi,3,2012-2014,161,22.09
18403,Enyel De Los Santos,1,2018,13,22.07
19671,Sterling Sharp,1,2018,11,22.03
829488,Jahni McPhee,1,2025,112,22.02
663682,Mike Salvatore,1,2021,12,21.99
641814,Michael Mader,1,2018,11,21.96
523650,Jose Rosario,1,2010,18,21.95
6883,Collin Balester,2,2007-2009,44,21.94
544987,Juan Lopez,2,2008-2009,36,21.94
692370,Bryan Encarnacion,2,2021-2023,142,21.89
5057,Yohan Flande,2,2009-2010,34,21.86
543709,Daniel Rodriguez,1,2009,64,21.78
663393,Justin Donatella,1,2018,19,21.77
8742,Zack Segovia,1,2007,10,21.57
823275,Noel Severo,1,2024,63,21.47
465615,Ching-Lung Lo,2,2007-2008,36,21.41
622747,Eduardo Vera,1,2018,13,21.41
813943,Balian Caraballo,1,2025,64,21.38
11694,Nick Kingham,1,2014,10,21.32
554043,Jose Dubeau,1,2009,62,21.3
543025,Michael Cisco,1,2010,22,21.29
451719,Josue Linares,1,2007,27,21.24
640453,Connor Jones,1,2018,16,21.17
815020,Winifer Castillo,2,2024-2025,127,21.14
10021,Mike Minor,1,2010,17,21.06
3355,Jon Meloan,1,2008,27,21.05
670962,David Parrett,1,2016,27,21.0
2858,Daniel Moskos,1,2009,15,20.97
691350,Leonel Sanchez,1,2021,47,20.92
23552,Chandler Seagle,2,2017-2018,55,20.91
682827,Fraudy Rodriguez,1,2022,31,20.88
693175,Gensi Vasquez,1,2021,34,20.85
17578,JT Brubaker,2,2017-2018,27,20.82
2929,Jeff Locke,2,2011-2012,46,20.75
666648,Henry Rodriguez,2,2016-2017,107,20.75
21183,Humberto Castellanos,1,2021,13,20.73
542572,Rafael Sanchez,1,2008,50,20.52
16468,Trevor Oaks,2,2016-2017,38,20.43
457753,William Stramp,1,2009,55,20.2
502665,Daryl King,1,2007,53,20.17
446337,Eric Niesen,1,2009,14,20.15
7396,Dillon Gee,1,2010,28,20.13
6415,Stolmy Pimentel,1,2013,30,20.02
8253,Billy Buckner,1,2008,30,19.99
805025,Rylan Galvan,1,2025,30,19.98
571819,Jacob Johnson,1,2015,14,19.97
3920,Frankie De La Cruz,1,2008,36,19.67
677875,Chaz Meadows,1,2017,73,19.64
13649,Clay Holmes,2,2016-2017,48,19.56
681973,Josh Hendrickson,1,2021,10,19.49
526908,Jan Baldee,2,2008-2009,90,19.49
678765,Kelvin Garcia,2,2018-2021,102,19.37
18790,Dillon Peters,1,2017,10,19.21
656661,José López,2,2017-2018,36,19.2
3773,Brian Broderick,2,2010-2011,36,19.18
660299,Edwin Reyes,2,2015-2016,110,19.16
800375,Oliver Yan,1,2022,31,19.07
593431,Raoell Kortstam,1,2010,59,18.99
457853,Steve Doetsch,1,2008,28,18.99
18325,Taylor Hearn,1,2018,22,18.92
834889,Angelmis De La Cruz,1,2025,64,18.91
2520,Lance Lynn,3,2009-2011,74,18.89
542691,Jean Eusebio,1,2008,30,18.86
806659,Juan Rosa,1,2022,10,18.83
8261,Sean Gallagher,1,2007,14,18.81
674650,Charlie Meyer,1,2017,20,18.76
14993,Scott Barlow,2,2016-2017,34,18.67
502674,Ryan Bradley,1,2013,11,18.61
665124,Edwin Drexler,1,2015,19,18.61
501446,Jose Pena,1,2007,67,18.45
595198,Patrick Farrell,2,2010-2011,64,18.44
808309,Derek Rodriguez,1,2024,13,18.44
621492,Charles Vazquez,2,2016-2017,57,18.42
7851,Chris Schwinden,1,2011,15,18.41
606335,Ivan Pineyro,2,2014-2015,24,18.31
19225,Mitch White,1,2018,16,18.19
517055,Angel Andrade,2,2007-2008,35,18.14
830414,Eliezer Adames,1,2025,55,18.13
657694,Ricky Negron,1,2017,28,18.12
656210,Brandon Barker,1,2016,11,18.08
506697,Pascual Arias,1,2007,22,18.03
592772,Matthew Spann,1,2015,16,17.97
15232,Cody Reed,3,2015-2017,37,17.95
594211,Yamaicol Tejeda,1,2010,54,17.94
606226,Angel Ventura,2,2016-2017,44,17.73
7410,J.A. Happ,1,2007,11,17.65
641409,Zack Brown,1,2018,28,17.42
811727,Caleb Berry,1,2025,26,17.32
4893,Hayden Penn,1,2009,14,17.27
571707,Robert Gilliam,1,2012,11,17.24
17085,Pablo López,1,2018,11,17.21
678857,Braian Quezada,1,2018,14,17.18
14916,Jon Gray,1,2015,20,17.13
607170,Brady Dragmire,1,2017,10,17.08
524328,Tyler Evans,1,2007,48,16.92
644434,Takuya Tsuchida,1,2013,39,16.85
665633,Alfred Pujols,2,2016-2017,34,16.85
664696,Joenny Vazquez,2,2015-2016,95,16.75
502351,Luis Lopez,1,2007,21,16.74
21481,Sean Hjelle,1,2021,12,16.65
800335,Adriam Santos,2,2022-2023,69,16.62
450175,Ivan Terrazas,1,2007,16,16.58
622457,Paolo Pezzarossi,2,2012-2013,82,16.41
448266,James Adkins,1,2009,41,16.4
14332,Joel Payamps,2,2017-2018,27,16.12
692561,Carlos Diaz,1,2021,28,16.11
577748,Jose Norberto,2,2009-2010,34,16.07
5876,Gonzalez Germen,1,2012,17,16.05
655677,Nathan Sopena,1,2014,34,16.02
597153,Joel Fledi,2,2010-2011,58,15.77
11487,Joely Rodríguez,1,2014,21,15.75
22294,Matthew Liberatore,1,2021,31,15.68
11674,Jameson Taillon,1,2013,20,15.34
678728,Freddy Puerta,1,2018,31,15.2
5285,Samuel Deduno,1,2007,18,15.18
667371,Steve Pollakov,1,2016,41,15.02
501378,Fray Martinez,1,2007,53,14.97
678415,Andelson Arias,1,2018,25,14.86
577568,Omar Llapur,1,2009,20,14.78
666701,Alam Martinez,1,2016,94,14.44
675531,Orveo Saint,1,2018,109,14.32
1946,Elizardo Ramirez,1,2007,10,14.21
593341,Carlos Diaz,1,2010,26,13.75
455349,Alfredo Bompart,1,2007,14,13.58
606483,Manuel Vallejo,1,2011,37,13.52
448657,Jarrett Reininger,1,2007,28,13.36
9037,J.J. Hoover,1,2011,14,13.21
7942,Christian Friedrich,2,2010-2011,32,13.15
16300,Jesus Tinoco,1,2018,24,12.96
831808,Frederick Saguita,1,2025,56,12.88
623232,Eric Charles,1,2013,15,12.68
658421,Jesus Guerra,1,2014,43,12.67
674456,Osman Guanipa,1,2017,24,12.59
683246,Axcel Peralta,1,2021,17,12.29
808536,Jose Made,1,2024,76,12.24
493629,Matt Olson,1,2008,16,11.97
451711,Jesus Rodriguez,1,2008,13,11.54
12699,Ryan Carpenter,1,2015,27,11.46
660804,Francisco Garay,1,2015,220,11.25
642494,Raiby Barias,1,2013,30,11.08
22036,Angel Rondón,1,2021,16,10.99
3547,Carlos Frías,1,2014,25,10.79
808670,Edgardo Lopez,1,2023,24,10.78
489315,Tim Sherlock,1,2010,39,10.71
13607,Carl Edwards Jr.,1,2014,10,10.53
13218,Michael Fulmer,1,2015,13,10.41
449154,Justin Orenduff,1,2007,24,10.34
489179,Brendon O'Donnell,1,2008,16,10.11
665600,Jasseel De La Cruz,1,2021,10,10.07
814262,Jose Sanchez,1,2023,22,9.72
679199,Courtney Smith,1,2018,34,9.72
664820,Dylan Kelly,1,2015,16,9.62
820881,Yael Zapata,1,2024,36,9.33
650386,Fabian Nieva,2,2014-2015,57,9.21
5365,Manny Banuelos,1,2015,13,8.66
475747,Bradley Holt,1,2009,13,8.62
683628,Carlos Vergara,1,2021,19,8.53
519292,Kenny Smith,1,2007,15,8.53
644377,David Compton,1,2013,11,7.36
571776,Kurt Heyer,1,2014,14,7.13
9489,Phil Irwin,1,2011,16,7.02
593470,Maldueno Gonzalez,2,2010-2011,29,6.8
6398,Trevor May,1,2012,22,6.48
830458,Eddison Charles,1,2025,66,6.47
623349,Chipper Smith,1,2014,17,6.02
830426,Devlyn Bautista,1,2025,74,5.43
802624,Yoanis  Aleksandrov,2,2022-2023,83,5.37
543439,Lonnie Lechelt,1,2008,25,4.6
12778,Sam Gaviglio,1,2014,18,4.38
683854,Moises Barajas,1,2021,10,4.05
606484,Yeison Del Rosario,1,2011,42,3.62
525448,Jose M. Ramirez,1,2008,11,3.51
501466,Daniel Cruz,1,2007,32,1.16
592196,Michael Carballo,1,2013,57,0.26
657711,Jordan Parris,1,2015,13,0.0
623379,Shaq Thompson,1,2012,47,0.0
611469,Josiah Atkins,1,2013,11,0.0
